ID_INDICADOR;CODG_UND_MED;VLR_VAR;CODG_UND_FED;DESC_UND_FED;CODG_VAR;CODG_ANO;CODG_SET_ATIV;DESC_SET_ATIV;SUB_INDICADOR
Indicador  6.4.1;1618;80.93;1;Brasil;10564;2010;100374;Total;10564
Indicador  6.4.1;1618;125.91;1;Brasil;10564;2010;46522;Indústria;10564
Indicador  6.4.1;1618;244.55;1;Brasil;10564;2010;13;Serviços;10564
Indicador  6.4.1;1618;1.57;1;Brasil;10564;2010;45985;Agropecuária;10564
Indicador  6.4.1;1618;83.87;1;Brasil;10564;2011;100374;Total;10564
Indicador  6.4.1;1618;126.32;1;Brasil;10564;2011;46522;Indústria;10564
Indicador  6.4.1;1618;250.57;1;Brasil;10564;2011;13;Serviços;10564
Indicador  6.4.1;1618;1.63;1;Brasil;10564;2011;45985;Agropecuária;10564
Indicador  6.4.1;1618;77.49;1;Brasil;10564;2012;100374;Total;10564
Indicador  6.4.1;1618;121.56;1;Brasil;10564;2012;46522;Indústria;10564
Indicador  6.4.1;1618;255.50;1;Brasil;10564;2012;13;Serviços;10564
Indicador  6.4.1;1618;1.40;1;Brasil;10564;2012;45985;Agropecuária;10564
Indicador  6.4.1;1618;83.53;1;Brasil;10564;2013;100374;Total;10564
Indicador  6.4.1;1618;119.54;1;Brasil;10564;2013;46522;Indústria;10564
Indicador  6.4.1;1618;253.67;1;Brasil;10564;2013;13;Serviços;10564
Indicador  6.4.1;1618;1.61;1;Brasil;10564;2013;45985;Agropecuária;10564
Indicador  6.4.1;1618;81.38;1;Brasil;10564;2014;100374;Total;10564
Indicador  6.4.1;1618;113.34;1;Brasil;10564;2014;46522;Indústria;10564
Indicador  6.4.1;1618;253.62;1;Brasil;10564;2014;13;Serviços;10564
Indicador  6.4.1;1618;1.57;1;Brasil;10564;2014;45985;Agropecuária;10564
Indicador  6.4.1;1618;75.12;1;Brasil;10564;2015;100374;Total;10564
Indicador  6.4.1;1618;109.91;1;Brasil;10564;2015;46522;Indústria;10564
Indicador  6.4.1;1618;243.63;1;Brasil;10564;2015;13;Serviços;10564
Indicador  6.4.1;1618;1.42;1;Brasil;10564;2015;45985;Agropecuária;10564
Indicador  6.4.1;1618;72.73;1;Brasil;10564;2016;100374;Total;10564
Indicador  6.4.1;1618;114.06;1;Brasil;10564;2016;46522;Indústria;10564
Indicador  6.4.1;1618;236.38;1;Brasil;10564;2016;13;Serviços;10564
Indicador  6.4.1;1618;1.39;1;Brasil;10564;2016;45985;Agropecuária;10564
Indicador  6.4.1;1618;75.98;1;Brasil;10564;2017;100374;Total;10564
Indicador  6.4.1;1618;116.95;1;Brasil;10564;2017;46522;Indústria;10564
Indicador  6.4.1;1618;235.99;1;Brasil;10564;2017;13;Serviços;10564
Indicador  6.4.1;1618;1.47;1;Brasil;10564;2017;45985;Agropecuária;10564
Indicador  6.4.1;1618;78.02;1;Brasil;10564;2018;100374;Total;10564
Indicador  6.4.1;1618;115.68;1;Brasil;10564;2018;46522;Indústria;10564
Indicador  6.4.1;1618;256.47;1;Brasil;10564;2018;13;Serviços;10564
Indicador  6.4.1;1618;1.50;1;Brasil;10564;2018;45985;Agropecuária;10564
Indicador  6.4.1;1618;47.36;11;Rondônia;10564;2010;100374;Total;10564
Indicador  6.4.1;1618;304.66;11;Rondônia;10564;2010;46522;Indústria;10564
Indicador  6.4.1;1618;141.15;11;Rondônia;10564;2010;13;Serviços;10564
Indicador  6.4.1;1618;6.42;11;Rondônia;10564;2010;45985;Agropecuária;10564
Indicador  6.4.1;1618;46.92;11;Rondônia;10564;2011;100374;Total;10564
Indicador  6.4.1;1618;321.70;11;Rondônia;10564;2011;46522;Indústria;10564
Indicador  6.4.1;1618;145.14;11;Rondônia;10564;2011;13;Serviços;10564
Indicador  6.4.1;1618;5.79;11;Rondônia;10564;2011;45985;Agropecuária;10564
Indicador  6.4.1;1618;49.18;11;Rondônia;10564;2012;100374;Total;10564
Indicador  6.4.1;1618;315.30;11;Rondônia;10564;2012;46522;Indústria;10564
Indicador  6.4.1;1618;147.47;11;Rondônia;10564;2012;13;Serviços;10564
Indicador  6.4.1;1618;6.02;11;Rondônia;10564;2012;45985;Agropecuária;10564
Indicador  6.4.1;1618;49.52;11;Rondônia;10564;2013;100374;Total;10564
Indicador  6.4.1;1618;301.60;11;Rondônia;10564;2013;46522;Indústria;10564
Indicador  6.4.1;1618;138.75;11;Rondônia;10564;2013;13;Serviços;10564
Indicador  6.4.1;1618;6.76;11;Rondônia;10564;2013;45985;Agropecuária;10564
Indicador  6.4.1;1618;49.20;11;Rondônia;10564;2014;100374;Total;10564
Indicador  6.4.1;1618;275.57;11;Rondônia;10564;2014;46522;Indústria;10564
Indicador  6.4.1;1618;140.72;11;Rondônia;10564;2014;13;Serviços;10564
Indicador  6.4.1;1618;6.71;11;Rondônia;10564;2014;45985;Agropecuária;10564
Indicador  6.4.1;1618;41.89;11;Rondônia;10564;2015;100374;Total;10564
Indicador  6.4.1;1618;250.24;11;Rondônia;10564;2015;46522;Indústria;10564
Indicador  6.4.1;1618;136.41;11;Rondônia;10564;2015;13;Serviços;10564
Indicador  6.4.1;1618;5.57;11;Rondônia;10564;2015;45985;Agropecuária;10564
Indicador  6.4.1;1618;38.35;11;Rondônia;10564;2016;100374;Total;10564
Indicador  6.4.1;1618;246.76;11;Rondônia;10564;2016;46522;Indústria;10564
Indicador  6.4.1;1618;131.14;11;Rondônia;10564;2016;13;Serviços;10564
Indicador  6.4.1;1618;5.26;11;Rondônia;10564;2016;45985;Agropecuária;10564
Indicador  6.4.1;1618;39.93;11;Rondônia;10564;2017;100374;Total;10564
Indicador  6.4.1;1618;228.04;11;Rondônia;10564;2017;46522;Indústria;10564
Indicador  6.4.1;1618;132.01;11;Rondônia;10564;2017;13;Serviços;10564
Indicador  6.4.1;1618;5.92;11;Rondônia;10564;2017;45985;Agropecuária;10564
Indicador  6.4.1;1618;37.50;11;Rondônia;10564;2018;100374;Total;10564
Indicador  6.4.1;1618;240.33;11;Rondônia;10564;2018;46522;Indústria;10564
Indicador  6.4.1;1618;138.60;11;Rondônia;10564;2018;13;Serviços;10564
Indicador  6.4.1;1618;5.42;11;Rondônia;10564;2018;45985;Agropecuária;10564
Indicador  6.4.1;1618;75.52;12;Acre;10564;2010;100374;Total;10564
Indicador  6.4.1;1618;298.49;12;Acre;10564;2010;46522;Indústria;10564
Indicador  6.4.1;1618;106.35;12;Acre;10564;2010;13;Serviços;10564
Indicador  6.4.1;1618;18.53;12;Acre;10564;2010;45985;Agropecuária;10564
Indicador  6.4.1;1618;77.55;12;Acre;10564;2011;100374;Total;10564
Indicador  6.4.1;1618;284.91;12;Acre;10564;2011;46522;Indústria;10564
Indicador  6.4.1;1618;107.83;12;Acre;10564;2011;13;Serviços;10564
Indicador  6.4.1;1618;19.29;12;Acre;10564;2011;45985;Agropecuária;10564
Indicador  6.4.1;1618;80.77;12;Acre;10564;2012;100374;Total;10564
Indicador  6.4.1;1618;314.83;12;Acre;10564;2012;46522;Indústria;10564
Indicador  6.4.1;1618;111.69;12;Acre;10564;2012;13;Serviços;10564
Indicador  6.4.1;1618;20.14;12;Acre;10564;2012;45985;Agropecuária;10564
Indicador  6.4.1;1618;80.99;12;Acre;10564;2013;100374;Total;10564
Indicador  6.4.1;1618;307.54;12;Acre;10564;2013;46522;Indústria;10564
Indicador  6.4.1;1618;111.69;12;Acre;10564;2013;13;Serviços;10564
Indicador  6.4.1;1618;20.72;12;Acre;10564;2013;45985;Agropecuária;10564
Indicador  6.4.1;1618;82.52;12;Acre;10564;2014;100374;Total;10564
Indicador  6.4.1;1618;332.99;12;Acre;10564;2014;46522;Indústria;10564
Indicador  6.4.1;1618;112.19;12;Acre;10564;2014;13;Serviços;10564
Indicador  6.4.1;1618;22.60;12;Acre;10564;2014;45985;Agropecuária;10564
Indicador  6.4.1;1618;77.02;12;Acre;10564;2015;100374;Total;10564
Indicador  6.4.1;1618;291.76;12;Acre;10564;2015;46522;Indústria;10564
Indicador  6.4.1;1618;108.64;12;Acre;10564;2015;13;Serviços;10564
Indicador  6.4.1;1618;20.02;12;Acre;10564;2015;45985;Agropecuária;10564
Indicador  6.4.1;1618;74.05;12;Acre;10564;2016;100374;Total;10564
Indicador  6.4.1;1618;305.98;12;Acre;10564;2016;46522;Indústria;10564
Indicador  6.4.1;1618;104.41;12;Acre;10564;2016;13;Serviços;10564
Indicador  6.4.1;1618;19.62;12;Acre;10564;2016;45985;Agropecuária;10564
Indicador  6.4.1;1618;75.13;12;Acre;10564;2017;100374;Total;10564
Indicador  6.4.1;1618;324.81;12;Acre;10564;2017;46522;Indústria;10564
Indicador  6.4.1;1618;105.02;12;Acre;10564;2017;13;Serviços;10564
Indicador  6.4.1;1618;18.41;12;Acre;10564;2017;45985;Agropecuária;10564
Indicador  6.4.1;1618;72.26;12;Acre;10564;2018;100374;Total;10564
Indicador  6.4.1;1618;350.00;12;Acre;10564;2018;46522;Indústria;10564
Indicador  6.4.1;1618;101.98;12;Acre;10564;2018;13;Serviços;10564
Indicador  6.4.1;1618;15.58;12;Acre;10564;2018;45985;Agropecuária;10564
Indicador  6.4.1;1618;81.14;13;Amazonas;10564;2010;100374;Total;10564
Indicador  6.4.1;1618;51.18;13;Amazonas;10564;2010;46522;Indústria;10564
Indicador  6.4.1;1618;136.36;13;Amazonas;10564;2010;13;Serviços;10564
Indicador  6.4.1;1618;58.21;13;Amazonas;10564;2010;45985;Agropecuária;10564
Indicador  6.4.1;1618;86.23;13;Amazonas;10564;2011;100374;Total;10564
Indicador  6.4.1;1618;55.99;13;Amazonas;10564;2011;46522;Indústria;10564
Indicador  6.4.1;1618;138.69;13;Amazonas;10564;2011;13;Serviços;10564
Indicador  6.4.1;1618;77.13;13;Amazonas;10564;2011;45985;Agropecuária;10564
Indicador  6.4.1;1618;86.80;13;Amazonas;10564;2012;100374;Total;10564
Indicador  6.4.1;1618;55.15;13;Amazonas;10564;2012;46522;Indústria;10564
Indicador  6.4.1;1618;142.20;13;Amazonas;10564;2012;13;Serviços;10564
Indicador  6.4.1;1618;70.59;13;Amazonas;10564;2012;45985;Agropecuária;10564
Indicador  6.4.1;1618;88.33;13;Amazonas;10564;2013;100374;Total;10564
Indicador  6.4.1;1618;57.48;13;Amazonas;10564;2013;46522;Indústria;10564
Indicador  6.4.1;1618;137.81;13;Amazonas;10564;2013;13;Serviços;10564
Indicador  6.4.1;1618;81.15;13;Amazonas;10564;2013;45985;Agropecuária;10564
Indicador  6.4.1;1618;87.36;13;Amazonas;10564;2014;100374;Total;10564
Indicador  6.4.1;1618;54.25;13;Amazonas;10564;2014;46522;Indústria;10564
Indicador  6.4.1;1618;140.33;13;Amazonas;10564;2014;13;Serviços;10564
Indicador  6.4.1;1618;74.55;13;Amazonas;10564;2014;45985;Agropecuária;10564
Indicador  6.4.1;1618;86.52;13;Amazonas;10564;2015;100374;Total;10564
Indicador  6.4.1;1618;49.11;13;Amazonas;10564;2015;46522;Indústria;10564
Indicador  6.4.1;1618;134.70;13;Amazonas;10564;2015;13;Serviços;10564
Indicador  6.4.1;1618;124.43;13;Amazonas;10564;2015;45985;Agropecuária;10564
Indicador  6.4.1;1618;154.70;13;Amazonas;10564;2016;100374;Total;10564
Indicador  6.4.1;1618;131.56;13;Amazonas;10564;2016;46522;Indústria;10564
Indicador  6.4.1;1618;127.40;13;Amazonas;10564;2016;13;Serviços;10564
Indicador  6.4.1;1618;398.27;13;Amazonas;10564;2016;45985;Agropecuária;10564
Indicador  6.4.1;1618;134.92;13;Amazonas;10564;2017;100374;Total;10564
Indicador  6.4.1;1618;164.60;13;Amazonas;10564;2017;46522;Indústria;10564
Indicador  6.4.1;1618;130.54;13;Amazonas;10564;2017;13;Serviços;10564
Indicador  6.4.1;1618;83.69;13;Amazonas;10564;2017;45985;Agropecuária;10564
Indicador  6.4.1;1618;116.98;13;Amazonas;10564;2018;100374;Total;10564
Indicador  6.4.1;1618;100.73;13;Amazonas;10564;2018;46522;Indústria;10564
Indicador  6.4.1;1618;134.93;13;Amazonas;10564;2018;13;Serviços;10564
Indicador  6.4.1;1618;79.31;13;Amazonas;10564;2018;45985;Agropecuária;10564
Indicador  6.4.1;1618;45.16;14;Roraima;10564;2010;100374;Total;10564
Indicador  6.4.1;1618;677.42;14;Roraima;10564;2010;46522;Indústria;10564
Indicador  6.4.1;1618;132.29;14;Roraima;10564;2010;13;Serviços;10564
Indicador  6.4.1;1618;1.98;14;Roraima;10564;2010;45985;Agropecuária;10564
Indicador  6.4.1;1618;41.84;14;Roraima;10564;2011;100374;Total;10564
Indicador  6.4.1;1618;562.91;14;Roraima;10564;2011;46522;Indústria;10564
Indicador  6.4.1;1618;133.96;14;Roraima;10564;2011;13;Serviços;10564
Indicador  6.4.1;1618;1.71;14;Roraima;10564;2011;45985;Agropecuária;10564
Indicador  6.4.1;1618;38.20;14;Roraima;10564;2012;100374;Total;10564
Indicador  6.4.1;1618;548.27;14;Roraima;10564;2012;46522;Indústria;10564
Indicador  6.4.1;1618;135.88;14;Roraima;10564;2012;13;Serviços;10564
Indicador  6.4.1;1618;1.62;14;Roraima;10564;2012;45985;Agropecuária;10564
Indicador  6.4.1;1618;39.86;14;Roraima;10564;2013;100374;Total;10564
Indicador  6.4.1;1618;485.00;14;Roraima;10564;2013;46522;Indústria;10564
Indicador  6.4.1;1618;136.24;14;Roraima;10564;2013;13;Serviços;10564
Indicador  6.4.1;1618;2.05;14;Roraima;10564;2013;45985;Agropecuária;10564
Indicador  6.4.1;1618;34.70;14;Roraima;10564;2014;100374;Total;10564
Indicador  6.4.1;1618;502.73;14;Roraima;10564;2014;46522;Indústria;10564
Indicador  6.4.1;1618;137.75;14;Roraima;10564;2014;13;Serviços;10564
Indicador  6.4.1;1618;1.95;14;Roraima;10564;2014;45985;Agropecuária;10564
Indicador  6.4.1;1618;32.42;14;Roraima;10564;2015;100374;Total;10564
Indicador  6.4.1;1618;488.94;14;Roraima;10564;2015;46522;Indústria;10564
Indicador  6.4.1;1618;132.39;14;Roraima;10564;2015;13;Serviços;10564
Indicador  6.4.1;1618;3.54;14;Roraima;10564;2015;45985;Agropecuária;10564
Indicador  6.4.1;1618;36.04;14;Roraima;10564;2016;100374;Total;10564
Indicador  6.4.1;1618;415.07;14;Roraima;10564;2016;46522;Indústria;10564
Indicador  6.4.1;1618;132.21;14;Roraima;10564;2016;13;Serviços;10564
Indicador  6.4.1;1618;4.08;14;Roraima;10564;2016;45985;Agropecuária;10564
Indicador  6.4.1;1618;165.49;14;Roraima;10564;2017;100374;Total;10564
Indicador  6.4.1;1618;509.10;14;Roraima;10564;2017;46522;Indústria;10564
Indicador  6.4.1;1618;134.90;14;Roraima;10564;2017;13;Serviços;10564
Indicador  6.4.1;1618;171.36;14;Roraima;10564;2017;45985;Agropecuária;10564
Indicador  6.4.1;1618;40.85;14;Roraima;10564;2018;100374;Total;10564
Indicador  6.4.1;1618;515.95;14;Roraima;10564;2018;46522;Indústria;10564
Indicador  6.4.1;1618;126.51;14;Roraima;10564;2018;13;Serviços;10564
Indicador  6.4.1;1618;13.61;14;Roraima;10564;2018;45985;Agropecuária;10564
Indicador  6.4.1;1618;58.51;15;Pará;10564;2010;100374;Total;10564
Indicador  6.4.1;1618;54.29;15;Pará;10564;2010;46522;Indústria;10564
Indicador  6.4.1;1618;124.16;15;Pará;10564;2010;13;Serviços;10564
Indicador  6.4.1;1618;-1.29;15;Pará;10564;2010;45985;Agropecuária;10564
Indicador  6.4.1;1618;58.33;15;Pará;10564;2011;100374;Total;10564
Indicador  6.4.1;1618;52.50;15;Pará;10564;2011;46522;Indústria;10564
Indicador  6.4.1;1618;125.86;15;Pará;10564;2011;13;Serviços;10564
Indicador  6.4.1;1618;0.01;15;Pará;10564;2011;45985;Agropecuária;10564
Indicador  6.4.1;1618;58.96;15;Pará;10564;2012;100374;Total;10564
Indicador  6.4.1;1618;53.06;15;Pará;10564;2012;46522;Indústria;10564
Indicador  6.4.1;1618;129.62;15;Pará;10564;2012;13;Serviços;10564
Indicador  6.4.1;1618;1.63;15;Pará;10564;2012;45985;Agropecuária;10564
Indicador  6.4.1;1618;60.87;15;Pará;10564;2013;100374;Total;10564
Indicador  6.4.1;1618;51.85;15;Pará;10564;2013;46522;Indústria;10564
Indicador  6.4.1;1618;130.39;15;Pará;10564;2013;13;Serviços;10564
Indicador  6.4.1;1618;3.01;15;Pará;10564;2013;45985;Agropecuária;10564
Indicador  6.4.1;1618;61.18;15;Pará;10564;2014;100374;Total;10564
Indicador  6.4.1;1618;55.80;15;Pará;10564;2014;46522;Indústria;10564
Indicador  6.4.1;1618;131.71;15;Pará;10564;2014;13;Serviços;10564
Indicador  6.4.1;1618;4.01;15;Pará;10564;2014;45985;Agropecuária;10564
Indicador  6.4.1;1618;57.10;15;Pará;10564;2015;100374;Total;10564
Indicador  6.4.1;1618;56.55;15;Pará;10564;2015;46522;Indústria;10564
Indicador  6.4.1;1618;126.10;15;Pará;10564;2015;13;Serviços;10564
Indicador  6.4.1;1618;3.76;15;Pará;10564;2015;45985;Agropecuária;10564
Indicador  6.4.1;1618;55.38;15;Pará;10564;2016;100374;Total;10564
Indicador  6.4.1;1618;52.14;15;Pará;10564;2016;46522;Indústria;10564
Indicador  6.4.1;1618;120.28;15;Pará;10564;2016;13;Serviços;10564
Indicador  6.4.1;1618;4.23;15;Pará;10564;2016;45985;Agropecuária;10564
Indicador  6.4.1;1618;54.31;15;Pará;10564;2017;100374;Total;10564
Indicador  6.4.1;1618;51.60;15;Pará;10564;2017;46522;Indústria;10564
Indicador  6.4.1;1618;121.59;15;Pará;10564;2017;13;Serviços;10564
Indicador  6.4.1;1618;3.90;15;Pará;10564;2017;45985;Agropecuária;10564
Indicador  6.4.1;1618;56.31;15;Pará;10564;2018;100374;Total;10564
Indicador  6.4.1;1618;51.51;15;Pará;10564;2018;46522;Indústria;10564
Indicador  6.4.1;1618;123.52;15;Pará;10564;2018;13;Serviços;10564
Indicador  6.4.1;1618;4.49;15;Pará;10564;2018;45985;Agropecuária;10564
Indicador  6.4.1;1618;81.01;16;Amapá;10564;2010;100374;Total;10564
Indicador  6.4.1;1618;149.37;16;Amapá;10564;2010;46522;Indústria;10564
Indicador  6.4.1;1618;89.34;16;Amapá;10564;2010;13;Serviços;10564
Indicador  6.4.1;1618;1.83;16;Amapá;10564;2010;45985;Agropecuária;10564
Indicador  6.4.1;1618;77.29;16;Amapá;10564;2011;100374;Total;10564
Indicador  6.4.1;1618;141.66;16;Amapá;10564;2011;46522;Indústria;10564
Indicador  6.4.1;1618;88.25;16;Amapá;10564;2011;13;Serviços;10564
Indicador  6.4.1;1618;0.82;16;Amapá;10564;2011;45985;Agropecuária;10564
Indicador  6.4.1;1618;82.07;16;Amapá;10564;2012;100374;Total;10564
Indicador  6.4.1;1618;196.29;16;Amapá;10564;2012;46522;Indústria;10564
Indicador  6.4.1;1618;92.53;16;Amapá;10564;2012;13;Serviços;10564
Indicador  6.4.1;1618;1.38;16;Amapá;10564;2012;45985;Agropecuária;10564
Indicador  6.4.1;1618;84.97;16;Amapá;10564;2013;100374;Total;10564
Indicador  6.4.1;1618;356.59;16;Amapá;10564;2013;46522;Indústria;10564
Indicador  6.4.1;1618;91.36;16;Amapá;10564;2013;13;Serviços;10564
Indicador  6.4.1;1618;2.62;16;Amapá;10564;2013;45985;Agropecuária;10564
Indicador  6.4.1;1618;79.88;16;Amapá;10564;2014;100374;Total;10564
Indicador  6.4.1;1618;215.98;16;Amapá;10564;2014;46522;Indústria;10564
Indicador  6.4.1;1618;91.28;16;Amapá;10564;2014;13;Serviços;10564
Indicador  6.4.1;1618;2.38;16;Amapá;10564;2014;45985;Agropecuária;10564
Indicador  6.4.1;1618;73.50;16;Amapá;10564;2015;100374;Total;10564
Indicador  6.4.1;1618;251.57;16;Amapá;10564;2015;46522;Indústria;10564
Indicador  6.4.1;1618;85.21;16;Amapá;10564;2015;13;Serviços;10564
Indicador  6.4.1;1618;1.74;16;Amapá;10564;2015;45985;Agropecuária;10564
Indicador  6.4.1;1618;70.71;16;Amapá;10564;2016;100374;Total;10564
Indicador  6.4.1;1618;230.99;16;Amapá;10564;2016;46522;Indústria;10564
Indicador  6.4.1;1618;80.02;16;Amapá;10564;2016;13;Serviços;10564
Indicador  6.4.1;1618;1.48;16;Amapá;10564;2016;45985;Agropecuária;10564
Indicador  6.4.1;1618;69.70;16;Amapá;10564;2017;100374;Total;10564
Indicador  6.4.1;1618;223.71;16;Amapá;10564;2017;46522;Indústria;10564
Indicador  6.4.1;1618;79.38;16;Amapá;10564;2017;13;Serviços;10564
Indicador  6.4.1;1618;1.50;16;Amapá;10564;2017;45985;Agropecuária;10564
Indicador  6.4.1;1618;69.86;16;Amapá;10564;2018;100374;Total;10564
Indicador  6.4.1;1618;225.00;16;Amapá;10564;2018;46522;Indústria;10564
Indicador  6.4.1;1618;78.17;16;Amapá;10564;2018;13;Serviços;10564
Indicador  6.4.1;1618;1.54;16;Amapá;10564;2018;45985;Agropecuária;10564
Indicador  6.4.1;1618;24.85;17;Tocantins;10564;2010;100374;Total;10564
Indicador  6.4.1;1618;217.41;17;Tocantins;10564;2010;46522;Indústria;10564
Indicador  6.4.1;1618;192.53;17;Tocantins;10564;2010;13;Serviços;10564
Indicador  6.4.1;1618;1.80;17;Tocantins;10564;2010;45985;Agropecuária;10564
Indicador  6.4.1;1618;31.10;17;Tocantins;10564;2011;100374;Total;10564
Indicador  6.4.1;1618;193.82;17;Tocantins;10564;2011;46522;Indústria;10564
Indicador  6.4.1;1618;206.88;17;Tocantins;10564;2011;13;Serviços;10564
Indicador  6.4.1;1618;2.05;17;Tocantins;10564;2011;45985;Agropecuária;10564
Indicador  6.4.1;1618;27.07;17;Tocantins;10564;2012;100374;Total;10564
Indicador  6.4.1;1618;200.01;17;Tocantins;10564;2012;46522;Indústria;10564
Indicador  6.4.1;1618;214.48;17;Tocantins;10564;2012;13;Serviços;10564
Indicador  6.4.1;1618;1.70;17;Tocantins;10564;2012;45985;Agropecuária;10564
Indicador  6.4.1;1618;31.89;17;Tocantins;10564;2013;100374;Total;10564
Indicador  6.4.1;1618;193.34;17;Tocantins;10564;2013;46522;Indústria;10564
Indicador  6.4.1;1618;208.07;17;Tocantins;10564;2013;13;Serviços;10564
Indicador  6.4.1;1618;2.10;17;Tocantins;10564;2013;45985;Agropecuária;10564
Indicador  6.4.1;1618;28.33;17;Tocantins;10564;2014;100374;Total;10564
Indicador  6.4.1;1618;203.74;17;Tocantins;10564;2014;46522;Indústria;10564
Indicador  6.4.1;1618;214.05;17;Tocantins;10564;2014;13;Serviços;10564
Indicador  6.4.1;1618;1.85;17;Tocantins;10564;2014;45985;Agropecuária;10564
Indicador  6.4.1;1618;22.69;17;Tocantins;10564;2015;100374;Total;10564
Indicador  6.4.1;1618;187.00;17;Tocantins;10564;2015;46522;Indústria;10564
Indicador  6.4.1;1618;206.47;17;Tocantins;10564;2015;13;Serviços;10564
Indicador  6.4.1;1618;1.41;17;Tocantins;10564;2015;45985;Agropecuária;10564
Indicador  6.4.1;1618;21.37;17;Tocantins;10564;2016;100374;Total;10564
Indicador  6.4.1;1618;195.68;17;Tocantins;10564;2016;46522;Indústria;10564
Indicador  6.4.1;1618;197.71;17;Tocantins;10564;2016;13;Serviços;10564
Indicador  6.4.1;1618;1.56;17;Tocantins;10564;2016;45985;Agropecuária;10564
Indicador  6.4.1;1618;22.90;17;Tocantins;10564;2017;100374;Total;10564
Indicador  6.4.1;1618;200.71;17;Tocantins;10564;2017;46522;Indústria;10564
Indicador  6.4.1;1618;196.48;17;Tocantins;10564;2017;13;Serviços;10564
Indicador  6.4.1;1618;1.65;17;Tocantins;10564;2017;45985;Agropecuária;10564
Indicador  6.4.1;1618;21.57;17;Tocantins;10564;2018;100374;Total;10564
Indicador  6.4.1;1618;202.16;17;Tocantins;10564;2018;46522;Indústria;10564
Indicador  6.4.1;1618;225.57;17;Tocantins;10564;2018;13;Serviços;10564
Indicador  6.4.1;1618;1.43;17;Tocantins;10564;2018;45985;Agropecuária;10564
Indicador  6.4.1;1618;47.09;21;Maranhão;10564;2010;100374;Total;10564
Indicador  6.4.1;1618;335.71;21;Maranhão;10564;2010;46522;Indústria;10564
Indicador  6.4.1;1618;78.78;21;Maranhão;10564;2010;13;Serviços;10564
Indicador  6.4.1;1618;2.43;21;Maranhão;10564;2010;45985;Agropecuária;10564
Indicador  6.4.1;1618;50.05;21;Maranhão;10564;2011;100374;Total;10564
Indicador  6.4.1;1618;266.55;21;Maranhão;10564;2011;46522;Indústria;10564
Indicador  6.4.1;1618;80.01;21;Maranhão;10564;2011;13;Serviços;10564
Indicador  6.4.1;1618;2.68;21;Maranhão;10564;2011;45985;Agropecuária;10564
Indicador  6.4.1;1618;47.33;21;Maranhão;10564;2012;100374;Total;10564
Indicador  6.4.1;1618;244.55;21;Maranhão;10564;2012;46522;Indústria;10564
Indicador  6.4.1;1618;82.89;21;Maranhão;10564;2012;13;Serviços;10564
Indicador  6.4.1;1618;2.36;21;Maranhão;10564;2012;45985;Agropecuária;10564
Indicador  6.4.1;1618;49.85;21;Maranhão;10564;2013;100374;Total;10564
Indicador  6.4.1;1618;180.06;21;Maranhão;10564;2013;46522;Indústria;10564
Indicador  6.4.1;1618;85.38;21;Maranhão;10564;2013;13;Serviços;10564
Indicador  6.4.1;1618;2.61;21;Maranhão;10564;2013;45985;Agropecuária;10564
Indicador  6.4.1;1618;44.77;21;Maranhão;10564;2014;100374;Total;10564
Indicador  6.4.1;1618;55.67;21;Maranhão;10564;2014;46522;Indústria;10564
Indicador  6.4.1;1618;85.69;21;Maranhão;10564;2014;13;Serviços;10564
Indicador  6.4.1;1618;2.72;21;Maranhão;10564;2014;45985;Agropecuária;10564
Indicador  6.4.1;1618;39.01;21;Maranhão;10564;2015;100374;Total;10564
Indicador  6.4.1;1618;43.82;21;Maranhão;10564;2015;46522;Indústria;10564
Indicador  6.4.1;1618;82.33;21;Maranhão;10564;2015;13;Serviços;10564
Indicador  6.4.1;1618;2.31;21;Maranhão;10564;2015;45985;Agropecuária;10564
Indicador  6.4.1;1618;39.69;21;Maranhão;10564;2016;100374;Total;10564
Indicador  6.4.1;1618;42.29;21;Maranhão;10564;2016;46522;Indústria;10564
Indicador  6.4.1;1618;80.62;21;Maranhão;10564;2016;13;Serviços;10564
Indicador  6.4.1;1618;2.74;21;Maranhão;10564;2016;45985;Agropecuária;10564
Indicador  6.4.1;1618;42.38;21;Maranhão;10564;2017;100374;Total;10564
Indicador  6.4.1;1618;39.22;21;Maranhão;10564;2017;46522;Indústria;10564
Indicador  6.4.1;1618;82.25;21;Maranhão;10564;2017;13;Serviços;10564
Indicador  6.4.1;1618;2.98;21;Maranhão;10564;2017;45985;Agropecuária;10564
Indicador  6.4.1;1618;44.43;21;Maranhão;10564;2018;100374;Total;10564
Indicador  6.4.1;1618;41.36;21;Maranhão;10564;2018;46522;Indústria;10564
Indicador  6.4.1;1618;84.00;21;Maranhão;10564;2018;13;Serviços;10564
Indicador  6.4.1;1618;3.15;21;Maranhão;10564;2018;45985;Agropecuária;10564
Indicador  6.4.1;1618;53.74;22;Piauí;10564;2010;100374;Total;10564
Indicador  6.4.1;1618;212.81;22;Piauí;10564;2010;46522;Indústria;10564
Indicador  6.4.1;1618;140.83;22;Piauí;10564;2010;13;Serviços;10564
Indicador  6.4.1;1618;1.45;22;Piauí;10564;2010;45985;Agropecuária;10564
Indicador  6.4.1;1618;58.69;22;Piauí;10564;2011;100374;Total;10564
Indicador  6.4.1;1618;199.82;22;Piauí;10564;2011;46522;Indústria;10564
Indicador  6.4.1;1618;142.17;22;Piauí;10564;2011;13;Serviços;10564
Indicador  6.4.1;1618;1.70;22;Piauí;10564;2011;45985;Agropecuária;10564
Indicador  6.4.1;1618;51.45;22;Piauí;10564;2012;100374;Total;10564
Indicador  6.4.1;1618;226.85;22;Piauí;10564;2012;46522;Indústria;10564
Indicador  6.4.1;1618;147.19;22;Piauí;10564;2012;13;Serviços;10564
Indicador  6.4.1;1618;1.22;22;Piauí;10564;2012;45985;Agropecuária;10564
Indicador  6.4.1;1618;58.07;22;Piauí;10564;2013;100374;Total;10564
Indicador  6.4.1;1618;249.58;22;Piauí;10564;2013;46522;Indústria;10564
Indicador  6.4.1;1618;151.21;22;Piauí;10564;2013;13;Serviços;10564
Indicador  6.4.1;1618;1.42;22;Piauí;10564;2013;45985;Agropecuária;10564
Indicador  6.4.1;1618;60.16;22;Piauí;10564;2014;100374;Total;10564
Indicador  6.4.1;1618;242.46;22;Piauí;10564;2014;46522;Indústria;10564
Indicador  6.4.1;1618;152.55;22;Piauí;10564;2014;13;Serviços;10564
Indicador  6.4.1;1618;1.56;22;Piauí;10564;2014;45985;Agropecuária;10564
Indicador  6.4.1;1618;54.56;22;Piauí;10564;2015;100374;Total;10564
Indicador  6.4.1;1618;236.00;22;Piauí;10564;2015;46522;Indústria;10564
Indicador  6.4.1;1618;150.50;22;Piauí;10564;2015;13;Serviços;10564
Indicador  6.4.1;1618;1.33;22;Piauí;10564;2015;45985;Agropecuária;10564
Indicador  6.4.1;1618;50.85;22;Piauí;10564;2016;100374;Total;10564
Indicador  6.4.1;1618;216.69;22;Piauí;10564;2016;46522;Indústria;10564
Indicador  6.4.1;1618;147.92;22;Piauí;10564;2016;13;Serviços;10564
Indicador  6.4.1;1618;1.24;22;Piauí;10564;2016;45985;Agropecuária;10564
Indicador  6.4.1;1618;54.09;22;Piauí;10564;2017;100374;Total;10564
Indicador  6.4.1;1618;201.57;22;Piauí;10564;2017;46522;Indústria;10564
Indicador  6.4.1;1618;150.25;22;Piauí;10564;2017;13;Serviços;10564
Indicador  6.4.1;1618;1.47;22;Piauí;10564;2017;45985;Agropecuária;10564
Indicador  6.4.1;1618;54.37;22;Piauí;10564;2018;100374;Total;10564
Indicador  6.4.1;1618;143.10;22;Piauí;10564;2018;46522;Indústria;10564
Indicador  6.4.1;1618;148.97;22;Piauí;10564;2018;13;Serviços;10564
Indicador  6.4.1;1618;1.52;22;Piauí;10564;2018;45985;Agropecuária;10564
Indicador  6.4.1;1618;44.28;23;Ceará;10564;2010;100374;Total;10564
Indicador  6.4.1;1618;186.14;23;Ceará;10564;2010;46522;Indústria;10564
Indicador  6.4.1;1618;140.06;23;Ceará;10564;2010;13;Serviços;10564
Indicador  6.4.1;1618;0.54;23;Ceará;10564;2010;45985;Agropecuária;10564
Indicador  6.4.1;1618;54.61;23;Ceará;10564;2011;100374;Total;10564
Indicador  6.4.1;1618;185.92;23;Ceará;10564;2011;46522;Indústria;10564
Indicador  6.4.1;1618;142.87;23;Ceará;10564;2011;13;Serviços;10564
Indicador  6.4.1;1618;0.39;23;Ceará;10564;2011;45985;Agropecuária;10564
Indicador  6.4.1;1618;43.19;23;Ceará;10564;2012;100374;Total;10564
Indicador  6.4.1;1618;180.33;23;Ceará;10564;2012;46522;Indústria;10564
Indicador  6.4.1;1618;146.14;23;Ceará;10564;2012;13;Serviços;10564
Indicador  6.4.1;1618;0.62;23;Ceará;10564;2012;45985;Agropecuária;10564
Indicador  6.4.1;1618;50.89;23;Ceará;10564;2013;100374;Total;10564
Indicador  6.4.1;1618;173.86;23;Ceará;10564;2013;46522;Indústria;10564
Indicador  6.4.1;1618;147.84;23;Ceará;10564;2013;13;Serviços;10564
Indicador  6.4.1;1618;0.89;23;Ceará;10564;2013;45985;Agropecuária;10564
Indicador  6.4.1;1618;52.20;23;Ceará;10564;2014;100374;Total;10564
Indicador  6.4.1;1618;159.82;23;Ceará;10564;2014;46522;Indústria;10564
Indicador  6.4.1;1618;151.91;23;Ceará;10564;2014;13;Serviços;10564
Indicador  6.4.1;1618;0.93;23;Ceará;10564;2014;45985;Agropecuária;10564
Indicador  6.4.1;1618;50.73;23;Ceará;10564;2015;100374;Total;10564
Indicador  6.4.1;1618;148.05;23;Ceará;10564;2015;46522;Indústria;10564
Indicador  6.4.1;1618;148.15;23;Ceará;10564;2015;13;Serviços;10564
Indicador  6.4.1;1618;1.03;23;Ceará;10564;2015;45985;Agropecuária;10564
Indicador  6.4.1;1618;49.93;23;Ceará;10564;2016;100374;Total;10564
Indicador  6.4.1;1618;144.11;23;Ceará;10564;2016;46522;Indústria;10564
Indicador  6.4.1;1618;143.06;23;Ceará;10564;2016;13;Serviços;10564
Indicador  6.4.1;1618;1.12;23;Ceará;10564;2016;45985;Agropecuária;10564
Indicador  6.4.1;1618;55.09;23;Ceará;10564;2017;100374;Total;10564
Indicador  6.4.1;1618;143.06;23;Ceará;10564;2017;46522;Indústria;10564
Indicador  6.4.1;1618;142.87;23;Ceará;10564;2017;13;Serviços;10564
Indicador  6.4.1;1618;1.40;23;Ceará;10564;2017;45985;Agropecuária;10564
Indicador  6.4.1;1618;58.32;23;Ceará;10564;2018;100374;Total;10564
Indicador  6.4.1;1618;144.60;23;Ceará;10564;2018;46522;Indústria;10564
Indicador  6.4.1;1618;144.39;23;Ceará;10564;2018;13;Serviços;10564
Indicador  6.4.1;1618;1.75;23;Ceará;10564;2018;45985;Agropecuária;10564
Indicador  6.4.1;1618;68.00;24;Rio Grande do Norte;10564;2010;100374;Total;10564
Indicador  6.4.1;1618;155.40;24;Rio Grande do Norte;10564;2010;46522;Indústria;10564
Indicador  6.4.1;1618;163.73;24;Rio Grande do Norte;10564;2010;13;Serviços;10564
Indicador  6.4.1;1618;1.05;24;Rio Grande do Norte;10564;2010;45985;Agropecuária;10564
Indicador  6.4.1;1618;82.20;24;Rio Grande do Norte;10564;2011;100374;Total;10564
Indicador  6.4.1;1618;180.45;24;Rio Grande do Norte;10564;2011;46522;Indústria;10564
Indicador  6.4.1;1618;165.91;24;Rio Grande do Norte;10564;2011;13;Serviços;10564
Indicador  6.4.1;1618;1.37;24;Rio Grande do Norte;10564;2011;45985;Agropecuária;10564
Indicador  6.4.1;1618;62.95;24;Rio Grande do Norte;10564;2012;100374;Total;10564
Indicador  6.4.1;1618;192.20;24;Rio Grande do Norte;10564;2012;46522;Indústria;10564
Indicador  6.4.1;1618;168.39;24;Rio Grande do Norte;10564;2012;13;Serviços;10564
Indicador  6.4.1;1618;0.72;24;Rio Grande do Norte;10564;2012;45985;Agropecuária;10564
Indicador  6.4.1;1618;70.90;24;Rio Grande do Norte;10564;2013;100374;Total;10564
Indicador  6.4.1;1618;195.15;24;Rio Grande do Norte;10564;2013;46522;Indústria;10564
Indicador  6.4.1;1618;167.48;24;Rio Grande do Norte;10564;2013;13;Serviços;10564
Indicador  6.4.1;1618;0.95;24;Rio Grande do Norte;10564;2013;45985;Agropecuária;10564
Indicador  6.4.1;1618;72.16;24;Rio Grande do Norte;10564;2014;100374;Total;10564
Indicador  6.4.1;1618;192.60;24;Rio Grande do Norte;10564;2014;46522;Indústria;10564
Indicador  6.4.1;1618;168.89;24;Rio Grande do Norte;10564;2014;13;Serviços;10564
Indicador  6.4.1;1618;1.09;24;Rio Grande do Norte;10564;2014;45985;Agropecuária;10564
Indicador  6.4.1;1618;68.27;24;Rio Grande do Norte;10564;2015;100374;Total;10564
Indicador  6.4.1;1618;196.81;24;Rio Grande do Norte;10564;2015;46522;Indústria;10564
Indicador  6.4.1;1618;164.41;24;Rio Grande do Norte;10564;2015;13;Serviços;10564
Indicador  6.4.1;1618;1.09;24;Rio Grande do Norte;10564;2015;45985;Agropecuária;10564
Indicador  6.4.1;1618;65.12;24;Rio Grande do Norte;10564;2016;100374;Total;10564
Indicador  6.4.1;1618;188.38;24;Rio Grande do Norte;10564;2016;46522;Indústria;10564
Indicador  6.4.1;1618;157.33;24;Rio Grande do Norte;10564;2016;13;Serviços;10564
Indicador  6.4.1;1618;1.02;24;Rio Grande do Norte;10564;2016;45985;Agropecuária;10564
Indicador  6.4.1;1618;69.61;24;Rio Grande do Norte;10564;2017;100374;Total;10564
Indicador  6.4.1;1618;185.81;24;Rio Grande do Norte;10564;2017;46522;Indústria;10564
Indicador  6.4.1;1618;158.45;24;Rio Grande do Norte;10564;2017;13;Serviços;10564
Indicador  6.4.1;1618;1.23;24;Rio Grande do Norte;10564;2017;45985;Agropecuária;10564
Indicador  6.4.1;1618;72.76;24;Rio Grande do Norte;10564;2018;100374;Total;10564
Indicador  6.4.1;1618;188.81;24;Rio Grande do Norte;10564;2018;46522;Indústria;10564
Indicador  6.4.1;1618;162.91;24;Rio Grande do Norte;10564;2018;13;Serviços;10564
Indicador  6.4.1;1618;1.44;24;Rio Grande do Norte;10564;2018;45985;Agropecuária;10564
Indicador  6.4.1;1618;75.92;25;Paraíba;10564;2010;100374;Total;10564
Indicador  6.4.1;1618;63.30;25;Paraíba;10564;2010;46522;Indústria;10564
Indicador  6.4.1;1618;168.28;25;Paraíba;10564;2010;13;Serviços;10564
Indicador  6.4.1;1618;8.78;25;Paraíba;10564;2010;45985;Agropecuária;10564
Indicador  6.4.1;1618;88.09;25;Paraíba;10564;2011;100374;Total;10564
Indicador  6.4.1;1618;65.87;25;Paraíba;10564;2011;46522;Indústria;10564
Indicador  6.4.1;1618;172.22;25;Paraíba;10564;2011;13;Serviços;10564
Indicador  6.4.1;1618;13.96;25;Paraíba;10564;2011;45985;Agropecuária;10564
Indicador  6.4.1;1618;79.09;25;Paraíba;10564;2012;100374;Total;10564
Indicador  6.4.1;1618;70.62;25;Paraíba;10564;2012;46522;Indústria;10564
Indicador  6.4.1;1618;177.72;25;Paraíba;10564;2012;13;Serviços;10564
Indicador  6.4.1;1618;8.27;25;Paraíba;10564;2012;45985;Agropecuária;10564
Indicador  6.4.1;1618;94.17;25;Paraíba;10564;2013;100374;Total;10564
Indicador  6.4.1;1618;78.83;25;Paraíba;10564;2013;46522;Indústria;10564
Indicador  6.4.1;1618;181.30;25;Paraíba;10564;2013;13;Serviços;10564
Indicador  6.4.1;1618;14.05;25;Paraíba;10564;2013;45985;Agropecuária;10564
Indicador  6.4.1;1618;100.24;25;Paraíba;10564;2014;100374;Total;10564
Indicador  6.4.1;1618;80.28;25;Paraíba;10564;2014;46522;Indústria;10564
Indicador  6.4.1;1618;182.71;25;Paraíba;10564;2014;13;Serviços;10564
Indicador  6.4.1;1618;17.33;25;Paraíba;10564;2014;45985;Agropecuária;10564
Indicador  6.4.1;1618;107.06;25;Paraíba;10564;2015;100374;Total;10564
Indicador  6.4.1;1618;81.27;25;Paraíba;10564;2015;46522;Indústria;10564
Indicador  6.4.1;1618;176.82;25;Paraíba;10564;2015;13;Serviços;10564
Indicador  6.4.1;1618;30.46;25;Paraíba;10564;2015;45985;Agropecuária;10564
Indicador  6.4.1;1618;106.89;25;Paraíba;10564;2016;100374;Total;10564
Indicador  6.4.1;1618;75.84;25;Paraíba;10564;2016;46522;Indústria;10564
Indicador  6.4.1;1618;172.40;25;Paraíba;10564;2016;13;Serviços;10564
Indicador  6.4.1;1618;33.35;25;Paraíba;10564;2016;45985;Agropecuária;10564
Indicador  6.4.1;1618;80.41;25;Paraíba;10564;2017;100374;Total;10564
Indicador  6.4.1;1618;73.52;25;Paraíba;10564;2017;46522;Indústria;10564
Indicador  6.4.1;1618;171.80;25;Paraíba;10564;2017;13;Serviços;10564
Indicador  6.4.1;1618;-68.21;25;Paraíba;10564;2017;45985;Agropecuária;10564
Indicador  6.4.1;1618;91.68;25;Paraíba;10564;2018;100374;Total;10564
Indicador  6.4.1;1618;74.86;25;Paraíba;10564;2018;46522;Indústria;10564
Indicador  6.4.1;1618;175.64;25;Paraíba;10564;2018;13;Serviços;10564
Indicador  6.4.1;1618;-46.53;25;Paraíba;10564;2018;45985;Agropecuária;10564
Indicador  6.4.1;1618;49.44;26;Pernambuco;10564;2010;100374;Total;10564
Indicador  6.4.1;1618;45.80;26;Pernambuco;10564;2010;46522;Indústria;10564
Indicador  6.4.1;1618;160.90;26;Pernambuco;10564;2010;13;Serviços;10564
Indicador  6.4.1;1618;-3.17;26;Pernambuco;10564;2010;45985;Agropecuária;10564
Indicador  6.4.1;1618;53.14;26;Pernambuco;10564;2011;100374;Total;10564
Indicador  6.4.1;1618;48.87;26;Pernambuco;10564;2011;46522;Indústria;10564
Indicador  6.4.1;1618;165.33;26;Pernambuco;10564;2011;13;Serviços;10564
Indicador  6.4.1;1618;-2.79;26;Pernambuco;10564;2011;45985;Agropecuária;10564
Indicador  6.4.1;1618;48.49;26;Pernambuco;10564;2012;100374;Total;10564
Indicador  6.4.1;1618;52.48;26;Pernambuco;10564;2012;46522;Indústria;10564
Indicador  6.4.1;1618;172.87;26;Pernambuco;10564;2012;13;Serviços;10564
Indicador  6.4.1;1618;-0.98;26;Pernambuco;10564;2012;45985;Agropecuária;10564
Indicador  6.4.1;1618;52.65;26;Pernambuco;10564;2013;100374;Total;10564
Indicador  6.4.1;1618;49.94;26;Pernambuco;10564;2013;46522;Indústria;10564
Indicador  6.4.1;1618;173.53;26;Pernambuco;10564;2013;13;Serviços;10564
Indicador  6.4.1;1618;-1.12;26;Pernambuco;10564;2013;45985;Agropecuária;10564
Indicador  6.4.1;1618;56.15;26;Pernambuco;10564;2014;100374;Total;10564
Indicador  6.4.1;1618;49.12;26;Pernambuco;10564;2014;46522;Indústria;10564
Indicador  6.4.1;1618;175.71;26;Pernambuco;10564;2014;13;Serviços;10564
Indicador  6.4.1;1618;-1.14;26;Pernambuco;10564;2014;45985;Agropecuária;10564
Indicador  6.4.1;1618;50.23;26;Pernambuco;10564;2015;100374;Total;10564
Indicador  6.4.1;1618;52.60;26;Pernambuco;10564;2015;46522;Indústria;10564
Indicador  6.4.1;1618;166.85;26;Pernambuco;10564;2015;13;Serviços;10564
Indicador  6.4.1;1618;-0.25;26;Pernambuco;10564;2015;45985;Agropecuária;10564
Indicador  6.4.1;1618;48.73;26;Pernambuco;10564;2016;100374;Total;10564
Indicador  6.4.1;1618;48.32;26;Pernambuco;10564;2016;46522;Indústria;10564
Indicador  6.4.1;1618;160.21;26;Pernambuco;10564;2016;13;Serviços;10564
Indicador  6.4.1;1618;-0.19;26;Pernambuco;10564;2016;45985;Agropecuária;10564
Indicador  6.4.1;1618;50.19;26;Pernambuco;10564;2017;100374;Total;10564
Indicador  6.4.1;1618;49.59;26;Pernambuco;10564;2017;46522;Indústria;10564
Indicador  6.4.1;1618;161.12;26;Pernambuco;10564;2017;13;Serviços;10564
Indicador  6.4.1;1618;-0.18;26;Pernambuco;10564;2017;45985;Agropecuária;10564
Indicador  6.4.1;1618;52.96;26;Pernambuco;10564;2018;100374;Total;10564
Indicador  6.4.1;1618;55.25;26;Pernambuco;10564;2018;46522;Indústria;10564
Indicador  6.4.1;1618;162.58;26;Pernambuco;10564;2018;13;Serviços;10564
Indicador  6.4.1;1618;-0.34;26;Pernambuco;10564;2018;45985;Agropecuária;10564
Indicador  6.4.1;1618;31.32;27;Alagoas;10564;2010;100374;Total;10564
Indicador  6.4.1;1618;12.43;27;Alagoas;10564;2010;46522;Indústria;10564
Indicador  6.4.1;1618;156.73;27;Alagoas;10564;2010;13;Serviços;10564
Indicador  6.4.1;1618;-3.68;27;Alagoas;10564;2010;45985;Agropecuária;10564
Indicador  6.4.1;1618;33.39;27;Alagoas;10564;2011;100374;Total;10564
Indicador  6.4.1;1618;14.38;27;Alagoas;10564;2011;46522;Indústria;10564
Indicador  6.4.1;1618;157.55;27;Alagoas;10564;2011;13;Serviços;10564
Indicador  6.4.1;1618;-4.49;27;Alagoas;10564;2011;45985;Agropecuária;10564
Indicador  6.4.1;1618;33.64;27;Alagoas;10564;2012;100374;Total;10564
Indicador  6.4.1;1618;15.18;27;Alagoas;10564;2012;46522;Indústria;10564
Indicador  6.4.1;1618;163.38;27;Alagoas;10564;2012;13;Serviços;10564
Indicador  6.4.1;1618;-2.93;27;Alagoas;10564;2012;45985;Agropecuária;10564
Indicador  6.4.1;1618;37.18;27;Alagoas;10564;2013;100374;Total;10564
Indicador  6.4.1;1618;15.34;27;Alagoas;10564;2013;46522;Indústria;10564
Indicador  6.4.1;1618;159.31;27;Alagoas;10564;2013;13;Serviços;10564
Indicador  6.4.1;1618;-3.55;27;Alagoas;10564;2013;45985;Agropecuária;10564
Indicador  6.4.1;1618;40.82;27;Alagoas;10564;2014;100374;Total;10564
Indicador  6.4.1;1618;18.09;27;Alagoas;10564;2014;46522;Indústria;10564
Indicador  6.4.1;1618;161.04;27;Alagoas;10564;2014;13;Serviços;10564
Indicador  6.4.1;1618;-4.09;27;Alagoas;10564;2014;45985;Agropecuária;10564
Indicador  6.4.1;1618;37.50;27;Alagoas;10564;2015;100374;Total;10564
Indicador  6.4.1;1618;18.05;27;Alagoas;10564;2015;46522;Indústria;10564
Indicador  6.4.1;1618;156.42;27;Alagoas;10564;2015;13;Serviços;10564
Indicador  6.4.1;1618;-2.32;27;Alagoas;10564;2015;45985;Agropecuária;10564
Indicador  6.4.1;1618;37.44;27;Alagoas;10564;2016;100374;Total;10564
Indicador  6.4.1;1618;17.48;27;Alagoas;10564;2016;46522;Indústria;10564
Indicador  6.4.1;1618;153.57;27;Alagoas;10564;2016;13;Serviços;10564
Indicador  6.4.1;1618;-2.82;27;Alagoas;10564;2016;45985;Agropecuária;10564
Indicador  6.4.1;1618;40.52;27;Alagoas;10564;2017;100374;Total;10564
Indicador  6.4.1;1618;17.41;27;Alagoas;10564;2017;46522;Indústria;10564
Indicador  6.4.1;1618;153.77;27;Alagoas;10564;2017;13;Serviços;10564
Indicador  6.4.1;1618;-3.43;27;Alagoas;10564;2017;45985;Agropecuária;10564
Indicador  6.4.1;1618;40.95;27;Alagoas;10564;2018;100374;Total;10564
Indicador  6.4.1;1618;19.63;27;Alagoas;10564;2018;46522;Indústria;10564
Indicador  6.4.1;1618;157.82;27;Alagoas;10564;2018;13;Serviços;10564
Indicador  6.4.1;1618;-3.06;27;Alagoas;10564;2018;45985;Agropecuária;10564
Indicador  6.4.1;1618;86.97;28;Sergipe;10564;2010;100374;Total;10564
Indicador  6.4.1;1618;170.52;28;Sergipe;10564;2010;46522;Indústria;10564
Indicador  6.4.1;1618;173.29;28;Sergipe;10564;2010;13;Serviços;10564
Indicador  6.4.1;1618;9.27;28;Sergipe;10564;2010;45985;Agropecuária;10564
Indicador  6.4.1;1618;88.13;28;Sergipe;10564;2011;100374;Total;10564
Indicador  6.4.1;1618;168.10;28;Sergipe;10564;2011;46522;Indústria;10564
Indicador  6.4.1;1618;175.33;28;Sergipe;10564;2011;13;Serviços;10564
Indicador  6.4.1;1618;7.86;28;Sergipe;10564;2011;45985;Agropecuária;10564
Indicador  6.4.1;1618;78.13;28;Sergipe;10564;2012;100374;Total;10564
Indicador  6.4.1;1618;166.80;28;Sergipe;10564;2012;46522;Indústria;10564
Indicador  6.4.1;1618;177.91;28;Sergipe;10564;2012;13;Serviços;10564
Indicador  6.4.1;1618;5.35;28;Sergipe;10564;2012;45985;Agropecuária;10564
Indicador  6.4.1;1618;83.10;28;Sergipe;10564;2013;100374;Total;10564
Indicador  6.4.1;1618;162.55;28;Sergipe;10564;2013;46522;Indústria;10564
Indicador  6.4.1;1618;177.40;28;Sergipe;10564;2013;13;Serviços;10564
Indicador  6.4.1;1618;7.28;28;Sergipe;10564;2013;45985;Agropecuária;10564
Indicador  6.4.1;1618;80.27;28;Sergipe;10564;2014;100374;Total;10564
Indicador  6.4.1;1618;138.33;28;Sergipe;10564;2014;46522;Indústria;10564
Indicador  6.4.1;1618;180.44;28;Sergipe;10564;2014;13;Serviços;10564
Indicador  6.4.1;1618;7.28;28;Sergipe;10564;2014;45985;Agropecuária;10564
Indicador  6.4.1;1618;68.41;28;Sergipe;10564;2015;100374;Total;10564
Indicador  6.4.1;1618;118.06;28;Sergipe;10564;2015;46522;Indústria;10564
Indicador  6.4.1;1618;175.89;28;Sergipe;10564;2015;13;Serviços;10564
Indicador  6.4.1;1618;8.20;28;Sergipe;10564;2015;45985;Agropecuária;10564
Indicador  6.4.1;1618;64.05;28;Sergipe;10564;2016;100374;Total;10564
Indicador  6.4.1;1618;129.41;28;Sergipe;10564;2016;46522;Indústria;10564
Indicador  6.4.1;1618;168.69;28;Sergipe;10564;2016;13;Serviços;10564
Indicador  6.4.1;1618;7.28;28;Sergipe;10564;2016;45985;Agropecuária;10564
Indicador  6.4.1;1618;152.12;28;Sergipe;10564;2017;100374;Total;10564
Indicador  6.4.1;1618;120.69;28;Sergipe;10564;2017;46522;Indústria;10564
Indicador  6.4.1;1618;165.79;28;Sergipe;10564;2017;13;Serviços;10564
Indicador  6.4.1;1618;150.40;28;Sergipe;10564;2017;45985;Agropecuária;10564
Indicador  6.4.1;1618;78.19;28;Sergipe;10564;2018;100374;Total;10564
Indicador  6.4.1;1618;128.65;28;Sergipe;10564;2018;46522;Indústria;10564
Indicador  6.4.1;1618;192.69;28;Sergipe;10564;2018;13;Serviços;10564
Indicador  6.4.1;1618;26.54;28;Sergipe;10564;2018;45985;Agropecuária;10564
Indicador  6.4.1;1618;41.30;29;Bahia;10564;2010;100374;Total;10564
Indicador  6.4.1;1618;177.48;29;Bahia;10564;2010;46522;Indústria;10564
Indicador  6.4.1;1618;186.85;29;Bahia;10564;2010;13;Serviços;10564
Indicador  6.4.1;1618;0.75;29;Bahia;10564;2010;45985;Agropecuária;10564
Indicador  6.4.1;1618;43.03;29;Bahia;10564;2011;100374;Total;10564
Indicador  6.4.1;1618;167.46;29;Bahia;10564;2011;46522;Indústria;10564
Indicador  6.4.1;1618;190.39;29;Bahia;10564;2011;13;Serviços;10564
Indicador  6.4.1;1618;0.76;29;Bahia;10564;2011;45985;Agropecuária;10564
Indicador  6.4.1;1618;33.74;29;Bahia;10564;2012;100374;Total;10564
Indicador  6.4.1;1618;179.56;29;Bahia;10564;2012;46522;Indústria;10564
Indicador  6.4.1;1618;196.61;29;Bahia;10564;2012;13;Serviços;10564
Indicador  6.4.1;1618;0.54;29;Bahia;10564;2012;45985;Agropecuária;10564
Indicador  6.4.1;1618;38.84;29;Bahia;10564;2013;100374;Total;10564
Indicador  6.4.1;1618;178.29;29;Bahia;10564;2013;46522;Indústria;10564
Indicador  6.4.1;1618;188.37;29;Bahia;10564;2013;13;Serviços;10564
Indicador  6.4.1;1618;0.72;29;Bahia;10564;2013;45985;Agropecuária;10564
Indicador  6.4.1;1618;37.89;29;Bahia;10564;2014;100374;Total;10564
Indicador  6.4.1;1618;167.86;29;Bahia;10564;2014;46522;Indústria;10564
Indicador  6.4.1;1618;191.03;29;Bahia;10564;2014;13;Serviços;10564
Indicador  6.4.1;1618;0.66;29;Bahia;10564;2014;45985;Agropecuária;10564
Indicador  6.4.1;1618;31.57;29;Bahia;10564;2015;100374;Total;10564
Indicador  6.4.1;1618;157.54;29;Bahia;10564;2015;46522;Indústria;10564
Indicador  6.4.1;1618;183.70;29;Bahia;10564;2015;13;Serviços;10564
Indicador  6.4.1;1618;0.49;29;Bahia;10564;2015;45985;Agropecuária;10564
Indicador  6.4.1;1618;29.74;29;Bahia;10564;2016;100374;Total;10564
Indicador  6.4.1;1618;145.28;29;Bahia;10564;2016;46522;Indústria;10564
Indicador  6.4.1;1618;176.04;29;Bahia;10564;2016;13;Serviços;10564
Indicador  6.4.1;1618;0.54;29;Bahia;10564;2016;45985;Agropecuária;10564
Indicador  6.4.1;1618;31.04;29;Bahia;10564;2017;100374;Total;10564
Indicador  6.4.1;1618;154.79;29;Bahia;10564;2017;46522;Indústria;10564
Indicador  6.4.1;1618;174.85;29;Bahia;10564;2017;13;Serviços;10564
Indicador  6.4.1;1618;0.49;29;Bahia;10564;2017;45985;Agropecuária;10564
Indicador  6.4.1;1618;33.63;29;Bahia;10564;2018;100374;Total;10564
Indicador  6.4.1;1618;152.91;29;Bahia;10564;2018;46522;Indústria;10564
Indicador  6.4.1;1618;184.00;29;Bahia;10564;2018;13;Serviços;10564
Indicador  6.4.1;1618;0.48;29;Bahia;10564;2018;45985;Agropecuária;10564
Indicador  6.4.1;1618;62.36;31;Minas Gerais;10564;2010;100374;Total;10564
Indicador  6.4.1;1618;111.85;31;Minas Gerais;10564;2010;46522;Indústria;10564
Indicador  6.4.1;1618;212.85;31;Minas Gerais;10564;2010;13;Serviços;10564
Indicador  6.4.1;1618;0.42;31;Minas Gerais;10564;2010;45985;Agropecuária;10564
Indicador  6.4.1;1618;63.68;31;Minas Gerais;10564;2011;100374;Total;10564
Indicador  6.4.1;1618;105.91;31;Minas Gerais;10564;2011;46522;Indústria;10564
Indicador  6.4.1;1618;216.49;31;Minas Gerais;10564;2011;13;Serviços;10564
Indicador  6.4.1;1618;0.50;31;Minas Gerais;10564;2011;45985;Agropecuária;10564
Indicador  6.4.1;1618;55.93;31;Minas Gerais;10564;2012;100374;Total;10564
Indicador  6.4.1;1618;101.02;31;Minas Gerais;10564;2012;46522;Indústria;10564
Indicador  6.4.1;1618;221.90;31;Minas Gerais;10564;2012;13;Serviços;10564
Indicador  6.4.1;1618;0.34;31;Minas Gerais;10564;2012;45985;Agropecuária;10564
Indicador  6.4.1;1618;64.09;31;Minas Gerais;10564;2013;100374;Total;10564
Indicador  6.4.1;1618;97.44;31;Minas Gerais;10564;2013;46522;Indústria;10564
Indicador  6.4.1;1618;216.93;31;Minas Gerais;10564;2013;13;Serviços;10564
Indicador  6.4.1;1618;0.47;31;Minas Gerais;10564;2013;45985;Agropecuária;10564
Indicador  6.4.1;1618;49.61;31;Minas Gerais;10564;2014;100374;Total;10564
Indicador  6.4.1;1618;88.20;31;Minas Gerais;10564;2014;46522;Indústria;10564
Indicador  6.4.1;1618;216.27;31;Minas Gerais;10564;2014;13;Serviços;10564
Indicador  6.4.1;1618;0.41;31;Minas Gerais;10564;2014;45985;Agropecuária;10564
Indicador  6.4.1;1618;49.00;31;Minas Gerais;10564;2015;100374;Total;10564
Indicador  6.4.1;1618;92.13;31;Minas Gerais;10564;2015;46522;Indústria;10564
Indicador  6.4.1;1618;206.89;31;Minas Gerais;10564;2015;13;Serviços;10564
Indicador  6.4.1;1618;0.34;31;Minas Gerais;10564;2015;45985;Agropecuária;10564
Indicador  6.4.1;1618;48.04;31;Minas Gerais;10564;2016;100374;Total;10564
Indicador  6.4.1;1618;87.24;31;Minas Gerais;10564;2016;46522;Indústria;10564
Indicador  6.4.1;1618;203.39;31;Minas Gerais;10564;2016;13;Serviços;10564
Indicador  6.4.1;1618;0.19;31;Minas Gerais;10564;2016;45985;Agropecuária;10564
Indicador  6.4.1;1618;47.81;31;Minas Gerais;10564;2017;100374;Total;10564
Indicador  6.4.1;1618;87.90;31;Minas Gerais;10564;2017;46522;Indústria;10564
Indicador  6.4.1;1618;205.75;31;Minas Gerais;10564;2017;13;Serviços;10564
Indicador  6.4.1;1618;0.27;31;Minas Gerais;10564;2017;45985;Agropecuária;10564
Indicador  6.4.1;1618;51.02;31;Minas Gerais;10564;2018;100374;Total;10564
Indicador  6.4.1;1618;85.85;31;Minas Gerais;10564;2018;46522;Indústria;10564
Indicador  6.4.1;1618;209.35;31;Minas Gerais;10564;2018;13;Serviços;10564
Indicador  6.4.1;1618;0.21;31;Minas Gerais;10564;2018;45985;Agropecuária;10564
Indicador  6.4.1;1618;44.82;32;Espírito Santo;10564;2010;100374;Total;10564
Indicador  6.4.1;1618;115.35;32;Espírito Santo;10564;2010;46522;Indústria;10564
Indicador  6.4.1;1618;226.17;32;Espírito Santo;10564;2010;13;Serviços;10564
Indicador  6.4.1;1618;2.42;32;Espírito Santo;10564;2010;45985;Agropecuária;10564
Indicador  6.4.1;1618;55.16;32;Espírito Santo;10564;2011;100374;Total;10564
Indicador  6.4.1;1618;148.91;32;Espírito Santo;10564;2011;46522;Indústria;10564
Indicador  6.4.1;1618;236.70;32;Espírito Santo;10564;2011;13;Serviços;10564
Indicador  6.4.1;1618;3.15;32;Espírito Santo;10564;2011;45985;Agropecuária;10564
Indicador  6.4.1;1618;43.94;32;Espírito Santo;10564;2012;100374;Total;10564
Indicador  6.4.1;1618;152.40;32;Espírito Santo;10564;2012;46522;Indústria;10564
Indicador  6.4.1;1618;241.30;32;Espírito Santo;10564;2012;13;Serviços;10564
Indicador  6.4.1;1618;3.43;32;Espírito Santo;10564;2012;45985;Agropecuária;10564
Indicador  6.4.1;1618;59.82;32;Espírito Santo;10564;2013;100374;Total;10564
Indicador  6.4.1;1618;192.33;32;Espírito Santo;10564;2013;46522;Indústria;10564
Indicador  6.4.1;1618;227.94;32;Espírito Santo;10564;2013;13;Serviços;10564
Indicador  6.4.1;1618;9.40;32;Espírito Santo;10564;2013;45985;Agropecuária;10564
Indicador  6.4.1;1618;95.48;32;Espírito Santo;10564;2014;100374;Total;10564
Indicador  6.4.1;1618;129.45;32;Espírito Santo;10564;2014;46522;Indústria;10564
Indicador  6.4.1;1618;225.10;32;Espírito Santo;10564;2014;13;Serviços;10564
Indicador  6.4.1;1618;67.50;32;Espírito Santo;10564;2014;45985;Agropecuária;10564
Indicador  6.4.1;1618;29.70;32;Espírito Santo;10564;2015;100374;Total;10564
Indicador  6.4.1;1618;124.77;32;Espírito Santo;10564;2015;46522;Indústria;10564
Indicador  6.4.1;1618;211.58;32;Espírito Santo;10564;2015;13;Serviços;10564
Indicador  6.4.1;1618;-0.98;32;Espírito Santo;10564;2015;45985;Agropecuária;10564
Indicador  6.4.1;1618;32.75;32;Espírito Santo;10564;2016;100374;Total;10564
Indicador  6.4.1;1618;116.66;32;Espírito Santo;10564;2016;46522;Indústria;10564
Indicador  6.4.1;1618;199.88;32;Espírito Santo;10564;2016;13;Serviços;10564
Indicador  6.4.1;1618;-0.71;32;Espírito Santo;10564;2016;45985;Agropecuária;10564
Indicador  6.4.1;1618;37.72;32;Espírito Santo;10564;2017;100374;Total;10564
Indicador  6.4.1;1618;118.90;32;Espírito Santo;10564;2017;46522;Indústria;10564
Indicador  6.4.1;1618;196.81;32;Espírito Santo;10564;2017;13;Serviços;10564
Indicador  6.4.1;1618;-0.54;32;Espírito Santo;10564;2017;45985;Agropecuária;10564
Indicador  6.4.1;1618;43.53;32;Espírito Santo;10564;2018;100374;Total;10564
Indicador  6.4.1;1618;111.51;32;Espírito Santo;10564;2018;46522;Indústria;10564
Indicador  6.4.1;1618;205.84;32;Espírito Santo;10564;2018;13;Serviços;10564
Indicador  6.4.1;1618;-1.16;32;Espírito Santo;10564;2018;45985;Agropecuária;10564
Indicador  6.4.1;1618;237.15;33;Rio de Janeiro;10564;2010;100374;Total;10564
Indicador  6.4.1;1618;422.35;33;Rio de Janeiro;10564;2010;46522;Indústria;10564
Indicador  6.4.1;1618;246.20;33;Rio de Janeiro;10564;2010;13;Serviços;10564
Indicador  6.4.1;1618;-18.27;33;Rio de Janeiro;10564;2010;45985;Agropecuária;10564
Indicador  6.4.1;1618;221.03;33;Rio de Janeiro;10564;2011;100374;Total;10564
Indicador  6.4.1;1618;244.49;33;Rio de Janeiro;10564;2011;46522;Indústria;10564
Indicador  6.4.1;1618;252.53;33;Rio de Janeiro;10564;2011;13;Serviços;10564
Indicador  6.4.1;1618;-6.23;33;Rio de Janeiro;10564;2011;45985;Agropecuária;10564
Indicador  6.4.1;1618;215.37;33;Rio de Janeiro;10564;2012;100374;Total;10564
Indicador  6.4.1;1618;208.08;33;Rio de Janeiro;10564;2012;46522;Indústria;10564
Indicador  6.4.1;1618;257.00;33;Rio de Janeiro;10564;2012;13;Serviços;10564
Indicador  6.4.1;1618;-5.89;33;Rio de Janeiro;10564;2012;45985;Agropecuária;10564
Indicador  6.4.1;1618;214.64;33;Rio de Janeiro;10564;2013;100374;Total;10564
Indicador  6.4.1;1618;170.25;33;Rio de Janeiro;10564;2013;46522;Indústria;10564
Indicador  6.4.1;1618;262.50;33;Rio de Janeiro;10564;2013;13;Serviços;10564
Indicador  6.4.1;1618;-3.25;33;Rio de Janeiro;10564;2013;45985;Agropecuária;10564
Indicador  6.4.1;1618;200.27;33;Rio de Janeiro;10564;2014;100374;Total;10564
Indicador  6.4.1;1618;153.58;33;Rio de Janeiro;10564;2014;46522;Indústria;10564
Indicador  6.4.1;1618;265.46;33;Rio de Janeiro;10564;2014;13;Serviços;10564
Indicador  6.4.1;1618;-1.52;33;Rio de Janeiro;10564;2014;45985;Agropecuária;10564
Indicador  6.4.1;1618;198.98;33;Rio de Janeiro;10564;2015;100374;Total;10564
Indicador  6.4.1;1618;147.18;33;Rio de Janeiro;10564;2015;46522;Indústria;10564
Indicador  6.4.1;1618;256.17;33;Rio de Janeiro;10564;2015;13;Serviços;10564
Indicador  6.4.1;1618;0.44;33;Rio de Janeiro;10564;2015;45985;Agropecuária;10564
Indicador  6.4.1;1618;197.67;33;Rio de Janeiro;10564;2016;100374;Total;10564
Indicador  6.4.1;1618;152.20;33;Rio de Janeiro;10564;2016;46522;Indústria;10564
Indicador  6.4.1;1618;245.21;33;Rio de Janeiro;10564;2016;13;Serviços;10564
Indicador  6.4.1;1618;0.89;33;Rio de Janeiro;10564;2016;45985;Agropecuária;10564
Indicador  6.4.1;1618;192.45;33;Rio de Janeiro;10564;2017;100374;Total;10564
Indicador  6.4.1;1618;147.06;33;Rio de Janeiro;10564;2017;46522;Indústria;10564
Indicador  6.4.1;1618;240.36;33;Rio de Janeiro;10564;2017;13;Serviços;10564
Indicador  6.4.1;1618;2.30;33;Rio de Janeiro;10564;2017;45985;Agropecuária;10564
Indicador  6.4.1;1618;194.41;33;Rio de Janeiro;10564;2018;100374;Total;10564
Indicador  6.4.1;1618;148.73;33;Rio de Janeiro;10564;2018;46522;Indústria;10564
Indicador  6.4.1;1618;237.37;33;Rio de Janeiro;10564;2018;13;Serviços;10564
Indicador  6.4.1;1618;3.34;33;Rio de Janeiro;10564;2018;45985;Agropecuária;10564
Indicador  6.4.1;1618;197.22;35;São Paulo;10564;2010;100374;Total;10564
Indicador  6.4.1;1618;167.88;35;São Paulo;10564;2010;46522;Indústria;10564
Indicador  6.4.1;1618;338.90;35;São Paulo;10564;2010;13;Serviços;10564
Indicador  6.4.1;1618;1.28;35;São Paulo;10564;2010;45985;Agropecuária;10564
Indicador  6.4.1;1618;207.02;35;São Paulo;10564;2011;100374;Total;10564
Indicador  6.4.1;1618;172.73;35;São Paulo;10564;2011;46522;Indústria;10564
Indicador  6.4.1;1618;348.52;35;São Paulo;10564;2011;13;Serviços;10564
Indicador  6.4.1;1618;1.41;35;São Paulo;10564;2011;45985;Agropecuária;10564
Indicador  6.4.1;1618;211.57;35;São Paulo;10564;2012;100374;Total;10564
Indicador  6.4.1;1618;166.41;35;São Paulo;10564;2012;46522;Indústria;10564
Indicador  6.4.1;1618;354.10;35;São Paulo;10564;2012;13;Serviços;10564
Indicador  6.4.1;1618;1.63;35;São Paulo;10564;2012;45985;Agropecuária;10564
Indicador  6.4.1;1618;220.39;35;São Paulo;10564;2013;100374;Total;10564
Indicador  6.4.1;1618;172.57;35;São Paulo;10564;2013;46522;Indústria;10564
Indicador  6.4.1;1618;347.00;35;São Paulo;10564;2013;13;Serviços;10564
Indicador  6.4.1;1618;2.00;35;São Paulo;10564;2013;45985;Agropecuária;10564
Indicador  6.4.1;1618;196.66;35;São Paulo;10564;2014;100374;Total;10564
Indicador  6.4.1;1618;169.98;35;São Paulo;10564;2014;46522;Indústria;10564
Indicador  6.4.1;1618;341.25;35;São Paulo;10564;2014;13;Serviços;10564
Indicador  6.4.1;1618;1.39;35;São Paulo;10564;2014;45985;Agropecuária;10564
Indicador  6.4.1;1618;204.41;35;São Paulo;10564;2015;100374;Total;10564
Indicador  6.4.1;1618;159.23;35;São Paulo;10564;2015;46522;Indústria;10564
Indicador  6.4.1;1618;328.18;35;São Paulo;10564;2015;13;Serviços;10564
Indicador  6.4.1;1618;1.83;35;São Paulo;10564;2015;45985;Agropecuária;10564
Indicador  6.4.1;1618;195.78;35;São Paulo;10564;2016;100374;Total;10564
Indicador  6.4.1;1618;157.43;35;São Paulo;10564;2016;46522;Indústria;10564
Indicador  6.4.1;1618;318.60;35;São Paulo;10564;2016;13;Serviços;10564
Indicador  6.4.1;1618;1.59;35;São Paulo;10564;2016;45985;Agropecuária;10564
Indicador  6.4.1;1618;196.35;35;São Paulo;10564;2017;100374;Total;10564
Indicador  6.4.1;1618;164.37;35;São Paulo;10564;2017;46522;Indústria;10564
Indicador  6.4.1;1618;316.86;35;São Paulo;10564;2017;13;Serviços;10564
Indicador  6.4.1;1618;1.68;35;São Paulo;10564;2017;45985;Agropecuária;10564
Indicador  6.4.1;1618;192.03;35;São Paulo;10564;2018;100374;Total;10564
Indicador  6.4.1;1618;168.01;35;São Paulo;10564;2018;46522;Indústria;10564
Indicador  6.4.1;1618;325.46;35;São Paulo;10564;2018;13;Serviços;10564
Indicador  6.4.1;1618;1.44;35;São Paulo;10564;2018;45985;Agropecuária;10564
Indicador  6.4.1;1618;170.66;41;Paraná;10564;2010;100374;Total;10564
Indicador  6.4.1;1618;151.87;41;Paraná;10564;2010;46522;Indústria;10564
Indicador  6.4.1;1618;308.43;41;Paraná;10564;2010;13;Serviços;10564
Indicador  6.4.1;1618;11.80;41;Paraná;10564;2010;45985;Agropecuária;10564
Indicador  6.4.1;1618;167.77;41;Paraná;10564;2011;100374;Total;10564
Indicador  6.4.1;1618;153.11;41;Paraná;10564;2011;46522;Indústria;10564
Indicador  6.4.1;1618;315.97;41;Paraná;10564;2011;13;Serviços;10564
Indicador  6.4.1;1618;10.83;41;Paraná;10564;2011;45985;Agropecuária;10564
Indicador  6.4.1;1618;167.86;41;Paraná;10564;2012;100374;Total;10564
Indicador  6.4.1;1618;151.15;41;Paraná;10564;2012;46522;Indústria;10564
Indicador  6.4.1;1618;319.88;41;Paraná;10564;2012;13;Serviços;10564
Indicador  6.4.1;1618;10.53;41;Paraná;10564;2012;45985;Agropecuária;10564
Indicador  6.4.1;1618;173.02;41;Paraná;10564;2013;100374;Total;10564
Indicador  6.4.1;1618;148.68;41;Paraná;10564;2013;46522;Indústria;10564
Indicador  6.4.1;1618;321.00;41;Paraná;10564;2013;13;Serviços;10564
Indicador  6.4.1;1618;12.08;41;Paraná;10564;2013;45985;Agropecuária;10564
Indicador  6.4.1;1618;171.80;41;Paraná;10564;2014;100374;Total;10564
Indicador  6.4.1;1618;138.49;41;Paraná;10564;2014;46522;Indústria;10564
Indicador  6.4.1;1618;319.27;41;Paraná;10564;2014;13;Serviços;10564
Indicador  6.4.1;1618;12.93;41;Paraná;10564;2014;45985;Agropecuária;10564
Indicador  6.4.1;1618;174.97;41;Paraná;10564;2015;100374;Total;10564
Indicador  6.4.1;1618;139.32;41;Paraná;10564;2015;46522;Indústria;10564
Indicador  6.4.1;1618;304.77;41;Paraná;10564;2015;13;Serviços;10564
Indicador  6.4.1;1618;15.31;41;Paraná;10564;2015;45985;Agropecuária;10564
Indicador  6.4.1;1618;163.84;41;Paraná;10564;2016;100374;Total;10564
Indicador  6.4.1;1618;137.04;41;Paraná;10564;2016;46522;Indústria;10564
Indicador  6.4.1;1618;297.69;41;Paraná;10564;2016;13;Serviços;10564
Indicador  6.4.1;1618;12.86;41;Paraná;10564;2016;45985;Agropecuária;10564
Indicador  6.4.1;1618;165.54;41;Paraná;10564;2017;100374;Total;10564
Indicador  6.4.1;1618;143.31;41;Paraná;10564;2017;46522;Indústria;10564
Indicador  6.4.1;1618;298.54;41;Paraná;10564;2017;13;Serviços;10564
Indicador  6.4.1;1618;12.65;41;Paraná;10564;2017;45985;Agropecuária;10564
Indicador  6.4.1;1618;159.33;41;Paraná;10564;2018;100374;Total;10564
Indicador  6.4.1;1618;137.64;41;Paraná;10564;2018;46522;Indústria;10564
Indicador  6.4.1;1618;305.49;41;Paraná;10564;2018;13;Serviços;10564
Indicador  6.4.1;1618;11.10;41;Paraná;10564;2018;45985;Agropecuária;10564
Indicador  6.4.1;1618;78.00;42;Santa Catarina;10564;2010;100374;Total;10564
Indicador  6.4.1;1618;69.18;42;Santa Catarina;10564;2010;46522;Indústria;10564
Indicador  6.4.1;1618;279.76;42;Santa Catarina;10564;2010;13;Serviços;10564
Indicador  6.4.1;1618;3.11;42;Santa Catarina;10564;2010;45985;Agropecuária;10564
Indicador  6.4.1;1618;87.13;42;Santa Catarina;10564;2011;100374;Total;10564
Indicador  6.4.1;1618;85.16;42;Santa Catarina;10564;2011;46522;Indústria;10564
Indicador  6.4.1;1618;287.14;42;Santa Catarina;10564;2011;13;Serviços;10564
Indicador  6.4.1;1618;3.44;42;Santa Catarina;10564;2011;45985;Agropecuária;10564
Indicador  6.4.1;1618;75.74;42;Santa Catarina;10564;2012;100374;Total;10564
Indicador  6.4.1;1618;72.94;42;Santa Catarina;10564;2012;46522;Indústria;10564
Indicador  6.4.1;1618;293.13;42;Santa Catarina;10564;2012;13;Serviços;10564
Indicador  6.4.1;1618;2.83;42;Santa Catarina;10564;2012;45985;Agropecuária;10564
Indicador  6.4.1;1618;72.22;42;Santa Catarina;10564;2013;100374;Total;10564
Indicador  6.4.1;1618;61.70;42;Santa Catarina;10564;2013;46522;Indústria;10564
Indicador  6.4.1;1618;291.31;42;Santa Catarina;10564;2013;13;Serviços;10564
Indicador  6.4.1;1618;2.76;42;Santa Catarina;10564;2013;45985;Agropecuária;10564
Indicador  6.4.1;1618;82.79;42;Santa Catarina;10564;2014;100374;Total;10564
Indicador  6.4.1;1618;66.06;42;Santa Catarina;10564;2014;46522;Indústria;10564
Indicador  6.4.1;1618;298.79;42;Santa Catarina;10564;2014;13;Serviços;10564
Indicador  6.4.1;1618;3.24;42;Santa Catarina;10564;2014;45985;Agropecuária;10564
Indicador  6.4.1;1618;87.27;42;Santa Catarina;10564;2015;100374;Total;10564
Indicador  6.4.1;1618;63.25;42;Santa Catarina;10564;2015;46522;Indústria;10564
Indicador  6.4.1;1618;283.98;42;Santa Catarina;10564;2015;13;Serviços;10564
Indicador  6.4.1;1618;4.11;42;Santa Catarina;10564;2015;45985;Agropecuária;10564
Indicador  6.4.1;1618;88.36;42;Santa Catarina;10564;2016;100374;Total;10564
Indicador  6.4.1;1618;99.79;42;Santa Catarina;10564;2016;46522;Indústria;10564
Indicador  6.4.1;1618;279.21;42;Santa Catarina;10564;2016;13;Serviços;10564
Indicador  6.4.1;1618;3.15;42;Santa Catarina;10564;2016;45985;Agropecuária;10564
Indicador  6.4.1;1618;88.35;42;Santa Catarina;10564;2017;100374;Total;10564
Indicador  6.4.1;1618;91.27;42;Santa Catarina;10564;2017;46522;Indústria;10564
Indicador  6.4.1;1618;285.53;42;Santa Catarina;10564;2017;13;Serviços;10564
Indicador  6.4.1;1618;3.32;42;Santa Catarina;10564;2017;45985;Agropecuária;10564
Indicador  6.4.1;1618;86.23;42;Santa Catarina;10564;2018;100374;Total;10564
Indicador  6.4.1;1618;99.75;42;Santa Catarina;10564;2018;46522;Indústria;10564
Indicador  6.4.1;1618;294.01;42;Santa Catarina;10564;2018;13;Serviços;10564
Indicador  6.4.1;1618;2.90;42;Santa Catarina;10564;2018;45985;Agropecuária;10564
Indicador  6.4.1;1618;25.98;43;Rio Grande do Sul;10564;2010;100374;Total;10564
Indicador  6.4.1;1618;169.38;43;Rio Grande do Sul;10564;2010;46522;Indústria;10564
Indicador  6.4.1;1618;276.14;43;Rio Grande do Sul;10564;2010;13;Serviços;10564
Indicador  6.4.1;1618;0.48;43;Rio Grande do Sul;10564;2010;45985;Agropecuária;10564
Indicador  6.4.1;1618;24.83;43;Rio Grande do Sul;10564;2011;100374;Total;10564
Indicador  6.4.1;1618;175.84;43;Rio Grande do Sul;10564;2011;46522;Indústria;10564
Indicador  6.4.1;1618;283.63;43;Rio Grande do Sul;10564;2011;13;Serviços;10564
Indicador  6.4.1;1618;0.42;43;Rio Grande do Sul;10564;2011;45985;Agropecuária;10564
Indicador  6.4.1;1618;24.08;43;Rio Grande do Sul;10564;2012;100374;Total;10564
Indicador  6.4.1;1618;163.99;43;Rio Grande do Sul;10564;2012;46522;Indústria;10564
Indicador  6.4.1;1618;287.74;43;Rio Grande do Sul;10564;2012;13;Serviços;10564
Indicador  6.4.1;1618;0.44;43;Rio Grande do Sul;10564;2012;45985;Agropecuária;10564
Indicador  6.4.1;1618;25.23;43;Rio Grande do Sul;10564;2013;100374;Total;10564
Indicador  6.4.1;1618;171.11;43;Rio Grande do Sul;10564;2013;46522;Indústria;10564
Indicador  6.4.1;1618;289.32;43;Rio Grande do Sul;10564;2013;13;Serviços;10564
Indicador  6.4.1;1618;0.48;43;Rio Grande do Sul;10564;2013;45985;Agropecuária;10564
Indicador  6.4.1;1618;30.10;43;Rio Grande do Sul;10564;2014;100374;Total;10564
Indicador  6.4.1;1618;159.37;43;Rio Grande do Sul;10564;2014;46522;Indústria;10564
Indicador  6.4.1;1618;292.16;43;Rio Grande do Sul;10564;2014;13;Serviços;10564
Indicador  6.4.1;1618;0.58;43;Rio Grande do Sul;10564;2014;45985;Agropecuária;10564
Indicador  6.4.1;1618;25.75;43;Rio Grande do Sul;10564;2015;100374;Total;10564
Indicador  6.4.1;1618;145.08;43;Rio Grande do Sul;10564;2015;46522;Indústria;10564
Indicador  6.4.1;1618;279.04;43;Rio Grande do Sul;10564;2015;13;Serviços;10564
Indicador  6.4.1;1618;0.47;43;Rio Grande do Sul;10564;2015;45985;Agropecuária;10564
Indicador  6.4.1;1618;24.09;43;Rio Grande do Sul;10564;2016;100374;Total;10564
Indicador  6.4.1;1618;143.56;43;Rio Grande do Sul;10564;2016;46522;Indústria;10564
Indicador  6.4.1;1618;273.52;43;Rio Grande do Sul;10564;2016;13;Serviços;10564
Indicador  6.4.1;1618;0.47;43;Rio Grande do Sul;10564;2016;45985;Agropecuária;10564
Indicador  6.4.1;1618;27.03;43;Rio Grande do Sul;10564;2017;100374;Total;10564
Indicador  6.4.1;1618;183.09;43;Rio Grande do Sul;10564;2017;46522;Indústria;10564
Indicador  6.4.1;1618;276.51;43;Rio Grande do Sul;10564;2017;13;Serviços;10564
Indicador  6.4.1;1618;0.51;43;Rio Grande do Sul;10564;2017;45985;Agropecuária;10564
Indicador  6.4.1;1618;26.11;43;Rio Grande do Sul;10564;2018;100374;Total;10564
Indicador  6.4.1;1618;182.60;43;Rio Grande do Sul;10564;2018;46522;Indústria;10564
Indicador  6.4.1;1618;282.76;43;Rio Grande do Sul;10564;2018;13;Serviços;10564
Indicador  6.4.1;1618;0.47;43;Rio Grande do Sul;10564;2018;45985;Agropecuária;10564
Indicador  6.4.1;1618;50.76;50;Mato Grosso do Sul;10564;2010;100374;Total;10564
Indicador  6.4.1;1618;67.99;50;Mato Grosso do Sul;10564;2010;46522;Indústria;10564
Indicador  6.4.1;1618;220.04;50;Mato Grosso do Sul;10564;2010;13;Serviços;10564
Indicador  6.4.1;1618;5.71;50;Mato Grosso do Sul;10564;2010;45985;Agropecuária;10564
Indicador  6.4.1;1618;52.47;50;Mato Grosso do Sul;10564;2011;100374;Total;10564
Indicador  6.4.1;1618;73.11;50;Mato Grosso do Sul;10564;2011;46522;Indústria;10564
Indicador  6.4.1;1618;227.97;50;Mato Grosso do Sul;10564;2011;13;Serviços;10564
Indicador  6.4.1;1618;5.33;50;Mato Grosso do Sul;10564;2011;45985;Agropecuária;10564
Indicador  6.4.1;1618;53.54;50;Mato Grosso do Sul;10564;2012;100374;Total;10564
Indicador  6.4.1;1618;65.11;50;Mato Grosso do Sul;10564;2012;46522;Indústria;10564
Indicador  6.4.1;1618;236.80;50;Mato Grosso do Sul;10564;2012;13;Serviços;10564
Indicador  6.4.1;1618;5.42;50;Mato Grosso do Sul;10564;2012;45985;Agropecuária;10564
Indicador  6.4.1;1618;54.36;50;Mato Grosso do Sul;10564;2013;100374;Total;10564
Indicador  6.4.1;1618;59.84;50;Mato Grosso do Sul;10564;2013;46522;Indústria;10564
Indicador  6.4.1;1618;239.37;50;Mato Grosso do Sul;10564;2013;13;Serviços;10564
Indicador  6.4.1;1618;5.39;50;Mato Grosso do Sul;10564;2013;45985;Agropecuária;10564
Indicador  6.4.1;1618;57.46;50;Mato Grosso do Sul;10564;2014;100374;Total;10564
Indicador  6.4.1;1618;54.64;50;Mato Grosso do Sul;10564;2014;46522;Indústria;10564
Indicador  6.4.1;1618;242.44;50;Mato Grosso do Sul;10564;2014;13;Serviços;10564
Indicador  6.4.1;1618;5.79;50;Mato Grosso do Sul;10564;2014;45985;Agropecuária;10564
Indicador  6.4.1;1618;56.62;50;Mato Grosso do Sul;10564;2015;100374;Total;10564
Indicador  6.4.1;1618;53.76;50;Mato Grosso do Sul;10564;2015;46522;Indústria;10564
Indicador  6.4.1;1618;233.59;50;Mato Grosso do Sul;10564;2015;13;Serviços;10564
Indicador  6.4.1;1618;5.74;50;Mato Grosso do Sul;10564;2015;45985;Agropecuária;10564
Indicador  6.4.1;1618;55.03;50;Mato Grosso do Sul;10564;2016;100374;Total;10564
Indicador  6.4.1;1618;52.58;50;Mato Grosso do Sul;10564;2016;46522;Indústria;10564
Indicador  6.4.1;1618;227.52;50;Mato Grosso do Sul;10564;2016;13;Serviços;10564
Indicador  6.4.1;1618;5.66;50;Mato Grosso do Sul;10564;2016;45985;Agropecuária;10564
Indicador  6.4.1;1618;58.58;50;Mato Grosso do Sul;10564;2017;100374;Total;10564
Indicador  6.4.1;1618;64.64;50;Mato Grosso do Sul;10564;2017;46522;Indústria;10564
Indicador  6.4.1;1618;224.78;50;Mato Grosso do Sul;10564;2017;13;Serviços;10564
Indicador  6.4.1;1618;5.83;50;Mato Grosso do Sul;10564;2017;45985;Agropecuária;10564
Indicador  6.4.1;1618;49.34;50;Mato Grosso do Sul;10564;2018;100374;Total;10564
Indicador  6.4.1;1618;39.87;50;Mato Grosso do Sul;10564;2018;46522;Indústria;10564
Indicador  6.4.1;1618;226.01;50;Mato Grosso do Sul;10564;2018;13;Serviços;10564
Indicador  6.4.1;1618;5.15;50;Mato Grosso do Sul;10564;2018;45985;Agropecuária;10564
Indicador  6.4.1;1618;46.29;51;Mato Grosso;10564;2010;100374;Total;10564
Indicador  6.4.1;1618;163.47;51;Mato Grosso;10564;2010;46522;Indústria;10564
Indicador  6.4.1;1618;196.93;51;Mato Grosso;10564;2010;13;Serviços;10564
Indicador  6.4.1;1618;2.83;51;Mato Grosso;10564;2010;45985;Agropecuária;10564
Indicador  6.4.1;1618;48.87;51;Mato Grosso;10564;2011;100374;Total;10564
Indicador  6.4.1;1618;146.71;51;Mato Grosso;10564;2011;46522;Indústria;10564
Indicador  6.4.1;1618;200.43;51;Mato Grosso;10564;2011;13;Serviços;10564
Indicador  6.4.1;1618;3.08;51;Mato Grosso;10564;2011;45985;Agropecuária;10564
Indicador  6.4.1;1618;52.39;51;Mato Grosso;10564;2012;100374;Total;10564
Indicador  6.4.1;1618;159.55;51;Mato Grosso;10564;2012;46522;Indústria;10564
Indicador  6.4.1;1618;209.25;51;Mato Grosso;10564;2012;13;Serviços;10564
Indicador  6.4.1;1618;3.05;51;Mato Grosso;10564;2012;45985;Agropecuária;10564
Indicador  6.4.1;1618;55.99;51;Mato Grosso;10564;2013;100374;Total;10564
Indicador  6.4.1;1618;152.55;51;Mato Grosso;10564;2013;46522;Indústria;10564
Indicador  6.4.1;1618;216.23;51;Mato Grosso;10564;2013;13;Serviços;10564
Indicador  6.4.1;1618;2.80;51;Mato Grosso;10564;2013;45985;Agropecuária;10564
Indicador  6.4.1;1618;55.25;51;Mato Grosso;10564;2014;100374;Total;10564
Indicador  6.4.1;1618;162.90;51;Mato Grosso;10564;2014;46522;Indústria;10564
Indicador  6.4.1;1618;217.80;51;Mato Grosso;10564;2014;13;Serviços;10564
Indicador  6.4.1;1618;2.56;51;Mato Grosso;10564;2014;45985;Agropecuária;10564
Indicador  6.4.1;1618;50.55;51;Mato Grosso;10564;2015;100374;Total;10564
Indicador  6.4.1;1618;169.16;51;Mato Grosso;10564;2015;46522;Indústria;10564
Indicador  6.4.1;1618;207.29;51;Mato Grosso;10564;2015;13;Serviços;10564
Indicador  6.4.1;1618;2.33;51;Mato Grosso;10564;2015;45985;Agropecuária;10564
Indicador  6.4.1;1618;44.45;51;Mato Grosso;10564;2016;100374;Total;10564
Indicador  6.4.1;1618;165.04;51;Mato Grosso;10564;2016;46522;Indústria;10564
Indicador  6.4.1;1618;201.00;51;Mato Grosso;10564;2016;13;Serviços;10564
Indicador  6.4.1;1618;2.18;51;Mato Grosso;10564;2016;45985;Agropecuária;10564
Indicador  6.4.1;1618;47.93;51;Mato Grosso;10564;2017;100374;Total;10564
Indicador  6.4.1;1618;157.14;51;Mato Grosso;10564;2017;46522;Indústria;10564
Indicador  6.4.1;1618;205.36;51;Mato Grosso;10564;2017;13;Serviços;10564
Indicador  6.4.1;1618;2.09;51;Mato Grosso;10564;2017;45985;Agropecuária;10564
Indicador  6.4.1;1618;47.07;51;Mato Grosso;10564;2018;100374;Total;10564
Indicador  6.4.1;1618;157.81;51;Mato Grosso;10564;2018;46522;Indústria;10564
Indicador  6.4.1;1618;207.75;51;Mato Grosso;10564;2018;13;Serviços;10564
Indicador  6.4.1;1618;2.22;51;Mato Grosso;10564;2018;45985;Agropecuária;10564
Indicador  6.4.1;1618;54.17;52;Goiás;10564;2010;100374;Total;10564
Indicador  6.4.1;1618;117.18;52;Goiás;10564;2010;46522;Indústria;10564
Indicador  6.4.1;1618;255.91;52;Goiás;10564;2010;13;Serviços;10564
Indicador  6.4.1;1618;3.42;52;Goiás;10564;2010;45985;Agropecuária;10564
Indicador  6.4.1;1618;56.57;52;Goiás;10564;2011;100374;Total;10564
Indicador  6.4.1;1618;101.53;52;Goiás;10564;2011;46522;Indústria;10564
Indicador  6.4.1;1618;262.77;52;Goiás;10564;2011;13;Serviços;10564
Indicador  6.4.1;1618;3.60;52;Goiás;10564;2011;45985;Agropecuária;10564
Indicador  6.4.1;1618;53.98;52;Goiás;10564;2012;100374;Total;10564
Indicador  6.4.1;1618;98.61;52;Goiás;10564;2012;46522;Indústria;10564
Indicador  6.4.1;1618;273.13;52;Goiás;10564;2012;13;Serviços;10564
Indicador  6.4.1;1618;3.25;52;Goiás;10564;2012;45985;Agropecuária;10564
Indicador  6.4.1;1618;58.90;52;Goiás;10564;2013;100374;Total;10564
Indicador  6.4.1;1618;98.90;52;Goiás;10564;2013;46522;Indústria;10564
Indicador  6.4.1;1618;270.24;52;Goiás;10564;2013;13;Serviços;10564
Indicador  6.4.1;1618;3.67;52;Goiás;10564;2013;45985;Agropecuária;10564
Indicador  6.4.1;1618;55.03;52;Goiás;10564;2014;100374;Total;10564
Indicador  6.4.1;1618;97.85;52;Goiás;10564;2014;46522;Indústria;10564
Indicador  6.4.1;1618;271.23;52;Goiás;10564;2014;13;Serviços;10564
Indicador  6.4.1;1618;3.20;52;Goiás;10564;2014;45985;Agropecuária;10564
Indicador  6.4.1;1618;49.26;52;Goiás;10564;2015;100374;Total;10564
Indicador  6.4.1;1618;101.19;52;Goiás;10564;2015;46522;Indústria;10564
Indicador  6.4.1;1618;255.86;52;Goiás;10564;2015;13;Serviços;10564
Indicador  6.4.1;1618;2.76;52;Goiás;10564;2015;45985;Agropecuária;10564
Indicador  6.4.1;1618;45.13;52;Goiás;10564;2016;100374;Total;10564
Indicador  6.4.1;1618;97.89;52;Goiás;10564;2016;46522;Indústria;10564
Indicador  6.4.1;1618;244.81;52;Goiás;10564;2016;13;Serviços;10564
Indicador  6.4.1;1618;2.44;52;Goiás;10564;2016;45985;Agropecuária;10564
Indicador  6.4.1;1618;46.86;52;Goiás;10564;2017;100374;Total;10564
Indicador  6.4.1;1618;92.88;52;Goiás;10564;2017;46522;Indústria;10564
Indicador  6.4.1;1618;243.48;52;Goiás;10564;2017;13;Serviços;10564
Indicador  6.4.1;1618;2.65;52;Goiás;10564;2017;45985;Agropecuária;10564
Indicador  6.4.1;1618;48.23;52;Goiás;10564;2018;100374;Total;10564
Indicador  6.4.1;1618;95.68;52;Goiás;10564;2018;46522;Indústria;10564
Indicador  6.4.1;1618;244.07;52;Goiás;10564;2018;13;Serviços;10564
Indicador  6.4.1;1618;2.74;52;Goiás;10564;2018;45985;Agropecuária;10564
Indicador  6.4.1;1618;551.23;53;Distrito Federal;10564;2010;100374;Total;10564
Indicador  6.4.1;1618;626.18;53;Distrito Federal;10564;2010;46522;Indústria;10564
Indicador  6.4.1;1618;986.49;53;Distrito Federal;10564;2010;13;Serviços;10564
Indicador  6.4.1;1618;-0.44;53;Distrito Federal;10564;2010;45985;Agropecuária;10564
Indicador  6.4.1;1618;585.91;53;Distrito Federal;10564;2011;100374;Total;10564
Indicador  6.4.1;1618;675.20;53;Distrito Federal;10564;2011;46522;Indústria;10564
Indicador  6.4.1;1618;999.83;53;Distrito Federal;10564;2011;13;Serviços;10564
Indicador  6.4.1;1618;-1.19;53;Distrito Federal;10564;2011;45985;Agropecuária;10564
Indicador  6.4.1;1618;530.57;53;Distrito Federal;10564;2012;100374;Total;10564
Indicador  6.4.1;1618;437.10;53;Distrito Federal;10564;2012;46522;Indústria;10564
Indicador  6.4.1;1618;989.27;53;Distrito Federal;10564;2012;13;Serviços;10564
Indicador  6.4.1;1618;-0.86;53;Distrito Federal;10564;2012;45985;Agropecuária;10564
Indicador  6.4.1;1618;583.71;53;Distrito Federal;10564;2013;100374;Total;10564
Indicador  6.4.1;1618;699.87;53;Distrito Federal;10564;2013;46522;Indústria;10564
Indicador  6.4.1;1618;972.86;53;Distrito Federal;10564;2013;13;Serviços;10564
Indicador  6.4.1;1618;-0.97;53;Distrito Federal;10564;2013;45985;Agropecuária;10564
Indicador  6.4.1;1618;540.53;53;Distrito Federal;10564;2014;100374;Total;10564
Indicador  6.4.1;1618;624.55;53;Distrito Federal;10564;2014;46522;Indústria;10564
Indicador  6.4.1;1618;974.51;53;Distrito Federal;10564;2014;13;Serviços;10564
Indicador  6.4.1;1618;-1.54;53;Distrito Federal;10564;2014;45985;Agropecuária;10564
Indicador  6.4.1;1618;516.87;53;Distrito Federal;10564;2015;100374;Total;10564
Indicador  6.4.1;1618;688.28;53;Distrito Federal;10564;2015;46522;Indústria;10564
Indicador  6.4.1;1618;953.45;53;Distrito Federal;10564;2015;13;Serviços;10564
Indicador  6.4.1;1618;-0.82;53;Distrito Federal;10564;2015;45985;Agropecuária;10564
Indicador  6.4.1;1618;446.75;53;Distrito Federal;10564;2016;100374;Total;10564
Indicador  6.4.1;1618;701.29;53;Distrito Federal;10564;2016;46522;Indústria;10564
Indicador  6.4.1;1618;938.77;53;Distrito Federal;10564;2016;13;Serviços;10564
Indicador  6.4.1;1618;-0.55;53;Distrito Federal;10564;2016;45985;Agropecuária;10564
Indicador  6.4.1;1618;463.64;53;Distrito Federal;10564;2017;100374;Total;10564
Indicador  6.4.1;1618;665.35;53;Distrito Federal;10564;2017;46522;Indústria;10564
Indicador  6.4.1;1618;925.91;53;Distrito Federal;10564;2017;13;Serviços;10564
Indicador  6.4.1;1618;-1.04;53;Distrito Federal;10564;2017;45985;Agropecuária;10564
Indicador  6.4.1;1618;519.22;53;Distrito Federal;10564;2018;100374;Total;10564
Indicador  6.4.1;1618;720.66;53;Distrito Federal;10564;2018;46522;Indústria;10564
Indicador  6.4.1;1618;960.15;53;Distrito Federal;10564;2018;13;Serviços;10564
Indicador  6.4.1;1618;-1.41;53;Distrito Federal;10564;2018;45985;Agropecuária;10564
Indicador  6.4.1;1767;24.29;1;Brasil;12771;2010;100374;Total;12771
Indicador  6.4.1;1767;37.80;1;Brasil;12771;2010;46522;Indústria;12771
Indicador  6.4.1;1767;73.41;1;Brasil;12771;2010;13;Serviços;12771
Indicador  6.4.1;1767;0.47;1;Brasil;12771;2010;45985;Agropecuária;12771
Indicador  6.4.1;1767;25.18;1;Brasil;12771;2011;100374;Total;12771
Indicador  6.4.1;1767;37.92;1;Brasil;12771;2011;46522;Indústria;12771
Indicador  6.4.1;1767;75.22;1;Brasil;12771;2011;13;Serviços;12771
Indicador  6.4.1;1767;0.49;1;Brasil;12771;2011;45985;Agropecuária;12771
Indicador  6.4.1;1767;23.26;1;Brasil;12771;2012;100374;Total;12771
Indicador  6.4.1;1767;36.49;1;Brasil;12771;2012;46522;Indústria;12771
Indicador  6.4.1;1767;76.70;1;Brasil;12771;2012;13;Serviços;12771
Indicador  6.4.1;1767;0.42;1;Brasil;12771;2012;45985;Agropecuária;12771
Indicador  6.4.1;1767;25.08;1;Brasil;12771;2013;100374;Total;12771
Indicador  6.4.1;1767;35.88;1;Brasil;12771;2013;46522;Indústria;12771
Indicador  6.4.1;1767;76.15;1;Brasil;12771;2013;13;Serviços;12771
Indicador  6.4.1;1767;0.48;1;Brasil;12771;2013;45985;Agropecuária;12771
Indicador  6.4.1;1767;24.43;1;Brasil;12771;2014;100374;Total;12771
Indicador  6.4.1;1767;34.02;1;Brasil;12771;2014;46522;Indústria;12771
Indicador  6.4.1;1767;76.14;1;Brasil;12771;2014;13;Serviços;12771
Indicador  6.4.1;1767;0.47;1;Brasil;12771;2014;45985;Agropecuária;12771
Indicador  6.4.1;1767;22.55;1;Brasil;12771;2015;100374;Total;12771
Indicador  6.4.1;1767;32.99;1;Brasil;12771;2015;46522;Indústria;12771
Indicador  6.4.1;1767;73.13;1;Brasil;12771;2015;13;Serviços;12771
Indicador  6.4.1;1767;0.43;1;Brasil;12771;2015;45985;Agropecuária;12771
Indicador  6.4.1;1767;21.83;1;Brasil;12771;2016;100374;Total;12771
Indicador  6.4.1;1767;34.24;1;Brasil;12771;2016;46522;Indústria;12771
Indicador  6.4.1;1767;70.96;1;Brasil;12771;2016;13;Serviços;12771
Indicador  6.4.1;1767;0.42;1;Brasil;12771;2016;45985;Agropecuária;12771
Indicador  6.4.1;1767;22.81;1;Brasil;12771;2017;100374;Total;12771
Indicador  6.4.1;1767;35.11;1;Brasil;12771;2017;46522;Indústria;12771
Indicador  6.4.1;1767;70.84;1;Brasil;12771;2017;13;Serviços;12771
Indicador  6.4.1;1767;0.44;1;Brasil;12771;2017;45985;Agropecuária;12771
Indicador  6.4.1;1767;23.42;1;Brasil;12771;2018;100374;Total;12771
Indicador  6.4.1;1767;34.73;1;Brasil;12771;2018;46522;Indústria;12771
Indicador  6.4.1;1767;76.99;1;Brasil;12771;2018;13;Serviços;12771
Indicador  6.4.1;1767;0.45;1;Brasil;12771;2018;45985;Agropecuária;12771
Indicador  6.4.1;1767;14.22;11;Rondônia;12771;2010;100374;Total;12771
Indicador  6.4.1;1767;91.46;11;Rondônia;12771;2010;46522;Indústria;12771
Indicador  6.4.1;1767;42.37;11;Rondônia;12771;2010;13;Serviços;12771
Indicador  6.4.1;1767;1.93;11;Rondônia;12771;2010;45985;Agropecuária;12771
Indicador  6.4.1;1767;14.09;11;Rondônia;12771;2011;100374;Total;12771
Indicador  6.4.1;1767;96.57;11;Rondônia;12771;2011;46522;Indústria;12771
Indicador  6.4.1;1767;43.57;11;Rondônia;12771;2011;13;Serviços;12771
Indicador  6.4.1;1767;1.74;11;Rondônia;12771;2011;45985;Agropecuária;12771
Indicador  6.4.1;1767;14.76;11;Rondônia;12771;2012;100374;Total;12771
Indicador  6.4.1;1767;94.65;11;Rondônia;12771;2012;46522;Indústria;12771
Indicador  6.4.1;1767;44.27;11;Rondônia;12771;2012;13;Serviços;12771
Indicador  6.4.1;1767;1.81;11;Rondônia;12771;2012;45985;Agropecuária;12771
Indicador  6.4.1;1767;14.87;11;Rondônia;12771;2013;100374;Total;12771
Indicador  6.4.1;1767;90.54;11;Rondônia;12771;2013;46522;Indústria;12771
Indicador  6.4.1;1767;41.65;11;Rondônia;12771;2013;13;Serviços;12771
Indicador  6.4.1;1767;2.03;11;Rondônia;12771;2013;45985;Agropecuária;12771
Indicador  6.4.1;1767;14.77;11;Rondônia;12771;2014;100374;Total;12771
Indicador  6.4.1;1767;82.72;11;Rondônia;12771;2014;46522;Indústria;12771
Indicador  6.4.1;1767;42.24;11;Rondônia;12771;2014;13;Serviços;12771
Indicador  6.4.1;1767;2.01;11;Rondônia;12771;2014;45985;Agropecuária;12771
Indicador  6.4.1;1767;12.58;11;Rondônia;12771;2015;100374;Total;12771
Indicador  6.4.1;1767;75.12;11;Rondônia;12771;2015;46522;Indústria;12771
Indicador  6.4.1;1767;40.95;11;Rondônia;12771;2015;13;Serviços;12771
Indicador  6.4.1;1767;1.67;11;Rondônia;12771;2015;45985;Agropecuária;12771
Indicador  6.4.1;1767;11.51;11;Rondônia;12771;2016;100374;Total;12771
Indicador  6.4.1;1767;74.07;11;Rondônia;12771;2016;46522;Indústria;12771
Indicador  6.4.1;1767;39.37;11;Rondônia;12771;2016;13;Serviços;12771
Indicador  6.4.1;1767;1.58;11;Rondônia;12771;2016;45985;Agropecuária;12771
Indicador  6.4.1;1767;11.99;11;Rondônia;12771;2017;100374;Total;12771
Indicador  6.4.1;1767;68.45;11;Rondônia;12771;2017;46522;Indústria;12771
Indicador  6.4.1;1767;39.63;11;Rondônia;12771;2017;13;Serviços;12771
Indicador  6.4.1;1767;1.78;11;Rondônia;12771;2017;45985;Agropecuária;12771
Indicador  6.4.1;1767;11.26;11;Rondônia;12771;2018;100374;Total;12771
Indicador  6.4.1;1767;72.14;11;Rondônia;12771;2018;46522;Indústria;12771
Indicador  6.4.1;1767;41.61;11;Rondônia;12771;2018;13;Serviços;12771
Indicador  6.4.1;1767;1.63;11;Rondônia;12771;2018;45985;Agropecuária;12771
Indicador  6.4.1;1767;22.67;12;Acre;12771;2010;100374;Total;12771
Indicador  6.4.1;1767;89.60;12;Acre;12771;2010;46522;Indústria;12771
Indicador  6.4.1;1767;31.92;12;Acre;12771;2010;13;Serviços;12771
Indicador  6.4.1;1767;5.56;12;Acre;12771;2010;45985;Agropecuária;12771
Indicador  6.4.1;1767;23.28;12;Acre;12771;2011;100374;Total;12771
Indicador  6.4.1;1767;85.53;12;Acre;12771;2011;46522;Indústria;12771
Indicador  6.4.1;1767;32.37;12;Acre;12771;2011;13;Serviços;12771
Indicador  6.4.1;1767;5.79;12;Acre;12771;2011;45985;Agropecuária;12771
Indicador  6.4.1;1767;24.25;12;Acre;12771;2012;100374;Total;12771
Indicador  6.4.1;1767;94.51;12;Acre;12771;2012;46522;Indústria;12771
Indicador  6.4.1;1767;33.53;12;Acre;12771;2012;13;Serviços;12771
Indicador  6.4.1;1767;6.05;12;Acre;12771;2012;45985;Agropecuária;12771
Indicador  6.4.1;1767;24.31;12;Acre;12771;2013;100374;Total;12771
Indicador  6.4.1;1767;92.32;12;Acre;12771;2013;46522;Indústria;12771
Indicador  6.4.1;1767;33.53;12;Acre;12771;2013;13;Serviços;12771
Indicador  6.4.1;1767;6.22;12;Acre;12771;2013;45985;Agropecuária;12771
Indicador  6.4.1;1767;24.77;12;Acre;12771;2014;100374;Total;12771
Indicador  6.4.1;1767;99.96;12;Acre;12771;2014;46522;Indústria;12771
Indicador  6.4.1;1767;33.68;12;Acre;12771;2014;13;Serviços;12771
Indicador  6.4.1;1767;6.78;12;Acre;12771;2014;45985;Agropecuária;12771
Indicador  6.4.1;1767;23.12;12;Acre;12771;2015;100374;Total;12771
Indicador  6.4.1;1767;87.58;12;Acre;12771;2015;46522;Indústria;12771
Indicador  6.4.1;1767;32.61;12;Acre;12771;2015;13;Serviços;12771
Indicador  6.4.1;1767;6.01;12;Acre;12771;2015;45985;Agropecuária;12771
Indicador  6.4.1;1767;22.23;12;Acre;12771;2016;100374;Total;12771
Indicador  6.4.1;1767;91.85;12;Acre;12771;2016;46522;Indústria;12771
Indicador  6.4.1;1767;31.34;12;Acre;12771;2016;13;Serviços;12771
Indicador  6.4.1;1767;5.89;12;Acre;12771;2016;45985;Agropecuária;12771
Indicador  6.4.1;1767;22.55;12;Acre;12771;2017;100374;Total;12771
Indicador  6.4.1;1767;97.50;12;Acre;12771;2017;46522;Indústria;12771
Indicador  6.4.1;1767;31.52;12;Acre;12771;2017;13;Serviços;12771
Indicador  6.4.1;1767;5.53;12;Acre;12771;2017;45985;Agropecuária;12771
Indicador  6.4.1;1767;21.69;12;Acre;12771;2018;100374;Total;12771
Indicador  6.4.1;1767;105.07;12;Acre;12771;2018;46522;Indústria;12771
Indicador  6.4.1;1767;30.61;12;Acre;12771;2018;13;Serviços;12771
Indicador  6.4.1;1767;4.68;12;Acre;12771;2018;45985;Agropecuária;12771
Indicador  6.4.1;1767;24.36;13;Amazonas;12771;2010;100374;Total;12771
Indicador  6.4.1;1767;15.36;13;Amazonas;12771;2010;46522;Indústria;12771
Indicador  6.4.1;1767;40.93;13;Amazonas;12771;2010;13;Serviços;12771
Indicador  6.4.1;1767;17.47;13;Amazonas;12771;2010;45985;Agropecuária;12771
Indicador  6.4.1;1767;25.89;13;Amazonas;12771;2011;100374;Total;12771
Indicador  6.4.1;1767;16.81;13;Amazonas;12771;2011;46522;Indústria;12771
Indicador  6.4.1;1767;41.63;13;Amazonas;12771;2011;13;Serviços;12771
Indicador  6.4.1;1767;23.15;13;Amazonas;12771;2011;45985;Agropecuária;12771
Indicador  6.4.1;1767;26.06;13;Amazonas;12771;2012;100374;Total;12771
Indicador  6.4.1;1767;16.55;13;Amazonas;12771;2012;46522;Indústria;12771
Indicador  6.4.1;1767;42.69;13;Amazonas;12771;2012;13;Serviços;12771
Indicador  6.4.1;1767;21.19;13;Amazonas;12771;2012;45985;Agropecuária;12771
Indicador  6.4.1;1767;26.52;13;Amazonas;12771;2013;100374;Total;12771
Indicador  6.4.1;1767;17.25;13;Amazonas;12771;2013;46522;Indústria;12771
Indicador  6.4.1;1767;41.37;13;Amazonas;12771;2013;13;Serviços;12771
Indicador  6.4.1;1767;24.36;13;Amazonas;12771;2013;45985;Agropecuária;12771
Indicador  6.4.1;1767;26.22;13;Amazonas;12771;2014;100374;Total;12771
Indicador  6.4.1;1767;16.28;13;Amazonas;12771;2014;46522;Indústria;12771
Indicador  6.4.1;1767;42.13;13;Amazonas;12771;2014;13;Serviços;12771
Indicador  6.4.1;1767;22.38;13;Amazonas;12771;2014;45985;Agropecuária;12771
Indicador  6.4.1;1767;25.97;13;Amazonas;12771;2015;100374;Total;12771
Indicador  6.4.1;1767;14.74;13;Amazonas;12771;2015;46522;Indústria;12771
Indicador  6.4.1;1767;40.44;13;Amazonas;12771;2015;13;Serviços;12771
Indicador  6.4.1;1767;37.35;13;Amazonas;12771;2015;45985;Agropecuária;12771
Indicador  6.4.1;1767;46.44;13;Amazonas;12771;2016;100374;Total;12771
Indicador  6.4.1;1767;39.49;13;Amazonas;12771;2016;46522;Indústria;12771
Indicador  6.4.1;1767;38.24;13;Amazonas;12771;2016;13;Serviços;12771
Indicador  6.4.1;1767;119.56;13;Amazonas;12771;2016;45985;Agropecuária;12771
Indicador  6.4.1;1767;40.50;13;Amazonas;12771;2017;100374;Total;12771
Indicador  6.4.1;1767;49.41;13;Amazonas;12771;2017;46522;Indústria;12771
Indicador  6.4.1;1767;39.19;13;Amazonas;12771;2017;13;Serviços;12771
Indicador  6.4.1;1767;25.12;13;Amazonas;12771;2017;45985;Agropecuária;12771
Indicador  6.4.1;1767;35.12;13;Amazonas;12771;2018;100374;Total;12771
Indicador  6.4.1;1767;30.24;13;Amazonas;12771;2018;46522;Indústria;12771
Indicador  6.4.1;1767;40.50;13;Amazonas;12771;2018;13;Serviços;12771
Indicador  6.4.1;1767;23.81;13;Amazonas;12771;2018;45985;Agropecuária;12771
Indicador  6.4.1;1767;13.56;14;Roraima;12771;2010;100374;Total;12771
Indicador  6.4.1;1767;203.35;14;Roraima;12771;2010;46522;Indústria;12771
Indicador  6.4.1;1767;39.71;14;Roraima;12771;2010;13;Serviços;12771
Indicador  6.4.1;1767;0.60;14;Roraima;12771;2010;45985;Agropecuária;12771
Indicador  6.4.1;1767;12.56;14;Roraima;12771;2011;100374;Total;12771
Indicador  6.4.1;1767;168.98;14;Roraima;12771;2011;46522;Indústria;12771
Indicador  6.4.1;1767;40.21;14;Roraima;12771;2011;13;Serviços;12771
Indicador  6.4.1;1767;0.51;14;Roraima;12771;2011;45985;Agropecuária;12771
Indicador  6.4.1;1767;11.47;14;Roraima;12771;2012;100374;Total;12771
Indicador  6.4.1;1767;164.58;14;Roraima;12771;2012;46522;Indústria;12771
Indicador  6.4.1;1767;40.79;14;Roraima;12771;2012;13;Serviços;12771
Indicador  6.4.1;1767;0.49;14;Roraima;12771;2012;45985;Agropecuária;12771
Indicador  6.4.1;1767;11.97;14;Roraima;12771;2013;100374;Total;12771
Indicador  6.4.1;1767;145.59;14;Roraima;12771;2013;46522;Indústria;12771
Indicador  6.4.1;1767;40.90;14;Roraima;12771;2013;13;Serviços;12771
Indicador  6.4.1;1767;0.61;14;Roraima;12771;2013;45985;Agropecuária;12771
Indicador  6.4.1;1767;10.42;14;Roraima;12771;2014;100374;Total;12771
Indicador  6.4.1;1767;150.91;14;Roraima;12771;2014;46522;Indústria;12771
Indicador  6.4.1;1767;41.35;14;Roraima;12771;2014;13;Serviços;12771
Indicador  6.4.1;1767;0.59;14;Roraima;12771;2014;45985;Agropecuária;12771
Indicador  6.4.1;1767;9.73;14;Roraima;12771;2015;100374;Total;12771
Indicador  6.4.1;1767;146.78;14;Roraima;12771;2015;46522;Indústria;12771
Indicador  6.4.1;1767;39.74;14;Roraima;12771;2015;13;Serviços;12771
Indicador  6.4.1;1767;1.06;14;Roraima;12771;2015;45985;Agropecuária;12771
Indicador  6.4.1;1767;10.82;14;Roraima;12771;2016;100374;Total;12771
Indicador  6.4.1;1767;124.60;14;Roraima;12771;2016;46522;Indústria;12771
Indicador  6.4.1;1767;39.69;14;Roraima;12771;2016;13;Serviços;12771
Indicador  6.4.1;1767;1.22;14;Roraima;12771;2016;45985;Agropecuária;12771
Indicador  6.4.1;1767;49.68;14;Roraima;12771;2017;100374;Total;12771
Indicador  6.4.1;1767;152.83;14;Roraima;12771;2017;46522;Indústria;12771
Indicador  6.4.1;1767;40.50;14;Roraima;12771;2017;13;Serviços;12771
Indicador  6.4.1;1767;51.44;14;Roraima;12771;2017;45985;Agropecuária;12771
Indicador  6.4.1;1767;12.26;14;Roraima;12771;2018;100374;Total;12771
Indicador  6.4.1;1767;154.88;14;Roraima;12771;2018;46522;Indústria;12771
Indicador  6.4.1;1767;37.98;14;Roraima;12771;2018;13;Serviços;12771
Indicador  6.4.1;1767;4.09;14;Roraima;12771;2018;45985;Agropecuária;12771
Indicador  6.4.1;1767;17.57;15;Pará;12771;2010;100374;Total;12771
Indicador  6.4.1;1767;16.30;15;Pará;12771;2010;46522;Indústria;12771
Indicador  6.4.1;1767;37.27;15;Pará;12771;2010;13;Serviços;12771
Indicador  6.4.1;1767;-0.39;15;Pará;12771;2010;45985;Agropecuária;12771
Indicador  6.4.1;1767;17.51;15;Pará;12771;2011;100374;Total;12771
Indicador  6.4.1;1767;15.76;15;Pará;12771;2011;46522;Indústria;12771
Indicador  6.4.1;1767;37.78;15;Pará;12771;2011;13;Serviços;12771
Indicador  6.4.1;1767;0.00;15;Pará;12771;2011;45985;Agropecuária;12771
Indicador  6.4.1;1767;17.70;15;Pará;12771;2012;100374;Total;12771
Indicador  6.4.1;1767;15.93;15;Pará;12771;2012;46522;Indústria;12771
Indicador  6.4.1;1767;38.91;15;Pará;12771;2012;13;Serviços;12771
Indicador  6.4.1;1767;0.49;15;Pará;12771;2012;45985;Agropecuária;12771
Indicador  6.4.1;1767;18.27;15;Pará;12771;2013;100374;Total;12771
Indicador  6.4.1;1767;15.57;15;Pará;12771;2013;46522;Indústria;12771
Indicador  6.4.1;1767;39.14;15;Pará;12771;2013;13;Serviços;12771
Indicador  6.4.1;1767;0.90;15;Pará;12771;2013;45985;Agropecuária;12771
Indicador  6.4.1;1767;18.37;15;Pará;12771;2014;100374;Total;12771
Indicador  6.4.1;1767;16.75;15;Pará;12771;2014;46522;Indústria;12771
Indicador  6.4.1;1767;39.54;15;Pará;12771;2014;13;Serviços;12771
Indicador  6.4.1;1767;1.21;15;Pará;12771;2014;45985;Agropecuária;12771
Indicador  6.4.1;1767;17.14;15;Pará;12771;2015;100374;Total;12771
Indicador  6.4.1;1767;16.98;15;Pará;12771;2015;46522;Indústria;12771
Indicador  6.4.1;1767;37.85;15;Pará;12771;2015;13;Serviços;12771
Indicador  6.4.1;1767;1.13;15;Pará;12771;2015;45985;Agropecuária;12771
Indicador  6.4.1;1767;16.62;15;Pará;12771;2016;100374;Total;12771
Indicador  6.4.1;1767;15.65;15;Pará;12771;2016;46522;Indústria;12771
Indicador  6.4.1;1767;36.11;15;Pará;12771;2016;13;Serviços;12771
Indicador  6.4.1;1767;1.27;15;Pará;12771;2016;45985;Agropecuária;12771
Indicador  6.4.1;1767;16.30;15;Pará;12771;2017;100374;Total;12771
Indicador  6.4.1;1767;15.49;15;Pará;12771;2017;46522;Indústria;12771
Indicador  6.4.1;1767;36.50;15;Pará;12771;2017;13;Serviços;12771
Indicador  6.4.1;1767;1.17;15;Pará;12771;2017;45985;Agropecuária;12771
Indicador  6.4.1;1767;16.90;15;Pará;12771;2018;100374;Total;12771
Indicador  6.4.1;1767;15.46;15;Pará;12771;2018;46522;Indústria;12771
Indicador  6.4.1;1767;37.08;15;Pará;12771;2018;13;Serviços;12771
Indicador  6.4.1;1767;1.35;15;Pará;12771;2018;45985;Agropecuária;12771
Indicador  6.4.1;1767;24.32;16;Amapá;12771;2010;100374;Total;12771
Indicador  6.4.1;1767;44.84;16;Amapá;12771;2010;46522;Indústria;12771
Indicador  6.4.1;1767;26.82;16;Amapá;12771;2010;13;Serviços;12771
Indicador  6.4.1;1767;0.55;16;Amapá;12771;2010;45985;Agropecuária;12771
Indicador  6.4.1;1767;23.20;16;Amapá;12771;2011;100374;Total;12771
Indicador  6.4.1;1767;42.52;16;Amapá;12771;2011;46522;Indústria;12771
Indicador  6.4.1;1767;26.49;16;Amapá;12771;2011;13;Serviços;12771
Indicador  6.4.1;1767;0.25;16;Amapá;12771;2011;45985;Agropecuária;12771
Indicador  6.4.1;1767;24.64;16;Amapá;12771;2012;100374;Total;12771
Indicador  6.4.1;1767;58.92;16;Amapá;12771;2012;46522;Indústria;12771
Indicador  6.4.1;1767;27.78;16;Amapá;12771;2012;13;Serviços;12771
Indicador  6.4.1;1767;0.41;16;Amapá;12771;2012;45985;Agropecuária;12771
Indicador  6.4.1;1767;25.51;16;Amapá;12771;2013;100374;Total;12771
Indicador  6.4.1;1767;107.04;16;Amapá;12771;2013;46522;Indústria;12771
Indicador  6.4.1;1767;27.43;16;Amapá;12771;2013;13;Serviços;12771
Indicador  6.4.1;1767;0.79;16;Amapá;12771;2013;45985;Agropecuária;12771
Indicador  6.4.1;1767;23.98;16;Amapá;12771;2014;100374;Total;12771
Indicador  6.4.1;1767;64.84;16;Amapá;12771;2014;46522;Indústria;12771
Indicador  6.4.1;1767;27.40;16;Amapá;12771;2014;13;Serviços;12771
Indicador  6.4.1;1767;0.71;16;Amapá;12771;2014;45985;Agropecuária;12771
Indicador  6.4.1;1767;22.06;16;Amapá;12771;2015;100374;Total;12771
Indicador  6.4.1;1767;75.52;16;Amapá;12771;2015;46522;Indústria;12771
Indicador  6.4.1;1767;25.58;16;Amapá;12771;2015;13;Serviços;12771
Indicador  6.4.1;1767;0.52;16;Amapá;12771;2015;45985;Agropecuária;12771
Indicador  6.4.1;1767;21.23;16;Amapá;12771;2016;100374;Total;12771
Indicador  6.4.1;1767;69.34;16;Amapá;12771;2016;46522;Indústria;12771
Indicador  6.4.1;1767;24.02;16;Amapá;12771;2016;13;Serviços;12771
Indicador  6.4.1;1767;0.44;16;Amapá;12771;2016;45985;Agropecuária;12771
Indicador  6.4.1;1767;20.92;16;Amapá;12771;2017;100374;Total;12771
Indicador  6.4.1;1767;67.15;16;Amapá;12771;2017;46522;Indústria;12771
Indicador  6.4.1;1767;23.83;16;Amapá;12771;2017;13;Serviços;12771
Indicador  6.4.1;1767;0.45;16;Amapá;12771;2017;45985;Agropecuária;12771
Indicador  6.4.1;1767;20.97;16;Amapá;12771;2018;100374;Total;12771
Indicador  6.4.1;1767;67.54;16;Amapá;12771;2018;46522;Indústria;12771
Indicador  6.4.1;1767;23.46;16;Amapá;12771;2018;13;Serviços;12771
Indicador  6.4.1;1767;0.46;16;Amapá;12771;2018;45985;Agropecuária;12771
Indicador  6.4.1;1767;7.46;17;Tocantins;12771;2010;100374;Total;12771
Indicador  6.4.1;1767;65.26;17;Tocantins;12771;2010;46522;Indústria;12771
Indicador  6.4.1;1767;57.79;17;Tocantins;12771;2010;13;Serviços;12771
Indicador  6.4.1;1767;0.54;17;Tocantins;12771;2010;45985;Agropecuária;12771
Indicador  6.4.1;1767;9.34;17;Tocantins;12771;2011;100374;Total;12771
Indicador  6.4.1;1767;58.18;17;Tocantins;12771;2011;46522;Indústria;12771
Indicador  6.4.1;1767;62.10;17;Tocantins;12771;2011;13;Serviços;12771
Indicador  6.4.1;1767;0.62;17;Tocantins;12771;2011;45985;Agropecuária;12771
Indicador  6.4.1;1767;8.13;17;Tocantins;12771;2012;100374;Total;12771
Indicador  6.4.1;1767;60.04;17;Tocantins;12771;2012;46522;Indústria;12771
Indicador  6.4.1;1767;64.39;17;Tocantins;12771;2012;13;Serviços;12771
Indicador  6.4.1;1767;0.51;17;Tocantins;12771;2012;45985;Agropecuária;12771
Indicador  6.4.1;1767;9.57;17;Tocantins;12771;2013;100374;Total;12771
Indicador  6.4.1;1767;58.04;17;Tocantins;12771;2013;46522;Indústria;12771
Indicador  6.4.1;1767;62.46;17;Tocantins;12771;2013;13;Serviços;12771
Indicador  6.4.1;1767;0.63;17;Tocantins;12771;2013;45985;Agropecuária;12771
Indicador  6.4.1;1767;8.51;17;Tocantins;12771;2014;100374;Total;12771
Indicador  6.4.1;1767;61.16;17;Tocantins;12771;2014;46522;Indústria;12771
Indicador  6.4.1;1767;64.26;17;Tocantins;12771;2014;13;Serviços;12771
Indicador  6.4.1;1767;0.56;17;Tocantins;12771;2014;45985;Agropecuária;12771
Indicador  6.4.1;1767;6.81;17;Tocantins;12771;2015;100374;Total;12771
Indicador  6.4.1;1767;56.13;17;Tocantins;12771;2015;46522;Indústria;12771
Indicador  6.4.1;1767;61.98;17;Tocantins;12771;2015;13;Serviços;12771
Indicador  6.4.1;1767;0.42;17;Tocantins;12771;2015;45985;Agropecuária;12771
Indicador  6.4.1;1767;6.42;17;Tocantins;12771;2016;100374;Total;12771
Indicador  6.4.1;1767;58.74;17;Tocantins;12771;2016;46522;Indústria;12771
Indicador  6.4.1;1767;59.35;17;Tocantins;12771;2016;13;Serviços;12771
Indicador  6.4.1;1767;0.47;17;Tocantins;12771;2016;45985;Agropecuária;12771
Indicador  6.4.1;1767;6.87;17;Tocantins;12771;2017;100374;Total;12771
Indicador  6.4.1;1767;60.25;17;Tocantins;12771;2017;46522;Indústria;12771
Indicador  6.4.1;1767;58.98;17;Tocantins;12771;2017;13;Serviços;12771
Indicador  6.4.1;1767;0.49;17;Tocantins;12771;2017;45985;Agropecuária;12771
Indicador  6.4.1;1767;6.48;17;Tocantins;12771;2018;100374;Total;12771
Indicador  6.4.1;1767;60.69;17;Tocantins;12771;2018;46522;Indústria;12771
Indicador  6.4.1;1767;67.71;17;Tocantins;12771;2018;13;Serviços;12771
Indicador  6.4.1;1767;0.43;17;Tocantins;12771;2018;45985;Agropecuária;12771
Indicador  6.4.1;1767;14.13;21;Maranhão;12771;2010;100374;Total;12771
Indicador  6.4.1;1767;100.78;21;Maranhão;12771;2010;46522;Indústria;12771
Indicador  6.4.1;1767;23.65;21;Maranhão;12771;2010;13;Serviços;12771
Indicador  6.4.1;1767;0.73;21;Maranhão;12771;2010;45985;Agropecuária;12771
Indicador  6.4.1;1767;15.02;21;Maranhão;12771;2011;100374;Total;12771
Indicador  6.4.1;1767;80.02;21;Maranhão;12771;2011;46522;Indústria;12771
Indicador  6.4.1;1767;24.02;21;Maranhão;12771;2011;13;Serviços;12771
Indicador  6.4.1;1767;0.81;21;Maranhão;12771;2011;45985;Agropecuária;12771
Indicador  6.4.1;1767;14.21;21;Maranhão;12771;2012;100374;Total;12771
Indicador  6.4.1;1767;73.41;21;Maranhão;12771;2012;46522;Indústria;12771
Indicador  6.4.1;1767;24.88;21;Maranhão;12771;2012;13;Serviços;12771
Indicador  6.4.1;1767;0.71;21;Maranhão;12771;2012;45985;Agropecuária;12771
Indicador  6.4.1;1767;14.96;21;Maranhão;12771;2013;100374;Total;12771
Indicador  6.4.1;1767;54.05;21;Maranhão;12771;2013;46522;Indústria;12771
Indicador  6.4.1;1767;25.63;21;Maranhão;12771;2013;13;Serviços;12771
Indicador  6.4.1;1767;0.78;21;Maranhão;12771;2013;45985;Agropecuária;12771
Indicador  6.4.1;1767;13.44;21;Maranhão;12771;2014;100374;Total;12771
Indicador  6.4.1;1767;16.71;21;Maranhão;12771;2014;46522;Indústria;12771
Indicador  6.4.1;1767;25.72;21;Maranhão;12771;2014;13;Serviços;12771
Indicador  6.4.1;1767;0.82;21;Maranhão;12771;2014;45985;Agropecuária;12771
Indicador  6.4.1;1767;11.71;21;Maranhão;12771;2015;100374;Total;12771
Indicador  6.4.1;1767;13.15;21;Maranhão;12771;2015;46522;Indústria;12771
Indicador  6.4.1;1767;24.71;21;Maranhão;12771;2015;13;Serviços;12771
Indicador  6.4.1;1767;0.69;21;Maranhão;12771;2015;45985;Agropecuária;12771
Indicador  6.4.1;1767;11.92;21;Maranhão;12771;2016;100374;Total;12771
Indicador  6.4.1;1767;12.69;21;Maranhão;12771;2016;46522;Indústria;12771
Indicador  6.4.1;1767;24.20;21;Maranhão;12771;2016;13;Serviços;12771
Indicador  6.4.1;1767;0.82;21;Maranhão;12771;2016;45985;Agropecuária;12771
Indicador  6.4.1;1767;12.72;21;Maranhão;12771;2017;100374;Total;12771
Indicador  6.4.1;1767;11.77;21;Maranhão;12771;2017;46522;Indústria;12771
Indicador  6.4.1;1767;24.69;21;Maranhão;12771;2017;13;Serviços;12771
Indicador  6.4.1;1767;0.90;21;Maranhão;12771;2017;45985;Agropecuária;12771
Indicador  6.4.1;1767;13.34;21;Maranhão;12771;2018;100374;Total;12771
Indicador  6.4.1;1767;12.42;21;Maranhão;12771;2018;46522;Indústria;12771
Indicador  6.4.1;1767;25.22;21;Maranhão;12771;2018;13;Serviços;12771
Indicador  6.4.1;1767;0.95;21;Maranhão;12771;2018;45985;Agropecuária;12771
Indicador  6.4.1;1767;16.13;22;Piauí;12771;2010;100374;Total;12771
Indicador  6.4.1;1767;63.88;22;Piauí;12771;2010;46522;Indústria;12771
Indicador  6.4.1;1767;42.28;22;Piauí;12771;2010;13;Serviços;12771
Indicador  6.4.1;1767;0.43;22;Piauí;12771;2010;45985;Agropecuária;12771
Indicador  6.4.1;1767;17.62;22;Piauí;12771;2011;100374;Total;12771
Indicador  6.4.1;1767;59.98;22;Piauí;12771;2011;46522;Indústria;12771
Indicador  6.4.1;1767;42.68;22;Piauí;12771;2011;13;Serviços;12771
Indicador  6.4.1;1767;0.51;22;Piauí;12771;2011;45985;Agropecuária;12771
Indicador  6.4.1;1767;15.44;22;Piauí;12771;2012;100374;Total;12771
Indicador  6.4.1;1767;68.10;22;Piauí;12771;2012;46522;Indústria;12771
Indicador  6.4.1;1767;44.19;22;Piauí;12771;2012;13;Serviços;12771
Indicador  6.4.1;1767;0.37;22;Piauí;12771;2012;45985;Agropecuária;12771
Indicador  6.4.1;1767;17.43;22;Piauí;12771;2013;100374;Total;12771
Indicador  6.4.1;1767;74.92;22;Piauí;12771;2013;46522;Indústria;12771
Indicador  6.4.1;1767;45.39;22;Piauí;12771;2013;13;Serviços;12771
Indicador  6.4.1;1767;0.43;22;Piauí;12771;2013;45985;Agropecuária;12771
Indicador  6.4.1;1767;18.06;22;Piauí;12771;2014;100374;Total;12771
Indicador  6.4.1;1767;72.78;22;Piauí;12771;2014;46522;Indústria;12771
Indicador  6.4.1;1767;45.79;22;Piauí;12771;2014;13;Serviços;12771
Indicador  6.4.1;1767;0.47;22;Piauí;12771;2014;45985;Agropecuária;12771
Indicador  6.4.1;1767;16.38;22;Piauí;12771;2015;100374;Total;12771
Indicador  6.4.1;1767;70.85;22;Piauí;12771;2015;46522;Indústria;12771
Indicador  6.4.1;1767;45.18;22;Piauí;12771;2015;13;Serviços;12771
Indicador  6.4.1;1767;0.40;22;Piauí;12771;2015;45985;Agropecuária;12771
Indicador  6.4.1;1767;15.27;22;Piauí;12771;2016;100374;Total;12771
Indicador  6.4.1;1767;65.05;22;Piauí;12771;2016;46522;Indústria;12771
Indicador  6.4.1;1767;44.40;22;Piauí;12771;2016;13;Serviços;12771
Indicador  6.4.1;1767;0.37;22;Piauí;12771;2016;45985;Agropecuária;12771
Indicador  6.4.1;1767;16.24;22;Piauí;12771;2017;100374;Total;12771
Indicador  6.4.1;1767;60.51;22;Piauí;12771;2017;46522;Indústria;12771
Indicador  6.4.1;1767;45.10;22;Piauí;12771;2017;13;Serviços;12771
Indicador  6.4.1;1767;0.44;22;Piauí;12771;2017;45985;Agropecuária;12771
Indicador  6.4.1;1767;16.32;22;Piauí;12771;2018;100374;Total;12771
Indicador  6.4.1;1767;42.96;22;Piauí;12771;2018;46522;Indústria;12771
Indicador  6.4.1;1767;44.72;22;Piauí;12771;2018;13;Serviços;12771
Indicador  6.4.1;1767;0.46;22;Piauí;12771;2018;45985;Agropecuária;12771
Indicador  6.4.1;1767;13.29;23;Ceará;12771;2010;100374;Total;12771
Indicador  6.4.1;1767;55.88;23;Ceará;12771;2010;46522;Indústria;12771
Indicador  6.4.1;1767;42.04;23;Ceará;12771;2010;13;Serviços;12771
Indicador  6.4.1;1767;0.16;23;Ceará;12771;2010;45985;Agropecuária;12771
Indicador  6.4.1;1767;16.39;23;Ceará;12771;2011;100374;Total;12771
Indicador  6.4.1;1767;55.81;23;Ceará;12771;2011;46522;Indústria;12771
Indicador  6.4.1;1767;42.89;23;Ceará;12771;2011;13;Serviços;12771
Indicador  6.4.1;1767;0.12;23;Ceará;12771;2011;45985;Agropecuária;12771
Indicador  6.4.1;1767;12.96;23;Ceará;12771;2012;100374;Total;12771
Indicador  6.4.1;1767;54.13;23;Ceará;12771;2012;46522;Indústria;12771
Indicador  6.4.1;1767;43.87;23;Ceará;12771;2012;13;Serviços;12771
Indicador  6.4.1;1767;0.19;23;Ceará;12771;2012;45985;Agropecuária;12771
Indicador  6.4.1;1767;15.28;23;Ceará;12771;2013;100374;Total;12771
Indicador  6.4.1;1767;52.19;23;Ceará;12771;2013;46522;Indústria;12771
Indicador  6.4.1;1767;44.38;23;Ceará;12771;2013;13;Serviços;12771
Indicador  6.4.1;1767;0.27;23;Ceará;12771;2013;45985;Agropecuária;12771
Indicador  6.4.1;1767;15.67;23;Ceará;12771;2014;100374;Total;12771
Indicador  6.4.1;1767;47.98;23;Ceará;12771;2014;46522;Indústria;12771
Indicador  6.4.1;1767;45.60;23;Ceará;12771;2014;13;Serviços;12771
Indicador  6.4.1;1767;0.28;23;Ceará;12771;2014;45985;Agropecuária;12771
Indicador  6.4.1;1767;15.23;23;Ceará;12771;2015;100374;Total;12771
Indicador  6.4.1;1767;44.44;23;Ceará;12771;2015;46522;Indústria;12771
Indicador  6.4.1;1767;44.47;23;Ceará;12771;2015;13;Serviços;12771
Indicador  6.4.1;1767;0.31;23;Ceará;12771;2015;45985;Agropecuária;12771
Indicador  6.4.1;1767;14.99;23;Ceará;12771;2016;100374;Total;12771
Indicador  6.4.1;1767;43.26;23;Ceará;12771;2016;46522;Indústria;12771
Indicador  6.4.1;1767;42.94;23;Ceará;12771;2016;13;Serviços;12771
Indicador  6.4.1;1767;0.34;23;Ceará;12771;2016;45985;Agropecuária;12771
Indicador  6.4.1;1767;16.54;23;Ceará;12771;2017;100374;Total;12771
Indicador  6.4.1;1767;42.95;23;Ceará;12771;2017;46522;Indústria;12771
Indicador  6.4.1;1767;42.89;23;Ceará;12771;2017;13;Serviços;12771
Indicador  6.4.1;1767;0.42;23;Ceará;12771;2017;45985;Agropecuária;12771
Indicador  6.4.1;1767;17.51;23;Ceará;12771;2018;100374;Total;12771
Indicador  6.4.1;1767;43.41;23;Ceará;12771;2018;46522;Indústria;12771
Indicador  6.4.1;1767;43.34;23;Ceará;12771;2018;13;Serviços;12771
Indicador  6.4.1;1767;0.53;23;Ceará;12771;2018;45985;Agropecuária;12771
Indicador  6.4.1;1767;20.41;24;Rio Grande do Norte;12771;2010;100374;Total;12771
Indicador  6.4.1;1767;46.65;24;Rio Grande do Norte;12771;2010;46522;Indústria;12771
Indicador  6.4.1;1767;49.15;24;Rio Grande do Norte;12771;2010;13;Serviços;12771
Indicador  6.4.1;1767;0.32;24;Rio Grande do Norte;12771;2010;45985;Agropecuária;12771
Indicador  6.4.1;1767;24.68;24;Rio Grande do Norte;12771;2011;100374;Total;12771
Indicador  6.4.1;1767;54.17;24;Rio Grande do Norte;12771;2011;46522;Indústria;12771
Indicador  6.4.1;1767;49.81;24;Rio Grande do Norte;12771;2011;13;Serviços;12771
Indicador  6.4.1;1767;0.41;24;Rio Grande do Norte;12771;2011;45985;Agropecuária;12771
Indicador  6.4.1;1767;18.90;24;Rio Grande do Norte;12771;2012;100374;Total;12771
Indicador  6.4.1;1767;57.70;24;Rio Grande do Norte;12771;2012;46522;Indústria;12771
Indicador  6.4.1;1767;50.55;24;Rio Grande do Norte;12771;2012;13;Serviços;12771
Indicador  6.4.1;1767;0.22;24;Rio Grande do Norte;12771;2012;45985;Agropecuária;12771
Indicador  6.4.1;1767;21.28;24;Rio Grande do Norte;12771;2013;100374;Total;12771
Indicador  6.4.1;1767;58.58;24;Rio Grande do Norte;12771;2013;46522;Indústria;12771
Indicador  6.4.1;1767;50.27;24;Rio Grande do Norte;12771;2013;13;Serviços;12771
Indicador  6.4.1;1767;0.28;24;Rio Grande do Norte;12771;2013;45985;Agropecuária;12771
Indicador  6.4.1;1767;21.66;24;Rio Grande do Norte;12771;2014;100374;Total;12771
Indicador  6.4.1;1767;57.82;24;Rio Grande do Norte;12771;2014;46522;Indústria;12771
Indicador  6.4.1;1767;50.70;24;Rio Grande do Norte;12771;2014;13;Serviços;12771
Indicador  6.4.1;1767;0.33;24;Rio Grande do Norte;12771;2014;45985;Agropecuária;12771
Indicador  6.4.1;1767;20.49;24;Rio Grande do Norte;12771;2015;100374;Total;12771
Indicador  6.4.1;1767;59.08;24;Rio Grande do Norte;12771;2015;46522;Indústria;12771
Indicador  6.4.1;1767;49.35;24;Rio Grande do Norte;12771;2015;13;Serviços;12771
Indicador  6.4.1;1767;0.33;24;Rio Grande do Norte;12771;2015;45985;Agropecuária;12771
Indicador  6.4.1;1767;19.55;24;Rio Grande do Norte;12771;2016;100374;Total;12771
Indicador  6.4.1;1767;56.55;24;Rio Grande do Norte;12771;2016;46522;Indústria;12771
Indicador  6.4.1;1767;47.23;24;Rio Grande do Norte;12771;2016;13;Serviços;12771
Indicador  6.4.1;1767;0.31;24;Rio Grande do Norte;12771;2016;45985;Agropecuária;12771
Indicador  6.4.1;1767;20.90;24;Rio Grande do Norte;12771;2017;100374;Total;12771
Indicador  6.4.1;1767;55.78;24;Rio Grande do Norte;12771;2017;46522;Indústria;12771
Indicador  6.4.1;1767;47.57;24;Rio Grande do Norte;12771;2017;13;Serviços;12771
Indicador  6.4.1;1767;0.37;24;Rio Grande do Norte;12771;2017;45985;Agropecuária;12771
Indicador  6.4.1;1767;21.84;24;Rio Grande do Norte;12771;2018;100374;Total;12771
Indicador  6.4.1;1767;56.68;24;Rio Grande do Norte;12771;2018;46522;Indústria;12771
Indicador  6.4.1;1767;48.90;24;Rio Grande do Norte;12771;2018;13;Serviços;12771
Indicador  6.4.1;1767;0.43;24;Rio Grande do Norte;12771;2018;45985;Agropecuária;12771
Indicador  6.4.1;1767;22.79;25;Paraíba;12771;2010;100374;Total;12771
Indicador  6.4.1;1767;19.00;25;Paraíba;12771;2010;46522;Indústria;12771
Indicador  6.4.1;1767;50.51;25;Paraíba;12771;2010;13;Serviços;12771
Indicador  6.4.1;1767;2.64;25;Paraíba;12771;2010;45985;Agropecuária;12771
Indicador  6.4.1;1767;26.45;25;Paraíba;12771;2011;100374;Total;12771
Indicador  6.4.1;1767;19.77;25;Paraíba;12771;2011;46522;Indústria;12771
Indicador  6.4.1;1767;51.70;25;Paraíba;12771;2011;13;Serviços;12771
Indicador  6.4.1;1767;4.19;25;Paraíba;12771;2011;45985;Agropecuária;12771
Indicador  6.4.1;1767;23.74;25;Paraíba;12771;2012;100374;Total;12771
Indicador  6.4.1;1767;21.20;25;Paraíba;12771;2012;46522;Indústria;12771
Indicador  6.4.1;1767;53.35;25;Paraíba;12771;2012;13;Serviços;12771
Indicador  6.4.1;1767;2.48;25;Paraíba;12771;2012;45985;Agropecuária;12771
Indicador  6.4.1;1767;28.27;25;Paraíba;12771;2013;100374;Total;12771
Indicador  6.4.1;1767;23.67;25;Paraíba;12771;2013;46522;Indústria;12771
Indicador  6.4.1;1767;54.43;25;Paraíba;12771;2013;13;Serviços;12771
Indicador  6.4.1;1767;4.22;25;Paraíba;12771;2013;45985;Agropecuária;12771
Indicador  6.4.1;1767;30.09;25;Paraíba;12771;2014;100374;Total;12771
Indicador  6.4.1;1767;24.10;25;Paraíba;12771;2014;46522;Indústria;12771
Indicador  6.4.1;1767;54.85;25;Paraíba;12771;2014;13;Serviços;12771
Indicador  6.4.1;1767;5.20;25;Paraíba;12771;2014;45985;Agropecuária;12771
Indicador  6.4.1;1767;32.14;25;Paraíba;12771;2015;100374;Total;12771
Indicador  6.4.1;1767;24.40;25;Paraíba;12771;2015;46522;Indústria;12771
Indicador  6.4.1;1767;53.08;25;Paraíba;12771;2015;13;Serviços;12771
Indicador  6.4.1;1767;9.14;25;Paraíba;12771;2015;45985;Agropecuária;12771
Indicador  6.4.1;1767;32.09;25;Paraíba;12771;2016;100374;Total;12771
Indicador  6.4.1;1767;22.77;25;Paraíba;12771;2016;46522;Indústria;12771
Indicador  6.4.1;1767;51.75;25;Paraíba;12771;2016;13;Serviços;12771
Indicador  6.4.1;1767;10.01;25;Paraíba;12771;2016;45985;Agropecuária;12771
Indicador  6.4.1;1767;24.14;25;Paraíba;12771;2017;100374;Total;12771
Indicador  6.4.1;1767;22.07;25;Paraíba;12771;2017;46522;Indústria;12771
Indicador  6.4.1;1767;51.57;25;Paraíba;12771;2017;13;Serviços;12771
Indicador  6.4.1;1767;-20.48;25;Paraíba;12771;2017;45985;Agropecuária;12771
Indicador  6.4.1;1767;27.52;25;Paraíba;12771;2018;100374;Total;12771
Indicador  6.4.1;1767;22.47;25;Paraíba;12771;2018;46522;Indústria;12771
Indicador  6.4.1;1767;52.73;25;Paraíba;12771;2018;13;Serviços;12771
Indicador  6.4.1;1767;-13.97;25;Paraíba;12771;2018;45985;Agropecuária;12771
Indicador  6.4.1;1767;14.84;26;Pernambuco;12771;2010;100374;Total;12771
Indicador  6.4.1;1767;13.75;26;Pernambuco;12771;2010;46522;Indústria;12771
Indicador  6.4.1;1767;48.30;26;Pernambuco;12771;2010;13;Serviços;12771
Indicador  6.4.1;1767;-0.95;26;Pernambuco;12771;2010;45985;Agropecuária;12771
Indicador  6.4.1;1767;15.95;26;Pernambuco;12771;2011;100374;Total;12771
Indicador  6.4.1;1767;14.67;26;Pernambuco;12771;2011;46522;Indústria;12771
Indicador  6.4.1;1767;49.63;26;Pernambuco;12771;2011;13;Serviços;12771
Indicador  6.4.1;1767;-0.84;26;Pernambuco;12771;2011;45985;Agropecuária;12771
Indicador  6.4.1;1767;14.56;26;Pernambuco;12771;2012;100374;Total;12771
Indicador  6.4.1;1767;15.75;26;Pernambuco;12771;2012;46522;Indústria;12771
Indicador  6.4.1;1767;51.89;26;Pernambuco;12771;2012;13;Serviços;12771
Indicador  6.4.1;1767;-0.29;26;Pernambuco;12771;2012;45985;Agropecuária;12771
Indicador  6.4.1;1767;15.80;26;Pernambuco;12771;2013;100374;Total;12771
Indicador  6.4.1;1767;14.99;26;Pernambuco;12771;2013;46522;Indústria;12771
Indicador  6.4.1;1767;52.09;26;Pernambuco;12771;2013;13;Serviços;12771
Indicador  6.4.1;1767;-0.34;26;Pernambuco;12771;2013;45985;Agropecuária;12771
Indicador  6.4.1;1767;16.86;26;Pernambuco;12771;2014;100374;Total;12771
Indicador  6.4.1;1767;14.75;26;Pernambuco;12771;2014;46522;Indústria;12771
Indicador  6.4.1;1767;52.75;26;Pernambuco;12771;2014;13;Serviços;12771
Indicador  6.4.1;1767;-0.34;26;Pernambuco;12771;2014;45985;Agropecuária;12771
Indicador  6.4.1;1767;15.08;26;Pernambuco;12771;2015;100374;Total;12771
Indicador  6.4.1;1767;15.79;26;Pernambuco;12771;2015;46522;Indústria;12771
Indicador  6.4.1;1767;50.09;26;Pernambuco;12771;2015;13;Serviços;12771
Indicador  6.4.1;1767;-0.08;26;Pernambuco;12771;2015;45985;Agropecuária;12771
Indicador  6.4.1;1767;14.63;26;Pernambuco;12771;2016;100374;Total;12771
Indicador  6.4.1;1767;14.51;26;Pernambuco;12771;2016;46522;Indústria;12771
Indicador  6.4.1;1767;48.09;26;Pernambuco;12771;2016;13;Serviços;12771
Indicador  6.4.1;1767;-0.06;26;Pernambuco;12771;2016;45985;Agropecuária;12771
Indicador  6.4.1;1767;15.07;26;Pernambuco;12771;2017;100374;Total;12771
Indicador  6.4.1;1767;14.89;26;Pernambuco;12771;2017;46522;Indústria;12771
Indicador  6.4.1;1767;48.37;26;Pernambuco;12771;2017;13;Serviços;12771
Indicador  6.4.1;1767;-0.05;26;Pernambuco;12771;2017;45985;Agropecuária;12771
Indicador  6.4.1;1767;15.90;26;Pernambuco;12771;2018;100374;Total;12771
Indicador  6.4.1;1767;16.59;26;Pernambuco;12771;2018;46522;Indústria;12771
Indicador  6.4.1;1767;48.80;26;Pernambuco;12771;2018;13;Serviços;12771
Indicador  6.4.1;1767;-0.10;26;Pernambuco;12771;2018;45985;Agropecuária;12771
Indicador  6.4.1;1767;9.40;27;Alagoas;12771;2010;100374;Total;12771
Indicador  6.4.1;1767;3.73;27;Alagoas;12771;2010;46522;Indústria;12771
Indicador  6.4.1;1767;47.05;27;Alagoas;12771;2010;13;Serviços;12771
Indicador  6.4.1;1767;-1.11;27;Alagoas;12771;2010;45985;Agropecuária;12771
Indicador  6.4.1;1767;10.02;27;Alagoas;12771;2011;100374;Total;12771
Indicador  6.4.1;1767;4.32;27;Alagoas;12771;2011;46522;Indústria;12771
Indicador  6.4.1;1767;47.30;27;Alagoas;12771;2011;13;Serviços;12771
Indicador  6.4.1;1767;-1.35;27;Alagoas;12771;2011;45985;Agropecuária;12771
Indicador  6.4.1;1767;10.10;27;Alagoas;12771;2012;100374;Total;12771
Indicador  6.4.1;1767;4.56;27;Alagoas;12771;2012;46522;Indústria;12771
Indicador  6.4.1;1767;49.05;27;Alagoas;12771;2012;13;Serviços;12771
Indicador  6.4.1;1767;-0.88;27;Alagoas;12771;2012;45985;Agropecuária;12771
Indicador  6.4.1;1767;11.16;27;Alagoas;12771;2013;100374;Total;12771
Indicador  6.4.1;1767;4.61;27;Alagoas;12771;2013;46522;Indústria;12771
Indicador  6.4.1;1767;47.82;27;Alagoas;12771;2013;13;Serviços;12771
Indicador  6.4.1;1767;-1.06;27;Alagoas;12771;2013;45985;Agropecuária;12771
Indicador  6.4.1;1767;12.25;27;Alagoas;12771;2014;100374;Total;12771
Indicador  6.4.1;1767;5.43;27;Alagoas;12771;2014;46522;Indústria;12771
Indicador  6.4.1;1767;48.34;27;Alagoas;12771;2014;13;Serviços;12771
Indicador  6.4.1;1767;-1.23;27;Alagoas;12771;2014;45985;Agropecuária;12771
Indicador  6.4.1;1767;11.26;27;Alagoas;12771;2015;100374;Total;12771
Indicador  6.4.1;1767;5.42;27;Alagoas;12771;2015;46522;Indústria;12771
Indicador  6.4.1;1767;46.96;27;Alagoas;12771;2015;13;Serviços;12771
Indicador  6.4.1;1767;-0.70;27;Alagoas;12771;2015;45985;Agropecuária;12771
Indicador  6.4.1;1767;11.24;27;Alagoas;12771;2016;100374;Total;12771
Indicador  6.4.1;1767;5.25;27;Alagoas;12771;2016;46522;Indústria;12771
Indicador  6.4.1;1767;46.10;27;Alagoas;12771;2016;13;Serviços;12771
Indicador  6.4.1;1767;-0.85;27;Alagoas;12771;2016;45985;Agropecuária;12771
Indicador  6.4.1;1767;12.16;27;Alagoas;12771;2017;100374;Total;12771
Indicador  6.4.1;1767;5.23;27;Alagoas;12771;2017;46522;Indústria;12771
Indicador  6.4.1;1767;46.16;27;Alagoas;12771;2017;13;Serviços;12771
Indicador  6.4.1;1767;-1.03;27;Alagoas;12771;2017;45985;Agropecuária;12771
Indicador  6.4.1;1767;12.29;27;Alagoas;12771;2018;100374;Total;12771
Indicador  6.4.1;1767;5.89;27;Alagoas;12771;2018;46522;Indústria;12771
Indicador  6.4.1;1767;47.38;27;Alagoas;12771;2018;13;Serviços;12771
Indicador  6.4.1;1767;-0.92;27;Alagoas;12771;2018;45985;Agropecuária;12771
Indicador  6.4.1;1767;26.11;28;Sergipe;12771;2010;100374;Total;12771
Indicador  6.4.1;1767;51.19;28;Sergipe;12771;2010;46522;Indústria;12771
Indicador  6.4.1;1767;52.02;28;Sergipe;12771;2010;13;Serviços;12771
Indicador  6.4.1;1767;2.78;28;Sergipe;12771;2010;45985;Agropecuária;12771
Indicador  6.4.1;1767;26.46;28;Sergipe;12771;2011;100374;Total;12771
Indicador  6.4.1;1767;50.46;28;Sergipe;12771;2011;46522;Indústria;12771
Indicador  6.4.1;1767;52.63;28;Sergipe;12771;2011;13;Serviços;12771
Indicador  6.4.1;1767;2.36;28;Sergipe;12771;2011;45985;Agropecuária;12771
Indicador  6.4.1;1767;23.45;28;Sergipe;12771;2012;100374;Total;12771
Indicador  6.4.1;1767;50.07;28;Sergipe;12771;2012;46522;Indústria;12771
Indicador  6.4.1;1767;53.41;28;Sergipe;12771;2012;13;Serviços;12771
Indicador  6.4.1;1767;1.61;28;Sergipe;12771;2012;45985;Agropecuária;12771
Indicador  6.4.1;1767;24.95;28;Sergipe;12771;2013;100374;Total;12771
Indicador  6.4.1;1767;48.80;28;Sergipe;12771;2013;46522;Indústria;12771
Indicador  6.4.1;1767;53.25;28;Sergipe;12771;2013;13;Serviços;12771
Indicador  6.4.1;1767;2.19;28;Sergipe;12771;2013;45985;Agropecuária;12771
Indicador  6.4.1;1767;24.10;28;Sergipe;12771;2014;100374;Total;12771
Indicador  6.4.1;1767;41.53;28;Sergipe;12771;2014;46522;Indústria;12771
Indicador  6.4.1;1767;54.16;28;Sergipe;12771;2014;13;Serviços;12771
Indicador  6.4.1;1767;2.19;28;Sergipe;12771;2014;45985;Agropecuária;12771
Indicador  6.4.1;1767;20.54;28;Sergipe;12771;2015;100374;Total;12771
Indicador  6.4.1;1767;35.44;28;Sergipe;12771;2015;46522;Indústria;12771
Indicador  6.4.1;1767;52.80;28;Sergipe;12771;2015;13;Serviços;12771
Indicador  6.4.1;1767;2.46;28;Sergipe;12771;2015;45985;Agropecuária;12771
Indicador  6.4.1;1767;19.23;28;Sergipe;12771;2016;100374;Total;12771
Indicador  6.4.1;1767;38.85;28;Sergipe;12771;2016;46522;Indústria;12771
Indicador  6.4.1;1767;50.64;28;Sergipe;12771;2016;13;Serviços;12771
Indicador  6.4.1;1767;2.19;28;Sergipe;12771;2016;45985;Agropecuária;12771
Indicador  6.4.1;1767;45.67;28;Sergipe;12771;2017;100374;Total;12771
Indicador  6.4.1;1767;36.23;28;Sergipe;12771;2017;46522;Indústria;12771
Indicador  6.4.1;1767;49.77;28;Sergipe;12771;2017;13;Serviços;12771
Indicador  6.4.1;1767;45.15;28;Sergipe;12771;2017;45985;Agropecuária;12771
Indicador  6.4.1;1767;23.47;28;Sergipe;12771;2018;100374;Total;12771
Indicador  6.4.1;1767;38.62;28;Sergipe;12771;2018;46522;Indústria;12771
Indicador  6.4.1;1767;57.84;28;Sergipe;12771;2018;13;Serviços;12771
Indicador  6.4.1;1767;7.97;28;Sergipe;12771;2018;45985;Agropecuária;12771
Indicador  6.4.1;1767;12.40;29;Bahia;12771;2010;100374;Total;12771
Indicador  6.4.1;1767;53.28;29;Bahia;12771;2010;46522;Indústria;12771
Indicador  6.4.1;1767;56.09;29;Bahia;12771;2010;13;Serviços;12771
Indicador  6.4.1;1767;0.23;29;Bahia;12771;2010;45985;Agropecuária;12771
Indicador  6.4.1;1767;12.92;29;Bahia;12771;2011;100374;Total;12771
Indicador  6.4.1;1767;50.27;29;Bahia;12771;2011;46522;Indústria;12771
Indicador  6.4.1;1767;57.15;29;Bahia;12771;2011;13;Serviços;12771
Indicador  6.4.1;1767;0.23;29;Bahia;12771;2011;45985;Agropecuária;12771
Indicador  6.4.1;1767;10.13;29;Bahia;12771;2012;100374;Total;12771
Indicador  6.4.1;1767;53.90;29;Bahia;12771;2012;46522;Indústria;12771
Indicador  6.4.1;1767;59.02;29;Bahia;12771;2012;13;Serviços;12771
Indicador  6.4.1;1767;0.16;29;Bahia;12771;2012;45985;Agropecuária;12771
Indicador  6.4.1;1767;11.66;29;Bahia;12771;2013;100374;Total;12771
Indicador  6.4.1;1767;53.52;29;Bahia;12771;2013;46522;Indústria;12771
Indicador  6.4.1;1767;56.55;29;Bahia;12771;2013;13;Serviços;12771
Indicador  6.4.1;1767;0.22;29;Bahia;12771;2013;45985;Agropecuária;12771
Indicador  6.4.1;1767;11.38;29;Bahia;12771;2014;100374;Total;12771
Indicador  6.4.1;1767;50.39;29;Bahia;12771;2014;46522;Indústria;12771
Indicador  6.4.1;1767;57.34;29;Bahia;12771;2014;13;Serviços;12771
Indicador  6.4.1;1767;0.20;29;Bahia;12771;2014;45985;Agropecuária;12771
Indicador  6.4.1;1767;9.48;29;Bahia;12771;2015;100374;Total;12771
Indicador  6.4.1;1767;47.29;29;Bahia;12771;2015;46522;Indústria;12771
Indicador  6.4.1;1767;55.14;29;Bahia;12771;2015;13;Serviços;12771
Indicador  6.4.1;1767;0.15;29;Bahia;12771;2015;45985;Agropecuária;12771
Indicador  6.4.1;1767;8.93;29;Bahia;12771;2016;100374;Total;12771
Indicador  6.4.1;1767;43.61;29;Bahia;12771;2016;46522;Indústria;12771
Indicador  6.4.1;1767;52.85;29;Bahia;12771;2016;13;Serviços;12771
Indicador  6.4.1;1767;0.16;29;Bahia;12771;2016;45985;Agropecuária;12771
Indicador  6.4.1;1767;9.32;29;Bahia;12771;2017;100374;Total;12771
Indicador  6.4.1;1767;46.47;29;Bahia;12771;2017;46522;Indústria;12771
Indicador  6.4.1;1767;52.49;29;Bahia;12771;2017;13;Serviços;12771
Indicador  6.4.1;1767;0.15;29;Bahia;12771;2017;45985;Agropecuária;12771
Indicador  6.4.1;1767;10.09;29;Bahia;12771;2018;100374;Total;12771
Indicador  6.4.1;1767;45.90;29;Bahia;12771;2018;46522;Indústria;12771
Indicador  6.4.1;1767;55.23;29;Bahia;12771;2018;13;Serviços;12771
Indicador  6.4.1;1767;0.14;29;Bahia;12771;2018;45985;Agropecuária;12771
Indicador  6.4.1;1767;18.72;31;Minas Gerais;12771;2010;100374;Total;12771
Indicador  6.4.1;1767;33.57;31;Minas Gerais;12771;2010;46522;Indústria;12771
Indicador  6.4.1;1767;63.90;31;Minas Gerais;12771;2010;13;Serviços;12771
Indicador  6.4.1;1767;0.13;31;Minas Gerais;12771;2010;45985;Agropecuária;12771
Indicador  6.4.1;1767;19.12;31;Minas Gerais;12771;2011;100374;Total;12771
Indicador  6.4.1;1767;31.79;31;Minas Gerais;12771;2011;46522;Indústria;12771
Indicador  6.4.1;1767;64.99;31;Minas Gerais;12771;2011;13;Serviços;12771
Indicador  6.4.1;1767;0.15;31;Minas Gerais;12771;2011;45985;Agropecuária;12771
Indicador  6.4.1;1767;16.79;31;Minas Gerais;12771;2012;100374;Total;12771
Indicador  6.4.1;1767;30.33;31;Minas Gerais;12771;2012;46522;Indústria;12771
Indicador  6.4.1;1767;66.61;31;Minas Gerais;12771;2012;13;Serviços;12771
Indicador  6.4.1;1767;0.10;31;Minas Gerais;12771;2012;45985;Agropecuária;12771
Indicador  6.4.1;1767;19.24;31;Minas Gerais;12771;2013;100374;Total;12771
Indicador  6.4.1;1767;29.25;31;Minas Gerais;12771;2013;46522;Indústria;12771
Indicador  6.4.1;1767;65.12;31;Minas Gerais;12771;2013;13;Serviços;12771
Indicador  6.4.1;1767;0.14;31;Minas Gerais;12771;2013;45985;Agropecuária;12771
Indicador  6.4.1;1767;14.89;31;Minas Gerais;12771;2014;100374;Total;12771
Indicador  6.4.1;1767;26.48;31;Minas Gerais;12771;2014;46522;Indústria;12771
Indicador  6.4.1;1767;64.92;31;Minas Gerais;12771;2014;13;Serviços;12771
Indicador  6.4.1;1767;0.12;31;Minas Gerais;12771;2014;45985;Agropecuária;12771
Indicador  6.4.1;1767;14.71;31;Minas Gerais;12771;2015;100374;Total;12771
Indicador  6.4.1;1767;27.66;31;Minas Gerais;12771;2015;46522;Indústria;12771
Indicador  6.4.1;1767;62.11;31;Minas Gerais;12771;2015;13;Serviços;12771
Indicador  6.4.1;1767;0.10;31;Minas Gerais;12771;2015;45985;Agropecuária;12771
Indicador  6.4.1;1767;14.42;31;Minas Gerais;12771;2016;100374;Total;12771
Indicador  6.4.1;1767;26.19;31;Minas Gerais;12771;2016;46522;Indústria;12771
Indicador  6.4.1;1767;61.06;31;Minas Gerais;12771;2016;13;Serviços;12771
Indicador  6.4.1;1767;0.06;31;Minas Gerais;12771;2016;45985;Agropecuária;12771
Indicador  6.4.1;1767;14.35;31;Minas Gerais;12771;2017;100374;Total;12771
Indicador  6.4.1;1767;26.39;31;Minas Gerais;12771;2017;46522;Indústria;12771
Indicador  6.4.1;1767;61.76;31;Minas Gerais;12771;2017;13;Serviços;12771
Indicador  6.4.1;1767;0.08;31;Minas Gerais;12771;2017;45985;Agropecuária;12771
Indicador  6.4.1;1767;15.32;31;Minas Gerais;12771;2018;100374;Total;12771
Indicador  6.4.1;1767;25.77;31;Minas Gerais;12771;2018;46522;Indústria;12771
Indicador  6.4.1;1767;62.84;31;Minas Gerais;12771;2018;13;Serviços;12771
Indicador  6.4.1;1767;0.06;31;Minas Gerais;12771;2018;45985;Agropecuária;12771
Indicador  6.4.1;1767;13.46;32;Espírito Santo;12771;2010;100374;Total;12771
Indicador  6.4.1;1767;34.63;32;Espírito Santo;12771;2010;46522;Indústria;12771
Indicador  6.4.1;1767;67.89;32;Espírito Santo;12771;2010;13;Serviços;12771
Indicador  6.4.1;1767;0.73;32;Espírito Santo;12771;2010;45985;Agropecuária;12771
Indicador  6.4.1;1767;16.56;32;Espírito Santo;12771;2011;100374;Total;12771
Indicador  6.4.1;1767;44.70;32;Espírito Santo;12771;2011;46522;Indústria;12771
Indicador  6.4.1;1767;71.05;32;Espírito Santo;12771;2011;13;Serviços;12771
Indicador  6.4.1;1767;0.94;32;Espírito Santo;12771;2011;45985;Agropecuária;12771
Indicador  6.4.1;1767;13.19;32;Espírito Santo;12771;2012;100374;Total;12771
Indicador  6.4.1;1767;45.75;32;Espírito Santo;12771;2012;46522;Indústria;12771
Indicador  6.4.1;1767;72.44;32;Espírito Santo;12771;2012;13;Serviços;12771
Indicador  6.4.1;1767;1.03;32;Espírito Santo;12771;2012;45985;Agropecuária;12771
Indicador  6.4.1;1767;17.96;32;Espírito Santo;12771;2013;100374;Total;12771
Indicador  6.4.1;1767;57.73;32;Espírito Santo;12771;2013;46522;Indústria;12771
Indicador  6.4.1;1767;68.43;32;Espírito Santo;12771;2013;13;Serviços;12771
Indicador  6.4.1;1767;2.82;32;Espírito Santo;12771;2013;45985;Agropecuária;12771
Indicador  6.4.1;1767;28.66;32;Espírito Santo;12771;2014;100374;Total;12771
Indicador  6.4.1;1767;38.86;32;Espírito Santo;12771;2014;46522;Indústria;12771
Indicador  6.4.1;1767;67.57;32;Espírito Santo;12771;2014;13;Serviços;12771
Indicador  6.4.1;1767;20.26;32;Espírito Santo;12771;2014;45985;Agropecuária;12771
Indicador  6.4.1;1767;8.92;32;Espírito Santo;12771;2015;100374;Total;12771
Indicador  6.4.1;1767;37.46;32;Espírito Santo;12771;2015;46522;Indústria;12771
Indicador  6.4.1;1767;63.51;32;Espírito Santo;12771;2015;13;Serviços;12771
Indicador  6.4.1;1767;-0.29;32;Espírito Santo;12771;2015;45985;Agropecuária;12771
Indicador  6.4.1;1767;9.83;32;Espírito Santo;12771;2016;100374;Total;12771
Indicador  6.4.1;1767;35.02;32;Espírito Santo;12771;2016;46522;Indústria;12771
Indicador  6.4.1;1767;60.00;32;Espírito Santo;12771;2016;13;Serviços;12771
Indicador  6.4.1;1767;-0.21;32;Espírito Santo;12771;2016;45985;Agropecuária;12771
Indicador  6.4.1;1767;11.32;32;Espírito Santo;12771;2017;100374;Total;12771
Indicador  6.4.1;1767;35.69;32;Espírito Santo;12771;2017;46522;Indústria;12771
Indicador  6.4.1;1767;59.08;32;Espírito Santo;12771;2017;13;Serviços;12771
Indicador  6.4.1;1767;-0.16;32;Espírito Santo;12771;2017;45985;Agropecuária;12771
Indicador  6.4.1;1767;13.07;32;Espírito Santo;12771;2018;100374;Total;12771
Indicador  6.4.1;1767;33.47;32;Espírito Santo;12771;2018;46522;Indústria;12771
Indicador  6.4.1;1767;61.79;32;Espírito Santo;12771;2018;13;Serviços;12771
Indicador  6.4.1;1767;-0.35;32;Espírito Santo;12771;2018;45985;Agropecuária;12771
Indicador  6.4.1;1767;71.19;33;Rio de Janeiro;12771;2010;100374;Total;12771
Indicador  6.4.1;1767;126.78;33;Rio de Janeiro;12771;2010;46522;Indústria;12771
Indicador  6.4.1;1767;73.91;33;Rio de Janeiro;12771;2010;13;Serviços;12771
Indicador  6.4.1;1767;-5.48;33;Rio de Janeiro;12771;2010;45985;Agropecuária;12771
Indicador  6.4.1;1767;66.35;33;Rio de Janeiro;12771;2011;100374;Total;12771
Indicador  6.4.1;1767;73.39;33;Rio de Janeiro;12771;2011;46522;Indústria;12771
Indicador  6.4.1;1767;75.81;33;Rio de Janeiro;12771;2011;13;Serviços;12771
Indicador  6.4.1;1767;-1.87;33;Rio de Janeiro;12771;2011;45985;Agropecuária;12771
Indicador  6.4.1;1767;64.65;33;Rio de Janeiro;12771;2012;100374;Total;12771
Indicador  6.4.1;1767;62.46;33;Rio de Janeiro;12771;2012;46522;Indústria;12771
Indicador  6.4.1;1767;77.15;33;Rio de Janeiro;12771;2012;13;Serviços;12771
Indicador  6.4.1;1767;-1.77;33;Rio de Janeiro;12771;2012;45985;Agropecuária;12771
Indicador  6.4.1;1767;64.43;33;Rio de Janeiro;12771;2013;100374;Total;12771
Indicador  6.4.1;1767;51.11;33;Rio de Janeiro;12771;2013;46522;Indústria;12771
Indicador  6.4.1;1767;78.80;33;Rio de Janeiro;12771;2013;13;Serviços;12771
Indicador  6.4.1;1767;-0.98;33;Rio de Janeiro;12771;2013;45985;Agropecuária;12771
Indicador  6.4.1;1767;60.12;33;Rio de Janeiro;12771;2014;100374;Total;12771
Indicador  6.4.1;1767;46.10;33;Rio de Janeiro;12771;2014;46522;Indústria;12771
Indicador  6.4.1;1767;79.69;33;Rio de Janeiro;12771;2014;13;Serviços;12771
Indicador  6.4.1;1767;-0.46;33;Rio de Janeiro;12771;2014;45985;Agropecuária;12771
Indicador  6.4.1;1767;59.73;33;Rio de Janeiro;12771;2015;100374;Total;12771
Indicador  6.4.1;1767;44.18;33;Rio de Janeiro;12771;2015;46522;Indústria;12771
Indicador  6.4.1;1767;76.90;33;Rio de Janeiro;12771;2015;13;Serviços;12771
Indicador  6.4.1;1767;0.13;33;Rio de Janeiro;12771;2015;45985;Agropecuária;12771
Indicador  6.4.1;1767;59.34;33;Rio de Janeiro;12771;2016;100374;Total;12771
Indicador  6.4.1;1767;45.69;33;Rio de Janeiro;12771;2016;46522;Indústria;12771
Indicador  6.4.1;1767;73.61;33;Rio de Janeiro;12771;2016;13;Serviços;12771
Indicador  6.4.1;1767;0.27;33;Rio de Janeiro;12771;2016;45985;Agropecuária;12771
Indicador  6.4.1;1767;57.77;33;Rio de Janeiro;12771;2017;100374;Total;12771
Indicador  6.4.1;1767;44.15;33;Rio de Janeiro;12771;2017;46522;Indústria;12771
Indicador  6.4.1;1767;72.15;33;Rio de Janeiro;12771;2017;13;Serviços;12771
Indicador  6.4.1;1767;0.69;33;Rio de Janeiro;12771;2017;45985;Agropecuária;12771
Indicador  6.4.1;1767;58.36;33;Rio de Janeiro;12771;2018;100374;Total;12771
Indicador  6.4.1;1767;44.65;33;Rio de Janeiro;12771;2018;46522;Indústria;12771
Indicador  6.4.1;1767;71.26;33;Rio de Janeiro;12771;2018;13;Serviços;12771
Indicador  6.4.1;1767;1.00;33;Rio de Janeiro;12771;2018;45985;Agropecuária;12771
Indicador  6.4.1;1767;59.20;35;São Paulo;12771;2010;100374;Total;12771
Indicador  6.4.1;1767;50.40;35;São Paulo;12771;2010;46522;Indústria;12771
Indicador  6.4.1;1767;101.73;35;São Paulo;12771;2010;13;Serviços;12771
Indicador  6.4.1;1767;0.38;35;São Paulo;12771;2010;45985;Agropecuária;12771
Indicador  6.4.1;1767;62.15;35;São Paulo;12771;2011;100374;Total;12771
Indicador  6.4.1;1767;51.85;35;São Paulo;12771;2011;46522;Indústria;12771
Indicador  6.4.1;1767;104.62;35;São Paulo;12771;2011;13;Serviços;12771
Indicador  6.4.1;1767;0.42;35;São Paulo;12771;2011;45985;Agropecuária;12771
Indicador  6.4.1;1767;63.51;35;São Paulo;12771;2012;100374;Total;12771
Indicador  6.4.1;1767;49.96;35;São Paulo;12771;2012;46522;Indústria;12771
Indicador  6.4.1;1767;106.30;35;São Paulo;12771;2012;13;Serviços;12771
Indicador  6.4.1;1767;0.49;35;São Paulo;12771;2012;45985;Agropecuária;12771
Indicador  6.4.1;1767;66.16;35;São Paulo;12771;2013;100374;Total;12771
Indicador  6.4.1;1767;51.80;35;São Paulo;12771;2013;46522;Indústria;12771
Indicador  6.4.1;1767;104.17;35;São Paulo;12771;2013;13;Serviços;12771
Indicador  6.4.1;1767;0.60;35;São Paulo;12771;2013;45985;Agropecuária;12771
Indicador  6.4.1;1767;59.04;35;São Paulo;12771;2014;100374;Total;12771
Indicador  6.4.1;1767;51.03;35;São Paulo;12771;2014;46522;Indústria;12771
Indicador  6.4.1;1767;102.44;35;São Paulo;12771;2014;13;Serviços;12771
Indicador  6.4.1;1767;0.42;35;São Paulo;12771;2014;45985;Agropecuária;12771
Indicador  6.4.1;1767;61.36;35;São Paulo;12771;2015;100374;Total;12771
Indicador  6.4.1;1767;47.80;35;São Paulo;12771;2015;46522;Indústria;12771
Indicador  6.4.1;1767;98.52;35;São Paulo;12771;2015;13;Serviços;12771
Indicador  6.4.1;1767;0.55;35;São Paulo;12771;2015;45985;Agropecuária;12771
Indicador  6.4.1;1767;58.77;35;São Paulo;12771;2016;100374;Total;12771
Indicador  6.4.1;1767;47.26;35;São Paulo;12771;2016;46522;Indústria;12771
Indicador  6.4.1;1767;95.64;35;São Paulo;12771;2016;13;Serviços;12771
Indicador  6.4.1;1767;0.48;35;São Paulo;12771;2016;45985;Agropecuária;12771
Indicador  6.4.1;1767;58.94;35;São Paulo;12771;2017;100374;Total;12771
Indicador  6.4.1;1767;49.34;35;São Paulo;12771;2017;46522;Indústria;12771
Indicador  6.4.1;1767;95.12;35;São Paulo;12771;2017;13;Serviços;12771
Indicador  6.4.1;1767;0.50;35;São Paulo;12771;2017;45985;Agropecuária;12771
Indicador  6.4.1;1767;57.65;35;São Paulo;12771;2018;100374;Total;12771
Indicador  6.4.1;1767;50.43;35;São Paulo;12771;2018;46522;Indústria;12771
Indicador  6.4.1;1767;97.70;35;São Paulo;12771;2018;13;Serviços;12771
Indicador  6.4.1;1767;0.43;35;São Paulo;12771;2018;45985;Agropecuária;12771
Indicador  6.4.1;1767;51.23;41;Paraná;12771;2010;100374;Total;12771
Indicador  6.4.1;1767;45.59;41;Paraná;12771;2010;46522;Indústria;12771
Indicador  6.4.1;1767;92.59;41;Paraná;12771;2010;13;Serviços;12771
Indicador  6.4.1;1767;3.54;41;Paraná;12771;2010;45985;Agropecuária;12771
Indicador  6.4.1;1767;50.36;41;Paraná;12771;2011;100374;Total;12771
Indicador  6.4.1;1767;45.96;41;Paraná;12771;2011;46522;Indústria;12771
Indicador  6.4.1;1767;94.85;41;Paraná;12771;2011;13;Serviços;12771
Indicador  6.4.1;1767;3.25;41;Paraná;12771;2011;45985;Agropecuária;12771
Indicador  6.4.1;1767;50.39;41;Paraná;12771;2012;100374;Total;12771
Indicador  6.4.1;1767;45.37;41;Paraná;12771;2012;46522;Indústria;12771
Indicador  6.4.1;1767;96.02;41;Paraná;12771;2012;13;Serviços;12771
Indicador  6.4.1;1767;3.16;41;Paraná;12771;2012;45985;Agropecuária;12771
Indicador  6.4.1;1767;51.94;41;Paraná;12771;2013;100374;Total;12771
Indicador  6.4.1;1767;44.63;41;Paraná;12771;2013;46522;Indústria;12771
Indicador  6.4.1;1767;96.36;41;Paraná;12771;2013;13;Serviços;12771
Indicador  6.4.1;1767;3.63;41;Paraná;12771;2013;45985;Agropecuária;12771
Indicador  6.4.1;1767;51.57;41;Paraná;12771;2014;100374;Total;12771
Indicador  6.4.1;1767;41.57;41;Paraná;12771;2014;46522;Indústria;12771
Indicador  6.4.1;1767;95.84;41;Paraná;12771;2014;13;Serviços;12771
Indicador  6.4.1;1767;3.88;41;Paraná;12771;2014;45985;Agropecuária;12771
Indicador  6.4.1;1767;52.52;41;Paraná;12771;2015;100374;Total;12771
Indicador  6.4.1;1767;41.82;41;Paraná;12771;2015;46522;Indústria;12771
Indicador  6.4.1;1767;91.49;41;Paraná;12771;2015;13;Serviços;12771
Indicador  6.4.1;1767;4.60;41;Paraná;12771;2015;45985;Agropecuária;12771
Indicador  6.4.1;1767;49.18;41;Paraná;12771;2016;100374;Total;12771
Indicador  6.4.1;1767;41.14;41;Paraná;12771;2016;46522;Indústria;12771
Indicador  6.4.1;1767;89.36;41;Paraná;12771;2016;13;Serviços;12771
Indicador  6.4.1;1767;3.86;41;Paraná;12771;2016;45985;Agropecuária;12771
Indicador  6.4.1;1767;49.69;41;Paraná;12771;2017;100374;Total;12771
Indicador  6.4.1;1767;43.02;41;Paraná;12771;2017;46522;Indústria;12771
Indicador  6.4.1;1767;89.62;41;Paraná;12771;2017;13;Serviços;12771
Indicador  6.4.1;1767;3.80;41;Paraná;12771;2017;45985;Agropecuária;12771
Indicador  6.4.1;1767;47.83;41;Paraná;12771;2018;100374;Total;12771
Indicador  6.4.1;1767;41.32;41;Paraná;12771;2018;46522;Indústria;12771
Indicador  6.4.1;1767;91.70;41;Paraná;12771;2018;13;Serviços;12771
Indicador  6.4.1;1767;3.33;41;Paraná;12771;2018;45985;Agropecuária;12771
Indicador  6.4.1;1767;23.41;42;Santa Catarina;12771;2010;100374;Total;12771
Indicador  6.4.1;1767;20.77;42;Santa Catarina;12771;2010;46522;Indústria;12771
Indicador  6.4.1;1767;83.98;42;Santa Catarina;12771;2010;13;Serviços;12771
Indicador  6.4.1;1767;0.93;42;Santa Catarina;12771;2010;45985;Agropecuária;12771
Indicador  6.4.1;1767;26.15;42;Santa Catarina;12771;2011;100374;Total;12771
Indicador  6.4.1;1767;25.56;42;Santa Catarina;12771;2011;46522;Indústria;12771
Indicador  6.4.1;1767;86.20;42;Santa Catarina;12771;2011;13;Serviços;12771
Indicador  6.4.1;1767;1.03;42;Santa Catarina;12771;2011;45985;Agropecuária;12771
Indicador  6.4.1;1767;22.74;42;Santa Catarina;12771;2012;100374;Total;12771
Indicador  6.4.1;1767;21.90;42;Santa Catarina;12771;2012;46522;Indústria;12771
Indicador  6.4.1;1767;88.00;42;Santa Catarina;12771;2012;13;Serviços;12771
Indicador  6.4.1;1767;0.85;42;Santa Catarina;12771;2012;45985;Agropecuária;12771
Indicador  6.4.1;1767;21.68;42;Santa Catarina;12771;2013;100374;Total;12771
Indicador  6.4.1;1767;18.52;42;Santa Catarina;12771;2013;46522;Indústria;12771
Indicador  6.4.1;1767;87.45;42;Santa Catarina;12771;2013;13;Serviços;12771
Indicador  6.4.1;1767;0.83;42;Santa Catarina;12771;2013;45985;Agropecuária;12771
Indicador  6.4.1;1767;24.85;42;Santa Catarina;12771;2014;100374;Total;12771
Indicador  6.4.1;1767;19.83;42;Santa Catarina;12771;2014;46522;Indústria;12771
Indicador  6.4.1;1767;89.69;42;Santa Catarina;12771;2014;13;Serviços;12771
Indicador  6.4.1;1767;0.97;42;Santa Catarina;12771;2014;45985;Agropecuária;12771
Indicador  6.4.1;1767;26.20;42;Santa Catarina;12771;2015;100374;Total;12771
Indicador  6.4.1;1767;18.99;42;Santa Catarina;12771;2015;46522;Indústria;12771
Indicador  6.4.1;1767;85.25;42;Santa Catarina;12771;2015;13;Serviços;12771
Indicador  6.4.1;1767;1.23;42;Santa Catarina;12771;2015;45985;Agropecuária;12771
Indicador  6.4.1;1767;26.52;42;Santa Catarina;12771;2016;100374;Total;12771
Indicador  6.4.1;1767;29.96;42;Santa Catarina;12771;2016;46522;Indústria;12771
Indicador  6.4.1;1767;83.81;42;Santa Catarina;12771;2016;13;Serviços;12771
Indicador  6.4.1;1767;0.95;42;Santa Catarina;12771;2016;45985;Agropecuária;12771
Indicador  6.4.1;1767;26.52;42;Santa Catarina;12771;2017;100374;Total;12771
Indicador  6.4.1;1767;27.40;42;Santa Catarina;12771;2017;46522;Indústria;12771
Indicador  6.4.1;1767;85.71;42;Santa Catarina;12771;2017;13;Serviços;12771
Indicador  6.4.1;1767;1.00;42;Santa Catarina;12771;2017;45985;Agropecuária;12771
Indicador  6.4.1;1767;25.89;42;Santa Catarina;12771;2018;100374;Total;12771
Indicador  6.4.1;1767;29.94;42;Santa Catarina;12771;2018;46522;Indústria;12771
Indicador  6.4.1;1767;88.26;42;Santa Catarina;12771;2018;13;Serviços;12771
Indicador  6.4.1;1767;0.87;42;Santa Catarina;12771;2018;45985;Agropecuária;12771
Indicador  6.4.1;1767;7.80;43;Rio Grande do Sul;12771;2010;100374;Total;12771
Indicador  6.4.1;1767;50.84;43;Rio Grande do Sul;12771;2010;46522;Indústria;12771
Indicador  6.4.1;1767;82.89;43;Rio Grande do Sul;12771;2010;13;Serviços;12771
Indicador  6.4.1;1767;0.14;43;Rio Grande do Sul;12771;2010;45985;Agropecuária;12771
Indicador  6.4.1;1767;7.45;43;Rio Grande do Sul;12771;2011;100374;Total;12771
Indicador  6.4.1;1767;52.78;43;Rio Grande do Sul;12771;2011;46522;Indústria;12771
Indicador  6.4.1;1767;85.14;43;Rio Grande do Sul;12771;2011;13;Serviços;12771
Indicador  6.4.1;1767;0.13;43;Rio Grande do Sul;12771;2011;45985;Agropecuária;12771
Indicador  6.4.1;1767;7.23;43;Rio Grande do Sul;12771;2012;100374;Total;12771
Indicador  6.4.1;1767;49.23;43;Rio Grande do Sul;12771;2012;46522;Indústria;12771
Indicador  6.4.1;1767;86.38;43;Rio Grande do Sul;12771;2012;13;Serviços;12771
Indicador  6.4.1;1767;0.13;43;Rio Grande do Sul;12771;2012;45985;Agropecuária;12771
Indicador  6.4.1;1767;7.57;43;Rio Grande do Sul;12771;2013;100374;Total;12771
Indicador  6.4.1;1767;51.37;43;Rio Grande do Sul;12771;2013;46522;Indústria;12771
Indicador  6.4.1;1767;86.85;43;Rio Grande do Sul;12771;2013;13;Serviços;12771
Indicador  6.4.1;1767;0.14;43;Rio Grande do Sul;12771;2013;45985;Agropecuária;12771
Indicador  6.4.1;1767;9.03;43;Rio Grande do Sul;12771;2014;100374;Total;12771
Indicador  6.4.1;1767;47.84;43;Rio Grande do Sul;12771;2014;46522;Indústria;12771
Indicador  6.4.1;1767;87.70;43;Rio Grande do Sul;12771;2014;13;Serviços;12771
Indicador  6.4.1;1767;0.17;43;Rio Grande do Sul;12771;2014;45985;Agropecuária;12771
Indicador  6.4.1;1767;7.73;43;Rio Grande do Sul;12771;2015;100374;Total;12771
Indicador  6.4.1;1767;43.55;43;Rio Grande do Sul;12771;2015;46522;Indústria;12771
Indicador  6.4.1;1767;83.76;43;Rio Grande do Sul;12771;2015;13;Serviços;12771
Indicador  6.4.1;1767;0.14;43;Rio Grande do Sul;12771;2015;45985;Agropecuária;12771
Indicador  6.4.1;1767;7.23;43;Rio Grande do Sul;12771;2016;100374;Total;12771
Indicador  6.4.1;1767;43.10;43;Rio Grande do Sul;12771;2016;46522;Indústria;12771
Indicador  6.4.1;1767;82.11;43;Rio Grande do Sul;12771;2016;13;Serviços;12771
Indicador  6.4.1;1767;0.14;43;Rio Grande do Sul;12771;2016;45985;Agropecuária;12771
Indicador  6.4.1;1767;8.11;43;Rio Grande do Sul;12771;2017;100374;Total;12771
Indicador  6.4.1;1767;54.96;43;Rio Grande do Sul;12771;2017;46522;Indústria;12771
Indicador  6.4.1;1767;83.01;43;Rio Grande do Sul;12771;2017;13;Serviços;12771
Indicador  6.4.1;1767;0.15;43;Rio Grande do Sul;12771;2017;45985;Agropecuária;12771
Indicador  6.4.1;1767;7.84;43;Rio Grande do Sul;12771;2018;100374;Total;12771
Indicador  6.4.1;1767;54.81;43;Rio Grande do Sul;12771;2018;46522;Indústria;12771
Indicador  6.4.1;1767;84.88;43;Rio Grande do Sul;12771;2018;13;Serviços;12771
Indicador  6.4.1;1767;0.14;43;Rio Grande do Sul;12771;2018;45985;Agropecuária;12771
Indicador  6.4.1;1767;15.24;50;Mato Grosso do Sul;12771;2010;100374;Total;12771
Indicador  6.4.1;1767;20.41;50;Mato Grosso do Sul;12771;2010;46522;Indústria;12771
Indicador  6.4.1;1767;66.05;50;Mato Grosso do Sul;12771;2010;13;Serviços;12771
Indicador  6.4.1;1767;1.71;50;Mato Grosso do Sul;12771;2010;45985;Agropecuária;12771
Indicador  6.4.1;1767;15.75;50;Mato Grosso do Sul;12771;2011;100374;Total;12771
Indicador  6.4.1;1767;21.95;50;Mato Grosso do Sul;12771;2011;46522;Indústria;12771
Indicador  6.4.1;1767;68.43;50;Mato Grosso do Sul;12771;2011;13;Serviços;12771
Indicador  6.4.1;1767;1.60;50;Mato Grosso do Sul;12771;2011;45985;Agropecuária;12771
Indicador  6.4.1;1767;16.07;50;Mato Grosso do Sul;12771;2012;100374;Total;12771
Indicador  6.4.1;1767;19.54;50;Mato Grosso do Sul;12771;2012;46522;Indústria;12771
Indicador  6.4.1;1767;71.08;50;Mato Grosso do Sul;12771;2012;13;Serviços;12771
Indicador  6.4.1;1767;1.63;50;Mato Grosso do Sul;12771;2012;45985;Agropecuária;12771
Indicador  6.4.1;1767;16.32;50;Mato Grosso do Sul;12771;2013;100374;Total;12771
Indicador  6.4.1;1767;17.96;50;Mato Grosso do Sul;12771;2013;46522;Indústria;12771
Indicador  6.4.1;1767;71.86;50;Mato Grosso do Sul;12771;2013;13;Serviços;12771
Indicador  6.4.1;1767;1.62;50;Mato Grosso do Sul;12771;2013;45985;Agropecuária;12771
Indicador  6.4.1;1767;17.25;50;Mato Grosso do Sul;12771;2014;100374;Total;12771
Indicador  6.4.1;1767;16.40;50;Mato Grosso do Sul;12771;2014;46522;Indústria;12771
Indicador  6.4.1;1767;72.78;50;Mato Grosso do Sul;12771;2014;13;Serviços;12771
Indicador  6.4.1;1767;1.74;50;Mato Grosso do Sul;12771;2014;45985;Agropecuária;12771
Indicador  6.4.1;1767;17.00;50;Mato Grosso do Sul;12771;2015;100374;Total;12771
Indicador  6.4.1;1767;16.14;50;Mato Grosso do Sul;12771;2015;46522;Indústria;12771
Indicador  6.4.1;1767;70.12;50;Mato Grosso do Sul;12771;2015;13;Serviços;12771
Indicador  6.4.1;1767;1.72;50;Mato Grosso do Sul;12771;2015;45985;Agropecuária;12771
Indicador  6.4.1;1767;16.52;50;Mato Grosso do Sul;12771;2016;100374;Total;12771
Indicador  6.4.1;1767;15.78;50;Mato Grosso do Sul;12771;2016;46522;Indústria;12771
Indicador  6.4.1;1767;68.30;50;Mato Grosso do Sul;12771;2016;13;Serviços;12771
Indicador  6.4.1;1767;1.70;50;Mato Grosso do Sul;12771;2016;45985;Agropecuária;12771
Indicador  6.4.1;1767;17.59;50;Mato Grosso do Sul;12771;2017;100374;Total;12771
Indicador  6.4.1;1767;19.40;50;Mato Grosso do Sul;12771;2017;46522;Indústria;12771
Indicador  6.4.1;1767;67.48;50;Mato Grosso do Sul;12771;2017;13;Serviços;12771
Indicador  6.4.1;1767;1.75;50;Mato Grosso do Sul;12771;2017;45985;Agropecuária;12771
Indicador  6.4.1;1767;14.81;50;Mato Grosso do Sul;12771;2018;100374;Total;12771
Indicador  6.4.1;1767;11.97;50;Mato Grosso do Sul;12771;2018;46522;Indústria;12771
Indicador  6.4.1;1767;67.85;50;Mato Grosso do Sul;12771;2018;13;Serviços;12771
Indicador  6.4.1;1767;1.55;50;Mato Grosso do Sul;12771;2018;45985;Agropecuária;12771
Indicador  6.4.1;1767;13.90;51;Mato Grosso;12771;2010;100374;Total;12771
Indicador  6.4.1;1767;49.07;51;Mato Grosso;12771;2010;46522;Indústria;12771
Indicador  6.4.1;1767;59.12;51;Mato Grosso;12771;2010;13;Serviços;12771
Indicador  6.4.1;1767;0.85;51;Mato Grosso;12771;2010;45985;Agropecuária;12771
Indicador  6.4.1;1767;14.67;51;Mato Grosso;12771;2011;100374;Total;12771
Indicador  6.4.1;1767;44.04;51;Mato Grosso;12771;2011;46522;Indústria;12771
Indicador  6.4.1;1767;60.17;51;Mato Grosso;12771;2011;13;Serviços;12771
Indicador  6.4.1;1767;0.92;51;Mato Grosso;12771;2011;45985;Agropecuária;12771
Indicador  6.4.1;1767;15.73;51;Mato Grosso;12771;2012;100374;Total;12771
Indicador  6.4.1;1767;47.90;51;Mato Grosso;12771;2012;46522;Indústria;12771
Indicador  6.4.1;1767;62.82;51;Mato Grosso;12771;2012;13;Serviços;12771
Indicador  6.4.1;1767;0.92;51;Mato Grosso;12771;2012;45985;Agropecuária;12771
Indicador  6.4.1;1767;16.81;51;Mato Grosso;12771;2013;100374;Total;12771
Indicador  6.4.1;1767;45.79;51;Mato Grosso;12771;2013;46522;Indústria;12771
Indicador  6.4.1;1767;64.91;51;Mato Grosso;12771;2013;13;Serviços;12771
Indicador  6.4.1;1767;0.84;51;Mato Grosso;12771;2013;45985;Agropecuária;12771
Indicador  6.4.1;1767;16.58;51;Mato Grosso;12771;2014;100374;Total;12771
Indicador  6.4.1;1767;48.90;51;Mato Grosso;12771;2014;46522;Indústria;12771
Indicador  6.4.1;1767;65.38;51;Mato Grosso;12771;2014;13;Serviços;12771
Indicador  6.4.1;1767;0.77;51;Mato Grosso;12771;2014;45985;Agropecuária;12771
Indicador  6.4.1;1767;15.18;51;Mato Grosso;12771;2015;100374;Total;12771
Indicador  6.4.1;1767;50.78;51;Mato Grosso;12771;2015;46522;Indústria;12771
Indicador  6.4.1;1767;62.22;51;Mato Grosso;12771;2015;13;Serviços;12771
Indicador  6.4.1;1767;0.70;51;Mato Grosso;12771;2015;45985;Agropecuária;12771
Indicador  6.4.1;1767;13.34;51;Mato Grosso;12771;2016;100374;Total;12771
Indicador  6.4.1;1767;49.54;51;Mato Grosso;12771;2016;46522;Indústria;12771
Indicador  6.4.1;1767;60.34;51;Mato Grosso;12771;2016;13;Serviços;12771
Indicador  6.4.1;1767;0.66;51;Mato Grosso;12771;2016;45985;Agropecuária;12771
Indicador  6.4.1;1767;14.39;51;Mato Grosso;12771;2017;100374;Total;12771
Indicador  6.4.1;1767;47.17;51;Mato Grosso;12771;2017;46522;Indústria;12771
Indicador  6.4.1;1767;61.65;51;Mato Grosso;12771;2017;13;Serviços;12771
Indicador  6.4.1;1767;0.63;51;Mato Grosso;12771;2017;45985;Agropecuária;12771
Indicador  6.4.1;1767;14.13;51;Mato Grosso;12771;2018;100374;Total;12771
Indicador  6.4.1;1767;47.37;51;Mato Grosso;12771;2018;46522;Indústria;12771
Indicador  6.4.1;1767;62.36;51;Mato Grosso;12771;2018;13;Serviços;12771
Indicador  6.4.1;1767;0.67;51;Mato Grosso;12771;2018;45985;Agropecuária;12771
Indicador  6.4.1;1767;16.26;52;Goiás;12771;2010;100374;Total;12771
Indicador  6.4.1;1767;35.18;52;Goiás;12771;2010;46522;Indústria;12771
Indicador  6.4.1;1767;76.82;52;Goiás;12771;2010;13;Serviços;12771
Indicador  6.4.1;1767;1.03;52;Goiás;12771;2010;45985;Agropecuária;12771
Indicador  6.4.1;1767;16.98;52;Goiás;12771;2011;100374;Total;12771
Indicador  6.4.1;1767;30.48;52;Goiás;12771;2011;46522;Indústria;12771
Indicador  6.4.1;1767;78.88;52;Goiás;12771;2011;13;Serviços;12771
Indicador  6.4.1;1767;1.08;52;Goiás;12771;2011;45985;Agropecuária;12771
Indicador  6.4.1;1767;16.20;52;Goiás;12771;2012;100374;Total;12771
Indicador  6.4.1;1767;29.60;52;Goiás;12771;2012;46522;Indústria;12771
Indicador  6.4.1;1767;81.99;52;Goiás;12771;2012;13;Serviços;12771
Indicador  6.4.1;1767;0.97;52;Goiás;12771;2012;45985;Agropecuária;12771
Indicador  6.4.1;1767;17.68;52;Goiás;12771;2013;100374;Total;12771
Indicador  6.4.1;1767;29.69;52;Goiás;12771;2013;46522;Indústria;12771
Indicador  6.4.1;1767;81.12;52;Goiás;12771;2013;13;Serviços;12771
Indicador  6.4.1;1767;1.10;52;Goiás;12771;2013;45985;Agropecuária;12771
Indicador  6.4.1;1767;16.52;52;Goiás;12771;2014;100374;Total;12771
Indicador  6.4.1;1767;29.37;52;Goiás;12771;2014;46522;Indústria;12771
Indicador  6.4.1;1767;81.42;52;Goiás;12771;2014;13;Serviços;12771
Indicador  6.4.1;1767;0.96;52;Goiás;12771;2014;45985;Agropecuária;12771
Indicador  6.4.1;1767;14.79;52;Goiás;12771;2015;100374;Total;12771
Indicador  6.4.1;1767;30.38;52;Goiás;12771;2015;46522;Indústria;12771
Indicador  6.4.1;1767;76.81;52;Goiás;12771;2015;13;Serviços;12771
Indicador  6.4.1;1767;0.83;52;Goiás;12771;2015;45985;Agropecuária;12771
Indicador  6.4.1;1767;13.55;52;Goiás;12771;2016;100374;Total;12771
Indicador  6.4.1;1767;29.39;52;Goiás;12771;2016;46522;Indústria;12771
Indicador  6.4.1;1767;73.49;52;Goiás;12771;2016;13;Serviços;12771
Indicador  6.4.1;1767;0.73;52;Goiás;12771;2016;45985;Agropecuária;12771
Indicador  6.4.1;1767;14.07;52;Goiás;12771;2017;100374;Total;12771
Indicador  6.4.1;1767;27.88;52;Goiás;12771;2017;46522;Indústria;12771
Indicador  6.4.1;1767;73.09;52;Goiás;12771;2017;13;Serviços;12771
Indicador  6.4.1;1767;0.80;52;Goiás;12771;2017;45985;Agropecuária;12771
Indicador  6.4.1;1767;14.48;52;Goiás;12771;2018;100374;Total;12771
Indicador  6.4.1;1767;28.72;52;Goiás;12771;2018;46522;Indústria;12771
Indicador  6.4.1;1767;73.27;52;Goiás;12771;2018;13;Serviços;12771
Indicador  6.4.1;1767;0.82;52;Goiás;12771;2018;45985;Agropecuária;12771
Indicador  6.4.1;1767;165.47;53;Distrito Federal;12771;2010;100374;Total;12771
Indicador  6.4.1;1767;187.97;53;Distrito Federal;12771;2010;46522;Indústria;12771
Indicador  6.4.1;1767;296.13;53;Distrito Federal;12771;2010;13;Serviços;12771
Indicador  6.4.1;1767;-0.13;53;Distrito Federal;12771;2010;45985;Agropecuária;12771
Indicador  6.4.1;1767;175.89;53;Distrito Federal;12771;2011;100374;Total;12771
Indicador  6.4.1;1767;202.69;53;Distrito Federal;12771;2011;46522;Indústria;12771
Indicador  6.4.1;1767;300.14;53;Distrito Federal;12771;2011;13;Serviços;12771
Indicador  6.4.1;1767;-0.36;53;Distrito Federal;12771;2011;45985;Agropecuária;12771
Indicador  6.4.1;1767;159.27;53;Distrito Federal;12771;2012;100374;Total;12771
Indicador  6.4.1;1767;131.21;53;Distrito Federal;12771;2012;46522;Indústria;12771
Indicador  6.4.1;1767;296.97;53;Distrito Federal;12771;2012;13;Serviços;12771
Indicador  6.4.1;1767;-0.26;53;Distrito Federal;12771;2012;45985;Agropecuária;12771
Indicador  6.4.1;1767;175.22;53;Distrito Federal;12771;2013;100374;Total;12771
Indicador  6.4.1;1767;210.09;53;Distrito Federal;12771;2013;46522;Indústria;12771
Indicador  6.4.1;1767;292.04;53;Distrito Federal;12771;2013;13;Serviços;12771
Indicador  6.4.1;1767;-0.29;53;Distrito Federal;12771;2013;45985;Agropecuária;12771
Indicador  6.4.1;1767;162.26;53;Distrito Federal;12771;2014;100374;Total;12771
Indicador  6.4.1;1767;187.48;53;Distrito Federal;12771;2014;46522;Indústria;12771
Indicador  6.4.1;1767;292.54;53;Distrito Federal;12771;2014;13;Serviços;12771
Indicador  6.4.1;1767;-0.46;53;Distrito Federal;12771;2014;45985;Agropecuária;12771
Indicador  6.4.1;1767;155.16;53;Distrito Federal;12771;2015;100374;Total;12771
Indicador  6.4.1;1767;206.61;53;Distrito Federal;12771;2015;46522;Indústria;12771
Indicador  6.4.1;1767;286.22;53;Distrito Federal;12771;2015;13;Serviços;12771
Indicador  6.4.1;1767;-0.25;53;Distrito Federal;12771;2015;45985;Agropecuária;12771
Indicador  6.4.1;1767;134.11;53;Distrito Federal;12771;2016;100374;Total;12771
Indicador  6.4.1;1767;210.52;53;Distrito Federal;12771;2016;46522;Indústria;12771
Indicador  6.4.1;1767;281.81;53;Distrito Federal;12771;2016;13;Serviços;12771
Indicador  6.4.1;1767;-0.16;53;Distrito Federal;12771;2016;45985;Agropecuária;12771
Indicador  6.4.1;1767;139.18;53;Distrito Federal;12771;2017;100374;Total;12771
Indicador  6.4.1;1767;199.73;53;Distrito Federal;12771;2017;46522;Indústria;12771
Indicador  6.4.1;1767;277.95;53;Distrito Federal;12771;2017;13;Serviços;12771
Indicador  6.4.1;1767;-0.31;53;Distrito Federal;12771;2017;45985;Agropecuária;12771
Indicador  6.4.1;1767;155.86;53;Distrito Federal;12771;2018;100374;Total;12771
Indicador  6.4.1;1767;216.33;53;Distrito Federal;12771;2018;46522;Indústria;12771
Indicador  6.4.1;1767;288.23;53;Distrito Federal;12771;2018;13;Serviços;12771
Indicador  6.4.1;1767;-0.42;53;Distrito Federal;12771;2018;45985;Agropecuária;12771
