ID_INDICADOR;CODG_UND_MED;VLR_VAR;CODG_UND_FED;DESC_UND_FED;CODG_VAR;CODG_ANO;CODG_SEXO;DESC_SEXO;CODG_IDADE;DESC_IDADE;SUB_INDICADOR
Indicador  3.9.2;1736;4.7;1;Brasil;9737;2018;6794;Total;95253;Total;9737
Indicador  3.9.2;1736;5.0;1;Brasil;9737;2018;6794;Total;1140;0 a 4 anos;9737
Indicador  3.9.2;1736;0.4;1;Brasil;9737;2018;6794;Total;1141;5 a 9 anos;9737
Indicador  3.9.2;1736;0.3;1;Brasil;9737;2018;6794;Total;1142;10 a 14 anos;9737
Indicador  3.9.2;1736;0.3;1;Brasil;9737;2018;6794;Total;1143;15 a 19 anos;9737
Indicador  3.9.2;1736;0.3;1;Brasil;9737;2018;6794;Total;1144;20 a 24 anos;9737
Indicador  3.9.2;1736;0.3;1;Brasil;9737;2018;6794;Total;1145;25 a 29 anos;9737
Indicador  3.9.2;1736;0.4;1;Brasil;9737;2018;6794;Total;1146;30 a 34 anos;9737
Indicador  3.9.2;1736;0.6;1;Brasil;9737;2018;6794;Total;1147;35 a 39 anos;9737
Indicador  3.9.2;1736;0.9;1;Brasil;9737;2018;6794;Total;1148;40 a 44 anos;9737
Indicador  3.9.2;1736;1.4;1;Brasil;9737;2018;6794;Total;1149;45 a 49 anos;9737
Indicador  3.9.2;1736;2.0;1;Brasil;9737;2018;6794;Total;1150;50 a 54 anos;9737
Indicador  3.9.2;1736;2.9;1;Brasil;9737;2018;6794;Total;1151;55 a 59 anos;9737
Indicador  3.9.2;1736;27.9;1;Brasil;9737;2018;6794;Total;3302;60 anos ou mais;9737
Indicador  3.9.2;1736;4.7;1;Brasil;9737;2018;4;Homens;95253;Total;9737
Indicador  3.9.2;1736;5.4;1;Brasil;9737;2018;4;Homens;1140;0 a 4 anos;9737
Indicador  3.9.2;1736;0.5;1;Brasil;9737;2018;4;Homens;1141;5 a 9 anos;9737
Indicador  3.9.2;1736;0.3;1;Brasil;9737;2018;4;Homens;1142;10 a 14 anos;9737
Indicador  3.9.2;1736;0.4;1;Brasil;9737;2018;4;Homens;1143;15 a 19 anos;9737
Indicador  3.9.2;1736;0.4;1;Brasil;9737;2018;4;Homens;1144;20 a 24 anos;9737
Indicador  3.9.2;1736;0.4;1;Brasil;9737;2018;4;Homens;1145;25 a 29 anos;9737
Indicador  3.9.2;1736;0.6;1;Brasil;9737;2018;4;Homens;1146;30 a 34 anos;9737
Indicador  3.9.2;1736;0.8;1;Brasil;9737;2018;4;Homens;1147;35 a 39 anos;9737
Indicador  3.9.2;1736;1.1;1;Brasil;9737;2018;4;Homens;1148;40 a 44 anos;9737
Indicador  3.9.2;1736;2.0;1;Brasil;9737;2018;4;Homens;1149;45 a 49 anos;9737
Indicador  3.9.2;1736;2.8;1;Brasil;9737;2018;4;Homens;1150;50 a 54 anos;9737
Indicador  3.9.2;1736;3.6;1;Brasil;9737;2018;4;Homens;1151;55 a 59 anos;9737
Indicador  3.9.2;1736;28.6;1;Brasil;9737;2018;4;Homens;3302;60 anos ou mais;9737
Indicador  3.9.2;1736;4.8;1;Brasil;9737;2018;5;Mulheres;95253;Total;9737
Indicador  3.9.2;1736;4.7;1;Brasil;9737;2018;5;Mulheres;1140;0 a 4 anos;9737
Indicador  3.9.2;1736;0.3;1;Brasil;9737;2018;5;Mulheres;1141;5 a 9 anos;9737
Indicador  3.9.2;1736;0.3;1;Brasil;9737;2018;5;Mulheres;1142;10 a 14 anos;9737
Indicador  3.9.2;1736;0.2;1;Brasil;9737;2018;5;Mulheres;1143;15 a 19 anos;9737
Indicador  3.9.2;1736;0.2;1;Brasil;9737;2018;5;Mulheres;1144;20 a 24 anos;9737
Indicador  3.9.2;1736;0.2;1;Brasil;9737;2018;5;Mulheres;1145;25 a 29 anos;9737
Indicador  3.9.2;1736;0.3;1;Brasil;9737;2018;5;Mulheres;1146;30 a 34 anos;9737
Indicador  3.9.2;1736;0.5;1;Brasil;9737;2018;5;Mulheres;1147;35 a 39 anos;9737
Indicador  3.9.2;1736;0.7;1;Brasil;9737;2018;5;Mulheres;1148;40 a 44 anos;9737
Indicador  3.9.2;1736;0.9;1;Brasil;9737;2018;5;Mulheres;1149;45 a 49 anos;9737
Indicador  3.9.2;1736;1.4;1;Brasil;9737;2018;5;Mulheres;1150;50 a 54 anos;9737
Indicador  3.9.2;1736;2.3;1;Brasil;9737;2018;5;Mulheres;1151;55 a 59 anos;9737
Indicador  3.9.2;1736;27.3;1;Brasil;9737;2018;5;Mulheres;3302;60 anos ou mais;9737
Indicador  3.9.2;1736;4.8;1;Brasil;9737;2019;6794;Total;95253;Total;9737
Indicador  3.9.2;1736;4.8;1;Brasil;9737;2019;6794;Total;1140;0 a 4 anos;9737
Indicador  3.9.2;1736;0.5;1;Brasil;9737;2019;6794;Total;1141;5 a 9 anos;9737
Indicador  3.9.2;1736;0.3;1;Brasil;9737;2019;6794;Total;1142;10 a 14 anos;9737
Indicador  3.9.2;1736;0.3;1;Brasil;9737;2019;6794;Total;1143;15 a 19 anos;9737
Indicador  3.9.2;1736;0.3;1;Brasil;9737;2019;6794;Total;1144;20 a 24 anos;9737
Indicador  3.9.2;1736;0.3;1;Brasil;9737;2019;6794;Total;1145;25 a 29 anos;9737
Indicador  3.9.2;1736;0.5;1;Brasil;9737;2019;6794;Total;1146;30 a 34 anos;9737
Indicador  3.9.2;1736;0.6;1;Brasil;9737;2019;6794;Total;1147;35 a 39 anos;9737
Indicador  3.9.2;1736;0.9;1;Brasil;9737;2019;6794;Total;1148;40 a 44 anos;9737
Indicador  3.9.2;1736;1.3;1;Brasil;9737;2019;6794;Total;1149;45 a 49 anos;9737
Indicador  3.9.2;1736;2.0;1;Brasil;9737;2019;6794;Total;1150;50 a 54 anos;9737
Indicador  3.9.2;1736;2.9;1;Brasil;9737;2019;6794;Total;1151;55 a 59 anos;9737
Indicador  3.9.2;1736;27.9;1;Brasil;9737;2019;6794;Total;3302;60 anos ou mais;9737
Indicador  3.9.2;1736;4.7;1;Brasil;9737;2019;4;Homens;95253;Total;9737
Indicador  3.9.2;1736;5.4;1;Brasil;9737;2019;4;Homens;1140;0 a 4 anos;9737
Indicador  3.9.2;1736;0.5;1;Brasil;9737;2019;4;Homens;1141;5 a 9 anos;9737
Indicador  3.9.2;1736;0.4;1;Brasil;9737;2019;4;Homens;1142;10 a 14 anos;9737
Indicador  3.9.2;1736;0.3;1;Brasil;9737;2019;4;Homens;1143;15 a 19 anos;9737
Indicador  3.9.2;1736;0.3;1;Brasil;9737;2019;4;Homens;1144;20 a 24 anos;9737
Indicador  3.9.2;1736;0.3;1;Brasil;9737;2019;4;Homens;1145;25 a 29 anos;9737
Indicador  3.9.2;1736;0.6;1;Brasil;9737;2019;4;Homens;1146;30 a 34 anos;9737
Indicador  3.9.2;1736;0.7;1;Brasil;9737;2019;4;Homens;1147;35 a 39 anos;9737
Indicador  3.9.2;1736;1.1;1;Brasil;9737;2019;4;Homens;1148;40 a 44 anos;9737
Indicador  3.9.2;1736;1.7;1;Brasil;9737;2019;4;Homens;1149;45 a 49 anos;9737
Indicador  3.9.2;1736;2.8;1;Brasil;9737;2019;4;Homens;1150;50 a 54 anos;9737
Indicador  3.9.2;1736;3.9;1;Brasil;9737;2019;4;Homens;1151;55 a 59 anos;9737
Indicador  3.9.2;1736;28.3;1;Brasil;9737;2019;4;Homens;3302;60 anos ou mais;9737
Indicador  3.9.2;1736;4.9;1;Brasil;9737;2019;5;Mulheres;95253;Total;9737
Indicador  3.9.2;1736;4.2;1;Brasil;9737;2019;5;Mulheres;1140;0 a 4 anos;9737
Indicador  3.9.2;1736;0.5;1;Brasil;9737;2019;5;Mulheres;1141;5 a 9 anos;9737
Indicador  3.9.2;1736;0.2;1;Brasil;9737;2019;5;Mulheres;1142;10 a 14 anos;9737
Indicador  3.9.2;1736;0.3;1;Brasil;9737;2019;5;Mulheres;1143;15 a 19 anos;9737
Indicador  3.9.2;1736;0.3;1;Brasil;9737;2019;5;Mulheres;1144;20 a 24 anos;9737
Indicador  3.9.2;1736;0.2;1;Brasil;9737;2019;5;Mulheres;1145;25 a 29 anos;9737
Indicador  3.9.2;1736;0.3;1;Brasil;9737;2019;5;Mulheres;1146;30 a 34 anos;9737
Indicador  3.9.2;1736;0.5;1;Brasil;9737;2019;5;Mulheres;1147;35 a 39 anos;9737
Indicador  3.9.2;1736;0.7;1;Brasil;9737;2019;5;Mulheres;1148;40 a 44 anos;9737
Indicador  3.9.2;1736;0.9;1;Brasil;9737;2019;5;Mulheres;1149;45 a 49 anos;9737
Indicador  3.9.2;1736;1.2;1;Brasil;9737;2019;5;Mulheres;1150;50 a 54 anos;9737
Indicador  3.9.2;1736;2.1;1;Brasil;9737;2019;5;Mulheres;1151;55 a 59 anos;9737
Indicador  3.9.2;1736;27.6;1;Brasil;9737;2019;5;Mulheres;3302;60 anos ou mais;9737
Indicador  3.9.2;1736;4.1;1;Brasil;9737;2020;6794;Total;95253;Total;9737
Indicador  3.9.2;1736;3.7;1;Brasil;9737;2020;6794;Total;1140;0 a 4 anos;9737
Indicador  3.9.2;1736;0.3;1;Brasil;9737;2020;6794;Total;1141;5 a 9 anos;9737
Indicador  3.9.2;1736;0.3;1;Brasil;9737;2020;6794;Total;1142;10 a 14 anos;9737
Indicador  3.9.2;1736;0.3;1;Brasil;9737;2020;6794;Total;1143;15 a 19 anos;9737
Indicador  3.9.2;1736;0.3;1;Brasil;9737;2020;6794;Total;1144;20 a 24 anos;9737
Indicador  3.9.2;1736;0.3;1;Brasil;9737;2020;6794;Total;1145;25 a 29 anos;9737
Indicador  3.9.2;1736;0.4;1;Brasil;9737;2020;6794;Total;1146;30 a 34 anos;9737
Indicador  3.9.2;1736;0.5;1;Brasil;9737;2020;6794;Total;1147;35 a 39 anos;9737
Indicador  3.9.2;1736;0.9;1;Brasil;9737;2020;6794;Total;1148;40 a 44 anos;9737
Indicador  3.9.2;1736;1.1;1;Brasil;9737;2020;6794;Total;1149;45 a 49 anos;9737
Indicador  3.9.2;1736;1.8;1;Brasil;9737;2020;6794;Total;1150;50 a 54 anos;9737
Indicador  3.9.2;1736;2.6;1;Brasil;9737;2020;6794;Total;1151;55 a 59 anos;9737
Indicador  3.9.2;1736;23.2;1;Brasil;9737;2020;6794;Total;3302;60 anos ou mais;9737
Indicador  3.9.2;1736;4.0;1;Brasil;9737;2020;4;Homens;95253;Total;9737
Indicador  3.9.2;1736;3.8;1;Brasil;9737;2020;4;Homens;1140;0 a 4 anos;9737
Indicador  3.9.2;1736;0.2;1;Brasil;9737;2020;4;Homens;1141;5 a 9 anos;9737
Indicador  3.9.2;1736;0.3;1;Brasil;9737;2020;4;Homens;1142;10 a 14 anos;9737
Indicador  3.9.2;1736;0.3;1;Brasil;9737;2020;4;Homens;1143;15 a 19 anos;9737
Indicador  3.9.2;1736;0.3;1;Brasil;9737;2020;4;Homens;1144;20 a 24 anos;9737
Indicador  3.9.2;1736;0.4;1;Brasil;9737;2020;4;Homens;1145;25 a 29 anos;9737
Indicador  3.9.2;1736;0.5;1;Brasil;9737;2020;4;Homens;1146;30 a 34 anos;9737
Indicador  3.9.2;1736;0.7;1;Brasil;9737;2020;4;Homens;1147;35 a 39 anos;9737
Indicador  3.9.2;1736;1.1;1;Brasil;9737;2020;4;Homens;1148;40 a 44 anos;9737
Indicador  3.9.2;1736;1.2;1;Brasil;9737;2020;4;Homens;1149;45 a 49 anos;9737
Indicador  3.9.2;1736;2.3;1;Brasil;9737;2020;4;Homens;1150;50 a 54 anos;9737
Indicador  3.9.2;1736;3.2;1;Brasil;9737;2020;4;Homens;1151;55 a 59 anos;9737
Indicador  3.9.2;1736;23.9;1;Brasil;9737;2020;4;Homens;3302;60 anos ou mais;9737
Indicador  3.9.2;1736;4.2;1;Brasil;9737;2020;5;Mulheres;95253;Total;9737
Indicador  3.9.2;1736;3.5;1;Brasil;9737;2020;5;Mulheres;1140;0 a 4 anos;9737
Indicador  3.9.2;1736;0.3;1;Brasil;9737;2020;5;Mulheres;1141;5 a 9 anos;9737
Indicador  3.9.2;1736;0.2;1;Brasil;9737;2020;5;Mulheres;1142;10 a 14 anos;9737
Indicador  3.9.2;1736;0.3;1;Brasil;9737;2020;5;Mulheres;1143;15 a 19 anos;9737
Indicador  3.9.2;1736;0.2;1;Brasil;9737;2020;5;Mulheres;1144;20 a 24 anos;9737
Indicador  3.9.2;1736;0.2;1;Brasil;9737;2020;5;Mulheres;1145;25 a 29 anos;9737
Indicador  3.9.2;1736;0.3;1;Brasil;9737;2020;5;Mulheres;1146;30 a 34 anos;9737
Indicador  3.9.2;1736;0.4;1;Brasil;9737;2020;5;Mulheres;1147;35 a 39 anos;9737
Indicador  3.9.2;1736;0.7;1;Brasil;9737;2020;5;Mulheres;1148;40 a 44 anos;9737
Indicador  3.9.2;1736;1.0;1;Brasil;9737;2020;5;Mulheres;1149;45 a 49 anos;9737
Indicador  3.9.2;1736;1.4;1;Brasil;9737;2020;5;Mulheres;1150;50 a 54 anos;9737
Indicador  3.9.2;1736;2.2;1;Brasil;9737;2020;5;Mulheres;1151;55 a 59 anos;9737
Indicador  3.9.2;1736;22.7;1;Brasil;9737;2020;5;Mulheres;3302;60 anos ou mais;9737
Indicador  3.9.2;1736;4.1;1;Brasil;9737;2021;6794;Total;95253;Total;9737
Indicador  3.9.2;1736;4.3;1;Brasil;9737;2021;6794;Total;1140;0 a 4 anos;9737
Indicador  3.9.2;1736;0.3;1;Brasil;9737;2021;6794;Total;1141;5 a 9 anos;9737
Indicador  3.9.2;1736;0.3;1;Brasil;9737;2021;6794;Total;1142;10 a 14 anos;9737
Indicador  3.9.2;1736;0.3;1;Brasil;9737;2021;6794;Total;1143;15 a 19 anos;9737
Indicador  3.9.2;1736;0.3;1;Brasil;9737;2021;6794;Total;1144;20 a 24 anos;9737
Indicador  3.9.2;1736;0.3;1;Brasil;9737;2021;6794;Total;1145;25 a 29 anos;9737
Indicador  3.9.2;1736;0.4;1;Brasil;9737;2021;6794;Total;1146;30 a 34 anos;9737
Indicador  3.9.2;1736;0.6;1;Brasil;9737;2021;6794;Total;1147;35 a 39 anos;9737
Indicador  3.9.2;1736;0.8;1;Brasil;9737;2021;6794;Total;1148;40 a 44 anos;9737
Indicador  3.9.2;1736;1.2;1;Brasil;9737;2021;6794;Total;1149;45 a 49 anos;9737
Indicador  3.9.2;1736;1.9;1;Brasil;9737;2021;6794;Total;1150;50 a 54 anos;9737
Indicador  3.9.2;1736;2.7;1;Brasil;9737;2021;6794;Total;1151;55 a 59 anos;9737
Indicador  3.9.2;1736;21.7;1;Brasil;9737;2021;6794;Total;3302;60 anos ou mais;9737
Indicador  3.9.2;1736;4.0;1;Brasil;9737;2021;4;Homens;95253;Total;9737
Indicador  3.9.2;1736;4.8;1;Brasil;9737;2021;4;Homens;1140;0 a 4 anos;9737
Indicador  3.9.2;1736;0.4;1;Brasil;9737;2021;4;Homens;1141;5 a 9 anos;9737
Indicador  3.9.2;1736;0.2;1;Brasil;9737;2021;4;Homens;1142;10 a 14 anos;9737
Indicador  3.9.2;1736;0.3;1;Brasil;9737;2021;4;Homens;1143;15 a 19 anos;9737
Indicador  3.9.2;1736;0.4;1;Brasil;9737;2021;4;Homens;1144;20 a 24 anos;9737
Indicador  3.9.2;1736;0.4;1;Brasil;9737;2021;4;Homens;1145;25 a 29 anos;9737
Indicador  3.9.2;1736;0.4;1;Brasil;9737;2021;4;Homens;1146;30 a 34 anos;9737
Indicador  3.9.2;1736;0.7;1;Brasil;9737;2021;4;Homens;1147;35 a 39 anos;9737
Indicador  3.9.2;1736;1.0;1;Brasil;9737;2021;4;Homens;1148;40 a 44 anos;9737
Indicador  3.9.2;1736;1.5;1;Brasil;9737;2021;4;Homens;1149;45 a 49 anos;9737
Indicador  3.9.2;1736;2.4;1;Brasil;9737;2021;4;Homens;1150;50 a 54 anos;9737
Indicador  3.9.2;1736;3.6;1;Brasil;9737;2021;4;Homens;1151;55 a 59 anos;9737
Indicador  3.9.2;1736;22.3;1;Brasil;9737;2021;4;Homens;3302;60 anos ou mais;9737
Indicador  3.9.2;1736;4.1;1;Brasil;9737;2021;5;Mulheres;95253;Total;9737
Indicador  3.9.2;1736;3.6;1;Brasil;9737;2021;5;Mulheres;1140;0 a 4 anos;9737
Indicador  3.9.2;1736;0.3;1;Brasil;9737;2021;5;Mulheres;1141;5 a 9 anos;9737
Indicador  3.9.2;1736;0.3;1;Brasil;9737;2021;5;Mulheres;1142;10 a 14 anos;9737
Indicador  3.9.2;1736;0.2;1;Brasil;9737;2021;5;Mulheres;1143;15 a 19 anos;9737
Indicador  3.9.2;1736;0.3;1;Brasil;9737;2021;5;Mulheres;1144;20 a 24 anos;9737
Indicador  3.9.2;1736;0.1;1;Brasil;9737;2021;5;Mulheres;1145;25 a 29 anos;9737
Indicador  3.9.2;1736;0.4;1;Brasil;9737;2021;5;Mulheres;1146;30 a 34 anos;9737
Indicador  3.9.2;1736;0.5;1;Brasil;9737;2021;5;Mulheres;1147;35 a 39 anos;9737
Indicador  3.9.2;1736;0.5;1;Brasil;9737;2021;5;Mulheres;1148;40 a 44 anos;9737
Indicador  3.9.2;1736;0.9;1;Brasil;9737;2021;5;Mulheres;1149;45 a 49 anos;9737
Indicador  3.9.2;1736;1.4;1;Brasil;9737;2021;5;Mulheres;1150;50 a 54 anos;9737
Indicador  3.9.2;1736;1.9;1;Brasil;9737;2021;5;Mulheres;1151;55 a 59 anos;9737
Indicador  3.9.2;1736;21.3;1;Brasil;9737;2021;5;Mulheres;3302;60 anos ou mais;9737
Indicador  3.9.2;1736;4.4;1;Brasil;9737;2022;6794;Total;95253;Total;9737
Indicador  3.9.2;1736;4.7;1;Brasil;9737;2022;6794;Total;1140;0 a 4 anos;9737
Indicador  3.9.2;1736;0.4;1;Brasil;9737;2022;6794;Total;1141;5 a 9 anos;9737
Indicador  3.9.2;1736;0.3;1;Brasil;9737;2022;6794;Total;1142;10 a 14 anos;9737
Indicador  3.9.2;1736;0.3;1;Brasil;9737;2022;6794;Total;1143;15 a 19 anos;9737
Indicador  3.9.2;1736;0.3;1;Brasil;9737;2022;6794;Total;1144;20 a 24 anos;9737
Indicador  3.9.2;1736;0.3;1;Brasil;9737;2022;6794;Total;1145;25 a 29 anos;9737
Indicador  3.9.2;1736;0.4;1;Brasil;9737;2022;6794;Total;1146;30 a 34 anos;9737
Indicador  3.9.2;1736;0.5;1;Brasil;9737;2022;6794;Total;1147;35 a 39 anos;9737
Indicador  3.9.2;1736;0.9;1;Brasil;9737;2022;6794;Total;1148;40 a 44 anos;9737
Indicador  3.9.2;1736;1.4;1;Brasil;9737;2022;6794;Total;1149;45 a 49 anos;9737
Indicador  3.9.2;1736;1.5;1;Brasil;9737;2022;6794;Total;1150;50 a 54 anos;9737
Indicador  3.9.2;1736;2.8;1;Brasil;9737;2022;6794;Total;1151;55 a 59 anos;9737
Indicador  3.9.2;1736;23.1;1;Brasil;9737;2022;6794;Total;3302;60 anos ou mais;9737
Indicador  3.9.2;1736;4.3;1;Brasil;9737;2022;4;Homens;95253;Total;9737
Indicador  3.9.2;1736;5.2;1;Brasil;9737;2022;4;Homens;1140;0 a 4 anos;9737
Indicador  3.9.2;1736;0.4;1;Brasil;9737;2022;4;Homens;1141;5 a 9 anos;9737
Indicador  3.9.2;1736;0.4;1;Brasil;9737;2022;4;Homens;1142;10 a 14 anos;9737
Indicador  3.9.2;1736;0.3;1;Brasil;9737;2022;4;Homens;1143;15 a 19 anos;9737
Indicador  3.9.2;1736;0.4;1;Brasil;9737;2022;4;Homens;1144;20 a 24 anos;9737
Indicador  3.9.2;1736;0.4;1;Brasil;9737;2022;4;Homens;1145;25 a 29 anos;9737
Indicador  3.9.2;1736;0.5;1;Brasil;9737;2022;4;Homens;1146;30 a 34 anos;9737
Indicador  3.9.2;1736;0.7;1;Brasil;9737;2022;4;Homens;1147;35 a 39 anos;9737
Indicador  3.9.2;1736;1.2;1;Brasil;9737;2022;4;Homens;1148;40 a 44 anos;9737
Indicador  3.9.2;1736;1.7;1;Brasil;9737;2022;4;Homens;1149;45 a 49 anos;9737
Indicador  3.9.2;1736;1.9;1;Brasil;9737;2022;4;Homens;1150;50 a 54 anos;9737
Indicador  3.9.2;1736;3.7;1;Brasil;9737;2022;4;Homens;1151;55 a 59 anos;9737
Indicador  3.9.2;1736;23.0;1;Brasil;9737;2022;4;Homens;3302;60 anos ou mais;9737
Indicador  3.9.2;1736;4.5;1;Brasil;9737;2022;5;Mulheres;95253;Total;9737
Indicador  3.9.2;1736;4.2;1;Brasil;9737;2022;5;Mulheres;1140;0 a 4 anos;9737
Indicador  3.9.2;1736;0.4;1;Brasil;9737;2022;5;Mulheres;1141;5 a 9 anos;9737
Indicador  3.9.2;1736;0.2;1;Brasil;9737;2022;5;Mulheres;1142;10 a 14 anos;9737
Indicador  3.9.2;1736;0.2;1;Brasil;9737;2022;5;Mulheres;1143;15 a 19 anos;9737
Indicador  3.9.2;1736;0.2;1;Brasil;9737;2022;5;Mulheres;1144;20 a 24 anos;9737
Indicador  3.9.2;1736;0.2;1;Brasil;9737;2022;5;Mulheres;1145;25 a 29 anos;9737
Indicador  3.9.2;1736;0.3;1;Brasil;9737;2022;5;Mulheres;1146;30 a 34 anos;9737
Indicador  3.9.2;1736;0.3;1;Brasil;9737;2022;5;Mulheres;1147;35 a 39 anos;9737
Indicador  3.9.2;1736;0.7;1;Brasil;9737;2022;5;Mulheres;1148;40 a 44 anos;9737
Indicador  3.9.2;1736;1.1;1;Brasil;9737;2022;5;Mulheres;1149;45 a 49 anos;9737
Indicador  3.9.2;1736;1.2;1;Brasil;9737;2022;5;Mulheres;1150;50 a 54 anos;9737
Indicador  3.9.2;1736;2.0;1;Brasil;9737;2022;5;Mulheres;1151;55 a 59 anos;9737
Indicador  3.9.2;1736;23.1;1;Brasil;9737;2022;5;Mulheres;3302;60 anos ou mais;9737
Indicador  3.9.2;1736;2.2;11;Rondônia;9737;2018;6794;Total;95253;Total;9737
Indicador  3.9.2;1736;4.3;11;Rondônia;9737;2018;6794;Total;1140;0 a 4 anos;9737
Indicador  3.9.2;1736;1.5;11;Rondônia;9737;2018;6794;Total;1141;5 a 9 anos;9737
Indicador  3.9.2;1736;0.0;11;Rondônia;9737;2018;6794;Total;1142;10 a 14 anos;9737
Indicador  3.9.2;1736;0.6;11;Rondônia;9737;2018;6794;Total;1143;15 a 19 anos;9737
Indicador  3.9.2;1736;0.0;11;Rondônia;9737;2018;6794;Total;1144;20 a 24 anos;9737
Indicador  3.9.2;1736;0.0;11;Rondônia;9737;2018;6794;Total;1145;25 a 29 anos;9737
Indicador  3.9.2;1736;0.0;11;Rondônia;9737;2018;6794;Total;1146;30 a 34 anos;9737
Indicador  3.9.2;1736;0.7;11;Rondônia;9737;2018;6794;Total;1147;35 a 39 anos;9737
Indicador  3.9.2;1736;0.0;11;Rondônia;9737;2018;6794;Total;1148;40 a 44 anos;9737
Indicador  3.9.2;1736;1.8;11;Rondônia;9737;2018;6794;Total;1149;45 a 49 anos;9737
Indicador  3.9.2;1736;1.0;11;Rondônia;9737;2018;6794;Total;1150;50 a 54 anos;9737
Indicador  3.9.2;1736;5.0;11;Rondônia;9737;2018;6794;Total;1151;55 a 59 anos;9737
Indicador  3.9.2;1736;13.0;11;Rondônia;9737;2018;6794;Total;3302;60 anos ou mais;9737
Indicador  3.9.2;1736;2.9;11;Rondônia;9737;2018;4;Homens;95253;Total;9737
Indicador  3.9.2;1736;5.6;11;Rondônia;9737;2018;4;Homens;1140;0 a 4 anos;9737
Indicador  3.9.2;1736;2.9;11;Rondônia;9737;2018;4;Homens;1141;5 a 9 anos;9737
Indicador  3.9.2;1736;0.0;11;Rondônia;9737;2018;4;Homens;1142;10 a 14 anos;9737
Indicador  3.9.2;1736;1.3;11;Rondônia;9737;2018;4;Homens;1143;15 a 19 anos;9737
Indicador  3.9.2;1736;0.0;11;Rondônia;9737;2018;4;Homens;1144;20 a 24 anos;9737
Indicador  3.9.2;1736;0.0;11;Rondônia;9737;2018;4;Homens;1145;25 a 29 anos;9737
Indicador  3.9.2;1736;0.0;11;Rondônia;9737;2018;4;Homens;1146;30 a 34 anos;9737
Indicador  3.9.2;1736;1.4;11;Rondônia;9737;2018;4;Homens;1147;35 a 39 anos;9737
Indicador  3.9.2;1736;0.0;11;Rondônia;9737;2018;4;Homens;1148;40 a 44 anos;9737
Indicador  3.9.2;1736;0.0;11;Rondônia;9737;2018;4;Homens;1149;45 a 49 anos;9737
Indicador  3.9.2;1736;0.0;11;Rondônia;9737;2018;4;Homens;1150;50 a 54 anos;9737
Indicador  3.9.2;1736;9.8;11;Rondônia;9737;2018;4;Homens;1151;55 a 59 anos;9737
Indicador  3.9.2;1736;17.1;11;Rondônia;9737;2018;4;Homens;3302;60 anos ou mais;9737
Indicador  3.9.2;1736;1.4;11;Rondônia;9737;2018;5;Mulheres;95253;Total;9737
Indicador  3.9.2;1736;2.9;11;Rondônia;9737;2018;5;Mulheres;1140;0 a 4 anos;9737
Indicador  3.9.2;1736;0.0;11;Rondônia;9737;2018;5;Mulheres;1141;5 a 9 anos;9737
Indicador  3.9.2;1736;0.0;11;Rondônia;9737;2018;5;Mulheres;1142;10 a 14 anos;9737
Indicador  3.9.2;1736;0.0;11;Rondônia;9737;2018;5;Mulheres;1143;15 a 19 anos;9737
Indicador  3.9.2;1736;0.0;11;Rondônia;9737;2018;5;Mulheres;1144;20 a 24 anos;9737
Indicador  3.9.2;1736;0.0;11;Rondônia;9737;2018;5;Mulheres;1145;25 a 29 anos;9737
Indicador  3.9.2;1736;0.0;11;Rondônia;9737;2018;5;Mulheres;1146;30 a 34 anos;9737
Indicador  3.9.2;1736;0.0;11;Rondônia;9737;2018;5;Mulheres;1147;35 a 39 anos;9737
Indicador  3.9.2;1736;0.0;11;Rondônia;9737;2018;5;Mulheres;1148;40 a 44 anos;9737
Indicador  3.9.2;1736;3.6;11;Rondônia;9737;2018;5;Mulheres;1149;45 a 49 anos;9737
Indicador  3.9.2;1736;2.1;11;Rondônia;9737;2018;5;Mulheres;1150;50 a 54 anos;9737
Indicador  3.9.2;1736;0.0;11;Rondônia;9737;2018;5;Mulheres;1151;55 a 59 anos;9737
Indicador  3.9.2;1736;8.7;11;Rondônia;9737;2018;5;Mulheres;3302;60 anos ou mais;9737
Indicador  3.9.2;1736;2.8;11;Rondônia;9737;2019;6794;Total;95253;Total;9737
Indicador  3.9.2;1736;3.6;11;Rondônia;9737;2019;6794;Total;1140;0 a 4 anos;9737
Indicador  3.9.2;1736;0.0;11;Rondônia;9737;2019;6794;Total;1141;5 a 9 anos;9737
Indicador  3.9.2;1736;0.0;11;Rondônia;9737;2019;6794;Total;1142;10 a 14 anos;9737
Indicador  3.9.2;1736;0.0;11;Rondônia;9737;2019;6794;Total;1143;15 a 19 anos;9737
Indicador  3.9.2;1736;0.0;11;Rondônia;9737;2019;6794;Total;1144;20 a 24 anos;9737
Indicador  3.9.2;1736;0.6;11;Rondônia;9737;2019;6794;Total;1145;25 a 29 anos;9737
Indicador  3.9.2;1736;0.6;11;Rondônia;9737;2019;6794;Total;1146;30 a 34 anos;9737
Indicador  3.9.2;1736;0.0;11;Rondônia;9737;2019;6794;Total;1147;35 a 39 anos;9737
Indicador  3.9.2;1736;0.0;11;Rondônia;9737;2019;6794;Total;1148;40 a 44 anos;9737
Indicador  3.9.2;1736;0.0;11;Rondônia;9737;2019;6794;Total;1149;45 a 49 anos;9737
Indicador  3.9.2;1736;0.0;11;Rondônia;9737;2019;6794;Total;1150;50 a 54 anos;9737
Indicador  3.9.2;1736;3.6;11;Rondônia;9737;2019;6794;Total;1151;55 a 59 anos;9737
Indicador  3.9.2;1736;23.5;11;Rondônia;9737;2019;6794;Total;3302;60 anos ou mais;9737
Indicador  3.9.2;1736;3.3;11;Rondônia;9737;2019;4;Homens;95253;Total;9737
Indicador  3.9.2;1736;2.8;11;Rondônia;9737;2019;4;Homens;1140;0 a 4 anos;9737
Indicador  3.9.2;1736;0.0;11;Rondônia;9737;2019;4;Homens;1141;5 a 9 anos;9737
Indicador  3.9.2;1736;0.0;11;Rondônia;9737;2019;4;Homens;1142;10 a 14 anos;9737
Indicador  3.9.2;1736;0.0;11;Rondônia;9737;2019;4;Homens;1143;15 a 19 anos;9737
Indicador  3.9.2;1736;0.0;11;Rondônia;9737;2019;4;Homens;1144;20 a 24 anos;9737
Indicador  3.9.2;1736;1.3;11;Rondônia;9737;2019;4;Homens;1145;25 a 29 anos;9737
Indicador  3.9.2;1736;1.3;11;Rondônia;9737;2019;4;Homens;1146;30 a 34 anos;9737
Indicador  3.9.2;1736;0.0;11;Rondônia;9737;2019;4;Homens;1147;35 a 39 anos;9737
Indicador  3.9.2;1736;0.0;11;Rondônia;9737;2019;4;Homens;1148;40 a 44 anos;9737
Indicador  3.9.2;1736;0.0;11;Rondônia;9737;2019;4;Homens;1149;45 a 49 anos;9737
Indicador  3.9.2;1736;0.0;11;Rondônia;9737;2019;4;Homens;1150;50 a 54 anos;9737
Indicador  3.9.2;1736;2.4;11;Rondônia;9737;2019;4;Homens;1151;55 a 59 anos;9737
Indicador  3.9.2;1736;29.3;11;Rondônia;9737;2019;4;Homens;3302;60 anos ou mais;9737
Indicador  3.9.2;1736;2.3;11;Rondônia;9737;2019;5;Mulheres;95253;Total;9737
Indicador  3.9.2;1736;4.4;11;Rondônia;9737;2019;5;Mulheres;1140;0 a 4 anos;9737
Indicador  3.9.2;1736;0.0;11;Rondônia;9737;2019;5;Mulheres;1141;5 a 9 anos;9737
Indicador  3.9.2;1736;0.0;11;Rondônia;9737;2019;5;Mulheres;1142;10 a 14 anos;9737
Indicador  3.9.2;1736;0.0;11;Rondônia;9737;2019;5;Mulheres;1143;15 a 19 anos;9737
Indicador  3.9.2;1736;0.0;11;Rondônia;9737;2019;5;Mulheres;1144;20 a 24 anos;9737
Indicador  3.9.2;1736;0.0;11;Rondônia;9737;2019;5;Mulheres;1145;25 a 29 anos;9737
Indicador  3.9.2;1736;0.0;11;Rondônia;9737;2019;5;Mulheres;1146;30 a 34 anos;9737
Indicador  3.9.2;1736;0.0;11;Rondônia;9737;2019;5;Mulheres;1147;35 a 39 anos;9737
Indicador  3.9.2;1736;0.0;11;Rondônia;9737;2019;5;Mulheres;1148;40 a 44 anos;9737
Indicador  3.9.2;1736;0.0;11;Rondônia;9737;2019;5;Mulheres;1149;45 a 49 anos;9737
Indicador  3.9.2;1736;0.0;11;Rondônia;9737;2019;5;Mulheres;1150;50 a 54 anos;9737
Indicador  3.9.2;1736;5.0;11;Rondônia;9737;2019;5;Mulheres;1151;55 a 59 anos;9737
Indicador  3.9.2;1736;17.7;11;Rondônia;9737;2019;5;Mulheres;3302;60 anos ou mais;9737
Indicador  3.9.2;1736;2.1;11;Rondônia;9737;2020;6794;Total;95253;Total;9737
Indicador  3.9.2;1736;2.1;11;Rondônia;9737;2020;6794;Total;1140;0 a 4 anos;9737
Indicador  3.9.2;1736;0.0;11;Rondônia;9737;2020;6794;Total;1141;5 a 9 anos;9737
Indicador  3.9.2;1736;0.7;11;Rondônia;9737;2020;6794;Total;1142;10 a 14 anos;9737
Indicador  3.9.2;1736;0.0;11;Rondônia;9737;2020;6794;Total;1143;15 a 19 anos;9737
Indicador  3.9.2;1736;0.0;11;Rondônia;9737;2020;6794;Total;1144;20 a 24 anos;9737
Indicador  3.9.2;1736;0.0;11;Rondônia;9737;2020;6794;Total;1145;25 a 29 anos;9737
Indicador  3.9.2;1736;0.0;11;Rondônia;9737;2020;6794;Total;1146;30 a 34 anos;9737
Indicador  3.9.2;1736;0.0;11;Rondônia;9737;2020;6794;Total;1147;35 a 39 anos;9737
Indicador  3.9.2;1736;0.7;11;Rondônia;9737;2020;6794;Total;1148;40 a 44 anos;9737
Indicador  3.9.2;1736;0.0;11;Rondônia;9737;2020;6794;Total;1149;45 a 49 anos;9737
Indicador  3.9.2;1736;1.0;11;Rondônia;9737;2020;6794;Total;1150;50 a 54 anos;9737
Indicador  3.9.2;1736;1.2;11;Rondônia;9737;2020;6794;Total;1151;55 a 59 anos;9737
Indicador  3.9.2;1736;16.8;11;Rondônia;9737;2020;6794;Total;3302;60 anos ou mais;9737
Indicador  3.9.2;1736;2.3;11;Rondônia;9737;2020;4;Homens;95253;Total;9737
Indicador  3.9.2;1736;4.2;11;Rondônia;9737;2020;4;Homens;1140;0 a 4 anos;9737
Indicador  3.9.2;1736;0.0;11;Rondônia;9737;2020;4;Homens;1141;5 a 9 anos;9737
Indicador  3.9.2;1736;0.0;11;Rondônia;9737;2020;4;Homens;1142;10 a 14 anos;9737
Indicador  3.9.2;1736;0.0;11;Rondônia;9737;2020;4;Homens;1143;15 a 19 anos;9737
Indicador  3.9.2;1736;0.0;11;Rondônia;9737;2020;4;Homens;1144;20 a 24 anos;9737
Indicador  3.9.2;1736;0.0;11;Rondônia;9737;2020;4;Homens;1145;25 a 29 anos;9737
Indicador  3.9.2;1736;0.0;11;Rondônia;9737;2020;4;Homens;1146;30 a 34 anos;9737
Indicador  3.9.2;1736;0.0;11;Rondônia;9737;2020;4;Homens;1147;35 a 39 anos;9737
Indicador  3.9.2;1736;1.5;11;Rondônia;9737;2020;4;Homens;1148;40 a 44 anos;9737
Indicador  3.9.2;1736;0.0;11;Rondônia;9737;2020;4;Homens;1149;45 a 49 anos;9737
Indicador  3.9.2;1736;1.9;11;Rondônia;9737;2020;4;Homens;1150;50 a 54 anos;9737
Indicador  3.9.2;1736;2.3;11;Rondônia;9737;2020;4;Homens;1151;55 a 59 anos;9737
Indicador  3.9.2;1736;15.7;11;Rondônia;9737;2020;4;Homens;3302;60 anos ou mais;9737
Indicador  3.9.2;1736;1.9;11;Rondônia;9737;2020;5;Mulheres;95253;Total;9737
Indicador  3.9.2;1736;0.0;11;Rondônia;9737;2020;5;Mulheres;1140;0 a 4 anos;9737
Indicador  3.9.2;1736;0.0;11;Rondônia;9737;2020;5;Mulheres;1141;5 a 9 anos;9737
Indicador  3.9.2;1736;1.5;11;Rondônia;9737;2020;5;Mulheres;1142;10 a 14 anos;9737
Indicador  3.9.2;1736;0.0;11;Rondônia;9737;2020;5;Mulheres;1143;15 a 19 anos;9737
Indicador  3.9.2;1736;0.0;11;Rondônia;9737;2020;5;Mulheres;1144;20 a 24 anos;9737
Indicador  3.9.2;1736;0.0;11;Rondônia;9737;2020;5;Mulheres;1145;25 a 29 anos;9737
Indicador  3.9.2;1736;0.0;11;Rondônia;9737;2020;5;Mulheres;1146;30 a 34 anos;9737
Indicador  3.9.2;1736;0.0;11;Rondônia;9737;2020;5;Mulheres;1147;35 a 39 anos;9737
Indicador  3.9.2;1736;0.0;11;Rondônia;9737;2020;5;Mulheres;1148;40 a 44 anos;9737
Indicador  3.9.2;1736;0.0;11;Rondônia;9737;2020;5;Mulheres;1149;45 a 49 anos;9737
Indicador  3.9.2;1736;0.0;11;Rondônia;9737;2020;5;Mulheres;1150;50 a 54 anos;9737
Indicador  3.9.2;1736;0.0;11;Rondônia;9737;2020;5;Mulheres;1151;55 a 59 anos;9737
Indicador  3.9.2;1736;18.0;11;Rondônia;9737;2020;5;Mulheres;3302;60 anos ou mais;9737
Indicador  3.9.2;1736;2.5;11;Rondônia;9737;2021;6794;Total;95253;Total;9737
Indicador  3.9.2;1736;5.7;11;Rondônia;9737;2021;6794;Total;1140;0 a 4 anos;9737
Indicador  3.9.2;1736;0.0;11;Rondônia;9737;2021;6794;Total;1141;5 a 9 anos;9737
Indicador  3.9.2;1736;0.0;11;Rondônia;9737;2021;6794;Total;1142;10 a 14 anos;9737
Indicador  3.9.2;1736;0.0;11;Rondônia;9737;2021;6794;Total;1143;15 a 19 anos;9737
Indicador  3.9.2;1736;0.0;11;Rondônia;9737;2021;6794;Total;1144;20 a 24 anos;9737
Indicador  3.9.2;1736;0.6;11;Rondônia;9737;2021;6794;Total;1145;25 a 29 anos;9737
Indicador  3.9.2;1736;0.0;11;Rondônia;9737;2021;6794;Total;1146;30 a 34 anos;9737
Indicador  3.9.2;1736;0.0;11;Rondônia;9737;2021;6794;Total;1147;35 a 39 anos;9737
Indicador  3.9.2;1736;0.7;11;Rondônia;9737;2021;6794;Total;1148;40 a 44 anos;9737
Indicador  3.9.2;1736;0.0;11;Rondônia;9737;2021;6794;Total;1149;45 a 49 anos;9737
Indicador  3.9.2;1736;1.0;11;Rondônia;9737;2021;6794;Total;1150;50 a 54 anos;9737
Indicador  3.9.2;1736;0.0;11;Rondônia;9737;2021;6794;Total;1151;55 a 59 anos;9737
Indicador  3.9.2;1736;18.7;11;Rondônia;9737;2021;6794;Total;3302;60 anos ou mais;9737
Indicador  3.9.2;1736;2.9;11;Rondônia;9737;2021;4;Homens;95253;Total;9737
Indicador  3.9.2;1736;5.6;11;Rondônia;9737;2021;4;Homens;1140;0 a 4 anos;9737
Indicador  3.9.2;1736;0.0;11;Rondônia;9737;2021;4;Homens;1141;5 a 9 anos;9737
Indicador  3.9.2;1736;0.0;11;Rondônia;9737;2021;4;Homens;1142;10 a 14 anos;9737
Indicador  3.9.2;1736;0.0;11;Rondônia;9737;2021;4;Homens;1143;15 a 19 anos;9737
Indicador  3.9.2;1736;0.0;11;Rondônia;9737;2021;4;Homens;1144;20 a 24 anos;9737
Indicador  3.9.2;1736;1.3;11;Rondônia;9737;2021;4;Homens;1145;25 a 29 anos;9737
Indicador  3.9.2;1736;0.0;11;Rondônia;9737;2021;4;Homens;1146;30 a 34 anos;9737
Indicador  3.9.2;1736;0.0;11;Rondônia;9737;2021;4;Homens;1147;35 a 39 anos;9737
Indicador  3.9.2;1736;1.5;11;Rondônia;9737;2021;4;Homens;1148;40 a 44 anos;9737
Indicador  3.9.2;1736;0.0;11;Rondônia;9737;2021;4;Homens;1149;45 a 49 anos;9737
Indicador  3.9.2;1736;1.9;11;Rondônia;9737;2021;4;Homens;1150;50 a 54 anos;9737
Indicador  3.9.2;1736;0.0;11;Rondônia;9737;2021;4;Homens;1151;55 a 59 anos;9737
Indicador  3.9.2;1736;21.4;11;Rondônia;9737;2021;4;Homens;3302;60 anos ou mais;9737
Indicador  3.9.2;1736;2.1;11;Rondônia;9737;2021;5;Mulheres;95253;Total;9737
Indicador  3.9.2;1736;5.8;11;Rondônia;9737;2021;5;Mulheres;1140;0 a 4 anos;9737
Indicador  3.9.2;1736;0.0;11;Rondônia;9737;2021;5;Mulheres;1141;5 a 9 anos;9737
Indicador  3.9.2;1736;0.0;11;Rondônia;9737;2021;5;Mulheres;1142;10 a 14 anos;9737
Indicador  3.9.2;1736;0.0;11;Rondônia;9737;2021;5;Mulheres;1143;15 a 19 anos;9737
Indicador  3.9.2;1736;0.0;11;Rondônia;9737;2021;5;Mulheres;1144;20 a 24 anos;9737
Indicador  3.9.2;1736;0.0;11;Rondônia;9737;2021;5;Mulheres;1145;25 a 29 anos;9737
Indicador  3.9.2;1736;0.0;11;Rondônia;9737;2021;5;Mulheres;1146;30 a 34 anos;9737
Indicador  3.9.2;1736;0.0;11;Rondônia;9737;2021;5;Mulheres;1147;35 a 39 anos;9737
Indicador  3.9.2;1736;0.0;11;Rondônia;9737;2021;5;Mulheres;1148;40 a 44 anos;9737
Indicador  3.9.2;1736;0.0;11;Rondônia;9737;2021;5;Mulheres;1149;45 a 49 anos;9737
Indicador  3.9.2;1736;0.0;11;Rondônia;9737;2021;5;Mulheres;1150;50 a 54 anos;9737
Indicador  3.9.2;1736;0.0;11;Rondônia;9737;2021;5;Mulheres;1151;55 a 59 anos;9737
Indicador  3.9.2;1736;16.0;11;Rondônia;9737;2021;5;Mulheres;3302;60 anos ou mais;9737
Indicador  3.9.2;1736;2.8;11;Rondônia;9737;2022;6794;Total;95253;Total;9737
Indicador  3.9.2;1736;2.1;11;Rondônia;9737;2022;6794;Total;1140;0 a 4 anos;9737
Indicador  3.9.2;1736;0.7;11;Rondônia;9737;2022;6794;Total;1141;5 a 9 anos;9737
Indicador  3.9.2;1736;0.7;11;Rondônia;9737;2022;6794;Total;1142;10 a 14 anos;9737
Indicador  3.9.2;1736;0.0;11;Rondônia;9737;2022;6794;Total;1143;15 a 19 anos;9737
Indicador  3.9.2;1736;1.3;11;Rondônia;9737;2022;6794;Total;1144;20 a 24 anos;9737
Indicador  3.9.2;1736;0.0;11;Rondônia;9737;2022;6794;Total;1145;25 a 29 anos;9737
Indicador  3.9.2;1736;0.6;11;Rondônia;9737;2022;6794;Total;1146;30 a 34 anos;9737
Indicador  3.9.2;1736;0.7;11;Rondônia;9737;2022;6794;Total;1147;35 a 39 anos;9737
Indicador  3.9.2;1736;2.1;11;Rondônia;9737;2022;6794;Total;1148;40 a 44 anos;9737
Indicador  3.9.2;1736;0.8;11;Rondônia;9737;2022;6794;Total;1149;45 a 49 anos;9737
Indicador  3.9.2;1736;0.0;11;Rondônia;9737;2022;6794;Total;1150;50 a 54 anos;9737
Indicador  3.9.2;1736;6.6;11;Rondônia;9737;2022;6794;Total;1151;55 a 59 anos;9737
Indicador  3.9.2;1736;16.9;11;Rondônia;9737;2022;6794;Total;3302;60 anos ou mais;9737
Indicador  3.9.2;1736;3.2;11;Rondônia;9737;2022;4;Homens;95253;Total;9737
Indicador  3.9.2;1736;4.2;11;Rondônia;9737;2022;4;Homens;1140;0 a 4 anos;9737
Indicador  3.9.2;1736;0.0;11;Rondônia;9737;2022;4;Homens;1141;5 a 9 anos;9737
Indicador  3.9.2;1736;1.5;11;Rondônia;9737;2022;4;Homens;1142;10 a 14 anos;9737
Indicador  3.9.2;1736;0.0;11;Rondônia;9737;2022;4;Homens;1143;15 a 19 anos;9737
Indicador  3.9.2;1736;2.5;11;Rondônia;9737;2022;4;Homens;1144;20 a 24 anos;9737
Indicador  3.9.2;1736;0.0;11;Rondônia;9737;2022;4;Homens;1145;25 a 29 anos;9737
Indicador  3.9.2;1736;0.0;11;Rondônia;9737;2022;4;Homens;1146;30 a 34 anos;9737
Indicador  3.9.2;1736;1.3;11;Rondônia;9737;2022;4;Homens;1147;35 a 39 anos;9737
Indicador  3.9.2;1736;2.9;11;Rondônia;9737;2022;4;Homens;1148;40 a 44 anos;9737
Indicador  3.9.2;1736;1.7;11;Rondônia;9737;2022;4;Homens;1149;45 a 49 anos;9737
Indicador  3.9.2;1736;0.0;11;Rondônia;9737;2022;4;Homens;1150;50 a 54 anos;9737
Indicador  3.9.2;1736;6.4;11;Rondônia;9737;2022;4;Homens;1151;55 a 59 anos;9737
Indicador  3.9.2;1736;17.4;11;Rondônia;9737;2022;4;Homens;3302;60 anos ou mais;9737
Indicador  3.9.2;1736;2.4;11;Rondônia;9737;2022;5;Mulheres;95253;Total;9737
Indicador  3.9.2;1736;0.0;11;Rondônia;9737;2022;5;Mulheres;1140;0 a 4 anos;9737
Indicador  3.9.2;1736;1.5;11;Rondônia;9737;2022;5;Mulheres;1141;5 a 9 anos;9737
Indicador  3.9.2;1736;0.0;11;Rondônia;9737;2022;5;Mulheres;1142;10 a 14 anos;9737
Indicador  3.9.2;1736;0.0;11;Rondônia;9737;2022;5;Mulheres;1143;15 a 19 anos;9737
Indicador  3.9.2;1736;0.0;11;Rondônia;9737;2022;5;Mulheres;1144;20 a 24 anos;9737
Indicador  3.9.2;1736;0.0;11;Rondônia;9737;2022;5;Mulheres;1145;25 a 29 anos;9737
Indicador  3.9.2;1736;1.3;11;Rondônia;9737;2022;5;Mulheres;1146;30 a 34 anos;9737
Indicador  3.9.2;1736;0.0;11;Rondônia;9737;2022;5;Mulheres;1147;35 a 39 anos;9737
Indicador  3.9.2;1736;1.4;11;Rondônia;9737;2022;5;Mulheres;1148;40 a 44 anos;9737
Indicador  3.9.2;1736;0.0;11;Rondônia;9737;2022;5;Mulheres;1149;45 a 49 anos;9737
Indicador  3.9.2;1736;0.0;11;Rondônia;9737;2022;5;Mulheres;1150;50 a 54 anos;9737
Indicador  3.9.2;1736;6.8;11;Rondônia;9737;2022;5;Mulheres;1151;55 a 59 anos;9737
Indicador  3.9.2;1736;16.3;11;Rondônia;9737;2022;5;Mulheres;3302;60 anos ou mais;9737
Indicador  3.9.2;1736;7.0;12;Acre;9737;2018;6794;Total;95253;Total;9737
Indicador  3.9.2;1736;31.0;12;Acre;9737;2018;6794;Total;1140;0 a 4 anos;9737
Indicador  3.9.2;1736;0.0;12;Acre;9737;2018;6794;Total;1141;5 a 9 anos;9737
Indicador  3.9.2;1736;0.0;12;Acre;9737;2018;6794;Total;1142;10 a 14 anos;9737
Indicador  3.9.2;1736;0.0;12;Acre;9737;2018;6794;Total;1143;15 a 19 anos;9737
Indicador  3.9.2;1736;0.0;12;Acre;9737;2018;6794;Total;1144;20 a 24 anos;9737
Indicador  3.9.2;1736;0.0;12;Acre;9737;2018;6794;Total;1145;25 a 29 anos;9737
Indicador  3.9.2;1736;0.0;12;Acre;9737;2018;6794;Total;1146;30 a 34 anos;9737
Indicador  3.9.2;1736;1.6;12;Acre;9737;2018;6794;Total;1147;35 a 39 anos;9737
Indicador  3.9.2;1736;5.6;12;Acre;9737;2018;6794;Total;1148;40 a 44 anos;9737
Indicador  3.9.2;1736;0.0;12;Acre;9737;2018;6794;Total;1149;45 a 49 anos;9737
Indicador  3.9.2;1736;2.8;12;Acre;9737;2018;6794;Total;1150;50 a 54 anos;9737
Indicador  3.9.2;1736;3.6;12;Acre;9737;2018;6794;Total;1151;55 a 59 anos;9737
Indicador  3.9.2;1736;44.3;12;Acre;9737;2018;6794;Total;3302;60 anos ou mais;9737
Indicador  3.9.2;1736;8.3;12;Acre;9737;2018;4;Homens;95253;Total;9737
Indicador  3.9.2;1736;34.9;12;Acre;9737;2018;4;Homens;1140;0 a 4 anos;9737
Indicador  3.9.2;1736;0.0;12;Acre;9737;2018;4;Homens;1141;5 a 9 anos;9737
Indicador  3.9.2;1736;0.0;12;Acre;9737;2018;4;Homens;1142;10 a 14 anos;9737
Indicador  3.9.2;1736;0.0;12;Acre;9737;2018;4;Homens;1143;15 a 19 anos;9737
Indicador  3.9.2;1736;0.0;12;Acre;9737;2018;4;Homens;1144;20 a 24 anos;9737
Indicador  3.9.2;1736;0.0;12;Acre;9737;2018;4;Homens;1145;25 a 29 anos;9737
Indicador  3.9.2;1736;0.0;12;Acre;9737;2018;4;Homens;1146;30 a 34 anos;9737
Indicador  3.9.2;1736;0.0;12;Acre;9737;2018;4;Homens;1147;35 a 39 anos;9737
Indicador  3.9.2;1736;7.6;12;Acre;9737;2018;4;Homens;1148;40 a 44 anos;9737
Indicador  3.9.2;1736;0.0;12;Acre;9737;2018;4;Homens;1149;45 a 49 anos;9737
Indicador  3.9.2;1736;5.7;12;Acre;9737;2018;4;Homens;1150;50 a 54 anos;9737
Indicador  3.9.2;1736;0.0;12;Acre;9737;2018;4;Homens;1151;55 a 59 anos;9737
Indicador  3.9.2;1736;57.0;12;Acre;9737;2018;4;Homens;3302;60 anos ou mais;9737
Indicador  3.9.2;1736;5.8;12;Acre;9737;2018;5;Mulheres;95253;Total;9737
Indicador  3.9.2;1736;26.9;12;Acre;9737;2018;5;Mulheres;1140;0 a 4 anos;9737
Indicador  3.9.2;1736;0.0;12;Acre;9737;2018;5;Mulheres;1141;5 a 9 anos;9737
Indicador  3.9.2;1736;0.0;12;Acre;9737;2018;5;Mulheres;1142;10 a 14 anos;9737
Indicador  3.9.2;1736;0.0;12;Acre;9737;2018;5;Mulheres;1143;15 a 19 anos;9737
Indicador  3.9.2;1736;0.0;12;Acre;9737;2018;5;Mulheres;1144;20 a 24 anos;9737
Indicador  3.9.2;1736;0.0;12;Acre;9737;2018;5;Mulheres;1145;25 a 29 anos;9737
Indicador  3.9.2;1736;0.0;12;Acre;9737;2018;5;Mulheres;1146;30 a 34 anos;9737
Indicador  3.9.2;1736;3.1;12;Acre;9737;2018;5;Mulheres;1147;35 a 39 anos;9737
Indicador  3.9.2;1736;3.7;12;Acre;9737;2018;5;Mulheres;1148;40 a 44 anos;9737
Indicador  3.9.2;1736;0.0;12;Acre;9737;2018;5;Mulheres;1149;45 a 49 anos;9737
Indicador  3.9.2;1736;0.0;12;Acre;9737;2018;5;Mulheres;1150;50 a 54 anos;9737
Indicador  3.9.2;1736;7.2;12;Acre;9737;2018;5;Mulheres;1151;55 a 59 anos;9737
Indicador  3.9.2;1736;32.5;12;Acre;9737;2018;5;Mulheres;3302;60 anos ou mais;9737
Indicador  3.9.2;1736;7.1;12;Acre;9737;2019;6794;Total;95253;Total;9737
Indicador  3.9.2;1736;33.5;12;Acre;9737;2019;6794;Total;1140;0 a 4 anos;9737
Indicador  3.9.2;1736;3.6;12;Acre;9737;2019;6794;Total;1141;5 a 9 anos;9737
Indicador  3.9.2;1736;0.0;12;Acre;9737;2019;6794;Total;1142;10 a 14 anos;9737
Indicador  3.9.2;1736;1.1;12;Acre;9737;2019;6794;Total;1143;15 a 19 anos;9737
Indicador  3.9.2;1736;1.2;12;Acre;9737;2019;6794;Total;1144;20 a 24 anos;9737
Indicador  3.9.2;1736;1.3;12;Acre;9737;2019;6794;Total;1145;25 a 29 anos;9737
Indicador  3.9.2;1736;0.0;12;Acre;9737;2019;6794;Total;1146;30 a 34 anos;9737
Indicador  3.9.2;1736;0.0;12;Acre;9737;2019;6794;Total;1147;35 a 39 anos;9737
Indicador  3.9.2;1736;1.8;12;Acre;9737;2019;6794;Total;1148;40 a 44 anos;9737
Indicador  3.9.2;1736;0.0;12;Acre;9737;2019;6794;Total;1149;45 a 49 anos;9737
Indicador  3.9.2;1736;2.7;12;Acre;9737;2019;6794;Total;1150;50 a 54 anos;9737
Indicador  3.9.2;1736;3.5;12;Acre;9737;2019;6794;Total;1151;55 a 59 anos;9737
Indicador  3.9.2;1736;38.1;12;Acre;9737;2019;6794;Total;3302;60 anos ou mais;9737
Indicador  3.9.2;1736;7.5;12;Acre;9737;2019;4;Homens;95253;Total;9737
Indicador  3.9.2;1736;35.1;12;Acre;9737;2019;4;Homens;1140;0 a 4 anos;9737
Indicador  3.9.2;1736;0.0;12;Acre;9737;2019;4;Homens;1141;5 a 9 anos;9737
Indicador  3.9.2;1736;0.0;12;Acre;9737;2019;4;Homens;1142;10 a 14 anos;9737
Indicador  3.9.2;1736;2.1;12;Acre;9737;2019;4;Homens;1143;15 a 19 anos;9737
Indicador  3.9.2;1736;0.0;12;Acre;9737;2019;4;Homens;1144;20 a 24 anos;9737
Indicador  3.9.2;1736;0.0;12;Acre;9737;2019;4;Homens;1145;25 a 29 anos;9737
Indicador  3.9.2;1736;0.0;12;Acre;9737;2019;4;Homens;1146;30 a 34 anos;9737
Indicador  3.9.2;1736;0.0;12;Acre;9737;2019;4;Homens;1147;35 a 39 anos;9737
Indicador  3.9.2;1736;3.6;12;Acre;9737;2019;4;Homens;1148;40 a 44 anos;9737
Indicador  3.9.2;1736;0.0;12;Acre;9737;2019;4;Homens;1149;45 a 49 anos;9737
Indicador  3.9.2;1736;0.0;12;Acre;9737;2019;4;Homens;1150;50 a 54 anos;9737
Indicador  3.9.2;1736;7.1;12;Acre;9737;2019;4;Homens;1151;55 a 59 anos;9737
Indicador  3.9.2;1736;45.7;12;Acre;9737;2019;4;Homens;3302;60 anos ou mais;9737
Indicador  3.9.2;1736;6.8;12;Acre;9737;2019;5;Mulheres;95253;Total;9737
Indicador  3.9.2;1736;31.9;12;Acre;9737;2019;5;Mulheres;1140;0 a 4 anos;9737
Indicador  3.9.2;1736;7.3;12;Acre;9737;2019;5;Mulheres;1141;5 a 9 anos;9737
Indicador  3.9.2;1736;0.0;12;Acre;9737;2019;5;Mulheres;1142;10 a 14 anos;9737
Indicador  3.9.2;1736;0.0;12;Acre;9737;2019;5;Mulheres;1143;15 a 19 anos;9737
Indicador  3.9.2;1736;2.4;12;Acre;9737;2019;5;Mulheres;1144;20 a 24 anos;9737
Indicador  3.9.2;1736;2.7;12;Acre;9737;2019;5;Mulheres;1145;25 a 29 anos;9737
Indicador  3.9.2;1736;0.0;12;Acre;9737;2019;5;Mulheres;1146;30 a 34 anos;9737
Indicador  3.9.2;1736;0.0;12;Acre;9737;2019;5;Mulheres;1147;35 a 39 anos;9737
Indicador  3.9.2;1736;0.0;12;Acre;9737;2019;5;Mulheres;1148;40 a 44 anos;9737
Indicador  3.9.2;1736;0.0;12;Acre;9737;2019;5;Mulheres;1149;45 a 49 anos;9737
Indicador  3.9.2;1736;5.3;12;Acre;9737;2019;5;Mulheres;1150;50 a 54 anos;9737
Indicador  3.9.2;1736;0.0;12;Acre;9737;2019;5;Mulheres;1151;55 a 59 anos;9737
Indicador  3.9.2;1736;31.0;12;Acre;9737;2019;5;Mulheres;3302;60 anos ou mais;9737
Indicador  3.9.2;1736;4.6;12;Acre;9737;2020;6794;Total;95253;Total;9737
Indicador  3.9.2;1736;25.3;12;Acre;9737;2020;6794;Total;1140;0 a 4 anos;9737
Indicador  3.9.2;1736;1.2;12;Acre;9737;2020;6794;Total;1141;5 a 9 anos;9737
Indicador  3.9.2;1736;0.0;12;Acre;9737;2020;6794;Total;1142;10 a 14 anos;9737
Indicador  3.9.2;1736;1.1;12;Acre;9737;2020;6794;Total;1143;15 a 19 anos;9737
Indicador  3.9.2;1736;0.0;12;Acre;9737;2020;6794;Total;1144;20 a 24 anos;9737
Indicador  3.9.2;1736;0.0;12;Acre;9737;2020;6794;Total;1145;25 a 29 anos;9737
Indicador  3.9.2;1736;0.0;12;Acre;9737;2020;6794;Total;1146;30 a 34 anos;9737
Indicador  3.9.2;1736;0.0;12;Acre;9737;2020;6794;Total;1147;35 a 39 anos;9737
Indicador  3.9.2;1736;0.0;12;Acre;9737;2020;6794;Total;1148;40 a 44 anos;9737
Indicador  3.9.2;1736;0.0;12;Acre;9737;2020;6794;Total;1149;45 a 49 anos;9737
Indicador  3.9.2;1736;0.0;12;Acre;9737;2020;6794;Total;1150;50 a 54 anos;9737
Indicador  3.9.2;1736;0.0;12;Acre;9737;2020;6794;Total;1151;55 a 59 anos;9737
Indicador  3.9.2;1736;25.3;12;Acre;9737;2020;6794;Total;3302;60 anos ou mais;9737
Indicador  3.9.2;1736;4.9;12;Acre;9737;2020;4;Homens;95253;Total;9737
Indicador  3.9.2;1736;25.9;12;Acre;9737;2020;4;Homens;1140;0 a 4 anos;9737
Indicador  3.9.2;1736;0.0;12;Acre;9737;2020;4;Homens;1141;5 a 9 anos;9737
Indicador  3.9.2;1736;0.0;12;Acre;9737;2020;4;Homens;1142;10 a 14 anos;9737
Indicador  3.9.2;1736;2.1;12;Acre;9737;2020;4;Homens;1143;15 a 19 anos;9737
Indicador  3.9.2;1736;0.0;12;Acre;9737;2020;4;Homens;1144;20 a 24 anos;9737
Indicador  3.9.2;1736;0.0;12;Acre;9737;2020;4;Homens;1145;25 a 29 anos;9737
Indicador  3.9.2;1736;0.0;12;Acre;9737;2020;4;Homens;1146;30 a 34 anos;9737
Indicador  3.9.2;1736;0.0;12;Acre;9737;2020;4;Homens;1147;35 a 39 anos;9737
Indicador  3.9.2;1736;0.0;12;Acre;9737;2020;4;Homens;1148;40 a 44 anos;9737
Indicador  3.9.2;1736;0.0;12;Acre;9737;2020;4;Homens;1149;45 a 49 anos;9737
Indicador  3.9.2;1736;0.0;12;Acre;9737;2020;4;Homens;1150;50 a 54 anos;9737
Indicador  3.9.2;1736;0.0;12;Acre;9737;2020;4;Homens;1151;55 a 59 anos;9737
Indicador  3.9.2;1736;29.3;12;Acre;9737;2020;4;Homens;3302;60 anos ou mais;9737
Indicador  3.9.2;1736;4.2;12;Acre;9737;2020;5;Mulheres;95253;Total;9737
Indicador  3.9.2;1736;24.7;12;Acre;9737;2020;5;Mulheres;1140;0 a 4 anos;9737
Indicador  3.9.2;1736;2.4;12;Acre;9737;2020;5;Mulheres;1141;5 a 9 anos;9737
Indicador  3.9.2;1736;0.0;12;Acre;9737;2020;5;Mulheres;1142;10 a 14 anos;9737
Indicador  3.9.2;1736;0.0;12;Acre;9737;2020;5;Mulheres;1143;15 a 19 anos;9737
Indicador  3.9.2;1736;0.0;12;Acre;9737;2020;5;Mulheres;1144;20 a 24 anos;9737
Indicador  3.9.2;1736;0.0;12;Acre;9737;2020;5;Mulheres;1145;25 a 29 anos;9737
Indicador  3.9.2;1736;0.0;12;Acre;9737;2020;5;Mulheres;1146;30 a 34 anos;9737
Indicador  3.9.2;1736;0.0;12;Acre;9737;2020;5;Mulheres;1147;35 a 39 anos;9737
Indicador  3.9.2;1736;0.0;12;Acre;9737;2020;5;Mulheres;1148;40 a 44 anos;9737
Indicador  3.9.2;1736;0.0;12;Acre;9737;2020;5;Mulheres;1149;45 a 49 anos;9737
Indicador  3.9.2;1736;0.0;12;Acre;9737;2020;5;Mulheres;1150;50 a 54 anos;9737
Indicador  3.9.2;1736;0.0;12;Acre;9737;2020;5;Mulheres;1151;55 a 59 anos;9737
Indicador  3.9.2;1736;21.6;12;Acre;9737;2020;5;Mulheres;3302;60 anos ou mais;9737
Indicador  3.9.2;1736;5.5;12;Acre;9737;2021;6794;Total;95253;Total;9737
Indicador  3.9.2;1736;26.4;12;Acre;9737;2021;6794;Total;1140;0 a 4 anos;9737
Indicador  3.9.2;1736;0.0;12;Acre;9737;2021;6794;Total;1141;5 a 9 anos;9737
Indicador  3.9.2;1736;1.1;12;Acre;9737;2021;6794;Total;1142;10 a 14 anos;9737
Indicador  3.9.2;1736;0.0;12;Acre;9737;2021;6794;Total;1143;15 a 19 anos;9737
Indicador  3.9.2;1736;1.1;12;Acre;9737;2021;6794;Total;1144;20 a 24 anos;9737
Indicador  3.9.2;1736;0.0;12;Acre;9737;2021;6794;Total;1145;25 a 29 anos;9737
Indicador  3.9.2;1736;1.4;12;Acre;9737;2021;6794;Total;1146;30 a 34 anos;9737
Indicador  3.9.2;1736;0.0;12;Acre;9737;2021;6794;Total;1147;35 a 39 anos;9737
Indicador  3.9.2;1736;0.0;12;Acre;9737;2021;6794;Total;1148;40 a 44 anos;9737
Indicador  3.9.2;1736;2.1;12;Acre;9737;2021;6794;Total;1149;45 a 49 anos;9737
Indicador  3.9.2;1736;2.5;12;Acre;9737;2021;6794;Total;1150;50 a 54 anos;9737
Indicador  3.9.2;1736;6.5;12;Acre;9737;2021;6794;Total;1151;55 a 59 anos;9737
Indicador  3.9.2;1736;28.3;12;Acre;9737;2021;6794;Total;3302;60 anos ou mais;9737
Indicador  3.9.2;1736;5.5;12;Acre;9737;2021;4;Homens;95253;Total;9737
Indicador  3.9.2;1736;25.8;12;Acre;9737;2021;4;Homens;1140;0 a 4 anos;9737
Indicador  3.9.2;1736;0.0;12;Acre;9737;2021;4;Homens;1141;5 a 9 anos;9737
Indicador  3.9.2;1736;2.2;12;Acre;9737;2021;4;Homens;1142;10 a 14 anos;9737
Indicador  3.9.2;1736;0.0;12;Acre;9737;2021;4;Homens;1143;15 a 19 anos;9737
Indicador  3.9.2;1736;0.0;12;Acre;9737;2021;4;Homens;1144;20 a 24 anos;9737
Indicador  3.9.2;1736;0.0;12;Acre;9737;2021;4;Homens;1145;25 a 29 anos;9737
Indicador  3.9.2;1736;0.0;12;Acre;9737;2021;4;Homens;1146;30 a 34 anos;9737
Indicador  3.9.2;1736;0.0;12;Acre;9737;2021;4;Homens;1147;35 a 39 anos;9737
Indicador  3.9.2;1736;0.0;12;Acre;9737;2021;4;Homens;1148;40 a 44 anos;9737
Indicador  3.9.2;1736;4.2;12;Acre;9737;2021;4;Homens;1149;45 a 49 anos;9737
Indicador  3.9.2;1736;0.0;12;Acre;9737;2021;4;Homens;1150;50 a 54 anos;9737
Indicador  3.9.2;1736;13.1;12;Acre;9737;2021;4;Homens;1151;55 a 59 anos;9737
Indicador  3.9.2;1736;28.3;12;Acre;9737;2021;4;Homens;3302;60 anos ou mais;9737
Indicador  3.9.2;1736;5.5;12;Acre;9737;2021;5;Mulheres;95253;Total;9737
Indicador  3.9.2;1736;27.1;12;Acre;9737;2021;5;Mulheres;1140;0 a 4 anos;9737
Indicador  3.9.2;1736;0.0;12;Acre;9737;2021;5;Mulheres;1141;5 a 9 anos;9737
Indicador  3.9.2;1736;0.0;12;Acre;9737;2021;5;Mulheres;1142;10 a 14 anos;9737
Indicador  3.9.2;1736;0.0;12;Acre;9737;2021;5;Mulheres;1143;15 a 19 anos;9737
Indicador  3.9.2;1736;2.3;12;Acre;9737;2021;5;Mulheres;1144;20 a 24 anos;9737
Indicador  3.9.2;1736;0.0;12;Acre;9737;2021;5;Mulheres;1145;25 a 29 anos;9737
Indicador  3.9.2;1736;2.8;12;Acre;9737;2021;5;Mulheres;1146;30 a 34 anos;9737
Indicador  3.9.2;1736;0.0;12;Acre;9737;2021;5;Mulheres;1147;35 a 39 anos;9737
Indicador  3.9.2;1736;0.0;12;Acre;9737;2021;5;Mulheres;1148;40 a 44 anos;9737
Indicador  3.9.2;1736;0.0;12;Acre;9737;2021;5;Mulheres;1149;45 a 49 anos;9737
Indicador  3.9.2;1736;4.9;12;Acre;9737;2021;5;Mulheres;1150;50 a 54 anos;9737
Indicador  3.9.2;1736;0.0;12;Acre;9737;2021;5;Mulheres;1151;55 a 59 anos;9737
Indicador  3.9.2;1736;28.4;12;Acre;9737;2021;5;Mulheres;3302;60 anos ou mais;9737
Indicador  3.9.2;1736;7.1;12;Acre;9737;2022;6794;Total;95253;Total;9737
Indicador  3.9.2;1736;14.4;12;Acre;9737;2022;6794;Total;1140;0 a 4 anos;9737
Indicador  3.9.2;1736;0.0;12;Acre;9737;2022;6794;Total;1141;5 a 9 anos;9737
Indicador  3.9.2;1736;0.0;12;Acre;9737;2022;6794;Total;1142;10 a 14 anos;9737
Indicador  3.9.2;1736;0.0;12;Acre;9737;2022;6794;Total;1143;15 a 19 anos;9737
Indicador  3.9.2;1736;0.0;12;Acre;9737;2022;6794;Total;1144;20 a 24 anos;9737
Indicador  3.9.2;1736;0.0;12;Acre;9737;2022;6794;Total;1145;25 a 29 anos;9737
Indicador  3.9.2;1736;4.2;12;Acre;9737;2022;6794;Total;1146;30 a 34 anos;9737
Indicador  3.9.2;1736;0.0;12;Acre;9737;2022;6794;Total;1147;35 a 39 anos;9737
Indicador  3.9.2;1736;0.0;12;Acre;9737;2022;6794;Total;1148;40 a 44 anos;9737
Indicador  3.9.2;1736;2.0;12;Acre;9737;2022;6794;Total;1149;45 a 49 anos;9737
Indicador  3.9.2;1736;2.4;12;Acre;9737;2022;6794;Total;1150;50 a 54 anos;9737
Indicador  3.9.2;1736;6.2;12;Acre;9737;2022;6794;Total;1151;55 a 59 anos;9737
Indicador  3.9.2;1736;59.6;12;Acre;9737;2022;6794;Total;3302;60 anos ou mais;9737
Indicador  3.9.2;1736;7.8;12;Acre;9737;2022;4;Homens;95253;Total;9737
Indicador  3.9.2;1736;14.0;12;Acre;9737;2022;4;Homens;1140;0 a 4 anos;9737
Indicador  3.9.2;1736;0.0;12;Acre;9737;2022;4;Homens;1141;5 a 9 anos;9737
Indicador  3.9.2;1736;0.0;12;Acre;9737;2022;4;Homens;1142;10 a 14 anos;9737
Indicador  3.9.2;1736;0.0;12;Acre;9737;2022;4;Homens;1143;15 a 19 anos;9737
Indicador  3.9.2;1736;0.0;12;Acre;9737;2022;4;Homens;1144;20 a 24 anos;9737
Indicador  3.9.2;1736;0.0;12;Acre;9737;2022;4;Homens;1145;25 a 29 anos;9737
Indicador  3.9.2;1736;5.6;12;Acre;9737;2022;4;Homens;1146;30 a 34 anos;9737
Indicador  3.9.2;1736;0.0;12;Acre;9737;2022;4;Homens;1147;35 a 39 anos;9737
Indicador  3.9.2;1736;0.0;12;Acre;9737;2022;4;Homens;1148;40 a 44 anos;9737
Indicador  3.9.2;1736;4.0;12;Acre;9737;2022;4;Homens;1149;45 a 49 anos;9737
Indicador  3.9.2;1736;4.9;12;Acre;9737;2022;4;Homens;1150;50 a 54 anos;9737
Indicador  3.9.2;1736;12.6;12;Acre;9737;2022;4;Homens;1151;55 a 59 anos;9737
Indicador  3.9.2;1736;65.3;12;Acre;9737;2022;4;Homens;3302;60 anos ou mais;9737
Indicador  3.9.2;1736;6.3;12;Acre;9737;2022;5;Mulheres;95253;Total;9737
Indicador  3.9.2;1736;14.7;12;Acre;9737;2022;5;Mulheres;1140;0 a 4 anos;9737
Indicador  3.9.2;1736;0.0;12;Acre;9737;2022;5;Mulheres;1141;5 a 9 anos;9737
Indicador  3.9.2;1736;0.0;12;Acre;9737;2022;5;Mulheres;1142;10 a 14 anos;9737
Indicador  3.9.2;1736;0.0;12;Acre;9737;2022;5;Mulheres;1143;15 a 19 anos;9737
Indicador  3.9.2;1736;0.0;12;Acre;9737;2022;5;Mulheres;1144;20 a 24 anos;9737
Indicador  3.9.2;1736;0.0;12;Acre;9737;2022;5;Mulheres;1145;25 a 29 anos;9737
Indicador  3.9.2;1736;2.8;12;Acre;9737;2022;5;Mulheres;1146;30 a 34 anos;9737
Indicador  3.9.2;1736;0.0;12;Acre;9737;2022;5;Mulheres;1147;35 a 39 anos;9737
Indicador  3.9.2;1736;0.0;12;Acre;9737;2022;5;Mulheres;1148;40 a 44 anos;9737
Indicador  3.9.2;1736;0.0;12;Acre;9737;2022;5;Mulheres;1149;45 a 49 anos;9737
Indicador  3.9.2;1736;0.0;12;Acre;9737;2022;5;Mulheres;1150;50 a 54 anos;9737
Indicador  3.9.2;1736;0.0;12;Acre;9737;2022;5;Mulheres;1151;55 a 59 anos;9737
Indicador  3.9.2;1736;54.4;12;Acre;9737;2022;5;Mulheres;3302;60 anos ou mais;9737
Indicador  3.9.2;1736;6.2;13;Amazonas;9737;2018;6794;Total;95253;Total;9737
Indicador  3.9.2;1736;21.0;13;Amazonas;9737;2018;6794;Total;1140;0 a 4 anos;9737
Indicador  3.9.2;1736;1.0;13;Amazonas;9737;2018;6794;Total;1141;5 a 9 anos;9737
Indicador  3.9.2;1736;1.0;13;Amazonas;9737;2018;6794;Total;1142;10 a 14 anos;9737
Indicador  3.9.2;1736;0.8;13;Amazonas;9737;2018;6794;Total;1143;15 a 19 anos;9737
Indicador  3.9.2;1736;0.8;13;Amazonas;9737;2018;6794;Total;1144;20 a 24 anos;9737
Indicador  3.9.2;1736;1.1;13;Amazonas;9737;2018;6794;Total;1145;25 a 29 anos;9737
Indicador  3.9.2;1736;0.6;13;Amazonas;9737;2018;6794;Total;1146;30 a 34 anos;9737
Indicador  3.9.2;1736;1.3;13;Amazonas;9737;2018;6794;Total;1147;35 a 39 anos;9737
Indicador  3.9.2;1736;1.1;13;Amazonas;9737;2018;6794;Total;1148;40 a 44 anos;9737
Indicador  3.9.2;1736;3.3;13;Amazonas;9737;2018;6794;Total;1149;45 a 49 anos;9737
Indicador  3.9.2;1736;2.9;13;Amazonas;9737;2018;6794;Total;1150;50 a 54 anos;9737
Indicador  3.9.2;1736;5.1;13;Amazonas;9737;2018;6794;Total;1151;55 a 59 anos;9737
Indicador  3.9.2;1736;40.3;13;Amazonas;9737;2018;6794;Total;3302;60 anos ou mais;9737
Indicador  3.9.2;1736;6.9;13;Amazonas;9737;2018;4;Homens;95253;Total;9737
Indicador  3.9.2;1736;25.4;13;Amazonas;9737;2018;4;Homens;1140;0 a 4 anos;9737
Indicador  3.9.2;1736;0.5;13;Amazonas;9737;2018;4;Homens;1141;5 a 9 anos;9737
Indicador  3.9.2;1736;1.0;13;Amazonas;9737;2018;4;Homens;1142;10 a 14 anos;9737
Indicador  3.9.2;1736;1.0;13;Amazonas;9737;2018;4;Homens;1143;15 a 19 anos;9737
Indicador  3.9.2;1736;1.5;13;Amazonas;9737;2018;4;Homens;1144;20 a 24 anos;9737
Indicador  3.9.2;1736;2.2;13;Amazonas;9737;2018;4;Homens;1145;25 a 29 anos;9737
Indicador  3.9.2;1736;1.2;13;Amazonas;9737;2018;4;Homens;1146;30 a 34 anos;9737
Indicador  3.9.2;1736;1.9;13;Amazonas;9737;2018;4;Homens;1147;35 a 39 anos;9737
Indicador  3.9.2;1736;1.5;13;Amazonas;9737;2018;4;Homens;1148;40 a 44 anos;9737
Indicador  3.9.2;1736;3.8;13;Amazonas;9737;2018;4;Homens;1149;45 a 49 anos;9737
Indicador  3.9.2;1736;5.7;13;Amazonas;9737;2018;4;Homens;1150;50 a 54 anos;9737
Indicador  3.9.2;1736;10.2;13;Amazonas;9737;2018;4;Homens;1151;55 a 59 anos;9737
Indicador  3.9.2;1736;37.3;13;Amazonas;9737;2018;4;Homens;3302;60 anos ou mais;9737
Indicador  3.9.2;1736;5.5;13;Amazonas;9737;2018;5;Mulheres;95253;Total;9737
Indicador  3.9.2;1736;16.5;13;Amazonas;9737;2018;5;Mulheres;1140;0 a 4 anos;9737
Indicador  3.9.2;1736;1.5;13;Amazonas;9737;2018;5;Mulheres;1141;5 a 9 anos;9737
Indicador  3.9.2;1736;1.0;13;Amazonas;9737;2018;5;Mulheres;1142;10 a 14 anos;9737
Indicador  3.9.2;1736;0.5;13;Amazonas;9737;2018;5;Mulheres;1143;15 a 19 anos;9737
Indicador  3.9.2;1736;0.0;13;Amazonas;9737;2018;5;Mulheres;1144;20 a 24 anos;9737
Indicador  3.9.2;1736;0.0;13;Amazonas;9737;2018;5;Mulheres;1145;25 a 29 anos;9737
Indicador  3.9.2;1736;0.0;13;Amazonas;9737;2018;5;Mulheres;1146;30 a 34 anos;9737
Indicador  3.9.2;1736;0.6;13;Amazonas;9737;2018;5;Mulheres;1147;35 a 39 anos;9737
Indicador  3.9.2;1736;0.8;13;Amazonas;9737;2018;5;Mulheres;1148;40 a 44 anos;9737
Indicador  3.9.2;1736;2.8;13;Amazonas;9737;2018;5;Mulheres;1149;45 a 49 anos;9737
Indicador  3.9.2;1736;0.0;13;Amazonas;9737;2018;5;Mulheres;1150;50 a 54 anos;9737
Indicador  3.9.2;1736;0.0;13;Amazonas;9737;2018;5;Mulheres;1151;55 a 59 anos;9737
Indicador  3.9.2;1736;43.0;13;Amazonas;9737;2018;5;Mulheres;3302;60 anos ou mais;9737
Indicador  3.9.2;1736;6.5;13;Amazonas;9737;2019;6794;Total;95253;Total;9737
Indicador  3.9.2;1736;18.2;13;Amazonas;9737;2019;6794;Total;1140;0 a 4 anos;9737
Indicador  3.9.2;1736;2.0;13;Amazonas;9737;2019;6794;Total;1141;5 a 9 anos;9737
Indicador  3.9.2;1736;0.3;13;Amazonas;9737;2019;6794;Total;1142;10 a 14 anos;9737
Indicador  3.9.2;1736;0.8;13;Amazonas;9737;2019;6794;Total;1143;15 a 19 anos;9737
Indicador  3.9.2;1736;0.5;13;Amazonas;9737;2019;6794;Total;1144;20 a 24 anos;9737
Indicador  3.9.2;1736;0.3;13;Amazonas;9737;2019;6794;Total;1145;25 a 29 anos;9737
Indicador  3.9.2;1736;2.1;13;Amazonas;9737;2019;6794;Total;1146;30 a 34 anos;9737
Indicador  3.9.2;1736;0.6;13;Amazonas;9737;2019;6794;Total;1147;35 a 39 anos;9737
Indicador  3.9.2;1736;1.8;13;Amazonas;9737;2019;6794;Total;1148;40 a 44 anos;9737
Indicador  3.9.2;1736;0.9;13;Amazonas;9737;2019;6794;Total;1149;45 a 49 anos;9737
Indicador  3.9.2;1736;2.8;13;Amazonas;9737;2019;6794;Total;1150;50 a 54 anos;9737
Indicador  3.9.2;1736;2.1;13;Amazonas;9737;2019;6794;Total;1151;55 a 59 anos;9737
Indicador  3.9.2;1736;50.7;13;Amazonas;9737;2019;6794;Total;3302;60 anos ou mais;9737
Indicador  3.9.2;1736;7.4;13;Amazonas;9737;2019;4;Homens;95253;Total;9737
Indicador  3.9.2;1736;24.1;13;Amazonas;9737;2019;4;Homens;1140;0 a 4 anos;9737
Indicador  3.9.2;1736;2.4;13;Amazonas;9737;2019;4;Homens;1141;5 a 9 anos;9737
Indicador  3.9.2;1736;0.5;13;Amazonas;9737;2019;4;Homens;1142;10 a 14 anos;9737
Indicador  3.9.2;1736;0.0;13;Amazonas;9737;2019;4;Homens;1143;15 a 19 anos;9737
Indicador  3.9.2;1736;0.5;13;Amazonas;9737;2019;4;Homens;1144;20 a 24 anos;9737
Indicador  3.9.2;1736;0.6;13;Amazonas;9737;2019;4;Homens;1145;25 a 29 anos;9737
Indicador  3.9.2;1736;3.0;13;Amazonas;9737;2019;4;Homens;1146;30 a 34 anos;9737
Indicador  3.9.2;1736;0.6;13;Amazonas;9737;2019;4;Homens;1147;35 a 39 anos;9737
Indicador  3.9.2;1736;1.5;13;Amazonas;9737;2019;4;Homens;1148;40 a 44 anos;9737
Indicador  3.9.2;1736;1.8;13;Amazonas;9737;2019;4;Homens;1149;45 a 49 anos;9737
Indicador  3.9.2;1736;2.2;13;Amazonas;9737;2019;4;Homens;1150;50 a 54 anos;9737
Indicador  3.9.2;1736;2.8;13;Amazonas;9737;2019;4;Homens;1151;55 a 59 anos;9737
Indicador  3.9.2;1736;55.2;13;Amazonas;9737;2019;4;Homens;3302;60 anos ou mais;9737
Indicador  3.9.2;1736;5.7;13;Amazonas;9737;2019;5;Mulheres;95253;Total;9737
Indicador  3.9.2;1736;12.1;13;Amazonas;9737;2019;5;Mulheres;1140;0 a 4 anos;9737
Indicador  3.9.2;1736;1.5;13;Amazonas;9737;2019;5;Mulheres;1141;5 a 9 anos;9737
Indicador  3.9.2;1736;0.0;13;Amazonas;9737;2019;5;Mulheres;1142;10 a 14 anos;9737
Indicador  3.9.2;1736;1.6;13;Amazonas;9737;2019;5;Mulheres;1143;15 a 19 anos;9737
Indicador  3.9.2;1736;0.5;13;Amazonas;9737;2019;5;Mulheres;1144;20 a 24 anos;9737
Indicador  3.9.2;1736;0.0;13;Amazonas;9737;2019;5;Mulheres;1145;25 a 29 anos;9737
Indicador  3.9.2;1736;1.2;13;Amazonas;9737;2019;5;Mulheres;1146;30 a 34 anos;9737
Indicador  3.9.2;1736;0.6;13;Amazonas;9737;2019;5;Mulheres;1147;35 a 39 anos;9737
Indicador  3.9.2;1736;2.2;13;Amazonas;9737;2019;5;Mulheres;1148;40 a 44 anos;9737
Indicador  3.9.2;1736;0.0;13;Amazonas;9737;2019;5;Mulheres;1149;45 a 49 anos;9737
Indicador  3.9.2;1736;3.4;13;Amazonas;9737;2019;5;Mulheres;1150;50 a 54 anos;9737
Indicador  3.9.2;1736;1.4;13;Amazonas;9737;2019;5;Mulheres;1151;55 a 59 anos;9737
Indicador  3.9.2;1736;46.6;13;Amazonas;9737;2019;5;Mulheres;3302;60 anos ou mais;9737
Indicador  3.9.2;1736;5.8;13;Amazonas;9737;2020;6794;Total;95253;Total;9737
Indicador  3.9.2;1736;17.1;13;Amazonas;9737;2020;6794;Total;1140;0 a 4 anos;9737
Indicador  3.9.2;1736;1.2;13;Amazonas;9737;2020;6794;Total;1141;5 a 9 anos;9737
Indicador  3.9.2;1736;1.0;13;Amazonas;9737;2020;6794;Total;1142;10 a 14 anos;9737
Indicador  3.9.2;1736;0.3;13;Amazonas;9737;2020;6794;Total;1143;15 a 19 anos;9737
Indicador  3.9.2;1736;0.7;13;Amazonas;9737;2020;6794;Total;1144;20 a 24 anos;9737
Indicador  3.9.2;1736;0.0;13;Amazonas;9737;2020;6794;Total;1145;25 a 29 anos;9737
Indicador  3.9.2;1736;0.6;13;Amazonas;9737;2020;6794;Total;1146;30 a 34 anos;9737
Indicador  3.9.2;1736;0.6;13;Amazonas;9737;2020;6794;Total;1147;35 a 39 anos;9737
Indicador  3.9.2;1736;1.1;13;Amazonas;9737;2020;6794;Total;1148;40 a 44 anos;9737
Indicador  3.9.2;1736;2.2;13;Amazonas;9737;2020;6794;Total;1149;45 a 49 anos;9737
Indicador  3.9.2;1736;4.8;13;Amazonas;9737;2020;6794;Total;1150;50 a 54 anos;9737
Indicador  3.9.2;1736;5.4;13;Amazonas;9737;2020;6794;Total;1151;55 a 59 anos;9737
Indicador  3.9.2;1736;40.2;13;Amazonas;9737;2020;6794;Total;3302;60 anos ou mais;9737
Indicador  3.9.2;1736;6.2;13;Amazonas;9737;2020;4;Homens;95253;Total;9737
Indicador  3.9.2;1736;16.5;13;Amazonas;9737;2020;4;Homens;1140;0 a 4 anos;9737
Indicador  3.9.2;1736;1.4;13;Amazonas;9737;2020;4;Homens;1141;5 a 9 anos;9737
Indicador  3.9.2;1736;1.5;13;Amazonas;9737;2020;4;Homens;1142;10 a 14 anos;9737
Indicador  3.9.2;1736;0.0;13;Amazonas;9737;2020;4;Homens;1143;15 a 19 anos;9737
Indicador  3.9.2;1736;1.0;13;Amazonas;9737;2020;4;Homens;1144;20 a 24 anos;9737
Indicador  3.9.2;1736;0.0;13;Amazonas;9737;2020;4;Homens;1145;25 a 29 anos;9737
Indicador  3.9.2;1736;1.2;13;Amazonas;9737;2020;4;Homens;1146;30 a 34 anos;9737
Indicador  3.9.2;1736;0.0;13;Amazonas;9737;2020;4;Homens;1147;35 a 39 anos;9737
Indicador  3.9.2;1736;2.1;13;Amazonas;9737;2020;4;Homens;1148;40 a 44 anos;9737
Indicador  3.9.2;1736;0.9;13;Amazonas;9737;2020;4;Homens;1149;45 a 49 anos;9737
Indicador  3.9.2;1736;7.4;13;Amazonas;9737;2020;4;Homens;1150;50 a 54 anos;9737
Indicador  3.9.2;1736;5.4;13;Amazonas;9737;2020;4;Homens;1151;55 a 59 anos;9737
Indicador  3.9.2;1736;46.4;13;Amazonas;9737;2020;4;Homens;3302;60 anos ou mais;9737
Indicador  3.9.2;1736;5.3;13;Amazonas;9737;2020;5;Mulheres;95253;Total;9737
Indicador  3.9.2;1736;17.7;13;Amazonas;9737;2020;5;Mulheres;1140;0 a 4 anos;9737
Indicador  3.9.2;1736;1.0;13;Amazonas;9737;2020;5;Mulheres;1141;5 a 9 anos;9737
Indicador  3.9.2;1736;0.5;13;Amazonas;9737;2020;5;Mulheres;1142;10 a 14 anos;9737
Indicador  3.9.2;1736;0.5;13;Amazonas;9737;2020;5;Mulheres;1143;15 a 19 anos;9737
Indicador  3.9.2;1736;0.5;13;Amazonas;9737;2020;5;Mulheres;1144;20 a 24 anos;9737
Indicador  3.9.2;1736;0.0;13;Amazonas;9737;2020;5;Mulheres;1145;25 a 29 anos;9737
Indicador  3.9.2;1736;0.0;13;Amazonas;9737;2020;5;Mulheres;1146;30 a 34 anos;9737
Indicador  3.9.2;1736;1.2;13;Amazonas;9737;2020;5;Mulheres;1147;35 a 39 anos;9737
Indicador  3.9.2;1736;0.0;13;Amazonas;9737;2020;5;Mulheres;1148;40 a 44 anos;9737
Indicador  3.9.2;1736;3.5;13;Amazonas;9737;2020;5;Mulheres;1149;45 a 49 anos;9737
Indicador  3.9.2;1736;2.2;13;Amazonas;9737;2020;5;Mulheres;1150;50 a 54 anos;9737
Indicador  3.9.2;1736;5.4;13;Amazonas;9737;2020;5;Mulheres;1151;55 a 59 anos;9737
Indicador  3.9.2;1736;34.6;13;Amazonas;9737;2020;5;Mulheres;3302;60 anos ou mais;9737
Indicador  3.9.2;1736;6.1;13;Amazonas;9737;2021;6794;Total;95253;Total;9737
Indicador  3.9.2;1736;17.1;13;Amazonas;9737;2021;6794;Total;1140;0 a 4 anos;9737
Indicador  3.9.2;1736;0.7;13;Amazonas;9737;2021;6794;Total;1141;5 a 9 anos;9737
Indicador  3.9.2;1736;0.5;13;Amazonas;9737;2021;6794;Total;1142;10 a 14 anos;9737
Indicador  3.9.2;1736;1.3;13;Amazonas;9737;2021;6794;Total;1143;15 a 19 anos;9737
Indicador  3.9.2;1736;0.5;13;Amazonas;9737;2021;6794;Total;1144;20 a 24 anos;9737
Indicador  3.9.2;1736;1.1;13;Amazonas;9737;2021;6794;Total;1145;25 a 29 anos;9737
Indicador  3.9.2;1736;0.9;13;Amazonas;9737;2021;6794;Total;1146;30 a 34 anos;9737
Indicador  3.9.2;1736;1.8;13;Amazonas;9737;2021;6794;Total;1147;35 a 39 anos;9737
Indicador  3.9.2;1736;1.0;13;Amazonas;9737;2021;6794;Total;1148;40 a 44 anos;9737
Indicador  3.9.2;1736;0.8;13;Amazonas;9737;2021;6794;Total;1149;45 a 49 anos;9737
Indicador  3.9.2;1736;5.2;13;Amazonas;9737;2021;6794;Total;1150;50 a 54 anos;9737
Indicador  3.9.2;1736;7.1;13;Amazonas;9737;2021;6794;Total;1151;55 a 59 anos;9737
Indicador  3.9.2;1736;40.8;13;Amazonas;9737;2021;6794;Total;3302;60 anos ou mais;9737
Indicador  3.9.2;1736;6.3;13;Amazonas;9737;2021;4;Homens;95253;Total;9737
Indicador  3.9.2;1736;19.4;13;Amazonas;9737;2021;4;Homens;1140;0 a 4 anos;9737
Indicador  3.9.2;1736;1.0;13;Amazonas;9737;2021;4;Homens;1141;5 a 9 anos;9737
Indicador  3.9.2;1736;0.5;13;Amazonas;9737;2021;4;Homens;1142;10 a 14 anos;9737
Indicador  3.9.2;1736;1.0;13;Amazonas;9737;2021;4;Homens;1143;15 a 19 anos;9737
Indicador  3.9.2;1736;1.0;13;Amazonas;9737;2021;4;Homens;1144;20 a 24 anos;9737
Indicador  3.9.2;1736;1.6;13;Amazonas;9737;2021;4;Homens;1145;25 a 29 anos;9737
Indicador  3.9.2;1736;0.6;13;Amazonas;9737;2021;4;Homens;1146;30 a 34 anos;9737
Indicador  3.9.2;1736;1.9;13;Amazonas;9737;2021;4;Homens;1147;35 a 39 anos;9737
Indicador  3.9.2;1736;1.4;13;Amazonas;9737;2021;4;Homens;1148;40 a 44 anos;9737
Indicador  3.9.2;1736;1.7;13;Amazonas;9737;2021;4;Homens;1149;45 a 49 anos;9737
Indicador  3.9.2;1736;6.2;13;Amazonas;9737;2021;4;Homens;1150;50 a 54 anos;9737
Indicador  3.9.2;1736;5.2;13;Amazonas;9737;2021;4;Homens;1151;55 a 59 anos;9737
Indicador  3.9.2;1736;40.7;13;Amazonas;9737;2021;4;Homens;3302;60 anos ou mais;9737
Indicador  3.9.2;1736;5.9;13;Amazonas;9737;2021;5;Mulheres;95253;Total;9737
Indicador  3.9.2;1736;14.7;13;Amazonas;9737;2021;5;Mulheres;1140;0 a 4 anos;9737
Indicador  3.9.2;1736;0.5;13;Amazonas;9737;2021;5;Mulheres;1141;5 a 9 anos;9737
Indicador  3.9.2;1736;0.5;13;Amazonas;9737;2021;5;Mulheres;1142;10 a 14 anos;9737
Indicador  3.9.2;1736;1.6;13;Amazonas;9737;2021;5;Mulheres;1143;15 a 19 anos;9737
Indicador  3.9.2;1736;0.0;13;Amazonas;9737;2021;5;Mulheres;1144;20 a 24 anos;9737
Indicador  3.9.2;1736;0.5;13;Amazonas;9737;2021;5;Mulheres;1145;25 a 29 anos;9737
Indicador  3.9.2;1736;1.1;13;Amazonas;9737;2021;5;Mulheres;1146;30 a 34 anos;9737
Indicador  3.9.2;1736;1.8;13;Amazonas;9737;2021;5;Mulheres;1147;35 a 39 anos;9737
Indicador  3.9.2;1736;0.7;13;Amazonas;9737;2021;5;Mulheres;1148;40 a 44 anos;9737
Indicador  3.9.2;1736;0.0;13;Amazonas;9737;2021;5;Mulheres;1149;45 a 49 anos;9737
Indicador  3.9.2;1736;4.2;13;Amazonas;9737;2021;5;Mulheres;1150;50 a 54 anos;9737
Indicador  3.9.2;1736;9.2;13;Amazonas;9737;2021;5;Mulheres;1151;55 a 59 anos;9737
Indicador  3.9.2;1736;40.8;13;Amazonas;9737;2021;5;Mulheres;3302;60 anos ou mais;9737
Indicador  3.9.2;1736;7.0;13;Amazonas;9737;2022;6794;Total;95253;Total;9737
Indicador  3.9.2;1736;19.0;13;Amazonas;9737;2022;6794;Total;1140;0 a 4 anos;9737
Indicador  3.9.2;1736;1.2;13;Amazonas;9737;2022;6794;Total;1141;5 a 9 anos;9737
Indicador  3.9.2;1736;1.0;13;Amazonas;9737;2022;6794;Total;1142;10 a 14 anos;9737
Indicador  3.9.2;1736;1.3;13;Amazonas;9737;2022;6794;Total;1143;15 a 19 anos;9737
Indicador  3.9.2;1736;0.2;13;Amazonas;9737;2022;6794;Total;1144;20 a 24 anos;9737
Indicador  3.9.2;1736;0.3;13;Amazonas;9737;2022;6794;Total;1145;25 a 29 anos;9737
Indicador  3.9.2;1736;0.3;13;Amazonas;9737;2022;6794;Total;1146;30 a 34 anos;9737
Indicador  3.9.2;1736;0.6;13;Amazonas;9737;2022;6794;Total;1147;35 a 39 anos;9737
Indicador  3.9.2;1736;1.3;13;Amazonas;9737;2022;6794;Total;1148;40 a 44 anos;9737
Indicador  3.9.2;1736;2.8;13;Amazonas;9737;2022;6794;Total;1149;45 a 49 anos;9737
Indicador  3.9.2;1736;5.0;13;Amazonas;9737;2022;6794;Total;1150;50 a 54 anos;9737
Indicador  3.9.2;1736;5.6;13;Amazonas;9737;2022;6794;Total;1151;55 a 59 anos;9737
Indicador  3.9.2;1736;49.4;13;Amazonas;9737;2022;6794;Total;3302;60 anos ou mais;9737
Indicador  3.9.2;1736;7.4;13;Amazonas;9737;2022;4;Homens;95253;Total;9737
Indicador  3.9.2;1736;21.8;13;Amazonas;9737;2022;4;Homens;1140;0 a 4 anos;9737
Indicador  3.9.2;1736;1.0;13;Amazonas;9737;2022;4;Homens;1141;5 a 9 anos;9737
Indicador  3.9.2;1736;2.0;13;Amazonas;9737;2022;4;Homens;1142;10 a 14 anos;9737
Indicador  3.9.2;1736;2.0;13;Amazonas;9737;2022;4;Homens;1143;15 a 19 anos;9737
Indicador  3.9.2;1736;0.5;13;Amazonas;9737;2022;4;Homens;1144;20 a 24 anos;9737
Indicador  3.9.2;1736;0.5;13;Amazonas;9737;2022;4;Homens;1145;25 a 29 anos;9737
Indicador  3.9.2;1736;0.6;13;Amazonas;9737;2022;4;Homens;1146;30 a 34 anos;9737
Indicador  3.9.2;1736;0.6;13;Amazonas;9737;2022;4;Homens;1147;35 a 39 anos;9737
Indicador  3.9.2;1736;0.7;13;Amazonas;9737;2022;4;Homens;1148;40 a 44 anos;9737
Indicador  3.9.2;1736;2.4;13;Amazonas;9737;2022;4;Homens;1149;45 a 49 anos;9737
Indicador  3.9.2;1736;4.0;13;Amazonas;9737;2022;4;Homens;1150;50 a 54 anos;9737
Indicador  3.9.2;1736;7.5;13;Amazonas;9737;2022;4;Homens;1151;55 a 59 anos;9737
Indicador  3.9.2;1736;51.4;13;Amazonas;9737;2022;4;Homens;3302;60 anos ou mais;9737
Indicador  3.9.2;1736;6.6;13;Amazonas;9737;2022;5;Mulheres;95253;Total;9737
Indicador  3.9.2;1736;16.2;13;Amazonas;9737;2022;5;Mulheres;1140;0 a 4 anos;9737
Indicador  3.9.2;1736;1.5;13;Amazonas;9737;2022;5;Mulheres;1141;5 a 9 anos;9737
Indicador  3.9.2;1736;0.0;13;Amazonas;9737;2022;5;Mulheres;1142;10 a 14 anos;9737
Indicador  3.9.2;1736;0.5;13;Amazonas;9737;2022;5;Mulheres;1143;15 a 19 anos;9737
Indicador  3.9.2;1736;0.0;13;Amazonas;9737;2022;5;Mulheres;1144;20 a 24 anos;9737
Indicador  3.9.2;1736;0.0;13;Amazonas;9737;2022;5;Mulheres;1145;25 a 29 anos;9737
Indicador  3.9.2;1736;0.0;13;Amazonas;9737;2022;5;Mulheres;1146;30 a 34 anos;9737
Indicador  3.9.2;1736;0.6;13;Amazonas;9737;2022;5;Mulheres;1147;35 a 39 anos;9737
Indicador  3.9.2;1736;2.0;13;Amazonas;9737;2022;5;Mulheres;1148;40 a 44 anos;9737
Indicador  3.9.2;1736;3.2;13;Amazonas;9737;2022;5;Mulheres;1149;45 a 49 anos;9737
Indicador  3.9.2;1736;6.1;13;Amazonas;9737;2022;5;Mulheres;1150;50 a 54 anos;9737
Indicador  3.9.2;1736;3.8;13;Amazonas;9737;2022;5;Mulheres;1151;55 a 59 anos;9737
Indicador  3.9.2;1736;47.5;13;Amazonas;9737;2022;5;Mulheres;3302;60 anos ou mais;9737
Indicador  3.9.2;1736;8.8;14;Roraima;9737;2018;6794;Total;95253;Total;9737
Indicador  3.9.2;1736;49.8;14;Roraima;9737;2018;6794;Total;1140;0 a 4 anos;9737
Indicador  3.9.2;1736;1.9;14;Roraima;9737;2018;6794;Total;1141;5 a 9 anos;9737
Indicador  3.9.2;1736;0.0;14;Roraima;9737;2018;6794;Total;1142;10 a 14 anos;9737
Indicador  3.9.2;1736;0.0;14;Roraima;9737;2018;6794;Total;1143;15 a 19 anos;9737
Indicador  3.9.2;1736;0.0;14;Roraima;9737;2018;6794;Total;1144;20 a 24 anos;9737
Indicador  3.9.2;1736;0.0;14;Roraima;9737;2018;6794;Total;1145;25 a 29 anos;9737
Indicador  3.9.2;1736;1.9;14;Roraima;9737;2018;6794;Total;1146;30 a 34 anos;9737
Indicador  3.9.2;1736;2.1;14;Roraima;9737;2018;6794;Total;1147;35 a 39 anos;9737
Indicador  3.9.2;1736;0.0;14;Roraima;9737;2018;6794;Total;1148;40 a 44 anos;9737
Indicador  3.9.2;1736;0.0;14;Roraima;9737;2018;6794;Total;1149;45 a 49 anos;9737
Indicador  3.9.2;1736;0.0;14;Roraima;9737;2018;6794;Total;1150;50 a 54 anos;9737
Indicador  3.9.2;1736;10.2;14;Roraima;9737;2018;6794;Total;1151;55 a 59 anos;9737
Indicador  3.9.2;1736;46.6;14;Roraima;9737;2018;6794;Total;3302;60 anos ou mais;9737
Indicador  3.9.2;1736;10.5;14;Roraima;9737;2018;4;Homens;95253;Total;9737
Indicador  3.9.2;1736;59.1;14;Roraima;9737;2018;4;Homens;1140;0 a 4 anos;9737
Indicador  3.9.2;1736;0.0;14;Roraima;9737;2018;4;Homens;1141;5 a 9 anos;9737
Indicador  3.9.2;1736;0.0;14;Roraima;9737;2018;4;Homens;1142;10 a 14 anos;9737
Indicador  3.9.2;1736;0.0;14;Roraima;9737;2018;4;Homens;1143;15 a 19 anos;9737
Indicador  3.9.2;1736;0.0;14;Roraima;9737;2018;4;Homens;1144;20 a 24 anos;9737
Indicador  3.9.2;1736;0.0;14;Roraima;9737;2018;4;Homens;1145;25 a 29 anos;9737
Indicador  3.9.2;1736;3.7;14;Roraima;9737;2018;4;Homens;1146;30 a 34 anos;9737
Indicador  3.9.2;1736;0.0;14;Roraima;9737;2018;4;Homens;1147;35 a 39 anos;9737
Indicador  3.9.2;1736;0.0;14;Roraima;9737;2018;4;Homens;1148;40 a 44 anos;9737
Indicador  3.9.2;1736;0.0;14;Roraima;9737;2018;4;Homens;1149;45 a 49 anos;9737
Indicador  3.9.2;1736;0.0;14;Roraima;9737;2018;4;Homens;1150;50 a 54 anos;9737
Indicador  3.9.2;1736;9.9;14;Roraima;9737;2018;4;Homens;1151;55 a 59 anos;9737
Indicador  3.9.2;1736;61.1;14;Roraima;9737;2018;4;Homens;3302;60 anos ou mais;9737
Indicador  3.9.2;1736;7.1;14;Roraima;9737;2018;5;Mulheres;95253;Total;9737
Indicador  3.9.2;1736;40.1;14;Roraima;9737;2018;5;Mulheres;1140;0 a 4 anos;9737
Indicador  3.9.2;1736;3.8;14;Roraima;9737;2018;5;Mulheres;1141;5 a 9 anos;9737
Indicador  3.9.2;1736;0.0;14;Roraima;9737;2018;5;Mulheres;1142;10 a 14 anos;9737
Indicador  3.9.2;1736;0.0;14;Roraima;9737;2018;5;Mulheres;1143;15 a 19 anos;9737
Indicador  3.9.2;1736;0.0;14;Roraima;9737;2018;5;Mulheres;1144;20 a 24 anos;9737
Indicador  3.9.2;1736;0.0;14;Roraima;9737;2018;5;Mulheres;1145;25 a 29 anos;9737
Indicador  3.9.2;1736;0.0;14;Roraima;9737;2018;5;Mulheres;1146;30 a 34 anos;9737
Indicador  3.9.2;1736;4.3;14;Roraima;9737;2018;5;Mulheres;1147;35 a 39 anos;9737
Indicador  3.9.2;1736;0.0;14;Roraima;9737;2018;5;Mulheres;1148;40 a 44 anos;9737
Indicador  3.9.2;1736;0.0;14;Roraima;9737;2018;5;Mulheres;1149;45 a 49 anos;9737
Indicador  3.9.2;1736;0.0;14;Roraima;9737;2018;5;Mulheres;1150;50 a 54 anos;9737
Indicador  3.9.2;1736;10.6;14;Roraima;9737;2018;5;Mulheres;1151;55 a 59 anos;9737
Indicador  3.9.2;1736;31.7;14;Roraima;9737;2018;5;Mulheres;3302;60 anos ou mais;9737
Indicador  3.9.2;1736;9.6;14;Roraima;9737;2019;6794;Total;95253;Total;9737
Indicador  3.9.2;1736;60.6;14;Roraima;9737;2019;6794;Total;1140;0 a 4 anos;9737
Indicador  3.9.2;1736;1.8;14;Roraima;9737;2019;6794;Total;1141;5 a 9 anos;9737
Indicador  3.9.2;1736;1.9;14;Roraima;9737;2019;6794;Total;1142;10 a 14 anos;9737
Indicador  3.9.2;1736;0.0;14;Roraima;9737;2019;6794;Total;1143;15 a 19 anos;9737
Indicador  3.9.2;1736;0.0;14;Roraima;9737;2019;6794;Total;1144;20 a 24 anos;9737
Indicador  3.9.2;1736;0.0;14;Roraima;9737;2019;6794;Total;1145;25 a 29 anos;9737
Indicador  3.9.2;1736;1.8;14;Roraima;9737;2019;6794;Total;1146;30 a 34 anos;9737
Indicador  3.9.2;1736;0.0;14;Roraima;9737;2019;6794;Total;1147;35 a 39 anos;9737
Indicador  3.9.2;1736;0.0;14;Roraima;9737;2019;6794;Total;1148;40 a 44 anos;9737
Indicador  3.9.2;1736;0.0;14;Roraima;9737;2019;6794;Total;1149;45 a 49 anos;9737
Indicador  3.9.2;1736;15.4;14;Roraima;9737;2019;6794;Total;1150;50 a 54 anos;9737
Indicador  3.9.2;1736;0.0;14;Roraima;9737;2019;6794;Total;1151;55 a 59 anos;9737
Indicador  3.9.2;1736;38.8;14;Roraima;9737;2019;6794;Total;3302;60 anos ou mais;9737
Indicador  3.9.2;1736;9.9;14;Roraima;9737;2019;4;Homens;95253;Total;9737
Indicador  3.9.2;1736;67.6;14;Roraima;9737;2019;4;Homens;1140;0 a 4 anos;9737
Indicador  3.9.2;1736;0.0;14;Roraima;9737;2019;4;Homens;1141;5 a 9 anos;9737
Indicador  3.9.2;1736;0.0;14;Roraima;9737;2019;4;Homens;1142;10 a 14 anos;9737
Indicador  3.9.2;1736;0.0;14;Roraima;9737;2019;4;Homens;1143;15 a 19 anos;9737
Indicador  3.9.2;1736;0.0;14;Roraima;9737;2019;4;Homens;1144;20 a 24 anos;9737
Indicador  3.9.2;1736;0.0;14;Roraima;9737;2019;4;Homens;1145;25 a 29 anos;9737
Indicador  3.9.2;1736;3.4;14;Roraima;9737;2019;4;Homens;1146;30 a 34 anos;9737
Indicador  3.9.2;1736;0.0;14;Roraima;9737;2019;4;Homens;1147;35 a 39 anos;9737
Indicador  3.9.2;1736;0.0;14;Roraima;9737;2019;4;Homens;1148;40 a 44 anos;9737
Indicador  3.9.2;1736;0.0;14;Roraima;9737;2019;4;Homens;1149;45 a 49 anos;9737
Indicador  3.9.2;1736;22.2;14;Roraima;9737;2019;4;Homens;1150;50 a 54 anos;9737
Indicador  3.9.2;1736;0.0;14;Roraima;9737;2019;4;Homens;1151;55 a 59 anos;9737
Indicador  3.9.2;1736;33.5;14;Roraima;9737;2019;4;Homens;3302;60 anos ou mais;9737
Indicador  3.9.2;1736;9.2;14;Roraima;9737;2019;5;Mulheres;95253;Total;9737
Indicador  3.9.2;1736;53.2;14;Roraima;9737;2019;5;Mulheres;1140;0 a 4 anos;9737
Indicador  3.9.2;1736;3.7;14;Roraima;9737;2019;5;Mulheres;1141;5 a 9 anos;9737
Indicador  3.9.2;1736;3.9;14;Roraima;9737;2019;5;Mulheres;1142;10 a 14 anos;9737
Indicador  3.9.2;1736;0.0;14;Roraima;9737;2019;5;Mulheres;1143;15 a 19 anos;9737
Indicador  3.9.2;1736;0.0;14;Roraima;9737;2019;5;Mulheres;1144;20 a 24 anos;9737
Indicador  3.9.2;1736;0.0;14;Roraima;9737;2019;5;Mulheres;1145;25 a 29 anos;9737
Indicador  3.9.2;1736;0.0;14;Roraima;9737;2019;5;Mulheres;1146;30 a 34 anos;9737
Indicador  3.9.2;1736;0.0;14;Roraima;9737;2019;5;Mulheres;1147;35 a 39 anos;9737
Indicador  3.9.2;1736;0.0;14;Roraima;9737;2019;5;Mulheres;1148;40 a 44 anos;9737
Indicador  3.9.2;1736;0.0;14;Roraima;9737;2019;5;Mulheres;1149;45 a 49 anos;9737
Indicador  3.9.2;1736;8.1;14;Roraima;9737;2019;5;Mulheres;1150;50 a 54 anos;9737
Indicador  3.9.2;1736;0.0;14;Roraima;9737;2019;5;Mulheres;1151;55 a 59 anos;9737
Indicador  3.9.2;1736;44.2;14;Roraima;9737;2019;5;Mulheres;3302;60 anos ou mais;9737
Indicador  3.9.2;1736;5.9;14;Roraima;9737;2020;6794;Total;95253;Total;9737
Indicador  3.9.2;1736;28.6;14;Roraima;9737;2020;6794;Total;1140;0 a 4 anos;9737
Indicador  3.9.2;1736;0.0;14;Roraima;9737;2020;6794;Total;1141;5 a 9 anos;9737
Indicador  3.9.2;1736;0.0;14;Roraima;9737;2020;6794;Total;1142;10 a 14 anos;9737
Indicador  3.9.2;1736;0.0;14;Roraima;9737;2020;6794;Total;1143;15 a 19 anos;9737
Indicador  3.9.2;1736;0.0;14;Roraima;9737;2020;6794;Total;1144;20 a 24 anos;9737
Indicador  3.9.2;1736;0.0;14;Roraima;9737;2020;6794;Total;1145;25 a 29 anos;9737
Indicador  3.9.2;1736;0.0;14;Roraima;9737;2020;6794;Total;1146;30 a 34 anos;9737
Indicador  3.9.2;1736;0.0;14;Roraima;9737;2020;6794;Total;1147;35 a 39 anos;9737
Indicador  3.9.2;1736;0.0;14;Roraima;9737;2020;6794;Total;1148;40 a 44 anos;9737
Indicador  3.9.2;1736;5.8;14;Roraima;9737;2020;6794;Total;1149;45 a 49 anos;9737
Indicador  3.9.2;1736;0.0;14;Roraima;9737;2020;6794;Total;1150;50 a 54 anos;9737
Indicador  3.9.2;1736;4.6;14;Roraima;9737;2020;6794;Total;1151;55 a 59 anos;9737
Indicador  3.9.2;1736;38.7;14;Roraima;9737;2020;6794;Total;3302;60 anos ou mais;9737
Indicador  3.9.2;1736;5.2;14;Roraima;9737;2020;4;Homens;95253;Total;9737
Indicador  3.9.2;1736;26.3;14;Roraima;9737;2020;4;Homens;1140;0 a 4 anos;9737
Indicador  3.9.2;1736;0.0;14;Roraima;9737;2020;4;Homens;1141;5 a 9 anos;9737
Indicador  3.9.2;1736;0.0;14;Roraima;9737;2020;4;Homens;1142;10 a 14 anos;9737
Indicador  3.9.2;1736;0.0;14;Roraima;9737;2020;4;Homens;1143;15 a 19 anos;9737
Indicador  3.9.2;1736;0.0;14;Roraima;9737;2020;4;Homens;1144;20 a 24 anos;9737
Indicador  3.9.2;1736;0.0;14;Roraima;9737;2020;4;Homens;1145;25 a 29 anos;9737
Indicador  3.9.2;1736;0.0;14;Roraima;9737;2020;4;Homens;1146;30 a 34 anos;9737
Indicador  3.9.2;1736;0.0;14;Roraima;9737;2020;4;Homens;1147;35 a 39 anos;9737
Indicador  3.9.2;1736;0.0;14;Roraima;9737;2020;4;Homens;1148;40 a 44 anos;9737
Indicador  3.9.2;1736;5.6;14;Roraima;9737;2020;4;Homens;1149;45 a 49 anos;9737
Indicador  3.9.2;1736;0.0;14;Roraima;9737;2020;4;Homens;1150;50 a 54 anos;9737
Indicador  3.9.2;1736;8.8;14;Roraima;9737;2020;4;Homens;1151;55 a 59 anos;9737
Indicador  3.9.2;1736;31.6;14;Roraima;9737;2020;4;Homens;3302;60 anos ou mais;9737
Indicador  3.9.2;1736;6.6;14;Roraima;9737;2020;5;Mulheres;95253;Total;9737
Indicador  3.9.2;1736;31.0;14;Roraima;9737;2020;5;Mulheres;1140;0 a 4 anos;9737
Indicador  3.9.2;1736;0.0;14;Roraima;9737;2020;5;Mulheres;1141;5 a 9 anos;9737
Indicador  3.9.2;1736;0.0;14;Roraima;9737;2020;5;Mulheres;1142;10 a 14 anos;9737
Indicador  3.9.2;1736;0.0;14;Roraima;9737;2020;5;Mulheres;1143;15 a 19 anos;9737
Indicador  3.9.2;1736;0.0;14;Roraima;9737;2020;5;Mulheres;1144;20 a 24 anos;9737
Indicador  3.9.2;1736;0.0;14;Roraima;9737;2020;5;Mulheres;1145;25 a 29 anos;9737
Indicador  3.9.2;1736;0.0;14;Roraima;9737;2020;5;Mulheres;1146;30 a 34 anos;9737
Indicador  3.9.2;1736;0.0;14;Roraima;9737;2020;5;Mulheres;1147;35 a 39 anos;9737
Indicador  3.9.2;1736;0.0;14;Roraima;9737;2020;5;Mulheres;1148;40 a 44 anos;9737
Indicador  3.9.2;1736;6.0;14;Roraima;9737;2020;5;Mulheres;1149;45 a 49 anos;9737
Indicador  3.9.2;1736;0.0;14;Roraima;9737;2020;5;Mulheres;1150;50 a 54 anos;9737
Indicador  3.9.2;1736;0.0;14;Roraima;9737;2020;5;Mulheres;1151;55 a 59 anos;9737
Indicador  3.9.2;1736;45.8;14;Roraima;9737;2020;5;Mulheres;3302;60 anos ou mais;9737
Indicador  3.9.2;1736;11.8;14;Roraima;9737;2021;6794;Total;95253;Total;9737
Indicador  3.9.2;1736;70.6;14;Roraima;9737;2021;6794;Total;1140;0 a 4 anos;9737
Indicador  3.9.2;1736;3.6;14;Roraima;9737;2021;6794;Total;1141;5 a 9 anos;9737
Indicador  3.9.2;1736;1.8;14;Roraima;9737;2021;6794;Total;1142;10 a 14 anos;9737
Indicador  3.9.2;1736;1.9;14;Roraima;9737;2021;6794;Total;1143;15 a 19 anos;9737
Indicador  3.9.2;1736;1.6;14;Roraima;9737;2021;6794;Total;1144;20 a 24 anos;9737
Indicador  3.9.2;1736;0.0;14;Roraima;9737;2021;6794;Total;1145;25 a 29 anos;9737
Indicador  3.9.2;1736;0.0;14;Roraima;9737;2021;6794;Total;1146;30 a 34 anos;9737
Indicador  3.9.2;1736;0.0;14;Roraima;9737;2021;6794;Total;1147;35 a 39 anos;9737
Indicador  3.9.2;1736;0.0;14;Roraima;9737;2021;6794;Total;1148;40 a 44 anos;9737
Indicador  3.9.2;1736;2.7;14;Roraima;9737;2021;6794;Total;1149;45 a 49 anos;9737
Indicador  3.9.2;1736;3.5;14;Roraima;9737;2021;6794;Total;1150;50 a 54 anos;9737
Indicador  3.9.2;1736;8.7;14;Roraima;9737;2021;6794;Total;1151;55 a 59 anos;9737
Indicador  3.9.2;1736;53.5;14;Roraima;9737;2021;6794;Total;3302;60 anos ou mais;9737
Indicador  3.9.2;1736;12.1;14;Roraima;9737;2021;4;Homens;95253;Total;9737
Indicador  3.9.2;1736;80.2;14;Roraima;9737;2021;4;Homens;1140;0 a 4 anos;9737
Indicador  3.9.2;1736;3.5;14;Roraima;9737;2021;4;Homens;1141;5 a 9 anos;9737
Indicador  3.9.2;1736;0.0;14;Roraima;9737;2021;4;Homens;1142;10 a 14 anos;9737
Indicador  3.9.2;1736;3.7;14;Roraima;9737;2021;4;Homens;1143;15 a 19 anos;9737
Indicador  3.9.2;1736;0.0;14;Roraima;9737;2021;4;Homens;1144;20 a 24 anos;9737
Indicador  3.9.2;1736;0.0;14;Roraima;9737;2021;4;Homens;1145;25 a 29 anos;9737
Indicador  3.9.2;1736;0.0;14;Roraima;9737;2021;4;Homens;1146;30 a 34 anos;9737
Indicador  3.9.2;1736;0.0;14;Roraima;9737;2021;4;Homens;1147;35 a 39 anos;9737
Indicador  3.9.2;1736;0.0;14;Roraima;9737;2021;4;Homens;1148;40 a 44 anos;9737
Indicador  3.9.2;1736;5.2;14;Roraima;9737;2021;4;Homens;1149;45 a 49 anos;9737
Indicador  3.9.2;1736;6.6;14;Roraima;9737;2021;4;Homens;1150;50 a 54 anos;9737
Indicador  3.9.2;1736;8.4;14;Roraima;9737;2021;4;Homens;1151;55 a 59 anos;9737
Indicador  3.9.2;1736;46.8;14;Roraima;9737;2021;4;Homens;3302;60 anos ou mais;9737
Indicador  3.9.2;1736;11.5;14;Roraima;9737;2021;5;Mulheres;95253;Total;9737
Indicador  3.9.2;1736;60.5;14;Roraima;9737;2021;5;Mulheres;1140;0 a 4 anos;9737
Indicador  3.9.2;1736;3.6;14;Roraima;9737;2021;5;Mulheres;1141;5 a 9 anos;9737
Indicador  3.9.2;1736;3.7;14;Roraima;9737;2021;5;Mulheres;1142;10 a 14 anos;9737
Indicador  3.9.2;1736;0.0;14;Roraima;9737;2021;5;Mulheres;1143;15 a 19 anos;9737
Indicador  3.9.2;1736;3.4;14;Roraima;9737;2021;5;Mulheres;1144;20 a 24 anos;9737
Indicador  3.9.2;1736;0.0;14;Roraima;9737;2021;5;Mulheres;1145;25 a 29 anos;9737
Indicador  3.9.2;1736;0.0;14;Roraima;9737;2021;5;Mulheres;1146;30 a 34 anos;9737
Indicador  3.9.2;1736;0.0;14;Roraima;9737;2021;5;Mulheres;1147;35 a 39 anos;9737
Indicador  3.9.2;1736;0.0;14;Roraima;9737;2021;5;Mulheres;1148;40 a 44 anos;9737
Indicador  3.9.2;1736;0.0;14;Roraima;9737;2021;5;Mulheres;1149;45 a 49 anos;9737
Indicador  3.9.2;1736;0.0;14;Roraima;9737;2021;5;Mulheres;1150;50 a 54 anos;9737
Indicador  3.9.2;1736;9.1;14;Roraima;9737;2021;5;Mulheres;1151;55 a 59 anos;9737
Indicador  3.9.2;1736;60.2;14;Roraima;9737;2021;5;Mulheres;3302;60 anos ou mais;9737
Indicador  3.9.2;1736;10.0;14;Roraima;9737;2022;6794;Total;95253;Total;9737
Indicador  3.9.2;1736;42.0;14;Roraima;9737;2022;6794;Total;1140;0 a 4 anos;9737
Indicador  3.9.2;1736;7.0;14;Roraima;9737;2022;6794;Total;1141;5 a 9 anos;9737
Indicador  3.9.2;1736;3.6;14;Roraima;9737;2022;6794;Total;1142;10 a 14 anos;9737
Indicador  3.9.2;1736;1.9;14;Roraima;9737;2022;6794;Total;1143;15 a 19 anos;9737
Indicador  3.9.2;1736;1.7;14;Roraima;9737;2022;6794;Total;1144;20 a 24 anos;9737
Indicador  3.9.2;1736;1.5;14;Roraima;9737;2022;6794;Total;1145;25 a 29 anos;9737
Indicador  3.9.2;1736;1.5;14;Roraima;9737;2022;6794;Total;1146;30 a 34 anos;9737
Indicador  3.9.2;1736;1.7;14;Roraima;9737;2022;6794;Total;1147;35 a 39 anos;9737
Indicador  3.9.2;1736;2.0;14;Roraima;9737;2022;6794;Total;1148;40 a 44 anos;9737
Indicador  3.9.2;1736;5.2;14;Roraima;9737;2022;6794;Total;1149;45 a 49 anos;9737
Indicador  3.9.2;1736;0.0;14;Roraima;9737;2022;6794;Total;1150;50 a 54 anos;9737
Indicador  3.9.2;1736;8.4;14;Roraima;9737;2022;6794;Total;1151;55 a 59 anos;9737
Indicador  3.9.2;1736;50.4;14;Roraima;9737;2022;6794;Total;3302;60 anos ou mais;9737
Indicador  3.9.2;1736;11.8;14;Roraima;9737;2022;4;Homens;95253;Total;9737
Indicador  3.9.2;1736;53.6;14;Roraima;9737;2022;4;Homens;1140;0 a 4 anos;9737
Indicador  3.9.2;1736;3.4;14;Roraima;9737;2022;4;Homens;1141;5 a 9 anos;9737
Indicador  3.9.2;1736;3.5;14;Roraima;9737;2022;4;Homens;1142;10 a 14 anos;9737
Indicador  3.9.2;1736;0.0;14;Roraima;9737;2022;4;Homens;1143;15 a 19 anos;9737
Indicador  3.9.2;1736;0.0;14;Roraima;9737;2022;4;Homens;1144;20 a 24 anos;9737
Indicador  3.9.2;1736;2.8;14;Roraima;9737;2022;4;Homens;1145;25 a 29 anos;9737
Indicador  3.9.2;1736;0.0;14;Roraima;9737;2022;4;Homens;1146;30 a 34 anos;9737
Indicador  3.9.2;1736;3.2;14;Roraima;9737;2022;4;Homens;1147;35 a 39 anos;9737
Indicador  3.9.2;1736;3.9;14;Roraima;9737;2022;4;Homens;1148;40 a 44 anos;9737
Indicador  3.9.2;1736;9.9;14;Roraima;9737;2022;4;Homens;1149;45 a 49 anos;9737
Indicador  3.9.2;1736;0.0;14;Roraima;9737;2022;4;Homens;1150;50 a 54 anos;9737
Indicador  3.9.2;1736;8.0;14;Roraima;9737;2022;4;Homens;1151;55 a 59 anos;9737
Indicador  3.9.2;1736;64.4;14;Roraima;9737;2022;4;Homens;3302;60 anos ou mais;9737
Indicador  3.9.2;1736;8.1;14;Roraima;9737;2022;5;Mulheres;95253;Total;9737
Indicador  3.9.2;1736;29.8;14;Roraima;9737;2022;5;Mulheres;1140;0 a 4 anos;9737
Indicador  3.9.2;1736;10.7;14;Roraima;9737;2022;5;Mulheres;1141;5 a 9 anos;9737
Indicador  3.9.2;1736;3.7;14;Roraima;9737;2022;5;Mulheres;1142;10 a 14 anos;9737
Indicador  3.9.2;1736;3.8;14;Roraima;9737;2022;5;Mulheres;1143;15 a 19 anos;9737
Indicador  3.9.2;1736;3.5;14;Roraima;9737;2022;5;Mulheres;1144;20 a 24 anos;9737
Indicador  3.9.2;1736;0.0;14;Roraima;9737;2022;5;Mulheres;1145;25 a 29 anos;9737
Indicador  3.9.2;1736;3.3;14;Roraima;9737;2022;5;Mulheres;1146;30 a 34 anos;9737
Indicador  3.9.2;1736;0.0;14;Roraima;9737;2022;5;Mulheres;1147;35 a 39 anos;9737
Indicador  3.9.2;1736;0.0;14;Roraima;9737;2022;5;Mulheres;1148;40 a 44 anos;9737
Indicador  3.9.2;1736;0.0;14;Roraima;9737;2022;5;Mulheres;1149;45 a 49 anos;9737
Indicador  3.9.2;1736;0.0;14;Roraima;9737;2022;5;Mulheres;1150;50 a 54 anos;9737
Indicador  3.9.2;1736;8.7;14;Roraima;9737;2022;5;Mulheres;1151;55 a 59 anos;9737
Indicador  3.9.2;1736;36.4;14;Roraima;9737;2022;5;Mulheres;3302;60 anos ou mais;9737
Indicador  3.9.2;1736;5.6;15;Pará;9737;2018;6794;Total;95253;Total;9737
Indicador  3.9.2;1736;9.1;15;Pará;9737;2018;6794;Total;1140;0 a 4 anos;9737
Indicador  3.9.2;1736;1.1;15;Pará;9737;2018;6794;Total;1141;5 a 9 anos;9737
Indicador  3.9.2;1736;0.6;15;Pará;9737;2018;6794;Total;1142;10 a 14 anos;9737
Indicador  3.9.2;1736;0.5;15;Pará;9737;2018;6794;Total;1143;15 a 19 anos;9737
Indicador  3.9.2;1736;0.7;15;Pará;9737;2018;6794;Total;1144;20 a 24 anos;9737
Indicador  3.9.2;1736;0.4;15;Pará;9737;2018;6794;Total;1145;25 a 29 anos;9737
Indicador  3.9.2;1736;0.7;15;Pará;9737;2018;6794;Total;1146;30 a 34 anos;9737
Indicador  3.9.2;1736;1.5;15;Pará;9737;2018;6794;Total;1147;35 a 39 anos;9737
Indicador  3.9.2;1736;0.9;15;Pará;9737;2018;6794;Total;1148;40 a 44 anos;9737
Indicador  3.9.2;1736;2.3;15;Pará;9737;2018;6794;Total;1149;45 a 49 anos;9737
Indicador  3.9.2;1736;4.7;15;Pará;9737;2018;6794;Total;1150;50 a 54 anos;9737
Indicador  3.9.2;1736;4.2;15;Pará;9737;2018;6794;Total;1151;55 a 59 anos;9737
Indicador  3.9.2;1736;42.9;15;Pará;9737;2018;6794;Total;3302;60 anos ou mais;9737
Indicador  3.9.2;1736;5.4;15;Pará;9737;2018;4;Homens;95253;Total;9737
Indicador  3.9.2;1736;8.9;15;Pará;9737;2018;4;Homens;1140;0 a 4 anos;9737
Indicador  3.9.2;1736;1.6;15;Pará;9737;2018;4;Homens;1141;5 a 9 anos;9737
Indicador  3.9.2;1736;1.2;15;Pará;9737;2018;4;Homens;1142;10 a 14 anos;9737
Indicador  3.9.2;1736;1.0;15;Pará;9737;2018;4;Homens;1143;15 a 19 anos;9737
Indicador  3.9.2;1736;1.0;15;Pará;9737;2018;4;Homens;1144;20 a 24 anos;9737
Indicador  3.9.2;1736;0.8;15;Pará;9737;2018;4;Homens;1145;25 a 29 anos;9737
Indicador  3.9.2;1736;0.8;15;Pará;9737;2018;4;Homens;1146;30 a 34 anos;9737
Indicador  3.9.2;1736;1.8;15;Pará;9737;2018;4;Homens;1147;35 a 39 anos;9737
Indicador  3.9.2;1736;1.1;15;Pará;9737;2018;4;Homens;1148;40 a 44 anos;9737
Indicador  3.9.2;1736;3.8;15;Pará;9737;2018;4;Homens;1149;45 a 49 anos;9737
Indicador  3.9.2;1736;5.7;15;Pará;9737;2018;4;Homens;1150;50 a 54 anos;9737
Indicador  3.9.2;1736;3.9;15;Pará;9737;2018;4;Homens;1151;55 a 59 anos;9737
Indicador  3.9.2;1736;36.9;15;Pará;9737;2018;4;Homens;3302;60 anos ou mais;9737
Indicador  3.9.2;1736;5.8;15;Pará;9737;2018;5;Mulheres;95253;Total;9737
Indicador  3.9.2;1736;9.3;15;Pará;9737;2018;5;Mulheres;1140;0 a 4 anos;9737
Indicador  3.9.2;1736;0.5;15;Pará;9737;2018;5;Mulheres;1141;5 a 9 anos;9737
Indicador  3.9.2;1736;0.0;15;Pará;9737;2018;5;Mulheres;1142;10 a 14 anos;9737
Indicador  3.9.2;1736;0.0;15;Pará;9737;2018;5;Mulheres;1143;15 a 19 anos;9737
Indicador  3.9.2;1736;0.5;15;Pará;9737;2018;5;Mulheres;1144;20 a 24 anos;9737
Indicador  3.9.2;1736;0.0;15;Pará;9737;2018;5;Mulheres;1145;25 a 29 anos;9737
Indicador  3.9.2;1736;0.5;15;Pará;9737;2018;5;Mulheres;1146;30 a 34 anos;9737
Indicador  3.9.2;1736;1.2;15;Pará;9737;2018;5;Mulheres;1147;35 a 39 anos;9737
Indicador  3.9.2;1736;0.7;15;Pará;9737;2018;5;Mulheres;1148;40 a 44 anos;9737
Indicador  3.9.2;1736;0.9;15;Pará;9737;2018;5;Mulheres;1149;45 a 49 anos;9737
Indicador  3.9.2;1736;3.6;15;Pará;9737;2018;5;Mulheres;1150;50 a 54 anos;9737
Indicador  3.9.2;1736;4.5;15;Pará;9737;2018;5;Mulheres;1151;55 a 59 anos;9737
Indicador  3.9.2;1736;48.4;15;Pará;9737;2018;5;Mulheres;3302;60 anos ou mais;9737
Indicador  3.9.2;1736;4.9;15;Pará;9737;2019;6794;Total;95253;Total;9737
Indicador  3.9.2;1736;8.0;15;Pará;9737;2019;6794;Total;1140;0 a 4 anos;9737
Indicador  3.9.2;1736;0.5;15;Pará;9737;2019;6794;Total;1141;5 a 9 anos;9737
Indicador  3.9.2;1736;0.3;15;Pará;9737;2019;6794;Total;1142;10 a 14 anos;9737
Indicador  3.9.2;1736;0.7;15;Pará;9737;2019;6794;Total;1143;15 a 19 anos;9737
Indicador  3.9.2;1736;0.5;15;Pará;9737;2019;6794;Total;1144;20 a 24 anos;9737
Indicador  3.9.2;1736;0.7;15;Pará;9737;2019;6794;Total;1145;25 a 29 anos;9737
Indicador  3.9.2;1736;1.1;15;Pará;9737;2019;6794;Total;1146;30 a 34 anos;9737
Indicador  3.9.2;1736;0.7;15;Pará;9737;2019;6794;Total;1147;35 a 39 anos;9737
Indicador  3.9.2;1736;1.0;15;Pará;9737;2019;6794;Total;1148;40 a 44 anos;9737
Indicador  3.9.2;1736;1.4;15;Pará;9737;2019;6794;Total;1149;45 a 49 anos;9737
Indicador  3.9.2;1736;2.5;15;Pará;9737;2019;6794;Total;1150;50 a 54 anos;9737
Indicador  3.9.2;1736;4.1;15;Pará;9737;2019;6794;Total;1151;55 a 59 anos;9737
Indicador  3.9.2;1736;37.8;15;Pará;9737;2019;6794;Total;3302;60 anos ou mais;9737
Indicador  3.9.2;1736;4.8;15;Pará;9737;2019;4;Homens;95253;Total;9737
Indicador  3.9.2;1736;8.7;15;Pará;9737;2019;4;Homens;1140;0 a 4 anos;9737
Indicador  3.9.2;1736;0.8;15;Pará;9737;2019;4;Homens;1141;5 a 9 anos;9737
Indicador  3.9.2;1736;0.2;15;Pará;9737;2019;4;Homens;1142;10 a 14 anos;9737
Indicador  3.9.2;1736;1.0;15;Pará;9737;2019;4;Homens;1143;15 a 19 anos;9737
Indicador  3.9.2;1736;0.5;15;Pará;9737;2019;4;Homens;1144;20 a 24 anos;9737
Indicador  3.9.2;1736;0.5;15;Pará;9737;2019;4;Homens;1145;25 a 29 anos;9737
Indicador  3.9.2;1736;1.4;15;Pará;9737;2019;4;Homens;1146;30 a 34 anos;9737
Indicador  3.9.2;1736;0.9;15;Pará;9737;2019;4;Homens;1147;35 a 39 anos;9737
Indicador  3.9.2;1736;1.4;15;Pará;9737;2019;4;Homens;1148;40 a 44 anos;9737
Indicador  3.9.2;1736;2.1;15;Pará;9737;2019;4;Homens;1149;45 a 49 anos;9737
Indicador  3.9.2;1736;4.5;15;Pará;9737;2019;4;Homens;1150;50 a 54 anos;9737
Indicador  3.9.2;1736;5.0;15;Pará;9737;2019;4;Homens;1151;55 a 59 anos;9737
Indicador  3.9.2;1736;35.3;15;Pará;9737;2019;4;Homens;3302;60 anos ou mais;9737
Indicador  3.9.2;1736;4.9;15;Pará;9737;2019;5;Mulheres;95253;Total;9737
Indicador  3.9.2;1736;7.4;15;Pará;9737;2019;5;Mulheres;1140;0 a 4 anos;9737
Indicador  3.9.2;1736;0.3;15;Pará;9737;2019;5;Mulheres;1141;5 a 9 anos;9737
Indicador  3.9.2;1736;0.3;15;Pará;9737;2019;5;Mulheres;1142;10 a 14 anos;9737
Indicador  3.9.2;1736;0.5;15;Pará;9737;2019;5;Mulheres;1143;15 a 19 anos;9737
Indicador  3.9.2;1736;0.5;15;Pará;9737;2019;5;Mulheres;1144;20 a 24 anos;9737
Indicador  3.9.2;1736;0.8;15;Pará;9737;2019;5;Mulheres;1145;25 a 29 anos;9737
Indicador  3.9.2;1736;0.8;15;Pará;9737;2019;5;Mulheres;1146;30 a 34 anos;9737
Indicador  3.9.2;1736;0.6;15;Pará;9737;2019;5;Mulheres;1147;35 a 39 anos;9737
Indicador  3.9.2;1736;0.7;15;Pará;9737;2019;5;Mulheres;1148;40 a 44 anos;9737
Indicador  3.9.2;1736;0.8;15;Pará;9737;2019;5;Mulheres;1149;45 a 49 anos;9737
Indicador  3.9.2;1736;0.5;15;Pará;9737;2019;5;Mulheres;1150;50 a 54 anos;9737
Indicador  3.9.2;1736;3.1;15;Pará;9737;2019;5;Mulheres;1151;55 a 59 anos;9737
Indicador  3.9.2;1736;40.2;15;Pará;9737;2019;5;Mulheres;3302;60 anos ou mais;9737
Indicador  3.9.2;1736;4.7;15;Pará;9737;2020;6794;Total;95253;Total;9737
Indicador  3.9.2;1736;7.1;15;Pará;9737;2020;6794;Total;1140;0 a 4 anos;9737
Indicador  3.9.2;1736;0.4;15;Pará;9737;2020;6794;Total;1141;5 a 9 anos;9737
Indicador  3.9.2;1736;1.0;15;Pará;9737;2020;6794;Total;1142;10 a 14 anos;9737
Indicador  3.9.2;1736;0.2;15;Pará;9737;2020;6794;Total;1143;15 a 19 anos;9737
Indicador  3.9.2;1736;0.2;15;Pará;9737;2020;6794;Total;1144;20 a 24 anos;9737
Indicador  3.9.2;1736;0.5;15;Pará;9737;2020;6794;Total;1145;25 a 29 anos;9737
Indicador  3.9.2;1736;0.7;15;Pará;9737;2020;6794;Total;1146;30 a 34 anos;9737
Indicador  3.9.2;1736;1.3;15;Pará;9737;2020;6794;Total;1147;35 a 39 anos;9737
Indicador  3.9.2;1736;1.7;15;Pará;9737;2020;6794;Total;1148;40 a 44 anos;9737
Indicador  3.9.2;1736;2.2;15;Pará;9737;2020;6794;Total;1149;45 a 49 anos;9737
Indicador  3.9.2;1736;2.7;15;Pará;9737;2020;6794;Total;1150;50 a 54 anos;9737
Indicador  3.9.2;1736;3.6;15;Pará;9737;2020;6794;Total;1151;55 a 59 anos;9737
Indicador  3.9.2;1736;35.5;15;Pará;9737;2020;6794;Total;3302;60 anos ou mais;9737
Indicador  3.9.2;1736;4.8;15;Pará;9737;2020;4;Homens;95253;Total;9737
Indicador  3.9.2;1736;9.3;15;Pará;9737;2020;4;Homens;1140;0 a 4 anos;9737
Indicador  3.9.2;1736;0.3;15;Pará;9737;2020;4;Homens;1141;5 a 9 anos;9737
Indicador  3.9.2;1736;1.2;15;Pará;9737;2020;4;Homens;1142;10 a 14 anos;9737
Indicador  3.9.2;1736;0.5;15;Pará;9737;2020;4;Homens;1143;15 a 19 anos;9737
Indicador  3.9.2;1736;0.5;15;Pará;9737;2020;4;Homens;1144;20 a 24 anos;9737
Indicador  3.9.2;1736;0.8;15;Pará;9737;2020;4;Homens;1145;25 a 29 anos;9737
Indicador  3.9.2;1736;1.1;15;Pará;9737;2020;4;Homens;1146;30 a 34 anos;9737
Indicador  3.9.2;1736;1.5;15;Pará;9737;2020;4;Homens;1147;35 a 39 anos;9737
Indicador  3.9.2;1736;1.7;15;Pará;9737;2020;4;Homens;1148;40 a 44 anos;9737
Indicador  3.9.2;1736;2.0;15;Pará;9737;2020;4;Homens;1149;45 a 49 anos;9737
Indicador  3.9.2;1736;4.3;15;Pará;9737;2020;4;Homens;1150;50 a 54 anos;9737
Indicador  3.9.2;1736;4.3;15;Pará;9737;2020;4;Homens;1151;55 a 59 anos;9737
Indicador  3.9.2;1736;33.0;15;Pará;9737;2020;4;Homens;3302;60 anos ou mais;9737
Indicador  3.9.2;1736;4.7;15;Pará;9737;2020;5;Mulheres;95253;Total;9737
Indicador  3.9.2;1736;4.9;15;Pará;9737;2020;5;Mulheres;1140;0 a 4 anos;9737
Indicador  3.9.2;1736;0.6;15;Pará;9737;2020;5;Mulheres;1141;5 a 9 anos;9737
Indicador  3.9.2;1736;0.8;15;Pará;9737;2020;5;Mulheres;1142;10 a 14 anos;9737
Indicador  3.9.2;1736;0.0;15;Pará;9737;2020;5;Mulheres;1143;15 a 19 anos;9737
Indicador  3.9.2;1736;0.0;15;Pará;9737;2020;5;Mulheres;1144;20 a 24 anos;9737
Indicador  3.9.2;1736;0.3;15;Pará;9737;2020;5;Mulheres;1145;25 a 29 anos;9737
Indicador  3.9.2;1736;0.3;15;Pará;9737;2020;5;Mulheres;1146;30 a 34 anos;9737
Indicador  3.9.2;1736;1.1;15;Pará;9737;2020;5;Mulheres;1147;35 a 39 anos;9737
Indicador  3.9.2;1736;1.7;15;Pará;9737;2020;5;Mulheres;1148;40 a 44 anos;9737
Indicador  3.9.2;1736;2.4;15;Pará;9737;2020;5;Mulheres;1149;45 a 49 anos;9737
Indicador  3.9.2;1736;1.0;15;Pará;9737;2020;5;Mulheres;1150;50 a 54 anos;9737
Indicador  3.9.2;1736;3.0;15;Pará;9737;2020;5;Mulheres;1151;55 a 59 anos;9737
Indicador  3.9.2;1736;37.8;15;Pará;9737;2020;5;Mulheres;3302;60 anos ou mais;9737
Indicador  3.9.2;1736;4.7;15;Pará;9737;2021;6794;Total;95253;Total;9737
Indicador  3.9.2;1736;9.3;15;Pará;9737;2021;6794;Total;1140;0 a 4 anos;9737
Indicador  3.9.2;1736;1.2;15;Pará;9737;2021;6794;Total;1141;5 a 9 anos;9737
Indicador  3.9.2;1736;0.1;15;Pará;9737;2021;6794;Total;1142;10 a 14 anos;9737
Indicador  3.9.2;1736;0.2;15;Pará;9737;2021;6794;Total;1143;15 a 19 anos;9737
Indicador  3.9.2;1736;1.0;15;Pará;9737;2021;6794;Total;1144;20 a 24 anos;9737
Indicador  3.9.2;1736;0.6;15;Pará;9737;2021;6794;Total;1145;25 a 29 anos;9737
Indicador  3.9.2;1736;0.4;15;Pará;9737;2021;6794;Total;1146;30 a 34 anos;9737
Indicador  3.9.2;1736;0.1;15;Pará;9737;2021;6794;Total;1147;35 a 39 anos;9737
Indicador  3.9.2;1736;1.0;15;Pará;9737;2021;6794;Total;1148;40 a 44 anos;9737
Indicador  3.9.2;1736;1.4;15;Pará;9737;2021;6794;Total;1149;45 a 49 anos;9737
Indicador  3.9.2;1736;1.6;15;Pará;9737;2021;6794;Total;1150;50 a 54 anos;9737
Indicador  3.9.2;1736;3.2;15;Pará;9737;2021;6794;Total;1151;55 a 59 anos;9737
Indicador  3.9.2;1736;34.3;15;Pará;9737;2021;6794;Total;3302;60 anos ou mais;9737
Indicador  3.9.2;1736;4.8;15;Pará;9737;2021;4;Homens;95253;Total;9737
Indicador  3.9.2;1736;10.6;15;Pará;9737;2021;4;Homens;1140;0 a 4 anos;9737
Indicador  3.9.2;1736;1.6;15;Pará;9737;2021;4;Homens;1141;5 a 9 anos;9737
Indicador  3.9.2;1736;0.0;15;Pará;9737;2021;4;Homens;1142;10 a 14 anos;9737
Indicador  3.9.2;1736;0.0;15;Pará;9737;2021;4;Homens;1143;15 a 19 anos;9737
Indicador  3.9.2;1736;1.2;15;Pará;9737;2021;4;Homens;1144;20 a 24 anos;9737
Indicador  3.9.2;1736;1.0;15;Pará;9737;2021;4;Homens;1145;25 a 29 anos;9737
Indicador  3.9.2;1736;0.5;15;Pará;9737;2021;4;Homens;1146;30 a 34 anos;9737
Indicador  3.9.2;1736;0.3;15;Pará;9737;2021;4;Homens;1147;35 a 39 anos;9737
Indicador  3.9.2;1736;1.6;15;Pará;9737;2021;4;Homens;1148;40 a 44 anos;9737
Indicador  3.9.2;1736;1.9;15;Pará;9737;2021;4;Homens;1149;45 a 49 anos;9737
Indicador  3.9.2;1736;1.4;15;Pará;9737;2021;4;Homens;1150;50 a 54 anos;9737
Indicador  3.9.2;1736;4.1;15;Pará;9737;2021;4;Homens;1151;55 a 59 anos;9737
Indicador  3.9.2;1736;34.2;15;Pará;9737;2021;4;Homens;3302;60 anos ou mais;9737
Indicador  3.9.2;1736;4.5;15;Pará;9737;2021;5;Mulheres;95253;Total;9737
Indicador  3.9.2;1736;8.0;15;Pará;9737;2021;5;Mulheres;1140;0 a 4 anos;9737
Indicador  3.9.2;1736;0.8;15;Pará;9737;2021;5;Mulheres;1141;5 a 9 anos;9737
Indicador  3.9.2;1736;0.3;15;Pará;9737;2021;5;Mulheres;1142;10 a 14 anos;9737
Indicador  3.9.2;1736;0.5;15;Pará;9737;2021;5;Mulheres;1143;15 a 19 anos;9737
Indicador  3.9.2;1736;0.7;15;Pará;9737;2021;5;Mulheres;1144;20 a 24 anos;9737
Indicador  3.9.2;1736;0.3;15;Pará;9737;2021;5;Mulheres;1145;25 a 29 anos;9737
Indicador  3.9.2;1736;0.3;15;Pará;9737;2021;5;Mulheres;1146;30 a 34 anos;9737
Indicador  3.9.2;1736;0.0;15;Pará;9737;2021;5;Mulheres;1147;35 a 39 anos;9737
Indicador  3.9.2;1736;0.3;15;Pará;9737;2021;5;Mulheres;1148;40 a 44 anos;9737
Indicador  3.9.2;1736;0.8;15;Pará;9737;2021;5;Mulheres;1149;45 a 49 anos;9737
Indicador  3.9.2;1736;1.9;15;Pará;9737;2021;5;Mulheres;1150;50 a 54 anos;9737
Indicador  3.9.2;1736;2.3;15;Pará;9737;2021;5;Mulheres;1151;55 a 59 anos;9737
Indicador  3.9.2;1736;34.5;15;Pará;9737;2021;5;Mulheres;3302;60 anos ou mais;9737
Indicador  3.9.2;1736;4.2;15;Pará;9737;2022;6794;Total;95253;Total;9737
Indicador  3.9.2;1736;8.6;15;Pará;9737;2022;6794;Total;1140;0 a 4 anos;9737
Indicador  3.9.2;1736;0.6;15;Pará;9737;2022;6794;Total;1141;5 a 9 anos;9737
Indicador  3.9.2;1736;0.4;15;Pará;9737;2022;6794;Total;1142;10 a 14 anos;9737
Indicador  3.9.2;1736;0.7;15;Pará;9737;2022;6794;Total;1143;15 a 19 anos;9737
Indicador  3.9.2;1736;0.5;15;Pará;9737;2022;6794;Total;1144;20 a 24 anos;9737
Indicador  3.9.2;1736;0.5;15;Pará;9737;2022;6794;Total;1145;25 a 29 anos;9737
Indicador  3.9.2;1736;0.4;15;Pará;9737;2022;6794;Total;1146;30 a 34 anos;9737
Indicador  3.9.2;1736;0.8;15;Pará;9737;2022;6794;Total;1147;35 a 39 anos;9737
Indicador  3.9.2;1736;0.5;15;Pará;9737;2022;6794;Total;1148;40 a 44 anos;9737
Indicador  3.9.2;1736;1.3;15;Pará;9737;2022;6794;Total;1149;45 a 49 anos;9737
Indicador  3.9.2;1736;1.4;15;Pará;9737;2022;6794;Total;1150;50 a 54 anos;9737
Indicador  3.9.2;1736;4.8;15;Pará;9737;2022;6794;Total;1151;55 a 59 anos;9737
Indicador  3.9.2;1736;28.7;15;Pará;9737;2022;6794;Total;3302;60 anos ou mais;9737
Indicador  3.9.2;1736;4.5;15;Pará;9737;2022;4;Homens;95253;Total;9737
Indicador  3.9.2;1736;10.6;15;Pará;9737;2022;4;Homens;1140;0 a 4 anos;9737
Indicador  3.9.2;1736;0.5;15;Pará;9737;2022;4;Homens;1141;5 a 9 anos;9737
Indicador  3.9.2;1736;0.5;15;Pará;9737;2022;4;Homens;1142;10 a 14 anos;9737
Indicador  3.9.2;1736;0.7;15;Pará;9737;2022;4;Homens;1143;15 a 19 anos;9737
Indicador  3.9.2;1736;0.7;15;Pará;9737;2022;4;Homens;1144;20 a 24 anos;9737
Indicador  3.9.2;1736;0.5;15;Pará;9737;2022;4;Homens;1145;25 a 29 anos;9737
Indicador  3.9.2;1736;0.3;15;Pará;9737;2022;4;Homens;1146;30 a 34 anos;9737
Indicador  3.9.2;1736;0.9;15;Pará;9737;2022;4;Homens;1147;35 a 39 anos;9737
Indicador  3.9.2;1736;0.6;15;Pará;9737;2022;4;Homens;1148;40 a 44 anos;9737
Indicador  3.9.2;1736;1.9;15;Pará;9737;2022;4;Homens;1149;45 a 49 anos;9737
Indicador  3.9.2;1736;1.8;15;Pará;9737;2022;4;Homens;1150;50 a 54 anos;9737
Indicador  3.9.2;1736;6.8;15;Pará;9737;2022;4;Homens;1151;55 a 59 anos;9737
Indicador  3.9.2;1736;29.5;15;Pará;9737;2022;4;Homens;3302;60 anos ou mais;9737
Indicador  3.9.2;1736;3.9;15;Pará;9737;2022;5;Mulheres;95253;Total;9737
Indicador  3.9.2;1736;6.5;15;Pará;9737;2022;5;Mulheres;1140;0 a 4 anos;9737
Indicador  3.9.2;1736;0.6;15;Pará;9737;2022;5;Mulheres;1141;5 a 9 anos;9737
Indicador  3.9.2;1736;0.3;15;Pará;9737;2022;5;Mulheres;1142;10 a 14 anos;9737
Indicador  3.9.2;1736;0.8;15;Pará;9737;2022;5;Mulheres;1143;15 a 19 anos;9737
Indicador  3.9.2;1736;0.2;15;Pará;9737;2022;5;Mulheres;1144;20 a 24 anos;9737
Indicador  3.9.2;1736;0.5;15;Pará;9737;2022;5;Mulheres;1145;25 a 29 anos;9737
Indicador  3.9.2;1736;0.5;15;Pará;9737;2022;5;Mulheres;1146;30 a 34 anos;9737
Indicador  3.9.2;1736;0.8;15;Pará;9737;2022;5;Mulheres;1147;35 a 39 anos;9737
Indicador  3.9.2;1736;0.3;15;Pará;9737;2022;5;Mulheres;1148;40 a 44 anos;9737
Indicador  3.9.2;1736;0.7;15;Pará;9737;2022;5;Mulheres;1149;45 a 49 anos;9737
Indicador  3.9.2;1736;0.9;15;Pará;9737;2022;5;Mulheres;1150;50 a 54 anos;9737
Indicador  3.9.2;1736;2.8;15;Pará;9737;2022;5;Mulheres;1151;55 a 59 anos;9737
Indicador  3.9.2;1736;28.0;15;Pará;9737;2022;5;Mulheres;3302;60 anos ou mais;9737
Indicador  3.9.2;1736;3.0;16;Amapá;9737;2018;6794;Total;95253;Total;9737
Indicador  3.9.2;1736;8.6;16;Amapá;9737;2018;6794;Total;1140;0 a 4 anos;9737
Indicador  3.9.2;1736;0.0;16;Amapá;9737;2018;6794;Total;1141;5 a 9 anos;9737
Indicador  3.9.2;1736;0.0;16;Amapá;9737;2018;6794;Total;1142;10 a 14 anos;9737
Indicador  3.9.2;1736;0.0;16;Amapá;9737;2018;6794;Total;1143;15 a 19 anos;9737
Indicador  3.9.2;1736;0.0;16;Amapá;9737;2018;6794;Total;1144;20 a 24 anos;9737
Indicador  3.9.2;1736;0.0;16;Amapá;9737;2018;6794;Total;1145;25 a 29 anos;9737
Indicador  3.9.2;1736;1.4;16;Amapá;9737;2018;6794;Total;1146;30 a 34 anos;9737
Indicador  3.9.2;1736;0.0;16;Amapá;9737;2018;6794;Total;1147;35 a 39 anos;9737
Indicador  3.9.2;1736;1.9;16;Amapá;9737;2018;6794;Total;1148;40 a 44 anos;9737
Indicador  3.9.2;1736;0.0;16;Amapá;9737;2018;6794;Total;1149;45 a 49 anos;9737
Indicador  3.9.2;1736;0.0;16;Amapá;9737;2018;6794;Total;1150;50 a 54 anos;9737
Indicador  3.9.2;1736;0.0;16;Amapá;9737;2018;6794;Total;1151;55 a 59 anos;9737
Indicador  3.9.2;1736;29.8;16;Amapá;9737;2018;6794;Total;3302;60 anos ou mais;9737
Indicador  3.9.2;1736;2.9;16;Amapá;9737;2018;4;Homens;95253;Total;9737
Indicador  3.9.2;1736;4.8;16;Amapá;9737;2018;4;Homens;1140;0 a 4 anos;9737
Indicador  3.9.2;1736;0.0;16;Amapá;9737;2018;4;Homens;1141;5 a 9 anos;9737
Indicador  3.9.2;1736;0.0;16;Amapá;9737;2018;4;Homens;1142;10 a 14 anos;9737
Indicador  3.9.2;1736;0.0;16;Amapá;9737;2018;4;Homens;1143;15 a 19 anos;9737
Indicador  3.9.2;1736;0.0;16;Amapá;9737;2018;4;Homens;1144;20 a 24 anos;9737
Indicador  3.9.2;1736;0.0;16;Amapá;9737;2018;4;Homens;1145;25 a 29 anos;9737
Indicador  3.9.2;1736;2.8;16;Amapá;9737;2018;4;Homens;1146;30 a 34 anos;9737
Indicador  3.9.2;1736;0.0;16;Amapá;9737;2018;4;Homens;1147;35 a 39 anos;9737
Indicador  3.9.2;1736;3.8;16;Amapá;9737;2018;4;Homens;1148;40 a 44 anos;9737
Indicador  3.9.2;1736;0.0;16;Amapá;9737;2018;4;Homens;1149;45 a 49 anos;9737
Indicador  3.9.2;1736;0.0;16;Amapá;9737;2018;4;Homens;1150;50 a 54 anos;9737
Indicador  3.9.2;1736;0.0;16;Amapá;9737;2018;4;Homens;1151;55 a 59 anos;9737
Indicador  3.9.2;1736;30.5;16;Amapá;9737;2018;4;Homens;3302;60 anos ou mais;9737
Indicador  3.9.2;1736;3.1;16;Amapá;9737;2018;5;Mulheres;95253;Total;9737
Indicador  3.9.2;1736;12.6;16;Amapá;9737;2018;5;Mulheres;1140;0 a 4 anos;9737
Indicador  3.9.2;1736;0.0;16;Amapá;9737;2018;5;Mulheres;1141;5 a 9 anos;9737
Indicador  3.9.2;1736;0.0;16;Amapá;9737;2018;5;Mulheres;1142;10 a 14 anos;9737
Indicador  3.9.2;1736;0.0;16;Amapá;9737;2018;5;Mulheres;1143;15 a 19 anos;9737
Indicador  3.9.2;1736;0.0;16;Amapá;9737;2018;5;Mulheres;1144;20 a 24 anos;9737
Indicador  3.9.2;1736;0.0;16;Amapá;9737;2018;5;Mulheres;1145;25 a 29 anos;9737
Indicador  3.9.2;1736;0.0;16;Amapá;9737;2018;5;Mulheres;1146;30 a 34 anos;9737
Indicador  3.9.2;1736;0.0;16;Amapá;9737;2018;5;Mulheres;1147;35 a 39 anos;9737
Indicador  3.9.2;1736;0.0;16;Amapá;9737;2018;5;Mulheres;1148;40 a 44 anos;9737
Indicador  3.9.2;1736;0.0;16;Amapá;9737;2018;5;Mulheres;1149;45 a 49 anos;9737
Indicador  3.9.2;1736;0.0;16;Amapá;9737;2018;5;Mulheres;1150;50 a 54 anos;9737
Indicador  3.9.2;1736;0.0;16;Amapá;9737;2018;5;Mulheres;1151;55 a 59 anos;9737
Indicador  3.9.2;1736;29.2;16;Amapá;9737;2018;5;Mulheres;3302;60 anos ou mais;9737
Indicador  3.9.2;1736;2.8;16;Amapá;9737;2019;6794;Total;95253;Total;9737
Indicador  3.9.2;1736;7.4;16;Amapá;9737;2019;6794;Total;1140;0 a 4 anos;9737
Indicador  3.9.2;1736;2.5;16;Amapá;9737;2019;6794;Total;1141;5 a 9 anos;9737
Indicador  3.9.2;1736;0.0;16;Amapá;9737;2019;6794;Total;1142;10 a 14 anos;9737
Indicador  3.9.2;1736;0.0;16;Amapá;9737;2019;6794;Total;1143;15 a 19 anos;9737
Indicador  3.9.2;1736;0.0;16;Amapá;9737;2019;6794;Total;1144;20 a 24 anos;9737
Indicador  3.9.2;1736;1.3;16;Amapá;9737;2019;6794;Total;1145;25 a 29 anos;9737
Indicador  3.9.2;1736;1.4;16;Amapá;9737;2019;6794;Total;1146;30 a 34 anos;9737
Indicador  3.9.2;1736;0.0;16;Amapá;9737;2019;6794;Total;1147;35 a 39 anos;9737
Indicador  3.9.2;1736;1.8;16;Amapá;9737;2019;6794;Total;1148;40 a 44 anos;9737
Indicador  3.9.2;1736;2.2;16;Amapá;9737;2019;6794;Total;1149;45 a 49 anos;9737
Indicador  3.9.2;1736;2.8;16;Amapá;9737;2019;6794;Total;1150;50 a 54 anos;9737
Indicador  3.9.2;1736;0.0;16;Amapá;9737;2019;6794;Total;1151;55 a 59 anos;9737
Indicador  3.9.2;1736;19.4;16;Amapá;9737;2019;6794;Total;3302;60 anos ou mais;9737
Indicador  3.9.2;1736;3.1;16;Amapá;9737;2019;4;Homens;95253;Total;9737
Indicador  3.9.2;1736;9.7;16;Amapá;9737;2019;4;Homens;1140;0 a 4 anos;9737
Indicador  3.9.2;1736;2.4;16;Amapá;9737;2019;4;Homens;1141;5 a 9 anos;9737
Indicador  3.9.2;1736;0.0;16;Amapá;9737;2019;4;Homens;1142;10 a 14 anos;9737
Indicador  3.9.2;1736;0.0;16;Amapá;9737;2019;4;Homens;1143;15 a 19 anos;9737
Indicador  3.9.2;1736;0.0;16;Amapá;9737;2019;4;Homens;1144;20 a 24 anos;9737
Indicador  3.9.2;1736;0.0;16;Amapá;9737;2019;4;Homens;1145;25 a 29 anos;9737
Indicador  3.9.2;1736;2.8;16;Amapá;9737;2019;4;Homens;1146;30 a 34 anos;9737
Indicador  3.9.2;1736;0.0;16;Amapá;9737;2019;4;Homens;1147;35 a 39 anos;9737
Indicador  3.9.2;1736;3.7;16;Amapá;9737;2019;4;Homens;1148;40 a 44 anos;9737
Indicador  3.9.2;1736;0.0;16;Amapá;9737;2019;4;Homens;1149;45 a 49 anos;9737
Indicador  3.9.2;1736;0.0;16;Amapá;9737;2019;4;Homens;1150;50 a 54 anos;9737
Indicador  3.9.2;1736;0.0;16;Amapá;9737;2019;4;Homens;1151;55 a 59 anos;9737
Indicador  3.9.2;1736;21.6;16;Amapá;9737;2019;4;Homens;3302;60 anos ou mais;9737
Indicador  3.9.2;1736;2.6;16;Amapá;9737;2019;5;Mulheres;95253;Total;9737
Indicador  3.9.2;1736;5.1;16;Amapá;9737;2019;5;Mulheres;1140;0 a 4 anos;9737
Indicador  3.9.2;1736;2.6;16;Amapá;9737;2019;5;Mulheres;1141;5 a 9 anos;9737
Indicador  3.9.2;1736;0.0;16;Amapá;9737;2019;5;Mulheres;1142;10 a 14 anos;9737
Indicador  3.9.2;1736;0.0;16;Amapá;9737;2019;5;Mulheres;1143;15 a 19 anos;9737
Indicador  3.9.2;1736;0.0;16;Amapá;9737;2019;5;Mulheres;1144;20 a 24 anos;9737
Indicador  3.9.2;1736;2.5;16;Amapá;9737;2019;5;Mulheres;1145;25 a 29 anos;9737
Indicador  3.9.2;1736;0.0;16;Amapá;9737;2019;5;Mulheres;1146;30 a 34 anos;9737
Indicador  3.9.2;1736;0.0;16;Amapá;9737;2019;5;Mulheres;1147;35 a 39 anos;9737
Indicador  3.9.2;1736;0.0;16;Amapá;9737;2019;5;Mulheres;1148;40 a 44 anos;9737
Indicador  3.9.2;1736;4.4;16;Amapá;9737;2019;5;Mulheres;1149;45 a 49 anos;9737
Indicador  3.9.2;1736;5.7;16;Amapá;9737;2019;5;Mulheres;1150;50 a 54 anos;9737
Indicador  3.9.2;1736;0.0;16;Amapá;9737;2019;5;Mulheres;1151;55 a 59 anos;9737
Indicador  3.9.2;1736;17.2;16;Amapá;9737;2019;5;Mulheres;3302;60 anos ou mais;9737
Indicador  3.9.2;1736;0.8;16;Amapá;9737;2020;6794;Total;95253;Total;9737
Indicador  3.9.2;1736;2.5;16;Amapá;9737;2020;6794;Total;1140;0 a 4 anos;9737
Indicador  3.9.2;1736;0.0;16;Amapá;9737;2020;6794;Total;1141;5 a 9 anos;9737
Indicador  3.9.2;1736;0.0;16;Amapá;9737;2020;6794;Total;1142;10 a 14 anos;9737
Indicador  3.9.2;1736;0.0;16;Amapá;9737;2020;6794;Total;1143;15 a 19 anos;9737
Indicador  3.9.2;1736;0.0;16;Amapá;9737;2020;6794;Total;1144;20 a 24 anos;9737
Indicador  3.9.2;1736;2.5;16;Amapá;9737;2020;6794;Total;1145;25 a 29 anos;9737
Indicador  3.9.2;1736;0.0;16;Amapá;9737;2020;6794;Total;1146;30 a 34 anos;9737
Indicador  3.9.2;1736;0.0;16;Amapá;9737;2020;6794;Total;1147;35 a 39 anos;9737
Indicador  3.9.2;1736;0.0;16;Amapá;9737;2020;6794;Total;1148;40 a 44 anos;9737
Indicador  3.9.2;1736;0.0;16;Amapá;9737;2020;6794;Total;1149;45 a 49 anos;9737
Indicador  3.9.2;1736;0.0;16;Amapá;9737;2020;6794;Total;1150;50 a 54 anos;9737
Indicador  3.9.2;1736;0.0;16;Amapá;9737;2020;6794;Total;1151;55 a 59 anos;9737
Indicador  3.9.2;1736;5.0;16;Amapá;9737;2020;6794;Total;3302;60 anos ou mais;9737
Indicador  3.9.2;1736;0.7;16;Amapá;9737;2020;4;Homens;95253;Total;9737
Indicador  3.9.2;1736;2.4;16;Amapá;9737;2020;4;Homens;1140;0 a 4 anos;9737
Indicador  3.9.2;1736;0.0;16;Amapá;9737;2020;4;Homens;1141;5 a 9 anos;9737
Indicador  3.9.2;1736;0.0;16;Amapá;9737;2020;4;Homens;1142;10 a 14 anos;9737
Indicador  3.9.2;1736;0.0;16;Amapá;9737;2020;4;Homens;1143;15 a 19 anos;9737
Indicador  3.9.2;1736;0.0;16;Amapá;9737;2020;4;Homens;1144;20 a 24 anos;9737
Indicador  3.9.2;1736;2.5;16;Amapá;9737;2020;4;Homens;1145;25 a 29 anos;9737
Indicador  3.9.2;1736;0.0;16;Amapá;9737;2020;4;Homens;1146;30 a 34 anos;9737
Indicador  3.9.2;1736;0.0;16;Amapá;9737;2020;4;Homens;1147;35 a 39 anos;9737
Indicador  3.9.2;1736;0.0;16;Amapá;9737;2020;4;Homens;1148;40 a 44 anos;9737
Indicador  3.9.2;1736;0.0;16;Amapá;9737;2020;4;Homens;1149;45 a 49 anos;9737
Indicador  3.9.2;1736;0.0;16;Amapá;9737;2020;4;Homens;1150;50 a 54 anos;9737
Indicador  3.9.2;1736;0.0;16;Amapá;9737;2020;4;Homens;1151;55 a 59 anos;9737
Indicador  3.9.2;1736;3.4;16;Amapá;9737;2020;4;Homens;3302;60 anos ou mais;9737
Indicador  3.9.2;1736;0.9;16;Amapá;9737;2020;5;Mulheres;95253;Total;9737
Indicador  3.9.2;1736;2.6;16;Amapá;9737;2020;5;Mulheres;1140;0 a 4 anos;9737
Indicador  3.9.2;1736;0.0;16;Amapá;9737;2020;5;Mulheres;1141;5 a 9 anos;9737
Indicador  3.9.2;1736;0.0;16;Amapá;9737;2020;5;Mulheres;1142;10 a 14 anos;9737
Indicador  3.9.2;1736;0.0;16;Amapá;9737;2020;5;Mulheres;1143;15 a 19 anos;9737
Indicador  3.9.2;1736;0.0;16;Amapá;9737;2020;5;Mulheres;1144;20 a 24 anos;9737
Indicador  3.9.2;1736;2.5;16;Amapá;9737;2020;5;Mulheres;1145;25 a 29 anos;9737
Indicador  3.9.2;1736;0.0;16;Amapá;9737;2020;5;Mulheres;1146;30 a 34 anos;9737
Indicador  3.9.2;1736;0.0;16;Amapá;9737;2020;5;Mulheres;1147;35 a 39 anos;9737
Indicador  3.9.2;1736;0.0;16;Amapá;9737;2020;5;Mulheres;1148;40 a 44 anos;9737
Indicador  3.9.2;1736;0.0;16;Amapá;9737;2020;5;Mulheres;1149;45 a 49 anos;9737
Indicador  3.9.2;1736;0.0;16;Amapá;9737;2020;5;Mulheres;1150;50 a 54 anos;9737
Indicador  3.9.2;1736;0.0;16;Amapá;9737;2020;5;Mulheres;1151;55 a 59 anos;9737
Indicador  3.9.2;1736;6.5;16;Amapá;9737;2020;5;Mulheres;3302;60 anos ou mais;9737
Indicador  3.9.2;1736;3.3;16;Amapá;9737;2021;6794;Total;95253;Total;9737
Indicador  3.9.2;1736;8.8;16;Amapá;9737;2021;6794;Total;1140;0 a 4 anos;9737
Indicador  3.9.2;1736;0.0;16;Amapá;9737;2021;6794;Total;1141;5 a 9 anos;9737
Indicador  3.9.2;1736;1.2;16;Amapá;9737;2021;6794;Total;1142;10 a 14 anos;9737
Indicador  3.9.2;1736;1.2;16;Amapá;9737;2021;6794;Total;1143;15 a 19 anos;9737
Indicador  3.9.2;1736;1.2;16;Amapá;9737;2021;6794;Total;1144;20 a 24 anos;9737
Indicador  3.9.2;1736;0.0;16;Amapá;9737;2021;6794;Total;1145;25 a 29 anos;9737
Indicador  3.9.2;1736;0.0;16;Amapá;9737;2021;6794;Total;1146;30 a 34 anos;9737
Indicador  3.9.2;1736;0.0;16;Amapá;9737;2021;6794;Total;1147;35 a 39 anos;9737
Indicador  3.9.2;1736;1.7;16;Amapá;9737;2021;6794;Total;1148;40 a 44 anos;9737
Indicador  3.9.2;1736;2.0;16;Amapá;9737;2021;6794;Total;1149;45 a 49 anos;9737
Indicador  3.9.2;1736;0.0;16;Amapá;9737;2021;6794;Total;1150;50 a 54 anos;9737
Indicador  3.9.2;1736;6.7;16;Amapá;9737;2021;6794;Total;1151;55 a 59 anos;9737
Indicador  3.9.2;1736;23.7;16;Amapá;9737;2021;6794;Total;3302;60 anos ou mais;9737
Indicador  3.9.2;1736;3.4;16;Amapá;9737;2021;4;Homens;95253;Total;9737
Indicador  3.9.2;1736;7.4;16;Amapá;9737;2021;4;Homens;1140;0 a 4 anos;9737
Indicador  3.9.2;1736;0.0;16;Amapá;9737;2021;4;Homens;1141;5 a 9 anos;9737
Indicador  3.9.2;1736;2.4;16;Amapá;9737;2021;4;Homens;1142;10 a 14 anos;9737
Indicador  3.9.2;1736;0.0;16;Amapá;9737;2021;4;Homens;1143;15 a 19 anos;9737
Indicador  3.9.2;1736;2.3;16;Amapá;9737;2021;4;Homens;1144;20 a 24 anos;9737
Indicador  3.9.2;1736;0.0;16;Amapá;9737;2021;4;Homens;1145;25 a 29 anos;9737
Indicador  3.9.2;1736;0.0;16;Amapá;9737;2021;4;Homens;1146;30 a 34 anos;9737
Indicador  3.9.2;1736;0.0;16;Amapá;9737;2021;4;Homens;1147;35 a 39 anos;9737
Indicador  3.9.2;1736;3.5;16;Amapá;9737;2021;4;Homens;1148;40 a 44 anos;9737
Indicador  3.9.2;1736;4.1;16;Amapá;9737;2021;4;Homens;1149;45 a 49 anos;9737
Indicador  3.9.2;1736;0.0;16;Amapá;9737;2021;4;Homens;1150;50 a 54 anos;9737
Indicador  3.9.2;1736;13.2;16;Amapá;9737;2021;4;Homens;1151;55 a 59 anos;9737
Indicador  3.9.2;1736;19.4;16;Amapá;9737;2021;4;Homens;3302;60 anos ou mais;9737
Indicador  3.9.2;1736;3.2;16;Amapá;9737;2021;5;Mulheres;95253;Total;9737
Indicador  3.9.2;1736;10.3;16;Amapá;9737;2021;5;Mulheres;1140;0 a 4 anos;9737
Indicador  3.9.2;1736;0.0;16;Amapá;9737;2021;5;Mulheres;1141;5 a 9 anos;9737
Indicador  3.9.2;1736;0.0;16;Amapá;9737;2021;5;Mulheres;1142;10 a 14 anos;9737
Indicador  3.9.2;1736;2.4;16;Amapá;9737;2021;5;Mulheres;1143;15 a 19 anos;9737
Indicador  3.9.2;1736;0.0;16;Amapá;9737;2021;5;Mulheres;1144;20 a 24 anos;9737
Indicador  3.9.2;1736;0.0;16;Amapá;9737;2021;5;Mulheres;1145;25 a 29 anos;9737
Indicador  3.9.2;1736;0.0;16;Amapá;9737;2021;5;Mulheres;1146;30 a 34 anos;9737
Indicador  3.9.2;1736;0.0;16;Amapá;9737;2021;5;Mulheres;1147;35 a 39 anos;9737
Indicador  3.9.2;1736;0.0;16;Amapá;9737;2021;5;Mulheres;1148;40 a 44 anos;9737
Indicador  3.9.2;1736;0.0;16;Amapá;9737;2021;5;Mulheres;1149;45 a 49 anos;9737
Indicador  3.9.2;1736;0.0;16;Amapá;9737;2021;5;Mulheres;1150;50 a 54 anos;9737
Indicador  3.9.2;1736;0.0;16;Amapá;9737;2021;5;Mulheres;1151;55 a 59 anos;9737
Indicador  3.9.2;1736;27.9;16;Amapá;9737;2021;5;Mulheres;3302;60 anos ou mais;9737
Indicador  3.9.2;1736;1.5;16;Amapá;9737;2022;6794;Total;95253;Total;9737
Indicador  3.9.2;1736;6.3;16;Amapá;9737;2022;6794;Total;1140;0 a 4 anos;9737
Indicador  3.9.2;1736;0.0;16;Amapá;9737;2022;6794;Total;1141;5 a 9 anos;9737
Indicador  3.9.2;1736;0.0;16;Amapá;9737;2022;6794;Total;1142;10 a 14 anos;9737
Indicador  3.9.2;1736;0.0;16;Amapá;9737;2022;6794;Total;1143;15 a 19 anos;9737
Indicador  3.9.2;1736;0.0;16;Amapá;9737;2022;6794;Total;1144;20 a 24 anos;9737
Indicador  3.9.2;1736;0.0;16;Amapá;9737;2022;6794;Total;1145;25 a 29 anos;9737
Indicador  3.9.2;1736;0.0;16;Amapá;9737;2022;6794;Total;1146;30 a 34 anos;9737
Indicador  3.9.2;1736;0.0;16;Amapá;9737;2022;6794;Total;1147;35 a 39 anos;9737
Indicador  3.9.2;1736;1.6;16;Amapá;9737;2022;6794;Total;1148;40 a 44 anos;9737
Indicador  3.9.2;1736;0.0;16;Amapá;9737;2022;6794;Total;1149;45 a 49 anos;9737
Indicador  3.9.2;1736;0.0;16;Amapá;9737;2022;6794;Total;1150;50 a 54 anos;9737
Indicador  3.9.2;1736;0.0;16;Amapá;9737;2022;6794;Total;1151;55 a 59 anos;9737
Indicador  3.9.2;1736;10.5;16;Amapá;9737;2022;6794;Total;3302;60 anos ou mais;9737
Indicador  3.9.2;1736;2.0;16;Amapá;9737;2022;4;Homens;95253;Total;9737
Indicador  3.9.2;1736;9.8;16;Amapá;9737;2022;4;Homens;1140;0 a 4 anos;9737
Indicador  3.9.2;1736;0.0;16;Amapá;9737;2022;4;Homens;1141;5 a 9 anos;9737
Indicador  3.9.2;1736;0.0;16;Amapá;9737;2022;4;Homens;1142;10 a 14 anos;9737
Indicador  3.9.2;1736;0.0;16;Amapá;9737;2022;4;Homens;1143;15 a 19 anos;9737
Indicador  3.9.2;1736;0.0;16;Amapá;9737;2022;4;Homens;1144;20 a 24 anos;9737
Indicador  3.9.2;1736;0.0;16;Amapá;9737;2022;4;Homens;1145;25 a 29 anos;9737
Indicador  3.9.2;1736;0.0;16;Amapá;9737;2022;4;Homens;1146;30 a 34 anos;9737
Indicador  3.9.2;1736;0.0;16;Amapá;9737;2022;4;Homens;1147;35 a 39 anos;9737
Indicador  3.9.2;1736;3.3;16;Amapá;9737;2022;4;Homens;1148;40 a 44 anos;9737
Indicador  3.9.2;1736;0.0;16;Amapá;9737;2022;4;Homens;1149;45 a 49 anos;9737
Indicador  3.9.2;1736;0.0;16;Amapá;9737;2022;4;Homens;1150;50 a 54 anos;9737
Indicador  3.9.2;1736;0.0;16;Amapá;9737;2022;4;Homens;1151;55 a 59 anos;9737
Indicador  3.9.2;1736;12.2;16;Amapá;9737;2022;4;Homens;3302;60 anos ou mais;9737
Indicador  3.9.2;1736;0.9;16;Amapá;9737;2022;5;Mulheres;95253;Total;9737
Indicador  3.9.2;1736;2.6;16;Amapá;9737;2022;5;Mulheres;1140;0 a 4 anos;9737
Indicador  3.9.2;1736;0.0;16;Amapá;9737;2022;5;Mulheres;1141;5 a 9 anos;9737
Indicador  3.9.2;1736;0.0;16;Amapá;9737;2022;5;Mulheres;1142;10 a 14 anos;9737
Indicador  3.9.2;1736;0.0;16;Amapá;9737;2022;5;Mulheres;1143;15 a 19 anos;9737
Indicador  3.9.2;1736;0.0;16;Amapá;9737;2022;5;Mulheres;1144;20 a 24 anos;9737
Indicador  3.9.2;1736;0.0;16;Amapá;9737;2022;5;Mulheres;1145;25 a 29 anos;9737
Indicador  3.9.2;1736;0.0;16;Amapá;9737;2022;5;Mulheres;1146;30 a 34 anos;9737
Indicador  3.9.2;1736;0.0;16;Amapá;9737;2022;5;Mulheres;1147;35 a 39 anos;9737
Indicador  3.9.2;1736;0.0;16;Amapá;9737;2022;5;Mulheres;1148;40 a 44 anos;9737
Indicador  3.9.2;1736;0.0;16;Amapá;9737;2022;5;Mulheres;1149;45 a 49 anos;9737
Indicador  3.9.2;1736;0.0;16;Amapá;9737;2022;5;Mulheres;1150;50 a 54 anos;9737
Indicador  3.9.2;1736;0.0;16;Amapá;9737;2022;5;Mulheres;1151;55 a 59 anos;9737
Indicador  3.9.2;1736;8.8;16;Amapá;9737;2022;5;Mulheres;3302;60 anos ou mais;9737
Indicador  3.9.2;1736;3.9;17;Tocantins;9737;2018;6794;Total;95253;Total;9737
Indicador  3.9.2;1736;5.6;17;Tocantins;9737;2018;6794;Total;1140;0 a 4 anos;9737
Indicador  3.9.2;1736;0.0;17;Tocantins;9737;2018;6794;Total;1141;5 a 9 anos;9737
Indicador  3.9.2;1736;0.7;17;Tocantins;9737;2018;6794;Total;1142;10 a 14 anos;9737
Indicador  3.9.2;1736;0.0;17;Tocantins;9737;2018;6794;Total;1143;15 a 19 anos;9737
Indicador  3.9.2;1736;0.0;17;Tocantins;9737;2018;6794;Total;1144;20 a 24 anos;9737
Indicador  3.9.2;1736;1.5;17;Tocantins;9737;2018;6794;Total;1145;25 a 29 anos;9737
Indicador  3.9.2;1736;0.0;17;Tocantins;9737;2018;6794;Total;1146;30 a 34 anos;9737
Indicador  3.9.2;1736;1.6;17;Tocantins;9737;2018;6794;Total;1147;35 a 39 anos;9737
Indicador  3.9.2;1736;0.0;17;Tocantins;9737;2018;6794;Total;1148;40 a 44 anos;9737
Indicador  3.9.2;1736;0.0;17;Tocantins;9737;2018;6794;Total;1149;45 a 49 anos;9737
Indicador  3.9.2;1736;1.3;17;Tocantins;9737;2018;6794;Total;1150;50 a 54 anos;9737
Indicador  3.9.2;1736;6.3;17;Tocantins;9737;2018;6794;Total;1151;55 a 59 anos;9737
Indicador  3.9.2;1736;27.7;17;Tocantins;9737;2018;6794;Total;3302;60 anos ou mais;9737
Indicador  3.9.2;1736;4.1;17;Tocantins;9737;2018;4;Homens;95253;Total;9737
Indicador  3.9.2;1736;3.1;17;Tocantins;9737;2018;4;Homens;1140;0 a 4 anos;9737
Indicador  3.9.2;1736;0.0;17;Tocantins;9737;2018;4;Homens;1141;5 a 9 anos;9737
Indicador  3.9.2;1736;0.0;17;Tocantins;9737;2018;4;Homens;1142;10 a 14 anos;9737
Indicador  3.9.2;1736;0.0;17;Tocantins;9737;2018;4;Homens;1143;15 a 19 anos;9737
Indicador  3.9.2;1736;0.0;17;Tocantins;9737;2018;4;Homens;1144;20 a 24 anos;9737
Indicador  3.9.2;1736;3.0;17;Tocantins;9737;2018;4;Homens;1145;25 a 29 anos;9737
Indicador  3.9.2;1736;0.0;17;Tocantins;9737;2018;4;Homens;1146;30 a 34 anos;9737
Indicador  3.9.2;1736;3.3;17;Tocantins;9737;2018;4;Homens;1147;35 a 39 anos;9737
Indicador  3.9.2;1736;0.0;17;Tocantins;9737;2018;4;Homens;1148;40 a 44 anos;9737
Indicador  3.9.2;1736;0.0;17;Tocantins;9737;2018;4;Homens;1149;45 a 49 anos;9737
Indicador  3.9.2;1736;2.6;17;Tocantins;9737;2018;4;Homens;1150;50 a 54 anos;9737
Indicador  3.9.2;1736;12.6;17;Tocantins;9737;2018;4;Homens;1151;55 a 59 anos;9737
Indicador  3.9.2;1736;26.3;17;Tocantins;9737;2018;4;Homens;3302;60 anos ou mais;9737
Indicador  3.9.2;1736;3.8;17;Tocantins;9737;2018;5;Mulheres;95253;Total;9737
Indicador  3.9.2;1736;8.2;17;Tocantins;9737;2018;5;Mulheres;1140;0 a 4 anos;9737
Indicador  3.9.2;1736;0.0;17;Tocantins;9737;2018;5;Mulheres;1141;5 a 9 anos;9737
Indicador  3.9.2;1736;1.5;17;Tocantins;9737;2018;5;Mulheres;1142;10 a 14 anos;9737
Indicador  3.9.2;1736;0.0;17;Tocantins;9737;2018;5;Mulheres;1143;15 a 19 anos;9737
Indicador  3.9.2;1736;0.0;17;Tocantins;9737;2018;5;Mulheres;1144;20 a 24 anos;9737
Indicador  3.9.2;1736;0.0;17;Tocantins;9737;2018;5;Mulheres;1145;25 a 29 anos;9737
Indicador  3.9.2;1736;0.0;17;Tocantins;9737;2018;5;Mulheres;1146;30 a 34 anos;9737
Indicador  3.9.2;1736;0.0;17;Tocantins;9737;2018;5;Mulheres;1147;35 a 39 anos;9737
Indicador  3.9.2;1736;0.0;17;Tocantins;9737;2018;5;Mulheres;1148;40 a 44 anos;9737
Indicador  3.9.2;1736;0.0;17;Tocantins;9737;2018;5;Mulheres;1149;45 a 49 anos;9737
Indicador  3.9.2;1736;0.0;17;Tocantins;9737;2018;5;Mulheres;1150;50 a 54 anos;9737
Indicador  3.9.2;1736;0.0;17;Tocantins;9737;2018;5;Mulheres;1151;55 a 59 anos;9737
Indicador  3.9.2;1736;29.1;17;Tocantins;9737;2018;5;Mulheres;3302;60 anos ou mais;9737
Indicador  3.9.2;1736;3.8;17;Tocantins;9737;2019;6794;Total;95253;Total;9737
Indicador  3.9.2;1736;4.8;17;Tocantins;9737;2019;6794;Total;1140;0 a 4 anos;9737
Indicador  3.9.2;1736;0.8;17;Tocantins;9737;2019;6794;Total;1141;5 a 9 anos;9737
Indicador  3.9.2;1736;0.0;17;Tocantins;9737;2019;6794;Total;1142;10 a 14 anos;9737
Indicador  3.9.2;1736;0.0;17;Tocantins;9737;2019;6794;Total;1143;15 a 19 anos;9737
Indicador  3.9.2;1736;0.0;17;Tocantins;9737;2019;6794;Total;1144;20 a 24 anos;9737
Indicador  3.9.2;1736;0.0;17;Tocantins;9737;2019;6794;Total;1145;25 a 29 anos;9737
Indicador  3.9.2;1736;0.0;17;Tocantins;9737;2019;6794;Total;1146;30 a 34 anos;9737
Indicador  3.9.2;1736;0.8;17;Tocantins;9737;2019;6794;Total;1147;35 a 39 anos;9737
Indicador  3.9.2;1736;0.0;17;Tocantins;9737;2019;6794;Total;1148;40 a 44 anos;9737
Indicador  3.9.2;1736;0.0;17;Tocantins;9737;2019;6794;Total;1149;45 a 49 anos;9737
Indicador  3.9.2;1736;1.2;17;Tocantins;9737;2019;6794;Total;1150;50 a 54 anos;9737
Indicador  3.9.2;1736;4.6;17;Tocantins;9737;2019;6794;Total;1151;55 a 59 anos;9737
Indicador  3.9.2;1736;28.5;17;Tocantins;9737;2019;6794;Total;3302;60 anos ou mais;9737
Indicador  3.9.2;1736;3.2;17;Tocantins;9737;2019;4;Homens;95253;Total;9737
Indicador  3.9.2;1736;4.7;17;Tocantins;9737;2019;4;Homens;1140;0 a 4 anos;9737
Indicador  3.9.2;1736;1.6;17;Tocantins;9737;2019;4;Homens;1141;5 a 9 anos;9737
Indicador  3.9.2;1736;0.0;17;Tocantins;9737;2019;4;Homens;1142;10 a 14 anos;9737
Indicador  3.9.2;1736;0.0;17;Tocantins;9737;2019;4;Homens;1143;15 a 19 anos;9737
Indicador  3.9.2;1736;0.0;17;Tocantins;9737;2019;4;Homens;1144;20 a 24 anos;9737
Indicador  3.9.2;1736;0.0;17;Tocantins;9737;2019;4;Homens;1145;25 a 29 anos;9737
Indicador  3.9.2;1736;0.0;17;Tocantins;9737;2019;4;Homens;1146;30 a 34 anos;9737
Indicador  3.9.2;1736;0.0;17;Tocantins;9737;2019;4;Homens;1147;35 a 39 anos;9737
Indicador  3.9.2;1736;0.0;17;Tocantins;9737;2019;4;Homens;1148;40 a 44 anos;9737
Indicador  3.9.2;1736;0.0;17;Tocantins;9737;2019;4;Homens;1149;45 a 49 anos;9737
Indicador  3.9.2;1736;2.5;17;Tocantins;9737;2019;4;Homens;1150;50 a 54 anos;9737
Indicador  3.9.2;1736;3.0;17;Tocantins;9737;2019;4;Homens;1151;55 a 59 anos;9737
Indicador  3.9.2;1736;23.0;17;Tocantins;9737;2019;4;Homens;3302;60 anos ou mais;9737
Indicador  3.9.2;1736;4.4;17;Tocantins;9737;2019;5;Mulheres;95253;Total;9737
Indicador  3.9.2;1736;4.9;17;Tocantins;9737;2019;5;Mulheres;1140;0 a 4 anos;9737
Indicador  3.9.2;1736;0.0;17;Tocantins;9737;2019;5;Mulheres;1141;5 a 9 anos;9737
Indicador  3.9.2;1736;0.0;17;Tocantins;9737;2019;5;Mulheres;1142;10 a 14 anos;9737
Indicador  3.9.2;1736;0.0;17;Tocantins;9737;2019;5;Mulheres;1143;15 a 19 anos;9737
Indicador  3.9.2;1736;0.0;17;Tocantins;9737;2019;5;Mulheres;1144;20 a 24 anos;9737
Indicador  3.9.2;1736;0.0;17;Tocantins;9737;2019;5;Mulheres;1145;25 a 29 anos;9737
Indicador  3.9.2;1736;0.0;17;Tocantins;9737;2019;5;Mulheres;1146;30 a 34 anos;9737
Indicador  3.9.2;1736;1.6;17;Tocantins;9737;2019;5;Mulheres;1147;35 a 39 anos;9737
Indicador  3.9.2;1736;0.0;17;Tocantins;9737;2019;5;Mulheres;1148;40 a 44 anos;9737
Indicador  3.9.2;1736;0.0;17;Tocantins;9737;2019;5;Mulheres;1149;45 a 49 anos;9737
Indicador  3.9.2;1736;0.0;17;Tocantins;9737;2019;5;Mulheres;1150;50 a 54 anos;9737
Indicador  3.9.2;1736;6.2;17;Tocantins;9737;2019;5;Mulheres;1151;55 a 59 anos;9737
Indicador  3.9.2;1736;34.0;17;Tocantins;9737;2019;5;Mulheres;3302;60 anos ou mais;9737
Indicador  3.9.2;1736;3.1;17;Tocantins;9737;2020;6794;Total;95253;Total;9737
Indicador  3.9.2;1736;3.2;17;Tocantins;9737;2020;6794;Total;1140;0 a 4 anos;9737
Indicador  3.9.2;1736;0.0;17;Tocantins;9737;2020;6794;Total;1141;5 a 9 anos;9737
Indicador  3.9.2;1736;0.8;17;Tocantins;9737;2020;6794;Total;1142;10 a 14 anos;9737
Indicador  3.9.2;1736;0.0;17;Tocantins;9737;2020;6794;Total;1143;15 a 19 anos;9737
Indicador  3.9.2;1736;0.7;17;Tocantins;9737;2020;6794;Total;1144;20 a 24 anos;9737
Indicador  3.9.2;1736;0.0;17;Tocantins;9737;2020;6794;Total;1145;25 a 29 anos;9737
Indicador  3.9.2;1736;0.0;17;Tocantins;9737;2020;6794;Total;1146;30 a 34 anos;9737
Indicador  3.9.2;1736;0.0;17;Tocantins;9737;2020;6794;Total;1147;35 a 39 anos;9737
Indicador  3.9.2;1736;0.0;17;Tocantins;9737;2020;6794;Total;1148;40 a 44 anos;9737
Indicador  3.9.2;1736;1.1;17;Tocantins;9737;2020;6794;Total;1149;45 a 49 anos;9737
Indicador  3.9.2;1736;2.4;17;Tocantins;9737;2020;6794;Total;1150;50 a 54 anos;9737
Indicador  3.9.2;1736;3.0;17;Tocantins;9737;2020;6794;Total;1151;55 a 59 anos;9737
Indicador  3.9.2;1736;22.2;17;Tocantins;9737;2020;6794;Total;3302;60 anos ou mais;9737
Indicador  3.9.2;1736;3.1;17;Tocantins;9737;2020;4;Homens;95253;Total;9737
Indicador  3.9.2;1736;1.6;17;Tocantins;9737;2020;4;Homens;1140;0 a 4 anos;9737
Indicador  3.9.2;1736;0.0;17;Tocantins;9737;2020;4;Homens;1141;5 a 9 anos;9737
Indicador  3.9.2;1736;0.0;17;Tocantins;9737;2020;4;Homens;1142;10 a 14 anos;9737
Indicador  3.9.2;1736;0.0;17;Tocantins;9737;2020;4;Homens;1143;15 a 19 anos;9737
Indicador  3.9.2;1736;1.4;17;Tocantins;9737;2020;4;Homens;1144;20 a 24 anos;9737
Indicador  3.9.2;1736;0.0;17;Tocantins;9737;2020;4;Homens;1145;25 a 29 anos;9737
Indicador  3.9.2;1736;0.0;17;Tocantins;9737;2020;4;Homens;1146;30 a 34 anos;9737
Indicador  3.9.2;1736;0.0;17;Tocantins;9737;2020;4;Homens;1147;35 a 39 anos;9737
Indicador  3.9.2;1736;0.0;17;Tocantins;9737;2020;4;Homens;1148;40 a 44 anos;9737
Indicador  3.9.2;1736;0.0;17;Tocantins;9737;2020;4;Homens;1149;45 a 49 anos;9737
Indicador  3.9.2;1736;2.4;17;Tocantins;9737;2020;4;Homens;1150;50 a 54 anos;9737
Indicador  3.9.2;1736;2.9;17;Tocantins;9737;2020;4;Homens;1151;55 a 59 anos;9737
Indicador  3.9.2;1736;24.6;17;Tocantins;9737;2020;4;Homens;3302;60 anos ou mais;9737
Indicador  3.9.2;1736;3.0;17;Tocantins;9737;2020;5;Mulheres;95253;Total;9737
Indicador  3.9.2;1736;4.9;17;Tocantins;9737;2020;5;Mulheres;1140;0 a 4 anos;9737
Indicador  3.9.2;1736;0.0;17;Tocantins;9737;2020;5;Mulheres;1141;5 a 9 anos;9737
Indicador  3.9.2;1736;1.5;17;Tocantins;9737;2020;5;Mulheres;1142;10 a 14 anos;9737
Indicador  3.9.2;1736;0.0;17;Tocantins;9737;2020;5;Mulheres;1143;15 a 19 anos;9737
Indicador  3.9.2;1736;0.0;17;Tocantins;9737;2020;5;Mulheres;1144;20 a 24 anos;9737
Indicador  3.9.2;1736;0.0;17;Tocantins;9737;2020;5;Mulheres;1145;25 a 29 anos;9737
Indicador  3.9.2;1736;0.0;17;Tocantins;9737;2020;5;Mulheres;1146;30 a 34 anos;9737
Indicador  3.9.2;1736;0.0;17;Tocantins;9737;2020;5;Mulheres;1147;35 a 39 anos;9737
Indicador  3.9.2;1736;0.0;17;Tocantins;9737;2020;5;Mulheres;1148;40 a 44 anos;9737
Indicador  3.9.2;1736;2.1;17;Tocantins;9737;2020;5;Mulheres;1149;45 a 49 anos;9737
Indicador  3.9.2;1736;2.4;17;Tocantins;9737;2020;5;Mulheres;1150;50 a 54 anos;9737
Indicador  3.9.2;1736;3.0;17;Tocantins;9737;2020;5;Mulheres;1151;55 a 59 anos;9737
Indicador  3.9.2;1736;19.8;17;Tocantins;9737;2020;5;Mulheres;3302;60 anos ou mais;9737
Indicador  3.9.2;1736;3.1;17;Tocantins;9737;2021;6794;Total;95253;Total;9737
Indicador  3.9.2;1736;4.7;17;Tocantins;9737;2021;6794;Total;1140;0 a 4 anos;9737
Indicador  3.9.2;1736;0.8;17;Tocantins;9737;2021;6794;Total;1141;5 a 9 anos;9737
Indicador  3.9.2;1736;1.5;17;Tocantins;9737;2021;6794;Total;1142;10 a 14 anos;9737
Indicador  3.9.2;1736;0.7;17;Tocantins;9737;2021;6794;Total;1143;15 a 19 anos;9737
Indicador  3.9.2;1736;0.0;17;Tocantins;9737;2021;6794;Total;1144;20 a 24 anos;9737
Indicador  3.9.2;1736;0.7;17;Tocantins;9737;2021;6794;Total;1145;25 a 29 anos;9737
Indicador  3.9.2;1736;0.0;17;Tocantins;9737;2021;6794;Total;1146;30 a 34 anos;9737
Indicador  3.9.2;1736;1.6;17;Tocantins;9737;2021;6794;Total;1147;35 a 39 anos;9737
Indicador  3.9.2;1736;0.8;17;Tocantins;9737;2021;6794;Total;1148;40 a 44 anos;9737
Indicador  3.9.2;1736;2.0;17;Tocantins;9737;2021;6794;Total;1149;45 a 49 anos;9737
Indicador  3.9.2;1736;1.2;17;Tocantins;9737;2021;6794;Total;1150;50 a 54 anos;9737
Indicador  3.9.2;1736;0.0;17;Tocantins;9737;2021;6794;Total;1151;55 a 59 anos;9737
Indicador  3.9.2;1736;18.6;17;Tocantins;9737;2021;6794;Total;3302;60 anos ou mais;9737
Indicador  3.9.2;1736;3.1;17;Tocantins;9737;2021;4;Homens;95253;Total;9737
Indicador  3.9.2;1736;3.1;17;Tocantins;9737;2021;4;Homens;1140;0 a 4 anos;9737
Indicador  3.9.2;1736;1.6;17;Tocantins;9737;2021;4;Homens;1141;5 a 9 anos;9737
Indicador  3.9.2;1736;1.5;17;Tocantins;9737;2021;4;Homens;1142;10 a 14 anos;9737
Indicador  3.9.2;1736;1.4;17;Tocantins;9737;2021;4;Homens;1143;15 a 19 anos;9737
Indicador  3.9.2;1736;0.0;17;Tocantins;9737;2021;4;Homens;1144;20 a 24 anos;9737
Indicador  3.9.2;1736;1.4;17;Tocantins;9737;2021;4;Homens;1145;25 a 29 anos;9737
Indicador  3.9.2;1736;0.0;17;Tocantins;9737;2021;4;Homens;1146;30 a 34 anos;9737
Indicador  3.9.2;1736;3.2;17;Tocantins;9737;2021;4;Homens;1147;35 a 39 anos;9737
Indicador  3.9.2;1736;0.0;17;Tocantins;9737;2021;4;Homens;1148;40 a 44 anos;9737
Indicador  3.9.2;1736;2.0;17;Tocantins;9737;2021;4;Homens;1149;45 a 49 anos;9737
Indicador  3.9.2;1736;0.0;17;Tocantins;9737;2021;4;Homens;1150;50 a 54 anos;9737
Indicador  3.9.2;1736;0.0;17;Tocantins;9737;2021;4;Homens;1151;55 a 59 anos;9737
Indicador  3.9.2;1736;18.1;17;Tocantins;9737;2021;4;Homens;3302;60 anos ou mais;9737
Indicador  3.9.2;1736;3.1;17;Tocantins;9737;2021;5;Mulheres;95253;Total;9737
Indicador  3.9.2;1736;6.5;17;Tocantins;9737;2021;5;Mulheres;1140;0 a 4 anos;9737
Indicador  3.9.2;1736;0.0;17;Tocantins;9737;2021;5;Mulheres;1141;5 a 9 anos;9737
Indicador  3.9.2;1736;1.6;17;Tocantins;9737;2021;5;Mulheres;1142;10 a 14 anos;9737
Indicador  3.9.2;1736;0.0;17;Tocantins;9737;2021;5;Mulheres;1143;15 a 19 anos;9737
Indicador  3.9.2;1736;0.0;17;Tocantins;9737;2021;5;Mulheres;1144;20 a 24 anos;9737
Indicador  3.9.2;1736;0.0;17;Tocantins;9737;2021;5;Mulheres;1145;25 a 29 anos;9737
Indicador  3.9.2;1736;0.0;17;Tocantins;9737;2021;5;Mulheres;1146;30 a 34 anos;9737
Indicador  3.9.2;1736;0.0;17;Tocantins;9737;2021;5;Mulheres;1147;35 a 39 anos;9737
Indicador  3.9.2;1736;1.7;17;Tocantins;9737;2021;5;Mulheres;1148;40 a 44 anos;9737
Indicador  3.9.2;1736;2.1;17;Tocantins;9737;2021;5;Mulheres;1149;45 a 49 anos;9737
Indicador  3.9.2;1736;2.4;17;Tocantins;9737;2021;5;Mulheres;1150;50 a 54 anos;9737
Indicador  3.9.2;1736;0.0;17;Tocantins;9737;2021;5;Mulheres;1151;55 a 59 anos;9737
Indicador  3.9.2;1736;19.0;17;Tocantins;9737;2021;5;Mulheres;3302;60 anos ou mais;9737
Indicador  3.9.2;1736;3.0;17;Tocantins;9737;2022;6794;Total;95253;Total;9737
Indicador  3.9.2;1736;6.3;17;Tocantins;9737;2022;6794;Total;1140;0 a 4 anos;9737
Indicador  3.9.2;1736;0.8;17;Tocantins;9737;2022;6794;Total;1141;5 a 9 anos;9737
Indicador  3.9.2;1736;0.8;17;Tocantins;9737;2022;6794;Total;1142;10 a 14 anos;9737
Indicador  3.9.2;1736;0.0;17;Tocantins;9737;2022;6794;Total;1143;15 a 19 anos;9737
Indicador  3.9.2;1736;0.0;17;Tocantins;9737;2022;6794;Total;1144;20 a 24 anos;9737
Indicador  3.9.2;1736;0.0;17;Tocantins;9737;2022;6794;Total;1145;25 a 29 anos;9737
Indicador  3.9.2;1736;0.7;17;Tocantins;9737;2022;6794;Total;1146;30 a 34 anos;9737
Indicador  3.9.2;1736;0.0;17;Tocantins;9737;2022;6794;Total;1147;35 a 39 anos;9737
Indicador  3.9.2;1736;0.0;17;Tocantins;9737;2022;6794;Total;1148;40 a 44 anos;9737
Indicador  3.9.2;1736;0.0;17;Tocantins;9737;2022;6794;Total;1149;45 a 49 anos;9737
Indicador  3.9.2;1736;0.0;17;Tocantins;9737;2022;6794;Total;1150;50 a 54 anos;9737
Indicador  3.9.2;1736;0.0;17;Tocantins;9737;2022;6794;Total;1151;55 a 59 anos;9737
Indicador  3.9.2;1736;20.6;17;Tocantins;9737;2022;6794;Total;3302;60 anos ou mais;9737
Indicador  3.9.2;1736;3.2;17;Tocantins;9737;2022;4;Homens;95253;Total;9737
Indicador  3.9.2;1736;7.7;17;Tocantins;9737;2022;4;Homens;1140;0 a 4 anos;9737
Indicador  3.9.2;1736;1.6;17;Tocantins;9737;2022;4;Homens;1141;5 a 9 anos;9737
Indicador  3.9.2;1736;0.0;17;Tocantins;9737;2022;4;Homens;1142;10 a 14 anos;9737
Indicador  3.9.2;1736;0.0;17;Tocantins;9737;2022;4;Homens;1143;15 a 19 anos;9737
Indicador  3.9.2;1736;0.0;17;Tocantins;9737;2022;4;Homens;1144;20 a 24 anos;9737
Indicador  3.9.2;1736;0.0;17;Tocantins;9737;2022;4;Homens;1145;25 a 29 anos;9737
Indicador  3.9.2;1736;1.5;17;Tocantins;9737;2022;4;Homens;1146;30 a 34 anos;9737
Indicador  3.9.2;1736;0.0;17;Tocantins;9737;2022;4;Homens;1147;35 a 39 anos;9737
Indicador  3.9.2;1736;0.0;17;Tocantins;9737;2022;4;Homens;1148;40 a 44 anos;9737
Indicador  3.9.2;1736;0.0;17;Tocantins;9737;2022;4;Homens;1149;45 a 49 anos;9737
Indicador  3.9.2;1736;0.0;17;Tocantins;9737;2022;4;Homens;1150;50 a 54 anos;9737
Indicador  3.9.2;1736;0.0;17;Tocantins;9737;2022;4;Homens;1151;55 a 59 anos;9737
Indicador  3.9.2;1736;20.8;17;Tocantins;9737;2022;4;Homens;3302;60 anos ou mais;9737
Indicador  3.9.2;1736;2.8;17;Tocantins;9737;2022;5;Mulheres;95253;Total;9737
Indicador  3.9.2;1736;4.8;17;Tocantins;9737;2022;5;Mulheres;1140;0 a 4 anos;9737
Indicador  3.9.2;1736;0.0;17;Tocantins;9737;2022;5;Mulheres;1141;5 a 9 anos;9737
Indicador  3.9.2;1736;1.6;17;Tocantins;9737;2022;5;Mulheres;1142;10 a 14 anos;9737
Indicador  3.9.2;1736;0.0;17;Tocantins;9737;2022;5;Mulheres;1143;15 a 19 anos;9737
Indicador  3.9.2;1736;0.0;17;Tocantins;9737;2022;5;Mulheres;1144;20 a 24 anos;9737
Indicador  3.9.2;1736;0.0;17;Tocantins;9737;2022;5;Mulheres;1145;25 a 29 anos;9737
Indicador  3.9.2;1736;0.0;17;Tocantins;9737;2022;5;Mulheres;1146;30 a 34 anos;9737
Indicador  3.9.2;1736;0.0;17;Tocantins;9737;2022;5;Mulheres;1147;35 a 39 anos;9737
Indicador  3.9.2;1736;0.0;17;Tocantins;9737;2022;5;Mulheres;1148;40 a 44 anos;9737
Indicador  3.9.2;1736;0.0;17;Tocantins;9737;2022;5;Mulheres;1149;45 a 49 anos;9737
Indicador  3.9.2;1736;0.0;17;Tocantins;9737;2022;5;Mulheres;1150;50 a 54 anos;9737
Indicador  3.9.2;1736;0.0;17;Tocantins;9737;2022;5;Mulheres;1151;55 a 59 anos;9737
Indicador  3.9.2;1736;20.3;17;Tocantins;9737;2022;5;Mulheres;3302;60 anos ou mais;9737
Indicador  3.9.2;1736;3.9;21;Maranhão;9737;2018;6794;Total;95253;Total;9737
Indicador  3.9.2;1736;11.2;21;Maranhão;9737;2018;6794;Total;1140;0 a 4 anos;9737
Indicador  3.9.2;1736;0.7;21;Maranhão;9737;2018;6794;Total;1141;5 a 9 anos;9737
Indicador  3.9.2;1736;0.4;21;Maranhão;9737;2018;6794;Total;1142;10 a 14 anos;9737
Indicador  3.9.2;1736;0.1;21;Maranhão;9737;2018;6794;Total;1143;15 a 19 anos;9737
Indicador  3.9.2;1736;0.1;21;Maranhão;9737;2018;6794;Total;1144;20 a 24 anos;9737
Indicador  3.9.2;1736;0.3;21;Maranhão;9737;2018;6794;Total;1145;25 a 29 anos;9737
Indicador  3.9.2;1736;0.5;21;Maranhão;9737;2018;6794;Total;1146;30 a 34 anos;9737
Indicador  3.9.2;1736;0.4;21;Maranhão;9737;2018;6794;Total;1147;35 a 39 anos;9737
Indicador  3.9.2;1736;1.8;21;Maranhão;9737;2018;6794;Total;1148;40 a 44 anos;9737
Indicador  3.9.2;1736;1.1;21;Maranhão;9737;2018;6794;Total;1149;45 a 49 anos;9737
Indicador  3.9.2;1736;2.5;21;Maranhão;9737;2018;6794;Total;1150;50 a 54 anos;9737
Indicador  3.9.2;1736;2.3;21;Maranhão;9737;2018;6794;Total;1151;55 a 59 anos;9737
Indicador  3.9.2;1736;23.9;21;Maranhão;9737;2018;6794;Total;3302;60 anos ou mais;9737
Indicador  3.9.2;1736;3.9;21;Maranhão;9737;2018;4;Homens;95253;Total;9737
Indicador  3.9.2;1736;9.3;21;Maranhão;9737;2018;4;Homens;1140;0 a 4 anos;9737
Indicador  3.9.2;1736;1.0;21;Maranhão;9737;2018;4;Homens;1141;5 a 9 anos;9737
Indicador  3.9.2;1736;0.6;21;Maranhão;9737;2018;4;Homens;1142;10 a 14 anos;9737
Indicador  3.9.2;1736;0.3;21;Maranhão;9737;2018;4;Homens;1143;15 a 19 anos;9737
Indicador  3.9.2;1736;0.0;21;Maranhão;9737;2018;4;Homens;1144;20 a 24 anos;9737
Indicador  3.9.2;1736;0.3;21;Maranhão;9737;2018;4;Homens;1145;25 a 29 anos;9737
Indicador  3.9.2;1736;0.7;21;Maranhão;9737;2018;4;Homens;1146;30 a 34 anos;9737
Indicador  3.9.2;1736;0.4;21;Maranhão;9737;2018;4;Homens;1147;35 a 39 anos;9737
Indicador  3.9.2;1736;1.9;21;Maranhão;9737;2018;4;Homens;1148;40 a 44 anos;9737
Indicador  3.9.2;1736;1.7;21;Maranhão;9737;2018;4;Homens;1149;45 a 49 anos;9737
Indicador  3.9.2;1736;5.3;21;Maranhão;9737;2018;4;Homens;1150;50 a 54 anos;9737
Indicador  3.9.2;1736;2.4;21;Maranhão;9737;2018;4;Homens;1151;55 a 59 anos;9737
Indicador  3.9.2;1736;24.2;21;Maranhão;9737;2018;4;Homens;3302;60 anos ou mais;9737
Indicador  3.9.2;1736;4.0;21;Maranhão;9737;2018;5;Mulheres;95253;Total;9737
Indicador  3.9.2;1736;13.2;21;Maranhão;9737;2018;5;Mulheres;1140;0 a 4 anos;9737
Indicador  3.9.2;1736;0.3;21;Maranhão;9737;2018;5;Mulheres;1141;5 a 9 anos;9737
Indicador  3.9.2;1736;0.3;21;Maranhão;9737;2018;5;Mulheres;1142;10 a 14 anos;9737
Indicador  3.9.2;1736;0.0;21;Maranhão;9737;2018;5;Mulheres;1143;15 a 19 anos;9737
Indicador  3.9.2;1736;0.3;21;Maranhão;9737;2018;5;Mulheres;1144;20 a 24 anos;9737
Indicador  3.9.2;1736;0.3;21;Maranhão;9737;2018;5;Mulheres;1145;25 a 29 anos;9737
Indicador  3.9.2;1736;0.3;21;Maranhão;9737;2018;5;Mulheres;1146;30 a 34 anos;9737
Indicador  3.9.2;1736;0.4;21;Maranhão;9737;2018;5;Mulheres;1147;35 a 39 anos;9737
Indicador  3.9.2;1736;1.8;21;Maranhão;9737;2018;5;Mulheres;1148;40 a 44 anos;9737
Indicador  3.9.2;1736;0.5;21;Maranhão;9737;2018;5;Mulheres;1149;45 a 49 anos;9737
Indicador  3.9.2;1736;0.0;21;Maranhão;9737;2018;5;Mulheres;1150;50 a 54 anos;9737
Indicador  3.9.2;1736;2.2;21;Maranhão;9737;2018;5;Mulheres;1151;55 a 59 anos;9737
Indicador  3.9.2;1736;23.6;21;Maranhão;9737;2018;5;Mulheres;3302;60 anos ou mais;9737
Indicador  3.9.2;1736;4.6;21;Maranhão;9737;2019;6794;Total;95253;Total;9737
Indicador  3.9.2;1736;8.0;21;Maranhão;9737;2019;6794;Total;1140;0 a 4 anos;9737
Indicador  3.9.2;1736;0.8;21;Maranhão;9737;2019;6794;Total;1141;5 a 9 anos;9737
Indicador  3.9.2;1736;0.4;21;Maranhão;9737;2019;6794;Total;1142;10 a 14 anos;9737
Indicador  3.9.2;1736;0.7;21;Maranhão;9737;2019;6794;Total;1143;15 a 19 anos;9737
Indicador  3.9.2;1736;0.6;21;Maranhão;9737;2019;6794;Total;1144;20 a 24 anos;9737
Indicador  3.9.2;1736;0.5;21;Maranhão;9737;2019;6794;Total;1145;25 a 29 anos;9737
Indicador  3.9.2;1736;1.0;21;Maranhão;9737;2019;6794;Total;1146;30 a 34 anos;9737
Indicador  3.9.2;1736;0.7;21;Maranhão;9737;2019;6794;Total;1147;35 a 39 anos;9737
Indicador  3.9.2;1736;1.8;21;Maranhão;9737;2019;6794;Total;1148;40 a 44 anos;9737
Indicador  3.9.2;1736;1.1;21;Maranhão;9737;2019;6794;Total;1149;45 a 49 anos;9737
Indicador  3.9.2;1736;1.9;21;Maranhão;9737;2019;6794;Total;1150;50 a 54 anos;9737
Indicador  3.9.2;1736;3.3;21;Maranhão;9737;2019;6794;Total;1151;55 a 59 anos;9737
Indicador  3.9.2;1736;30.6;21;Maranhão;9737;2019;6794;Total;3302;60 anos ou mais;9737
Indicador  3.9.2;1736;4.8;21;Maranhão;9737;2019;4;Homens;95253;Total;9737
Indicador  3.9.2;1736;9.3;21;Maranhão;9737;2019;4;Homens;1140;0 a 4 anos;9737
Indicador  3.9.2;1736;1.3;21;Maranhão;9737;2019;4;Homens;1141;5 a 9 anos;9737
Indicador  3.9.2;1736;0.9;21;Maranhão;9737;2019;4;Homens;1142;10 a 14 anos;9737
Indicador  3.9.2;1736;0.3;21;Maranhão;9737;2019;4;Homens;1143;15 a 19 anos;9737
Indicador  3.9.2;1736;0.3;21;Maranhão;9737;2019;4;Homens;1144;20 a 24 anos;9737
Indicador  3.9.2;1736;0.3;21;Maranhão;9737;2019;4;Homens;1145;25 a 29 anos;9737
Indicador  3.9.2;1736;1.1;21;Maranhão;9737;2019;4;Homens;1146;30 a 34 anos;9737
Indicador  3.9.2;1736;1.5;21;Maranhão;9737;2019;4;Homens;1147;35 a 39 anos;9737
Indicador  3.9.2;1736;2.3;21;Maranhão;9737;2019;4;Homens;1148;40 a 44 anos;9737
Indicador  3.9.2;1736;0.0;21;Maranhão;9737;2019;4;Homens;1149;45 a 49 anos;9737
Indicador  3.9.2;1736;2.6;21;Maranhão;9737;2019;4;Homens;1150;50 a 54 anos;9737
Indicador  3.9.2;1736;6.3;21;Maranhão;9737;2019;4;Homens;1151;55 a 59 anos;9737
Indicador  3.9.2;1736;31.3;21;Maranhão;9737;2019;4;Homens;3302;60 anos ou mais;9737
Indicador  3.9.2;1736;4.5;21;Maranhão;9737;2019;5;Mulheres;95253;Total;9737
Indicador  3.9.2;1736;6.6;21;Maranhão;9737;2019;5;Mulheres;1140;0 a 4 anos;9737
Indicador  3.9.2;1736;0.3;21;Maranhão;9737;2019;5;Mulheres;1141;5 a 9 anos;9737
Indicador  3.9.2;1736;0.0;21;Maranhão;9737;2019;5;Mulheres;1142;10 a 14 anos;9737
Indicador  3.9.2;1736;1.2;21;Maranhão;9737;2019;5;Mulheres;1143;15 a 19 anos;9737
Indicador  3.9.2;1736;0.9;21;Maranhão;9737;2019;5;Mulheres;1144;20 a 24 anos;9737
Indicador  3.9.2;1736;0.7;21;Maranhão;9737;2019;5;Mulheres;1145;25 a 29 anos;9737
Indicador  3.9.2;1736;1.0;21;Maranhão;9737;2019;5;Mulheres;1146;30 a 34 anos;9737
Indicador  3.9.2;1736;0.0;21;Maranhão;9737;2019;5;Mulheres;1147;35 a 39 anos;9737
Indicador  3.9.2;1736;1.3;21;Maranhão;9737;2019;5;Mulheres;1148;40 a 44 anos;9737
Indicador  3.9.2;1736;2.1;21;Maranhão;9737;2019;5;Mulheres;1149;45 a 49 anos;9737
Indicador  3.9.2;1736;1.2;21;Maranhão;9737;2019;5;Mulheres;1150;50 a 54 anos;9737
Indicador  3.9.2;1736;0.7;21;Maranhão;9737;2019;5;Mulheres;1151;55 a 59 anos;9737
Indicador  3.9.2;1736;30.0;21;Maranhão;9737;2019;5;Mulheres;3302;60 anos ou mais;9737
Indicador  3.9.2;1736;4.3;21;Maranhão;9737;2020;6794;Total;95253;Total;9737
Indicador  3.9.2;1736;9.4;21;Maranhão;9737;2020;6794;Total;1140;0 a 4 anos;9737
Indicador  3.9.2;1736;0.5;21;Maranhão;9737;2020;6794;Total;1141;5 a 9 anos;9737
Indicador  3.9.2;1736;0.3;21;Maranhão;9737;2020;6794;Total;1142;10 a 14 anos;9737
Indicador  3.9.2;1736;0.0;21;Maranhão;9737;2020;6794;Total;1143;15 a 19 anos;9737
Indicador  3.9.2;1736;0.6;21;Maranhão;9737;2020;6794;Total;1144;20 a 24 anos;9737
Indicador  3.9.2;1736;0.7;21;Maranhão;9737;2020;6794;Total;1145;25 a 29 anos;9737
Indicador  3.9.2;1736;0.3;21;Maranhão;9737;2020;6794;Total;1146;30 a 34 anos;9737
Indicador  3.9.2;1736;0.7;21;Maranhão;9737;2020;6794;Total;1147;35 a 39 anos;9737
Indicador  3.9.2;1736;1.9;21;Maranhão;9737;2020;6794;Total;1148;40 a 44 anos;9737
Indicador  3.9.2;1736;1.8;21;Maranhão;9737;2020;6794;Total;1149;45 a 49 anos;9737
Indicador  3.9.2;1736;1.5;21;Maranhão;9737;2020;6794;Total;1150;50 a 54 anos;9737
Indicador  3.9.2;1736;4.0;21;Maranhão;9737;2020;6794;Total;1151;55 a 59 anos;9737
Indicador  3.9.2;1736;27.2;21;Maranhão;9737;2020;6794;Total;3302;60 anos ou mais;9737
Indicador  3.9.2;1736;4.1;21;Maranhão;9737;2020;4;Homens;95253;Total;9737
Indicador  3.9.2;1736;10.0;21;Maranhão;9737;2020;4;Homens;1140;0 a 4 anos;9737
Indicador  3.9.2;1736;0.0;21;Maranhão;9737;2020;4;Homens;1141;5 a 9 anos;9737
Indicador  3.9.2;1736;0.3;21;Maranhão;9737;2020;4;Homens;1142;10 a 14 anos;9737
Indicador  3.9.2;1736;0.0;21;Maranhão;9737;2020;4;Homens;1143;15 a 19 anos;9737
Indicador  3.9.2;1736;0.9;21;Maranhão;9737;2020;4;Homens;1144;20 a 24 anos;9737
Indicador  3.9.2;1736;0.7;21;Maranhão;9737;2020;4;Homens;1145;25 a 29 anos;9737
Indicador  3.9.2;1736;0.4;21;Maranhão;9737;2020;4;Homens;1146;30 a 34 anos;9737
Indicador  3.9.2;1736;1.1;21;Maranhão;9737;2020;4;Homens;1147;35 a 39 anos;9737
Indicador  3.9.2;1736;1.3;21;Maranhão;9737;2020;4;Homens;1148;40 a 44 anos;9737
Indicador  3.9.2;1736;0.5;21;Maranhão;9737;2020;4;Homens;1149;45 a 49 anos;9737
Indicador  3.9.2;1736;1.9;21;Maranhão;9737;2020;4;Homens;1150;50 a 54 anos;9737
Indicador  3.9.2;1736;5.4;21;Maranhão;9737;2020;4;Homens;1151;55 a 59 anos;9737
Indicador  3.9.2;1736;26.2;21;Maranhão;9737;2020;4;Homens;3302;60 anos ou mais;9737
Indicador  3.9.2;1736;4.6;21;Maranhão;9737;2020;5;Mulheres;95253;Total;9737
Indicador  3.9.2;1736;8.7;21;Maranhão;9737;2020;5;Mulheres;1140;0 a 4 anos;9737
Indicador  3.9.2;1736;1.0;21;Maranhão;9737;2020;5;Mulheres;1141;5 a 9 anos;9737
Indicador  3.9.2;1736;0.3;21;Maranhão;9737;2020;5;Mulheres;1142;10 a 14 anos;9737
Indicador  3.9.2;1736;0.0;21;Maranhão;9737;2020;5;Mulheres;1143;15 a 19 anos;9737
Indicador  3.9.2;1736;0.3;21;Maranhão;9737;2020;5;Mulheres;1144;20 a 24 anos;9737
Indicador  3.9.2;1736;0.7;21;Maranhão;9737;2020;5;Mulheres;1145;25 a 29 anos;9737
Indicador  3.9.2;1736;0.3;21;Maranhão;9737;2020;5;Mulheres;1146;30 a 34 anos;9737
Indicador  3.9.2;1736;0.3;21;Maranhão;9737;2020;5;Mulheres;1147;35 a 39 anos;9737
Indicador  3.9.2;1736;2.4;21;Maranhão;9737;2020;5;Mulheres;1148;40 a 44 anos;9737
Indicador  3.9.2;1736;3.0;21;Maranhão;9737;2020;5;Mulheres;1149;45 a 49 anos;9737
Indicador  3.9.2;1736;1.2;21;Maranhão;9737;2020;5;Mulheres;1150;50 a 54 anos;9737
Indicador  3.9.2;1736;2.7;21;Maranhão;9737;2020;5;Mulheres;1151;55 a 59 anos;9737
Indicador  3.9.2;1736;28.1;21;Maranhão;9737;2020;5;Mulheres;3302;60 anos ou mais;9737
Indicador  3.9.2;1736;3.9;21;Maranhão;9737;2021;6794;Total;95253;Total;9737
Indicador  3.9.2;1736;7.7;21;Maranhão;9737;2021;6794;Total;1140;0 a 4 anos;9737
Indicador  3.9.2;1736;0.3;21;Maranhão;9737;2021;6794;Total;1141;5 a 9 anos;9737
Indicador  3.9.2;1736;0.2;21;Maranhão;9737;2021;6794;Total;1142;10 a 14 anos;9737
Indicador  3.9.2;1736;0.1;21;Maranhão;9737;2021;6794;Total;1143;15 a 19 anos;9737
Indicador  3.9.2;1736;0.8;21;Maranhão;9737;2021;6794;Total;1144;20 a 24 anos;9737
Indicador  3.9.2;1736;0.0;21;Maranhão;9737;2021;6794;Total;1145;25 a 29 anos;9737
Indicador  3.9.2;1736;0.3;21;Maranhão;9737;2021;6794;Total;1146;30 a 34 anos;9737
Indicador  3.9.2;1736;0.5;21;Maranhão;9737;2021;6794;Total;1147;35 a 39 anos;9737
Indicador  3.9.2;1736;0.8;21;Maranhão;9737;2021;6794;Total;1148;40 a 44 anos;9737
Indicador  3.9.2;1736;2.8;21;Maranhão;9737;2021;6794;Total;1149;45 a 49 anos;9737
Indicador  3.9.2;1736;2.4;21;Maranhão;9737;2021;6794;Total;1150;50 a 54 anos;9737
Indicador  3.9.2;1736;2.5;21;Maranhão;9737;2021;6794;Total;1151;55 a 59 anos;9737
Indicador  3.9.2;1736;24.7;21;Maranhão;9737;2021;6794;Total;3302;60 anos ou mais;9737
Indicador  3.9.2;1736;4.2;21;Maranhão;9737;2021;4;Homens;95253;Total;9737
Indicador  3.9.2;1736;8.0;21;Maranhão;9737;2021;4;Homens;1140;0 a 4 anos;9737
Indicador  3.9.2;1736;0.0;21;Maranhão;9737;2021;4;Homens;1141;5 a 9 anos;9737
Indicador  3.9.2;1736;0.3;21;Maranhão;9737;2021;4;Homens;1142;10 a 14 anos;9737
Indicador  3.9.2;1736;0.3;21;Maranhão;9737;2021;4;Homens;1143;15 a 19 anos;9737
Indicador  3.9.2;1736;1.5;21;Maranhão;9737;2021;4;Homens;1144;20 a 24 anos;9737
Indicador  3.9.2;1736;0.0;21;Maranhão;9737;2021;4;Homens;1145;25 a 29 anos;9737
Indicador  3.9.2;1736;0.4;21;Maranhão;9737;2021;4;Homens;1146;30 a 34 anos;9737
Indicador  3.9.2;1736;0.7;21;Maranhão;9737;2021;4;Homens;1147;35 a 39 anos;9737
Indicador  3.9.2;1736;0.4;21;Maranhão;9737;2021;4;Homens;1148;40 a 44 anos;9737
Indicador  3.9.2;1736;4.8;21;Maranhão;9737;2021;4;Homens;1149;45 a 49 anos;9737
Indicador  3.9.2;1736;3.7;21;Maranhão;9737;2021;4;Homens;1150;50 a 54 anos;9737
Indicador  3.9.2;1736;3.7;21;Maranhão;9737;2021;4;Homens;1151;55 a 59 anos;9737
Indicador  3.9.2;1736;26.8;21;Maranhão;9737;2021;4;Homens;3302;60 anos ou mais;9737
Indicador  3.9.2;1736;3.6;21;Maranhão;9737;2021;5;Mulheres;95253;Total;9737
Indicador  3.9.2;1736;7.3;21;Maranhão;9737;2021;5;Mulheres;1140;0 a 4 anos;9737
Indicador  3.9.2;1736;0.7;21;Maranhão;9737;2021;5;Mulheres;1141;5 a 9 anos;9737
Indicador  3.9.2;1736;0.0;21;Maranhão;9737;2021;5;Mulheres;1142;10 a 14 anos;9737
Indicador  3.9.2;1736;0.0;21;Maranhão;9737;2021;5;Mulheres;1143;15 a 19 anos;9737
Indicador  3.9.2;1736;0.0;21;Maranhão;9737;2021;5;Mulheres;1144;20 a 24 anos;9737
Indicador  3.9.2;1736;0.0;21;Maranhão;9737;2021;5;Mulheres;1145;25 a 29 anos;9737
Indicador  3.9.2;1736;0.3;21;Maranhão;9737;2021;5;Mulheres;1146;30 a 34 anos;9737
Indicador  3.9.2;1736;0.3;21;Maranhão;9737;2021;5;Mulheres;1147;35 a 39 anos;9737
Indicador  3.9.2;1736;1.2;21;Maranhão;9737;2021;5;Mulheres;1148;40 a 44 anos;9737
Indicador  3.9.2;1736;1.0;21;Maranhão;9737;2021;5;Mulheres;1149;45 a 49 anos;9737
Indicador  3.9.2;1736;1.1;21;Maranhão;9737;2021;5;Mulheres;1150;50 a 54 anos;9737
Indicador  3.9.2;1736;1.3;21;Maranhão;9737;2021;5;Mulheres;1151;55 a 59 anos;9737
Indicador  3.9.2;1736;23.0;21;Maranhão;9737;2021;5;Mulheres;3302;60 anos ou mais;9737
Indicador  3.9.2;1736;4.7;21;Maranhão;9737;2022;6794;Total;95253;Total;9737
Indicador  3.9.2;1736;7.2;21;Maranhão;9737;2022;6794;Total;1140;0 a 4 anos;9737
Indicador  3.9.2;1736;0.3;21;Maranhão;9737;2022;6794;Total;1141;5 a 9 anos;9737
Indicador  3.9.2;1736;0.5;21;Maranhão;9737;2022;6794;Total;1142;10 a 14 anos;9737
Indicador  3.9.2;1736;0.4;21;Maranhão;9737;2022;6794;Total;1143;15 a 19 anos;9737
Indicador  3.9.2;1736;0.6;21;Maranhão;9737;2022;6794;Total;1144;20 a 24 anos;9737
Indicador  3.9.2;1736;1.1;21;Maranhão;9737;2022;6794;Total;1145;25 a 29 anos;9737
Indicador  3.9.2;1736;0.5;21;Maranhão;9737;2022;6794;Total;1146;30 a 34 anos;9737
Indicador  3.9.2;1736;1.2;21;Maranhão;9737;2022;6794;Total;1147;35 a 39 anos;9737
Indicador  3.9.2;1736;1.4;21;Maranhão;9737;2022;6794;Total;1148;40 a 44 anos;9737
Indicador  3.9.2;1736;2.4;21;Maranhão;9737;2022;6794;Total;1149;45 a 49 anos;9737
Indicador  3.9.2;1736;2.0;21;Maranhão;9737;2022;6794;Total;1150;50 a 54 anos;9737
Indicador  3.9.2;1736;3.4;21;Maranhão;9737;2022;6794;Total;1151;55 a 59 anos;9737
Indicador  3.9.2;1736;29.7;21;Maranhão;9737;2022;6794;Total;3302;60 anos ou mais;9737
Indicador  3.9.2;1736;5.2;21;Maranhão;9737;2022;4;Homens;95253;Total;9737
Indicador  3.9.2;1736;9.0;21;Maranhão;9737;2022;4;Homens;1140;0 a 4 anos;9737
Indicador  3.9.2;1736;0.0;21;Maranhão;9737;2022;4;Homens;1141;5 a 9 anos;9737
Indicador  3.9.2;1736;1.0;21;Maranhão;9737;2022;4;Homens;1142;10 a 14 anos;9737
Indicador  3.9.2;1736;0.3;21;Maranhão;9737;2022;4;Homens;1143;15 a 19 anos;9737
Indicador  3.9.2;1736;0.6;21;Maranhão;9737;2022;4;Homens;1144;20 a 24 anos;9737
Indicador  3.9.2;1736;1.0;21;Maranhão;9737;2022;4;Homens;1145;25 a 29 anos;9737
Indicador  3.9.2;1736;0.4;21;Maranhão;9737;2022;4;Homens;1146;30 a 34 anos;9737
Indicador  3.9.2;1736;2.2;21;Maranhão;9737;2022;4;Homens;1147;35 a 39 anos;9737
Indicador  3.9.2;1736;1.7;21;Maranhão;9737;2022;4;Homens;1148;40 a 44 anos;9737
Indicador  3.9.2;1736;4.6;21;Maranhão;9737;2022;4;Homens;1149;45 a 49 anos;9737
Indicador  3.9.2;1736;3.1;21;Maranhão;9737;2022;4;Homens;1150;50 a 54 anos;9737
Indicador  3.9.2;1736;3.6;21;Maranhão;9737;2022;4;Homens;1151;55 a 59 anos;9737
Indicador  3.9.2;1736;32.9;21;Maranhão;9737;2022;4;Homens;3302;60 anos ou mais;9737
Indicador  3.9.2;1736;4.3;21;Maranhão;9737;2022;5;Mulheres;95253;Total;9737
Indicador  3.9.2;1736;5.2;21;Maranhão;9737;2022;5;Mulheres;1140;0 a 4 anos;9737
Indicador  3.9.2;1736;0.7;21;Maranhão;9737;2022;5;Mulheres;1141;5 a 9 anos;9737
Indicador  3.9.2;1736;0.0;21;Maranhão;9737;2022;5;Mulheres;1142;10 a 14 anos;9737
Indicador  3.9.2;1736;0.6;21;Maranhão;9737;2022;5;Mulheres;1143;15 a 19 anos;9737
Indicador  3.9.2;1736;0.6;21;Maranhão;9737;2022;5;Mulheres;1144;20 a 24 anos;9737
Indicador  3.9.2;1736;1.3;21;Maranhão;9737;2022;5;Mulheres;1145;25 a 29 anos;9737
Indicador  3.9.2;1736;0.7;21;Maranhão;9737;2022;5;Mulheres;1146;30 a 34 anos;9737
Indicador  3.9.2;1736;0.3;21;Maranhão;9737;2022;5;Mulheres;1147;35 a 39 anos;9737
Indicador  3.9.2;1736;1.1;21;Maranhão;9737;2022;5;Mulheres;1148;40 a 44 anos;9737
Indicador  3.9.2;1736;0.5;21;Maranhão;9737;2022;5;Mulheres;1149;45 a 49 anos;9737
Indicador  3.9.2;1736;1.1;21;Maranhão;9737;2022;5;Mulheres;1150;50 a 54 anos;9737
Indicador  3.9.2;1736;3.3;21;Maranhão;9737;2022;5;Mulheres;1151;55 a 59 anos;9737
Indicador  3.9.2;1736;27.1;21;Maranhão;9737;2022;5;Mulheres;3302;60 anos ou mais;9737
Indicador  3.9.2;1736;6.2;22;Piauí;9737;2018;6794;Total;95253;Total;9737
Indicador  3.9.2;1736;6.7;22;Piauí;9737;2018;6794;Total;1140;0 a 4 anos;9737
Indicador  3.9.2;1736;0.0;22;Piauí;9737;2018;6794;Total;1141;5 a 9 anos;9737
Indicador  3.9.2;1736;0.7;22;Piauí;9737;2018;6794;Total;1142;10 a 14 anos;9737
Indicador  3.9.2;1736;0.0;22;Piauí;9737;2018;6794;Total;1143;15 a 19 anos;9737
Indicador  3.9.2;1736;0.3;22;Piauí;9737;2018;6794;Total;1144;20 a 24 anos;9737
Indicador  3.9.2;1736;0.4;22;Piauí;9737;2018;6794;Total;1145;25 a 29 anos;9737
Indicador  3.9.2;1736;0.8;22;Piauí;9737;2018;6794;Total;1146;30 a 34 anos;9737
Indicador  3.9.2;1736;2.4;22;Piauí;9737;2018;6794;Total;1147;35 a 39 anos;9737
Indicador  3.9.2;1736;3.2;22;Piauí;9737;2018;6794;Total;1148;40 a 44 anos;9737
Indicador  3.9.2;1736;1.0;22;Piauí;9737;2018;6794;Total;1149;45 a 49 anos;9737
Indicador  3.9.2;1736;3.4;22;Piauí;9737;2018;6794;Total;1150;50 a 54 anos;9737
Indicador  3.9.2;1736;4.7;22;Piauí;9737;2018;6794;Total;1151;55 a 59 anos;9737
Indicador  3.9.2;1736;37.9;22;Piauí;9737;2018;6794;Total;3302;60 anos ou mais;9737
Indicador  3.9.2;1736;6.2;22;Piauí;9737;2018;4;Homens;95253;Total;9737
Indicador  3.9.2;1736;4.9;22;Piauí;9737;2018;4;Homens;1140;0 a 4 anos;9737
Indicador  3.9.2;1736;0.0;22;Piauí;9737;2018;4;Homens;1141;5 a 9 anos;9737
Indicador  3.9.2;1736;1.4;22;Piauí;9737;2018;4;Homens;1142;10 a 14 anos;9737
Indicador  3.9.2;1736;0.0;22;Piauí;9737;2018;4;Homens;1143;15 a 19 anos;9737
Indicador  3.9.2;1736;0.0;22;Piauí;9737;2018;4;Homens;1144;20 a 24 anos;9737
Indicador  3.9.2;1736;0.8;22;Piauí;9737;2018;4;Homens;1145;25 a 29 anos;9737
Indicador  3.9.2;1736;0.8;22;Piauí;9737;2018;4;Homens;1146;30 a 34 anos;9737
Indicador  3.9.2;1736;3.3;22;Piauí;9737;2018;4;Homens;1147;35 a 39 anos;9737
Indicador  3.9.2;1736;4.7;22;Piauí;9737;2018;4;Homens;1148;40 a 44 anos;9737
Indicador  3.9.2;1736;2.2;22;Piauí;9737;2018;4;Homens;1149;45 a 49 anos;9737
Indicador  3.9.2;1736;4.8;22;Piauí;9737;2018;4;Homens;1150;50 a 54 anos;9737
Indicador  3.9.2;1736;5.8;22;Piauí;9737;2018;4;Homens;1151;55 a 59 anos;9737
Indicador  3.9.2;1736;39.1;22;Piauí;9737;2018;4;Homens;3302;60 anos ou mais;9737
Indicador  3.9.2;1736;6.2;22;Piauí;9737;2018;5;Mulheres;95253;Total;9737
Indicador  3.9.2;1736;8.6;22;Piauí;9737;2018;5;Mulheres;1140;0 a 4 anos;9737
Indicador  3.9.2;1736;0.0;22;Piauí;9737;2018;5;Mulheres;1141;5 a 9 anos;9737
Indicador  3.9.2;1736;0.0;22;Piauí;9737;2018;5;Mulheres;1142;10 a 14 anos;9737
Indicador  3.9.2;1736;0.0;22;Piauí;9737;2018;5;Mulheres;1143;15 a 19 anos;9737
Indicador  3.9.2;1736;0.7;22;Piauí;9737;2018;5;Mulheres;1144;20 a 24 anos;9737
Indicador  3.9.2;1736;0.0;22;Piauí;9737;2018;5;Mulheres;1145;25 a 29 anos;9737
Indicador  3.9.2;1736;0.7;22;Piauí;9737;2018;5;Mulheres;1146;30 a 34 anos;9737
Indicador  3.9.2;1736;1.5;22;Piauí;9737;2018;5;Mulheres;1147;35 a 39 anos;9737
Indicador  3.9.2;1736;1.7;22;Piauí;9737;2018;5;Mulheres;1148;40 a 44 anos;9737
Indicador  3.9.2;1736;0.0;22;Piauí;9737;2018;5;Mulheres;1149;45 a 49 anos;9737
Indicador  3.9.2;1736;2.2;22;Piauí;9737;2018;5;Mulheres;1150;50 a 54 anos;9737
Indicador  3.9.2;1736;3.7;22;Piauí;9737;2018;5;Mulheres;1151;55 a 59 anos;9737
Indicador  3.9.2;1736;37.0;22;Piauí;9737;2018;5;Mulheres;3302;60 anos ou mais;9737
Indicador  3.9.2;1736;6.4;22;Piauí;9737;2019;6794;Total;95253;Total;9737
Indicador  3.9.2;1736;5.0;22;Piauí;9737;2019;6794;Total;1140;0 a 4 anos;9737
Indicador  3.9.2;1736;0.0;22;Piauí;9737;2019;6794;Total;1141;5 a 9 anos;9737
Indicador  3.9.2;1736;0.4;22;Piauí;9737;2019;6794;Total;1142;10 a 14 anos;9737
Indicador  3.9.2;1736;0.3;22;Piauí;9737;2019;6794;Total;1143;15 a 19 anos;9737
Indicador  3.9.2;1736;0.3;22;Piauí;9737;2019;6794;Total;1144;20 a 24 anos;9737
Indicador  3.9.2;1736;0.8;22;Piauí;9737;2019;6794;Total;1145;25 a 29 anos;9737
Indicador  3.9.2;1736;0.4;22;Piauí;9737;2019;6794;Total;1146;30 a 34 anos;9737
Indicador  3.9.2;1736;0.8;22;Piauí;9737;2019;6794;Total;1147;35 a 39 anos;9737
Indicador  3.9.2;1736;1.3;22;Piauí;9737;2019;6794;Total;1148;40 a 44 anos;9737
Indicador  3.9.2;1736;4.7;22;Piauí;9737;2019;6794;Total;1149;45 a 49 anos;9737
Indicador  3.9.2;1736;2.3;22;Piauí;9737;2019;6794;Total;1150;50 a 54 anos;9737
Indicador  3.9.2;1736;6.5;22;Piauí;9737;2019;6794;Total;1151;55 a 59 anos;9737
Indicador  3.9.2;1736;39.9;22;Piauí;9737;2019;6794;Total;3302;60 anos ou mais;9737
Indicador  3.9.2;1736;6.6;22;Piauí;9737;2019;4;Homens;95253;Total;9737
Indicador  3.9.2;1736;5.7;22;Piauí;9737;2019;4;Homens;1140;0 a 4 anos;9737
Indicador  3.9.2;1736;0.0;22;Piauí;9737;2019;4;Homens;1141;5 a 9 anos;9737
Indicador  3.9.2;1736;0.7;22;Piauí;9737;2019;4;Homens;1142;10 a 14 anos;9737
Indicador  3.9.2;1736;0.7;22;Piauí;9737;2019;4;Homens;1143;15 a 19 anos;9737
Indicador  3.9.2;1736;0.0;22;Piauí;9737;2019;4;Homens;1144;20 a 24 anos;9737
Indicador  3.9.2;1736;0.8;22;Piauí;9737;2019;4;Homens;1145;25 a 29 anos;9737
Indicador  3.9.2;1736;0.8;22;Piauí;9737;2019;4;Homens;1146;30 a 34 anos;9737
Indicador  3.9.2;1736;0.8;22;Piauí;9737;2019;4;Homens;1147;35 a 39 anos;9737
Indicador  3.9.2;1736;1.8;22;Piauí;9737;2019;4;Homens;1148;40 a 44 anos;9737
Indicador  3.9.2;1736;6.5;22;Piauí;9737;2019;4;Homens;1149;45 a 49 anos;9737
Indicador  3.9.2;1736;4.8;22;Piauí;9737;2019;4;Homens;1150;50 a 54 anos;9737
Indicador  3.9.2;1736;1.4;22;Piauí;9737;2019;4;Homens;1151;55 a 59 anos;9737
Indicador  3.9.2;1736;44.4;22;Piauí;9737;2019;4;Homens;3302;60 anos ou mais;9737
Indicador  3.9.2;1736;6.2;22;Piauí;9737;2019;5;Mulheres;95253;Total;9737
Indicador  3.9.2;1736;4.3;22;Piauí;9737;2019;5;Mulheres;1140;0 a 4 anos;9737
Indicador  3.9.2;1736;0.0;22;Piauí;9737;2019;5;Mulheres;1141;5 a 9 anos;9737
Indicador  3.9.2;1736;0.0;22;Piauí;9737;2019;5;Mulheres;1142;10 a 14 anos;9737
Indicador  3.9.2;1736;0.0;22;Piauí;9737;2019;5;Mulheres;1143;15 a 19 anos;9737
Indicador  3.9.2;1736;0.7;22;Piauí;9737;2019;5;Mulheres;1144;20 a 24 anos;9737
Indicador  3.9.2;1736;0.7;22;Piauí;9737;2019;5;Mulheres;1145;25 a 29 anos;9737
Indicador  3.9.2;1736;0.0;22;Piauí;9737;2019;5;Mulheres;1146;30 a 34 anos;9737
Indicador  3.9.2;1736;0.8;22;Piauí;9737;2019;5;Mulheres;1147;35 a 39 anos;9737
Indicador  3.9.2;1736;0.8;22;Piauí;9737;2019;5;Mulheres;1148;40 a 44 anos;9737
Indicador  3.9.2;1736;3.0;22;Piauí;9737;2019;5;Mulheres;1149;45 a 49 anos;9737
Indicador  3.9.2;1736;0.0;22;Piauí;9737;2019;5;Mulheres;1150;50 a 54 anos;9737
Indicador  3.9.2;1736;10.9;22;Piauí;9737;2019;5;Mulheres;1151;55 a 59 anos;9737
Indicador  3.9.2;1736;36.4;22;Piauí;9737;2019;5;Mulheres;3302;60 anos ou mais;9737
Indicador  3.9.2;1736;5.9;22;Piauí;9737;2020;6794;Total;95253;Total;9737
Indicador  3.9.2;1736;2.9;22;Piauí;9737;2020;6794;Total;1140;0 a 4 anos;9737
Indicador  3.9.2;1736;0.8;22;Piauí;9737;2020;6794;Total;1141;5 a 9 anos;9737
Indicador  3.9.2;1736;0.0;22;Piauí;9737;2020;6794;Total;1142;10 a 14 anos;9737
Indicador  3.9.2;1736;0.7;22;Piauí;9737;2020;6794;Total;1143;15 a 19 anos;9737
Indicador  3.9.2;1736;0.3;22;Piauí;9737;2020;6794;Total;1144;20 a 24 anos;9737
Indicador  3.9.2;1736;0.4;22;Piauí;9737;2020;6794;Total;1145;25 a 29 anos;9737
Indicador  3.9.2;1736;0.8;22;Piauí;9737;2020;6794;Total;1146;30 a 34 anos;9737
Indicador  3.9.2;1736;0.8;22;Piauí;9737;2020;6794;Total;1147;35 a 39 anos;9737
Indicador  3.9.2;1736;0.9;22;Piauí;9737;2020;6794;Total;1148;40 a 44 anos;9737
Indicador  3.9.2;1736;2.0;22;Piauí;9737;2020;6794;Total;1149;45 a 49 anos;9737
Indicador  3.9.2;1736;3.3;22;Piauí;9737;2020;6794;Total;1150;50 a 54 anos;9737
Indicador  3.9.2;1736;5.7;22;Piauí;9737;2020;6794;Total;1151;55 a 59 anos;9737
Indicador  3.9.2;1736;36.3;22;Piauí;9737;2020;6794;Total;3302;60 anos ou mais;9737
Indicador  3.9.2;1736;5.4;22;Piauí;9737;2020;4;Homens;95253;Total;9737
Indicador  3.9.2;1736;0.8;22;Piauí;9737;2020;4;Homens;1140;0 a 4 anos;9737
Indicador  3.9.2;1736;0.8;22;Piauí;9737;2020;4;Homens;1141;5 a 9 anos;9737
Indicador  3.9.2;1736;0.0;22;Piauí;9737;2020;4;Homens;1142;10 a 14 anos;9737
Indicador  3.9.2;1736;0.7;22;Piauí;9737;2020;4;Homens;1143;15 a 19 anos;9737
Indicador  3.9.2;1736;0.7;22;Piauí;9737;2020;4;Homens;1144;20 a 24 anos;9737
Indicador  3.9.2;1736;0.8;22;Piauí;9737;2020;4;Homens;1145;25 a 29 anos;9737
Indicador  3.9.2;1736;1.6;22;Piauí;9737;2020;4;Homens;1146;30 a 34 anos;9737
Indicador  3.9.2;1736;0.8;22;Piauí;9737;2020;4;Homens;1147;35 a 39 anos;9737
Indicador  3.9.2;1736;1.8;22;Piauí;9737;2020;4;Homens;1148;40 a 44 anos;9737
Indicador  3.9.2;1736;2.1;22;Piauí;9737;2020;4;Homens;1149;45 a 49 anos;9737
Indicador  3.9.2;1736;4.7;22;Piauí;9737;2020;4;Homens;1150;50 a 54 anos;9737
Indicador  3.9.2;1736;2.7;22;Piauí;9737;2020;4;Homens;1151;55 a 59 anos;9737
Indicador  3.9.2;1736;36.4;22;Piauí;9737;2020;4;Homens;3302;60 anos ou mais;9737
Indicador  3.9.2;1736;6.3;22;Piauí;9737;2020;5;Mulheres;95253;Total;9737
Indicador  3.9.2;1736;5.2;22;Piauí;9737;2020;5;Mulheres;1140;0 a 4 anos;9737
Indicador  3.9.2;1736;0.9;22;Piauí;9737;2020;5;Mulheres;1141;5 a 9 anos;9737
Indicador  3.9.2;1736;0.0;22;Piauí;9737;2020;5;Mulheres;1142;10 a 14 anos;9737
Indicador  3.9.2;1736;0.7;22;Piauí;9737;2020;5;Mulheres;1143;15 a 19 anos;9737
Indicador  3.9.2;1736;0.0;22;Piauí;9737;2020;5;Mulheres;1144;20 a 24 anos;9737
Indicador  3.9.2;1736;0.0;22;Piauí;9737;2020;5;Mulheres;1145;25 a 29 anos;9737
Indicador  3.9.2;1736;0.0;22;Piauí;9737;2020;5;Mulheres;1146;30 a 34 anos;9737
Indicador  3.9.2;1736;0.8;22;Piauí;9737;2020;5;Mulheres;1147;35 a 39 anos;9737
Indicador  3.9.2;1736;0.0;22;Piauí;9737;2020;5;Mulheres;1148;40 a 44 anos;9737
Indicador  3.9.2;1736;1.9;22;Piauí;9737;2020;5;Mulheres;1149;45 a 49 anos;9737
Indicador  3.9.2;1736;2.1;22;Piauí;9737;2020;5;Mulheres;1150;50 a 54 anos;9737
Indicador  3.9.2;1736;8.3;22;Piauí;9737;2020;5;Mulheres;1151;55 a 59 anos;9737
Indicador  3.9.2;1736;36.1;22;Piauí;9737;2020;5;Mulheres;3302;60 anos ou mais;9737
Indicador  3.9.2;1736;4.9;22;Piauí;9737;2021;6794;Total;95253;Total;9737
Indicador  3.9.2;1736;5.5;22;Piauí;9737;2021;6794;Total;1140;0 a 4 anos;9737
Indicador  3.9.2;1736;0.0;22;Piauí;9737;2021;6794;Total;1141;5 a 9 anos;9737
Indicador  3.9.2;1736;0.4;22;Piauí;9737;2021;6794;Total;1142;10 a 14 anos;9737
Indicador  3.9.2;1736;0.4;22;Piauí;9737;2021;6794;Total;1143;15 a 19 anos;9737
Indicador  3.9.2;1736;0.0;22;Piauí;9737;2021;6794;Total;1144;20 a 24 anos;9737
Indicador  3.9.2;1736;1.1;22;Piauí;9737;2021;6794;Total;1145;25 a 29 anos;9737
Indicador  3.9.2;1736;1.1;22;Piauí;9737;2021;6794;Total;1146;30 a 34 anos;9737
Indicador  3.9.2;1736;0.4;22;Piauí;9737;2021;6794;Total;1147;35 a 39 anos;9737
Indicador  3.9.2;1736;0.4;22;Piauí;9737;2021;6794;Total;1148;40 a 44 anos;9737
Indicador  3.9.2;1736;3.0;22;Piauí;9737;2021;6794;Total;1149;45 a 49 anos;9737
Indicador  3.9.2;1736;2.2;22;Piauí;9737;2021;6794;Total;1150;50 a 54 anos;9737
Indicador  3.9.2;1736;5.0;22;Piauí;9737;2021;6794;Total;1151;55 a 59 anos;9737
Indicador  3.9.2;1736;27.7;22;Piauí;9737;2021;6794;Total;3302;60 anos ou mais;9737
Indicador  3.9.2;1736;4.9;22;Piauí;9737;2021;4;Homens;95253;Total;9737
Indicador  3.9.2;1736;6.6;22;Piauí;9737;2021;4;Homens;1140;0 a 4 anos;9737
Indicador  3.9.2;1736;0.0;22;Piauí;9737;2021;4;Homens;1141;5 a 9 anos;9737
Indicador  3.9.2;1736;0.8;22;Piauí;9737;2021;4;Homens;1142;10 a 14 anos;9737
Indicador  3.9.2;1736;0.7;22;Piauí;9737;2021;4;Homens;1143;15 a 19 anos;9737
Indicador  3.9.2;1736;0.0;22;Piauí;9737;2021;4;Homens;1144;20 a 24 anos;9737
Indicador  3.9.2;1736;1.5;22;Piauí;9737;2021;4;Homens;1145;25 a 29 anos;9737
Indicador  3.9.2;1736;0.8;22;Piauí;9737;2021;4;Homens;1146;30 a 34 anos;9737
Indicador  3.9.2;1736;0.0;22;Piauí;9737;2021;4;Homens;1147;35 a 39 anos;9737
Indicador  3.9.2;1736;0.9;22;Piauí;9737;2021;4;Homens;1148;40 a 44 anos;9737
Indicador  3.9.2;1736;6.3;22;Piauí;9737;2021;4;Homens;1149;45 a 49 anos;9737
Indicador  3.9.2;1736;2.3;22;Piauí;9737;2021;4;Homens;1150;50 a 54 anos;9737
Indicador  3.9.2;1736;8.1;22;Piauí;9737;2021;4;Homens;1151;55 a 59 anos;9737
Indicador  3.9.2;1736;26.6;22;Piauí;9737;2021;4;Homens;3302;60 anos ou mais;9737
Indicador  3.9.2;1736;4.9;22;Piauí;9737;2021;5;Mulheres;95253;Total;9737
Indicador  3.9.2;1736;4.3;22;Piauí;9737;2021;5;Mulheres;1140;0 a 4 anos;9737
Indicador  3.9.2;1736;0.0;22;Piauí;9737;2021;5;Mulheres;1141;5 a 9 anos;9737
Indicador  3.9.2;1736;0.0;22;Piauí;9737;2021;5;Mulheres;1142;10 a 14 anos;9737
Indicador  3.9.2;1736;0.0;22;Piauí;9737;2021;5;Mulheres;1143;15 a 19 anos;9737
Indicador  3.9.2;1736;0.0;22;Piauí;9737;2021;5;Mulheres;1144;20 a 24 anos;9737
Indicador  3.9.2;1736;0.7;22;Piauí;9737;2021;5;Mulheres;1145;25 a 29 anos;9737
Indicador  3.9.2;1736;1.5;22;Piauí;9737;2021;5;Mulheres;1146;30 a 34 anos;9737
Indicador  3.9.2;1736;0.7;22;Piauí;9737;2021;5;Mulheres;1147;35 a 39 anos;9737
Indicador  3.9.2;1736;0.0;22;Piauí;9737;2021;5;Mulheres;1148;40 a 44 anos;9737
Indicador  3.9.2;1736;0.0;22;Piauí;9737;2021;5;Mulheres;1149;45 a 49 anos;9737
Indicador  3.9.2;1736;2.1;22;Piauí;9737;2021;5;Mulheres;1150;50 a 54 anos;9737
Indicador  3.9.2;1736;2.3;22;Piauí;9737;2021;5;Mulheres;1151;55 a 59 anos;9737
Indicador  3.9.2;1736;28.6;22;Piauí;9737;2021;5;Mulheres;3302;60 anos ou mais;9737
Indicador  3.9.2;1736;6.9;22;Piauí;9737;2022;6794;Total;95253;Total;9737
Indicador  3.9.2;1736;4.7;22;Piauí;9737;2022;6794;Total;1140;0 a 4 anos;9737
Indicador  3.9.2;1736;1.7;22;Piauí;9737;2022;6794;Total;1141;5 a 9 anos;9737
Indicador  3.9.2;1736;0.4;22;Piauí;9737;2022;6794;Total;1142;10 a 14 anos;9737
Indicador  3.9.2;1736;0.0;22;Piauí;9737;2022;6794;Total;1143;15 a 19 anos;9737
Indicador  3.9.2;1736;0.0;22;Piauí;9737;2022;6794;Total;1144;20 a 24 anos;9737
Indicador  3.9.2;1736;0.0;22;Piauí;9737;2022;6794;Total;1145;25 a 29 anos;9737
Indicador  3.9.2;1736;0.8;22;Piauí;9737;2022;6794;Total;1146;30 a 34 anos;9737
Indicador  3.9.2;1736;1.2;22;Piauí;9737;2022;6794;Total;1147;35 a 39 anos;9737
Indicador  3.9.2;1736;1.6;22;Piauí;9737;2022;6794;Total;1148;40 a 44 anos;9737
Indicador  3.9.2;1736;1.4;22;Piauí;9737;2022;6794;Total;1149;45 a 49 anos;9737
Indicador  3.9.2;1736;6.0;22;Piauí;9737;2022;6794;Total;1150;50 a 54 anos;9737
Indicador  3.9.2;1736;6.7;22;Piauí;9737;2022;6794;Total;1151;55 a 59 anos;9737
Indicador  3.9.2;1736;40.2;22;Piauí;9737;2022;6794;Total;3302;60 anos ou mais;9737
Indicador  3.9.2;1736;6.1;22;Piauí;9737;2022;4;Homens;95253;Total;9737
Indicador  3.9.2;1736;5.8;22;Piauí;9737;2022;4;Homens;1140;0 a 4 anos;9737
Indicador  3.9.2;1736;0.0;22;Piauí;9737;2022;4;Homens;1141;5 a 9 anos;9737
Indicador  3.9.2;1736;0.8;22;Piauí;9737;2022;4;Homens;1142;10 a 14 anos;9737
Indicador  3.9.2;1736;0.0;22;Piauí;9737;2022;4;Homens;1143;15 a 19 anos;9737
Indicador  3.9.2;1736;0.0;22;Piauí;9737;2022;4;Homens;1144;20 a 24 anos;9737
Indicador  3.9.2;1736;0.0;22;Piauí;9737;2022;4;Homens;1145;25 a 29 anos;9737
Indicador  3.9.2;1736;0.8;22;Piauí;9737;2022;4;Homens;1146;30 a 34 anos;9737
Indicador  3.9.2;1736;0.0;22;Piauí;9737;2022;4;Homens;1147;35 a 39 anos;9737
Indicador  3.9.2;1736;3.5;22;Piauí;9737;2022;4;Homens;1148;40 a 44 anos;9737
Indicador  3.9.2;1736;1.0;22;Piauí;9737;2022;4;Homens;1149;45 a 49 anos;9737
Indicador  3.9.2;1736;8.1;22;Piauí;9737;2022;4;Homens;1150;50 a 54 anos;9737
Indicador  3.9.2;1736;6.6;22;Piauí;9737;2022;4;Homens;1151;55 a 59 anos;9737
Indicador  3.9.2;1736;36.9;22;Piauí;9737;2022;4;Homens;3302;60 anos ou mais;9737
Indicador  3.9.2;1736;7.7;22;Piauí;9737;2022;5;Mulheres;95253;Total;9737
Indicador  3.9.2;1736;3.5;22;Piauí;9737;2022;5;Mulheres;1140;0 a 4 anos;9737
Indicador  3.9.2;1736;3.5;22;Piauí;9737;2022;5;Mulheres;1141;5 a 9 anos;9737
Indicador  3.9.2;1736;0.0;22;Piauí;9737;2022;5;Mulheres;1142;10 a 14 anos;9737
Indicador  3.9.2;1736;0.0;22;Piauí;9737;2022;5;Mulheres;1143;15 a 19 anos;9737
Indicador  3.9.2;1736;0.0;22;Piauí;9737;2022;5;Mulheres;1144;20 a 24 anos;9737
Indicador  3.9.2;1736;0.0;22;Piauí;9737;2022;5;Mulheres;1145;25 a 29 anos;9737
Indicador  3.9.2;1736;0.7;22;Piauí;9737;2022;5;Mulheres;1146;30 a 34 anos;9737
Indicador  3.9.2;1736;2.2;22;Piauí;9737;2022;5;Mulheres;1147;35 a 39 anos;9737
Indicador  3.9.2;1736;0.0;22;Piauí;9737;2022;5;Mulheres;1148;40 a 44 anos;9737
Indicador  3.9.2;1736;1.8;22;Piauí;9737;2022;5;Mulheres;1149;45 a 49 anos;9737
Indicador  3.9.2;1736;4.1;22;Piauí;9737;2022;5;Mulheres;1150;50 a 54 anos;9737
Indicador  3.9.2;1736;6.8;22;Piauí;9737;2022;5;Mulheres;1151;55 a 59 anos;9737
Indicador  3.9.2;1736;42.8;22;Piauí;9737;2022;5;Mulheres;3302;60 anos ou mais;9737
Indicador  3.9.2;1736;5.8;23;Ceará;9737;2018;6794;Total;95253;Total;9737
Indicador  3.9.2;1736;3.8;23;Ceará;9737;2018;6794;Total;1140;0 a 4 anos;9737
Indicador  3.9.2;1736;0.2;23;Ceará;9737;2018;6794;Total;1141;5 a 9 anos;9737
Indicador  3.9.2;1736;0.6;23;Ceará;9737;2018;6794;Total;1142;10 a 14 anos;9737
Indicador  3.9.2;1736;0.3;23;Ceará;9737;2018;6794;Total;1143;15 a 19 anos;9737
Indicador  3.9.2;1736;0.1;23;Ceará;9737;2018;6794;Total;1144;20 a 24 anos;9737
Indicador  3.9.2;1736;0.7;23;Ceará;9737;2018;6794;Total;1145;25 a 29 anos;9737
Indicador  3.9.2;1736;0.6;23;Ceará;9737;2018;6794;Total;1146;30 a 34 anos;9737
Indicador  3.9.2;1736;0.7;23;Ceará;9737;2018;6794;Total;1147;35 a 39 anos;9737
Indicador  3.9.2;1736;2.0;23;Ceará;9737;2018;6794;Total;1148;40 a 44 anos;9737
Indicador  3.9.2;1736;1.5;23;Ceará;9737;2018;6794;Total;1149;45 a 49 anos;9737
Indicador  3.9.2;1736;2.0;23;Ceará;9737;2018;6794;Total;1150;50 a 54 anos;9737
Indicador  3.9.2;1736;2.6;23;Ceará;9737;2018;6794;Total;1151;55 a 59 anos;9737
Indicador  3.9.2;1736;39.4;23;Ceará;9737;2018;6794;Total;3302;60 anos ou mais;9737
Indicador  3.9.2;1736;5.2;23;Ceará;9737;2018;4;Homens;95253;Total;9737
Indicador  3.9.2;1736;4.5;23;Ceará;9737;2018;4;Homens;1140;0 a 4 anos;9737
Indicador  3.9.2;1736;0.0;23;Ceará;9737;2018;4;Homens;1141;5 a 9 anos;9737
Indicador  3.9.2;1736;0.6;23;Ceará;9737;2018;4;Homens;1142;10 a 14 anos;9737
Indicador  3.9.2;1736;0.3;23;Ceará;9737;2018;4;Homens;1143;15 a 19 anos;9737
Indicador  3.9.2;1736;0.0;23;Ceará;9737;2018;4;Homens;1144;20 a 24 anos;9737
Indicador  3.9.2;1736;0.8;23;Ceará;9737;2018;4;Homens;1145;25 a 29 anos;9737
Indicador  3.9.2;1736;0.8;23;Ceará;9737;2018;4;Homens;1146;30 a 34 anos;9737
Indicador  3.9.2;1736;0.9;23;Ceará;9737;2018;4;Homens;1147;35 a 39 anos;9737
Indicador  3.9.2;1736;3.1;23;Ceará;9737;2018;4;Homens;1148;40 a 44 anos;9737
Indicador  3.9.2;1736;2.3;23;Ceará;9737;2018;4;Homens;1149;45 a 49 anos;9737
Indicador  3.9.2;1736;2.9;23;Ceará;9737;2018;4;Homens;1150;50 a 54 anos;9737
Indicador  3.9.2;1736;3.1;23;Ceará;9737;2018;4;Homens;1151;55 a 59 anos;9737
Indicador  3.9.2;1736;35.9;23;Ceará;9737;2018;4;Homens;3302;60 anos ou mais;9737
Indicador  3.9.2;1736;6.4;23;Ceará;9737;2018;5;Mulheres;95253;Total;9737
Indicador  3.9.2;1736;3.1;23;Ceará;9737;2018;5;Mulheres;1140;0 a 4 anos;9737
Indicador  3.9.2;1736;0.3;23;Ceará;9737;2018;5;Mulheres;1141;5 a 9 anos;9737
Indicador  3.9.2;1736;0.6;23;Ceará;9737;2018;5;Mulheres;1142;10 a 14 anos;9737
Indicador  3.9.2;1736;0.3;23;Ceará;9737;2018;5;Mulheres;1143;15 a 19 anos;9737
Indicador  3.9.2;1736;0.2;23;Ceará;9737;2018;5;Mulheres;1144;20 a 24 anos;9737
Indicador  3.9.2;1736;0.7;23;Ceará;9737;2018;5;Mulheres;1145;25 a 29 anos;9737
Indicador  3.9.2;1736;0.5;23;Ceará;9737;2018;5;Mulheres;1146;30 a 34 anos;9737
Indicador  3.9.2;1736;0.6;23;Ceará;9737;2018;5;Mulheres;1147;35 a 39 anos;9737
Indicador  3.9.2;1736;0.9;23;Ceará;9737;2018;5;Mulheres;1148;40 a 44 anos;9737
Indicador  3.9.2;1736;0.7;23;Ceará;9737;2018;5;Mulheres;1149;45 a 49 anos;9737
Indicador  3.9.2;1736;1.1;23;Ceará;9737;2018;5;Mulheres;1150;50 a 54 anos;9737
Indicador  3.9.2;1736;2.2;23;Ceará;9737;2018;5;Mulheres;1151;55 a 59 anos;9737
Indicador  3.9.2;1736;42.1;23;Ceará;9737;2018;5;Mulheres;3302;60 anos ou mais;9737
Indicador  3.9.2;1736;5.7;23;Ceará;9737;2019;6794;Total;95253;Total;9737
Indicador  3.9.2;1736;5.0;23;Ceará;9737;2019;6794;Total;1140;0 a 4 anos;9737
Indicador  3.9.2;1736;1.2;23;Ceará;9737;2019;6794;Total;1141;5 a 9 anos;9737
Indicador  3.9.2;1736;0.6;23;Ceará;9737;2019;6794;Total;1142;10 a 14 anos;9737
Indicador  3.9.2;1736;0.4;23;Ceará;9737;2019;6794;Total;1143;15 a 19 anos;9737
Indicador  3.9.2;1736;0.6;23;Ceará;9737;2019;6794;Total;1144;20 a 24 anos;9737
Indicador  3.9.2;1736;0.1;23;Ceará;9737;2019;6794;Total;1145;25 a 29 anos;9737
Indicador  3.9.2;1736;0.5;23;Ceará;9737;2019;6794;Total;1146;30 a 34 anos;9737
Indicador  3.9.2;1736;1.0;23;Ceará;9737;2019;6794;Total;1147;35 a 39 anos;9737
Indicador  3.9.2;1736;1.9;23;Ceará;9737;2019;6794;Total;1148;40 a 44 anos;9737
Indicador  3.9.2;1736;2.2;23;Ceará;9737;2019;6794;Total;1149;45 a 49 anos;9737
Indicador  3.9.2;1736;3.5;23;Ceará;9737;2019;6794;Total;1150;50 a 54 anos;9737
Indicador  3.9.2;1736;4.6;23;Ceará;9737;2019;6794;Total;1151;55 a 59 anos;9737
Indicador  3.9.2;1736;34.2;23;Ceará;9737;2019;6794;Total;3302;60 anos ou mais;9737
Indicador  3.9.2;1736;5.1;23;Ceará;9737;2019;4;Homens;95253;Total;9737
Indicador  3.9.2;1736;6.2;23;Ceará;9737;2019;4;Homens;1140;0 a 4 anos;9737
Indicador  3.9.2;1736;0.6;23;Ceará;9737;2019;4;Homens;1141;5 a 9 anos;9737
Indicador  3.9.2;1736;0.9;23;Ceará;9737;2019;4;Homens;1142;10 a 14 anos;9737
Indicador  3.9.2;1736;0.3;23;Ceará;9737;2019;4;Homens;1143;15 a 19 anos;9737
Indicador  3.9.2;1736;0.5;23;Ceará;9737;2019;4;Homens;1144;20 a 24 anos;9737
Indicador  3.9.2;1736;0.3;23;Ceará;9737;2019;4;Homens;1145;25 a 29 anos;9737
Indicador  3.9.2;1736;0.8;23;Ceará;9737;2019;4;Homens;1146;30 a 34 anos;9737
Indicador  3.9.2;1736;0.9;23;Ceará;9737;2019;4;Homens;1147;35 a 39 anos;9737
Indicador  3.9.2;1736;2.0;23;Ceará;9737;2019;4;Homens;1148;40 a 44 anos;9737
Indicador  3.9.2;1736;3.5;23;Ceará;9737;2019;4;Homens;1149;45 a 49 anos;9737
Indicador  3.9.2;1736;5.0;23;Ceará;9737;2019;4;Homens;1150;50 a 54 anos;9737
Indicador  3.9.2;1736;7.4;23;Ceará;9737;2019;4;Homens;1151;55 a 59 anos;9737
Indicador  3.9.2;1736;30.0;23;Ceará;9737;2019;4;Homens;3302;60 anos ou mais;9737
Indicador  3.9.2;1736;6.2;23;Ceará;9737;2019;5;Mulheres;95253;Total;9737
Indicador  3.9.2;1736;3.7;23;Ceará;9737;2019;5;Mulheres;1140;0 a 4 anos;9737
Indicador  3.9.2;1736;1.9;23;Ceará;9737;2019;5;Mulheres;1141;5 a 9 anos;9737
Indicador  3.9.2;1736;0.3;23;Ceará;9737;2019;5;Mulheres;1142;10 a 14 anos;9737
Indicador  3.9.2;1736;0.5;23;Ceará;9737;2019;5;Mulheres;1143;15 a 19 anos;9737
Indicador  3.9.2;1736;0.7;23;Ceará;9737;2019;5;Mulheres;1144;20 a 24 anos;9737
Indicador  3.9.2;1736;0.0;23;Ceará;9737;2019;5;Mulheres;1145;25 a 29 anos;9737
Indicador  3.9.2;1736;0.2;23;Ceará;9737;2019;5;Mulheres;1146;30 a 34 anos;9737
Indicador  3.9.2;1736;1.1;23;Ceará;9737;2019;5;Mulheres;1147;35 a 39 anos;9737
Indicador  3.9.2;1736;1.8;23;Ceará;9737;2019;5;Mulheres;1148;40 a 44 anos;9737
Indicador  3.9.2;1736;1.0;23;Ceará;9737;2019;5;Mulheres;1149;45 a 49 anos;9737
Indicador  3.9.2;1736;2.2;23;Ceará;9737;2019;5;Mulheres;1150;50 a 54 anos;9737
Indicador  3.9.2;1736;2.1;23;Ceará;9737;2019;5;Mulheres;1151;55 a 59 anos;9737
Indicador  3.9.2;1736;37.5;23;Ceará;9737;2019;5;Mulheres;3302;60 anos ou mais;9737
Indicador  3.9.2;1736;4.9;23;Ceará;9737;2020;6794;Total;95253;Total;9737
Indicador  3.9.2;1736;4.0;23;Ceará;9737;2020;6794;Total;1140;0 a 4 anos;9737
Indicador  3.9.2;1736;0.3;23;Ceará;9737;2020;6794;Total;1141;5 a 9 anos;9737
Indicador  3.9.2;1736;0.1;23;Ceará;9737;2020;6794;Total;1142;10 a 14 anos;9737
Indicador  3.9.2;1736;0.8;23;Ceará;9737;2020;6794;Total;1143;15 a 19 anos;9737
Indicador  3.9.2;1736;0.1;23;Ceará;9737;2020;6794;Total;1144;20 a 24 anos;9737
Indicador  3.9.2;1736;0.1;23;Ceará;9737;2020;6794;Total;1145;25 a 29 anos;9737
Indicador  3.9.2;1736;1.0;23;Ceará;9737;2020;6794;Total;1146;30 a 34 anos;9737
Indicador  3.9.2;1736;0.7;23;Ceará;9737;2020;6794;Total;1147;35 a 39 anos;9737
Indicador  3.9.2;1736;1.7;23;Ceará;9737;2020;6794;Total;1148;40 a 44 anos;9737
Indicador  3.9.2;1736;1.1;23;Ceará;9737;2020;6794;Total;1149;45 a 49 anos;9737
Indicador  3.9.2;1736;2.1;23;Ceará;9737;2020;6794;Total;1150;50 a 54 anos;9737
Indicador  3.9.2;1736;2.7;23;Ceará;9737;2020;6794;Total;1151;55 a 59 anos;9737
Indicador  3.9.2;1736;30.8;23;Ceará;9737;2020;6794;Total;3302;60 anos ou mais;9737
Indicador  3.9.2;1736;4.7;23;Ceará;9737;2020;4;Homens;95253;Total;9737
Indicador  3.9.2;1736;3.0;23;Ceará;9737;2020;4;Homens;1140;0 a 4 anos;9737
Indicador  3.9.2;1736;0.3;23;Ceará;9737;2020;4;Homens;1141;5 a 9 anos;9737
Indicador  3.9.2;1736;0.3;23;Ceará;9737;2020;4;Homens;1142;10 a 14 anos;9737
Indicador  3.9.2;1736;0.3;23;Ceará;9737;2020;4;Homens;1143;15 a 19 anos;9737
Indicador  3.9.2;1736;0.0;23;Ceará;9737;2020;4;Homens;1144;20 a 24 anos;9737
Indicador  3.9.2;1736;0.3;23;Ceará;9737;2020;4;Homens;1145;25 a 29 anos;9737
Indicador  3.9.2;1736;0.8;23;Ceará;9737;2020;4;Homens;1146;30 a 34 anos;9737
Indicador  3.9.2;1736;0.9;23;Ceará;9737;2020;4;Homens;1147;35 a 39 anos;9737
Indicador  3.9.2;1736;2.0;23;Ceará;9737;2020;4;Homens;1148;40 a 44 anos;9737
Indicador  3.9.2;1736;1.1;23;Ceará;9737;2020;4;Homens;1149;45 a 49 anos;9737
Indicador  3.9.2;1736;1.6;23;Ceará;9737;2020;4;Homens;1150;50 a 54 anos;9737
Indicador  3.9.2;1736;2.4;23;Ceará;9737;2020;4;Homens;1151;55 a 59 anos;9737
Indicador  3.9.2;1736;33.2;23;Ceará;9737;2020;4;Homens;3302;60 anos ou mais;9737
Indicador  3.9.2;1736;5.2;23;Ceará;9737;2020;5;Mulheres;95253;Total;9737
Indicador  3.9.2;1736;5.0;23;Ceará;9737;2020;5;Mulheres;1140;0 a 4 anos;9737
Indicador  3.9.2;1736;0.3;23;Ceará;9737;2020;5;Mulheres;1141;5 a 9 anos;9737
Indicador  3.9.2;1736;0.0;23;Ceará;9737;2020;5;Mulheres;1142;10 a 14 anos;9737
Indicador  3.9.2;1736;1.4;23;Ceará;9737;2020;5;Mulheres;1143;15 a 19 anos;9737
Indicador  3.9.2;1736;0.2;23;Ceará;9737;2020;5;Mulheres;1144;20 a 24 anos;9737
Indicador  3.9.2;1736;0.0;23;Ceará;9737;2020;5;Mulheres;1145;25 a 29 anos;9737
Indicador  3.9.2;1736;1.2;23;Ceará;9737;2020;5;Mulheres;1146;30 a 34 anos;9737
Indicador  3.9.2;1736;0.5;23;Ceará;9737;2020;5;Mulheres;1147;35 a 39 anos;9737
Indicador  3.9.2;1736;1.5;23;Ceará;9737;2020;5;Mulheres;1148;40 a 44 anos;9737
Indicador  3.9.2;1736;1.0;23;Ceará;9737;2020;5;Mulheres;1149;45 a 49 anos;9737
Indicador  3.9.2;1736;2.5;23;Ceará;9737;2020;5;Mulheres;1150;50 a 54 anos;9737
Indicador  3.9.2;1736;2.9;23;Ceará;9737;2020;5;Mulheres;1151;55 a 59 anos;9737
Indicador  3.9.2;1736;28.9;23;Ceará;9737;2020;5;Mulheres;3302;60 anos ou mais;9737
Indicador  3.9.2;1736;5.1;23;Ceará;9737;2021;6794;Total;95253;Total;9737
Indicador  3.9.2;1736;3.5;23;Ceará;9737;2021;6794;Total;1140;0 a 4 anos;9737
Indicador  3.9.2;1736;0.2;23;Ceará;9737;2021;6794;Total;1141;5 a 9 anos;9737
Indicador  3.9.2;1736;0.5;23;Ceará;9737;2021;6794;Total;1142;10 a 14 anos;9737
Indicador  3.9.2;1736;0.4;23;Ceará;9737;2021;6794;Total;1143;15 a 19 anos;9737
Indicador  3.9.2;1736;0.6;23;Ceará;9737;2021;6794;Total;1144;20 a 24 anos;9737
Indicador  3.9.2;1736;0.2;23;Ceará;9737;2021;6794;Total;1145;25 a 29 anos;9737
Indicador  3.9.2;1736;0.3;23;Ceará;9737;2021;6794;Total;1146;30 a 34 anos;9737
Indicador  3.9.2;1736;1.1;23;Ceará;9737;2021;6794;Total;1147;35 a 39 anos;9737
Indicador  3.9.2;1736;1.2;23;Ceará;9737;2021;6794;Total;1148;40 a 44 anos;9737
Indicador  3.9.2;1736;1.8;23;Ceará;9737;2021;6794;Total;1149;45 a 49 anos;9737
Indicador  3.9.2;1736;1.7;23;Ceará;9737;2021;6794;Total;1150;50 a 54 anos;9737
Indicador  3.9.2;1736;3.7;23;Ceará;9737;2021;6794;Total;1151;55 a 59 anos;9737
Indicador  3.9.2;1736;31.3;23;Ceará;9737;2021;6794;Total;3302;60 anos ou mais;9737
Indicador  3.9.2;1736;4.5;23;Ceará;9737;2021;4;Homens;95253;Total;9737
Indicador  3.9.2;1736;3.0;23;Ceará;9737;2021;4;Homens;1140;0 a 4 anos;9737
Indicador  3.9.2;1736;0.3;23;Ceará;9737;2021;4;Homens;1141;5 a 9 anos;9737
Indicador  3.9.2;1736;0.6;23;Ceará;9737;2021;4;Homens;1142;10 a 14 anos;9737
Indicador  3.9.2;1736;0.3;23;Ceará;9737;2021;4;Homens;1143;15 a 19 anos;9737
Indicador  3.9.2;1736;0.2;23;Ceará;9737;2021;4;Homens;1144;20 a 24 anos;9737
Indicador  3.9.2;1736;0.3;23;Ceará;9737;2021;4;Homens;1145;25 a 29 anos;9737
Indicador  3.9.2;1736;0.3;23;Ceará;9737;2021;4;Homens;1146;30 a 34 anos;9737
Indicador  3.9.2;1736;1.7;23;Ceará;9737;2021;4;Homens;1147;35 a 39 anos;9737
Indicador  3.9.2;1736;2.2;23;Ceará;9737;2021;4;Homens;1148;40 a 44 anos;9737
Indicador  3.9.2;1736;1.9;23;Ceará;9737;2021;4;Homens;1149;45 a 49 anos;9737
Indicador  3.9.2;1736;2.0;23;Ceará;9737;2021;4;Homens;1150;50 a 54 anos;9737
Indicador  3.9.2;1736;5.5;23;Ceará;9737;2021;4;Homens;1151;55 a 59 anos;9737
Indicador  3.9.2;1736;27.7;23;Ceará;9737;2021;4;Homens;3302;60 anos ou mais;9737
Indicador  3.9.2;1736;5.8;23;Ceará;9737;2021;5;Mulheres;95253;Total;9737
Indicador  3.9.2;1736;4.1;23;Ceará;9737;2021;5;Mulheres;1140;0 a 4 anos;9737
Indicador  3.9.2;1736;0.0;23;Ceará;9737;2021;5;Mulheres;1141;5 a 9 anos;9737
Indicador  3.9.2;1736;0.3;23;Ceará;9737;2021;5;Mulheres;1142;10 a 14 anos;9737
Indicador  3.9.2;1736;0.6;23;Ceará;9737;2021;5;Mulheres;1143;15 a 19 anos;9737
Indicador  3.9.2;1736;1.0;23;Ceará;9737;2021;5;Mulheres;1144;20 a 24 anos;9737
Indicador  3.9.2;1736;0.2;23;Ceará;9737;2021;5;Mulheres;1145;25 a 29 anos;9737
Indicador  3.9.2;1736;0.2;23;Ceará;9737;2021;5;Mulheres;1146;30 a 34 anos;9737
Indicador  3.9.2;1736;0.5;23;Ceará;9737;2021;5;Mulheres;1147;35 a 39 anos;9737
Indicador  3.9.2;1736;0.3;23;Ceará;9737;2021;5;Mulheres;1148;40 a 44 anos;9737
Indicador  3.9.2;1736;1.7;23;Ceará;9737;2021;5;Mulheres;1149;45 a 49 anos;9737
Indicador  3.9.2;1736;1.4;23;Ceará;9737;2021;5;Mulheres;1150;50 a 54 anos;9737
Indicador  3.9.2;1736;2.0;23;Ceará;9737;2021;5;Mulheres;1151;55 a 59 anos;9737
Indicador  3.9.2;1736;34.0;23;Ceará;9737;2021;5;Mulheres;3302;60 anos ou mais;9737
Indicador  3.9.2;1736;4.8;23;Ceará;9737;2022;6794;Total;95253;Total;9737
Indicador  3.9.2;1736;4.1;23;Ceará;9737;2022;6794;Total;1140;0 a 4 anos;9737
Indicador  3.9.2;1736;0.6;23;Ceará;9737;2022;6794;Total;1141;5 a 9 anos;9737
Indicador  3.9.2;1736;0.3;23;Ceará;9737;2022;6794;Total;1142;10 a 14 anos;9737
Indicador  3.9.2;1736;0.1;23;Ceará;9737;2022;6794;Total;1143;15 a 19 anos;9737
Indicador  3.9.2;1736;0.4;23;Ceará;9737;2022;6794;Total;1144;20 a 24 anos;9737
Indicador  3.9.2;1736;0.1;23;Ceará;9737;2022;6794;Total;1145;25 a 29 anos;9737
Indicador  3.9.2;1736;0.9;23;Ceará;9737;2022;6794;Total;1146;30 a 34 anos;9737
Indicador  3.9.2;1736;0.5;23;Ceará;9737;2022;6794;Total;1147;35 a 39 anos;9737
Indicador  3.9.2;1736;0.4;23;Ceará;9737;2022;6794;Total;1148;40 a 44 anos;9737
Indicador  3.9.2;1736;1.5;23;Ceará;9737;2022;6794;Total;1149;45 a 49 anos;9737
Indicador  3.9.2;1736;1.3;23;Ceará;9737;2022;6794;Total;1150;50 a 54 anos;9737
Indicador  3.9.2;1736;2.1;23;Ceará;9737;2022;6794;Total;1151;55 a 59 anos;9737
Indicador  3.9.2;1736;28.9;23;Ceará;9737;2022;6794;Total;3302;60 anos ou mais;9737
Indicador  3.9.2;1736;4.4;23;Ceará;9737;2022;4;Homens;95253;Total;9737
Indicador  3.9.2;1736;3.9;23;Ceará;9737;2022;4;Homens;1140;0 a 4 anos;9737
Indicador  3.9.2;1736;1.2;23;Ceará;9737;2022;4;Homens;1141;5 a 9 anos;9737
Indicador  3.9.2;1736;0.3;23;Ceará;9737;2022;4;Homens;1142;10 a 14 anos;9737
Indicador  3.9.2;1736;0.3;23;Ceará;9737;2022;4;Homens;1143;15 a 19 anos;9737
Indicador  3.9.2;1736;0.0;23;Ceará;9737;2022;4;Homens;1144;20 a 24 anos;9737
Indicador  3.9.2;1736;0.0;23;Ceará;9737;2022;4;Homens;1145;25 a 29 anos;9737
Indicador  3.9.2;1736;0.8;23;Ceará;9737;2022;4;Homens;1146;30 a 34 anos;9737
Indicador  3.9.2;1736;0.8;23;Ceará;9737;2022;4;Homens;1147;35 a 39 anos;9737
Indicador  3.9.2;1736;0.6;23;Ceará;9737;2022;4;Homens;1148;40 a 44 anos;9737
Indicador  3.9.2;1736;2.2;23;Ceará;9737;2022;4;Homens;1149;45 a 49 anos;9737
Indicador  3.9.2;1736;1.2;23;Ceará;9737;2022;4;Homens;1150;50 a 54 anos;9737
Indicador  3.9.2;1736;2.3;23;Ceará;9737;2022;4;Homens;1151;55 a 59 anos;9737
Indicador  3.9.2;1736;28.3;23;Ceará;9737;2022;4;Homens;3302;60 anos ou mais;9737
Indicador  3.9.2;1736;5.2;23;Ceará;9737;2022;5;Mulheres;95253;Total;9737
Indicador  3.9.2;1736;4.4;23;Ceará;9737;2022;5;Mulheres;1140;0 a 4 anos;9737
Indicador  3.9.2;1736;0.0;23;Ceará;9737;2022;5;Mulheres;1141;5 a 9 anos;9737
Indicador  3.9.2;1736;0.3;23;Ceará;9737;2022;5;Mulheres;1142;10 a 14 anos;9737
Indicador  3.9.2;1736;0.0;23;Ceará;9737;2022;5;Mulheres;1143;15 a 19 anos;9737
Indicador  3.9.2;1736;0.8;23;Ceará;9737;2022;5;Mulheres;1144;20 a 24 anos;9737
Indicador  3.9.2;1736;0.2;23;Ceará;9737;2022;5;Mulheres;1145;25 a 29 anos;9737
Indicador  3.9.2;1736;1.0;23;Ceará;9737;2022;5;Mulheres;1146;30 a 34 anos;9737
Indicador  3.9.2;1736;0.3;23;Ceará;9737;2022;5;Mulheres;1147;35 a 39 anos;9737
Indicador  3.9.2;1736;0.3;23;Ceará;9737;2022;5;Mulheres;1148;40 a 44 anos;9737
Indicador  3.9.2;1736;1.0;23;Ceará;9737;2022;5;Mulheres;1149;45 a 49 anos;9737
Indicador  3.9.2;1736;1.4;23;Ceará;9737;2022;5;Mulheres;1150;50 a 54 anos;9737
Indicador  3.9.2;1736;2.0;23;Ceará;9737;2022;5;Mulheres;1151;55 a 59 anos;9737
Indicador  3.9.2;1736;29.4;23;Ceará;9737;2022;5;Mulheres;3302;60 anos ou mais;9737
Indicador  3.9.2;1736;6.8;24;Rio Grande do Norte;9737;2018;6794;Total;95253;Total;9737
Indicador  3.9.2;1736;4.2;24;Rio Grande do Norte;9737;2018;6794;Total;1140;0 a 4 anos;9737
Indicador  3.9.2;1736;0.4;24;Rio Grande do Norte;9737;2018;6794;Total;1141;5 a 9 anos;9737
Indicador  3.9.2;1736;0.0;24;Rio Grande do Norte;9737;2018;6794;Total;1142;10 a 14 anos;9737
Indicador  3.9.2;1736;0.4;24;Rio Grande do Norte;9737;2018;6794;Total;1143;15 a 19 anos;9737
Indicador  3.9.2;1736;1.0;24;Rio Grande do Norte;9737;2018;6794;Total;1144;20 a 24 anos;9737
Indicador  3.9.2;1736;0.3;24;Rio Grande do Norte;9737;2018;6794;Total;1145;25 a 29 anos;9737
Indicador  3.9.2;1736;0.0;24;Rio Grande do Norte;9737;2018;6794;Total;1146;30 a 34 anos;9737
Indicador  3.9.2;1736;1.1;24;Rio Grande do Norte;9737;2018;6794;Total;1147;35 a 39 anos;9737
Indicador  3.9.2;1736;2.5;24;Rio Grande do Norte;9737;2018;6794;Total;1148;40 a 44 anos;9737
Indicador  3.9.2;1736;2.7;24;Rio Grande do Norte;9737;2018;6794;Total;1149;45 a 49 anos;9737
Indicador  3.9.2;1736;2.9;24;Rio Grande do Norte;9737;2018;6794;Total;1150;50 a 54 anos;9737
Indicador  3.9.2;1736;5.9;24;Rio Grande do Norte;9737;2018;6794;Total;1151;55 a 59 anos;9737
Indicador  3.9.2;1736;43.9;24;Rio Grande do Norte;9737;2018;6794;Total;3302;60 anos ou mais;9737
Indicador  3.9.2;1736;6.7;24;Rio Grande do Norte;9737;2018;4;Homens;95253;Total;9737
Indicador  3.9.2;1736;6.5;24;Rio Grande do Norte;9737;2018;4;Homens;1140;0 a 4 anos;9737
Indicador  3.9.2;1736;0.0;24;Rio Grande do Norte;9737;2018;4;Homens;1141;5 a 9 anos;9737
Indicador  3.9.2;1736;0.0;24;Rio Grande do Norte;9737;2018;4;Homens;1142;10 a 14 anos;9737
Indicador  3.9.2;1736;0.0;24;Rio Grande do Norte;9737;2018;4;Homens;1143;15 a 19 anos;9737
Indicador  3.9.2;1736;0.7;24;Rio Grande do Norte;9737;2018;4;Homens;1144;20 a 24 anos;9737
Indicador  3.9.2;1736;0.7;24;Rio Grande do Norte;9737;2018;4;Homens;1145;25 a 29 anos;9737
Indicador  3.9.2;1736;0.0;24;Rio Grande do Norte;9737;2018;4;Homens;1146;30 a 34 anos;9737
Indicador  3.9.2;1736;1.5;24;Rio Grande do Norte;9737;2018;4;Homens;1147;35 a 39 anos;9737
Indicador  3.9.2;1736;4.3;24;Rio Grande do Norte;9737;2018;4;Homens;1148;40 a 44 anos;9737
Indicador  3.9.2;1736;4.8;24;Rio Grande do Norte;9737;2018;4;Homens;1149;45 a 49 anos;9737
Indicador  3.9.2;1736;3.1;24;Rio Grande do Norte;9737;2018;4;Homens;1150;50 a 54 anos;9737
Indicador  3.9.2;1736;7.6;24;Rio Grande do Norte;9737;2018;4;Homens;1151;55 a 59 anos;9737
Indicador  3.9.2;1736;44.8;24;Rio Grande do Norte;9737;2018;4;Homens;3302;60 anos ou mais;9737
Indicador  3.9.2;1736;6.8;24;Rio Grande do Norte;9737;2018;5;Mulheres;95253;Total;9737
Indicador  3.9.2;1736;1.7;24;Rio Grande do Norte;9737;2018;5;Mulheres;1140;0 a 4 anos;9737
Indicador  3.9.2;1736;0.8;24;Rio Grande do Norte;9737;2018;5;Mulheres;1141;5 a 9 anos;9737
Indicador  3.9.2;1736;0.0;24;Rio Grande do Norte;9737;2018;5;Mulheres;1142;10 a 14 anos;9737
Indicador  3.9.2;1736;0.7;24;Rio Grande do Norte;9737;2018;5;Mulheres;1143;15 a 19 anos;9737
Indicador  3.9.2;1736;1.4;24;Rio Grande do Norte;9737;2018;5;Mulheres;1144;20 a 24 anos;9737
Indicador  3.9.2;1736;0.0;24;Rio Grande do Norte;9737;2018;5;Mulheres;1145;25 a 29 anos;9737
Indicador  3.9.2;1736;0.0;24;Rio Grande do Norte;9737;2018;5;Mulheres;1146;30 a 34 anos;9737
Indicador  3.9.2;1736;0.7;24;Rio Grande do Norte;9737;2018;5;Mulheres;1147;35 a 39 anos;9737
Indicador  3.9.2;1736;0.8;24;Rio Grande do Norte;9737;2018;5;Mulheres;1148;40 a 44 anos;9737
Indicador  3.9.2;1736;0.9;24;Rio Grande do Norte;9737;2018;5;Mulheres;1149;45 a 49 anos;9737
Indicador  3.9.2;1736;2.8;24;Rio Grande do Norte;9737;2018;5;Mulheres;1150;50 a 54 anos;9737
Indicador  3.9.2;1736;4.4;24;Rio Grande do Norte;9737;2018;5;Mulheres;1151;55 a 59 anos;9737
Indicador  3.9.2;1736;43.1;24;Rio Grande do Norte;9737;2018;5;Mulheres;3302;60 anos ou mais;9737
Indicador  3.9.2;1736;6.6;24;Rio Grande do Norte;9737;2019;6794;Total;95253;Total;9737
Indicador  3.9.2;1736;1.7;24;Rio Grande do Norte;9737;2019;6794;Total;1140;0 a 4 anos;9737
Indicador  3.9.2;1736;0.4;24;Rio Grande do Norte;9737;2019;6794;Total;1141;5 a 9 anos;9737
Indicador  3.9.2;1736;0.4;24;Rio Grande do Norte;9737;2019;6794;Total;1142;10 a 14 anos;9737
Indicador  3.9.2;1736;0.4;24;Rio Grande do Norte;9737;2019;6794;Total;1143;15 a 19 anos;9737
Indicador  3.9.2;1736;0.0;24;Rio Grande do Norte;9737;2019;6794;Total;1144;20 a 24 anos;9737
Indicador  3.9.2;1736;0.0;24;Rio Grande do Norte;9737;2019;6794;Total;1145;25 a 29 anos;9737
Indicador  3.9.2;1736;0.7;24;Rio Grande do Norte;9737;2019;6794;Total;1146;30 a 34 anos;9737
Indicador  3.9.2;1736;1.1;24;Rio Grande do Norte;9737;2019;6794;Total;1147;35 a 39 anos;9737
Indicador  3.9.2;1736;1.6;24;Rio Grande do Norte;9737;2019;6794;Total;1148;40 a 44 anos;9737
Indicador  3.9.2;1736;1.8;24;Rio Grande do Norte;9737;2019;6794;Total;1149;45 a 49 anos;9737
Indicador  3.9.2;1736;2.9;24;Rio Grande do Norte;9737;2019;6794;Total;1150;50 a 54 anos;9737
Indicador  3.9.2;1736;2.8;24;Rio Grande do Norte;9737;2019;6794;Total;1151;55 a 59 anos;9737
Indicador  3.9.2;1736;45.3;24;Rio Grande do Norte;9737;2019;6794;Total;3302;60 anos ou mais;9737
Indicador  3.9.2;1736;6.6;24;Rio Grande do Norte;9737;2019;4;Homens;95253;Total;9737
Indicador  3.9.2;1736;1.6;24;Rio Grande do Norte;9737;2019;4;Homens;1140;0 a 4 anos;9737
Indicador  3.9.2;1736;0.8;24;Rio Grande do Norte;9737;2019;4;Homens;1141;5 a 9 anos;9737
Indicador  3.9.2;1736;0.0;24;Rio Grande do Norte;9737;2019;4;Homens;1142;10 a 14 anos;9737
Indicador  3.9.2;1736;0.7;24;Rio Grande do Norte;9737;2019;4;Homens;1143;15 a 19 anos;9737
Indicador  3.9.2;1736;0.0;24;Rio Grande do Norte;9737;2019;4;Homens;1144;20 a 24 anos;9737
Indicador  3.9.2;1736;0.0;24;Rio Grande do Norte;9737;2019;4;Homens;1145;25 a 29 anos;9737
Indicador  3.9.2;1736;0.7;24;Rio Grande do Norte;9737;2019;4;Homens;1146;30 a 34 anos;9737
Indicador  3.9.2;1736;1.4;24;Rio Grande do Norte;9737;2019;4;Homens;1147;35 a 39 anos;9737
Indicador  3.9.2;1736;1.7;24;Rio Grande do Norte;9737;2019;4;Homens;1148;40 a 44 anos;9737
Indicador  3.9.2;1736;1.9;24;Rio Grande do Norte;9737;2019;4;Homens;1149;45 a 49 anos;9737
Indicador  3.9.2;1736;5.0;24;Rio Grande do Norte;9737;2019;4;Homens;1150;50 a 54 anos;9737
Indicador  3.9.2;1736;3.6;24;Rio Grande do Norte;9737;2019;4;Homens;1151;55 a 59 anos;9737
Indicador  3.9.2;1736;48.6;24;Rio Grande do Norte;9737;2019;4;Homens;3302;60 anos ou mais;9737
Indicador  3.9.2;1736;6.7;24;Rio Grande do Norte;9737;2019;5;Mulheres;95253;Total;9737
Indicador  3.9.2;1736;1.7;24;Rio Grande do Norte;9737;2019;5;Mulheres;1140;0 a 4 anos;9737
Indicador  3.9.2;1736;0.0;24;Rio Grande do Norte;9737;2019;5;Mulheres;1141;5 a 9 anos;9737
Indicador  3.9.2;1736;0.8;24;Rio Grande do Norte;9737;2019;5;Mulheres;1142;10 a 14 anos;9737
Indicador  3.9.2;1736;0.0;24;Rio Grande do Norte;9737;2019;5;Mulheres;1143;15 a 19 anos;9737
Indicador  3.9.2;1736;0.0;24;Rio Grande do Norte;9737;2019;5;Mulheres;1144;20 a 24 anos;9737
Indicador  3.9.2;1736;0.0;24;Rio Grande do Norte;9737;2019;5;Mulheres;1145;25 a 29 anos;9737
Indicador  3.9.2;1736;0.6;24;Rio Grande do Norte;9737;2019;5;Mulheres;1146;30 a 34 anos;9737
Indicador  3.9.2;1736;0.7;24;Rio Grande do Norte;9737;2019;5;Mulheres;1147;35 a 39 anos;9737
Indicador  3.9.2;1736;1.6;24;Rio Grande do Norte;9737;2019;5;Mulheres;1148;40 a 44 anos;9737
Indicador  3.9.2;1736;1.7;24;Rio Grande do Norte;9737;2019;5;Mulheres;1149;45 a 49 anos;9737
Indicador  3.9.2;1736;0.9;24;Rio Grande do Norte;9737;2019;5;Mulheres;1150;50 a 54 anos;9737
Indicador  3.9.2;1736;2.1;24;Rio Grande do Norte;9737;2019;5;Mulheres;1151;55 a 59 anos;9737
Indicador  3.9.2;1736;42.9;24;Rio Grande do Norte;9737;2019;5;Mulheres;3302;60 anos ou mais;9737
Indicador  3.9.2;1736;6.3;24;Rio Grande do Norte;9737;2020;6794;Total;95253;Total;9737
Indicador  3.9.2;1736;1.3;24;Rio Grande do Norte;9737;2020;6794;Total;1140;0 a 4 anos;9737
Indicador  3.9.2;1736;0.8;24;Rio Grande do Norte;9737;2020;6794;Total;1141;5 a 9 anos;9737
Indicador  3.9.2;1736;0.0;24;Rio Grande do Norte;9737;2020;6794;Total;1142;10 a 14 anos;9737
Indicador  3.9.2;1736;0.0;24;Rio Grande do Norte;9737;2020;6794;Total;1143;15 a 19 anos;9737
Indicador  3.9.2;1736;0.3;24;Rio Grande do Norte;9737;2020;6794;Total;1144;20 a 24 anos;9737
Indicador  3.9.2;1736;0.7;24;Rio Grande do Norte;9737;2020;6794;Total;1145;25 a 29 anos;9737
Indicador  3.9.2;1736;1.3;24;Rio Grande do Norte;9737;2020;6794;Total;1146;30 a 34 anos;9737
Indicador  3.9.2;1736;0.3;24;Rio Grande do Norte;9737;2020;6794;Total;1147;35 a 39 anos;9737
Indicador  3.9.2;1736;1.6;24;Rio Grande do Norte;9737;2020;6794;Total;1148;40 a 44 anos;9737
Indicador  3.9.2;1736;1.3;24;Rio Grande do Norte;9737;2020;6794;Total;1149;45 a 49 anos;9737
Indicador  3.9.2;1736;1.9;24;Rio Grande do Norte;9737;2020;6794;Total;1150;50 a 54 anos;9737
Indicador  3.9.2;1736;4.3;24;Rio Grande do Norte;9737;2020;6794;Total;1151;55 a 59 anos;9737
Indicador  3.9.2;1736;41.4;24;Rio Grande do Norte;9737;2020;6794;Total;3302;60 anos ou mais;9737
Indicador  3.9.2;1736;5.7;24;Rio Grande do Norte;9737;2020;4;Homens;95253;Total;9737
Indicador  3.9.2;1736;1.6;24;Rio Grande do Norte;9737;2020;4;Homens;1140;0 a 4 anos;9737
Indicador  3.9.2;1736;0.0;24;Rio Grande do Norte;9737;2020;4;Homens;1141;5 a 9 anos;9737
Indicador  3.9.2;1736;0.0;24;Rio Grande do Norte;9737;2020;4;Homens;1142;10 a 14 anos;9737
Indicador  3.9.2;1736;0.0;24;Rio Grande do Norte;9737;2020;4;Homens;1143;15 a 19 anos;9737
Indicador  3.9.2;1736;0.0;24;Rio Grande do Norte;9737;2020;4;Homens;1144;20 a 24 anos;9737
Indicador  3.9.2;1736;0.7;24;Rio Grande do Norte;9737;2020;4;Homens;1145;25 a 29 anos;9737
Indicador  3.9.2;1736;1.3;24;Rio Grande do Norte;9737;2020;4;Homens;1146;30 a 34 anos;9737
Indicador  3.9.2;1736;0.7;24;Rio Grande do Norte;9737;2020;4;Homens;1147;35 a 39 anos;9737
Indicador  3.9.2;1736;2.4;24;Rio Grande do Norte;9737;2020;4;Homens;1148;40 a 44 anos;9737
Indicador  3.9.2;1736;1.9;24;Rio Grande do Norte;9737;2020;4;Homens;1149;45 a 49 anos;9737
Indicador  3.9.2;1736;3.0;24;Rio Grande do Norte;9737;2020;4;Homens;1150;50 a 54 anos;9737
Indicador  3.9.2;1736;5.8;24;Rio Grande do Norte;9737;2020;4;Homens;1151;55 a 59 anos;9737
Indicador  3.9.2;1736;40.4;24;Rio Grande do Norte;9737;2020;4;Homens;3302;60 anos ou mais;9737
Indicador  3.9.2;1736;6.8;24;Rio Grande do Norte;9737;2020;5;Mulheres;95253;Total;9737
Indicador  3.9.2;1736;0.9;24;Rio Grande do Norte;9737;2020;5;Mulheres;1140;0 a 4 anos;9737
Indicador  3.9.2;1736;1.7;24;Rio Grande do Norte;9737;2020;5;Mulheres;1141;5 a 9 anos;9737
Indicador  3.9.2;1736;0.0;24;Rio Grande do Norte;9737;2020;5;Mulheres;1142;10 a 14 anos;9737
Indicador  3.9.2;1736;0.0;24;Rio Grande do Norte;9737;2020;5;Mulheres;1143;15 a 19 anos;9737
Indicador  3.9.2;1736;0.7;24;Rio Grande do Norte;9737;2020;5;Mulheres;1144;20 a 24 anos;9737
Indicador  3.9.2;1736;0.7;24;Rio Grande do Norte;9737;2020;5;Mulheres;1145;25 a 29 anos;9737
Indicador  3.9.2;1736;1.3;24;Rio Grande do Norte;9737;2020;5;Mulheres;1146;30 a 34 anos;9737
Indicador  3.9.2;1736;0.0;24;Rio Grande do Norte;9737;2020;5;Mulheres;1147;35 a 39 anos;9737
Indicador  3.9.2;1736;0.8;24;Rio Grande do Norte;9737;2020;5;Mulheres;1148;40 a 44 anos;9737
Indicador  3.9.2;1736;0.9;24;Rio Grande do Norte;9737;2020;5;Mulheres;1149;45 a 49 anos;9737
Indicador  3.9.2;1736;0.9;24;Rio Grande do Norte;9737;2020;5;Mulheres;1150;50 a 54 anos;9737
Indicador  3.9.2;1736;3.1;24;Rio Grande do Norte;9737;2020;5;Mulheres;1151;55 a 59 anos;9737
Indicador  3.9.2;1736;42.1;24;Rio Grande do Norte;9737;2020;5;Mulheres;3302;60 anos ou mais;9737
Indicador  3.9.2;1736;6.3;24;Rio Grande do Norte;9737;2021;6794;Total;95253;Total;9737
Indicador  3.9.2;1736;2.1;24;Rio Grande do Norte;9737;2021;6794;Total;1140;0 a 4 anos;9737
Indicador  3.9.2;1736;0.0;24;Rio Grande do Norte;9737;2021;6794;Total;1141;5 a 9 anos;9737
Indicador  3.9.2;1736;0.0;24;Rio Grande do Norte;9737;2021;6794;Total;1142;10 a 14 anos;9737
Indicador  3.9.2;1736;0.4;24;Rio Grande do Norte;9737;2021;6794;Total;1143;15 a 19 anos;9737
Indicador  3.9.2;1736;0.3;24;Rio Grande do Norte;9737;2021;6794;Total;1144;20 a 24 anos;9737
Indicador  3.9.2;1736;0.3;24;Rio Grande do Norte;9737;2021;6794;Total;1145;25 a 29 anos;9737
Indicador  3.9.2;1736;1.0;24;Rio Grande do Norte;9737;2021;6794;Total;1146;30 a 34 anos;9737
Indicador  3.9.2;1736;0.3;24;Rio Grande do Norte;9737;2021;6794;Total;1147;35 a 39 anos;9737
Indicador  3.9.2;1736;0.8;24;Rio Grande do Norte;9737;2021;6794;Total;1148;40 a 44 anos;9737
Indicador  3.9.2;1736;4.9;24;Rio Grande do Norte;9737;2021;6794;Total;1149;45 a 49 anos;9737
Indicador  3.9.2;1736;3.3;24;Rio Grande do Norte;9737;2021;6794;Total;1150;50 a 54 anos;9737
Indicador  3.9.2;1736;6.3;24;Rio Grande do Norte;9737;2021;6794;Total;1151;55 a 59 anos;9737
Indicador  3.9.2;1736;37.3;24;Rio Grande do Norte;9737;2021;6794;Total;3302;60 anos ou mais;9737
Indicador  3.9.2;1736;6.6;24;Rio Grande do Norte;9737;2021;4;Homens;95253;Total;9737
Indicador  3.9.2;1736;2.5;24;Rio Grande do Norte;9737;2021;4;Homens;1140;0 a 4 anos;9737
Indicador  3.9.2;1736;0.0;24;Rio Grande do Norte;9737;2021;4;Homens;1141;5 a 9 anos;9737
Indicador  3.9.2;1736;0.0;24;Rio Grande do Norte;9737;2021;4;Homens;1142;10 a 14 anos;9737
Indicador  3.9.2;1736;0.7;24;Rio Grande do Norte;9737;2021;4;Homens;1143;15 a 19 anos;9737
Indicador  3.9.2;1736;0.7;24;Rio Grande do Norte;9737;2021;4;Homens;1144;20 a 24 anos;9737
Indicador  3.9.2;1736;0.7;24;Rio Grande do Norte;9737;2021;4;Homens;1145;25 a 29 anos;9737
Indicador  3.9.2;1736;2.0;24;Rio Grande do Norte;9737;2021;4;Homens;1146;30 a 34 anos;9737
Indicador  3.9.2;1736;0.7;24;Rio Grande do Norte;9737;2021;4;Homens;1147;35 a 39 anos;9737
Indicador  3.9.2;1736;0.8;24;Rio Grande do Norte;9737;2021;4;Homens;1148;40 a 44 anos;9737
Indicador  3.9.2;1736;7.4;24;Rio Grande do Norte;9737;2021;4;Homens;1149;45 a 49 anos;9737
Indicador  3.9.2;1736;4.0;24;Rio Grande do Norte;9737;2021;4;Homens;1150;50 a 54 anos;9737
Indicador  3.9.2;1736;9.0;24;Rio Grande do Norte;9737;2021;4;Homens;1151;55 a 59 anos;9737
Indicador  3.9.2;1736;40.8;24;Rio Grande do Norte;9737;2021;4;Homens;3302;60 anos ou mais;9737
Indicador  3.9.2;1736;5.9;24;Rio Grande do Norte;9737;2021;5;Mulheres;95253;Total;9737
Indicador  3.9.2;1736;1.7;24;Rio Grande do Norte;9737;2021;5;Mulheres;1140;0 a 4 anos;9737
Indicador  3.9.2;1736;0.0;24;Rio Grande do Norte;9737;2021;5;Mulheres;1141;5 a 9 anos;9737
Indicador  3.9.2;1736;0.0;24;Rio Grande do Norte;9737;2021;5;Mulheres;1142;10 a 14 anos;9737
Indicador  3.9.2;1736;0.0;24;Rio Grande do Norte;9737;2021;5;Mulheres;1143;15 a 19 anos;9737
Indicador  3.9.2;1736;0.0;24;Rio Grande do Norte;9737;2021;5;Mulheres;1144;20 a 24 anos;9737
Indicador  3.9.2;1736;0.0;24;Rio Grande do Norte;9737;2021;5;Mulheres;1145;25 a 29 anos;9737
Indicador  3.9.2;1736;0.0;24;Rio Grande do Norte;9737;2021;5;Mulheres;1146;30 a 34 anos;9737
Indicador  3.9.2;1736;0.0;24;Rio Grande do Norte;9737;2021;5;Mulheres;1147;35 a 39 anos;9737
Indicador  3.9.2;1736;0.7;24;Rio Grande do Norte;9737;2021;5;Mulheres;1148;40 a 44 anos;9737
Indicador  3.9.2;1736;2.5;24;Rio Grande do Norte;9737;2021;5;Mulheres;1149;45 a 49 anos;9737
Indicador  3.9.2;1736;2.7;24;Rio Grande do Norte;9737;2021;5;Mulheres;1150;50 a 54 anos;9737
Indicador  3.9.2;1736;4.0;24;Rio Grande do Norte;9737;2021;5;Mulheres;1151;55 a 59 anos;9737
Indicador  3.9.2;1736;34.7;24;Rio Grande do Norte;9737;2021;5;Mulheres;3302;60 anos ou mais;9737
Indicador  3.9.2;1736;6.9;24;Rio Grande do Norte;9737;2022;6794;Total;95253;Total;9737
Indicador  3.9.2;1736;5.5;24;Rio Grande do Norte;9737;2022;6794;Total;1140;0 a 4 anos;9737
Indicador  3.9.2;1736;0.4;24;Rio Grande do Norte;9737;2022;6794;Total;1141;5 a 9 anos;9737
Indicador  3.9.2;1736;0.4;24;Rio Grande do Norte;9737;2022;6794;Total;1142;10 a 14 anos;9737
Indicador  3.9.2;1736;0.4;24;Rio Grande do Norte;9737;2022;6794;Total;1143;15 a 19 anos;9737
Indicador  3.9.2;1736;0.7;24;Rio Grande do Norte;9737;2022;6794;Total;1144;20 a 24 anos;9737
Indicador  3.9.2;1736;0.3;24;Rio Grande do Norte;9737;2022;6794;Total;1145;25 a 29 anos;9737
Indicador  3.9.2;1736;0.0;24;Rio Grande do Norte;9737;2022;6794;Total;1146;30 a 34 anos;9737
Indicador  3.9.2;1736;0.3;24;Rio Grande do Norte;9737;2022;6794;Total;1147;35 a 39 anos;9737
Indicador  3.9.2;1736;0.7;24;Rio Grande do Norte;9737;2022;6794;Total;1148;40 a 44 anos;9737
Indicador  3.9.2;1736;2.6;24;Rio Grande do Norte;9737;2022;6794;Total;1149;45 a 49 anos;9737
Indicador  3.9.2;1736;4.2;24;Rio Grande do Norte;9737;2022;6794;Total;1150;50 a 54 anos;9737
Indicador  3.9.2;1736;1.5;24;Rio Grande do Norte;9737;2022;6794;Total;1151;55 a 59 anos;9737
Indicador  3.9.2;1736;41.9;24;Rio Grande do Norte;9737;2022;6794;Total;3302;60 anos ou mais;9737
Indicador  3.9.2;1736;6.6;24;Rio Grande do Norte;9737;2022;4;Homens;95253;Total;9737
Indicador  3.9.2;1736;5.8;24;Rio Grande do Norte;9737;2022;4;Homens;1140;0 a 4 anos;9737
Indicador  3.9.2;1736;0.0;24;Rio Grande do Norte;9737;2022;4;Homens;1141;5 a 9 anos;9737
Indicador  3.9.2;1736;0.0;24;Rio Grande do Norte;9737;2022;4;Homens;1142;10 a 14 anos;9737
Indicador  3.9.2;1736;0.0;24;Rio Grande do Norte;9737;2022;4;Homens;1143;15 a 19 anos;9737
Indicador  3.9.2;1736;1.4;24;Rio Grande do Norte;9737;2022;4;Homens;1144;20 a 24 anos;9737
Indicador  3.9.2;1736;0.7;24;Rio Grande do Norte;9737;2022;4;Homens;1145;25 a 29 anos;9737
Indicador  3.9.2;1736;0.0;24;Rio Grande do Norte;9737;2022;4;Homens;1146;30 a 34 anos;9737
Indicador  3.9.2;1736;0.7;24;Rio Grande do Norte;9737;2022;4;Homens;1147;35 a 39 anos;9737
Indicador  3.9.2;1736;1.5;24;Rio Grande do Norte;9737;2022;4;Homens;1148;40 a 44 anos;9737
Indicador  3.9.2;1736;4.5;24;Rio Grande do Norte;9737;2022;4;Homens;1149;45 a 49 anos;9737
Indicador  3.9.2;1736;4.9;24;Rio Grande do Norte;9737;2022;4;Homens;1150;50 a 54 anos;9737
Indicador  3.9.2;1736;3.3;24;Rio Grande do Norte;9737;2022;4;Homens;1151;55 a 59 anos;9737
Indicador  3.9.2;1736;42.1;24;Rio Grande do Norte;9737;2022;4;Homens;3302;60 anos ou mais;9737
Indicador  3.9.2;1736;7.2;24;Rio Grande do Norte;9737;2022;5;Mulheres;95253;Total;9737
Indicador  3.9.2;1736;5.2;24;Rio Grande do Norte;9737;2022;5;Mulheres;1140;0 a 4 anos;9737
Indicador  3.9.2;1736;0.8;24;Rio Grande do Norte;9737;2022;5;Mulheres;1141;5 a 9 anos;9737
Indicador  3.9.2;1736;0.8;24;Rio Grande do Norte;9737;2022;5;Mulheres;1142;10 a 14 anos;9737
Indicador  3.9.2;1736;0.8;24;Rio Grande do Norte;9737;2022;5;Mulheres;1143;15 a 19 anos;9737
Indicador  3.9.2;1736;0.0;24;Rio Grande do Norte;9737;2022;5;Mulheres;1144;20 a 24 anos;9737
Indicador  3.9.2;1736;0.0;24;Rio Grande do Norte;9737;2022;5;Mulheres;1145;25 a 29 anos;9737
Indicador  3.9.2;1736;0.0;24;Rio Grande do Norte;9737;2022;5;Mulheres;1146;30 a 34 anos;9737
Indicador  3.9.2;1736;0.0;24;Rio Grande do Norte;9737;2022;5;Mulheres;1147;35 a 39 anos;9737
Indicador  3.9.2;1736;0.0;24;Rio Grande do Norte;9737;2022;5;Mulheres;1148;40 a 44 anos;9737
Indicador  3.9.2;1736;0.8;24;Rio Grande do Norte;9737;2022;5;Mulheres;1149;45 a 49 anos;9737
Indicador  3.9.2;1736;3.6;24;Rio Grande do Norte;9737;2022;5;Mulheres;1150;50 a 54 anos;9737
Indicador  3.9.2;1736;0.0;24;Rio Grande do Norte;9737;2022;5;Mulheres;1151;55 a 59 anos;9737
Indicador  3.9.2;1736;41.8;24;Rio Grande do Norte;9737;2022;5;Mulheres;3302;60 anos ou mais;9737
Indicador  3.9.2;1736;7.7;25;Paraíba;9737;2018;6794;Total;95253;Total;9737
Indicador  3.9.2;1736;3.9;25;Paraíba;9737;2018;6794;Total;1140;0 a 4 anos;9737
Indicador  3.9.2;1736;0.7;25;Paraíba;9737;2018;6794;Total;1141;5 a 9 anos;9737
Indicador  3.9.2;1736;0.3;25;Paraíba;9737;2018;6794;Total;1142;10 a 14 anos;9737
Indicador  3.9.2;1736;0.0;25;Paraíba;9737;2018;6794;Total;1143;15 a 19 anos;9737
Indicador  3.9.2;1736;1.5;25;Paraíba;9737;2018;6794;Total;1144;20 a 24 anos;9737
Indicador  3.9.2;1736;0.3;25;Paraíba;9737;2018;6794;Total;1145;25 a 29 anos;9737
Indicador  3.9.2;1736;1.2;25;Paraíba;9737;2018;6794;Total;1146;30 a 34 anos;9737
Indicador  3.9.2;1736;0.3;25;Paraíba;9737;2018;6794;Total;1147;35 a 39 anos;9737
Indicador  3.9.2;1736;1.8;25;Paraíba;9737;2018;6794;Total;1148;40 a 44 anos;9737
Indicador  3.9.2;1736;1.6;25;Paraíba;9737;2018;6794;Total;1149;45 a 49 anos;9737
Indicador  3.9.2;1736;3.5;25;Paraíba;9737;2018;6794;Total;1150;50 a 54 anos;9737
Indicador  3.9.2;1736;6.4;25;Paraíba;9737;2018;6794;Total;1151;55 a 59 anos;9737
Indicador  3.9.2;1736;47.8;25;Paraíba;9737;2018;6794;Total;3302;60 anos ou mais;9737
Indicador  3.9.2;1736;7.6;25;Paraíba;9737;2018;4;Homens;95253;Total;9737
Indicador  3.9.2;1736;2.7;25;Paraíba;9737;2018;4;Homens;1140;0 a 4 anos;9737
Indicador  3.9.2;1736;0.0;25;Paraíba;9737;2018;4;Homens;1141;5 a 9 anos;9737
Indicador  3.9.2;1736;0.0;25;Paraíba;9737;2018;4;Homens;1142;10 a 14 anos;9737
Indicador  3.9.2;1736;0.0;25;Paraíba;9737;2018;4;Homens;1143;15 a 19 anos;9737
Indicador  3.9.2;1736;1.8;25;Paraíba;9737;2018;4;Homens;1144;20 a 24 anos;9737
Indicador  3.9.2;1736;0.6;25;Paraíba;9737;2018;4;Homens;1145;25 a 29 anos;9737
Indicador  3.9.2;1736;1.9;25;Paraíba;9737;2018;4;Homens;1146;30 a 34 anos;9737
Indicador  3.9.2;1736;0.7;25;Paraíba;9737;2018;4;Homens;1147;35 a 39 anos;9737
Indicador  3.9.2;1736;0.0;25;Paraíba;9737;2018;4;Homens;1148;40 a 44 anos;9737
Indicador  3.9.2;1736;2.6;25;Paraíba;9737;2018;4;Homens;1149;45 a 49 anos;9737
Indicador  3.9.2;1736;3.8;25;Paraíba;9737;2018;4;Homens;1150;50 a 54 anos;9737
Indicador  3.9.2;1736;8.0;25;Paraíba;9737;2018;4;Homens;1151;55 a 59 anos;9737
Indicador  3.9.2;1736;52.9;25;Paraíba;9737;2018;4;Homens;3302;60 anos ou mais;9737
Indicador  3.9.2;1736;7.8;25;Paraíba;9737;2018;5;Mulheres;95253;Total;9737
Indicador  3.9.2;1736;5.0;25;Paraíba;9737;2018;5;Mulheres;1140;0 a 4 anos;9737
Indicador  3.9.2;1736;1.5;25;Paraíba;9737;2018;5;Mulheres;1141;5 a 9 anos;9737
Indicador  3.9.2;1736;0.6;25;Paraíba;9737;2018;5;Mulheres;1142;10 a 14 anos;9737
Indicador  3.9.2;1736;0.0;25;Paraíba;9737;2018;5;Mulheres;1143;15 a 19 anos;9737
Indicador  3.9.2;1736;1.2;25;Paraíba;9737;2018;5;Mulheres;1144;20 a 24 anos;9737
Indicador  3.9.2;1736;0.0;25;Paraíba;9737;2018;5;Mulheres;1145;25 a 29 anos;9737
Indicador  3.9.2;1736;0.6;25;Paraíba;9737;2018;5;Mulheres;1146;30 a 34 anos;9737
Indicador  3.9.2;1736;0.0;25;Paraíba;9737;2018;5;Mulheres;1147;35 a 39 anos;9737
Indicador  3.9.2;1736;3.4;25;Paraíba;9737;2018;5;Mulheres;1148;40 a 44 anos;9737
Indicador  3.9.2;1736;0.8;25;Paraíba;9737;2018;5;Mulheres;1149;45 a 49 anos;9737
Indicador  3.9.2;1736;3.3;25;Paraíba;9737;2018;5;Mulheres;1150;50 a 54 anos;9737
Indicador  3.9.2;1736;4.9;25;Paraíba;9737;2018;5;Mulheres;1151;55 a 59 anos;9737
Indicador  3.9.2;1736;43.9;25;Paraíba;9737;2018;5;Mulheres;3302;60 anos ou mais;9737
Indicador  3.9.2;1736;6.9;25;Paraíba;9737;2019;6794;Total;95253;Total;9737
Indicador  3.9.2;1736;5.6;25;Paraíba;9737;2019;6794;Total;1140;0 a 4 anos;9737
Indicador  3.9.2;1736;0.4;25;Paraíba;9737;2019;6794;Total;1141;5 a 9 anos;9737
Indicador  3.9.2;1736;1.0;25;Paraíba;9737;2019;6794;Total;1142;10 a 14 anos;9737
Indicador  3.9.2;1736;0.0;25;Paraíba;9737;2019;6794;Total;1143;15 a 19 anos;9737
Indicador  3.9.2;1736;0.3;25;Paraíba;9737;2019;6794;Total;1144;20 a 24 anos;9737
Indicador  3.9.2;1736;0.0;25;Paraíba;9737;2019;6794;Total;1145;25 a 29 anos;9737
Indicador  3.9.2;1736;0.3;25;Paraíba;9737;2019;6794;Total;1146;30 a 34 anos;9737
Indicador  3.9.2;1736;0.6;25;Paraíba;9737;2019;6794;Total;1147;35 a 39 anos;9737
Indicador  3.9.2;1736;0.7;25;Paraíba;9737;2019;6794;Total;1148;40 a 44 anos;9737
Indicador  3.9.2;1736;0.8;25;Paraíba;9737;2019;6794;Total;1149;45 a 49 anos;9737
Indicador  3.9.2;1736;6.5;25;Paraíba;9737;2019;6794;Total;1150;50 a 54 anos;9737
Indicador  3.9.2;1736;3.6;25;Paraíba;9737;2019;6794;Total;1151;55 a 59 anos;9737
Indicador  3.9.2;1736;41.5;25;Paraíba;9737;2019;6794;Total;3302;60 anos ou mais;9737
Indicador  3.9.2;1736;5.9;25;Paraíba;9737;2019;4;Homens;95253;Total;9737
Indicador  3.9.2;1736;4.1;25;Paraíba;9737;2019;4;Homens;1140;0 a 4 anos;9737
Indicador  3.9.2;1736;0.7;25;Paraíba;9737;2019;4;Homens;1141;5 a 9 anos;9737
Indicador  3.9.2;1736;1.3;25;Paraíba;9737;2019;4;Homens;1142;10 a 14 anos;9737
Indicador  3.9.2;1736;0.0;25;Paraíba;9737;2019;4;Homens;1143;15 a 19 anos;9737
Indicador  3.9.2;1736;0.6;25;Paraíba;9737;2019;4;Homens;1144;20 a 24 anos;9737
Indicador  3.9.2;1736;0.0;25;Paraíba;9737;2019;4;Homens;1145;25 a 29 anos;9737
Indicador  3.9.2;1736;0.6;25;Paraíba;9737;2019;4;Homens;1146;30 a 34 anos;9737
Indicador  3.9.2;1736;0.7;25;Paraíba;9737;2019;4;Homens;1147;35 a 39 anos;9737
Indicador  3.9.2;1736;1.5;25;Paraíba;9737;2019;4;Homens;1148;40 a 44 anos;9737
Indicador  3.9.2;1736;1.7;25;Paraíba;9737;2019;4;Homens;1149;45 a 49 anos;9737
Indicador  3.9.2;1736;8.3;25;Paraíba;9737;2019;4;Homens;1150;50 a 54 anos;9737
Indicador  3.9.2;1736;5.5;25;Paraíba;9737;2019;4;Homens;1151;55 a 59 anos;9737
Indicador  3.9.2;1736;36.3;25;Paraíba;9737;2019;4;Homens;3302;60 anos ou mais;9737
Indicador  3.9.2;1736;7.8;25;Paraíba;9737;2019;5;Mulheres;95253;Total;9737
Indicador  3.9.2;1736;7.1;25;Paraíba;9737;2019;5;Mulheres;1140;0 a 4 anos;9737
Indicador  3.9.2;1736;0.0;25;Paraíba;9737;2019;5;Mulheres;1141;5 a 9 anos;9737
Indicador  3.9.2;1736;0.7;25;Paraíba;9737;2019;5;Mulheres;1142;10 a 14 anos;9737
Indicador  3.9.2;1736;0.0;25;Paraíba;9737;2019;5;Mulheres;1143;15 a 19 anos;9737
Indicador  3.9.2;1736;0.0;25;Paraíba;9737;2019;5;Mulheres;1144;20 a 24 anos;9737
Indicador  3.9.2;1736;0.0;25;Paraíba;9737;2019;5;Mulheres;1145;25 a 29 anos;9737
Indicador  3.9.2;1736;0.0;25;Paraíba;9737;2019;5;Mulheres;1146;30 a 34 anos;9737
Indicador  3.9.2;1736;0.6;25;Paraíba;9737;2019;5;Mulheres;1147;35 a 39 anos;9737
Indicador  3.9.2;1736;0.0;25;Paraíba;9737;2019;5;Mulheres;1148;40 a 44 anos;9737
Indicador  3.9.2;1736;0.0;25;Paraíba;9737;2019;5;Mulheres;1149;45 a 49 anos;9737
Indicador  3.9.2;1736;4.9;25;Paraíba;9737;2019;5;Mulheres;1150;50 a 54 anos;9737
Indicador  3.9.2;1736;1.9;25;Paraíba;9737;2019;5;Mulheres;1151;55 a 59 anos;9737
Indicador  3.9.2;1736;45.4;25;Paraíba;9737;2019;5;Mulheres;3302;60 anos ou mais;9737
Indicador  3.9.2;1736;6.5;25;Paraíba;9737;2020;6794;Total;95253;Total;9737
Indicador  3.9.2;1736;4.5;25;Paraíba;9737;2020;6794;Total;1140;0 a 4 anos;9737
Indicador  3.9.2;1736;0.0;25;Paraíba;9737;2020;6794;Total;1141;5 a 9 anos;9737
Indicador  3.9.2;1736;0.7;25;Paraíba;9737;2020;6794;Total;1142;10 a 14 anos;9737
Indicador  3.9.2;1736;0.3;25;Paraíba;9737;2020;6794;Total;1143;15 a 19 anos;9737
Indicador  3.9.2;1736;0.3;25;Paraíba;9737;2020;6794;Total;1144;20 a 24 anos;9737
Indicador  3.9.2;1736;0.0;25;Paraíba;9737;2020;6794;Total;1145;25 a 29 anos;9737
Indicador  3.9.2;1736;0.0;25;Paraíba;9737;2020;6794;Total;1146;30 a 34 anos;9737
Indicador  3.9.2;1736;0.3;25;Paraíba;9737;2020;6794;Total;1147;35 a 39 anos;9737
Indicador  3.9.2;1736;1.0;25;Paraíba;9737;2020;6794;Total;1148;40 a 44 anos;9737
Indicador  3.9.2;1736;2.0;25;Paraíba;9737;2020;6794;Total;1149;45 a 49 anos;9737
Indicador  3.9.2;1736;2.6;25;Paraíba;9737;2020;6794;Total;1150;50 a 54 anos;9737
Indicador  3.9.2;1736;3.9;25;Paraíba;9737;2020;6794;Total;1151;55 a 59 anos;9737
Indicador  3.9.2;1736;39.8;25;Paraíba;9737;2020;6794;Total;3302;60 anos ou mais;9737
Indicador  3.9.2;1736;6.3;25;Paraíba;9737;2020;4;Homens;95253;Total;9737
Indicador  3.9.2;1736;5.5;25;Paraíba;9737;2020;4;Homens;1140;0 a 4 anos;9737
Indicador  3.9.2;1736;0.0;25;Paraíba;9737;2020;4;Homens;1141;5 a 9 anos;9737
Indicador  3.9.2;1736;1.3;25;Paraíba;9737;2020;4;Homens;1142;10 a 14 anos;9737
Indicador  3.9.2;1736;0.0;25;Paraíba;9737;2020;4;Homens;1143;15 a 19 anos;9737
Indicador  3.9.2;1736;0.6;25;Paraíba;9737;2020;4;Homens;1144;20 a 24 anos;9737
Indicador  3.9.2;1736;0.0;25;Paraíba;9737;2020;4;Homens;1145;25 a 29 anos;9737
Indicador  3.9.2;1736;0.0;25;Paraíba;9737;2020;4;Homens;1146;30 a 34 anos;9737
Indicador  3.9.2;1736;0.7;25;Paraíba;9737;2020;4;Homens;1147;35 a 39 anos;9737
Indicador  3.9.2;1736;1.4;25;Paraíba;9737;2020;4;Homens;1148;40 a 44 anos;9737
Indicador  3.9.2;1736;1.7;25;Paraíba;9737;2020;4;Homens;1149;45 a 49 anos;9737
Indicador  3.9.2;1736;2.7;25;Paraíba;9737;2020;4;Homens;1150;50 a 54 anos;9737
Indicador  3.9.2;1736;5.3;25;Paraíba;9737;2020;4;Homens;1151;55 a 59 anos;9737
Indicador  3.9.2;1736;41.2;25;Paraíba;9737;2020;4;Homens;3302;60 anos ou mais;9737
Indicador  3.9.2;1736;6.7;25;Paraíba;9737;2020;5;Mulheres;95253;Total;9737
Indicador  3.9.2;1736;3.6;25;Paraíba;9737;2020;5;Mulheres;1140;0 a 4 anos;9737
Indicador  3.9.2;1736;0.0;25;Paraíba;9737;2020;5;Mulheres;1141;5 a 9 anos;9737
Indicador  3.9.2;1736;0.0;25;Paraíba;9737;2020;5;Mulheres;1142;10 a 14 anos;9737
Indicador  3.9.2;1736;0.6;25;Paraíba;9737;2020;5;Mulheres;1143;15 a 19 anos;9737
Indicador  3.9.2;1736;0.0;25;Paraíba;9737;2020;5;Mulheres;1144;20 a 24 anos;9737
Indicador  3.9.2;1736;0.0;25;Paraíba;9737;2020;5;Mulheres;1145;25 a 29 anos;9737
Indicador  3.9.2;1736;0.0;25;Paraíba;9737;2020;5;Mulheres;1146;30 a 34 anos;9737
Indicador  3.9.2;1736;0.0;25;Paraíba;9737;2020;5;Mulheres;1147;35 a 39 anos;9737
Indicador  3.9.2;1736;0.7;25;Paraíba;9737;2020;5;Mulheres;1148;40 a 44 anos;9737
Indicador  3.9.2;1736;2.2;25;Paraíba;9737;2020;5;Mulheres;1149;45 a 49 anos;9737
Indicador  3.9.2;1736;2.4;25;Paraíba;9737;2020;5;Mulheres;1150;50 a 54 anos;9737
Indicador  3.9.2;1736;2.8;25;Paraíba;9737;2020;5;Mulheres;1151;55 a 59 anos;9737
Indicador  3.9.2;1736;38.7;25;Paraíba;9737;2020;5;Mulheres;3302;60 anos ou mais;9737
Indicador  3.9.2;1736;6.7;25;Paraíba;9737;2021;6794;Total;95253;Total;9737
Indicador  3.9.2;1736;5.3;25;Paraíba;9737;2021;6794;Total;1140;0 a 4 anos;9737
Indicador  3.9.2;1736;0.4;25;Paraíba;9737;2021;6794;Total;1141;5 a 9 anos;9737
Indicador  3.9.2;1736;0.3;25;Paraíba;9737;2021;6794;Total;1142;10 a 14 anos;9737
Indicador  3.9.2;1736;0.3;25;Paraíba;9737;2021;6794;Total;1143;15 a 19 anos;9737
Indicador  3.9.2;1736;0.0;25;Paraíba;9737;2021;6794;Total;1144;20 a 24 anos;9737
Indicador  3.9.2;1736;0.6;25;Paraíba;9737;2021;6794;Total;1145;25 a 29 anos;9737
Indicador  3.9.2;1736;0.0;25;Paraíba;9737;2021;6794;Total;1146;30 a 34 anos;9737
Indicador  3.9.2;1736;1.6;25;Paraíba;9737;2021;6794;Total;1147;35 a 39 anos;9737
Indicador  3.9.2;1736;0.7;25;Paraíba;9737;2021;6794;Total;1148;40 a 44 anos;9737
Indicador  3.9.2;1736;2.7;25;Paraíba;9737;2021;6794;Total;1149;45 a 49 anos;9737
Indicador  3.9.2;1736;4.6;25;Paraíba;9737;2021;6794;Total;1150;50 a 54 anos;9737
Indicador  3.9.2;1736;3.8;25;Paraíba;9737;2021;6794;Total;1151;55 a 59 anos;9737
Indicador  3.9.2;1736;37.6;25;Paraíba;9737;2021;6794;Total;3302;60 anos ou mais;9737
Indicador  3.9.2;1736;6.3;25;Paraíba;9737;2021;4;Homens;95253;Total;9737
Indicador  3.9.2;1736;6.8;25;Paraíba;9737;2021;4;Homens;1140;0 a 4 anos;9737
Indicador  3.9.2;1736;0.0;25;Paraíba;9737;2021;4;Homens;1141;5 a 9 anos;9737
Indicador  3.9.2;1736;0.0;25;Paraíba;9737;2021;4;Homens;1142;10 a 14 anos;9737
Indicador  3.9.2;1736;0.0;25;Paraíba;9737;2021;4;Homens;1143;15 a 19 anos;9737
Indicador  3.9.2;1736;0.0;25;Paraíba;9737;2021;4;Homens;1144;20 a 24 anos;9737
Indicador  3.9.2;1736;1.2;25;Paraíba;9737;2021;4;Homens;1145;25 a 29 anos;9737
Indicador  3.9.2;1736;0.0;25;Paraíba;9737;2021;4;Homens;1146;30 a 34 anos;9737
Indicador  3.9.2;1736;2.6;25;Paraíba;9737;2021;4;Homens;1147;35 a 39 anos;9737
Indicador  3.9.2;1736;1.4;25;Paraíba;9737;2021;4;Homens;1148;40 a 44 anos;9737
Indicador  3.9.2;1736;4.9;25;Paraíba;9737;2021;4;Homens;1149;45 a 49 anos;9737
Indicador  3.9.2;1736;4.5;25;Paraíba;9737;2021;4;Homens;1150;50 a 54 anos;9737
Indicador  3.9.2;1736;5.2;25;Paraíba;9737;2021;4;Homens;1151;55 a 59 anos;9737
Indicador  3.9.2;1736;36.5;25;Paraíba;9737;2021;4;Homens;3302;60 anos ou mais;9737
Indicador  3.9.2;1736;6.9;25;Paraíba;9737;2021;5;Mulheres;95253;Total;9737
Indicador  3.9.2;1736;3.6;25;Paraíba;9737;2021;5;Mulheres;1140;0 a 4 anos;9737
Indicador  3.9.2;1736;0.8;25;Paraíba;9737;2021;5;Mulheres;1141;5 a 9 anos;9737
Indicador  3.9.2;1736;0.7;25;Paraíba;9737;2021;5;Mulheres;1142;10 a 14 anos;9737
Indicador  3.9.2;1736;0.6;25;Paraíba;9737;2021;5;Mulheres;1143;15 a 19 anos;9737
Indicador  3.9.2;1736;0.0;25;Paraíba;9737;2021;5;Mulheres;1144;20 a 24 anos;9737
Indicador  3.9.2;1736;0.0;25;Paraíba;9737;2021;5;Mulheres;1145;25 a 29 anos;9737
Indicador  3.9.2;1736;0.0;25;Paraíba;9737;2021;5;Mulheres;1146;30 a 34 anos;9737
Indicador  3.9.2;1736;0.6;25;Paraíba;9737;2021;5;Mulheres;1147;35 a 39 anos;9737
Indicador  3.9.2;1736;0.0;25;Paraíba;9737;2021;5;Mulheres;1148;40 a 44 anos;9737
Indicador  3.9.2;1736;0.7;25;Paraíba;9737;2021;5;Mulheres;1149;45 a 49 anos;9737
Indicador  3.9.2;1736;4.7;25;Paraíba;9737;2021;5;Mulheres;1150;50 a 54 anos;9737
Indicador  3.9.2;1736;2.7;25;Paraíba;9737;2021;5;Mulheres;1151;55 a 59 anos;9737
Indicador  3.9.2;1736;38.5;25;Paraíba;9737;2021;5;Mulheres;3302;60 anos ou mais;9737
Indicador  3.9.2;1736;6.2;25;Paraíba;9737;2022;6794;Total;95253;Total;9737
Indicador  3.9.2;1736;6.0;25;Paraíba;9737;2022;6794;Total;1140;0 a 4 anos;9737
Indicador  3.9.2;1736;1.8;25;Paraíba;9737;2022;6794;Total;1141;5 a 9 anos;9737
Indicador  3.9.2;1736;0.4;25;Paraíba;9737;2022;6794;Total;1142;10 a 14 anos;9737
Indicador  3.9.2;1736;0.0;25;Paraíba;9737;2022;6794;Total;1143;15 a 19 anos;9737
Indicador  3.9.2;1736;0.3;25;Paraíba;9737;2022;6794;Total;1144;20 a 24 anos;9737
Indicador  3.9.2;1736;0.9;25;Paraíba;9737;2022;6794;Total;1145;25 a 29 anos;9737
Indicador  3.9.2;1736;0.6;25;Paraíba;9737;2022;6794;Total;1146;30 a 34 anos;9737
Indicador  3.9.2;1736;0.9;25;Paraíba;9737;2022;6794;Total;1147;35 a 39 anos;9737
Indicador  3.9.2;1736;1.3;25;Paraíba;9737;2022;6794;Total;1148;40 a 44 anos;9737
Indicador  3.9.2;1736;0.7;25;Paraíba;9737;2022;6794;Total;1149;45 a 49 anos;9737
Indicador  3.9.2;1736;2.1;25;Paraíba;9737;2022;6794;Total;1150;50 a 54 anos;9737
Indicador  3.9.2;1736;3.3;25;Paraíba;9737;2022;6794;Total;1151;55 a 59 anos;9737
Indicador  3.9.2;1736;34.4;25;Paraíba;9737;2022;6794;Total;3302;60 anos ou mais;9737
Indicador  3.9.2;1736;6.5;25;Paraíba;9737;2022;4;Homens;95253;Total;9737
Indicador  3.9.2;1736;5.5;25;Paraíba;9737;2022;4;Homens;1140;0 a 4 anos;9737
Indicador  3.9.2;1736;1.4;25;Paraíba;9737;2022;4;Homens;1141;5 a 9 anos;9737
Indicador  3.9.2;1736;0.7;25;Paraíba;9737;2022;4;Homens;1142;10 a 14 anos;9737
Indicador  3.9.2;1736;0.0;25;Paraíba;9737;2022;4;Homens;1143;15 a 19 anos;9737
Indicador  3.9.2;1736;0.6;25;Paraíba;9737;2022;4;Homens;1144;20 a 24 anos;9737
Indicador  3.9.2;1736;1.9;25;Paraíba;9737;2022;4;Homens;1145;25 a 29 anos;9737
Indicador  3.9.2;1736;1.3;25;Paraíba;9737;2022;4;Homens;1146;30 a 34 anos;9737
Indicador  3.9.2;1736;2.0;25;Paraíba;9737;2022;4;Homens;1147;35 a 39 anos;9737
Indicador  3.9.2;1736;2.8;25;Paraíba;9737;2022;4;Homens;1148;40 a 44 anos;9737
Indicador  3.9.2;1736;0.8;25;Paraíba;9737;2022;4;Homens;1149;45 a 49 anos;9737
Indicador  3.9.2;1736;3.6;25;Paraíba;9737;2022;4;Homens;1150;50 a 54 anos;9737
Indicador  3.9.2;1736;7.1;25;Paraíba;9737;2022;4;Homens;1151;55 a 59 anos;9737
Indicador  3.9.2;1736;35.8;25;Paraíba;9737;2022;4;Homens;3302;60 anos ou mais;9737
Indicador  3.9.2;1736;6.0;25;Paraíba;9737;2022;5;Mulheres;95253;Total;9737
Indicador  3.9.2;1736;6.5;25;Paraíba;9737;2022;5;Mulheres;1140;0 a 4 anos;9737
Indicador  3.9.2;1736;2.2;25;Paraíba;9737;2022;5;Mulheres;1141;5 a 9 anos;9737
Indicador  3.9.2;1736;0.0;25;Paraíba;9737;2022;5;Mulheres;1142;10 a 14 anos;9737
Indicador  3.9.2;1736;0.0;25;Paraíba;9737;2022;5;Mulheres;1143;15 a 19 anos;9737
Indicador  3.9.2;1736;0.0;25;Paraíba;9737;2022;5;Mulheres;1144;20 a 24 anos;9737
Indicador  3.9.2;1736;0.0;25;Paraíba;9737;2022;5;Mulheres;1145;25 a 29 anos;9737
Indicador  3.9.2;1736;0.0;25;Paraíba;9737;2022;5;Mulheres;1146;30 a 34 anos;9737
Indicador  3.9.2;1736;0.0;25;Paraíba;9737;2022;5;Mulheres;1147;35 a 39 anos;9737
Indicador  3.9.2;1736;0.0;25;Paraíba;9737;2022;5;Mulheres;1148;40 a 44 anos;9737
Indicador  3.9.2;1736;0.7;25;Paraíba;9737;2022;5;Mulheres;1149;45 a 49 anos;9737
Indicador  3.9.2;1736;0.8;25;Paraíba;9737;2022;5;Mulheres;1150;50 a 54 anos;9737
Indicador  3.9.2;1736;0.0;25;Paraíba;9737;2022;5;Mulheres;1151;55 a 59 anos;9737
Indicador  3.9.2;1736;33.3;25;Paraíba;9737;2022;5;Mulheres;3302;60 anos ou mais;9737
Indicador  3.9.2;1736;7.2;26;Pernambuco;9737;2018;6794;Total;95253;Total;9737
Indicador  3.9.2;1736;6.2;26;Pernambuco;9737;2018;6794;Total;1140;0 a 4 anos;9737
Indicador  3.9.2;1736;0.7;26;Pernambuco;9737;2018;6794;Total;1141;5 a 9 anos;9737
Indicador  3.9.2;1736;0.5;26;Pernambuco;9737;2018;6794;Total;1142;10 a 14 anos;9737
Indicador  3.9.2;1736;0.5;26;Pernambuco;9737;2018;6794;Total;1143;15 a 19 anos;9737
Indicador  3.9.2;1736;0.5;26;Pernambuco;9737;2018;6794;Total;1144;20 a 24 anos;9737
Indicador  3.9.2;1736;0.1;26;Pernambuco;9737;2018;6794;Total;1145;25 a 29 anos;9737
Indicador  3.9.2;1736;1.0;26;Pernambuco;9737;2018;6794;Total;1146;30 a 34 anos;9737
Indicador  3.9.2;1736;0.4;26;Pernambuco;9737;2018;6794;Total;1147;35 a 39 anos;9737
Indicador  3.9.2;1736;1.6;26;Pernambuco;9737;2018;6794;Total;1148;40 a 44 anos;9737
Indicador  3.9.2;1736;2.2;26;Pernambuco;9737;2018;6794;Total;1149;45 a 49 anos;9737
Indicador  3.9.2;1736;3.0;26;Pernambuco;9737;2018;6794;Total;1150;50 a 54 anos;9737
Indicador  3.9.2;1736;5.4;26;Pernambuco;9737;2018;6794;Total;1151;55 a 59 anos;9737
Indicador  3.9.2;1736;46.5;26;Pernambuco;9737;2018;6794;Total;3302;60 anos ou mais;9737
Indicador  3.9.2;1736;6.8;26;Pernambuco;9737;2018;4;Homens;95253;Total;9737
Indicador  3.9.2;1736;5.3;26;Pernambuco;9737;2018;4;Homens;1140;0 a 4 anos;9737
Indicador  3.9.2;1736;0.8;26;Pernambuco;9737;2018;4;Homens;1141;5 a 9 anos;9737
Indicador  3.9.2;1736;0.8;26;Pernambuco;9737;2018;4;Homens;1142;10 a 14 anos;9737
Indicador  3.9.2;1736;0.7;26;Pernambuco;9737;2018;4;Homens;1143;15 a 19 anos;9737
Indicador  3.9.2;1736;0.5;26;Pernambuco;9737;2018;4;Homens;1144;20 a 24 anos;9737
Indicador  3.9.2;1736;0.0;26;Pernambuco;9737;2018;4;Homens;1145;25 a 29 anos;9737
Indicador  3.9.2;1736;1.9;26;Pernambuco;9737;2018;4;Homens;1146;30 a 34 anos;9737
Indicador  3.9.2;1736;0.8;26;Pernambuco;9737;2018;4;Homens;1147;35 a 39 anos;9737
Indicador  3.9.2;1736;1.9;26;Pernambuco;9737;2018;4;Homens;1148;40 a 44 anos;9737
Indicador  3.9.2;1736;3.6;26;Pernambuco;9737;2018;4;Homens;1149;45 a 49 anos;9737
Indicador  3.9.2;1736;3.3;26;Pernambuco;9737;2018;4;Homens;1150;50 a 54 anos;9737
Indicador  3.9.2;1736;5.5;26;Pernambuco;9737;2018;4;Homens;1151;55 a 59 anos;9737
Indicador  3.9.2;1736;47.3;26;Pernambuco;9737;2018;4;Homens;3302;60 anos ou mais;9737
Indicador  3.9.2;1736;7.6;26;Pernambuco;9737;2018;5;Mulheres;95253;Total;9737
Indicador  3.9.2;1736;7.1;26;Pernambuco;9737;2018;5;Mulheres;1140;0 a 4 anos;9737
Indicador  3.9.2;1736;0.6;26;Pernambuco;9737;2018;5;Mulheres;1141;5 a 9 anos;9737
Indicador  3.9.2;1736;0.3;26;Pernambuco;9737;2018;5;Mulheres;1142;10 a 14 anos;9737
Indicador  3.9.2;1736;0.3;26;Pernambuco;9737;2018;5;Mulheres;1143;15 a 19 anos;9737
Indicador  3.9.2;1736;0.5;26;Pernambuco;9737;2018;5;Mulheres;1144;20 a 24 anos;9737
Indicador  3.9.2;1736;0.3;26;Pernambuco;9737;2018;5;Mulheres;1145;25 a 29 anos;9737
Indicador  3.9.2;1736;0.2;26;Pernambuco;9737;2018;5;Mulheres;1146;30 a 34 anos;9737
Indicador  3.9.2;1736;0.0;26;Pernambuco;9737;2018;5;Mulheres;1147;35 a 39 anos;9737
Indicador  3.9.2;1736;1.4;26;Pernambuco;9737;2018;5;Mulheres;1148;40 a 44 anos;9737
Indicador  3.9.2;1736;0.9;26;Pernambuco;9737;2018;5;Mulheres;1149;45 a 49 anos;9737
Indicador  3.9.2;1736;2.8;26;Pernambuco;9737;2018;5;Mulheres;1150;50 a 54 anos;9737
Indicador  3.9.2;1736;5.4;26;Pernambuco;9737;2018;5;Mulheres;1151;55 a 59 anos;9737
Indicador  3.9.2;1736;45.9;26;Pernambuco;9737;2018;5;Mulheres;3302;60 anos ou mais;9737
Indicador  3.9.2;1736;7.0;26;Pernambuco;9737;2019;6794;Total;95253;Total;9737
Indicador  3.9.2;1736;5.9;26;Pernambuco;9737;2019;6794;Total;1140;0 a 4 anos;9737
Indicador  3.9.2;1736;0.0;26;Pernambuco;9737;2019;6794;Total;1141;5 a 9 anos;9737
Indicador  3.9.2;1736;0.4;26;Pernambuco;9737;2019;6794;Total;1142;10 a 14 anos;9737
Indicador  3.9.2;1736;0.3;26;Pernambuco;9737;2019;6794;Total;1143;15 a 19 anos;9737
Indicador  3.9.2;1736;0.4;26;Pernambuco;9737;2019;6794;Total;1144;20 a 24 anos;9737
Indicador  3.9.2;1736;0.4;26;Pernambuco;9737;2019;6794;Total;1145;25 a 29 anos;9737
Indicador  3.9.2;1736;0.4;26;Pernambuco;9737;2019;6794;Total;1146;30 a 34 anos;9737
Indicador  3.9.2;1736;0.8;26;Pernambuco;9737;2019;6794;Total;1147;35 a 39 anos;9737
Indicador  3.9.2;1736;1.3;26;Pernambuco;9737;2019;6794;Total;1148;40 a 44 anos;9737
Indicador  3.9.2;1736;2.5;26;Pernambuco;9737;2019;6794;Total;1149;45 a 49 anos;9737
Indicador  3.9.2;1736;3.5;26;Pernambuco;9737;2019;6794;Total;1150;50 a 54 anos;9737
Indicador  3.9.2;1736;6.6;26;Pernambuco;9737;2019;6794;Total;1151;55 a 59 anos;9737
Indicador  3.9.2;1736;43.9;26;Pernambuco;9737;2019;6794;Total;3302;60 anos ou mais;9737
Indicador  3.9.2;1736;6.8;26;Pernambuco;9737;2019;4;Homens;95253;Total;9737
Indicador  3.9.2;1736;7.1;26;Pernambuco;9737;2019;4;Homens;1140;0 a 4 anos;9737
Indicador  3.9.2;1736;0.0;26;Pernambuco;9737;2019;4;Homens;1141;5 a 9 anos;9737
Indicador  3.9.2;1736;0.8;26;Pernambuco;9737;2019;4;Homens;1142;10 a 14 anos;9737
Indicador  3.9.2;1736;0.0;26;Pernambuco;9737;2019;4;Homens;1143;15 a 19 anos;9737
Indicador  3.9.2;1736;0.5;26;Pernambuco;9737;2019;4;Homens;1144;20 a 24 anos;9737
Indicador  3.9.2;1736;0.5;26;Pernambuco;9737;2019;4;Homens;1145;25 a 29 anos;9737
Indicador  3.9.2;1736;0.5;26;Pernambuco;9737;2019;4;Homens;1146;30 a 34 anos;9737
Indicador  3.9.2;1736;1.1;26;Pernambuco;9737;2019;4;Homens;1147;35 a 39 anos;9737
Indicador  3.9.2;1736;1.2;26;Pernambuco;9737;2019;4;Homens;1148;40 a 44 anos;9737
Indicador  3.9.2;1736;2.5;26;Pernambuco;9737;2019;4;Homens;1149;45 a 49 anos;9737
Indicador  3.9.2;1736;4.4;26;Pernambuco;9737;2019;4;Homens;1150;50 a 54 anos;9737
Indicador  3.9.2;1736;10.6;26;Pernambuco;9737;2019;4;Homens;1151;55 a 59 anos;9737
Indicador  3.9.2;1736;45.1;26;Pernambuco;9737;2019;4;Homens;3302;60 anos ou mais;9737
Indicador  3.9.2;1736;7.2;26;Pernambuco;9737;2019;5;Mulheres;95253;Total;9737
Indicador  3.9.2;1736;4.7;26;Pernambuco;9737;2019;5;Mulheres;1140;0 a 4 anos;9737
Indicador  3.9.2;1736;0.0;26;Pernambuco;9737;2019;5;Mulheres;1141;5 a 9 anos;9737
Indicador  3.9.2;1736;0.0;26;Pernambuco;9737;2019;5;Mulheres;1142;10 a 14 anos;9737
Indicador  3.9.2;1736;0.5;26;Pernambuco;9737;2019;5;Mulheres;1143;15 a 19 anos;9737
Indicador  3.9.2;1736;0.2;26;Pernambuco;9737;2019;5;Mulheres;1144;20 a 24 anos;9737
Indicador  3.9.2;1736;0.3;26;Pernambuco;9737;2019;5;Mulheres;1145;25 a 29 anos;9737
Indicador  3.9.2;1736;0.2;26;Pernambuco;9737;2019;5;Mulheres;1146;30 a 34 anos;9737
Indicador  3.9.2;1736;0.5;26;Pernambuco;9737;2019;5;Mulheres;1147;35 a 39 anos;9737
Indicador  3.9.2;1736;1.4;26;Pernambuco;9737;2019;5;Mulheres;1148;40 a 44 anos;9737
Indicador  3.9.2;1736;2.5;26;Pernambuco;9737;2019;5;Mulheres;1149;45 a 49 anos;9737
Indicador  3.9.2;1736;2.7;26;Pernambuco;9737;2019;5;Mulheres;1150;50 a 54 anos;9737
Indicador  3.9.2;1736;3.2;26;Pernambuco;9737;2019;5;Mulheres;1151;55 a 59 anos;9737
Indicador  3.9.2;1736;43.1;26;Pernambuco;9737;2019;5;Mulheres;3302;60 anos ou mais;9737
Indicador  3.9.2;1736;6.3;26;Pernambuco;9737;2020;6794;Total;95253;Total;9737
Indicador  3.9.2;1736;4.5;26;Pernambuco;9737;2020;6794;Total;1140;0 a 4 anos;9737
Indicador  3.9.2;1736;0.3;26;Pernambuco;9737;2020;6794;Total;1141;5 a 9 anos;9737
Indicador  3.9.2;1736;0.4;26;Pernambuco;9737;2020;6794;Total;1142;10 a 14 anos;9737
Indicador  3.9.2;1736;0.3;26;Pernambuco;9737;2020;6794;Total;1143;15 a 19 anos;9737
Indicador  3.9.2;1736;0.4;26;Pernambuco;9737;2020;6794;Total;1144;20 a 24 anos;9737
Indicador  3.9.2;1736;0.4;26;Pernambuco;9737;2020;6794;Total;1145;25 a 29 anos;9737
Indicador  3.9.2;1736;0.8;26;Pernambuco;9737;2020;6794;Total;1146;30 a 34 anos;9737
Indicador  3.9.2;1736;0.9;26;Pernambuco;9737;2020;6794;Total;1147;35 a 39 anos;9737
Indicador  3.9.2;1736;1.6;26;Pernambuco;9737;2020;6794;Total;1148;40 a 44 anos;9737
Indicador  3.9.2;1736;1.6;26;Pernambuco;9737;2020;6794;Total;1149;45 a 49 anos;9737
Indicador  3.9.2;1736;2.5;26;Pernambuco;9737;2020;6794;Total;1150;50 a 54 anos;9737
Indicador  3.9.2;1736;6.1;26;Pernambuco;9737;2020;6794;Total;1151;55 a 59 anos;9737
Indicador  3.9.2;1736;38.7;26;Pernambuco;9737;2020;6794;Total;3302;60 anos ou mais;9737
Indicador  3.9.2;1736;6.1;26;Pernambuco;9737;2020;4;Homens;95253;Total;9737
Indicador  3.9.2;1736;4.9;26;Pernambuco;9737;2020;4;Homens;1140;0 a 4 anos;9737
Indicador  3.9.2;1736;0.6;26;Pernambuco;9737;2020;4;Homens;1141;5 a 9 anos;9737
Indicador  3.9.2;1736;0.3;26;Pernambuco;9737;2020;4;Homens;1142;10 a 14 anos;9737
Indicador  3.9.2;1736;0.5;26;Pernambuco;9737;2020;4;Homens;1143;15 a 19 anos;9737
Indicador  3.9.2;1736;0.5;26;Pernambuco;9737;2020;4;Homens;1144;20 a 24 anos;9737
Indicador  3.9.2;1736;0.5;26;Pernambuco;9737;2020;4;Homens;1145;25 a 29 anos;9737
Indicador  3.9.2;1736;1.1;26;Pernambuco;9737;2020;4;Homens;1146;30 a 34 anos;9737
Indicador  3.9.2;1736;1.7;26;Pernambuco;9737;2020;4;Homens;1147;35 a 39 anos;9737
Indicador  3.9.2;1736;1.2;26;Pernambuco;9737;2020;4;Homens;1148;40 a 44 anos;9737
Indicador  3.9.2;1736;1.4;26;Pernambuco;9737;2020;4;Homens;1149;45 a 49 anos;9737
Indicador  3.9.2;1736;3.1;26;Pernambuco;9737;2020;4;Homens;1150;50 a 54 anos;9737
Indicador  3.9.2;1736;9.3;26;Pernambuco;9737;2020;4;Homens;1151;55 a 59 anos;9737
Indicador  3.9.2;1736;39.7;26;Pernambuco;9737;2020;4;Homens;3302;60 anos ou mais;9737
Indicador  3.9.2;1736;6.5;26;Pernambuco;9737;2020;5;Mulheres;95253;Total;9737
Indicador  3.9.2;1736;4.2;26;Pernambuco;9737;2020;5;Mulheres;1140;0 a 4 anos;9737
Indicador  3.9.2;1736;0.0;26;Pernambuco;9737;2020;5;Mulheres;1141;5 a 9 anos;9737
Indicador  3.9.2;1736;0.6;26;Pernambuco;9737;2020;5;Mulheres;1142;10 a 14 anos;9737
Indicador  3.9.2;1736;0.0;26;Pernambuco;9737;2020;5;Mulheres;1143;15 a 19 anos;9737
Indicador  3.9.2;1736;0.2;26;Pernambuco;9737;2020;5;Mulheres;1144;20 a 24 anos;9737
Indicador  3.9.2;1736;0.3;26;Pernambuco;9737;2020;5;Mulheres;1145;25 a 29 anos;9737
Indicador  3.9.2;1736;0.5;26;Pernambuco;9737;2020;5;Mulheres;1146;30 a 34 anos;9737
Indicador  3.9.2;1736;0.3;26;Pernambuco;9737;2020;5;Mulheres;1147;35 a 39 anos;9737
Indicador  3.9.2;1736;1.9;26;Pernambuco;9737;2020;5;Mulheres;1148;40 a 44 anos;9737
Indicador  3.9.2;1736;1.8;26;Pernambuco;9737;2020;5;Mulheres;1149;45 a 49 anos;9737
Indicador  3.9.2;1736;2.0;26;Pernambuco;9737;2020;5;Mulheres;1150;50 a 54 anos;9737
Indicador  3.9.2;1736;3.5;26;Pernambuco;9737;2020;5;Mulheres;1151;55 a 59 anos;9737
Indicador  3.9.2;1736;38.0;26;Pernambuco;9737;2020;5;Mulheres;3302;60 anos ou mais;9737
Indicador  3.9.2;1736;5.8;26;Pernambuco;9737;2021;6794;Total;95253;Total;9737
Indicador  3.9.2;1736;5.4;26;Pernambuco;9737;2021;6794;Total;1140;0 a 4 anos;9737
Indicador  3.9.2;1736;0.6;26;Pernambuco;9737;2021;6794;Total;1141;5 a 9 anos;9737
Indicador  3.9.2;1736;0.0;26;Pernambuco;9737;2021;6794;Total;1142;10 a 14 anos;9737
Indicador  3.9.2;1736;0.5;26;Pernambuco;9737;2021;6794;Total;1143;15 a 19 anos;9737
Indicador  3.9.2;1736;0.6;26;Pernambuco;9737;2021;6794;Total;1144;20 a 24 anos;9737
Indicador  3.9.2;1736;0.1;26;Pernambuco;9737;2021;6794;Total;1145;25 a 29 anos;9737
Indicador  3.9.2;1736;0.5;26;Pernambuco;9737;2021;6794;Total;1146;30 a 34 anos;9737
Indicador  3.9.2;1736;0.8;26;Pernambuco;9737;2021;6794;Total;1147;35 a 39 anos;9737
Indicador  3.9.2;1736;2.0;26;Pernambuco;9737;2021;6794;Total;1148;40 a 44 anos;9737
Indicador  3.9.2;1736;1.0;26;Pernambuco;9737;2021;6794;Total;1149;45 a 49 anos;9737
Indicador  3.9.2;1736;3.4;26;Pernambuco;9737;2021;6794;Total;1150;50 a 54 anos;9737
Indicador  3.9.2;1736;3.9;26;Pernambuco;9737;2021;6794;Total;1151;55 a 59 anos;9737
Indicador  3.9.2;1736;34.2;26;Pernambuco;9737;2021;6794;Total;3302;60 anos ou mais;9737
Indicador  3.9.2;1736;5.9;26;Pernambuco;9737;2021;4;Homens;95253;Total;9737
Indicador  3.9.2;1736;6.6;26;Pernambuco;9737;2021;4;Homens;1140;0 a 4 anos;9737
Indicador  3.9.2;1736;0.3;26;Pernambuco;9737;2021;4;Homens;1141;5 a 9 anos;9737
Indicador  3.9.2;1736;0.0;26;Pernambuco;9737;2021;4;Homens;1142;10 a 14 anos;9737
Indicador  3.9.2;1736;1.0;26;Pernambuco;9737;2021;4;Homens;1143;15 a 19 anos;9737
Indicador  3.9.2;1736;0.2;26;Pernambuco;9737;2021;4;Homens;1144;20 a 24 anos;9737
Indicador  3.9.2;1736;0.0;26;Pernambuco;9737;2021;4;Homens;1145;25 a 29 anos;9737
Indicador  3.9.2;1736;1.1;26;Pernambuco;9737;2021;4;Homens;1146;30 a 34 anos;9737
Indicador  3.9.2;1736;0.8;26;Pernambuco;9737;2021;4;Homens;1147;35 a 39 anos;9737
Indicador  3.9.2;1736;2.1;26;Pernambuco;9737;2021;4;Homens;1148;40 a 44 anos;9737
Indicador  3.9.2;1736;1.0;26;Pernambuco;9737;2021;4;Homens;1149;45 a 49 anos;9737
Indicador  3.9.2;1736;5.4;26;Pernambuco;9737;2021;4;Homens;1150;50 a 54 anos;9737
Indicador  3.9.2;1736;6.3;26;Pernambuco;9737;2021;4;Homens;1151;55 a 59 anos;9737
Indicador  3.9.2;1736;37.1;26;Pernambuco;9737;2021;4;Homens;3302;60 anos ou mais;9737
Indicador  3.9.2;1736;5.7;26;Pernambuco;9737;2021;5;Mulheres;95253;Total;9737
Indicador  3.9.2;1736;4.2;26;Pernambuco;9737;2021;5;Mulheres;1140;0 a 4 anos;9737
Indicador  3.9.2;1736;0.9;26;Pernambuco;9737;2021;5;Mulheres;1141;5 a 9 anos;9737
Indicador  3.9.2;1736;0.0;26;Pernambuco;9737;2021;5;Mulheres;1142;10 a 14 anos;9737
Indicador  3.9.2;1736;0.0;26;Pernambuco;9737;2021;5;Mulheres;1143;15 a 19 anos;9737
Indicador  3.9.2;1736;1.0;26;Pernambuco;9737;2021;5;Mulheres;1144;20 a 24 anos;9737
Indicador  3.9.2;1736;0.0;26;Pernambuco;9737;2021;5;Mulheres;1145;25 a 29 anos;9737
Indicador  3.9.2;1736;0.0;26;Pernambuco;9737;2021;5;Mulheres;1146;30 a 34 anos;9737
Indicador  3.9.2;1736;0.8;26;Pernambuco;9737;2021;5;Mulheres;1147;35 a 39 anos;9737
Indicador  3.9.2;1736;1.9;26;Pernambuco;9737;2021;5;Mulheres;1148;40 a 44 anos;9737
Indicador  3.9.2;1736;0.9;26;Pernambuco;9737;2021;5;Mulheres;1149;45 a 49 anos;9737
Indicador  3.9.2;1736;1.6;26;Pernambuco;9737;2021;5;Mulheres;1150;50 a 54 anos;9737
Indicador  3.9.2;1736;1.9;26;Pernambuco;9737;2021;5;Mulheres;1151;55 a 59 anos;9737
Indicador  3.9.2;1736;32.2;26;Pernambuco;9737;2021;5;Mulheres;3302;60 anos ou mais;9737
Indicador  3.9.2;1736;5.2;26;Pernambuco;9737;2022;6794;Total;95253;Total;9737
Indicador  3.9.2;1736;5.3;26;Pernambuco;9737;2022;6794;Total;1140;0 a 4 anos;9737
Indicador  3.9.2;1736;0.4;26;Pernambuco;9737;2022;6794;Total;1141;5 a 9 anos;9737
Indicador  3.9.2;1736;0.4;26;Pernambuco;9737;2022;6794;Total;1142;10 a 14 anos;9737
Indicador  3.9.2;1736;0.3;26;Pernambuco;9737;2022;6794;Total;1143;15 a 19 anos;9737
Indicador  3.9.2;1736;0.1;26;Pernambuco;9737;2022;6794;Total;1144;20 a 24 anos;9737
Indicador  3.9.2;1736;0.5;26;Pernambuco;9737;2022;6794;Total;1145;25 a 29 anos;9737
Indicador  3.9.2;1736;0.5;26;Pernambuco;9737;2022;6794;Total;1146;30 a 34 anos;9737
Indicador  3.9.2;1736;0.1;26;Pernambuco;9737;2022;6794;Total;1147;35 a 39 anos;9737
Indicador  3.9.2;1736;1.5;26;Pernambuco;9737;2022;6794;Total;1148;40 a 44 anos;9737
Indicador  3.9.2;1736;1.6;26;Pernambuco;9737;2022;6794;Total;1149;45 a 49 anos;9737
Indicador  3.9.2;1736;1.9;26;Pernambuco;9737;2022;6794;Total;1150;50 a 54 anos;9737
Indicador  3.9.2;1736;5.4;26;Pernambuco;9737;2022;6794;Total;1151;55 a 59 anos;9737
Indicador  3.9.2;1736;29.7;26;Pernambuco;9737;2022;6794;Total;3302;60 anos ou mais;9737
Indicador  3.9.2;1736;4.5;26;Pernambuco;9737;2022;4;Homens;95253;Total;9737
Indicador  3.9.2;1736;4.9;26;Pernambuco;9737;2022;4;Homens;1140;0 a 4 anos;9737
Indicador  3.9.2;1736;0.3;26;Pernambuco;9737;2022;4;Homens;1141;5 a 9 anos;9737
Indicador  3.9.2;1736;0.5;26;Pernambuco;9737;2022;4;Homens;1142;10 a 14 anos;9737
Indicador  3.9.2;1736;0.0;26;Pernambuco;9737;2022;4;Homens;1143;15 a 19 anos;9737
Indicador  3.9.2;1736;0.0;26;Pernambuco;9737;2022;4;Homens;1144;20 a 24 anos;9737
Indicador  3.9.2;1736;1.0;26;Pernambuco;9737;2022;4;Homens;1145;25 a 29 anos;9737
Indicador  3.9.2;1736;0.8;26;Pernambuco;9737;2022;4;Homens;1146;30 a 34 anos;9737
Indicador  3.9.2;1736;0.0;26;Pernambuco;9737;2022;4;Homens;1147;35 a 39 anos;9737
Indicador  3.9.2;1736;2.1;26;Pernambuco;9737;2022;4;Homens;1148;40 a 44 anos;9737
Indicador  3.9.2;1736;1.7;26;Pernambuco;9737;2022;4;Homens;1149;45 a 49 anos;9737
Indicador  3.9.2;1736;2.3;26;Pernambuco;9737;2022;4;Homens;1150;50 a 54 anos;9737
Indicador  3.9.2;1736;7.1;26;Pernambuco;9737;2022;4;Homens;1151;55 a 59 anos;9737
Indicador  3.9.2;1736;26.4;26;Pernambuco;9737;2022;4;Homens;3302;60 anos ou mais;9737
Indicador  3.9.2;1736;5.9;26;Pernambuco;9737;2022;5;Mulheres;95253;Total;9737
Indicador  3.9.2;1736;5.7;26;Pernambuco;9737;2022;5;Mulheres;1140;0 a 4 anos;9737
Indicador  3.9.2;1736;0.6;26;Pernambuco;9737;2022;5;Mulheres;1141;5 a 9 anos;9737
Indicador  3.9.2;1736;0.3;26;Pernambuco;9737;2022;5;Mulheres;1142;10 a 14 anos;9737
Indicador  3.9.2;1736;0.5;26;Pernambuco;9737;2022;5;Mulheres;1143;15 a 19 anos;9737
Indicador  3.9.2;1736;0.3;26;Pernambuco;9737;2022;5;Mulheres;1144;20 a 24 anos;9737
Indicador  3.9.2;1736;0.0;26;Pernambuco;9737;2022;5;Mulheres;1145;25 a 29 anos;9737
Indicador  3.9.2;1736;0.3;26;Pernambuco;9737;2022;5;Mulheres;1146;30 a 34 anos;9737
Indicador  3.9.2;1736;0.3;26;Pernambuco;9737;2022;5;Mulheres;1147;35 a 39 anos;9737
Indicador  3.9.2;1736;1.1;26;Pernambuco;9737;2022;5;Mulheres;1148;40 a 44 anos;9737
Indicador  3.9.2;1736;1.5;26;Pernambuco;9737;2022;5;Mulheres;1149;45 a 49 anos;9737
Indicador  3.9.2;1736;1.6;26;Pernambuco;9737;2022;5;Mulheres;1150;50 a 54 anos;9737
Indicador  3.9.2;1736;4.0;26;Pernambuco;9737;2022;5;Mulheres;1151;55 a 59 anos;9737
Indicador  3.9.2;1736;32.0;26;Pernambuco;9737;2022;5;Mulheres;3302;60 anos ou mais;9737
Indicador  3.9.2;1736;7.4;27;Alagoas;9737;2018;6794;Total;95253;Total;9737
Indicador  3.9.2;1736;9.0;27;Alagoas;9737;2018;6794;Total;1140;0 a 4 anos;9737
Indicador  3.9.2;1736;0.7;27;Alagoas;9737;2018;6794;Total;1141;5 a 9 anos;9737
Indicador  3.9.2;1736;0.3;27;Alagoas;9737;2018;6794;Total;1142;10 a 14 anos;9737
Indicador  3.9.2;1736;0.0;27;Alagoas;9737;2018;6794;Total;1143;15 a 19 anos;9737
Indicador  3.9.2;1736;1.0;27;Alagoas;9737;2018;6794;Total;1144;20 a 24 anos;9737
Indicador  3.9.2;1736;0.7;27;Alagoas;9737;2018;6794;Total;1145;25 a 29 anos;9737
Indicador  3.9.2;1736;0.4;27;Alagoas;9737;2018;6794;Total;1146;30 a 34 anos;9737
Indicador  3.9.2;1736;0.4;27;Alagoas;9737;2018;6794;Total;1147;35 a 39 anos;9737
Indicador  3.9.2;1736;0.4;27;Alagoas;9737;2018;6794;Total;1148;40 a 44 anos;9737
Indicador  3.9.2;1736;3.6;27;Alagoas;9737;2018;6794;Total;1149;45 a 49 anos;9737
Indicador  3.9.2;1736;5.2;27;Alagoas;9737;2018;6794;Total;1150;50 a 54 anos;9737
Indicador  3.9.2;1736;4.3;27;Alagoas;9737;2018;6794;Total;1151;55 a 59 anos;9737
Indicador  3.9.2;1736;53.2;27;Alagoas;9737;2018;6794;Total;3302;60 anos ou mais;9737
Indicador  3.9.2;1736;7.5;27;Alagoas;9737;2018;4;Homens;95253;Total;9737
Indicador  3.9.2;1736;9.9;27;Alagoas;9737;2018;4;Homens;1140;0 a 4 anos;9737
Indicador  3.9.2;1736;1.5;27;Alagoas;9737;2018;4;Homens;1141;5 a 9 anos;9737
Indicador  3.9.2;1736;0.7;27;Alagoas;9737;2018;4;Homens;1142;10 a 14 anos;9737
Indicador  3.9.2;1736;0.0;27;Alagoas;9737;2018;4;Homens;1143;15 a 19 anos;9737
Indicador  3.9.2;1736;1.3;27;Alagoas;9737;2018;4;Homens;1144;20 a 24 anos;9737
Indicador  3.9.2;1736;0.8;27;Alagoas;9737;2018;4;Homens;1145;25 a 29 anos;9737
Indicador  3.9.2;1736;0.8;27;Alagoas;9737;2018;4;Homens;1146;30 a 34 anos;9737
Indicador  3.9.2;1736;0.9;27;Alagoas;9737;2018;4;Homens;1147;35 a 39 anos;9737
Indicador  3.9.2;1736;1.0;27;Alagoas;9737;2018;4;Homens;1148;40 a 44 anos;9737
Indicador  3.9.2;1736;6.7;27;Alagoas;9737;2018;4;Homens;1149;45 a 49 anos;9737
Indicador  3.9.2;1736;10.1;27;Alagoas;9737;2018;4;Homens;1150;50 a 54 anos;9737
Indicador  3.9.2;1736;6.2;27;Alagoas;9737;2018;4;Homens;1151;55 a 59 anos;9737
Indicador  3.9.2;1736;51.5;27;Alagoas;9737;2018;4;Homens;3302;60 anos ou mais;9737
Indicador  3.9.2;1736;7.4;27;Alagoas;9737;2018;5;Mulheres;95253;Total;9737
Indicador  3.9.2;1736;8.0;27;Alagoas;9737;2018;5;Mulheres;1140;0 a 4 anos;9737
Indicador  3.9.2;1736;0.0;27;Alagoas;9737;2018;5;Mulheres;1141;5 a 9 anos;9737
Indicador  3.9.2;1736;0.0;27;Alagoas;9737;2018;5;Mulheres;1142;10 a 14 anos;9737
Indicador  3.9.2;1736;0.0;27;Alagoas;9737;2018;5;Mulheres;1143;15 a 19 anos;9737
Indicador  3.9.2;1736;0.6;27;Alagoas;9737;2018;5;Mulheres;1144;20 a 24 anos;9737
Indicador  3.9.2;1736;0.7;27;Alagoas;9737;2018;5;Mulheres;1145;25 a 29 anos;9737
Indicador  3.9.2;1736;0.0;27;Alagoas;9737;2018;5;Mulheres;1146;30 a 34 anos;9737
Indicador  3.9.2;1736;0.0;27;Alagoas;9737;2018;5;Mulheres;1147;35 a 39 anos;9737
Indicador  3.9.2;1736;0.0;27;Alagoas;9737;2018;5;Mulheres;1148;40 a 44 anos;9737
Indicador  3.9.2;1736;1.0;27;Alagoas;9737;2018;5;Mulheres;1149;45 a 49 anos;9737
Indicador  3.9.2;1736;1.1;27;Alagoas;9737;2018;5;Mulheres;1150;50 a 54 anos;9737
Indicador  3.9.2;1736;2.6;27;Alagoas;9737;2018;5;Mulheres;1151;55 a 59 anos;9737
Indicador  3.9.2;1736;54.5;27;Alagoas;9737;2018;5;Mulheres;3302;60 anos ou mais;9737
Indicador  3.9.2;1736;6.3;27;Alagoas;9737;2019;6794;Total;95253;Total;9737
Indicador  3.9.2;1736;7.5;27;Alagoas;9737;2019;6794;Total;1140;0 a 4 anos;9737
Indicador  3.9.2;1736;0.8;27;Alagoas;9737;2019;6794;Total;1141;5 a 9 anos;9737
Indicador  3.9.2;1736;0.3;27;Alagoas;9737;2019;6794;Total;1142;10 a 14 anos;9737
Indicador  3.9.2;1736;0.6;27;Alagoas;9737;2019;6794;Total;1143;15 a 19 anos;9737
Indicador  3.9.2;1736;0.3;27;Alagoas;9737;2019;6794;Total;1144;20 a 24 anos;9737
Indicador  3.9.2;1736;0.7;27;Alagoas;9737;2019;6794;Total;1145;25 a 29 anos;9737
Indicador  3.9.2;1736;0.8;27;Alagoas;9737;2019;6794;Total;1146;30 a 34 anos;9737
Indicador  3.9.2;1736;0.0;27;Alagoas;9737;2019;6794;Total;1147;35 a 39 anos;9737
Indicador  3.9.2;1736;1.3;27;Alagoas;9737;2019;6794;Total;1148;40 a 44 anos;9737
Indicador  3.9.2;1736;3.6;27;Alagoas;9737;2019;6794;Total;1149;45 a 49 anos;9737
Indicador  3.9.2;1736;4.0;27;Alagoas;9737;2019;6794;Total;1150;50 a 54 anos;9737
Indicador  3.9.2;1736;10.4;27;Alagoas;9737;2019;6794;Total;1151;55 a 59 anos;9737
Indicador  3.9.2;1736;40.2;27;Alagoas;9737;2019;6794;Total;3302;60 anos ou mais;9737
Indicador  3.9.2;1736;6.6;27;Alagoas;9737;2019;4;Homens;95253;Total;9737
Indicador  3.9.2;1736;10.8;27;Alagoas;9737;2019;4;Homens;1140;0 a 4 anos;9737
Indicador  3.9.2;1736;0.0;27;Alagoas;9737;2019;4;Homens;1141;5 a 9 anos;9737
Indicador  3.9.2;1736;0.7;27;Alagoas;9737;2019;4;Homens;1142;10 a 14 anos;9737
Indicador  3.9.2;1736;0.6;27;Alagoas;9737;2019;4;Homens;1143;15 a 19 anos;9737
Indicador  3.9.2;1736;0.6;27;Alagoas;9737;2019;4;Homens;1144;20 a 24 anos;9737
Indicador  3.9.2;1736;1.5;27;Alagoas;9737;2019;4;Homens;1145;25 a 29 anos;9737
Indicador  3.9.2;1736;0.8;27;Alagoas;9737;2019;4;Homens;1146;30 a 34 anos;9737
Indicador  3.9.2;1736;0.0;27;Alagoas;9737;2019;4;Homens;1147;35 a 39 anos;9737
Indicador  3.9.2;1736;2.8;27;Alagoas;9737;2019;4;Homens;1148;40 a 44 anos;9737
Indicador  3.9.2;1736;4.4;27;Alagoas;9737;2019;4;Homens;1149;45 a 49 anos;9737
Indicador  3.9.2;1736;3.7;27;Alagoas;9737;2019;4;Homens;1150;50 a 54 anos;9737
Indicador  3.9.2;1736;15.1;27;Alagoas;9737;2019;4;Homens;1151;55 a 59 anos;9737
Indicador  3.9.2;1736;41.3;27;Alagoas;9737;2019;4;Homens;3302;60 anos ou mais;9737
Indicador  3.9.2;1736;6.0;27;Alagoas;9737;2019;5;Mulheres;95253;Total;9737
Indicador  3.9.2;1736;4.0;27;Alagoas;9737;2019;5;Mulheres;1140;0 a 4 anos;9737
Indicador  3.9.2;1736;1.5;27;Alagoas;9737;2019;5;Mulheres;1141;5 a 9 anos;9737
Indicador  3.9.2;1736;0.0;27;Alagoas;9737;2019;5;Mulheres;1142;10 a 14 anos;9737
Indicador  3.9.2;1736;0.6;27;Alagoas;9737;2019;5;Mulheres;1143;15 a 19 anos;9737
Indicador  3.9.2;1736;0.0;27;Alagoas;9737;2019;5;Mulheres;1144;20 a 24 anos;9737
Indicador  3.9.2;1736;0.0;27;Alagoas;9737;2019;5;Mulheres;1145;25 a 29 anos;9737
Indicador  3.9.2;1736;0.7;27;Alagoas;9737;2019;5;Mulheres;1146;30 a 34 anos;9737
Indicador  3.9.2;1736;0.0;27;Alagoas;9737;2019;5;Mulheres;1147;35 a 39 anos;9737
Indicador  3.9.2;1736;0.0;27;Alagoas;9737;2019;5;Mulheres;1148;40 a 44 anos;9737
Indicador  3.9.2;1736;2.8;27;Alagoas;9737;2019;5;Mulheres;1149;45 a 49 anos;9737
Indicador  3.9.2;1736;4.2;27;Alagoas;9737;2019;5;Mulheres;1150;50 a 54 anos;9737
Indicador  3.9.2;1736;6.4;27;Alagoas;9737;2019;5;Mulheres;1151;55 a 59 anos;9737
Indicador  3.9.2;1736;39.4;27;Alagoas;9737;2019;5;Mulheres;3302;60 anos ou mais;9737
Indicador  3.9.2;1736;5.8;27;Alagoas;9737;2020;6794;Total;95253;Total;9737
Indicador  3.9.2;1736;4.4;27;Alagoas;9737;2020;6794;Total;1140;0 a 4 anos;9737
Indicador  3.9.2;1736;1.1;27;Alagoas;9737;2020;6794;Total;1141;5 a 9 anos;9737
Indicador  3.9.2;1736;0.0;27;Alagoas;9737;2020;6794;Total;1142;10 a 14 anos;9737
Indicador  3.9.2;1736;0.0;27;Alagoas;9737;2020;6794;Total;1143;15 a 19 anos;9737
Indicador  3.9.2;1736;0.0;27;Alagoas;9737;2020;6794;Total;1144;20 a 24 anos;9737
Indicador  3.9.2;1736;0.4;27;Alagoas;9737;2020;6794;Total;1145;25 a 29 anos;9737
Indicador  3.9.2;1736;0.4;27;Alagoas;9737;2020;6794;Total;1146;30 a 34 anos;9737
Indicador  3.9.2;1736;0.4;27;Alagoas;9737;2020;6794;Total;1147;35 a 39 anos;9737
Indicador  3.9.2;1736;1.3;27;Alagoas;9737;2020;6794;Total;1148;40 a 44 anos;9737
Indicador  3.9.2;1736;1.5;27;Alagoas;9737;2020;6794;Total;1149;45 a 49 anos;9737
Indicador  3.9.2;1736;1.1;27;Alagoas;9737;2020;6794;Total;1150;50 a 54 anos;9737
Indicador  3.9.2;1736;6.0;27;Alagoas;9737;2020;6794;Total;1151;55 a 59 anos;9737
Indicador  3.9.2;1736;42.0;27;Alagoas;9737;2020;6794;Total;3302;60 anos ou mais;9737
Indicador  3.9.2;1736;5.1;27;Alagoas;9737;2020;4;Homens;95253;Total;9737
Indicador  3.9.2;1736;0.8;27;Alagoas;9737;2020;4;Homens;1140;0 a 4 anos;9737
Indicador  3.9.2;1736;0.0;27;Alagoas;9737;2020;4;Homens;1141;5 a 9 anos;9737
Indicador  3.9.2;1736;0.0;27;Alagoas;9737;2020;4;Homens;1142;10 a 14 anos;9737
Indicador  3.9.2;1736;0.0;27;Alagoas;9737;2020;4;Homens;1143;15 a 19 anos;9737
Indicador  3.9.2;1736;0.0;27;Alagoas;9737;2020;4;Homens;1144;20 a 24 anos;9737
Indicador  3.9.2;1736;0.7;27;Alagoas;9737;2020;4;Homens;1145;25 a 29 anos;9737
Indicador  3.9.2;1736;0.8;27;Alagoas;9737;2020;4;Homens;1146;30 a 34 anos;9737
Indicador  3.9.2;1736;0.0;27;Alagoas;9737;2020;4;Homens;1147;35 a 39 anos;9737
Indicador  3.9.2;1736;1.8;27;Alagoas;9737;2020;4;Homens;1148;40 a 44 anos;9737
Indicador  3.9.2;1736;2.2;27;Alagoas;9737;2020;4;Homens;1149;45 a 49 anos;9737
Indicador  3.9.2;1736;1.2;27;Alagoas;9737;2020;4;Homens;1150;50 a 54 anos;9737
Indicador  3.9.2;1736;7.3;27;Alagoas;9737;2020;4;Homens;1151;55 a 59 anos;9737
Indicador  3.9.2;1736;41.9;27;Alagoas;9737;2020;4;Homens;3302;60 anos ou mais;9737
Indicador  3.9.2;1736;6.5;27;Alagoas;9737;2020;5;Mulheres;95253;Total;9737
Indicador  3.9.2;1736;8.1;27;Alagoas;9737;2020;5;Mulheres;1140;0 a 4 anos;9737
Indicador  3.9.2;1736;2.4;27;Alagoas;9737;2020;5;Mulheres;1141;5 a 9 anos;9737
Indicador  3.9.2;1736;0.0;27;Alagoas;9737;2020;5;Mulheres;1142;10 a 14 anos;9737
Indicador  3.9.2;1736;0.0;27;Alagoas;9737;2020;5;Mulheres;1143;15 a 19 anos;9737
Indicador  3.9.2;1736;0.0;27;Alagoas;9737;2020;5;Mulheres;1144;20 a 24 anos;9737
Indicador  3.9.2;1736;0.0;27;Alagoas;9737;2020;5;Mulheres;1145;25 a 29 anos;9737
Indicador  3.9.2;1736;0.0;27;Alagoas;9737;2020;5;Mulheres;1146;30 a 34 anos;9737
Indicador  3.9.2;1736;0.7;27;Alagoas;9737;2020;5;Mulheres;1147;35 a 39 anos;9737
Indicador  3.9.2;1736;0.8;27;Alagoas;9737;2020;5;Mulheres;1148;40 a 44 anos;9737
Indicador  3.9.2;1736;0.9;27;Alagoas;9737;2020;5;Mulheres;1149;45 a 49 anos;9737
Indicador  3.9.2;1736;1.0;27;Alagoas;9737;2020;5;Mulheres;1150;50 a 54 anos;9737
Indicador  3.9.2;1736;5.0;27;Alagoas;9737;2020;5;Mulheres;1151;55 a 59 anos;9737
Indicador  3.9.2;1736;42.2;27;Alagoas;9737;2020;5;Mulheres;3302;60 anos ou mais;9737
Indicador  3.9.2;1736;6.0;27;Alagoas;9737;2021;6794;Total;95253;Total;9737
Indicador  3.9.2;1736;10.4;27;Alagoas;9737;2021;6794;Total;1140;0 a 4 anos;9737
Indicador  3.9.2;1736;0.0;27;Alagoas;9737;2021;6794;Total;1141;5 a 9 anos;9737
Indicador  3.9.2;1736;0.4;27;Alagoas;9737;2021;6794;Total;1142;10 a 14 anos;9737
Indicador  3.9.2;1736;0.0;27;Alagoas;9737;2021;6794;Total;1143;15 a 19 anos;9737
Indicador  3.9.2;1736;0.6;27;Alagoas;9737;2021;6794;Total;1144;20 a 24 anos;9737
Indicador  3.9.2;1736;0.7;27;Alagoas;9737;2021;6794;Total;1145;25 a 29 anos;9737
Indicador  3.9.2;1736;0.8;27;Alagoas;9737;2021;6794;Total;1146;30 a 34 anos;9737
Indicador  3.9.2;1736;1.2;27;Alagoas;9737;2021;6794;Total;1147;35 a 39 anos;9737
Indicador  3.9.2;1736;0.0;27;Alagoas;9737;2021;6794;Total;1148;40 a 44 anos;9737
Indicador  3.9.2;1736;2.4;27;Alagoas;9737;2021;6794;Total;1149;45 a 49 anos;9737
Indicador  3.9.2;1736;5.4;27;Alagoas;9737;2021;6794;Total;1150;50 a 54 anos;9737
Indicador  3.9.2;1736;5.9;27;Alagoas;9737;2021;6794;Total;1151;55 a 59 anos;9737
Indicador  3.9.2;1736;36.1;27;Alagoas;9737;2021;6794;Total;3302;60 anos ou mais;9737
Indicador  3.9.2;1736;5.8;27;Alagoas;9737;2021;4;Homens;95253;Total;9737
Indicador  3.9.2;1736;10.9;27;Alagoas;9737;2021;4;Homens;1140;0 a 4 anos;9737
Indicador  3.9.2;1736;0.0;27;Alagoas;9737;2021;4;Homens;1141;5 a 9 anos;9737
Indicador  3.9.2;1736;0.0;27;Alagoas;9737;2021;4;Homens;1142;10 a 14 anos;9737
Indicador  3.9.2;1736;0.0;27;Alagoas;9737;2021;4;Homens;1143;15 a 19 anos;9737
Indicador  3.9.2;1736;0.0;27;Alagoas;9737;2021;4;Homens;1144;20 a 24 anos;9737
Indicador  3.9.2;1736;0.7;27;Alagoas;9737;2021;4;Homens;1145;25 a 29 anos;9737
Indicador  3.9.2;1736;0.8;27;Alagoas;9737;2021;4;Homens;1146;30 a 34 anos;9737
Indicador  3.9.2;1736;1.7;27;Alagoas;9737;2021;4;Homens;1147;35 a 39 anos;9737
Indicador  3.9.2;1736;0.0;27;Alagoas;9737;2021;4;Homens;1148;40 a 44 anos;9737
Indicador  3.9.2;1736;2.1;27;Alagoas;9737;2021;4;Homens;1149;45 a 49 anos;9737
Indicador  3.9.2;1736;3.6;27;Alagoas;9737;2021;4;Homens;1150;50 a 54 anos;9737
Indicador  3.9.2;1736;4.3;27;Alagoas;9737;2021;4;Homens;1151;55 a 59 anos;9737
Indicador  3.9.2;1736;40.0;27;Alagoas;9737;2021;4;Homens;3302;60 anos ou mais;9737
Indicador  3.9.2;1736;6.2;27;Alagoas;9737;2021;5;Mulheres;95253;Total;9737
Indicador  3.9.2;1736;9.8;27;Alagoas;9737;2021;5;Mulheres;1140;0 a 4 anos;9737
Indicador  3.9.2;1736;0.0;27;Alagoas;9737;2021;5;Mulheres;1141;5 a 9 anos;9737
Indicador  3.9.2;1736;0.7;27;Alagoas;9737;2021;5;Mulheres;1142;10 a 14 anos;9737
Indicador  3.9.2;1736;0.0;27;Alagoas;9737;2021;5;Mulheres;1143;15 a 19 anos;9737
Indicador  3.9.2;1736;1.3;27;Alagoas;9737;2021;5;Mulheres;1144;20 a 24 anos;9737
Indicador  3.9.2;1736;0.7;27;Alagoas;9737;2021;5;Mulheres;1145;25 a 29 anos;9737
Indicador  3.9.2;1736;0.7;27;Alagoas;9737;2021;5;Mulheres;1146;30 a 34 anos;9737
Indicador  3.9.2;1736;0.7;27;Alagoas;9737;2021;5;Mulheres;1147;35 a 39 anos;9737
Indicador  3.9.2;1736;0.0;27;Alagoas;9737;2021;5;Mulheres;1148;40 a 44 anos;9737
Indicador  3.9.2;1736;2.7;27;Alagoas;9737;2021;5;Mulheres;1149;45 a 49 anos;9737
Indicador  3.9.2;1736;7.0;27;Alagoas;9737;2021;5;Mulheres;1150;50 a 54 anos;9737
Indicador  3.9.2;1736;7.2;27;Alagoas;9737;2021;5;Mulheres;1151;55 a 59 anos;9737
Indicador  3.9.2;1736;33.2;27;Alagoas;9737;2021;5;Mulheres;3302;60 anos ou mais;9737
Indicador  3.9.2;1736;5.8;27;Alagoas;9737;2022;6794;Total;95253;Total;9737
Indicador  3.9.2;1736;7.2;27;Alagoas;9737;2022;6794;Total;1140;0 a 4 anos;9737
Indicador  3.9.2;1736;0.0;27;Alagoas;9737;2022;6794;Total;1141;5 a 9 anos;9737
Indicador  3.9.2;1736;0.0;27;Alagoas;9737;2022;6794;Total;1142;10 a 14 anos;9737
Indicador  3.9.2;1736;0.0;27;Alagoas;9737;2022;6794;Total;1143;15 a 19 anos;9737
Indicador  3.9.2;1736;0.3;27;Alagoas;9737;2022;6794;Total;1144;20 a 24 anos;9737
Indicador  3.9.2;1736;0.3;27;Alagoas;9737;2022;6794;Total;1145;25 a 29 anos;9737
Indicador  3.9.2;1736;0.4;27;Alagoas;9737;2022;6794;Total;1146;30 a 34 anos;9737
Indicador  3.9.2;1736;0.0;27;Alagoas;9737;2022;6794;Total;1147;35 a 39 anos;9737
Indicador  3.9.2;1736;0.4;27;Alagoas;9737;2022;6794;Total;1148;40 a 44 anos;9737
Indicador  3.9.2;1736;3.8;27;Alagoas;9737;2022;6794;Total;1149;45 a 49 anos;9737
Indicador  3.9.2;1736;4.3;27;Alagoas;9737;2022;6794;Total;1150;50 a 54 anos;9737
Indicador  3.9.2;1736;3.1;27;Alagoas;9737;2022;6794;Total;1151;55 a 59 anos;9737
Indicador  3.9.2;1736;37.4;27;Alagoas;9737;2022;6794;Total;3302;60 anos ou mais;9737
Indicador  3.9.2;1736;6.1;27;Alagoas;9737;2022;4;Homens;95253;Total;9737
Indicador  3.9.2;1736;8.6;27;Alagoas;9737;2022;4;Homens;1140;0 a 4 anos;9737
Indicador  3.9.2;1736;0.0;27;Alagoas;9737;2022;4;Homens;1141;5 a 9 anos;9737
Indicador  3.9.2;1736;0.0;27;Alagoas;9737;2022;4;Homens;1142;10 a 14 anos;9737
Indicador  3.9.2;1736;0.0;27;Alagoas;9737;2022;4;Homens;1143;15 a 19 anos;9737
Indicador  3.9.2;1736;0.0;27;Alagoas;9737;2022;4;Homens;1144;20 a 24 anos;9737
Indicador  3.9.2;1736;0.7;27;Alagoas;9737;2022;4;Homens;1145;25 a 29 anos;9737
Indicador  3.9.2;1736;0.0;27;Alagoas;9737;2022;4;Homens;1146;30 a 34 anos;9737
Indicador  3.9.2;1736;0.0;27;Alagoas;9737;2022;4;Homens;1147;35 a 39 anos;9737
Indicador  3.9.2;1736;0.9;27;Alagoas;9737;2022;4;Homens;1148;40 a 44 anos;9737
Indicador  3.9.2;1736;3.1;27;Alagoas;9737;2022;4;Homens;1149;45 a 49 anos;9737
Indicador  3.9.2;1736;4.7;27;Alagoas;9737;2022;4;Homens;1150;50 a 54 anos;9737
Indicador  3.9.2;1736;1.4;27;Alagoas;9737;2022;4;Homens;1151;55 a 59 anos;9737
Indicador  3.9.2;1736;44.5;27;Alagoas;9737;2022;4;Homens;3302;60 anos ou mais;9737
Indicador  3.9.2;1736;5.5;27;Alagoas;9737;2022;5;Mulheres;95253;Total;9737
Indicador  3.9.2;1736;5.7;27;Alagoas;9737;2022;5;Mulheres;1140;0 a 4 anos;9737
Indicador  3.9.2;1736;0.0;27;Alagoas;9737;2022;5;Mulheres;1141;5 a 9 anos;9737
Indicador  3.9.2;1736;0.0;27;Alagoas;9737;2022;5;Mulheres;1142;10 a 14 anos;9737
Indicador  3.9.2;1736;0.0;27;Alagoas;9737;2022;5;Mulheres;1143;15 a 19 anos;9737
Indicador  3.9.2;1736;0.6;27;Alagoas;9737;2022;5;Mulheres;1144;20 a 24 anos;9737
Indicador  3.9.2;1736;0.0;27;Alagoas;9737;2022;5;Mulheres;1145;25 a 29 anos;9737
Indicador  3.9.2;1736;0.7;27;Alagoas;9737;2022;5;Mulheres;1146;30 a 34 anos;9737
Indicador  3.9.2;1736;0.0;27;Alagoas;9737;2022;5;Mulheres;1147;35 a 39 anos;9737
Indicador  3.9.2;1736;0.0;27;Alagoas;9737;2022;5;Mulheres;1148;40 a 44 anos;9737
Indicador  3.9.2;1736;4.4;27;Alagoas;9737;2022;5;Mulheres;1149;45 a 49 anos;9737
Indicador  3.9.2;1736;4.0;27;Alagoas;9737;2022;5;Mulheres;1150;50 a 54 anos;9737
Indicador  3.9.2;1736;4.6;27;Alagoas;9737;2022;5;Mulheres;1151;55 a 59 anos;9737
Indicador  3.9.2;1736;32.1;27;Alagoas;9737;2022;5;Mulheres;3302;60 anos ou mais;9737
Indicador  3.9.2;1736;4.6;28;Sergipe;9737;2018;6794;Total;95253;Total;9737
Indicador  3.9.2;1736;2.4;28;Sergipe;9737;2018;6794;Total;1140;0 a 4 anos;9737
Indicador  3.9.2;1736;0.0;28;Sergipe;9737;2018;6794;Total;1141;5 a 9 anos;9737
Indicador  3.9.2;1736;1.1;28;Sergipe;9737;2018;6794;Total;1142;10 a 14 anos;9737
Indicador  3.9.2;1736;1.0;28;Sergipe;9737;2018;6794;Total;1143;15 a 19 anos;9737
Indicador  3.9.2;1736;0.0;28;Sergipe;9737;2018;6794;Total;1144;20 a 24 anos;9737
Indicador  3.9.2;1736;0.0;28;Sergipe;9737;2018;6794;Total;1145;25 a 29 anos;9737
Indicador  3.9.2;1736;1.0;28;Sergipe;9737;2018;6794;Total;1146;30 a 34 anos;9737
Indicador  3.9.2;1736;0.0;28;Sergipe;9737;2018;6794;Total;1147;35 a 39 anos;9737
Indicador  3.9.2;1736;0.6;28;Sergipe;9737;2018;6794;Total;1148;40 a 44 anos;9737
Indicador  3.9.2;1736;1.4;28;Sergipe;9737;2018;6794;Total;1149;45 a 49 anos;9737
Indicador  3.9.2;1736;0.8;28;Sergipe;9737;2018;6794;Total;1150;50 a 54 anos;9737
Indicador  3.9.2;1736;4.0;28;Sergipe;9737;2018;6794;Total;1151;55 a 59 anos;9737
Indicador  3.9.2;1736;35.2;28;Sergipe;9737;2018;6794;Total;3302;60 anos ou mais;9737
Indicador  3.9.2;1736;3.9;28;Sergipe;9737;2018;4;Homens;95253;Total;9737
Indicador  3.9.2;1736;1.2;28;Sergipe;9737;2018;4;Homens;1140;0 a 4 anos;9737
Indicador  3.9.2;1736;0.0;28;Sergipe;9737;2018;4;Homens;1141;5 a 9 anos;9737
Indicador  3.9.2;1736;1.1;28;Sergipe;9737;2018;4;Homens;1142;10 a 14 anos;9737
Indicador  3.9.2;1736;1.0;28;Sergipe;9737;2018;4;Homens;1143;15 a 19 anos;9737
Indicador  3.9.2;1736;0.0;28;Sergipe;9737;2018;4;Homens;1144;20 a 24 anos;9737
Indicador  3.9.2;1736;0.0;28;Sergipe;9737;2018;4;Homens;1145;25 a 29 anos;9737
Indicador  3.9.2;1736;2.1;28;Sergipe;9737;2018;4;Homens;1146;30 a 34 anos;9737
Indicador  3.9.2;1736;0.0;28;Sergipe;9737;2018;4;Homens;1147;35 a 39 anos;9737
Indicador  3.9.2;1736;0.0;28;Sergipe;9737;2018;4;Homens;1148;40 a 44 anos;9737
Indicador  3.9.2;1736;3.0;28;Sergipe;9737;2018;4;Homens;1149;45 a 49 anos;9737
Indicador  3.9.2;1736;1.7;28;Sergipe;9737;2018;4;Homens;1150;50 a 54 anos;9737
Indicador  3.9.2;1736;4.3;28;Sergipe;9737;2018;4;Homens;1151;55 a 59 anos;9737
Indicador  3.9.2;1736;31.3;28;Sergipe;9737;2018;4;Homens;3302;60 anos ou mais;9737
Indicador  3.9.2;1736;5.2;28;Sergipe;9737;2018;5;Mulheres;95253;Total;9737
Indicador  3.9.2;1736;3.6;28;Sergipe;9737;2018;5;Mulheres;1140;0 a 4 anos;9737
Indicador  3.9.2;1736;0.0;28;Sergipe;9737;2018;5;Mulheres;1141;5 a 9 anos;9737
Indicador  3.9.2;1736;1.1;28;Sergipe;9737;2018;5;Mulheres;1142;10 a 14 anos;9737
Indicador  3.9.2;1736;1.0;28;Sergipe;9737;2018;5;Mulheres;1143;15 a 19 anos;9737
Indicador  3.9.2;1736;0.0;28;Sergipe;9737;2018;5;Mulheres;1144;20 a 24 anos;9737
Indicador  3.9.2;1736;0.0;28;Sergipe;9737;2018;5;Mulheres;1145;25 a 29 anos;9737
Indicador  3.9.2;1736;0.0;28;Sergipe;9737;2018;5;Mulheres;1146;30 a 34 anos;9737
Indicador  3.9.2;1736;0.0;28;Sergipe;9737;2018;5;Mulheres;1147;35 a 39 anos;9737
Indicador  3.9.2;1736;1.2;28;Sergipe;9737;2018;5;Mulheres;1148;40 a 44 anos;9737
Indicador  3.9.2;1736;0.0;28;Sergipe;9737;2018;5;Mulheres;1149;45 a 49 anos;9737
Indicador  3.9.2;1736;0.0;28;Sergipe;9737;2018;5;Mulheres;1150;50 a 54 anos;9737
Indicador  3.9.2;1736;3.7;28;Sergipe;9737;2018;5;Mulheres;1151;55 a 59 anos;9737
Indicador  3.9.2;1736;38.2;28;Sergipe;9737;2018;5;Mulheres;3302;60 anos ou mais;9737
Indicador  3.9.2;1736;5.0;28;Sergipe;9737;2019;6794;Total;95253;Total;9737
Indicador  3.9.2;1736;5.9;28;Sergipe;9737;2019;6794;Total;1140;0 a 4 anos;9737
Indicador  3.9.2;1736;0.0;28;Sergipe;9737;2019;6794;Total;1141;5 a 9 anos;9737
Indicador  3.9.2;1736;0.6;28;Sergipe;9737;2019;6794;Total;1142;10 a 14 anos;9737
Indicador  3.9.2;1736;0.0;28;Sergipe;9737;2019;6794;Total;1143;15 a 19 anos;9737
Indicador  3.9.2;1736;0.5;28;Sergipe;9737;2019;6794;Total;1144;20 a 24 anos;9737
Indicador  3.9.2;1736;0.5;28;Sergipe;9737;2019;6794;Total;1145;25 a 29 anos;9737
Indicador  3.9.2;1736;0.5;28;Sergipe;9737;2019;6794;Total;1146;30 a 34 anos;9737
Indicador  3.9.2;1736;0.5;28;Sergipe;9737;2019;6794;Total;1147;35 a 39 anos;9737
Indicador  3.9.2;1736;1.2;28;Sergipe;9737;2019;6794;Total;1148;40 a 44 anos;9737
Indicador  3.9.2;1736;0.0;28;Sergipe;9737;2019;6794;Total;1149;45 a 49 anos;9737
Indicador  3.9.2;1736;3.1;28;Sergipe;9737;2019;6794;Total;1150;50 a 54 anos;9737
Indicador  3.9.2;1736;5.8;28;Sergipe;9737;2019;6794;Total;1151;55 a 59 anos;9737
Indicador  3.9.2;1736;34.4;28;Sergipe;9737;2019;6794;Total;3302;60 anos ou mais;9737
Indicador  3.9.2;1736;4.8;28;Sergipe;9737;2019;4;Homens;95253;Total;9737
Indicador  3.9.2;1736;4.6;28;Sergipe;9737;2019;4;Homens;1140;0 a 4 anos;9737
Indicador  3.9.2;1736;0.0;28;Sergipe;9737;2019;4;Homens;1141;5 a 9 anos;9737
Indicador  3.9.2;1736;1.1;28;Sergipe;9737;2019;4;Homens;1142;10 a 14 anos;9737
Indicador  3.9.2;1736;0.0;28;Sergipe;9737;2019;4;Homens;1143;15 a 19 anos;9737
Indicador  3.9.2;1736;1.0;28;Sergipe;9737;2019;4;Homens;1144;20 a 24 anos;9737
Indicador  3.9.2;1736;1.0;28;Sergipe;9737;2019;4;Homens;1145;25 a 29 anos;9737
Indicador  3.9.2;1736;1.1;28;Sergipe;9737;2019;4;Homens;1146;30 a 34 anos;9737
Indicador  3.9.2;1736;0.0;28;Sergipe;9737;2019;4;Homens;1147;35 a 39 anos;9737
Indicador  3.9.2;1736;0.0;28;Sergipe;9737;2019;4;Homens;1148;40 a 44 anos;9737
Indicador  3.9.2;1736;0.0;28;Sergipe;9737;2019;4;Homens;1149;45 a 49 anos;9737
Indicador  3.9.2;1736;3.3;28;Sergipe;9737;2019;4;Homens;1150;50 a 54 anos;9737
Indicador  3.9.2;1736;8.3;28;Sergipe;9737;2019;4;Homens;1151;55 a 59 anos;9737
Indicador  3.9.2;1736;35.7;28;Sergipe;9737;2019;4;Homens;3302;60 anos ou mais;9737
Indicador  3.9.2;1736;5.1;28;Sergipe;9737;2019;5;Mulheres;95253;Total;9737
Indicador  3.9.2;1736;7.2;28;Sergipe;9737;2019;5;Mulheres;1140;0 a 4 anos;9737
Indicador  3.9.2;1736;0.0;28;Sergipe;9737;2019;5;Mulheres;1141;5 a 9 anos;9737
Indicador  3.9.2;1736;0.0;28;Sergipe;9737;2019;5;Mulheres;1142;10 a 14 anos;9737
Indicador  3.9.2;1736;0.0;28;Sergipe;9737;2019;5;Mulheres;1143;15 a 19 anos;9737
Indicador  3.9.2;1736;0.0;28;Sergipe;9737;2019;5;Mulheres;1144;20 a 24 anos;9737
Indicador  3.9.2;1736;0.0;28;Sergipe;9737;2019;5;Mulheres;1145;25 a 29 anos;9737
Indicador  3.9.2;1736;0.0;28;Sergipe;9737;2019;5;Mulheres;1146;30 a 34 anos;9737
Indicador  3.9.2;1736;1.0;28;Sergipe;9737;2019;5;Mulheres;1147;35 a 39 anos;9737
Indicador  3.9.2;1736;2.3;28;Sergipe;9737;2019;5;Mulheres;1148;40 a 44 anos;9737
Indicador  3.9.2;1736;0.0;28;Sergipe;9737;2019;5;Mulheres;1149;45 a 49 anos;9737
Indicador  3.9.2;1736;2.9;28;Sergipe;9737;2019;5;Mulheres;1150;50 a 54 anos;9737
Indicador  3.9.2;1736;3.6;28;Sergipe;9737;2019;5;Mulheres;1151;55 a 59 anos;9737
Indicador  3.9.2;1736;33.4;28;Sergipe;9737;2019;5;Mulheres;3302;60 anos ou mais;9737
Indicador  3.9.2;1736;4.1;28;Sergipe;9737;2020;6794;Total;95253;Total;9737
Indicador  3.9.2;1736;5.3;28;Sergipe;9737;2020;6794;Total;1140;0 a 4 anos;9737
Indicador  3.9.2;1736;1.2;28;Sergipe;9737;2020;6794;Total;1141;5 a 9 anos;9737
Indicador  3.9.2;1736;0.0;28;Sergipe;9737;2020;6794;Total;1142;10 a 14 anos;9737
Indicador  3.9.2;1736;0.5;28;Sergipe;9737;2020;6794;Total;1143;15 a 19 anos;9737
Indicador  3.9.2;1736;0.5;28;Sergipe;9737;2020;6794;Total;1144;20 a 24 anos;9737
Indicador  3.9.2;1736;0.5;28;Sergipe;9737;2020;6794;Total;1145;25 a 29 anos;9737
Indicador  3.9.2;1736;0.0;28;Sergipe;9737;2020;6794;Total;1146;30 a 34 anos;9737
Indicador  3.9.2;1736;1.6;28;Sergipe;9737;2020;6794;Total;1147;35 a 39 anos;9737
Indicador  3.9.2;1736;1.8;28;Sergipe;9737;2020;6794;Total;1148;40 a 44 anos;9737
Indicador  3.9.2;1736;1.4;28;Sergipe;9737;2020;6794;Total;1149;45 a 49 anos;9737
Indicador  3.9.2;1736;3.8;28;Sergipe;9737;2020;6794;Total;1150;50 a 54 anos;9737
Indicador  3.9.2;1736;1.8;28;Sergipe;9737;2020;6794;Total;1151;55 a 59 anos;9737
Indicador  3.9.2;1736;25.5;28;Sergipe;9737;2020;6794;Total;3302;60 anos ou mais;9737
Indicador  3.9.2;1736;3.8;28;Sergipe;9737;2020;4;Homens;95253;Total;9737
Indicador  3.9.2;1736;4.6;28;Sergipe;9737;2020;4;Homens;1140;0 a 4 anos;9737
Indicador  3.9.2;1736;1.1;28;Sergipe;9737;2020;4;Homens;1141;5 a 9 anos;9737
Indicador  3.9.2;1736;0.0;28;Sergipe;9737;2020;4;Homens;1142;10 a 14 anos;9737
Indicador  3.9.2;1736;0.0;28;Sergipe;9737;2020;4;Homens;1143;15 a 19 anos;9737
Indicador  3.9.2;1736;0.0;28;Sergipe;9737;2020;4;Homens;1144;20 a 24 anos;9737
Indicador  3.9.2;1736;1.0;28;Sergipe;9737;2020;4;Homens;1145;25 a 29 anos;9737
Indicador  3.9.2;1736;0.0;28;Sergipe;9737;2020;4;Homens;1146;30 a 34 anos;9737
Indicador  3.9.2;1736;2.2;28;Sergipe;9737;2020;4;Homens;1147;35 a 39 anos;9737
Indicador  3.9.2;1736;1.3;28;Sergipe;9737;2020;4;Homens;1148;40 a 44 anos;9737
Indicador  3.9.2;1736;2.9;28;Sergipe;9737;2020;4;Homens;1149;45 a 49 anos;9737
Indicador  3.9.2;1736;1.6;28;Sergipe;9737;2020;4;Homens;1150;50 a 54 anos;9737
Indicador  3.9.2;1736;2.0;28;Sergipe;9737;2020;4;Homens;1151;55 a 59 anos;9737
Indicador  3.9.2;1736;25.6;28;Sergipe;9737;2020;4;Homens;3302;60 anos ou mais;9737
Indicador  3.9.2;1736;4.5;28;Sergipe;9737;2020;5;Mulheres;95253;Total;9737
Indicador  3.9.2;1736;6.0;28;Sergipe;9737;2020;5;Mulheres;1140;0 a 4 anos;9737
Indicador  3.9.2;1736;1.2;28;Sergipe;9737;2020;5;Mulheres;1141;5 a 9 anos;9737
Indicador  3.9.2;1736;0.0;28;Sergipe;9737;2020;5;Mulheres;1142;10 a 14 anos;9737
Indicador  3.9.2;1736;1.1;28;Sergipe;9737;2020;5;Mulheres;1143;15 a 19 anos;9737
Indicador  3.9.2;1736;1.0;28;Sergipe;9737;2020;5;Mulheres;1144;20 a 24 anos;9737
Indicador  3.9.2;1736;0.0;28;Sergipe;9737;2020;5;Mulheres;1145;25 a 29 anos;9737
Indicador  3.9.2;1736;0.0;28;Sergipe;9737;2020;5;Mulheres;1146;30 a 34 anos;9737
Indicador  3.9.2;1736;1.0;28;Sergipe;9737;2020;5;Mulheres;1147;35 a 39 anos;9737
Indicador  3.9.2;1736;2.2;28;Sergipe;9737;2020;5;Mulheres;1148;40 a 44 anos;9737
Indicador  3.9.2;1736;0.0;28;Sergipe;9737;2020;5;Mulheres;1149;45 a 49 anos;9737
Indicador  3.9.2;1736;5.7;28;Sergipe;9737;2020;5;Mulheres;1150;50 a 54 anos;9737
Indicador  3.9.2;1736;1.7;28;Sergipe;9737;2020;5;Mulheres;1151;55 a 59 anos;9737
Indicador  3.9.2;1736;25.4;28;Sergipe;9737;2020;5;Mulheres;3302;60 anos ou mais;9737
Indicador  3.9.2;1736;4.7;28;Sergipe;9737;2021;6794;Total;95253;Total;9737
Indicador  3.9.2;1736;4.1;28;Sergipe;9737;2021;6794;Total;1140;0 a 4 anos;9737
Indicador  3.9.2;1736;0.6;28;Sergipe;9737;2021;6794;Total;1141;5 a 9 anos;9737
Indicador  3.9.2;1736;0.0;28;Sergipe;9737;2021;6794;Total;1142;10 a 14 anos;9737
Indicador  3.9.2;1736;0.5;28;Sergipe;9737;2021;6794;Total;1143;15 a 19 anos;9737
Indicador  3.9.2;1736;0.5;28;Sergipe;9737;2021;6794;Total;1144;20 a 24 anos;9737
Indicador  3.9.2;1736;1.0;28;Sergipe;9737;2021;6794;Total;1145;25 a 29 anos;9737
Indicador  3.9.2;1736;0.0;28;Sergipe;9737;2021;6794;Total;1146;30 a 34 anos;9737
Indicador  3.9.2;1736;1.1;28;Sergipe;9737;2021;6794;Total;1147;35 a 39 anos;9737
Indicador  3.9.2;1736;1.7;28;Sergipe;9737;2021;6794;Total;1148;40 a 44 anos;9737
Indicador  3.9.2;1736;0.7;28;Sergipe;9737;2021;6794;Total;1149;45 a 49 anos;9737
Indicador  3.9.2;1736;3.7;28;Sergipe;9737;2021;6794;Total;1150;50 a 54 anos;9737
Indicador  3.9.2;1736;6.2;28;Sergipe;9737;2021;6794;Total;1151;55 a 59 anos;9737
Indicador  3.9.2;1736;29.3;28;Sergipe;9737;2021;6794;Total;3302;60 anos ou mais;9737
Indicador  3.9.2;1736;5.0;28;Sergipe;9737;2021;4;Homens;95253;Total;9737
Indicador  3.9.2;1736;4.6;28;Sergipe;9737;2021;4;Homens;1140;0 a 4 anos;9737
Indicador  3.9.2;1736;1.1;28;Sergipe;9737;2021;4;Homens;1141;5 a 9 anos;9737
Indicador  3.9.2;1736;0.0;28;Sergipe;9737;2021;4;Homens;1142;10 a 14 anos;9737
Indicador  3.9.2;1736;1.1;28;Sergipe;9737;2021;4;Homens;1143;15 a 19 anos;9737
Indicador  3.9.2;1736;1.0;28;Sergipe;9737;2021;4;Homens;1144;20 a 24 anos;9737
Indicador  3.9.2;1736;2.0;28;Sergipe;9737;2021;4;Homens;1145;25 a 29 anos;9737
Indicador  3.9.2;1736;0.0;28;Sergipe;9737;2021;4;Homens;1146;30 a 34 anos;9737
Indicador  3.9.2;1736;2.2;28;Sergipe;9737;2021;4;Homens;1147;35 a 39 anos;9737
Indicador  3.9.2;1736;1.2;28;Sergipe;9737;2021;4;Homens;1148;40 a 44 anos;9737
Indicador  3.9.2;1736;0.0;28;Sergipe;9737;2021;4;Homens;1149;45 a 49 anos;9737
Indicador  3.9.2;1736;4.8;28;Sergipe;9737;2021;4;Homens;1150;50 a 54 anos;9737
Indicador  3.9.2;1736;5.8;28;Sergipe;9737;2021;4;Homens;1151;55 a 59 anos;9737
Indicador  3.9.2;1736;32.4;28;Sergipe;9737;2021;4;Homens;3302;60 anos ou mais;9737
Indicador  3.9.2;1736;4.5;28;Sergipe;9737;2021;5;Mulheres;95253;Total;9737
Indicador  3.9.2;1736;3.6;28;Sergipe;9737;2021;5;Mulheres;1140;0 a 4 anos;9737
Indicador  3.9.2;1736;0.0;28;Sergipe;9737;2021;5;Mulheres;1141;5 a 9 anos;9737
Indicador  3.9.2;1736;0.0;28;Sergipe;9737;2021;5;Mulheres;1142;10 a 14 anos;9737
Indicador  3.9.2;1736;0.0;28;Sergipe;9737;2021;5;Mulheres;1143;15 a 19 anos;9737
Indicador  3.9.2;1736;0.0;28;Sergipe;9737;2021;5;Mulheres;1144;20 a 24 anos;9737
Indicador  3.9.2;1736;0.0;28;Sergipe;9737;2021;5;Mulheres;1145;25 a 29 anos;9737
Indicador  3.9.2;1736;0.0;28;Sergipe;9737;2021;5;Mulheres;1146;30 a 34 anos;9737
Indicador  3.9.2;1736;0.0;28;Sergipe;9737;2021;5;Mulheres;1147;35 a 39 anos;9737
Indicador  3.9.2;1736;2.2;28;Sergipe;9737;2021;5;Mulheres;1148;40 a 44 anos;9737
Indicador  3.9.2;1736;1.3;28;Sergipe;9737;2021;5;Mulheres;1149;45 a 49 anos;9737
Indicador  3.9.2;1736;2.8;28;Sergipe;9737;2021;5;Mulheres;1150;50 a 54 anos;9737
Indicador  3.9.2;1736;6.6;28;Sergipe;9737;2021;5;Mulheres;1151;55 a 59 anos;9737
Indicador  3.9.2;1736;27.0;28;Sergipe;9737;2021;5;Mulheres;3302;60 anos ou mais;9737
Indicador  3.9.2;1736;3.8;28;Sergipe;9737;2022;6794;Total;95253;Total;9737
Indicador  3.9.2;1736;7.6;28;Sergipe;9737;2022;6794;Total;1140;0 a 4 anos;9737
Indicador  3.9.2;1736;0.0;28;Sergipe;9737;2022;6794;Total;1141;5 a 9 anos;9737
Indicador  3.9.2;1736;1.1;28;Sergipe;9737;2022;6794;Total;1142;10 a 14 anos;9737
Indicador  3.9.2;1736;0.0;28;Sergipe;9737;2022;6794;Total;1143;15 a 19 anos;9737
Indicador  3.9.2;1736;1.0;28;Sergipe;9737;2022;6794;Total;1144;20 a 24 anos;9737
Indicador  3.9.2;1736;0.0;28;Sergipe;9737;2022;6794;Total;1145;25 a 29 anos;9737
Indicador  3.9.2;1736;0.0;28;Sergipe;9737;2022;6794;Total;1146;30 a 34 anos;9737
Indicador  3.9.2;1736;1.0;28;Sergipe;9737;2022;6794;Total;1147;35 a 39 anos;9737
Indicador  3.9.2;1736;0.0;28;Sergipe;9737;2022;6794;Total;1148;40 a 44 anos;9737
Indicador  3.9.2;1736;1.3;28;Sergipe;9737;2022;6794;Total;1149;45 a 49 anos;9737
Indicador  3.9.2;1736;0.7;28;Sergipe;9737;2022;6794;Total;1150;50 a 54 anos;9737
Indicador  3.9.2;1736;2.6;28;Sergipe;9737;2022;6794;Total;1151;55 a 59 anos;9737
Indicador  3.9.2;1736;22.6;28;Sergipe;9737;2022;6794;Total;3302;60 anos ou mais;9737
Indicador  3.9.2;1736;4.3;28;Sergipe;9737;2022;4;Homens;95253;Total;9737
Indicador  3.9.2;1736;10.3;28;Sergipe;9737;2022;4;Homens;1140;0 a 4 anos;9737
Indicador  3.9.2;1736;0.0;28;Sergipe;9737;2022;4;Homens;1141;5 a 9 anos;9737
Indicador  3.9.2;1736;2.2;28;Sergipe;9737;2022;4;Homens;1142;10 a 14 anos;9737
Indicador  3.9.2;1736;0.0;28;Sergipe;9737;2022;4;Homens;1143;15 a 19 anos;9737
Indicador  3.9.2;1736;2.0;28;Sergipe;9737;2022;4;Homens;1144;20 a 24 anos;9737
Indicador  3.9.2;1736;0.0;28;Sergipe;9737;2022;4;Homens;1145;25 a 29 anos;9737
Indicador  3.9.2;1736;0.0;28;Sergipe;9737;2022;4;Homens;1146;30 a 34 anos;9737
Indicador  3.9.2;1736;2.2;28;Sergipe;9737;2022;4;Homens;1147;35 a 39 anos;9737
Indicador  3.9.2;1736;0.0;28;Sergipe;9737;2022;4;Homens;1148;40 a 44 anos;9737
Indicador  3.9.2;1736;1.4;28;Sergipe;9737;2022;4;Homens;1149;45 a 49 anos;9737
Indicador  3.9.2;1736;1.6;28;Sergipe;9737;2022;4;Homens;1150;50 a 54 anos;9737
Indicador  3.9.2;1736;3.7;28;Sergipe;9737;2022;4;Homens;1151;55 a 59 anos;9737
Indicador  3.9.2;1736;24.6;28;Sergipe;9737;2022;4;Homens;3302;60 anos ou mais;9737
Indicador  3.9.2;1736;3.3;28;Sergipe;9737;2022;5;Mulheres;95253;Total;9737
Indicador  3.9.2;1736;4.8;28;Sergipe;9737;2022;5;Mulheres;1140;0 a 4 anos;9737
Indicador  3.9.2;1736;0.0;28;Sergipe;9737;2022;5;Mulheres;1141;5 a 9 anos;9737
Indicador  3.9.2;1736;0.0;28;Sergipe;9737;2022;5;Mulheres;1142;10 a 14 anos;9737
Indicador  3.9.2;1736;0.0;28;Sergipe;9737;2022;5;Mulheres;1143;15 a 19 anos;9737
Indicador  3.9.2;1736;0.0;28;Sergipe;9737;2022;5;Mulheres;1144;20 a 24 anos;9737
Indicador  3.9.2;1736;0.0;28;Sergipe;9737;2022;5;Mulheres;1145;25 a 29 anos;9737
Indicador  3.9.2;1736;0.0;28;Sergipe;9737;2022;5;Mulheres;1146;30 a 34 anos;9737
Indicador  3.9.2;1736;0.0;28;Sergipe;9737;2022;5;Mulheres;1147;35 a 39 anos;9737
Indicador  3.9.2;1736;0.0;28;Sergipe;9737;2022;5;Mulheres;1148;40 a 44 anos;9737
Indicador  3.9.2;1736;1.2;28;Sergipe;9737;2022;5;Mulheres;1149;45 a 49 anos;9737
Indicador  3.9.2;1736;0.0;28;Sergipe;9737;2022;5;Mulheres;1150;50 a 54 anos;9737
Indicador  3.9.2;1736;1.6;28;Sergipe;9737;2022;5;Mulheres;1151;55 a 59 anos;9737
Indicador  3.9.2;1736;21.0;28;Sergipe;9737;2022;5;Mulheres;3302;60 anos ou mais;9737
Indicador  3.9.2;1736;6.1;29;Bahia;9737;2018;6794;Total;95253;Total;9737
Indicador  3.9.2;1736;6.0;29;Bahia;9737;2018;6794;Total;1140;0 a 4 anos;9737
Indicador  3.9.2;1736;0.5;29;Bahia;9737;2018;6794;Total;1141;5 a 9 anos;9737
Indicador  3.9.2;1736;0.8;29;Bahia;9737;2018;6794;Total;1142;10 a 14 anos;9737
Indicador  3.9.2;1736;0.3;29;Bahia;9737;2018;6794;Total;1143;15 a 19 anos;9737
Indicador  3.9.2;1736;0.2;29;Bahia;9737;2018;6794;Total;1144;20 a 24 anos;9737
Indicador  3.9.2;1736;0.4;29;Bahia;9737;2018;6794;Total;1145;25 a 29 anos;9737
Indicador  3.9.2;1736;0.7;29;Bahia;9737;2018;6794;Total;1146;30 a 34 anos;9737
Indicador  3.9.2;1736;1.1;29;Bahia;9737;2018;6794;Total;1147;35 a 39 anos;9737
Indicador  3.9.2;1736;1.1;29;Bahia;9737;2018;6794;Total;1148;40 a 44 anos;9737
Indicador  3.9.2;1736;2.4;29;Bahia;9737;2018;6794;Total;1149;45 a 49 anos;9737
Indicador  3.9.2;1736;3.6;29;Bahia;9737;2018;6794;Total;1150;50 a 54 anos;9737
Indicador  3.9.2;1736;3.9;29;Bahia;9737;2018;6794;Total;1151;55 a 59 anos;9737
Indicador  3.9.2;1736;37.6;29;Bahia;9737;2018;6794;Total;3302;60 anos ou mais;9737
Indicador  3.9.2;1736;6.4;29;Bahia;9737;2018;4;Homens;95253;Total;9737
Indicador  3.9.2;1736;7.6;29;Bahia;9737;2018;4;Homens;1140;0 a 4 anos;9737
Indicador  3.9.2;1736;0.7;29;Bahia;9737;2018;4;Homens;1141;5 a 9 anos;9737
Indicador  3.9.2;1736;0.7;29;Bahia;9737;2018;4;Homens;1142;10 a 14 anos;9737
Indicador  3.9.2;1736;0.5;29;Bahia;9737;2018;4;Homens;1143;15 a 19 anos;9737
Indicador  3.9.2;1736;0.3;29;Bahia;9737;2018;4;Homens;1144;20 a 24 anos;9737
Indicador  3.9.2;1736;0.7;29;Bahia;9737;2018;4;Homens;1145;25 a 29 anos;9737
Indicador  3.9.2;1736;0.8;29;Bahia;9737;2018;4;Homens;1146;30 a 34 anos;9737
Indicador  3.9.2;1736;1.5;29;Bahia;9737;2018;4;Homens;1147;35 a 39 anos;9737
Indicador  3.9.2;1736;1.6;29;Bahia;9737;2018;4;Homens;1148;40 a 44 anos;9737
Indicador  3.9.2;1736;2.5;29;Bahia;9737;2018;4;Homens;1149;45 a 49 anos;9737
Indicador  3.9.2;1736;5.8;29;Bahia;9737;2018;4;Homens;1150;50 a 54 anos;9737
Indicador  3.9.2;1736;4.3;29;Bahia;9737;2018;4;Homens;1151;55 a 59 anos;9737
Indicador  3.9.2;1736;40.7;29;Bahia;9737;2018;4;Homens;3302;60 anos ou mais;9737
Indicador  3.9.2;1736;5.8;29;Bahia;9737;2018;5;Mulheres;95253;Total;9737
Indicador  3.9.2;1736;4.4;29;Bahia;9737;2018;5;Mulheres;1140;0 a 4 anos;9737
Indicador  3.9.2;1736;0.2;29;Bahia;9737;2018;5;Mulheres;1141;5 a 9 anos;9737
Indicador  3.9.2;1736;0.9;29;Bahia;9737;2018;5;Mulheres;1142;10 a 14 anos;9737
Indicador  3.9.2;1736;0.2;29;Bahia;9737;2018;5;Mulheres;1143;15 a 19 anos;9737
Indicador  3.9.2;1736;0.2;29;Bahia;9737;2018;5;Mulheres;1144;20 a 24 anos;9737
Indicador  3.9.2;1736;0.2;29;Bahia;9737;2018;5;Mulheres;1145;25 a 29 anos;9737
Indicador  3.9.2;1736;0.6;29;Bahia;9737;2018;5;Mulheres;1146;30 a 34 anos;9737
Indicador  3.9.2;1736;0.8;29;Bahia;9737;2018;5;Mulheres;1147;35 a 39 anos;9737
Indicador  3.9.2;1736;0.7;29;Bahia;9737;2018;5;Mulheres;1148;40 a 44 anos;9737
Indicador  3.9.2;1736;2.3;29;Bahia;9737;2018;5;Mulheres;1149;45 a 49 anos;9737
Indicador  3.9.2;1736;1.6;29;Bahia;9737;2018;5;Mulheres;1150;50 a 54 anos;9737
Indicador  3.9.2;1736;3.6;29;Bahia;9737;2018;5;Mulheres;1151;55 a 59 anos;9737
Indicador  3.9.2;1736;35.2;29;Bahia;9737;2018;5;Mulheres;3302;60 anos ou mais;9737
Indicador  3.9.2;1736;6.4;29;Bahia;9737;2019;6794;Total;95253;Total;9737
Indicador  3.9.2;1736;5.1;29;Bahia;9737;2019;6794;Total;1140;0 a 4 anos;9737
Indicador  3.9.2;1736;0.5;29;Bahia;9737;2019;6794;Total;1141;5 a 9 anos;9737
Indicador  3.9.2;1736;0.6;29;Bahia;9737;2019;6794;Total;1142;10 a 14 anos;9737
Indicador  3.9.2;1736;0.3;29;Bahia;9737;2019;6794;Total;1143;15 a 19 anos;9737
Indicador  3.9.2;1736;0.6;29;Bahia;9737;2019;6794;Total;1144;20 a 24 anos;9737
Indicador  3.9.2;1736;0.3;29;Bahia;9737;2019;6794;Total;1145;25 a 29 anos;9737
Indicador  3.9.2;1736;0.5;29;Bahia;9737;2019;6794;Total;1146;30 a 34 anos;9737
Indicador  3.9.2;1736;0.7;29;Bahia;9737;2019;6794;Total;1147;35 a 39 anos;9737
Indicador  3.9.2;1736;1.3;29;Bahia;9737;2019;6794;Total;1148;40 a 44 anos;9737
Indicador  3.9.2;1736;1.3;29;Bahia;9737;2019;6794;Total;1149;45 a 49 anos;9737
Indicador  3.9.2;1736;3.0;29;Bahia;9737;2019;6794;Total;1150;50 a 54 anos;9737
Indicador  3.9.2;1736;3.8;29;Bahia;9737;2019;6794;Total;1151;55 a 59 anos;9737
Indicador  3.9.2;1736;40.8;29;Bahia;9737;2019;6794;Total;3302;60 anos ou mais;9737
Indicador  3.9.2;1736;6.3;29;Bahia;9737;2019;4;Homens;95253;Total;9737
Indicador  3.9.2;1736;5.3;29;Bahia;9737;2019;4;Homens;1140;0 a 4 anos;9737
Indicador  3.9.2;1736;0.4;29;Bahia;9737;2019;4;Homens;1141;5 a 9 anos;9737
Indicador  3.9.2;1736;0.7;29;Bahia;9737;2019;4;Homens;1142;10 a 14 anos;9737
Indicador  3.9.2;1736;0.3;29;Bahia;9737;2019;4;Homens;1143;15 a 19 anos;9737
Indicador  3.9.2;1736;0.6;29;Bahia;9737;2019;4;Homens;1144;20 a 24 anos;9737
Indicador  3.9.2;1736;0.3;29;Bahia;9737;2019;4;Homens;1145;25 a 29 anos;9737
Indicador  3.9.2;1736;0.7;29;Bahia;9737;2019;4;Homens;1146;30 a 34 anos;9737
Indicador  3.9.2;1736;0.7;29;Bahia;9737;2019;4;Homens;1147;35 a 39 anos;9737
Indicador  3.9.2;1736;1.1;29;Bahia;9737;2019;4;Homens;1148;40 a 44 anos;9737
Indicador  3.9.2;1736;2.0;29;Bahia;9737;2019;4;Homens;1149;45 a 49 anos;9737
Indicador  3.9.2;1736;4.0;29;Bahia;9737;2019;4;Homens;1150;50 a 54 anos;9737
Indicador  3.9.2;1736;5.4;29;Bahia;9737;2019;4;Homens;1151;55 a 59 anos;9737
Indicador  3.9.2;1736;42.5;29;Bahia;9737;2019;4;Homens;3302;60 anos ou mais;9737
Indicador  3.9.2;1736;6.5;29;Bahia;9737;2019;5;Mulheres;95253;Total;9737
Indicador  3.9.2;1736;4.8;29;Bahia;9737;2019;5;Mulheres;1140;0 a 4 anos;9737
Indicador  3.9.2;1736;0.6;29;Bahia;9737;2019;5;Mulheres;1141;5 a 9 anos;9737
Indicador  3.9.2;1736;0.5;29;Bahia;9737;2019;5;Mulheres;1142;10 a 14 anos;9737
Indicador  3.9.2;1736;0.3;29;Bahia;9737;2019;5;Mulheres;1143;15 a 19 anos;9737
Indicador  3.9.2;1736;0.5;29;Bahia;9737;2019;5;Mulheres;1144;20 a 24 anos;9737
Indicador  3.9.2;1736;0.3;29;Bahia;9737;2019;5;Mulheres;1145;25 a 29 anos;9737
Indicador  3.9.2;1736;0.3;29;Bahia;9737;2019;5;Mulheres;1146;30 a 34 anos;9737
Indicador  3.9.2;1736;0.8;29;Bahia;9737;2019;5;Mulheres;1147;35 a 39 anos;9737
Indicador  3.9.2;1736;1.4;29;Bahia;9737;2019;5;Mulheres;1148;40 a 44 anos;9737
Indicador  3.9.2;1736;0.6;29;Bahia;9737;2019;5;Mulheres;1149;45 a 49 anos;9737
Indicador  3.9.2;1736;2.0;29;Bahia;9737;2019;5;Mulheres;1150;50 a 54 anos;9737
Indicador  3.9.2;1736;2.4;29;Bahia;9737;2019;5;Mulheres;1151;55 a 59 anos;9737
Indicador  3.9.2;1736;39.5;29;Bahia;9737;2019;5;Mulheres;3302;60 anos ou mais;9737
Indicador  3.9.2;1736;6.0;29;Bahia;9737;2020;6794;Total;95253;Total;9737
Indicador  3.9.2;1736;4.7;29;Bahia;9737;2020;6794;Total;1140;0 a 4 anos;9737
Indicador  3.9.2;1736;0.3;29;Bahia;9737;2020;6794;Total;1141;5 a 9 anos;9737
Indicador  3.9.2;1736;0.3;29;Bahia;9737;2020;6794;Total;1142;10 a 14 anos;9737
Indicador  3.9.2;1736;0.4;29;Bahia;9737;2020;6794;Total;1143;15 a 19 anos;9737
Indicador  3.9.2;1736;0.2;29;Bahia;9737;2020;6794;Total;1144;20 a 24 anos;9737
Indicador  3.9.2;1736;0.6;29;Bahia;9737;2020;6794;Total;1145;25 a 29 anos;9737
Indicador  3.9.2;1736;0.9;29;Bahia;9737;2020;6794;Total;1146;30 a 34 anos;9737
Indicador  3.9.2;1736;0.6;29;Bahia;9737;2020;6794;Total;1147;35 a 39 anos;9737
Indicador  3.9.2;1736;1.6;29;Bahia;9737;2020;6794;Total;1148;40 a 44 anos;9737
Indicador  3.9.2;1736;1.1;29;Bahia;9737;2020;6794;Total;1149;45 a 49 anos;9737
Indicador  3.9.2;1736;2.4;29;Bahia;9737;2020;6794;Total;1150;50 a 54 anos;9737
Indicador  3.9.2;1736;4.1;29;Bahia;9737;2020;6794;Total;1151;55 a 59 anos;9737
Indicador  3.9.2;1736;36.4;29;Bahia;9737;2020;6794;Total;3302;60 anos ou mais;9737
Indicador  3.9.2;1736;6.1;29;Bahia;9737;2020;4;Homens;95253;Total;9737
Indicador  3.9.2;1736;5.5;29;Bahia;9737;2020;4;Homens;1140;0 a 4 anos;9737
Indicador  3.9.2;1736;0.6;29;Bahia;9737;2020;4;Homens;1141;5 a 9 anos;9737
Indicador  3.9.2;1736;0.4;29;Bahia;9737;2020;4;Homens;1142;10 a 14 anos;9737
Indicador  3.9.2;1736;0.8;29;Bahia;9737;2020;4;Homens;1143;15 a 19 anos;9737
Indicador  3.9.2;1736;0.3;29;Bahia;9737;2020;4;Homens;1144;20 a 24 anos;9737
Indicador  3.9.2;1736;1.0;29;Bahia;9737;2020;4;Homens;1145;25 a 29 anos;9737
Indicador  3.9.2;1736;1.2;29;Bahia;9737;2020;4;Homens;1146;30 a 34 anos;9737
Indicador  3.9.2;1736;0.8;29;Bahia;9737;2020;4;Homens;1147;35 a 39 anos;9737
Indicador  3.9.2;1736;2.6;29;Bahia;9737;2020;4;Homens;1148;40 a 44 anos;9737
Indicador  3.9.2;1736;1.1;29;Bahia;9737;2020;4;Homens;1149;45 a 49 anos;9737
Indicador  3.9.2;1736;3.2;29;Bahia;9737;2020;4;Homens;1150;50 a 54 anos;9737
Indicador  3.9.2;1736;4.6;29;Bahia;9737;2020;4;Homens;1151;55 a 59 anos;9737
Indicador  3.9.2;1736;38.8;29;Bahia;9737;2020;4;Homens;3302;60 anos ou mais;9737
Indicador  3.9.2;1736;5.8;29;Bahia;9737;2020;5;Mulheres;95253;Total;9737
Indicador  3.9.2;1736;3.8;29;Bahia;9737;2020;5;Mulheres;1140;0 a 4 anos;9737
Indicador  3.9.2;1736;0.0;29;Bahia;9737;2020;5;Mulheres;1141;5 a 9 anos;9737
Indicador  3.9.2;1736;0.2;29;Bahia;9737;2020;5;Mulheres;1142;10 a 14 anos;9737
Indicador  3.9.2;1736;0.0;29;Bahia;9737;2020;5;Mulheres;1143;15 a 19 anos;9737
Indicador  3.9.2;1736;0.0;29;Bahia;9737;2020;5;Mulheres;1144;20 a 24 anos;9737
Indicador  3.9.2;1736;0.2;29;Bahia;9737;2020;5;Mulheres;1145;25 a 29 anos;9737
Indicador  3.9.2;1736;0.6;29;Bahia;9737;2020;5;Mulheres;1146;30 a 34 anos;9737
Indicador  3.9.2;1736;0.3;29;Bahia;9737;2020;5;Mulheres;1147;35 a 39 anos;9737
Indicador  3.9.2;1736;0.7;29;Bahia;9737;2020;5;Mulheres;1148;40 a 44 anos;9737
Indicador  3.9.2;1736;1.0;29;Bahia;9737;2020;5;Mulheres;1149;45 a 49 anos;9737
Indicador  3.9.2;1736;1.8;29;Bahia;9737;2020;5;Mulheres;1150;50 a 54 anos;9737
Indicador  3.9.2;1736;3.6;29;Bahia;9737;2020;5;Mulheres;1151;55 a 59 anos;9737
Indicador  3.9.2;1736;34.5;29;Bahia;9737;2020;5;Mulheres;3302;60 anos ou mais;9737
Indicador  3.9.2;1736;5.4;29;Bahia;9737;2021;6794;Total;95253;Total;9737
Indicador  3.9.2;1736;5.1;29;Bahia;9737;2021;6794;Total;1140;0 a 4 anos;9737
Indicador  3.9.2;1736;0.5;29;Bahia;9737;2021;6794;Total;1141;5 a 9 anos;9737
Indicador  3.9.2;1736;0.6;29;Bahia;9737;2021;6794;Total;1142;10 a 14 anos;9737
Indicador  3.9.2;1736;0.3;29;Bahia;9737;2021;6794;Total;1143;15 a 19 anos;9737
Indicador  3.9.2;1736;0.3;29;Bahia;9737;2021;6794;Total;1144;20 a 24 anos;9737
Indicador  3.9.2;1736;0.5;29;Bahia;9737;2021;6794;Total;1145;25 a 29 anos;9737
Indicador  3.9.2;1736;0.8;29;Bahia;9737;2021;6794;Total;1146;30 a 34 anos;9737
Indicador  3.9.2;1736;0.8;29;Bahia;9737;2021;6794;Total;1147;35 a 39 anos;9737
Indicador  3.9.2;1736;1.9;29;Bahia;9737;2021;6794;Total;1148;40 a 44 anos;9737
Indicador  3.9.2;1736;1.7;29;Bahia;9737;2021;6794;Total;1149;45 a 49 anos;9737
Indicador  3.9.2;1736;2.8;29;Bahia;9737;2021;6794;Total;1150;50 a 54 anos;9737
Indicador  3.9.2;1736;2.5;29;Bahia;9737;2021;6794;Total;1151;55 a 59 anos;9737
Indicador  3.9.2;1736;31.0;29;Bahia;9737;2021;6794;Total;3302;60 anos ou mais;9737
Indicador  3.9.2;1736;5.9;29;Bahia;9737;2021;4;Homens;95253;Total;9737
Indicador  3.9.2;1736;6.3;29;Bahia;9737;2021;4;Homens;1140;0 a 4 anos;9737
Indicador  3.9.2;1736;0.6;29;Bahia;9737;2021;4;Homens;1141;5 a 9 anos;9737
Indicador  3.9.2;1736;0.0;29;Bahia;9737;2021;4;Homens;1142;10 a 14 anos;9737
Indicador  3.9.2;1736;0.3;29;Bahia;9737;2021;4;Homens;1143;15 a 19 anos;9737
Indicador  3.9.2;1736;0.5;29;Bahia;9737;2021;4;Homens;1144;20 a 24 anos;9737
Indicador  3.9.2;1736;0.7;29;Bahia;9737;2021;4;Homens;1145;25 a 29 anos;9737
Indicador  3.9.2;1736;0.9;29;Bahia;9737;2021;4;Homens;1146;30 a 34 anos;9737
Indicador  3.9.2;1736;1.0;29;Bahia;9737;2021;4;Homens;1147;35 a 39 anos;9737
Indicador  3.9.2;1736;2.9;29;Bahia;9737;2021;4;Homens;1148;40 a 44 anos;9737
Indicador  3.9.2;1736;1.9;29;Bahia;9737;2021;4;Homens;1149;45 a 49 anos;9737
Indicador  3.9.2;1736;3.9;29;Bahia;9737;2021;4;Homens;1150;50 a 54 anos;9737
Indicador  3.9.2;1736;3.7;29;Bahia;9737;2021;4;Homens;1151;55 a 59 anos;9737
Indicador  3.9.2;1736;35.5;29;Bahia;9737;2021;4;Homens;3302;60 anos ou mais;9737
Indicador  3.9.2;1736;5.0;29;Bahia;9737;2021;5;Mulheres;95253;Total;9737
Indicador  3.9.2;1736;3.8;29;Bahia;9737;2021;5;Mulheres;1140;0 a 4 anos;9737
Indicador  3.9.2;1736;0.4;29;Bahia;9737;2021;5;Mulheres;1141;5 a 9 anos;9737
Indicador  3.9.2;1736;1.1;29;Bahia;9737;2021;5;Mulheres;1142;10 a 14 anos;9737
Indicador  3.9.2;1736;0.2;29;Bahia;9737;2021;5;Mulheres;1143;15 a 19 anos;9737
Indicador  3.9.2;1736;0.2;29;Bahia;9737;2021;5;Mulheres;1144;20 a 24 anos;9737
Indicador  3.9.2;1736;0.3;29;Bahia;9737;2021;5;Mulheres;1145;25 a 29 anos;9737
Indicador  3.9.2;1736;0.8;29;Bahia;9737;2021;5;Mulheres;1146;30 a 34 anos;9737
Indicador  3.9.2;1736;0.6;29;Bahia;9737;2021;5;Mulheres;1147;35 a 39 anos;9737
Indicador  3.9.2;1736;1.0;29;Bahia;9737;2021;5;Mulheres;1148;40 a 44 anos;9737
Indicador  3.9.2;1736;1.6;29;Bahia;9737;2021;5;Mulheres;1149;45 a 49 anos;9737
Indicador  3.9.2;1736;1.8;29;Bahia;9737;2021;5;Mulheres;1150;50 a 54 anos;9737
Indicador  3.9.2;1736;1.5;29;Bahia;9737;2021;5;Mulheres;1151;55 a 59 anos;9737
Indicador  3.9.2;1736;27.5;29;Bahia;9737;2021;5;Mulheres;3302;60 anos ou mais;9737
Indicador  3.9.2;1736;5.9;29;Bahia;9737;2022;6794;Total;95253;Total;9737
Indicador  3.9.2;1736;5.7;29;Bahia;9737;2022;6794;Total;1140;0 a 4 anos;9737
Indicador  3.9.2;1736;0.3;29;Bahia;9737;2022;6794;Total;1141;5 a 9 anos;9737
Indicador  3.9.2;1736;0.4;29;Bahia;9737;2022;6794;Total;1142;10 a 14 anos;9737
Indicador  3.9.2;1736;0.3;29;Bahia;9737;2022;6794;Total;1143;15 a 19 anos;9737
Indicador  3.9.2;1736;0.4;29;Bahia;9737;2022;6794;Total;1144;20 a 24 anos;9737
Indicador  3.9.2;1736;0.5;29;Bahia;9737;2022;6794;Total;1145;25 a 29 anos;9737
Indicador  3.9.2;1736;0.3;29;Bahia;9737;2022;6794;Total;1146;30 a 34 anos;9737
Indicador  3.9.2;1736;0.8;29;Bahia;9737;2022;6794;Total;1147;35 a 39 anos;9737
Indicador  3.9.2;1736;2.0;29;Bahia;9737;2022;6794;Total;1148;40 a 44 anos;9737
Indicador  3.9.2;1736;1.5;29;Bahia;9737;2022;6794;Total;1149;45 a 49 anos;9737
Indicador  3.9.2;1736;1.8;29;Bahia;9737;2022;6794;Total;1150;50 a 54 anos;9737
Indicador  3.9.2;1736;4.4;29;Bahia;9737;2022;6794;Total;1151;55 a 59 anos;9737
Indicador  3.9.2;1736;33.5;29;Bahia;9737;2022;6794;Total;3302;60 anos ou mais;9737
Indicador  3.9.2;1736;6.0;29;Bahia;9737;2022;4;Homens;95253;Total;9737
Indicador  3.9.2;1736;6.1;29;Bahia;9737;2022;4;Homens;1140;0 a 4 anos;9737
Indicador  3.9.2;1736;0.4;29;Bahia;9737;2022;4;Homens;1141;5 a 9 anos;9737
Indicador  3.9.2;1736;0.4;29;Bahia;9737;2022;4;Homens;1142;10 a 14 anos;9737
Indicador  3.9.2;1736;0.3;29;Bahia;9737;2022;4;Homens;1143;15 a 19 anos;9737
Indicador  3.9.2;1736;0.5;29;Bahia;9737;2022;4;Homens;1144;20 a 24 anos;9737
Indicador  3.9.2;1736;0.8;29;Bahia;9737;2022;4;Homens;1145;25 a 29 anos;9737
Indicador  3.9.2;1736;0.4;29;Bahia;9737;2022;4;Homens;1146;30 a 34 anos;9737
Indicador  3.9.2;1736;1.0;29;Bahia;9737;2022;4;Homens;1147;35 a 39 anos;9737
Indicador  3.9.2;1736;2.6;29;Bahia;9737;2022;4;Homens;1148;40 a 44 anos;9737
Indicador  3.9.2;1736;2.1;29;Bahia;9737;2022;4;Homens;1149;45 a 49 anos;9737
Indicador  3.9.2;1736;2.6;29;Bahia;9737;2022;4;Homens;1150;50 a 54 anos;9737
Indicador  3.9.2;1736;5.2;29;Bahia;9737;2022;4;Homens;1151;55 a 59 anos;9737
Indicador  3.9.2;1736;35.1;29;Bahia;9737;2022;4;Homens;3302;60 anos ou mais;9737
Indicador  3.9.2;1736;5.9;29;Bahia;9737;2022;5;Mulheres;95253;Total;9737
Indicador  3.9.2;1736;5.2;29;Bahia;9737;2022;5;Mulheres;1140;0 a 4 anos;9737
Indicador  3.9.2;1736;0.2;29;Bahia;9737;2022;5;Mulheres;1141;5 a 9 anos;9737
Indicador  3.9.2;1736;0.4;29;Bahia;9737;2022;5;Mulheres;1142;10 a 14 anos;9737
Indicador  3.9.2;1736;0.2;29;Bahia;9737;2022;5;Mulheres;1143;15 a 19 anos;9737
Indicador  3.9.2;1736;0.3;29;Bahia;9737;2022;5;Mulheres;1144;20 a 24 anos;9737
Indicador  3.9.2;1736;0.2;29;Bahia;9737;2022;5;Mulheres;1145;25 a 29 anos;9737
Indicador  3.9.2;1736;0.3;29;Bahia;9737;2022;5;Mulheres;1146;30 a 34 anos;9737
Indicador  3.9.2;1736;0.6;29;Bahia;9737;2022;5;Mulheres;1147;35 a 39 anos;9737
Indicador  3.9.2;1736;1.5;29;Bahia;9737;2022;5;Mulheres;1148;40 a 44 anos;9737
Indicador  3.9.2;1736;1.0;29;Bahia;9737;2022;5;Mulheres;1149;45 a 49 anos;9737
Indicador  3.9.2;1736;1.1;29;Bahia;9737;2022;5;Mulheres;1150;50 a 54 anos;9737
Indicador  3.9.2;1736;3.7;29;Bahia;9737;2022;5;Mulheres;1151;55 a 59 anos;9737
Indicador  3.9.2;1736;32.3;29;Bahia;9737;2022;5;Mulheres;3302;60 anos ou mais;9737
Indicador  3.9.2;1736;5.2;31;Minas Gerais;9737;2018;6794;Total;95253;Total;9737
Indicador  3.9.2;1736;3.2;31;Minas Gerais;9737;2018;6794;Total;1140;0 a 4 anos;9737
Indicador  3.9.2;1736;0.3;31;Minas Gerais;9737;2018;6794;Total;1141;5 a 9 anos;9737
Indicador  3.9.2;1736;0.3;31;Minas Gerais;9737;2018;6794;Total;1142;10 a 14 anos;9737
Indicador  3.9.2;1736;0.1;31;Minas Gerais;9737;2018;6794;Total;1143;15 a 19 anos;9737
Indicador  3.9.2;1736;0.1;31;Minas Gerais;9737;2018;6794;Total;1144;20 a 24 anos;9737
Indicador  3.9.2;1736;0.5;31;Minas Gerais;9737;2018;6794;Total;1145;25 a 29 anos;9737
Indicador  3.9.2;1736;0.5;31;Minas Gerais;9737;2018;6794;Total;1146;30 a 34 anos;9737
Indicador  3.9.2;1736;0.8;31;Minas Gerais;9737;2018;6794;Total;1147;35 a 39 anos;9737
Indicador  3.9.2;1736;0.8;31;Minas Gerais;9737;2018;6794;Total;1148;40 a 44 anos;9737
Indicador  3.9.2;1736;1.5;31;Minas Gerais;9737;2018;6794;Total;1149;45 a 49 anos;9737
Indicador  3.9.2;1736;2.3;31;Minas Gerais;9737;2018;6794;Total;1150;50 a 54 anos;9737
Indicador  3.9.2;1736;2.3;31;Minas Gerais;9737;2018;6794;Total;1151;55 a 59 anos;9737
Indicador  3.9.2;1736;28.9;31;Minas Gerais;9737;2018;6794;Total;3302;60 anos ou mais;9737
Indicador  3.9.2;1736;5.4;31;Minas Gerais;9737;2018;4;Homens;95253;Total;9737
Indicador  3.9.2;1736;3.7;31;Minas Gerais;9737;2018;4;Homens;1140;0 a 4 anos;9737
Indicador  3.9.2;1736;0.4;31;Minas Gerais;9737;2018;4;Homens;1141;5 a 9 anos;9737
Indicador  3.9.2;1736;0.4;31;Minas Gerais;9737;2018;4;Homens;1142;10 a 14 anos;9737
Indicador  3.9.2;1736;0.2;31;Minas Gerais;9737;2018;4;Homens;1143;15 a 19 anos;9737
Indicador  3.9.2;1736;0.1;31;Minas Gerais;9737;2018;4;Homens;1144;20 a 24 anos;9737
Indicador  3.9.2;1736;0.5;31;Minas Gerais;9737;2018;4;Homens;1145;25 a 29 anos;9737
Indicador  3.9.2;1736;0.9;31;Minas Gerais;9737;2018;4;Homens;1146;30 a 34 anos;9737
Indicador  3.9.2;1736;0.7;31;Minas Gerais;9737;2018;4;Homens;1147;35 a 39 anos;9737
Indicador  3.9.2;1736;1.2;31;Minas Gerais;9737;2018;4;Homens;1148;40 a 44 anos;9737
Indicador  3.9.2;1736;2.1;31;Minas Gerais;9737;2018;4;Homens;1149;45 a 49 anos;9737
Indicador  3.9.2;1736;3.4;31;Minas Gerais;9737;2018;4;Homens;1150;50 a 54 anos;9737
Indicador  3.9.2;1736;3.2;31;Minas Gerais;9737;2018;4;Homens;1151;55 a 59 anos;9737
Indicador  3.9.2;1736;31.0;31;Minas Gerais;9737;2018;4;Homens;3302;60 anos ou mais;9737
Indicador  3.9.2;1736;5.0;31;Minas Gerais;9737;2018;5;Mulheres;95253;Total;9737
Indicador  3.9.2;1736;2.8;31;Minas Gerais;9737;2018;5;Mulheres;1140;0 a 4 anos;9737
Indicador  3.9.2;1736;0.2;31;Minas Gerais;9737;2018;5;Mulheres;1141;5 a 9 anos;9737
Indicador  3.9.2;1736;0.1;31;Minas Gerais;9737;2018;5;Mulheres;1142;10 a 14 anos;9737
Indicador  3.9.2;1736;0.0;31;Minas Gerais;9737;2018;5;Mulheres;1143;15 a 19 anos;9737
Indicador  3.9.2;1736;0.0;31;Minas Gerais;9737;2018;5;Mulheres;1144;20 a 24 anos;9737
Indicador  3.9.2;1736;0.5;31;Minas Gerais;9737;2018;5;Mulheres;1145;25 a 29 anos;9737
Indicador  3.9.2;1736;0.1;31;Minas Gerais;9737;2018;5;Mulheres;1146;30 a 34 anos;9737
Indicador  3.9.2;1736;0.8;31;Minas Gerais;9737;2018;5;Mulheres;1147;35 a 39 anos;9737
Indicador  3.9.2;1736;0.4;31;Minas Gerais;9737;2018;5;Mulheres;1148;40 a 44 anos;9737
Indicador  3.9.2;1736;0.8;31;Minas Gerais;9737;2018;5;Mulheres;1149;45 a 49 anos;9737
Indicador  3.9.2;1736;1.3;31;Minas Gerais;9737;2018;5;Mulheres;1150;50 a 54 anos;9737
Indicador  3.9.2;1736;1.4;31;Minas Gerais;9737;2018;5;Mulheres;1151;55 a 59 anos;9737
Indicador  3.9.2;1736;27.1;31;Minas Gerais;9737;2018;5;Mulheres;3302;60 anos ou mais;9737
Indicador  3.9.2;1736;5.2;31;Minas Gerais;9737;2019;6794;Total;95253;Total;9737
Indicador  3.9.2;1736;2.9;31;Minas Gerais;9737;2019;6794;Total;1140;0 a 4 anos;9737
Indicador  3.9.2;1736;0.2;31;Minas Gerais;9737;2019;6794;Total;1141;5 a 9 anos;9737
Indicador  3.9.2;1736;0.3;31;Minas Gerais;9737;2019;6794;Total;1142;10 a 14 anos;9737
Indicador  3.9.2;1736;0.3;31;Minas Gerais;9737;2019;6794;Total;1143;15 a 19 anos;9737
Indicador  3.9.2;1736;0.2;31;Minas Gerais;9737;2019;6794;Total;1144;20 a 24 anos;9737
Indicador  3.9.2;1736;0.1;31;Minas Gerais;9737;2019;6794;Total;1145;25 a 29 anos;9737
Indicador  3.9.2;1736;0.3;31;Minas Gerais;9737;2019;6794;Total;1146;30 a 34 anos;9737
Indicador  3.9.2;1736;0.7;31;Minas Gerais;9737;2019;6794;Total;1147;35 a 39 anos;9737
Indicador  3.9.2;1736;0.9;31;Minas Gerais;9737;2019;6794;Total;1148;40 a 44 anos;9737
Indicador  3.9.2;1736;2.1;31;Minas Gerais;9737;2019;6794;Total;1149;45 a 49 anos;9737
Indicador  3.9.2;1736;2.3;31;Minas Gerais;9737;2019;6794;Total;1150;50 a 54 anos;9737
Indicador  3.9.2;1736;2.1;31;Minas Gerais;9737;2019;6794;Total;1151;55 a 59 anos;9737
Indicador  3.9.2;1736;28.0;31;Minas Gerais;9737;2019;6794;Total;3302;60 anos ou mais;9737
Indicador  3.9.2;1736;5.3;31;Minas Gerais;9737;2019;4;Homens;95253;Total;9737
Indicador  3.9.2;1736;2.3;31;Minas Gerais;9737;2019;4;Homens;1140;0 a 4 anos;9737
Indicador  3.9.2;1736;0.4;31;Minas Gerais;9737;2019;4;Homens;1141;5 a 9 anos;9737
Indicador  3.9.2;1736;0.3;31;Minas Gerais;9737;2019;4;Homens;1142;10 a 14 anos;9737
Indicador  3.9.2;1736;0.3;31;Minas Gerais;9737;2019;4;Homens;1143;15 a 19 anos;9737
Indicador  3.9.2;1736;0.2;31;Minas Gerais;9737;2019;4;Homens;1144;20 a 24 anos;9737
Indicador  3.9.2;1736;0.2;31;Minas Gerais;9737;2019;4;Homens;1145;25 a 29 anos;9737
Indicador  3.9.2;1736;0.1;31;Minas Gerais;9737;2019;4;Homens;1146;30 a 34 anos;9737
Indicador  3.9.2;1736;0.6;31;Minas Gerais;9737;2019;4;Homens;1147;35 a 39 anos;9737
Indicador  3.9.2;1736;0.9;31;Minas Gerais;9737;2019;4;Homens;1148;40 a 44 anos;9737
Indicador  3.9.2;1736;3.0;31;Minas Gerais;9737;2019;4;Homens;1149;45 a 49 anos;9737
Indicador  3.9.2;1736;3.9;31;Minas Gerais;9737;2019;4;Homens;1150;50 a 54 anos;9737
Indicador  3.9.2;1736;2.4;31;Minas Gerais;9737;2019;4;Homens;1151;55 a 59 anos;9737
Indicador  3.9.2;1736;29.9;31;Minas Gerais;9737;2019;4;Homens;3302;60 anos ou mais;9737
Indicador  3.9.2;1736;5.1;31;Minas Gerais;9737;2019;5;Mulheres;95253;Total;9737
Indicador  3.9.2;1736;3.5;31;Minas Gerais;9737;2019;5;Mulheres;1140;0 a 4 anos;9737
Indicador  3.9.2;1736;0.0;31;Minas Gerais;9737;2019;5;Mulheres;1141;5 a 9 anos;9737
Indicador  3.9.2;1736;0.3;31;Minas Gerais;9737;2019;5;Mulheres;1142;10 a 14 anos;9737
Indicador  3.9.2;1736;0.3;31;Minas Gerais;9737;2019;5;Mulheres;1143;15 a 19 anos;9737
Indicador  3.9.2;1736;0.1;31;Minas Gerais;9737;2019;5;Mulheres;1144;20 a 24 anos;9737
Indicador  3.9.2;1736;0.0;31;Minas Gerais;9737;2019;5;Mulheres;1145;25 a 29 anos;9737
Indicador  3.9.2;1736;0.6;31;Minas Gerais;9737;2019;5;Mulheres;1146;30 a 34 anos;9737
Indicador  3.9.2;1736;0.8;31;Minas Gerais;9737;2019;5;Mulheres;1147;35 a 39 anos;9737
Indicador  3.9.2;1736;0.9;31;Minas Gerais;9737;2019;5;Mulheres;1148;40 a 44 anos;9737
Indicador  3.9.2;1736;1.3;31;Minas Gerais;9737;2019;5;Mulheres;1149;45 a 49 anos;9737
Indicador  3.9.2;1736;0.7;31;Minas Gerais;9737;2019;5;Mulheres;1150;50 a 54 anos;9737
Indicador  3.9.2;1736;1.9;31;Minas Gerais;9737;2019;5;Mulheres;1151;55 a 59 anos;9737
Indicador  3.9.2;1736;26.4;31;Minas Gerais;9737;2019;5;Mulheres;3302;60 anos ou mais;9737
Indicador  3.9.2;1736;4.4;31;Minas Gerais;9737;2020;6794;Total;95253;Total;9737
Indicador  3.9.2;1736;1.7;31;Minas Gerais;9737;2020;6794;Total;1140;0 a 4 anos;9737
Indicador  3.9.2;1736;0.1;31;Minas Gerais;9737;2020;6794;Total;1141;5 a 9 anos;9737
Indicador  3.9.2;1736;0.2;31;Minas Gerais;9737;2020;6794;Total;1142;10 a 14 anos;9737
Indicador  3.9.2;1736;0.3;31;Minas Gerais;9737;2020;6794;Total;1143;15 a 19 anos;9737
Indicador  3.9.2;1736;0.1;31;Minas Gerais;9737;2020;6794;Total;1144;20 a 24 anos;9737
Indicador  3.9.2;1736;0.2;31;Minas Gerais;9737;2020;6794;Total;1145;25 a 29 anos;9737
Indicador  3.9.2;1736;0.2;31;Minas Gerais;9737;2020;6794;Total;1146;30 a 34 anos;9737
Indicador  3.9.2;1736;0.4;31;Minas Gerais;9737;2020;6794;Total;1147;35 a 39 anos;9737
Indicador  3.9.2;1736;0.7;31;Minas Gerais;9737;2020;6794;Total;1148;40 a 44 anos;9737
Indicador  3.9.2;1736;1.1;31;Minas Gerais;9737;2020;6794;Total;1149;45 a 49 anos;9737
Indicador  3.9.2;1736;2.2;31;Minas Gerais;9737;2020;6794;Total;1150;50 a 54 anos;9737
Indicador  3.9.2;1736;2.7;31;Minas Gerais;9737;2020;6794;Total;1151;55 a 59 anos;9737
Indicador  3.9.2;1736;23.6;31;Minas Gerais;9737;2020;6794;Total;3302;60 anos ou mais;9737
Indicador  3.9.2;1736;4.4;31;Minas Gerais;9737;2020;4;Homens;95253;Total;9737
Indicador  3.9.2;1736;1.8;31;Minas Gerais;9737;2020;4;Homens;1140;0 a 4 anos;9737
Indicador  3.9.2;1736;0.1;31;Minas Gerais;9737;2020;4;Homens;1141;5 a 9 anos;9737
Indicador  3.9.2;1736;0.4;31;Minas Gerais;9737;2020;4;Homens;1142;10 a 14 anos;9737
Indicador  3.9.2;1736;0.4;31;Minas Gerais;9737;2020;4;Homens;1143;15 a 19 anos;9737
Indicador  3.9.2;1736;0.1;31;Minas Gerais;9737;2020;4;Homens;1144;20 a 24 anos;9737
Indicador  3.9.2;1736;0.1;31;Minas Gerais;9737;2020;4;Homens;1145;25 a 29 anos;9737
Indicador  3.9.2;1736;0.3;31;Minas Gerais;9737;2020;4;Homens;1146;30 a 34 anos;9737
Indicador  3.9.2;1736;0.5;31;Minas Gerais;9737;2020;4;Homens;1147;35 a 39 anos;9737
Indicador  3.9.2;1736;0.4;31;Minas Gerais;9737;2020;4;Homens;1148;40 a 44 anos;9737
Indicador  3.9.2;1736;1.6;31;Minas Gerais;9737;2020;4;Homens;1149;45 a 49 anos;9737
Indicador  3.9.2;1736;2.6;31;Minas Gerais;9737;2020;4;Homens;1150;50 a 54 anos;9737
Indicador  3.9.2;1736;4.1;31;Minas Gerais;9737;2020;4;Homens;1151;55 a 59 anos;9737
Indicador  3.9.2;1736;24.5;31;Minas Gerais;9737;2020;4;Homens;3302;60 anos ou mais;9737
Indicador  3.9.2;1736;4.4;31;Minas Gerais;9737;2020;5;Mulheres;95253;Total;9737
Indicador  3.9.2;1736;1.5;31;Minas Gerais;9737;2020;5;Mulheres;1140;0 a 4 anos;9737
Indicador  3.9.2;1736;0.0;31;Minas Gerais;9737;2020;5;Mulheres;1141;5 a 9 anos;9737
Indicador  3.9.2;1736;0.0;31;Minas Gerais;9737;2020;5;Mulheres;1142;10 a 14 anos;9737
Indicador  3.9.2;1736;0.3;31;Minas Gerais;9737;2020;5;Mulheres;1143;15 a 19 anos;9737
Indicador  3.9.2;1736;0.1;31;Minas Gerais;9737;2020;5;Mulheres;1144;20 a 24 anos;9737
Indicador  3.9.2;1736;0.2;31;Minas Gerais;9737;2020;5;Mulheres;1145;25 a 29 anos;9737
Indicador  3.9.2;1736;0.1;31;Minas Gerais;9737;2020;5;Mulheres;1146;30 a 34 anos;9737
Indicador  3.9.2;1736;0.2;31;Minas Gerais;9737;2020;5;Mulheres;1147;35 a 39 anos;9737
Indicador  3.9.2;1736;1.0;31;Minas Gerais;9737;2020;5;Mulheres;1148;40 a 44 anos;9737
Indicador  3.9.2;1736;0.7;31;Minas Gerais;9737;2020;5;Mulheres;1149;45 a 49 anos;9737
Indicador  3.9.2;1736;1.7;31;Minas Gerais;9737;2020;5;Mulheres;1150;50 a 54 anos;9737
Indicador  3.9.2;1736;1.4;31;Minas Gerais;9737;2020;5;Mulheres;1151;55 a 59 anos;9737
Indicador  3.9.2;1736;22.8;31;Minas Gerais;9737;2020;5;Mulheres;3302;60 anos ou mais;9737
Indicador  3.9.2;1736;4.1;31;Minas Gerais;9737;2021;6794;Total;95253;Total;9737
Indicador  3.9.2;1736;1.4;31;Minas Gerais;9737;2021;6794;Total;1140;0 a 4 anos;9737
Indicador  3.9.2;1736;0.2;31;Minas Gerais;9737;2021;6794;Total;1141;5 a 9 anos;9737
Indicador  3.9.2;1736;0.2;31;Minas Gerais;9737;2021;6794;Total;1142;10 a 14 anos;9737
Indicador  3.9.2;1736;0.2;31;Minas Gerais;9737;2021;6794;Total;1143;15 a 19 anos;9737
Indicador  3.9.2;1736;0.1;31;Minas Gerais;9737;2021;6794;Total;1144;20 a 24 anos;9737
Indicador  3.9.2;1736;0.1;31;Minas Gerais;9737;2021;6794;Total;1145;25 a 29 anos;9737
Indicador  3.9.2;1736;0.5;31;Minas Gerais;9737;2021;6794;Total;1146;30 a 34 anos;9737
Indicador  3.9.2;1736;0.8;31;Minas Gerais;9737;2021;6794;Total;1147;35 a 39 anos;9737
Indicador  3.9.2;1736;0.6;31;Minas Gerais;9737;2021;6794;Total;1148;40 a 44 anos;9737
Indicador  3.9.2;1736;0.6;31;Minas Gerais;9737;2021;6794;Total;1149;45 a 49 anos;9737
Indicador  3.9.2;1736;2.3;31;Minas Gerais;9737;2021;6794;Total;1150;50 a 54 anos;9737
Indicador  3.9.2;1736;2.1;31;Minas Gerais;9737;2021;6794;Total;1151;55 a 59 anos;9737
Indicador  3.9.2;1736;20.8;31;Minas Gerais;9737;2021;6794;Total;3302;60 anos ou mais;9737
Indicador  3.9.2;1736;4.1;31;Minas Gerais;9737;2021;4;Homens;95253;Total;9737
Indicador  3.9.2;1736;1.5;31;Minas Gerais;9737;2021;4;Homens;1140;0 a 4 anos;9737
Indicador  3.9.2;1736;0.3;31;Minas Gerais;9737;2021;4;Homens;1141;5 a 9 anos;9737
Indicador  3.9.2;1736;0.0;31;Minas Gerais;9737;2021;4;Homens;1142;10 a 14 anos;9737
Indicador  3.9.2;1736;0.4;31;Minas Gerais;9737;2021;4;Homens;1143;15 a 19 anos;9737
Indicador  3.9.2;1736;0.2;31;Minas Gerais;9737;2021;4;Homens;1144;20 a 24 anos;9737
Indicador  3.9.2;1736;0.1;31;Minas Gerais;9737;2021;4;Homens;1145;25 a 29 anos;9737
Indicador  3.9.2;1736;0.2;31;Minas Gerais;9737;2021;4;Homens;1146;30 a 34 anos;9737
Indicador  3.9.2;1736;0.6;31;Minas Gerais;9737;2021;4;Homens;1147;35 a 39 anos;9737
Indicador  3.9.2;1736;0.9;31;Minas Gerais;9737;2021;4;Homens;1148;40 a 44 anos;9737
Indicador  3.9.2;1736;1.0;31;Minas Gerais;9737;2021;4;Homens;1149;45 a 49 anos;9737
Indicador  3.9.2;1736;3.1;31;Minas Gerais;9737;2021;4;Homens;1150;50 a 54 anos;9737
Indicador  3.9.2;1736;2.5;31;Minas Gerais;9737;2021;4;Homens;1151;55 a 59 anos;9737
Indicador  3.9.2;1736;22.3;31;Minas Gerais;9737;2021;4;Homens;3302;60 anos ou mais;9737
Indicador  3.9.2;1736;4.0;31;Minas Gerais;9737;2021;5;Mulheres;95253;Total;9737
Indicador  3.9.2;1736;1.2;31;Minas Gerais;9737;2021;5;Mulheres;1140;0 a 4 anos;9737
Indicador  3.9.2;1736;0.0;31;Minas Gerais;9737;2021;5;Mulheres;1141;5 a 9 anos;9737
Indicador  3.9.2;1736;0.3;31;Minas Gerais;9737;2021;5;Mulheres;1142;10 a 14 anos;9737
Indicador  3.9.2;1736;0.0;31;Minas Gerais;9737;2021;5;Mulheres;1143;15 a 19 anos;9737
Indicador  3.9.2;1736;0.0;31;Minas Gerais;9737;2021;5;Mulheres;1144;20 a 24 anos;9737
Indicador  3.9.2;1736;0.1;31;Minas Gerais;9737;2021;5;Mulheres;1145;25 a 29 anos;9737
Indicador  3.9.2;1736;0.8;31;Minas Gerais;9737;2021;5;Mulheres;1146;30 a 34 anos;9737
Indicador  3.9.2;1736;0.9;31;Minas Gerais;9737;2021;5;Mulheres;1147;35 a 39 anos;9737
Indicador  3.9.2;1736;0.4;31;Minas Gerais;9737;2021;5;Mulheres;1148;40 a 44 anos;9737
Indicador  3.9.2;1736;0.3;31;Minas Gerais;9737;2021;5;Mulheres;1149;45 a 49 anos;9737
Indicador  3.9.2;1736;1.6;31;Minas Gerais;9737;2021;5;Mulheres;1150;50 a 54 anos;9737
Indicador  3.9.2;1736;1.7;31;Minas Gerais;9737;2021;5;Mulheres;1151;55 a 59 anos;9737
Indicador  3.9.2;1736;19.5;31;Minas Gerais;9737;2021;5;Mulheres;3302;60 anos ou mais;9737
Indicador  3.9.2;1736;4.8;31;Minas Gerais;9737;2022;6794;Total;95253;Total;9737
Indicador  3.9.2;1736;3.1;31;Minas Gerais;9737;2022;6794;Total;1140;0 a 4 anos;9737
Indicador  3.9.2;1736;0.2;31;Minas Gerais;9737;2022;6794;Total;1141;5 a 9 anos;9737
Indicador  3.9.2;1736;0.0;31;Minas Gerais;9737;2022;6794;Total;1142;10 a 14 anos;9737
Indicador  3.9.2;1736;0.4;31;Minas Gerais;9737;2022;6794;Total;1143;15 a 19 anos;9737
Indicador  3.9.2;1736;0.2;31;Minas Gerais;9737;2022;6794;Total;1144;20 a 24 anos;9737
Indicador  3.9.2;1736;0.1;31;Minas Gerais;9737;2022;6794;Total;1145;25 a 29 anos;9737
Indicador  3.9.2;1736;0.5;31;Minas Gerais;9737;2022;6794;Total;1146;30 a 34 anos;9737
Indicador  3.9.2;1736;0.6;31;Minas Gerais;9737;2022;6794;Total;1147;35 a 39 anos;9737
Indicador  3.9.2;1736;1.0;31;Minas Gerais;9737;2022;6794;Total;1148;40 a 44 anos;9737
Indicador  3.9.2;1736;0.9;31;Minas Gerais;9737;2022;6794;Total;1149;45 a 49 anos;9737
Indicador  3.9.2;1736;1.4;31;Minas Gerais;9737;2022;6794;Total;1150;50 a 54 anos;9737
Indicador  3.9.2;1736;2.4;31;Minas Gerais;9737;2022;6794;Total;1151;55 a 59 anos;9737
Indicador  3.9.2;1736;23.8;31;Minas Gerais;9737;2022;6794;Total;3302;60 anos ou mais;9737
Indicador  3.9.2;1736;4.7;31;Minas Gerais;9737;2022;4;Homens;95253;Total;9737
Indicador  3.9.2;1736;3.1;31;Minas Gerais;9737;2022;4;Homens;1140;0 a 4 anos;9737
Indicador  3.9.2;1736;0.3;31;Minas Gerais;9737;2022;4;Homens;1141;5 a 9 anos;9737
Indicador  3.9.2;1736;0.0;31;Minas Gerais;9737;2022;4;Homens;1142;10 a 14 anos;9737
Indicador  3.9.2;1736;0.5;31;Minas Gerais;9737;2022;4;Homens;1143;15 a 19 anos;9737
Indicador  3.9.2;1736;0.4;31;Minas Gerais;9737;2022;4;Homens;1144;20 a 24 anos;9737
Indicador  3.9.2;1736;0.1;31;Minas Gerais;9737;2022;4;Homens;1145;25 a 29 anos;9737
Indicador  3.9.2;1736;0.9;31;Minas Gerais;9737;2022;4;Homens;1146;30 a 34 anos;9737
Indicador  3.9.2;1736;0.9;31;Minas Gerais;9737;2022;4;Homens;1147;35 a 39 anos;9737
Indicador  3.9.2;1736;1.5;31;Minas Gerais;9737;2022;4;Homens;1148;40 a 44 anos;9737
Indicador  3.9.2;1736;1.3;31;Minas Gerais;9737;2022;4;Homens;1149;45 a 49 anos;9737
Indicador  3.9.2;1736;1.5;31;Minas Gerais;9737;2022;4;Homens;1150;50 a 54 anos;9737
Indicador  3.9.2;1736;3.0;31;Minas Gerais;9737;2022;4;Homens;1151;55 a 59 anos;9737
Indicador  3.9.2;1736;24.2;31;Minas Gerais;9737;2022;4;Homens;3302;60 anos ou mais;9737
Indicador  3.9.2;1736;4.8;31;Minas Gerais;9737;2022;5;Mulheres;95253;Total;9737
Indicador  3.9.2;1736;3.1;31;Minas Gerais;9737;2022;5;Mulheres;1140;0 a 4 anos;9737
Indicador  3.9.2;1736;0.2;31;Minas Gerais;9737;2022;5;Mulheres;1141;5 a 9 anos;9737
Indicador  3.9.2;1736;0.0;31;Minas Gerais;9737;2022;5;Mulheres;1142;10 a 14 anos;9737
Indicador  3.9.2;1736;0.1;31;Minas Gerais;9737;2022;5;Mulheres;1143;15 a 19 anos;9737
Indicador  3.9.2;1736;0.0;31;Minas Gerais;9737;2022;5;Mulheres;1144;20 a 24 anos;9737
Indicador  3.9.2;1736;0.1;31;Minas Gerais;9737;2022;5;Mulheres;1145;25 a 29 anos;9737
Indicador  3.9.2;1736;0.1;31;Minas Gerais;9737;2022;5;Mulheres;1146;30 a 34 anos;9737
Indicador  3.9.2;1736;0.2;31;Minas Gerais;9737;2022;5;Mulheres;1147;35 a 39 anos;9737
Indicador  3.9.2;1736;0.5;31;Minas Gerais;9737;2022;5;Mulheres;1148;40 a 44 anos;9737
Indicador  3.9.2;1736;0.5;31;Minas Gerais;9737;2022;5;Mulheres;1149;45 a 49 anos;9737
Indicador  3.9.2;1736;1.3;31;Minas Gerais;9737;2022;5;Mulheres;1150;50 a 54 anos;9737
Indicador  3.9.2;1736;1.8;31;Minas Gerais;9737;2022;5;Mulheres;1151;55 a 59 anos;9737
Indicador  3.9.2;1736;23.4;31;Minas Gerais;9737;2022;5;Mulheres;3302;60 anos ou mais;9737
Indicador  3.9.2;1736;4.1;32;Espírito Santo;9737;2018;6794;Total;95253;Total;9737
Indicador  3.9.2;1736;3.1;32;Espírito Santo;9737;2018;6794;Total;1140;0 a 4 anos;9737
Indicador  3.9.2;1736;0.4;32;Espírito Santo;9737;2018;6794;Total;1141;5 a 9 anos;9737
Indicador  3.9.2;1736;0.4;32;Espírito Santo;9737;2018;6794;Total;1142;10 a 14 anos;9737
Indicador  3.9.2;1736;0.7;32;Espírito Santo;9737;2018;6794;Total;1143;15 a 19 anos;9737
Indicador  3.9.2;1736;0.0;32;Espírito Santo;9737;2018;6794;Total;1144;20 a 24 anos;9737
Indicador  3.9.2;1736;0.3;32;Espírito Santo;9737;2018;6794;Total;1145;25 a 29 anos;9737
Indicador  3.9.2;1736;0.6;32;Espírito Santo;9737;2018;6794;Total;1146;30 a 34 anos;9737
Indicador  3.9.2;1736;0.6;32;Espírito Santo;9737;2018;6794;Total;1147;35 a 39 anos;9737
Indicador  3.9.2;1736;0.0;32;Espírito Santo;9737;2018;6794;Total;1148;40 a 44 anos;9737
Indicador  3.9.2;1736;1.2;32;Espírito Santo;9737;2018;6794;Total;1149;45 a 49 anos;9737
Indicador  3.9.2;1736;1.3;32;Espírito Santo;9737;2018;6794;Total;1150;50 a 54 anos;9737
Indicador  3.9.2;1736;2.8;32;Espírito Santo;9737;2018;6794;Total;1151;55 a 59 anos;9737
Indicador  3.9.2;1736;24.6;32;Espírito Santo;9737;2018;6794;Total;3302;60 anos ou mais;9737
Indicador  3.9.2;1736;3.9;32;Espírito Santo;9737;2018;4;Homens;95253;Total;9737
Indicador  3.9.2;1736;2.7;32;Espírito Santo;9737;2018;4;Homens;1140;0 a 4 anos;9737
Indicador  3.9.2;1736;0.7;32;Espírito Santo;9737;2018;4;Homens;1141;5 a 9 anos;9737
Indicador  3.9.2;1736;0.0;32;Espírito Santo;9737;2018;4;Homens;1142;10 a 14 anos;9737
Indicador  3.9.2;1736;1.3;32;Espírito Santo;9737;2018;4;Homens;1143;15 a 19 anos;9737
Indicador  3.9.2;1736;0.0;32;Espírito Santo;9737;2018;4;Homens;1144;20 a 24 anos;9737
Indicador  3.9.2;1736;0.6;32;Espírito Santo;9737;2018;4;Homens;1145;25 a 29 anos;9737
Indicador  3.9.2;1736;1.2;32;Espírito Santo;9737;2018;4;Homens;1146;30 a 34 anos;9737
Indicador  3.9.2;1736;0.6;32;Espírito Santo;9737;2018;4;Homens;1147;35 a 39 anos;9737
Indicador  3.9.2;1736;0.0;32;Espírito Santo;9737;2018;4;Homens;1148;40 a 44 anos;9737
Indicador  3.9.2;1736;1.6;32;Espírito Santo;9737;2018;4;Homens;1149;45 a 49 anos;9737
Indicador  3.9.2;1736;2.6;32;Espírito Santo;9737;2018;4;Homens;1150;50 a 54 anos;9737
Indicador  3.9.2;1736;2.0;32;Espírito Santo;9737;2018;4;Homens;1151;55 a 59 anos;9737
Indicador  3.9.2;1736;23.7;32;Espírito Santo;9737;2018;4;Homens;3302;60 anos ou mais;9737
Indicador  3.9.2;1736;4.3;32;Espírito Santo;9737;2018;5;Mulheres;95253;Total;9737
Indicador  3.9.2;1736;3.6;32;Espírito Santo;9737;2018;5;Mulheres;1140;0 a 4 anos;9737
Indicador  3.9.2;1736;0.0;32;Espírito Santo;9737;2018;5;Mulheres;1141;5 a 9 anos;9737
Indicador  3.9.2;1736;0.7;32;Espírito Santo;9737;2018;5;Mulheres;1142;10 a 14 anos;9737
Indicador  3.9.2;1736;0.0;32;Espírito Santo;9737;2018;5;Mulheres;1143;15 a 19 anos;9737
Indicador  3.9.2;1736;0.0;32;Espírito Santo;9737;2018;5;Mulheres;1144;20 a 24 anos;9737
Indicador  3.9.2;1736;0.0;32;Espírito Santo;9737;2018;5;Mulheres;1145;25 a 29 anos;9737
Indicador  3.9.2;1736;0.0;32;Espírito Santo;9737;2018;5;Mulheres;1146;30 a 34 anos;9737
Indicador  3.9.2;1736;0.6;32;Espírito Santo;9737;2018;5;Mulheres;1147;35 a 39 anos;9737
Indicador  3.9.2;1736;0.0;32;Espírito Santo;9737;2018;5;Mulheres;1148;40 a 44 anos;9737
Indicador  3.9.2;1736;0.8;32;Espírito Santo;9737;2018;5;Mulheres;1149;45 a 49 anos;9737
Indicador  3.9.2;1736;0.0;32;Espírito Santo;9737;2018;5;Mulheres;1150;50 a 54 anos;9737
Indicador  3.9.2;1736;3.6;32;Espírito Santo;9737;2018;5;Mulheres;1151;55 a 59 anos;9737
Indicador  3.9.2;1736;25.2;32;Espírito Santo;9737;2018;5;Mulheres;3302;60 anos ou mais;9737
Indicador  3.9.2;1736;4.2;32;Espírito Santo;9737;2019;6794;Total;95253;Total;9737
Indicador  3.9.2;1736;2.8;32;Espírito Santo;9737;2019;6794;Total;1140;0 a 4 anos;9737
Indicador  3.9.2;1736;0.4;32;Espírito Santo;9737;2019;6794;Total;1141;5 a 9 anos;9737
Indicador  3.9.2;1736;0.4;32;Espírito Santo;9737;2019;6794;Total;1142;10 a 14 anos;9737
Indicador  3.9.2;1736;0.3;32;Espírito Santo;9737;2019;6794;Total;1143;15 a 19 anos;9737
Indicador  3.9.2;1736;0.0;32;Espírito Santo;9737;2019;6794;Total;1144;20 a 24 anos;9737
Indicador  3.9.2;1736;0.3;32;Espírito Santo;9737;2019;6794;Total;1145;25 a 29 anos;9737
Indicador  3.9.2;1736;0.3;32;Espírito Santo;9737;2019;6794;Total;1146;30 a 34 anos;9737
Indicador  3.9.2;1736;0.3;32;Espírito Santo;9737;2019;6794;Total;1147;35 a 39 anos;9737
Indicador  3.9.2;1736;1.0;32;Espírito Santo;9737;2019;6794;Total;1148;40 a 44 anos;9737
Indicador  3.9.2;1736;0.4;32;Espírito Santo;9737;2019;6794;Total;1149;45 a 49 anos;9737
Indicador  3.9.2;1736;3.7;32;Espírito Santo;9737;2019;6794;Total;1150;50 a 54 anos;9737
Indicador  3.9.2;1736;2.7;32;Espírito Santo;9737;2019;6794;Total;1151;55 a 59 anos;9737
Indicador  3.9.2;1736;24.0;32;Espírito Santo;9737;2019;6794;Total;3302;60 anos ou mais;9737
Indicador  3.9.2;1736;4.5;32;Espírito Santo;9737;2019;4;Homens;95253;Total;9737
Indicador  3.9.2;1736;2.7;32;Espírito Santo;9737;2019;4;Homens;1140;0 a 4 anos;9737
Indicador  3.9.2;1736;0.7;32;Espírito Santo;9737;2019;4;Homens;1141;5 a 9 anos;9737
Indicador  3.9.2;1736;0.7;32;Espírito Santo;9737;2019;4;Homens;1142;10 a 14 anos;9737
Indicador  3.9.2;1736;0.7;32;Espírito Santo;9737;2019;4;Homens;1143;15 a 19 anos;9737
Indicador  3.9.2;1736;0.0;32;Espírito Santo;9737;2019;4;Homens;1144;20 a 24 anos;9737
Indicador  3.9.2;1736;0.6;32;Espírito Santo;9737;2019;4;Homens;1145;25 a 29 anos;9737
Indicador  3.9.2;1736;0.6;32;Espírito Santo;9737;2019;4;Homens;1146;30 a 34 anos;9737
Indicador  3.9.2;1736;0.6;32;Espírito Santo;9737;2019;4;Homens;1147;35 a 39 anos;9737
Indicador  3.9.2;1736;2.1;32;Espírito Santo;9737;2019;4;Homens;1148;40 a 44 anos;9737
Indicador  3.9.2;1736;0.0;32;Espírito Santo;9737;2019;4;Homens;1149;45 a 49 anos;9737
Indicador  3.9.2;1736;4.3;32;Espírito Santo;9737;2019;4;Homens;1150;50 a 54 anos;9737
Indicador  3.9.2;1736;3.8;32;Espírito Santo;9737;2019;4;Homens;1151;55 a 59 anos;9737
Indicador  3.9.2;1736;26.2;32;Espírito Santo;9737;2019;4;Homens;3302;60 anos ou mais;9737
Indicador  3.9.2;1736;3.9;32;Espírito Santo;9737;2019;5;Mulheres;95253;Total;9737
Indicador  3.9.2;1736;2.8;32;Espírito Santo;9737;2019;5;Mulheres;1140;0 a 4 anos;9737
Indicador  3.9.2;1736;0.0;32;Espírito Santo;9737;2019;5;Mulheres;1141;5 a 9 anos;9737
Indicador  3.9.2;1736;0.0;32;Espírito Santo;9737;2019;5;Mulheres;1142;10 a 14 anos;9737
Indicador  3.9.2;1736;0.0;32;Espírito Santo;9737;2019;5;Mulheres;1143;15 a 19 anos;9737
Indicador  3.9.2;1736;0.0;32;Espírito Santo;9737;2019;5;Mulheres;1144;20 a 24 anos;9737
Indicador  3.9.2;1736;0.0;32;Espírito Santo;9737;2019;5;Mulheres;1145;25 a 29 anos;9737
Indicador  3.9.2;1736;0.0;32;Espírito Santo;9737;2019;5;Mulheres;1146;30 a 34 anos;9737
Indicador  3.9.2;1736;0.0;32;Espírito Santo;9737;2019;5;Mulheres;1147;35 a 39 anos;9737
Indicador  3.9.2;1736;0.0;32;Espírito Santo;9737;2019;5;Mulheres;1148;40 a 44 anos;9737
Indicador  3.9.2;1736;0.8;32;Espírito Santo;9737;2019;5;Mulheres;1149;45 a 49 anos;9737
Indicador  3.9.2;1736;3.2;32;Espírito Santo;9737;2019;5;Mulheres;1150;50 a 54 anos;9737
Indicador  3.9.2;1736;1.8;32;Espírito Santo;9737;2019;5;Mulheres;1151;55 a 59 anos;9737
Indicador  3.9.2;1736;22.2;32;Espírito Santo;9737;2019;5;Mulheres;3302;60 anos ou mais;9737
Indicador  3.9.2;1736;3.5;32;Espírito Santo;9737;2020;6794;Total;95253;Total;9737
Indicador  3.9.2;1736;2.4;32;Espírito Santo;9737;2020;6794;Total;1140;0 a 4 anos;9737
Indicador  3.9.2;1736;0.4;32;Espírito Santo;9737;2020;6794;Total;1141;5 a 9 anos;9737
Indicador  3.9.2;1736;0.4;32;Espírito Santo;9737;2020;6794;Total;1142;10 a 14 anos;9737
Indicador  3.9.2;1736;0.7;32;Espírito Santo;9737;2020;6794;Total;1143;15 a 19 anos;9737
Indicador  3.9.2;1736;0.0;32;Espírito Santo;9737;2020;6794;Total;1144;20 a 24 anos;9737
Indicador  3.9.2;1736;0.3;32;Espírito Santo;9737;2020;6794;Total;1145;25 a 29 anos;9737
Indicador  3.9.2;1736;0.9;32;Espírito Santo;9737;2020;6794;Total;1146;30 a 34 anos;9737
Indicador  3.9.2;1736;0.9;32;Espírito Santo;9737;2020;6794;Total;1147;35 a 39 anos;9737
Indicador  3.9.2;1736;1.3;32;Espírito Santo;9737;2020;6794;Total;1148;40 a 44 anos;9737
Indicador  3.9.2;1736;0.8;32;Espírito Santo;9737;2020;6794;Total;1149;45 a 49 anos;9737
Indicador  3.9.2;1736;0.0;32;Espírito Santo;9737;2020;6794;Total;1150;50 a 54 anos;9737
Indicador  3.9.2;1736;0.4;32;Espírito Santo;9737;2020;6794;Total;1151;55 a 59 anos;9737
Indicador  3.9.2;1736;19.6;32;Espírito Santo;9737;2020;6794;Total;3302;60 anos ou mais;9737
Indicador  3.9.2;1736;3.4;32;Espírito Santo;9737;2020;4;Homens;95253;Total;9737
Indicador  3.9.2;1736;2.0;32;Espírito Santo;9737;2020;4;Homens;1140;0 a 4 anos;9737
Indicador  3.9.2;1736;0.0;32;Espírito Santo;9737;2020;4;Homens;1141;5 a 9 anos;9737
Indicador  3.9.2;1736;0.7;32;Espírito Santo;9737;2020;4;Homens;1142;10 a 14 anos;9737
Indicador  3.9.2;1736;1.3;32;Espírito Santo;9737;2020;4;Homens;1143;15 a 19 anos;9737
Indicador  3.9.2;1736;0.0;32;Espírito Santo;9737;2020;4;Homens;1144;20 a 24 anos;9737
Indicador  3.9.2;1736;0.0;32;Espírito Santo;9737;2020;4;Homens;1145;25 a 29 anos;9737
Indicador  3.9.2;1736;1.2;32;Espírito Santo;9737;2020;4;Homens;1146;30 a 34 anos;9737
Indicador  3.9.2;1736;0.6;32;Espírito Santo;9737;2020;4;Homens;1147;35 a 39 anos;9737
Indicador  3.9.2;1736;1.3;32;Espírito Santo;9737;2020;4;Homens;1148;40 a 44 anos;9737
Indicador  3.9.2;1736;0.0;32;Espírito Santo;9737;2020;4;Homens;1149;45 a 49 anos;9737
Indicador  3.9.2;1736;0.0;32;Espírito Santo;9737;2020;4;Homens;1150;50 a 54 anos;9737
Indicador  3.9.2;1736;0.9;32;Espírito Santo;9737;2020;4;Homens;1151;55 a 59 anos;9737
Indicador  3.9.2;1736;21.3;32;Espírito Santo;9737;2020;4;Homens;3302;60 anos ou mais;9737
Indicador  3.9.2;1736;3.5;32;Espírito Santo;9737;2020;5;Mulheres;95253;Total;9737
Indicador  3.9.2;1736;2.8;32;Espírito Santo;9737;2020;5;Mulheres;1140;0 a 4 anos;9737
Indicador  3.9.2;1736;0.7;32;Espírito Santo;9737;2020;5;Mulheres;1141;5 a 9 anos;9737
Indicador  3.9.2;1736;0.0;32;Espírito Santo;9737;2020;5;Mulheres;1142;10 a 14 anos;9737
Indicador  3.9.2;1736;0.0;32;Espírito Santo;9737;2020;5;Mulheres;1143;15 a 19 anos;9737
Indicador  3.9.2;1736;0.0;32;Espírito Santo;9737;2020;5;Mulheres;1144;20 a 24 anos;9737
Indicador  3.9.2;1736;0.6;32;Espírito Santo;9737;2020;5;Mulheres;1145;25 a 29 anos;9737
Indicador  3.9.2;1736;0.6;32;Espírito Santo;9737;2020;5;Mulheres;1146;30 a 34 anos;9737
Indicador  3.9.2;1736;1.2;32;Espírito Santo;9737;2020;5;Mulheres;1147;35 a 39 anos;9737
Indicador  3.9.2;1736;1.3;32;Espírito Santo;9737;2020;5;Mulheres;1148;40 a 44 anos;9737
Indicador  3.9.2;1736;1.5;32;Espírito Santo;9737;2020;5;Mulheres;1149;45 a 49 anos;9737
Indicador  3.9.2;1736;0.0;32;Espírito Santo;9737;2020;5;Mulheres;1150;50 a 54 anos;9737
Indicador  3.9.2;1736;0.0;32;Espírito Santo;9737;2020;5;Mulheres;1151;55 a 59 anos;9737
Indicador  3.9.2;1736;18.1;32;Espírito Santo;9737;2020;5;Mulheres;3302;60 anos ou mais;9737
Indicador  3.9.2;1736;3.2;32;Espírito Santo;9737;2021;6794;Total;95253;Total;9737
Indicador  3.9.2;1736;1.0;32;Espírito Santo;9737;2021;6794;Total;1140;0 a 4 anos;9737
Indicador  3.9.2;1736;0.3;32;Espírito Santo;9737;2021;6794;Total;1141;5 a 9 anos;9737
Indicador  3.9.2;1736;0.7;32;Espírito Santo;9737;2021;6794;Total;1142;10 a 14 anos;9737
Indicador  3.9.2;1736;0.3;32;Espírito Santo;9737;2021;6794;Total;1143;15 a 19 anos;9737
Indicador  3.9.2;1736;0.0;32;Espírito Santo;9737;2021;6794;Total;1144;20 a 24 anos;9737
Indicador  3.9.2;1736;0.3;32;Espírito Santo;9737;2021;6794;Total;1145;25 a 29 anos;9737
Indicador  3.9.2;1736;0.3;32;Espírito Santo;9737;2021;6794;Total;1146;30 a 34 anos;9737
Indicador  3.9.2;1736;0.6;32;Espírito Santo;9737;2021;6794;Total;1147;35 a 39 anos;9737
Indicador  3.9.2;1736;0.3;32;Espírito Santo;9737;2021;6794;Total;1148;40 a 44 anos;9737
Indicador  3.9.2;1736;1.1;32;Espírito Santo;9737;2021;6794;Total;1149;45 a 49 anos;9737
Indicador  3.9.2;1736;0.0;32;Espírito Santo;9737;2021;6794;Total;1150;50 a 54 anos;9737
Indicador  3.9.2;1736;2.7;32;Espírito Santo;9737;2021;6794;Total;1151;55 a 59 anos;9737
Indicador  3.9.2;1736;17.4;32;Espírito Santo;9737;2021;6794;Total;3302;60 anos ou mais;9737
Indicador  3.9.2;1736;2.7;32;Espírito Santo;9737;2021;4;Homens;95253;Total;9737
Indicador  3.9.2;1736;0.7;32;Espírito Santo;9737;2021;4;Homens;1140;0 a 4 anos;9737
Indicador  3.9.2;1736;0.7;32;Espírito Santo;9737;2021;4;Homens;1141;5 a 9 anos;9737
Indicador  3.9.2;1736;0.0;32;Espírito Santo;9737;2021;4;Homens;1142;10 a 14 anos;9737
Indicador  3.9.2;1736;0.7;32;Espírito Santo;9737;2021;4;Homens;1143;15 a 19 anos;9737
Indicador  3.9.2;1736;0.0;32;Espírito Santo;9737;2021;4;Homens;1144;20 a 24 anos;9737
Indicador  3.9.2;1736;0.6;32;Espírito Santo;9737;2021;4;Homens;1145;25 a 29 anos;9737
Indicador  3.9.2;1736;0.0;32;Espírito Santo;9737;2021;4;Homens;1146;30 a 34 anos;9737
Indicador  3.9.2;1736;0.6;32;Espírito Santo;9737;2021;4;Homens;1147;35 a 39 anos;9737
Indicador  3.9.2;1736;0.6;32;Espírito Santo;9737;2021;4;Homens;1148;40 a 44 anos;9737
Indicador  3.9.2;1736;1.5;32;Espírito Santo;9737;2021;4;Homens;1149;45 a 49 anos;9737
Indicador  3.9.2;1736;0.0;32;Espírito Santo;9737;2021;4;Homens;1150;50 a 54 anos;9737
Indicador  3.9.2;1736;2.8;32;Espírito Santo;9737;2021;4;Homens;1151;55 a 59 anos;9737
Indicador  3.9.2;1736;15.1;32;Espírito Santo;9737;2021;4;Homens;3302;60 anos ou mais;9737
Indicador  3.9.2;1736;3.6;32;Espírito Santo;9737;2021;5;Mulheres;95253;Total;9737
Indicador  3.9.2;1736;1.4;32;Espírito Santo;9737;2021;5;Mulheres;1140;0 a 4 anos;9737
Indicador  3.9.2;1736;0.0;32;Espírito Santo;9737;2021;5;Mulheres;1141;5 a 9 anos;9737
Indicador  3.9.2;1736;1.5;32;Espírito Santo;9737;2021;5;Mulheres;1142;10 a 14 anos;9737
Indicador  3.9.2;1736;0.0;32;Espírito Santo;9737;2021;5;Mulheres;1143;15 a 19 anos;9737
Indicador  3.9.2;1736;0.0;32;Espírito Santo;9737;2021;5;Mulheres;1144;20 a 24 anos;9737
Indicador  3.9.2;1736;0.0;32;Espírito Santo;9737;2021;5;Mulheres;1145;25 a 29 anos;9737
Indicador  3.9.2;1736;0.6;32;Espírito Santo;9737;2021;5;Mulheres;1146;30 a 34 anos;9737
Indicador  3.9.2;1736;0.6;32;Espírito Santo;9737;2021;5;Mulheres;1147;35 a 39 anos;9737
Indicador  3.9.2;1736;0.0;32;Espírito Santo;9737;2021;5;Mulheres;1148;40 a 44 anos;9737
Indicador  3.9.2;1736;0.7;32;Espírito Santo;9737;2021;5;Mulheres;1149;45 a 49 anos;9737
Indicador  3.9.2;1736;0.0;32;Espírito Santo;9737;2021;5;Mulheres;1150;50 a 54 anos;9737
Indicador  3.9.2;1736;2.5;32;Espírito Santo;9737;2021;5;Mulheres;1151;55 a 59 anos;9737
Indicador  3.9.2;1736;19.1;32;Espírito Santo;9737;2021;5;Mulheres;3302;60 anos ou mais;9737
Indicador  3.9.2;1736;3.1;32;Espírito Santo;9737;2022;6794;Total;95253;Total;9737
Indicador  3.9.2;1736;3.5;32;Espírito Santo;9737;2022;6794;Total;1140;0 a 4 anos;9737
Indicador  3.9.2;1736;0.7;32;Espírito Santo;9737;2022;6794;Total;1141;5 a 9 anos;9737
Indicador  3.9.2;1736;0.0;32;Espírito Santo;9737;2022;6794;Total;1142;10 a 14 anos;9737
Indicador  3.9.2;1736;0.4;32;Espírito Santo;9737;2022;6794;Total;1143;15 a 19 anos;9737
Indicador  3.9.2;1736;0.3;32;Espírito Santo;9737;2022;6794;Total;1144;20 a 24 anos;9737
Indicador  3.9.2;1736;0.0;32;Espírito Santo;9737;2022;6794;Total;1145;25 a 29 anos;9737
Indicador  3.9.2;1736;0.0;32;Espírito Santo;9737;2022;6794;Total;1146;30 a 34 anos;9737
Indicador  3.9.2;1736;0.3;32;Espírito Santo;9737;2022;6794;Total;1147;35 a 39 anos;9737
Indicador  3.9.2;1736;0.9;32;Espírito Santo;9737;2022;6794;Total;1148;40 a 44 anos;9737
Indicador  3.9.2;1736;0.4;32;Espírito Santo;9737;2022;6794;Total;1149;45 a 49 anos;9737
Indicador  3.9.2;1736;0.8;32;Espírito Santo;9737;2022;6794;Total;1150;50 a 54 anos;9737
Indicador  3.9.2;1736;3.0;32;Espírito Santo;9737;2022;6794;Total;1151;55 a 59 anos;9737
Indicador  3.9.2;1736;15.5;32;Espírito Santo;9737;2022;6794;Total;3302;60 anos ou mais;9737
Indicador  3.9.2;1736;2.9;32;Espírito Santo;9737;2022;4;Homens;95253;Total;9737
Indicador  3.9.2;1736;4.1;32;Espírito Santo;9737;2022;4;Homens;1140;0 a 4 anos;9737
Indicador  3.9.2;1736;0.7;32;Espírito Santo;9737;2022;4;Homens;1141;5 a 9 anos;9737
Indicador  3.9.2;1736;0.0;32;Espírito Santo;9737;2022;4;Homens;1142;10 a 14 anos;9737
Indicador  3.9.2;1736;0.7;32;Espírito Santo;9737;2022;4;Homens;1143;15 a 19 anos;9737
Indicador  3.9.2;1736;0.0;32;Espírito Santo;9737;2022;4;Homens;1144;20 a 24 anos;9737
Indicador  3.9.2;1736;0.0;32;Espírito Santo;9737;2022;4;Homens;1145;25 a 29 anos;9737
Indicador  3.9.2;1736;0.0;32;Espírito Santo;9737;2022;4;Homens;1146;30 a 34 anos;9737
Indicador  3.9.2;1736;0.6;32;Espírito Santo;9737;2022;4;Homens;1147;35 a 39 anos;9737
Indicador  3.9.2;1736;1.3;32;Espírito Santo;9737;2022;4;Homens;1148;40 a 44 anos;9737
Indicador  3.9.2;1736;0.7;32;Espírito Santo;9737;2022;4;Homens;1149;45 a 49 anos;9737
Indicador  3.9.2;1736;0.8;32;Espírito Santo;9737;2022;4;Homens;1150;50 a 54 anos;9737
Indicador  3.9.2;1736;4.5;32;Espírito Santo;9737;2022;4;Homens;1151;55 a 59 anos;9737
Indicador  3.9.2;1736;14.4;32;Espírito Santo;9737;2022;4;Homens;3302;60 anos ou mais;9737
Indicador  3.9.2;1736;3.2;32;Espírito Santo;9737;2022;5;Mulheres;95253;Total;9737
Indicador  3.9.2;1736;2.8;32;Espírito Santo;9737;2022;5;Mulheres;1140;0 a 4 anos;9737
Indicador  3.9.2;1736;0.7;32;Espírito Santo;9737;2022;5;Mulheres;1141;5 a 9 anos;9737
Indicador  3.9.2;1736;0.0;32;Espírito Santo;9737;2022;5;Mulheres;1142;10 a 14 anos;9737
Indicador  3.9.2;1736;0.0;32;Espírito Santo;9737;2022;5;Mulheres;1143;15 a 19 anos;9737
Indicador  3.9.2;1736;0.7;32;Espírito Santo;9737;2022;5;Mulheres;1144;20 a 24 anos;9737
Indicador  3.9.2;1736;0.0;32;Espírito Santo;9737;2022;5;Mulheres;1145;25 a 29 anos;9737
Indicador  3.9.2;1736;0.0;32;Espírito Santo;9737;2022;5;Mulheres;1146;30 a 34 anos;9737
Indicador  3.9.2;1736;0.0;32;Espírito Santo;9737;2022;5;Mulheres;1147;35 a 39 anos;9737
Indicador  3.9.2;1736;0.6;32;Espírito Santo;9737;2022;5;Mulheres;1148;40 a 44 anos;9737
Indicador  3.9.2;1736;0.0;32;Espírito Santo;9737;2022;5;Mulheres;1149;45 a 49 anos;9737
Indicador  3.9.2;1736;0.8;32;Espírito Santo;9737;2022;5;Mulheres;1150;50 a 54 anos;9737
Indicador  3.9.2;1736;1.7;32;Espírito Santo;9737;2022;5;Mulheres;1151;55 a 59 anos;9737
Indicador  3.9.2;1736;16.3;32;Espírito Santo;9737;2022;5;Mulheres;3302;60 anos ou mais;9737
Indicador  3.9.2;1736;3.6;33;Rio de Janeiro;9737;2018;6794;Total;95253;Total;9737
Indicador  3.9.2;1736;4.2;33;Rio de Janeiro;9737;2018;6794;Total;1140;0 a 4 anos;9737
Indicador  3.9.2;1736;0.3;33;Rio de Janeiro;9737;2018;6794;Total;1141;5 a 9 anos;9737
Indicador  3.9.2;1736;0.2;33;Rio de Janeiro;9737;2018;6794;Total;1142;10 a 14 anos;9737
Indicador  3.9.2;1736;0.4;33;Rio de Janeiro;9737;2018;6794;Total;1143;15 a 19 anos;9737
Indicador  3.9.2;1736;0.2;33;Rio de Janeiro;9737;2018;6794;Total;1144;20 a 24 anos;9737
Indicador  3.9.2;1736;0.2;33;Rio de Janeiro;9737;2018;6794;Total;1145;25 a 29 anos;9737
Indicador  3.9.2;1736;0.1;33;Rio de Janeiro;9737;2018;6794;Total;1146;30 a 34 anos;9737
Indicador  3.9.2;1736;0.7;33;Rio de Janeiro;9737;2018;6794;Total;1147;35 a 39 anos;9737
Indicador  3.9.2;1736;0.9;33;Rio de Janeiro;9737;2018;6794;Total;1148;40 a 44 anos;9737
Indicador  3.9.2;1736;1.5;33;Rio de Janeiro;9737;2018;6794;Total;1149;45 a 49 anos;9737
Indicador  3.9.2;1736;0.8;33;Rio de Janeiro;9737;2018;6794;Total;1150;50 a 54 anos;9737
Indicador  3.9.2;1736;1.9;33;Rio de Janeiro;9737;2018;6794;Total;1151;55 a 59 anos;9737
Indicador  3.9.2;1736;17.4;33;Rio de Janeiro;9737;2018;6794;Total;3302;60 anos ou mais;9737
Indicador  3.9.2;1736;3.7;33;Rio de Janeiro;9737;2018;4;Homens;95253;Total;9737
Indicador  3.9.2;1736;4.5;33;Rio de Janeiro;9737;2018;4;Homens;1140;0 a 4 anos;9737
Indicador  3.9.2;1736;0.4;33;Rio de Janeiro;9737;2018;4;Homens;1141;5 a 9 anos;9737
Indicador  3.9.2;1736;0.2;33;Rio de Janeiro;9737;2018;4;Homens;1142;10 a 14 anos;9737
Indicador  3.9.2;1736;0.5;33;Rio de Janeiro;9737;2018;4;Homens;1143;15 a 19 anos;9737
Indicador  3.9.2;1736;0.3;33;Rio de Janeiro;9737;2018;4;Homens;1144;20 a 24 anos;9737
Indicador  3.9.2;1736;0.3;33;Rio de Janeiro;9737;2018;4;Homens;1145;25 a 29 anos;9737
Indicador  3.9.2;1736;0.2;33;Rio de Janeiro;9737;2018;4;Homens;1146;30 a 34 anos;9737
Indicador  3.9.2;1736;1.1;33;Rio de Janeiro;9737;2018;4;Homens;1147;35 a 39 anos;9737
Indicador  3.9.2;1736;1.2;33;Rio de Janeiro;9737;2018;4;Homens;1148;40 a 44 anos;9737
Indicador  3.9.2;1736;2.2;33;Rio de Janeiro;9737;2018;4;Homens;1149;45 a 49 anos;9737
Indicador  3.9.2;1736;1.4;33;Rio de Janeiro;9737;2018;4;Homens;1150;50 a 54 anos;9737
Indicador  3.9.2;1736;3.0;33;Rio de Janeiro;9737;2018;4;Homens;1151;55 a 59 anos;9737
Indicador  3.9.2;1736;18.8;33;Rio de Janeiro;9737;2018;4;Homens;3302;60 anos ou mais;9737
Indicador  3.9.2;1736;3.5;33;Rio de Janeiro;9737;2018;5;Mulheres;95253;Total;9737
Indicador  3.9.2;1736;3.8;33;Rio de Janeiro;9737;2018;5;Mulheres;1140;0 a 4 anos;9737
Indicador  3.9.2;1736;0.2;33;Rio de Janeiro;9737;2018;5;Mulheres;1141;5 a 9 anos;9737
Indicador  3.9.2;1736;0.2;33;Rio de Janeiro;9737;2018;5;Mulheres;1142;10 a 14 anos;9737
Indicador  3.9.2;1736;0.3;33;Rio de Janeiro;9737;2018;5;Mulheres;1143;15 a 19 anos;9737
Indicador  3.9.2;1736;0.2;33;Rio de Janeiro;9737;2018;5;Mulheres;1144;20 a 24 anos;9737
Indicador  3.9.2;1736;0.0;33;Rio de Janeiro;9737;2018;5;Mulheres;1145;25 a 29 anos;9737
Indicador  3.9.2;1736;0.0;33;Rio de Janeiro;9737;2018;5;Mulheres;1146;30 a 34 anos;9737
Indicador  3.9.2;1736;0.4;33;Rio de Janeiro;9737;2018;5;Mulheres;1147;35 a 39 anos;9737
Indicador  3.9.2;1736;0.6;33;Rio de Janeiro;9737;2018;5;Mulheres;1148;40 a 44 anos;9737
Indicador  3.9.2;1736;0.8;33;Rio de Janeiro;9737;2018;5;Mulheres;1149;45 a 49 anos;9737
Indicador  3.9.2;1736;0.3;33;Rio de Janeiro;9737;2018;5;Mulheres;1150;50 a 54 anos;9737
Indicador  3.9.2;1736;0.9;33;Rio de Janeiro;9737;2018;5;Mulheres;1151;55 a 59 anos;9737
Indicador  3.9.2;1736;16.4;33;Rio de Janeiro;9737;2018;5;Mulheres;3302;60 anos ou mais;9737
Indicador  3.9.2;1736;3.6;33;Rio de Janeiro;9737;2019;6794;Total;95253;Total;9737
Indicador  3.9.2;1736;3.7;33;Rio de Janeiro;9737;2019;6794;Total;1140;0 a 4 anos;9737
Indicador  3.9.2;1736;0.3;33;Rio de Janeiro;9737;2019;6794;Total;1141;5 a 9 anos;9737
Indicador  3.9.2;1736;0.2;33;Rio de Janeiro;9737;2019;6794;Total;1142;10 a 14 anos;9737
Indicador  3.9.2;1736;0.2;33;Rio de Janeiro;9737;2019;6794;Total;1143;15 a 19 anos;9737
Indicador  3.9.2;1736;0.1;33;Rio de Janeiro;9737;2019;6794;Total;1144;20 a 24 anos;9737
Indicador  3.9.2;1736;0.4;33;Rio de Janeiro;9737;2019;6794;Total;1145;25 a 29 anos;9737
Indicador  3.9.2;1736;0.4;33;Rio de Janeiro;9737;2019;6794;Total;1146;30 a 34 anos;9737
Indicador  3.9.2;1736;0.3;33;Rio de Janeiro;9737;2019;6794;Total;1147;35 a 39 anos;9737
Indicador  3.9.2;1736;0.4;33;Rio de Janeiro;9737;2019;6794;Total;1148;40 a 44 anos;9737
Indicador  3.9.2;1736;0.4;33;Rio de Janeiro;9737;2019;6794;Total;1149;45 a 49 anos;9737
Indicador  3.9.2;1736;1.5;33;Rio de Janeiro;9737;2019;6794;Total;1150;50 a 54 anos;9737
Indicador  3.9.2;1736;1.8;33;Rio de Janeiro;9737;2019;6794;Total;1151;55 a 59 anos;9737
Indicador  3.9.2;1736;17.4;33;Rio de Janeiro;9737;2019;6794;Total;3302;60 anos ou mais;9737
Indicador  3.9.2;1736;3.6;33;Rio de Janeiro;9737;2019;4;Homens;95253;Total;9737
Indicador  3.9.2;1736;4.7;33;Rio de Janeiro;9737;2019;4;Homens;1140;0 a 4 anos;9737
Indicador  3.9.2;1736;0.0;33;Rio de Janeiro;9737;2019;4;Homens;1141;5 a 9 anos;9737
Indicador  3.9.2;1736;0.2;33;Rio de Janeiro;9737;2019;4;Homens;1142;10 a 14 anos;9737
Indicador  3.9.2;1736;0.0;33;Rio de Janeiro;9737;2019;4;Homens;1143;15 a 19 anos;9737
Indicador  3.9.2;1736;0.1;33;Rio de Janeiro;9737;2019;4;Homens;1144;20 a 24 anos;9737
Indicador  3.9.2;1736;0.3;33;Rio de Janeiro;9737;2019;4;Homens;1145;25 a 29 anos;9737
Indicador  3.9.2;1736;0.5;33;Rio de Janeiro;9737;2019;4;Homens;1146;30 a 34 anos;9737
Indicador  3.9.2;1736;0.5;33;Rio de Janeiro;9737;2019;4;Homens;1147;35 a 39 anos;9737
Indicador  3.9.2;1736;0.3;33;Rio de Janeiro;9737;2019;4;Homens;1148;40 a 44 anos;9737
Indicador  3.9.2;1736;0.6;33;Rio de Janeiro;9737;2019;4;Homens;1149;45 a 49 anos;9737
Indicador  3.9.2;1736;2.5;33;Rio de Janeiro;9737;2019;4;Homens;1150;50 a 54 anos;9737
Indicador  3.9.2;1736;2.5;33;Rio de Janeiro;9737;2019;4;Homens;1151;55 a 59 anos;9737
Indicador  3.9.2;1736;19.3;33;Rio de Janeiro;9737;2019;4;Homens;3302;60 anos ou mais;9737
Indicador  3.9.2;1736;3.5;33;Rio de Janeiro;9737;2019;5;Mulheres;95253;Total;9737
Indicador  3.9.2;1736;2.7;33;Rio de Janeiro;9737;2019;5;Mulheres;1140;0 a 4 anos;9737
Indicador  3.9.2;1736;0.6;33;Rio de Janeiro;9737;2019;5;Mulheres;1141;5 a 9 anos;9737
Indicador  3.9.2;1736;0.2;33;Rio de Janeiro;9737;2019;5;Mulheres;1142;10 a 14 anos;9737
Indicador  3.9.2;1736;0.3;33;Rio de Janeiro;9737;2019;5;Mulheres;1143;15 a 19 anos;9737
Indicador  3.9.2;1736;0.0;33;Rio de Janeiro;9737;2019;5;Mulheres;1144;20 a 24 anos;9737
Indicador  3.9.2;1736;0.5;33;Rio de Janeiro;9737;2019;5;Mulheres;1145;25 a 29 anos;9737
Indicador  3.9.2;1736;0.3;33;Rio de Janeiro;9737;2019;5;Mulheres;1146;30 a 34 anos;9737
Indicador  3.9.2;1736;0.1;33;Rio de Janeiro;9737;2019;5;Mulheres;1147;35 a 39 anos;9737
Indicador  3.9.2;1736;0.4;33;Rio de Janeiro;9737;2019;5;Mulheres;1148;40 a 44 anos;9737
Indicador  3.9.2;1736;0.3;33;Rio de Janeiro;9737;2019;5;Mulheres;1149;45 a 49 anos;9737
Indicador  3.9.2;1736;0.7;33;Rio de Janeiro;9737;2019;5;Mulheres;1150;50 a 54 anos;9737
Indicador  3.9.2;1736;1.2;33;Rio de Janeiro;9737;2019;5;Mulheres;1151;55 a 59 anos;9737
Indicador  3.9.2;1736;16.0;33;Rio de Janeiro;9737;2019;5;Mulheres;3302;60 anos ou mais;9737
Indicador  3.9.2;1736;2.9;33;Rio de Janeiro;9737;2020;6794;Total;95253;Total;9737
Indicador  3.9.2;1736;3.4;33;Rio de Janeiro;9737;2020;6794;Total;1140;0 a 4 anos;9737
Indicador  3.9.2;1736;0.1;33;Rio de Janeiro;9737;2020;6794;Total;1141;5 a 9 anos;9737
Indicador  3.9.2;1736;0.3;33;Rio de Janeiro;9737;2020;6794;Total;1142;10 a 14 anos;9737
Indicador  3.9.2;1736;0.3;33;Rio de Janeiro;9737;2020;6794;Total;1143;15 a 19 anos;9737
Indicador  3.9.2;1736;0.3;33;Rio de Janeiro;9737;2020;6794;Total;1144;20 a 24 anos;9737
Indicador  3.9.2;1736;0.2;33;Rio de Janeiro;9737;2020;6794;Total;1145;25 a 29 anos;9737
Indicador  3.9.2;1736;0.5;33;Rio de Janeiro;9737;2020;6794;Total;1146;30 a 34 anos;9737
Indicador  3.9.2;1736;0.4;33;Rio de Janeiro;9737;2020;6794;Total;1147;35 a 39 anos;9737
Indicador  3.9.2;1736;0.3;33;Rio de Janeiro;9737;2020;6794;Total;1148;40 a 44 anos;9737
Indicador  3.9.2;1736;0.8;33;Rio de Janeiro;9737;2020;6794;Total;1149;45 a 49 anos;9737
Indicador  3.9.2;1736;1.5;33;Rio de Janeiro;9737;2020;6794;Total;1150;50 a 54 anos;9737
Indicador  3.9.2;1736;1.3;33;Rio de Janeiro;9737;2020;6794;Total;1151;55 a 59 anos;9737
Indicador  3.9.2;1736;13.0;33;Rio de Janeiro;9737;2020;6794;Total;3302;60 anos ou mais;9737
Indicador  3.9.2;1736;3.0;33;Rio de Janeiro;9737;2020;4;Homens;95253;Total;9737
Indicador  3.9.2;1736;4.2;33;Rio de Janeiro;9737;2020;4;Homens;1140;0 a 4 anos;9737
Indicador  3.9.2;1736;0.0;33;Rio de Janeiro;9737;2020;4;Homens;1141;5 a 9 anos;9737
Indicador  3.9.2;1736;0.2;33;Rio de Janeiro;9737;2020;4;Homens;1142;10 a 14 anos;9737
Indicador  3.9.2;1736;0.2;33;Rio de Janeiro;9737;2020;4;Homens;1143;15 a 19 anos;9737
Indicador  3.9.2;1736;0.6;33;Rio de Janeiro;9737;2020;4;Homens;1144;20 a 24 anos;9737
Indicador  3.9.2;1736;0.0;33;Rio de Janeiro;9737;2020;4;Homens;1145;25 a 29 anos;9737
Indicador  3.9.2;1736;0.8;33;Rio de Janeiro;9737;2020;4;Homens;1146;30 a 34 anos;9737
Indicador  3.9.2;1736;0.6;33;Rio de Janeiro;9737;2020;4;Homens;1147;35 a 39 anos;9737
Indicador  3.9.2;1736;0.5;33;Rio de Janeiro;9737;2020;4;Homens;1148;40 a 44 anos;9737
Indicador  3.9.2;1736;0.9;33;Rio de Janeiro;9737;2020;4;Homens;1149;45 a 49 anos;9737
Indicador  3.9.2;1736;2.3;33;Rio de Janeiro;9737;2020;4;Homens;1150;50 a 54 anos;9737
Indicador  3.9.2;1736;1.7;33;Rio de Janeiro;9737;2020;4;Homens;1151;55 a 59 anos;9737
Indicador  3.9.2;1736;14.8;33;Rio de Janeiro;9737;2020;4;Homens;3302;60 anos ou mais;9737
Indicador  3.9.2;1736;2.7;33;Rio de Janeiro;9737;2020;5;Mulheres;95253;Total;9737
Indicador  3.9.2;1736;2.6;33;Rio de Janeiro;9737;2020;5;Mulheres;1140;0 a 4 anos;9737
Indicador  3.9.2;1736;0.2;33;Rio de Janeiro;9737;2020;5;Mulheres;1141;5 a 9 anos;9737
Indicador  3.9.2;1736;0.4;33;Rio de Janeiro;9737;2020;5;Mulheres;1142;10 a 14 anos;9737
Indicador  3.9.2;1736;0.4;33;Rio de Janeiro;9737;2020;5;Mulheres;1143;15 a 19 anos;9737
Indicador  3.9.2;1736;0.0;33;Rio de Janeiro;9737;2020;5;Mulheres;1144;20 a 24 anos;9737
Indicador  3.9.2;1736;0.5;33;Rio de Janeiro;9737;2020;5;Mulheres;1145;25 a 29 anos;9737
Indicador  3.9.2;1736;0.1;33;Rio de Janeiro;9737;2020;5;Mulheres;1146;30 a 34 anos;9737
Indicador  3.9.2;1736;0.1;33;Rio de Janeiro;9737;2020;5;Mulheres;1147;35 a 39 anos;9737
Indicador  3.9.2;1736;0.1;33;Rio de Janeiro;9737;2020;5;Mulheres;1148;40 a 44 anos;9737
Indicador  3.9.2;1736;0.6;33;Rio de Janeiro;9737;2020;5;Mulheres;1149;45 a 49 anos;9737
Indicador  3.9.2;1736;0.9;33;Rio de Janeiro;9737;2020;5;Mulheres;1150;50 a 54 anos;9737
Indicador  3.9.2;1736;1.1;33;Rio de Janeiro;9737;2020;5;Mulheres;1151;55 a 59 anos;9737
Indicador  3.9.2;1736;11.7;33;Rio de Janeiro;9737;2020;5;Mulheres;3302;60 anos ou mais;9737
Indicador  3.9.2;1736;2.6;33;Rio de Janeiro;9737;2021;6794;Total;95253;Total;9737
Indicador  3.9.2;1736;3.5;33;Rio de Janeiro;9737;2021;6794;Total;1140;0 a 4 anos;9737
Indicador  3.9.2;1736;0.2;33;Rio de Janeiro;9737;2021;6794;Total;1141;5 a 9 anos;9737
Indicador  3.9.2;1736;0.1;33;Rio de Janeiro;9737;2021;6794;Total;1142;10 a 14 anos;9737
Indicador  3.9.2;1736;0.3;33;Rio de Janeiro;9737;2021;6794;Total;1143;15 a 19 anos;9737
Indicador  3.9.2;1736;0.2;33;Rio de Janeiro;9737;2021;6794;Total;1144;20 a 24 anos;9737
Indicador  3.9.2;1736;0.2;33;Rio de Janeiro;9737;2021;6794;Total;1145;25 a 29 anos;9737
Indicador  3.9.2;1736;0.2;33;Rio de Janeiro;9737;2021;6794;Total;1146;30 a 34 anos;9737
Indicador  3.9.2;1736;0.3;33;Rio de Janeiro;9737;2021;6794;Total;1147;35 a 39 anos;9737
Indicador  3.9.2;1736;0.5;33;Rio de Janeiro;9737;2021;6794;Total;1148;40 a 44 anos;9737
Indicador  3.9.2;1736;0.8;33;Rio de Janeiro;9737;2021;6794;Total;1149;45 a 49 anos;9737
Indicador  3.9.2;1736;1.2;33;Rio de Janeiro;9737;2021;6794;Total;1150;50 a 54 anos;9737
Indicador  3.9.2;1736;2.0;33;Rio de Janeiro;9737;2021;6794;Total;1151;55 a 59 anos;9737
Indicador  3.9.2;1736;11.0;33;Rio de Janeiro;9737;2021;6794;Total;3302;60 anos ou mais;9737
Indicador  3.9.2;1736;2.7;33;Rio de Janeiro;9737;2021;4;Homens;95253;Total;9737
Indicador  3.9.2;1736;4.2;33;Rio de Janeiro;9737;2021;4;Homens;1140;0 a 4 anos;9737
Indicador  3.9.2;1736;0.2;33;Rio de Janeiro;9737;2021;4;Homens;1141;5 a 9 anos;9737
Indicador  3.9.2;1736;0.2;33;Rio de Janeiro;9737;2021;4;Homens;1142;10 a 14 anos;9737
Indicador  3.9.2;1736;0.4;33;Rio de Janeiro;9737;2021;4;Homens;1143;15 a 19 anos;9737
Indicador  3.9.2;1736;0.2;33;Rio de Janeiro;9737;2021;4;Homens;1144;20 a 24 anos;9737
Indicador  3.9.2;1736;0.3;33;Rio de Janeiro;9737;2021;4;Homens;1145;25 a 29 anos;9737
Indicador  3.9.2;1736;0.0;33;Rio de Janeiro;9737;2021;4;Homens;1146;30 a 34 anos;9737
Indicador  3.9.2;1736;0.5;33;Rio de Janeiro;9737;2021;4;Homens;1147;35 a 39 anos;9737
Indicador  3.9.2;1736;0.8;33;Rio de Janeiro;9737;2021;4;Homens;1148;40 a 44 anos;9737
Indicador  3.9.2;1736;0.7;33;Rio de Janeiro;9737;2021;4;Homens;1149;45 a 49 anos;9737
Indicador  3.9.2;1736;1.5;33;Rio de Janeiro;9737;2021;4;Homens;1150;50 a 54 anos;9737
Indicador  3.9.2;1736;1.9;33;Rio de Janeiro;9737;2021;4;Homens;1151;55 a 59 anos;9737
Indicador  3.9.2;1736;12.7;33;Rio de Janeiro;9737;2021;4;Homens;3302;60 anos ou mais;9737
Indicador  3.9.2;1736;2.4;33;Rio de Janeiro;9737;2021;5;Mulheres;95253;Total;9737
Indicador  3.9.2;1736;2.7;33;Rio de Janeiro;9737;2021;5;Mulheres;1140;0 a 4 anos;9737
Indicador  3.9.2;1736;0.2;33;Rio de Janeiro;9737;2021;5;Mulheres;1141;5 a 9 anos;9737
Indicador  3.9.2;1736;0.0;33;Rio de Janeiro;9737;2021;5;Mulheres;1142;10 a 14 anos;9737
Indicador  3.9.2;1736;0.2;33;Rio de Janeiro;9737;2021;5;Mulheres;1143;15 a 19 anos;9737
Indicador  3.9.2;1736;0.2;33;Rio de Janeiro;9737;2021;5;Mulheres;1144;20 a 24 anos;9737
Indicador  3.9.2;1736;0.0;33;Rio de Janeiro;9737;2021;5;Mulheres;1145;25 a 29 anos;9737
Indicador  3.9.2;1736;0.3;33;Rio de Janeiro;9737;2021;5;Mulheres;1146;30 a 34 anos;9737
Indicador  3.9.2;1736;0.1;33;Rio de Janeiro;9737;2021;5;Mulheres;1147;35 a 39 anos;9737
Indicador  3.9.2;1736;0.1;33;Rio de Janeiro;9737;2021;5;Mulheres;1148;40 a 44 anos;9737
Indicador  3.9.2;1736;1.0;33;Rio de Janeiro;9737;2021;5;Mulheres;1149;45 a 49 anos;9737
Indicador  3.9.2;1736;0.8;33;Rio de Janeiro;9737;2021;5;Mulheres;1150;50 a 54 anos;9737
Indicador  3.9.2;1736;2.1;33;Rio de Janeiro;9737;2021;5;Mulheres;1151;55 a 59 anos;9737
Indicador  3.9.2;1736;9.8;33;Rio de Janeiro;9737;2021;5;Mulheres;3302;60 anos ou mais;9737
Indicador  3.9.2;1736;3.0;33;Rio de Janeiro;9737;2022;6794;Total;95253;Total;9737
Indicador  3.9.2;1736;3.0;33;Rio de Janeiro;9737;2022;6794;Total;1140;0 a 4 anos;9737
Indicador  3.9.2;1736;0.5;33;Rio de Janeiro;9737;2022;6794;Total;1141;5 a 9 anos;9737
Indicador  3.9.2;1736;0.4;33;Rio de Janeiro;9737;2022;6794;Total;1142;10 a 14 anos;9737
Indicador  3.9.2;1736;0.4;33;Rio de Janeiro;9737;2022;6794;Total;1143;15 a 19 anos;9737
Indicador  3.9.2;1736;0.3;33;Rio de Janeiro;9737;2022;6794;Total;1144;20 a 24 anos;9737
Indicador  3.9.2;1736;0.2;33;Rio de Janeiro;9737;2022;6794;Total;1145;25 a 29 anos;9737
Indicador  3.9.2;1736;0.2;33;Rio de Janeiro;9737;2022;6794;Total;1146;30 a 34 anos;9737
Indicador  3.9.2;1736;0.2;33;Rio de Janeiro;9737;2022;6794;Total;1147;35 a 39 anos;9737
Indicador  3.9.2;1736;0.3;33;Rio de Janeiro;9737;2022;6794;Total;1148;40 a 44 anos;9737
Indicador  3.9.2;1736;1.1;33;Rio de Janeiro;9737;2022;6794;Total;1149;45 a 49 anos;9737
Indicador  3.9.2;1736;1.0;33;Rio de Janeiro;9737;2022;6794;Total;1150;50 a 54 anos;9737
Indicador  3.9.2;1736;2.0;33;Rio de Janeiro;9737;2022;6794;Total;1151;55 a 59 anos;9737
Indicador  3.9.2;1736;12.9;33;Rio de Janeiro;9737;2022;6794;Total;3302;60 anos ou mais;9737
Indicador  3.9.2;1736;2.8;33;Rio de Janeiro;9737;2022;4;Homens;95253;Total;9737
Indicador  3.9.2;1736;3.3;33;Rio de Janeiro;9737;2022;4;Homens;1140;0 a 4 anos;9737
Indicador  3.9.2;1736;0.9;33;Rio de Janeiro;9737;2022;4;Homens;1141;5 a 9 anos;9737
Indicador  3.9.2;1736;0.4;33;Rio de Janeiro;9737;2022;4;Homens;1142;10 a 14 anos;9737
Indicador  3.9.2;1736;0.4;33;Rio de Janeiro;9737;2022;4;Homens;1143;15 a 19 anos;9737
Indicador  3.9.2;1736;0.6;33;Rio de Janeiro;9737;2022;4;Homens;1144;20 a 24 anos;9737
Indicador  3.9.2;1736;0.2;33;Rio de Janeiro;9737;2022;4;Homens;1145;25 a 29 anos;9737
Indicador  3.9.2;1736;0.3;33;Rio de Janeiro;9737;2022;4;Homens;1146;30 a 34 anos;9737
Indicador  3.9.2;1736;0.5;33;Rio de Janeiro;9737;2022;4;Homens;1147;35 a 39 anos;9737
Indicador  3.9.2;1736;0.3;33;Rio de Janeiro;9737;2022;4;Homens;1148;40 a 44 anos;9737
Indicador  3.9.2;1736;1.0;33;Rio de Janeiro;9737;2022;4;Homens;1149;45 a 49 anos;9737
Indicador  3.9.2;1736;1.7;33;Rio de Janeiro;9737;2022;4;Homens;1150;50 a 54 anos;9737
Indicador  3.9.2;1736;1.9;33;Rio de Janeiro;9737;2022;4;Homens;1151;55 a 59 anos;9737
Indicador  3.9.2;1736;13.0;33;Rio de Janeiro;9737;2022;4;Homens;3302;60 anos ou mais;9737
Indicador  3.9.2;1736;3.1;33;Rio de Janeiro;9737;2022;5;Mulheres;95253;Total;9737
Indicador  3.9.2;1736;2.7;33;Rio de Janeiro;9737;2022;5;Mulheres;1140;0 a 4 anos;9737
Indicador  3.9.2;1736;0.2;33;Rio de Janeiro;9737;2022;5;Mulheres;1141;5 a 9 anos;9737
Indicador  3.9.2;1736;0.4;33;Rio de Janeiro;9737;2022;5;Mulheres;1142;10 a 14 anos;9737
Indicador  3.9.2;1736;0.4;33;Rio de Janeiro;9737;2022;5;Mulheres;1143;15 a 19 anos;9737
Indicador  3.9.2;1736;0.0;33;Rio de Janeiro;9737;2022;5;Mulheres;1144;20 a 24 anos;9737
Indicador  3.9.2;1736;0.3;33;Rio de Janeiro;9737;2022;5;Mulheres;1145;25 a 29 anos;9737
Indicador  3.9.2;1736;0.0;33;Rio de Janeiro;9737;2022;5;Mulheres;1146;30 a 34 anos;9737
Indicador  3.9.2;1736;0.0;33;Rio de Janeiro;9737;2022;5;Mulheres;1147;35 a 39 anos;9737
Indicador  3.9.2;1736;0.3;33;Rio de Janeiro;9737;2022;5;Mulheres;1148;40 a 44 anos;9737
Indicador  3.9.2;1736;1.1;33;Rio de Janeiro;9737;2022;5;Mulheres;1149;45 a 49 anos;9737
Indicador  3.9.2;1736;0.3;33;Rio de Janeiro;9737;2022;5;Mulheres;1150;50 a 54 anos;9737
Indicador  3.9.2;1736;2.1;33;Rio de Janeiro;9737;2022;5;Mulheres;1151;55 a 59 anos;9737
Indicador  3.9.2;1736;12.8;33;Rio de Janeiro;9737;2022;5;Mulheres;3302;60 anos ou mais;9737
Indicador  3.9.2;1736;3.8;35;São Paulo;9737;2018;6794;Total;95253;Total;9737
Indicador  3.9.2;1736;2.0;35;São Paulo;9737;2018;6794;Total;1140;0 a 4 anos;9737
Indicador  3.9.2;1736;0.2;35;São Paulo;9737;2018;6794;Total;1141;5 a 9 anos;9737
Indicador  3.9.2;1736;0.0;35;São Paulo;9737;2018;6794;Total;1142;10 a 14 anos;9737
Indicador  3.9.2;1736;0.2;35;São Paulo;9737;2018;6794;Total;1143;15 a 19 anos;9737
Indicador  3.9.2;1736;0.2;35;São Paulo;9737;2018;6794;Total;1144;20 a 24 anos;9737
Indicador  3.9.2;1736;0.2;35;São Paulo;9737;2018;6794;Total;1145;25 a 29 anos;9737
Indicador  3.9.2;1736;0.3;35;São Paulo;9737;2018;6794;Total;1146;30 a 34 anos;9737
Indicador  3.9.2;1736;0.3;35;São Paulo;9737;2018;6794;Total;1147;35 a 39 anos;9737
Indicador  3.9.2;1736;0.7;35;São Paulo;9737;2018;6794;Total;1148;40 a 44 anos;9737
Indicador  3.9.2;1736;0.9;35;São Paulo;9737;2018;6794;Total;1149;45 a 49 anos;9737
Indicador  3.9.2;1736;1.7;35;São Paulo;9737;2018;6794;Total;1150;50 a 54 anos;9737
Indicador  3.9.2;1736;2.7;35;São Paulo;9737;2018;6794;Total;1151;55 a 59 anos;9737
Indicador  3.9.2;1736;21.7;35;São Paulo;9737;2018;6794;Total;3302;60 anos ou mais;9737
Indicador  3.9.2;1736;3.6;35;São Paulo;9737;2018;4;Homens;95253;Total;9737
Indicador  3.9.2;1736;1.8;35;São Paulo;9737;2018;4;Homens;1140;0 a 4 anos;9737
Indicador  3.9.2;1736;0.1;35;São Paulo;9737;2018;4;Homens;1141;5 a 9 anos;9737
Indicador  3.9.2;1736;0.0;35;São Paulo;9737;2018;4;Homens;1142;10 a 14 anos;9737
Indicador  3.9.2;1736;0.2;35;São Paulo;9737;2018;4;Homens;1143;15 a 19 anos;9737
Indicador  3.9.2;1736;0.5;35;São Paulo;9737;2018;4;Homens;1144;20 a 24 anos;9737
Indicador  3.9.2;1736;0.3;35;São Paulo;9737;2018;4;Homens;1145;25 a 29 anos;9737
Indicador  3.9.2;1736;0.3;35;São Paulo;9737;2018;4;Homens;1146;30 a 34 anos;9737
Indicador  3.9.2;1736;0.4;35;São Paulo;9737;2018;4;Homens;1147;35 a 39 anos;9737
Indicador  3.9.2;1736;0.7;35;São Paulo;9737;2018;4;Homens;1148;40 a 44 anos;9737
Indicador  3.9.2;1736;1.4;35;São Paulo;9737;2018;4;Homens;1149;45 a 49 anos;9737
Indicador  3.9.2;1736;2.0;35;São Paulo;9737;2018;4;Homens;1150;50 a 54 anos;9737
Indicador  3.9.2;1736;3.3;35;São Paulo;9737;2018;4;Homens;1151;55 a 59 anos;9737
Indicador  3.9.2;1736;21.8;35;São Paulo;9737;2018;4;Homens;3302;60 anos ou mais;9737
Indicador  3.9.2;1736;4.1;35;São Paulo;9737;2018;5;Mulheres;95253;Total;9737
Indicador  3.9.2;1736;2.2;35;São Paulo;9737;2018;5;Mulheres;1140;0 a 4 anos;9737
Indicador  3.9.2;1736;0.3;35;São Paulo;9737;2018;5;Mulheres;1141;5 a 9 anos;9737
Indicador  3.9.2;1736;0.0;35;São Paulo;9737;2018;5;Mulheres;1142;10 a 14 anos;9737
Indicador  3.9.2;1736;0.2;35;São Paulo;9737;2018;5;Mulheres;1143;15 a 19 anos;9737
Indicador  3.9.2;1736;0.0;35;São Paulo;9737;2018;5;Mulheres;1144;20 a 24 anos;9737
Indicador  3.9.2;1736;0.1;35;São Paulo;9737;2018;5;Mulheres;1145;25 a 29 anos;9737
Indicador  3.9.2;1736;0.4;35;São Paulo;9737;2018;5;Mulheres;1146;30 a 34 anos;9737
Indicador  3.9.2;1736;0.2;35;São Paulo;9737;2018;5;Mulheres;1147;35 a 39 anos;9737
Indicador  3.9.2;1736;0.7;35;São Paulo;9737;2018;5;Mulheres;1148;40 a 44 anos;9737
Indicador  3.9.2;1736;0.4;35;São Paulo;9737;2018;5;Mulheres;1149;45 a 49 anos;9737
Indicador  3.9.2;1736;1.5;35;São Paulo;9737;2018;5;Mulheres;1150;50 a 54 anos;9737
Indicador  3.9.2;1736;2.2;35;São Paulo;9737;2018;5;Mulheres;1151;55 a 59 anos;9737
Indicador  3.9.2;1736;21.6;35;São Paulo;9737;2018;5;Mulheres;3302;60 anos ou mais;9737
Indicador  3.9.2;1736;4.1;35;São Paulo;9737;2019;6794;Total;95253;Total;9737
Indicador  3.9.2;1736;2.0;35;São Paulo;9737;2019;6794;Total;1140;0 a 4 anos;9737
Indicador  3.9.2;1736;0.2;35;São Paulo;9737;2019;6794;Total;1141;5 a 9 anos;9737
Indicador  3.9.2;1736;0.2;35;São Paulo;9737;2019;6794;Total;1142;10 a 14 anos;9737
Indicador  3.9.2;1736;0.3;35;São Paulo;9737;2019;6794;Total;1143;15 a 19 anos;9737
Indicador  3.9.2;1736;0.2;35;São Paulo;9737;2019;6794;Total;1144;20 a 24 anos;9737
Indicador  3.9.2;1736;0.1;35;São Paulo;9737;2019;6794;Total;1145;25 a 29 anos;9737
Indicador  3.9.2;1736;0.3;35;São Paulo;9737;2019;6794;Total;1146;30 a 34 anos;9737
Indicador  3.9.2;1736;0.5;35;São Paulo;9737;2019;6794;Total;1147;35 a 39 anos;9737
Indicador  3.9.2;1736;0.4;35;São Paulo;9737;2019;6794;Total;1148;40 a 44 anos;9737
Indicador  3.9.2;1736;0.9;35;São Paulo;9737;2019;6794;Total;1149;45 a 49 anos;9737
Indicador  3.9.2;1736;1.2;35;São Paulo;9737;2019;6794;Total;1150;50 a 54 anos;9737
Indicador  3.9.2;1736;2.6;35;São Paulo;9737;2019;6794;Total;1151;55 a 59 anos;9737
Indicador  3.9.2;1736;23.1;35;São Paulo;9737;2019;6794;Total;3302;60 anos ou mais;9737
Indicador  3.9.2;1736;3.8;35;São Paulo;9737;2019;4;Homens;95253;Total;9737
Indicador  3.9.2;1736;2.1;35;São Paulo;9737;2019;4;Homens;1140;0 a 4 anos;9737
Indicador  3.9.2;1736;0.1;35;São Paulo;9737;2019;4;Homens;1141;5 a 9 anos;9737
Indicador  3.9.2;1736;0.1;35;São Paulo;9737;2019;4;Homens;1142;10 a 14 anos;9737
Indicador  3.9.2;1736;0.2;35;São Paulo;9737;2019;4;Homens;1143;15 a 19 anos;9737
Indicador  3.9.2;1736;0.2;35;São Paulo;9737;2019;4;Homens;1144;20 a 24 anos;9737
Indicador  3.9.2;1736;0.2;35;São Paulo;9737;2019;4;Homens;1145;25 a 29 anos;9737
Indicador  3.9.2;1736;0.3;35;São Paulo;9737;2019;4;Homens;1146;30 a 34 anos;9737
Indicador  3.9.2;1736;0.6;35;São Paulo;9737;2019;4;Homens;1147;35 a 39 anos;9737
Indicador  3.9.2;1736;0.9;35;São Paulo;9737;2019;4;Homens;1148;40 a 44 anos;9737
Indicador  3.9.2;1736;1.3;35;São Paulo;9737;2019;4;Homens;1149;45 a 49 anos;9737
Indicador  3.9.2;1736;1.5;35;São Paulo;9737;2019;4;Homens;1150;50 a 54 anos;9737
Indicador  3.9.2;1736;3.5;35;São Paulo;9737;2019;4;Homens;1151;55 a 59 anos;9737
Indicador  3.9.2;1736;22.9;35;São Paulo;9737;2019;4;Homens;3302;60 anos ou mais;9737
Indicador  3.9.2;1736;4.4;35;São Paulo;9737;2019;5;Mulheres;95253;Total;9737
Indicador  3.9.2;1736;1.9;35;São Paulo;9737;2019;5;Mulheres;1140;0 a 4 anos;9737
Indicador  3.9.2;1736;0.2;35;São Paulo;9737;2019;5;Mulheres;1141;5 a 9 anos;9737
Indicador  3.9.2;1736;0.2;35;São Paulo;9737;2019;5;Mulheres;1142;10 a 14 anos;9737
Indicador  3.9.2;1736;0.3;35;São Paulo;9737;2019;5;Mulheres;1143;15 a 19 anos;9737
Indicador  3.9.2;1736;0.3;35;São Paulo;9737;2019;5;Mulheres;1144;20 a 24 anos;9737
Indicador  3.9.2;1736;0.1;35;São Paulo;9737;2019;5;Mulheres;1145;25 a 29 anos;9737
Indicador  3.9.2;1736;0.3;35;São Paulo;9737;2019;5;Mulheres;1146;30 a 34 anos;9737
Indicador  3.9.2;1736;0.5;35;São Paulo;9737;2019;5;Mulheres;1147;35 a 39 anos;9737
Indicador  3.9.2;1736;0.0;35;São Paulo;9737;2019;5;Mulheres;1148;40 a 44 anos;9737
Indicador  3.9.2;1736;0.6;35;São Paulo;9737;2019;5;Mulheres;1149;45 a 49 anos;9737
Indicador  3.9.2;1736;0.9;35;São Paulo;9737;2019;5;Mulheres;1150;50 a 54 anos;9737
Indicador  3.9.2;1736;1.9;35;São Paulo;9737;2019;5;Mulheres;1151;55 a 59 anos;9737
Indicador  3.9.2;1736;23.2;35;São Paulo;9737;2019;5;Mulheres;3302;60 anos ou mais;9737
Indicador  3.9.2;1736;3.2;35;São Paulo;9737;2020;6794;Total;95253;Total;9737
Indicador  3.9.2;1736;1.2;35;São Paulo;9737;2020;6794;Total;1140;0 a 4 anos;9737
Indicador  3.9.2;1736;0.1;35;São Paulo;9737;2020;6794;Total;1141;5 a 9 anos;9737
Indicador  3.9.2;1736;0.1;35;São Paulo;9737;2020;6794;Total;1142;10 a 14 anos;9737
Indicador  3.9.2;1736;0.2;35;São Paulo;9737;2020;6794;Total;1143;15 a 19 anos;9737
Indicador  3.9.2;1736;0.2;35;São Paulo;9737;2020;6794;Total;1144;20 a 24 anos;9737
Indicador  3.9.2;1736;0.1;35;São Paulo;9737;2020;6794;Total;1145;25 a 29 anos;9737
Indicador  3.9.2;1736;0.2;35;São Paulo;9737;2020;6794;Total;1146;30 a 34 anos;9737
Indicador  3.9.2;1736;0.5;35;São Paulo;9737;2020;6794;Total;1147;35 a 39 anos;9737
Indicador  3.9.2;1736;0.6;35;São Paulo;9737;2020;6794;Total;1148;40 a 44 anos;9737
Indicador  3.9.2;1736;1.0;35;São Paulo;9737;2020;6794;Total;1149;45 a 49 anos;9737
Indicador  3.9.2;1736;1.3;35;São Paulo;9737;2020;6794;Total;1150;50 a 54 anos;9737
Indicador  3.9.2;1736;1.7;35;São Paulo;9737;2020;6794;Total;1151;55 a 59 anos;9737
Indicador  3.9.2;1736;17.5;35;São Paulo;9737;2020;6794;Total;3302;60 anos ou mais;9737
Indicador  3.9.2;1736;3.1;35;São Paulo;9737;2020;4;Homens;95253;Total;9737
Indicador  3.9.2;1736;1.3;35;São Paulo;9737;2020;4;Homens;1140;0 a 4 anos;9737
Indicador  3.9.2;1736;0.1;35;São Paulo;9737;2020;4;Homens;1141;5 a 9 anos;9737
Indicador  3.9.2;1736;0.1;35;São Paulo;9737;2020;4;Homens;1142;10 a 14 anos;9737
Indicador  3.9.2;1736;0.1;35;São Paulo;9737;2020;4;Homens;1143;15 a 19 anos;9737
Indicador  3.9.2;1736;0.2;35;São Paulo;9737;2020;4;Homens;1144;20 a 24 anos;9737
Indicador  3.9.2;1736;0.2;35;São Paulo;9737;2020;4;Homens;1145;25 a 29 anos;9737
Indicador  3.9.2;1736;0.2;35;São Paulo;9737;2020;4;Homens;1146;30 a 34 anos;9737
Indicador  3.9.2;1736;0.5;35;São Paulo;9737;2020;4;Homens;1147;35 a 39 anos;9737
Indicador  3.9.2;1736;0.9;35;São Paulo;9737;2020;4;Homens;1148;40 a 44 anos;9737
Indicador  3.9.2;1736;1.1;35;São Paulo;9737;2020;4;Homens;1149;45 a 49 anos;9737
Indicador  3.9.2;1736;2.0;35;São Paulo;9737;2020;4;Homens;1150;50 a 54 anos;9737
Indicador  3.9.2;1736;1.8;35;São Paulo;9737;2020;4;Homens;1151;55 a 59 anos;9737
Indicador  3.9.2;1736;18.1;35;São Paulo;9737;2020;4;Homens;3302;60 anos ou mais;9737
Indicador  3.9.2;1736;3.4;35;São Paulo;9737;2020;5;Mulheres;95253;Total;9737
Indicador  3.9.2;1736;1.0;35;São Paulo;9737;2020;5;Mulheres;1140;0 a 4 anos;9737
Indicador  3.9.2;1736;0.2;35;São Paulo;9737;2020;5;Mulheres;1141;5 a 9 anos;9737
Indicador  3.9.2;1736;0.1;35;São Paulo;9737;2020;5;Mulheres;1142;10 a 14 anos;9737
Indicador  3.9.2;1736;0.3;35;São Paulo;9737;2020;5;Mulheres;1143;15 a 19 anos;9737
Indicador  3.9.2;1736;0.2;35;São Paulo;9737;2020;5;Mulheres;1144;20 a 24 anos;9737
Indicador  3.9.2;1736;0.0;35;São Paulo;9737;2020;5;Mulheres;1145;25 a 29 anos;9737
Indicador  3.9.2;1736;0.3;35;São Paulo;9737;2020;5;Mulheres;1146;30 a 34 anos;9737
Indicador  3.9.2;1736;0.5;35;São Paulo;9737;2020;5;Mulheres;1147;35 a 39 anos;9737
Indicador  3.9.2;1736;0.3;35;São Paulo;9737;2020;5;Mulheres;1148;40 a 44 anos;9737
Indicador  3.9.2;1736;0.9;35;São Paulo;9737;2020;5;Mulheres;1149;45 a 49 anos;9737
Indicador  3.9.2;1736;0.7;35;São Paulo;9737;2020;5;Mulheres;1150;50 a 54 anos;9737
Indicador  3.9.2;1736;1.6;35;São Paulo;9737;2020;5;Mulheres;1151;55 a 59 anos;9737
Indicador  3.9.2;1736;17.0;35;São Paulo;9737;2020;5;Mulheres;3302;60 anos ou mais;9737
Indicador  3.9.2;1736;3.5;35;São Paulo;9737;2021;6794;Total;95253;Total;9737
Indicador  3.9.2;1736;1.4;35;São Paulo;9737;2021;6794;Total;1140;0 a 4 anos;9737
Indicador  3.9.2;1736;0.4;35;São Paulo;9737;2021;6794;Total;1141;5 a 9 anos;9737
Indicador  3.9.2;1736;0.2;35;São Paulo;9737;2021;6794;Total;1142;10 a 14 anos;9737
Indicador  3.9.2;1736;0.1;35;São Paulo;9737;2021;6794;Total;1143;15 a 19 anos;9737
Indicador  3.9.2;1736;0.3;35;São Paulo;9737;2021;6794;Total;1144;20 a 24 anos;9737
Indicador  3.9.2;1736;0.3;35;São Paulo;9737;2021;6794;Total;1145;25 a 29 anos;9737
Indicador  3.9.2;1736;0.3;35;São Paulo;9737;2021;6794;Total;1146;30 a 34 anos;9737
Indicador  3.9.2;1736;0.4;35;São Paulo;9737;2021;6794;Total;1147;35 a 39 anos;9737
Indicador  3.9.2;1736;0.6;35;São Paulo;9737;2021;6794;Total;1148;40 a 44 anos;9737
Indicador  3.9.2;1736;0.7;35;São Paulo;9737;2021;6794;Total;1149;45 a 49 anos;9737
Indicador  3.9.2;1736;1.2;35;São Paulo;9737;2021;6794;Total;1150;50 a 54 anos;9737
Indicador  3.9.2;1736;2.4;35;São Paulo;9737;2021;6794;Total;1151;55 a 59 anos;9737
Indicador  3.9.2;1736;18.2;35;São Paulo;9737;2021;6794;Total;3302;60 anos ou mais;9737
Indicador  3.9.2;1736;3.2;35;São Paulo;9737;2021;4;Homens;95253;Total;9737
Indicador  3.9.2;1736;1.8;35;São Paulo;9737;2021;4;Homens;1140;0 a 4 anos;9737
Indicador  3.9.2;1736;0.4;35;São Paulo;9737;2021;4;Homens;1141;5 a 9 anos;9737
Indicador  3.9.2;1736;0.3;35;São Paulo;9737;2021;4;Homens;1142;10 a 14 anos;9737
Indicador  3.9.2;1736;0.2;35;São Paulo;9737;2021;4;Homens;1143;15 a 19 anos;9737
Indicador  3.9.2;1736;0.2;35;São Paulo;9737;2021;4;Homens;1144;20 a 24 anos;9737
Indicador  3.9.2;1736;0.3;35;São Paulo;9737;2021;4;Homens;1145;25 a 29 anos;9737
Indicador  3.9.2;1736;0.4;35;São Paulo;9737;2021;4;Homens;1146;30 a 34 anos;9737
Indicador  3.9.2;1736;0.6;35;São Paulo;9737;2021;4;Homens;1147;35 a 39 anos;9737
Indicador  3.9.2;1736;0.7;35;São Paulo;9737;2021;4;Homens;1148;40 a 44 anos;9737
Indicador  3.9.2;1736;0.7;35;São Paulo;9737;2021;4;Homens;1149;45 a 49 anos;9737
Indicador  3.9.2;1736;1.7;35;São Paulo;9737;2021;4;Homens;1150;50 a 54 anos;9737
Indicador  3.9.2;1736;3.6;35;São Paulo;9737;2021;4;Homens;1151;55 a 59 anos;9737
Indicador  3.9.2;1736;17.2;35;São Paulo;9737;2021;4;Homens;3302;60 anos ou mais;9737
Indicador  3.9.2;1736;3.8;35;São Paulo;9737;2021;5;Mulheres;95253;Total;9737
Indicador  3.9.2;1736;0.9;35;São Paulo;9737;2021;5;Mulheres;1140;0 a 4 anos;9737
Indicador  3.9.2;1736;0.3;35;São Paulo;9737;2021;5;Mulheres;1141;5 a 9 anos;9737
Indicador  3.9.2;1736;0.1;35;São Paulo;9737;2021;5;Mulheres;1142;10 a 14 anos;9737
Indicador  3.9.2;1736;0.1;35;São Paulo;9737;2021;5;Mulheres;1143;15 a 19 anos;9737
Indicador  3.9.2;1736;0.3;35;São Paulo;9737;2021;5;Mulheres;1144;20 a 24 anos;9737
Indicador  3.9.2;1736;0.2;35;São Paulo;9737;2021;5;Mulheres;1145;25 a 29 anos;9737
Indicador  3.9.2;1736;0.3;35;São Paulo;9737;2021;5;Mulheres;1146;30 a 34 anos;9737
Indicador  3.9.2;1736;0.3;35;São Paulo;9737;2021;5;Mulheres;1147;35 a 39 anos;9737
Indicador  3.9.2;1736;0.5;35;São Paulo;9737;2021;5;Mulheres;1148;40 a 44 anos;9737
Indicador  3.9.2;1736;0.7;35;São Paulo;9737;2021;5;Mulheres;1149;45 a 49 anos;9737
Indicador  3.9.2;1736;0.7;35;São Paulo;9737;2021;5;Mulheres;1150;50 a 54 anos;9737
Indicador  3.9.2;1736;1.4;35;São Paulo;9737;2021;5;Mulheres;1151;55 a 59 anos;9737
Indicador  3.9.2;1736;18.9;35;São Paulo;9737;2021;5;Mulheres;3302;60 anos ou mais;9737
Indicador  3.9.2;1736;3.9;35;São Paulo;9737;2022;6794;Total;95253;Total;9737
Indicador  3.9.2;1736;2.1;35;São Paulo;9737;2022;6794;Total;1140;0 a 4 anos;9737
Indicador  3.9.2;1736;0.1;35;São Paulo;9737;2022;6794;Total;1141;5 a 9 anos;9737
Indicador  3.9.2;1736;0.3;35;São Paulo;9737;2022;6794;Total;1142;10 a 14 anos;9737
Indicador  3.9.2;1736;0.2;35;São Paulo;9737;2022;6794;Total;1143;15 a 19 anos;9737
Indicador  3.9.2;1736;0.2;35;São Paulo;9737;2022;6794;Total;1144;20 a 24 anos;9737
Indicador  3.9.2;1736;0.3;35;São Paulo;9737;2022;6794;Total;1145;25 a 29 anos;9737
Indicador  3.9.2;1736;0.3;35;São Paulo;9737;2022;6794;Total;1146;30 a 34 anos;9737
Indicador  3.9.2;1736;0.4;35;São Paulo;9737;2022;6794;Total;1147;35 a 39 anos;9737
Indicador  3.9.2;1736;1.0;35;São Paulo;9737;2022;6794;Total;1148;40 a 44 anos;9737
Indicador  3.9.2;1736;1.2;35;São Paulo;9737;2022;6794;Total;1149;45 a 49 anos;9737
Indicador  3.9.2;1736;1.3;35;São Paulo;9737;2022;6794;Total;1150;50 a 54 anos;9737
Indicador  3.9.2;1736;2.6;35;São Paulo;9737;2022;6794;Total;1151;55 a 59 anos;9737
Indicador  3.9.2;1736;19.7;35;São Paulo;9737;2022;6794;Total;3302;60 anos ou mais;9737
Indicador  3.9.2;1736;3.7;35;São Paulo;9737;2022;4;Homens;95253;Total;9737
Indicador  3.9.2;1736;2.0;35;São Paulo;9737;2022;4;Homens;1140;0 a 4 anos;9737
Indicador  3.9.2;1736;0.1;35;São Paulo;9737;2022;4;Homens;1141;5 a 9 anos;9737
Indicador  3.9.2;1736;0.3;35;São Paulo;9737;2022;4;Homens;1142;10 a 14 anos;9737
Indicador  3.9.2;1736;0.2;35;São Paulo;9737;2022;4;Homens;1143;15 a 19 anos;9737
Indicador  3.9.2;1736;0.1;35;São Paulo;9737;2022;4;Homens;1144;20 a 24 anos;9737
Indicador  3.9.2;1736;0.3;35;São Paulo;9737;2022;4;Homens;1145;25 a 29 anos;9737
Indicador  3.9.2;1736;0.5;35;São Paulo;9737;2022;4;Homens;1146;30 a 34 anos;9737
Indicador  3.9.2;1736;0.5;35;São Paulo;9737;2022;4;Homens;1147;35 a 39 anos;9737
Indicador  3.9.2;1736;1.1;35;São Paulo;9737;2022;4;Homens;1148;40 a 44 anos;9737
Indicador  3.9.2;1736;1.4;35;São Paulo;9737;2022;4;Homens;1149;45 a 49 anos;9737
Indicador  3.9.2;1736;1.8;35;São Paulo;9737;2022;4;Homens;1150;50 a 54 anos;9737
Indicador  3.9.2;1736;3.8;35;São Paulo;9737;2022;4;Homens;1151;55 a 59 anos;9737
Indicador  3.9.2;1736;19.4;35;São Paulo;9737;2022;4;Homens;3302;60 anos ou mais;9737
Indicador  3.9.2;1736;4.2;35;São Paulo;9737;2022;5;Mulheres;95253;Total;9737
Indicador  3.9.2;1736;2.1;35;São Paulo;9737;2022;5;Mulheres;1140;0 a 4 anos;9737
Indicador  3.9.2;1736;0.0;35;São Paulo;9737;2022;5;Mulheres;1141;5 a 9 anos;9737
Indicador  3.9.2;1736;0.4;35;São Paulo;9737;2022;5;Mulheres;1142;10 a 14 anos;9737
Indicador  3.9.2;1736;0.1;35;São Paulo;9737;2022;5;Mulheres;1143;15 a 19 anos;9737
Indicador  3.9.2;1736;0.3;35;São Paulo;9737;2022;5;Mulheres;1144;20 a 24 anos;9737
Indicador  3.9.2;1736;0.2;35;São Paulo;9737;2022;5;Mulheres;1145;25 a 29 anos;9737
Indicador  3.9.2;1736;0.2;35;São Paulo;9737;2022;5;Mulheres;1146;30 a 34 anos;9737
Indicador  3.9.2;1736;0.3;35;São Paulo;9737;2022;5;Mulheres;1147;35 a 39 anos;9737
Indicador  3.9.2;1736;0.8;35;São Paulo;9737;2022;5;Mulheres;1148;40 a 44 anos;9737
Indicador  3.9.2;1736;1.1;35;São Paulo;9737;2022;5;Mulheres;1149;45 a 49 anos;9737
Indicador  3.9.2;1736;0.8;35;São Paulo;9737;2022;5;Mulheres;1150;50 a 54 anos;9737
Indicador  3.9.2;1736;1.6;35;São Paulo;9737;2022;5;Mulheres;1151;55 a 59 anos;9737
Indicador  3.9.2;1736;19.9;35;São Paulo;9737;2022;5;Mulheres;3302;60 anos ou mais;9737
Indicador  3.9.2;1736;3.8;41;Paraná;9737;2018;6794;Total;95253;Total;9737
Indicador  3.9.2;1736;2.3;41;Paraná;9737;2018;6794;Total;1140;0 a 4 anos;9737
Indicador  3.9.2;1736;0.1;41;Paraná;9737;2018;6794;Total;1141;5 a 9 anos;9737
Indicador  3.9.2;1736;0.1;41;Paraná;9737;2018;6794;Total;1142;10 a 14 anos;9737
Indicador  3.9.2;1736;0.1;41;Paraná;9737;2018;6794;Total;1143;15 a 19 anos;9737
Indicador  3.9.2;1736;0.2;41;Paraná;9737;2018;6794;Total;1144;20 a 24 anos;9737
Indicador  3.9.2;1736;0.2;41;Paraná;9737;2018;6794;Total;1145;25 a 29 anos;9737
Indicador  3.9.2;1736;0.3;41;Paraná;9737;2018;6794;Total;1146;30 a 34 anos;9737
Indicador  3.9.2;1736;0.3;41;Paraná;9737;2018;6794;Total;1147;35 a 39 anos;9737
Indicador  3.9.2;1736;0.4;41;Paraná;9737;2018;6794;Total;1148;40 a 44 anos;9737
Indicador  3.9.2;1736;0.8;41;Paraná;9737;2018;6794;Total;1149;45 a 49 anos;9737
Indicador  3.9.2;1736;1.2;41;Paraná;9737;2018;6794;Total;1150;50 a 54 anos;9737
Indicador  3.9.2;1736;2.5;41;Paraná;9737;2018;6794;Total;1151;55 a 59 anos;9737
Indicador  3.9.2;1736;21.9;41;Paraná;9737;2018;6794;Total;3302;60 anos ou mais;9737
Indicador  3.9.2;1736;3.4;41;Paraná;9737;2018;4;Homens;95253;Total;9737
Indicador  3.9.2;1736;3.0;41;Paraná;9737;2018;4;Homens;1140;0 a 4 anos;9737
Indicador  3.9.2;1736;0.3;41;Paraná;9737;2018;4;Homens;1141;5 a 9 anos;9737
Indicador  3.9.2;1736;0.0;41;Paraná;9737;2018;4;Homens;1142;10 a 14 anos;9737
Indicador  3.9.2;1736;0.0;41;Paraná;9737;2018;4;Homens;1143;15 a 19 anos;9737
Indicador  3.9.2;1736;0.2;41;Paraná;9737;2018;4;Homens;1144;20 a 24 anos;9737
Indicador  3.9.2;1736;0.2;41;Paraná;9737;2018;4;Homens;1145;25 a 29 anos;9737
Indicador  3.9.2;1736;0.5;41;Paraná;9737;2018;4;Homens;1146;30 a 34 anos;9737
Indicador  3.9.2;1736;0.7;41;Paraná;9737;2018;4;Homens;1147;35 a 39 anos;9737
Indicador  3.9.2;1736;0.5;41;Paraná;9737;2018;4;Homens;1148;40 a 44 anos;9737
Indicador  3.9.2;1736;0.0;41;Paraná;9737;2018;4;Homens;1149;45 a 49 anos;9737
Indicador  3.9.2;1736;1.4;41;Paraná;9737;2018;4;Homens;1150;50 a 54 anos;9737
Indicador  3.9.2;1736;3.3;41;Paraná;9737;2018;4;Homens;1151;55 a 59 anos;9737
Indicador  3.9.2;1736;20.7;41;Paraná;9737;2018;4;Homens;3302;60 anos ou mais;9737
Indicador  3.9.2;1736;4.1;41;Paraná;9737;2018;5;Mulheres;95253;Total;9737
Indicador  3.9.2;1736;1.6;41;Paraná;9737;2018;5;Mulheres;1140;0 a 4 anos;9737
Indicador  3.9.2;1736;0.0;41;Paraná;9737;2018;5;Mulheres;1141;5 a 9 anos;9737
Indicador  3.9.2;1736;0.3;41;Paraná;9737;2018;5;Mulheres;1142;10 a 14 anos;9737
Indicador  3.9.2;1736;0.2;41;Paraná;9737;2018;5;Mulheres;1143;15 a 19 anos;9737
Indicador  3.9.2;1736;0.2;41;Paraná;9737;2018;5;Mulheres;1144;20 a 24 anos;9737
Indicador  3.9.2;1736;0.2;41;Paraná;9737;2018;5;Mulheres;1145;25 a 29 anos;9737
Indicador  3.9.2;1736;0.2;41;Paraná;9737;2018;5;Mulheres;1146;30 a 34 anos;9737
Indicador  3.9.2;1736;0.0;41;Paraná;9737;2018;5;Mulheres;1147;35 a 39 anos;9737
Indicador  3.9.2;1736;0.2;41;Paraná;9737;2018;5;Mulheres;1148;40 a 44 anos;9737
Indicador  3.9.2;1736;1.5;41;Paraná;9737;2018;5;Mulheres;1149;45 a 49 anos;9737
Indicador  3.9.2;1736;1.0;41;Paraná;9737;2018;5;Mulheres;1150;50 a 54 anos;9737
Indicador  3.9.2;1736;1.8;41;Paraná;9737;2018;5;Mulheres;1151;55 a 59 anos;9737
Indicador  3.9.2;1736;22.9;41;Paraná;9737;2018;5;Mulheres;3302;60 anos ou mais;9737
Indicador  3.9.2;1736;3.9;41;Paraná;9737;2019;6794;Total;95253;Total;9737
Indicador  3.9.2;1736;2.7;41;Paraná;9737;2019;6794;Total;1140;0 a 4 anos;9737
Indicador  3.9.2;1736;0.3;41;Paraná;9737;2019;6794;Total;1141;5 a 9 anos;9737
Indicador  3.9.2;1736;0.3;41;Paraná;9737;2019;6794;Total;1142;10 a 14 anos;9737
Indicador  3.9.2;1736;0.0;41;Paraná;9737;2019;6794;Total;1143;15 a 19 anos;9737
Indicador  3.9.2;1736;0.2;41;Paraná;9737;2019;6794;Total;1144;20 a 24 anos;9737
Indicador  3.9.2;1736;0.3;41;Paraná;9737;2019;6794;Total;1145;25 a 29 anos;9737
Indicador  3.9.2;1736;0.6;41;Paraná;9737;2019;6794;Total;1146;30 a 34 anos;9737
Indicador  3.9.2;1736;0.6;41;Paraná;9737;2019;6794;Total;1147;35 a 39 anos;9737
Indicador  3.9.2;1736;1.1;41;Paraná;9737;2019;6794;Total;1148;40 a 44 anos;9737
Indicador  3.9.2;1736;0.5;41;Paraná;9737;2019;6794;Total;1149;45 a 49 anos;9737
Indicador  3.9.2;1736;1.2;41;Paraná;9737;2019;6794;Total;1150;50 a 54 anos;9737
Indicador  3.9.2;1736;1.7;41;Paraná;9737;2019;6794;Total;1151;55 a 59 anos;9737
Indicador  3.9.2;1736;22.0;41;Paraná;9737;2019;6794;Total;3302;60 anos ou mais;9737
Indicador  3.9.2;1736;3.8;41;Paraná;9737;2019;4;Homens;95253;Total;9737
Indicador  3.9.2;1736;3.5;41;Paraná;9737;2019;4;Homens;1140;0 a 4 anos;9737
Indicador  3.9.2;1736;0.3;41;Paraná;9737;2019;4;Homens;1141;5 a 9 anos;9737
Indicador  3.9.2;1736;0.3;41;Paraná;9737;2019;4;Homens;1142;10 a 14 anos;9737
Indicador  3.9.2;1736;0.0;41;Paraná;9737;2019;4;Homens;1143;15 a 19 anos;9737
Indicador  3.9.2;1736;0.2;41;Paraná;9737;2019;4;Homens;1144;20 a 24 anos;9737
Indicador  3.9.2;1736;0.4;41;Paraná;9737;2019;4;Homens;1145;25 a 29 anos;9737
Indicador  3.9.2;1736;1.1;41;Paraná;9737;2019;4;Homens;1146;30 a 34 anos;9737
Indicador  3.9.2;1736;0.5;41;Paraná;9737;2019;4;Homens;1147;35 a 39 anos;9737
Indicador  3.9.2;1736;1.3;41;Paraná;9737;2019;4;Homens;1148;40 a 44 anos;9737
Indicador  3.9.2;1736;0.5;41;Paraná;9737;2019;4;Homens;1149;45 a 49 anos;9737
Indicador  3.9.2;1736;1.7;41;Paraná;9737;2019;4;Homens;1150;50 a 54 anos;9737
Indicador  3.9.2;1736;1.3;41;Paraná;9737;2019;4;Homens;1151;55 a 59 anos;9737
Indicador  3.9.2;1736;21.8;41;Paraná;9737;2019;4;Homens;3302;60 anos ou mais;9737
Indicador  3.9.2;1736;4.1;41;Paraná;9737;2019;5;Mulheres;95253;Total;9737
Indicador  3.9.2;1736;1.8;41;Paraná;9737;2019;5;Mulheres;1140;0 a 4 anos;9737
Indicador  3.9.2;1736;0.3;41;Paraná;9737;2019;5;Mulheres;1141;5 a 9 anos;9737
Indicador  3.9.2;1736;0.3;41;Paraná;9737;2019;5;Mulheres;1142;10 a 14 anos;9737
Indicador  3.9.2;1736;0.0;41;Paraná;9737;2019;5;Mulheres;1143;15 a 19 anos;9737
Indicador  3.9.2;1736;0.2;41;Paraná;9737;2019;5;Mulheres;1144;20 a 24 anos;9737
Indicador  3.9.2;1736;0.2;41;Paraná;9737;2019;5;Mulheres;1145;25 a 29 anos;9737
Indicador  3.9.2;1736;0.0;41;Paraná;9737;2019;5;Mulheres;1146;30 a 34 anos;9737
Indicador  3.9.2;1736;0.7;41;Paraná;9737;2019;5;Mulheres;1147;35 a 39 anos;9737
Indicador  3.9.2;1736;0.9;41;Paraná;9737;2019;5;Mulheres;1148;40 a 44 anos;9737
Indicador  3.9.2;1736;0.5;41;Paraná;9737;2019;5;Mulheres;1149;45 a 49 anos;9737
Indicador  3.9.2;1736;0.8;41;Paraná;9737;2019;5;Mulheres;1150;50 a 54 anos;9737
Indicador  3.9.2;1736;2.0;41;Paraná;9737;2019;5;Mulheres;1151;55 a 59 anos;9737
Indicador  3.9.2;1736;22.2;41;Paraná;9737;2019;5;Mulheres;3302;60 anos ou mais;9737
Indicador  3.9.2;1736;3.4;41;Paraná;9737;2020;6794;Total;95253;Total;9737
Indicador  3.9.2;1736;1.9;41;Paraná;9737;2020;6794;Total;1140;0 a 4 anos;9737
Indicador  3.9.2;1736;0.0;41;Paraná;9737;2020;6794;Total;1141;5 a 9 anos;9737
Indicador  3.9.2;1736;0.0;41;Paraná;9737;2020;6794;Total;1142;10 a 14 anos;9737
Indicador  3.9.2;1736;0.2;41;Paraná;9737;2020;6794;Total;1143;15 a 19 anos;9737
Indicador  3.9.2;1736;0.2;41;Paraná;9737;2020;6794;Total;1144;20 a 24 anos;9737
Indicador  3.9.2;1736;0.2;41;Paraná;9737;2020;6794;Total;1145;25 a 29 anos;9737
Indicador  3.9.2;1736;0.1;41;Paraná;9737;2020;6794;Total;1146;30 a 34 anos;9737
Indicador  3.9.2;1736;0.6;41;Paraná;9737;2020;6794;Total;1147;35 a 39 anos;9737
Indicador  3.9.2;1736;0.4;41;Paraná;9737;2020;6794;Total;1148;40 a 44 anos;9737
Indicador  3.9.2;1736;1.0;41;Paraná;9737;2020;6794;Total;1149;45 a 49 anos;9737
Indicador  3.9.2;1736;1.5;41;Paraná;9737;2020;6794;Total;1150;50 a 54 anos;9737
Indicador  3.9.2;1736;2.8;41;Paraná;9737;2020;6794;Total;1151;55 a 59 anos;9737
Indicador  3.9.2;1736;18.1;41;Paraná;9737;2020;6794;Total;3302;60 anos ou mais;9737
Indicador  3.9.2;1736;3.2;41;Paraná;9737;2020;4;Homens;95253;Total;9737
Indicador  3.9.2;1736;2.0;41;Paraná;9737;2020;4;Homens;1140;0 a 4 anos;9737
Indicador  3.9.2;1736;0.0;41;Paraná;9737;2020;4;Homens;1141;5 a 9 anos;9737
Indicador  3.9.2;1736;0.0;41;Paraná;9737;2020;4;Homens;1142;10 a 14 anos;9737
Indicador  3.9.2;1736;0.5;41;Paraná;9737;2020;4;Homens;1143;15 a 19 anos;9737
Indicador  3.9.2;1736;0.0;41;Paraná;9737;2020;4;Homens;1144;20 a 24 anos;9737
Indicador  3.9.2;1736;0.4;41;Paraná;9737;2020;4;Homens;1145;25 a 29 anos;9737
Indicador  3.9.2;1736;0.0;41;Paraná;9737;2020;4;Homens;1146;30 a 34 anos;9737
Indicador  3.9.2;1736;0.7;41;Paraná;9737;2020;4;Homens;1147;35 a 39 anos;9737
Indicador  3.9.2;1736;0.2;41;Paraná;9737;2020;4;Homens;1148;40 a 44 anos;9737
Indicador  3.9.2;1736;1.6;41;Paraná;9737;2020;4;Homens;1149;45 a 49 anos;9737
Indicador  3.9.2;1736;1.7;41;Paraná;9737;2020;4;Homens;1150;50 a 54 anos;9737
Indicador  3.9.2;1736;2.8;41;Paraná;9737;2020;4;Homens;1151;55 a 59 anos;9737
Indicador  3.9.2;1736;18.2;41;Paraná;9737;2020;4;Homens;3302;60 anos ou mais;9737
Indicador  3.9.2;1736;3.5;41;Paraná;9737;2020;5;Mulheres;95253;Total;9737
Indicador  3.9.2;1736;1.8;41;Paraná;9737;2020;5;Mulheres;1140;0 a 4 anos;9737
Indicador  3.9.2;1736;0.0;41;Paraná;9737;2020;5;Mulheres;1141;5 a 9 anos;9737
Indicador  3.9.2;1736;0.0;41;Paraná;9737;2020;5;Mulheres;1142;10 a 14 anos;9737
Indicador  3.9.2;1736;0.0;41;Paraná;9737;2020;5;Mulheres;1143;15 a 19 anos;9737
Indicador  3.9.2;1736;0.4;41;Paraná;9737;2020;5;Mulheres;1144;20 a 24 anos;9737
Indicador  3.9.2;1736;0.0;41;Paraná;9737;2020;5;Mulheres;1145;25 a 29 anos;9737
Indicador  3.9.2;1736;0.2;41;Paraná;9737;2020;5;Mulheres;1146;30 a 34 anos;9737
Indicador  3.9.2;1736;0.5;41;Paraná;9737;2020;5;Mulheres;1147;35 a 39 anos;9737
Indicador  3.9.2;1736;0.5;41;Paraná;9737;2020;5;Mulheres;1148;40 a 44 anos;9737
Indicador  3.9.2;1736;0.5;41;Paraná;9737;2020;5;Mulheres;1149;45 a 49 anos;9737
Indicador  3.9.2;1736;1.3;41;Paraná;9737;2020;5;Mulheres;1150;50 a 54 anos;9737
Indicador  3.9.2;1736;2.8;41;Paraná;9737;2020;5;Mulheres;1151;55 a 59 anos;9737
Indicador  3.9.2;1736;18.1;41;Paraná;9737;2020;5;Mulheres;3302;60 anos ou mais;9737
Indicador  3.9.2;1736;3.1;41;Paraná;9737;2021;6794;Total;95253;Total;9737
Indicador  3.9.2;1736;1.1;41;Paraná;9737;2021;6794;Total;1140;0 a 4 anos;9737
Indicador  3.9.2;1736;0.1;41;Paraná;9737;2021;6794;Total;1141;5 a 9 anos;9737
Indicador  3.9.2;1736;0.0;41;Paraná;9737;2021;6794;Total;1142;10 a 14 anos;9737
Indicador  3.9.2;1736;0.3;41;Paraná;9737;2021;6794;Total;1143;15 a 19 anos;9737
Indicador  3.9.2;1736;0.3;41;Paraná;9737;2021;6794;Total;1144;20 a 24 anos;9737
Indicador  3.9.2;1736;0.1;41;Paraná;9737;2021;6794;Total;1145;25 a 29 anos;9737
Indicador  3.9.2;1736;0.1;41;Paraná;9737;2021;6794;Total;1146;30 a 34 anos;9737
Indicador  3.9.2;1736;0.3;41;Paraná;9737;2021;6794;Total;1147;35 a 39 anos;9737
Indicador  3.9.2;1736;0.4;41;Paraná;9737;2021;6794;Total;1148;40 a 44 anos;9737
Indicador  3.9.2;1736;1.7;41;Paraná;9737;2021;6794;Total;1149;45 a 49 anos;9737
Indicador  3.9.2;1736;1.1;41;Paraná;9737;2021;6794;Total;1150;50 a 54 anos;9737
Indicador  3.9.2;1736;1.7;41;Paraná;9737;2021;6794;Total;1151;55 a 59 anos;9737
Indicador  3.9.2;1736;16.2;41;Paraná;9737;2021;6794;Total;3302;60 anos ou mais;9737
Indicador  3.9.2;1736;2.9;41;Paraná;9737;2021;4;Homens;95253;Total;9737
Indicador  3.9.2;1736;2.0;41;Paraná;9737;2021;4;Homens;1140;0 a 4 anos;9737
Indicador  3.9.2;1736;0.0;41;Paraná;9737;2021;4;Homens;1141;5 a 9 anos;9737
Indicador  3.9.2;1736;0.0;41;Paraná;9737;2021;4;Homens;1142;10 a 14 anos;9737
Indicador  3.9.2;1736;0.0;41;Paraná;9737;2021;4;Homens;1143;15 a 19 anos;9737
Indicador  3.9.2;1736;0.4;41;Paraná;9737;2021;4;Homens;1144;20 a 24 anos;9737
Indicador  3.9.2;1736;0.2;41;Paraná;9737;2021;4;Homens;1145;25 a 29 anos;9737
Indicador  3.9.2;1736;0.2;41;Paraná;9737;2021;4;Homens;1146;30 a 34 anos;9737
Indicador  3.9.2;1736;0.2;41;Paraná;9737;2021;4;Homens;1147;35 a 39 anos;9737
Indicador  3.9.2;1736;0.2;41;Paraná;9737;2021;4;Homens;1148;40 a 44 anos;9737
Indicador  3.9.2;1736;1.1;41;Paraná;9737;2021;4;Homens;1149;45 a 49 anos;9737
Indicador  3.9.2;1736;1.4;41;Paraná;9737;2021;4;Homens;1150;50 a 54 anos;9737
Indicador  3.9.2;1736;1.9;41;Paraná;9737;2021;4;Homens;1151;55 a 59 anos;9737
Indicador  3.9.2;1736;16.3;41;Paraná;9737;2021;4;Homens;3302;60 anos ou mais;9737
Indicador  3.9.2;1736;3.2;41;Paraná;9737;2021;5;Mulheres;95253;Total;9737
Indicador  3.9.2;1736;0.3;41;Paraná;9737;2021;5;Mulheres;1140;0 a 4 anos;9737
Indicador  3.9.2;1736;0.3;41;Paraná;9737;2021;5;Mulheres;1141;5 a 9 anos;9737
Indicador  3.9.2;1736;0.0;41;Paraná;9737;2021;5;Mulheres;1142;10 a 14 anos;9737
Indicador  3.9.2;1736;0.5;41;Paraná;9737;2021;5;Mulheres;1143;15 a 19 anos;9737
Indicador  3.9.2;1736;0.2;41;Paraná;9737;2021;5;Mulheres;1144;20 a 24 anos;9737
Indicador  3.9.2;1736;0.0;41;Paraná;9737;2021;5;Mulheres;1145;25 a 29 anos;9737
Indicador  3.9.2;1736;0.0;41;Paraná;9737;2021;5;Mulheres;1146;30 a 34 anos;9737
Indicador  3.9.2;1736;0.4;41;Paraná;9737;2021;5;Mulheres;1147;35 a 39 anos;9737
Indicador  3.9.2;1736;0.5;41;Paraná;9737;2021;5;Mulheres;1148;40 a 44 anos;9737
Indicador  3.9.2;1736;2.2;41;Paraná;9737;2021;5;Mulheres;1149;45 a 49 anos;9737
Indicador  3.9.2;1736;0.8;41;Paraná;9737;2021;5;Mulheres;1150;50 a 54 anos;9737
Indicador  3.9.2;1736;1.7;41;Paraná;9737;2021;5;Mulheres;1151;55 a 59 anos;9737
Indicador  3.9.2;1736;16.2;41;Paraná;9737;2021;5;Mulheres;3302;60 anos ou mais;9737
Indicador  3.9.2;1736;3.7;41;Paraná;9737;2022;6794;Total;95253;Total;9737
Indicador  3.9.2;1736;2.7;41;Paraná;9737;2022;6794;Total;1140;0 a 4 anos;9737
Indicador  3.9.2;1736;0.1;41;Paraná;9737;2022;6794;Total;1141;5 a 9 anos;9737
Indicador  3.9.2;1736;0.0;41;Paraná;9737;2022;6794;Total;1142;10 a 14 anos;9737
Indicador  3.9.2;1736;0.1;41;Paraná;9737;2022;6794;Total;1143;15 a 19 anos;9737
Indicador  3.9.2;1736;0.3;41;Paraná;9737;2022;6794;Total;1144;20 a 24 anos;9737
Indicador  3.9.2;1736;0.2;41;Paraná;9737;2022;6794;Total;1145;25 a 29 anos;9737
Indicador  3.9.2;1736;0.2;41;Paraná;9737;2022;6794;Total;1146;30 a 34 anos;9737
Indicador  3.9.2;1736;0.5;41;Paraná;9737;2022;6794;Total;1147;35 a 39 anos;9737
Indicador  3.9.2;1736;0.5;41;Paraná;9737;2022;6794;Total;1148;40 a 44 anos;9737
Indicador  3.9.2;1736;1.0;41;Paraná;9737;2022;6794;Total;1149;45 a 49 anos;9737
Indicador  3.9.2;1736;1.7;41;Paraná;9737;2022;6794;Total;1150;50 a 54 anos;9737
Indicador  3.9.2;1736;1.7;41;Paraná;9737;2022;6794;Total;1151;55 a 59 anos;9737
Indicador  3.9.2;1736;18.8;41;Paraná;9737;2022;6794;Total;3302;60 anos ou mais;9737
Indicador  3.9.2;1736;3.6;41;Paraná;9737;2022;4;Homens;95253;Total;9737
Indicador  3.9.2;1736;2.2;41;Paraná;9737;2022;4;Homens;1140;0 a 4 anos;9737
Indicador  3.9.2;1736;0.2;41;Paraná;9737;2022;4;Homens;1141;5 a 9 anos;9737
Indicador  3.9.2;1736;0.0;41;Paraná;9737;2022;4;Homens;1142;10 a 14 anos;9737
Indicador  3.9.2;1736;0.3;41;Paraná;9737;2022;4;Homens;1143;15 a 19 anos;9737
Indicador  3.9.2;1736;0.7;41;Paraná;9737;2022;4;Homens;1144;20 a 24 anos;9737
Indicador  3.9.2;1736;0.4;41;Paraná;9737;2022;4;Homens;1145;25 a 29 anos;9737
Indicador  3.9.2;1736;0.4;41;Paraná;9737;2022;4;Homens;1146;30 a 34 anos;9737
Indicador  3.9.2;1736;0.2;41;Paraná;9737;2022;4;Homens;1147;35 a 39 anos;9737
Indicador  3.9.2;1736;1.0;41;Paraná;9737;2022;4;Homens;1148;40 a 44 anos;9737
Indicador  3.9.2;1736;1.0;41;Paraná;9737;2022;4;Homens;1149;45 a 49 anos;9737
Indicador  3.9.2;1736;1.9;41;Paraná;9737;2022;4;Homens;1150;50 a 54 anos;9737
Indicador  3.9.2;1736;3.0;41;Paraná;9737;2022;4;Homens;1151;55 a 59 anos;9737
Indicador  3.9.2;1736;18.5;41;Paraná;9737;2022;4;Homens;3302;60 anos ou mais;9737
Indicador  3.9.2;1736;3.8;41;Paraná;9737;2022;5;Mulheres;95253;Total;9737
Indicador  3.9.2;1736;3.1;41;Paraná;9737;2022;5;Mulheres;1140;0 a 4 anos;9737
Indicador  3.9.2;1736;0.0;41;Paraná;9737;2022;5;Mulheres;1141;5 a 9 anos;9737
Indicador  3.9.2;1736;0.0;41;Paraná;9737;2022;5;Mulheres;1142;10 a 14 anos;9737
Indicador  3.9.2;1736;0.0;41;Paraná;9737;2022;5;Mulheres;1143;15 a 19 anos;9737
Indicador  3.9.2;1736;0.0;41;Paraná;9737;2022;5;Mulheres;1144;20 a 24 anos;9737
Indicador  3.9.2;1736;0.0;41;Paraná;9737;2022;5;Mulheres;1145;25 a 29 anos;9737
Indicador  3.9.2;1736;0.0;41;Paraná;9737;2022;5;Mulheres;1146;30 a 34 anos;9737
Indicador  3.9.2;1736;0.7;41;Paraná;9737;2022;5;Mulheres;1147;35 a 39 anos;9737
Indicador  3.9.2;1736;0.0;41;Paraná;9737;2022;5;Mulheres;1148;40 a 44 anos;9737
Indicador  3.9.2;1736;1.0;41;Paraná;9737;2022;5;Mulheres;1149;45 a 49 anos;9737
Indicador  3.9.2;1736;1.5;41;Paraná;9737;2022;5;Mulheres;1150;50 a 54 anos;9737
Indicador  3.9.2;1736;0.5;41;Paraná;9737;2022;5;Mulheres;1151;55 a 59 anos;9737
Indicador  3.9.2;1736;19.0;41;Paraná;9737;2022;5;Mulheres;3302;60 anos ou mais;9737
Indicador  3.9.2;1736;2.9;42;Santa Catarina;9737;2018;6794;Total;95253;Total;9737
Indicador  3.9.2;1736;2.1;42;Santa Catarina;9737;2018;6794;Total;1140;0 a 4 anos;9737
Indicador  3.9.2;1736;0.0;42;Santa Catarina;9737;2018;6794;Total;1141;5 a 9 anos;9737
Indicador  3.9.2;1736;0.0;42;Santa Catarina;9737;2018;6794;Total;1142;10 a 14 anos;9737
Indicador  3.9.2;1736;0.6;42;Santa Catarina;9737;2018;6794;Total;1143;15 a 19 anos;9737
Indicador  3.9.2;1736;0.2;42;Santa Catarina;9737;2018;6794;Total;1144;20 a 24 anos;9737
Indicador  3.9.2;1736;0.0;42;Santa Catarina;9737;2018;6794;Total;1145;25 a 29 anos;9737
Indicador  3.9.2;1736;0.2;42;Santa Catarina;9737;2018;6794;Total;1146;30 a 34 anos;9737
Indicador  3.9.2;1736;0.2;42;Santa Catarina;9737;2018;6794;Total;1147;35 a 39 anos;9737
Indicador  3.9.2;1736;0.6;42;Santa Catarina;9737;2018;6794;Total;1148;40 a 44 anos;9737
Indicador  3.9.2;1736;1.3;42;Santa Catarina;9737;2018;6794;Total;1149;45 a 49 anos;9737
Indicador  3.9.2;1736;1.1;42;Santa Catarina;9737;2018;6794;Total;1150;50 a 54 anos;9737
Indicador  3.9.2;1736;1.7;42;Santa Catarina;9737;2018;6794;Total;1151;55 a 59 anos;9737
Indicador  3.9.2;1736;17.1;42;Santa Catarina;9737;2018;6794;Total;3302;60 anos ou mais;9737
Indicador  3.9.2;1736;2.6;42;Santa Catarina;9737;2018;4;Homens;95253;Total;9737
Indicador  3.9.2;1736;3.3;42;Santa Catarina;9737;2018;4;Homens;1140;0 a 4 anos;9737
Indicador  3.9.2;1736;0.0;42;Santa Catarina;9737;2018;4;Homens;1141;5 a 9 anos;9737
Indicador  3.9.2;1736;0.0;42;Santa Catarina;9737;2018;4;Homens;1142;10 a 14 anos;9737
Indicador  3.9.2;1736;0.0;42;Santa Catarina;9737;2018;4;Homens;1143;15 a 19 anos;9737
Indicador  3.9.2;1736;0.3;42;Santa Catarina;9737;2018;4;Homens;1144;20 a 24 anos;9737
Indicador  3.9.2;1736;0.0;42;Santa Catarina;9737;2018;4;Homens;1145;25 a 29 anos;9737
Indicador  3.9.2;1736;0.3;42;Santa Catarina;9737;2018;4;Homens;1146;30 a 34 anos;9737
Indicador  3.9.2;1736;0.0;42;Santa Catarina;9737;2018;4;Homens;1147;35 a 39 anos;9737
Indicador  3.9.2;1736;0.4;42;Santa Catarina;9737;2018;4;Homens;1148;40 a 44 anos;9737
Indicador  3.9.2;1736;1.7;42;Santa Catarina;9737;2018;4;Homens;1149;45 a 49 anos;9737
Indicador  3.9.2;1736;1.8;42;Santa Catarina;9737;2018;4;Homens;1150;50 a 54 anos;9737
Indicador  3.9.2;1736;2.0;42;Santa Catarina;9737;2018;4;Homens;1151;55 a 59 anos;9737
Indicador  3.9.2;1736;15.6;42;Santa Catarina;9737;2018;4;Homens;3302;60 anos ou mais;9737
Indicador  3.9.2;1736;3.2;42;Santa Catarina;9737;2018;5;Mulheres;95253;Total;9737
Indicador  3.9.2;1736;0.9;42;Santa Catarina;9737;2018;5;Mulheres;1140;0 a 4 anos;9737
Indicador  3.9.2;1736;0.0;42;Santa Catarina;9737;2018;5;Mulheres;1141;5 a 9 anos;9737
Indicador  3.9.2;1736;0.0;42;Santa Catarina;9737;2018;5;Mulheres;1142;10 a 14 anos;9737
Indicador  3.9.2;1736;1.2;42;Santa Catarina;9737;2018;5;Mulheres;1143;15 a 19 anos;9737
Indicador  3.9.2;1736;0.0;42;Santa Catarina;9737;2018;5;Mulheres;1144;20 a 24 anos;9737
Indicador  3.9.2;1736;0.0;42;Santa Catarina;9737;2018;5;Mulheres;1145;25 a 29 anos;9737
Indicador  3.9.2;1736;0.0;42;Santa Catarina;9737;2018;5;Mulheres;1146;30 a 34 anos;9737
Indicador  3.9.2;1736;0.4;42;Santa Catarina;9737;2018;5;Mulheres;1147;35 a 39 anos;9737
Indicador  3.9.2;1736;0.8;42;Santa Catarina;9737;2018;5;Mulheres;1148;40 a 44 anos;9737
Indicador  3.9.2;1736;0.8;42;Santa Catarina;9737;2018;5;Mulheres;1149;45 a 49 anos;9737
Indicador  3.9.2;1736;0.4;42;Santa Catarina;9737;2018;5;Mulheres;1150;50 a 54 anos;9737
Indicador  3.9.2;1736;1.4;42;Santa Catarina;9737;2018;5;Mulheres;1151;55 a 59 anos;9737
Indicador  3.9.2;1736;18.3;42;Santa Catarina;9737;2018;5;Mulheres;3302;60 anos ou mais;9737
Indicador  3.9.2;1736;2.8;42;Santa Catarina;9737;2019;6794;Total;95253;Total;9737
Indicador  3.9.2;1736;1.9;42;Santa Catarina;9737;2019;6794;Total;1140;0 a 4 anos;9737
Indicador  3.9.2;1736;0.2;42;Santa Catarina;9737;2019;6794;Total;1141;5 a 9 anos;9737
Indicador  3.9.2;1736;0.0;42;Santa Catarina;9737;2019;6794;Total;1142;10 a 14 anos;9737
Indicador  3.9.2;1736;0.4;42;Santa Catarina;9737;2019;6794;Total;1143;15 a 19 anos;9737
Indicador  3.9.2;1736;0.0;42;Santa Catarina;9737;2019;6794;Total;1144;20 a 24 anos;9737
Indicador  3.9.2;1736;0.3;42;Santa Catarina;9737;2019;6794;Total;1145;25 a 29 anos;9737
Indicador  3.9.2;1736;0.3;42;Santa Catarina;9737;2019;6794;Total;1146;30 a 34 anos;9737
Indicador  3.9.2;1736;0.5;42;Santa Catarina;9737;2019;6794;Total;1147;35 a 39 anos;9737
Indicador  3.9.2;1736;0.4;42;Santa Catarina;9737;2019;6794;Total;1148;40 a 44 anos;9737
Indicador  3.9.2;1736;0.6;42;Santa Catarina;9737;2019;6794;Total;1149;45 a 49 anos;9737
Indicador  3.9.2;1736;0.9;42;Santa Catarina;9737;2019;6794;Total;1150;50 a 54 anos;9737
Indicador  3.9.2;1736;1.2;42;Santa Catarina;9737;2019;6794;Total;1151;55 a 59 anos;9737
Indicador  3.9.2;1736;16.3;42;Santa Catarina;9737;2019;6794;Total;3302;60 anos ou mais;9737
Indicador  3.9.2;1736;2.3;42;Santa Catarina;9737;2019;4;Homens;95253;Total;9737
Indicador  3.9.2;1736;2.0;42;Santa Catarina;9737;2019;4;Homens;1140;0 a 4 anos;9737
Indicador  3.9.2;1736;0.0;42;Santa Catarina;9737;2019;4;Homens;1141;5 a 9 anos;9737
Indicador  3.9.2;1736;0.0;42;Santa Catarina;9737;2019;4;Homens;1142;10 a 14 anos;9737
Indicador  3.9.2;1736;0.8;42;Santa Catarina;9737;2019;4;Homens;1143;15 a 19 anos;9737
Indicador  3.9.2;1736;0.0;42;Santa Catarina;9737;2019;4;Homens;1144;20 a 24 anos;9737
Indicador  3.9.2;1736;0.3;42;Santa Catarina;9737;2019;4;Homens;1145;25 a 29 anos;9737
Indicador  3.9.2;1736;0.3;42;Santa Catarina;9737;2019;4;Homens;1146;30 a 34 anos;9737
Indicador  3.9.2;1736;0.7;42;Santa Catarina;9737;2019;4;Homens;1147;35 a 39 anos;9737
Indicador  3.9.2;1736;0.8;42;Santa Catarina;9737;2019;4;Homens;1148;40 a 44 anos;9737
Indicador  3.9.2;1736;0.4;42;Santa Catarina;9737;2019;4;Homens;1149;45 a 49 anos;9737
Indicador  3.9.2;1736;1.3;42;Santa Catarina;9737;2019;4;Homens;1150;50 a 54 anos;9737
Indicador  3.9.2;1736;1.0;42;Santa Catarina;9737;2019;4;Homens;1151;55 a 59 anos;9737
Indicador  3.9.2;1736;13.6;42;Santa Catarina;9737;2019;4;Homens;3302;60 anos ou mais;9737
Indicador  3.9.2;1736;3.3;42;Santa Catarina;9737;2019;5;Mulheres;95253;Total;9737
Indicador  3.9.2;1736;1.7;42;Santa Catarina;9737;2019;5;Mulheres;1140;0 a 4 anos;9737
Indicador  3.9.2;1736;0.4;42;Santa Catarina;9737;2019;5;Mulheres;1141;5 a 9 anos;9737
Indicador  3.9.2;1736;0.0;42;Santa Catarina;9737;2019;5;Mulheres;1142;10 a 14 anos;9737
Indicador  3.9.2;1736;0.0;42;Santa Catarina;9737;2019;5;Mulheres;1143;15 a 19 anos;9737
Indicador  3.9.2;1736;0.0;42;Santa Catarina;9737;2019;5;Mulheres;1144;20 a 24 anos;9737
Indicador  3.9.2;1736;0.3;42;Santa Catarina;9737;2019;5;Mulheres;1145;25 a 29 anos;9737
Indicador  3.9.2;1736;0.3;42;Santa Catarina;9737;2019;5;Mulheres;1146;30 a 34 anos;9737
Indicador  3.9.2;1736;0.3;42;Santa Catarina;9737;2019;5;Mulheres;1147;35 a 39 anos;9737
Indicador  3.9.2;1736;0.0;42;Santa Catarina;9737;2019;5;Mulheres;1148;40 a 44 anos;9737
Indicador  3.9.2;1736;0.8;42;Santa Catarina;9737;2019;5;Mulheres;1149;45 a 49 anos;9737
Indicador  3.9.2;1736;0.4;42;Santa Catarina;9737;2019;5;Mulheres;1150;50 a 54 anos;9737
Indicador  3.9.2;1736;1.4;42;Santa Catarina;9737;2019;5;Mulheres;1151;55 a 59 anos;9737
Indicador  3.9.2;1736;18.5;42;Santa Catarina;9737;2019;5;Mulheres;3302;60 anos ou mais;9737
Indicador  3.9.2;1736;2.5;42;Santa Catarina;9737;2020;6794;Total;95253;Total;9737
Indicador  3.9.2;1736;2.1;42;Santa Catarina;9737;2020;6794;Total;1140;0 a 4 anos;9737
Indicador  3.9.2;1736;0.2;42;Santa Catarina;9737;2020;6794;Total;1141;5 a 9 anos;9737
Indicador  3.9.2;1736;0.0;42;Santa Catarina;9737;2020;6794;Total;1142;10 a 14 anos;9737
Indicador  3.9.2;1736;0.2;42;Santa Catarina;9737;2020;6794;Total;1143;15 a 19 anos;9737
Indicador  3.9.2;1736;0.4;42;Santa Catarina;9737;2020;6794;Total;1144;20 a 24 anos;9737
Indicador  3.9.2;1736;0.2;42;Santa Catarina;9737;2020;6794;Total;1145;25 a 29 anos;9737
Indicador  3.9.2;1736;0.0;42;Santa Catarina;9737;2020;6794;Total;1146;30 a 34 anos;9737
Indicador  3.9.2;1736;0.2;42;Santa Catarina;9737;2020;6794;Total;1147;35 a 39 anos;9737
Indicador  3.9.2;1736;0.6;42;Santa Catarina;9737;2020;6794;Total;1148;40 a 44 anos;9737
Indicador  3.9.2;1736;1.2;42;Santa Catarina;9737;2020;6794;Total;1149;45 a 49 anos;9737
Indicador  3.9.2;1736;0.9;42;Santa Catarina;9737;2020;6794;Total;1150;50 a 54 anos;9737
Indicador  3.9.2;1736;2.1;42;Santa Catarina;9737;2020;6794;Total;1151;55 a 59 anos;9737
Indicador  3.9.2;1736;12.8;42;Santa Catarina;9737;2020;6794;Total;3302;60 anos ou mais;9737
Indicador  3.9.2;1736;2.2;42;Santa Catarina;9737;2020;4;Homens;95253;Total;9737
Indicador  3.9.2;1736;2.0;42;Santa Catarina;9737;2020;4;Homens;1140;0 a 4 anos;9737
Indicador  3.9.2;1736;0.4;42;Santa Catarina;9737;2020;4;Homens;1141;5 a 9 anos;9737
Indicador  3.9.2;1736;0.0;42;Santa Catarina;9737;2020;4;Homens;1142;10 a 14 anos;9737
Indicador  3.9.2;1736;0.4;42;Santa Catarina;9737;2020;4;Homens;1143;15 a 19 anos;9737
Indicador  3.9.2;1736;0.0;42;Santa Catarina;9737;2020;4;Homens;1144;20 a 24 anos;9737
Indicador  3.9.2;1736;0.3;42;Santa Catarina;9737;2020;4;Homens;1145;25 a 29 anos;9737
Indicador  3.9.2;1736;0.0;42;Santa Catarina;9737;2020;4;Homens;1146;30 a 34 anos;9737
Indicador  3.9.2;1736;0.0;42;Santa Catarina;9737;2020;4;Homens;1147;35 a 39 anos;9737
Indicador  3.9.2;1736;0.8;42;Santa Catarina;9737;2020;4;Homens;1148;40 a 44 anos;9737
Indicador  3.9.2;1736;0.8;42;Santa Catarina;9737;2020;4;Homens;1149;45 a 49 anos;9737
Indicador  3.9.2;1736;0.4;42;Santa Catarina;9737;2020;4;Homens;1150;50 a 54 anos;9737
Indicador  3.9.2;1736;1.9;42;Santa Catarina;9737;2020;4;Homens;1151;55 a 59 anos;9737
Indicador  3.9.2;1736;12.7;42;Santa Catarina;9737;2020;4;Homens;3302;60 anos ou mais;9737
Indicador  3.9.2;1736;2.7;42;Santa Catarina;9737;2020;5;Mulheres;95253;Total;9737
Indicador  3.9.2;1736;2.1;42;Santa Catarina;9737;2020;5;Mulheres;1140;0 a 4 anos;9737
Indicador  3.9.2;1736;0.0;42;Santa Catarina;9737;2020;5;Mulheres;1141;5 a 9 anos;9737
Indicador  3.9.2;1736;0.0;42;Santa Catarina;9737;2020;5;Mulheres;1142;10 a 14 anos;9737
Indicador  3.9.2;1736;0.0;42;Santa Catarina;9737;2020;5;Mulheres;1143;15 a 19 anos;9737
Indicador  3.9.2;1736;0.7;42;Santa Catarina;9737;2020;5;Mulheres;1144;20 a 24 anos;9737
Indicador  3.9.2;1736;0.0;42;Santa Catarina;9737;2020;5;Mulheres;1145;25 a 29 anos;9737
Indicador  3.9.2;1736;0.0;42;Santa Catarina;9737;2020;5;Mulheres;1146;30 a 34 anos;9737
Indicador  3.9.2;1736;0.3;42;Santa Catarina;9737;2020;5;Mulheres;1147;35 a 39 anos;9737
Indicador  3.9.2;1736;0.4;42;Santa Catarina;9737;2020;5;Mulheres;1148;40 a 44 anos;9737
Indicador  3.9.2;1736;1.6;42;Santa Catarina;9737;2020;5;Mulheres;1149;45 a 49 anos;9737
Indicador  3.9.2;1736;1.3;42;Santa Catarina;9737;2020;5;Mulheres;1150;50 a 54 anos;9737
Indicador  3.9.2;1736;2.2;42;Santa Catarina;9737;2020;5;Mulheres;1151;55 a 59 anos;9737
Indicador  3.9.2;1736;12.8;42;Santa Catarina;9737;2020;5;Mulheres;3302;60 anos ou mais;9737
Indicador  3.9.2;1736;2.4;42;Santa Catarina;9737;2021;6794;Total;95253;Total;9737
Indicador  3.9.2;1736;1.4;42;Santa Catarina;9737;2021;6794;Total;1140;0 a 4 anos;9737
Indicador  3.9.2;1736;0.0;42;Santa Catarina;9737;2021;6794;Total;1141;5 a 9 anos;9737
Indicador  3.9.2;1736;0.4;42;Santa Catarina;9737;2021;6794;Total;1142;10 a 14 anos;9737
Indicador  3.9.2;1736;0.0;42;Santa Catarina;9737;2021;6794;Total;1143;15 a 19 anos;9737
Indicador  3.9.2;1736;0.2;42;Santa Catarina;9737;2021;6794;Total;1144;20 a 24 anos;9737
Indicador  3.9.2;1736;0.0;42;Santa Catarina;9737;2021;6794;Total;1145;25 a 29 anos;9737
Indicador  3.9.2;1736;0.3;42;Santa Catarina;9737;2021;6794;Total;1146;30 a 34 anos;9737
Indicador  3.9.2;1736;0.0;42;Santa Catarina;9737;2021;6794;Total;1147;35 a 39 anos;9737
Indicador  3.9.2;1736;0.5;42;Santa Catarina;9737;2021;6794;Total;1148;40 a 44 anos;9737
Indicador  3.9.2;1736;0.4;42;Santa Catarina;9737;2021;6794;Total;1149;45 a 49 anos;9737
Indicador  3.9.2;1736;1.1;42;Santa Catarina;9737;2021;6794;Total;1150;50 a 54 anos;9737
Indicador  3.9.2;1736;1.3;42;Santa Catarina;9737;2021;6794;Total;1151;55 a 59 anos;9737
Indicador  3.9.2;1736;13.2;42;Santa Catarina;9737;2021;6794;Total;3302;60 anos ou mais;9737
Indicador  3.9.2;1736;2.4;42;Santa Catarina;9737;2021;4;Homens;95253;Total;9737
Indicador  3.9.2;1736;1.6;42;Santa Catarina;9737;2021;4;Homens;1140;0 a 4 anos;9737
Indicador  3.9.2;1736;0.0;42;Santa Catarina;9737;2021;4;Homens;1141;5 a 9 anos;9737
Indicador  3.9.2;1736;0.4;42;Santa Catarina;9737;2021;4;Homens;1142;10 a 14 anos;9737
Indicador  3.9.2;1736;0.0;42;Santa Catarina;9737;2021;4;Homens;1143;15 a 19 anos;9737
Indicador  3.9.2;1736;0.0;42;Santa Catarina;9737;2021;4;Homens;1144;20 a 24 anos;9737
Indicador  3.9.2;1736;0.0;42;Santa Catarina;9737;2021;4;Homens;1145;25 a 29 anos;9737
Indicador  3.9.2;1736;0.6;42;Santa Catarina;9737;2021;4;Homens;1146;30 a 34 anos;9737
Indicador  3.9.2;1736;0.0;42;Santa Catarina;9737;2021;4;Homens;1147;35 a 39 anos;9737
Indicador  3.9.2;1736;0.7;42;Santa Catarina;9737;2021;4;Homens;1148;40 a 44 anos;9737
Indicador  3.9.2;1736;0.4;42;Santa Catarina;9737;2021;4;Homens;1149;45 a 49 anos;9737
Indicador  3.9.2;1736;1.7;42;Santa Catarina;9737;2021;4;Homens;1150;50 a 54 anos;9737
Indicador  3.9.2;1736;2.3;42;Santa Catarina;9737;2021;4;Homens;1151;55 a 59 anos;9737
Indicador  3.9.2;1736;13.5;42;Santa Catarina;9737;2021;4;Homens;3302;60 anos ou mais;9737
Indicador  3.9.2;1736;2.4;42;Santa Catarina;9737;2021;5;Mulheres;95253;Total;9737
Indicador  3.9.2;1736;1.3;42;Santa Catarina;9737;2021;5;Mulheres;1140;0 a 4 anos;9737
Indicador  3.9.2;1736;0.0;42;Santa Catarina;9737;2021;5;Mulheres;1141;5 a 9 anos;9737
Indicador  3.9.2;1736;0.5;42;Santa Catarina;9737;2021;5;Mulheres;1142;10 a 14 anos;9737
Indicador  3.9.2;1736;0.0;42;Santa Catarina;9737;2021;5;Mulheres;1143;15 a 19 anos;9737
Indicador  3.9.2;1736;0.4;42;Santa Catarina;9737;2021;5;Mulheres;1144;20 a 24 anos;9737
Indicador  3.9.2;1736;0.0;42;Santa Catarina;9737;2021;5;Mulheres;1145;25 a 29 anos;9737
Indicador  3.9.2;1736;0.0;42;Santa Catarina;9737;2021;5;Mulheres;1146;30 a 34 anos;9737
Indicador  3.9.2;1736;0.0;42;Santa Catarina;9737;2021;5;Mulheres;1147;35 a 39 anos;9737
Indicador  3.9.2;1736;0.4;42;Santa Catarina;9737;2021;5;Mulheres;1148;40 a 44 anos;9737
Indicador  3.9.2;1736;0.4;42;Santa Catarina;9737;2021;5;Mulheres;1149;45 a 49 anos;9737
Indicador  3.9.2;1736;0.4;42;Santa Catarina;9737;2021;5;Mulheres;1150;50 a 54 anos;9737
Indicador  3.9.2;1736;0.4;42;Santa Catarina;9737;2021;5;Mulheres;1151;55 a 59 anos;9737
Indicador  3.9.2;1736;12.9;42;Santa Catarina;9737;2021;5;Mulheres;3302;60 anos ou mais;9737
Indicador  3.9.2;1736;3.0;42;Santa Catarina;9737;2022;6794;Total;95253;Total;9737
Indicador  3.9.2;1736;3.3;42;Santa Catarina;9737;2022;6794;Total;1140;0 a 4 anos;9737
Indicador  3.9.2;1736;0.2;42;Santa Catarina;9737;2022;6794;Total;1141;5 a 9 anos;9737
Indicador  3.9.2;1736;0.0;42;Santa Catarina;9737;2022;6794;Total;1142;10 a 14 anos;9737
Indicador  3.9.2;1736;0.2;42;Santa Catarina;9737;2022;6794;Total;1143;15 a 19 anos;9737
Indicador  3.9.2;1736;0.4;42;Santa Catarina;9737;2022;6794;Total;1144;20 a 24 anos;9737
Indicador  3.9.2;1736;0.0;42;Santa Catarina;9737;2022;6794;Total;1145;25 a 29 anos;9737
Indicador  3.9.2;1736;0.3;42;Santa Catarina;9737;2022;6794;Total;1146;30 a 34 anos;9737
Indicador  3.9.2;1736;0.2;42;Santa Catarina;9737;2022;6794;Total;1147;35 a 39 anos;9737
Indicador  3.9.2;1736;0.9;42;Santa Catarina;9737;2022;6794;Total;1148;40 a 44 anos;9737
Indicador  3.9.2;1736;1.6;42;Santa Catarina;9737;2022;6794;Total;1149;45 a 49 anos;9737
Indicador  3.9.2;1736;1.5;42;Santa Catarina;9737;2022;6794;Total;1150;50 a 54 anos;9737
Indicador  3.9.2;1736;2.2;42;Santa Catarina;9737;2022;6794;Total;1151;55 a 59 anos;9737
Indicador  3.9.2;1736;14.3;42;Santa Catarina;9737;2022;6794;Total;3302;60 anos ou mais;9737
Indicador  3.9.2;1736;2.8;42;Santa Catarina;9737;2022;4;Homens;95253;Total;9737
Indicador  3.9.2;1736;4.0;42;Santa Catarina;9737;2022;4;Homens;1140;0 a 4 anos;9737
Indicador  3.9.2;1736;0.4;42;Santa Catarina;9737;2022;4;Homens;1141;5 a 9 anos;9737
Indicador  3.9.2;1736;0.0;42;Santa Catarina;9737;2022;4;Homens;1142;10 a 14 anos;9737
Indicador  3.9.2;1736;0.4;42;Santa Catarina;9737;2022;4;Homens;1143;15 a 19 anos;9737
Indicador  3.9.2;1736;0.7;42;Santa Catarina;9737;2022;4;Homens;1144;20 a 24 anos;9737
Indicador  3.9.2;1736;0.0;42;Santa Catarina;9737;2022;4;Homens;1145;25 a 29 anos;9737
Indicador  3.9.2;1736;0.3;42;Santa Catarina;9737;2022;4;Homens;1146;30 a 34 anos;9737
Indicador  3.9.2;1736;0.3;42;Santa Catarina;9737;2022;4;Homens;1147;35 a 39 anos;9737
Indicador  3.9.2;1736;1.1;42;Santa Catarina;9737;2022;4;Homens;1148;40 a 44 anos;9737
Indicador  3.9.2;1736;1.2;42;Santa Catarina;9737;2022;4;Homens;1149;45 a 49 anos;9737
Indicador  3.9.2;1736;0.9;42;Santa Catarina;9737;2022;4;Homens;1150;50 a 54 anos;9737
Indicador  3.9.2;1736;3.7;42;Santa Catarina;9737;2022;4;Homens;1151;55 a 59 anos;9737
Indicador  3.9.2;1736;13.2;42;Santa Catarina;9737;2022;4;Homens;3302;60 anos ou mais;9737
Indicador  3.9.2;1736;3.2;42;Santa Catarina;9737;2022;5;Mulheres;95253;Total;9737
Indicador  3.9.2;1736;2.5;42;Santa Catarina;9737;2022;5;Mulheres;1140;0 a 4 anos;9737
Indicador  3.9.2;1736;0.0;42;Santa Catarina;9737;2022;5;Mulheres;1141;5 a 9 anos;9737
Indicador  3.9.2;1736;0.0;42;Santa Catarina;9737;2022;5;Mulheres;1142;10 a 14 anos;9737
Indicador  3.9.2;1736;0.0;42;Santa Catarina;9737;2022;5;Mulheres;1143;15 a 19 anos;9737
Indicador  3.9.2;1736;0.0;42;Santa Catarina;9737;2022;5;Mulheres;1144;20 a 24 anos;9737
Indicador  3.9.2;1736;0.0;42;Santa Catarina;9737;2022;5;Mulheres;1145;25 a 29 anos;9737
Indicador  3.9.2;1736;0.3;42;Santa Catarina;9737;2022;5;Mulheres;1146;30 a 34 anos;9737
Indicador  3.9.2;1736;0.0;42;Santa Catarina;9737;2022;5;Mulheres;1147;35 a 39 anos;9737
Indicador  3.9.2;1736;0.7;42;Santa Catarina;9737;2022;5;Mulheres;1148;40 a 44 anos;9737
Indicador  3.9.2;1736;2.0;42;Santa Catarina;9737;2022;5;Mulheres;1149;45 a 49 anos;9737
Indicador  3.9.2;1736;2.1;42;Santa Catarina;9737;2022;5;Mulheres;1150;50 a 54 anos;9737
Indicador  3.9.2;1736;0.9;42;Santa Catarina;9737;2022;5;Mulheres;1151;55 a 59 anos;9737
Indicador  3.9.2;1736;15.2;42;Santa Catarina;9737;2022;5;Mulheres;3302;60 anos ou mais;9737
Indicador  3.9.2;1736;4.6;43;Rio Grande do Sul;9737;2018;6794;Total;95253;Total;9737
Indicador  3.9.2;1736;1.3;43;Rio Grande do Sul;9737;2018;6794;Total;1140;0 a 4 anos;9737
Indicador  3.9.2;1736;0.0;43;Rio Grande do Sul;9737;2018;6794;Total;1141;5 a 9 anos;9737
Indicador  3.9.2;1736;0.1;43;Rio Grande do Sul;9737;2018;6794;Total;1142;10 a 14 anos;9737
Indicador  3.9.2;1736;0.2;43;Rio Grande do Sul;9737;2018;6794;Total;1143;15 a 19 anos;9737
Indicador  3.9.2;1736;0.1;43;Rio Grande do Sul;9737;2018;6794;Total;1144;20 a 24 anos;9737
Indicador  3.9.2;1736;0.2;43;Rio Grande do Sul;9737;2018;6794;Total;1145;25 a 29 anos;9737
Indicador  3.9.2;1736;0.3;43;Rio Grande do Sul;9737;2018;6794;Total;1146;30 a 34 anos;9737
Indicador  3.9.2;1736;0.5;43;Rio Grande do Sul;9737;2018;6794;Total;1147;35 a 39 anos;9737
Indicador  3.9.2;1736;0.5;43;Rio Grande do Sul;9737;2018;6794;Total;1148;40 a 44 anos;9737
Indicador  3.9.2;1736;1.5;43;Rio Grande do Sul;9737;2018;6794;Total;1149;45 a 49 anos;9737
Indicador  3.9.2;1736;1.3;43;Rio Grande do Sul;9737;2018;6794;Total;1150;50 a 54 anos;9737
Indicador  3.9.2;1736;1.5;43;Rio Grande do Sul;9737;2018;6794;Total;1151;55 a 59 anos;9737
Indicador  3.9.2;1736;23.2;43;Rio Grande do Sul;9737;2018;6794;Total;3302;60 anos ou mais;9737
Indicador  3.9.2;1736;4.5;43;Rio Grande do Sul;9737;2018;4;Homens;95253;Total;9737
Indicador  3.9.2;1736;1.9;43;Rio Grande do Sul;9737;2018;4;Homens;1140;0 a 4 anos;9737
Indicador  3.9.2;1736;0.0;43;Rio Grande do Sul;9737;2018;4;Homens;1141;5 a 9 anos;9737
Indicador  3.9.2;1736;0.0;43;Rio Grande do Sul;9737;2018;4;Homens;1142;10 a 14 anos;9737
Indicador  3.9.2;1736;0.5;43;Rio Grande do Sul;9737;2018;4;Homens;1143;15 a 19 anos;9737
Indicador  3.9.2;1736;0.0;43;Rio Grande do Sul;9737;2018;4;Homens;1144;20 a 24 anos;9737
Indicador  3.9.2;1736;0.2;43;Rio Grande do Sul;9737;2018;4;Homens;1145;25 a 29 anos;9737
Indicador  3.9.2;1736;0.0;43;Rio Grande do Sul;9737;2018;4;Homens;1146;30 a 34 anos;9737
Indicador  3.9.2;1736;0.5;43;Rio Grande do Sul;9737;2018;4;Homens;1147;35 a 39 anos;9737
Indicador  3.9.2;1736;0.5;43;Rio Grande do Sul;9737;2018;4;Homens;1148;40 a 44 anos;9737
Indicador  3.9.2;1736;1.7;43;Rio Grande do Sul;9737;2018;4;Homens;1149;45 a 49 anos;9737
Indicador  3.9.2;1736;1.1;43;Rio Grande do Sul;9737;2018;4;Homens;1150;50 a 54 anos;9737
Indicador  3.9.2;1736;2.1;43;Rio Grande do Sul;9737;2018;4;Homens;1151;55 a 59 anos;9737
Indicador  3.9.2;1736;24.8;43;Rio Grande do Sul;9737;2018;4;Homens;3302;60 anos ou mais;9737
Indicador  3.9.2;1736;4.7;43;Rio Grande do Sul;9737;2018;5;Mulheres;95253;Total;9737
Indicador  3.9.2;1736;0.6;43;Rio Grande do Sul;9737;2018;5;Mulheres;1140;0 a 4 anos;9737
Indicador  3.9.2;1736;0.0;43;Rio Grande do Sul;9737;2018;5;Mulheres;1141;5 a 9 anos;9737
Indicador  3.9.2;1736;0.3;43;Rio Grande do Sul;9737;2018;5;Mulheres;1142;10 a 14 anos;9737
Indicador  3.9.2;1736;0.0;43;Rio Grande do Sul;9737;2018;5;Mulheres;1143;15 a 19 anos;9737
Indicador  3.9.2;1736;0.2;43;Rio Grande do Sul;9737;2018;5;Mulheres;1144;20 a 24 anos;9737
Indicador  3.9.2;1736;0.2;43;Rio Grande do Sul;9737;2018;5;Mulheres;1145;25 a 29 anos;9737
Indicador  3.9.2;1736;0.7;43;Rio Grande do Sul;9737;2018;5;Mulheres;1146;30 a 34 anos;9737
Indicador  3.9.2;1736;0.5;43;Rio Grande do Sul;9737;2018;5;Mulheres;1147;35 a 39 anos;9737
Indicador  3.9.2;1736;0.5;43;Rio Grande do Sul;9737;2018;5;Mulheres;1148;40 a 44 anos;9737
Indicador  3.9.2;1736;1.3;43;Rio Grande do Sul;9737;2018;5;Mulheres;1149;45 a 49 anos;9737
Indicador  3.9.2;1736;1.5;43;Rio Grande do Sul;9737;2018;5;Mulheres;1150;50 a 54 anos;9737
Indicador  3.9.2;1736;1.1;43;Rio Grande do Sul;9737;2018;5;Mulheres;1151;55 a 59 anos;9737
Indicador  3.9.2;1736;21.9;43;Rio Grande do Sul;9737;2018;5;Mulheres;3302;60 anos ou mais;9737
Indicador  3.9.2;1736;5.0;43;Rio Grande do Sul;9737;2019;6794;Total;95253;Total;9737
Indicador  3.9.2;1736;2.1;43;Rio Grande do Sul;9737;2019;6794;Total;1140;0 a 4 anos;9737
Indicador  3.9.2;1736;0.7;43;Rio Grande do Sul;9737;2019;6794;Total;1141;5 a 9 anos;9737
Indicador  3.9.2;1736;0.3;43;Rio Grande do Sul;9737;2019;6794;Total;1142;10 a 14 anos;9737
Indicador  3.9.2;1736;0.3;43;Rio Grande do Sul;9737;2019;6794;Total;1143;15 a 19 anos;9737
Indicador  3.9.2;1736;0.2;43;Rio Grande do Sul;9737;2019;6794;Total;1144;20 a 24 anos;9737
Indicador  3.9.2;1736;0.2;43;Rio Grande do Sul;9737;2019;6794;Total;1145;25 a 29 anos;9737
Indicador  3.9.2;1736;0.7;43;Rio Grande do Sul;9737;2019;6794;Total;1146;30 a 34 anos;9737
Indicador  3.9.2;1736;0.5;43;Rio Grande do Sul;9737;2019;6794;Total;1147;35 a 39 anos;9737
Indicador  3.9.2;1736;0.9;43;Rio Grande do Sul;9737;2019;6794;Total;1148;40 a 44 anos;9737
Indicador  3.9.2;1736;1.2;43;Rio Grande do Sul;9737;2019;6794;Total;1149;45 a 49 anos;9737
Indicador  3.9.2;1736;2.0;43;Rio Grande do Sul;9737;2019;6794;Total;1150;50 a 54 anos;9737
Indicador  3.9.2;1736;2.5;43;Rio Grande do Sul;9737;2019;6794;Total;1151;55 a 59 anos;9737
Indicador  3.9.2;1736;23.0;43;Rio Grande do Sul;9737;2019;6794;Total;3302;60 anos ou mais;9737
Indicador  3.9.2;1736;4.5;43;Rio Grande do Sul;9737;2019;4;Homens;95253;Total;9737
Indicador  3.9.2;1736;2.7;43;Rio Grande do Sul;9737;2019;4;Homens;1140;0 a 4 anos;9737
Indicador  3.9.2;1736;1.1;43;Rio Grande do Sul;9737;2019;4;Homens;1141;5 a 9 anos;9737
Indicador  3.9.2;1736;0.3;43;Rio Grande do Sul;9737;2019;4;Homens;1142;10 a 14 anos;9737
Indicador  3.9.2;1736;0.2;43;Rio Grande do Sul;9737;2019;4;Homens;1143;15 a 19 anos;9737
Indicador  3.9.2;1736;0.5;43;Rio Grande do Sul;9737;2019;4;Homens;1144;20 a 24 anos;9737
Indicador  3.9.2;1736;0.2;43;Rio Grande do Sul;9737;2019;4;Homens;1145;25 a 29 anos;9737
Indicador  3.9.2;1736;0.9;43;Rio Grande do Sul;9737;2019;4;Homens;1146;30 a 34 anos;9737
Indicador  3.9.2;1736;0.5;43;Rio Grande do Sul;9737;2019;4;Homens;1147;35 a 39 anos;9737
Indicador  3.9.2;1736;1.3;43;Rio Grande do Sul;9737;2019;4;Homens;1148;40 a 44 anos;9737
Indicador  3.9.2;1736;1.7;43;Rio Grande do Sul;9737;2019;4;Homens;1149;45 a 49 anos;9737
Indicador  3.9.2;1736;2.8;43;Rio Grande do Sul;9737;2019;4;Homens;1150;50 a 54 anos;9737
Indicador  3.9.2;1736;3.2;43;Rio Grande do Sul;9737;2019;4;Homens;1151;55 a 59 anos;9737
Indicador  3.9.2;1736;21.4;43;Rio Grande do Sul;9737;2019;4;Homens;3302;60 anos ou mais;9737
Indicador  3.9.2;1736;5.4;43;Rio Grande do Sul;9737;2019;5;Mulheres;95253;Total;9737
Indicador  3.9.2;1736;1.4;43;Rio Grande do Sul;9737;2019;5;Mulheres;1140;0 a 4 anos;9737
Indicador  3.9.2;1736;0.3;43;Rio Grande do Sul;9737;2019;5;Mulheres;1141;5 a 9 anos;9737
Indicador  3.9.2;1736;0.3;43;Rio Grande do Sul;9737;2019;5;Mulheres;1142;10 a 14 anos;9737
Indicador  3.9.2;1736;0.3;43;Rio Grande do Sul;9737;2019;5;Mulheres;1143;15 a 19 anos;9737
Indicador  3.9.2;1736;0.0;43;Rio Grande do Sul;9737;2019;5;Mulheres;1144;20 a 24 anos;9737
Indicador  3.9.2;1736;0.2;43;Rio Grande do Sul;9737;2019;5;Mulheres;1145;25 a 29 anos;9737
Indicador  3.9.2;1736;0.5;43;Rio Grande do Sul;9737;2019;5;Mulheres;1146;30 a 34 anos;9737
Indicador  3.9.2;1736;0.5;43;Rio Grande do Sul;9737;2019;5;Mulheres;1147;35 a 39 anos;9737
Indicador  3.9.2;1736;0.5;43;Rio Grande do Sul;9737;2019;5;Mulheres;1148;40 a 44 anos;9737
Indicador  3.9.2;1736;0.8;43;Rio Grande do Sul;9737;2019;5;Mulheres;1149;45 a 49 anos;9737
Indicador  3.9.2;1736;1.3;43;Rio Grande do Sul;9737;2019;5;Mulheres;1150;50 a 54 anos;9737
Indicador  3.9.2;1736;1.8;43;Rio Grande do Sul;9737;2019;5;Mulheres;1151;55 a 59 anos;9737
Indicador  3.9.2;1736;24.3;43;Rio Grande do Sul;9737;2019;5;Mulheres;3302;60 anos ou mais;9737
Indicador  3.9.2;1736;4.1;43;Rio Grande do Sul;9737;2020;6794;Total;95253;Total;9737
Indicador  3.9.2;1736;1.3;43;Rio Grande do Sul;9737;2020;6794;Total;1140;0 a 4 anos;9737
Indicador  3.9.2;1736;0.4;43;Rio Grande do Sul;9737;2020;6794;Total;1141;5 a 9 anos;9737
Indicador  3.9.2;1736;0.1;43;Rio Grande do Sul;9737;2020;6794;Total;1142;10 a 14 anos;9737
Indicador  3.9.2;1736;0.0;43;Rio Grande do Sul;9737;2020;6794;Total;1143;15 a 19 anos;9737
Indicador  3.9.2;1736;0.3;43;Rio Grande do Sul;9737;2020;6794;Total;1144;20 a 24 anos;9737
Indicador  3.9.2;1736;0.3;43;Rio Grande do Sul;9737;2020;6794;Total;1145;25 a 29 anos;9737
Indicador  3.9.2;1736;0.2;43;Rio Grande do Sul;9737;2020;6794;Total;1146;30 a 34 anos;9737
Indicador  3.9.2;1736;0.5;43;Rio Grande do Sul;9737;2020;6794;Total;1147;35 a 39 anos;9737
Indicador  3.9.2;1736;0.8;43;Rio Grande do Sul;9737;2020;6794;Total;1148;40 a 44 anos;9737
Indicador  3.9.2;1736;0.3;43;Rio Grande do Sul;9737;2020;6794;Total;1149;45 a 49 anos;9737
Indicador  3.9.2;1736;1.6;43;Rio Grande do Sul;9737;2020;6794;Total;1150;50 a 54 anos;9737
Indicador  3.9.2;1736;1.1;43;Rio Grande do Sul;9737;2020;6794;Total;1151;55 a 59 anos;9737
Indicador  3.9.2;1736;19.4;43;Rio Grande do Sul;9737;2020;6794;Total;3302;60 anos ou mais;9737
Indicador  3.9.2;1736;3.4;43;Rio Grande do Sul;9737;2020;4;Homens;95253;Total;9737
Indicador  3.9.2;1736;1.4;43;Rio Grande do Sul;9737;2020;4;Homens;1140;0 a 4 anos;9737
Indicador  3.9.2;1736;0.6;43;Rio Grande do Sul;9737;2020;4;Homens;1141;5 a 9 anos;9737
Indicador  3.9.2;1736;0.3;43;Rio Grande do Sul;9737;2020;4;Homens;1142;10 a 14 anos;9737
Indicador  3.9.2;1736;0.0;43;Rio Grande do Sul;9737;2020;4;Homens;1143;15 a 19 anos;9737
Indicador  3.9.2;1736;0.7;43;Rio Grande do Sul;9737;2020;4;Homens;1144;20 a 24 anos;9737
Indicador  3.9.2;1736;0.5;43;Rio Grande do Sul;9737;2020;4;Homens;1145;25 a 29 anos;9737
Indicador  3.9.2;1736;0.2;43;Rio Grande do Sul;9737;2020;4;Homens;1146;30 a 34 anos;9737
Indicador  3.9.2;1736;0.5;43;Rio Grande do Sul;9737;2020;4;Homens;1147;35 a 39 anos;9737
Indicador  3.9.2;1736;1.0;43;Rio Grande do Sul;9737;2020;4;Homens;1148;40 a 44 anos;9737
Indicador  3.9.2;1736;0.6;43;Rio Grande do Sul;9737;2020;4;Homens;1149;45 a 49 anos;9737
Indicador  3.9.2;1736;2.0;43;Rio Grande do Sul;9737;2020;4;Homens;1150;50 a 54 anos;9737
Indicador  3.9.2;1736;1.7;43;Rio Grande do Sul;9737;2020;4;Homens;1151;55 a 59 anos;9737
Indicador  3.9.2;1736;16.2;43;Rio Grande do Sul;9737;2020;4;Homens;3302;60 anos ou mais;9737
Indicador  3.9.2;1736;4.8;43;Rio Grande do Sul;9737;2020;5;Mulheres;95253;Total;9737
Indicador  3.9.2;1736;1.2;43;Rio Grande do Sul;9737;2020;5;Mulheres;1140;0 a 4 anos;9737
Indicador  3.9.2;1736;0.3;43;Rio Grande do Sul;9737;2020;5;Mulheres;1141;5 a 9 anos;9737
Indicador  3.9.2;1736;0.0;43;Rio Grande do Sul;9737;2020;5;Mulheres;1142;10 a 14 anos;9737
Indicador  3.9.2;1736;0.0;43;Rio Grande do Sul;9737;2020;5;Mulheres;1143;15 a 19 anos;9737
Indicador  3.9.2;1736;0.0;43;Rio Grande do Sul;9737;2020;5;Mulheres;1144;20 a 24 anos;9737
Indicador  3.9.2;1736;0.2;43;Rio Grande do Sul;9737;2020;5;Mulheres;1145;25 a 29 anos;9737
Indicador  3.9.2;1736;0.2;43;Rio Grande do Sul;9737;2020;5;Mulheres;1146;30 a 34 anos;9737
Indicador  3.9.2;1736;0.5;43;Rio Grande do Sul;9737;2020;5;Mulheres;1147;35 a 39 anos;9737
Indicador  3.9.2;1736;0.5;43;Rio Grande do Sul;9737;2020;5;Mulheres;1148;40 a 44 anos;9737
Indicador  3.9.2;1736;0.0;43;Rio Grande do Sul;9737;2020;5;Mulheres;1149;45 a 49 anos;9737
Indicador  3.9.2;1736;1.3;43;Rio Grande do Sul;9737;2020;5;Mulheres;1150;50 a 54 anos;9737
Indicador  3.9.2;1736;0.5;43;Rio Grande do Sul;9737;2020;5;Mulheres;1151;55 a 59 anos;9737
Indicador  3.9.2;1736;21.9;43;Rio Grande do Sul;9737;2020;5;Mulheres;3302;60 anos ou mais;9737
Indicador  3.9.2;1736;3.9;43;Rio Grande do Sul;9737;2021;6794;Total;95253;Total;9737
Indicador  3.9.2;1736;0.4;43;Rio Grande do Sul;9737;2021;6794;Total;1140;0 a 4 anos;9737
Indicador  3.9.2;1736;0.1;43;Rio Grande do Sul;9737;2021;6794;Total;1141;5 a 9 anos;9737
Indicador  3.9.2;1736;0.2;43;Rio Grande do Sul;9737;2021;6794;Total;1142;10 a 14 anos;9737
Indicador  3.9.2;1736;0.3;43;Rio Grande do Sul;9737;2021;6794;Total;1143;15 a 19 anos;9737
Indicador  3.9.2;1736;0.6;43;Rio Grande do Sul;9737;2021;6794;Total;1144;20 a 24 anos;9737
Indicador  3.9.2;1736;0.1;43;Rio Grande do Sul;9737;2021;6794;Total;1145;25 a 29 anos;9737
Indicador  3.9.2;1736;0.2;43;Rio Grande do Sul;9737;2021;6794;Total;1146;30 a 34 anos;9737
Indicador  3.9.2;1736;0.5;43;Rio Grande do Sul;9737;2021;6794;Total;1147;35 a 39 anos;9737
Indicador  3.9.2;1736;0.2;43;Rio Grande do Sul;9737;2021;6794;Total;1148;40 a 44 anos;9737
Indicador  3.9.2;1736;0.1;43;Rio Grande do Sul;9737;2021;6794;Total;1149;45 a 49 anos;9737
Indicador  3.9.2;1736;1.6;43;Rio Grande do Sul;9737;2021;6794;Total;1150;50 a 54 anos;9737
Indicador  3.9.2;1736;2.3;43;Rio Grande do Sul;9737;2021;6794;Total;1151;55 a 59 anos;9737
Indicador  3.9.2;1736;17.9;43;Rio Grande do Sul;9737;2021;6794;Total;3302;60 anos ou mais;9737
Indicador  3.9.2;1736;3.3;43;Rio Grande do Sul;9737;2021;4;Homens;95253;Total;9737
Indicador  3.9.2;1736;0.8;43;Rio Grande do Sul;9737;2021;4;Homens;1140;0 a 4 anos;9737
Indicador  3.9.2;1736;0.3;43;Rio Grande do Sul;9737;2021;4;Homens;1141;5 a 9 anos;9737
Indicador  3.9.2;1736;0.3;43;Rio Grande do Sul;9737;2021;4;Homens;1142;10 a 14 anos;9737
Indicador  3.9.2;1736;0.3;43;Rio Grande do Sul;9737;2021;4;Homens;1143;15 a 19 anos;9737
Indicador  3.9.2;1736;0.7;43;Rio Grande do Sul;9737;2021;4;Homens;1144;20 a 24 anos;9737
Indicador  3.9.2;1736;0.0;43;Rio Grande do Sul;9737;2021;4;Homens;1145;25 a 29 anos;9737
Indicador  3.9.2;1736;0.0;43;Rio Grande do Sul;9737;2021;4;Homens;1146;30 a 34 anos;9737
Indicador  3.9.2;1736;0.5;43;Rio Grande do Sul;9737;2021;4;Homens;1147;35 a 39 anos;9737
Indicador  3.9.2;1736;0.5;43;Rio Grande do Sul;9737;2021;4;Homens;1148;40 a 44 anos;9737
Indicador  3.9.2;1736;0.3;43;Rio Grande do Sul;9737;2021;4;Homens;1149;45 a 49 anos;9737
Indicador  3.9.2;1736;2.0;43;Rio Grande do Sul;9737;2021;4;Homens;1150;50 a 54 anos;9737
Indicador  3.9.2;1736;3.7;43;Rio Grande do Sul;9737;2021;4;Homens;1151;55 a 59 anos;9737
Indicador  3.9.2;1736;15.6;43;Rio Grande do Sul;9737;2021;4;Homens;3302;60 anos ou mais;9737
Indicador  3.9.2;1736;4.5;43;Rio Grande do Sul;9737;2021;5;Mulheres;95253;Total;9737
Indicador  3.9.2;1736;0.0;43;Rio Grande do Sul;9737;2021;5;Mulheres;1140;0 a 4 anos;9737
Indicador  3.9.2;1736;0.0;43;Rio Grande do Sul;9737;2021;5;Mulheres;1141;5 a 9 anos;9737
Indicador  3.9.2;1736;0.0;43;Rio Grande do Sul;9737;2021;5;Mulheres;1142;10 a 14 anos;9737
Indicador  3.9.2;1736;0.3;43;Rio Grande do Sul;9737;2021;5;Mulheres;1143;15 a 19 anos;9737
Indicador  3.9.2;1736;0.5;43;Rio Grande do Sul;9737;2021;5;Mulheres;1144;20 a 24 anos;9737
Indicador  3.9.2;1736;0.2;43;Rio Grande do Sul;9737;2021;5;Mulheres;1145;25 a 29 anos;9737
Indicador  3.9.2;1736;0.5;43;Rio Grande do Sul;9737;2021;5;Mulheres;1146;30 a 34 anos;9737
Indicador  3.9.2;1736;0.5;43;Rio Grande do Sul;9737;2021;5;Mulheres;1147;35 a 39 anos;9737
Indicador  3.9.2;1736;0.0;43;Rio Grande do Sul;9737;2021;5;Mulheres;1148;40 a 44 anos;9737
Indicador  3.9.2;1736;0.0;43;Rio Grande do Sul;9737;2021;5;Mulheres;1149;45 a 49 anos;9737
Indicador  3.9.2;1736;1.3;43;Rio Grande do Sul;9737;2021;5;Mulheres;1150;50 a 54 anos;9737
Indicador  3.9.2;1736;1.0;43;Rio Grande do Sul;9737;2021;5;Mulheres;1151;55 a 59 anos;9737
Indicador  3.9.2;1736;19.7;43;Rio Grande do Sul;9737;2021;5;Mulheres;3302;60 anos ou mais;9737
Indicador  3.9.2;1736;4.6;43;Rio Grande do Sul;9737;2022;6794;Total;95253;Total;9737
Indicador  3.9.2;1736;1.4;43;Rio Grande do Sul;9737;2022;6794;Total;1140;0 a 4 anos;9737
Indicador  3.9.2;1736;0.4;43;Rio Grande do Sul;9737;2022;6794;Total;1141;5 a 9 anos;9737
Indicador  3.9.2;1736;0.0;43;Rio Grande do Sul;9737;2022;6794;Total;1142;10 a 14 anos;9737
Indicador  3.9.2;1736;0.3;43;Rio Grande do Sul;9737;2022;6794;Total;1143;15 a 19 anos;9737
Indicador  3.9.2;1736;0.1;43;Rio Grande do Sul;9737;2022;6794;Total;1144;20 a 24 anos;9737
Indicador  3.9.2;1736;0.2;43;Rio Grande do Sul;9737;2022;6794;Total;1145;25 a 29 anos;9737
Indicador  3.9.2;1736;0.0;43;Rio Grande do Sul;9737;2022;6794;Total;1146;30 a 34 anos;9737
Indicador  3.9.2;1736;0.6;43;Rio Grande do Sul;9737;2022;6794;Total;1147;35 a 39 anos;9737
Indicador  3.9.2;1736;0.8;43;Rio Grande do Sul;9737;2022;6794;Total;1148;40 a 44 anos;9737
Indicador  3.9.2;1736;1.4;43;Rio Grande do Sul;9737;2022;6794;Total;1149;45 a 49 anos;9737
Indicador  3.9.2;1736;0.6;43;Rio Grande do Sul;9737;2022;6794;Total;1150;50 a 54 anos;9737
Indicador  3.9.2;1736;2.6;43;Rio Grande do Sul;9737;2022;6794;Total;1151;55 a 59 anos;9737
Indicador  3.9.2;1736;20.2;43;Rio Grande do Sul;9737;2022;6794;Total;3302;60 anos ou mais;9737
Indicador  3.9.2;1736;3.9;43;Rio Grande do Sul;9737;2022;4;Homens;95253;Total;9737
Indicador  3.9.2;1736;0.8;43;Rio Grande do Sul;9737;2022;4;Homens;1140;0 a 4 anos;9737
Indicador  3.9.2;1736;0.3;43;Rio Grande do Sul;9737;2022;4;Homens;1141;5 a 9 anos;9737
Indicador  3.9.2;1736;0.0;43;Rio Grande do Sul;9737;2022;4;Homens;1142;10 a 14 anos;9737
Indicador  3.9.2;1736;0.3;43;Rio Grande do Sul;9737;2022;4;Homens;1143;15 a 19 anos;9737
Indicador  3.9.2;1736;0.0;43;Rio Grande do Sul;9737;2022;4;Homens;1144;20 a 24 anos;9737
Indicador  3.9.2;1736;0.5;43;Rio Grande do Sul;9737;2022;4;Homens;1145;25 a 29 anos;9737
Indicador  3.9.2;1736;0.0;43;Rio Grande do Sul;9737;2022;4;Homens;1146;30 a 34 anos;9737
Indicador  3.9.2;1736;0.9;43;Rio Grande do Sul;9737;2022;4;Homens;1147;35 a 39 anos;9737
Indicador  3.9.2;1736;1.0;43;Rio Grande do Sul;9737;2022;4;Homens;1148;40 a 44 anos;9737
Indicador  3.9.2;1736;1.7;43;Rio Grande do Sul;9737;2022;4;Homens;1149;45 a 49 anos;9737
Indicador  3.9.2;1736;0.6;43;Rio Grande do Sul;9737;2022;4;Homens;1150;50 a 54 anos;9737
Indicador  3.9.2;1736;3.7;43;Rio Grande do Sul;9737;2022;4;Homens;1151;55 a 59 anos;9737
Indicador  3.9.2;1736;17.9;43;Rio Grande do Sul;9737;2022;4;Homens;3302;60 anos ou mais;9737
Indicador  3.9.2;1736;5.2;43;Rio Grande do Sul;9737;2022;5;Mulheres;95253;Total;9737
Indicador  3.9.2;1736;2.1;43;Rio Grande do Sul;9737;2022;5;Mulheres;1140;0 a 4 anos;9737
Indicador  3.9.2;1736;0.6;43;Rio Grande do Sul;9737;2022;5;Mulheres;1141;5 a 9 anos;9737
Indicador  3.9.2;1736;0.0;43;Rio Grande do Sul;9737;2022;5;Mulheres;1142;10 a 14 anos;9737
Indicador  3.9.2;1736;0.3;43;Rio Grande do Sul;9737;2022;5;Mulheres;1143;15 a 19 anos;9737
Indicador  3.9.2;1736;0.2;43;Rio Grande do Sul;9737;2022;5;Mulheres;1144;20 a 24 anos;9737
Indicador  3.9.2;1736;0.0;43;Rio Grande do Sul;9737;2022;5;Mulheres;1145;25 a 29 anos;9737
Indicador  3.9.2;1736;0.0;43;Rio Grande do Sul;9737;2022;5;Mulheres;1146;30 a 34 anos;9737
Indicador  3.9.2;1736;0.2;43;Rio Grande do Sul;9737;2022;5;Mulheres;1147;35 a 39 anos;9737
Indicador  3.9.2;1736;0.7;43;Rio Grande do Sul;9737;2022;5;Mulheres;1148;40 a 44 anos;9737
Indicador  3.9.2;1736;1.1;43;Rio Grande do Sul;9737;2022;5;Mulheres;1149;45 a 49 anos;9737
Indicador  3.9.2;1736;0.5;43;Rio Grande do Sul;9737;2022;5;Mulheres;1150;50 a 54 anos;9737
Indicador  3.9.2;1736;1.6;43;Rio Grande do Sul;9737;2022;5;Mulheres;1151;55 a 59 anos;9737
Indicador  3.9.2;1736;21.9;43;Rio Grande do Sul;9737;2022;5;Mulheres;3302;60 anos ou mais;9737
Indicador  3.9.2;1736;6.7;50;Mato Grosso do Sul;9737;2018;6794;Total;95253;Total;9737
Indicador  3.9.2;1736;5.5;50;Mato Grosso do Sul;9737;2018;6794;Total;1140;0 a 4 anos;9737
Indicador  3.9.2;1736;2.4;50;Mato Grosso do Sul;9737;2018;6794;Total;1141;5 a 9 anos;9737
Indicador  3.9.2;1736;0.0;50;Mato Grosso do Sul;9737;2018;6794;Total;1142;10 a 14 anos;9737
Indicador  3.9.2;1736;0.9;50;Mato Grosso do Sul;9737;2018;6794;Total;1143;15 a 19 anos;9737
Indicador  3.9.2;1736;0.4;50;Mato Grosso do Sul;9737;2018;6794;Total;1144;20 a 24 anos;9737
Indicador  3.9.2;1736;0.4;50;Mato Grosso do Sul;9737;2018;6794;Total;1145;25 a 29 anos;9737
Indicador  3.9.2;1736;0.4;50;Mato Grosso do Sul;9737;2018;6794;Total;1146;30 a 34 anos;9737
Indicador  3.9.2;1736;0.0;50;Mato Grosso do Sul;9737;2018;6794;Total;1147;35 a 39 anos;9737
Indicador  3.9.2;1736;0.5;50;Mato Grosso do Sul;9737;2018;6794;Total;1148;40 a 44 anos;9737
Indicador  3.9.2;1736;0.6;50;Mato Grosso do Sul;9737;2018;6794;Total;1149;45 a 49 anos;9737
Indicador  3.9.2;1736;1.9;50;Mato Grosso do Sul;9737;2018;6794;Total;1150;50 a 54 anos;9737
Indicador  3.9.2;1736;3.6;50;Mato Grosso do Sul;9737;2018;6794;Total;1151;55 a 59 anos;9737
Indicador  3.9.2;1736;44.9;50;Mato Grosso do Sul;9737;2018;6794;Total;3302;60 anos ou mais;9737
Indicador  3.9.2;1736;7.5;50;Mato Grosso do Sul;9737;2018;4;Homens;95253;Total;9737
Indicador  3.9.2;1736;5.3;50;Mato Grosso do Sul;9737;2018;4;Homens;1140;0 a 4 anos;9737
Indicador  3.9.2;1736;4.7;50;Mato Grosso do Sul;9737;2018;4;Homens;1141;5 a 9 anos;9737
Indicador  3.9.2;1736;0.0;50;Mato Grosso do Sul;9737;2018;4;Homens;1142;10 a 14 anos;9737
Indicador  3.9.2;1736;1.8;50;Mato Grosso do Sul;9737;2018;4;Homens;1143;15 a 19 anos;9737
Indicador  3.9.2;1736;0.9;50;Mato Grosso do Sul;9737;2018;4;Homens;1144;20 a 24 anos;9737
Indicador  3.9.2;1736;0.9;50;Mato Grosso do Sul;9737;2018;4;Homens;1145;25 a 29 anos;9737
Indicador  3.9.2;1736;0.9;50;Mato Grosso do Sul;9737;2018;4;Homens;1146;30 a 34 anos;9737
Indicador  3.9.2;1736;0.0;50;Mato Grosso do Sul;9737;2018;4;Homens;1147;35 a 39 anos;9737
Indicador  3.9.2;1736;1.0;50;Mato Grosso do Sul;9737;2018;4;Homens;1148;40 a 44 anos;9737
Indicador  3.9.2;1736;1.2;50;Mato Grosso do Sul;9737;2018;4;Homens;1149;45 a 49 anos;9737
Indicador  3.9.2;1736;2.6;50;Mato Grosso do Sul;9737;2018;4;Homens;1150;50 a 54 anos;9737
Indicador  3.9.2;1736;0.0;50;Mato Grosso do Sul;9737;2018;4;Homens;1151;55 a 59 anos;9737
Indicador  3.9.2;1736;51.9;50;Mato Grosso do Sul;9737;2018;4;Homens;3302;60 anos ou mais;9737
Indicador  3.9.2;1736;5.9;50;Mato Grosso do Sul;9737;2018;5;Mulheres;95253;Total;9737
Indicador  3.9.2;1736;5.6;50;Mato Grosso do Sul;9737;2018;5;Mulheres;1140;0 a 4 anos;9737
Indicador  3.9.2;1736;0.0;50;Mato Grosso do Sul;9737;2018;5;Mulheres;1141;5 a 9 anos;9737
Indicador  3.9.2;1736;0.0;50;Mato Grosso do Sul;9737;2018;5;Mulheres;1142;10 a 14 anos;9737
Indicador  3.9.2;1736;0.0;50;Mato Grosso do Sul;9737;2018;5;Mulheres;1143;15 a 19 anos;9737
Indicador  3.9.2;1736;0.0;50;Mato Grosso do Sul;9737;2018;5;Mulheres;1144;20 a 24 anos;9737
Indicador  3.9.2;1736;0.0;50;Mato Grosso do Sul;9737;2018;5;Mulheres;1145;25 a 29 anos;9737
Indicador  3.9.2;1736;0.0;50;Mato Grosso do Sul;9737;2018;5;Mulheres;1146;30 a 34 anos;9737
Indicador  3.9.2;1736;0.0;50;Mato Grosso do Sul;9737;2018;5;Mulheres;1147;35 a 39 anos;9737
Indicador  3.9.2;1736;0.0;50;Mato Grosso do Sul;9737;2018;5;Mulheres;1148;40 a 44 anos;9737
Indicador  3.9.2;1736;0.0;50;Mato Grosso do Sul;9737;2018;5;Mulheres;1149;45 a 49 anos;9737
Indicador  3.9.2;1736;1.2;50;Mato Grosso do Sul;9737;2018;5;Mulheres;1150;50 a 54 anos;9737
Indicador  3.9.2;1736;6.9;50;Mato Grosso do Sul;9737;2018;5;Mulheres;1151;55 a 59 anos;9737
Indicador  3.9.2;1736;38.8;50;Mato Grosso do Sul;9737;2018;5;Mulheres;3302;60 anos ou mais;9737
Indicador  3.9.2;1736;6.0;50;Mato Grosso do Sul;9737;2019;6794;Total;95253;Total;9737
Indicador  3.9.2;1736;5.5;50;Mato Grosso do Sul;9737;2019;6794;Total;1140;0 a 4 anos;9737
Indicador  3.9.2;1736;0.5;50;Mato Grosso do Sul;9737;2019;6794;Total;1141;5 a 9 anos;9737
Indicador  3.9.2;1736;1.0;50;Mato Grosso do Sul;9737;2019;6794;Total;1142;10 a 14 anos;9737
Indicador  3.9.2;1736;0.0;50;Mato Grosso do Sul;9737;2019;6794;Total;1143;15 a 19 anos;9737
Indicador  3.9.2;1736;0.4;50;Mato Grosso do Sul;9737;2019;6794;Total;1144;20 a 24 anos;9737
Indicador  3.9.2;1736;0.9;50;Mato Grosso do Sul;9737;2019;6794;Total;1145;25 a 29 anos;9737
Indicador  3.9.2;1736;0.4;50;Mato Grosso do Sul;9737;2019;6794;Total;1146;30 a 34 anos;9737
Indicador  3.9.2;1736;0.5;50;Mato Grosso do Sul;9737;2019;6794;Total;1147;35 a 39 anos;9737
Indicador  3.9.2;1736;0.0;50;Mato Grosso do Sul;9737;2019;6794;Total;1148;40 a 44 anos;9737
Indicador  3.9.2;1736;3.9;50;Mato Grosso do Sul;9737;2019;6794;Total;1149;45 a 49 anos;9737
Indicador  3.9.2;1736;0.0;50;Mato Grosso do Sul;9737;2019;6794;Total;1150;50 a 54 anos;9737
Indicador  3.9.2;1736;3.5;50;Mato Grosso do Sul;9737;2019;6794;Total;1151;55 a 59 anos;9737
Indicador  3.9.2;1736;38.0;50;Mato Grosso do Sul;9737;2019;6794;Total;3302;60 anos ou mais;9737
Indicador  3.9.2;1736;7.0;50;Mato Grosso do Sul;9737;2019;4;Homens;95253;Total;9737
Indicador  3.9.2;1736;6.2;50;Mato Grosso do Sul;9737;2019;4;Homens;1140;0 a 4 anos;9737
Indicador  3.9.2;1736;0.9;50;Mato Grosso do Sul;9737;2019;4;Homens;1141;5 a 9 anos;9737
Indicador  3.9.2;1736;1.9;50;Mato Grosso do Sul;9737;2019;4;Homens;1142;10 a 14 anos;9737
Indicador  3.9.2;1736;0.0;50;Mato Grosso do Sul;9737;2019;4;Homens;1143;15 a 19 anos;9737
Indicador  3.9.2;1736;0.9;50;Mato Grosso do Sul;9737;2019;4;Homens;1144;20 a 24 anos;9737
Indicador  3.9.2;1736;0.9;50;Mato Grosso do Sul;9737;2019;4;Homens;1145;25 a 29 anos;9737
Indicador  3.9.2;1736;0.9;50;Mato Grosso do Sul;9737;2019;4;Homens;1146;30 a 34 anos;9737
Indicador  3.9.2;1736;0.9;50;Mato Grosso do Sul;9737;2019;4;Homens;1147;35 a 39 anos;9737
Indicador  3.9.2;1736;0.0;50;Mato Grosso do Sul;9737;2019;4;Homens;1148;40 a 44 anos;9737
Indicador  3.9.2;1736;4.6;50;Mato Grosso do Sul;9737;2019;4;Homens;1149;45 a 49 anos;9737
Indicador  3.9.2;1736;0.0;50;Mato Grosso do Sul;9737;2019;4;Homens;1150;50 a 54 anos;9737
Indicador  3.9.2;1736;7.2;50;Mato Grosso do Sul;9737;2019;4;Homens;1151;55 a 59 anos;9737
Indicador  3.9.2;1736;44.5;50;Mato Grosso do Sul;9737;2019;4;Homens;3302;60 anos ou mais;9737
Indicador  3.9.2;1736;5.0;50;Mato Grosso do Sul;9737;2019;5;Mulheres;95253;Total;9737
Indicador  3.9.2;1736;4.7;50;Mato Grosso do Sul;9737;2019;5;Mulheres;1140;0 a 4 anos;9737
Indicador  3.9.2;1736;0.0;50;Mato Grosso do Sul;9737;2019;5;Mulheres;1141;5 a 9 anos;9737
Indicador  3.9.2;1736;0.0;50;Mato Grosso do Sul;9737;2019;5;Mulheres;1142;10 a 14 anos;9737
Indicador  3.9.2;1736;0.0;50;Mato Grosso do Sul;9737;2019;5;Mulheres;1143;15 a 19 anos;9737
Indicador  3.9.2;1736;0.0;50;Mato Grosso do Sul;9737;2019;5;Mulheres;1144;20 a 24 anos;9737
Indicador  3.9.2;1736;0.9;50;Mato Grosso do Sul;9737;2019;5;Mulheres;1145;25 a 29 anos;9737
Indicador  3.9.2;1736;0.0;50;Mato Grosso do Sul;9737;2019;5;Mulheres;1146;30 a 34 anos;9737
Indicador  3.9.2;1736;0.0;50;Mato Grosso do Sul;9737;2019;5;Mulheres;1147;35 a 39 anos;9737
Indicador  3.9.2;1736;0.0;50;Mato Grosso do Sul;9737;2019;5;Mulheres;1148;40 a 44 anos;9737
Indicador  3.9.2;1736;3.3;50;Mato Grosso do Sul;9737;2019;5;Mulheres;1149;45 a 49 anos;9737
Indicador  3.9.2;1736;0.0;50;Mato Grosso do Sul;9737;2019;5;Mulheres;1150;50 a 54 anos;9737
Indicador  3.9.2;1736;0.0;50;Mato Grosso do Sul;9737;2019;5;Mulheres;1151;55 a 59 anos;9737
Indicador  3.9.2;1736;32.3;50;Mato Grosso do Sul;9737;2019;5;Mulheres;3302;60 anos ou mais;9737
Indicador  3.9.2;1736;5.4;50;Mato Grosso do Sul;9737;2020;6794;Total;95253;Total;9737
Indicador  3.9.2;1736;2.7;50;Mato Grosso do Sul;9737;2020;6794;Total;1140;0 a 4 anos;9737
Indicador  3.9.2;1736;0.5;50;Mato Grosso do Sul;9737;2020;6794;Total;1141;5 a 9 anos;9737
Indicador  3.9.2;1736;0.0;50;Mato Grosso do Sul;9737;2020;6794;Total;1142;10 a 14 anos;9737
Indicador  3.9.2;1736;0.5;50;Mato Grosso do Sul;9737;2020;6794;Total;1143;15 a 19 anos;9737
Indicador  3.9.2;1736;0.9;50;Mato Grosso do Sul;9737;2020;6794;Total;1144;20 a 24 anos;9737
Indicador  3.9.2;1736;0.0;50;Mato Grosso do Sul;9737;2020;6794;Total;1145;25 a 29 anos;9737
Indicador  3.9.2;1736;0.4;50;Mato Grosso do Sul;9737;2020;6794;Total;1146;30 a 34 anos;9737
Indicador  3.9.2;1736;0.9;50;Mato Grosso do Sul;9737;2020;6794;Total;1147;35 a 39 anos;9737
Indicador  3.9.2;1736;0.5;50;Mato Grosso do Sul;9737;2020;6794;Total;1148;40 a 44 anos;9737
Indicador  3.9.2;1736;1.7;50;Mato Grosso do Sul;9737;2020;6794;Total;1149;45 a 49 anos;9737
Indicador  3.9.2;1736;1.2;50;Mato Grosso do Sul;9737;2020;6794;Total;1150;50 a 54 anos;9737
Indicador  3.9.2;1736;5.4;50;Mato Grosso do Sul;9737;2020;6794;Total;1151;55 a 59 anos;9737
Indicador  3.9.2;1736;33.7;50;Mato Grosso do Sul;9737;2020;6794;Total;3302;60 anos ou mais;9737
Indicador  3.9.2;1736;6.4;50;Mato Grosso do Sul;9737;2020;4;Homens;95253;Total;9737
Indicador  3.9.2;1736;3.6;50;Mato Grosso do Sul;9737;2020;4;Homens;1140;0 a 4 anos;9737
Indicador  3.9.2;1736;0.9;50;Mato Grosso do Sul;9737;2020;4;Homens;1141;5 a 9 anos;9737
Indicador  3.9.2;1736;0.0;50;Mato Grosso do Sul;9737;2020;4;Homens;1142;10 a 14 anos;9737
Indicador  3.9.2;1736;0.9;50;Mato Grosso do Sul;9737;2020;4;Homens;1143;15 a 19 anos;9737
Indicador  3.9.2;1736;1.8;50;Mato Grosso do Sul;9737;2020;4;Homens;1144;20 a 24 anos;9737
Indicador  3.9.2;1736;0.0;50;Mato Grosso do Sul;9737;2020;4;Homens;1145;25 a 29 anos;9737
Indicador  3.9.2;1736;0.9;50;Mato Grosso do Sul;9737;2020;4;Homens;1146;30 a 34 anos;9737
Indicador  3.9.2;1736;1.8;50;Mato Grosso do Sul;9737;2020;4;Homens;1147;35 a 39 anos;9737
Indicador  3.9.2;1736;0.0;50;Mato Grosso do Sul;9737;2020;4;Homens;1148;40 a 44 anos;9737
Indicador  3.9.2;1736;3.4;50;Mato Grosso do Sul;9737;2020;4;Homens;1149;45 a 49 anos;9737
Indicador  3.9.2;1736;1.2;50;Mato Grosso do Sul;9737;2020;4;Homens;1150;50 a 54 anos;9737
Indicador  3.9.2;1736;8.4;50;Mato Grosso do Sul;9737;2020;4;Homens;1151;55 a 59 anos;9737
Indicador  3.9.2;1736;39.9;50;Mato Grosso do Sul;9737;2020;4;Homens;3302;60 anos ou mais;9737
Indicador  3.9.2;1736;4.4;50;Mato Grosso do Sul;9737;2020;5;Mulheres;95253;Total;9737
Indicador  3.9.2;1736;1.9;50;Mato Grosso do Sul;9737;2020;5;Mulheres;1140;0 a 4 anos;9737
Indicador  3.9.2;1736;0.0;50;Mato Grosso do Sul;9737;2020;5;Mulheres;1141;5 a 9 anos;9737
Indicador  3.9.2;1736;0.0;50;Mato Grosso do Sul;9737;2020;5;Mulheres;1142;10 a 14 anos;9737
Indicador  3.9.2;1736;0.0;50;Mato Grosso do Sul;9737;2020;5;Mulheres;1143;15 a 19 anos;9737
Indicador  3.9.2;1736;0.0;50;Mato Grosso do Sul;9737;2020;5;Mulheres;1144;20 a 24 anos;9737
Indicador  3.9.2;1736;0.0;50;Mato Grosso do Sul;9737;2020;5;Mulheres;1145;25 a 29 anos;9737
Indicador  3.9.2;1736;0.0;50;Mato Grosso do Sul;9737;2020;5;Mulheres;1146;30 a 34 anos;9737
Indicador  3.9.2;1736;0.0;50;Mato Grosso do Sul;9737;2020;5;Mulheres;1147;35 a 39 anos;9737
Indicador  3.9.2;1736;1.0;50;Mato Grosso do Sul;9737;2020;5;Mulheres;1148;40 a 44 anos;9737
Indicador  3.9.2;1736;0.0;50;Mato Grosso do Sul;9737;2020;5;Mulheres;1149;45 a 49 anos;9737
Indicador  3.9.2;1736;1.2;50;Mato Grosso do Sul;9737;2020;5;Mulheres;1150;50 a 54 anos;9737
Indicador  3.9.2;1736;2.6;50;Mato Grosso do Sul;9737;2020;5;Mulheres;1151;55 a 59 anos;9737
Indicador  3.9.2;1736;28.3;50;Mato Grosso do Sul;9737;2020;5;Mulheres;3302;60 anos ou mais;9737
Indicador  3.9.2;1736;6.0;50;Mato Grosso do Sul;9737;2021;6794;Total;95253;Total;9737
Indicador  3.9.2;1736;4.6;50;Mato Grosso do Sul;9737;2021;6794;Total;1140;0 a 4 anos;9737
Indicador  3.9.2;1736;0.0;50;Mato Grosso do Sul;9737;2021;6794;Total;1141;5 a 9 anos;9737
Indicador  3.9.2;1736;0.5;50;Mato Grosso do Sul;9737;2021;6794;Total;1142;10 a 14 anos;9737
Indicador  3.9.2;1736;0.0;50;Mato Grosso do Sul;9737;2021;6794;Total;1143;15 a 19 anos;9737
Indicador  3.9.2;1736;0.0;50;Mato Grosso do Sul;9737;2021;6794;Total;1144;20 a 24 anos;9737
Indicador  3.9.2;1736;0.0;50;Mato Grosso do Sul;9737;2021;6794;Total;1145;25 a 29 anos;9737
Indicador  3.9.2;1736;0.4;50;Mato Grosso do Sul;9737;2021;6794;Total;1146;30 a 34 anos;9737
Indicador  3.9.2;1736;1.3;50;Mato Grosso do Sul;9737;2021;6794;Total;1147;35 a 39 anos;9737
Indicador  3.9.2;1736;1.5;50;Mato Grosso do Sul;9737;2021;6794;Total;1148;40 a 44 anos;9737
Indicador  3.9.2;1736;2.2;50;Mato Grosso do Sul;9737;2021;6794;Total;1149;45 a 49 anos;9737
Indicador  3.9.2;1736;2.4;50;Mato Grosso do Sul;9737;2021;6794;Total;1150;50 a 54 anos;9737
Indicador  3.9.2;1736;4.6;50;Mato Grosso do Sul;9737;2021;6794;Total;1151;55 a 59 anos;9737
Indicador  3.9.2;1736;35.7;50;Mato Grosso do Sul;9737;2021;6794;Total;3302;60 anos ou mais;9737
Indicador  3.9.2;1736;6.5;50;Mato Grosso do Sul;9737;2021;4;Homens;95253;Total;9737
Indicador  3.9.2;1736;5.3;50;Mato Grosso do Sul;9737;2021;4;Homens;1140;0 a 4 anos;9737
Indicador  3.9.2;1736;0.0;50;Mato Grosso do Sul;9737;2021;4;Homens;1141;5 a 9 anos;9737
Indicador  3.9.2;1736;1.0;50;Mato Grosso do Sul;9737;2021;4;Homens;1142;10 a 14 anos;9737
Indicador  3.9.2;1736;0.0;50;Mato Grosso do Sul;9737;2021;4;Homens;1143;15 a 19 anos;9737
Indicador  3.9.2;1736;0.0;50;Mato Grosso do Sul;9737;2021;4;Homens;1144;20 a 24 anos;9737
Indicador  3.9.2;1736;0.0;50;Mato Grosso do Sul;9737;2021;4;Homens;1145;25 a 29 anos;9737
Indicador  3.9.2;1736;0.9;50;Mato Grosso do Sul;9737;2021;4;Homens;1146;30 a 34 anos;9737
Indicador  3.9.2;1736;0.9;50;Mato Grosso do Sul;9737;2021;4;Homens;1147;35 a 39 anos;9737
Indicador  3.9.2;1736;1.0;50;Mato Grosso do Sul;9737;2021;4;Homens;1148;40 a 44 anos;9737
Indicador  3.9.2;1736;3.3;50;Mato Grosso do Sul;9737;2021;4;Homens;1149;45 a 49 anos;9737
Indicador  3.9.2;1736;2.5;50;Mato Grosso do Sul;9737;2021;4;Homens;1150;50 a 54 anos;9737
Indicador  3.9.2;1736;5.5;50;Mato Grosso do Sul;9737;2021;4;Homens;1151;55 a 59 anos;9737
Indicador  3.9.2;1736;40.6;50;Mato Grosso do Sul;9737;2021;4;Homens;3302;60 anos ou mais;9737
Indicador  3.9.2;1736;5.5;50;Mato Grosso do Sul;9737;2021;5;Mulheres;95253;Total;9737
Indicador  3.9.2;1736;3.7;50;Mato Grosso do Sul;9737;2021;5;Mulheres;1140;0 a 4 anos;9737
Indicador  3.9.2;1736;0.0;50;Mato Grosso do Sul;9737;2021;5;Mulheres;1141;5 a 9 anos;9737
Indicador  3.9.2;1736;0.0;50;Mato Grosso do Sul;9737;2021;5;Mulheres;1142;10 a 14 anos;9737
Indicador  3.9.2;1736;0.0;50;Mato Grosso do Sul;9737;2021;5;Mulheres;1143;15 a 19 anos;9737
Indicador  3.9.2;1736;0.0;50;Mato Grosso do Sul;9737;2021;5;Mulheres;1144;20 a 24 anos;9737
Indicador  3.9.2;1736;0.0;50;Mato Grosso do Sul;9737;2021;5;Mulheres;1145;25 a 29 anos;9737
Indicador  3.9.2;1736;0.0;50;Mato Grosso do Sul;9737;2021;5;Mulheres;1146;30 a 34 anos;9737
Indicador  3.9.2;1736;1.8;50;Mato Grosso do Sul;9737;2021;5;Mulheres;1147;35 a 39 anos;9737
Indicador  3.9.2;1736;1.9;50;Mato Grosso do Sul;9737;2021;5;Mulheres;1148;40 a 44 anos;9737
Indicador  3.9.2;1736;1.1;50;Mato Grosso do Sul;9737;2021;5;Mulheres;1149;45 a 49 anos;9737
Indicador  3.9.2;1736;2.3;50;Mato Grosso do Sul;9737;2021;5;Mulheres;1150;50 a 54 anos;9737
Indicador  3.9.2;1736;3.8;50;Mato Grosso do Sul;9737;2021;5;Mulheres;1151;55 a 59 anos;9737
Indicador  3.9.2;1736;31.4;50;Mato Grosso do Sul;9737;2021;5;Mulheres;3302;60 anos ou mais;9737
Indicador  3.9.2;1736;5.5;50;Mato Grosso do Sul;9737;2022;6794;Total;95253;Total;9737
Indicador  3.9.2;1736;5.5;50;Mato Grosso do Sul;9737;2022;6794;Total;1140;0 a 4 anos;9737
Indicador  3.9.2;1736;0.0;50;Mato Grosso do Sul;9737;2022;6794;Total;1141;5 a 9 anos;9737
Indicador  3.9.2;1736;1.0;50;Mato Grosso do Sul;9737;2022;6794;Total;1142;10 a 14 anos;9737
Indicador  3.9.2;1736;0.0;50;Mato Grosso do Sul;9737;2022;6794;Total;1143;15 a 19 anos;9737
Indicador  3.9.2;1736;0.9;50;Mato Grosso do Sul;9737;2022;6794;Total;1144;20 a 24 anos;9737
Indicador  3.9.2;1736;0.0;50;Mato Grosso do Sul;9737;2022;6794;Total;1145;25 a 29 anos;9737
Indicador  3.9.2;1736;0.0;50;Mato Grosso do Sul;9737;2022;6794;Total;1146;30 a 34 anos;9737
Indicador  3.9.2;1736;0.0;50;Mato Grosso do Sul;9737;2022;6794;Total;1147;35 a 39 anos;9737
Indicador  3.9.2;1736;1.0;50;Mato Grosso do Sul;9737;2022;6794;Total;1148;40 a 44 anos;9737
Indicador  3.9.2;1736;2.1;50;Mato Grosso do Sul;9737;2022;6794;Total;1149;45 a 49 anos;9737
Indicador  3.9.2;1736;1.8;50;Mato Grosso do Sul;9737;2022;6794;Total;1150;50 a 54 anos;9737
Indicador  3.9.2;1736;0.6;50;Mato Grosso do Sul;9737;2022;6794;Total;1151;55 a 59 anos;9737
Indicador  3.9.2;1736;32.7;50;Mato Grosso do Sul;9737;2022;6794;Total;3302;60 anos ou mais;9737
Indicador  3.9.2;1736;4.5;50;Mato Grosso do Sul;9737;2022;4;Homens;95253;Total;9737
Indicador  3.9.2;1736;4.5;50;Mato Grosso do Sul;9737;2022;4;Homens;1140;0 a 4 anos;9737
Indicador  3.9.2;1736;0.0;50;Mato Grosso do Sul;9737;2022;4;Homens;1141;5 a 9 anos;9737
Indicador  3.9.2;1736;1.9;50;Mato Grosso do Sul;9737;2022;4;Homens;1142;10 a 14 anos;9737
Indicador  3.9.2;1736;0.0;50;Mato Grosso do Sul;9737;2022;4;Homens;1143;15 a 19 anos;9737
Indicador  3.9.2;1736;1.8;50;Mato Grosso do Sul;9737;2022;4;Homens;1144;20 a 24 anos;9737
Indicador  3.9.2;1736;0.0;50;Mato Grosso do Sul;9737;2022;4;Homens;1145;25 a 29 anos;9737
Indicador  3.9.2;1736;0.0;50;Mato Grosso do Sul;9737;2022;4;Homens;1146;30 a 34 anos;9737
Indicador  3.9.2;1736;0.0;50;Mato Grosso do Sul;9737;2022;4;Homens;1147;35 a 39 anos;9737
Indicador  3.9.2;1736;0.0;50;Mato Grosso do Sul;9737;2022;4;Homens;1148;40 a 44 anos;9737
Indicador  3.9.2;1736;1.1;50;Mato Grosso do Sul;9737;2022;4;Homens;1149;45 a 49 anos;9737
Indicador  3.9.2;1736;1.2;50;Mato Grosso do Sul;9737;2022;4;Homens;1150;50 a 54 anos;9737
Indicador  3.9.2;1736;1.4;50;Mato Grosso do Sul;9737;2022;4;Homens;1151;55 a 59 anos;9737
Indicador  3.9.2;1736;28.2;50;Mato Grosso do Sul;9737;2022;4;Homens;3302;60 anos ou mais;9737
Indicador  3.9.2;1736;6.4;50;Mato Grosso do Sul;9737;2022;5;Mulheres;95253;Total;9737
Indicador  3.9.2;1736;6.5;50;Mato Grosso do Sul;9737;2022;5;Mulheres;1140;0 a 4 anos;9737
Indicador  3.9.2;1736;0.0;50;Mato Grosso do Sul;9737;2022;5;Mulheres;1141;5 a 9 anos;9737
Indicador  3.9.2;1736;0.0;50;Mato Grosso do Sul;9737;2022;5;Mulheres;1142;10 a 14 anos;9737
Indicador  3.9.2;1736;0.0;50;Mato Grosso do Sul;9737;2022;5;Mulheres;1143;15 a 19 anos;9737
Indicador  3.9.2;1736;0.0;50;Mato Grosso do Sul;9737;2022;5;Mulheres;1144;20 a 24 anos;9737
Indicador  3.9.2;1736;0.0;50;Mato Grosso do Sul;9737;2022;5;Mulheres;1145;25 a 29 anos;9737
Indicador  3.9.2;1736;0.0;50;Mato Grosso do Sul;9737;2022;5;Mulheres;1146;30 a 34 anos;9737
Indicador  3.9.2;1736;0.0;50;Mato Grosso do Sul;9737;2022;5;Mulheres;1147;35 a 39 anos;9737
Indicador  3.9.2;1736;1.9;50;Mato Grosso do Sul;9737;2022;5;Mulheres;1148;40 a 44 anos;9737
Indicador  3.9.2;1736;3.1;50;Mato Grosso do Sul;9737;2022;5;Mulheres;1149;45 a 49 anos;9737
Indicador  3.9.2;1736;2.3;50;Mato Grosso do Sul;9737;2022;5;Mulheres;1150;50 a 54 anos;9737
Indicador  3.9.2;1736;0.0;50;Mato Grosso do Sul;9737;2022;5;Mulheres;1151;55 a 59 anos;9737
Indicador  3.9.2;1736;36.5;50;Mato Grosso do Sul;9737;2022;5;Mulheres;3302;60 anos ou mais;9737
Indicador  3.9.2;1736;5.7;51;Mato Grosso;9737;2018;6794;Total;95253;Total;9737
Indicador  3.9.2;1736;7.4;51;Mato Grosso;9737;2018;6794;Total;1140;0 a 4 anos;9737
Indicador  3.9.2;1736;0.8;51;Mato Grosso;9737;2018;6794;Total;1141;5 a 9 anos;9737
Indicador  3.9.2;1736;0.0;51;Mato Grosso;9737;2018;6794;Total;1142;10 a 14 anos;9737
Indicador  3.9.2;1736;0.0;51;Mato Grosso;9737;2018;6794;Total;1143;15 a 19 anos;9737
Indicador  3.9.2;1736;0.0;51;Mato Grosso;9737;2018;6794;Total;1144;20 a 24 anos;9737
Indicador  3.9.2;1736;0.0;51;Mato Grosso;9737;2018;6794;Total;1145;25 a 29 anos;9737
Indicador  3.9.2;1736;0.0;51;Mato Grosso;9737;2018;6794;Total;1146;30 a 34 anos;9737
Indicador  3.9.2;1736;1.1;51;Mato Grosso;9737;2018;6794;Total;1147;35 a 39 anos;9737
Indicador  3.9.2;1736;0.0;51;Mato Grosso;9737;2018;6794;Total;1148;40 a 44 anos;9737
Indicador  3.9.2;1736;2.2;51;Mato Grosso;9737;2018;6794;Total;1149;45 a 49 anos;9737
Indicador  3.9.2;1736;1.5;51;Mato Grosso;9737;2018;6794;Total;1150;50 a 54 anos;9737
Indicador  3.9.2;1736;2.4;51;Mato Grosso;9737;2018;6794;Total;1151;55 a 59 anos;9737
Indicador  3.9.2;1736;44.0;51;Mato Grosso;9737;2018;6794;Total;3302;60 anos ou mais;9737
Indicador  3.9.2;1736;5.8;51;Mato Grosso;9737;2018;4;Homens;95253;Total;9737
Indicador  3.9.2;1736;5.5;51;Mato Grosso;9737;2018;4;Homens;1140;0 a 4 anos;9737
Indicador  3.9.2;1736;1.5;51;Mato Grosso;9737;2018;4;Homens;1141;5 a 9 anos;9737
Indicador  3.9.2;1736;0.0;51;Mato Grosso;9737;2018;4;Homens;1142;10 a 14 anos;9737
Indicador  3.9.2;1736;0.0;51;Mato Grosso;9737;2018;4;Homens;1143;15 a 19 anos;9737
Indicador  3.9.2;1736;0.0;51;Mato Grosso;9737;2018;4;Homens;1144;20 a 24 anos;9737
Indicador  3.9.2;1736;0.0;51;Mato Grosso;9737;2018;4;Homens;1145;25 a 29 anos;9737
Indicador  3.9.2;1736;0.0;51;Mato Grosso;9737;2018;4;Homens;1146;30 a 34 anos;9737
Indicador  3.9.2;1736;0.7;51;Mato Grosso;9737;2018;4;Homens;1147;35 a 39 anos;9737
Indicador  3.9.2;1736;0.0;51;Mato Grosso;9737;2018;4;Homens;1148;40 a 44 anos;9737
Indicador  3.9.2;1736;1.8;51;Mato Grosso;9737;2018;4;Homens;1149;45 a 49 anos;9737
Indicador  3.9.2;1736;2.0;51;Mato Grosso;9737;2018;4;Homens;1150;50 a 54 anos;9737
Indicador  3.9.2;1736;1.2;51;Mato Grosso;9737;2018;4;Homens;1151;55 a 59 anos;9737
Indicador  3.9.2;1736;47.5;51;Mato Grosso;9737;2018;4;Homens;3302;60 anos ou mais;9737
Indicador  3.9.2;1736;5.5;51;Mato Grosso;9737;2018;5;Mulheres;95253;Total;9737
Indicador  3.9.2;1736;9.4;51;Mato Grosso;9737;2018;5;Mulheres;1140;0 a 4 anos;9737
Indicador  3.9.2;1736;0.0;51;Mato Grosso;9737;2018;5;Mulheres;1141;5 a 9 anos;9737
Indicador  3.9.2;1736;0.0;51;Mato Grosso;9737;2018;5;Mulheres;1142;10 a 14 anos;9737
Indicador  3.9.2;1736;0.0;51;Mato Grosso;9737;2018;5;Mulheres;1143;15 a 19 anos;9737
Indicador  3.9.2;1736;0.0;51;Mato Grosso;9737;2018;5;Mulheres;1144;20 a 24 anos;9737
Indicador  3.9.2;1736;0.0;51;Mato Grosso;9737;2018;5;Mulheres;1145;25 a 29 anos;9737
Indicador  3.9.2;1736;0.0;51;Mato Grosso;9737;2018;5;Mulheres;1146;30 a 34 anos;9737
Indicador  3.9.2;1736;1.4;51;Mato Grosso;9737;2018;5;Mulheres;1147;35 a 39 anos;9737
Indicador  3.9.2;1736;0.0;51;Mato Grosso;9737;2018;5;Mulheres;1148;40 a 44 anos;9737
Indicador  3.9.2;1736;2.7;51;Mato Grosso;9737;2018;5;Mulheres;1149;45 a 49 anos;9737
Indicador  3.9.2;1736;1.0;51;Mato Grosso;9737;2018;5;Mulheres;1150;50 a 54 anos;9737
Indicador  3.9.2;1736;3.7;51;Mato Grosso;9737;2018;5;Mulheres;1151;55 a 59 anos;9737
Indicador  3.9.2;1736;40.4;51;Mato Grosso;9737;2018;5;Mulheres;3302;60 anos ou mais;9737
Indicador  3.9.2;1736;5.7;51;Mato Grosso;9737;2019;6794;Total;95253;Total;9737
Indicador  3.9.2;1736;10.6;51;Mato Grosso;9737;2019;6794;Total;1140;0 a 4 anos;9737
Indicador  3.9.2;1736;0.8;51;Mato Grosso;9737;2019;6794;Total;1141;5 a 9 anos;9737
Indicador  3.9.2;1736;0.4;51;Mato Grosso;9737;2019;6794;Total;1142;10 a 14 anos;9737
Indicador  3.9.2;1736;0.0;51;Mato Grosso;9737;2019;6794;Total;1143;15 a 19 anos;9737
Indicador  3.9.2;1736;0.3;51;Mato Grosso;9737;2019;6794;Total;1144;20 a 24 anos;9737
Indicador  3.9.2;1736;0.0;51;Mato Grosso;9737;2019;6794;Total;1145;25 a 29 anos;9737
Indicador  3.9.2;1736;0.0;51;Mato Grosso;9737;2019;6794;Total;1146;30 a 34 anos;9737
Indicador  3.9.2;1736;0.7;51;Mato Grosso;9737;2019;6794;Total;1147;35 a 39 anos;9737
Indicador  3.9.2;1736;0.4;51;Mato Grosso;9737;2019;6794;Total;1148;40 a 44 anos;9737
Indicador  3.9.2;1736;0.9;51;Mato Grosso;9737;2019;6794;Total;1149;45 a 49 anos;9737
Indicador  3.9.2;1736;2.5;51;Mato Grosso;9737;2019;6794;Total;1150;50 a 54 anos;9737
Indicador  3.9.2;1736;2.9;51;Mato Grosso;9737;2019;6794;Total;1151;55 a 59 anos;9737
Indicador  3.9.2;1736;39.7;51;Mato Grosso;9737;2019;6794;Total;3302;60 anos ou mais;9737
Indicador  3.9.2;1736;6.2;51;Mato Grosso;9737;2019;4;Homens;95253;Total;9737
Indicador  3.9.2;1736;11.0;51;Mato Grosso;9737;2019;4;Homens;1140;0 a 4 anos;9737
Indicador  3.9.2;1736;1.5;51;Mato Grosso;9737;2019;4;Homens;1141;5 a 9 anos;9737
Indicador  3.9.2;1736;0.7;51;Mato Grosso;9737;2019;4;Homens;1142;10 a 14 anos;9737
Indicador  3.9.2;1736;0.0;51;Mato Grosso;9737;2019;4;Homens;1143;15 a 19 anos;9737
Indicador  3.9.2;1736;0.0;51;Mato Grosso;9737;2019;4;Homens;1144;20 a 24 anos;9737
Indicador  3.9.2;1736;0.0;51;Mato Grosso;9737;2019;4;Homens;1145;25 a 29 anos;9737
Indicador  3.9.2;1736;0.0;51;Mato Grosso;9737;2019;4;Homens;1146;30 a 34 anos;9737
Indicador  3.9.2;1736;0.7;51;Mato Grosso;9737;2019;4;Homens;1147;35 a 39 anos;9737
Indicador  3.9.2;1736;0.8;51;Mato Grosso;9737;2019;4;Homens;1148;40 a 44 anos;9737
Indicador  3.9.2;1736;1.8;51;Mato Grosso;9737;2019;4;Homens;1149;45 a 49 anos;9737
Indicador  3.9.2;1736;4.9;51;Mato Grosso;9737;2019;4;Homens;1150;50 a 54 anos;9737
Indicador  3.9.2;1736;4.6;51;Mato Grosso;9737;2019;4;Homens;1151;55 a 59 anos;9737
Indicador  3.9.2;1736;41.1;51;Mato Grosso;9737;2019;4;Homens;3302;60 anos ou mais;9737
Indicador  3.9.2;1736;5.2;51;Mato Grosso;9737;2019;5;Mulheres;95253;Total;9737
Indicador  3.9.2;1736;10.1;51;Mato Grosso;9737;2019;5;Mulheres;1140;0 a 4 anos;9737
Indicador  3.9.2;1736;0.0;51;Mato Grosso;9737;2019;5;Mulheres;1141;5 a 9 anos;9737
Indicador  3.9.2;1736;0.0;51;Mato Grosso;9737;2019;5;Mulheres;1142;10 a 14 anos;9737
Indicador  3.9.2;1736;0.0;51;Mato Grosso;9737;2019;5;Mulheres;1143;15 a 19 anos;9737
Indicador  3.9.2;1736;0.7;51;Mato Grosso;9737;2019;5;Mulheres;1144;20 a 24 anos;9737
Indicador  3.9.2;1736;0.0;51;Mato Grosso;9737;2019;5;Mulheres;1145;25 a 29 anos;9737
Indicador  3.9.2;1736;0.0;51;Mato Grosso;9737;2019;5;Mulheres;1146;30 a 34 anos;9737
Indicador  3.9.2;1736;0.7;51;Mato Grosso;9737;2019;5;Mulheres;1147;35 a 39 anos;9737
Indicador  3.9.2;1736;0.0;51;Mato Grosso;9737;2019;5;Mulheres;1148;40 a 44 anos;9737
Indicador  3.9.2;1736;0.0;51;Mato Grosso;9737;2019;5;Mulheres;1149;45 a 49 anos;9737
Indicador  3.9.2;1736;0.0;51;Mato Grosso;9737;2019;5;Mulheres;1150;50 a 54 anos;9737
Indicador  3.9.2;1736;1.2;51;Mato Grosso;9737;2019;5;Mulheres;1151;55 a 59 anos;9737
Indicador  3.9.2;1736;38.3;51;Mato Grosso;9737;2019;5;Mulheres;3302;60 anos ou mais;9737
Indicador  3.9.2;1736;4.3;51;Mato Grosso;9737;2020;6794;Total;95253;Total;9737
Indicador  3.9.2;1736;7.8;51;Mato Grosso;9737;2020;6794;Total;1140;0 a 4 anos;9737
Indicador  3.9.2;1736;0.7;51;Mato Grosso;9737;2020;6794;Total;1141;5 a 9 anos;9737
Indicador  3.9.2;1736;0.0;51;Mato Grosso;9737;2020;6794;Total;1142;10 a 14 anos;9737
Indicador  3.9.2;1736;0.4;51;Mato Grosso;9737;2020;6794;Total;1143;15 a 19 anos;9737
Indicador  3.9.2;1736;0.0;51;Mato Grosso;9737;2020;6794;Total;1144;20 a 24 anos;9737
Indicador  3.9.2;1736;0.0;51;Mato Grosso;9737;2020;6794;Total;1145;25 a 29 anos;9737
Indicador  3.9.2;1736;0.0;51;Mato Grosso;9737;2020;6794;Total;1146;30 a 34 anos;9737
Indicador  3.9.2;1736;0.7;51;Mato Grosso;9737;2020;6794;Total;1147;35 a 39 anos;9737
Indicador  3.9.2;1736;1.1;51;Mato Grosso;9737;2020;6794;Total;1148;40 a 44 anos;9737
Indicador  3.9.2;1736;1.3;51;Mato Grosso;9737;2020;6794;Total;1149;45 a 49 anos;9737
Indicador  3.9.2;1736;1.5;51;Mato Grosso;9737;2020;6794;Total;1150;50 a 54 anos;9737
Indicador  3.9.2;1736;2.8;51;Mato Grosso;9737;2020;6794;Total;1151;55 a 59 anos;9737
Indicador  3.9.2;1736;27.9;51;Mato Grosso;9737;2020;6794;Total;3302;60 anos ou mais;9737
Indicador  3.9.2;1736;4.4;51;Mato Grosso;9737;2020;4;Homens;95253;Total;9737
Indicador  3.9.2;1736;6.9;51;Mato Grosso;9737;2020;4;Homens;1140;0 a 4 anos;9737
Indicador  3.9.2;1736;0.0;51;Mato Grosso;9737;2020;4;Homens;1141;5 a 9 anos;9737
Indicador  3.9.2;1736;0.0;51;Mato Grosso;9737;2020;4;Homens;1142;10 a 14 anos;9737
Indicador  3.9.2;1736;0.0;51;Mato Grosso;9737;2020;4;Homens;1143;15 a 19 anos;9737
Indicador  3.9.2;1736;0.0;51;Mato Grosso;9737;2020;4;Homens;1144;20 a 24 anos;9737
Indicador  3.9.2;1736;0.0;51;Mato Grosso;9737;2020;4;Homens;1145;25 a 29 anos;9737
Indicador  3.9.2;1736;0.0;51;Mato Grosso;9737;2020;4;Homens;1146;30 a 34 anos;9737
Indicador  3.9.2;1736;0.7;51;Mato Grosso;9737;2020;4;Homens;1147;35 a 39 anos;9737
Indicador  3.9.2;1736;2.2;51;Mato Grosso;9737;2020;4;Homens;1148;40 a 44 anos;9737
Indicador  3.9.2;1736;1.7;51;Mato Grosso;9737;2020;4;Homens;1149;45 a 49 anos;9737
Indicador  3.9.2;1736;1.9;51;Mato Grosso;9737;2020;4;Homens;1150;50 a 54 anos;9737
Indicador  3.9.2;1736;2.3;51;Mato Grosso;9737;2020;4;Homens;1151;55 a 59 anos;9737
Indicador  3.9.2;1736;30.1;51;Mato Grosso;9737;2020;4;Homens;3302;60 anos ou mais;9737
Indicador  3.9.2;1736;4.1;51;Mato Grosso;9737;2020;5;Mulheres;95253;Total;9737
Indicador  3.9.2;1736;8.7;51;Mato Grosso;9737;2020;5;Mulheres;1140;0 a 4 anos;9737
Indicador  3.9.2;1736;1.5;51;Mato Grosso;9737;2020;5;Mulheres;1141;5 a 9 anos;9737
Indicador  3.9.2;1736;0.0;51;Mato Grosso;9737;2020;5;Mulheres;1142;10 a 14 anos;9737
Indicador  3.9.2;1736;0.8;51;Mato Grosso;9737;2020;5;Mulheres;1143;15 a 19 anos;9737
Indicador  3.9.2;1736;0.0;51;Mato Grosso;9737;2020;5;Mulheres;1144;20 a 24 anos;9737
Indicador  3.9.2;1736;0.0;51;Mato Grosso;9737;2020;5;Mulheres;1145;25 a 29 anos;9737
Indicador  3.9.2;1736;0.0;51;Mato Grosso;9737;2020;5;Mulheres;1146;30 a 34 anos;9737
Indicador  3.9.2;1736;0.7;51;Mato Grosso;9737;2020;5;Mulheres;1147;35 a 39 anos;9737
Indicador  3.9.2;1736;0.0;51;Mato Grosso;9737;2020;5;Mulheres;1148;40 a 44 anos;9737
Indicador  3.9.2;1736;0.9;51;Mato Grosso;9737;2020;5;Mulheres;1149;45 a 49 anos;9737
Indicador  3.9.2;1736;1.0;51;Mato Grosso;9737;2020;5;Mulheres;1150;50 a 54 anos;9737
Indicador  3.9.2;1736;3.5;51;Mato Grosso;9737;2020;5;Mulheres;1151;55 a 59 anos;9737
Indicador  3.9.2;1736;25.8;51;Mato Grosso;9737;2020;5;Mulheres;3302;60 anos ou mais;9737
Indicador  3.9.2;1736;4.4;51;Mato Grosso;9737;2021;6794;Total;95253;Total;9737
Indicador  3.9.2;1736;9.5;51;Mato Grosso;9737;2021;6794;Total;1140;0 a 4 anos;9737
Indicador  3.9.2;1736;0.4;51;Mato Grosso;9737;2021;6794;Total;1141;5 a 9 anos;9737
Indicador  3.9.2;1736;0.4;51;Mato Grosso;9737;2021;6794;Total;1142;10 a 14 anos;9737
Indicador  3.9.2;1736;0.4;51;Mato Grosso;9737;2021;6794;Total;1143;15 a 19 anos;9737
Indicador  3.9.2;1736;0.4;51;Mato Grosso;9737;2021;6794;Total;1144;20 a 24 anos;9737
Indicador  3.9.2;1736;0.0;51;Mato Grosso;9737;2021;6794;Total;1145;25 a 29 anos;9737
Indicador  3.9.2;1736;0.7;51;Mato Grosso;9737;2021;6794;Total;1146;30 a 34 anos;9737
Indicador  3.9.2;1736;0.7;51;Mato Grosso;9737;2021;6794;Total;1147;35 a 39 anos;9737
Indicador  3.9.2;1736;0.4;51;Mato Grosso;9737;2021;6794;Total;1148;40 a 44 anos;9737
Indicador  3.9.2;1736;2.5;51;Mato Grosso;9737;2021;6794;Total;1149;45 a 49 anos;9737
Indicador  3.9.2;1736;1.9;51;Mato Grosso;9737;2021;6794;Total;1150;50 a 54 anos;9737
Indicador  3.9.2;1736;0.6;51;Mato Grosso;9737;2021;6794;Total;1151;55 a 59 anos;9737
Indicador  3.9.2;1736;26.9;51;Mato Grosso;9737;2021;6794;Total;3302;60 anos ou mais;9737
Indicador  3.9.2;1736;4.9;51;Mato Grosso;9737;2021;4;Homens;95253;Total;9737
Indicador  3.9.2;1736;10.3;51;Mato Grosso;9737;2021;4;Homens;1140;0 a 4 anos;9737
Indicador  3.9.2;1736;0.7;51;Mato Grosso;9737;2021;4;Homens;1141;5 a 9 anos;9737
Indicador  3.9.2;1736;0.0;51;Mato Grosso;9737;2021;4;Homens;1142;10 a 14 anos;9737
Indicador  3.9.2;1736;0.7;51;Mato Grosso;9737;2021;4;Homens;1143;15 a 19 anos;9737
Indicador  3.9.2;1736;0.0;51;Mato Grosso;9737;2021;4;Homens;1144;20 a 24 anos;9737
Indicador  3.9.2;1736;0.0;51;Mato Grosso;9737;2021;4;Homens;1145;25 a 29 anos;9737
Indicador  3.9.2;1736;0.7;51;Mato Grosso;9737;2021;4;Homens;1146;30 a 34 anos;9737
Indicador  3.9.2;1736;0.7;51;Mato Grosso;9737;2021;4;Homens;1147;35 a 39 anos;9737
Indicador  3.9.2;1736;0.0;51;Mato Grosso;9737;2021;4;Homens;1148;40 a 44 anos;9737
Indicador  3.9.2;1736;3.4;51;Mato Grosso;9737;2021;4;Homens;1149;45 a 49 anos;9737
Indicador  3.9.2;1736;2.8;51;Mato Grosso;9737;2021;4;Homens;1150;50 a 54 anos;9737
Indicador  3.9.2;1736;1.1;51;Mato Grosso;9737;2021;4;Homens;1151;55 a 59 anos;9737
Indicador  3.9.2;1736;29.8;51;Mato Grosso;9737;2021;4;Homens;3302;60 anos ou mais;9737
Indicador  3.9.2;1736;4.0;51;Mato Grosso;9737;2021;5;Mulheres;95253;Total;9737
Indicador  3.9.2;1736;8.6;51;Mato Grosso;9737;2021;5;Mulheres;1140;0 a 4 anos;9737
Indicador  3.9.2;1736;0.0;51;Mato Grosso;9737;2021;5;Mulheres;1141;5 a 9 anos;9737
Indicador  3.9.2;1736;0.8;51;Mato Grosso;9737;2021;5;Mulheres;1142;10 a 14 anos;9737
Indicador  3.9.2;1736;0.0;51;Mato Grosso;9737;2021;5;Mulheres;1143;15 a 19 anos;9737
Indicador  3.9.2;1736;0.7;51;Mato Grosso;9737;2021;5;Mulheres;1144;20 a 24 anos;9737
Indicador  3.9.2;1736;0.0;51;Mato Grosso;9737;2021;5;Mulheres;1145;25 a 29 anos;9737
Indicador  3.9.2;1736;0.7;51;Mato Grosso;9737;2021;5;Mulheres;1146;30 a 34 anos;9737
Indicador  3.9.2;1736;0.7;51;Mato Grosso;9737;2021;5;Mulheres;1147;35 a 39 anos;9737
Indicador  3.9.2;1736;0.7;51;Mato Grosso;9737;2021;5;Mulheres;1148;40 a 44 anos;9737
Indicador  3.9.2;1736;1.7;51;Mato Grosso;9737;2021;5;Mulheres;1149;45 a 49 anos;9737
Indicador  3.9.2;1736;1.0;51;Mato Grosso;9737;2021;5;Mulheres;1150;50 a 54 anos;9737
Indicador  3.9.2;1736;0.0;51;Mato Grosso;9737;2021;5;Mulheres;1151;55 a 59 anos;9737
Indicador  3.9.2;1736;24.0;51;Mato Grosso;9737;2021;5;Mulheres;3302;60 anos ou mais;9737
Indicador  3.9.2;1736;4.6;51;Mato Grosso;9737;2022;6794;Total;95253;Total;9737
Indicador  3.9.2;1736;13.0;51;Mato Grosso;9737;2022;6794;Total;1140;0 a 4 anos;9737
Indicador  3.9.2;1736;0.4;51;Mato Grosso;9737;2022;6794;Total;1141;5 a 9 anos;9737
Indicador  3.9.2;1736;0.4;51;Mato Grosso;9737;2022;6794;Total;1142;10 a 14 anos;9737
Indicador  3.9.2;1736;0.4;51;Mato Grosso;9737;2022;6794;Total;1143;15 a 19 anos;9737
Indicador  3.9.2;1736;0.0;51;Mato Grosso;9737;2022;6794;Total;1144;20 a 24 anos;9737
Indicador  3.9.2;1736;0.3;51;Mato Grosso;9737;2022;6794;Total;1145;25 a 29 anos;9737
Indicador  3.9.2;1736;0.3;51;Mato Grosso;9737;2022;6794;Total;1146;30 a 34 anos;9737
Indicador  3.9.2;1736;0.0;51;Mato Grosso;9737;2022;6794;Total;1147;35 a 39 anos;9737
Indicador  3.9.2;1736;1.5;51;Mato Grosso;9737;2022;6794;Total;1148;40 a 44 anos;9737
Indicador  3.9.2;1736;1.6;51;Mato Grosso;9737;2022;6794;Total;1149;45 a 49 anos;9737
Indicador  3.9.2;1736;0.9;51;Mato Grosso;9737;2022;6794;Total;1150;50 a 54 anos;9737
Indicador  3.9.2;1736;3.2;51;Mato Grosso;9737;2022;6794;Total;1151;55 a 59 anos;9737
Indicador  3.9.2;1736;24.5;51;Mato Grosso;9737;2022;6794;Total;3302;60 anos ou mais;9737
Indicador  3.9.2;1736;5.4;51;Mato Grosso;9737;2022;4;Homens;95253;Total;9737
Indicador  3.9.2;1736;15.1;51;Mato Grosso;9737;2022;4;Homens;1140;0 a 4 anos;9737
Indicador  3.9.2;1736;0.7;51;Mato Grosso;9737;2022;4;Homens;1141;5 a 9 anos;9737
Indicador  3.9.2;1736;0.0;51;Mato Grosso;9737;2022;4;Homens;1142;10 a 14 anos;9737
Indicador  3.9.2;1736;0.7;51;Mato Grosso;9737;2022;4;Homens;1143;15 a 19 anos;9737
Indicador  3.9.2;1736;0.0;51;Mato Grosso;9737;2022;4;Homens;1144;20 a 24 anos;9737
Indicador  3.9.2;1736;0.7;51;Mato Grosso;9737;2022;4;Homens;1145;25 a 29 anos;9737
Indicador  3.9.2;1736;0.7;51;Mato Grosso;9737;2022;4;Homens;1146;30 a 34 anos;9737
Indicador  3.9.2;1736;0.0;51;Mato Grosso;9737;2022;4;Homens;1147;35 a 39 anos;9737
Indicador  3.9.2;1736;0.7;51;Mato Grosso;9737;2022;4;Homens;1148;40 a 44 anos;9737
Indicador  3.9.2;1736;3.3;51;Mato Grosso;9737;2022;4;Homens;1149;45 a 49 anos;9737
Indicador  3.9.2;1736;1.9;51;Mato Grosso;9737;2022;4;Homens;1150;50 a 54 anos;9737
Indicador  3.9.2;1736;4.3;51;Mato Grosso;9737;2022;4;Homens;1151;55 a 59 anos;9737
Indicador  3.9.2;1736;28.5;51;Mato Grosso;9737;2022;4;Homens;3302;60 anos ou mais;9737
Indicador  3.9.2;1736;3.7;51;Mato Grosso;9737;2022;5;Mulheres;95253;Total;9737
Indicador  3.9.2;1736;10.8;51;Mato Grosso;9737;2022;5;Mulheres;1140;0 a 4 anos;9737
Indicador  3.9.2;1736;0.0;51;Mato Grosso;9737;2022;5;Mulheres;1141;5 a 9 anos;9737
Indicador  3.9.2;1736;0.8;51;Mato Grosso;9737;2022;5;Mulheres;1142;10 a 14 anos;9737
Indicador  3.9.2;1736;0.0;51;Mato Grosso;9737;2022;5;Mulheres;1143;15 a 19 anos;9737
Indicador  3.9.2;1736;0.0;51;Mato Grosso;9737;2022;5;Mulheres;1144;20 a 24 anos;9737
Indicador  3.9.2;1736;0.0;51;Mato Grosso;9737;2022;5;Mulheres;1145;25 a 29 anos;9737
Indicador  3.9.2;1736;0.0;51;Mato Grosso;9737;2022;5;Mulheres;1146;30 a 34 anos;9737
Indicador  3.9.2;1736;0.0;51;Mato Grosso;9737;2022;5;Mulheres;1147;35 a 39 anos;9737
Indicador  3.9.2;1736;2.2;51;Mato Grosso;9737;2022;5;Mulheres;1148;40 a 44 anos;9737
Indicador  3.9.2;1736;0.0;51;Mato Grosso;9737;2022;5;Mulheres;1149;45 a 49 anos;9737
Indicador  3.9.2;1736;0.0;51;Mato Grosso;9737;2022;5;Mulheres;1150;50 a 54 anos;9737
Indicador  3.9.2;1736;2.2;51;Mato Grosso;9737;2022;5;Mulheres;1151;55 a 59 anos;9737
Indicador  3.9.2;1736;20.5;51;Mato Grosso;9737;2022;5;Mulheres;3302;60 anos ou mais;9737
Indicador  3.9.2;1736;3.3;52;Goiás;9737;2018;6794;Total;95253;Total;9737
Indicador  3.9.2;1736;4.7;52;Goiás;9737;2018;6794;Total;1140;0 a 4 anos;9737
Indicador  3.9.2;1736;0.2;52;Goiás;9737;2018;6794;Total;1141;5 a 9 anos;9737
Indicador  3.9.2;1736;0.4;52;Goiás;9737;2018;6794;Total;1142;10 a 14 anos;9737
Indicador  3.9.2;1736;0.4;52;Goiás;9737;2018;6794;Total;1143;15 a 19 anos;9737
Indicador  3.9.2;1736;0.2;52;Goiás;9737;2018;6794;Total;1144;20 a 24 anos;9737
Indicador  3.9.2;1736;0.2;52;Goiás;9737;2018;6794;Total;1145;25 a 29 anos;9737
Indicador  3.9.2;1736;0.0;52;Goiás;9737;2018;6794;Total;1146;30 a 34 anos;9737
Indicador  3.9.2;1736;0.5;52;Goiás;9737;2018;6794;Total;1147;35 a 39 anos;9737
Indicador  3.9.2;1736;0.6;52;Goiás;9737;2018;6794;Total;1148;40 a 44 anos;9737
Indicador  3.9.2;1736;0.4;52;Goiás;9737;2018;6794;Total;1149;45 a 49 anos;9737
Indicador  3.9.2;1736;2.0;52;Goiás;9737;2018;6794;Total;1150;50 a 54 anos;9737
Indicador  3.9.2;1736;1.2;52;Goiás;9737;2018;6794;Total;1151;55 a 59 anos;9737
Indicador  3.9.2;1736;22.5;52;Goiás;9737;2018;6794;Total;3302;60 anos ou mais;9737
Indicador  3.9.2;1736;3.4;52;Goiás;9737;2018;4;Homens;95253;Total;9737
Indicador  3.9.2;1736;6.5;52;Goiás;9737;2018;4;Homens;1140;0 a 4 anos;9737
Indicador  3.9.2;1736;0.4;52;Goiás;9737;2018;4;Homens;1141;5 a 9 anos;9737
Indicador  3.9.2;1736;0.4;52;Goiás;9737;2018;4;Homens;1142;10 a 14 anos;9737
Indicador  3.9.2;1736;0.4;52;Goiás;9737;2018;4;Homens;1143;15 a 19 anos;9737
Indicador  3.9.2;1736;0.3;52;Goiás;9737;2018;4;Homens;1144;20 a 24 anos;9737
Indicador  3.9.2;1736;0.0;52;Goiás;9737;2018;4;Homens;1145;25 a 29 anos;9737
Indicador  3.9.2;1736;0.0;52;Goiás;9737;2018;4;Homens;1146;30 a 34 anos;9737
Indicador  3.9.2;1736;0.0;52;Goiás;9737;2018;4;Homens;1147;35 a 39 anos;9737
Indicador  3.9.2;1736;0.8;52;Goiás;9737;2018;4;Homens;1148;40 a 44 anos;9737
Indicador  3.9.2;1736;0.9;52;Goiás;9737;2018;4;Homens;1149;45 a 49 anos;9737
Indicador  3.9.2;1736;1.5;52;Goiás;9737;2018;4;Homens;1150;50 a 54 anos;9737
Indicador  3.9.2;1736;1.8;52;Goiás;9737;2018;4;Homens;1151;55 a 59 anos;9737
Indicador  3.9.2;1736;23.0;52;Goiás;9737;2018;4;Homens;3302;60 anos ou mais;9737
Indicador  3.9.2;1736;3.3;52;Goiás;9737;2018;5;Mulheres;95253;Total;9737
Indicador  3.9.2;1736;2.8;52;Goiás;9737;2018;5;Mulheres;1140;0 a 4 anos;9737
Indicador  3.9.2;1736;0.0;52;Goiás;9737;2018;5;Mulheres;1141;5 a 9 anos;9737
Indicador  3.9.2;1736;0.4;52;Goiás;9737;2018;5;Mulheres;1142;10 a 14 anos;9737
Indicador  3.9.2;1736;0.4;52;Goiás;9737;2018;5;Mulheres;1143;15 a 19 anos;9737
Indicador  3.9.2;1736;0.0;52;Goiás;9737;2018;5;Mulheres;1144;20 a 24 anos;9737
Indicador  3.9.2;1736;0.3;52;Goiás;9737;2018;5;Mulheres;1145;25 a 29 anos;9737
Indicador  3.9.2;1736;0.0;52;Goiás;9737;2018;5;Mulheres;1146;30 a 34 anos;9737
Indicador  3.9.2;1736;1.0;52;Goiás;9737;2018;5;Mulheres;1147;35 a 39 anos;9737
Indicador  3.9.2;1736;0.4;52;Goiás;9737;2018;5;Mulheres;1148;40 a 44 anos;9737
Indicador  3.9.2;1736;0.0;52;Goiás;9737;2018;5;Mulheres;1149;45 a 49 anos;9737
Indicador  3.9.2;1736;2.4;52;Goiás;9737;2018;5;Mulheres;1150;50 a 54 anos;9737
Indicador  3.9.2;1736;0.6;52;Goiás;9737;2018;5;Mulheres;1151;55 a 59 anos;9737
Indicador  3.9.2;1736;22.0;52;Goiás;9737;2018;5;Mulheres;3302;60 anos ou mais;9737
Indicador  3.9.2;1736;3.9;52;Goiás;9737;2019;6794;Total;95253;Total;9737
Indicador  3.9.2;1736;4.3;52;Goiás;9737;2019;6794;Total;1140;0 a 4 anos;9737
Indicador  3.9.2;1736;0.4;52;Goiás;9737;2019;6794;Total;1141;5 a 9 anos;9737
Indicador  3.9.2;1736;0.2;52;Goiás;9737;2019;6794;Total;1142;10 a 14 anos;9737
Indicador  3.9.2;1736;0.4;52;Goiás;9737;2019;6794;Total;1143;15 a 19 anos;9737
Indicador  3.9.2;1736;0.2;52;Goiás;9737;2019;6794;Total;1144;20 a 24 anos;9737
Indicador  3.9.2;1736;0.2;52;Goiás;9737;2019;6794;Total;1145;25 a 29 anos;9737
Indicador  3.9.2;1736;0.2;52;Goiás;9737;2019;6794;Total;1146;30 a 34 anos;9737
Indicador  3.9.2;1736;0.3;52;Goiás;9737;2019;6794;Total;1147;35 a 39 anos;9737
Indicador  3.9.2;1736;1.3;52;Goiás;9737;2019;6794;Total;1148;40 a 44 anos;9737
Indicador  3.9.2;1736;1.5;52;Goiás;9737;2019;6794;Total;1149;45 a 49 anos;9737
Indicador  3.9.2;1736;0.2;52;Goiás;9737;2019;6794;Total;1150;50 a 54 anos;9737
Indicador  3.9.2;1736;2.6;52;Goiás;9737;2019;6794;Total;1151;55 a 59 anos;9737
Indicador  3.9.2;1736;25.7;52;Goiás;9737;2019;6794;Total;3302;60 anos ou mais;9737
Indicador  3.9.2;1736;4.0;52;Goiás;9737;2019;4;Homens;95253;Total;9737
Indicador  3.9.2;1736;5.3;52;Goiás;9737;2019;4;Homens;1140;0 a 4 anos;9737
Indicador  3.9.2;1736;0.0;52;Goiás;9737;2019;4;Homens;1141;5 a 9 anos;9737
Indicador  3.9.2;1736;0.4;52;Goiás;9737;2019;4;Homens;1142;10 a 14 anos;9737
Indicador  3.9.2;1736;0.4;52;Goiás;9737;2019;4;Homens;1143;15 a 19 anos;9737
Indicador  3.9.2;1736;0.3;52;Goiás;9737;2019;4;Homens;1144;20 a 24 anos;9737
Indicador  3.9.2;1736;0.3;52;Goiás;9737;2019;4;Homens;1145;25 a 29 anos;9737
Indicador  3.9.2;1736;0.0;52;Goiás;9737;2019;4;Homens;1146;30 a 34 anos;9737
Indicador  3.9.2;1736;0.3;52;Goiás;9737;2019;4;Homens;1147;35 a 39 anos;9737
Indicador  3.9.2;1736;1.1;52;Goiás;9737;2019;4;Homens;1148;40 a 44 anos;9737
Indicador  3.9.2;1736;2.2;52;Goiás;9737;2019;4;Homens;1149;45 a 49 anos;9737
Indicador  3.9.2;1736;0.5;52;Goiás;9737;2019;4;Homens;1150;50 a 54 anos;9737
Indicador  3.9.2;1736;4.2;52;Goiás;9737;2019;4;Homens;1151;55 a 59 anos;9737
Indicador  3.9.2;1736;26.5;52;Goiás;9737;2019;4;Homens;3302;60 anos ou mais;9737
Indicador  3.9.2;1736;3.8;52;Goiás;9737;2019;5;Mulheres;95253;Total;9737
Indicador  3.9.2;1736;3.2;52;Goiás;9737;2019;5;Mulheres;1140;0 a 4 anos;9737
Indicador  3.9.2;1736;0.8;52;Goiás;9737;2019;5;Mulheres;1141;5 a 9 anos;9737
Indicador  3.9.2;1736;0.0;52;Goiás;9737;2019;5;Mulheres;1142;10 a 14 anos;9737
Indicador  3.9.2;1736;0.4;52;Goiás;9737;2019;5;Mulheres;1143;15 a 19 anos;9737
Indicador  3.9.2;1736;0.0;52;Goiás;9737;2019;5;Mulheres;1144;20 a 24 anos;9737
Indicador  3.9.2;1736;0.0;52;Goiás;9737;2019;5;Mulheres;1145;25 a 29 anos;9737
Indicador  3.9.2;1736;0.3;52;Goiás;9737;2019;5;Mulheres;1146;30 a 34 anos;9737
Indicador  3.9.2;1736;0.3;52;Goiás;9737;2019;5;Mulheres;1147;35 a 39 anos;9737
Indicador  3.9.2;1736;1.5;52;Goiás;9737;2019;5;Mulheres;1148;40 a 44 anos;9737
Indicador  3.9.2;1736;0.8;52;Goiás;9737;2019;5;Mulheres;1149;45 a 49 anos;9737
Indicador  3.9.2;1736;0.0;52;Goiás;9737;2019;5;Mulheres;1150;50 a 54 anos;9737
Indicador  3.9.2;1736;1.1;52;Goiás;9737;2019;5;Mulheres;1151;55 a 59 anos;9737
Indicador  3.9.2;1736;25.0;52;Goiás;9737;2019;5;Mulheres;3302;60 anos ou mais;9737
Indicador  3.9.2;1736;3.2;52;Goiás;9737;2020;6794;Total;95253;Total;9737
Indicador  3.9.2;1736;1.7;52;Goiás;9737;2020;6794;Total;1140;0 a 4 anos;9737
Indicador  3.9.2;1736;0.2;52;Goiás;9737;2020;6794;Total;1141;5 a 9 anos;9737
Indicador  3.9.2;1736;0.4;52;Goiás;9737;2020;6794;Total;1142;10 a 14 anos;9737
Indicador  3.9.2;1736;0.8;52;Goiás;9737;2020;6794;Total;1143;15 a 19 anos;9737
Indicador  3.9.2;1736;0.3;52;Goiás;9737;2020;6794;Total;1144;20 a 24 anos;9737
Indicador  3.9.2;1736;0.3;52;Goiás;9737;2020;6794;Total;1145;25 a 29 anos;9737
Indicador  3.9.2;1736;0.2;52;Goiás;9737;2020;6794;Total;1146;30 a 34 anos;9737
Indicador  3.9.2;1736;0.7;52;Goiás;9737;2020;6794;Total;1147;35 a 39 anos;9737
Indicador  3.9.2;1736;0.2;52;Goiás;9737;2020;6794;Total;1148;40 a 44 anos;9737
Indicador  3.9.2;1736;0.6;52;Goiás;9737;2020;6794;Total;1149;45 a 49 anos;9737
Indicador  3.9.2;1736;1.2;52;Goiás;9737;2020;6794;Total;1150;50 a 54 anos;9737
Indicador  3.9.2;1736;2.8;52;Goiás;9737;2020;6794;Total;1151;55 a 59 anos;9737
Indicador  3.9.2;1736;20.6;52;Goiás;9737;2020;6794;Total;3302;60 anos ou mais;9737
Indicador  3.9.2;1736;2.8;52;Goiás;9737;2020;4;Homens;95253;Total;9737
Indicador  3.9.2;1736;1.9;52;Goiás;9737;2020;4;Homens;1140;0 a 4 anos;9737
Indicador  3.9.2;1736;0.0;52;Goiás;9737;2020;4;Homens;1141;5 a 9 anos;9737
Indicador  3.9.2;1736;0.0;52;Goiás;9737;2020;4;Homens;1142;10 a 14 anos;9737
Indicador  3.9.2;1736;0.4;52;Goiás;9737;2020;4;Homens;1143;15 a 19 anos;9737
Indicador  3.9.2;1736;0.7;52;Goiás;9737;2020;4;Homens;1144;20 a 24 anos;9737
Indicador  3.9.2;1736;0.3;52;Goiás;9737;2020;4;Homens;1145;25 a 29 anos;9737
Indicador  3.9.2;1736;0.0;52;Goiás;9737;2020;4;Homens;1146;30 a 34 anos;9737
Indicador  3.9.2;1736;1.0;52;Goiás;9737;2020;4;Homens;1147;35 a 39 anos;9737
Indicador  3.9.2;1736;0.0;52;Goiás;9737;2020;4;Homens;1148;40 a 44 anos;9737
Indicador  3.9.2;1736;1.3;52;Goiás;9737;2020;4;Homens;1149;45 a 49 anos;9737
Indicador  3.9.2;1736;0.5;52;Goiás;9737;2020;4;Homens;1150;50 a 54 anos;9737
Indicador  3.9.2;1736;1.7;52;Goiás;9737;2020;4;Homens;1151;55 a 59 anos;9737
Indicador  3.9.2;1736;20.0;52;Goiás;9737;2020;4;Homens;3302;60 anos ou mais;9737
Indicador  3.9.2;1736;3.5;52;Goiás;9737;2020;5;Mulheres;95253;Total;9737
Indicador  3.9.2;1736;1.6;52;Goiás;9737;2020;5;Mulheres;1140;0 a 4 anos;9737
Indicador  3.9.2;1736;0.4;52;Goiás;9737;2020;5;Mulheres;1141;5 a 9 anos;9737
Indicador  3.9.2;1736;0.8;52;Goiás;9737;2020;5;Mulheres;1142;10 a 14 anos;9737
Indicador  3.9.2;1736;1.2;52;Goiás;9737;2020;5;Mulheres;1143;15 a 19 anos;9737
Indicador  3.9.2;1736;0.0;52;Goiás;9737;2020;5;Mulheres;1144;20 a 24 anos;9737
Indicador  3.9.2;1736;0.3;52;Goiás;9737;2020;5;Mulheres;1145;25 a 29 anos;9737
Indicador  3.9.2;1736;0.3;52;Goiás;9737;2020;5;Mulheres;1146;30 a 34 anos;9737
Indicador  3.9.2;1736;0.3;52;Goiás;9737;2020;5;Mulheres;1147;35 a 39 anos;9737
Indicador  3.9.2;1736;0.4;52;Goiás;9737;2020;5;Mulheres;1148;40 a 44 anos;9737
Indicador  3.9.2;1736;0.0;52;Goiás;9737;2020;5;Mulheres;1149;45 a 49 anos;9737
Indicador  3.9.2;1736;1.8;52;Goiás;9737;2020;5;Mulheres;1150;50 a 54 anos;9737
Indicador  3.9.2;1736;3.7;52;Goiás;9737;2020;5;Mulheres;1151;55 a 59 anos;9737
Indicador  3.9.2;1736;21.1;52;Goiás;9737;2020;5;Mulheres;3302;60 anos ou mais;9737
Indicador  3.9.2;1736;3.1;52;Goiás;9737;2021;6794;Total;95253;Total;9737
Indicador  3.9.2;1736;4.1;52;Goiás;9737;2021;6794;Total;1140;0 a 4 anos;9737
Indicador  3.9.2;1736;0.4;52;Goiás;9737;2021;6794;Total;1141;5 a 9 anos;9737
Indicador  3.9.2;1736;0.0;52;Goiás;9737;2021;6794;Total;1142;10 a 14 anos;9737
Indicador  3.9.2;1736;0.2;52;Goiás;9737;2021;6794;Total;1143;15 a 19 anos;9737
Indicador  3.9.2;1736;0.0;52;Goiás;9737;2021;6794;Total;1144;20 a 24 anos;9737
Indicador  3.9.2;1736;0.2;52;Goiás;9737;2021;6794;Total;1145;25 a 29 anos;9737
Indicador  3.9.2;1736;0.7;52;Goiás;9737;2021;6794;Total;1146;30 a 34 anos;9737
Indicador  3.9.2;1736;0.7;52;Goiás;9737;2021;6794;Total;1147;35 a 39 anos;9737
Indicador  3.9.2;1736;0.4;52;Goiás;9737;2021;6794;Total;1148;40 a 44 anos;9737
Indicador  3.9.2;1736;2.0;52;Goiás;9737;2021;6794;Total;1149;45 a 49 anos;9737
Indicador  3.9.2;1736;1.8;52;Goiás;9737;2021;6794;Total;1150;50 a 54 anos;9737
Indicador  3.9.2;1736;2.9;52;Goiás;9737;2021;6794;Total;1151;55 a 59 anos;9737
Indicador  3.9.2;1736;17.2;52;Goiás;9737;2021;6794;Total;3302;60 anos ou mais;9737
Indicador  3.9.2;1736;3.2;52;Goiás;9737;2021;4;Homens;95253;Total;9737
Indicador  3.9.2;1736;3.8;52;Goiás;9737;2021;4;Homens;1140;0 a 4 anos;9737
Indicador  3.9.2;1736;0.4;52;Goiás;9737;2021;4;Homens;1141;5 a 9 anos;9737
Indicador  3.9.2;1736;0.0;52;Goiás;9737;2021;4;Homens;1142;10 a 14 anos;9737
Indicador  3.9.2;1736;0.4;52;Goiás;9737;2021;4;Homens;1143;15 a 19 anos;9737
Indicador  3.9.2;1736;0.0;52;Goiás;9737;2021;4;Homens;1144;20 a 24 anos;9737
Indicador  3.9.2;1736;0.3;52;Goiás;9737;2021;4;Homens;1145;25 a 29 anos;9737
Indicador  3.9.2;1736;1.0;52;Goiás;9737;2021;4;Homens;1146;30 a 34 anos;9737
Indicador  3.9.2;1736;0.7;52;Goiás;9737;2021;4;Homens;1147;35 a 39 anos;9737
Indicador  3.9.2;1736;0.4;52;Goiás;9737;2021;4;Homens;1148;40 a 44 anos;9737
Indicador  3.9.2;1736;2.5;52;Goiás;9737;2021;4;Homens;1149;45 a 49 anos;9737
Indicador  3.9.2;1736;1.4;52;Goiás;9737;2021;4;Homens;1150;50 a 54 anos;9737
Indicador  3.9.2;1736;4.5;52;Goiás;9737;2021;4;Homens;1151;55 a 59 anos;9737
Indicador  3.9.2;1736;18.8;52;Goiás;9737;2021;4;Homens;3302;60 anos ou mais;9737
Indicador  3.9.2;1736;2.9;52;Goiás;9737;2021;5;Mulheres;95253;Total;9737
Indicador  3.9.2;1736;4.4;52;Goiás;9737;2021;5;Mulheres;1140;0 a 4 anos;9737
Indicador  3.9.2;1736;0.4;52;Goiás;9737;2021;5;Mulheres;1141;5 a 9 anos;9737
Indicador  3.9.2;1736;0.0;52;Goiás;9737;2021;5;Mulheres;1142;10 a 14 anos;9737
Indicador  3.9.2;1736;0.0;52;Goiás;9737;2021;5;Mulheres;1143;15 a 19 anos;9737
Indicador  3.9.2;1736;0.0;52;Goiás;9737;2021;5;Mulheres;1144;20 a 24 anos;9737
Indicador  3.9.2;1736;0.0;52;Goiás;9737;2021;5;Mulheres;1145;25 a 29 anos;9737
Indicador  3.9.2;1736;0.3;52;Goiás;9737;2021;5;Mulheres;1146;30 a 34 anos;9737
Indicador  3.9.2;1736;0.7;52;Goiás;9737;2021;5;Mulheres;1147;35 a 39 anos;9737
Indicador  3.9.2;1736;0.4;52;Goiás;9737;2021;5;Mulheres;1148;40 a 44 anos;9737
Indicador  3.9.2;1736;1.6;52;Goiás;9737;2021;5;Mulheres;1149;45 a 49 anos;9737
Indicador  3.9.2;1736;2.2;52;Goiás;9737;2021;5;Mulheres;1150;50 a 54 anos;9737
Indicador  3.9.2;1736;1.5;52;Goiás;9737;2021;5;Mulheres;1151;55 a 59 anos;9737
Indicador  3.9.2;1736;15.9;52;Goiás;9737;2021;5;Mulheres;3302;60 anos ou mais;9737
Indicador  3.9.2;1736;2.9;52;Goiás;9737;2022;6794;Total;95253;Total;9737
Indicador  3.9.2;1736;4.4;52;Goiás;9737;2022;6794;Total;1140;0 a 4 anos;9737
Indicador  3.9.2;1736;0.0;52;Goiás;9737;2022;6794;Total;1141;5 a 9 anos;9737
Indicador  3.9.2;1736;0.0;52;Goiás;9737;2022;6794;Total;1142;10 a 14 anos;9737
Indicador  3.9.2;1736;0.0;52;Goiás;9737;2022;6794;Total;1143;15 a 19 anos;9737
Indicador  3.9.2;1736;0.2;52;Goiás;9737;2022;6794;Total;1144;20 a 24 anos;9737
Indicador  3.9.2;1736;0.0;52;Goiás;9737;2022;6794;Total;1145;25 a 29 anos;9737
Indicador  3.9.2;1736;0.5;52;Goiás;9737;2022;6794;Total;1146;30 a 34 anos;9737
Indicador  3.9.2;1736;1.2;52;Goiás;9737;2022;6794;Total;1147;35 a 39 anos;9737
Indicador  3.9.2;1736;0.9;52;Goiás;9737;2022;6794;Total;1148;40 a 44 anos;9737
Indicador  3.9.2;1736;1.2;52;Goiás;9737;2022;6794;Total;1149;45 a 49 anos;9737
Indicador  3.9.2;1736;0.9;52;Goiás;9737;2022;6794;Total;1150;50 a 54 anos;9737
Indicador  3.9.2;1736;1.0;52;Goiás;9737;2022;6794;Total;1151;55 a 59 anos;9737
Indicador  3.9.2;1736;17.1;52;Goiás;9737;2022;6794;Total;3302;60 anos ou mais;9737
Indicador  3.9.2;1736;2.6;52;Goiás;9737;2022;4;Homens;95253;Total;9737
Indicador  3.9.2;1736;5.3;52;Goiás;9737;2022;4;Homens;1140;0 a 4 anos;9737
Indicador  3.9.2;1736;0.0;52;Goiás;9737;2022;4;Homens;1141;5 a 9 anos;9737
Indicador  3.9.2;1736;0.0;52;Goiás;9737;2022;4;Homens;1142;10 a 14 anos;9737
Indicador  3.9.2;1736;0.0;52;Goiás;9737;2022;4;Homens;1143;15 a 19 anos;9737
Indicador  3.9.2;1736;0.4;52;Goiás;9737;2022;4;Homens;1144;20 a 24 anos;9737
Indicador  3.9.2;1736;0.0;52;Goiás;9737;2022;4;Homens;1145;25 a 29 anos;9737
Indicador  3.9.2;1736;0.3;52;Goiás;9737;2022;4;Homens;1146;30 a 34 anos;9737
Indicador  3.9.2;1736;1.0;52;Goiás;9737;2022;4;Homens;1147;35 a 39 anos;9737
Indicador  3.9.2;1736;1.1;52;Goiás;9737;2022;4;Homens;1148;40 a 44 anos;9737
Indicador  3.9.2;1736;0.4;52;Goiás;9737;2022;4;Homens;1149;45 a 49 anos;9737
Indicador  3.9.2;1736;0.5;52;Goiás;9737;2022;4;Homens;1150;50 a 54 anos;9737
Indicador  3.9.2;1736;1.6;52;Goiás;9737;2022;4;Homens;1151;55 a 59 anos;9737
Indicador  3.9.2;1736;15.1;52;Goiás;9737;2022;4;Homens;3302;60 anos ou mais;9737
Indicador  3.9.2;1736;3.3;52;Goiás;9737;2022;5;Mulheres;95253;Total;9737
Indicador  3.9.2;1736;3.6;52;Goiás;9737;2022;5;Mulheres;1140;0 a 4 anos;9737
Indicador  3.9.2;1736;0.0;52;Goiás;9737;2022;5;Mulheres;1141;5 a 9 anos;9737
Indicador  3.9.2;1736;0.0;52;Goiás;9737;2022;5;Mulheres;1142;10 a 14 anos;9737
Indicador  3.9.2;1736;0.0;52;Goiás;9737;2022;5;Mulheres;1143;15 a 19 anos;9737
Indicador  3.9.2;1736;0.0;52;Goiás;9737;2022;5;Mulheres;1144;20 a 24 anos;9737
Indicador  3.9.2;1736;0.0;52;Goiás;9737;2022;5;Mulheres;1145;25 a 29 anos;9737
Indicador  3.9.2;1736;0.7;52;Goiás;9737;2022;5;Mulheres;1146;30 a 34 anos;9737
Indicador  3.9.2;1736;1.3;52;Goiás;9737;2022;5;Mulheres;1147;35 a 39 anos;9737
Indicador  3.9.2;1736;0.7;52;Goiás;9737;2022;5;Mulheres;1148;40 a 44 anos;9737
Indicador  3.9.2;1736;1.9;52;Goiás;9737;2022;5;Mulheres;1149;45 a 49 anos;9737
Indicador  3.9.2;1736;1.3;52;Goiás;9737;2022;5;Mulheres;1150;50 a 54 anos;9737
Indicador  3.9.2;1736;0.5;52;Goiás;9737;2022;5;Mulheres;1151;55 a 59 anos;9737
Indicador  3.9.2;1736;18.8;52;Goiás;9737;2022;5;Mulheres;3302;60 anos ou mais;9737
Indicador  3.9.2;1736;2.0;53;Distrito Federal;9737;2018;6794;Total;95253;Total;9737
Indicador  3.9.2;1736;2.4;53;Distrito Federal;9737;2018;6794;Total;1140;0 a 4 anos;9737
Indicador  3.9.2;1736;0.5;53;Distrito Federal;9737;2018;6794;Total;1141;5 a 9 anos;9737
Indicador  3.9.2;1736;0.0;53;Distrito Federal;9737;2018;6794;Total;1142;10 a 14 anos;9737
Indicador  3.9.2;1736;0.0;53;Distrito Federal;9737;2018;6794;Total;1143;15 a 19 anos;9737
Indicador  3.9.2;1736;0.0;53;Distrito Federal;9737;2018;6794;Total;1144;20 a 24 anos;9737
Indicador  3.9.2;1736;0.0;53;Distrito Federal;9737;2018;6794;Total;1145;25 a 29 anos;9737
Indicador  3.9.2;1736;0.0;53;Distrito Federal;9737;2018;6794;Total;1146;30 a 34 anos;9737
Indicador  3.9.2;1736;0.4;53;Distrito Federal;9737;2018;6794;Total;1147;35 a 39 anos;9737
Indicador  3.9.2;1736;0.4;53;Distrito Federal;9737;2018;6794;Total;1148;40 a 44 anos;9737
Indicador  3.9.2;1736;0.5;53;Distrito Federal;9737;2018;6794;Total;1149;45 a 49 anos;9737
Indicador  3.9.2;1736;1.1;53;Distrito Federal;9737;2018;6794;Total;1150;50 a 54 anos;9737
Indicador  3.9.2;1736;5.0;53;Distrito Federal;9737;2018;6794;Total;1151;55 a 59 anos;9737
Indicador  3.9.2;1736;13.5;53;Distrito Federal;9737;2018;6794;Total;3302;60 anos ou mais;9737
Indicador  3.9.2;1736;2.3;53;Distrito Federal;9737;2018;4;Homens;95253;Total;9737
Indicador  3.9.2;1736;4.7;53;Distrito Federal;9737;2018;4;Homens;1140;0 a 4 anos;9737
Indicador  3.9.2;1736;1.0;53;Distrito Federal;9737;2018;4;Homens;1141;5 a 9 anos;9737
Indicador  3.9.2;1736;0.0;53;Distrito Federal;9737;2018;4;Homens;1142;10 a 14 anos;9737
Indicador  3.9.2;1736;0.0;53;Distrito Federal;9737;2018;4;Homens;1143;15 a 19 anos;9737
Indicador  3.9.2;1736;0.0;53;Distrito Federal;9737;2018;4;Homens;1144;20 a 24 anos;9737
Indicador  3.9.2;1736;0.0;53;Distrito Federal;9737;2018;4;Homens;1145;25 a 29 anos;9737
Indicador  3.9.2;1736;0.0;53;Distrito Federal;9737;2018;4;Homens;1146;30 a 34 anos;9737
Indicador  3.9.2;1736;0.8;53;Distrito Federal;9737;2018;4;Homens;1147;35 a 39 anos;9737
Indicador  3.9.2;1736;0.9;53;Distrito Federal;9737;2018;4;Homens;1148;40 a 44 anos;9737
Indicador  3.9.2;1736;0.0;53;Distrito Federal;9737;2018;4;Homens;1149;45 a 49 anos;9737
Indicador  3.9.2;1736;0.0;53;Distrito Federal;9737;2018;4;Homens;1150;50 a 54 anos;9737
Indicador  3.9.2;1736;9.6;53;Distrito Federal;9737;2018;4;Homens;1151;55 a 59 anos;9737
Indicador  3.9.2;1736;14.4;53;Distrito Federal;9737;2018;4;Homens;3302;60 anos ou mais;9737
Indicador  3.9.2;1736;1.7;53;Distrito Federal;9737;2018;5;Mulheres;95253;Total;9737
Indicador  3.9.2;1736;0.0;53;Distrito Federal;9737;2018;5;Mulheres;1140;0 a 4 anos;9737
Indicador  3.9.2;1736;0.0;53;Distrito Federal;9737;2018;5;Mulheres;1141;5 a 9 anos;9737
Indicador  3.9.2;1736;0.0;53;Distrito Federal;9737;2018;5;Mulheres;1142;10 a 14 anos;9737
Indicador  3.9.2;1736;0.0;53;Distrito Federal;9737;2018;5;Mulheres;1143;15 a 19 anos;9737
Indicador  3.9.2;1736;0.0;53;Distrito Federal;9737;2018;5;Mulheres;1144;20 a 24 anos;9737
Indicador  3.9.2;1736;0.0;53;Distrito Federal;9737;2018;5;Mulheres;1145;25 a 29 anos;9737
Indicador  3.9.2;1736;0.0;53;Distrito Federal;9737;2018;5;Mulheres;1146;30 a 34 anos;9737
Indicador  3.9.2;1736;0.0;53;Distrito Federal;9737;2018;5;Mulheres;1147;35 a 39 anos;9737
Indicador  3.9.2;1736;0.0;53;Distrito Federal;9737;2018;5;Mulheres;1148;40 a 44 anos;9737
Indicador  3.9.2;1736;0.9;53;Distrito Federal;9737;2018;5;Mulheres;1149;45 a 49 anos;9737
Indicador  3.9.2;1736;2.1;53;Distrito Federal;9737;2018;5;Mulheres;1150;50 a 54 anos;9737
Indicador  3.9.2;1736;1.3;53;Distrito Federal;9737;2018;5;Mulheres;1151;55 a 59 anos;9737
Indicador  3.9.2;1736;12.8;53;Distrito Federal;9737;2018;5;Mulheres;3302;60 anos ou mais;9737
Indicador  3.9.2;1736;2.6;53;Distrito Federal;9737;2019;6794;Total;95253;Total;9737
Indicador  3.9.2;1736;3.9;53;Distrito Federal;9737;2019;6794;Total;1140;0 a 4 anos;9737
Indicador  3.9.2;1736;0.5;53;Distrito Federal;9737;2019;6794;Total;1141;5 a 9 anos;9737
Indicador  3.9.2;1736;0.0;53;Distrito Federal;9737;2019;6794;Total;1142;10 a 14 anos;9737
Indicador  3.9.2;1736;0.0;53;Distrito Federal;9737;2019;6794;Total;1143;15 a 19 anos;9737
Indicador  3.9.2;1736;0.4;53;Distrito Federal;9737;2019;6794;Total;1144;20 a 24 anos;9737
Indicador  3.9.2;1736;0.0;53;Distrito Federal;9737;2019;6794;Total;1145;25 a 29 anos;9737
Indicador  3.9.2;1736;0.0;53;Distrito Federal;9737;2019;6794;Total;1146;30 a 34 anos;9737
Indicador  3.9.2;1736;0.4;53;Distrito Federal;9737;2019;6794;Total;1147;35 a 39 anos;9737
Indicador  3.9.2;1736;0.0;53;Distrito Federal;9737;2019;6794;Total;1148;40 a 44 anos;9737
Indicador  3.9.2;1736;1.0;53;Distrito Federal;9737;2019;6794;Total;1149;45 a 49 anos;9737
Indicador  3.9.2;1736;0.6;53;Distrito Federal;9737;2019;6794;Total;1150;50 a 54 anos;9737
Indicador  3.9.2;1736;0.0;53;Distrito Federal;9737;2019;6794;Total;1151;55 a 59 anos;9737
Indicador  3.9.2;1736;19.2;53;Distrito Federal;9737;2019;6794;Total;3302;60 anos ou mais;9737
Indicador  3.9.2;1736;2.3;53;Distrito Federal;9737;2019;4;Homens;95253;Total;9737
Indicador  3.9.2;1736;3.8;53;Distrito Federal;9737;2019;4;Homens;1140;0 a 4 anos;9737
Indicador  3.9.2;1736;0.0;53;Distrito Federal;9737;2019;4;Homens;1141;5 a 9 anos;9737
Indicador  3.9.2;1736;0.0;53;Distrito Federal;9737;2019;4;Homens;1142;10 a 14 anos;9737
Indicador  3.9.2;1736;0.0;53;Distrito Federal;9737;2019;4;Homens;1143;15 a 19 anos;9737
Indicador  3.9.2;1736;0.8;53;Distrito Federal;9737;2019;4;Homens;1144;20 a 24 anos;9737
Indicador  3.9.2;1736;0.0;53;Distrito Federal;9737;2019;4;Homens;1145;25 a 29 anos;9737
Indicador  3.9.2;1736;0.0;53;Distrito Federal;9737;2019;4;Homens;1146;30 a 34 anos;9737
Indicador  3.9.2;1736;0.8;53;Distrito Federal;9737;2019;4;Homens;1147;35 a 39 anos;9737
Indicador  3.9.2;1736;0.0;53;Distrito Federal;9737;2019;4;Homens;1148;40 a 44 anos;9737
Indicador  3.9.2;1736;0.0;53;Distrito Federal;9737;2019;4;Homens;1149;45 a 49 anos;9737
Indicador  3.9.2;1736;1.2;53;Distrito Federal;9737;2019;4;Homens;1150;50 a 54 anos;9737
Indicador  3.9.2;1736;0.0;53;Distrito Federal;9737;2019;4;Homens;1151;55 a 59 anos;9737
Indicador  3.9.2;1736;18.8;53;Distrito Federal;9737;2019;4;Homens;3302;60 anos ou mais;9737
Indicador  3.9.2;1736;2.8;53;Distrito Federal;9737;2019;5;Mulheres;95253;Total;9737
Indicador  3.9.2;1736;4.0;53;Distrito Federal;9737;2019;5;Mulheres;1140;0 a 4 anos;9737
Indicador  3.9.2;1736;1.1;53;Distrito Federal;9737;2019;5;Mulheres;1141;5 a 9 anos;9737
Indicador  3.9.2;1736;0.0;53;Distrito Federal;9737;2019;5;Mulheres;1142;10 a 14 anos;9737
Indicador  3.9.2;1736;0.0;53;Distrito Federal;9737;2019;5;Mulheres;1143;15 a 19 anos;9737
Indicador  3.9.2;1736;0.0;53;Distrito Federal;9737;2019;5;Mulheres;1144;20 a 24 anos;9737
Indicador  3.9.2;1736;0.0;53;Distrito Federal;9737;2019;5;Mulheres;1145;25 a 29 anos;9737
Indicador  3.9.2;1736;0.0;53;Distrito Federal;9737;2019;5;Mulheres;1146;30 a 34 anos;9737
Indicador  3.9.2;1736;0.0;53;Distrito Federal;9737;2019;5;Mulheres;1147;35 a 39 anos;9737
Indicador  3.9.2;1736;0.0;53;Distrito Federal;9737;2019;5;Mulheres;1148;40 a 44 anos;9737
Indicador  3.9.2;1736;1.8;53;Distrito Federal;9737;2019;5;Mulheres;1149;45 a 49 anos;9737
Indicador  3.9.2;1736;0.0;53;Distrito Federal;9737;2019;5;Mulheres;1150;50 a 54 anos;9737
Indicador  3.9.2;1736;0.0;53;Distrito Federal;9737;2019;5;Mulheres;1151;55 a 59 anos;9737
Indicador  3.9.2;1736;19.5;53;Distrito Federal;9737;2019;5;Mulheres;3302;60 anos ou mais;9737
Indicador  3.9.2;1736;2.2;53;Distrito Federal;9737;2020;6794;Total;95253;Total;9737
Indicador  3.9.2;1736;0.0;53;Distrito Federal;9737;2020;6794;Total;1140;0 a 4 anos;9737
Indicador  3.9.2;1736;0.0;53;Distrito Federal;9737;2020;6794;Total;1141;5 a 9 anos;9737
Indicador  3.9.2;1736;0.0;53;Distrito Federal;9737;2020;6794;Total;1142;10 a 14 anos;9737
Indicador  3.9.2;1736;0.4;53;Distrito Federal;9737;2020;6794;Total;1143;15 a 19 anos;9737
Indicador  3.9.2;1736;0.4;53;Distrito Federal;9737;2020;6794;Total;1144;20 a 24 anos;9737
Indicador  3.9.2;1736;0.4;53;Distrito Federal;9737;2020;6794;Total;1145;25 a 29 anos;9737
Indicador  3.9.2;1736;0.0;53;Distrito Federal;9737;2020;6794;Total;1146;30 a 34 anos;9737
Indicador  3.9.2;1736;0.0;53;Distrito Federal;9737;2020;6794;Total;1147;35 a 39 anos;9737
Indicador  3.9.2;1736;0.4;53;Distrito Federal;9737;2020;6794;Total;1148;40 a 44 anos;9737
Indicador  3.9.2;1736;0.5;53;Distrito Federal;9737;2020;6794;Total;1149;45 a 49 anos;9737
Indicador  3.9.2;1736;3.8;53;Distrito Federal;9737;2020;6794;Total;1150;50 a 54 anos;9737
Indicador  3.9.2;1736;2.6;53;Distrito Federal;9737;2020;6794;Total;1151;55 a 59 anos;9737
Indicador  3.9.2;1736;14.7;53;Distrito Federal;9737;2020;6794;Total;3302;60 anos ou mais;9737
Indicador  3.9.2;1736;2.0;53;Distrito Federal;9737;2020;4;Homens;95253;Total;9737
Indicador  3.9.2;1736;0.0;53;Distrito Federal;9737;2020;4;Homens;1140;0 a 4 anos;9737
Indicador  3.9.2;1736;0.0;53;Distrito Federal;9737;2020;4;Homens;1141;5 a 9 anos;9737
Indicador  3.9.2;1736;0.0;53;Distrito Federal;9737;2020;4;Homens;1142;10 a 14 anos;9737
Indicador  3.9.2;1736;0.0;53;Distrito Federal;9737;2020;4;Homens;1143;15 a 19 anos;9737
Indicador  3.9.2;1736;0.0;53;Distrito Federal;9737;2020;4;Homens;1144;20 a 24 anos;9737
Indicador  3.9.2;1736;0.0;53;Distrito Federal;9737;2020;4;Homens;1145;25 a 29 anos;9737
Indicador  3.9.2;1736;0.0;53;Distrito Federal;9737;2020;4;Homens;1146;30 a 34 anos;9737
Indicador  3.9.2;1736;0.0;53;Distrito Federal;9737;2020;4;Homens;1147;35 a 39 anos;9737
Indicador  3.9.2;1736;0.8;53;Distrito Federal;9737;2020;4;Homens;1148;40 a 44 anos;9737
Indicador  3.9.2;1736;0.0;53;Distrito Federal;9737;2020;4;Homens;1149;45 a 49 anos;9737
Indicador  3.9.2;1736;4.6;53;Distrito Federal;9737;2020;4;Homens;1150;50 a 54 anos;9737
Indicador  3.9.2;1736;4.4;53;Distrito Federal;9737;2020;4;Homens;1151;55 a 59 anos;9737
Indicador  3.9.2;1736;14.4;53;Distrito Federal;9737;2020;4;Homens;3302;60 anos ou mais;9737
Indicador  3.9.2;1736;2.4;53;Distrito Federal;9737;2020;5;Mulheres;95253;Total;9737
Indicador  3.9.2;1736;0.0;53;Distrito Federal;9737;2020;5;Mulheres;1140;0 a 4 anos;9737
Indicador  3.9.2;1736;0.0;53;Distrito Federal;9737;2020;5;Mulheres;1141;5 a 9 anos;9737
Indicador  3.9.2;1736;0.0;53;Distrito Federal;9737;2020;5;Mulheres;1142;10 a 14 anos;9737
Indicador  3.9.2;1736;0.8;53;Distrito Federal;9737;2020;5;Mulheres;1143;15 a 19 anos;9737
Indicador  3.9.2;1736;0.8;53;Distrito Federal;9737;2020;5;Mulheres;1144;20 a 24 anos;9737
Indicador  3.9.2;1736;0.8;53;Distrito Federal;9737;2020;5;Mulheres;1145;25 a 29 anos;9737
Indicador  3.9.2;1736;0.0;53;Distrito Federal;9737;2020;5;Mulheres;1146;30 a 34 anos;9737
Indicador  3.9.2;1736;0.0;53;Distrito Federal;9737;2020;5;Mulheres;1147;35 a 39 anos;9737
Indicador  3.9.2;1736;0.0;53;Distrito Federal;9737;2020;5;Mulheres;1148;40 a 44 anos;9737
Indicador  3.9.2;1736;0.9;53;Distrito Federal;9737;2020;5;Mulheres;1149;45 a 49 anos;9737
Indicador  3.9.2;1736;3.0;53;Distrito Federal;9737;2020;5;Mulheres;1150;50 a 54 anos;9737
Indicador  3.9.2;1736;1.2;53;Distrito Federal;9737;2020;5;Mulheres;1151;55 a 59 anos;9737
Indicador  3.9.2;1736;15.0;53;Distrito Federal;9737;2020;5;Mulheres;3302;60 anos ou mais;9737
Indicador  3.9.2;1736;2.2;53;Distrito Federal;9737;2021;6794;Total;95253;Total;9737
Indicador  3.9.2;1736;1.0;53;Distrito Federal;9737;2021;6794;Total;1140;0 a 4 anos;9737
Indicador  3.9.2;1736;0.0;53;Distrito Federal;9737;2021;6794;Total;1141;5 a 9 anos;9737
Indicador  3.9.2;1736;0.5;53;Distrito Federal;9737;2021;6794;Total;1142;10 a 14 anos;9737
Indicador  3.9.2;1736;0.4;53;Distrito Federal;9737;2021;6794;Total;1143;15 a 19 anos;9737
Indicador  3.9.2;1736;0.0;53;Distrito Federal;9737;2021;6794;Total;1144;20 a 24 anos;9737
Indicador  3.9.2;1736;0.0;53;Distrito Federal;9737;2021;6794;Total;1145;25 a 29 anos;9737
Indicador  3.9.2;1736;0.4;53;Distrito Federal;9737;2021;6794;Total;1146;30 a 34 anos;9737
Indicador  3.9.2;1736;1.1;53;Distrito Federal;9737;2021;6794;Total;1147;35 a 39 anos;9737
Indicador  3.9.2;1736;0.4;53;Distrito Federal;9737;2021;6794;Total;1148;40 a 44 anos;9737
Indicador  3.9.2;1736;0.0;53;Distrito Federal;9737;2021;6794;Total;1149;45 a 49 anos;9737
Indicador  3.9.2;1736;1.0;53;Distrito Federal;9737;2021;6794;Total;1150;50 a 54 anos;9737
Indicador  3.9.2;1736;2.5;53;Distrito Federal;9737;2021;6794;Total;1151;55 a 59 anos;9737
Indicador  3.9.2;1736;14.8;53;Distrito Federal;9737;2021;6794;Total;3302;60 anos ou mais;9737
Indicador  3.9.2;1736;2.4;53;Distrito Federal;9737;2021;4;Homens;95253;Total;9737
Indicador  3.9.2;1736;0.9;53;Distrito Federal;9737;2021;4;Homens;1140;0 a 4 anos;9737
Indicador  3.9.2;1736;0.0;53;Distrito Federal;9737;2021;4;Homens;1141;5 a 9 anos;9737
Indicador  3.9.2;1736;1.0;53;Distrito Federal;9737;2021;4;Homens;1142;10 a 14 anos;9737
Indicador  3.9.2;1736;0.0;53;Distrito Federal;9737;2021;4;Homens;1143;15 a 19 anos;9737
Indicador  3.9.2;1736;0.0;53;Distrito Federal;9737;2021;4;Homens;1144;20 a 24 anos;9737
Indicador  3.9.2;1736;0.0;53;Distrito Federal;9737;2021;4;Homens;1145;25 a 29 anos;9737
Indicador  3.9.2;1736;0.0;53;Distrito Federal;9737;2021;4;Homens;1146;30 a 34 anos;9737
Indicador  3.9.2;1736;2.3;53;Distrito Federal;9737;2021;4;Homens;1147;35 a 39 anos;9737
Indicador  3.9.2;1736;0.8;53;Distrito Federal;9737;2021;4;Homens;1148;40 a 44 anos;9737
Indicador  3.9.2;1736;0.0;53;Distrito Federal;9737;2021;4;Homens;1149;45 a 49 anos;9737
Indicador  3.9.2;1736;1.1;53;Distrito Federal;9737;2021;4;Homens;1150;50 a 54 anos;9737
Indicador  3.9.2;1736;1.4;53;Distrito Federal;9737;2021;4;Homens;1151;55 a 59 anos;9737
Indicador  3.9.2;1736;17.6;53;Distrito Federal;9737;2021;4;Homens;3302;60 anos ou mais;9737
Indicador  3.9.2;1736;2.1;53;Distrito Federal;9737;2021;5;Mulheres;95253;Total;9737
Indicador  3.9.2;1736;1.0;53;Distrito Federal;9737;2021;5;Mulheres;1140;0 a 4 anos;9737
Indicador  3.9.2;1736;0.0;53;Distrito Federal;9737;2021;5;Mulheres;1141;5 a 9 anos;9737
Indicador  3.9.2;1736;0.0;53;Distrito Federal;9737;2021;5;Mulheres;1142;10 a 14 anos;9737
Indicador  3.9.2;1736;0.9;53;Distrito Federal;9737;2021;5;Mulheres;1143;15 a 19 anos;9737
Indicador  3.9.2;1736;0.0;53;Distrito Federal;9737;2021;5;Mulheres;1144;20 a 24 anos;9737
Indicador  3.9.2;1736;0.0;53;Distrito Federal;9737;2021;5;Mulheres;1145;25 a 29 anos;9737
Indicador  3.9.2;1736;0.7;53;Distrito Federal;9737;2021;5;Mulheres;1146;30 a 34 anos;9737
Indicador  3.9.2;1736;0.0;53;Distrito Federal;9737;2021;5;Mulheres;1147;35 a 39 anos;9737
Indicador  3.9.2;1736;0.0;53;Distrito Federal;9737;2021;5;Mulheres;1148;40 a 44 anos;9737
Indicador  3.9.2;1736;0.0;53;Distrito Federal;9737;2021;5;Mulheres;1149;45 a 49 anos;9737
Indicador  3.9.2;1736;1.0;53;Distrito Federal;9737;2021;5;Mulheres;1150;50 a 54 anos;9737
Indicador  3.9.2;1736;3.5;53;Distrito Federal;9737;2021;5;Mulheres;1151;55 a 59 anos;9737
Indicador  3.9.2;1736;12.8;53;Distrito Federal;9737;2021;5;Mulheres;3302;60 anos ou mais;9737
Indicador  3.9.2;1736;2.9;53;Distrito Federal;9737;2022;6794;Total;95253;Total;9737
Indicador  3.9.2;1736;0.0;53;Distrito Federal;9737;2022;6794;Total;1140;0 a 4 anos;9737
Indicador  3.9.2;1736;1.0;53;Distrito Federal;9737;2022;6794;Total;1141;5 a 9 anos;9737
Indicador  3.9.2;1736;0.0;53;Distrito Federal;9737;2022;6794;Total;1142;10 a 14 anos;9737
Indicador  3.9.2;1736;1.3;53;Distrito Federal;9737;2022;6794;Total;1143;15 a 19 anos;9737
Indicador  3.9.2;1736;0.0;53;Distrito Federal;9737;2022;6794;Total;1144;20 a 24 anos;9737
Indicador  3.9.2;1736;0.0;53;Distrito Federal;9737;2022;6794;Total;1145;25 a 29 anos;9737
Indicador  3.9.2;1736;0.0;53;Distrito Federal;9737;2022;6794;Total;1146;30 a 34 anos;9737
Indicador  3.9.2;1736;0.4;53;Distrito Federal;9737;2022;6794;Total;1147;35 a 39 anos;9737
Indicador  3.9.2;1736;0.4;53;Distrito Federal;9737;2022;6794;Total;1148;40 a 44 anos;9737
Indicador  3.9.2;1736;1.7;53;Distrito Federal;9737;2022;6794;Total;1149;45 a 49 anos;9737
Indicador  3.9.2;1736;1.5;53;Distrito Federal;9737;2022;6794;Total;1150;50 a 54 anos;9737
Indicador  3.9.2;1736;0.0;53;Distrito Federal;9737;2022;6794;Total;1151;55 a 59 anos;9737
Indicador  3.9.2;1736;20.0;53;Distrito Federal;9737;2022;6794;Total;3302;60 anos ou mais;9737
Indicador  3.9.2;1736;2.7;53;Distrito Federal;9737;2022;4;Homens;95253;Total;9737
Indicador  3.9.2;1736;0.0;53;Distrito Federal;9737;2022;4;Homens;1140;0 a 4 anos;9737
Indicador  3.9.2;1736;2.0;53;Distrito Federal;9737;2022;4;Homens;1141;5 a 9 anos;9737
Indicador  3.9.2;1736;0.0;53;Distrito Federal;9737;2022;4;Homens;1142;10 a 14 anos;9737
Indicador  3.9.2;1736;1.7;53;Distrito Federal;9737;2022;4;Homens;1143;15 a 19 anos;9737
Indicador  3.9.2;1736;0.0;53;Distrito Federal;9737;2022;4;Homens;1144;20 a 24 anos;9737
Indicador  3.9.2;1736;0.0;53;Distrito Federal;9737;2022;4;Homens;1145;25 a 29 anos;9737
Indicador  3.9.2;1736;0.0;53;Distrito Federal;9737;2022;4;Homens;1146;30 a 34 anos;9737
Indicador  3.9.2;1736;0.0;53;Distrito Federal;9737;2022;4;Homens;1147;35 a 39 anos;9737
Indicador  3.9.2;1736;0.8;53;Distrito Federal;9737;2022;4;Homens;1148;40 a 44 anos;9737
Indicador  3.9.2;1736;3.7;53;Distrito Federal;9737;2022;4;Homens;1149;45 a 49 anos;9737
Indicador  3.9.2;1736;1.1;53;Distrito Federal;9737;2022;4;Homens;1150;50 a 54 anos;9737
Indicador  3.9.2;1736;0.0;53;Distrito Federal;9737;2022;4;Homens;1151;55 a 59 anos;9737
Indicador  3.9.2;1736;18.5;53;Distrito Federal;9737;2022;4;Homens;3302;60 anos ou mais;9737
Indicador  3.9.2;1736;3.1;53;Distrito Federal;9737;2022;5;Mulheres;95253;Total;9737
Indicador  3.9.2;1736;0.0;53;Distrito Federal;9737;2022;5;Mulheres;1140;0 a 4 anos;9737
Indicador  3.9.2;1736;0.0;53;Distrito Federal;9737;2022;5;Mulheres;1141;5 a 9 anos;9737
Indicador  3.9.2;1736;0.0;53;Distrito Federal;9737;2022;5;Mulheres;1142;10 a 14 anos;9737
Indicador  3.9.2;1736;0.9;53;Distrito Federal;9737;2022;5;Mulheres;1143;15 a 19 anos;9737
Indicador  3.9.2;1736;0.0;53;Distrito Federal;9737;2022;5;Mulheres;1144;20 a 24 anos;9737
Indicador  3.9.2;1736;0.0;53;Distrito Federal;9737;2022;5;Mulheres;1145;25 a 29 anos;9737
Indicador  3.9.2;1736;0.0;53;Distrito Federal;9737;2022;5;Mulheres;1146;30 a 34 anos;9737
Indicador  3.9.2;1736;0.7;53;Distrito Federal;9737;2022;5;Mulheres;1147;35 a 39 anos;9737
Indicador  3.9.2;1736;0.0;53;Distrito Federal;9737;2022;5;Mulheres;1148;40 a 44 anos;9737
Indicador  3.9.2;1736;0.0;53;Distrito Federal;9737;2022;5;Mulheres;1149;45 a 49 anos;9737
Indicador  3.9.2;1736;1.9;53;Distrito Federal;9737;2022;5;Mulheres;1150;50 a 54 anos;9737
Indicador  3.9.2;1736;0.0;53;Distrito Federal;9737;2022;5;Mulheres;1151;55 a 59 anos;9737
Indicador  3.9.2;1736;20.7;53;Distrito Federal;9737;2022;5;Mulheres;3302;60 anos ou mais;9737
Indicador  3.9.2;1706;9895;1;Brasil;11725;2018;6794;Total;95253;Total;11725
Indicador  3.9.2;1706;745;1;Brasil;11725;2018;6794;Total;1140;0 a 4 anos;11725
Indicador  3.9.2;1706;59;1;Brasil;11725;2018;6794;Total;1141;5 a 9 anos;11725
Indicador  3.9.2;1706;47;1;Brasil;11725;2018;6794;Total;1142;10 a 14 anos;11725
Indicador  3.9.2;1706;47;1;Brasil;11725;2018;6794;Total;1143;15 a 19 anos;11725
Indicador  3.9.2;1706;48;1;Brasil;11725;2018;6794;Total;1144;20 a 24 anos;11725
Indicador  3.9.2;1706;52;1;Brasil;11725;2018;6794;Total;1145;25 a 29 anos;11725
Indicador  3.9.2;1706;76;1;Brasil;11725;2018;6794;Total;1146;30 a 34 anos;11725
Indicador  3.9.2;1706;105;1;Brasil;11725;2018;6794;Total;1147;35 a 39 anos;11725
Indicador  3.9.2;1706;136;1;Brasil;11725;2018;6794;Total;1148;40 a 44 anos;11725
Indicador  3.9.2;1706;188;1;Brasil;11725;2018;6794;Total;1149;45 a 49 anos;11725
Indicador  3.9.2;1706;252;1;Brasil;11725;2018;6794;Total;1150;50 a 54 anos;11725
Indicador  3.9.2;1706;313;1;Brasil;11725;2018;6794;Total;1151;55 a 59 anos;11725
Indicador  3.9.2;1706;7814;1;Brasil;11725;2018;6794;Total;3302;60 anos ou mais;11725
Indicador  3.9.2;1706;4785;1;Brasil;11725;2018;4;Homens;95253;Total;11725
Indicador  3.9.2;1706;406;1;Brasil;11725;2018;4;Homens;1140;0 a 4 anos;11725
Indicador  3.9.2;1706;39;1;Brasil;11725;2018;4;Homens;1141;5 a 9 anos;11725
Indicador  3.9.2;1706;27;1;Brasil;11725;2018;4;Homens;1142;10 a 14 anos;11725
Indicador  3.9.2;1706;31;1;Brasil;11725;2018;4;Homens;1143;15 a 19 anos;11725
Indicador  3.9.2;1706;32;1;Brasil;11725;2018;4;Homens;1144;20 a 24 anos;11725
Indicador  3.9.2;1706;36;1;Brasil;11725;2018;4;Homens;1145;25 a 29 anos;11725
Indicador  3.9.2;1706;51;1;Brasil;11725;2018;4;Homens;1146;30 a 34 anos;11725
Indicador  3.9.2;1706;65;1;Brasil;11725;2018;4;Homens;1147;35 a 39 anos;11725
Indicador  3.9.2;1706;82;1;Brasil;11725;2018;4;Homens;1148;40 a 44 anos;11725
Indicador  3.9.2;1706;125;1;Brasil;11725;2018;4;Homens;1149;45 a 49 anos;11725
Indicador  3.9.2;1706;163;1;Brasil;11725;2018;4;Homens;1150;50 a 54 anos;11725
Indicador  3.9.2;1706;183;1;Brasil;11725;2018;4;Homens;1151;55 a 59 anos;11725
Indicador  3.9.2;1706;3533;1;Brasil;11725;2018;4;Homens;3302;60 anos ou mais;11725
Indicador  3.9.2;1706;5109;1;Brasil;11725;2018;5;Mulheres;95253;Total;11725
Indicador  3.9.2;1706;339;1;Brasil;11725;2018;5;Mulheres;1140;0 a 4 anos;11725
Indicador  3.9.2;1706;20;1;Brasil;11725;2018;5;Mulheres;1141;5 a 9 anos;11725
Indicador  3.9.2;1706;20;1;Brasil;11725;2018;5;Mulheres;1142;10 a 14 anos;11725
Indicador  3.9.2;1706;16;1;Brasil;11725;2018;5;Mulheres;1143;15 a 19 anos;11725
Indicador  3.9.2;1706;16;1;Brasil;11725;2018;5;Mulheres;1144;20 a 24 anos;11725
Indicador  3.9.2;1706;16;1;Brasil;11725;2018;5;Mulheres;1145;25 a 29 anos;11725
Indicador  3.9.2;1706;25;1;Brasil;11725;2018;5;Mulheres;1146;30 a 34 anos;11725
Indicador  3.9.2;1706;40;1;Brasil;11725;2018;5;Mulheres;1147;35 a 39 anos;11725
Indicador  3.9.2;1706;54;1;Brasil;11725;2018;5;Mulheres;1148;40 a 44 anos;11725
Indicador  3.9.2;1706;63;1;Brasil;11725;2018;5;Mulheres;1149;45 a 49 anos;11725
Indicador  3.9.2;1706;89;1;Brasil;11725;2018;5;Mulheres;1150;50 a 54 anos;11725
Indicador  3.9.2;1706;130;1;Brasil;11725;2018;5;Mulheres;1151;55 a 59 anos;11725
Indicador  3.9.2;1706;4280;1;Brasil;11725;2018;5;Mulheres;3302;60 anos ou mais;11725
Indicador  3.9.2;1706;10161;1;Brasil;11725;2019;6794;Total;95253;Total;11725
Indicador  3.9.2;1706;714;1;Brasil;11725;2019;6794;Total;1140;0 a 4 anos;11725
Indicador  3.9.2;1706;67;1;Brasil;11725;2019;6794;Total;1141;5 a 9 anos;11725
Indicador  3.9.2;1706;48;1;Brasil;11725;2019;6794;Total;1142;10 a 14 anos;11725
Indicador  3.9.2;1706;49;1;Brasil;11725;2019;6794;Total;1143;15 a 19 anos;11725
Indicador  3.9.2;1706;50;1;Brasil;11725;2019;6794;Total;1144;20 a 24 anos;11725
Indicador  3.9.2;1706;48;1;Brasil;11725;2019;6794;Total;1145;25 a 29 anos;11725
Indicador  3.9.2;1706;81;1;Brasil;11725;2019;6794;Total;1146;30 a 34 anos;11725
Indicador  3.9.2;1706;98;1;Brasil;11725;2019;6794;Total;1147;35 a 39 anos;11725
Indicador  3.9.2;1706;133;1;Brasil;11725;2019;6794;Total;1148;40 a 44 anos;11725
Indicador  3.9.2;1706;173;1;Brasil;11725;2019;6794;Total;1149;45 a 49 anos;11725
Indicador  3.9.2;1706;251;1;Brasil;11725;2019;6794;Total;1150;50 a 54 anos;11725
Indicador  3.9.2;1706;324;1;Brasil;11725;2019;6794;Total;1151;55 a 59 anos;11725
Indicador  3.9.2;1706;8112;1;Brasil;11725;2019;6794;Total;3302;60 anos ou mais;11725
Indicador  3.9.2;1706;4865;1;Brasil;11725;2019;4;Homens;95253;Total;11725
Indicador  3.9.2;1706;411;1;Brasil;11725;2019;4;Homens;1140;0 a 4 anos;11725
Indicador  3.9.2;1706;34;1;Brasil;11725;2019;4;Homens;1141;5 a 9 anos;11725
Indicador  3.9.2;1706;32;1;Brasil;11725;2019;4;Homens;1142;10 a 14 anos;11725
Indicador  3.9.2;1706;23;1;Brasil;11725;2019;4;Homens;1143;15 a 19 anos;11725
Indicador  3.9.2;1706;27;1;Brasil;11725;2019;4;Homens;1144;20 a 24 anos;11725
Indicador  3.9.2;1706;28;1;Brasil;11725;2019;4;Homens;1145;25 a 29 anos;11725
Indicador  3.9.2;1706;51;1;Brasil;11725;2019;4;Homens;1146;30 a 34 anos;11725
Indicador  3.9.2;1706;54;1;Brasil;11725;2019;4;Homens;1147;35 a 39 anos;11725
Indicador  3.9.2;1706;81;1;Brasil;11725;2019;4;Homens;1148;40 a 44 anos;11725
Indicador  3.9.2;1706;108;1;Brasil;11725;2019;4;Homens;1149;45 a 49 anos;11725
Indicador  3.9.2;1706;170;1;Brasil;11725;2019;4;Homens;1150;50 a 54 anos;11725
Indicador  3.9.2;1706;204;1;Brasil;11725;2019;4;Homens;1151;55 a 59 anos;11725
Indicador  3.9.2;1706;3633;1;Brasil;11725;2019;4;Homens;3302;60 anos ou mais;11725
Indicador  3.9.2;1706;5296;1;Brasil;11725;2019;5;Mulheres;95253;Total;11725
Indicador  3.9.2;1706;303;1;Brasil;11725;2019;5;Mulheres;1140;0 a 4 anos;11725
Indicador  3.9.2;1706;33;1;Brasil;11725;2019;5;Mulheres;1141;5 a 9 anos;11725
Indicador  3.9.2;1706;16;1;Brasil;11725;2019;5;Mulheres;1142;10 a 14 anos;11725
Indicador  3.9.2;1706;26;1;Brasil;11725;2019;5;Mulheres;1143;15 a 19 anos;11725
Indicador  3.9.2;1706;23;1;Brasil;11725;2019;5;Mulheres;1144;20 a 24 anos;11725
Indicador  3.9.2;1706;20;1;Brasil;11725;2019;5;Mulheres;1145;25 a 29 anos;11725
Indicador  3.9.2;1706;30;1;Brasil;11725;2019;5;Mulheres;1146;30 a 34 anos;11725
Indicador  3.9.2;1706;44;1;Brasil;11725;2019;5;Mulheres;1147;35 a 39 anos;11725
Indicador  3.9.2;1706;52;1;Brasil;11725;2019;5;Mulheres;1148;40 a 44 anos;11725
Indicador  3.9.2;1706;65;1;Brasil;11725;2019;5;Mulheres;1149;45 a 49 anos;11725
Indicador  3.9.2;1706;81;1;Brasil;11725;2019;5;Mulheres;1150;50 a 54 anos;11725
Indicador  3.9.2;1706;120;1;Brasil;11725;2019;5;Mulheres;1151;55 a 59 anos;11725
Indicador  3.9.2;1706;4479;1;Brasil;11725;2019;5;Mulheres;3302;60 anos ou mais;11725
Indicador  3.9.2;1706;8766;1;Brasil;11725;2020;6794;Total;95253;Total;11725
Indicador  3.9.2;1706;543;1;Brasil;11725;2020;6794;Total;1140;0 a 4 anos;11725
Indicador  3.9.2;1706;43;1;Brasil;11725;2020;6794;Total;1141;5 a 9 anos;11725
Indicador  3.9.2;1706;38;1;Brasil;11725;2020;6794;Total;1142;10 a 14 anos;11725
Indicador  3.9.2;1706;46;1;Brasil;11725;2020;6794;Total;1143;15 a 19 anos;11725
Indicador  3.9.2;1706;45;1;Brasil;11725;2020;6794;Total;1144;20 a 24 anos;11725
Indicador  3.9.2;1706;46;1;Brasil;11725;2020;6794;Total;1145;25 a 29 anos;11725
Indicador  3.9.2;1706;68;1;Brasil;11725;2020;6794;Total;1146;30 a 34 anos;11725
Indicador  3.9.2;1706;93;1;Brasil;11725;2020;6794;Total;1147;35 a 39 anos;11725
Indicador  3.9.2;1706;137;1;Brasil;11725;2020;6794;Total;1148;40 a 44 anos;11725
Indicador  3.9.2;1706;153;1;Brasil;11725;2020;6794;Total;1149;45 a 49 anos;11725
Indicador  3.9.2;1706;226;1;Brasil;11725;2020;6794;Total;1150;50 a 54 anos;11725
Indicador  3.9.2;1706;297;1;Brasil;11725;2020;6794;Total;1151;55 a 59 anos;11725
Indicador  3.9.2;1706;7018;1;Brasil;11725;2020;6794;Total;3302;60 anos ou mais;11725
Indicador  3.9.2;1706;4171;1;Brasil;11725;2020;4;Homens;95253;Total;11725
Indicador  3.9.2;1706;290;1;Brasil;11725;2020;4;Homens;1140;0 a 4 anos;11725
Indicador  3.9.2;1706;18;1;Brasil;11725;2020;4;Homens;1141;5 a 9 anos;11725
Indicador  3.9.2;1706;22;1;Brasil;11725;2020;4;Homens;1142;10 a 14 anos;11725
Indicador  3.9.2;1706;24;1;Brasil;11725;2020;4;Homens;1143;15 a 19 anos;11725
Indicador  3.9.2;1706;30;1;Brasil;11725;2020;4;Homens;1144;20 a 24 anos;11725
Indicador  3.9.2;1706;30;1;Brasil;11725;2020;4;Homens;1145;25 a 29 anos;11725
Indicador  3.9.2;1706;42;1;Brasil;11725;2020;4;Homens;1146;30 a 34 anos;11725
Indicador  3.9.2;1706;57;1;Brasil;11725;2020;4;Homens;1147;35 a 39 anos;11725
Indicador  3.9.2;1706;81;1;Brasil;11725;2020;4;Homens;1148;40 a 44 anos;11725
Indicador  3.9.2;1706;80;1;Brasil;11725;2020;4;Homens;1149;45 a 49 anos;11725
Indicador  3.9.2;1706;137;1;Brasil;11725;2020;4;Homens;1150;50 a 54 anos;11725
Indicador  3.9.2;1706;168;1;Brasil;11725;2020;4;Homens;1151;55 a 59 anos;11725
Indicador  3.9.2;1706;3184;1;Brasil;11725;2020;4;Homens;3302;60 anos ou mais;11725
Indicador  3.9.2;1706;4592;1;Brasil;11725;2020;5;Mulheres;95253;Total;11725
Indicador  3.9.2;1706;253;1;Brasil;11725;2020;5;Mulheres;1140;0 a 4 anos;11725
Indicador  3.9.2;1706;25;1;Brasil;11725;2020;5;Mulheres;1141;5 a 9 anos;11725
Indicador  3.9.2;1706;16;1;Brasil;11725;2020;5;Mulheres;1142;10 a 14 anos;11725
Indicador  3.9.2;1706;22;1;Brasil;11725;2020;5;Mulheres;1143;15 a 19 anos;11725
Indicador  3.9.2;1706;15;1;Brasil;11725;2020;5;Mulheres;1144;20 a 24 anos;11725
Indicador  3.9.2;1706;16;1;Brasil;11725;2020;5;Mulheres;1145;25 a 29 anos;11725
Indicador  3.9.2;1706;26;1;Brasil;11725;2020;5;Mulheres;1146;30 a 34 anos;11725
Indicador  3.9.2;1706;36;1;Brasil;11725;2020;5;Mulheres;1147;35 a 39 anos;11725
Indicador  3.9.2;1706;56;1;Brasil;11725;2020;5;Mulheres;1148;40 a 44 anos;11725
Indicador  3.9.2;1706;73;1;Brasil;11725;2020;5;Mulheres;1149;45 a 49 anos;11725
Indicador  3.9.2;1706;89;1;Brasil;11725;2020;5;Mulheres;1150;50 a 54 anos;11725
Indicador  3.9.2;1706;129;1;Brasil;11725;2020;5;Mulheres;1151;55 a 59 anos;11725
Indicador  3.9.2;1706;3834;1;Brasil;11725;2020;5;Mulheres;3302;60 anos ou mais;11725
Indicador  3.9.2;1706;8695;1;Brasil;11725;2021;6794;Total;95253;Total;11725
Indicador  3.9.2;1706;625;1;Brasil;11725;2021;6794;Total;1140;0 a 4 anos;11725
Indicador  3.9.2;1706;50;1;Brasil;11725;2021;6794;Total;1141;5 a 9 anos;11725
Indicador  3.9.2;1706;38;1;Brasil;11725;2021;6794;Total;1142;10 a 14 anos;11725
Indicador  3.9.2;1706;43;1;Brasil;11725;2021;6794;Total;1143;15 a 19 anos;11725
Indicador  3.9.2;1706;59;1;Brasil;11725;2021;6794;Total;1144;20 a 24 anos;11725
Indicador  3.9.2;1706;47;1;Brasil;11725;2021;6794;Total;1145;25 a 29 anos;11725
Indicador  3.9.2;1706;71;1;Brasil;11725;2021;6794;Total;1146;30 a 34 anos;11725
Indicador  3.9.2;1706;103;1;Brasil;11725;2021;6794;Total;1147;35 a 39 anos;11725
Indicador  3.9.2;1706;122;1;Brasil;11725;2021;6794;Total;1148;40 a 44 anos;11725
Indicador  3.9.2;1706;168;1;Brasil;11725;2021;6794;Total;1149;45 a 49 anos;11725
Indicador  3.9.2;1706;240;1;Brasil;11725;2021;6794;Total;1150;50 a 54 anos;11725
Indicador  3.9.2;1706;310;1;Brasil;11725;2021;6794;Total;1151;55 a 59 anos;11725
Indicador  3.9.2;1706;6809;1;Brasil;11725;2021;6794;Total;3302;60 anos ou mais;11725
Indicador  3.9.2;1706;4212;1;Brasil;11725;2021;4;Homens;95253;Total;11725
Indicador  3.9.2;1706;363;1;Brasil;11725;2021;4;Homens;1140;0 a 4 anos;11725
Indicador  3.9.2;1706;29;1;Brasil;11725;2021;4;Homens;1141;5 a 9 anos;11725
Indicador  3.9.2;1706;18;1;Brasil;11725;2021;4;Homens;1142;10 a 14 anos;11725
Indicador  3.9.2;1706;27;1;Brasil;11725;2021;4;Homens;1143;15 a 19 anos;11725
Indicador  3.9.2;1706;32;1;Brasil;11725;2021;4;Homens;1144;20 a 24 anos;11725
Indicador  3.9.2;1706;34;1;Brasil;11725;2021;4;Homens;1145;25 a 29 anos;11725
Indicador  3.9.2;1706;37;1;Brasil;11725;2021;4;Homens;1146;30 a 34 anos;11725
Indicador  3.9.2;1706;63;1;Brasil;11725;2021;4;Homens;1147;35 a 39 anos;11725
Indicador  3.9.2;1706;78;1;Brasil;11725;2021;4;Homens;1148;40 a 44 anos;11725
Indicador  3.9.2;1706;102;1;Brasil;11725;2021;4;Homens;1149;45 a 49 anos;11725
Indicador  3.9.2;1706;146;1;Brasil;11725;2021;4;Homens;1150;50 a 54 anos;11725
Indicador  3.9.2;1706;195;1;Brasil;11725;2021;4;Homens;1151;55 a 59 anos;11725
Indicador  3.9.2;1706;3079;1;Brasil;11725;2021;4;Homens;3302;60 anos ou mais;11725
Indicador  3.9.2;1706;4480;1;Brasil;11725;2021;5;Mulheres;95253;Total;11725
Indicador  3.9.2;1706;262;1;Brasil;11725;2021;5;Mulheres;1140;0 a 4 anos;11725
Indicador  3.9.2;1706;21;1;Brasil;11725;2021;5;Mulheres;1141;5 a 9 anos;11725
Indicador  3.9.2;1706;20;1;Brasil;11725;2021;5;Mulheres;1142;10 a 14 anos;11725
Indicador  3.9.2;1706;16;1;Brasil;11725;2021;5;Mulheres;1143;15 a 19 anos;11725
Indicador  3.9.2;1706;27;1;Brasil;11725;2021;5;Mulheres;1144;20 a 24 anos;11725
Indicador  3.9.2;1706;12;1;Brasil;11725;2021;5;Mulheres;1145;25 a 29 anos;11725
Indicador  3.9.2;1706;34;1;Brasil;11725;2021;5;Mulheres;1146;30 a 34 anos;11725
Indicador  3.9.2;1706;40;1;Brasil;11725;2021;5;Mulheres;1147;35 a 39 anos;11725
Indicador  3.9.2;1706;44;1;Brasil;11725;2021;5;Mulheres;1148;40 a 44 anos;11725
Indicador  3.9.2;1706;66;1;Brasil;11725;2021;5;Mulheres;1149;45 a 49 anos;11725
Indicador  3.9.2;1706;94;1;Brasil;11725;2021;5;Mulheres;1150;50 a 54 anos;11725
Indicador  3.9.2;1706;115;1;Brasil;11725;2021;5;Mulheres;1151;55 a 59 anos;11725
Indicador  3.9.2;1706;3729;1;Brasil;11725;2021;5;Mulheres;3302;60 anos ou mais;11725
Indicador  3.9.2;1706;9463;1;Brasil;11725;2022;6794;Total;95253;Total;11725
Indicador  3.9.2;1706;694;1;Brasil;11725;2022;6794;Total;1140;0 a 4 anos;11725
Indicador  3.9.2;1706;58;1;Brasil;11725;2022;6794;Total;1141;5 a 9 anos;11725
Indicador  3.9.2;1706;45;1;Brasil;11725;2022;6794;Total;1142;10 a 14 anos;11725
Indicador  3.9.2;1706;45;1;Brasil;11725;2022;6794;Total;1143;15 a 19 anos;11725
Indicador  3.9.2;1706;50;1;Brasil;11725;2022;6794;Total;1144;20 a 24 anos;11725
Indicador  3.9.2;1706;48;1;Brasil;11725;2022;6794;Total;1145;25 a 29 anos;11725
Indicador  3.9.2;1706;64;1;Brasil;11725;2022;6794;Total;1146;30 a 34 anos;11725
Indicador  3.9.2;1706;87;1;Brasil;11725;2022;6794;Total;1147;35 a 39 anos;11725
Indicador  3.9.2;1706;154;1;Brasil;11725;2022;6794;Total;1148;40 a 44 anos;11725
Indicador  3.9.2;1706;194;1;Brasil;11725;2022;6794;Total;1149;45 a 49 anos;11725
Indicador  3.9.2;1706;198;1;Brasil;11725;2022;6794;Total;1150;50 a 54 anos;11725
Indicador  3.9.2;1706;327;1;Brasil;11725;2022;6794;Total;1151;55 a 59 anos;11725
Indicador  3.9.2;1706;7492;1;Brasil;11725;2022;6794;Total;3302;60 anos ou mais;11725
Indicador  3.9.2;1706;4474;1;Brasil;11725;2022;4;Homens;95253;Total;11725
Indicador  3.9.2;1706;390;1;Brasil;11725;2022;4;Homens;1140;0 a 4 anos;11725
Indicador  3.9.2;1706;31;1;Brasil;11725;2022;4;Homens;1141;5 a 9 anos;11725
Indicador  3.9.2;1706;28;1;Brasil;11725;2022;4;Homens;1142;10 a 14 anos;11725
Indicador  3.9.2;1706;27;1;Brasil;11725;2022;4;Homens;1143;15 a 19 anos;11725
Indicador  3.9.2;1706;32;1;Brasil;11725;2022;4;Homens;1144;20 a 24 anos;11725
Indicador  3.9.2;1706;34;1;Brasil;11725;2022;4;Homens;1145;25 a 29 anos;11725
Indicador  3.9.2;1706;41;1;Brasil;11725;2022;4;Homens;1146;30 a 34 anos;11725
Indicador  3.9.2;1706;57;1;Brasil;11725;2022;4;Homens;1147;35 a 39 anos;11725
Indicador  3.9.2;1706;98;1;Brasil;11725;2022;4;Homens;1148;40 a 44 anos;11725
Indicador  3.9.2;1706;114;1;Brasil;11725;2022;4;Homens;1149;45 a 49 anos;11725
Indicador  3.9.2;1706;117;1;Brasil;11725;2022;4;Homens;1150;50 a 54 anos;11725
Indicador  3.9.2;1706;206;1;Brasil;11725;2022;4;Homens;1151;55 a 59 anos;11725
Indicador  3.9.2;1706;3294;1;Brasil;11725;2022;4;Homens;3302;60 anos ou mais;11725
Indicador  3.9.2;1706;4987;1;Brasil;11725;2022;5;Mulheres;95253;Total;11725
Indicador  3.9.2;1706;304;1;Brasil;11725;2022;5;Mulheres;1140;0 a 4 anos;11725
Indicador  3.9.2;1706;27;1;Brasil;11725;2022;5;Mulheres;1141;5 a 9 anos;11725
Indicador  3.9.2;1706;17;1;Brasil;11725;2022;5;Mulheres;1142;10 a 14 anos;11725
Indicador  3.9.2;1706;18;1;Brasil;11725;2022;5;Mulheres;1143;15 a 19 anos;11725
Indicador  3.9.2;1706;18;1;Brasil;11725;2022;5;Mulheres;1144;20 a 24 anos;11725
Indicador  3.9.2;1706;14;1;Brasil;11725;2022;5;Mulheres;1145;25 a 29 anos;11725
Indicador  3.9.2;1706;23;1;Brasil;11725;2022;5;Mulheres;1146;30 a 34 anos;11725
Indicador  3.9.2;1706;30;1;Brasil;11725;2022;5;Mulheres;1147;35 a 39 anos;11725
Indicador  3.9.2;1706;56;1;Brasil;11725;2022;5;Mulheres;1148;40 a 44 anos;11725
Indicador  3.9.2;1706;80;1;Brasil;11725;2022;5;Mulheres;1149;45 a 49 anos;11725
Indicador  3.9.2;1706;81;1;Brasil;11725;2022;5;Mulheres;1150;50 a 54 anos;11725
Indicador  3.9.2;1706;121;1;Brasil;11725;2022;5;Mulheres;1151;55 a 59 anos;11725
Indicador  3.9.2;1706;4197;1;Brasil;11725;2022;5;Mulheres;3302;60 anos ou mais;11725
Indicador  3.9.2;1706;38;11;Rondônia;11725;2018;6794;Total;95253;Total;11725
Indicador  3.9.2;1706;6;11;Rondônia;11725;2018;6794;Total;1140;0 a 4 anos;11725
Indicador  3.9.2;1706;2;11;Rondônia;11725;2018;6794;Total;1141;5 a 9 anos;11725
Indicador  3.9.2;1706;0;11;Rondônia;11725;2018;6794;Total;1142;10 a 14 anos;11725
Indicador  3.9.2;1706;1;11;Rondônia;11725;2018;6794;Total;1143;15 a 19 anos;11725
Indicador  3.9.2;1706;0;11;Rondônia;11725;2018;6794;Total;1144;20 a 24 anos;11725
Indicador  3.9.2;1706;0;11;Rondônia;11725;2018;6794;Total;1145;25 a 29 anos;11725
Indicador  3.9.2;1706;0;11;Rondônia;11725;2018;6794;Total;1146;30 a 34 anos;11725
Indicador  3.9.2;1706;1;11;Rondônia;11725;2018;6794;Total;1147;35 a 39 anos;11725
Indicador  3.9.2;1706;0;11;Rondônia;11725;2018;6794;Total;1148;40 a 44 anos;11725
Indicador  3.9.2;1706;2;11;Rondônia;11725;2018;6794;Total;1149;45 a 49 anos;11725
Indicador  3.9.2;1706;1;11;Rondônia;11725;2018;6794;Total;1150;50 a 54 anos;11725
Indicador  3.9.2;1706;4;11;Rondônia;11725;2018;6794;Total;1151;55 a 59 anos;11725
Indicador  3.9.2;1706;21;11;Rondônia;11725;2018;6794;Total;3302;60 anos ou mais;11725
Indicador  3.9.2;1706;26;11;Rondônia;11725;2018;4;Homens;95253;Total;11725
Indicador  3.9.2;1706;4;11;Rondônia;11725;2018;4;Homens;1140;0 a 4 anos;11725
Indicador  3.9.2;1706;2;11;Rondônia;11725;2018;4;Homens;1141;5 a 9 anos;11725
Indicador  3.9.2;1706;0;11;Rondônia;11725;2018;4;Homens;1142;10 a 14 anos;11725
Indicador  3.9.2;1706;1;11;Rondônia;11725;2018;4;Homens;1143;15 a 19 anos;11725
Indicador  3.9.2;1706;0;11;Rondônia;11725;2018;4;Homens;1144;20 a 24 anos;11725
Indicador  3.9.2;1706;0;11;Rondônia;11725;2018;4;Homens;1145;25 a 29 anos;11725
Indicador  3.9.2;1706;0;11;Rondônia;11725;2018;4;Homens;1146;30 a 34 anos;11725
Indicador  3.9.2;1706;1;11;Rondônia;11725;2018;4;Homens;1147;35 a 39 anos;11725
Indicador  3.9.2;1706;0;11;Rondônia;11725;2018;4;Homens;1148;40 a 44 anos;11725
Indicador  3.9.2;1706;0;11;Rondônia;11725;2018;4;Homens;1149;45 a 49 anos;11725
Indicador  3.9.2;1706;0;11;Rondônia;11725;2018;4;Homens;1150;50 a 54 anos;11725
Indicador  3.9.2;1706;4;11;Rondônia;11725;2018;4;Homens;1151;55 a 59 anos;11725
Indicador  3.9.2;1706;14;11;Rondônia;11725;2018;4;Homens;3302;60 anos ou mais;11725
Indicador  3.9.2;1706;12;11;Rondônia;11725;2018;5;Mulheres;95253;Total;11725
Indicador  3.9.2;1706;2;11;Rondônia;11725;2018;5;Mulheres;1140;0 a 4 anos;11725
Indicador  3.9.2;1706;0;11;Rondônia;11725;2018;5;Mulheres;1141;5 a 9 anos;11725
Indicador  3.9.2;1706;0;11;Rondônia;11725;2018;5;Mulheres;1142;10 a 14 anos;11725
Indicador  3.9.2;1706;0;11;Rondônia;11725;2018;5;Mulheres;1143;15 a 19 anos;11725
Indicador  3.9.2;1706;0;11;Rondônia;11725;2018;5;Mulheres;1144;20 a 24 anos;11725
Indicador  3.9.2;1706;0;11;Rondônia;11725;2018;5;Mulheres;1145;25 a 29 anos;11725
Indicador  3.9.2;1706;0;11;Rondônia;11725;2018;5;Mulheres;1146;30 a 34 anos;11725
Indicador  3.9.2;1706;0;11;Rondônia;11725;2018;5;Mulheres;1147;35 a 39 anos;11725
Indicador  3.9.2;1706;0;11;Rondônia;11725;2018;5;Mulheres;1148;40 a 44 anos;11725
Indicador  3.9.2;1706;2;11;Rondônia;11725;2018;5;Mulheres;1149;45 a 49 anos;11725
Indicador  3.9.2;1706;1;11;Rondônia;11725;2018;5;Mulheres;1150;50 a 54 anos;11725
Indicador  3.9.2;1706;0;11;Rondônia;11725;2018;5;Mulheres;1151;55 a 59 anos;11725
Indicador  3.9.2;1706;7;11;Rondônia;11725;2018;5;Mulheres;3302;60 anos ou mais;11725
Indicador  3.9.2;1706;50;11;Rondônia;11725;2019;6794;Total;95253;Total;11725
Indicador  3.9.2;1706;5;11;Rondônia;11725;2019;6794;Total;1140;0 a 4 anos;11725
Indicador  3.9.2;1706;0;11;Rondônia;11725;2019;6794;Total;1141;5 a 9 anos;11725
Indicador  3.9.2;1706;0;11;Rondônia;11725;2019;6794;Total;1142;10 a 14 anos;11725
Indicador  3.9.2;1706;0;11;Rondônia;11725;2019;6794;Total;1143;15 a 19 anos;11725
Indicador  3.9.2;1706;0;11;Rondônia;11725;2019;6794;Total;1144;20 a 24 anos;11725
Indicador  3.9.2;1706;1;11;Rondônia;11725;2019;6794;Total;1145;25 a 29 anos;11725
Indicador  3.9.2;1706;1;11;Rondônia;11725;2019;6794;Total;1146;30 a 34 anos;11725
Indicador  3.9.2;1706;0;11;Rondônia;11725;2019;6794;Total;1147;35 a 39 anos;11725
Indicador  3.9.2;1706;0;11;Rondônia;11725;2019;6794;Total;1148;40 a 44 anos;11725
Indicador  3.9.2;1706;0;11;Rondônia;11725;2019;6794;Total;1149;45 a 49 anos;11725
Indicador  3.9.2;1706;0;11;Rondônia;11725;2019;6794;Total;1150;50 a 54 anos;11725
Indicador  3.9.2;1706;3;11;Rondônia;11725;2019;6794;Total;1151;55 a 59 anos;11725
Indicador  3.9.2;1706;40;11;Rondônia;11725;2019;6794;Total;3302;60 anos ou mais;11725
Indicador  3.9.2;1706;30;11;Rondônia;11725;2019;4;Homens;95253;Total;11725
Indicador  3.9.2;1706;2;11;Rondônia;11725;2019;4;Homens;1140;0 a 4 anos;11725
Indicador  3.9.2;1706;0;11;Rondônia;11725;2019;4;Homens;1141;5 a 9 anos;11725
Indicador  3.9.2;1706;0;11;Rondônia;11725;2019;4;Homens;1142;10 a 14 anos;11725
Indicador  3.9.2;1706;0;11;Rondônia;11725;2019;4;Homens;1143;15 a 19 anos;11725
Indicador  3.9.2;1706;0;11;Rondônia;11725;2019;4;Homens;1144;20 a 24 anos;11725
Indicador  3.9.2;1706;1;11;Rondônia;11725;2019;4;Homens;1145;25 a 29 anos;11725
Indicador  3.9.2;1706;1;11;Rondônia;11725;2019;4;Homens;1146;30 a 34 anos;11725
Indicador  3.9.2;1706;0;11;Rondônia;11725;2019;4;Homens;1147;35 a 39 anos;11725
Indicador  3.9.2;1706;0;11;Rondônia;11725;2019;4;Homens;1148;40 a 44 anos;11725
Indicador  3.9.2;1706;0;11;Rondônia;11725;2019;4;Homens;1149;45 a 49 anos;11725
Indicador  3.9.2;1706;0;11;Rondônia;11725;2019;4;Homens;1150;50 a 54 anos;11725
Indicador  3.9.2;1706;1;11;Rondônia;11725;2019;4;Homens;1151;55 a 59 anos;11725
Indicador  3.9.2;1706;25;11;Rondônia;11725;2019;4;Homens;3302;60 anos ou mais;11725
Indicador  3.9.2;1706;20;11;Rondônia;11725;2019;5;Mulheres;95253;Total;11725
Indicador  3.9.2;1706;3;11;Rondônia;11725;2019;5;Mulheres;1140;0 a 4 anos;11725
Indicador  3.9.2;1706;0;11;Rondônia;11725;2019;5;Mulheres;1141;5 a 9 anos;11725
Indicador  3.9.2;1706;0;11;Rondônia;11725;2019;5;Mulheres;1142;10 a 14 anos;11725
Indicador  3.9.2;1706;0;11;Rondônia;11725;2019;5;Mulheres;1143;15 a 19 anos;11725
Indicador  3.9.2;1706;0;11;Rondônia;11725;2019;5;Mulheres;1144;20 a 24 anos;11725
Indicador  3.9.2;1706;0;11;Rondônia;11725;2019;5;Mulheres;1145;25 a 29 anos;11725
Indicador  3.9.2;1706;0;11;Rondônia;11725;2019;5;Mulheres;1146;30 a 34 anos;11725
Indicador  3.9.2;1706;0;11;Rondônia;11725;2019;5;Mulheres;1147;35 a 39 anos;11725
Indicador  3.9.2;1706;0;11;Rondônia;11725;2019;5;Mulheres;1148;40 a 44 anos;11725
Indicador  3.9.2;1706;0;11;Rondônia;11725;2019;5;Mulheres;1149;45 a 49 anos;11725
Indicador  3.9.2;1706;0;11;Rondônia;11725;2019;5;Mulheres;1150;50 a 54 anos;11725
Indicador  3.9.2;1706;2;11;Rondônia;11725;2019;5;Mulheres;1151;55 a 59 anos;11725
Indicador  3.9.2;1706;15;11;Rondônia;11725;2019;5;Mulheres;3302;60 anos ou mais;11725
Indicador  3.9.2;1706;38;11;Rondônia;11725;2020;6794;Total;95253;Total;11725
Indicador  3.9.2;1706;3;11;Rondônia;11725;2020;6794;Total;1140;0 a 4 anos;11725
Indicador  3.9.2;1706;0;11;Rondônia;11725;2020;6794;Total;1141;5 a 9 anos;11725
Indicador  3.9.2;1706;1;11;Rondônia;11725;2020;6794;Total;1142;10 a 14 anos;11725
Indicador  3.9.2;1706;0;11;Rondônia;11725;2020;6794;Total;1143;15 a 19 anos;11725
Indicador  3.9.2;1706;0;11;Rondônia;11725;2020;6794;Total;1144;20 a 24 anos;11725
Indicador  3.9.2;1706;0;11;Rondônia;11725;2020;6794;Total;1145;25 a 29 anos;11725
Indicador  3.9.2;1706;0;11;Rondônia;11725;2020;6794;Total;1146;30 a 34 anos;11725
Indicador  3.9.2;1706;0;11;Rondônia;11725;2020;6794;Total;1147;35 a 39 anos;11725
Indicador  3.9.2;1706;1;11;Rondônia;11725;2020;6794;Total;1148;40 a 44 anos;11725
Indicador  3.9.2;1706;0;11;Rondônia;11725;2020;6794;Total;1149;45 a 49 anos;11725
Indicador  3.9.2;1706;1;11;Rondônia;11725;2020;6794;Total;1150;50 a 54 anos;11725
Indicador  3.9.2;1706;1;11;Rondônia;11725;2020;6794;Total;1151;55 a 59 anos;11725
Indicador  3.9.2;1706;30;11;Rondônia;11725;2020;6794;Total;3302;60 anos ou mais;11725
Indicador  3.9.2;1706;21;11;Rondônia;11725;2020;4;Homens;95253;Total;11725
Indicador  3.9.2;1706;3;11;Rondônia;11725;2020;4;Homens;1140;0 a 4 anos;11725
Indicador  3.9.2;1706;0;11;Rondônia;11725;2020;4;Homens;1141;5 a 9 anos;11725
Indicador  3.9.2;1706;0;11;Rondônia;11725;2020;4;Homens;1142;10 a 14 anos;11725
Indicador  3.9.2;1706;0;11;Rondônia;11725;2020;4;Homens;1143;15 a 19 anos;11725
Indicador  3.9.2;1706;0;11;Rondônia;11725;2020;4;Homens;1144;20 a 24 anos;11725
Indicador  3.9.2;1706;0;11;Rondônia;11725;2020;4;Homens;1145;25 a 29 anos;11725
Indicador  3.9.2;1706;0;11;Rondônia;11725;2020;4;Homens;1146;30 a 34 anos;11725
Indicador  3.9.2;1706;0;11;Rondônia;11725;2020;4;Homens;1147;35 a 39 anos;11725
Indicador  3.9.2;1706;1;11;Rondônia;11725;2020;4;Homens;1148;40 a 44 anos;11725
Indicador  3.9.2;1706;0;11;Rondônia;11725;2020;4;Homens;1149;45 a 49 anos;11725
Indicador  3.9.2;1706;1;11;Rondônia;11725;2020;4;Homens;1150;50 a 54 anos;11725
Indicador  3.9.2;1706;1;11;Rondônia;11725;2020;4;Homens;1151;55 a 59 anos;11725
Indicador  3.9.2;1706;14;11;Rondônia;11725;2020;4;Homens;3302;60 anos ou mais;11725
Indicador  3.9.2;1706;17;11;Rondônia;11725;2020;5;Mulheres;95253;Total;11725
Indicador  3.9.2;1706;0;11;Rondônia;11725;2020;5;Mulheres;1140;0 a 4 anos;11725
Indicador  3.9.2;1706;0;11;Rondônia;11725;2020;5;Mulheres;1141;5 a 9 anos;11725
Indicador  3.9.2;1706;1;11;Rondônia;11725;2020;5;Mulheres;1142;10 a 14 anos;11725
Indicador  3.9.2;1706;0;11;Rondônia;11725;2020;5;Mulheres;1143;15 a 19 anos;11725
Indicador  3.9.2;1706;0;11;Rondônia;11725;2020;5;Mulheres;1144;20 a 24 anos;11725
Indicador  3.9.2;1706;0;11;Rondônia;11725;2020;5;Mulheres;1145;25 a 29 anos;11725
Indicador  3.9.2;1706;0;11;Rondônia;11725;2020;5;Mulheres;1146;30 a 34 anos;11725
Indicador  3.9.2;1706;0;11;Rondônia;11725;2020;5;Mulheres;1147;35 a 39 anos;11725
Indicador  3.9.2;1706;0;11;Rondônia;11725;2020;5;Mulheres;1148;40 a 44 anos;11725
Indicador  3.9.2;1706;0;11;Rondônia;11725;2020;5;Mulheres;1149;45 a 49 anos;11725
Indicador  3.9.2;1706;0;11;Rondônia;11725;2020;5;Mulheres;1150;50 a 54 anos;11725
Indicador  3.9.2;1706;0;11;Rondônia;11725;2020;5;Mulheres;1151;55 a 59 anos;11725
Indicador  3.9.2;1706;16;11;Rondônia;11725;2020;5;Mulheres;3302;60 anos ou mais;11725
Indicador  3.9.2;1706;46;11;Rondônia;11725;2021;6794;Total;95253;Total;11725
Indicador  3.9.2;1706;8;11;Rondônia;11725;2021;6794;Total;1140;0 a 4 anos;11725
Indicador  3.9.2;1706;0;11;Rondônia;11725;2021;6794;Total;1141;5 a 9 anos;11725
Indicador  3.9.2;1706;0;11;Rondônia;11725;2021;6794;Total;1142;10 a 14 anos;11725
Indicador  3.9.2;1706;0;11;Rondônia;11725;2021;6794;Total;1143;15 a 19 anos;11725
Indicador  3.9.2;1706;0;11;Rondônia;11725;2021;6794;Total;1144;20 a 24 anos;11725
Indicador  3.9.2;1706;1;11;Rondônia;11725;2021;6794;Total;1145;25 a 29 anos;11725
Indicador  3.9.2;1706;0;11;Rondônia;11725;2021;6794;Total;1146;30 a 34 anos;11725
Indicador  3.9.2;1706;0;11;Rondônia;11725;2021;6794;Total;1147;35 a 39 anos;11725
Indicador  3.9.2;1706;1;11;Rondônia;11725;2021;6794;Total;1148;40 a 44 anos;11725
Indicador  3.9.2;1706;0;11;Rondônia;11725;2021;6794;Total;1149;45 a 49 anos;11725
Indicador  3.9.2;1706;1;11;Rondônia;11725;2021;6794;Total;1150;50 a 54 anos;11725
Indicador  3.9.2;1706;0;11;Rondônia;11725;2021;6794;Total;1151;55 a 59 anos;11725
Indicador  3.9.2;1706;35;11;Rondônia;11725;2021;6794;Total;3302;60 anos ou mais;11725
Indicador  3.9.2;1706;27;11;Rondônia;11725;2021;4;Homens;95253;Total;11725
Indicador  3.9.2;1706;4;11;Rondônia;11725;2021;4;Homens;1140;0 a 4 anos;11725
Indicador  3.9.2;1706;0;11;Rondônia;11725;2021;4;Homens;1141;5 a 9 anos;11725
Indicador  3.9.2;1706;0;11;Rondônia;11725;2021;4;Homens;1142;10 a 14 anos;11725
Indicador  3.9.2;1706;0;11;Rondônia;11725;2021;4;Homens;1143;15 a 19 anos;11725
Indicador  3.9.2;1706;0;11;Rondônia;11725;2021;4;Homens;1144;20 a 24 anos;11725
Indicador  3.9.2;1706;1;11;Rondônia;11725;2021;4;Homens;1145;25 a 29 anos;11725
Indicador  3.9.2;1706;0;11;Rondônia;11725;2021;4;Homens;1146;30 a 34 anos;11725
Indicador  3.9.2;1706;0;11;Rondônia;11725;2021;4;Homens;1147;35 a 39 anos;11725
Indicador  3.9.2;1706;1;11;Rondônia;11725;2021;4;Homens;1148;40 a 44 anos;11725
Indicador  3.9.2;1706;0;11;Rondônia;11725;2021;4;Homens;1149;45 a 49 anos;11725
Indicador  3.9.2;1706;1;11;Rondônia;11725;2021;4;Homens;1150;50 a 54 anos;11725
Indicador  3.9.2;1706;0;11;Rondônia;11725;2021;4;Homens;1151;55 a 59 anos;11725
Indicador  3.9.2;1706;20;11;Rondônia;11725;2021;4;Homens;3302;60 anos ou mais;11725
Indicador  3.9.2;1706;19;11;Rondônia;11725;2021;5;Mulheres;95253;Total;11725
Indicador  3.9.2;1706;4;11;Rondônia;11725;2021;5;Mulheres;1140;0 a 4 anos;11725
Indicador  3.9.2;1706;0;11;Rondônia;11725;2021;5;Mulheres;1141;5 a 9 anos;11725
Indicador  3.9.2;1706;0;11;Rondônia;11725;2021;5;Mulheres;1142;10 a 14 anos;11725
Indicador  3.9.2;1706;0;11;Rondônia;11725;2021;5;Mulheres;1143;15 a 19 anos;11725
Indicador  3.9.2;1706;0;11;Rondônia;11725;2021;5;Mulheres;1144;20 a 24 anos;11725
Indicador  3.9.2;1706;0;11;Rondônia;11725;2021;5;Mulheres;1145;25 a 29 anos;11725
Indicador  3.9.2;1706;0;11;Rondônia;11725;2021;5;Mulheres;1146;30 a 34 anos;11725
Indicador  3.9.2;1706;0;11;Rondônia;11725;2021;5;Mulheres;1147;35 a 39 anos;11725
Indicador  3.9.2;1706;0;11;Rondônia;11725;2021;5;Mulheres;1148;40 a 44 anos;11725
Indicador  3.9.2;1706;0;11;Rondônia;11725;2021;5;Mulheres;1149;45 a 49 anos;11725
Indicador  3.9.2;1706;0;11;Rondônia;11725;2021;5;Mulheres;1150;50 a 54 anos;11725
Indicador  3.9.2;1706;0;11;Rondônia;11725;2021;5;Mulheres;1151;55 a 59 anos;11725
Indicador  3.9.2;1706;15;11;Rondônia;11725;2021;5;Mulheres;3302;60 anos ou mais;11725
Indicador  3.9.2;1706;52;11;Rondônia;11725;2022;6794;Total;95253;Total;11725
Indicador  3.9.2;1706;3;11;Rondônia;11725;2022;6794;Total;1140;0 a 4 anos;11725
Indicador  3.9.2;1706;1;11;Rondônia;11725;2022;6794;Total;1141;5 a 9 anos;11725
Indicador  3.9.2;1706;1;11;Rondônia;11725;2022;6794;Total;1142;10 a 14 anos;11725
Indicador  3.9.2;1706;0;11;Rondônia;11725;2022;6794;Total;1143;15 a 19 anos;11725
Indicador  3.9.2;1706;2;11;Rondônia;11725;2022;6794;Total;1144;20 a 24 anos;11725
Indicador  3.9.2;1706;0;11;Rondônia;11725;2022;6794;Total;1145;25 a 29 anos;11725
Indicador  3.9.2;1706;1;11;Rondônia;11725;2022;6794;Total;1146;30 a 34 anos;11725
Indicador  3.9.2;1706;1;11;Rondônia;11725;2022;6794;Total;1147;35 a 39 anos;11725
Indicador  3.9.2;1706;3;11;Rondônia;11725;2022;6794;Total;1148;40 a 44 anos;11725
Indicador  3.9.2;1706;1;11;Rondônia;11725;2022;6794;Total;1149;45 a 49 anos;11725
Indicador  3.9.2;1706;0;11;Rondônia;11725;2022;6794;Total;1150;50 a 54 anos;11725
Indicador  3.9.2;1706;6;11;Rondônia;11725;2022;6794;Total;1151;55 a 59 anos;11725
Indicador  3.9.2;1706;33;11;Rondônia;11725;2022;6794;Total;3302;60 anos ou mais;11725
Indicador  3.9.2;1706;30;11;Rondônia;11725;2022;4;Homens;95253;Total;11725
Indicador  3.9.2;1706;3;11;Rondônia;11725;2022;4;Homens;1140;0 a 4 anos;11725
Indicador  3.9.2;1706;0;11;Rondônia;11725;2022;4;Homens;1141;5 a 9 anos;11725
Indicador  3.9.2;1706;1;11;Rondônia;11725;2022;4;Homens;1142;10 a 14 anos;11725
Indicador  3.9.2;1706;0;11;Rondônia;11725;2022;4;Homens;1143;15 a 19 anos;11725
Indicador  3.9.2;1706;2;11;Rondônia;11725;2022;4;Homens;1144;20 a 24 anos;11725
Indicador  3.9.2;1706;0;11;Rondônia;11725;2022;4;Homens;1145;25 a 29 anos;11725
Indicador  3.9.2;1706;0;11;Rondônia;11725;2022;4;Homens;1146;30 a 34 anos;11725
Indicador  3.9.2;1706;1;11;Rondônia;11725;2022;4;Homens;1147;35 a 39 anos;11725
Indicador  3.9.2;1706;2;11;Rondônia;11725;2022;4;Homens;1148;40 a 44 anos;11725
Indicador  3.9.2;1706;1;11;Rondônia;11725;2022;4;Homens;1149;45 a 49 anos;11725
Indicador  3.9.2;1706;0;11;Rondônia;11725;2022;4;Homens;1150;50 a 54 anos;11725
Indicador  3.9.2;1706;3;11;Rondônia;11725;2022;4;Homens;1151;55 a 59 anos;11725
Indicador  3.9.2;1706;17;11;Rondônia;11725;2022;4;Homens;3302;60 anos ou mais;11725
Indicador  3.9.2;1706;22;11;Rondônia;11725;2022;5;Mulheres;95253;Total;11725
Indicador  3.9.2;1706;0;11;Rondônia;11725;2022;5;Mulheres;1140;0 a 4 anos;11725
Indicador  3.9.2;1706;1;11;Rondônia;11725;2022;5;Mulheres;1141;5 a 9 anos;11725
Indicador  3.9.2;1706;0;11;Rondônia;11725;2022;5;Mulheres;1142;10 a 14 anos;11725
Indicador  3.9.2;1706;0;11;Rondônia;11725;2022;5;Mulheres;1143;15 a 19 anos;11725
Indicador  3.9.2;1706;0;11;Rondônia;11725;2022;5;Mulheres;1144;20 a 24 anos;11725
Indicador  3.9.2;1706;0;11;Rondônia;11725;2022;5;Mulheres;1145;25 a 29 anos;11725
Indicador  3.9.2;1706;1;11;Rondônia;11725;2022;5;Mulheres;1146;30 a 34 anos;11725
Indicador  3.9.2;1706;0;11;Rondônia;11725;2022;5;Mulheres;1147;35 a 39 anos;11725
Indicador  3.9.2;1706;1;11;Rondônia;11725;2022;5;Mulheres;1148;40 a 44 anos;11725
Indicador  3.9.2;1706;0;11;Rondônia;11725;2022;5;Mulheres;1149;45 a 49 anos;11725
Indicador  3.9.2;1706;0;11;Rondônia;11725;2022;5;Mulheres;1150;50 a 54 anos;11725
Indicador  3.9.2;1706;3;11;Rondônia;11725;2022;5;Mulheres;1151;55 a 59 anos;11725
Indicador  3.9.2;1706;16;11;Rondônia;11725;2022;5;Mulheres;3302;60 anos ou mais;11725
Indicador  3.9.2;1706;61;12;Acre;11725;2018;6794;Total;95253;Total;11725
Indicador  3.9.2;1706;26;12;Acre;11725;2018;6794;Total;1140;0 a 4 anos;11725
Indicador  3.9.2;1706;0;12;Acre;11725;2018;6794;Total;1141;5 a 9 anos;11725
Indicador  3.9.2;1706;0;12;Acre;11725;2018;6794;Total;1142;10 a 14 anos;11725
Indicador  3.9.2;1706;0;12;Acre;11725;2018;6794;Total;1143;15 a 19 anos;11725
Indicador  3.9.2;1706;0;12;Acre;11725;2018;6794;Total;1144;20 a 24 anos;11725
Indicador  3.9.2;1706;0;12;Acre;11725;2018;6794;Total;1145;25 a 29 anos;11725
Indicador  3.9.2;1706;0;12;Acre;11725;2018;6794;Total;1146;30 a 34 anos;11725
Indicador  3.9.2;1706;1;12;Acre;11725;2018;6794;Total;1147;35 a 39 anos;11725
Indicador  3.9.2;1706;3;12;Acre;11725;2018;6794;Total;1148;40 a 44 anos;11725
Indicador  3.9.2;1706;0;12;Acre;11725;2018;6794;Total;1149;45 a 49 anos;11725
Indicador  3.9.2;1706;1;12;Acre;11725;2018;6794;Total;1150;50 a 54 anos;11725
Indicador  3.9.2;1706;1;12;Acre;11725;2018;6794;Total;1151;55 a 59 anos;11725
Indicador  3.9.2;1706;29;12;Acre;11725;2018;6794;Total;3302;60 anos ou mais;11725
Indicador  3.9.2;1706;36;12;Acre;11725;2018;4;Homens;95253;Total;11725
Indicador  3.9.2;1706;15;12;Acre;11725;2018;4;Homens;1140;0 a 4 anos;11725
Indicador  3.9.2;1706;0;12;Acre;11725;2018;4;Homens;1141;5 a 9 anos;11725
Indicador  3.9.2;1706;0;12;Acre;11725;2018;4;Homens;1142;10 a 14 anos;11725
Indicador  3.9.2;1706;0;12;Acre;11725;2018;4;Homens;1143;15 a 19 anos;11725
Indicador  3.9.2;1706;0;12;Acre;11725;2018;4;Homens;1144;20 a 24 anos;11725
Indicador  3.9.2;1706;0;12;Acre;11725;2018;4;Homens;1145;25 a 29 anos;11725
Indicador  3.9.2;1706;0;12;Acre;11725;2018;4;Homens;1146;30 a 34 anos;11725
Indicador  3.9.2;1706;0;12;Acre;11725;2018;4;Homens;1147;35 a 39 anos;11725
Indicador  3.9.2;1706;2;12;Acre;11725;2018;4;Homens;1148;40 a 44 anos;11725
Indicador  3.9.2;1706;0;12;Acre;11725;2018;4;Homens;1149;45 a 49 anos;11725
Indicador  3.9.2;1706;1;12;Acre;11725;2018;4;Homens;1150;50 a 54 anos;11725
Indicador  3.9.2;1706;0;12;Acre;11725;2018;4;Homens;1151;55 a 59 anos;11725
Indicador  3.9.2;1706;18;12;Acre;11725;2018;4;Homens;3302;60 anos ou mais;11725
Indicador  3.9.2;1706;25;12;Acre;11725;2018;5;Mulheres;95253;Total;11725
Indicador  3.9.2;1706;11;12;Acre;11725;2018;5;Mulheres;1140;0 a 4 anos;11725
Indicador  3.9.2;1706;0;12;Acre;11725;2018;5;Mulheres;1141;5 a 9 anos;11725
Indicador  3.9.2;1706;0;12;Acre;11725;2018;5;Mulheres;1142;10 a 14 anos;11725
Indicador  3.9.2;1706;0;12;Acre;11725;2018;5;Mulheres;1143;15 a 19 anos;11725
Indicador  3.9.2;1706;0;12;Acre;11725;2018;5;Mulheres;1144;20 a 24 anos;11725
Indicador  3.9.2;1706;0;12;Acre;11725;2018;5;Mulheres;1145;25 a 29 anos;11725
Indicador  3.9.2;1706;0;12;Acre;11725;2018;5;Mulheres;1146;30 a 34 anos;11725
Indicador  3.9.2;1706;1;12;Acre;11725;2018;5;Mulheres;1147;35 a 39 anos;11725
Indicador  3.9.2;1706;1;12;Acre;11725;2018;5;Mulheres;1148;40 a 44 anos;11725
Indicador  3.9.2;1706;0;12;Acre;11725;2018;5;Mulheres;1149;45 a 49 anos;11725
Indicador  3.9.2;1706;0;12;Acre;11725;2018;5;Mulheres;1150;50 a 54 anos;11725
Indicador  3.9.2;1706;1;12;Acre;11725;2018;5;Mulheres;1151;55 a 59 anos;11725
Indicador  3.9.2;1706;11;12;Acre;11725;2018;5;Mulheres;3302;60 anos ou mais;11725
Indicador  3.9.2;1706;63;12;Acre;11725;2019;6794;Total;95253;Total;11725
Indicador  3.9.2;1706;28;12;Acre;11725;2019;6794;Total;1140;0 a 4 anos;11725
Indicador  3.9.2;1706;3;12;Acre;11725;2019;6794;Total;1141;5 a 9 anos;11725
Indicador  3.9.2;1706;0;12;Acre;11725;2019;6794;Total;1142;10 a 14 anos;11725
Indicador  3.9.2;1706;1;12;Acre;11725;2019;6794;Total;1143;15 a 19 anos;11725
Indicador  3.9.2;1706;1;12;Acre;11725;2019;6794;Total;1144;20 a 24 anos;11725
Indicador  3.9.2;1706;1;12;Acre;11725;2019;6794;Total;1145;25 a 29 anos;11725
Indicador  3.9.2;1706;0;12;Acre;11725;2019;6794;Total;1146;30 a 34 anos;11725
Indicador  3.9.2;1706;0;12;Acre;11725;2019;6794;Total;1147;35 a 39 anos;11725
Indicador  3.9.2;1706;1;12;Acre;11725;2019;6794;Total;1148;40 a 44 anos;11725
Indicador  3.9.2;1706;0;12;Acre;11725;2019;6794;Total;1149;45 a 49 anos;11725
Indicador  3.9.2;1706;1;12;Acre;11725;2019;6794;Total;1150;50 a 54 anos;11725
Indicador  3.9.2;1706;1;12;Acre;11725;2019;6794;Total;1151;55 a 59 anos;11725
Indicador  3.9.2;1706;26;12;Acre;11725;2019;6794;Total;3302;60 anos ou mais;11725
Indicador  3.9.2;1706;33;12;Acre;11725;2019;4;Homens;95253;Total;11725
Indicador  3.9.2;1706;15;12;Acre;11725;2019;4;Homens;1140;0 a 4 anos;11725
Indicador  3.9.2;1706;0;12;Acre;11725;2019;4;Homens;1141;5 a 9 anos;11725
Indicador  3.9.2;1706;0;12;Acre;11725;2019;4;Homens;1142;10 a 14 anos;11725
Indicador  3.9.2;1706;1;12;Acre;11725;2019;4;Homens;1143;15 a 19 anos;11725
Indicador  3.9.2;1706;0;12;Acre;11725;2019;4;Homens;1144;20 a 24 anos;11725
Indicador  3.9.2;1706;0;12;Acre;11725;2019;4;Homens;1145;25 a 29 anos;11725
Indicador  3.9.2;1706;0;12;Acre;11725;2019;4;Homens;1146;30 a 34 anos;11725
Indicador  3.9.2;1706;0;12;Acre;11725;2019;4;Homens;1147;35 a 39 anos;11725
Indicador  3.9.2;1706;1;12;Acre;11725;2019;4;Homens;1148;40 a 44 anos;11725
Indicador  3.9.2;1706;0;12;Acre;11725;2019;4;Homens;1149;45 a 49 anos;11725
Indicador  3.9.2;1706;0;12;Acre;11725;2019;4;Homens;1150;50 a 54 anos;11725
Indicador  3.9.2;1706;1;12;Acre;11725;2019;4;Homens;1151;55 a 59 anos;11725
Indicador  3.9.2;1706;15;12;Acre;11725;2019;4;Homens;3302;60 anos ou mais;11725
Indicador  3.9.2;1706;30;12;Acre;11725;2019;5;Mulheres;95253;Total;11725
Indicador  3.9.2;1706;13;12;Acre;11725;2019;5;Mulheres;1140;0 a 4 anos;11725
Indicador  3.9.2;1706;3;12;Acre;11725;2019;5;Mulheres;1141;5 a 9 anos;11725
Indicador  3.9.2;1706;0;12;Acre;11725;2019;5;Mulheres;1142;10 a 14 anos;11725
Indicador  3.9.2;1706;0;12;Acre;11725;2019;5;Mulheres;1143;15 a 19 anos;11725
Indicador  3.9.2;1706;1;12;Acre;11725;2019;5;Mulheres;1144;20 a 24 anos;11725
Indicador  3.9.2;1706;1;12;Acre;11725;2019;5;Mulheres;1145;25 a 29 anos;11725
Indicador  3.9.2;1706;0;12;Acre;11725;2019;5;Mulheres;1146;30 a 34 anos;11725
Indicador  3.9.2;1706;0;12;Acre;11725;2019;5;Mulheres;1147;35 a 39 anos;11725
Indicador  3.9.2;1706;0;12;Acre;11725;2019;5;Mulheres;1148;40 a 44 anos;11725
Indicador  3.9.2;1706;0;12;Acre;11725;2019;5;Mulheres;1149;45 a 49 anos;11725
Indicador  3.9.2;1706;1;12;Acre;11725;2019;5;Mulheres;1150;50 a 54 anos;11725
Indicador  3.9.2;1706;0;12;Acre;11725;2019;5;Mulheres;1151;55 a 59 anos;11725
Indicador  3.9.2;1706;11;12;Acre;11725;2019;5;Mulheres;3302;60 anos ou mais;11725
Indicador  3.9.2;1706;41;12;Acre;11725;2020;6794;Total;95253;Total;11725
Indicador  3.9.2;1706;21;12;Acre;11725;2020;6794;Total;1140;0 a 4 anos;11725
Indicador  3.9.2;1706;1;12;Acre;11725;2020;6794;Total;1141;5 a 9 anos;11725
Indicador  3.9.2;1706;0;12;Acre;11725;2020;6794;Total;1142;10 a 14 anos;11725
Indicador  3.9.2;1706;1;12;Acre;11725;2020;6794;Total;1143;15 a 19 anos;11725
Indicador  3.9.2;1706;0;12;Acre;11725;2020;6794;Total;1144;20 a 24 anos;11725
Indicador  3.9.2;1706;0;12;Acre;11725;2020;6794;Total;1145;25 a 29 anos;11725
Indicador  3.9.2;1706;0;12;Acre;11725;2020;6794;Total;1146;30 a 34 anos;11725
Indicador  3.9.2;1706;0;12;Acre;11725;2020;6794;Total;1147;35 a 39 anos;11725
Indicador  3.9.2;1706;0;12;Acre;11725;2020;6794;Total;1148;40 a 44 anos;11725
Indicador  3.9.2;1706;0;12;Acre;11725;2020;6794;Total;1149;45 a 49 anos;11725
Indicador  3.9.2;1706;0;12;Acre;11725;2020;6794;Total;1150;50 a 54 anos;11725
Indicador  3.9.2;1706;0;12;Acre;11725;2020;6794;Total;1151;55 a 59 anos;11725
Indicador  3.9.2;1706;18;12;Acre;11725;2020;6794;Total;3302;60 anos ou mais;11725
Indicador  3.9.2;1706;22;12;Acre;11725;2020;4;Homens;95253;Total;11725
Indicador  3.9.2;1706;11;12;Acre;11725;2020;4;Homens;1140;0 a 4 anos;11725
Indicador  3.9.2;1706;0;12;Acre;11725;2020;4;Homens;1141;5 a 9 anos;11725
Indicador  3.9.2;1706;0;12;Acre;11725;2020;4;Homens;1142;10 a 14 anos;11725
Indicador  3.9.2;1706;1;12;Acre;11725;2020;4;Homens;1143;15 a 19 anos;11725
Indicador  3.9.2;1706;0;12;Acre;11725;2020;4;Homens;1144;20 a 24 anos;11725
Indicador  3.9.2;1706;0;12;Acre;11725;2020;4;Homens;1145;25 a 29 anos;11725
Indicador  3.9.2;1706;0;12;Acre;11725;2020;4;Homens;1146;30 a 34 anos;11725
Indicador  3.9.2;1706;0;12;Acre;11725;2020;4;Homens;1147;35 a 39 anos;11725
Indicador  3.9.2;1706;0;12;Acre;11725;2020;4;Homens;1148;40 a 44 anos;11725
Indicador  3.9.2;1706;0;12;Acre;11725;2020;4;Homens;1149;45 a 49 anos;11725
Indicador  3.9.2;1706;0;12;Acre;11725;2020;4;Homens;1150;50 a 54 anos;11725
Indicador  3.9.2;1706;0;12;Acre;11725;2020;4;Homens;1151;55 a 59 anos;11725
Indicador  3.9.2;1706;10;12;Acre;11725;2020;4;Homens;3302;60 anos ou mais;11725
Indicador  3.9.2;1706;19;12;Acre;11725;2020;5;Mulheres;95253;Total;11725
Indicador  3.9.2;1706;10;12;Acre;11725;2020;5;Mulheres;1140;0 a 4 anos;11725
Indicador  3.9.2;1706;1;12;Acre;11725;2020;5;Mulheres;1141;5 a 9 anos;11725
Indicador  3.9.2;1706;0;12;Acre;11725;2020;5;Mulheres;1142;10 a 14 anos;11725
Indicador  3.9.2;1706;0;12;Acre;11725;2020;5;Mulheres;1143;15 a 19 anos;11725
Indicador  3.9.2;1706;0;12;Acre;11725;2020;5;Mulheres;1144;20 a 24 anos;11725
Indicador  3.9.2;1706;0;12;Acre;11725;2020;5;Mulheres;1145;25 a 29 anos;11725
Indicador  3.9.2;1706;0;12;Acre;11725;2020;5;Mulheres;1146;30 a 34 anos;11725
Indicador  3.9.2;1706;0;12;Acre;11725;2020;5;Mulheres;1147;35 a 39 anos;11725
Indicador  3.9.2;1706;0;12;Acre;11725;2020;5;Mulheres;1148;40 a 44 anos;11725
Indicador  3.9.2;1706;0;12;Acre;11725;2020;5;Mulheres;1149;45 a 49 anos;11725
Indicador  3.9.2;1706;0;12;Acre;11725;2020;5;Mulheres;1150;50 a 54 anos;11725
Indicador  3.9.2;1706;0;12;Acre;11725;2020;5;Mulheres;1151;55 a 59 anos;11725
Indicador  3.9.2;1706;8;12;Acre;11725;2020;5;Mulheres;3302;60 anos ou mais;11725
Indicador  3.9.2;1706;50;12;Acre;11725;2021;6794;Total;95253;Total;11725
Indicador  3.9.2;1706;22;12;Acre;11725;2021;6794;Total;1140;0 a 4 anos;11725
Indicador  3.9.2;1706;0;12;Acre;11725;2021;6794;Total;1141;5 a 9 anos;11725
Indicador  3.9.2;1706;1;12;Acre;11725;2021;6794;Total;1142;10 a 14 anos;11725
Indicador  3.9.2;1706;0;12;Acre;11725;2021;6794;Total;1143;15 a 19 anos;11725
Indicador  3.9.2;1706;1;12;Acre;11725;2021;6794;Total;1144;20 a 24 anos;11725
Indicador  3.9.2;1706;0;12;Acre;11725;2021;6794;Total;1145;25 a 29 anos;11725
Indicador  3.9.2;1706;1;12;Acre;11725;2021;6794;Total;1146;30 a 34 anos;11725
Indicador  3.9.2;1706;0;12;Acre;11725;2021;6794;Total;1147;35 a 39 anos;11725
Indicador  3.9.2;1706;0;12;Acre;11725;2021;6794;Total;1148;40 a 44 anos;11725
Indicador  3.9.2;1706;1;12;Acre;11725;2021;6794;Total;1149;45 a 49 anos;11725
Indicador  3.9.2;1706;1;12;Acre;11725;2021;6794;Total;1150;50 a 54 anos;11725
Indicador  3.9.2;1706;2;12;Acre;11725;2021;6794;Total;1151;55 a 59 anos;11725
Indicador  3.9.2;1706;21;12;Acre;11725;2021;6794;Total;3302;60 anos ou mais;11725
Indicador  3.9.2;1706;25;12;Acre;11725;2021;4;Homens;95253;Total;11725
Indicador  3.9.2;1706;11;12;Acre;11725;2021;4;Homens;1140;0 a 4 anos;11725
Indicador  3.9.2;1706;0;12;Acre;11725;2021;4;Homens;1141;5 a 9 anos;11725
Indicador  3.9.2;1706;1;12;Acre;11725;2021;4;Homens;1142;10 a 14 anos;11725
Indicador  3.9.2;1706;0;12;Acre;11725;2021;4;Homens;1143;15 a 19 anos;11725
Indicador  3.9.2;1706;0;12;Acre;11725;2021;4;Homens;1144;20 a 24 anos;11725
Indicador  3.9.2;1706;0;12;Acre;11725;2021;4;Homens;1145;25 a 29 anos;11725
Indicador  3.9.2;1706;0;12;Acre;11725;2021;4;Homens;1146;30 a 34 anos;11725
Indicador  3.9.2;1706;0;12;Acre;11725;2021;4;Homens;1147;35 a 39 anos;11725
Indicador  3.9.2;1706;0;12;Acre;11725;2021;4;Homens;1148;40 a 44 anos;11725
Indicador  3.9.2;1706;1;12;Acre;11725;2021;4;Homens;1149;45 a 49 anos;11725
Indicador  3.9.2;1706;0;12;Acre;11725;2021;4;Homens;1150;50 a 54 anos;11725
Indicador  3.9.2;1706;2;12;Acre;11725;2021;4;Homens;1151;55 a 59 anos;11725
Indicador  3.9.2;1706;10;12;Acre;11725;2021;4;Homens;3302;60 anos ou mais;11725
Indicador  3.9.2;1706;25;12;Acre;11725;2021;5;Mulheres;95253;Total;11725
Indicador  3.9.2;1706;11;12;Acre;11725;2021;5;Mulheres;1140;0 a 4 anos;11725
Indicador  3.9.2;1706;0;12;Acre;11725;2021;5;Mulheres;1141;5 a 9 anos;11725
Indicador  3.9.2;1706;0;12;Acre;11725;2021;5;Mulheres;1142;10 a 14 anos;11725
Indicador  3.9.2;1706;0;12;Acre;11725;2021;5;Mulheres;1143;15 a 19 anos;11725
Indicador  3.9.2;1706;1;12;Acre;11725;2021;5;Mulheres;1144;20 a 24 anos;11725
Indicador  3.9.2;1706;0;12;Acre;11725;2021;5;Mulheres;1145;25 a 29 anos;11725
Indicador  3.9.2;1706;1;12;Acre;11725;2021;5;Mulheres;1146;30 a 34 anos;11725
Indicador  3.9.2;1706;0;12;Acre;11725;2021;5;Mulheres;1147;35 a 39 anos;11725
Indicador  3.9.2;1706;0;12;Acre;11725;2021;5;Mulheres;1148;40 a 44 anos;11725
Indicador  3.9.2;1706;0;12;Acre;11725;2021;5;Mulheres;1149;45 a 49 anos;11725
Indicador  3.9.2;1706;1;12;Acre;11725;2021;5;Mulheres;1150;50 a 54 anos;11725
Indicador  3.9.2;1706;0;12;Acre;11725;2021;5;Mulheres;1151;55 a 59 anos;11725
Indicador  3.9.2;1706;11;12;Acre;11725;2021;5;Mulheres;3302;60 anos ou mais;11725
Indicador  3.9.2;1706;65;12;Acre;11725;2022;6794;Total;95253;Total;11725
Indicador  3.9.2;1706;12;12;Acre;11725;2022;6794;Total;1140;0 a 4 anos;11725
Indicador  3.9.2;1706;0;12;Acre;11725;2022;6794;Total;1141;5 a 9 anos;11725
Indicador  3.9.2;1706;0;12;Acre;11725;2022;6794;Total;1142;10 a 14 anos;11725
Indicador  3.9.2;1706;0;12;Acre;11725;2022;6794;Total;1143;15 a 19 anos;11725
Indicador  3.9.2;1706;0;12;Acre;11725;2022;6794;Total;1144;20 a 24 anos;11725
Indicador  3.9.2;1706;0;12;Acre;11725;2022;6794;Total;1145;25 a 29 anos;11725
Indicador  3.9.2;1706;3;12;Acre;11725;2022;6794;Total;1146;30 a 34 anos;11725
Indicador  3.9.2;1706;0;12;Acre;11725;2022;6794;Total;1147;35 a 39 anos;11725
Indicador  3.9.2;1706;0;12;Acre;11725;2022;6794;Total;1148;40 a 44 anos;11725
Indicador  3.9.2;1706;1;12;Acre;11725;2022;6794;Total;1149;45 a 49 anos;11725
Indicador  3.9.2;1706;1;12;Acre;11725;2022;6794;Total;1150;50 a 54 anos;11725
Indicador  3.9.2;1706;2;12;Acre;11725;2022;6794;Total;1151;55 a 59 anos;11725
Indicador  3.9.2;1706;46;12;Acre;11725;2022;6794;Total;3302;60 anos ou mais;11725
Indicador  3.9.2;1706;36;12;Acre;11725;2022;4;Homens;95253;Total;11725
Indicador  3.9.2;1706;6;12;Acre;11725;2022;4;Homens;1140;0 a 4 anos;11725
Indicador  3.9.2;1706;0;12;Acre;11725;2022;4;Homens;1141;5 a 9 anos;11725
Indicador  3.9.2;1706;0;12;Acre;11725;2022;4;Homens;1142;10 a 14 anos;11725
Indicador  3.9.2;1706;0;12;Acre;11725;2022;4;Homens;1143;15 a 19 anos;11725
Indicador  3.9.2;1706;0;12;Acre;11725;2022;4;Homens;1144;20 a 24 anos;11725
Indicador  3.9.2;1706;0;12;Acre;11725;2022;4;Homens;1145;25 a 29 anos;11725
Indicador  3.9.2;1706;2;12;Acre;11725;2022;4;Homens;1146;30 a 34 anos;11725
Indicador  3.9.2;1706;0;12;Acre;11725;2022;4;Homens;1147;35 a 39 anos;11725
Indicador  3.9.2;1706;0;12;Acre;11725;2022;4;Homens;1148;40 a 44 anos;11725
Indicador  3.9.2;1706;1;12;Acre;11725;2022;4;Homens;1149;45 a 49 anos;11725
Indicador  3.9.2;1706;1;12;Acre;11725;2022;4;Homens;1150;50 a 54 anos;11725
Indicador  3.9.2;1706;2;12;Acre;11725;2022;4;Homens;1151;55 a 59 anos;11725
Indicador  3.9.2;1706;24;12;Acre;11725;2022;4;Homens;3302;60 anos ou mais;11725
Indicador  3.9.2;1706;29;12;Acre;11725;2022;5;Mulheres;95253;Total;11725
Indicador  3.9.2;1706;6;12;Acre;11725;2022;5;Mulheres;1140;0 a 4 anos;11725
Indicador  3.9.2;1706;0;12;Acre;11725;2022;5;Mulheres;1141;5 a 9 anos;11725
Indicador  3.9.2;1706;0;12;Acre;11725;2022;5;Mulheres;1142;10 a 14 anos;11725
Indicador  3.9.2;1706;0;12;Acre;11725;2022;5;Mulheres;1143;15 a 19 anos;11725
Indicador  3.9.2;1706;0;12;Acre;11725;2022;5;Mulheres;1144;20 a 24 anos;11725
Indicador  3.9.2;1706;0;12;Acre;11725;2022;5;Mulheres;1145;25 a 29 anos;11725
Indicador  3.9.2;1706;1;12;Acre;11725;2022;5;Mulheres;1146;30 a 34 anos;11725
Indicador  3.9.2;1706;0;12;Acre;11725;2022;5;Mulheres;1147;35 a 39 anos;11725
Indicador  3.9.2;1706;0;12;Acre;11725;2022;5;Mulheres;1148;40 a 44 anos;11725
Indicador  3.9.2;1706;0;12;Acre;11725;2022;5;Mulheres;1149;45 a 49 anos;11725
Indicador  3.9.2;1706;0;12;Acre;11725;2022;5;Mulheres;1150;50 a 54 anos;11725
Indicador  3.9.2;1706;0;12;Acre;11725;2022;5;Mulheres;1151;55 a 59 anos;11725
Indicador  3.9.2;1706;22;12;Acre;11725;2022;5;Mulheres;3302;60 anos ou mais;11725
Indicador  3.9.2;1706;252;13;Amazonas;11725;2018;6794;Total;95253;Total;11725
Indicador  3.9.2;1706;86;13;Amazonas;11725;2018;6794;Total;1140;0 a 4 anos;11725
Indicador  3.9.2;1706;4;13;Amazonas;11725;2018;6794;Total;1141;5 a 9 anos;11725
Indicador  3.9.2;1706;4;13;Amazonas;11725;2018;6794;Total;1142;10 a 14 anos;11725
Indicador  3.9.2;1706;3;13;Amazonas;11725;2018;6794;Total;1143;15 a 19 anos;11725
Indicador  3.9.2;1706;3;13;Amazonas;11725;2018;6794;Total;1144;20 a 24 anos;11725
Indicador  3.9.2;1706;4;13;Amazonas;11725;2018;6794;Total;1145;25 a 29 anos;11725
Indicador  3.9.2;1706;2;13;Amazonas;11725;2018;6794;Total;1146;30 a 34 anos;11725
Indicador  3.9.2;1706;4;13;Amazonas;11725;2018;6794;Total;1147;35 a 39 anos;11725
Indicador  3.9.2;1706;3;13;Amazonas;11725;2018;6794;Total;1148;40 a 44 anos;11725
Indicador  3.9.2;1706;7;13;Amazonas;11725;2018;6794;Total;1149;45 a 49 anos;11725
Indicador  3.9.2;1706;5;13;Amazonas;11725;2018;6794;Total;1150;50 a 54 anos;11725
Indicador  3.9.2;1706;7;13;Amazonas;11725;2018;6794;Total;1151;55 a 59 anos;11725
Indicador  3.9.2;1706;120;13;Amazonas;11725;2018;6794;Total;3302;60 anos ou mais;11725
Indicador  3.9.2;1706;141;13;Amazonas;11725;2018;4;Homens;95253;Total;11725
Indicador  3.9.2;1706;53;13;Amazonas;11725;2018;4;Homens;1140;0 a 4 anos;11725
Indicador  3.9.2;1706;1;13;Amazonas;11725;2018;4;Homens;1141;5 a 9 anos;11725
Indicador  3.9.2;1706;2;13;Amazonas;11725;2018;4;Homens;1142;10 a 14 anos;11725
Indicador  3.9.2;1706;2;13;Amazonas;11725;2018;4;Homens;1143;15 a 19 anos;11725
Indicador  3.9.2;1706;3;13;Amazonas;11725;2018;4;Homens;1144;20 a 24 anos;11725
Indicador  3.9.2;1706;4;13;Amazonas;11725;2018;4;Homens;1145;25 a 29 anos;11725
Indicador  3.9.2;1706;2;13;Amazonas;11725;2018;4;Homens;1146;30 a 34 anos;11725
Indicador  3.9.2;1706;3;13;Amazonas;11725;2018;4;Homens;1147;35 a 39 anos;11725
Indicador  3.9.2;1706;2;13;Amazonas;11725;2018;4;Homens;1148;40 a 44 anos;11725
Indicador  3.9.2;1706;4;13;Amazonas;11725;2018;4;Homens;1149;45 a 49 anos;11725
Indicador  3.9.2;1706;5;13;Amazonas;11725;2018;4;Homens;1150;50 a 54 anos;11725
Indicador  3.9.2;1706;7;13;Amazonas;11725;2018;4;Homens;1151;55 a 59 anos;11725
Indicador  3.9.2;1706;53;13;Amazonas;11725;2018;4;Homens;3302;60 anos ou mais;11725
Indicador  3.9.2;1706;111;13;Amazonas;11725;2018;5;Mulheres;95253;Total;11725
Indicador  3.9.2;1706;33;13;Amazonas;11725;2018;5;Mulheres;1140;0 a 4 anos;11725
Indicador  3.9.2;1706;3;13;Amazonas;11725;2018;5;Mulheres;1141;5 a 9 anos;11725
Indicador  3.9.2;1706;2;13;Amazonas;11725;2018;5;Mulheres;1142;10 a 14 anos;11725
Indicador  3.9.2;1706;1;13;Amazonas;11725;2018;5;Mulheres;1143;15 a 19 anos;11725
Indicador  3.9.2;1706;0;13;Amazonas;11725;2018;5;Mulheres;1144;20 a 24 anos;11725
Indicador  3.9.2;1706;0;13;Amazonas;11725;2018;5;Mulheres;1145;25 a 29 anos;11725
Indicador  3.9.2;1706;0;13;Amazonas;11725;2018;5;Mulheres;1146;30 a 34 anos;11725
Indicador  3.9.2;1706;1;13;Amazonas;11725;2018;5;Mulheres;1147;35 a 39 anos;11725
Indicador  3.9.2;1706;1;13;Amazonas;11725;2018;5;Mulheres;1148;40 a 44 anos;11725
Indicador  3.9.2;1706;3;13;Amazonas;11725;2018;5;Mulheres;1149;45 a 49 anos;11725
Indicador  3.9.2;1706;0;13;Amazonas;11725;2018;5;Mulheres;1150;50 a 54 anos;11725
Indicador  3.9.2;1706;0;13;Amazonas;11725;2018;5;Mulheres;1151;55 a 59 anos;11725
Indicador  3.9.2;1706;67;13;Amazonas;11725;2018;5;Mulheres;3302;60 anos ou mais;11725
Indicador  3.9.2;1706;271;13;Amazonas;11725;2019;6794;Total;95253;Total;11725
Indicador  3.9.2;1706;74;13;Amazonas;11725;2019;6794;Total;1140;0 a 4 anos;11725
Indicador  3.9.2;1706;8;13;Amazonas;11725;2019;6794;Total;1141;5 a 9 anos;11725
Indicador  3.9.2;1706;1;13;Amazonas;11725;2019;6794;Total;1142;10 a 14 anos;11725
Indicador  3.9.2;1706;3;13;Amazonas;11725;2019;6794;Total;1143;15 a 19 anos;11725
Indicador  3.9.2;1706;2;13;Amazonas;11725;2019;6794;Total;1144;20 a 24 anos;11725
Indicador  3.9.2;1706;1;13;Amazonas;11725;2019;6794;Total;1145;25 a 29 anos;11725
Indicador  3.9.2;1706;7;13;Amazonas;11725;2019;6794;Total;1146;30 a 34 anos;11725
Indicador  3.9.2;1706;2;13;Amazonas;11725;2019;6794;Total;1147;35 a 39 anos;11725
Indicador  3.9.2;1706;5;13;Amazonas;11725;2019;6794;Total;1148;40 a 44 anos;11725
Indicador  3.9.2;1706;2;13;Amazonas;11725;2019;6794;Total;1149;45 a 49 anos;11725
Indicador  3.9.2;1706;5;13;Amazonas;11725;2019;6794;Total;1150;50 a 54 anos;11725
Indicador  3.9.2;1706;3;13;Amazonas;11725;2019;6794;Total;1151;55 a 59 anos;11725
Indicador  3.9.2;1706;158;13;Amazonas;11725;2019;6794;Total;3302;60 anos ou mais;11725
Indicador  3.9.2;1706;154;13;Amazonas;11725;2019;4;Homens;95253;Total;11725
Indicador  3.9.2;1706;50;13;Amazonas;11725;2019;4;Homens;1140;0 a 4 anos;11725
Indicador  3.9.2;1706;5;13;Amazonas;11725;2019;4;Homens;1141;5 a 9 anos;11725
Indicador  3.9.2;1706;1;13;Amazonas;11725;2019;4;Homens;1142;10 a 14 anos;11725
Indicador  3.9.2;1706;0;13;Amazonas;11725;2019;4;Homens;1143;15 a 19 anos;11725
Indicador  3.9.2;1706;1;13;Amazonas;11725;2019;4;Homens;1144;20 a 24 anos;11725
Indicador  3.9.2;1706;1;13;Amazonas;11725;2019;4;Homens;1145;25 a 29 anos;11725
Indicador  3.9.2;1706;5;13;Amazonas;11725;2019;4;Homens;1146;30 a 34 anos;11725
Indicador  3.9.2;1706;1;13;Amazonas;11725;2019;4;Homens;1147;35 a 39 anos;11725
Indicador  3.9.2;1706;2;13;Amazonas;11725;2019;4;Homens;1148;40 a 44 anos;11725
Indicador  3.9.2;1706;2;13;Amazonas;11725;2019;4;Homens;1149;45 a 49 anos;11725
Indicador  3.9.2;1706;2;13;Amazonas;11725;2019;4;Homens;1150;50 a 54 anos;11725
Indicador  3.9.2;1706;2;13;Amazonas;11725;2019;4;Homens;1151;55 a 59 anos;11725
Indicador  3.9.2;1706;82;13;Amazonas;11725;2019;4;Homens;3302;60 anos ou mais;11725
Indicador  3.9.2;1706;117;13;Amazonas;11725;2019;5;Mulheres;95253;Total;11725
Indicador  3.9.2;1706;24;13;Amazonas;11725;2019;5;Mulheres;1140;0 a 4 anos;11725
Indicador  3.9.2;1706;3;13;Amazonas;11725;2019;5;Mulheres;1141;5 a 9 anos;11725
Indicador  3.9.2;1706;0;13;Amazonas;11725;2019;5;Mulheres;1142;10 a 14 anos;11725
Indicador  3.9.2;1706;3;13;Amazonas;11725;2019;5;Mulheres;1143;15 a 19 anos;11725
Indicador  3.9.2;1706;1;13;Amazonas;11725;2019;5;Mulheres;1144;20 a 24 anos;11725
Indicador  3.9.2;1706;0;13;Amazonas;11725;2019;5;Mulheres;1145;25 a 29 anos;11725
Indicador  3.9.2;1706;2;13;Amazonas;11725;2019;5;Mulheres;1146;30 a 34 anos;11725
Indicador  3.9.2;1706;1;13;Amazonas;11725;2019;5;Mulheres;1147;35 a 39 anos;11725
Indicador  3.9.2;1706;3;13;Amazonas;11725;2019;5;Mulheres;1148;40 a 44 anos;11725
Indicador  3.9.2;1706;0;13;Amazonas;11725;2019;5;Mulheres;1149;45 a 49 anos;11725
Indicador  3.9.2;1706;3;13;Amazonas;11725;2019;5;Mulheres;1150;50 a 54 anos;11725
Indicador  3.9.2;1706;1;13;Amazonas;11725;2019;5;Mulheres;1151;55 a 59 anos;11725
Indicador  3.9.2;1706;76;13;Amazonas;11725;2019;5;Mulheres;3302;60 anos ou mais;11725
Indicador  3.9.2;1706;242;13;Amazonas;11725;2020;6794;Total;95253;Total;11725
Indicador  3.9.2;1706;69;13;Amazonas;11725;2020;6794;Total;1140;0 a 4 anos;11725
Indicador  3.9.2;1706;5;13;Amazonas;11725;2020;6794;Total;1141;5 a 9 anos;11725
Indicador  3.9.2;1706;4;13;Amazonas;11725;2020;6794;Total;1142;10 a 14 anos;11725
Indicador  3.9.2;1706;1;13;Amazonas;11725;2020;6794;Total;1143;15 a 19 anos;11725
Indicador  3.9.2;1706;3;13;Amazonas;11725;2020;6794;Total;1144;20 a 24 anos;11725
Indicador  3.9.2;1706;0;13;Amazonas;11725;2020;6794;Total;1145;25 a 29 anos;11725
Indicador  3.9.2;1706;2;13;Amazonas;11725;2020;6794;Total;1146;30 a 34 anos;11725
Indicador  3.9.2;1706;2;13;Amazonas;11725;2020;6794;Total;1147;35 a 39 anos;11725
Indicador  3.9.2;1706;3;13;Amazonas;11725;2020;6794;Total;1148;40 a 44 anos;11725
Indicador  3.9.2;1706;5;13;Amazonas;11725;2020;6794;Total;1149;45 a 49 anos;11725
Indicador  3.9.2;1706;9;13;Amazonas;11725;2020;6794;Total;1150;50 a 54 anos;11725
Indicador  3.9.2;1706;8;13;Amazonas;11725;2020;6794;Total;1151;55 a 59 anos;11725
Indicador  3.9.2;1706;131;13;Amazonas;11725;2020;6794;Total;3302;60 anos ou mais;11725
Indicador  3.9.2;1706;131;13;Amazonas;11725;2020;4;Homens;95253;Total;11725
Indicador  3.9.2;1706;34;13;Amazonas;11725;2020;4;Homens;1140;0 a 4 anos;11725
Indicador  3.9.2;1706;3;13;Amazonas;11725;2020;4;Homens;1141;5 a 9 anos;11725
Indicador  3.9.2;1706;3;13;Amazonas;11725;2020;4;Homens;1142;10 a 14 anos;11725
Indicador  3.9.2;1706;0;13;Amazonas;11725;2020;4;Homens;1143;15 a 19 anos;11725
Indicador  3.9.2;1706;2;13;Amazonas;11725;2020;4;Homens;1144;20 a 24 anos;11725
Indicador  3.9.2;1706;0;13;Amazonas;11725;2020;4;Homens;1145;25 a 29 anos;11725
Indicador  3.9.2;1706;2;13;Amazonas;11725;2020;4;Homens;1146;30 a 34 anos;11725
Indicador  3.9.2;1706;0;13;Amazonas;11725;2020;4;Homens;1147;35 a 39 anos;11725
Indicador  3.9.2;1706;3;13;Amazonas;11725;2020;4;Homens;1148;40 a 44 anos;11725
Indicador  3.9.2;1706;1;13;Amazonas;11725;2020;4;Homens;1149;45 a 49 anos;11725
Indicador  3.9.2;1706;7;13;Amazonas;11725;2020;4;Homens;1150;50 a 54 anos;11725
Indicador  3.9.2;1706;4;13;Amazonas;11725;2020;4;Homens;1151;55 a 59 anos;11725
Indicador  3.9.2;1706;72;13;Amazonas;11725;2020;4;Homens;3302;60 anos ou mais;11725
Indicador  3.9.2;1706;111;13;Amazonas;11725;2020;5;Mulheres;95253;Total;11725
Indicador  3.9.2;1706;35;13;Amazonas;11725;2020;5;Mulheres;1140;0 a 4 anos;11725
Indicador  3.9.2;1706;2;13;Amazonas;11725;2020;5;Mulheres;1141;5 a 9 anos;11725
Indicador  3.9.2;1706;1;13;Amazonas;11725;2020;5;Mulheres;1142;10 a 14 anos;11725
Indicador  3.9.2;1706;1;13;Amazonas;11725;2020;5;Mulheres;1143;15 a 19 anos;11725
Indicador  3.9.2;1706;1;13;Amazonas;11725;2020;5;Mulheres;1144;20 a 24 anos;11725
Indicador  3.9.2;1706;0;13;Amazonas;11725;2020;5;Mulheres;1145;25 a 29 anos;11725
Indicador  3.9.2;1706;0;13;Amazonas;11725;2020;5;Mulheres;1146;30 a 34 anos;11725
Indicador  3.9.2;1706;2;13;Amazonas;11725;2020;5;Mulheres;1147;35 a 39 anos;11725
Indicador  3.9.2;1706;0;13;Amazonas;11725;2020;5;Mulheres;1148;40 a 44 anos;11725
Indicador  3.9.2;1706;4;13;Amazonas;11725;2020;5;Mulheres;1149;45 a 49 anos;11725
Indicador  3.9.2;1706;2;13;Amazonas;11725;2020;5;Mulheres;1150;50 a 54 anos;11725
Indicador  3.9.2;1706;4;13;Amazonas;11725;2020;5;Mulheres;1151;55 a 59 anos;11725
Indicador  3.9.2;1706;59;13;Amazonas;11725;2020;5;Mulheres;3302;60 anos ou mais;11725
Indicador  3.9.2;1706;260;13;Amazonas;11725;2021;6794;Total;95253;Total;11725
Indicador  3.9.2;1706;69;13;Amazonas;11725;2021;6794;Total;1140;0 a 4 anos;11725
Indicador  3.9.2;1706;3;13;Amazonas;11725;2021;6794;Total;1141;5 a 9 anos;11725
Indicador  3.9.2;1706;2;13;Amazonas;11725;2021;6794;Total;1142;10 a 14 anos;11725
Indicador  3.9.2;1706;5;13;Amazonas;11725;2021;6794;Total;1143;15 a 19 anos;11725
Indicador  3.9.2;1706;2;13;Amazonas;11725;2021;6794;Total;1144;20 a 24 anos;11725
Indicador  3.9.2;1706;4;13;Amazonas;11725;2021;6794;Total;1145;25 a 29 anos;11725
Indicador  3.9.2;1706;3;13;Amazonas;11725;2021;6794;Total;1146;30 a 34 anos;11725
Indicador  3.9.2;1706;6;13;Amazonas;11725;2021;6794;Total;1147;35 a 39 anos;11725
Indicador  3.9.2;1706;3;13;Amazonas;11725;2021;6794;Total;1148;40 a 44 anos;11725
Indicador  3.9.2;1706;2;13;Amazonas;11725;2021;6794;Total;1149;45 a 49 anos;11725
Indicador  3.9.2;1706;10;13;Amazonas;11725;2021;6794;Total;1150;50 a 54 anos;11725
Indicador  3.9.2;1706;11;13;Amazonas;11725;2021;6794;Total;1151;55 a 59 anos;11725
Indicador  3.9.2;1706;139;13;Amazonas;11725;2021;6794;Total;3302;60 anos ou mais;11725
Indicador  3.9.2;1706;135;13;Amazonas;11725;2021;4;Homens;95253;Total;11725
Indicador  3.9.2;1706;40;13;Amazonas;11725;2021;4;Homens;1140;0 a 4 anos;11725
Indicador  3.9.2;1706;2;13;Amazonas;11725;2021;4;Homens;1141;5 a 9 anos;11725
Indicador  3.9.2;1706;1;13;Amazonas;11725;2021;4;Homens;1142;10 a 14 anos;11725
Indicador  3.9.2;1706;2;13;Amazonas;11725;2021;4;Homens;1143;15 a 19 anos;11725
Indicador  3.9.2;1706;2;13;Amazonas;11725;2021;4;Homens;1144;20 a 24 anos;11725
Indicador  3.9.2;1706;3;13;Amazonas;11725;2021;4;Homens;1145;25 a 29 anos;11725
Indicador  3.9.2;1706;1;13;Amazonas;11725;2021;4;Homens;1146;30 a 34 anos;11725
Indicador  3.9.2;1706;3;13;Amazonas;11725;2021;4;Homens;1147;35 a 39 anos;11725
Indicador  3.9.2;1706;2;13;Amazonas;11725;2021;4;Homens;1148;40 a 44 anos;11725
Indicador  3.9.2;1706;2;13;Amazonas;11725;2021;4;Homens;1149;45 a 49 anos;11725
Indicador  3.9.2;1706;6;13;Amazonas;11725;2021;4;Homens;1150;50 a 54 anos;11725
Indicador  3.9.2;1706;4;13;Amazonas;11725;2021;4;Homens;1151;55 a 59 anos;11725
Indicador  3.9.2;1706;66;13;Amazonas;11725;2021;4;Homens;3302;60 anos ou mais;11725
Indicador  3.9.2;1706;125;13;Amazonas;11725;2021;5;Mulheres;95253;Total;11725
Indicador  3.9.2;1706;29;13;Amazonas;11725;2021;5;Mulheres;1140;0 a 4 anos;11725
Indicador  3.9.2;1706;1;13;Amazonas;11725;2021;5;Mulheres;1141;5 a 9 anos;11725
Indicador  3.9.2;1706;1;13;Amazonas;11725;2021;5;Mulheres;1142;10 a 14 anos;11725
Indicador  3.9.2;1706;3;13;Amazonas;11725;2021;5;Mulheres;1143;15 a 19 anos;11725
Indicador  3.9.2;1706;0;13;Amazonas;11725;2021;5;Mulheres;1144;20 a 24 anos;11725
Indicador  3.9.2;1706;1;13;Amazonas;11725;2021;5;Mulheres;1145;25 a 29 anos;11725
Indicador  3.9.2;1706;2;13;Amazonas;11725;2021;5;Mulheres;1146;30 a 34 anos;11725
Indicador  3.9.2;1706;3;13;Amazonas;11725;2021;5;Mulheres;1147;35 a 39 anos;11725
Indicador  3.9.2;1706;1;13;Amazonas;11725;2021;5;Mulheres;1148;40 a 44 anos;11725
Indicador  3.9.2;1706;0;13;Amazonas;11725;2021;5;Mulheres;1149;45 a 49 anos;11725
Indicador  3.9.2;1706;4;13;Amazonas;11725;2021;5;Mulheres;1150;50 a 54 anos;11725
Indicador  3.9.2;1706;7;13;Amazonas;11725;2021;5;Mulheres;1151;55 a 59 anos;11725
Indicador  3.9.2;1706;73;13;Amazonas;11725;2021;5;Mulheres;3302;60 anos ou mais;11725
Indicador  3.9.2;1706;302;13;Amazonas;11725;2022;6794;Total;95253;Total;11725
Indicador  3.9.2;1706;77;13;Amazonas;11725;2022;6794;Total;1140;0 a 4 anos;11725
Indicador  3.9.2;1706;5;13;Amazonas;11725;2022;6794;Total;1141;5 a 9 anos;11725
Indicador  3.9.2;1706;4;13;Amazonas;11725;2022;6794;Total;1142;10 a 14 anos;11725
Indicador  3.9.2;1706;5;13;Amazonas;11725;2022;6794;Total;1143;15 a 19 anos;11725
Indicador  3.9.2;1706;1;13;Amazonas;11725;2022;6794;Total;1144;20 a 24 anos;11725
Indicador  3.9.2;1706;1;13;Amazonas;11725;2022;6794;Total;1145;25 a 29 anos;11725
Indicador  3.9.2;1706;1;13;Amazonas;11725;2022;6794;Total;1146;30 a 34 anos;11725
Indicador  3.9.2;1706;2;13;Amazonas;11725;2022;6794;Total;1147;35 a 39 anos;11725
Indicador  3.9.2;1706;4;13;Amazonas;11725;2022;6794;Total;1148;40 a 44 anos;11725
Indicador  3.9.2;1706;7;13;Amazonas;11725;2022;6794;Total;1149;45 a 49 anos;11725
Indicador  3.9.2;1706;10;13;Amazonas;11725;2022;6794;Total;1150;50 a 54 anos;11725
Indicador  3.9.2;1706;9;13;Amazonas;11725;2022;6794;Total;1151;55 a 59 anos;11725
Indicador  3.9.2;1706;176;13;Amazonas;11725;2022;6794;Total;3302;60 anos ou mais;11725
Indicador  3.9.2;1706;160;13;Amazonas;11725;2022;4;Homens;95253;Total;11725
Indicador  3.9.2;1706;45;13;Amazonas;11725;2022;4;Homens;1140;0 a 4 anos;11725
Indicador  3.9.2;1706;2;13;Amazonas;11725;2022;4;Homens;1141;5 a 9 anos;11725
Indicador  3.9.2;1706;4;13;Amazonas;11725;2022;4;Homens;1142;10 a 14 anos;11725
Indicador  3.9.2;1706;4;13;Amazonas;11725;2022;4;Homens;1143;15 a 19 anos;11725
Indicador  3.9.2;1706;1;13;Amazonas;11725;2022;4;Homens;1144;20 a 24 anos;11725
Indicador  3.9.2;1706;1;13;Amazonas;11725;2022;4;Homens;1145;25 a 29 anos;11725
Indicador  3.9.2;1706;1;13;Amazonas;11725;2022;4;Homens;1146;30 a 34 anos;11725
Indicador  3.9.2;1706;1;13;Amazonas;11725;2022;4;Homens;1147;35 a 39 anos;11725
Indicador  3.9.2;1706;1;13;Amazonas;11725;2022;4;Homens;1148;40 a 44 anos;11725
Indicador  3.9.2;1706;3;13;Amazonas;11725;2022;4;Homens;1149;45 a 49 anos;11725
Indicador  3.9.2;1706;4;13;Amazonas;11725;2022;4;Homens;1150;50 a 54 anos;11725
Indicador  3.9.2;1706;6;13;Amazonas;11725;2022;4;Homens;1151;55 a 59 anos;11725
Indicador  3.9.2;1706;87;13;Amazonas;11725;2022;4;Homens;3302;60 anos ou mais;11725
Indicador  3.9.2;1706;142;13;Amazonas;11725;2022;5;Mulheres;95253;Total;11725
Indicador  3.9.2;1706;32;13;Amazonas;11725;2022;5;Mulheres;1140;0 a 4 anos;11725
Indicador  3.9.2;1706;3;13;Amazonas;11725;2022;5;Mulheres;1141;5 a 9 anos;11725
Indicador  3.9.2;1706;0;13;Amazonas;11725;2022;5;Mulheres;1142;10 a 14 anos;11725
Indicador  3.9.2;1706;1;13;Amazonas;11725;2022;5;Mulheres;1143;15 a 19 anos;11725
Indicador  3.9.2;1706;0;13;Amazonas;11725;2022;5;Mulheres;1144;20 a 24 anos;11725
Indicador  3.9.2;1706;0;13;Amazonas;11725;2022;5;Mulheres;1145;25 a 29 anos;11725
Indicador  3.9.2;1706;0;13;Amazonas;11725;2022;5;Mulheres;1146;30 a 34 anos;11725
Indicador  3.9.2;1706;1;13;Amazonas;11725;2022;5;Mulheres;1147;35 a 39 anos;11725
Indicador  3.9.2;1706;3;13;Amazonas;11725;2022;5;Mulheres;1148;40 a 44 anos;11725
Indicador  3.9.2;1706;4;13;Amazonas;11725;2022;5;Mulheres;1149;45 a 49 anos;11725
Indicador  3.9.2;1706;6;13;Amazonas;11725;2022;5;Mulheres;1150;50 a 54 anos;11725
Indicador  3.9.2;1706;3;13;Amazonas;11725;2022;5;Mulheres;1151;55 a 59 anos;11725
Indicador  3.9.2;1706;89;13;Amazonas;11725;2022;5;Mulheres;3302;60 anos ou mais;11725
Indicador  3.9.2;1706;51;14;Roraima;11725;2018;6794;Total;95253;Total;11725
Indicador  3.9.2;1706;28;14;Roraima;11725;2018;6794;Total;1140;0 a 4 anos;11725
Indicador  3.9.2;1706;1;14;Roraima;11725;2018;6794;Total;1141;5 a 9 anos;11725
Indicador  3.9.2;1706;0;14;Roraima;11725;2018;6794;Total;1142;10 a 14 anos;11725
Indicador  3.9.2;1706;0;14;Roraima;11725;2018;6794;Total;1143;15 a 19 anos;11725
Indicador  3.9.2;1706;0;14;Roraima;11725;2018;6794;Total;1144;20 a 24 anos;11725
Indicador  3.9.2;1706;0;14;Roraima;11725;2018;6794;Total;1145;25 a 29 anos;11725
Indicador  3.9.2;1706;1;14;Roraima;11725;2018;6794;Total;1146;30 a 34 anos;11725
Indicador  3.9.2;1706;1;14;Roraima;11725;2018;6794;Total;1147;35 a 39 anos;11725
Indicador  3.9.2;1706;0;14;Roraima;11725;2018;6794;Total;1148;40 a 44 anos;11725
Indicador  3.9.2;1706;0;14;Roraima;11725;2018;6794;Total;1149;45 a 49 anos;11725
Indicador  3.9.2;1706;0;14;Roraima;11725;2018;6794;Total;1150;50 a 54 anos;11725
Indicador  3.9.2;1706;2;14;Roraima;11725;2018;6794;Total;1151;55 a 59 anos;11725
Indicador  3.9.2;1706;18;14;Roraima;11725;2018;6794;Total;3302;60 anos ou mais;11725
Indicador  3.9.2;1706;31;14;Roraima;11725;2018;4;Homens;95253;Total;11725
Indicador  3.9.2;1706;17;14;Roraima;11725;2018;4;Homens;1140;0 a 4 anos;11725
Indicador  3.9.2;1706;0;14;Roraima;11725;2018;4;Homens;1141;5 a 9 anos;11725
Indicador  3.9.2;1706;0;14;Roraima;11725;2018;4;Homens;1142;10 a 14 anos;11725
Indicador  3.9.2;1706;0;14;Roraima;11725;2018;4;Homens;1143;15 a 19 anos;11725
Indicador  3.9.2;1706;0;14;Roraima;11725;2018;4;Homens;1144;20 a 24 anos;11725
Indicador  3.9.2;1706;0;14;Roraima;11725;2018;4;Homens;1145;25 a 29 anos;11725
Indicador  3.9.2;1706;1;14;Roraima;11725;2018;4;Homens;1146;30 a 34 anos;11725
Indicador  3.9.2;1706;0;14;Roraima;11725;2018;4;Homens;1147;35 a 39 anos;11725
Indicador  3.9.2;1706;0;14;Roraima;11725;2018;4;Homens;1148;40 a 44 anos;11725
Indicador  3.9.2;1706;0;14;Roraima;11725;2018;4;Homens;1149;45 a 49 anos;11725
Indicador  3.9.2;1706;0;14;Roraima;11725;2018;4;Homens;1150;50 a 54 anos;11725
Indicador  3.9.2;1706;1;14;Roraima;11725;2018;4;Homens;1151;55 a 59 anos;11725
Indicador  3.9.2;1706;12;14;Roraima;11725;2018;4;Homens;3302;60 anos ou mais;11725
Indicador  3.9.2;1706;20;14;Roraima;11725;2018;5;Mulheres;95253;Total;11725
Indicador  3.9.2;1706;11;14;Roraima;11725;2018;5;Mulheres;1140;0 a 4 anos;11725
Indicador  3.9.2;1706;1;14;Roraima;11725;2018;5;Mulheres;1141;5 a 9 anos;11725
Indicador  3.9.2;1706;0;14;Roraima;11725;2018;5;Mulheres;1142;10 a 14 anos;11725
Indicador  3.9.2;1706;0;14;Roraima;11725;2018;5;Mulheres;1143;15 a 19 anos;11725
Indicador  3.9.2;1706;0;14;Roraima;11725;2018;5;Mulheres;1144;20 a 24 anos;11725
Indicador  3.9.2;1706;0;14;Roraima;11725;2018;5;Mulheres;1145;25 a 29 anos;11725
Indicador  3.9.2;1706;0;14;Roraima;11725;2018;5;Mulheres;1146;30 a 34 anos;11725
Indicador  3.9.2;1706;1;14;Roraima;11725;2018;5;Mulheres;1147;35 a 39 anos;11725
Indicador  3.9.2;1706;0;14;Roraima;11725;2018;5;Mulheres;1148;40 a 44 anos;11725
Indicador  3.9.2;1706;0;14;Roraima;11725;2018;5;Mulheres;1149;45 a 49 anos;11725
Indicador  3.9.2;1706;0;14;Roraima;11725;2018;5;Mulheres;1150;50 a 54 anos;11725
Indicador  3.9.2;1706;1;14;Roraima;11725;2018;5;Mulheres;1151;55 a 59 anos;11725
Indicador  3.9.2;1706;6;14;Roraima;11725;2018;5;Mulheres;3302;60 anos ou mais;11725
Indicador  3.9.2;1706;58;14;Roraima;11725;2019;6794;Total;95253;Total;11725
Indicador  3.9.2;1706;35;14;Roraima;11725;2019;6794;Total;1140;0 a 4 anos;11725
Indicador  3.9.2;1706;1;14;Roraima;11725;2019;6794;Total;1141;5 a 9 anos;11725
Indicador  3.9.2;1706;1;14;Roraima;11725;2019;6794;Total;1142;10 a 14 anos;11725
Indicador  3.9.2;1706;0;14;Roraima;11725;2019;6794;Total;1143;15 a 19 anos;11725
Indicador  3.9.2;1706;0;14;Roraima;11725;2019;6794;Total;1144;20 a 24 anos;11725
Indicador  3.9.2;1706;0;14;Roraima;11725;2019;6794;Total;1145;25 a 29 anos;11725
Indicador  3.9.2;1706;1;14;Roraima;11725;2019;6794;Total;1146;30 a 34 anos;11725
Indicador  3.9.2;1706;0;14;Roraima;11725;2019;6794;Total;1147;35 a 39 anos;11725
Indicador  3.9.2;1706;0;14;Roraima;11725;2019;6794;Total;1148;40 a 44 anos;11725
Indicador  3.9.2;1706;0;14;Roraima;11725;2019;6794;Total;1149;45 a 49 anos;11725
Indicador  3.9.2;1706;4;14;Roraima;11725;2019;6794;Total;1150;50 a 54 anos;11725
Indicador  3.9.2;1706;0;14;Roraima;11725;2019;6794;Total;1151;55 a 59 anos;11725
Indicador  3.9.2;1706;16;14;Roraima;11725;2019;6794;Total;3302;60 anos ou mais;11725
Indicador  3.9.2;1706;31;14;Roraima;11725;2019;4;Homens;95253;Total;11725
Indicador  3.9.2;1706;20;14;Roraima;11725;2019;4;Homens;1140;0 a 4 anos;11725
Indicador  3.9.2;1706;0;14;Roraima;11725;2019;4;Homens;1141;5 a 9 anos;11725
Indicador  3.9.2;1706;0;14;Roraima;11725;2019;4;Homens;1142;10 a 14 anos;11725
Indicador  3.9.2;1706;0;14;Roraima;11725;2019;4;Homens;1143;15 a 19 anos;11725
Indicador  3.9.2;1706;0;14;Roraima;11725;2019;4;Homens;1144;20 a 24 anos;11725
Indicador  3.9.2;1706;0;14;Roraima;11725;2019;4;Homens;1145;25 a 29 anos;11725
Indicador  3.9.2;1706;1;14;Roraima;11725;2019;4;Homens;1146;30 a 34 anos;11725
Indicador  3.9.2;1706;0;14;Roraima;11725;2019;4;Homens;1147;35 a 39 anos;11725
Indicador  3.9.2;1706;0;14;Roraima;11725;2019;4;Homens;1148;40 a 44 anos;11725
Indicador  3.9.2;1706;0;14;Roraima;11725;2019;4;Homens;1149;45 a 49 anos;11725
Indicador  3.9.2;1706;3;14;Roraima;11725;2019;4;Homens;1150;50 a 54 anos;11725
Indicador  3.9.2;1706;0;14;Roraima;11725;2019;4;Homens;1151;55 a 59 anos;11725
Indicador  3.9.2;1706;7;14;Roraima;11725;2019;4;Homens;3302;60 anos ou mais;11725
Indicador  3.9.2;1706;27;14;Roraima;11725;2019;5;Mulheres;95253;Total;11725
Indicador  3.9.2;1706;15;14;Roraima;11725;2019;5;Mulheres;1140;0 a 4 anos;11725
Indicador  3.9.2;1706;1;14;Roraima;11725;2019;5;Mulheres;1141;5 a 9 anos;11725
Indicador  3.9.2;1706;1;14;Roraima;11725;2019;5;Mulheres;1142;10 a 14 anos;11725
Indicador  3.9.2;1706;0;14;Roraima;11725;2019;5;Mulheres;1143;15 a 19 anos;11725
Indicador  3.9.2;1706;0;14;Roraima;11725;2019;5;Mulheres;1144;20 a 24 anos;11725
Indicador  3.9.2;1706;0;14;Roraima;11725;2019;5;Mulheres;1145;25 a 29 anos;11725
Indicador  3.9.2;1706;0;14;Roraima;11725;2019;5;Mulheres;1146;30 a 34 anos;11725
Indicador  3.9.2;1706;0;14;Roraima;11725;2019;5;Mulheres;1147;35 a 39 anos;11725
Indicador  3.9.2;1706;0;14;Roraima;11725;2019;5;Mulheres;1148;40 a 44 anos;11725
Indicador  3.9.2;1706;0;14;Roraima;11725;2019;5;Mulheres;1149;45 a 49 anos;11725
Indicador  3.9.2;1706;1;14;Roraima;11725;2019;5;Mulheres;1150;50 a 54 anos;11725
Indicador  3.9.2;1706;0;14;Roraima;11725;2019;5;Mulheres;1151;55 a 59 anos;11725
Indicador  3.9.2;1706;9;14;Roraima;11725;2019;5;Mulheres;3302;60 anos ou mais;11725
Indicador  3.9.2;1706;37;14;Roraima;11725;2020;6794;Total;95253;Total;11725
Indicador  3.9.2;1706;17;14;Roraima;11725;2020;6794;Total;1140;0 a 4 anos;11725
Indicador  3.9.2;1706;0;14;Roraima;11725;2020;6794;Total;1141;5 a 9 anos;11725
Indicador  3.9.2;1706;0;14;Roraima;11725;2020;6794;Total;1142;10 a 14 anos;11725
Indicador  3.9.2;1706;0;14;Roraima;11725;2020;6794;Total;1143;15 a 19 anos;11725
Indicador  3.9.2;1706;0;14;Roraima;11725;2020;6794;Total;1144;20 a 24 anos;11725
Indicador  3.9.2;1706;0;14;Roraima;11725;2020;6794;Total;1145;25 a 29 anos;11725
Indicador  3.9.2;1706;0;14;Roraima;11725;2020;6794;Total;1146;30 a 34 anos;11725
Indicador  3.9.2;1706;0;14;Roraima;11725;2020;6794;Total;1147;35 a 39 anos;11725
Indicador  3.9.2;1706;0;14;Roraima;11725;2020;6794;Total;1148;40 a 44 anos;11725
Indicador  3.9.2;1706;2;14;Roraima;11725;2020;6794;Total;1149;45 a 49 anos;11725
Indicador  3.9.2;1706;0;14;Roraima;11725;2020;6794;Total;1150;50 a 54 anos;11725
Indicador  3.9.2;1706;1;14;Roraima;11725;2020;6794;Total;1151;55 a 59 anos;11725
Indicador  3.9.2;1706;17;14;Roraima;11725;2020;6794;Total;3302;60 anos ou mais;11725
Indicador  3.9.2;1706;17;14;Roraima;11725;2020;4;Homens;95253;Total;11725
Indicador  3.9.2;1706;8;14;Roraima;11725;2020;4;Homens;1140;0 a 4 anos;11725
Indicador  3.9.2;1706;0;14;Roraima;11725;2020;4;Homens;1141;5 a 9 anos;11725
Indicador  3.9.2;1706;0;14;Roraima;11725;2020;4;Homens;1142;10 a 14 anos;11725
Indicador  3.9.2;1706;0;14;Roraima;11725;2020;4;Homens;1143;15 a 19 anos;11725
Indicador  3.9.2;1706;0;14;Roraima;11725;2020;4;Homens;1144;20 a 24 anos;11725
Indicador  3.9.2;1706;0;14;Roraima;11725;2020;4;Homens;1145;25 a 29 anos;11725
Indicador  3.9.2;1706;0;14;Roraima;11725;2020;4;Homens;1146;30 a 34 anos;11725
Indicador  3.9.2;1706;0;14;Roraima;11725;2020;4;Homens;1147;35 a 39 anos;11725
Indicador  3.9.2;1706;0;14;Roraima;11725;2020;4;Homens;1148;40 a 44 anos;11725
Indicador  3.9.2;1706;1;14;Roraima;11725;2020;4;Homens;1149;45 a 49 anos;11725
Indicador  3.9.2;1706;0;14;Roraima;11725;2020;4;Homens;1150;50 a 54 anos;11725
Indicador  3.9.2;1706;1;14;Roraima;11725;2020;4;Homens;1151;55 a 59 anos;11725
Indicador  3.9.2;1706;7;14;Roraima;11725;2020;4;Homens;3302;60 anos ou mais;11725
Indicador  3.9.2;1706;20;14;Roraima;11725;2020;5;Mulheres;95253;Total;11725
Indicador  3.9.2;1706;9;14;Roraima;11725;2020;5;Mulheres;1140;0 a 4 anos;11725
Indicador  3.9.2;1706;0;14;Roraima;11725;2020;5;Mulheres;1141;5 a 9 anos;11725
Indicador  3.9.2;1706;0;14;Roraima;11725;2020;5;Mulheres;1142;10 a 14 anos;11725
Indicador  3.9.2;1706;0;14;Roraima;11725;2020;5;Mulheres;1143;15 a 19 anos;11725
Indicador  3.9.2;1706;0;14;Roraima;11725;2020;5;Mulheres;1144;20 a 24 anos;11725
Indicador  3.9.2;1706;0;14;Roraima;11725;2020;5;Mulheres;1145;25 a 29 anos;11725
Indicador  3.9.2;1706;0;14;Roraima;11725;2020;5;Mulheres;1146;30 a 34 anos;11725
Indicador  3.9.2;1706;0;14;Roraima;11725;2020;5;Mulheres;1147;35 a 39 anos;11725
Indicador  3.9.2;1706;0;14;Roraima;11725;2020;5;Mulheres;1148;40 a 44 anos;11725
Indicador  3.9.2;1706;1;14;Roraima;11725;2020;5;Mulheres;1149;45 a 49 anos;11725
Indicador  3.9.2;1706;0;14;Roraima;11725;2020;5;Mulheres;1150;50 a 54 anos;11725
Indicador  3.9.2;1706;0;14;Roraima;11725;2020;5;Mulheres;1151;55 a 59 anos;11725
Indicador  3.9.2;1706;10;14;Roraima;11725;2020;5;Mulheres;3302;60 anos ou mais;11725
Indicador  3.9.2;1706;77;14;Roraima;11725;2021;6794;Total;95253;Total;11725
Indicador  3.9.2;1706;43;14;Roraima;11725;2021;6794;Total;1140;0 a 4 anos;11725
Indicador  3.9.2;1706;2;14;Roraima;11725;2021;6794;Total;1141;5 a 9 anos;11725
Indicador  3.9.2;1706;1;14;Roraima;11725;2021;6794;Total;1142;10 a 14 anos;11725
Indicador  3.9.2;1706;1;14;Roraima;11725;2021;6794;Total;1143;15 a 19 anos;11725
Indicador  3.9.2;1706;1;14;Roraima;11725;2021;6794;Total;1144;20 a 24 anos;11725
Indicador  3.9.2;1706;0;14;Roraima;11725;2021;6794;Total;1145;25 a 29 anos;11725
Indicador  3.9.2;1706;0;14;Roraima;11725;2021;6794;Total;1146;30 a 34 anos;11725
Indicador  3.9.2;1706;0;14;Roraima;11725;2021;6794;Total;1147;35 a 39 anos;11725
Indicador  3.9.2;1706;0;14;Roraima;11725;2021;6794;Total;1148;40 a 44 anos;11725
Indicador  3.9.2;1706;1;14;Roraima;11725;2021;6794;Total;1149;45 a 49 anos;11725
Indicador  3.9.2;1706;1;14;Roraima;11725;2021;6794;Total;1150;50 a 54 anos;11725
Indicador  3.9.2;1706;2;14;Roraima;11725;2021;6794;Total;1151;55 a 59 anos;11725
Indicador  3.9.2;1706;25;14;Roraima;11725;2021;6794;Total;3302;60 anos ou mais;11725
Indicador  3.9.2;1706;41;14;Roraima;11725;2021;4;Homens;95253;Total;11725
Indicador  3.9.2;1706;25;14;Roraima;11725;2021;4;Homens;1140;0 a 4 anos;11725
Indicador  3.9.2;1706;1;14;Roraima;11725;2021;4;Homens;1141;5 a 9 anos;11725
Indicador  3.9.2;1706;0;14;Roraima;11725;2021;4;Homens;1142;10 a 14 anos;11725
Indicador  3.9.2;1706;1;14;Roraima;11725;2021;4;Homens;1143;15 a 19 anos;11725
Indicador  3.9.2;1706;0;14;Roraima;11725;2021;4;Homens;1144;20 a 24 anos;11725
Indicador  3.9.2;1706;0;14;Roraima;11725;2021;4;Homens;1145;25 a 29 anos;11725
Indicador  3.9.2;1706;0;14;Roraima;11725;2021;4;Homens;1146;30 a 34 anos;11725
Indicador  3.9.2;1706;0;14;Roraima;11725;2021;4;Homens;1147;35 a 39 anos;11725
Indicador  3.9.2;1706;0;14;Roraima;11725;2021;4;Homens;1148;40 a 44 anos;11725
Indicador  3.9.2;1706;1;14;Roraima;11725;2021;4;Homens;1149;45 a 49 anos;11725
Indicador  3.9.2;1706;1;14;Roraima;11725;2021;4;Homens;1150;50 a 54 anos;11725
Indicador  3.9.2;1706;1;14;Roraima;11725;2021;4;Homens;1151;55 a 59 anos;11725
Indicador  3.9.2;1706;11;14;Roraima;11725;2021;4;Homens;3302;60 anos ou mais;11725
Indicador  3.9.2;1706;36;14;Roraima;11725;2021;5;Mulheres;95253;Total;11725
Indicador  3.9.2;1706;18;14;Roraima;11725;2021;5;Mulheres;1140;0 a 4 anos;11725
Indicador  3.9.2;1706;1;14;Roraima;11725;2021;5;Mulheres;1141;5 a 9 anos;11725
Indicador  3.9.2;1706;1;14;Roraima;11725;2021;5;Mulheres;1142;10 a 14 anos;11725
Indicador  3.9.2;1706;0;14;Roraima;11725;2021;5;Mulheres;1143;15 a 19 anos;11725
Indicador  3.9.2;1706;1;14;Roraima;11725;2021;5;Mulheres;1144;20 a 24 anos;11725
Indicador  3.9.2;1706;0;14;Roraima;11725;2021;5;Mulheres;1145;25 a 29 anos;11725
Indicador  3.9.2;1706;0;14;Roraima;11725;2021;5;Mulheres;1146;30 a 34 anos;11725
Indicador  3.9.2;1706;0;14;Roraima;11725;2021;5;Mulheres;1147;35 a 39 anos;11725
Indicador  3.9.2;1706;0;14;Roraima;11725;2021;5;Mulheres;1148;40 a 44 anos;11725
Indicador  3.9.2;1706;0;14;Roraima;11725;2021;5;Mulheres;1149;45 a 49 anos;11725
Indicador  3.9.2;1706;0;14;Roraima;11725;2021;5;Mulheres;1150;50 a 54 anos;11725
Indicador  3.9.2;1706;1;14;Roraima;11725;2021;5;Mulheres;1151;55 a 59 anos;11725
Indicador  3.9.2;1706;14;14;Roraima;11725;2021;5;Mulheres;3302;60 anos ou mais;11725
Indicador  3.9.2;1706;67;14;Roraima;11725;2022;6794;Total;95253;Total;11725
Indicador  3.9.2;1706;26;14;Roraima;11725;2022;6794;Total;1140;0 a 4 anos;11725
Indicador  3.9.2;1706;4;14;Roraima;11725;2022;6794;Total;1141;5 a 9 anos;11725
Indicador  3.9.2;1706;2;14;Roraima;11725;2022;6794;Total;1142;10 a 14 anos;11725
Indicador  3.9.2;1706;1;14;Roraima;11725;2022;6794;Total;1143;15 a 19 anos;11725
Indicador  3.9.2;1706;1;14;Roraima;11725;2022;6794;Total;1144;20 a 24 anos;11725
Indicador  3.9.2;1706;1;14;Roraima;11725;2022;6794;Total;1145;25 a 29 anos;11725
Indicador  3.9.2;1706;1;14;Roraima;11725;2022;6794;Total;1146;30 a 34 anos;11725
Indicador  3.9.2;1706;1;14;Roraima;11725;2022;6794;Total;1147;35 a 39 anos;11725
Indicador  3.9.2;1706;1;14;Roraima;11725;2022;6794;Total;1148;40 a 44 anos;11725
Indicador  3.9.2;1706;2;14;Roraima;11725;2022;6794;Total;1149;45 a 49 anos;11725
Indicador  3.9.2;1706;0;14;Roraima;11725;2022;6794;Total;1150;50 a 54 anos;11725
Indicador  3.9.2;1706;2;14;Roraima;11725;2022;6794;Total;1151;55 a 59 anos;11725
Indicador  3.9.2;1706;25;14;Roraima;11725;2022;6794;Total;3302;60 anos ou mais;11725
Indicador  3.9.2;1706;41;14;Roraima;11725;2022;4;Homens;95253;Total;11725
Indicador  3.9.2;1706;17;14;Roraima;11725;2022;4;Homens;1140;0 a 4 anos;11725
Indicador  3.9.2;1706;1;14;Roraima;11725;2022;4;Homens;1141;5 a 9 anos;11725
Indicador  3.9.2;1706;1;14;Roraima;11725;2022;4;Homens;1142;10 a 14 anos;11725
Indicador  3.9.2;1706;0;14;Roraima;11725;2022;4;Homens;1143;15 a 19 anos;11725
Indicador  3.9.2;1706;0;14;Roraima;11725;2022;4;Homens;1144;20 a 24 anos;11725
Indicador  3.9.2;1706;1;14;Roraima;11725;2022;4;Homens;1145;25 a 29 anos;11725
Indicador  3.9.2;1706;0;14;Roraima;11725;2022;4;Homens;1146;30 a 34 anos;11725
Indicador  3.9.2;1706;1;14;Roraima;11725;2022;4;Homens;1147;35 a 39 anos;11725
Indicador  3.9.2;1706;1;14;Roraima;11725;2022;4;Homens;1148;40 a 44 anos;11725
Indicador  3.9.2;1706;2;14;Roraima;11725;2022;4;Homens;1149;45 a 49 anos;11725
Indicador  3.9.2;1706;0;14;Roraima;11725;2022;4;Homens;1150;50 a 54 anos;11725
Indicador  3.9.2;1706;1;14;Roraima;11725;2022;4;Homens;1151;55 a 59 anos;11725
Indicador  3.9.2;1706;16;14;Roraima;11725;2022;4;Homens;3302;60 anos ou mais;11725
Indicador  3.9.2;1706;26;14;Roraima;11725;2022;5;Mulheres;95253;Total;11725
Indicador  3.9.2;1706;9;14;Roraima;11725;2022;5;Mulheres;1140;0 a 4 anos;11725
Indicador  3.9.2;1706;3;14;Roraima;11725;2022;5;Mulheres;1141;5 a 9 anos;11725
Indicador  3.9.2;1706;1;14;Roraima;11725;2022;5;Mulheres;1142;10 a 14 anos;11725
Indicador  3.9.2;1706;1;14;Roraima;11725;2022;5;Mulheres;1143;15 a 19 anos;11725
Indicador  3.9.2;1706;1;14;Roraima;11725;2022;5;Mulheres;1144;20 a 24 anos;11725
Indicador  3.9.2;1706;0;14;Roraima;11725;2022;5;Mulheres;1145;25 a 29 anos;11725
Indicador  3.9.2;1706;1;14;Roraima;11725;2022;5;Mulheres;1146;30 a 34 anos;11725
Indicador  3.9.2;1706;0;14;Roraima;11725;2022;5;Mulheres;1147;35 a 39 anos;11725
Indicador  3.9.2;1706;0;14;Roraima;11725;2022;5;Mulheres;1148;40 a 44 anos;11725
Indicador  3.9.2;1706;0;14;Roraima;11725;2022;5;Mulheres;1149;45 a 49 anos;11725
Indicador  3.9.2;1706;0;14;Roraima;11725;2022;5;Mulheres;1150;50 a 54 anos;11725
Indicador  3.9.2;1706;1;14;Roraima;11725;2022;5;Mulheres;1151;55 a 59 anos;11725
Indicador  3.9.2;1706;9;14;Roraima;11725;2022;5;Mulheres;3302;60 anos ou mais;11725
Indicador  3.9.2;1706;476;15;Pará;11725;2018;6794;Total;95253;Total;11725
Indicador  3.9.2;1706;66;15;Pará;11725;2018;6794;Total;1140;0 a 4 anos;11725
Indicador  3.9.2;1706;8;15;Pará;11725;2018;6794;Total;1141;5 a 9 anos;11725
Indicador  3.9.2;1706;5;15;Pará;11725;2018;6794;Total;1142;10 a 14 anos;11725
Indicador  3.9.2;1706;4;15;Pará;11725;2018;6794;Total;1143;15 a 19 anos;11725
Indicador  3.9.2;1706;6;15;Pará;11725;2018;6794;Total;1144;20 a 24 anos;11725
Indicador  3.9.2;1706;3;15;Pará;11725;2018;6794;Total;1145;25 a 29 anos;11725
Indicador  3.9.2;1706;5;15;Pará;11725;2018;6794;Total;1146;30 a 34 anos;11725
Indicador  3.9.2;1706;10;15;Pará;11725;2018;6794;Total;1147;35 a 39 anos;11725
Indicador  3.9.2;1706;5;15;Pará;11725;2018;6794;Total;1148;40 a 44 anos;11725
Indicador  3.9.2;1706;11;15;Pará;11725;2018;6794;Total;1149;45 a 49 anos;11725
Indicador  3.9.2;1706;18;15;Pará;11725;2018;6794;Total;1150;50 a 54 anos;11725
Indicador  3.9.2;1706;13;15;Pará;11725;2018;6794;Total;1151;55 a 59 anos;11725
Indicador  3.9.2;1706;315;15;Pará;11725;2018;6794;Total;3302;60 anos ou mais;11725
Indicador  3.9.2;1706;230;15;Pará;11725;2018;4;Homens;95253;Total;11725
Indicador  3.9.2;1706;33;15;Pará;11725;2018;4;Homens;1140;0 a 4 anos;11725
Indicador  3.9.2;1706;6;15;Pará;11725;2018;4;Homens;1141;5 a 9 anos;11725
Indicador  3.9.2;1706;5;15;Pará;11725;2018;4;Homens;1142;10 a 14 anos;11725
Indicador  3.9.2;1706;4;15;Pará;11725;2018;4;Homens;1143;15 a 19 anos;11725
Indicador  3.9.2;1706;4;15;Pará;11725;2018;4;Homens;1144;20 a 24 anos;11725
Indicador  3.9.2;1706;3;15;Pará;11725;2018;4;Homens;1145;25 a 29 anos;11725
Indicador  3.9.2;1706;3;15;Pará;11725;2018;4;Homens;1146;30 a 34 anos;11725
Indicador  3.9.2;1706;6;15;Pará;11725;2018;4;Homens;1147;35 a 39 anos;11725
Indicador  3.9.2;1706;3;15;Pará;11725;2018;4;Homens;1148;40 a 44 anos;11725
Indicador  3.9.2;1706;9;15;Pará;11725;2018;4;Homens;1149;45 a 49 anos;11725
Indicador  3.9.2;1706;11;15;Pará;11725;2018;4;Homens;1150;50 a 54 anos;11725
Indicador  3.9.2;1706;6;15;Pará;11725;2018;4;Homens;1151;55 a 59 anos;11725
Indicador  3.9.2;1706;130;15;Pará;11725;2018;4;Homens;3302;60 anos ou mais;11725
Indicador  3.9.2;1706;246;15;Pará;11725;2018;5;Mulheres;95253;Total;11725
Indicador  3.9.2;1706;33;15;Pará;11725;2018;5;Mulheres;1140;0 a 4 anos;11725
Indicador  3.9.2;1706;2;15;Pará;11725;2018;5;Mulheres;1141;5 a 9 anos;11725
Indicador  3.9.2;1706;0;15;Pará;11725;2018;5;Mulheres;1142;10 a 14 anos;11725
Indicador  3.9.2;1706;0;15;Pará;11725;2018;5;Mulheres;1143;15 a 19 anos;11725
Indicador  3.9.2;1706;2;15;Pará;11725;2018;5;Mulheres;1144;20 a 24 anos;11725
Indicador  3.9.2;1706;0;15;Pará;11725;2018;5;Mulheres;1145;25 a 29 anos;11725
Indicador  3.9.2;1706;2;15;Pará;11725;2018;5;Mulheres;1146;30 a 34 anos;11725
Indicador  3.9.2;1706;4;15;Pará;11725;2018;5;Mulheres;1147;35 a 39 anos;11725
Indicador  3.9.2;1706;2;15;Pará;11725;2018;5;Mulheres;1148;40 a 44 anos;11725
Indicador  3.9.2;1706;2;15;Pará;11725;2018;5;Mulheres;1149;45 a 49 anos;11725
Indicador  3.9.2;1706;7;15;Pará;11725;2018;5;Mulheres;1150;50 a 54 anos;11725
Indicador  3.9.2;1706;7;15;Pará;11725;2018;5;Mulheres;1151;55 a 59 anos;11725
Indicador  3.9.2;1706;185;15;Pará;11725;2018;5;Mulheres;3302;60 anos ou mais;11725
Indicador  3.9.2;1706;419;15;Pará;11725;2019;6794;Total;95253;Total;11725
Indicador  3.9.2;1706;58;15;Pará;11725;2019;6794;Total;1140;0 a 4 anos;11725
Indicador  3.9.2;1706;4;15;Pará;11725;2019;6794;Total;1141;5 a 9 anos;11725
Indicador  3.9.2;1706;2;15;Pará;11725;2019;6794;Total;1142;10 a 14 anos;11725
Indicador  3.9.2;1706;6;15;Pará;11725;2019;6794;Total;1143;15 a 19 anos;11725
Indicador  3.9.2;1706;4;15;Pará;11725;2019;6794;Total;1144;20 a 24 anos;11725
Indicador  3.9.2;1706;5;15;Pará;11725;2019;6794;Total;1145;25 a 29 anos;11725
Indicador  3.9.2;1706;8;15;Pará;11725;2019;6794;Total;1146;30 a 34 anos;11725
Indicador  3.9.2;1706;5;15;Pará;11725;2019;6794;Total;1147;35 a 39 anos;11725
Indicador  3.9.2;1706;6;15;Pará;11725;2019;6794;Total;1148;40 a 44 anos;11725
Indicador  3.9.2;1706;7;15;Pará;11725;2019;6794;Total;1149;45 a 49 anos;11725
Indicador  3.9.2;1706;10;15;Pará;11725;2019;6794;Total;1150;50 a 54 anos;11725
Indicador  3.9.2;1706;13;15;Pará;11725;2019;6794;Total;1151;55 a 59 anos;11725
Indicador  3.9.2;1706;289;15;Pará;11725;2019;6794;Total;3302;60 anos ou mais;11725
Indicador  3.9.2;1706;209;15;Pará;11725;2019;4;Homens;95253;Total;11725
Indicador  3.9.2;1706;32;15;Pará;11725;2019;4;Homens;1140;0 a 4 anos;11725
Indicador  3.9.2;1706;3;15;Pará;11725;2019;4;Homens;1141;5 a 9 anos;11725
Indicador  3.9.2;1706;1;15;Pará;11725;2019;4;Homens;1142;10 a 14 anos;11725
Indicador  3.9.2;1706;4;15;Pará;11725;2019;4;Homens;1143;15 a 19 anos;11725
Indicador  3.9.2;1706;2;15;Pará;11725;2019;4;Homens;1144;20 a 24 anos;11725
Indicador  3.9.2;1706;2;15;Pará;11725;2019;4;Homens;1145;25 a 29 anos;11725
Indicador  3.9.2;1706;5;15;Pará;11725;2019;4;Homens;1146;30 a 34 anos;11725
Indicador  3.9.2;1706;3;15;Pará;11725;2019;4;Homens;1147;35 a 39 anos;11725
Indicador  3.9.2;1706;4;15;Pará;11725;2019;4;Homens;1148;40 a 44 anos;11725
Indicador  3.9.2;1706;5;15;Pará;11725;2019;4;Homens;1149;45 a 49 anos;11725
Indicador  3.9.2;1706;9;15;Pará;11725;2019;4;Homens;1150;50 a 54 anos;11725
Indicador  3.9.2;1706;8;15;Pará;11725;2019;4;Homens;1151;55 a 59 anos;11725
Indicador  3.9.2;1706;129;15;Pará;11725;2019;4;Homens;3302;60 anos ou mais;11725
Indicador  3.9.2;1706;210;15;Pará;11725;2019;5;Mulheres;95253;Total;11725
Indicador  3.9.2;1706;26;15;Pará;11725;2019;5;Mulheres;1140;0 a 4 anos;11725
Indicador  3.9.2;1706;1;15;Pará;11725;2019;5;Mulheres;1141;5 a 9 anos;11725
Indicador  3.9.2;1706;1;15;Pará;11725;2019;5;Mulheres;1142;10 a 14 anos;11725
Indicador  3.9.2;1706;2;15;Pará;11725;2019;5;Mulheres;1143;15 a 19 anos;11725
Indicador  3.9.2;1706;2;15;Pará;11725;2019;5;Mulheres;1144;20 a 24 anos;11725
Indicador  3.9.2;1706;3;15;Pará;11725;2019;5;Mulheres;1145;25 a 29 anos;11725
Indicador  3.9.2;1706;3;15;Pará;11725;2019;5;Mulheres;1146;30 a 34 anos;11725
Indicador  3.9.2;1706;2;15;Pará;11725;2019;5;Mulheres;1147;35 a 39 anos;11725
Indicador  3.9.2;1706;2;15;Pará;11725;2019;5;Mulheres;1148;40 a 44 anos;11725
Indicador  3.9.2;1706;2;15;Pará;11725;2019;5;Mulheres;1149;45 a 49 anos;11725
Indicador  3.9.2;1706;1;15;Pará;11725;2019;5;Mulheres;1150;50 a 54 anos;11725
Indicador  3.9.2;1706;5;15;Pará;11725;2019;5;Mulheres;1151;55 a 59 anos;11725
Indicador  3.9.2;1706;160;15;Pará;11725;2019;5;Mulheres;3302;60 anos ou mais;11725
Indicador  3.9.2;1706;411;15;Pará;11725;2020;6794;Total;95253;Total;11725
Indicador  3.9.2;1706;51;15;Pará;11725;2020;6794;Total;1140;0 a 4 anos;11725
Indicador  3.9.2;1706;3;15;Pará;11725;2020;6794;Total;1141;5 a 9 anos;11725
Indicador  3.9.2;1706;8;15;Pará;11725;2020;6794;Total;1142;10 a 14 anos;11725
Indicador  3.9.2;1706;2;15;Pará;11725;2020;6794;Total;1143;15 a 19 anos;11725
Indicador  3.9.2;1706;2;15;Pará;11725;2020;6794;Total;1144;20 a 24 anos;11725
Indicador  3.9.2;1706;4;15;Pará;11725;2020;6794;Total;1145;25 a 29 anos;11725
Indicador  3.9.2;1706;5;15;Pará;11725;2020;6794;Total;1146;30 a 34 anos;11725
Indicador  3.9.2;1706;9;15;Pará;11725;2020;6794;Total;1147;35 a 39 anos;11725
Indicador  3.9.2;1706;10;15;Pará;11725;2020;6794;Total;1148;40 a 44 anos;11725
Indicador  3.9.2;1706;11;15;Pará;11725;2020;6794;Total;1149;45 a 49 anos;11725
Indicador  3.9.2;1706;11;15;Pará;11725;2020;6794;Total;1150;50 a 54 anos;11725
Indicador  3.9.2;1706;12;15;Pará;11725;2020;6794;Total;1151;55 a 59 anos;11725
Indicador  3.9.2;1706;282;15;Pará;11725;2020;6794;Total;3302;60 anos ou mais;11725
Indicador  3.9.2;1706;208;15;Pará;11725;2020;4;Homens;95253;Total;11725
Indicador  3.9.2;1706;34;15;Pará;11725;2020;4;Homens;1140;0 a 4 anos;11725
Indicador  3.9.2;1706;1;15;Pará;11725;2020;4;Homens;1141;5 a 9 anos;11725
Indicador  3.9.2;1706;5;15;Pará;11725;2020;4;Homens;1142;10 a 14 anos;11725
Indicador  3.9.2;1706;2;15;Pará;11725;2020;4;Homens;1143;15 a 19 anos;11725
Indicador  3.9.2;1706;2;15;Pará;11725;2020;4;Homens;1144;20 a 24 anos;11725
Indicador  3.9.2;1706;3;15;Pará;11725;2020;4;Homens;1145;25 a 29 anos;11725
Indicador  3.9.2;1706;4;15;Pará;11725;2020;4;Homens;1146;30 a 34 anos;11725
Indicador  3.9.2;1706;5;15;Pará;11725;2020;4;Homens;1147;35 a 39 anos;11725
Indicador  3.9.2;1706;5;15;Pará;11725;2020;4;Homens;1148;40 a 44 anos;11725
Indicador  3.9.2;1706;5;15;Pará;11725;2020;4;Homens;1149;45 a 49 anos;11725
Indicador  3.9.2;1706;9;15;Pará;11725;2020;4;Homens;1150;50 a 54 anos;11725
Indicador  3.9.2;1706;7;15;Pará;11725;2020;4;Homens;1151;55 a 59 anos;11725
Indicador  3.9.2;1706;125;15;Pará;11725;2020;4;Homens;3302;60 anos ou mais;11725
Indicador  3.9.2;1706;203;15;Pará;11725;2020;5;Mulheres;95253;Total;11725
Indicador  3.9.2;1706;17;15;Pará;11725;2020;5;Mulheres;1140;0 a 4 anos;11725
Indicador  3.9.2;1706;2;15;Pará;11725;2020;5;Mulheres;1141;5 a 9 anos;11725
Indicador  3.9.2;1706;3;15;Pará;11725;2020;5;Mulheres;1142;10 a 14 anos;11725
Indicador  3.9.2;1706;0;15;Pará;11725;2020;5;Mulheres;1143;15 a 19 anos;11725
Indicador  3.9.2;1706;0;15;Pará;11725;2020;5;Mulheres;1144;20 a 24 anos;11725
Indicador  3.9.2;1706;1;15;Pará;11725;2020;5;Mulheres;1145;25 a 29 anos;11725
Indicador  3.9.2;1706;1;15;Pará;11725;2020;5;Mulheres;1146;30 a 34 anos;11725
Indicador  3.9.2;1706;4;15;Pará;11725;2020;5;Mulheres;1147;35 a 39 anos;11725
Indicador  3.9.2;1706;5;15;Pará;11725;2020;5;Mulheres;1148;40 a 44 anos;11725
Indicador  3.9.2;1706;6;15;Pará;11725;2020;5;Mulheres;1149;45 a 49 anos;11725
Indicador  3.9.2;1706;2;15;Pará;11725;2020;5;Mulheres;1150;50 a 54 anos;11725
Indicador  3.9.2;1706;5;15;Pará;11725;2020;5;Mulheres;1151;55 a 59 anos;11725
Indicador  3.9.2;1706;157;15;Pará;11725;2020;5;Mulheres;3302;60 anos ou mais;11725
Indicador  3.9.2;1706;410;15;Pará;11725;2021;6794;Total;95253;Total;11725
Indicador  3.9.2;1706;67;15;Pará;11725;2021;6794;Total;1140;0 a 4 anos;11725
Indicador  3.9.2;1706;9;15;Pará;11725;2021;6794;Total;1141;5 a 9 anos;11725
Indicador  3.9.2;1706;1;15;Pará;11725;2021;6794;Total;1142;10 a 14 anos;11725
Indicador  3.9.2;1706;2;15;Pará;11725;2021;6794;Total;1143;15 a 19 anos;11725
Indicador  3.9.2;1706;8;15;Pará;11725;2021;6794;Total;1144;20 a 24 anos;11725
Indicador  3.9.2;1706;5;15;Pará;11725;2021;6794;Total;1145;25 a 29 anos;11725
Indicador  3.9.2;1706;3;15;Pará;11725;2021;6794;Total;1146;30 a 34 anos;11725
Indicador  3.9.2;1706;1;15;Pará;11725;2021;6794;Total;1147;35 a 39 anos;11725
Indicador  3.9.2;1706;6;15;Pará;11725;2021;6794;Total;1148;40 a 44 anos;11725
Indicador  3.9.2;1706;7;15;Pará;11725;2021;6794;Total;1149;45 a 49 anos;11725
Indicador  3.9.2;1706;7;15;Pará;11725;2021;6794;Total;1150;50 a 54 anos;11725
Indicador  3.9.2;1706;11;15;Pará;11725;2021;6794;Total;1151;55 a 59 anos;11725
Indicador  3.9.2;1706;283;15;Pará;11725;2021;6794;Total;3302;60 anos ou mais;11725
Indicador  3.9.2;1706;211;15;Pará;11725;2021;4;Homens;95253;Total;11725
Indicador  3.9.2;1706;39;15;Pará;11725;2021;4;Homens;1140;0 a 4 anos;11725
Indicador  3.9.2;1706;6;15;Pará;11725;2021;4;Homens;1141;5 a 9 anos;11725
Indicador  3.9.2;1706;0;15;Pará;11725;2021;4;Homens;1142;10 a 14 anos;11725
Indicador  3.9.2;1706;0;15;Pará;11725;2021;4;Homens;1143;15 a 19 anos;11725
Indicador  3.9.2;1706;5;15;Pará;11725;2021;4;Homens;1144;20 a 24 anos;11725
Indicador  3.9.2;1706;4;15;Pará;11725;2021;4;Homens;1145;25 a 29 anos;11725
Indicador  3.9.2;1706;2;15;Pará;11725;2021;4;Homens;1146;30 a 34 anos;11725
Indicador  3.9.2;1706;1;15;Pará;11725;2021;4;Homens;1147;35 a 39 anos;11725
Indicador  3.9.2;1706;5;15;Pará;11725;2021;4;Homens;1148;40 a 44 anos;11725
Indicador  3.9.2;1706;5;15;Pará;11725;2021;4;Homens;1149;45 a 49 anos;11725
Indicador  3.9.2;1706;3;15;Pará;11725;2021;4;Homens;1150;50 a 54 anos;11725
Indicador  3.9.2;1706;7;15;Pará;11725;2021;4;Homens;1151;55 a 59 anos;11725
Indicador  3.9.2;1706;134;15;Pará;11725;2021;4;Homens;3302;60 anos ou mais;11725
Indicador  3.9.2;1706;199;15;Pará;11725;2021;5;Mulheres;95253;Total;11725
Indicador  3.9.2;1706;28;15;Pará;11725;2021;5;Mulheres;1140;0 a 4 anos;11725
Indicador  3.9.2;1706;3;15;Pará;11725;2021;5;Mulheres;1141;5 a 9 anos;11725
Indicador  3.9.2;1706;1;15;Pará;11725;2021;5;Mulheres;1142;10 a 14 anos;11725
Indicador  3.9.2;1706;2;15;Pará;11725;2021;5;Mulheres;1143;15 a 19 anos;11725
Indicador  3.9.2;1706;3;15;Pará;11725;2021;5;Mulheres;1144;20 a 24 anos;11725
Indicador  3.9.2;1706;1;15;Pará;11725;2021;5;Mulheres;1145;25 a 29 anos;11725
Indicador  3.9.2;1706;1;15;Pará;11725;2021;5;Mulheres;1146;30 a 34 anos;11725
Indicador  3.9.2;1706;0;15;Pará;11725;2021;5;Mulheres;1147;35 a 39 anos;11725
Indicador  3.9.2;1706;1;15;Pará;11725;2021;5;Mulheres;1148;40 a 44 anos;11725
Indicador  3.9.2;1706;2;15;Pará;11725;2021;5;Mulheres;1149;45 a 49 anos;11725
Indicador  3.9.2;1706;4;15;Pará;11725;2021;5;Mulheres;1150;50 a 54 anos;11725
Indicador  3.9.2;1706;4;15;Pará;11725;2021;5;Mulheres;1151;55 a 59 anos;11725
Indicador  3.9.2;1706;149;15;Pará;11725;2021;5;Mulheres;3302;60 anos ou mais;11725
Indicador  3.9.2;1706;372;15;Pará;11725;2022;6794;Total;95253;Total;11725
Indicador  3.9.2;1706;62;15;Pará;11725;2022;6794;Total;1140;0 a 4 anos;11725
Indicador  3.9.2;1706;4;15;Pará;11725;2022;6794;Total;1141;5 a 9 anos;11725
Indicador  3.9.2;1706;3;15;Pará;11725;2022;6794;Total;1142;10 a 14 anos;11725
Indicador  3.9.2;1706;6;15;Pará;11725;2022;6794;Total;1143;15 a 19 anos;11725
Indicador  3.9.2;1706;4;15;Pará;11725;2022;6794;Total;1144;20 a 24 anos;11725
Indicador  3.9.2;1706;4;15;Pará;11725;2022;6794;Total;1145;25 a 29 anos;11725
Indicador  3.9.2;1706;3;15;Pará;11725;2022;6794;Total;1146;30 a 34 anos;11725
Indicador  3.9.2;1706;6;15;Pará;11725;2022;6794;Total;1147;35 a 39 anos;11725
Indicador  3.9.2;1706;3;15;Pará;11725;2022;6794;Total;1148;40 a 44 anos;11725
Indicador  3.9.2;1706;7;15;Pará;11725;2022;6794;Total;1149;45 a 49 anos;11725
Indicador  3.9.2;1706;6;15;Pará;11725;2022;6794;Total;1150;50 a 54 anos;11725
Indicador  3.9.2;1706;17;15;Pará;11725;2022;6794;Total;1151;55 a 59 anos;11725
Indicador  3.9.2;1706;246;15;Pará;11725;2022;6794;Total;3302;60 anos ou mais;11725
Indicador  3.9.2;1706;199;15;Pará;11725;2022;4;Homens;95253;Total;11725
Indicador  3.9.2;1706;39;15;Pará;11725;2022;4;Homens;1140;0 a 4 anos;11725
Indicador  3.9.2;1706;2;15;Pará;11725;2022;4;Homens;1141;5 a 9 anos;11725
Indicador  3.9.2;1706;2;15;Pará;11725;2022;4;Homens;1142;10 a 14 anos;11725
Indicador  3.9.2;1706;3;15;Pará;11725;2022;4;Homens;1143;15 a 19 anos;11725
Indicador  3.9.2;1706;3;15;Pará;11725;2022;4;Homens;1144;20 a 24 anos;11725
Indicador  3.9.2;1706;2;15;Pará;11725;2022;4;Homens;1145;25 a 29 anos;11725
Indicador  3.9.2;1706;1;15;Pará;11725;2022;4;Homens;1146;30 a 34 anos;11725
Indicador  3.9.2;1706;3;15;Pará;11725;2022;4;Homens;1147;35 a 39 anos;11725
Indicador  3.9.2;1706;2;15;Pará;11725;2022;4;Homens;1148;40 a 44 anos;11725
Indicador  3.9.2;1706;5;15;Pará;11725;2022;4;Homens;1149;45 a 49 anos;11725
Indicador  3.9.2;1706;4;15;Pará;11725;2022;4;Homens;1150;50 a 54 anos;11725
Indicador  3.9.2;1706;12;15;Pará;11725;2022;4;Homens;1151;55 a 59 anos;11725
Indicador  3.9.2;1706;120;15;Pará;11725;2022;4;Homens;3302;60 anos ou mais;11725
Indicador  3.9.2;1706;173;15;Pará;11725;2022;5;Mulheres;95253;Total;11725
Indicador  3.9.2;1706;23;15;Pará;11725;2022;5;Mulheres;1140;0 a 4 anos;11725
Indicador  3.9.2;1706;2;15;Pará;11725;2022;5;Mulheres;1141;5 a 9 anos;11725
Indicador  3.9.2;1706;1;15;Pará;11725;2022;5;Mulheres;1142;10 a 14 anos;11725
Indicador  3.9.2;1706;3;15;Pará;11725;2022;5;Mulheres;1143;15 a 19 anos;11725
Indicador  3.9.2;1706;1;15;Pará;11725;2022;5;Mulheres;1144;20 a 24 anos;11725
Indicador  3.9.2;1706;2;15;Pará;11725;2022;5;Mulheres;1145;25 a 29 anos;11725
Indicador  3.9.2;1706;2;15;Pará;11725;2022;5;Mulheres;1146;30 a 34 anos;11725
Indicador  3.9.2;1706;3;15;Pará;11725;2022;5;Mulheres;1147;35 a 39 anos;11725
Indicador  3.9.2;1706;1;15;Pará;11725;2022;5;Mulheres;1148;40 a 44 anos;11725
Indicador  3.9.2;1706;2;15;Pará;11725;2022;5;Mulheres;1149;45 a 49 anos;11725
Indicador  3.9.2;1706;2;15;Pará;11725;2022;5;Mulheres;1150;50 a 54 anos;11725
Indicador  3.9.2;1706;5;15;Pará;11725;2022;5;Mulheres;1151;55 a 59 anos;11725
Indicador  3.9.2;1706;126;15;Pará;11725;2022;5;Mulheres;3302;60 anos ou mais;11725
Indicador  3.9.2;1706;25;16;Amapá;11725;2018;6794;Total;95253;Total;11725
Indicador  3.9.2;1706;7;16;Amapá;11725;2018;6794;Total;1140;0 a 4 anos;11725
Indicador  3.9.2;1706;0;16;Amapá;11725;2018;6794;Total;1141;5 a 9 anos;11725
Indicador  3.9.2;1706;0;16;Amapá;11725;2018;6794;Total;1142;10 a 14 anos;11725
Indicador  3.9.2;1706;0;16;Amapá;11725;2018;6794;Total;1143;15 a 19 anos;11725
Indicador  3.9.2;1706;0;16;Amapá;11725;2018;6794;Total;1144;20 a 24 anos;11725
Indicador  3.9.2;1706;0;16;Amapá;11725;2018;6794;Total;1145;25 a 29 anos;11725
Indicador  3.9.2;1706;1;16;Amapá;11725;2018;6794;Total;1146;30 a 34 anos;11725
Indicador  3.9.2;1706;0;16;Amapá;11725;2018;6794;Total;1147;35 a 39 anos;11725
Indicador  3.9.2;1706;1;16;Amapá;11725;2018;6794;Total;1148;40 a 44 anos;11725
Indicador  3.9.2;1706;0;16;Amapá;11725;2018;6794;Total;1149;45 a 49 anos;11725
Indicador  3.9.2;1706;0;16;Amapá;11725;2018;6794;Total;1150;50 a 54 anos;11725
Indicador  3.9.2;1706;0;16;Amapá;11725;2018;6794;Total;1151;55 a 59 anos;11725
Indicador  3.9.2;1706;16;16;Amapá;11725;2018;6794;Total;3302;60 anos ou mais;11725
Indicador  3.9.2;1706;12;16;Amapá;11725;2018;4;Homens;95253;Total;11725
Indicador  3.9.2;1706;2;16;Amapá;11725;2018;4;Homens;1140;0 a 4 anos;11725
Indicador  3.9.2;1706;0;16;Amapá;11725;2018;4;Homens;1141;5 a 9 anos;11725
Indicador  3.9.2;1706;0;16;Amapá;11725;2018;4;Homens;1142;10 a 14 anos;11725
Indicador  3.9.2;1706;0;16;Amapá;11725;2018;4;Homens;1143;15 a 19 anos;11725
Indicador  3.9.2;1706;0;16;Amapá;11725;2018;4;Homens;1144;20 a 24 anos;11725
Indicador  3.9.2;1706;0;16;Amapá;11725;2018;4;Homens;1145;25 a 29 anos;11725
Indicador  3.9.2;1706;1;16;Amapá;11725;2018;4;Homens;1146;30 a 34 anos;11725
Indicador  3.9.2;1706;0;16;Amapá;11725;2018;4;Homens;1147;35 a 39 anos;11725
Indicador  3.9.2;1706;1;16;Amapá;11725;2018;4;Homens;1148;40 a 44 anos;11725
Indicador  3.9.2;1706;0;16;Amapá;11725;2018;4;Homens;1149;45 a 49 anos;11725
Indicador  3.9.2;1706;0;16;Amapá;11725;2018;4;Homens;1150;50 a 54 anos;11725
Indicador  3.9.2;1706;0;16;Amapá;11725;2018;4;Homens;1151;55 a 59 anos;11725
Indicador  3.9.2;1706;8;16;Amapá;11725;2018;4;Homens;3302;60 anos ou mais;11725
Indicador  3.9.2;1706;13;16;Amapá;11725;2018;5;Mulheres;95253;Total;11725
Indicador  3.9.2;1706;5;16;Amapá;11725;2018;5;Mulheres;1140;0 a 4 anos;11725
Indicador  3.9.2;1706;0;16;Amapá;11725;2018;5;Mulheres;1141;5 a 9 anos;11725
Indicador  3.9.2;1706;0;16;Amapá;11725;2018;5;Mulheres;1142;10 a 14 anos;11725
Indicador  3.9.2;1706;0;16;Amapá;11725;2018;5;Mulheres;1143;15 a 19 anos;11725
Indicador  3.9.2;1706;0;16;Amapá;11725;2018;5;Mulheres;1144;20 a 24 anos;11725
Indicador  3.9.2;1706;0;16;Amapá;11725;2018;5;Mulheres;1145;25 a 29 anos;11725
Indicador  3.9.2;1706;0;16;Amapá;11725;2018;5;Mulheres;1146;30 a 34 anos;11725
Indicador  3.9.2;1706;0;16;Amapá;11725;2018;5;Mulheres;1147;35 a 39 anos;11725
Indicador  3.9.2;1706;0;16;Amapá;11725;2018;5;Mulheres;1148;40 a 44 anos;11725
Indicador  3.9.2;1706;0;16;Amapá;11725;2018;5;Mulheres;1149;45 a 49 anos;11725
Indicador  3.9.2;1706;0;16;Amapá;11725;2018;5;Mulheres;1150;50 a 54 anos;11725
Indicador  3.9.2;1706;0;16;Amapá;11725;2018;5;Mulheres;1151;55 a 59 anos;11725
Indicador  3.9.2;1706;8;16;Amapá;11725;2018;5;Mulheres;3302;60 anos ou mais;11725
Indicador  3.9.2;1706;24;16;Amapá;11725;2019;6794;Total;95253;Total;11725
Indicador  3.9.2;1706;6;16;Amapá;11725;2019;6794;Total;1140;0 a 4 anos;11725
Indicador  3.9.2;1706;2;16;Amapá;11725;2019;6794;Total;1141;5 a 9 anos;11725
Indicador  3.9.2;1706;0;16;Amapá;11725;2019;6794;Total;1142;10 a 14 anos;11725
Indicador  3.9.2;1706;0;16;Amapá;11725;2019;6794;Total;1143;15 a 19 anos;11725
Indicador  3.9.2;1706;0;16;Amapá;11725;2019;6794;Total;1144;20 a 24 anos;11725
Indicador  3.9.2;1706;1;16;Amapá;11725;2019;6794;Total;1145;25 a 29 anos;11725
Indicador  3.9.2;1706;1;16;Amapá;11725;2019;6794;Total;1146;30 a 34 anos;11725
Indicador  3.9.2;1706;0;16;Amapá;11725;2019;6794;Total;1147;35 a 39 anos;11725
Indicador  3.9.2;1706;1;16;Amapá;11725;2019;6794;Total;1148;40 a 44 anos;11725
Indicador  3.9.2;1706;1;16;Amapá;11725;2019;6794;Total;1149;45 a 49 anos;11725
Indicador  3.9.2;1706;1;16;Amapá;11725;2019;6794;Total;1150;50 a 54 anos;11725
Indicador  3.9.2;1706;0;16;Amapá;11725;2019;6794;Total;1151;55 a 59 anos;11725
Indicador  3.9.2;1706;11;16;Amapá;11725;2019;6794;Total;3302;60 anos ou mais;11725
Indicador  3.9.2;1706;13;16;Amapá;11725;2019;4;Homens;95253;Total;11725
Indicador  3.9.2;1706;4;16;Amapá;11725;2019;4;Homens;1140;0 a 4 anos;11725
Indicador  3.9.2;1706;1;16;Amapá;11725;2019;4;Homens;1141;5 a 9 anos;11725
Indicador  3.9.2;1706;0;16;Amapá;11725;2019;4;Homens;1142;10 a 14 anos;11725
Indicador  3.9.2;1706;0;16;Amapá;11725;2019;4;Homens;1143;15 a 19 anos;11725
Indicador  3.9.2;1706;0;16;Amapá;11725;2019;4;Homens;1144;20 a 24 anos;11725
Indicador  3.9.2;1706;0;16;Amapá;11725;2019;4;Homens;1145;25 a 29 anos;11725
Indicador  3.9.2;1706;1;16;Amapá;11725;2019;4;Homens;1146;30 a 34 anos;11725
Indicador  3.9.2;1706;0;16;Amapá;11725;2019;4;Homens;1147;35 a 39 anos;11725
Indicador  3.9.2;1706;1;16;Amapá;11725;2019;4;Homens;1148;40 a 44 anos;11725
Indicador  3.9.2;1706;0;16;Amapá;11725;2019;4;Homens;1149;45 a 49 anos;11725
Indicador  3.9.2;1706;0;16;Amapá;11725;2019;4;Homens;1150;50 a 54 anos;11725
Indicador  3.9.2;1706;0;16;Amapá;11725;2019;4;Homens;1151;55 a 59 anos;11725
Indicador  3.9.2;1706;6;16;Amapá;11725;2019;4;Homens;3302;60 anos ou mais;11725
Indicador  3.9.2;1706;11;16;Amapá;11725;2019;5;Mulheres;95253;Total;11725
Indicador  3.9.2;1706;2;16;Amapá;11725;2019;5;Mulheres;1140;0 a 4 anos;11725
Indicador  3.9.2;1706;1;16;Amapá;11725;2019;5;Mulheres;1141;5 a 9 anos;11725
Indicador  3.9.2;1706;0;16;Amapá;11725;2019;5;Mulheres;1142;10 a 14 anos;11725
Indicador  3.9.2;1706;0;16;Amapá;11725;2019;5;Mulheres;1143;15 a 19 anos;11725
Indicador  3.9.2;1706;0;16;Amapá;11725;2019;5;Mulheres;1144;20 a 24 anos;11725
Indicador  3.9.2;1706;1;16;Amapá;11725;2019;5;Mulheres;1145;25 a 29 anos;11725
Indicador  3.9.2;1706;0;16;Amapá;11725;2019;5;Mulheres;1146;30 a 34 anos;11725
Indicador  3.9.2;1706;0;16;Amapá;11725;2019;5;Mulheres;1147;35 a 39 anos;11725
Indicador  3.9.2;1706;0;16;Amapá;11725;2019;5;Mulheres;1148;40 a 44 anos;11725
Indicador  3.9.2;1706;1;16;Amapá;11725;2019;5;Mulheres;1149;45 a 49 anos;11725
Indicador  3.9.2;1706;1;16;Amapá;11725;2019;5;Mulheres;1150;50 a 54 anos;11725
Indicador  3.9.2;1706;0;16;Amapá;11725;2019;5;Mulheres;1151;55 a 59 anos;11725
Indicador  3.9.2;1706;5;16;Amapá;11725;2019;5;Mulheres;3302;60 anos ou mais;11725
Indicador  3.9.2;1706;7;16;Amapá;11725;2020;6794;Total;95253;Total;11725
Indicador  3.9.2;1706;2;16;Amapá;11725;2020;6794;Total;1140;0 a 4 anos;11725
Indicador  3.9.2;1706;0;16;Amapá;11725;2020;6794;Total;1141;5 a 9 anos;11725
Indicador  3.9.2;1706;0;16;Amapá;11725;2020;6794;Total;1142;10 a 14 anos;11725
Indicador  3.9.2;1706;0;16;Amapá;11725;2020;6794;Total;1143;15 a 19 anos;11725
Indicador  3.9.2;1706;0;16;Amapá;11725;2020;6794;Total;1144;20 a 24 anos;11725
Indicador  3.9.2;1706;2;16;Amapá;11725;2020;6794;Total;1145;25 a 29 anos;11725
Indicador  3.9.2;1706;0;16;Amapá;11725;2020;6794;Total;1146;30 a 34 anos;11725
Indicador  3.9.2;1706;0;16;Amapá;11725;2020;6794;Total;1147;35 a 39 anos;11725
Indicador  3.9.2;1706;0;16;Amapá;11725;2020;6794;Total;1148;40 a 44 anos;11725
Indicador  3.9.2;1706;0;16;Amapá;11725;2020;6794;Total;1149;45 a 49 anos;11725
Indicador  3.9.2;1706;0;16;Amapá;11725;2020;6794;Total;1150;50 a 54 anos;11725
Indicador  3.9.2;1706;0;16;Amapá;11725;2020;6794;Total;1151;55 a 59 anos;11725
Indicador  3.9.2;1706;3;16;Amapá;11725;2020;6794;Total;3302;60 anos ou mais;11725
Indicador  3.9.2;1706;3;16;Amapá;11725;2020;4;Homens;95253;Total;11725
Indicador  3.9.2;1706;1;16;Amapá;11725;2020;4;Homens;1140;0 a 4 anos;11725
Indicador  3.9.2;1706;0;16;Amapá;11725;2020;4;Homens;1141;5 a 9 anos;11725
Indicador  3.9.2;1706;0;16;Amapá;11725;2020;4;Homens;1142;10 a 14 anos;11725
Indicador  3.9.2;1706;0;16;Amapá;11725;2020;4;Homens;1143;15 a 19 anos;11725
Indicador  3.9.2;1706;0;16;Amapá;11725;2020;4;Homens;1144;20 a 24 anos;11725
Indicador  3.9.2;1706;1;16;Amapá;11725;2020;4;Homens;1145;25 a 29 anos;11725
Indicador  3.9.2;1706;0;16;Amapá;11725;2020;4;Homens;1146;30 a 34 anos;11725
Indicador  3.9.2;1706;0;16;Amapá;11725;2020;4;Homens;1147;35 a 39 anos;11725
Indicador  3.9.2;1706;0;16;Amapá;11725;2020;4;Homens;1148;40 a 44 anos;11725
Indicador  3.9.2;1706;0;16;Amapá;11725;2020;4;Homens;1149;45 a 49 anos;11725
Indicador  3.9.2;1706;0;16;Amapá;11725;2020;4;Homens;1150;50 a 54 anos;11725
Indicador  3.9.2;1706;0;16;Amapá;11725;2020;4;Homens;1151;55 a 59 anos;11725
Indicador  3.9.2;1706;1;16;Amapá;11725;2020;4;Homens;3302;60 anos ou mais;11725
Indicador  3.9.2;1706;4;16;Amapá;11725;2020;5;Mulheres;95253;Total;11725
Indicador  3.9.2;1706;1;16;Amapá;11725;2020;5;Mulheres;1140;0 a 4 anos;11725
Indicador  3.9.2;1706;0;16;Amapá;11725;2020;5;Mulheres;1141;5 a 9 anos;11725
Indicador  3.9.2;1706;0;16;Amapá;11725;2020;5;Mulheres;1142;10 a 14 anos;11725
Indicador  3.9.2;1706;0;16;Amapá;11725;2020;5;Mulheres;1143;15 a 19 anos;11725
Indicador  3.9.2;1706;0;16;Amapá;11725;2020;5;Mulheres;1144;20 a 24 anos;11725
Indicador  3.9.2;1706;1;16;Amapá;11725;2020;5;Mulheres;1145;25 a 29 anos;11725
Indicador  3.9.2;1706;0;16;Amapá;11725;2020;5;Mulheres;1146;30 a 34 anos;11725
Indicador  3.9.2;1706;0;16;Amapá;11725;2020;5;Mulheres;1147;35 a 39 anos;11725
Indicador  3.9.2;1706;0;16;Amapá;11725;2020;5;Mulheres;1148;40 a 44 anos;11725
Indicador  3.9.2;1706;0;16;Amapá;11725;2020;5;Mulheres;1149;45 a 49 anos;11725
Indicador  3.9.2;1706;0;16;Amapá;11725;2020;5;Mulheres;1150;50 a 54 anos;11725
Indicador  3.9.2;1706;0;16;Amapá;11725;2020;5;Mulheres;1151;55 a 59 anos;11725
Indicador  3.9.2;1706;2;16;Amapá;11725;2020;5;Mulheres;3302;60 anos ou mais;11725
Indicador  3.9.2;1706;29;16;Amapá;11725;2021;6794;Total;95253;Total;11725
Indicador  3.9.2;1706;7;16;Amapá;11725;2021;6794;Total;1140;0 a 4 anos;11725
Indicador  3.9.2;1706;0;16;Amapá;11725;2021;6794;Total;1141;5 a 9 anos;11725
Indicador  3.9.2;1706;1;16;Amapá;11725;2021;6794;Total;1142;10 a 14 anos;11725
Indicador  3.9.2;1706;1;16;Amapá;11725;2021;6794;Total;1143;15 a 19 anos;11725
Indicador  3.9.2;1706;1;16;Amapá;11725;2021;6794;Total;1144;20 a 24 anos;11725
Indicador  3.9.2;1706;0;16;Amapá;11725;2021;6794;Total;1145;25 a 29 anos;11725
Indicador  3.9.2;1706;0;16;Amapá;11725;2021;6794;Total;1146;30 a 34 anos;11725
Indicador  3.9.2;1706;0;16;Amapá;11725;2021;6794;Total;1147;35 a 39 anos;11725
Indicador  3.9.2;1706;1;16;Amapá;11725;2021;6794;Total;1148;40 a 44 anos;11725
Indicador  3.9.2;1706;1;16;Amapá;11725;2021;6794;Total;1149;45 a 49 anos;11725
Indicador  3.9.2;1706;0;16;Amapá;11725;2021;6794;Total;1150;50 a 54 anos;11725
Indicador  3.9.2;1706;2;16;Amapá;11725;2021;6794;Total;1151;55 a 59 anos;11725
Indicador  3.9.2;1706;15;16;Amapá;11725;2021;6794;Total;3302;60 anos ou mais;11725
Indicador  3.9.2;1706;15;16;Amapá;11725;2021;4;Homens;95253;Total;11725
Indicador  3.9.2;1706;3;16;Amapá;11725;2021;4;Homens;1140;0 a 4 anos;11725
Indicador  3.9.2;1706;0;16;Amapá;11725;2021;4;Homens;1141;5 a 9 anos;11725
Indicador  3.9.2;1706;1;16;Amapá;11725;2021;4;Homens;1142;10 a 14 anos;11725
Indicador  3.9.2;1706;0;16;Amapá;11725;2021;4;Homens;1143;15 a 19 anos;11725
Indicador  3.9.2;1706;1;16;Amapá;11725;2021;4;Homens;1144;20 a 24 anos;11725
Indicador  3.9.2;1706;0;16;Amapá;11725;2021;4;Homens;1145;25 a 29 anos;11725
Indicador  3.9.2;1706;0;16;Amapá;11725;2021;4;Homens;1146;30 a 34 anos;11725
Indicador  3.9.2;1706;0;16;Amapá;11725;2021;4;Homens;1147;35 a 39 anos;11725
Indicador  3.9.2;1706;1;16;Amapá;11725;2021;4;Homens;1148;40 a 44 anos;11725
Indicador  3.9.2;1706;1;16;Amapá;11725;2021;4;Homens;1149;45 a 49 anos;11725
Indicador  3.9.2;1706;0;16;Amapá;11725;2021;4;Homens;1150;50 a 54 anos;11725
Indicador  3.9.2;1706;2;16;Amapá;11725;2021;4;Homens;1151;55 a 59 anos;11725
Indicador  3.9.2;1706;6;16;Amapá;11725;2021;4;Homens;3302;60 anos ou mais;11725
Indicador  3.9.2;1706;14;16;Amapá;11725;2021;5;Mulheres;95253;Total;11725
Indicador  3.9.2;1706;4;16;Amapá;11725;2021;5;Mulheres;1140;0 a 4 anos;11725
Indicador  3.9.2;1706;0;16;Amapá;11725;2021;5;Mulheres;1141;5 a 9 anos;11725
Indicador  3.9.2;1706;0;16;Amapá;11725;2021;5;Mulheres;1142;10 a 14 anos;11725
Indicador  3.9.2;1706;1;16;Amapá;11725;2021;5;Mulheres;1143;15 a 19 anos;11725
Indicador  3.9.2;1706;0;16;Amapá;11725;2021;5;Mulheres;1144;20 a 24 anos;11725
Indicador  3.9.2;1706;0;16;Amapá;11725;2021;5;Mulheres;1145;25 a 29 anos;11725
Indicador  3.9.2;1706;0;16;Amapá;11725;2021;5;Mulheres;1146;30 a 34 anos;11725
Indicador  3.9.2;1706;0;16;Amapá;11725;2021;5;Mulheres;1147;35 a 39 anos;11725
Indicador  3.9.2;1706;0;16;Amapá;11725;2021;5;Mulheres;1148;40 a 44 anos;11725
Indicador  3.9.2;1706;0;16;Amapá;11725;2021;5;Mulheres;1149;45 a 49 anos;11725
Indicador  3.9.2;1706;0;16;Amapá;11725;2021;5;Mulheres;1150;50 a 54 anos;11725
Indicador  3.9.2;1706;0;16;Amapá;11725;2021;5;Mulheres;1151;55 a 59 anos;11725
Indicador  3.9.2;1706;9;16;Amapá;11725;2021;5;Mulheres;3302;60 anos ou mais;11725
Indicador  3.9.2;1706;13;16;Amapá;11725;2022;6794;Total;95253;Total;11725
Indicador  3.9.2;1706;5;16;Amapá;11725;2022;6794;Total;1140;0 a 4 anos;11725
Indicador  3.9.2;1706;0;16;Amapá;11725;2022;6794;Total;1141;5 a 9 anos;11725
Indicador  3.9.2;1706;0;16;Amapá;11725;2022;6794;Total;1142;10 a 14 anos;11725
Indicador  3.9.2;1706;0;16;Amapá;11725;2022;6794;Total;1143;15 a 19 anos;11725
Indicador  3.9.2;1706;0;16;Amapá;11725;2022;6794;Total;1144;20 a 24 anos;11725
Indicador  3.9.2;1706;0;16;Amapá;11725;2022;6794;Total;1145;25 a 29 anos;11725
Indicador  3.9.2;1706;0;16;Amapá;11725;2022;6794;Total;1146;30 a 34 anos;11725
Indicador  3.9.2;1706;0;16;Amapá;11725;2022;6794;Total;1147;35 a 39 anos;11725
Indicador  3.9.2;1706;1;16;Amapá;11725;2022;6794;Total;1148;40 a 44 anos;11725
Indicador  3.9.2;1706;0;16;Amapá;11725;2022;6794;Total;1149;45 a 49 anos;11725
Indicador  3.9.2;1706;0;16;Amapá;11725;2022;6794;Total;1150;50 a 54 anos;11725
Indicador  3.9.2;1706;0;16;Amapá;11725;2022;6794;Total;1151;55 a 59 anos;11725
Indicador  3.9.2;1706;7;16;Amapá;11725;2022;6794;Total;3302;60 anos ou mais;11725
Indicador  3.9.2;1706;9;16;Amapá;11725;2022;4;Homens;95253;Total;11725
Indicador  3.9.2;1706;4;16;Amapá;11725;2022;4;Homens;1140;0 a 4 anos;11725
Indicador  3.9.2;1706;0;16;Amapá;11725;2022;4;Homens;1141;5 a 9 anos;11725
Indicador  3.9.2;1706;0;16;Amapá;11725;2022;4;Homens;1142;10 a 14 anos;11725
Indicador  3.9.2;1706;0;16;Amapá;11725;2022;4;Homens;1143;15 a 19 anos;11725
Indicador  3.9.2;1706;0;16;Amapá;11725;2022;4;Homens;1144;20 a 24 anos;11725
Indicador  3.9.2;1706;0;16;Amapá;11725;2022;4;Homens;1145;25 a 29 anos;11725
Indicador  3.9.2;1706;0;16;Amapá;11725;2022;4;Homens;1146;30 a 34 anos;11725
Indicador  3.9.2;1706;0;16;Amapá;11725;2022;4;Homens;1147;35 a 39 anos;11725
Indicador  3.9.2;1706;1;16;Amapá;11725;2022;4;Homens;1148;40 a 44 anos;11725
Indicador  3.9.2;1706;0;16;Amapá;11725;2022;4;Homens;1149;45 a 49 anos;11725
Indicador  3.9.2;1706;0;16;Amapá;11725;2022;4;Homens;1150;50 a 54 anos;11725
Indicador  3.9.2;1706;0;16;Amapá;11725;2022;4;Homens;1151;55 a 59 anos;11725
Indicador  3.9.2;1706;4;16;Amapá;11725;2022;4;Homens;3302;60 anos ou mais;11725
Indicador  3.9.2;1706;4;16;Amapá;11725;2022;5;Mulheres;95253;Total;11725
Indicador  3.9.2;1706;1;16;Amapá;11725;2022;5;Mulheres;1140;0 a 4 anos;11725
Indicador  3.9.2;1706;0;16;Amapá;11725;2022;5;Mulheres;1141;5 a 9 anos;11725
Indicador  3.9.2;1706;0;16;Amapá;11725;2022;5;Mulheres;1142;10 a 14 anos;11725
Indicador  3.9.2;1706;0;16;Amapá;11725;2022;5;Mulheres;1143;15 a 19 anos;11725
Indicador  3.9.2;1706;0;16;Amapá;11725;2022;5;Mulheres;1144;20 a 24 anos;11725
Indicador  3.9.2;1706;0;16;Amapá;11725;2022;5;Mulheres;1145;25 a 29 anos;11725
Indicador  3.9.2;1706;0;16;Amapá;11725;2022;5;Mulheres;1146;30 a 34 anos;11725
Indicador  3.9.2;1706;0;16;Amapá;11725;2022;5;Mulheres;1147;35 a 39 anos;11725
Indicador  3.9.2;1706;0;16;Amapá;11725;2022;5;Mulheres;1148;40 a 44 anos;11725
Indicador  3.9.2;1706;0;16;Amapá;11725;2022;5;Mulheres;1149;45 a 49 anos;11725
Indicador  3.9.2;1706;0;16;Amapá;11725;2022;5;Mulheres;1150;50 a 54 anos;11725
Indicador  3.9.2;1706;0;16;Amapá;11725;2022;5;Mulheres;1151;55 a 59 anos;11725
Indicador  3.9.2;1706;3;16;Amapá;11725;2022;5;Mulheres;3302;60 anos ou mais;11725
Indicador  3.9.2;1706;61;17;Tocantins;11725;2018;6794;Total;95253;Total;11725
Indicador  3.9.2;1706;7;17;Tocantins;11725;2018;6794;Total;1140;0 a 4 anos;11725
Indicador  3.9.2;1706;0;17;Tocantins;11725;2018;6794;Total;1141;5 a 9 anos;11725
Indicador  3.9.2;1706;1;17;Tocantins;11725;2018;6794;Total;1142;10 a 14 anos;11725
Indicador  3.9.2;1706;0;17;Tocantins;11725;2018;6794;Total;1143;15 a 19 anos;11725
Indicador  3.9.2;1706;0;17;Tocantins;11725;2018;6794;Total;1144;20 a 24 anos;11725
Indicador  3.9.2;1706;2;17;Tocantins;11725;2018;6794;Total;1145;25 a 29 anos;11725
Indicador  3.9.2;1706;0;17;Tocantins;11725;2018;6794;Total;1146;30 a 34 anos;11725
Indicador  3.9.2;1706;2;17;Tocantins;11725;2018;6794;Total;1147;35 a 39 anos;11725
Indicador  3.9.2;1706;0;17;Tocantins;11725;2018;6794;Total;1148;40 a 44 anos;11725
Indicador  3.9.2;1706;0;17;Tocantins;11725;2018;6794;Total;1149;45 a 49 anos;11725
Indicador  3.9.2;1706;1;17;Tocantins;11725;2018;6794;Total;1150;50 a 54 anos;11725
Indicador  3.9.2;1706;4;17;Tocantins;11725;2018;6794;Total;1151;55 a 59 anos;11725
Indicador  3.9.2;1706;44;17;Tocantins;11725;2018;6794;Total;3302;60 anos ou mais;11725
Indicador  3.9.2;1706;32;17;Tocantins;11725;2018;4;Homens;95253;Total;11725
Indicador  3.9.2;1706;2;17;Tocantins;11725;2018;4;Homens;1140;0 a 4 anos;11725
Indicador  3.9.2;1706;0;17;Tocantins;11725;2018;4;Homens;1141;5 a 9 anos;11725
Indicador  3.9.2;1706;0;17;Tocantins;11725;2018;4;Homens;1142;10 a 14 anos;11725
Indicador  3.9.2;1706;0;17;Tocantins;11725;2018;4;Homens;1143;15 a 19 anos;11725
Indicador  3.9.2;1706;0;17;Tocantins;11725;2018;4;Homens;1144;20 a 24 anos;11725
Indicador  3.9.2;1706;2;17;Tocantins;11725;2018;4;Homens;1145;25 a 29 anos;11725
Indicador  3.9.2;1706;0;17;Tocantins;11725;2018;4;Homens;1146;30 a 34 anos;11725
Indicador  3.9.2;1706;2;17;Tocantins;11725;2018;4;Homens;1147;35 a 39 anos;11725
Indicador  3.9.2;1706;0;17;Tocantins;11725;2018;4;Homens;1148;40 a 44 anos;11725
Indicador  3.9.2;1706;0;17;Tocantins;11725;2018;4;Homens;1149;45 a 49 anos;11725
Indicador  3.9.2;1706;1;17;Tocantins;11725;2018;4;Homens;1150;50 a 54 anos;11725
Indicador  3.9.2;1706;4;17;Tocantins;11725;2018;4;Homens;1151;55 a 59 anos;11725
Indicador  3.9.2;1706;21;17;Tocantins;11725;2018;4;Homens;3302;60 anos ou mais;11725
Indicador  3.9.2;1706;29;17;Tocantins;11725;2018;5;Mulheres;95253;Total;11725
Indicador  3.9.2;1706;5;17;Tocantins;11725;2018;5;Mulheres;1140;0 a 4 anos;11725
Indicador  3.9.2;1706;0;17;Tocantins;11725;2018;5;Mulheres;1141;5 a 9 anos;11725
Indicador  3.9.2;1706;1;17;Tocantins;11725;2018;5;Mulheres;1142;10 a 14 anos;11725
Indicador  3.9.2;1706;0;17;Tocantins;11725;2018;5;Mulheres;1143;15 a 19 anos;11725
Indicador  3.9.2;1706;0;17;Tocantins;11725;2018;5;Mulheres;1144;20 a 24 anos;11725
Indicador  3.9.2;1706;0;17;Tocantins;11725;2018;5;Mulheres;1145;25 a 29 anos;11725
Indicador  3.9.2;1706;0;17;Tocantins;11725;2018;5;Mulheres;1146;30 a 34 anos;11725
Indicador  3.9.2;1706;0;17;Tocantins;11725;2018;5;Mulheres;1147;35 a 39 anos;11725
Indicador  3.9.2;1706;0;17;Tocantins;11725;2018;5;Mulheres;1148;40 a 44 anos;11725
Indicador  3.9.2;1706;0;17;Tocantins;11725;2018;5;Mulheres;1149;45 a 49 anos;11725
Indicador  3.9.2;1706;0;17;Tocantins;11725;2018;5;Mulheres;1150;50 a 54 anos;11725
Indicador  3.9.2;1706;0;17;Tocantins;11725;2018;5;Mulheres;1151;55 a 59 anos;11725
Indicador  3.9.2;1706;23;17;Tocantins;11725;2018;5;Mulheres;3302;60 anos ou mais;11725
Indicador  3.9.2;1706;59;17;Tocantins;11725;2019;6794;Total;95253;Total;11725
Indicador  3.9.2;1706;6;17;Tocantins;11725;2019;6794;Total;1140;0 a 4 anos;11725
Indicador  3.9.2;1706;1;17;Tocantins;11725;2019;6794;Total;1141;5 a 9 anos;11725
Indicador  3.9.2;1706;0;17;Tocantins;11725;2019;6794;Total;1142;10 a 14 anos;11725
Indicador  3.9.2;1706;0;17;Tocantins;11725;2019;6794;Total;1143;15 a 19 anos;11725
Indicador  3.9.2;1706;0;17;Tocantins;11725;2019;6794;Total;1144;20 a 24 anos;11725
Indicador  3.9.2;1706;0;17;Tocantins;11725;2019;6794;Total;1145;25 a 29 anos;11725
Indicador  3.9.2;1706;0;17;Tocantins;11725;2019;6794;Total;1146;30 a 34 anos;11725
Indicador  3.9.2;1706;1;17;Tocantins;11725;2019;6794;Total;1147;35 a 39 anos;11725
Indicador  3.9.2;1706;0;17;Tocantins;11725;2019;6794;Total;1148;40 a 44 anos;11725
Indicador  3.9.2;1706;0;17;Tocantins;11725;2019;6794;Total;1149;45 a 49 anos;11725
Indicador  3.9.2;1706;1;17;Tocantins;11725;2019;6794;Total;1150;50 a 54 anos;11725
Indicador  3.9.2;1706;3;17;Tocantins;11725;2019;6794;Total;1151;55 a 59 anos;11725
Indicador  3.9.2;1706;47;17;Tocantins;11725;2019;6794;Total;3302;60 anos ou mais;11725
Indicador  3.9.2;1706;25;17;Tocantins;11725;2019;4;Homens;95253;Total;11725
Indicador  3.9.2;1706;3;17;Tocantins;11725;2019;4;Homens;1140;0 a 4 anos;11725
Indicador  3.9.2;1706;1;17;Tocantins;11725;2019;4;Homens;1141;5 a 9 anos;11725
Indicador  3.9.2;1706;0;17;Tocantins;11725;2019;4;Homens;1142;10 a 14 anos;11725
Indicador  3.9.2;1706;0;17;Tocantins;11725;2019;4;Homens;1143;15 a 19 anos;11725
Indicador  3.9.2;1706;0;17;Tocantins;11725;2019;4;Homens;1144;20 a 24 anos;11725
Indicador  3.9.2;1706;0;17;Tocantins;11725;2019;4;Homens;1145;25 a 29 anos;11725
Indicador  3.9.2;1706;0;17;Tocantins;11725;2019;4;Homens;1146;30 a 34 anos;11725
Indicador  3.9.2;1706;0;17;Tocantins;11725;2019;4;Homens;1147;35 a 39 anos;11725
Indicador  3.9.2;1706;0;17;Tocantins;11725;2019;4;Homens;1148;40 a 44 anos;11725
Indicador  3.9.2;1706;0;17;Tocantins;11725;2019;4;Homens;1149;45 a 49 anos;11725
Indicador  3.9.2;1706;1;17;Tocantins;11725;2019;4;Homens;1150;50 a 54 anos;11725
Indicador  3.9.2;1706;1;17;Tocantins;11725;2019;4;Homens;1151;55 a 59 anos;11725
Indicador  3.9.2;1706;19;17;Tocantins;11725;2019;4;Homens;3302;60 anos ou mais;11725
Indicador  3.9.2;1706;34;17;Tocantins;11725;2019;5;Mulheres;95253;Total;11725
Indicador  3.9.2;1706;3;17;Tocantins;11725;2019;5;Mulheres;1140;0 a 4 anos;11725
Indicador  3.9.2;1706;0;17;Tocantins;11725;2019;5;Mulheres;1141;5 a 9 anos;11725
Indicador  3.9.2;1706;0;17;Tocantins;11725;2019;5;Mulheres;1142;10 a 14 anos;11725
Indicador  3.9.2;1706;0;17;Tocantins;11725;2019;5;Mulheres;1143;15 a 19 anos;11725
Indicador  3.9.2;1706;0;17;Tocantins;11725;2019;5;Mulheres;1144;20 a 24 anos;11725
Indicador  3.9.2;1706;0;17;Tocantins;11725;2019;5;Mulheres;1145;25 a 29 anos;11725
Indicador  3.9.2;1706;0;17;Tocantins;11725;2019;5;Mulheres;1146;30 a 34 anos;11725
Indicador  3.9.2;1706;1;17;Tocantins;11725;2019;5;Mulheres;1147;35 a 39 anos;11725
Indicador  3.9.2;1706;0;17;Tocantins;11725;2019;5;Mulheres;1148;40 a 44 anos;11725
Indicador  3.9.2;1706;0;17;Tocantins;11725;2019;5;Mulheres;1149;45 a 49 anos;11725
Indicador  3.9.2;1706;0;17;Tocantins;11725;2019;5;Mulheres;1150;50 a 54 anos;11725
Indicador  3.9.2;1706;2;17;Tocantins;11725;2019;5;Mulheres;1151;55 a 59 anos;11725
Indicador  3.9.2;1706;28;17;Tocantins;11725;2019;5;Mulheres;3302;60 anos ou mais;11725
Indicador  3.9.2;1706;49;17;Tocantins;11725;2020;6794;Total;95253;Total;11725
Indicador  3.9.2;1706;4;17;Tocantins;11725;2020;6794;Total;1140;0 a 4 anos;11725
Indicador  3.9.2;1706;0;17;Tocantins;11725;2020;6794;Total;1141;5 a 9 anos;11725
Indicador  3.9.2;1706;1;17;Tocantins;11725;2020;6794;Total;1142;10 a 14 anos;11725
Indicador  3.9.2;1706;0;17;Tocantins;11725;2020;6794;Total;1143;15 a 19 anos;11725
Indicador  3.9.2;1706;1;17;Tocantins;11725;2020;6794;Total;1144;20 a 24 anos;11725
Indicador  3.9.2;1706;0;17;Tocantins;11725;2020;6794;Total;1145;25 a 29 anos;11725
Indicador  3.9.2;1706;0;17;Tocantins;11725;2020;6794;Total;1146;30 a 34 anos;11725
Indicador  3.9.2;1706;0;17;Tocantins;11725;2020;6794;Total;1147;35 a 39 anos;11725
Indicador  3.9.2;1706;0;17;Tocantins;11725;2020;6794;Total;1148;40 a 44 anos;11725
Indicador  3.9.2;1706;1;17;Tocantins;11725;2020;6794;Total;1149;45 a 49 anos;11725
Indicador  3.9.2;1706;2;17;Tocantins;11725;2020;6794;Total;1150;50 a 54 anos;11725
Indicador  3.9.2;1706;2;17;Tocantins;11725;2020;6794;Total;1151;55 a 59 anos;11725
Indicador  3.9.2;1706;38;17;Tocantins;11725;2020;6794;Total;3302;60 anos ou mais;11725
Indicador  3.9.2;1706;25;17;Tocantins;11725;2020;4;Homens;95253;Total;11725
Indicador  3.9.2;1706;1;17;Tocantins;11725;2020;4;Homens;1140;0 a 4 anos;11725
Indicador  3.9.2;1706;0;17;Tocantins;11725;2020;4;Homens;1141;5 a 9 anos;11725
Indicador  3.9.2;1706;0;17;Tocantins;11725;2020;4;Homens;1142;10 a 14 anos;11725
Indicador  3.9.2;1706;0;17;Tocantins;11725;2020;4;Homens;1143;15 a 19 anos;11725
Indicador  3.9.2;1706;1;17;Tocantins;11725;2020;4;Homens;1144;20 a 24 anos;11725
Indicador  3.9.2;1706;0;17;Tocantins;11725;2020;4;Homens;1145;25 a 29 anos;11725
Indicador  3.9.2;1706;0;17;Tocantins;11725;2020;4;Homens;1146;30 a 34 anos;11725
Indicador  3.9.2;1706;0;17;Tocantins;11725;2020;4;Homens;1147;35 a 39 anos;11725
Indicador  3.9.2;1706;0;17;Tocantins;11725;2020;4;Homens;1148;40 a 44 anos;11725
Indicador  3.9.2;1706;0;17;Tocantins;11725;2020;4;Homens;1149;45 a 49 anos;11725
Indicador  3.9.2;1706;1;17;Tocantins;11725;2020;4;Homens;1150;50 a 54 anos;11725
Indicador  3.9.2;1706;1;17;Tocantins;11725;2020;4;Homens;1151;55 a 59 anos;11725
Indicador  3.9.2;1706;21;17;Tocantins;11725;2020;4;Homens;3302;60 anos ou mais;11725
Indicador  3.9.2;1706;24;17;Tocantins;11725;2020;5;Mulheres;95253;Total;11725
Indicador  3.9.2;1706;3;17;Tocantins;11725;2020;5;Mulheres;1140;0 a 4 anos;11725
Indicador  3.9.2;1706;0;17;Tocantins;11725;2020;5;Mulheres;1141;5 a 9 anos;11725
Indicador  3.9.2;1706;1;17;Tocantins;11725;2020;5;Mulheres;1142;10 a 14 anos;11725
Indicador  3.9.2;1706;0;17;Tocantins;11725;2020;5;Mulheres;1143;15 a 19 anos;11725
Indicador  3.9.2;1706;0;17;Tocantins;11725;2020;5;Mulheres;1144;20 a 24 anos;11725
Indicador  3.9.2;1706;0;17;Tocantins;11725;2020;5;Mulheres;1145;25 a 29 anos;11725
Indicador  3.9.2;1706;0;17;Tocantins;11725;2020;5;Mulheres;1146;30 a 34 anos;11725
Indicador  3.9.2;1706;0;17;Tocantins;11725;2020;5;Mulheres;1147;35 a 39 anos;11725
Indicador  3.9.2;1706;0;17;Tocantins;11725;2020;5;Mulheres;1148;40 a 44 anos;11725
Indicador  3.9.2;1706;1;17;Tocantins;11725;2020;5;Mulheres;1149;45 a 49 anos;11725
Indicador  3.9.2;1706;1;17;Tocantins;11725;2020;5;Mulheres;1150;50 a 54 anos;11725
Indicador  3.9.2;1706;1;17;Tocantins;11725;2020;5;Mulheres;1151;55 a 59 anos;11725
Indicador  3.9.2;1706;17;17;Tocantins;11725;2020;5;Mulheres;3302;60 anos ou mais;11725
Indicador  3.9.2;1706;50;17;Tocantins;11725;2021;6794;Total;95253;Total;11725
Indicador  3.9.2;1706;6;17;Tocantins;11725;2021;6794;Total;1140;0 a 4 anos;11725
Indicador  3.9.2;1706;1;17;Tocantins;11725;2021;6794;Total;1141;5 a 9 anos;11725
Indicador  3.9.2;1706;2;17;Tocantins;11725;2021;6794;Total;1142;10 a 14 anos;11725
Indicador  3.9.2;1706;1;17;Tocantins;11725;2021;6794;Total;1143;15 a 19 anos;11725
Indicador  3.9.2;1706;0;17;Tocantins;11725;2021;6794;Total;1144;20 a 24 anos;11725
Indicador  3.9.2;1706;1;17;Tocantins;11725;2021;6794;Total;1145;25 a 29 anos;11725
Indicador  3.9.2;1706;0;17;Tocantins;11725;2021;6794;Total;1146;30 a 34 anos;11725
Indicador  3.9.2;1706;2;17;Tocantins;11725;2021;6794;Total;1147;35 a 39 anos;11725
Indicador  3.9.2;1706;1;17;Tocantins;11725;2021;6794;Total;1148;40 a 44 anos;11725
Indicador  3.9.2;1706;2;17;Tocantins;11725;2021;6794;Total;1149;45 a 49 anos;11725
Indicador  3.9.2;1706;1;17;Tocantins;11725;2021;6794;Total;1150;50 a 54 anos;11725
Indicador  3.9.2;1706;0;17;Tocantins;11725;2021;6794;Total;1151;55 a 59 anos;11725
Indicador  3.9.2;1706;33;17;Tocantins;11725;2021;6794;Total;3302;60 anos ou mais;11725
Indicador  3.9.2;1706;25;17;Tocantins;11725;2021;4;Homens;95253;Total;11725
Indicador  3.9.2;1706;2;17;Tocantins;11725;2021;4;Homens;1140;0 a 4 anos;11725
Indicador  3.9.2;1706;1;17;Tocantins;11725;2021;4;Homens;1141;5 a 9 anos;11725
Indicador  3.9.2;1706;1;17;Tocantins;11725;2021;4;Homens;1142;10 a 14 anos;11725
Indicador  3.9.2;1706;1;17;Tocantins;11725;2021;4;Homens;1143;15 a 19 anos;11725
Indicador  3.9.2;1706;0;17;Tocantins;11725;2021;4;Homens;1144;20 a 24 anos;11725
Indicador  3.9.2;1706;1;17;Tocantins;11725;2021;4;Homens;1145;25 a 29 anos;11725
Indicador  3.9.2;1706;0;17;Tocantins;11725;2021;4;Homens;1146;30 a 34 anos;11725
Indicador  3.9.2;1706;2;17;Tocantins;11725;2021;4;Homens;1147;35 a 39 anos;11725
Indicador  3.9.2;1706;0;17;Tocantins;11725;2021;4;Homens;1148;40 a 44 anos;11725
Indicador  3.9.2;1706;1;17;Tocantins;11725;2021;4;Homens;1149;45 a 49 anos;11725
Indicador  3.9.2;1706;0;17;Tocantins;11725;2021;4;Homens;1150;50 a 54 anos;11725
Indicador  3.9.2;1706;0;17;Tocantins;11725;2021;4;Homens;1151;55 a 59 anos;11725
Indicador  3.9.2;1706;16;17;Tocantins;11725;2021;4;Homens;3302;60 anos ou mais;11725
Indicador  3.9.2;1706;25;17;Tocantins;11725;2021;5;Mulheres;95253;Total;11725
Indicador  3.9.2;1706;4;17;Tocantins;11725;2021;5;Mulheres;1140;0 a 4 anos;11725
Indicador  3.9.2;1706;0;17;Tocantins;11725;2021;5;Mulheres;1141;5 a 9 anos;11725
Indicador  3.9.2;1706;1;17;Tocantins;11725;2021;5;Mulheres;1142;10 a 14 anos;11725
Indicador  3.9.2;1706;0;17;Tocantins;11725;2021;5;Mulheres;1143;15 a 19 anos;11725
Indicador  3.9.2;1706;0;17;Tocantins;11725;2021;5;Mulheres;1144;20 a 24 anos;11725
Indicador  3.9.2;1706;0;17;Tocantins;11725;2021;5;Mulheres;1145;25 a 29 anos;11725
Indicador  3.9.2;1706;0;17;Tocantins;11725;2021;5;Mulheres;1146;30 a 34 anos;11725
Indicador  3.9.2;1706;0;17;Tocantins;11725;2021;5;Mulheres;1147;35 a 39 anos;11725
Indicador  3.9.2;1706;1;17;Tocantins;11725;2021;5;Mulheres;1148;40 a 44 anos;11725
Indicador  3.9.2;1706;1;17;Tocantins;11725;2021;5;Mulheres;1149;45 a 49 anos;11725
Indicador  3.9.2;1706;1;17;Tocantins;11725;2021;5;Mulheres;1150;50 a 54 anos;11725
Indicador  3.9.2;1706;0;17;Tocantins;11725;2021;5;Mulheres;1151;55 a 59 anos;11725
Indicador  3.9.2;1706;17;17;Tocantins;11725;2021;5;Mulheres;3302;60 anos ou mais;11725
Indicador  3.9.2;1706;49;17;Tocantins;11725;2022;6794;Total;95253;Total;11725
Indicador  3.9.2;1706;8;17;Tocantins;11725;2022;6794;Total;1140;0 a 4 anos;11725
Indicador  3.9.2;1706;1;17;Tocantins;11725;2022;6794;Total;1141;5 a 9 anos;11725
Indicador  3.9.2;1706;1;17;Tocantins;11725;2022;6794;Total;1142;10 a 14 anos;11725
Indicador  3.9.2;1706;0;17;Tocantins;11725;2022;6794;Total;1143;15 a 19 anos;11725
Indicador  3.9.2;1706;0;17;Tocantins;11725;2022;6794;Total;1144;20 a 24 anos;11725
Indicador  3.9.2;1706;0;17;Tocantins;11725;2022;6794;Total;1145;25 a 29 anos;11725
Indicador  3.9.2;1706;1;17;Tocantins;11725;2022;6794;Total;1146;30 a 34 anos;11725
Indicador  3.9.2;1706;0;17;Tocantins;11725;2022;6794;Total;1147;35 a 39 anos;11725
Indicador  3.9.2;1706;0;17;Tocantins;11725;2022;6794;Total;1148;40 a 44 anos;11725
Indicador  3.9.2;1706;0;17;Tocantins;11725;2022;6794;Total;1149;45 a 49 anos;11725
Indicador  3.9.2;1706;0;17;Tocantins;11725;2022;6794;Total;1150;50 a 54 anos;11725
Indicador  3.9.2;1706;0;17;Tocantins;11725;2022;6794;Total;1151;55 a 59 anos;11725
Indicador  3.9.2;1706;38;17;Tocantins;11725;2022;6794;Total;3302;60 anos ou mais;11725
Indicador  3.9.2;1706;26;17;Tocantins;11725;2022;4;Homens;95253;Total;11725
Indicador  3.9.2;1706;5;17;Tocantins;11725;2022;4;Homens;1140;0 a 4 anos;11725
Indicador  3.9.2;1706;1;17;Tocantins;11725;2022;4;Homens;1141;5 a 9 anos;11725
Indicador  3.9.2;1706;0;17;Tocantins;11725;2022;4;Homens;1142;10 a 14 anos;11725
Indicador  3.9.2;1706;0;17;Tocantins;11725;2022;4;Homens;1143;15 a 19 anos;11725
Indicador  3.9.2;1706;0;17;Tocantins;11725;2022;4;Homens;1144;20 a 24 anos;11725
Indicador  3.9.2;1706;0;17;Tocantins;11725;2022;4;Homens;1145;25 a 29 anos;11725
Indicador  3.9.2;1706;1;17;Tocantins;11725;2022;4;Homens;1146;30 a 34 anos;11725
Indicador  3.9.2;1706;0;17;Tocantins;11725;2022;4;Homens;1147;35 a 39 anos;11725
Indicador  3.9.2;1706;0;17;Tocantins;11725;2022;4;Homens;1148;40 a 44 anos;11725
Indicador  3.9.2;1706;0;17;Tocantins;11725;2022;4;Homens;1149;45 a 49 anos;11725
Indicador  3.9.2;1706;0;17;Tocantins;11725;2022;4;Homens;1150;50 a 54 anos;11725
Indicador  3.9.2;1706;0;17;Tocantins;11725;2022;4;Homens;1151;55 a 59 anos;11725
Indicador  3.9.2;1706;19;17;Tocantins;11725;2022;4;Homens;3302;60 anos ou mais;11725
Indicador  3.9.2;1706;23;17;Tocantins;11725;2022;5;Mulheres;95253;Total;11725
Indicador  3.9.2;1706;3;17;Tocantins;11725;2022;5;Mulheres;1140;0 a 4 anos;11725
Indicador  3.9.2;1706;0;17;Tocantins;11725;2022;5;Mulheres;1141;5 a 9 anos;11725
Indicador  3.9.2;1706;1;17;Tocantins;11725;2022;5;Mulheres;1142;10 a 14 anos;11725
Indicador  3.9.2;1706;0;17;Tocantins;11725;2022;5;Mulheres;1143;15 a 19 anos;11725
Indicador  3.9.2;1706;0;17;Tocantins;11725;2022;5;Mulheres;1144;20 a 24 anos;11725
Indicador  3.9.2;1706;0;17;Tocantins;11725;2022;5;Mulheres;1145;25 a 29 anos;11725
Indicador  3.9.2;1706;0;17;Tocantins;11725;2022;5;Mulheres;1146;30 a 34 anos;11725
Indicador  3.9.2;1706;0;17;Tocantins;11725;2022;5;Mulheres;1147;35 a 39 anos;11725
Indicador  3.9.2;1706;0;17;Tocantins;11725;2022;5;Mulheres;1148;40 a 44 anos;11725
Indicador  3.9.2;1706;0;17;Tocantins;11725;2022;5;Mulheres;1149;45 a 49 anos;11725
Indicador  3.9.2;1706;0;17;Tocantins;11725;2022;5;Mulheres;1150;50 a 54 anos;11725
Indicador  3.9.2;1706;0;17;Tocantins;11725;2022;5;Mulheres;1151;55 a 59 anos;11725
Indicador  3.9.2;1706;19;17;Tocantins;11725;2022;5;Mulheres;3302;60 anos ou mais;11725
Indicador  3.9.2;1706;276;21;Maranhão;11725;2018;6794;Total;95253;Total;11725
Indicador  3.9.2;1706;66;21;Maranhão;11725;2018;6794;Total;1140;0 a 4 anos;11725
Indicador  3.9.2;1706;4;21;Maranhão;11725;2018;6794;Total;1141;5 a 9 anos;11725
Indicador  3.9.2;1706;3;21;Maranhão;11725;2018;6794;Total;1142;10 a 14 anos;11725
Indicador  3.9.2;1706;1;21;Maranhão;11725;2018;6794;Total;1143;15 a 19 anos;11725
Indicador  3.9.2;1706;1;21;Maranhão;11725;2018;6794;Total;1144;20 a 24 anos;11725
Indicador  3.9.2;1706;2;21;Maranhão;11725;2018;6794;Total;1145;25 a 29 anos;11725
Indicador  3.9.2;1706;3;21;Maranhão;11725;2018;6794;Total;1146;30 a 34 anos;11725
Indicador  3.9.2;1706;2;21;Maranhão;11725;2018;6794;Total;1147;35 a 39 anos;11725
Indicador  3.9.2;1706;8;21;Maranhão;11725;2018;6794;Total;1148;40 a 44 anos;11725
Indicador  3.9.2;1706;4;21;Maranhão;11725;2018;6794;Total;1149;45 a 49 anos;11725
Indicador  3.9.2;1706;8;21;Maranhão;11725;2018;6794;Total;1150;50 a 54 anos;11725
Indicador  3.9.2;1706;6;21;Maranhão;11725;2018;6794;Total;1151;55 a 59 anos;11725
Indicador  3.9.2;1706;168;21;Maranhão;11725;2018;6794;Total;3302;60 anos ou mais;11725
Indicador  3.9.2;1706;134;21;Maranhão;11725;2018;4;Homens;95253;Total;11725
Indicador  3.9.2;1706;28;21;Maranhão;11725;2018;4;Homens;1140;0 a 4 anos;11725
Indicador  3.9.2;1706;3;21;Maranhão;11725;2018;4;Homens;1141;5 a 9 anos;11725
Indicador  3.9.2;1706;2;21;Maranhão;11725;2018;4;Homens;1142;10 a 14 anos;11725
Indicador  3.9.2;1706;1;21;Maranhão;11725;2018;4;Homens;1143;15 a 19 anos;11725
Indicador  3.9.2;1706;0;21;Maranhão;11725;2018;4;Homens;1144;20 a 24 anos;11725
Indicador  3.9.2;1706;1;21;Maranhão;11725;2018;4;Homens;1145;25 a 29 anos;11725
Indicador  3.9.2;1706;2;21;Maranhão;11725;2018;4;Homens;1146;30 a 34 anos;11725
Indicador  3.9.2;1706;1;21;Maranhão;11725;2018;4;Homens;1147;35 a 39 anos;11725
Indicador  3.9.2;1706;4;21;Maranhão;11725;2018;4;Homens;1148;40 a 44 anos;11725
Indicador  3.9.2;1706;3;21;Maranhão;11725;2018;4;Homens;1149;45 a 49 anos;11725
Indicador  3.9.2;1706;8;21;Maranhão;11725;2018;4;Homens;1150;50 a 54 anos;11725
Indicador  3.9.2;1706;3;21;Maranhão;11725;2018;4;Homens;1151;55 a 59 anos;11725
Indicador  3.9.2;1706;78;21;Maranhão;11725;2018;4;Homens;3302;60 anos ou mais;11725
Indicador  3.9.2;1706;142;21;Maranhão;11725;2018;5;Mulheres;95253;Total;11725
Indicador  3.9.2;1706;38;21;Maranhão;11725;2018;5;Mulheres;1140;0 a 4 anos;11725
Indicador  3.9.2;1706;1;21;Maranhão;11725;2018;5;Mulheres;1141;5 a 9 anos;11725
Indicador  3.9.2;1706;1;21;Maranhão;11725;2018;5;Mulheres;1142;10 a 14 anos;11725
Indicador  3.9.2;1706;0;21;Maranhão;11725;2018;5;Mulheres;1143;15 a 19 anos;11725
Indicador  3.9.2;1706;1;21;Maranhão;11725;2018;5;Mulheres;1144;20 a 24 anos;11725
Indicador  3.9.2;1706;1;21;Maranhão;11725;2018;5;Mulheres;1145;25 a 29 anos;11725
Indicador  3.9.2;1706;1;21;Maranhão;11725;2018;5;Mulheres;1146;30 a 34 anos;11725
Indicador  3.9.2;1706;1;21;Maranhão;11725;2018;5;Mulheres;1147;35 a 39 anos;11725
Indicador  3.9.2;1706;4;21;Maranhão;11725;2018;5;Mulheres;1148;40 a 44 anos;11725
Indicador  3.9.2;1706;1;21;Maranhão;11725;2018;5;Mulheres;1149;45 a 49 anos;11725
Indicador  3.9.2;1706;0;21;Maranhão;11725;2018;5;Mulheres;1150;50 a 54 anos;11725
Indicador  3.9.2;1706;3;21;Maranhão;11725;2018;5;Mulheres;1151;55 a 59 anos;11725
Indicador  3.9.2;1706;90;21;Maranhão;11725;2018;5;Mulheres;3302;60 anos ou mais;11725
Indicador  3.9.2;1706;326;21;Maranhão;11725;2019;6794;Total;95253;Total;11725
Indicador  3.9.2;1706;47;21;Maranhão;11725;2019;6794;Total;1140;0 a 4 anos;11725
Indicador  3.9.2;1706;5;21;Maranhão;11725;2019;6794;Total;1141;5 a 9 anos;11725
Indicador  3.9.2;1706;3;21;Maranhão;11725;2019;6794;Total;1142;10 a 14 anos;11725
Indicador  3.9.2;1706;5;21;Maranhão;11725;2019;6794;Total;1143;15 a 19 anos;11725
Indicador  3.9.2;1706;4;21;Maranhão;11725;2019;6794;Total;1144;20 a 24 anos;11725
Indicador  3.9.2;1706;3;21;Maranhão;11725;2019;6794;Total;1145;25 a 29 anos;11725
Indicador  3.9.2;1706;6;21;Maranhão;11725;2019;6794;Total;1146;30 a 34 anos;11725
Indicador  3.9.2;1706;4;21;Maranhão;11725;2019;6794;Total;1147;35 a 39 anos;11725
Indicador  3.9.2;1706;8;21;Maranhão;11725;2019;6794;Total;1148;40 a 44 anos;11725
Indicador  3.9.2;1706;4;21;Maranhão;11725;2019;6794;Total;1149;45 a 49 anos;11725
Indicador  3.9.2;1706;6;21;Maranhão;11725;2019;6794;Total;1150;50 a 54 anos;11725
Indicador  3.9.2;1706;9;21;Maranhão;11725;2019;6794;Total;1151;55 a 59 anos;11725
Indicador  3.9.2;1706;221;21;Maranhão;11725;2019;6794;Total;3302;60 anos ou mais;11725
Indicador  3.9.2;1706;166;21;Maranhão;11725;2019;4;Homens;95253;Total;11725
Indicador  3.9.2;1706;28;21;Maranhão;11725;2019;4;Homens;1140;0 a 4 anos;11725
Indicador  3.9.2;1706;4;21;Maranhão;11725;2019;4;Homens;1141;5 a 9 anos;11725
Indicador  3.9.2;1706;3;21;Maranhão;11725;2019;4;Homens;1142;10 a 14 anos;11725
Indicador  3.9.2;1706;1;21;Maranhão;11725;2019;4;Homens;1143;15 a 19 anos;11725
Indicador  3.9.2;1706;1;21;Maranhão;11725;2019;4;Homens;1144;20 a 24 anos;11725
Indicador  3.9.2;1706;1;21;Maranhão;11725;2019;4;Homens;1145;25 a 29 anos;11725
Indicador  3.9.2;1706;3;21;Maranhão;11725;2019;4;Homens;1146;30 a 34 anos;11725
Indicador  3.9.2;1706;4;21;Maranhão;11725;2019;4;Homens;1147;35 a 39 anos;11725
Indicador  3.9.2;1706;5;21;Maranhão;11725;2019;4;Homens;1148;40 a 44 anos;11725
Indicador  3.9.2;1706;0;21;Maranhão;11725;2019;4;Homens;1149;45 a 49 anos;11725
Indicador  3.9.2;1706;4;21;Maranhão;11725;2019;4;Homens;1150;50 a 54 anos;11725
Indicador  3.9.2;1706;8;21;Maranhão;11725;2019;4;Homens;1151;55 a 59 anos;11725
Indicador  3.9.2;1706;103;21;Maranhão;11725;2019;4;Homens;3302;60 anos ou mais;11725
Indicador  3.9.2;1706;160;21;Maranhão;11725;2019;5;Mulheres;95253;Total;11725
Indicador  3.9.2;1706;19;21;Maranhão;11725;2019;5;Mulheres;1140;0 a 4 anos;11725
Indicador  3.9.2;1706;1;21;Maranhão;11725;2019;5;Mulheres;1141;5 a 9 anos;11725
Indicador  3.9.2;1706;0;21;Maranhão;11725;2019;5;Mulheres;1142;10 a 14 anos;11725
Indicador  3.9.2;1706;4;21;Maranhão;11725;2019;5;Mulheres;1143;15 a 19 anos;11725
Indicador  3.9.2;1706;3;21;Maranhão;11725;2019;5;Mulheres;1144;20 a 24 anos;11725
Indicador  3.9.2;1706;2;21;Maranhão;11725;2019;5;Mulheres;1145;25 a 29 anos;11725
Indicador  3.9.2;1706;3;21;Maranhão;11725;2019;5;Mulheres;1146;30 a 34 anos;11725
Indicador  3.9.2;1706;0;21;Maranhão;11725;2019;5;Mulheres;1147;35 a 39 anos;11725
Indicador  3.9.2;1706;3;21;Maranhão;11725;2019;5;Mulheres;1148;40 a 44 anos;11725
Indicador  3.9.2;1706;4;21;Maranhão;11725;2019;5;Mulheres;1149;45 a 49 anos;11725
Indicador  3.9.2;1706;2;21;Maranhão;11725;2019;5;Mulheres;1150;50 a 54 anos;11725
Indicador  3.9.2;1706;1;21;Maranhão;11725;2019;5;Mulheres;1151;55 a 59 anos;11725
Indicador  3.9.2;1706;118;21;Maranhão;11725;2019;5;Mulheres;3302;60 anos ou mais;11725
Indicador  3.9.2;1706;309;21;Maranhão;11725;2020;6794;Total;95253;Total;11725
Indicador  3.9.2;1706;55;21;Maranhão;11725;2020;6794;Total;1140;0 a 4 anos;11725
Indicador  3.9.2;1706;3;21;Maranhão;11725;2020;6794;Total;1141;5 a 9 anos;11725
Indicador  3.9.2;1706;2;21;Maranhão;11725;2020;6794;Total;1142;10 a 14 anos;11725
Indicador  3.9.2;1706;0;21;Maranhão;11725;2020;6794;Total;1143;15 a 19 anos;11725
Indicador  3.9.2;1706;4;21;Maranhão;11725;2020;6794;Total;1144;20 a 24 anos;11725
Indicador  3.9.2;1706;4;21;Maranhão;11725;2020;6794;Total;1145;25 a 29 anos;11725
Indicador  3.9.2;1706;2;21;Maranhão;11725;2020;6794;Total;1146;30 a 34 anos;11725
Indicador  3.9.2;1706;4;21;Maranhão;11725;2020;6794;Total;1147;35 a 39 anos;11725
Indicador  3.9.2;1706;9;21;Maranhão;11725;2020;6794;Total;1148;40 a 44 anos;11725
Indicador  3.9.2;1706;7;21;Maranhão;11725;2020;6794;Total;1149;45 a 49 anos;11725
Indicador  3.9.2;1706;5;21;Maranhão;11725;2020;6794;Total;1150;50 a 54 anos;11725
Indicador  3.9.2;1706;11;21;Maranhão;11725;2020;6794;Total;1151;55 a 59 anos;11725
Indicador  3.9.2;1706;202;21;Maranhão;11725;2020;6794;Total;3302;60 anos ou mais;11725
Indicador  3.9.2;1706;143;21;Maranhão;11725;2020;4;Homens;95253;Total;11725
Indicador  3.9.2;1706;30;21;Maranhão;11725;2020;4;Homens;1140;0 a 4 anos;11725
Indicador  3.9.2;1706;0;21;Maranhão;11725;2020;4;Homens;1141;5 a 9 anos;11725
Indicador  3.9.2;1706;1;21;Maranhão;11725;2020;4;Homens;1142;10 a 14 anos;11725
Indicador  3.9.2;1706;0;21;Maranhão;11725;2020;4;Homens;1143;15 a 19 anos;11725
Indicador  3.9.2;1706;3;21;Maranhão;11725;2020;4;Homens;1144;20 a 24 anos;11725
Indicador  3.9.2;1706;2;21;Maranhão;11725;2020;4;Homens;1145;25 a 29 anos;11725
Indicador  3.9.2;1706;1;21;Maranhão;11725;2020;4;Homens;1146;30 a 34 anos;11725
Indicador  3.9.2;1706;3;21;Maranhão;11725;2020;4;Homens;1147;35 a 39 anos;11725
Indicador  3.9.2;1706;3;21;Maranhão;11725;2020;4;Homens;1148;40 a 44 anos;11725
Indicador  3.9.2;1706;1;21;Maranhão;11725;2020;4;Homens;1149;45 a 49 anos;11725
Indicador  3.9.2;1706;3;21;Maranhão;11725;2020;4;Homens;1150;50 a 54 anos;11725
Indicador  3.9.2;1706;7;21;Maranhão;11725;2020;4;Homens;1151;55 a 59 anos;11725
Indicador  3.9.2;1706;88;21;Maranhão;11725;2020;4;Homens;3302;60 anos ou mais;11725
Indicador  3.9.2;1706;166;21;Maranhão;11725;2020;5;Mulheres;95253;Total;11725
Indicador  3.9.2;1706;25;21;Maranhão;11725;2020;5;Mulheres;1140;0 a 4 anos;11725
Indicador  3.9.2;1706;3;21;Maranhão;11725;2020;5;Mulheres;1141;5 a 9 anos;11725
Indicador  3.9.2;1706;1;21;Maranhão;11725;2020;5;Mulheres;1142;10 a 14 anos;11725
Indicador  3.9.2;1706;0;21;Maranhão;11725;2020;5;Mulheres;1143;15 a 19 anos;11725
Indicador  3.9.2;1706;1;21;Maranhão;11725;2020;5;Mulheres;1144;20 a 24 anos;11725
Indicador  3.9.2;1706;2;21;Maranhão;11725;2020;5;Mulheres;1145;25 a 29 anos;11725
Indicador  3.9.2;1706;1;21;Maranhão;11725;2020;5;Mulheres;1146;30 a 34 anos;11725
Indicador  3.9.2;1706;1;21;Maranhão;11725;2020;5;Mulheres;1147;35 a 39 anos;11725
Indicador  3.9.2;1706;6;21;Maranhão;11725;2020;5;Mulheres;1148;40 a 44 anos;11725
Indicador  3.9.2;1706;6;21;Maranhão;11725;2020;5;Mulheres;1149;45 a 49 anos;11725
Indicador  3.9.2;1706;2;21;Maranhão;11725;2020;5;Mulheres;1150;50 a 54 anos;11725
Indicador  3.9.2;1706;4;21;Maranhão;11725;2020;5;Mulheres;1151;55 a 59 anos;11725
Indicador  3.9.2;1706;114;21;Maranhão;11725;2020;5;Mulheres;3302;60 anos ou mais;11725
Indicador  3.9.2;1706;279;21;Maranhão;11725;2021;6794;Total;95253;Total;11725
Indicador  3.9.2;1706;45;21;Maranhão;11725;2021;6794;Total;1140;0 a 4 anos;11725
Indicador  3.9.2;1706;2;21;Maranhão;11725;2021;6794;Total;1141;5 a 9 anos;11725
Indicador  3.9.2;1706;1;21;Maranhão;11725;2021;6794;Total;1142;10 a 14 anos;11725
Indicador  3.9.2;1706;1;21;Maranhão;11725;2021;6794;Total;1143;15 a 19 anos;11725
Indicador  3.9.2;1706;5;21;Maranhão;11725;2021;6794;Total;1144;20 a 24 anos;11725
Indicador  3.9.2;1706;0;21;Maranhão;11725;2021;6794;Total;1145;25 a 29 anos;11725
Indicador  3.9.2;1706;2;21;Maranhão;11725;2021;6794;Total;1146;30 a 34 anos;11725
Indicador  3.9.2;1706;3;21;Maranhão;11725;2021;6794;Total;1147;35 a 39 anos;11725
Indicador  3.9.2;1706;4;21;Maranhão;11725;2021;6794;Total;1148;40 a 44 anos;11725
Indicador  3.9.2;1706;11;21;Maranhão;11725;2021;6794;Total;1149;45 a 49 anos;11725
Indicador  3.9.2;1706;8;21;Maranhão;11725;2021;6794;Total;1150;50 a 54 anos;11725
Indicador  3.9.2;1706;7;21;Maranhão;11725;2021;6794;Total;1151;55 a 59 anos;11725
Indicador  3.9.2;1706;188;21;Maranhão;11725;2021;6794;Total;3302;60 anos ou mais;11725
Indicador  3.9.2;1706;149;21;Maranhão;11725;2021;4;Homens;95253;Total;11725
Indicador  3.9.2;1706;24;21;Maranhão;11725;2021;4;Homens;1140;0 a 4 anos;11725
Indicador  3.9.2;1706;0;21;Maranhão;11725;2021;4;Homens;1141;5 a 9 anos;11725
Indicador  3.9.2;1706;1;21;Maranhão;11725;2021;4;Homens;1142;10 a 14 anos;11725
Indicador  3.9.2;1706;1;21;Maranhão;11725;2021;4;Homens;1143;15 a 19 anos;11725
Indicador  3.9.2;1706;5;21;Maranhão;11725;2021;4;Homens;1144;20 a 24 anos;11725
Indicador  3.9.2;1706;0;21;Maranhão;11725;2021;4;Homens;1145;25 a 29 anos;11725
Indicador  3.9.2;1706;1;21;Maranhão;11725;2021;4;Homens;1146;30 a 34 anos;11725
Indicador  3.9.2;1706;2;21;Maranhão;11725;2021;4;Homens;1147;35 a 39 anos;11725
Indicador  3.9.2;1706;1;21;Maranhão;11725;2021;4;Homens;1148;40 a 44 anos;11725
Indicador  3.9.2;1706;9;21;Maranhão;11725;2021;4;Homens;1149;45 a 49 anos;11725
Indicador  3.9.2;1706;6;21;Maranhão;11725;2021;4;Homens;1150;50 a 54 anos;11725
Indicador  3.9.2;1706;5;21;Maranhão;11725;2021;4;Homens;1151;55 a 59 anos;11725
Indicador  3.9.2;1706;92;21;Maranhão;11725;2021;4;Homens;3302;60 anos ou mais;11725
Indicador  3.9.2;1706;130;21;Maranhão;11725;2021;5;Mulheres;95253;Total;11725
Indicador  3.9.2;1706;21;21;Maranhão;11725;2021;5;Mulheres;1140;0 a 4 anos;11725
Indicador  3.9.2;1706;2;21;Maranhão;11725;2021;5;Mulheres;1141;5 a 9 anos;11725
Indicador  3.9.2;1706;0;21;Maranhão;11725;2021;5;Mulheres;1142;10 a 14 anos;11725
Indicador  3.9.2;1706;0;21;Maranhão;11725;2021;5;Mulheres;1143;15 a 19 anos;11725
Indicador  3.9.2;1706;0;21;Maranhão;11725;2021;5;Mulheres;1144;20 a 24 anos;11725
Indicador  3.9.2;1706;0;21;Maranhão;11725;2021;5;Mulheres;1145;25 a 29 anos;11725
Indicador  3.9.2;1706;1;21;Maranhão;11725;2021;5;Mulheres;1146;30 a 34 anos;11725
Indicador  3.9.2;1706;1;21;Maranhão;11725;2021;5;Mulheres;1147;35 a 39 anos;11725
Indicador  3.9.2;1706;3;21;Maranhão;11725;2021;5;Mulheres;1148;40 a 44 anos;11725
Indicador  3.9.2;1706;2;21;Maranhão;11725;2021;5;Mulheres;1149;45 a 49 anos;11725
Indicador  3.9.2;1706;2;21;Maranhão;11725;2021;5;Mulheres;1150;50 a 54 anos;11725
Indicador  3.9.2;1706;2;21;Maranhão;11725;2021;5;Mulheres;1151;55 a 59 anos;11725
Indicador  3.9.2;1706;96;21;Maranhão;11725;2021;5;Mulheres;3302;60 anos ou mais;11725
Indicador  3.9.2;1706;338;21;Maranhão;11725;2022;6794;Total;95253;Total;11725
Indicador  3.9.2;1706;42;21;Maranhão;11725;2022;6794;Total;1140;0 a 4 anos;11725
Indicador  3.9.2;1706;2;21;Maranhão;11725;2022;6794;Total;1141;5 a 9 anos;11725
Indicador  3.9.2;1706;3;21;Maranhão;11725;2022;6794;Total;1142;10 a 14 anos;11725
Indicador  3.9.2;1706;3;21;Maranhão;11725;2022;6794;Total;1143;15 a 19 anos;11725
Indicador  3.9.2;1706;4;21;Maranhão;11725;2022;6794;Total;1144;20 a 24 anos;11725
Indicador  3.9.2;1706;7;21;Maranhão;11725;2022;6794;Total;1145;25 a 29 anos;11725
Indicador  3.9.2;1706;3;21;Maranhão;11725;2022;6794;Total;1146;30 a 34 anos;11725
Indicador  3.9.2;1706;7;21;Maranhão;11725;2022;6794;Total;1147;35 a 39 anos;11725
Indicador  3.9.2;1706;7;21;Maranhão;11725;2022;6794;Total;1148;40 a 44 anos;11725
Indicador  3.9.2;1706;10;21;Maranhão;11725;2022;6794;Total;1149;45 a 49 anos;11725
Indicador  3.9.2;1706;7;21;Maranhão;11725;2022;6794;Total;1150;50 a 54 anos;11725
Indicador  3.9.2;1706;10;21;Maranhão;11725;2022;6794;Total;1151;55 a 59 anos;11725
Indicador  3.9.2;1706;233;21;Maranhão;11725;2022;6794;Total;3302;60 anos ou mais;11725
Indicador  3.9.2;1706;182;21;Maranhão;11725;2022;4;Homens;95253;Total;11725
Indicador  3.9.2;1706;27;21;Maranhão;11725;2022;4;Homens;1140;0 a 4 anos;11725
Indicador  3.9.2;1706;0;21;Maranhão;11725;2022;4;Homens;1141;5 a 9 anos;11725
Indicador  3.9.2;1706;3;21;Maranhão;11725;2022;4;Homens;1142;10 a 14 anos;11725
Indicador  3.9.2;1706;1;21;Maranhão;11725;2022;4;Homens;1143;15 a 19 anos;11725
Indicador  3.9.2;1706;2;21;Maranhão;11725;2022;4;Homens;1144;20 a 24 anos;11725
Indicador  3.9.2;1706;3;21;Maranhão;11725;2022;4;Homens;1145;25 a 29 anos;11725
Indicador  3.9.2;1706;1;21;Maranhão;11725;2022;4;Homens;1146;30 a 34 anos;11725
Indicador  3.9.2;1706;6;21;Maranhão;11725;2022;4;Homens;1147;35 a 39 anos;11725
Indicador  3.9.2;1706;4;21;Maranhão;11725;2022;4;Homens;1148;40 a 44 anos;11725
Indicador  3.9.2;1706;9;21;Maranhão;11725;2022;4;Homens;1149;45 a 49 anos;11725
Indicador  3.9.2;1706;5;21;Maranhão;11725;2022;4;Homens;1150;50 a 54 anos;11725
Indicador  3.9.2;1706;5;21;Maranhão;11725;2022;4;Homens;1151;55 a 59 anos;11725
Indicador  3.9.2;1706;116;21;Maranhão;11725;2022;4;Homens;3302;60 anos ou mais;11725
Indicador  3.9.2;1706;156;21;Maranhão;11725;2022;5;Mulheres;95253;Total;11725
Indicador  3.9.2;1706;15;21;Maranhão;11725;2022;5;Mulheres;1140;0 a 4 anos;11725
Indicador  3.9.2;1706;2;21;Maranhão;11725;2022;5;Mulheres;1141;5 a 9 anos;11725
Indicador  3.9.2;1706;0;21;Maranhão;11725;2022;5;Mulheres;1142;10 a 14 anos;11725
Indicador  3.9.2;1706;2;21;Maranhão;11725;2022;5;Mulheres;1143;15 a 19 anos;11725
Indicador  3.9.2;1706;2;21;Maranhão;11725;2022;5;Mulheres;1144;20 a 24 anos;11725
Indicador  3.9.2;1706;4;21;Maranhão;11725;2022;5;Mulheres;1145;25 a 29 anos;11725
Indicador  3.9.2;1706;2;21;Maranhão;11725;2022;5;Mulheres;1146;30 a 34 anos;11725
Indicador  3.9.2;1706;1;21;Maranhão;11725;2022;5;Mulheres;1147;35 a 39 anos;11725
Indicador  3.9.2;1706;3;21;Maranhão;11725;2022;5;Mulheres;1148;40 a 44 anos;11725
Indicador  3.9.2;1706;1;21;Maranhão;11725;2022;5;Mulheres;1149;45 a 49 anos;11725
Indicador  3.9.2;1706;2;21;Maranhão;11725;2022;5;Mulheres;1150;50 a 54 anos;11725
Indicador  3.9.2;1706;5;21;Maranhão;11725;2022;5;Mulheres;1151;55 a 59 anos;11725
Indicador  3.9.2;1706;117;21;Maranhão;11725;2022;5;Mulheres;3302;60 anos ou mais;11725
Indicador  3.9.2;1706;202;22;Piauí;11725;2018;6794;Total;95253;Total;11725
Indicador  3.9.2;1706;16;22;Piauí;11725;2018;6794;Total;1140;0 a 4 anos;11725
Indicador  3.9.2;1706;0;22;Piauí;11725;2018;6794;Total;1141;5 a 9 anos;11725
Indicador  3.9.2;1706;2;22;Piauí;11725;2018;6794;Total;1142;10 a 14 anos;11725
Indicador  3.9.2;1706;0;22;Piauí;11725;2018;6794;Total;1143;15 a 19 anos;11725
Indicador  3.9.2;1706;1;22;Piauí;11725;2018;6794;Total;1144;20 a 24 anos;11725
Indicador  3.9.2;1706;1;22;Piauí;11725;2018;6794;Total;1145;25 a 29 anos;11725
Indicador  3.9.2;1706;2;22;Piauí;11725;2018;6794;Total;1146;30 a 34 anos;11725
Indicador  3.9.2;1706;6;22;Piauí;11725;2018;6794;Total;1147;35 a 39 anos;11725
Indicador  3.9.2;1706;7;22;Piauí;11725;2018;6794;Total;1148;40 a 44 anos;11725
Indicador  3.9.2;1706;2;22;Piauí;11725;2018;6794;Total;1149;45 a 49 anos;11725
Indicador  3.9.2;1706;6;22;Piauí;11725;2018;6794;Total;1150;50 a 54 anos;11725
Indicador  3.9.2;1706;7;22;Piauí;11725;2018;6794;Total;1151;55 a 59 anos;11725
Indicador  3.9.2;1706;152;22;Piauí;11725;2018;6794;Total;3302;60 anos ou mais;11725
Indicador  3.9.2;1706;98;22;Piauí;11725;2018;4;Homens;95253;Total;11725
Indicador  3.9.2;1706;6;22;Piauí;11725;2018;4;Homens;1140;0 a 4 anos;11725
Indicador  3.9.2;1706;0;22;Piauí;11725;2018;4;Homens;1141;5 a 9 anos;11725
Indicador  3.9.2;1706;2;22;Piauí;11725;2018;4;Homens;1142;10 a 14 anos;11725
Indicador  3.9.2;1706;0;22;Piauí;11725;2018;4;Homens;1143;15 a 19 anos;11725
Indicador  3.9.2;1706;0;22;Piauí;11725;2018;4;Homens;1144;20 a 24 anos;11725
Indicador  3.9.2;1706;1;22;Piauí;11725;2018;4;Homens;1145;25 a 29 anos;11725
Indicador  3.9.2;1706;1;22;Piauí;11725;2018;4;Homens;1146;30 a 34 anos;11725
Indicador  3.9.2;1706;4;22;Piauí;11725;2018;4;Homens;1147;35 a 39 anos;11725
Indicador  3.9.2;1706;5;22;Piauí;11725;2018;4;Homens;1148;40 a 44 anos;11725
Indicador  3.9.2;1706;2;22;Piauí;11725;2018;4;Homens;1149;45 a 49 anos;11725
Indicador  3.9.2;1706;4;22;Piauí;11725;2018;4;Homens;1150;50 a 54 anos;11725
Indicador  3.9.2;1706;4;22;Piauí;11725;2018;4;Homens;1151;55 a 59 anos;11725
Indicador  3.9.2;1706;69;22;Piauí;11725;2018;4;Homens;3302;60 anos ou mais;11725
Indicador  3.9.2;1706;104;22;Piauí;11725;2018;5;Mulheres;95253;Total;11725
Indicador  3.9.2;1706;10;22;Piauí;11725;2018;5;Mulheres;1140;0 a 4 anos;11725
Indicador  3.9.2;1706;0;22;Piauí;11725;2018;5;Mulheres;1141;5 a 9 anos;11725
Indicador  3.9.2;1706;0;22;Piauí;11725;2018;5;Mulheres;1142;10 a 14 anos;11725
Indicador  3.9.2;1706;0;22;Piauí;11725;2018;5;Mulheres;1143;15 a 19 anos;11725
Indicador  3.9.2;1706;1;22;Piauí;11725;2018;5;Mulheres;1144;20 a 24 anos;11725
Indicador  3.9.2;1706;0;22;Piauí;11725;2018;5;Mulheres;1145;25 a 29 anos;11725
Indicador  3.9.2;1706;1;22;Piauí;11725;2018;5;Mulheres;1146;30 a 34 anos;11725
Indicador  3.9.2;1706;2;22;Piauí;11725;2018;5;Mulheres;1147;35 a 39 anos;11725
Indicador  3.9.2;1706;2;22;Piauí;11725;2018;5;Mulheres;1148;40 a 44 anos;11725
Indicador  3.9.2;1706;0;22;Piauí;11725;2018;5;Mulheres;1149;45 a 49 anos;11725
Indicador  3.9.2;1706;2;22;Piauí;11725;2018;5;Mulheres;1150;50 a 54 anos;11725
Indicador  3.9.2;1706;3;22;Piauí;11725;2018;5;Mulheres;1151;55 a 59 anos;11725
Indicador  3.9.2;1706;83;22;Piauí;11725;2018;5;Mulheres;3302;60 anos ou mais;11725
Indicador  3.9.2;1706;210;22;Piauí;11725;2019;6794;Total;95253;Total;11725
Indicador  3.9.2;1706;12;22;Piauí;11725;2019;6794;Total;1140;0 a 4 anos;11725
Indicador  3.9.2;1706;0;22;Piauí;11725;2019;6794;Total;1141;5 a 9 anos;11725
Indicador  3.9.2;1706;1;22;Piauí;11725;2019;6794;Total;1142;10 a 14 anos;11725
Indicador  3.9.2;1706;1;22;Piauí;11725;2019;6794;Total;1143;15 a 19 anos;11725
Indicador  3.9.2;1706;1;22;Piauí;11725;2019;6794;Total;1144;20 a 24 anos;11725
Indicador  3.9.2;1706;2;22;Piauí;11725;2019;6794;Total;1145;25 a 29 anos;11725
Indicador  3.9.2;1706;1;22;Piauí;11725;2019;6794;Total;1146;30 a 34 anos;11725
Indicador  3.9.2;1706;2;22;Piauí;11725;2019;6794;Total;1147;35 a 39 anos;11725
Indicador  3.9.2;1706;3;22;Piauí;11725;2019;6794;Total;1148;40 a 44 anos;11725
Indicador  3.9.2;1706;9;22;Piauí;11725;2019;6794;Total;1149;45 a 49 anos;11725
Indicador  3.9.2;1706;4;22;Piauí;11725;2019;6794;Total;1150;50 a 54 anos;11725
Indicador  3.9.2;1706;10;22;Piauí;11725;2019;6794;Total;1151;55 a 59 anos;11725
Indicador  3.9.2;1706;164;22;Piauí;11725;2019;6794;Total;3302;60 anos ou mais;11725
Indicador  3.9.2;1706;105;22;Piauí;11725;2019;4;Homens;95253;Total;11725
Indicador  3.9.2;1706;7;22;Piauí;11725;2019;4;Homens;1140;0 a 4 anos;11725
Indicador  3.9.2;1706;0;22;Piauí;11725;2019;4;Homens;1141;5 a 9 anos;11725
Indicador  3.9.2;1706;1;22;Piauí;11725;2019;4;Homens;1142;10 a 14 anos;11725
Indicador  3.9.2;1706;1;22;Piauí;11725;2019;4;Homens;1143;15 a 19 anos;11725
Indicador  3.9.2;1706;0;22;Piauí;11725;2019;4;Homens;1144;20 a 24 anos;11725
Indicador  3.9.2;1706;1;22;Piauí;11725;2019;4;Homens;1145;25 a 29 anos;11725
Indicador  3.9.2;1706;1;22;Piauí;11725;2019;4;Homens;1146;30 a 34 anos;11725
Indicador  3.9.2;1706;1;22;Piauí;11725;2019;4;Homens;1147;35 a 39 anos;11725
Indicador  3.9.2;1706;2;22;Piauí;11725;2019;4;Homens;1148;40 a 44 anos;11725
Indicador  3.9.2;1706;6;22;Piauí;11725;2019;4;Homens;1149;45 a 49 anos;11725
Indicador  3.9.2;1706;4;22;Piauí;11725;2019;4;Homens;1150;50 a 54 anos;11725
Indicador  3.9.2;1706;1;22;Piauí;11725;2019;4;Homens;1151;55 a 59 anos;11725
Indicador  3.9.2;1706;80;22;Piauí;11725;2019;4;Homens;3302;60 anos ou mais;11725
Indicador  3.9.2;1706;105;22;Piauí;11725;2019;5;Mulheres;95253;Total;11725
Indicador  3.9.2;1706;5;22;Piauí;11725;2019;5;Mulheres;1140;0 a 4 anos;11725
Indicador  3.9.2;1706;0;22;Piauí;11725;2019;5;Mulheres;1141;5 a 9 anos;11725
Indicador  3.9.2;1706;0;22;Piauí;11725;2019;5;Mulheres;1142;10 a 14 anos;11725
Indicador  3.9.2;1706;0;22;Piauí;11725;2019;5;Mulheres;1143;15 a 19 anos;11725
Indicador  3.9.2;1706;1;22;Piauí;11725;2019;5;Mulheres;1144;20 a 24 anos;11725
Indicador  3.9.2;1706;1;22;Piauí;11725;2019;5;Mulheres;1145;25 a 29 anos;11725
Indicador  3.9.2;1706;0;22;Piauí;11725;2019;5;Mulheres;1146;30 a 34 anos;11725
Indicador  3.9.2;1706;1;22;Piauí;11725;2019;5;Mulheres;1147;35 a 39 anos;11725
Indicador  3.9.2;1706;1;22;Piauí;11725;2019;5;Mulheres;1148;40 a 44 anos;11725
Indicador  3.9.2;1706;3;22;Piauí;11725;2019;5;Mulheres;1149;45 a 49 anos;11725
Indicador  3.9.2;1706;0;22;Piauí;11725;2019;5;Mulheres;1150;50 a 54 anos;11725
Indicador  3.9.2;1706;9;22;Piauí;11725;2019;5;Mulheres;1151;55 a 59 anos;11725
Indicador  3.9.2;1706;84;22;Piauí;11725;2019;5;Mulheres;3302;60 anos ou mais;11725
Indicador  3.9.2;1706;192;22;Piauí;11725;2020;6794;Total;95253;Total;11725
Indicador  3.9.2;1706;7;22;Piauí;11725;2020;6794;Total;1140;0 a 4 anos;11725
Indicador  3.9.2;1706;2;22;Piauí;11725;2020;6794;Total;1141;5 a 9 anos;11725
Indicador  3.9.2;1706;0;22;Piauí;11725;2020;6794;Total;1142;10 a 14 anos;11725
Indicador  3.9.2;1706;2;22;Piauí;11725;2020;6794;Total;1143;15 a 19 anos;11725
Indicador  3.9.2;1706;1;22;Piauí;11725;2020;6794;Total;1144;20 a 24 anos;11725
Indicador  3.9.2;1706;1;22;Piauí;11725;2020;6794;Total;1145;25 a 29 anos;11725
Indicador  3.9.2;1706;2;22;Piauí;11725;2020;6794;Total;1146;30 a 34 anos;11725
Indicador  3.9.2;1706;2;22;Piauí;11725;2020;6794;Total;1147;35 a 39 anos;11725
Indicador  3.9.2;1706;2;22;Piauí;11725;2020;6794;Total;1148;40 a 44 anos;11725
Indicador  3.9.2;1706;4;22;Piauí;11725;2020;6794;Total;1149;45 a 49 anos;11725
Indicador  3.9.2;1706;6;22;Piauí;11725;2020;6794;Total;1150;50 a 54 anos;11725
Indicador  3.9.2;1706;9;22;Piauí;11725;2020;6794;Total;1151;55 a 59 anos;11725
Indicador  3.9.2;1706;153;22;Piauí;11725;2020;6794;Total;3302;60 anos ou mais;11725
Indicador  3.9.2;1706;86;22;Piauí;11725;2020;4;Homens;95253;Total;11725
Indicador  3.9.2;1706;1;22;Piauí;11725;2020;4;Homens;1140;0 a 4 anos;11725
Indicador  3.9.2;1706;1;22;Piauí;11725;2020;4;Homens;1141;5 a 9 anos;11725
Indicador  3.9.2;1706;0;22;Piauí;11725;2020;4;Homens;1142;10 a 14 anos;11725
Indicador  3.9.2;1706;1;22;Piauí;11725;2020;4;Homens;1143;15 a 19 anos;11725
Indicador  3.9.2;1706;1;22;Piauí;11725;2020;4;Homens;1144;20 a 24 anos;11725
Indicador  3.9.2;1706;1;22;Piauí;11725;2020;4;Homens;1145;25 a 29 anos;11725
Indicador  3.9.2;1706;2;22;Piauí;11725;2020;4;Homens;1146;30 a 34 anos;11725
Indicador  3.9.2;1706;1;22;Piauí;11725;2020;4;Homens;1147;35 a 39 anos;11725
Indicador  3.9.2;1706;2;22;Piauí;11725;2020;4;Homens;1148;40 a 44 anos;11725
Indicador  3.9.2;1706;2;22;Piauí;11725;2020;4;Homens;1149;45 a 49 anos;11725
Indicador  3.9.2;1706;4;22;Piauí;11725;2020;4;Homens;1150;50 a 54 anos;11725
Indicador  3.9.2;1706;2;22;Piauí;11725;2020;4;Homens;1151;55 a 59 anos;11725
Indicador  3.9.2;1706;67;22;Piauí;11725;2020;4;Homens;3302;60 anos ou mais;11725
Indicador  3.9.2;1706;106;22;Piauí;11725;2020;5;Mulheres;95253;Total;11725
Indicador  3.9.2;1706;6;22;Piauí;11725;2020;5;Mulheres;1140;0 a 4 anos;11725
Indicador  3.9.2;1706;1;22;Piauí;11725;2020;5;Mulheres;1141;5 a 9 anos;11725
Indicador  3.9.2;1706;0;22;Piauí;11725;2020;5;Mulheres;1142;10 a 14 anos;11725
Indicador  3.9.2;1706;1;22;Piauí;11725;2020;5;Mulheres;1143;15 a 19 anos;11725
Indicador  3.9.2;1706;0;22;Piauí;11725;2020;5;Mulheres;1144;20 a 24 anos;11725
Indicador  3.9.2;1706;0;22;Piauí;11725;2020;5;Mulheres;1145;25 a 29 anos;11725
Indicador  3.9.2;1706;0;22;Piauí;11725;2020;5;Mulheres;1146;30 a 34 anos;11725
Indicador  3.9.2;1706;1;22;Piauí;11725;2020;5;Mulheres;1147;35 a 39 anos;11725
Indicador  3.9.2;1706;0;22;Piauí;11725;2020;5;Mulheres;1148;40 a 44 anos;11725
Indicador  3.9.2;1706;2;22;Piauí;11725;2020;5;Mulheres;1149;45 a 49 anos;11725
Indicador  3.9.2;1706;2;22;Piauí;11725;2020;5;Mulheres;1150;50 a 54 anos;11725
Indicador  3.9.2;1706;7;22;Piauí;11725;2020;5;Mulheres;1151;55 a 59 anos;11725
Indicador  3.9.2;1706;86;22;Piauí;11725;2020;5;Mulheres;3302;60 anos ou mais;11725
Indicador  3.9.2;1706;161;22;Piauí;11725;2021;6794;Total;95253;Total;11725
Indicador  3.9.2;1706;13;22;Piauí;11725;2021;6794;Total;1140;0 a 4 anos;11725
Indicador  3.9.2;1706;0;22;Piauí;11725;2021;6794;Total;1141;5 a 9 anos;11725
Indicador  3.9.2;1706;1;22;Piauí;11725;2021;6794;Total;1142;10 a 14 anos;11725
Indicador  3.9.2;1706;1;22;Piauí;11725;2021;6794;Total;1143;15 a 19 anos;11725
Indicador  3.9.2;1706;0;22;Piauí;11725;2021;6794;Total;1144;20 a 24 anos;11725
Indicador  3.9.2;1706;3;22;Piauí;11725;2021;6794;Total;1145;25 a 29 anos;11725
Indicador  3.9.2;1706;3;22;Piauí;11725;2021;6794;Total;1146;30 a 34 anos;11725
Indicador  3.9.2;1706;1;22;Piauí;11725;2021;6794;Total;1147;35 a 39 anos;11725
Indicador  3.9.2;1706;1;22;Piauí;11725;2021;6794;Total;1148;40 a 44 anos;11725
Indicador  3.9.2;1706;6;22;Piauí;11725;2021;6794;Total;1149;45 a 49 anos;11725
Indicador  3.9.2;1706;4;22;Piauí;11725;2021;6794;Total;1150;50 a 54 anos;11725
Indicador  3.9.2;1706;8;22;Piauí;11725;2021;6794;Total;1151;55 a 59 anos;11725
Indicador  3.9.2;1706;120;22;Piauí;11725;2021;6794;Total;3302;60 anos ou mais;11725
Indicador  3.9.2;1706;78;22;Piauí;11725;2021;4;Homens;95253;Total;11725
Indicador  3.9.2;1706;8;22;Piauí;11725;2021;4;Homens;1140;0 a 4 anos;11725
Indicador  3.9.2;1706;0;22;Piauí;11725;2021;4;Homens;1141;5 a 9 anos;11725
Indicador  3.9.2;1706;1;22;Piauí;11725;2021;4;Homens;1142;10 a 14 anos;11725
Indicador  3.9.2;1706;1;22;Piauí;11725;2021;4;Homens;1143;15 a 19 anos;11725
Indicador  3.9.2;1706;0;22;Piauí;11725;2021;4;Homens;1144;20 a 24 anos;11725
Indicador  3.9.2;1706;2;22;Piauí;11725;2021;4;Homens;1145;25 a 29 anos;11725
Indicador  3.9.2;1706;1;22;Piauí;11725;2021;4;Homens;1146;30 a 34 anos;11725
Indicador  3.9.2;1706;0;22;Piauí;11725;2021;4;Homens;1147;35 a 39 anos;11725
Indicador  3.9.2;1706;1;22;Piauí;11725;2021;4;Homens;1148;40 a 44 anos;11725
Indicador  3.9.2;1706;6;22;Piauí;11725;2021;4;Homens;1149;45 a 49 anos;11725
Indicador  3.9.2;1706;2;22;Piauí;11725;2021;4;Homens;1150;50 a 54 anos;11725
Indicador  3.9.2;1706;6;22;Piauí;11725;2021;4;Homens;1151;55 a 59 anos;11725
Indicador  3.9.2;1706;50;22;Piauí;11725;2021;4;Homens;3302;60 anos ou mais;11725
Indicador  3.9.2;1706;83;22;Piauí;11725;2021;5;Mulheres;95253;Total;11725
Indicador  3.9.2;1706;5;22;Piauí;11725;2021;5;Mulheres;1140;0 a 4 anos;11725
Indicador  3.9.2;1706;0;22;Piauí;11725;2021;5;Mulheres;1141;5 a 9 anos;11725
Indicador  3.9.2;1706;0;22;Piauí;11725;2021;5;Mulheres;1142;10 a 14 anos;11725
Indicador  3.9.2;1706;0;22;Piauí;11725;2021;5;Mulheres;1143;15 a 19 anos;11725
Indicador  3.9.2;1706;0;22;Piauí;11725;2021;5;Mulheres;1144;20 a 24 anos;11725
Indicador  3.9.2;1706;1;22;Piauí;11725;2021;5;Mulheres;1145;25 a 29 anos;11725
Indicador  3.9.2;1706;2;22;Piauí;11725;2021;5;Mulheres;1146;30 a 34 anos;11725
Indicador  3.9.2;1706;1;22;Piauí;11725;2021;5;Mulheres;1147;35 a 39 anos;11725
Indicador  3.9.2;1706;0;22;Piauí;11725;2021;5;Mulheres;1148;40 a 44 anos;11725
Indicador  3.9.2;1706;0;22;Piauí;11725;2021;5;Mulheres;1149;45 a 49 anos;11725
Indicador  3.9.2;1706;2;22;Piauí;11725;2021;5;Mulheres;1150;50 a 54 anos;11725
Indicador  3.9.2;1706;2;22;Piauí;11725;2021;5;Mulheres;1151;55 a 59 anos;11725
Indicador  3.9.2;1706;70;22;Piauí;11725;2021;5;Mulheres;3302;60 anos ou mais;11725
Indicador  3.9.2;1706;229;22;Piauí;11725;2022;6794;Total;95253;Total;11725
Indicador  3.9.2;1706;11;22;Piauí;11725;2022;6794;Total;1140;0 a 4 anos;11725
Indicador  3.9.2;1706;4;22;Piauí;11725;2022;6794;Total;1141;5 a 9 anos;11725
Indicador  3.9.2;1706;1;22;Piauí;11725;2022;6794;Total;1142;10 a 14 anos;11725
Indicador  3.9.2;1706;0;22;Piauí;11725;2022;6794;Total;1143;15 a 19 anos;11725
Indicador  3.9.2;1706;0;22;Piauí;11725;2022;6794;Total;1144;20 a 24 anos;11725
Indicador  3.9.2;1706;0;22;Piauí;11725;2022;6794;Total;1145;25 a 29 anos;11725
Indicador  3.9.2;1706;2;22;Piauí;11725;2022;6794;Total;1146;30 a 34 anos;11725
Indicador  3.9.2;1706;3;22;Piauí;11725;2022;6794;Total;1147;35 a 39 anos;11725
Indicador  3.9.2;1706;4;22;Piauí;11725;2022;6794;Total;1148;40 a 44 anos;11725
Indicador  3.9.2;1706;3;22;Piauí;11725;2022;6794;Total;1149;45 a 49 anos;11725
Indicador  3.9.2;1706;11;22;Piauí;11725;2022;6794;Total;1150;50 a 54 anos;11725
Indicador  3.9.2;1706;11;22;Piauí;11725;2022;6794;Total;1151;55 a 59 anos;11725
Indicador  3.9.2;1706;179;22;Piauí;11725;2022;6794;Total;3302;60 anos ou mais;11725
Indicador  3.9.2;1706;97;22;Piauí;11725;2022;4;Homens;95253;Total;11725
Indicador  3.9.2;1706;7;22;Piauí;11725;2022;4;Homens;1140;0 a 4 anos;11725
Indicador  3.9.2;1706;0;22;Piauí;11725;2022;4;Homens;1141;5 a 9 anos;11725
Indicador  3.9.2;1706;1;22;Piauí;11725;2022;4;Homens;1142;10 a 14 anos;11725
Indicador  3.9.2;1706;0;22;Piauí;11725;2022;4;Homens;1143;15 a 19 anos;11725
Indicador  3.9.2;1706;0;22;Piauí;11725;2022;4;Homens;1144;20 a 24 anos;11725
Indicador  3.9.2;1706;0;22;Piauí;11725;2022;4;Homens;1145;25 a 29 anos;11725
Indicador  3.9.2;1706;1;22;Piauí;11725;2022;4;Homens;1146;30 a 34 anos;11725
Indicador  3.9.2;1706;0;22;Piauí;11725;2022;4;Homens;1147;35 a 39 anos;11725
Indicador  3.9.2;1706;4;22;Piauí;11725;2022;4;Homens;1148;40 a 44 anos;11725
Indicador  3.9.2;1706;1;22;Piauí;11725;2022;4;Homens;1149;45 a 49 anos;11725
Indicador  3.9.2;1706;7;22;Piauí;11725;2022;4;Homens;1150;50 a 54 anos;11725
Indicador  3.9.2;1706;5;22;Piauí;11725;2022;4;Homens;1151;55 a 59 anos;11725
Indicador  3.9.2;1706;71;22;Piauí;11725;2022;4;Homens;3302;60 anos ou mais;11725
Indicador  3.9.2;1706;132;22;Piauí;11725;2022;5;Mulheres;95253;Total;11725
Indicador  3.9.2;1706;4;22;Piauí;11725;2022;5;Mulheres;1140;0 a 4 anos;11725
Indicador  3.9.2;1706;4;22;Piauí;11725;2022;5;Mulheres;1141;5 a 9 anos;11725
Indicador  3.9.2;1706;0;22;Piauí;11725;2022;5;Mulheres;1142;10 a 14 anos;11725
Indicador  3.9.2;1706;0;22;Piauí;11725;2022;5;Mulheres;1143;15 a 19 anos;11725
Indicador  3.9.2;1706;0;22;Piauí;11725;2022;5;Mulheres;1144;20 a 24 anos;11725
Indicador  3.9.2;1706;0;22;Piauí;11725;2022;5;Mulheres;1145;25 a 29 anos;11725
Indicador  3.9.2;1706;1;22;Piauí;11725;2022;5;Mulheres;1146;30 a 34 anos;11725
Indicador  3.9.2;1706;3;22;Piauí;11725;2022;5;Mulheres;1147;35 a 39 anos;11725
Indicador  3.9.2;1706;0;22;Piauí;11725;2022;5;Mulheres;1148;40 a 44 anos;11725
Indicador  3.9.2;1706;2;22;Piauí;11725;2022;5;Mulheres;1149;45 a 49 anos;11725
Indicador  3.9.2;1706;4;22;Piauí;11725;2022;5;Mulheres;1150;50 a 54 anos;11725
Indicador  3.9.2;1706;6;22;Piauí;11725;2022;5;Mulheres;1151;55 a 59 anos;11725
Indicador  3.9.2;1706;108;22;Piauí;11725;2022;5;Mulheres;3302;60 anos ou mais;11725
Indicador  3.9.2;1706;530;23;Ceará;11725;2018;6794;Total;95253;Total;11725
Indicador  3.9.2;1706;25;23;Ceará;11725;2018;6794;Total;1140;0 a 4 anos;11725
Indicador  3.9.2;1706;1;23;Ceará;11725;2018;6794;Total;1141;5 a 9 anos;11725
Indicador  3.9.2;1706;4;23;Ceará;11725;2018;6794;Total;1142;10 a 14 anos;11725
Indicador  3.9.2;1706;2;23;Ceará;11725;2018;6794;Total;1143;15 a 19 anos;11725
Indicador  3.9.2;1706;1;23;Ceará;11725;2018;6794;Total;1144;20 a 24 anos;11725
Indicador  3.9.2;1706;6;23;Ceará;11725;2018;6794;Total;1145;25 a 29 anos;11725
Indicador  3.9.2;1706;5;23;Ceará;11725;2018;6794;Total;1146;30 a 34 anos;11725
Indicador  3.9.2;1706;5;23;Ceará;11725;2018;6794;Total;1147;35 a 39 anos;11725
Indicador  3.9.2;1706;12;23;Ceará;11725;2018;6794;Total;1148;40 a 44 anos;11725
Indicador  3.9.2;1706;8;23;Ceará;11725;2018;6794;Total;1149;45 a 49 anos;11725
Indicador  3.9.2;1706;10;23;Ceará;11725;2018;6794;Total;1150;50 a 54 anos;11725
Indicador  3.9.2;1706;11;23;Ceará;11725;2018;6794;Total;1151;55 a 59 anos;11725
Indicador  3.9.2;1706;440;23;Ceará;11725;2018;6794;Total;3302;60 anos ou mais;11725
Indicador  3.9.2;1706;230;23;Ceará;11725;2018;4;Homens;95253;Total;11725
Indicador  3.9.2;1706;15;23;Ceará;11725;2018;4;Homens;1140;0 a 4 anos;11725
Indicador  3.9.2;1706;0;23;Ceará;11725;2018;4;Homens;1141;5 a 9 anos;11725
Indicador  3.9.2;1706;2;23;Ceará;11725;2018;4;Homens;1142;10 a 14 anos;11725
Indicador  3.9.2;1706;1;23;Ceará;11725;2018;4;Homens;1143;15 a 19 anos;11725
Indicador  3.9.2;1706;0;23;Ceará;11725;2018;4;Homens;1144;20 a 24 anos;11725
Indicador  3.9.2;1706;3;23;Ceará;11725;2018;4;Homens;1145;25 a 29 anos;11725
Indicador  3.9.2;1706;3;23;Ceará;11725;2018;4;Homens;1146;30 a 34 anos;11725
Indicador  3.9.2;1706;3;23;Ceará;11725;2018;4;Homens;1147;35 a 39 anos;11725
Indicador  3.9.2;1706;9;23;Ceará;11725;2018;4;Homens;1148;40 a 44 anos;11725
Indicador  3.9.2;1706;6;23;Ceará;11725;2018;4;Homens;1149;45 a 49 anos;11725
Indicador  3.9.2;1706;7;23;Ceará;11725;2018;4;Homens;1150;50 a 54 anos;11725
Indicador  3.9.2;1706;6;23;Ceará;11725;2018;4;Homens;1151;55 a 59 anos;11725
Indicador  3.9.2;1706;175;23;Ceará;11725;2018;4;Homens;3302;60 anos ou mais;11725
Indicador  3.9.2;1706;300;23;Ceará;11725;2018;5;Mulheres;95253;Total;11725
Indicador  3.9.2;1706;10;23;Ceará;11725;2018;5;Mulheres;1140;0 a 4 anos;11725
Indicador  3.9.2;1706;1;23;Ceará;11725;2018;5;Mulheres;1141;5 a 9 anos;11725
Indicador  3.9.2;1706;2;23;Ceará;11725;2018;5;Mulheres;1142;10 a 14 anos;11725
Indicador  3.9.2;1706;1;23;Ceará;11725;2018;5;Mulheres;1143;15 a 19 anos;11725
Indicador  3.9.2;1706;1;23;Ceará;11725;2018;5;Mulheres;1144;20 a 24 anos;11725
Indicador  3.9.2;1706;3;23;Ceará;11725;2018;5;Mulheres;1145;25 a 29 anos;11725
Indicador  3.9.2;1706;2;23;Ceará;11725;2018;5;Mulheres;1146;30 a 34 anos;11725
Indicador  3.9.2;1706;2;23;Ceará;11725;2018;5;Mulheres;1147;35 a 39 anos;11725
Indicador  3.9.2;1706;3;23;Ceará;11725;2018;5;Mulheres;1148;40 a 44 anos;11725
Indicador  3.9.2;1706;2;23;Ceará;11725;2018;5;Mulheres;1149;45 a 49 anos;11725
Indicador  3.9.2;1706;3;23;Ceará;11725;2018;5;Mulheres;1150;50 a 54 anos;11725
Indicador  3.9.2;1706;5;23;Ceará;11725;2018;5;Mulheres;1151;55 a 59 anos;11725
Indicador  3.9.2;1706;265;23;Ceará;11725;2018;5;Mulheres;3302;60 anos ou mais;11725
Indicador  3.9.2;1706;520;23;Ceará;11725;2019;6794;Total;95253;Total;11725
Indicador  3.9.2;1706;33;23;Ceará;11725;2019;6794;Total;1140;0 a 4 anos;11725
Indicador  3.9.2;1706;8;23;Ceará;11725;2019;6794;Total;1141;5 a 9 anos;11725
Indicador  3.9.2;1706;4;23;Ceará;11725;2019;6794;Total;1142;10 a 14 anos;11725
Indicador  3.9.2;1706;3;23;Ceará;11725;2019;6794;Total;1143;15 a 19 anos;11725
Indicador  3.9.2;1706;5;23;Ceará;11725;2019;6794;Total;1144;20 a 24 anos;11725
Indicador  3.9.2;1706;1;23;Ceará;11725;2019;6794;Total;1145;25 a 29 anos;11725
Indicador  3.9.2;1706;4;23;Ceará;11725;2019;6794;Total;1146;30 a 34 anos;11725
Indicador  3.9.2;1706;7;23;Ceará;11725;2019;6794;Total;1147;35 a 39 anos;11725
Indicador  3.9.2;1706;12;23;Ceará;11725;2019;6794;Total;1148;40 a 44 anos;11725
Indicador  3.9.2;1706;12;23;Ceará;11725;2019;6794;Total;1149;45 a 49 anos;11725
Indicador  3.9.2;1706;18;23;Ceará;11725;2019;6794;Total;1150;50 a 54 anos;11725
Indicador  3.9.2;1706;20;23;Ceará;11725;2019;6794;Total;1151;55 a 59 anos;11725
Indicador  3.9.2;1706;393;23;Ceará;11725;2019;6794;Total;3302;60 anos ou mais;11725
Indicador  3.9.2;1706;228;23;Ceará;11725;2019;4;Homens;95253;Total;11725
Indicador  3.9.2;1706;21;23;Ceará;11725;2019;4;Homens;1140;0 a 4 anos;11725
Indicador  3.9.2;1706;2;23;Ceará;11725;2019;4;Homens;1141;5 a 9 anos;11725
Indicador  3.9.2;1706;3;23;Ceará;11725;2019;4;Homens;1142;10 a 14 anos;11725
Indicador  3.9.2;1706;1;23;Ceará;11725;2019;4;Homens;1143;15 a 19 anos;11725
Indicador  3.9.2;1706;2;23;Ceará;11725;2019;4;Homens;1144;20 a 24 anos;11725
Indicador  3.9.2;1706;1;23;Ceará;11725;2019;4;Homens;1145;25 a 29 anos;11725
Indicador  3.9.2;1706;3;23;Ceará;11725;2019;4;Homens;1146;30 a 34 anos;11725
Indicador  3.9.2;1706;3;23;Ceará;11725;2019;4;Homens;1147;35 a 39 anos;11725
Indicador  3.9.2;1706;6;23;Ceará;11725;2019;4;Homens;1148;40 a 44 anos;11725
Indicador  3.9.2;1706;9;23;Ceará;11725;2019;4;Homens;1149;45 a 49 anos;11725
Indicador  3.9.2;1706;12;23;Ceará;11725;2019;4;Homens;1150;50 a 54 anos;11725
Indicador  3.9.2;1706;15;23;Ceará;11725;2019;4;Homens;1151;55 a 59 anos;11725
Indicador  3.9.2;1706;150;23;Ceará;11725;2019;4;Homens;3302;60 anos ou mais;11725
Indicador  3.9.2;1706;292;23;Ceará;11725;2019;5;Mulheres;95253;Total;11725
Indicador  3.9.2;1706;12;23;Ceará;11725;2019;5;Mulheres;1140;0 a 4 anos;11725
Indicador  3.9.2;1706;6;23;Ceará;11725;2019;5;Mulheres;1141;5 a 9 anos;11725
Indicador  3.9.2;1706;1;23;Ceará;11725;2019;5;Mulheres;1142;10 a 14 anos;11725
Indicador  3.9.2;1706;2;23;Ceará;11725;2019;5;Mulheres;1143;15 a 19 anos;11725
Indicador  3.9.2;1706;3;23;Ceará;11725;2019;5;Mulheres;1144;20 a 24 anos;11725
Indicador  3.9.2;1706;0;23;Ceará;11725;2019;5;Mulheres;1145;25 a 29 anos;11725
Indicador  3.9.2;1706;1;23;Ceará;11725;2019;5;Mulheres;1146;30 a 34 anos;11725
Indicador  3.9.2;1706;4;23;Ceará;11725;2019;5;Mulheres;1147;35 a 39 anos;11725
Indicador  3.9.2;1706;6;23;Ceará;11725;2019;5;Mulheres;1148;40 a 44 anos;11725
Indicador  3.9.2;1706;3;23;Ceará;11725;2019;5;Mulheres;1149;45 a 49 anos;11725
Indicador  3.9.2;1706;6;23;Ceará;11725;2019;5;Mulheres;1150;50 a 54 anos;11725
Indicador  3.9.2;1706;5;23;Ceará;11725;2019;5;Mulheres;1151;55 a 59 anos;11725
Indicador  3.9.2;1706;243;23;Ceará;11725;2019;5;Mulheres;3302;60 anos ou mais;11725
Indicador  3.9.2;1706;454;23;Ceará;11725;2020;6794;Total;95253;Total;11725
Indicador  3.9.2;1706;26;23;Ceará;11725;2020;6794;Total;1140;0 a 4 anos;11725
Indicador  3.9.2;1706;2;23;Ceará;11725;2020;6794;Total;1141;5 a 9 anos;11725
Indicador  3.9.2;1706;1;23;Ceará;11725;2020;6794;Total;1142;10 a 14 anos;11725
Indicador  3.9.2;1706;6;23;Ceará;11725;2020;6794;Total;1143;15 a 19 anos;11725
Indicador  3.9.2;1706;1;23;Ceará;11725;2020;6794;Total;1144;20 a 24 anos;11725
Indicador  3.9.2;1706;1;23;Ceará;11725;2020;6794;Total;1145;25 a 29 anos;11725
Indicador  3.9.2;1706;8;23;Ceará;11725;2020;6794;Total;1146;30 a 34 anos;11725
Indicador  3.9.2;1706;5;23;Ceará;11725;2020;6794;Total;1147;35 a 39 anos;11725
Indicador  3.9.2;1706;11;23;Ceará;11725;2020;6794;Total;1148;40 a 44 anos;11725
Indicador  3.9.2;1706;6;23;Ceará;11725;2020;6794;Total;1149;45 a 49 anos;11725
Indicador  3.9.2;1706;11;23;Ceará;11725;2020;6794;Total;1150;50 a 54 anos;11725
Indicador  3.9.2;1706;12;23;Ceará;11725;2020;6794;Total;1151;55 a 59 anos;11725
Indicador  3.9.2;1706;364;23;Ceará;11725;2020;6794;Total;3302;60 anos ou mais;11725
Indicador  3.9.2;1706;209;23;Ceará;11725;2020;4;Homens;95253;Total;11725
Indicador  3.9.2;1706;10;23;Ceará;11725;2020;4;Homens;1140;0 a 4 anos;11725
Indicador  3.9.2;1706;1;23;Ceará;11725;2020;4;Homens;1141;5 a 9 anos;11725
Indicador  3.9.2;1706;1;23;Ceará;11725;2020;4;Homens;1142;10 a 14 anos;11725
Indicador  3.9.2;1706;1;23;Ceará;11725;2020;4;Homens;1143;15 a 19 anos;11725
Indicador  3.9.2;1706;0;23;Ceará;11725;2020;4;Homens;1144;20 a 24 anos;11725
Indicador  3.9.2;1706;1;23;Ceará;11725;2020;4;Homens;1145;25 a 29 anos;11725
Indicador  3.9.2;1706;3;23;Ceará;11725;2020;4;Homens;1146;30 a 34 anos;11725
Indicador  3.9.2;1706;3;23;Ceará;11725;2020;4;Homens;1147;35 a 39 anos;11725
Indicador  3.9.2;1706;6;23;Ceará;11725;2020;4;Homens;1148;40 a 44 anos;11725
Indicador  3.9.2;1706;3;23;Ceará;11725;2020;4;Homens;1149;45 a 49 anos;11725
Indicador  3.9.2;1706;4;23;Ceará;11725;2020;4;Homens;1150;50 a 54 anos;11725
Indicador  3.9.2;1706;5;23;Ceará;11725;2020;4;Homens;1151;55 a 59 anos;11725
Indicador  3.9.2;1706;171;23;Ceará;11725;2020;4;Homens;3302;60 anos ou mais;11725
Indicador  3.9.2;1706;245;23;Ceará;11725;2020;5;Mulheres;95253;Total;11725
Indicador  3.9.2;1706;16;23;Ceará;11725;2020;5;Mulheres;1140;0 a 4 anos;11725
Indicador  3.9.2;1706;1;23;Ceará;11725;2020;5;Mulheres;1141;5 a 9 anos;11725
Indicador  3.9.2;1706;0;23;Ceará;11725;2020;5;Mulheres;1142;10 a 14 anos;11725
Indicador  3.9.2;1706;5;23;Ceará;11725;2020;5;Mulheres;1143;15 a 19 anos;11725
Indicador  3.9.2;1706;1;23;Ceará;11725;2020;5;Mulheres;1144;20 a 24 anos;11725
Indicador  3.9.2;1706;0;23;Ceará;11725;2020;5;Mulheres;1145;25 a 29 anos;11725
Indicador  3.9.2;1706;5;23;Ceará;11725;2020;5;Mulheres;1146;30 a 34 anos;11725
Indicador  3.9.2;1706;2;23;Ceará;11725;2020;5;Mulheres;1147;35 a 39 anos;11725
Indicador  3.9.2;1706;5;23;Ceará;11725;2020;5;Mulheres;1148;40 a 44 anos;11725
Indicador  3.9.2;1706;3;23;Ceará;11725;2020;5;Mulheres;1149;45 a 49 anos;11725
Indicador  3.9.2;1706;7;23;Ceará;11725;2020;5;Mulheres;1150;50 a 54 anos;11725
Indicador  3.9.2;1706;7;23;Ceará;11725;2020;5;Mulheres;1151;55 a 59 anos;11725
Indicador  3.9.2;1706;193;23;Ceará;11725;2020;5;Mulheres;3302;60 anos ou mais;11725
Indicador  3.9.2;1706;474;23;Ceará;11725;2021;6794;Total;95253;Total;11725
Indicador  3.9.2;1706;23;23;Ceará;11725;2021;6794;Total;1140;0 a 4 anos;11725
Indicador  3.9.2;1706;1;23;Ceará;11725;2021;6794;Total;1141;5 a 9 anos;11725
Indicador  3.9.2;1706;3;23;Ceará;11725;2021;6794;Total;1142;10 a 14 anos;11725
Indicador  3.9.2;1706;3;23;Ceará;11725;2021;6794;Total;1143;15 a 19 anos;11725
Indicador  3.9.2;1706;5;23;Ceará;11725;2021;6794;Total;1144;20 a 24 anos;11725
Indicador  3.9.2;1706;2;23;Ceará;11725;2021;6794;Total;1145;25 a 29 anos;11725
Indicador  3.9.2;1706;2;23;Ceará;11725;2021;6794;Total;1146;30 a 34 anos;11725
Indicador  3.9.2;1706;8;23;Ceará;11725;2021;6794;Total;1147;35 a 39 anos;11725
Indicador  3.9.2;1706;8;23;Ceará;11725;2021;6794;Total;1148;40 a 44 anos;11725
Indicador  3.9.2;1706;10;23;Ceará;11725;2021;6794;Total;1149;45 a 49 anos;11725
Indicador  3.9.2;1706;9;23;Ceará;11725;2021;6794;Total;1150;50 a 54 anos;11725
Indicador  3.9.2;1706;17;23;Ceará;11725;2021;6794;Total;1151;55 a 59 anos;11725
Indicador  3.9.2;1706;382;23;Ceará;11725;2021;6794;Total;3302;60 anos ou mais;11725
Indicador  3.9.2;1706;200;23;Ceará;11725;2021;4;Homens;95253;Total;11725
Indicador  3.9.2;1706;10;23;Ceará;11725;2021;4;Homens;1140;0 a 4 anos;11725
Indicador  3.9.2;1706;1;23;Ceará;11725;2021;4;Homens;1141;5 a 9 anos;11725
Indicador  3.9.2;1706;2;23;Ceará;11725;2021;4;Homens;1142;10 a 14 anos;11725
Indicador  3.9.2;1706;1;23;Ceará;11725;2021;4;Homens;1143;15 a 19 anos;11725
Indicador  3.9.2;1706;1;23;Ceará;11725;2021;4;Homens;1144;20 a 24 anos;11725
Indicador  3.9.2;1706;1;23;Ceará;11725;2021;4;Homens;1145;25 a 29 anos;11725
Indicador  3.9.2;1706;1;23;Ceará;11725;2021;4;Homens;1146;30 a 34 anos;11725
Indicador  3.9.2;1706;6;23;Ceará;11725;2021;4;Homens;1147;35 a 39 anos;11725
Indicador  3.9.2;1706;7;23;Ceará;11725;2021;4;Homens;1148;40 a 44 anos;11725
Indicador  3.9.2;1706;5;23;Ceará;11725;2021;4;Homens;1149;45 a 49 anos;11725
Indicador  3.9.2;1706;5;23;Ceará;11725;2021;4;Homens;1150;50 a 54 anos;11725
Indicador  3.9.2;1706;12;23;Ceará;11725;2021;4;Homens;1151;55 a 59 anos;11725
Indicador  3.9.2;1706;147;23;Ceará;11725;2021;4;Homens;3302;60 anos ou mais;11725
Indicador  3.9.2;1706;274;23;Ceará;11725;2021;5;Mulheres;95253;Total;11725
Indicador  3.9.2;1706;13;23;Ceará;11725;2021;5;Mulheres;1140;0 a 4 anos;11725
Indicador  3.9.2;1706;0;23;Ceará;11725;2021;5;Mulheres;1141;5 a 9 anos;11725
Indicador  3.9.2;1706;1;23;Ceará;11725;2021;5;Mulheres;1142;10 a 14 anos;11725
Indicador  3.9.2;1706;2;23;Ceará;11725;2021;5;Mulheres;1143;15 a 19 anos;11725
Indicador  3.9.2;1706;4;23;Ceará;11725;2021;5;Mulheres;1144;20 a 24 anos;11725
Indicador  3.9.2;1706;1;23;Ceará;11725;2021;5;Mulheres;1145;25 a 29 anos;11725
Indicador  3.9.2;1706;1;23;Ceará;11725;2021;5;Mulheres;1146;30 a 34 anos;11725
Indicador  3.9.2;1706;2;23;Ceará;11725;2021;5;Mulheres;1147;35 a 39 anos;11725
Indicador  3.9.2;1706;1;23;Ceará;11725;2021;5;Mulheres;1148;40 a 44 anos;11725
Indicador  3.9.2;1706;5;23;Ceará;11725;2021;5;Mulheres;1149;45 a 49 anos;11725
Indicador  3.9.2;1706;4;23;Ceará;11725;2021;5;Mulheres;1150;50 a 54 anos;11725
Indicador  3.9.2;1706;5;23;Ceará;11725;2021;5;Mulheres;1151;55 a 59 anos;11725
Indicador  3.9.2;1706;235;23;Ceará;11725;2021;5;Mulheres;3302;60 anos ou mais;11725
Indicador  3.9.2;1706;443;23;Ceará;11725;2022;6794;Total;95253;Total;11725
Indicador  3.9.2;1706;27;23;Ceará;11725;2022;6794;Total;1140;0 a 4 anos;11725
Indicador  3.9.2;1706;4;23;Ceará;11725;2022;6794;Total;1141;5 a 9 anos;11725
Indicador  3.9.2;1706;2;23;Ceará;11725;2022;6794;Total;1142;10 a 14 anos;11725
Indicador  3.9.2;1706;1;23;Ceará;11725;2022;6794;Total;1143;15 a 19 anos;11725
Indicador  3.9.2;1706;3;23;Ceará;11725;2022;6794;Total;1144;20 a 24 anos;11725
Indicador  3.9.2;1706;1;23;Ceará;11725;2022;6794;Total;1145;25 a 29 anos;11725
Indicador  3.9.2;1706;7;23;Ceará;11725;2022;6794;Total;1146;30 a 34 anos;11725
Indicador  3.9.2;1706;4;23;Ceará;11725;2022;6794;Total;1147;35 a 39 anos;11725
Indicador  3.9.2;1706;3;23;Ceará;11725;2022;6794;Total;1148;40 a 44 anos;11725
Indicador  3.9.2;1706;9;23;Ceará;11725;2022;6794;Total;1149;45 a 49 anos;11725
Indicador  3.9.2;1706;7;23;Ceará;11725;2022;6794;Total;1150;50 a 54 anos;11725
Indicador  3.9.2;1706;10;23;Ceará;11725;2022;6794;Total;1151;55 a 59 anos;11725
Indicador  3.9.2;1706;365;23;Ceará;11725;2022;6794;Total;3302;60 anos ou mais;11725
Indicador  3.9.2;1706;196;23;Ceará;11725;2022;4;Homens;95253;Total;11725
Indicador  3.9.2;1706;13;23;Ceará;11725;2022;4;Homens;1140;0 a 4 anos;11725
Indicador  3.9.2;1706;4;23;Ceará;11725;2022;4;Homens;1141;5 a 9 anos;11725
Indicador  3.9.2;1706;1;23;Ceará;11725;2022;4;Homens;1142;10 a 14 anos;11725
Indicador  3.9.2;1706;1;23;Ceará;11725;2022;4;Homens;1143;15 a 19 anos;11725
Indicador  3.9.2;1706;0;23;Ceará;11725;2022;4;Homens;1144;20 a 24 anos;11725
Indicador  3.9.2;1706;0;23;Ceará;11725;2022;4;Homens;1145;25 a 29 anos;11725
Indicador  3.9.2;1706;3;23;Ceará;11725;2022;4;Homens;1146;30 a 34 anos;11725
Indicador  3.9.2;1706;3;23;Ceará;11725;2022;4;Homens;1147;35 a 39 anos;11725
Indicador  3.9.2;1706;2;23;Ceará;11725;2022;4;Homens;1148;40 a 44 anos;11725
Indicador  3.9.2;1706;6;23;Ceará;11725;2022;4;Homens;1149;45 a 49 anos;11725
Indicador  3.9.2;1706;3;23;Ceará;11725;2022;4;Homens;1150;50 a 54 anos;11725
Indicador  3.9.2;1706;5;23;Ceará;11725;2022;4;Homens;1151;55 a 59 anos;11725
Indicador  3.9.2;1706;155;23;Ceará;11725;2022;4;Homens;3302;60 anos ou mais;11725
Indicador  3.9.2;1706;247;23;Ceará;11725;2022;5;Mulheres;95253;Total;11725
Indicador  3.9.2;1706;14;23;Ceará;11725;2022;5;Mulheres;1140;0 a 4 anos;11725
Indicador  3.9.2;1706;0;23;Ceará;11725;2022;5;Mulheres;1141;5 a 9 anos;11725
Indicador  3.9.2;1706;1;23;Ceará;11725;2022;5;Mulheres;1142;10 a 14 anos;11725
Indicador  3.9.2;1706;0;23;Ceará;11725;2022;5;Mulheres;1143;15 a 19 anos;11725
Indicador  3.9.2;1706;3;23;Ceará;11725;2022;5;Mulheres;1144;20 a 24 anos;11725
Indicador  3.9.2;1706;1;23;Ceará;11725;2022;5;Mulheres;1145;25 a 29 anos;11725
Indicador  3.9.2;1706;4;23;Ceará;11725;2022;5;Mulheres;1146;30 a 34 anos;11725
Indicador  3.9.2;1706;1;23;Ceará;11725;2022;5;Mulheres;1147;35 a 39 anos;11725
Indicador  3.9.2;1706;1;23;Ceará;11725;2022;5;Mulheres;1148;40 a 44 anos;11725
Indicador  3.9.2;1706;3;23;Ceará;11725;2022;5;Mulheres;1149;45 a 49 anos;11725
Indicador  3.9.2;1706;4;23;Ceará;11725;2022;5;Mulheres;1150;50 a 54 anos;11725
Indicador  3.9.2;1706;5;23;Ceará;11725;2022;5;Mulheres;1151;55 a 59 anos;11725
Indicador  3.9.2;1706;210;23;Ceará;11725;2022;5;Mulheres;3302;60 anos ou mais;11725
Indicador  3.9.2;1706;236;24;Rio Grande do Norte;11725;2018;6794;Total;95253;Total;11725
Indicador  3.9.2;1706;10;24;Rio Grande do Norte;11725;2018;6794;Total;1140;0 a 4 anos;11725
Indicador  3.9.2;1706;1;24;Rio Grande do Norte;11725;2018;6794;Total;1141;5 a 9 anos;11725
Indicador  3.9.2;1706;0;24;Rio Grande do Norte;11725;2018;6794;Total;1142;10 a 14 anos;11725
Indicador  3.9.2;1706;1;24;Rio Grande do Norte;11725;2018;6794;Total;1143;15 a 19 anos;11725
Indicador  3.9.2;1706;3;24;Rio Grande do Norte;11725;2018;6794;Total;1144;20 a 24 anos;11725
Indicador  3.9.2;1706;1;24;Rio Grande do Norte;11725;2018;6794;Total;1145;25 a 29 anos;11725
Indicador  3.9.2;1706;0;24;Rio Grande do Norte;11725;2018;6794;Total;1146;30 a 34 anos;11725
Indicador  3.9.2;1706;3;24;Rio Grande do Norte;11725;2018;6794;Total;1147;35 a 39 anos;11725
Indicador  3.9.2;1706;6;24;Rio Grande do Norte;11725;2018;6794;Total;1148;40 a 44 anos;11725
Indicador  3.9.2;1706;6;24;Rio Grande do Norte;11725;2018;6794;Total;1149;45 a 49 anos;11725
Indicador  3.9.2;1706;6;24;Rio Grande do Norte;11725;2018;6794;Total;1150;50 a 54 anos;11725
Indicador  3.9.2;1706;10;24;Rio Grande do Norte;11725;2018;6794;Total;1151;55 a 59 anos;11725
Indicador  3.9.2;1706;189;24;Rio Grande do Norte;11725;2018;6794;Total;3302;60 anos ou mais;11725
Indicador  3.9.2;1706;114;24;Rio Grande do Norte;11725;2018;4;Homens;95253;Total;11725
Indicador  3.9.2;1706;8;24;Rio Grande do Norte;11725;2018;4;Homens;1140;0 a 4 anos;11725
Indicador  3.9.2;1706;0;24;Rio Grande do Norte;11725;2018;4;Homens;1141;5 a 9 anos;11725
Indicador  3.9.2;1706;0;24;Rio Grande do Norte;11725;2018;4;Homens;1142;10 a 14 anos;11725
Indicador  3.9.2;1706;0;24;Rio Grande do Norte;11725;2018;4;Homens;1143;15 a 19 anos;11725
Indicador  3.9.2;1706;1;24;Rio Grande do Norte;11725;2018;4;Homens;1144;20 a 24 anos;11725
Indicador  3.9.2;1706;1;24;Rio Grande do Norte;11725;2018;4;Homens;1145;25 a 29 anos;11725
Indicador  3.9.2;1706;0;24;Rio Grande do Norte;11725;2018;4;Homens;1146;30 a 34 anos;11725
Indicador  3.9.2;1706;2;24;Rio Grande do Norte;11725;2018;4;Homens;1147;35 a 39 anos;11725
Indicador  3.9.2;1706;5;24;Rio Grande do Norte;11725;2018;4;Homens;1148;40 a 44 anos;11725
Indicador  3.9.2;1706;5;24;Rio Grande do Norte;11725;2018;4;Homens;1149;45 a 49 anos;11725
Indicador  3.9.2;1706;3;24;Rio Grande do Norte;11725;2018;4;Homens;1150;50 a 54 anos;11725
Indicador  3.9.2;1706;6;24;Rio Grande do Norte;11725;2018;4;Homens;1151;55 a 59 anos;11725
Indicador  3.9.2;1706;83;24;Rio Grande do Norte;11725;2018;4;Homens;3302;60 anos ou mais;11725
Indicador  3.9.2;1706;122;24;Rio Grande do Norte;11725;2018;5;Mulheres;95253;Total;11725
Indicador  3.9.2;1706;2;24;Rio Grande do Norte;11725;2018;5;Mulheres;1140;0 a 4 anos;11725
Indicador  3.9.2;1706;1;24;Rio Grande do Norte;11725;2018;5;Mulheres;1141;5 a 9 anos;11725
Indicador  3.9.2;1706;0;24;Rio Grande do Norte;11725;2018;5;Mulheres;1142;10 a 14 anos;11725
Indicador  3.9.2;1706;1;24;Rio Grande do Norte;11725;2018;5;Mulheres;1143;15 a 19 anos;11725
Indicador  3.9.2;1706;2;24;Rio Grande do Norte;11725;2018;5;Mulheres;1144;20 a 24 anos;11725
Indicador  3.9.2;1706;0;24;Rio Grande do Norte;11725;2018;5;Mulheres;1145;25 a 29 anos;11725
Indicador  3.9.2;1706;0;24;Rio Grande do Norte;11725;2018;5;Mulheres;1146;30 a 34 anos;11725
Indicador  3.9.2;1706;1;24;Rio Grande do Norte;11725;2018;5;Mulheres;1147;35 a 39 anos;11725
Indicador  3.9.2;1706;1;24;Rio Grande do Norte;11725;2018;5;Mulheres;1148;40 a 44 anos;11725
Indicador  3.9.2;1706;1;24;Rio Grande do Norte;11725;2018;5;Mulheres;1149;45 a 49 anos;11725
Indicador  3.9.2;1706;3;24;Rio Grande do Norte;11725;2018;5;Mulheres;1150;50 a 54 anos;11725
Indicador  3.9.2;1706;4;24;Rio Grande do Norte;11725;2018;5;Mulheres;1151;55 a 59 anos;11725
Indicador  3.9.2;1706;106;24;Rio Grande do Norte;11725;2018;5;Mulheres;3302;60 anos ou mais;11725
Indicador  3.9.2;1706;233;24;Rio Grande do Norte;11725;2019;6794;Total;95253;Total;11725
Indicador  3.9.2;1706;4;24;Rio Grande do Norte;11725;2019;6794;Total;1140;0 a 4 anos;11725
Indicador  3.9.2;1706;1;24;Rio Grande do Norte;11725;2019;6794;Total;1141;5 a 9 anos;11725
Indicador  3.9.2;1706;1;24;Rio Grande do Norte;11725;2019;6794;Total;1142;10 a 14 anos;11725
Indicador  3.9.2;1706;1;24;Rio Grande do Norte;11725;2019;6794;Total;1143;15 a 19 anos;11725
Indicador  3.9.2;1706;0;24;Rio Grande do Norte;11725;2019;6794;Total;1144;20 a 24 anos;11725
Indicador  3.9.2;1706;0;24;Rio Grande do Norte;11725;2019;6794;Total;1145;25 a 29 anos;11725
Indicador  3.9.2;1706;2;24;Rio Grande do Norte;11725;2019;6794;Total;1146;30 a 34 anos;11725
Indicador  3.9.2;1706;3;24;Rio Grande do Norte;11725;2019;6794;Total;1147;35 a 39 anos;11725
Indicador  3.9.2;1706;4;24;Rio Grande do Norte;11725;2019;6794;Total;1148;40 a 44 anos;11725
Indicador  3.9.2;1706;4;24;Rio Grande do Norte;11725;2019;6794;Total;1149;45 a 49 anos;11725
Indicador  3.9.2;1706;6;24;Rio Grande do Norte;11725;2019;6794;Total;1150;50 a 54 anos;11725
Indicador  3.9.2;1706;5;24;Rio Grande do Norte;11725;2019;6794;Total;1151;55 a 59 anos;11725
Indicador  3.9.2;1706;202;24;Rio Grande do Norte;11725;2019;6794;Total;3302;60 anos ou mais;11725
Indicador  3.9.2;1706;112;24;Rio Grande do Norte;11725;2019;4;Homens;95253;Total;11725
Indicador  3.9.2;1706;2;24;Rio Grande do Norte;11725;2019;4;Homens;1140;0 a 4 anos;11725
Indicador  3.9.2;1706;1;24;Rio Grande do Norte;11725;2019;4;Homens;1141;5 a 9 anos;11725
Indicador  3.9.2;1706;0;24;Rio Grande do Norte;11725;2019;4;Homens;1142;10 a 14 anos;11725
Indicador  3.9.2;1706;1;24;Rio Grande do Norte;11725;2019;4;Homens;1143;15 a 19 anos;11725
Indicador  3.9.2;1706;0;24;Rio Grande do Norte;11725;2019;4;Homens;1144;20 a 24 anos;11725
Indicador  3.9.2;1706;0;24;Rio Grande do Norte;11725;2019;4;Homens;1145;25 a 29 anos;11725
Indicador  3.9.2;1706;1;24;Rio Grande do Norte;11725;2019;4;Homens;1146;30 a 34 anos;11725
Indicador  3.9.2;1706;2;24;Rio Grande do Norte;11725;2019;4;Homens;1147;35 a 39 anos;11725
Indicador  3.9.2;1706;2;24;Rio Grande do Norte;11725;2019;4;Homens;1148;40 a 44 anos;11725
Indicador  3.9.2;1706;2;24;Rio Grande do Norte;11725;2019;4;Homens;1149;45 a 49 anos;11725
Indicador  3.9.2;1706;5;24;Rio Grande do Norte;11725;2019;4;Homens;1150;50 a 54 anos;11725
Indicador  3.9.2;1706;3;24;Rio Grande do Norte;11725;2019;4;Homens;1151;55 a 59 anos;11725
Indicador  3.9.2;1706;93;24;Rio Grande do Norte;11725;2019;4;Homens;3302;60 anos ou mais;11725
Indicador  3.9.2;1706;121;24;Rio Grande do Norte;11725;2019;5;Mulheres;95253;Total;11725
Indicador  3.9.2;1706;2;24;Rio Grande do Norte;11725;2019;5;Mulheres;1140;0 a 4 anos;11725
Indicador  3.9.2;1706;0;24;Rio Grande do Norte;11725;2019;5;Mulheres;1141;5 a 9 anos;11725
Indicador  3.9.2;1706;1;24;Rio Grande do Norte;11725;2019;5;Mulheres;1142;10 a 14 anos;11725
Indicador  3.9.2;1706;0;24;Rio Grande do Norte;11725;2019;5;Mulheres;1143;15 a 19 anos;11725
Indicador  3.9.2;1706;0;24;Rio Grande do Norte;11725;2019;5;Mulheres;1144;20 a 24 anos;11725
Indicador  3.9.2;1706;0;24;Rio Grande do Norte;11725;2019;5;Mulheres;1145;25 a 29 anos;11725
Indicador  3.9.2;1706;1;24;Rio Grande do Norte;11725;2019;5;Mulheres;1146;30 a 34 anos;11725
Indicador  3.9.2;1706;1;24;Rio Grande do Norte;11725;2019;5;Mulheres;1147;35 a 39 anos;11725
Indicador  3.9.2;1706;2;24;Rio Grande do Norte;11725;2019;5;Mulheres;1148;40 a 44 anos;11725
Indicador  3.9.2;1706;2;24;Rio Grande do Norte;11725;2019;5;Mulheres;1149;45 a 49 anos;11725
Indicador  3.9.2;1706;1;24;Rio Grande do Norte;11725;2019;5;Mulheres;1150;50 a 54 anos;11725
Indicador  3.9.2;1706;2;24;Rio Grande do Norte;11725;2019;5;Mulheres;1151;55 a 59 anos;11725
Indicador  3.9.2;1706;109;24;Rio Grande do Norte;11725;2019;5;Mulheres;3302;60 anos ou mais;11725
Indicador  3.9.2;1706;223;24;Rio Grande do Norte;11725;2020;6794;Total;95253;Total;11725
Indicador  3.9.2;1706;3;24;Rio Grande do Norte;11725;2020;6794;Total;1140;0 a 4 anos;11725
Indicador  3.9.2;1706;2;24;Rio Grande do Norte;11725;2020;6794;Total;1141;5 a 9 anos;11725
Indicador  3.9.2;1706;0;24;Rio Grande do Norte;11725;2020;6794;Total;1142;10 a 14 anos;11725
Indicador  3.9.2;1706;0;24;Rio Grande do Norte;11725;2020;6794;Total;1143;15 a 19 anos;11725
Indicador  3.9.2;1706;1;24;Rio Grande do Norte;11725;2020;6794;Total;1144;20 a 24 anos;11725
Indicador  3.9.2;1706;2;24;Rio Grande do Norte;11725;2020;6794;Total;1145;25 a 29 anos;11725
Indicador  3.9.2;1706;4;24;Rio Grande do Norte;11725;2020;6794;Total;1146;30 a 34 anos;11725
Indicador  3.9.2;1706;1;24;Rio Grande do Norte;11725;2020;6794;Total;1147;35 a 39 anos;11725
Indicador  3.9.2;1706;4;24;Rio Grande do Norte;11725;2020;6794;Total;1148;40 a 44 anos;11725
Indicador  3.9.2;1706;3;24;Rio Grande do Norte;11725;2020;6794;Total;1149;45 a 49 anos;11725
Indicador  3.9.2;1706;4;24;Rio Grande do Norte;11725;2020;6794;Total;1150;50 a 54 anos;11725
Indicador  3.9.2;1706;8;24;Rio Grande do Norte;11725;2020;6794;Total;1151;55 a 59 anos;11725
Indicador  3.9.2;1706;191;24;Rio Grande do Norte;11725;2020;6794;Total;3302;60 anos ou mais;11725
Indicador  3.9.2;1706;99;24;Rio Grande do Norte;11725;2020;4;Homens;95253;Total;11725
Indicador  3.9.2;1706;2;24;Rio Grande do Norte;11725;2020;4;Homens;1140;0 a 4 anos;11725
Indicador  3.9.2;1706;0;24;Rio Grande do Norte;11725;2020;4;Homens;1141;5 a 9 anos;11725
Indicador  3.9.2;1706;0;24;Rio Grande do Norte;11725;2020;4;Homens;1142;10 a 14 anos;11725
Indicador  3.9.2;1706;0;24;Rio Grande do Norte;11725;2020;4;Homens;1143;15 a 19 anos;11725
Indicador  3.9.2;1706;0;24;Rio Grande do Norte;11725;2020;4;Homens;1144;20 a 24 anos;11725
Indicador  3.9.2;1706;1;24;Rio Grande do Norte;11725;2020;4;Homens;1145;25 a 29 anos;11725
Indicador  3.9.2;1706;2;24;Rio Grande do Norte;11725;2020;4;Homens;1146;30 a 34 anos;11725
Indicador  3.9.2;1706;1;24;Rio Grande do Norte;11725;2020;4;Homens;1147;35 a 39 anos;11725
Indicador  3.9.2;1706;3;24;Rio Grande do Norte;11725;2020;4;Homens;1148;40 a 44 anos;11725
Indicador  3.9.2;1706;2;24;Rio Grande do Norte;11725;2020;4;Homens;1149;45 a 49 anos;11725
Indicador  3.9.2;1706;3;24;Rio Grande do Norte;11725;2020;4;Homens;1150;50 a 54 anos;11725
Indicador  3.9.2;1706;5;24;Rio Grande do Norte;11725;2020;4;Homens;1151;55 a 59 anos;11725
Indicador  3.9.2;1706;80;24;Rio Grande do Norte;11725;2020;4;Homens;3302;60 anos ou mais;11725
Indicador  3.9.2;1706;124;24;Rio Grande do Norte;11725;2020;5;Mulheres;95253;Total;11725
Indicador  3.9.2;1706;1;24;Rio Grande do Norte;11725;2020;5;Mulheres;1140;0 a 4 anos;11725
Indicador  3.9.2;1706;2;24;Rio Grande do Norte;11725;2020;5;Mulheres;1141;5 a 9 anos;11725
Indicador  3.9.2;1706;0;24;Rio Grande do Norte;11725;2020;5;Mulheres;1142;10 a 14 anos;11725
Indicador  3.9.2;1706;0;24;Rio Grande do Norte;11725;2020;5;Mulheres;1143;15 a 19 anos;11725
Indicador  3.9.2;1706;1;24;Rio Grande do Norte;11725;2020;5;Mulheres;1144;20 a 24 anos;11725
Indicador  3.9.2;1706;1;24;Rio Grande do Norte;11725;2020;5;Mulheres;1145;25 a 29 anos;11725
Indicador  3.9.2;1706;2;24;Rio Grande do Norte;11725;2020;5;Mulheres;1146;30 a 34 anos;11725
Indicador  3.9.2;1706;0;24;Rio Grande do Norte;11725;2020;5;Mulheres;1147;35 a 39 anos;11725
Indicador  3.9.2;1706;1;24;Rio Grande do Norte;11725;2020;5;Mulheres;1148;40 a 44 anos;11725
Indicador  3.9.2;1706;1;24;Rio Grande do Norte;11725;2020;5;Mulheres;1149;45 a 49 anos;11725
Indicador  3.9.2;1706;1;24;Rio Grande do Norte;11725;2020;5;Mulheres;1150;50 a 54 anos;11725
Indicador  3.9.2;1706;3;24;Rio Grande do Norte;11725;2020;5;Mulheres;1151;55 a 59 anos;11725
Indicador  3.9.2;1706;111;24;Rio Grande do Norte;11725;2020;5;Mulheres;3302;60 anos ou mais;11725
Indicador  3.9.2;1706;223;24;Rio Grande do Norte;11725;2021;6794;Total;95253;Total;11725
Indicador  3.9.2;1706;5;24;Rio Grande do Norte;11725;2021;6794;Total;1140;0 a 4 anos;11725
Indicador  3.9.2;1706;0;24;Rio Grande do Norte;11725;2021;6794;Total;1141;5 a 9 anos;11725
Indicador  3.9.2;1706;0;24;Rio Grande do Norte;11725;2021;6794;Total;1142;10 a 14 anos;11725
Indicador  3.9.2;1706;1;24;Rio Grande do Norte;11725;2021;6794;Total;1143;15 a 19 anos;11725
Indicador  3.9.2;1706;1;24;Rio Grande do Norte;11725;2021;6794;Total;1144;20 a 24 anos;11725
Indicador  3.9.2;1706;1;24;Rio Grande do Norte;11725;2021;6794;Total;1145;25 a 29 anos;11725
Indicador  3.9.2;1706;3;24;Rio Grande do Norte;11725;2021;6794;Total;1146;30 a 34 anos;11725
Indicador  3.9.2;1706;1;24;Rio Grande do Norte;11725;2021;6794;Total;1147;35 a 39 anos;11725
Indicador  3.9.2;1706;2;24;Rio Grande do Norte;11725;2021;6794;Total;1148;40 a 44 anos;11725
Indicador  3.9.2;1706;11;24;Rio Grande do Norte;11725;2021;6794;Total;1149;45 a 49 anos;11725
Indicador  3.9.2;1706;7;24;Rio Grande do Norte;11725;2021;6794;Total;1150;50 a 54 anos;11725
Indicador  3.9.2;1706;12;24;Rio Grande do Norte;11725;2021;6794;Total;1151;55 a 59 anos;11725
Indicador  3.9.2;1706;179;24;Rio Grande do Norte;11725;2021;6794;Total;3302;60 anos ou mais;11725
Indicador  3.9.2;1706;115;24;Rio Grande do Norte;11725;2021;4;Homens;95253;Total;11725
Indicador  3.9.2;1706;3;24;Rio Grande do Norte;11725;2021;4;Homens;1140;0 a 4 anos;11725
Indicador  3.9.2;1706;0;24;Rio Grande do Norte;11725;2021;4;Homens;1141;5 a 9 anos;11725
Indicador  3.9.2;1706;0;24;Rio Grande do Norte;11725;2021;4;Homens;1142;10 a 14 anos;11725
Indicador  3.9.2;1706;1;24;Rio Grande do Norte;11725;2021;4;Homens;1143;15 a 19 anos;11725
Indicador  3.9.2;1706;1;24;Rio Grande do Norte;11725;2021;4;Homens;1144;20 a 24 anos;11725
Indicador  3.9.2;1706;1;24;Rio Grande do Norte;11725;2021;4;Homens;1145;25 a 29 anos;11725
Indicador  3.9.2;1706;3;24;Rio Grande do Norte;11725;2021;4;Homens;1146;30 a 34 anos;11725
Indicador  3.9.2;1706;1;24;Rio Grande do Norte;11725;2021;4;Homens;1147;35 a 39 anos;11725
Indicador  3.9.2;1706;1;24;Rio Grande do Norte;11725;2021;4;Homens;1148;40 a 44 anos;11725
Indicador  3.9.2;1706;8;24;Rio Grande do Norte;11725;2021;4;Homens;1149;45 a 49 anos;11725
Indicador  3.9.2;1706;4;24;Rio Grande do Norte;11725;2021;4;Homens;1150;50 a 54 anos;11725
Indicador  3.9.2;1706;8;24;Rio Grande do Norte;11725;2021;4;Homens;1151;55 a 59 anos;11725
Indicador  3.9.2;1706;84;24;Rio Grande do Norte;11725;2021;4;Homens;3302;60 anos ou mais;11725
Indicador  3.9.2;1706;108;24;Rio Grande do Norte;11725;2021;5;Mulheres;95253;Total;11725
Indicador  3.9.2;1706;2;24;Rio Grande do Norte;11725;2021;5;Mulheres;1140;0 a 4 anos;11725
Indicador  3.9.2;1706;0;24;Rio Grande do Norte;11725;2021;5;Mulheres;1141;5 a 9 anos;11725
Indicador  3.9.2;1706;0;24;Rio Grande do Norte;11725;2021;5;Mulheres;1142;10 a 14 anos;11725
Indicador  3.9.2;1706;0;24;Rio Grande do Norte;11725;2021;5;Mulheres;1143;15 a 19 anos;11725
Indicador  3.9.2;1706;0;24;Rio Grande do Norte;11725;2021;5;Mulheres;1144;20 a 24 anos;11725
Indicador  3.9.2;1706;0;24;Rio Grande do Norte;11725;2021;5;Mulheres;1145;25 a 29 anos;11725
Indicador  3.9.2;1706;0;24;Rio Grande do Norte;11725;2021;5;Mulheres;1146;30 a 34 anos;11725
Indicador  3.9.2;1706;0;24;Rio Grande do Norte;11725;2021;5;Mulheres;1147;35 a 39 anos;11725
Indicador  3.9.2;1706;1;24;Rio Grande do Norte;11725;2021;5;Mulheres;1148;40 a 44 anos;11725
Indicador  3.9.2;1706;3;24;Rio Grande do Norte;11725;2021;5;Mulheres;1149;45 a 49 anos;11725
Indicador  3.9.2;1706;3;24;Rio Grande do Norte;11725;2021;5;Mulheres;1150;50 a 54 anos;11725
Indicador  3.9.2;1706;4;24;Rio Grande do Norte;11725;2021;5;Mulheres;1151;55 a 59 anos;11725
Indicador  3.9.2;1706;95;24;Rio Grande do Norte;11725;2021;5;Mulheres;3302;60 anos ou mais;11725
Indicador  3.9.2;1706;249;24;Rio Grande do Norte;11725;2022;6794;Total;95253;Total;11725
Indicador  3.9.2;1706;13;24;Rio Grande do Norte;11725;2022;6794;Total;1140;0 a 4 anos;11725
Indicador  3.9.2;1706;1;24;Rio Grande do Norte;11725;2022;6794;Total;1141;5 a 9 anos;11725
Indicador  3.9.2;1706;1;24;Rio Grande do Norte;11725;2022;6794;Total;1142;10 a 14 anos;11725
Indicador  3.9.2;1706;1;24;Rio Grande do Norte;11725;2022;6794;Total;1143;15 a 19 anos;11725
Indicador  3.9.2;1706;2;24;Rio Grande do Norte;11725;2022;6794;Total;1144;20 a 24 anos;11725
Indicador  3.9.2;1706;1;24;Rio Grande do Norte;11725;2022;6794;Total;1145;25 a 29 anos;11725
Indicador  3.9.2;1706;0;24;Rio Grande do Norte;11725;2022;6794;Total;1146;30 a 34 anos;11725
Indicador  3.9.2;1706;1;24;Rio Grande do Norte;11725;2022;6794;Total;1147;35 a 39 anos;11725
Indicador  3.9.2;1706;2;24;Rio Grande do Norte;11725;2022;6794;Total;1148;40 a 44 anos;11725
Indicador  3.9.2;1706;6;24;Rio Grande do Norte;11725;2022;6794;Total;1149;45 a 49 anos;11725
Indicador  3.9.2;1706;9;24;Rio Grande do Norte;11725;2022;6794;Total;1150;50 a 54 anos;11725
Indicador  3.9.2;1706;3;24;Rio Grande do Norte;11725;2022;6794;Total;1151;55 a 59 anos;11725
Indicador  3.9.2;1706;209;24;Rio Grande do Norte;11725;2022;6794;Total;3302;60 anos ou mais;11725
Indicador  3.9.2;1706;116;24;Rio Grande do Norte;11725;2022;4;Homens;95253;Total;11725
Indicador  3.9.2;1706;7;24;Rio Grande do Norte;11725;2022;4;Homens;1140;0 a 4 anos;11725
Indicador  3.9.2;1706;0;24;Rio Grande do Norte;11725;2022;4;Homens;1141;5 a 9 anos;11725
Indicador  3.9.2;1706;0;24;Rio Grande do Norte;11725;2022;4;Homens;1142;10 a 14 anos;11725
Indicador  3.9.2;1706;0;24;Rio Grande do Norte;11725;2022;4;Homens;1143;15 a 19 anos;11725
Indicador  3.9.2;1706;2;24;Rio Grande do Norte;11725;2022;4;Homens;1144;20 a 24 anos;11725
Indicador  3.9.2;1706;1;24;Rio Grande do Norte;11725;2022;4;Homens;1145;25 a 29 anos;11725
Indicador  3.9.2;1706;0;24;Rio Grande do Norte;11725;2022;4;Homens;1146;30 a 34 anos;11725
Indicador  3.9.2;1706;1;24;Rio Grande do Norte;11725;2022;4;Homens;1147;35 a 39 anos;11725
Indicador  3.9.2;1706;2;24;Rio Grande do Norte;11725;2022;4;Homens;1148;40 a 44 anos;11725
Indicador  3.9.2;1706;5;24;Rio Grande do Norte;11725;2022;4;Homens;1149;45 a 49 anos;11725
Indicador  3.9.2;1706;5;24;Rio Grande do Norte;11725;2022;4;Homens;1150;50 a 54 anos;11725
Indicador  3.9.2;1706;3;24;Rio Grande do Norte;11725;2022;4;Homens;1151;55 a 59 anos;11725
Indicador  3.9.2;1706;90;24;Rio Grande do Norte;11725;2022;4;Homens;3302;60 anos ou mais;11725
Indicador  3.9.2;1706;133;24;Rio Grande do Norte;11725;2022;5;Mulheres;95253;Total;11725
Indicador  3.9.2;1706;6;24;Rio Grande do Norte;11725;2022;5;Mulheres;1140;0 a 4 anos;11725
Indicador  3.9.2;1706;1;24;Rio Grande do Norte;11725;2022;5;Mulheres;1141;5 a 9 anos;11725
Indicador  3.9.2;1706;1;24;Rio Grande do Norte;11725;2022;5;Mulheres;1142;10 a 14 anos;11725
Indicador  3.9.2;1706;1;24;Rio Grande do Norte;11725;2022;5;Mulheres;1143;15 a 19 anos;11725
Indicador  3.9.2;1706;0;24;Rio Grande do Norte;11725;2022;5;Mulheres;1144;20 a 24 anos;11725
Indicador  3.9.2;1706;0;24;Rio Grande do Norte;11725;2022;5;Mulheres;1145;25 a 29 anos;11725
Indicador  3.9.2;1706;0;24;Rio Grande do Norte;11725;2022;5;Mulheres;1146;30 a 34 anos;11725
Indicador  3.9.2;1706;0;24;Rio Grande do Norte;11725;2022;5;Mulheres;1147;35 a 39 anos;11725
Indicador  3.9.2;1706;0;24;Rio Grande do Norte;11725;2022;5;Mulheres;1148;40 a 44 anos;11725
Indicador  3.9.2;1706;1;24;Rio Grande do Norte;11725;2022;5;Mulheres;1149;45 a 49 anos;11725
Indicador  3.9.2;1706;4;24;Rio Grande do Norte;11725;2022;5;Mulheres;1150;50 a 54 anos;11725
Indicador  3.9.2;1706;0;24;Rio Grande do Norte;11725;2022;5;Mulheres;1151;55 a 59 anos;11725
Indicador  3.9.2;1706;119;24;Rio Grande do Norte;11725;2022;5;Mulheres;3302;60 anos ou mais;11725
Indicador  3.9.2;1706;309;25;Paraíba;11725;2018;6794;Total;95253;Total;11725
Indicador  3.9.2;1706;11;25;Paraíba;11725;2018;6794;Total;1140;0 a 4 anos;11725
Indicador  3.9.2;1706;2;25;Paraíba;11725;2018;6794;Total;1141;5 a 9 anos;11725
Indicador  3.9.2;1706;1;25;Paraíba;11725;2018;6794;Total;1142;10 a 14 anos;11725
Indicador  3.9.2;1706;0;25;Paraíba;11725;2018;6794;Total;1143;15 a 19 anos;11725
Indicador  3.9.2;1706;5;25;Paraíba;11725;2018;6794;Total;1144;20 a 24 anos;11725
Indicador  3.9.2;1706;1;25;Paraíba;11725;2018;6794;Total;1145;25 a 29 anos;11725
Indicador  3.9.2;1706;4;25;Paraíba;11725;2018;6794;Total;1146;30 a 34 anos;11725
Indicador  3.9.2;1706;1;25;Paraíba;11725;2018;6794;Total;1147;35 a 39 anos;11725
Indicador  3.9.2;1706;5;25;Paraíba;11725;2018;6794;Total;1148;40 a 44 anos;11725
Indicador  3.9.2;1706;4;25;Paraíba;11725;2018;6794;Total;1149;45 a 49 anos;11725
Indicador  3.9.2;1706;8;25;Paraíba;11725;2018;6794;Total;1150;50 a 54 anos;11725
Indicador  3.9.2;1706;12;25;Paraíba;11725;2018;6794;Total;1151;55 a 59 anos;11725
Indicador  3.9.2;1706;255;25;Paraíba;11725;2018;6794;Total;3302;60 anos ou mais;11725
Indicador  3.9.2;1706;147;25;Paraíba;11725;2018;4;Homens;95253;Total;11725
Indicador  3.9.2;1706;4;25;Paraíba;11725;2018;4;Homens;1140;0 a 4 anos;11725
Indicador  3.9.2;1706;0;25;Paraíba;11725;2018;4;Homens;1141;5 a 9 anos;11725
Indicador  3.9.2;1706;0;25;Paraíba;11725;2018;4;Homens;1142;10 a 14 anos;11725
Indicador  3.9.2;1706;0;25;Paraíba;11725;2018;4;Homens;1143;15 a 19 anos;11725
Indicador  3.9.2;1706;3;25;Paraíba;11725;2018;4;Homens;1144;20 a 24 anos;11725
Indicador  3.9.2;1706;1;25;Paraíba;11725;2018;4;Homens;1145;25 a 29 anos;11725
Indicador  3.9.2;1706;3;25;Paraíba;11725;2018;4;Homens;1146;30 a 34 anos;11725
Indicador  3.9.2;1706;1;25;Paraíba;11725;2018;4;Homens;1147;35 a 39 anos;11725
Indicador  3.9.2;1706;0;25;Paraíba;11725;2018;4;Homens;1148;40 a 44 anos;11725
Indicador  3.9.2;1706;3;25;Paraíba;11725;2018;4;Homens;1149;45 a 49 anos;11725
Indicador  3.9.2;1706;4;25;Paraíba;11725;2018;4;Homens;1150;50 a 54 anos;11725
Indicador  3.9.2;1706;7;25;Paraíba;11725;2018;4;Homens;1151;55 a 59 anos;11725
Indicador  3.9.2;1706;121;25;Paraíba;11725;2018;4;Homens;3302;60 anos ou mais;11725
Indicador  3.9.2;1706;162;25;Paraíba;11725;2018;5;Mulheres;95253;Total;11725
Indicador  3.9.2;1706;7;25;Paraíba;11725;2018;5;Mulheres;1140;0 a 4 anos;11725
Indicador  3.9.2;1706;2;25;Paraíba;11725;2018;5;Mulheres;1141;5 a 9 anos;11725
Indicador  3.9.2;1706;1;25;Paraíba;11725;2018;5;Mulheres;1142;10 a 14 anos;11725
Indicador  3.9.2;1706;0;25;Paraíba;11725;2018;5;Mulheres;1143;15 a 19 anos;11725
Indicador  3.9.2;1706;2;25;Paraíba;11725;2018;5;Mulheres;1144;20 a 24 anos;11725
Indicador  3.9.2;1706;0;25;Paraíba;11725;2018;5;Mulheres;1145;25 a 29 anos;11725
Indicador  3.9.2;1706;1;25;Paraíba;11725;2018;5;Mulheres;1146;30 a 34 anos;11725
Indicador  3.9.2;1706;0;25;Paraíba;11725;2018;5;Mulheres;1147;35 a 39 anos;11725
Indicador  3.9.2;1706;5;25;Paraíba;11725;2018;5;Mulheres;1148;40 a 44 anos;11725
Indicador  3.9.2;1706;1;25;Paraíba;11725;2018;5;Mulheres;1149;45 a 49 anos;11725
Indicador  3.9.2;1706;4;25;Paraíba;11725;2018;5;Mulheres;1150;50 a 54 anos;11725
Indicador  3.9.2;1706;5;25;Paraíba;11725;2018;5;Mulheres;1151;55 a 59 anos;11725
Indicador  3.9.2;1706;134;25;Paraíba;11725;2018;5;Mulheres;3302;60 anos ou mais;11725
Indicador  3.9.2;1706;277;25;Paraíba;11725;2019;6794;Total;95253;Total;11725
Indicador  3.9.2;1706;16;25;Paraíba;11725;2019;6794;Total;1140;0 a 4 anos;11725
Indicador  3.9.2;1706;1;25;Paraíba;11725;2019;6794;Total;1141;5 a 9 anos;11725
Indicador  3.9.2;1706;3;25;Paraíba;11725;2019;6794;Total;1142;10 a 14 anos;11725
Indicador  3.9.2;1706;0;25;Paraíba;11725;2019;6794;Total;1143;15 a 19 anos;11725
Indicador  3.9.2;1706;1;25;Paraíba;11725;2019;6794;Total;1144;20 a 24 anos;11725
Indicador  3.9.2;1706;0;25;Paraíba;11725;2019;6794;Total;1145;25 a 29 anos;11725
Indicador  3.9.2;1706;1;25;Paraíba;11725;2019;6794;Total;1146;30 a 34 anos;11725
Indicador  3.9.2;1706;2;25;Paraíba;11725;2019;6794;Total;1147;35 a 39 anos;11725
Indicador  3.9.2;1706;2;25;Paraíba;11725;2019;6794;Total;1148;40 a 44 anos;11725
Indicador  3.9.2;1706;2;25;Paraíba;11725;2019;6794;Total;1149;45 a 49 anos;11725
Indicador  3.9.2;1706;15;25;Paraíba;11725;2019;6794;Total;1150;50 a 54 anos;11725
Indicador  3.9.2;1706;7;25;Paraíba;11725;2019;6794;Total;1151;55 a 59 anos;11725
Indicador  3.9.2;1706;227;25;Paraíba;11725;2019;6794;Total;3302;60 anos ou mais;11725
Indicador  3.9.2;1706;115;25;Paraíba;11725;2019;4;Homens;95253;Total;11725
Indicador  3.9.2;1706;6;25;Paraíba;11725;2019;4;Homens;1140;0 a 4 anos;11725
Indicador  3.9.2;1706;1;25;Paraíba;11725;2019;4;Homens;1141;5 a 9 anos;11725
Indicador  3.9.2;1706;2;25;Paraíba;11725;2019;4;Homens;1142;10 a 14 anos;11725
Indicador  3.9.2;1706;0;25;Paraíba;11725;2019;4;Homens;1143;15 a 19 anos;11725
Indicador  3.9.2;1706;1;25;Paraíba;11725;2019;4;Homens;1144;20 a 24 anos;11725
Indicador  3.9.2;1706;0;25;Paraíba;11725;2019;4;Homens;1145;25 a 29 anos;11725
Indicador  3.9.2;1706;1;25;Paraíba;11725;2019;4;Homens;1146;30 a 34 anos;11725
Indicador  3.9.2;1706;1;25;Paraíba;11725;2019;4;Homens;1147;35 a 39 anos;11725
Indicador  3.9.2;1706;2;25;Paraíba;11725;2019;4;Homens;1148;40 a 44 anos;11725
Indicador  3.9.2;1706;2;25;Paraíba;11725;2019;4;Homens;1149;45 a 49 anos;11725
Indicador  3.9.2;1706;9;25;Paraíba;11725;2019;4;Homens;1150;50 a 54 anos;11725
Indicador  3.9.2;1706;5;25;Paraíba;11725;2019;4;Homens;1151;55 a 59 anos;11725
Indicador  3.9.2;1706;85;25;Paraíba;11725;2019;4;Homens;3302;60 anos ou mais;11725
Indicador  3.9.2;1706;162;25;Paraíba;11725;2019;5;Mulheres;95253;Total;11725
Indicador  3.9.2;1706;10;25;Paraíba;11725;2019;5;Mulheres;1140;0 a 4 anos;11725
Indicador  3.9.2;1706;0;25;Paraíba;11725;2019;5;Mulheres;1141;5 a 9 anos;11725
Indicador  3.9.2;1706;1;25;Paraíba;11725;2019;5;Mulheres;1142;10 a 14 anos;11725
Indicador  3.9.2;1706;0;25;Paraíba;11725;2019;5;Mulheres;1143;15 a 19 anos;11725
Indicador  3.9.2;1706;0;25;Paraíba;11725;2019;5;Mulheres;1144;20 a 24 anos;11725
Indicador  3.9.2;1706;0;25;Paraíba;11725;2019;5;Mulheres;1145;25 a 29 anos;11725
Indicador  3.9.2;1706;0;25;Paraíba;11725;2019;5;Mulheres;1146;30 a 34 anos;11725
Indicador  3.9.2;1706;1;25;Paraíba;11725;2019;5;Mulheres;1147;35 a 39 anos;11725
Indicador  3.9.2;1706;0;25;Paraíba;11725;2019;5;Mulheres;1148;40 a 44 anos;11725
Indicador  3.9.2;1706;0;25;Paraíba;11725;2019;5;Mulheres;1149;45 a 49 anos;11725
Indicador  3.9.2;1706;6;25;Paraíba;11725;2019;5;Mulheres;1150;50 a 54 anos;11725
Indicador  3.9.2;1706;2;25;Paraíba;11725;2019;5;Mulheres;1151;55 a 59 anos;11725
Indicador  3.9.2;1706;142;25;Paraíba;11725;2019;5;Mulheres;3302;60 anos ou mais;11725
Indicador  3.9.2;1706;263;25;Paraíba;11725;2020;6794;Total;95253;Total;11725
Indicador  3.9.2;1706;13;25;Paraíba;11725;2020;6794;Total;1140;0 a 4 anos;11725
Indicador  3.9.2;1706;0;25;Paraíba;11725;2020;6794;Total;1141;5 a 9 anos;11725
Indicador  3.9.2;1706;2;25;Paraíba;11725;2020;6794;Total;1142;10 a 14 anos;11725
Indicador  3.9.2;1706;1;25;Paraíba;11725;2020;6794;Total;1143;15 a 19 anos;11725
Indicador  3.9.2;1706;1;25;Paraíba;11725;2020;6794;Total;1144;20 a 24 anos;11725
Indicador  3.9.2;1706;0;25;Paraíba;11725;2020;6794;Total;1145;25 a 29 anos;11725
Indicador  3.9.2;1706;0;25;Paraíba;11725;2020;6794;Total;1146;30 a 34 anos;11725
Indicador  3.9.2;1706;1;25;Paraíba;11725;2020;6794;Total;1147;35 a 39 anos;11725
Indicador  3.9.2;1706;3;25;Paraíba;11725;2020;6794;Total;1148;40 a 44 anos;11725
Indicador  3.9.2;1706;5;25;Paraíba;11725;2020;6794;Total;1149;45 a 49 anos;11725
Indicador  3.9.2;1706;6;25;Paraíba;11725;2020;6794;Total;1150;50 a 54 anos;11725
Indicador  3.9.2;1706;8;25;Paraíba;11725;2020;6794;Total;1151;55 a 59 anos;11725
Indicador  3.9.2;1706;223;25;Paraíba;11725;2020;6794;Total;3302;60 anos ou mais;11725
Indicador  3.9.2;1706;123;25;Paraíba;11725;2020;4;Homens;95253;Total;11725
Indicador  3.9.2;1706;8;25;Paraíba;11725;2020;4;Homens;1140;0 a 4 anos;11725
Indicador  3.9.2;1706;0;25;Paraíba;11725;2020;4;Homens;1141;5 a 9 anos;11725
Indicador  3.9.2;1706;2;25;Paraíba;11725;2020;4;Homens;1142;10 a 14 anos;11725
Indicador  3.9.2;1706;0;25;Paraíba;11725;2020;4;Homens;1143;15 a 19 anos;11725
Indicador  3.9.2;1706;1;25;Paraíba;11725;2020;4;Homens;1144;20 a 24 anos;11725
Indicador  3.9.2;1706;0;25;Paraíba;11725;2020;4;Homens;1145;25 a 29 anos;11725
Indicador  3.9.2;1706;0;25;Paraíba;11725;2020;4;Homens;1146;30 a 34 anos;11725
Indicador  3.9.2;1706;1;25;Paraíba;11725;2020;4;Homens;1147;35 a 39 anos;11725
Indicador  3.9.2;1706;2;25;Paraíba;11725;2020;4;Homens;1148;40 a 44 anos;11725
Indicador  3.9.2;1706;2;25;Paraíba;11725;2020;4;Homens;1149;45 a 49 anos;11725
Indicador  3.9.2;1706;3;25;Paraíba;11725;2020;4;Homens;1150;50 a 54 anos;11725
Indicador  3.9.2;1706;5;25;Paraíba;11725;2020;4;Homens;1151;55 a 59 anos;11725
Indicador  3.9.2;1706;99;25;Paraíba;11725;2020;4;Homens;3302;60 anos ou mais;11725
Indicador  3.9.2;1706;140;25;Paraíba;11725;2020;5;Mulheres;95253;Total;11725
Indicador  3.9.2;1706;5;25;Paraíba;11725;2020;5;Mulheres;1140;0 a 4 anos;11725
Indicador  3.9.2;1706;0;25;Paraíba;11725;2020;5;Mulheres;1141;5 a 9 anos;11725
Indicador  3.9.2;1706;0;25;Paraíba;11725;2020;5;Mulheres;1142;10 a 14 anos;11725
Indicador  3.9.2;1706;1;25;Paraíba;11725;2020;5;Mulheres;1143;15 a 19 anos;11725
Indicador  3.9.2;1706;0;25;Paraíba;11725;2020;5;Mulheres;1144;20 a 24 anos;11725
Indicador  3.9.2;1706;0;25;Paraíba;11725;2020;5;Mulheres;1145;25 a 29 anos;11725
Indicador  3.9.2;1706;0;25;Paraíba;11725;2020;5;Mulheres;1146;30 a 34 anos;11725
Indicador  3.9.2;1706;0;25;Paraíba;11725;2020;5;Mulheres;1147;35 a 39 anos;11725
Indicador  3.9.2;1706;1;25;Paraíba;11725;2020;5;Mulheres;1148;40 a 44 anos;11725
Indicador  3.9.2;1706;3;25;Paraíba;11725;2020;5;Mulheres;1149;45 a 49 anos;11725
Indicador  3.9.2;1706;3;25;Paraíba;11725;2020;5;Mulheres;1150;50 a 54 anos;11725
Indicador  3.9.2;1706;3;25;Paraíba;11725;2020;5;Mulheres;1151;55 a 59 anos;11725
Indicador  3.9.2;1706;124;25;Paraíba;11725;2020;5;Mulheres;3302;60 anos ou mais;11725
Indicador  3.9.2;1706;270;25;Paraíba;11725;2021;6794;Total;95253;Total;11725
Indicador  3.9.2;1706;15;25;Paraíba;11725;2021;6794;Total;1140;0 a 4 anos;11725
Indicador  3.9.2;1706;1;25;Paraíba;11725;2021;6794;Total;1141;5 a 9 anos;11725
Indicador  3.9.2;1706;1;25;Paraíba;11725;2021;6794;Total;1142;10 a 14 anos;11725
Indicador  3.9.2;1706;1;25;Paraíba;11725;2021;6794;Total;1143;15 a 19 anos;11725
Indicador  3.9.2;1706;0;25;Paraíba;11725;2021;6794;Total;1144;20 a 24 anos;11725
Indicador  3.9.2;1706;2;25;Paraíba;11725;2021;6794;Total;1145;25 a 29 anos;11725
Indicador  3.9.2;1706;0;25;Paraíba;11725;2021;6794;Total;1146;30 a 34 anos;11725
Indicador  3.9.2;1706;5;25;Paraíba;11725;2021;6794;Total;1147;35 a 39 anos;11725
Indicador  3.9.2;1706;2;25;Paraíba;11725;2021;6794;Total;1148;40 a 44 anos;11725
Indicador  3.9.2;1706;7;25;Paraíba;11725;2021;6794;Total;1149;45 a 49 anos;11725
Indicador  3.9.2;1706;11;25;Paraíba;11725;2021;6794;Total;1150;50 a 54 anos;11725
Indicador  3.9.2;1706;8;25;Paraíba;11725;2021;6794;Total;1151;55 a 59 anos;11725
Indicador  3.9.2;1706;217;25;Paraíba;11725;2021;6794;Total;3302;60 anos ou mais;11725
Indicador  3.9.2;1706;124;25;Paraíba;11725;2021;4;Homens;95253;Total;11725
Indicador  3.9.2;1706;10;25;Paraíba;11725;2021;4;Homens;1140;0 a 4 anos;11725
Indicador  3.9.2;1706;0;25;Paraíba;11725;2021;4;Homens;1141;5 a 9 anos;11725
Indicador  3.9.2;1706;0;25;Paraíba;11725;2021;4;Homens;1142;10 a 14 anos;11725
Indicador  3.9.2;1706;0;25;Paraíba;11725;2021;4;Homens;1143;15 a 19 anos;11725
Indicador  3.9.2;1706;0;25;Paraíba;11725;2021;4;Homens;1144;20 a 24 anos;11725
Indicador  3.9.2;1706;2;25;Paraíba;11725;2021;4;Homens;1145;25 a 29 anos;11725
Indicador  3.9.2;1706;0;25;Paraíba;11725;2021;4;Homens;1146;30 a 34 anos;11725
Indicador  3.9.2;1706;4;25;Paraíba;11725;2021;4;Homens;1147;35 a 39 anos;11725
Indicador  3.9.2;1706;2;25;Paraíba;11725;2021;4;Homens;1148;40 a 44 anos;11725
Indicador  3.9.2;1706;6;25;Paraíba;11725;2021;4;Homens;1149;45 a 49 anos;11725
Indicador  3.9.2;1706;5;25;Paraíba;11725;2021;4;Homens;1150;50 a 54 anos;11725
Indicador  3.9.2;1706;5;25;Paraíba;11725;2021;4;Homens;1151;55 a 59 anos;11725
Indicador  3.9.2;1706;90;25;Paraíba;11725;2021;4;Homens;3302;60 anos ou mais;11725
Indicador  3.9.2;1706;146;25;Paraíba;11725;2021;5;Mulheres;95253;Total;11725
Indicador  3.9.2;1706;5;25;Paraíba;11725;2021;5;Mulheres;1140;0 a 4 anos;11725
Indicador  3.9.2;1706;1;25;Paraíba;11725;2021;5;Mulheres;1141;5 a 9 anos;11725
Indicador  3.9.2;1706;1;25;Paraíba;11725;2021;5;Mulheres;1142;10 a 14 anos;11725
Indicador  3.9.2;1706;1;25;Paraíba;11725;2021;5;Mulheres;1143;15 a 19 anos;11725
Indicador  3.9.2;1706;0;25;Paraíba;11725;2021;5;Mulheres;1144;20 a 24 anos;11725
Indicador  3.9.2;1706;0;25;Paraíba;11725;2021;5;Mulheres;1145;25 a 29 anos;11725
Indicador  3.9.2;1706;0;25;Paraíba;11725;2021;5;Mulheres;1146;30 a 34 anos;11725
Indicador  3.9.2;1706;1;25;Paraíba;11725;2021;5;Mulheres;1147;35 a 39 anos;11725
Indicador  3.9.2;1706;0;25;Paraíba;11725;2021;5;Mulheres;1148;40 a 44 anos;11725
Indicador  3.9.2;1706;1;25;Paraíba;11725;2021;5;Mulheres;1149;45 a 49 anos;11725
Indicador  3.9.2;1706;6;25;Paraíba;11725;2021;5;Mulheres;1150;50 a 54 anos;11725
Indicador  3.9.2;1706;3;25;Paraíba;11725;2021;5;Mulheres;1151;55 a 59 anos;11725
Indicador  3.9.2;1706;127;25;Paraíba;11725;2021;5;Mulheres;3302;60 anos ou mais;11725
Indicador  3.9.2;1706;254;25;Paraíba;11725;2022;6794;Total;95253;Total;11725
Indicador  3.9.2;1706;17;25;Paraíba;11725;2022;6794;Total;1140;0 a 4 anos;11725
Indicador  3.9.2;1706;5;25;Paraíba;11725;2022;6794;Total;1141;5 a 9 anos;11725
Indicador  3.9.2;1706;1;25;Paraíba;11725;2022;6794;Total;1142;10 a 14 anos;11725
Indicador  3.9.2;1706;0;25;Paraíba;11725;2022;6794;Total;1143;15 a 19 anos;11725
Indicador  3.9.2;1706;1;25;Paraíba;11725;2022;6794;Total;1144;20 a 24 anos;11725
Indicador  3.9.2;1706;3;25;Paraíba;11725;2022;6794;Total;1145;25 a 29 anos;11725
Indicador  3.9.2;1706;2;25;Paraíba;11725;2022;6794;Total;1146;30 a 34 anos;11725
Indicador  3.9.2;1706;3;25;Paraíba;11725;2022;6794;Total;1147;35 a 39 anos;11725
Indicador  3.9.2;1706;4;25;Paraíba;11725;2022;6794;Total;1148;40 a 44 anos;11725
Indicador  3.9.2;1706;2;25;Paraíba;11725;2022;6794;Total;1149;45 a 49 anos;11725
Indicador  3.9.2;1706;5;25;Paraíba;11725;2022;6794;Total;1150;50 a 54 anos;11725
Indicador  3.9.2;1706;7;25;Paraíba;11725;2022;6794;Total;1151;55 a 59 anos;11725
Indicador  3.9.2;1706;204;25;Paraíba;11725;2022;6794;Total;3302;60 anos ou mais;11725
Indicador  3.9.2;1706;127;25;Paraíba;11725;2022;4;Homens;95253;Total;11725
Indicador  3.9.2;1706;8;25;Paraíba;11725;2022;4;Homens;1140;0 a 4 anos;11725
Indicador  3.9.2;1706;2;25;Paraíba;11725;2022;4;Homens;1141;5 a 9 anos;11725
Indicador  3.9.2;1706;1;25;Paraíba;11725;2022;4;Homens;1142;10 a 14 anos;11725
Indicador  3.9.2;1706;0;25;Paraíba;11725;2022;4;Homens;1143;15 a 19 anos;11725
Indicador  3.9.2;1706;1;25;Paraíba;11725;2022;4;Homens;1144;20 a 24 anos;11725
Indicador  3.9.2;1706;3;25;Paraíba;11725;2022;4;Homens;1145;25 a 29 anos;11725
Indicador  3.9.2;1706;2;25;Paraíba;11725;2022;4;Homens;1146;30 a 34 anos;11725
Indicador  3.9.2;1706;3;25;Paraíba;11725;2022;4;Homens;1147;35 a 39 anos;11725
Indicador  3.9.2;1706;4;25;Paraíba;11725;2022;4;Homens;1148;40 a 44 anos;11725
Indicador  3.9.2;1706;1;25;Paraíba;11725;2022;4;Homens;1149;45 a 49 anos;11725
Indicador  3.9.2;1706;4;25;Paraíba;11725;2022;4;Homens;1150;50 a 54 anos;11725
Indicador  3.9.2;1706;7;25;Paraíba;11725;2022;4;Homens;1151;55 a 59 anos;11725
Indicador  3.9.2;1706;91;25;Paraíba;11725;2022;4;Homens;3302;60 anos ou mais;11725
Indicador  3.9.2;1706;127;25;Paraíba;11725;2022;5;Mulheres;95253;Total;11725
Indicador  3.9.2;1706;9;25;Paraíba;11725;2022;5;Mulheres;1140;0 a 4 anos;11725
Indicador  3.9.2;1706;3;25;Paraíba;11725;2022;5;Mulheres;1141;5 a 9 anos;11725
Indicador  3.9.2;1706;0;25;Paraíba;11725;2022;5;Mulheres;1142;10 a 14 anos;11725
Indicador  3.9.2;1706;0;25;Paraíba;11725;2022;5;Mulheres;1143;15 a 19 anos;11725
Indicador  3.9.2;1706;0;25;Paraíba;11725;2022;5;Mulheres;1144;20 a 24 anos;11725
Indicador  3.9.2;1706;0;25;Paraíba;11725;2022;5;Mulheres;1145;25 a 29 anos;11725
Indicador  3.9.2;1706;0;25;Paraíba;11725;2022;5;Mulheres;1146;30 a 34 anos;11725
Indicador  3.9.2;1706;0;25;Paraíba;11725;2022;5;Mulheres;1147;35 a 39 anos;11725
Indicador  3.9.2;1706;0;25;Paraíba;11725;2022;5;Mulheres;1148;40 a 44 anos;11725
Indicador  3.9.2;1706;1;25;Paraíba;11725;2022;5;Mulheres;1149;45 a 49 anos;11725
Indicador  3.9.2;1706;1;25;Paraíba;11725;2022;5;Mulheres;1150;50 a 54 anos;11725
Indicador  3.9.2;1706;0;25;Paraíba;11725;2022;5;Mulheres;1151;55 a 59 anos;11725
Indicador  3.9.2;1706;113;25;Paraíba;11725;2022;5;Mulheres;3302;60 anos ou mais;11725
Indicador  3.9.2;1706;685;26;Pernambuco;11725;2018;6794;Total;95253;Total;11725
Indicador  3.9.2;1706;43;26;Pernambuco;11725;2018;6794;Total;1140;0 a 4 anos;11725
Indicador  3.9.2;1706;5;26;Pernambuco;11725;2018;6794;Total;1141;5 a 9 anos;11725
Indicador  3.9.2;1706;4;26;Pernambuco;11725;2018;6794;Total;1142;10 a 14 anos;11725
Indicador  3.9.2;1706;4;26;Pernambuco;11725;2018;6794;Total;1143;15 a 19 anos;11725
Indicador  3.9.2;1706;4;26;Pernambuco;11725;2018;6794;Total;1144;20 a 24 anos;11725
Indicador  3.9.2;1706;1;26;Pernambuco;11725;2018;6794;Total;1145;25 a 29 anos;11725
Indicador  3.9.2;1706;8;26;Pernambuco;11725;2018;6794;Total;1146;30 a 34 anos;11725
Indicador  3.9.2;1706;3;26;Pernambuco;11725;2018;6794;Total;1147;35 a 39 anos;11725
Indicador  3.9.2;1706;11;26;Pernambuco;11725;2018;6794;Total;1148;40 a 44 anos;11725
Indicador  3.9.2;1706;13;26;Pernambuco;11725;2018;6794;Total;1149;45 a 49 anos;11725
Indicador  3.9.2;1706;16;26;Pernambuco;11725;2018;6794;Total;1150;50 a 54 anos;11725
Indicador  3.9.2;1706;24;26;Pernambuco;11725;2018;6794;Total;1151;55 a 59 anos;11725
Indicador  3.9.2;1706;547;26;Pernambuco;11725;2018;6794;Total;3302;60 anos ou mais;11725
Indicador  3.9.2;1706;310;26;Pernambuco;11725;2018;4;Homens;95253;Total;11725
Indicador  3.9.2;1706;19;26;Pernambuco;11725;2018;4;Homens;1140;0 a 4 anos;11725
Indicador  3.9.2;1706;3;26;Pernambuco;11725;2018;4;Homens;1141;5 a 9 anos;11725
Indicador  3.9.2;1706;3;26;Pernambuco;11725;2018;4;Homens;1142;10 a 14 anos;11725
Indicador  3.9.2;1706;3;26;Pernambuco;11725;2018;4;Homens;1143;15 a 19 anos;11725
Indicador  3.9.2;1706;2;26;Pernambuco;11725;2018;4;Homens;1144;20 a 24 anos;11725
Indicador  3.9.2;1706;0;26;Pernambuco;11725;2018;4;Homens;1145;25 a 29 anos;11725
Indicador  3.9.2;1706;7;26;Pernambuco;11725;2018;4;Homens;1146;30 a 34 anos;11725
Indicador  3.9.2;1706;3;26;Pernambuco;11725;2018;4;Homens;1147;35 a 39 anos;11725
Indicador  3.9.2;1706;6;26;Pernambuco;11725;2018;4;Homens;1148;40 a 44 anos;11725
Indicador  3.9.2;1706;10;26;Pernambuco;11725;2018;4;Homens;1149;45 a 49 anos;11725
Indicador  3.9.2;1706;8;26;Pernambuco;11725;2018;4;Homens;1150;50 a 54 anos;11725
Indicador  3.9.2;1706;11;26;Pernambuco;11725;2018;4;Homens;1151;55 a 59 anos;11725
Indicador  3.9.2;1706;233;26;Pernambuco;11725;2018;4;Homens;3302;60 anos ou mais;11725
Indicador  3.9.2;1706;375;26;Pernambuco;11725;2018;5;Mulheres;95253;Total;11725
Indicador  3.9.2;1706;24;26;Pernambuco;11725;2018;5;Mulheres;1140;0 a 4 anos;11725
Indicador  3.9.2;1706;2;26;Pernambuco;11725;2018;5;Mulheres;1141;5 a 9 anos;11725
Indicador  3.9.2;1706;1;26;Pernambuco;11725;2018;5;Mulheres;1142;10 a 14 anos;11725
Indicador  3.9.2;1706;1;26;Pernambuco;11725;2018;5;Mulheres;1143;15 a 19 anos;11725
Indicador  3.9.2;1706;2;26;Pernambuco;11725;2018;5;Mulheres;1144;20 a 24 anos;11725
Indicador  3.9.2;1706;1;26;Pernambuco;11725;2018;5;Mulheres;1145;25 a 29 anos;11725
Indicador  3.9.2;1706;1;26;Pernambuco;11725;2018;5;Mulheres;1146;30 a 34 anos;11725
Indicador  3.9.2;1706;0;26;Pernambuco;11725;2018;5;Mulheres;1147;35 a 39 anos;11725
Indicador  3.9.2;1706;5;26;Pernambuco;11725;2018;5;Mulheres;1148;40 a 44 anos;11725
Indicador  3.9.2;1706;3;26;Pernambuco;11725;2018;5;Mulheres;1149;45 a 49 anos;11725
Indicador  3.9.2;1706;8;26;Pernambuco;11725;2018;5;Mulheres;1150;50 a 54 anos;11725
Indicador  3.9.2;1706;13;26;Pernambuco;11725;2018;5;Mulheres;1151;55 a 59 anos;11725
Indicador  3.9.2;1706;314;26;Pernambuco;11725;2018;5;Mulheres;3302;60 anos ou mais;11725
Indicador  3.9.2;1706;668;26;Pernambuco;11725;2019;6794;Total;95253;Total;11725
Indicador  3.9.2;1706;41;26;Pernambuco;11725;2019;6794;Total;1140;0 a 4 anos;11725
Indicador  3.9.2;1706;0;26;Pernambuco;11725;2019;6794;Total;1141;5 a 9 anos;11725
Indicador  3.9.2;1706;3;26;Pernambuco;11725;2019;6794;Total;1142;10 a 14 anos;11725
Indicador  3.9.2;1706;2;26;Pernambuco;11725;2019;6794;Total;1143;15 a 19 anos;11725
Indicador  3.9.2;1706;3;26;Pernambuco;11725;2019;6794;Total;1144;20 a 24 anos;11725
Indicador  3.9.2;1706;3;26;Pernambuco;11725;2019;6794;Total;1145;25 a 29 anos;11725
Indicador  3.9.2;1706;3;26;Pernambuco;11725;2019;6794;Total;1146;30 a 34 anos;11725
Indicador  3.9.2;1706;6;26;Pernambuco;11725;2019;6794;Total;1147;35 a 39 anos;11725
Indicador  3.9.2;1706;9;26;Pernambuco;11725;2019;6794;Total;1148;40 a 44 anos;11725
Indicador  3.9.2;1706;15;26;Pernambuco;11725;2019;6794;Total;1149;45 a 49 anos;11725
Indicador  3.9.2;1706;19;26;Pernambuco;11725;2019;6794;Total;1150;50 a 54 anos;11725
Indicador  3.9.2;1706;30;26;Pernambuco;11725;2019;6794;Total;1151;55 a 59 anos;11725
Indicador  3.9.2;1706;533;26;Pernambuco;11725;2019;6794;Total;3302;60 anos ou mais;11725
Indicador  3.9.2;1706;312;26;Pernambuco;11725;2019;4;Homens;95253;Total;11725
Indicador  3.9.2;1706;25;26;Pernambuco;11725;2019;4;Homens;1140;0 a 4 anos;11725
Indicador  3.9.2;1706;0;26;Pernambuco;11725;2019;4;Homens;1141;5 a 9 anos;11725
Indicador  3.9.2;1706;3;26;Pernambuco;11725;2019;4;Homens;1142;10 a 14 anos;11725
Indicador  3.9.2;1706;0;26;Pernambuco;11725;2019;4;Homens;1143;15 a 19 anos;11725
Indicador  3.9.2;1706;2;26;Pernambuco;11725;2019;4;Homens;1144;20 a 24 anos;11725
Indicador  3.9.2;1706;2;26;Pernambuco;11725;2019;4;Homens;1145;25 a 29 anos;11725
Indicador  3.9.2;1706;2;26;Pernambuco;11725;2019;4;Homens;1146;30 a 34 anos;11725
Indicador  3.9.2;1706;4;26;Pernambuco;11725;2019;4;Homens;1147;35 a 39 anos;11725
Indicador  3.9.2;1706;4;26;Pernambuco;11725;2019;4;Homens;1148;40 a 44 anos;11725
Indicador  3.9.2;1706;7;26;Pernambuco;11725;2019;4;Homens;1149;45 a 49 anos;11725
Indicador  3.9.2;1706;11;26;Pernambuco;11725;2019;4;Homens;1150;50 a 54 anos;11725
Indicador  3.9.2;1706;22;26;Pernambuco;11725;2019;4;Homens;1151;55 a 59 anos;11725
Indicador  3.9.2;1706;229;26;Pernambuco;11725;2019;4;Homens;3302;60 anos ou mais;11725
Indicador  3.9.2;1706;356;26;Pernambuco;11725;2019;5;Mulheres;95253;Total;11725
Indicador  3.9.2;1706;16;26;Pernambuco;11725;2019;5;Mulheres;1140;0 a 4 anos;11725
Indicador  3.9.2;1706;0;26;Pernambuco;11725;2019;5;Mulheres;1141;5 a 9 anos;11725
Indicador  3.9.2;1706;0;26;Pernambuco;11725;2019;5;Mulheres;1142;10 a 14 anos;11725
Indicador  3.9.2;1706;2;26;Pernambuco;11725;2019;5;Mulheres;1143;15 a 19 anos;11725
Indicador  3.9.2;1706;1;26;Pernambuco;11725;2019;5;Mulheres;1144;20 a 24 anos;11725
Indicador  3.9.2;1706;1;26;Pernambuco;11725;2019;5;Mulheres;1145;25 a 29 anos;11725
Indicador  3.9.2;1706;1;26;Pernambuco;11725;2019;5;Mulheres;1146;30 a 34 anos;11725
Indicador  3.9.2;1706;2;26;Pernambuco;11725;2019;5;Mulheres;1147;35 a 39 anos;11725
Indicador  3.9.2;1706;5;26;Pernambuco;11725;2019;5;Mulheres;1148;40 a 44 anos;11725
Indicador  3.9.2;1706;8;26;Pernambuco;11725;2019;5;Mulheres;1149;45 a 49 anos;11725
Indicador  3.9.2;1706;8;26;Pernambuco;11725;2019;5;Mulheres;1150;50 a 54 anos;11725
Indicador  3.9.2;1706;8;26;Pernambuco;11725;2019;5;Mulheres;1151;55 a 59 anos;11725
Indicador  3.9.2;1706;304;26;Pernambuco;11725;2019;5;Mulheres;3302;60 anos ou mais;11725
Indicador  3.9.2;1706;607;26;Pernambuco;11725;2020;6794;Total;95253;Total;11725
Indicador  3.9.2;1706;31;26;Pernambuco;11725;2020;6794;Total;1140;0 a 4 anos;11725
Indicador  3.9.2;1706;2;26;Pernambuco;11725;2020;6794;Total;1141;5 a 9 anos;11725
Indicador  3.9.2;1706;3;26;Pernambuco;11725;2020;6794;Total;1142;10 a 14 anos;11725
Indicador  3.9.2;1706;2;26;Pernambuco;11725;2020;6794;Total;1143;15 a 19 anos;11725
Indicador  3.9.2;1706;3;26;Pernambuco;11725;2020;6794;Total;1144;20 a 24 anos;11725
Indicador  3.9.2;1706;3;26;Pernambuco;11725;2020;6794;Total;1145;25 a 29 anos;11725
Indicador  3.9.2;1706;6;26;Pernambuco;11725;2020;6794;Total;1146;30 a 34 anos;11725
Indicador  3.9.2;1706;7;26;Pernambuco;11725;2020;6794;Total;1147;35 a 39 anos;11725
Indicador  3.9.2;1706;11;26;Pernambuco;11725;2020;6794;Total;1148;40 a 44 anos;11725
Indicador  3.9.2;1706;10;26;Pernambuco;11725;2020;6794;Total;1149;45 a 49 anos;11725
Indicador  3.9.2;1706;14;26;Pernambuco;11725;2020;6794;Total;1150;50 a 54 anos;11725
Indicador  3.9.2;1706;29;26;Pernambuco;11725;2020;6794;Total;1151;55 a 59 anos;11725
Indicador  3.9.2;1706;485;26;Pernambuco;11725;2020;6794;Total;3302;60 anos ou mais;11725
Indicador  3.9.2;1706;281;26;Pernambuco;11725;2020;4;Homens;95253;Total;11725
Indicador  3.9.2;1706;17;26;Pernambuco;11725;2020;4;Homens;1140;0 a 4 anos;11725
Indicador  3.9.2;1706;2;26;Pernambuco;11725;2020;4;Homens;1141;5 a 9 anos;11725
Indicador  3.9.2;1706;1;26;Pernambuco;11725;2020;4;Homens;1142;10 a 14 anos;11725
Indicador  3.9.2;1706;2;26;Pernambuco;11725;2020;4;Homens;1143;15 a 19 anos;11725
Indicador  3.9.2;1706;2;26;Pernambuco;11725;2020;4;Homens;1144;20 a 24 anos;11725
Indicador  3.9.2;1706;2;26;Pernambuco;11725;2020;4;Homens;1145;25 a 29 anos;11725
Indicador  3.9.2;1706;4;26;Pernambuco;11725;2020;4;Homens;1146;30 a 34 anos;11725
Indicador  3.9.2;1706;6;26;Pernambuco;11725;2020;4;Homens;1147;35 a 39 anos;11725
Indicador  3.9.2;1706;4;26;Pernambuco;11725;2020;4;Homens;1148;40 a 44 anos;11725
Indicador  3.9.2;1706;4;26;Pernambuco;11725;2020;4;Homens;1149;45 a 49 anos;11725
Indicador  3.9.2;1706;8;26;Pernambuco;11725;2020;4;Homens;1150;50 a 54 anos;11725
Indicador  3.9.2;1706;20;26;Pernambuco;11725;2020;4;Homens;1151;55 a 59 anos;11725
Indicador  3.9.2;1706;208;26;Pernambuco;11725;2020;4;Homens;3302;60 anos ou mais;11725
Indicador  3.9.2;1706;326;26;Pernambuco;11725;2020;5;Mulheres;95253;Total;11725
Indicador  3.9.2;1706;14;26;Pernambuco;11725;2020;5;Mulheres;1140;0 a 4 anos;11725
Indicador  3.9.2;1706;0;26;Pernambuco;11725;2020;5;Mulheres;1141;5 a 9 anos;11725
Indicador  3.9.2;1706;2;26;Pernambuco;11725;2020;5;Mulheres;1142;10 a 14 anos;11725
Indicador  3.9.2;1706;0;26;Pernambuco;11725;2020;5;Mulheres;1143;15 a 19 anos;11725
Indicador  3.9.2;1706;1;26;Pernambuco;11725;2020;5;Mulheres;1144;20 a 24 anos;11725
Indicador  3.9.2;1706;1;26;Pernambuco;11725;2020;5;Mulheres;1145;25 a 29 anos;11725
Indicador  3.9.2;1706;2;26;Pernambuco;11725;2020;5;Mulheres;1146;30 a 34 anos;11725
Indicador  3.9.2;1706;1;26;Pernambuco;11725;2020;5;Mulheres;1147;35 a 39 anos;11725
Indicador  3.9.2;1706;7;26;Pernambuco;11725;2020;5;Mulheres;1148;40 a 44 anos;11725
Indicador  3.9.2;1706;6;26;Pernambuco;11725;2020;5;Mulheres;1149;45 a 49 anos;11725
Indicador  3.9.2;1706;6;26;Pernambuco;11725;2020;5;Mulheres;1150;50 a 54 anos;11725
Indicador  3.9.2;1706;9;26;Pernambuco;11725;2020;5;Mulheres;1151;55 a 59 anos;11725
Indicador  3.9.2;1706;277;26;Pernambuco;11725;2020;5;Mulheres;3302;60 anos ou mais;11725
Indicador  3.9.2;1706;563;26;Pernambuco;11725;2021;6794;Total;95253;Total;11725
Indicador  3.9.2;1706;37;26;Pernambuco;11725;2021;6794;Total;1140;0 a 4 anos;11725
Indicador  3.9.2;1706;4;26;Pernambuco;11725;2021;6794;Total;1141;5 a 9 anos;11725
Indicador  3.9.2;1706;0;26;Pernambuco;11725;2021;6794;Total;1142;10 a 14 anos;11725
Indicador  3.9.2;1706;4;26;Pernambuco;11725;2021;6794;Total;1143;15 a 19 anos;11725
Indicador  3.9.2;1706;5;26;Pernambuco;11725;2021;6794;Total;1144;20 a 24 anos;11725
Indicador  3.9.2;1706;1;26;Pernambuco;11725;2021;6794;Total;1145;25 a 29 anos;11725
Indicador  3.9.2;1706;4;26;Pernambuco;11725;2021;6794;Total;1146;30 a 34 anos;11725
Indicador  3.9.2;1706;6;26;Pernambuco;11725;2021;6794;Total;1147;35 a 39 anos;11725
Indicador  3.9.2;1706;14;26;Pernambuco;11725;2021;6794;Total;1148;40 a 44 anos;11725
Indicador  3.9.2;1706;6;26;Pernambuco;11725;2021;6794;Total;1149;45 a 49 anos;11725
Indicador  3.9.2;1706;19;26;Pernambuco;11725;2021;6794;Total;1150;50 a 54 anos;11725
Indicador  3.9.2;1706;19;26;Pernambuco;11725;2021;6794;Total;1151;55 a 59 anos;11725
Indicador  3.9.2;1706;443;26;Pernambuco;11725;2021;6794;Total;3302;60 anos ou mais;11725
Indicador  3.9.2;1706;276;26;Pernambuco;11725;2021;4;Homens;95253;Total;11725
Indicador  3.9.2;1706;23;26;Pernambuco;11725;2021;4;Homens;1140;0 a 4 anos;11725
Indicador  3.9.2;1706;1;26;Pernambuco;11725;2021;4;Homens;1141;5 a 9 anos;11725
Indicador  3.9.2;1706;0;26;Pernambuco;11725;2021;4;Homens;1142;10 a 14 anos;11725
Indicador  3.9.2;1706;4;26;Pernambuco;11725;2021;4;Homens;1143;15 a 19 anos;11725
Indicador  3.9.2;1706;1;26;Pernambuco;11725;2021;4;Homens;1144;20 a 24 anos;11725
Indicador  3.9.2;1706;0;26;Pernambuco;11725;2021;4;Homens;1145;25 a 29 anos;11725
Indicador  3.9.2;1706;4;26;Pernambuco;11725;2021;4;Homens;1146;30 a 34 anos;11725
Indicador  3.9.2;1706;3;26;Pernambuco;11725;2021;4;Homens;1147;35 a 39 anos;11725
Indicador  3.9.2;1706;7;26;Pernambuco;11725;2021;4;Homens;1148;40 a 44 anos;11725
Indicador  3.9.2;1706;3;26;Pernambuco;11725;2021;4;Homens;1149;45 a 49 anos;11725
Indicador  3.9.2;1706;14;26;Pernambuco;11725;2021;4;Homens;1150;50 a 54 anos;11725
Indicador  3.9.2;1706;14;26;Pernambuco;11725;2021;4;Homens;1151;55 a 59 anos;11725
Indicador  3.9.2;1706;201;26;Pernambuco;11725;2021;4;Homens;3302;60 anos ou mais;11725
Indicador  3.9.2;1706;286;26;Pernambuco;11725;2021;5;Mulheres;95253;Total;11725
Indicador  3.9.2;1706;14;26;Pernambuco;11725;2021;5;Mulheres;1140;0 a 4 anos;11725
Indicador  3.9.2;1706;3;26;Pernambuco;11725;2021;5;Mulheres;1141;5 a 9 anos;11725
Indicador  3.9.2;1706;0;26;Pernambuco;11725;2021;5;Mulheres;1142;10 a 14 anos;11725
Indicador  3.9.2;1706;0;26;Pernambuco;11725;2021;5;Mulheres;1143;15 a 19 anos;11725
Indicador  3.9.2;1706;4;26;Pernambuco;11725;2021;5;Mulheres;1144;20 a 24 anos;11725
Indicador  3.9.2;1706;0;26;Pernambuco;11725;2021;5;Mulheres;1145;25 a 29 anos;11725
Indicador  3.9.2;1706;0;26;Pernambuco;11725;2021;5;Mulheres;1146;30 a 34 anos;11725
Indicador  3.9.2;1706;3;26;Pernambuco;11725;2021;5;Mulheres;1147;35 a 39 anos;11725
Indicador  3.9.2;1706;7;26;Pernambuco;11725;2021;5;Mulheres;1148;40 a 44 anos;11725
Indicador  3.9.2;1706;3;26;Pernambuco;11725;2021;5;Mulheres;1149;45 a 49 anos;11725
Indicador  3.9.2;1706;5;26;Pernambuco;11725;2021;5;Mulheres;1150;50 a 54 anos;11725
Indicador  3.9.2;1706;5;26;Pernambuco;11725;2021;5;Mulheres;1151;55 a 59 anos;11725
Indicador  3.9.2;1706;242;26;Pernambuco;11725;2021;5;Mulheres;3302;60 anos ou mais;11725
Indicador  3.9.2;1706;510;26;Pernambuco;11725;2022;6794;Total;95253;Total;11725
Indicador  3.9.2;1706;36;26;Pernambuco;11725;2022;6794;Total;1140;0 a 4 anos;11725
Indicador  3.9.2;1706;3;26;Pernambuco;11725;2022;6794;Total;1141;5 a 9 anos;11725
Indicador  3.9.2;1706;3;26;Pernambuco;11725;2022;6794;Total;1142;10 a 14 anos;11725
Indicador  3.9.2;1706;2;26;Pernambuco;11725;2022;6794;Total;1143;15 a 19 anos;11725
Indicador  3.9.2;1706;1;26;Pernambuco;11725;2022;6794;Total;1144;20 a 24 anos;11725
Indicador  3.9.2;1706;4;26;Pernambuco;11725;2022;6794;Total;1145;25 a 29 anos;11725
Indicador  3.9.2;1706;4;26;Pernambuco;11725;2022;6794;Total;1146;30 a 34 anos;11725
Indicador  3.9.2;1706;1;26;Pernambuco;11725;2022;6794;Total;1147;35 a 39 anos;11725
Indicador  3.9.2;1706;11;26;Pernambuco;11725;2022;6794;Total;1148;40 a 44 anos;11725
Indicador  3.9.2;1706;10;26;Pernambuco;11725;2022;6794;Total;1149;45 a 49 anos;11725
Indicador  3.9.2;1706;11;26;Pernambuco;11725;2022;6794;Total;1150;50 a 54 anos;11725
Indicador  3.9.2;1706;27;26;Pernambuco;11725;2022;6794;Total;1151;55 a 59 anos;11725
Indicador  3.9.2;1706;397;26;Pernambuco;11725;2022;6794;Total;3302;60 anos ou mais;11725
Indicador  3.9.2;1706;209;26;Pernambuco;11725;2022;4;Homens;95253;Total;11725
Indicador  3.9.2;1706;17;26;Pernambuco;11725;2022;4;Homens;1140;0 a 4 anos;11725
Indicador  3.9.2;1706;1;26;Pernambuco;11725;2022;4;Homens;1141;5 a 9 anos;11725
Indicador  3.9.2;1706;2;26;Pernambuco;11725;2022;4;Homens;1142;10 a 14 anos;11725
Indicador  3.9.2;1706;0;26;Pernambuco;11725;2022;4;Homens;1143;15 a 19 anos;11725
Indicador  3.9.2;1706;0;26;Pernambuco;11725;2022;4;Homens;1144;20 a 24 anos;11725
Indicador  3.9.2;1706;4;26;Pernambuco;11725;2022;4;Homens;1145;25 a 29 anos;11725
Indicador  3.9.2;1706;3;26;Pernambuco;11725;2022;4;Homens;1146;30 a 34 anos;11725
Indicador  3.9.2;1706;0;26;Pernambuco;11725;2022;4;Homens;1147;35 a 39 anos;11725
Indicador  3.9.2;1706;7;26;Pernambuco;11725;2022;4;Homens;1148;40 a 44 anos;11725
Indicador  3.9.2;1706;5;26;Pernambuco;11725;2022;4;Homens;1149;45 a 49 anos;11725
Indicador  3.9.2;1706;6;26;Pernambuco;11725;2022;4;Homens;1150;50 a 54 anos;11725
Indicador  3.9.2;1706;16;26;Pernambuco;11725;2022;4;Homens;1151;55 a 59 anos;11725
Indicador  3.9.2;1706;148;26;Pernambuco;11725;2022;4;Homens;3302;60 anos ou mais;11725
Indicador  3.9.2;1706;301;26;Pernambuco;11725;2022;5;Mulheres;95253;Total;11725
Indicador  3.9.2;1706;19;26;Pernambuco;11725;2022;5;Mulheres;1140;0 a 4 anos;11725
Indicador  3.9.2;1706;2;26;Pernambuco;11725;2022;5;Mulheres;1141;5 a 9 anos;11725
Indicador  3.9.2;1706;1;26;Pernambuco;11725;2022;5;Mulheres;1142;10 a 14 anos;11725
Indicador  3.9.2;1706;2;26;Pernambuco;11725;2022;5;Mulheres;1143;15 a 19 anos;11725
Indicador  3.9.2;1706;1;26;Pernambuco;11725;2022;5;Mulheres;1144;20 a 24 anos;11725
Indicador  3.9.2;1706;0;26;Pernambuco;11725;2022;5;Mulheres;1145;25 a 29 anos;11725
Indicador  3.9.2;1706;1;26;Pernambuco;11725;2022;5;Mulheres;1146;30 a 34 anos;11725
Indicador  3.9.2;1706;1;26;Pernambuco;11725;2022;5;Mulheres;1147;35 a 39 anos;11725
Indicador  3.9.2;1706;4;26;Pernambuco;11725;2022;5;Mulheres;1148;40 a 44 anos;11725
Indicador  3.9.2;1706;5;26;Pernambuco;11725;2022;5;Mulheres;1149;45 a 49 anos;11725
Indicador  3.9.2;1706;5;26;Pernambuco;11725;2022;5;Mulheres;1150;50 a 54 anos;11725
Indicador  3.9.2;1706;11;26;Pernambuco;11725;2022;5;Mulheres;1151;55 a 59 anos;11725
Indicador  3.9.2;1706;249;26;Pernambuco;11725;2022;5;Mulheres;3302;60 anos ou mais;11725
Indicador  3.9.2;1706;247;27;Alagoas;11725;2018;6794;Total;95253;Total;11725
Indicador  3.9.2;1706;23;27;Alagoas;11725;2018;6794;Total;1140;0 a 4 anos;11725
Indicador  3.9.2;1706;2;27;Alagoas;11725;2018;6794;Total;1141;5 a 9 anos;11725
Indicador  3.9.2;1706;1;27;Alagoas;11725;2018;6794;Total;1142;10 a 14 anos;11725
Indicador  3.9.2;1706;0;27;Alagoas;11725;2018;6794;Total;1143;15 a 19 anos;11725
Indicador  3.9.2;1706;3;27;Alagoas;11725;2018;6794;Total;1144;20 a 24 anos;11725
Indicador  3.9.2;1706;2;27;Alagoas;11725;2018;6794;Total;1145;25 a 29 anos;11725
Indicador  3.9.2;1706;1;27;Alagoas;11725;2018;6794;Total;1146;30 a 34 anos;11725
Indicador  3.9.2;1706;1;27;Alagoas;11725;2018;6794;Total;1147;35 a 39 anos;11725
Indicador  3.9.2;1706;1;27;Alagoas;11725;2018;6794;Total;1148;40 a 44 anos;11725
Indicador  3.9.2;1706;7;27;Alagoas;11725;2018;6794;Total;1149;45 a 49 anos;11725
Indicador  3.9.2;1706;9;27;Alagoas;11725;2018;6794;Total;1150;50 a 54 anos;11725
Indicador  3.9.2;1706;6;27;Alagoas;11725;2018;6794;Total;1151;55 a 59 anos;11725
Indicador  3.9.2;1706;191;27;Alagoas;11725;2018;6794;Total;3302;60 anos ou mais;11725
Indicador  3.9.2;1706;120;27;Alagoas;11725;2018;4;Homens;95253;Total;11725
Indicador  3.9.2;1706;13;27;Alagoas;11725;2018;4;Homens;1140;0 a 4 anos;11725
Indicador  3.9.2;1706;2;27;Alagoas;11725;2018;4;Homens;1141;5 a 9 anos;11725
Indicador  3.9.2;1706;1;27;Alagoas;11725;2018;4;Homens;1142;10 a 14 anos;11725
Indicador  3.9.2;1706;0;27;Alagoas;11725;2018;4;Homens;1143;15 a 19 anos;11725
Indicador  3.9.2;1706;2;27;Alagoas;11725;2018;4;Homens;1144;20 a 24 anos;11725
Indicador  3.9.2;1706;1;27;Alagoas;11725;2018;4;Homens;1145;25 a 29 anos;11725
Indicador  3.9.2;1706;1;27;Alagoas;11725;2018;4;Homens;1146;30 a 34 anos;11725
Indicador  3.9.2;1706;1;27;Alagoas;11725;2018;4;Homens;1147;35 a 39 anos;11725
Indicador  3.9.2;1706;1;27;Alagoas;11725;2018;4;Homens;1148;40 a 44 anos;11725
Indicador  3.9.2;1706;6;27;Alagoas;11725;2018;4;Homens;1149;45 a 49 anos;11725
Indicador  3.9.2;1706;8;27;Alagoas;11725;2018;4;Homens;1150;50 a 54 anos;11725
Indicador  3.9.2;1706;4;27;Alagoas;11725;2018;4;Homens;1151;55 a 59 anos;11725
Indicador  3.9.2;1706;80;27;Alagoas;11725;2018;4;Homens;3302;60 anos ou mais;11725
Indicador  3.9.2;1706;127;27;Alagoas;11725;2018;5;Mulheres;95253;Total;11725
Indicador  3.9.2;1706;10;27;Alagoas;11725;2018;5;Mulheres;1140;0 a 4 anos;11725
Indicador  3.9.2;1706;0;27;Alagoas;11725;2018;5;Mulheres;1141;5 a 9 anos;11725
Indicador  3.9.2;1706;0;27;Alagoas;11725;2018;5;Mulheres;1142;10 a 14 anos;11725
Indicador  3.9.2;1706;0;27;Alagoas;11725;2018;5;Mulheres;1143;15 a 19 anos;11725
Indicador  3.9.2;1706;1;27;Alagoas;11725;2018;5;Mulheres;1144;20 a 24 anos;11725
Indicador  3.9.2;1706;1;27;Alagoas;11725;2018;5;Mulheres;1145;25 a 29 anos;11725
Indicador  3.9.2;1706;0;27;Alagoas;11725;2018;5;Mulheres;1146;30 a 34 anos;11725
Indicador  3.9.2;1706;0;27;Alagoas;11725;2018;5;Mulheres;1147;35 a 39 anos;11725
Indicador  3.9.2;1706;0;27;Alagoas;11725;2018;5;Mulheres;1148;40 a 44 anos;11725
Indicador  3.9.2;1706;1;27;Alagoas;11725;2018;5;Mulheres;1149;45 a 49 anos;11725
Indicador  3.9.2;1706;1;27;Alagoas;11725;2018;5;Mulheres;1150;50 a 54 anos;11725
Indicador  3.9.2;1706;2;27;Alagoas;11725;2018;5;Mulheres;1151;55 a 59 anos;11725
Indicador  3.9.2;1706;111;27;Alagoas;11725;2018;5;Mulheres;3302;60 anos ou mais;11725
Indicador  3.9.2;1706;210;27;Alagoas;11725;2019;6794;Total;95253;Total;11725
Indicador  3.9.2;1706;19;27;Alagoas;11725;2019;6794;Total;1140;0 a 4 anos;11725
Indicador  3.9.2;1706;2;27;Alagoas;11725;2019;6794;Total;1141;5 a 9 anos;11725
Indicador  3.9.2;1706;1;27;Alagoas;11725;2019;6794;Total;1142;10 a 14 anos;11725
Indicador  3.9.2;1706;2;27;Alagoas;11725;2019;6794;Total;1143;15 a 19 anos;11725
Indicador  3.9.2;1706;1;27;Alagoas;11725;2019;6794;Total;1144;20 a 24 anos;11725
Indicador  3.9.2;1706;2;27;Alagoas;11725;2019;6794;Total;1145;25 a 29 anos;11725
Indicador  3.9.2;1706;2;27;Alagoas;11725;2019;6794;Total;1146;30 a 34 anos;11725
Indicador  3.9.2;1706;0;27;Alagoas;11725;2019;6794;Total;1147;35 a 39 anos;11725
Indicador  3.9.2;1706;3;27;Alagoas;11725;2019;6794;Total;1148;40 a 44 anos;11725
Indicador  3.9.2;1706;7;27;Alagoas;11725;2019;6794;Total;1149;45 a 49 anos;11725
Indicador  3.9.2;1706;7;27;Alagoas;11725;2019;6794;Total;1150;50 a 54 anos;11725
Indicador  3.9.2;1706;15;27;Alagoas;11725;2019;6794;Total;1151;55 a 59 anos;11725
Indicador  3.9.2;1706;149;27;Alagoas;11725;2019;6794;Total;3302;60 anos ou mais;11725
Indicador  3.9.2;1706;106;27;Alagoas;11725;2019;4;Homens;95253;Total;11725
Indicador  3.9.2;1706;14;27;Alagoas;11725;2019;4;Homens;1140;0 a 4 anos;11725
Indicador  3.9.2;1706;0;27;Alagoas;11725;2019;4;Homens;1141;5 a 9 anos;11725
Indicador  3.9.2;1706;1;27;Alagoas;11725;2019;4;Homens;1142;10 a 14 anos;11725
Indicador  3.9.2;1706;1;27;Alagoas;11725;2019;4;Homens;1143;15 a 19 anos;11725
Indicador  3.9.2;1706;1;27;Alagoas;11725;2019;4;Homens;1144;20 a 24 anos;11725
Indicador  3.9.2;1706;2;27;Alagoas;11725;2019;4;Homens;1145;25 a 29 anos;11725
Indicador  3.9.2;1706;1;27;Alagoas;11725;2019;4;Homens;1146;30 a 34 anos;11725
Indicador  3.9.2;1706;0;27;Alagoas;11725;2019;4;Homens;1147;35 a 39 anos;11725
Indicador  3.9.2;1706;3;27;Alagoas;11725;2019;4;Homens;1148;40 a 44 anos;11725
Indicador  3.9.2;1706;4;27;Alagoas;11725;2019;4;Homens;1149;45 a 49 anos;11725
Indicador  3.9.2;1706;3;27;Alagoas;11725;2019;4;Homens;1150;50 a 54 anos;11725
Indicador  3.9.2;1706;10;27;Alagoas;11725;2019;4;Homens;1151;55 a 59 anos;11725
Indicador  3.9.2;1706;66;27;Alagoas;11725;2019;4;Homens;3302;60 anos ou mais;11725
Indicador  3.9.2;1706;104;27;Alagoas;11725;2019;5;Mulheres;95253;Total;11725
Indicador  3.9.2;1706;5;27;Alagoas;11725;2019;5;Mulheres;1140;0 a 4 anos;11725
Indicador  3.9.2;1706;2;27;Alagoas;11725;2019;5;Mulheres;1141;5 a 9 anos;11725
Indicador  3.9.2;1706;0;27;Alagoas;11725;2019;5;Mulheres;1142;10 a 14 anos;11725
Indicador  3.9.2;1706;1;27;Alagoas;11725;2019;5;Mulheres;1143;15 a 19 anos;11725
Indicador  3.9.2;1706;0;27;Alagoas;11725;2019;5;Mulheres;1144;20 a 24 anos;11725
Indicador  3.9.2;1706;0;27;Alagoas;11725;2019;5;Mulheres;1145;25 a 29 anos;11725
Indicador  3.9.2;1706;1;27;Alagoas;11725;2019;5;Mulheres;1146;30 a 34 anos;11725
Indicador  3.9.2;1706;0;27;Alagoas;11725;2019;5;Mulheres;1147;35 a 39 anos;11725
Indicador  3.9.2;1706;0;27;Alagoas;11725;2019;5;Mulheres;1148;40 a 44 anos;11725
Indicador  3.9.2;1706;3;27;Alagoas;11725;2019;5;Mulheres;1149;45 a 49 anos;11725
Indicador  3.9.2;1706;4;27;Alagoas;11725;2019;5;Mulheres;1150;50 a 54 anos;11725
Indicador  3.9.2;1706;5;27;Alagoas;11725;2019;5;Mulheres;1151;55 a 59 anos;11725
Indicador  3.9.2;1706;83;27;Alagoas;11725;2019;5;Mulheres;3302;60 anos ou mais;11725
Indicador  3.9.2;1706;195;27;Alagoas;11725;2020;6794;Total;95253;Total;11725
Indicador  3.9.2;1706;11;27;Alagoas;11725;2020;6794;Total;1140;0 a 4 anos;11725
Indicador  3.9.2;1706;3;27;Alagoas;11725;2020;6794;Total;1141;5 a 9 anos;11725
Indicador  3.9.2;1706;0;27;Alagoas;11725;2020;6794;Total;1142;10 a 14 anos;11725
Indicador  3.9.2;1706;0;27;Alagoas;11725;2020;6794;Total;1143;15 a 19 anos;11725
Indicador  3.9.2;1706;0;27;Alagoas;11725;2020;6794;Total;1144;20 a 24 anos;11725
Indicador  3.9.2;1706;1;27;Alagoas;11725;2020;6794;Total;1145;25 a 29 anos;11725
Indicador  3.9.2;1706;1;27;Alagoas;11725;2020;6794;Total;1146;30 a 34 anos;11725
Indicador  3.9.2;1706;1;27;Alagoas;11725;2020;6794;Total;1147;35 a 39 anos;11725
Indicador  3.9.2;1706;3;27;Alagoas;11725;2020;6794;Total;1148;40 a 44 anos;11725
Indicador  3.9.2;1706;3;27;Alagoas;11725;2020;6794;Total;1149;45 a 49 anos;11725
Indicador  3.9.2;1706;2;27;Alagoas;11725;2020;6794;Total;1150;50 a 54 anos;11725
Indicador  3.9.2;1706;9;27;Alagoas;11725;2020;6794;Total;1151;55 a 59 anos;11725
Indicador  3.9.2;1706;161;27;Alagoas;11725;2020;6794;Total;3302;60 anos ou mais;11725
Indicador  3.9.2;1706;82;27;Alagoas;11725;2020;4;Homens;95253;Total;11725
Indicador  3.9.2;1706;1;27;Alagoas;11725;2020;4;Homens;1140;0 a 4 anos;11725
Indicador  3.9.2;1706;0;27;Alagoas;11725;2020;4;Homens;1141;5 a 9 anos;11725
Indicador  3.9.2;1706;0;27;Alagoas;11725;2020;4;Homens;1142;10 a 14 anos;11725
Indicador  3.9.2;1706;0;27;Alagoas;11725;2020;4;Homens;1143;15 a 19 anos;11725
Indicador  3.9.2;1706;0;27;Alagoas;11725;2020;4;Homens;1144;20 a 24 anos;11725
Indicador  3.9.2;1706;1;27;Alagoas;11725;2020;4;Homens;1145;25 a 29 anos;11725
Indicador  3.9.2;1706;1;27;Alagoas;11725;2020;4;Homens;1146;30 a 34 anos;11725
Indicador  3.9.2;1706;0;27;Alagoas;11725;2020;4;Homens;1147;35 a 39 anos;11725
Indicador  3.9.2;1706;2;27;Alagoas;11725;2020;4;Homens;1148;40 a 44 anos;11725
Indicador  3.9.2;1706;2;27;Alagoas;11725;2020;4;Homens;1149;45 a 49 anos;11725
Indicador  3.9.2;1706;1;27;Alagoas;11725;2020;4;Homens;1150;50 a 54 anos;11725
Indicador  3.9.2;1706;5;27;Alagoas;11725;2020;4;Homens;1151;55 a 59 anos;11725
Indicador  3.9.2;1706;69;27;Alagoas;11725;2020;4;Homens;3302;60 anos ou mais;11725
Indicador  3.9.2;1706;113;27;Alagoas;11725;2020;5;Mulheres;95253;Total;11725
Indicador  3.9.2;1706;10;27;Alagoas;11725;2020;5;Mulheres;1140;0 a 4 anos;11725
Indicador  3.9.2;1706;3;27;Alagoas;11725;2020;5;Mulheres;1141;5 a 9 anos;11725
Indicador  3.9.2;1706;0;27;Alagoas;11725;2020;5;Mulheres;1142;10 a 14 anos;11725
Indicador  3.9.2;1706;0;27;Alagoas;11725;2020;5;Mulheres;1143;15 a 19 anos;11725
Indicador  3.9.2;1706;0;27;Alagoas;11725;2020;5;Mulheres;1144;20 a 24 anos;11725
Indicador  3.9.2;1706;0;27;Alagoas;11725;2020;5;Mulheres;1145;25 a 29 anos;11725
Indicador  3.9.2;1706;0;27;Alagoas;11725;2020;5;Mulheres;1146;30 a 34 anos;11725
Indicador  3.9.2;1706;1;27;Alagoas;11725;2020;5;Mulheres;1147;35 a 39 anos;11725
Indicador  3.9.2;1706;1;27;Alagoas;11725;2020;5;Mulheres;1148;40 a 44 anos;11725
Indicador  3.9.2;1706;1;27;Alagoas;11725;2020;5;Mulheres;1149;45 a 49 anos;11725
Indicador  3.9.2;1706;1;27;Alagoas;11725;2020;5;Mulheres;1150;50 a 54 anos;11725
Indicador  3.9.2;1706;4;27;Alagoas;11725;2020;5;Mulheres;1151;55 a 59 anos;11725
Indicador  3.9.2;1706;92;27;Alagoas;11725;2020;5;Mulheres;3302;60 anos ou mais;11725
Indicador  3.9.2;1706;203;27;Alagoas;11725;2021;6794;Total;95253;Total;11725
Indicador  3.9.2;1706;26;27;Alagoas;11725;2021;6794;Total;1140;0 a 4 anos;11725
Indicador  3.9.2;1706;0;27;Alagoas;11725;2021;6794;Total;1141;5 a 9 anos;11725
Indicador  3.9.2;1706;1;27;Alagoas;11725;2021;6794;Total;1142;10 a 14 anos;11725
Indicador  3.9.2;1706;0;27;Alagoas;11725;2021;6794;Total;1143;15 a 19 anos;11725
Indicador  3.9.2;1706;2;27;Alagoas;11725;2021;6794;Total;1144;20 a 24 anos;11725
Indicador  3.9.2;1706;2;27;Alagoas;11725;2021;6794;Total;1145;25 a 29 anos;11725
Indicador  3.9.2;1706;2;27;Alagoas;11725;2021;6794;Total;1146;30 a 34 anos;11725
Indicador  3.9.2;1706;3;27;Alagoas;11725;2021;6794;Total;1147;35 a 39 anos;11725
Indicador  3.9.2;1706;0;27;Alagoas;11725;2021;6794;Total;1148;40 a 44 anos;11725
Indicador  3.9.2;1706;5;27;Alagoas;11725;2021;6794;Total;1149;45 a 49 anos;11725
Indicador  3.9.2;1706;10;27;Alagoas;11725;2021;6794;Total;1150;50 a 54 anos;11725
Indicador  3.9.2;1706;9;27;Alagoas;11725;2021;6794;Total;1151;55 a 59 anos;11725
Indicador  3.9.2;1706;143;27;Alagoas;11725;2021;6794;Total;3302;60 anos ou mais;11725
Indicador  3.9.2;1706;94;27;Alagoas;11725;2021;4;Homens;95253;Total;11725
Indicador  3.9.2;1706;14;27;Alagoas;11725;2021;4;Homens;1140;0 a 4 anos;11725
Indicador  3.9.2;1706;0;27;Alagoas;11725;2021;4;Homens;1141;5 a 9 anos;11725
Indicador  3.9.2;1706;0;27;Alagoas;11725;2021;4;Homens;1142;10 a 14 anos;11725
Indicador  3.9.2;1706;0;27;Alagoas;11725;2021;4;Homens;1143;15 a 19 anos;11725
Indicador  3.9.2;1706;0;27;Alagoas;11725;2021;4;Homens;1144;20 a 24 anos;11725
Indicador  3.9.2;1706;1;27;Alagoas;11725;2021;4;Homens;1145;25 a 29 anos;11725
Indicador  3.9.2;1706;1;27;Alagoas;11725;2021;4;Homens;1146;30 a 34 anos;11725
Indicador  3.9.2;1706;2;27;Alagoas;11725;2021;4;Homens;1147;35 a 39 anos;11725
Indicador  3.9.2;1706;0;27;Alagoas;11725;2021;4;Homens;1148;40 a 44 anos;11725
Indicador  3.9.2;1706;2;27;Alagoas;11725;2021;4;Homens;1149;45 a 49 anos;11725
Indicador  3.9.2;1706;3;27;Alagoas;11725;2021;4;Homens;1150;50 a 54 anos;11725
Indicador  3.9.2;1706;3;27;Alagoas;11725;2021;4;Homens;1151;55 a 59 anos;11725
Indicador  3.9.2;1706;68;27;Alagoas;11725;2021;4;Homens;3302;60 anos ou mais;11725
Indicador  3.9.2;1706;109;27;Alagoas;11725;2021;5;Mulheres;95253;Total;11725
Indicador  3.9.2;1706;12;27;Alagoas;11725;2021;5;Mulheres;1140;0 a 4 anos;11725
Indicador  3.9.2;1706;0;27;Alagoas;11725;2021;5;Mulheres;1141;5 a 9 anos;11725
Indicador  3.9.2;1706;1;27;Alagoas;11725;2021;5;Mulheres;1142;10 a 14 anos;11725
Indicador  3.9.2;1706;0;27;Alagoas;11725;2021;5;Mulheres;1143;15 a 19 anos;11725
Indicador  3.9.2;1706;2;27;Alagoas;11725;2021;5;Mulheres;1144;20 a 24 anos;11725
Indicador  3.9.2;1706;1;27;Alagoas;11725;2021;5;Mulheres;1145;25 a 29 anos;11725
Indicador  3.9.2;1706;1;27;Alagoas;11725;2021;5;Mulheres;1146;30 a 34 anos;11725
Indicador  3.9.2;1706;1;27;Alagoas;11725;2021;5;Mulheres;1147;35 a 39 anos;11725
Indicador  3.9.2;1706;0;27;Alagoas;11725;2021;5;Mulheres;1148;40 a 44 anos;11725
Indicador  3.9.2;1706;3;27;Alagoas;11725;2021;5;Mulheres;1149;45 a 49 anos;11725
Indicador  3.9.2;1706;7;27;Alagoas;11725;2021;5;Mulheres;1150;50 a 54 anos;11725
Indicador  3.9.2;1706;6;27;Alagoas;11725;2021;5;Mulheres;1151;55 a 59 anos;11725
Indicador  3.9.2;1706;75;27;Alagoas;11725;2021;5;Mulheres;3302;60 anos ou mais;11725
Indicador  3.9.2;1706;196;27;Alagoas;11725;2022;6794;Total;95253;Total;11725
Indicador  3.9.2;1706;18;27;Alagoas;11725;2022;6794;Total;1140;0 a 4 anos;11725
Indicador  3.9.2;1706;0;27;Alagoas;11725;2022;6794;Total;1141;5 a 9 anos;11725
Indicador  3.9.2;1706;0;27;Alagoas;11725;2022;6794;Total;1142;10 a 14 anos;11725
Indicador  3.9.2;1706;0;27;Alagoas;11725;2022;6794;Total;1143;15 a 19 anos;11725
Indicador  3.9.2;1706;1;27;Alagoas;11725;2022;6794;Total;1144;20 a 24 anos;11725
Indicador  3.9.2;1706;1;27;Alagoas;11725;2022;6794;Total;1145;25 a 29 anos;11725
Indicador  3.9.2;1706;1;27;Alagoas;11725;2022;6794;Total;1146;30 a 34 anos;11725
Indicador  3.9.2;1706;0;27;Alagoas;11725;2022;6794;Total;1147;35 a 39 anos;11725
Indicador  3.9.2;1706;1;27;Alagoas;11725;2022;6794;Total;1148;40 a 44 anos;11725
Indicador  3.9.2;1706;8;27;Alagoas;11725;2022;6794;Total;1149;45 a 49 anos;11725
Indicador  3.9.2;1706;8;27;Alagoas;11725;2022;6794;Total;1150;50 a 54 anos;11725
Indicador  3.9.2;1706;5;27;Alagoas;11725;2022;6794;Total;1151;55 a 59 anos;11725
Indicador  3.9.2;1706;153;27;Alagoas;11725;2022;6794;Total;3302;60 anos ou mais;11725
Indicador  3.9.2;1706;99;27;Alagoas;11725;2022;4;Homens;95253;Total;11725
Indicador  3.9.2;1706;11;27;Alagoas;11725;2022;4;Homens;1140;0 a 4 anos;11725
Indicador  3.9.2;1706;0;27;Alagoas;11725;2022;4;Homens;1141;5 a 9 anos;11725
Indicador  3.9.2;1706;0;27;Alagoas;11725;2022;4;Homens;1142;10 a 14 anos;11725
Indicador  3.9.2;1706;0;27;Alagoas;11725;2022;4;Homens;1143;15 a 19 anos;11725
Indicador  3.9.2;1706;0;27;Alagoas;11725;2022;4;Homens;1144;20 a 24 anos;11725
Indicador  3.9.2;1706;1;27;Alagoas;11725;2022;4;Homens;1145;25 a 29 anos;11725
Indicador  3.9.2;1706;0;27;Alagoas;11725;2022;4;Homens;1146;30 a 34 anos;11725
Indicador  3.9.2;1706;0;27;Alagoas;11725;2022;4;Homens;1147;35 a 39 anos;11725
Indicador  3.9.2;1706;1;27;Alagoas;11725;2022;4;Homens;1148;40 a 44 anos;11725
Indicador  3.9.2;1706;3;27;Alagoas;11725;2022;4;Homens;1149;45 a 49 anos;11725
Indicador  3.9.2;1706;4;27;Alagoas;11725;2022;4;Homens;1150;50 a 54 anos;11725
Indicador  3.9.2;1706;1;27;Alagoas;11725;2022;4;Homens;1151;55 a 59 anos;11725
Indicador  3.9.2;1706;78;27;Alagoas;11725;2022;4;Homens;3302;60 anos ou mais;11725
Indicador  3.9.2;1706;97;27;Alagoas;11725;2022;5;Mulheres;95253;Total;11725
Indicador  3.9.2;1706;7;27;Alagoas;11725;2022;5;Mulheres;1140;0 a 4 anos;11725
Indicador  3.9.2;1706;0;27;Alagoas;11725;2022;5;Mulheres;1141;5 a 9 anos;11725
Indicador  3.9.2;1706;0;27;Alagoas;11725;2022;5;Mulheres;1142;10 a 14 anos;11725
Indicador  3.9.2;1706;0;27;Alagoas;11725;2022;5;Mulheres;1143;15 a 19 anos;11725
Indicador  3.9.2;1706;1;27;Alagoas;11725;2022;5;Mulheres;1144;20 a 24 anos;11725
Indicador  3.9.2;1706;0;27;Alagoas;11725;2022;5;Mulheres;1145;25 a 29 anos;11725
Indicador  3.9.2;1706;1;27;Alagoas;11725;2022;5;Mulheres;1146;30 a 34 anos;11725
Indicador  3.9.2;1706;0;27;Alagoas;11725;2022;5;Mulheres;1147;35 a 39 anos;11725
Indicador  3.9.2;1706;0;27;Alagoas;11725;2022;5;Mulheres;1148;40 a 44 anos;11725
Indicador  3.9.2;1706;5;27;Alagoas;11725;2022;5;Mulheres;1149;45 a 49 anos;11725
Indicador  3.9.2;1706;4;27;Alagoas;11725;2022;5;Mulheres;1150;50 a 54 anos;11725
Indicador  3.9.2;1706;4;27;Alagoas;11725;2022;5;Mulheres;1151;55 a 59 anos;11725
Indicador  3.9.2;1706;75;27;Alagoas;11725;2022;5;Mulheres;3302;60 anos ou mais;11725
Indicador  3.9.2;1706;104;28;Sergipe;11725;2018;6794;Total;95253;Total;11725
Indicador  3.9.2;1706;4;28;Sergipe;11725;2018;6794;Total;1140;0 a 4 anos;11725
Indicador  3.9.2;1706;0;28;Sergipe;11725;2018;6794;Total;1141;5 a 9 anos;11725
Indicador  3.9.2;1706;2;28;Sergipe;11725;2018;6794;Total;1142;10 a 14 anos;11725
Indicador  3.9.2;1706;2;28;Sergipe;11725;2018;6794;Total;1143;15 a 19 anos;11725
Indicador  3.9.2;1706;0;28;Sergipe;11725;2018;6794;Total;1144;20 a 24 anos;11725
Indicador  3.9.2;1706;0;28;Sergipe;11725;2018;6794;Total;1145;25 a 29 anos;11725
Indicador  3.9.2;1706;2;28;Sergipe;11725;2018;6794;Total;1146;30 a 34 anos;11725
Indicador  3.9.2;1706;0;28;Sergipe;11725;2018;6794;Total;1147;35 a 39 anos;11725
Indicador  3.9.2;1706;1;28;Sergipe;11725;2018;6794;Total;1148;40 a 44 anos;11725
Indicador  3.9.2;1706;2;28;Sergipe;11725;2018;6794;Total;1149;45 a 49 anos;11725
Indicador  3.9.2;1706;1;28;Sergipe;11725;2018;6794;Total;1150;50 a 54 anos;11725
Indicador  3.9.2;1706;4;28;Sergipe;11725;2018;6794;Total;1151;55 a 59 anos;11725
Indicador  3.9.2;1706;86;28;Sergipe;11725;2018;6794;Total;3302;60 anos ou mais;11725
Indicador  3.9.2;1706;43;28;Sergipe;11725;2018;4;Homens;95253;Total;11725
Indicador  3.9.2;1706;1;28;Sergipe;11725;2018;4;Homens;1140;0 a 4 anos;11725
Indicador  3.9.2;1706;0;28;Sergipe;11725;2018;4;Homens;1141;5 a 9 anos;11725
Indicador  3.9.2;1706;1;28;Sergipe;11725;2018;4;Homens;1142;10 a 14 anos;11725
Indicador  3.9.2;1706;1;28;Sergipe;11725;2018;4;Homens;1143;15 a 19 anos;11725
Indicador  3.9.2;1706;0;28;Sergipe;11725;2018;4;Homens;1144;20 a 24 anos;11725
Indicador  3.9.2;1706;0;28;Sergipe;11725;2018;4;Homens;1145;25 a 29 anos;11725
Indicador  3.9.2;1706;2;28;Sergipe;11725;2018;4;Homens;1146;30 a 34 anos;11725
Indicador  3.9.2;1706;0;28;Sergipe;11725;2018;4;Homens;1147;35 a 39 anos;11725
Indicador  3.9.2;1706;0;28;Sergipe;11725;2018;4;Homens;1148;40 a 44 anos;11725
Indicador  3.9.2;1706;2;28;Sergipe;11725;2018;4;Homens;1149;45 a 49 anos;11725
Indicador  3.9.2;1706;1;28;Sergipe;11725;2018;4;Homens;1150;50 a 54 anos;11725
Indicador  3.9.2;1706;2;28;Sergipe;11725;2018;4;Homens;1151;55 a 59 anos;11725
Indicador  3.9.2;1706;33;28;Sergipe;11725;2018;4;Homens;3302;60 anos ou mais;11725
Indicador  3.9.2;1706;61;28;Sergipe;11725;2018;5;Mulheres;95253;Total;11725
Indicador  3.9.2;1706;3;28;Sergipe;11725;2018;5;Mulheres;1140;0 a 4 anos;11725
Indicador  3.9.2;1706;0;28;Sergipe;11725;2018;5;Mulheres;1141;5 a 9 anos;11725
Indicador  3.9.2;1706;1;28;Sergipe;11725;2018;5;Mulheres;1142;10 a 14 anos;11725
Indicador  3.9.2;1706;1;28;Sergipe;11725;2018;5;Mulheres;1143;15 a 19 anos;11725
Indicador  3.9.2;1706;0;28;Sergipe;11725;2018;5;Mulheres;1144;20 a 24 anos;11725
Indicador  3.9.2;1706;0;28;Sergipe;11725;2018;5;Mulheres;1145;25 a 29 anos;11725
Indicador  3.9.2;1706;0;28;Sergipe;11725;2018;5;Mulheres;1146;30 a 34 anos;11725
Indicador  3.9.2;1706;0;28;Sergipe;11725;2018;5;Mulheres;1147;35 a 39 anos;11725
Indicador  3.9.2;1706;1;28;Sergipe;11725;2018;5;Mulheres;1148;40 a 44 anos;11725
Indicador  3.9.2;1706;0;28;Sergipe;11725;2018;5;Mulheres;1149;45 a 49 anos;11725
Indicador  3.9.2;1706;0;28;Sergipe;11725;2018;5;Mulheres;1150;50 a 54 anos;11725
Indicador  3.9.2;1706;2;28;Sergipe;11725;2018;5;Mulheres;1151;55 a 59 anos;11725
Indicador  3.9.2;1706;53;28;Sergipe;11725;2018;5;Mulheres;3302;60 anos ou mais;11725
Indicador  3.9.2;1706;114;28;Sergipe;11725;2019;6794;Total;95253;Total;11725
Indicador  3.9.2;1706;10;28;Sergipe;11725;2019;6794;Total;1140;0 a 4 anos;11725
Indicador  3.9.2;1706;0;28;Sergipe;11725;2019;6794;Total;1141;5 a 9 anos;11725
Indicador  3.9.2;1706;1;28;Sergipe;11725;2019;6794;Total;1142;10 a 14 anos;11725
Indicador  3.9.2;1706;0;28;Sergipe;11725;2019;6794;Total;1143;15 a 19 anos;11725
Indicador  3.9.2;1706;1;28;Sergipe;11725;2019;6794;Total;1144;20 a 24 anos;11725
Indicador  3.9.2;1706;1;28;Sergipe;11725;2019;6794;Total;1145;25 a 29 anos;11725
Indicador  3.9.2;1706;1;28;Sergipe;11725;2019;6794;Total;1146;30 a 34 anos;11725
Indicador  3.9.2;1706;1;28;Sergipe;11725;2019;6794;Total;1147;35 a 39 anos;11725
Indicador  3.9.2;1706;2;28;Sergipe;11725;2019;6794;Total;1148;40 a 44 anos;11725
Indicador  3.9.2;1706;0;28;Sergipe;11725;2019;6794;Total;1149;45 a 49 anos;11725
Indicador  3.9.2;1706;4;28;Sergipe;11725;2019;6794;Total;1150;50 a 54 anos;11725
Indicador  3.9.2;1706;6;28;Sergipe;11725;2019;6794;Total;1151;55 a 59 anos;11725
Indicador  3.9.2;1706;87;28;Sergipe;11725;2019;6794;Total;3302;60 anos ou mais;11725
Indicador  3.9.2;1706;53;28;Sergipe;11725;2019;4;Homens;95253;Total;11725
Indicador  3.9.2;1706;4;28;Sergipe;11725;2019;4;Homens;1140;0 a 4 anos;11725
Indicador  3.9.2;1706;0;28;Sergipe;11725;2019;4;Homens;1141;5 a 9 anos;11725
Indicador  3.9.2;1706;1;28;Sergipe;11725;2019;4;Homens;1142;10 a 14 anos;11725
Indicador  3.9.2;1706;0;28;Sergipe;11725;2019;4;Homens;1143;15 a 19 anos;11725
Indicador  3.9.2;1706;1;28;Sergipe;11725;2019;4;Homens;1144;20 a 24 anos;11725
Indicador  3.9.2;1706;1;28;Sergipe;11725;2019;4;Homens;1145;25 a 29 anos;11725
Indicador  3.9.2;1706;1;28;Sergipe;11725;2019;4;Homens;1146;30 a 34 anos;11725
Indicador  3.9.2;1706;0;28;Sergipe;11725;2019;4;Homens;1147;35 a 39 anos;11725
Indicador  3.9.2;1706;0;28;Sergipe;11725;2019;4;Homens;1148;40 a 44 anos;11725
Indicador  3.9.2;1706;0;28;Sergipe;11725;2019;4;Homens;1149;45 a 49 anos;11725
Indicador  3.9.2;1706;2;28;Sergipe;11725;2019;4;Homens;1150;50 a 54 anos;11725
Indicador  3.9.2;1706;4;28;Sergipe;11725;2019;4;Homens;1151;55 a 59 anos;11725
Indicador  3.9.2;1706;39;28;Sergipe;11725;2019;4;Homens;3302;60 anos ou mais;11725
Indicador  3.9.2;1706;61;28;Sergipe;11725;2019;5;Mulheres;95253;Total;11725
Indicador  3.9.2;1706;6;28;Sergipe;11725;2019;5;Mulheres;1140;0 a 4 anos;11725
Indicador  3.9.2;1706;0;28;Sergipe;11725;2019;5;Mulheres;1141;5 a 9 anos;11725
Indicador  3.9.2;1706;0;28;Sergipe;11725;2019;5;Mulheres;1142;10 a 14 anos;11725
Indicador  3.9.2;1706;0;28;Sergipe;11725;2019;5;Mulheres;1143;15 a 19 anos;11725
Indicador  3.9.2;1706;0;28;Sergipe;11725;2019;5;Mulheres;1144;20 a 24 anos;11725
Indicador  3.9.2;1706;0;28;Sergipe;11725;2019;5;Mulheres;1145;25 a 29 anos;11725
Indicador  3.9.2;1706;0;28;Sergipe;11725;2019;5;Mulheres;1146;30 a 34 anos;11725
Indicador  3.9.2;1706;1;28;Sergipe;11725;2019;5;Mulheres;1147;35 a 39 anos;11725
Indicador  3.9.2;1706;2;28;Sergipe;11725;2019;5;Mulheres;1148;40 a 44 anos;11725
Indicador  3.9.2;1706;0;28;Sergipe;11725;2019;5;Mulheres;1149;45 a 49 anos;11725
Indicador  3.9.2;1706;2;28;Sergipe;11725;2019;5;Mulheres;1150;50 a 54 anos;11725
Indicador  3.9.2;1706;2;28;Sergipe;11725;2019;5;Mulheres;1151;55 a 59 anos;11725
Indicador  3.9.2;1706;48;28;Sergipe;11725;2019;5;Mulheres;3302;60 anos ou mais;11725
Indicador  3.9.2;1706;96;28;Sergipe;11725;2020;6794;Total;95253;Total;11725
Indicador  3.9.2;1706;9;28;Sergipe;11725;2020;6794;Total;1140;0 a 4 anos;11725
Indicador  3.9.2;1706;2;28;Sergipe;11725;2020;6794;Total;1141;5 a 9 anos;11725
Indicador  3.9.2;1706;0;28;Sergipe;11725;2020;6794;Total;1142;10 a 14 anos;11725
Indicador  3.9.2;1706;1;28;Sergipe;11725;2020;6794;Total;1143;15 a 19 anos;11725
Indicador  3.9.2;1706;1;28;Sergipe;11725;2020;6794;Total;1144;20 a 24 anos;11725
Indicador  3.9.2;1706;1;28;Sergipe;11725;2020;6794;Total;1145;25 a 29 anos;11725
Indicador  3.9.2;1706;0;28;Sergipe;11725;2020;6794;Total;1146;30 a 34 anos;11725
Indicador  3.9.2;1706;3;28;Sergipe;11725;2020;6794;Total;1147;35 a 39 anos;11725
Indicador  3.9.2;1706;3;28;Sergipe;11725;2020;6794;Total;1148;40 a 44 anos;11725
Indicador  3.9.2;1706;2;28;Sergipe;11725;2020;6794;Total;1149;45 a 49 anos;11725
Indicador  3.9.2;1706;5;28;Sergipe;11725;2020;6794;Total;1150;50 a 54 anos;11725
Indicador  3.9.2;1706;2;28;Sergipe;11725;2020;6794;Total;1151;55 a 59 anos;11725
Indicador  3.9.2;1706;67;28;Sergipe;11725;2020;6794;Total;3302;60 anos ou mais;11725
Indicador  3.9.2;1706;42;28;Sergipe;11725;2020;4;Homens;95253;Total;11725
Indicador  3.9.2;1706;4;28;Sergipe;11725;2020;4;Homens;1140;0 a 4 anos;11725
Indicador  3.9.2;1706;1;28;Sergipe;11725;2020;4;Homens;1141;5 a 9 anos;11725
Indicador  3.9.2;1706;0;28;Sergipe;11725;2020;4;Homens;1142;10 a 14 anos;11725
Indicador  3.9.2;1706;0;28;Sergipe;11725;2020;4;Homens;1143;15 a 19 anos;11725
Indicador  3.9.2;1706;0;28;Sergipe;11725;2020;4;Homens;1144;20 a 24 anos;11725
Indicador  3.9.2;1706;1;28;Sergipe;11725;2020;4;Homens;1145;25 a 29 anos;11725
Indicador  3.9.2;1706;0;28;Sergipe;11725;2020;4;Homens;1146;30 a 34 anos;11725
Indicador  3.9.2;1706;2;28;Sergipe;11725;2020;4;Homens;1147;35 a 39 anos;11725
Indicador  3.9.2;1706;1;28;Sergipe;11725;2020;4;Homens;1148;40 a 44 anos;11725
Indicador  3.9.2;1706;2;28;Sergipe;11725;2020;4;Homens;1149;45 a 49 anos;11725
Indicador  3.9.2;1706;1;28;Sergipe;11725;2020;4;Homens;1150;50 a 54 anos;11725
Indicador  3.9.2;1706;1;28;Sergipe;11725;2020;4;Homens;1151;55 a 59 anos;11725
Indicador  3.9.2;1706;29;28;Sergipe;11725;2020;4;Homens;3302;60 anos ou mais;11725
Indicador  3.9.2;1706;54;28;Sergipe;11725;2020;5;Mulheres;95253;Total;11725
Indicador  3.9.2;1706;5;28;Sergipe;11725;2020;5;Mulheres;1140;0 a 4 anos;11725
Indicador  3.9.2;1706;1;28;Sergipe;11725;2020;5;Mulheres;1141;5 a 9 anos;11725
Indicador  3.9.2;1706;0;28;Sergipe;11725;2020;5;Mulheres;1142;10 a 14 anos;11725
Indicador  3.9.2;1706;1;28;Sergipe;11725;2020;5;Mulheres;1143;15 a 19 anos;11725
Indicador  3.9.2;1706;1;28;Sergipe;11725;2020;5;Mulheres;1144;20 a 24 anos;11725
Indicador  3.9.2;1706;0;28;Sergipe;11725;2020;5;Mulheres;1145;25 a 29 anos;11725
Indicador  3.9.2;1706;0;28;Sergipe;11725;2020;5;Mulheres;1146;30 a 34 anos;11725
Indicador  3.9.2;1706;1;28;Sergipe;11725;2020;5;Mulheres;1147;35 a 39 anos;11725
Indicador  3.9.2;1706;2;28;Sergipe;11725;2020;5;Mulheres;1148;40 a 44 anos;11725
Indicador  3.9.2;1706;0;28;Sergipe;11725;2020;5;Mulheres;1149;45 a 49 anos;11725
Indicador  3.9.2;1706;4;28;Sergipe;11725;2020;5;Mulheres;1150;50 a 54 anos;11725
Indicador  3.9.2;1706;1;28;Sergipe;11725;2020;5;Mulheres;1151;55 a 59 anos;11725
Indicador  3.9.2;1706;38;28;Sergipe;11725;2020;5;Mulheres;3302;60 anos ou mais;11725
Indicador  3.9.2;1706;110;28;Sergipe;11725;2021;6794;Total;95253;Total;11725
Indicador  3.9.2;1706;7;28;Sergipe;11725;2021;6794;Total;1140;0 a 4 anos;11725
Indicador  3.9.2;1706;1;28;Sergipe;11725;2021;6794;Total;1141;5 a 9 anos;11725
Indicador  3.9.2;1706;0;28;Sergipe;11725;2021;6794;Total;1142;10 a 14 anos;11725
Indicador  3.9.2;1706;1;28;Sergipe;11725;2021;6794;Total;1143;15 a 19 anos;11725
Indicador  3.9.2;1706;1;28;Sergipe;11725;2021;6794;Total;1144;20 a 24 anos;11725
Indicador  3.9.2;1706;2;28;Sergipe;11725;2021;6794;Total;1145;25 a 29 anos;11725
Indicador  3.9.2;1706;0;28;Sergipe;11725;2021;6794;Total;1146;30 a 34 anos;11725
Indicador  3.9.2;1706;2;28;Sergipe;11725;2021;6794;Total;1147;35 a 39 anos;11725
Indicador  3.9.2;1706;3;28;Sergipe;11725;2021;6794;Total;1148;40 a 44 anos;11725
Indicador  3.9.2;1706;1;28;Sergipe;11725;2021;6794;Total;1149;45 a 49 anos;11725
Indicador  3.9.2;1706;5;28;Sergipe;11725;2021;6794;Total;1150;50 a 54 anos;11725
Indicador  3.9.2;1706;7;28;Sergipe;11725;2021;6794;Total;1151;55 a 59 anos;11725
Indicador  3.9.2;1706;80;28;Sergipe;11725;2021;6794;Total;3302;60 anos ou mais;11725
Indicador  3.9.2;1706;56;28;Sergipe;11725;2021;4;Homens;95253;Total;11725
Indicador  3.9.2;1706;4;28;Sergipe;11725;2021;4;Homens;1140;0 a 4 anos;11725
Indicador  3.9.2;1706;1;28;Sergipe;11725;2021;4;Homens;1141;5 a 9 anos;11725
Indicador  3.9.2;1706;0;28;Sergipe;11725;2021;4;Homens;1142;10 a 14 anos;11725
Indicador  3.9.2;1706;1;28;Sergipe;11725;2021;4;Homens;1143;15 a 19 anos;11725
Indicador  3.9.2;1706;1;28;Sergipe;11725;2021;4;Homens;1144;20 a 24 anos;11725
Indicador  3.9.2;1706;2;28;Sergipe;11725;2021;4;Homens;1145;25 a 29 anos;11725
Indicador  3.9.2;1706;0;28;Sergipe;11725;2021;4;Homens;1146;30 a 34 anos;11725
Indicador  3.9.2;1706;2;28;Sergipe;11725;2021;4;Homens;1147;35 a 39 anos;11725
Indicador  3.9.2;1706;1;28;Sergipe;11725;2021;4;Homens;1148;40 a 44 anos;11725
Indicador  3.9.2;1706;0;28;Sergipe;11725;2021;4;Homens;1149;45 a 49 anos;11725
Indicador  3.9.2;1706;3;28;Sergipe;11725;2021;4;Homens;1150;50 a 54 anos;11725
Indicador  3.9.2;1706;3;28;Sergipe;11725;2021;4;Homens;1151;55 a 59 anos;11725
Indicador  3.9.2;1706;38;28;Sergipe;11725;2021;4;Homens;3302;60 anos ou mais;11725
Indicador  3.9.2;1706;54;28;Sergipe;11725;2021;5;Mulheres;95253;Total;11725
Indicador  3.9.2;1706;3;28;Sergipe;11725;2021;5;Mulheres;1140;0 a 4 anos;11725
Indicador  3.9.2;1706;0;28;Sergipe;11725;2021;5;Mulheres;1141;5 a 9 anos;11725
Indicador  3.9.2;1706;0;28;Sergipe;11725;2021;5;Mulheres;1142;10 a 14 anos;11725
Indicador  3.9.2;1706;0;28;Sergipe;11725;2021;5;Mulheres;1143;15 a 19 anos;11725
Indicador  3.9.2;1706;0;28;Sergipe;11725;2021;5;Mulheres;1144;20 a 24 anos;11725
Indicador  3.9.2;1706;0;28;Sergipe;11725;2021;5;Mulheres;1145;25 a 29 anos;11725
Indicador  3.9.2;1706;0;28;Sergipe;11725;2021;5;Mulheres;1146;30 a 34 anos;11725
Indicador  3.9.2;1706;0;28;Sergipe;11725;2021;5;Mulheres;1147;35 a 39 anos;11725
Indicador  3.9.2;1706;2;28;Sergipe;11725;2021;5;Mulheres;1148;40 a 44 anos;11725
Indicador  3.9.2;1706;1;28;Sergipe;11725;2021;5;Mulheres;1149;45 a 49 anos;11725
Indicador  3.9.2;1706;2;28;Sergipe;11725;2021;5;Mulheres;1150;50 a 54 anos;11725
Indicador  3.9.2;1706;4;28;Sergipe;11725;2021;5;Mulheres;1151;55 a 59 anos;11725
Indicador  3.9.2;1706;42;28;Sergipe;11725;2021;5;Mulheres;3302;60 anos ou mais;11725
Indicador  3.9.2;1706;89;28;Sergipe;11725;2022;6794;Total;95253;Total;11725
Indicador  3.9.2;1706;13;28;Sergipe;11725;2022;6794;Total;1140;0 a 4 anos;11725
Indicador  3.9.2;1706;0;28;Sergipe;11725;2022;6794;Total;1141;5 a 9 anos;11725
Indicador  3.9.2;1706;2;28;Sergipe;11725;2022;6794;Total;1142;10 a 14 anos;11725
Indicador  3.9.2;1706;0;28;Sergipe;11725;2022;6794;Total;1143;15 a 19 anos;11725
Indicador  3.9.2;1706;2;28;Sergipe;11725;2022;6794;Total;1144;20 a 24 anos;11725
Indicador  3.9.2;1706;0;28;Sergipe;11725;2022;6794;Total;1145;25 a 29 anos;11725
Indicador  3.9.2;1706;0;28;Sergipe;11725;2022;6794;Total;1146;30 a 34 anos;11725
Indicador  3.9.2;1706;2;28;Sergipe;11725;2022;6794;Total;1147;35 a 39 anos;11725
Indicador  3.9.2;1706;0;28;Sergipe;11725;2022;6794;Total;1148;40 a 44 anos;11725
Indicador  3.9.2;1706;2;28;Sergipe;11725;2022;6794;Total;1149;45 a 49 anos;11725
Indicador  3.9.2;1706;1;28;Sergipe;11725;2022;6794;Total;1150;50 a 54 anos;11725
Indicador  3.9.2;1706;3;28;Sergipe;11725;2022;6794;Total;1151;55 a 59 anos;11725
Indicador  3.9.2;1706;64;28;Sergipe;11725;2022;6794;Total;3302;60 anos ou mais;11725
Indicador  3.9.2;1706;49;28;Sergipe;11725;2022;4;Homens;95253;Total;11725
Indicador  3.9.2;1706;9;28;Sergipe;11725;2022;4;Homens;1140;0 a 4 anos;11725
Indicador  3.9.2;1706;0;28;Sergipe;11725;2022;4;Homens;1141;5 a 9 anos;11725
Indicador  3.9.2;1706;2;28;Sergipe;11725;2022;4;Homens;1142;10 a 14 anos;11725
Indicador  3.9.2;1706;0;28;Sergipe;11725;2022;4;Homens;1143;15 a 19 anos;11725
Indicador  3.9.2;1706;2;28;Sergipe;11725;2022;4;Homens;1144;20 a 24 anos;11725
Indicador  3.9.2;1706;0;28;Sergipe;11725;2022;4;Homens;1145;25 a 29 anos;11725
Indicador  3.9.2;1706;0;28;Sergipe;11725;2022;4;Homens;1146;30 a 34 anos;11725
Indicador  3.9.2;1706;2;28;Sergipe;11725;2022;4;Homens;1147;35 a 39 anos;11725
Indicador  3.9.2;1706;0;28;Sergipe;11725;2022;4;Homens;1148;40 a 44 anos;11725
Indicador  3.9.2;1706;1;28;Sergipe;11725;2022;4;Homens;1149;45 a 49 anos;11725
Indicador  3.9.2;1706;1;28;Sergipe;11725;2022;4;Homens;1150;50 a 54 anos;11725
Indicador  3.9.2;1706;2;28;Sergipe;11725;2022;4;Homens;1151;55 a 59 anos;11725
Indicador  3.9.2;1706;30;28;Sergipe;11725;2022;4;Homens;3302;60 anos ou mais;11725
Indicador  3.9.2;1706;40;28;Sergipe;11725;2022;5;Mulheres;95253;Total;11725
Indicador  3.9.2;1706;4;28;Sergipe;11725;2022;5;Mulheres;1140;0 a 4 anos;11725
Indicador  3.9.2;1706;0;28;Sergipe;11725;2022;5;Mulheres;1141;5 a 9 anos;11725
Indicador  3.9.2;1706;0;28;Sergipe;11725;2022;5;Mulheres;1142;10 a 14 anos;11725
Indicador  3.9.2;1706;0;28;Sergipe;11725;2022;5;Mulheres;1143;15 a 19 anos;11725
Indicador  3.9.2;1706;0;28;Sergipe;11725;2022;5;Mulheres;1144;20 a 24 anos;11725
Indicador  3.9.2;1706;0;28;Sergipe;11725;2022;5;Mulheres;1145;25 a 29 anos;11725
Indicador  3.9.2;1706;0;28;Sergipe;11725;2022;5;Mulheres;1146;30 a 34 anos;11725
Indicador  3.9.2;1706;0;28;Sergipe;11725;2022;5;Mulheres;1147;35 a 39 anos;11725
Indicador  3.9.2;1706;0;28;Sergipe;11725;2022;5;Mulheres;1148;40 a 44 anos;11725
Indicador  3.9.2;1706;1;28;Sergipe;11725;2022;5;Mulheres;1149;45 a 49 anos;11725
Indicador  3.9.2;1706;0;28;Sergipe;11725;2022;5;Mulheres;1150;50 a 54 anos;11725
Indicador  3.9.2;1706;1;28;Sergipe;11725;2022;5;Mulheres;1151;55 a 59 anos;11725
Indicador  3.9.2;1706;34;28;Sergipe;11725;2022;5;Mulheres;3302;60 anos ou mais;11725
Indicador  3.9.2;1706;901;29;Bahia;11725;2018;6794;Total;95253;Total;11725
Indicador  3.9.2;1706;62;29;Bahia;11725;2018;6794;Total;1140;0 a 4 anos;11725
Indicador  3.9.2;1706;5;29;Bahia;11725;2018;6794;Total;1141;5 a 9 anos;11725
Indicador  3.9.2;1706;9;29;Bahia;11725;2018;6794;Total;1142;10 a 14 anos;11725
Indicador  3.9.2;1706;4;29;Bahia;11725;2018;6794;Total;1143;15 a 19 anos;11725
Indicador  3.9.2;1706;3;29;Bahia;11725;2018;6794;Total;1144;20 a 24 anos;11725
Indicador  3.9.2;1706;5;29;Bahia;11725;2018;6794;Total;1145;25 a 29 anos;11725
Indicador  3.9.2;1706;9;29;Bahia;11725;2018;6794;Total;1146;30 a 34 anos;11725
Indicador  3.9.2;1706;14;29;Bahia;11725;2018;6794;Total;1147;35 a 39 anos;11725
Indicador  3.9.2;1706;12;29;Bahia;11725;2018;6794;Total;1148;40 a 44 anos;11725
Indicador  3.9.2;1706;22;29;Bahia;11725;2018;6794;Total;1149;45 a 49 anos;11725
Indicador  3.9.2;1706;30;29;Bahia;11725;2018;6794;Total;1150;50 a 54 anos;11725
Indicador  3.9.2;1706;27;29;Bahia;11725;2018;6794;Total;1151;55 a 59 anos;11725
Indicador  3.9.2;1706;699;29;Bahia;11725;2018;6794;Total;3302;60 anos ou mais;11725
Indicador  3.9.2;1706;461;29;Bahia;11725;2018;4;Homens;95253;Total;11725
Indicador  3.9.2;1706;40;29;Bahia;11725;2018;4;Homens;1140;0 a 4 anos;11725
Indicador  3.9.2;1706;4;29;Bahia;11725;2018;4;Homens;1141;5 a 9 anos;11725
Indicador  3.9.2;1706;4;29;Bahia;11725;2018;4;Homens;1142;10 a 14 anos;11725
Indicador  3.9.2;1706;3;29;Bahia;11725;2018;4;Homens;1143;15 a 19 anos;11725
Indicador  3.9.2;1706;2;29;Bahia;11725;2018;4;Homens;1144;20 a 24 anos;11725
Indicador  3.9.2;1706;4;29;Bahia;11725;2018;4;Homens;1145;25 a 29 anos;11725
Indicador  3.9.2;1706;5;29;Bahia;11725;2018;4;Homens;1146;30 a 34 anos;11725
Indicador  3.9.2;1706;9;29;Bahia;11725;2018;4;Homens;1147;35 a 39 anos;11725
Indicador  3.9.2;1706;8;29;Bahia;11725;2018;4;Homens;1148;40 a 44 anos;11725
Indicador  3.9.2;1706;11;29;Bahia;11725;2018;4;Homens;1149;45 a 49 anos;11725
Indicador  3.9.2;1706;23;29;Bahia;11725;2018;4;Homens;1150;50 a 54 anos;11725
Indicador  3.9.2;1706;14;29;Bahia;11725;2018;4;Homens;1151;55 a 59 anos;11725
Indicador  3.9.2;1706;334;29;Bahia;11725;2018;4;Homens;3302;60 anos ou mais;11725
Indicador  3.9.2;1706;440;29;Bahia;11725;2018;5;Mulheres;95253;Total;11725
Indicador  3.9.2;1706;22;29;Bahia;11725;2018;5;Mulheres;1140;0 a 4 anos;11725
Indicador  3.9.2;1706;1;29;Bahia;11725;2018;5;Mulheres;1141;5 a 9 anos;11725
Indicador  3.9.2;1706;5;29;Bahia;11725;2018;5;Mulheres;1142;10 a 14 anos;11725
Indicador  3.9.2;1706;1;29;Bahia;11725;2018;5;Mulheres;1143;15 a 19 anos;11725
Indicador  3.9.2;1706;1;29;Bahia;11725;2018;5;Mulheres;1144;20 a 24 anos;11725
Indicador  3.9.2;1706;1;29;Bahia;11725;2018;5;Mulheres;1145;25 a 29 anos;11725
Indicador  3.9.2;1706;4;29;Bahia;11725;2018;5;Mulheres;1146;30 a 34 anos;11725
Indicador  3.9.2;1706;5;29;Bahia;11725;2018;5;Mulheres;1147;35 a 39 anos;11725
Indicador  3.9.2;1706;4;29;Bahia;11725;2018;5;Mulheres;1148;40 a 44 anos;11725
Indicador  3.9.2;1706;11;29;Bahia;11725;2018;5;Mulheres;1149;45 a 49 anos;11725
Indicador  3.9.2;1706;7;29;Bahia;11725;2018;5;Mulheres;1150;50 a 54 anos;11725
Indicador  3.9.2;1706;13;29;Bahia;11725;2018;5;Mulheres;1151;55 a 59 anos;11725
Indicador  3.9.2;1706;365;29;Bahia;11725;2018;5;Mulheres;3302;60 anos ou mais;11725
Indicador  3.9.2;1706;956;29;Bahia;11725;2019;6794;Total;95253;Total;11725
Indicador  3.9.2;1706;52;29;Bahia;11725;2019;6794;Total;1140;0 a 4 anos;11725
Indicador  3.9.2;1706;5;29;Bahia;11725;2019;6794;Total;1141;5 a 9 anos;11725
Indicador  3.9.2;1706;7;29;Bahia;11725;2019;6794;Total;1142;10 a 14 anos;11725
Indicador  3.9.2;1706;4;29;Bahia;11725;2019;6794;Total;1143;15 a 19 anos;11725
Indicador  3.9.2;1706;7;29;Bahia;11725;2019;6794;Total;1144;20 a 24 anos;11725
Indicador  3.9.2;1706;4;29;Bahia;11725;2019;6794;Total;1145;25 a 29 anos;11725
Indicador  3.9.2;1706;6;29;Bahia;11725;2019;6794;Total;1146;30 a 34 anos;11725
Indicador  3.9.2;1706;9;29;Bahia;11725;2019;6794;Total;1147;35 a 39 anos;11725
Indicador  3.9.2;1706;14;29;Bahia;11725;2019;6794;Total;1148;40 a 44 anos;11725
Indicador  3.9.2;1706;12;29;Bahia;11725;2019;6794;Total;1149;45 a 49 anos;11725
Indicador  3.9.2;1706;25;29;Bahia;11725;2019;6794;Total;1150;50 a 54 anos;11725
Indicador  3.9.2;1706;27;29;Bahia;11725;2019;6794;Total;1151;55 a 59 anos;11725
Indicador  3.9.2;1706;783;29;Bahia;11725;2019;6794;Total;3302;60 anos ou mais;11725
Indicador  3.9.2;1706;459;29;Bahia;11725;2019;4;Homens;95253;Total;11725
Indicador  3.9.2;1706;28;29;Bahia;11725;2019;4;Homens;1140;0 a 4 anos;11725
Indicador  3.9.2;1706;2;29;Bahia;11725;2019;4;Homens;1141;5 a 9 anos;11725
Indicador  3.9.2;1706;4;29;Bahia;11725;2019;4;Homens;1142;10 a 14 anos;11725
Indicador  3.9.2;1706;2;29;Bahia;11725;2019;4;Homens;1143;15 a 19 anos;11725
Indicador  3.9.2;1706;4;29;Bahia;11725;2019;4;Homens;1144;20 a 24 anos;11725
Indicador  3.9.2;1706;2;29;Bahia;11725;2019;4;Homens;1145;25 a 29 anos;11725
Indicador  3.9.2;1706;4;29;Bahia;11725;2019;4;Homens;1146;30 a 34 anos;11725
Indicador  3.9.2;1706;4;29;Bahia;11725;2019;4;Homens;1147;35 a 39 anos;11725
Indicador  3.9.2;1706;6;29;Bahia;11725;2019;4;Homens;1148;40 a 44 anos;11725
Indicador  3.9.2;1706;9;29;Bahia;11725;2019;4;Homens;1149;45 a 49 anos;11725
Indicador  3.9.2;1706;16;29;Bahia;11725;2019;4;Homens;1150;50 a 54 anos;11725
Indicador  3.9.2;1706;18;29;Bahia;11725;2019;4;Homens;1151;55 a 59 anos;11725
Indicador  3.9.2;1706;359;29;Bahia;11725;2019;4;Homens;3302;60 anos ou mais;11725
Indicador  3.9.2;1706;497;29;Bahia;11725;2019;5;Mulheres;95253;Total;11725
Indicador  3.9.2;1706;24;29;Bahia;11725;2019;5;Mulheres;1140;0 a 4 anos;11725
Indicador  3.9.2;1706;3;29;Bahia;11725;2019;5;Mulheres;1141;5 a 9 anos;11725
Indicador  3.9.2;1706;3;29;Bahia;11725;2019;5;Mulheres;1142;10 a 14 anos;11725
Indicador  3.9.2;1706;2;29;Bahia;11725;2019;5;Mulheres;1143;15 a 19 anos;11725
Indicador  3.9.2;1706;3;29;Bahia;11725;2019;5;Mulheres;1144;20 a 24 anos;11725
Indicador  3.9.2;1706;2;29;Bahia;11725;2019;5;Mulheres;1145;25 a 29 anos;11725
Indicador  3.9.2;1706;2;29;Bahia;11725;2019;5;Mulheres;1146;30 a 34 anos;11725
Indicador  3.9.2;1706;5;29;Bahia;11725;2019;5;Mulheres;1147;35 a 39 anos;11725
Indicador  3.9.2;1706;8;29;Bahia;11725;2019;5;Mulheres;1148;40 a 44 anos;11725
Indicador  3.9.2;1706;3;29;Bahia;11725;2019;5;Mulheres;1149;45 a 49 anos;11725
Indicador  3.9.2;1706;9;29;Bahia;11725;2019;5;Mulheres;1150;50 a 54 anos;11725
Indicador  3.9.2;1706;9;29;Bahia;11725;2019;5;Mulheres;1151;55 a 59 anos;11725
Indicador  3.9.2;1706;424;29;Bahia;11725;2019;5;Mulheres;3302;60 anos ou mais;11725
Indicador  3.9.2;1706;889;29;Bahia;11725;2020;6794;Total;95253;Total;11725
Indicador  3.9.2;1706;48;29;Bahia;11725;2020;6794;Total;1140;0 a 4 anos;11725
Indicador  3.9.2;1706;3;29;Bahia;11725;2020;6794;Total;1141;5 a 9 anos;11725
Indicador  3.9.2;1706;3;29;Bahia;11725;2020;6794;Total;1142;10 a 14 anos;11725
Indicador  3.9.2;1706;5;29;Bahia;11725;2020;6794;Total;1143;15 a 19 anos;11725
Indicador  3.9.2;1706;2;29;Bahia;11725;2020;6794;Total;1144;20 a 24 anos;11725
Indicador  3.9.2;1706;7;29;Bahia;11725;2020;6794;Total;1145;25 a 29 anos;11725
Indicador  3.9.2;1706;11;29;Bahia;11725;2020;6794;Total;1146;30 a 34 anos;11725
Indicador  3.9.2;1706;7;29;Bahia;11725;2020;6794;Total;1147;35 a 39 anos;11725
Indicador  3.9.2;1706;18;29;Bahia;11725;2020;6794;Total;1148;40 a 44 anos;11725
Indicador  3.9.2;1706;10;29;Bahia;11725;2020;6794;Total;1149;45 a 49 anos;11725
Indicador  3.9.2;1706;21;29;Bahia;11725;2020;6794;Total;1150;50 a 54 anos;11725
Indicador  3.9.2;1706;30;29;Bahia;11725;2020;6794;Total;1151;55 a 59 anos;11725
Indicador  3.9.2;1706;721;29;Bahia;11725;2020;6794;Total;3302;60 anos ou mais;11725
Indicador  3.9.2;1706;446;29;Bahia;11725;2020;4;Homens;95253;Total;11725
Indicador  3.9.2;1706;29;29;Bahia;11725;2020;4;Homens;1140;0 a 4 anos;11725
Indicador  3.9.2;1706;3;29;Bahia;11725;2020;4;Homens;1141;5 a 9 anos;11725
Indicador  3.9.2;1706;2;29;Bahia;11725;2020;4;Homens;1142;10 a 14 anos;11725
Indicador  3.9.2;1706;5;29;Bahia;11725;2020;4;Homens;1143;15 a 19 anos;11725
Indicador  3.9.2;1706;2;29;Bahia;11725;2020;4;Homens;1144;20 a 24 anos;11725
Indicador  3.9.2;1706;6;29;Bahia;11725;2020;4;Homens;1145;25 a 29 anos;11725
Indicador  3.9.2;1706;7;29;Bahia;11725;2020;4;Homens;1146;30 a 34 anos;11725
Indicador  3.9.2;1706;5;29;Bahia;11725;2020;4;Homens;1147;35 a 39 anos;11725
Indicador  3.9.2;1706;14;29;Bahia;11725;2020;4;Homens;1148;40 a 44 anos;11725
Indicador  3.9.2;1706;5;29;Bahia;11725;2020;4;Homens;1149;45 a 49 anos;11725
Indicador  3.9.2;1706;13;29;Bahia;11725;2020;4;Homens;1150;50 a 54 anos;11725
Indicador  3.9.2;1706;16;29;Bahia;11725;2020;4;Homens;1151;55 a 59 anos;11725
Indicador  3.9.2;1706;338;29;Bahia;11725;2020;4;Homens;3302;60 anos ou mais;11725
Indicador  3.9.2;1706;442;29;Bahia;11725;2020;5;Mulheres;95253;Total;11725
Indicador  3.9.2;1706;19;29;Bahia;11725;2020;5;Mulheres;1140;0 a 4 anos;11725
Indicador  3.9.2;1706;0;29;Bahia;11725;2020;5;Mulheres;1141;5 a 9 anos;11725
Indicador  3.9.2;1706;1;29;Bahia;11725;2020;5;Mulheres;1142;10 a 14 anos;11725
Indicador  3.9.2;1706;0;29;Bahia;11725;2020;5;Mulheres;1143;15 a 19 anos;11725
Indicador  3.9.2;1706;0;29;Bahia;11725;2020;5;Mulheres;1144;20 a 24 anos;11725
Indicador  3.9.2;1706;1;29;Bahia;11725;2020;5;Mulheres;1145;25 a 29 anos;11725
Indicador  3.9.2;1706;4;29;Bahia;11725;2020;5;Mulheres;1146;30 a 34 anos;11725
Indicador  3.9.2;1706;2;29;Bahia;11725;2020;5;Mulheres;1147;35 a 39 anos;11725
Indicador  3.9.2;1706;4;29;Bahia;11725;2020;5;Mulheres;1148;40 a 44 anos;11725
Indicador  3.9.2;1706;5;29;Bahia;11725;2020;5;Mulheres;1149;45 a 49 anos;11725
Indicador  3.9.2;1706;8;29;Bahia;11725;2020;5;Mulheres;1150;50 a 54 anos;11725
Indicador  3.9.2;1706;14;29;Bahia;11725;2020;5;Mulheres;1151;55 a 59 anos;11725
Indicador  3.9.2;1706;383;29;Bahia;11725;2020;5;Mulheres;3302;60 anos ou mais;11725
Indicador  3.9.2;1706;813;29;Bahia;11725;2021;6794;Total;95253;Total;11725
Indicador  3.9.2;1706;52;29;Bahia;11725;2021;6794;Total;1140;0 a 4 anos;11725
Indicador  3.9.2;1706;5;29;Bahia;11725;2021;6794;Total;1141;5 a 9 anos;11725
Indicador  3.9.2;1706;6;29;Bahia;11725;2021;6794;Total;1142;10 a 14 anos;11725
Indicador  3.9.2;1706;3;29;Bahia;11725;2021;6794;Total;1143;15 a 19 anos;11725
Indicador  3.9.2;1706;4;29;Bahia;11725;2021;6794;Total;1144;20 a 24 anos;11725
Indicador  3.9.2;1706;6;29;Bahia;11725;2021;6794;Total;1145;25 a 29 anos;11725
Indicador  3.9.2;1706;10;29;Bahia;11725;2021;6794;Total;1146;30 a 34 anos;11725
Indicador  3.9.2;1706;10;29;Bahia;11725;2021;6794;Total;1147;35 a 39 anos;11725
Indicador  3.9.2;1706;22;29;Bahia;11725;2021;6794;Total;1148;40 a 44 anos;11725
Indicador  3.9.2;1706;17;29;Bahia;11725;2021;6794;Total;1149;45 a 49 anos;11725
Indicador  3.9.2;1706;24;29;Bahia;11725;2021;6794;Total;1150;50 a 54 anos;11725
Indicador  3.9.2;1706;19;29;Bahia;11725;2021;6794;Total;1151;55 a 59 anos;11725
Indicador  3.9.2;1706;635;29;Bahia;11725;2021;6794;Total;3302;60 anos ou mais;11725
Indicador  3.9.2;1706;429;29;Bahia;11725;2021;4;Homens;95253;Total;11725
Indicador  3.9.2;1706;33;29;Bahia;11725;2021;4;Homens;1140;0 a 4 anos;11725
Indicador  3.9.2;1706;3;29;Bahia;11725;2021;4;Homens;1141;5 a 9 anos;11725
Indicador  3.9.2;1706;0;29;Bahia;11725;2021;4;Homens;1142;10 a 14 anos;11725
Indicador  3.9.2;1706;2;29;Bahia;11725;2021;4;Homens;1143;15 a 19 anos;11725
Indicador  3.9.2;1706;3;29;Bahia;11725;2021;4;Homens;1144;20 a 24 anos;11725
Indicador  3.9.2;1706;4;29;Bahia;11725;2021;4;Homens;1145;25 a 29 anos;11725
Indicador  3.9.2;1706;5;29;Bahia;11725;2021;4;Homens;1146;30 a 34 anos;11725
Indicador  3.9.2;1706;6;29;Bahia;11725;2021;4;Homens;1147;35 a 39 anos;11725
Indicador  3.9.2;1706;16;29;Bahia;11725;2021;4;Homens;1148;40 a 44 anos;11725
Indicador  3.9.2;1706;9;29;Bahia;11725;2021;4;Homens;1149;45 a 49 anos;11725
Indicador  3.9.2;1706;16;29;Bahia;11725;2021;4;Homens;1150;50 a 54 anos;11725
Indicador  3.9.2;1706;13;29;Bahia;11725;2021;4;Homens;1151;55 a 59 anos;11725
Indicador  3.9.2;1706;319;29;Bahia;11725;2021;4;Homens;3302;60 anos ou mais;11725
Indicador  3.9.2;1706;384;29;Bahia;11725;2021;5;Mulheres;95253;Total;11725
Indicador  3.9.2;1706;19;29;Bahia;11725;2021;5;Mulheres;1140;0 a 4 anos;11725
Indicador  3.9.2;1706;2;29;Bahia;11725;2021;5;Mulheres;1141;5 a 9 anos;11725
Indicador  3.9.2;1706;6;29;Bahia;11725;2021;5;Mulheres;1142;10 a 14 anos;11725
Indicador  3.9.2;1706;1;29;Bahia;11725;2021;5;Mulheres;1143;15 a 19 anos;11725
Indicador  3.9.2;1706;1;29;Bahia;11725;2021;5;Mulheres;1144;20 a 24 anos;11725
Indicador  3.9.2;1706;2;29;Bahia;11725;2021;5;Mulheres;1145;25 a 29 anos;11725
Indicador  3.9.2;1706;5;29;Bahia;11725;2021;5;Mulheres;1146;30 a 34 anos;11725
Indicador  3.9.2;1706;4;29;Bahia;11725;2021;5;Mulheres;1147;35 a 39 anos;11725
Indicador  3.9.2;1706;6;29;Bahia;11725;2021;5;Mulheres;1148;40 a 44 anos;11725
Indicador  3.9.2;1706;8;29;Bahia;11725;2021;5;Mulheres;1149;45 a 49 anos;11725
Indicador  3.9.2;1706;8;29;Bahia;11725;2021;5;Mulheres;1150;50 a 54 anos;11725
Indicador  3.9.2;1706;6;29;Bahia;11725;2021;5;Mulheres;1151;55 a 59 anos;11725
Indicador  3.9.2;1706;316;29;Bahia;11725;2021;5;Mulheres;3302;60 anos ou mais;11725
Indicador  3.9.2;1706;892;29;Bahia;11725;2022;6794;Total;95253;Total;11725
Indicador  3.9.2;1706;58;29;Bahia;11725;2022;6794;Total;1140;0 a 4 anos;11725
Indicador  3.9.2;1706;3;29;Bahia;11725;2022;6794;Total;1141;5 a 9 anos;11725
Indicador  3.9.2;1706;4;29;Bahia;11725;2022;6794;Total;1142;10 a 14 anos;11725
Indicador  3.9.2;1706;3;29;Bahia;11725;2022;6794;Total;1143;15 a 19 anos;11725
Indicador  3.9.2;1706;5;29;Bahia;11725;2022;6794;Total;1144;20 a 24 anos;11725
Indicador  3.9.2;1706;6;29;Bahia;11725;2022;6794;Total;1145;25 a 29 anos;11725
Indicador  3.9.2;1706;4;29;Bahia;11725;2022;6794;Total;1146;30 a 34 anos;11725
Indicador  3.9.2;1706;10;29;Bahia;11725;2022;6794;Total;1147;35 a 39 anos;11725
Indicador  3.9.2;1706;24;29;Bahia;11725;2022;6794;Total;1148;40 a 44 anos;11725
Indicador  3.9.2;1706;15;29;Bahia;11725;2022;6794;Total;1149;45 a 49 anos;11725
Indicador  3.9.2;1706;16;29;Bahia;11725;2022;6794;Total;1150;50 a 54 anos;11725
Indicador  3.9.2;1706;34;29;Bahia;11725;2022;6794;Total;1151;55 a 59 anos;11725
Indicador  3.9.2;1706;708;29;Bahia;11725;2022;6794;Total;3302;60 anos ou mais;11725
Indicador  3.9.2;1706;435;29;Bahia;11725;2022;4;Homens;95253;Total;11725
Indicador  3.9.2;1706;32;29;Bahia;11725;2022;4;Homens;1140;0 a 4 anos;11725
Indicador  3.9.2;1706;2;29;Bahia;11725;2022;4;Homens;1141;5 a 9 anos;11725
Indicador  3.9.2;1706;2;29;Bahia;11725;2022;4;Homens;1142;10 a 14 anos;11725
Indicador  3.9.2;1706;2;29;Bahia;11725;2022;4;Homens;1143;15 a 19 anos;11725
Indicador  3.9.2;1706;3;29;Bahia;11725;2022;4;Homens;1144;20 a 24 anos;11725
Indicador  3.9.2;1706;5;29;Bahia;11725;2022;4;Homens;1145;25 a 29 anos;11725
Indicador  3.9.2;1706;2;29;Bahia;11725;2022;4;Homens;1146;30 a 34 anos;11725
Indicador  3.9.2;1706;6;29;Bahia;11725;2022;4;Homens;1147;35 a 39 anos;11725
Indicador  3.9.2;1706;15;29;Bahia;11725;2022;4;Homens;1148;40 a 44 anos;11725
Indicador  3.9.2;1706;10;29;Bahia;11725;2022;4;Homens;1149;45 a 49 anos;11725
Indicador  3.9.2;1706;11;29;Bahia;11725;2022;4;Homens;1150;50 a 54 anos;11725
Indicador  3.9.2;1706;19;29;Bahia;11725;2022;4;Homens;1151;55 a 59 anos;11725
Indicador  3.9.2;1706;325;29;Bahia;11725;2022;4;Homens;3302;60 anos ou mais;11725
Indicador  3.9.2;1706;457;29;Bahia;11725;2022;5;Mulheres;95253;Total;11725
Indicador  3.9.2;1706;26;29;Bahia;11725;2022;5;Mulheres;1140;0 a 4 anos;11725
Indicador  3.9.2;1706;1;29;Bahia;11725;2022;5;Mulheres;1141;5 a 9 anos;11725
Indicador  3.9.2;1706;2;29;Bahia;11725;2022;5;Mulheres;1142;10 a 14 anos;11725
Indicador  3.9.2;1706;1;29;Bahia;11725;2022;5;Mulheres;1143;15 a 19 anos;11725
Indicador  3.9.2;1706;2;29;Bahia;11725;2022;5;Mulheres;1144;20 a 24 anos;11725
Indicador  3.9.2;1706;1;29;Bahia;11725;2022;5;Mulheres;1145;25 a 29 anos;11725
Indicador  3.9.2;1706;2;29;Bahia;11725;2022;5;Mulheres;1146;30 a 34 anos;11725
Indicador  3.9.2;1706;4;29;Bahia;11725;2022;5;Mulheres;1147;35 a 39 anos;11725
Indicador  3.9.2;1706;9;29;Bahia;11725;2022;5;Mulheres;1148;40 a 44 anos;11725
Indicador  3.9.2;1706;5;29;Bahia;11725;2022;5;Mulheres;1149;45 a 49 anos;11725
Indicador  3.9.2;1706;5;29;Bahia;11725;2022;5;Mulheres;1150;50 a 54 anos;11725
Indicador  3.9.2;1706;15;29;Bahia;11725;2022;5;Mulheres;1151;55 a 59 anos;11725
Indicador  3.9.2;1706;383;29;Bahia;11725;2022;5;Mulheres;3302;60 anos ou mais;11725
Indicador  3.9.2;1706;1095;31;Minas Gerais;11725;2018;6794;Total;95253;Total;11725
Indicador  3.9.2;1706;43;31;Minas Gerais;11725;2018;6794;Total;1140;0 a 4 anos;11725
Indicador  3.9.2;1706;4;31;Minas Gerais;11725;2018;6794;Total;1141;5 a 9 anos;11725
Indicador  3.9.2;1706;4;31;Minas Gerais;11725;2018;6794;Total;1142;10 a 14 anos;11725
Indicador  3.9.2;1706;2;31;Minas Gerais;11725;2018;6794;Total;1143;15 a 19 anos;11725
Indicador  3.9.2;1706;1;31;Minas Gerais;11725;2018;6794;Total;1144;20 a 24 anos;11725
Indicador  3.9.2;1706;8;31;Minas Gerais;11725;2018;6794;Total;1145;25 a 29 anos;11725
Indicador  3.9.2;1706;9;31;Minas Gerais;11725;2018;6794;Total;1146;30 a 34 anos;11725
Indicador  3.9.2;1706;13;31;Minas Gerais;11725;2018;6794;Total;1147;35 a 39 anos;11725
Indicador  3.9.2;1706;12;31;Minas Gerais;11725;2018;6794;Total;1148;40 a 44 anos;11725
Indicador  3.9.2;1706;20;31;Minas Gerais;11725;2018;6794;Total;1149;45 a 49 anos;11725
Indicador  3.9.2;1706;31;31;Minas Gerais;11725;2018;6794;Total;1150;50 a 54 anos;11725
Indicador  3.9.2;1706;27;31;Minas Gerais;11725;2018;6794;Total;1151;55 a 59 anos;11725
Indicador  3.9.2;1706;921;31;Minas Gerais;11725;2018;6794;Total;3302;60 anos ou mais;11725
Indicador  3.9.2;1706;564;31;Minas Gerais;11725;2018;4;Homens;95253;Total;11725
Indicador  3.9.2;1706;25;31;Minas Gerais;11725;2018;4;Homens;1140;0 a 4 anos;11725
Indicador  3.9.2;1706;3;31;Minas Gerais;11725;2018;4;Homens;1141;5 a 9 anos;11725
Indicador  3.9.2;1706;3;31;Minas Gerais;11725;2018;4;Homens;1142;10 a 14 anos;11725
Indicador  3.9.2;1706;2;31;Minas Gerais;11725;2018;4;Homens;1143;15 a 19 anos;11725
Indicador  3.9.2;1706;1;31;Minas Gerais;11725;2018;4;Homens;1144;20 a 24 anos;11725
Indicador  3.9.2;1706;4;31;Minas Gerais;11725;2018;4;Homens;1145;25 a 29 anos;11725
Indicador  3.9.2;1706;8;31;Minas Gerais;11725;2018;4;Homens;1146;30 a 34 anos;11725
Indicador  3.9.2;1706;6;31;Minas Gerais;11725;2018;4;Homens;1147;35 a 39 anos;11725
Indicador  3.9.2;1706;9;31;Minas Gerais;11725;2018;4;Homens;1148;40 a 44 anos;11725
Indicador  3.9.2;1706;14;31;Minas Gerais;11725;2018;4;Homens;1149;45 a 49 anos;11725
Indicador  3.9.2;1706;22;31;Minas Gerais;11725;2018;4;Homens;1150;50 a 54 anos;11725
Indicador  3.9.2;1706;18;31;Minas Gerais;11725;2018;4;Homens;1151;55 a 59 anos;11725
Indicador  3.9.2;1706;449;31;Minas Gerais;11725;2018;4;Homens;3302;60 anos ou mais;11725
Indicador  3.9.2;1706;531;31;Minas Gerais;11725;2018;5;Mulheres;95253;Total;11725
Indicador  3.9.2;1706;18;31;Minas Gerais;11725;2018;5;Mulheres;1140;0 a 4 anos;11725
Indicador  3.9.2;1706;1;31;Minas Gerais;11725;2018;5;Mulheres;1141;5 a 9 anos;11725
Indicador  3.9.2;1706;1;31;Minas Gerais;11725;2018;5;Mulheres;1142;10 a 14 anos;11725
Indicador  3.9.2;1706;0;31;Minas Gerais;11725;2018;5;Mulheres;1143;15 a 19 anos;11725
Indicador  3.9.2;1706;0;31;Minas Gerais;11725;2018;5;Mulheres;1144;20 a 24 anos;11725
Indicador  3.9.2;1706;4;31;Minas Gerais;11725;2018;5;Mulheres;1145;25 a 29 anos;11725
Indicador  3.9.2;1706;1;31;Minas Gerais;11725;2018;5;Mulheres;1146;30 a 34 anos;11725
Indicador  3.9.2;1706;7;31;Minas Gerais;11725;2018;5;Mulheres;1147;35 a 39 anos;11725
Indicador  3.9.2;1706;3;31;Minas Gerais;11725;2018;5;Mulheres;1148;40 a 44 anos;11725
Indicador  3.9.2;1706;6;31;Minas Gerais;11725;2018;5;Mulheres;1149;45 a 49 anos;11725
Indicador  3.9.2;1706;9;31;Minas Gerais;11725;2018;5;Mulheres;1150;50 a 54 anos;11725
Indicador  3.9.2;1706;9;31;Minas Gerais;11725;2018;5;Mulheres;1151;55 a 59 anos;11725
Indicador  3.9.2;1706;472;31;Minas Gerais;11725;2018;5;Mulheres;3302;60 anos ou mais;11725
Indicador  3.9.2;1706;1101;31;Minas Gerais;11725;2019;6794;Total;95253;Total;11725
Indicador  3.9.2;1706;39;31;Minas Gerais;11725;2019;6794;Total;1140;0 a 4 anos;11725
Indicador  3.9.2;1706;3;31;Minas Gerais;11725;2019;6794;Total;1141;5 a 9 anos;11725
Indicador  3.9.2;1706;4;31;Minas Gerais;11725;2019;6794;Total;1142;10 a 14 anos;11725
Indicador  3.9.2;1706;4;31;Minas Gerais;11725;2019;6794;Total;1143;15 a 19 anos;11725
Indicador  3.9.2;1706;3;31;Minas Gerais;11725;2019;6794;Total;1144;20 a 24 anos;11725
Indicador  3.9.2;1706;2;31;Minas Gerais;11725;2019;6794;Total;1145;25 a 29 anos;11725
Indicador  3.9.2;1706;6;31;Minas Gerais;11725;2019;6794;Total;1146;30 a 34 anos;11725
Indicador  3.9.2;1706;12;31;Minas Gerais;11725;2019;6794;Total;1147;35 a 39 anos;11725
Indicador  3.9.2;1706;14;31;Minas Gerais;11725;2019;6794;Total;1148;40 a 44 anos;11725
Indicador  3.9.2;1706;29;31;Minas Gerais;11725;2019;6794;Total;1149;45 a 49 anos;11725
Indicador  3.9.2;1706;30;31;Minas Gerais;11725;2019;6794;Total;1150;50 a 54 anos;11725
Indicador  3.9.2;1706;26;31;Minas Gerais;11725;2019;6794;Total;1151;55 a 59 anos;11725
Indicador  3.9.2;1706;929;31;Minas Gerais;11725;2019;6794;Total;3302;60 anos ou mais;11725
Indicador  3.9.2;1706;549;31;Minas Gerais;11725;2019;4;Homens;95253;Total;11725
Indicador  3.9.2;1706;16;31;Minas Gerais;11725;2019;4;Homens;1140;0 a 4 anos;11725
Indicador  3.9.2;1706;3;31;Minas Gerais;11725;2019;4;Homens;1141;5 a 9 anos;11725
Indicador  3.9.2;1706;2;31;Minas Gerais;11725;2019;4;Homens;1142;10 a 14 anos;11725
Indicador  3.9.2;1706;2;31;Minas Gerais;11725;2019;4;Homens;1143;15 a 19 anos;11725
Indicador  3.9.2;1706;2;31;Minas Gerais;11725;2019;4;Homens;1144;20 a 24 anos;11725
Indicador  3.9.2;1706;2;31;Minas Gerais;11725;2019;4;Homens;1145;25 a 29 anos;11725
Indicador  3.9.2;1706;1;31;Minas Gerais;11725;2019;4;Homens;1146;30 a 34 anos;11725
Indicador  3.9.2;1706;5;31;Minas Gerais;11725;2019;4;Homens;1147;35 a 39 anos;11725
Indicador  3.9.2;1706;7;31;Minas Gerais;11725;2019;4;Homens;1148;40 a 44 anos;11725
Indicador  3.9.2;1706;20;31;Minas Gerais;11725;2019;4;Homens;1149;45 a 49 anos;11725
Indicador  3.9.2;1706;25;31;Minas Gerais;11725;2019;4;Homens;1150;50 a 54 anos;11725
Indicador  3.9.2;1706;14;31;Minas Gerais;11725;2019;4;Homens;1151;55 a 59 anos;11725
Indicador  3.9.2;1706;450;31;Minas Gerais;11725;2019;4;Homens;3302;60 anos ou mais;11725
Indicador  3.9.2;1706;552;31;Minas Gerais;11725;2019;5;Mulheres;95253;Total;11725
Indicador  3.9.2;1706;23;31;Minas Gerais;11725;2019;5;Mulheres;1140;0 a 4 anos;11725
Indicador  3.9.2;1706;0;31;Minas Gerais;11725;2019;5;Mulheres;1141;5 a 9 anos;11725
Indicador  3.9.2;1706;2;31;Minas Gerais;11725;2019;5;Mulheres;1142;10 a 14 anos;11725
Indicador  3.9.2;1706;2;31;Minas Gerais;11725;2019;5;Mulheres;1143;15 a 19 anos;11725
Indicador  3.9.2;1706;1;31;Minas Gerais;11725;2019;5;Mulheres;1144;20 a 24 anos;11725
Indicador  3.9.2;1706;0;31;Minas Gerais;11725;2019;5;Mulheres;1145;25 a 29 anos;11725
Indicador  3.9.2;1706;5;31;Minas Gerais;11725;2019;5;Mulheres;1146;30 a 34 anos;11725
Indicador  3.9.2;1706;7;31;Minas Gerais;11725;2019;5;Mulheres;1147;35 a 39 anos;11725
Indicador  3.9.2;1706;7;31;Minas Gerais;11725;2019;5;Mulheres;1148;40 a 44 anos;11725
Indicador  3.9.2;1706;9;31;Minas Gerais;11725;2019;5;Mulheres;1149;45 a 49 anos;11725
Indicador  3.9.2;1706;5;31;Minas Gerais;11725;2019;5;Mulheres;1150;50 a 54 anos;11725
Indicador  3.9.2;1706;12;31;Minas Gerais;11725;2019;5;Mulheres;1151;55 a 59 anos;11725
Indicador  3.9.2;1706;479;31;Minas Gerais;11725;2019;5;Mulheres;3302;60 anos ou mais;11725
Indicador  3.9.2;1706;946;31;Minas Gerais;11725;2020;6794;Total;95253;Total;11725
Indicador  3.9.2;1706;22;31;Minas Gerais;11725;2020;6794;Total;1140;0 a 4 anos;11725
Indicador  3.9.2;1706;1;31;Minas Gerais;11725;2020;6794;Total;1141;5 a 9 anos;11725
Indicador  3.9.2;1706;3;31;Minas Gerais;11725;2020;6794;Total;1142;10 a 14 anos;11725
Indicador  3.9.2;1706;5;31;Minas Gerais;11725;2020;6794;Total;1143;15 a 19 anos;11725
Indicador  3.9.2;1706;2;31;Minas Gerais;11725;2020;6794;Total;1144;20 a 24 anos;11725
Indicador  3.9.2;1706;3;31;Minas Gerais;11725;2020;6794;Total;1145;25 a 29 anos;11725
Indicador  3.9.2;1706;4;31;Minas Gerais;11725;2020;6794;Total;1146;30 a 34 anos;11725
Indicador  3.9.2;1706;6;31;Minas Gerais;11725;2020;6794;Total;1147;35 a 39 anos;11725
Indicador  3.9.2;1706;11;31;Minas Gerais;11725;2020;6794;Total;1148;40 a 44 anos;11725
Indicador  3.9.2;1706;16;31;Minas Gerais;11725;2020;6794;Total;1149;45 a 49 anos;11725
Indicador  3.9.2;1706;29;31;Minas Gerais;11725;2020;6794;Total;1150;50 a 54 anos;11725
Indicador  3.9.2;1706;33;31;Minas Gerais;11725;2020;6794;Total;1151;55 a 59 anos;11725
Indicador  3.9.2;1706;811;31;Minas Gerais;11725;2020;6794;Total;3302;60 anos ou mais;11725
Indicador  3.9.2;1706;465;31;Minas Gerais;11725;2020;4;Homens;95253;Total;11725
Indicador  3.9.2;1706;12;31;Minas Gerais;11725;2020;4;Homens;1140;0 a 4 anos;11725
Indicador  3.9.2;1706;1;31;Minas Gerais;11725;2020;4;Homens;1141;5 a 9 anos;11725
Indicador  3.9.2;1706;3;31;Minas Gerais;11725;2020;4;Homens;1142;10 a 14 anos;11725
Indicador  3.9.2;1706;3;31;Minas Gerais;11725;2020;4;Homens;1143;15 a 19 anos;11725
Indicador  3.9.2;1706;1;31;Minas Gerais;11725;2020;4;Homens;1144;20 a 24 anos;11725
Indicador  3.9.2;1706;1;31;Minas Gerais;11725;2020;4;Homens;1145;25 a 29 anos;11725
Indicador  3.9.2;1706;3;31;Minas Gerais;11725;2020;4;Homens;1146;30 a 34 anos;11725
Indicador  3.9.2;1706;4;31;Minas Gerais;11725;2020;4;Homens;1147;35 a 39 anos;11725
Indicador  3.9.2;1706;3;31;Minas Gerais;11725;2020;4;Homens;1148;40 a 44 anos;11725
Indicador  3.9.2;1706;11;31;Minas Gerais;11725;2020;4;Homens;1149;45 a 49 anos;11725
Indicador  3.9.2;1706;17;31;Minas Gerais;11725;2020;4;Homens;1150;50 a 54 anos;11725
Indicador  3.9.2;1706;24;31;Minas Gerais;11725;2020;4;Homens;1151;55 a 59 anos;11725
Indicador  3.9.2;1706;382;31;Minas Gerais;11725;2020;4;Homens;3302;60 anos ou mais;11725
Indicador  3.9.2;1706;481;31;Minas Gerais;11725;2020;5;Mulheres;95253;Total;11725
Indicador  3.9.2;1706;10;31;Minas Gerais;11725;2020;5;Mulheres;1140;0 a 4 anos;11725
Indicador  3.9.2;1706;0;31;Minas Gerais;11725;2020;5;Mulheres;1141;5 a 9 anos;11725
Indicador  3.9.2;1706;0;31;Minas Gerais;11725;2020;5;Mulheres;1142;10 a 14 anos;11725
Indicador  3.9.2;1706;2;31;Minas Gerais;11725;2020;5;Mulheres;1143;15 a 19 anos;11725
Indicador  3.9.2;1706;1;31;Minas Gerais;11725;2020;5;Mulheres;1144;20 a 24 anos;11725
Indicador  3.9.2;1706;2;31;Minas Gerais;11725;2020;5;Mulheres;1145;25 a 29 anos;11725
Indicador  3.9.2;1706;1;31;Minas Gerais;11725;2020;5;Mulheres;1146;30 a 34 anos;11725
Indicador  3.9.2;1706;2;31;Minas Gerais;11725;2020;5;Mulheres;1147;35 a 39 anos;11725
Indicador  3.9.2;1706;8;31;Minas Gerais;11725;2020;5;Mulheres;1148;40 a 44 anos;11725
Indicador  3.9.2;1706;5;31;Minas Gerais;11725;2020;5;Mulheres;1149;45 a 49 anos;11725
Indicador  3.9.2;1706;12;31;Minas Gerais;11725;2020;5;Mulheres;1150;50 a 54 anos;11725
Indicador  3.9.2;1706;9;31;Minas Gerais;11725;2020;5;Mulheres;1151;55 a 59 anos;11725
Indicador  3.9.2;1706;429;31;Minas Gerais;11725;2020;5;Mulheres;3302;60 anos ou mais;11725
Indicador  3.9.2;1706;869;31;Minas Gerais;11725;2021;6794;Total;95253;Total;11725
Indicador  3.9.2;1706;18;31;Minas Gerais;11725;2021;6794;Total;1140;0 a 4 anos;11725
Indicador  3.9.2;1706;2;31;Minas Gerais;11725;2021;6794;Total;1141;5 a 9 anos;11725
Indicador  3.9.2;1706;2;31;Minas Gerais;11725;2021;6794;Total;1142;10 a 14 anos;11725
Indicador  3.9.2;1706;3;31;Minas Gerais;11725;2021;6794;Total;1143;15 a 19 anos;11725
Indicador  3.9.2;1706;2;31;Minas Gerais;11725;2021;6794;Total;1144;20 a 24 anos;11725
Indicador  3.9.2;1706;2;31;Minas Gerais;11725;2021;6794;Total;1145;25 a 29 anos;11725
Indicador  3.9.2;1706;9;31;Minas Gerais;11725;2021;6794;Total;1146;30 a 34 anos;11725
Indicador  3.9.2;1706;13;31;Minas Gerais;11725;2021;6794;Total;1147;35 a 39 anos;11725
Indicador  3.9.2;1706;10;31;Minas Gerais;11725;2021;6794;Total;1148;40 a 44 anos;11725
Indicador  3.9.2;1706;9;31;Minas Gerais;11725;2021;6794;Total;1149;45 a 49 anos;11725
Indicador  3.9.2;1706;31;31;Minas Gerais;11725;2021;6794;Total;1150;50 a 54 anos;11725
Indicador  3.9.2;1706;26;31;Minas Gerais;11725;2021;6794;Total;1151;55 a 59 anos;11725
Indicador  3.9.2;1706;742;31;Minas Gerais;11725;2021;6794;Total;3302;60 anos ou mais;11725
Indicador  3.9.2;1706;436;31;Minas Gerais;11725;2021;4;Homens;95253;Total;11725
Indicador  3.9.2;1706;10;31;Minas Gerais;11725;2021;4;Homens;1140;0 a 4 anos;11725
Indicador  3.9.2;1706;2;31;Minas Gerais;11725;2021;4;Homens;1141;5 a 9 anos;11725
Indicador  3.9.2;1706;0;31;Minas Gerais;11725;2021;4;Homens;1142;10 a 14 anos;11725
Indicador  3.9.2;1706;3;31;Minas Gerais;11725;2021;4;Homens;1143;15 a 19 anos;11725
Indicador  3.9.2;1706;2;31;Minas Gerais;11725;2021;4;Homens;1144;20 a 24 anos;11725
Indicador  3.9.2;1706;1;31;Minas Gerais;11725;2021;4;Homens;1145;25 a 29 anos;11725
Indicador  3.9.2;1706;2;31;Minas Gerais;11725;2021;4;Homens;1146;30 a 34 anos;11725
Indicador  3.9.2;1706;5;31;Minas Gerais;11725;2021;4;Homens;1147;35 a 39 anos;11725
Indicador  3.9.2;1706;7;31;Minas Gerais;11725;2021;4;Homens;1148;40 a 44 anos;11725
Indicador  3.9.2;1706;7;31;Minas Gerais;11725;2021;4;Homens;1149;45 a 49 anos;11725
Indicador  3.9.2;1706;20;31;Minas Gerais;11725;2021;4;Homens;1150;50 a 54 anos;11725
Indicador  3.9.2;1706;15;31;Minas Gerais;11725;2021;4;Homens;1151;55 a 59 anos;11725
Indicador  3.9.2;1706;362;31;Minas Gerais;11725;2021;4;Homens;3302;60 anos ou mais;11725
Indicador  3.9.2;1706;433;31;Minas Gerais;11725;2021;5;Mulheres;95253;Total;11725
Indicador  3.9.2;1706;8;31;Minas Gerais;11725;2021;5;Mulheres;1140;0 a 4 anos;11725
Indicador  3.9.2;1706;0;31;Minas Gerais;11725;2021;5;Mulheres;1141;5 a 9 anos;11725
Indicador  3.9.2;1706;2;31;Minas Gerais;11725;2021;5;Mulheres;1142;10 a 14 anos;11725
Indicador  3.9.2;1706;0;31;Minas Gerais;11725;2021;5;Mulheres;1143;15 a 19 anos;11725
Indicador  3.9.2;1706;0;31;Minas Gerais;11725;2021;5;Mulheres;1144;20 a 24 anos;11725
Indicador  3.9.2;1706;1;31;Minas Gerais;11725;2021;5;Mulheres;1145;25 a 29 anos;11725
Indicador  3.9.2;1706;7;31;Minas Gerais;11725;2021;5;Mulheres;1146;30 a 34 anos;11725
Indicador  3.9.2;1706;8;31;Minas Gerais;11725;2021;5;Mulheres;1147;35 a 39 anos;11725
Indicador  3.9.2;1706;3;31;Minas Gerais;11725;2021;5;Mulheres;1148;40 a 44 anos;11725
Indicador  3.9.2;1706;2;31;Minas Gerais;11725;2021;5;Mulheres;1149;45 a 49 anos;11725
Indicador  3.9.2;1706;11;31;Minas Gerais;11725;2021;5;Mulheres;1150;50 a 54 anos;11725
Indicador  3.9.2;1706;11;31;Minas Gerais;11725;2021;5;Mulheres;1151;55 a 59 anos;11725
Indicador  3.9.2;1706;380;31;Minas Gerais;11725;2021;5;Mulheres;3302;60 anos ou mais;11725
Indicador  3.9.2;1706;1031;31;Minas Gerais;11725;2022;6794;Total;95253;Total;11725
Indicador  3.9.2;1706;41;31;Minas Gerais;11725;2022;6794;Total;1140;0 a 4 anos;11725
Indicador  3.9.2;1706;3;31;Minas Gerais;11725;2022;6794;Total;1141;5 a 9 anos;11725
Indicador  3.9.2;1706;0;31;Minas Gerais;11725;2022;6794;Total;1142;10 a 14 anos;11725
Indicador  3.9.2;1706;5;31;Minas Gerais;11725;2022;6794;Total;1143;15 a 19 anos;11725
Indicador  3.9.2;1706;3;31;Minas Gerais;11725;2022;6794;Total;1144;20 a 24 anos;11725
Indicador  3.9.2;1706;2;31;Minas Gerais;11725;2022;6794;Total;1145;25 a 29 anos;11725
Indicador  3.9.2;1706;9;31;Minas Gerais;11725;2022;6794;Total;1146;30 a 34 anos;11725
Indicador  3.9.2;1706;10;31;Minas Gerais;11725;2022;6794;Total;1147;35 a 39 anos;11725
Indicador  3.9.2;1706;16;31;Minas Gerais;11725;2022;6794;Total;1148;40 a 44 anos;11725
Indicador  3.9.2;1706;13;31;Minas Gerais;11725;2022;6794;Total;1149;45 a 49 anos;11725
Indicador  3.9.2;1706;19;31;Minas Gerais;11725;2022;6794;Total;1150;50 a 54 anos;11725
Indicador  3.9.2;1706;30;31;Minas Gerais;11725;2022;6794;Total;1151;55 a 59 anos;11725
Indicador  3.9.2;1706;880;31;Minas Gerais;11725;2022;6794;Total;3302;60 anos ou mais;11725
Indicador  3.9.2;1706;502;31;Minas Gerais;11725;2022;4;Homens;95253;Total;11725
Indicador  3.9.2;1706;21;31;Minas Gerais;11725;2022;4;Homens;1140;0 a 4 anos;11725
Indicador  3.9.2;1706;2;31;Minas Gerais;11725;2022;4;Homens;1141;5 a 9 anos;11725
Indicador  3.9.2;1706;0;31;Minas Gerais;11725;2022;4;Homens;1142;10 a 14 anos;11725
Indicador  3.9.2;1706;4;31;Minas Gerais;11725;2022;4;Homens;1143;15 a 19 anos;11725
Indicador  3.9.2;1706;3;31;Minas Gerais;11725;2022;4;Homens;1144;20 a 24 anos;11725
Indicador  3.9.2;1706;1;31;Minas Gerais;11725;2022;4;Homens;1145;25 a 29 anos;11725
Indicador  3.9.2;1706;8;31;Minas Gerais;11725;2022;4;Homens;1146;30 a 34 anos;11725
Indicador  3.9.2;1706;8;31;Minas Gerais;11725;2022;4;Homens;1147;35 a 39 anos;11725
Indicador  3.9.2;1706;12;31;Minas Gerais;11725;2022;4;Homens;1148;40 a 44 anos;11725
Indicador  3.9.2;1706;9;31;Minas Gerais;11725;2022;4;Homens;1149;45 a 49 anos;11725
Indicador  3.9.2;1706;10;31;Minas Gerais;11725;2022;4;Homens;1150;50 a 54 anos;11725
Indicador  3.9.2;1706;18;31;Minas Gerais;11725;2022;4;Homens;1151;55 a 59 anos;11725
Indicador  3.9.2;1706;406;31;Minas Gerais;11725;2022;4;Homens;3302;60 anos ou mais;11725
Indicador  3.9.2;1706;529;31;Minas Gerais;11725;2022;5;Mulheres;95253;Total;11725
Indicador  3.9.2;1706;20;31;Minas Gerais;11725;2022;5;Mulheres;1140;0 a 4 anos;11725
Indicador  3.9.2;1706;1;31;Minas Gerais;11725;2022;5;Mulheres;1141;5 a 9 anos;11725
Indicador  3.9.2;1706;0;31;Minas Gerais;11725;2022;5;Mulheres;1142;10 a 14 anos;11725
Indicador  3.9.2;1706;1;31;Minas Gerais;11725;2022;5;Mulheres;1143;15 a 19 anos;11725
Indicador  3.9.2;1706;0;31;Minas Gerais;11725;2022;5;Mulheres;1144;20 a 24 anos;11725
Indicador  3.9.2;1706;1;31;Minas Gerais;11725;2022;5;Mulheres;1145;25 a 29 anos;11725
Indicador  3.9.2;1706;1;31;Minas Gerais;11725;2022;5;Mulheres;1146;30 a 34 anos;11725
Indicador  3.9.2;1706;2;31;Minas Gerais;11725;2022;5;Mulheres;1147;35 a 39 anos;11725
Indicador  3.9.2;1706;4;31;Minas Gerais;11725;2022;5;Mulheres;1148;40 a 44 anos;11725
Indicador  3.9.2;1706;4;31;Minas Gerais;11725;2022;5;Mulheres;1149;45 a 49 anos;11725
Indicador  3.9.2;1706;9;31;Minas Gerais;11725;2022;5;Mulheres;1150;50 a 54 anos;11725
Indicador  3.9.2;1706;12;31;Minas Gerais;11725;2022;5;Mulheres;1151;55 a 59 anos;11725
Indicador  3.9.2;1706;474;31;Minas Gerais;11725;2022;5;Mulheres;3302;60 anos ou mais;11725
Indicador  3.9.2;1706;163;32;Espírito Santo;11725;2018;6794;Total;95253;Total;11725
Indicador  3.9.2;1706;9;32;Espírito Santo;11725;2018;6794;Total;1140;0 a 4 anos;11725
Indicador  3.9.2;1706;1;32;Espírito Santo;11725;2018;6794;Total;1141;5 a 9 anos;11725
Indicador  3.9.2;1706;1;32;Espírito Santo;11725;2018;6794;Total;1142;10 a 14 anos;11725
Indicador  3.9.2;1706;2;32;Espírito Santo;11725;2018;6794;Total;1143;15 a 19 anos;11725
Indicador  3.9.2;1706;0;32;Espírito Santo;11725;2018;6794;Total;1144;20 a 24 anos;11725
Indicador  3.9.2;1706;1;32;Espírito Santo;11725;2018;6794;Total;1145;25 a 29 anos;11725
Indicador  3.9.2;1706;2;32;Espírito Santo;11725;2018;6794;Total;1146;30 a 34 anos;11725
Indicador  3.9.2;1706;2;32;Espírito Santo;11725;2018;6794;Total;1147;35 a 39 anos;11725
Indicador  3.9.2;1706;0;32;Espírito Santo;11725;2018;6794;Total;1148;40 a 44 anos;11725
Indicador  3.9.2;1706;3;32;Espírito Santo;11725;2018;6794;Total;1149;45 a 49 anos;11725
Indicador  3.9.2;1706;3;32;Espírito Santo;11725;2018;6794;Total;1150;50 a 54 anos;11725
Indicador  3.9.2;1706;6;32;Espírito Santo;11725;2018;6794;Total;1151;55 a 59 anos;11725
Indicador  3.9.2;1706;133;32;Espírito Santo;11725;2018;6794;Total;3302;60 anos ou mais;11725
Indicador  3.9.2;1706;76;32;Espírito Santo;11725;2018;4;Homens;95253;Total;11725
Indicador  3.9.2;1706;4;32;Espírito Santo;11725;2018;4;Homens;1140;0 a 4 anos;11725
Indicador  3.9.2;1706;1;32;Espírito Santo;11725;2018;4;Homens;1141;5 a 9 anos;11725
Indicador  3.9.2;1706;0;32;Espírito Santo;11725;2018;4;Homens;1142;10 a 14 anos;11725
Indicador  3.9.2;1706;2;32;Espírito Santo;11725;2018;4;Homens;1143;15 a 19 anos;11725
Indicador  3.9.2;1706;0;32;Espírito Santo;11725;2018;4;Homens;1144;20 a 24 anos;11725
Indicador  3.9.2;1706;1;32;Espírito Santo;11725;2018;4;Homens;1145;25 a 29 anos;11725
Indicador  3.9.2;1706;2;32;Espírito Santo;11725;2018;4;Homens;1146;30 a 34 anos;11725
Indicador  3.9.2;1706;1;32;Espírito Santo;11725;2018;4;Homens;1147;35 a 39 anos;11725
Indicador  3.9.2;1706;0;32;Espírito Santo;11725;2018;4;Homens;1148;40 a 44 anos;11725
Indicador  3.9.2;1706;2;32;Espírito Santo;11725;2018;4;Homens;1149;45 a 49 anos;11725
Indicador  3.9.2;1706;3;32;Espírito Santo;11725;2018;4;Homens;1150;50 a 54 anos;11725
Indicador  3.9.2;1706;2;32;Espírito Santo;11725;2018;4;Homens;1151;55 a 59 anos;11725
Indicador  3.9.2;1706;58;32;Espírito Santo;11725;2018;4;Homens;3302;60 anos ou mais;11725
Indicador  3.9.2;1706;87;32;Espírito Santo;11725;2018;5;Mulheres;95253;Total;11725
Indicador  3.9.2;1706;5;32;Espírito Santo;11725;2018;5;Mulheres;1140;0 a 4 anos;11725
Indicador  3.9.2;1706;0;32;Espírito Santo;11725;2018;5;Mulheres;1141;5 a 9 anos;11725
Indicador  3.9.2;1706;1;32;Espírito Santo;11725;2018;5;Mulheres;1142;10 a 14 anos;11725
Indicador  3.9.2;1706;0;32;Espírito Santo;11725;2018;5;Mulheres;1143;15 a 19 anos;11725
Indicador  3.9.2;1706;0;32;Espírito Santo;11725;2018;5;Mulheres;1144;20 a 24 anos;11725
Indicador  3.9.2;1706;0;32;Espírito Santo;11725;2018;5;Mulheres;1145;25 a 29 anos;11725
Indicador  3.9.2;1706;0;32;Espírito Santo;11725;2018;5;Mulheres;1146;30 a 34 anos;11725
Indicador  3.9.2;1706;1;32;Espírito Santo;11725;2018;5;Mulheres;1147;35 a 39 anos;11725
Indicador  3.9.2;1706;0;32;Espírito Santo;11725;2018;5;Mulheres;1148;40 a 44 anos;11725
Indicador  3.9.2;1706;1;32;Espírito Santo;11725;2018;5;Mulheres;1149;45 a 49 anos;11725
Indicador  3.9.2;1706;0;32;Espírito Santo;11725;2018;5;Mulheres;1150;50 a 54 anos;11725
Indicador  3.9.2;1706;4;32;Espírito Santo;11725;2018;5;Mulheres;1151;55 a 59 anos;11725
Indicador  3.9.2;1706;75;32;Espírito Santo;11725;2018;5;Mulheres;3302;60 anos ou mais;11725
Indicador  3.9.2;1706;169;32;Espírito Santo;11725;2019;6794;Total;95253;Total;11725
Indicador  3.9.2;1706;8;32;Espírito Santo;11725;2019;6794;Total;1140;0 a 4 anos;11725
Indicador  3.9.2;1706;1;32;Espírito Santo;11725;2019;6794;Total;1141;5 a 9 anos;11725
Indicador  3.9.2;1706;1;32;Espírito Santo;11725;2019;6794;Total;1142;10 a 14 anos;11725
Indicador  3.9.2;1706;1;32;Espírito Santo;11725;2019;6794;Total;1143;15 a 19 anos;11725
Indicador  3.9.2;1706;0;32;Espírito Santo;11725;2019;6794;Total;1144;20 a 24 anos;11725
Indicador  3.9.2;1706;1;32;Espírito Santo;11725;2019;6794;Total;1145;25 a 29 anos;11725
Indicador  3.9.2;1706;1;32;Espírito Santo;11725;2019;6794;Total;1146;30 a 34 anos;11725
Indicador  3.9.2;1706;1;32;Espírito Santo;11725;2019;6794;Total;1147;35 a 39 anos;11725
Indicador  3.9.2;1706;3;32;Espírito Santo;11725;2019;6794;Total;1148;40 a 44 anos;11725
Indicador  3.9.2;1706;1;32;Espírito Santo;11725;2019;6794;Total;1149;45 a 49 anos;11725
Indicador  3.9.2;1706;9;32;Espírito Santo;11725;2019;6794;Total;1150;50 a 54 anos;11725
Indicador  3.9.2;1706;6;32;Espírito Santo;11725;2019;6794;Total;1151;55 a 59 anos;11725
Indicador  3.9.2;1706;136;32;Espírito Santo;11725;2019;6794;Total;3302;60 anos ou mais;11725
Indicador  3.9.2;1706;89;32;Espírito Santo;11725;2019;4;Homens;95253;Total;11725
Indicador  3.9.2;1706;4;32;Espírito Santo;11725;2019;4;Homens;1140;0 a 4 anos;11725
Indicador  3.9.2;1706;1;32;Espírito Santo;11725;2019;4;Homens;1141;5 a 9 anos;11725
Indicador  3.9.2;1706;1;32;Espírito Santo;11725;2019;4;Homens;1142;10 a 14 anos;11725
Indicador  3.9.2;1706;1;32;Espírito Santo;11725;2019;4;Homens;1143;15 a 19 anos;11725
Indicador  3.9.2;1706;0;32;Espírito Santo;11725;2019;4;Homens;1144;20 a 24 anos;11725
Indicador  3.9.2;1706;1;32;Espírito Santo;11725;2019;4;Homens;1145;25 a 29 anos;11725
Indicador  3.9.2;1706;1;32;Espírito Santo;11725;2019;4;Homens;1146;30 a 34 anos;11725
Indicador  3.9.2;1706;1;32;Espírito Santo;11725;2019;4;Homens;1147;35 a 39 anos;11725
Indicador  3.9.2;1706;3;32;Espírito Santo;11725;2019;4;Homens;1148;40 a 44 anos;11725
Indicador  3.9.2;1706;0;32;Espírito Santo;11725;2019;4;Homens;1149;45 a 49 anos;11725
Indicador  3.9.2;1706;5;32;Espírito Santo;11725;2019;4;Homens;1150;50 a 54 anos;11725
Indicador  3.9.2;1706;4;32;Espírito Santo;11725;2019;4;Homens;1151;55 a 59 anos;11725
Indicador  3.9.2;1706;67;32;Espírito Santo;11725;2019;4;Homens;3302;60 anos ou mais;11725
Indicador  3.9.2;1706;80;32;Espírito Santo;11725;2019;5;Mulheres;95253;Total;11725
Indicador  3.9.2;1706;4;32;Espírito Santo;11725;2019;5;Mulheres;1140;0 a 4 anos;11725
Indicador  3.9.2;1706;0;32;Espírito Santo;11725;2019;5;Mulheres;1141;5 a 9 anos;11725
Indicador  3.9.2;1706;0;32;Espírito Santo;11725;2019;5;Mulheres;1142;10 a 14 anos;11725
Indicador  3.9.2;1706;0;32;Espírito Santo;11725;2019;5;Mulheres;1143;15 a 19 anos;11725
Indicador  3.9.2;1706;0;32;Espírito Santo;11725;2019;5;Mulheres;1144;20 a 24 anos;11725
Indicador  3.9.2;1706;0;32;Espírito Santo;11725;2019;5;Mulheres;1145;25 a 29 anos;11725
Indicador  3.9.2;1706;0;32;Espírito Santo;11725;2019;5;Mulheres;1146;30 a 34 anos;11725
Indicador  3.9.2;1706;0;32;Espírito Santo;11725;2019;5;Mulheres;1147;35 a 39 anos;11725
Indicador  3.9.2;1706;0;32;Espírito Santo;11725;2019;5;Mulheres;1148;40 a 44 anos;11725
Indicador  3.9.2;1706;1;32;Espírito Santo;11725;2019;5;Mulheres;1149;45 a 49 anos;11725
Indicador  3.9.2;1706;4;32;Espírito Santo;11725;2019;5;Mulheres;1150;50 a 54 anos;11725
Indicador  3.9.2;1706;2;32;Espírito Santo;11725;2019;5;Mulheres;1151;55 a 59 anos;11725
Indicador  3.9.2;1706;69;32;Espírito Santo;11725;2019;5;Mulheres;3302;60 anos ou mais;11725
Indicador  3.9.2;1706;142;32;Espírito Santo;11725;2020;6794;Total;95253;Total;11725
Indicador  3.9.2;1706;7;32;Espírito Santo;11725;2020;6794;Total;1140;0 a 4 anos;11725
Indicador  3.9.2;1706;1;32;Espírito Santo;11725;2020;6794;Total;1141;5 a 9 anos;11725
Indicador  3.9.2;1706;1;32;Espírito Santo;11725;2020;6794;Total;1142;10 a 14 anos;11725
Indicador  3.9.2;1706;2;32;Espírito Santo;11725;2020;6794;Total;1143;15 a 19 anos;11725
Indicador  3.9.2;1706;0;32;Espírito Santo;11725;2020;6794;Total;1144;20 a 24 anos;11725
Indicador  3.9.2;1706;1;32;Espírito Santo;11725;2020;6794;Total;1145;25 a 29 anos;11725
Indicador  3.9.2;1706;3;32;Espírito Santo;11725;2020;6794;Total;1146;30 a 34 anos;11725
Indicador  3.9.2;1706;3;32;Espírito Santo;11725;2020;6794;Total;1147;35 a 39 anos;11725
Indicador  3.9.2;1706;4;32;Espírito Santo;11725;2020;6794;Total;1148;40 a 44 anos;11725
Indicador  3.9.2;1706;2;32;Espírito Santo;11725;2020;6794;Total;1149;45 a 49 anos;11725
Indicador  3.9.2;1706;0;32;Espírito Santo;11725;2020;6794;Total;1150;50 a 54 anos;11725
Indicador  3.9.2;1706;1;32;Espírito Santo;11725;2020;6794;Total;1151;55 a 59 anos;11725
Indicador  3.9.2;1706;116;32;Espírito Santo;11725;2020;6794;Total;3302;60 anos ou mais;11725
Indicador  3.9.2;1706;69;32;Espírito Santo;11725;2020;4;Homens;95253;Total;11725
Indicador  3.9.2;1706;3;32;Espírito Santo;11725;2020;4;Homens;1140;0 a 4 anos;11725
Indicador  3.9.2;1706;0;32;Espírito Santo;11725;2020;4;Homens;1141;5 a 9 anos;11725
Indicador  3.9.2;1706;1;32;Espírito Santo;11725;2020;4;Homens;1142;10 a 14 anos;11725
Indicador  3.9.2;1706;2;32;Espírito Santo;11725;2020;4;Homens;1143;15 a 19 anos;11725
Indicador  3.9.2;1706;0;32;Espírito Santo;11725;2020;4;Homens;1144;20 a 24 anos;11725
Indicador  3.9.2;1706;0;32;Espírito Santo;11725;2020;4;Homens;1145;25 a 29 anos;11725
Indicador  3.9.2;1706;2;32;Espírito Santo;11725;2020;4;Homens;1146;30 a 34 anos;11725
Indicador  3.9.2;1706;1;32;Espírito Santo;11725;2020;4;Homens;1147;35 a 39 anos;11725
Indicador  3.9.2;1706;2;32;Espírito Santo;11725;2020;4;Homens;1148;40 a 44 anos;11725
Indicador  3.9.2;1706;0;32;Espírito Santo;11725;2020;4;Homens;1149;45 a 49 anos;11725
Indicador  3.9.2;1706;0;32;Espírito Santo;11725;2020;4;Homens;1150;50 a 54 anos;11725
Indicador  3.9.2;1706;1;32;Espírito Santo;11725;2020;4;Homens;1151;55 a 59 anos;11725
Indicador  3.9.2;1706;57;32;Espírito Santo;11725;2020;4;Homens;3302;60 anos ou mais;11725
Indicador  3.9.2;1706;72;32;Espírito Santo;11725;2020;5;Mulheres;95253;Total;11725
Indicador  3.9.2;1706;4;32;Espírito Santo;11725;2020;5;Mulheres;1140;0 a 4 anos;11725
Indicador  3.9.2;1706;1;32;Espírito Santo;11725;2020;5;Mulheres;1141;5 a 9 anos;11725
Indicador  3.9.2;1706;0;32;Espírito Santo;11725;2020;5;Mulheres;1142;10 a 14 anos;11725
Indicador  3.9.2;1706;0;32;Espírito Santo;11725;2020;5;Mulheres;1143;15 a 19 anos;11725
Indicador  3.9.2;1706;0;32;Espírito Santo;11725;2020;5;Mulheres;1144;20 a 24 anos;11725
Indicador  3.9.2;1706;1;32;Espírito Santo;11725;2020;5;Mulheres;1145;25 a 29 anos;11725
Indicador  3.9.2;1706;1;32;Espírito Santo;11725;2020;5;Mulheres;1146;30 a 34 anos;11725
Indicador  3.9.2;1706;2;32;Espírito Santo;11725;2020;5;Mulheres;1147;35 a 39 anos;11725
Indicador  3.9.2;1706;2;32;Espírito Santo;11725;2020;5;Mulheres;1148;40 a 44 anos;11725
Indicador  3.9.2;1706;2;32;Espírito Santo;11725;2020;5;Mulheres;1149;45 a 49 anos;11725
Indicador  3.9.2;1706;0;32;Espírito Santo;11725;2020;5;Mulheres;1150;50 a 54 anos;11725
Indicador  3.9.2;1706;0;32;Espírito Santo;11725;2020;5;Mulheres;1151;55 a 59 anos;11725
Indicador  3.9.2;1706;59;32;Espírito Santo;11725;2020;5;Mulheres;3302;60 anos ou mais;11725
Indicador  3.9.2;1706;130;32;Espírito Santo;11725;2021;6794;Total;95253;Total;11725
Indicador  3.9.2;1706;3;32;Espírito Santo;11725;2021;6794;Total;1140;0 a 4 anos;11725
Indicador  3.9.2;1706;1;32;Espírito Santo;11725;2021;6794;Total;1141;5 a 9 anos;11725
Indicador  3.9.2;1706;2;32;Espírito Santo;11725;2021;6794;Total;1142;10 a 14 anos;11725
Indicador  3.9.2;1706;1;32;Espírito Santo;11725;2021;6794;Total;1143;15 a 19 anos;11725
Indicador  3.9.2;1706;0;32;Espírito Santo;11725;2021;6794;Total;1144;20 a 24 anos;11725
Indicador  3.9.2;1706;1;32;Espírito Santo;11725;2021;6794;Total;1145;25 a 29 anos;11725
Indicador  3.9.2;1706;1;32;Espírito Santo;11725;2021;6794;Total;1146;30 a 34 anos;11725
Indicador  3.9.2;1706;2;32;Espírito Santo;11725;2021;6794;Total;1147;35 a 39 anos;11725
Indicador  3.9.2;1706;1;32;Espírito Santo;11725;2021;6794;Total;1148;40 a 44 anos;11725
Indicador  3.9.2;1706;3;32;Espírito Santo;11725;2021;6794;Total;1149;45 a 49 anos;11725
Indicador  3.9.2;1706;0;32;Espírito Santo;11725;2021;6794;Total;1150;50 a 54 anos;11725
Indicador  3.9.2;1706;6;32;Espírito Santo;11725;2021;6794;Total;1151;55 a 59 anos;11725
Indicador  3.9.2;1706;108;32;Espírito Santo;11725;2021;6794;Total;3302;60 anos ou mais;11725
Indicador  3.9.2;1706;54;32;Espírito Santo;11725;2021;4;Homens;95253;Total;11725
Indicador  3.9.2;1706;1;32;Espírito Santo;11725;2021;4;Homens;1140;0 a 4 anos;11725
Indicador  3.9.2;1706;1;32;Espírito Santo;11725;2021;4;Homens;1141;5 a 9 anos;11725
Indicador  3.9.2;1706;0;32;Espírito Santo;11725;2021;4;Homens;1142;10 a 14 anos;11725
Indicador  3.9.2;1706;1;32;Espírito Santo;11725;2021;4;Homens;1143;15 a 19 anos;11725
Indicador  3.9.2;1706;0;32;Espírito Santo;11725;2021;4;Homens;1144;20 a 24 anos;11725
Indicador  3.9.2;1706;1;32;Espírito Santo;11725;2021;4;Homens;1145;25 a 29 anos;11725
Indicador  3.9.2;1706;0;32;Espírito Santo;11725;2021;4;Homens;1146;30 a 34 anos;11725
Indicador  3.9.2;1706;1;32;Espírito Santo;11725;2021;4;Homens;1147;35 a 39 anos;11725
Indicador  3.9.2;1706;1;32;Espírito Santo;11725;2021;4;Homens;1148;40 a 44 anos;11725
Indicador  3.9.2;1706;2;32;Espírito Santo;11725;2021;4;Homens;1149;45 a 49 anos;11725
Indicador  3.9.2;1706;0;32;Espírito Santo;11725;2021;4;Homens;1150;50 a 54 anos;11725
Indicador  3.9.2;1706;3;32;Espírito Santo;11725;2021;4;Homens;1151;55 a 59 anos;11725
Indicador  3.9.2;1706;42;32;Espírito Santo;11725;2021;4;Homens;3302;60 anos ou mais;11725
Indicador  3.9.2;1706;75;32;Espírito Santo;11725;2021;5;Mulheres;95253;Total;11725
Indicador  3.9.2;1706;2;32;Espírito Santo;11725;2021;5;Mulheres;1140;0 a 4 anos;11725
Indicador  3.9.2;1706;0;32;Espírito Santo;11725;2021;5;Mulheres;1141;5 a 9 anos;11725
Indicador  3.9.2;1706;2;32;Espírito Santo;11725;2021;5;Mulheres;1142;10 a 14 anos;11725
Indicador  3.9.2;1706;0;32;Espírito Santo;11725;2021;5;Mulheres;1143;15 a 19 anos;11725
Indicador  3.9.2;1706;0;32;Espírito Santo;11725;2021;5;Mulheres;1144;20 a 24 anos;11725
Indicador  3.9.2;1706;0;32;Espírito Santo;11725;2021;5;Mulheres;1145;25 a 29 anos;11725
Indicador  3.9.2;1706;1;32;Espírito Santo;11725;2021;5;Mulheres;1146;30 a 34 anos;11725
Indicador  3.9.2;1706;1;32;Espírito Santo;11725;2021;5;Mulheres;1147;35 a 39 anos;11725
Indicador  3.9.2;1706;0;32;Espírito Santo;11725;2021;5;Mulheres;1148;40 a 44 anos;11725
Indicador  3.9.2;1706;1;32;Espírito Santo;11725;2021;5;Mulheres;1149;45 a 49 anos;11725
Indicador  3.9.2;1706;0;32;Espírito Santo;11725;2021;5;Mulheres;1150;50 a 54 anos;11725
Indicador  3.9.2;1706;3;32;Espírito Santo;11725;2021;5;Mulheres;1151;55 a 59 anos;11725
Indicador  3.9.2;1706;65;32;Espírito Santo;11725;2021;5;Mulheres;3302;60 anos ou mais;11725
Indicador  3.9.2;1706;128;32;Espírito Santo;11725;2022;6794;Total;95253;Total;11725
Indicador  3.9.2;1706;10;32;Espírito Santo;11725;2022;6794;Total;1140;0 a 4 anos;11725
Indicador  3.9.2;1706;2;32;Espírito Santo;11725;2022;6794;Total;1141;5 a 9 anos;11725
Indicador  3.9.2;1706;0;32;Espírito Santo;11725;2022;6794;Total;1142;10 a 14 anos;11725
Indicador  3.9.2;1706;1;32;Espírito Santo;11725;2022;6794;Total;1143;15 a 19 anos;11725
Indicador  3.9.2;1706;1;32;Espírito Santo;11725;2022;6794;Total;1144;20 a 24 anos;11725
Indicador  3.9.2;1706;0;32;Espírito Santo;11725;2022;6794;Total;1145;25 a 29 anos;11725
Indicador  3.9.2;1706;0;32;Espírito Santo;11725;2022;6794;Total;1146;30 a 34 anos;11725
Indicador  3.9.2;1706;1;32;Espírito Santo;11725;2022;6794;Total;1147;35 a 39 anos;11725
Indicador  3.9.2;1706;3;32;Espírito Santo;11725;2022;6794;Total;1148;40 a 44 anos;11725
Indicador  3.9.2;1706;1;32;Espírito Santo;11725;2022;6794;Total;1149;45 a 49 anos;11725
Indicador  3.9.2;1706;2;32;Espírito Santo;11725;2022;6794;Total;1150;50 a 54 anos;11725
Indicador  3.9.2;1706;7;32;Espírito Santo;11725;2022;6794;Total;1151;55 a 59 anos;11725
Indicador  3.9.2;1706;100;32;Espírito Santo;11725;2022;6794;Total;3302;60 anos ou mais;11725
Indicador  3.9.2;1706;60;32;Espírito Santo;11725;2022;4;Homens;95253;Total;11725
Indicador  3.9.2;1706;6;32;Espírito Santo;11725;2022;4;Homens;1140;0 a 4 anos;11725
Indicador  3.9.2;1706;1;32;Espírito Santo;11725;2022;4;Homens;1141;5 a 9 anos;11725
Indicador  3.9.2;1706;0;32;Espírito Santo;11725;2022;4;Homens;1142;10 a 14 anos;11725
Indicador  3.9.2;1706;1;32;Espírito Santo;11725;2022;4;Homens;1143;15 a 19 anos;11725
Indicador  3.9.2;1706;0;32;Espírito Santo;11725;2022;4;Homens;1144;20 a 24 anos;11725
Indicador  3.9.2;1706;0;32;Espírito Santo;11725;2022;4;Homens;1145;25 a 29 anos;11725
Indicador  3.9.2;1706;0;32;Espírito Santo;11725;2022;4;Homens;1146;30 a 34 anos;11725
Indicador  3.9.2;1706;1;32;Espírito Santo;11725;2022;4;Homens;1147;35 a 39 anos;11725
Indicador  3.9.2;1706;2;32;Espírito Santo;11725;2022;4;Homens;1148;40 a 44 anos;11725
Indicador  3.9.2;1706;1;32;Espírito Santo;11725;2022;4;Homens;1149;45 a 49 anos;11725
Indicador  3.9.2;1706;1;32;Espírito Santo;11725;2022;4;Homens;1150;50 a 54 anos;11725
Indicador  3.9.2;1706;5;32;Espírito Santo;11725;2022;4;Homens;1151;55 a 59 anos;11725
Indicador  3.9.2;1706;42;32;Espírito Santo;11725;2022;4;Homens;3302;60 anos ou mais;11725
Indicador  3.9.2;1706;68;32;Espírito Santo;11725;2022;5;Mulheres;95253;Total;11725
Indicador  3.9.2;1706;4;32;Espírito Santo;11725;2022;5;Mulheres;1140;0 a 4 anos;11725
Indicador  3.9.2;1706;1;32;Espírito Santo;11725;2022;5;Mulheres;1141;5 a 9 anos;11725
Indicador  3.9.2;1706;0;32;Espírito Santo;11725;2022;5;Mulheres;1142;10 a 14 anos;11725
Indicador  3.9.2;1706;0;32;Espírito Santo;11725;2022;5;Mulheres;1143;15 a 19 anos;11725
Indicador  3.9.2;1706;1;32;Espírito Santo;11725;2022;5;Mulheres;1144;20 a 24 anos;11725
Indicador  3.9.2;1706;0;32;Espírito Santo;11725;2022;5;Mulheres;1145;25 a 29 anos;11725
Indicador  3.9.2;1706;0;32;Espírito Santo;11725;2022;5;Mulheres;1146;30 a 34 anos;11725
Indicador  3.9.2;1706;0;32;Espírito Santo;11725;2022;5;Mulheres;1147;35 a 39 anos;11725
Indicador  3.9.2;1706;1;32;Espírito Santo;11725;2022;5;Mulheres;1148;40 a 44 anos;11725
Indicador  3.9.2;1706;0;32;Espírito Santo;11725;2022;5;Mulheres;1149;45 a 49 anos;11725
Indicador  3.9.2;1706;1;32;Espírito Santo;11725;2022;5;Mulheres;1150;50 a 54 anos;11725
Indicador  3.9.2;1706;2;32;Espírito Santo;11725;2022;5;Mulheres;1151;55 a 59 anos;11725
Indicador  3.9.2;1706;58;32;Espírito Santo;11725;2022;5;Mulheres;3302;60 anos ou mais;11725
Indicador  3.9.2;1706;618;33;Rio de Janeiro;11725;2018;6794;Total;95253;Total;11725
Indicador  3.9.2;1706;47;33;Rio de Janeiro;11725;2018;6794;Total;1140;0 a 4 anos;11725
Indicador  3.9.2;1706;3;33;Rio de Janeiro;11725;2018;6794;Total;1141;5 a 9 anos;11725
Indicador  3.9.2;1706;2;33;Rio de Janeiro;11725;2018;6794;Total;1142;10 a 14 anos;11725
Indicador  3.9.2;1706;5;33;Rio de Janeiro;11725;2018;6794;Total;1143;15 a 19 anos;11725
Indicador  3.9.2;1706;3;33;Rio de Janeiro;11725;2018;6794;Total;1144;20 a 24 anos;11725
Indicador  3.9.2;1706;2;33;Rio de Janeiro;11725;2018;6794;Total;1145;25 a 29 anos;11725
Indicador  3.9.2;1706;1;33;Rio de Janeiro;11725;2018;6794;Total;1146;30 a 34 anos;11725
Indicador  3.9.2;1706;10;33;Rio de Janeiro;11725;2018;6794;Total;1147;35 a 39 anos;11725
Indicador  3.9.2;1706;11;33;Rio de Janeiro;11725;2018;6794;Total;1148;40 a 44 anos;11725
Indicador  3.9.2;1706;17;33;Rio de Janeiro;11725;2018;6794;Total;1149;45 a 49 anos;11725
Indicador  3.9.2;1706;9;33;Rio de Janeiro;11725;2018;6794;Total;1150;50 a 54 anos;11725
Indicador  3.9.2;1706;19;33;Rio de Janeiro;11725;2018;6794;Total;1151;55 a 59 anos;11725
Indicador  3.9.2;1706;486;33;Rio de Janeiro;11725;2018;6794;Total;3302;60 anos ou mais;11725
Indicador  3.9.2;1706;304;33;Rio de Janeiro;11725;2018;4;Homens;95253;Total;11725
Indicador  3.9.2;1706;26;33;Rio de Janeiro;11725;2018;4;Homens;1140;0 a 4 anos;11725
Indicador  3.9.2;1706;2;33;Rio de Janeiro;11725;2018;4;Homens;1141;5 a 9 anos;11725
Indicador  3.9.2;1706;1;33;Rio de Janeiro;11725;2018;4;Homens;1142;10 a 14 anos;11725
Indicador  3.9.2;1706;3;33;Rio de Janeiro;11725;2018;4;Homens;1143;15 a 19 anos;11725
Indicador  3.9.2;1706;2;33;Rio de Janeiro;11725;2018;4;Homens;1144;20 a 24 anos;11725
Indicador  3.9.2;1706;2;33;Rio de Janeiro;11725;2018;4;Homens;1145;25 a 29 anos;11725
Indicador  3.9.2;1706;1;33;Rio de Janeiro;11725;2018;4;Homens;1146;30 a 34 anos;11725
Indicador  3.9.2;1706;7;33;Rio de Janeiro;11725;2018;4;Homens;1147;35 a 39 anos;11725
Indicador  3.9.2;1706;7;33;Rio de Janeiro;11725;2018;4;Homens;1148;40 a 44 anos;11725
Indicador  3.9.2;1706;12;33;Rio de Janeiro;11725;2018;4;Homens;1149;45 a 49 anos;11725
Indicador  3.9.2;1706;7;33;Rio de Janeiro;11725;2018;4;Homens;1150;50 a 54 anos;11725
Indicador  3.9.2;1706;14;33;Rio de Janeiro;11725;2018;4;Homens;1151;55 a 59 anos;11725
Indicador  3.9.2;1706;218;33;Rio de Janeiro;11725;2018;4;Homens;3302;60 anos ou mais;11725
Indicador  3.9.2;1706;314;33;Rio de Janeiro;11725;2018;5;Mulheres;95253;Total;11725
Indicador  3.9.2;1706;21;33;Rio de Janeiro;11725;2018;5;Mulheres;1140;0 a 4 anos;11725
Indicador  3.9.2;1706;1;33;Rio de Janeiro;11725;2018;5;Mulheres;1141;5 a 9 anos;11725
Indicador  3.9.2;1706;1;33;Rio de Janeiro;11725;2018;5;Mulheres;1142;10 a 14 anos;11725
Indicador  3.9.2;1706;2;33;Rio de Janeiro;11725;2018;5;Mulheres;1143;15 a 19 anos;11725
Indicador  3.9.2;1706;1;33;Rio de Janeiro;11725;2018;5;Mulheres;1144;20 a 24 anos;11725
Indicador  3.9.2;1706;0;33;Rio de Janeiro;11725;2018;5;Mulheres;1145;25 a 29 anos;11725
Indicador  3.9.2;1706;0;33;Rio de Janeiro;11725;2018;5;Mulheres;1146;30 a 34 anos;11725
Indicador  3.9.2;1706;3;33;Rio de Janeiro;11725;2018;5;Mulheres;1147;35 a 39 anos;11725
Indicador  3.9.2;1706;4;33;Rio de Janeiro;11725;2018;5;Mulheres;1148;40 a 44 anos;11725
Indicador  3.9.2;1706;5;33;Rio de Janeiro;11725;2018;5;Mulheres;1149;45 a 49 anos;11725
Indicador  3.9.2;1706;2;33;Rio de Janeiro;11725;2018;5;Mulheres;1150;50 a 54 anos;11725
Indicador  3.9.2;1706;5;33;Rio de Janeiro;11725;2018;5;Mulheres;1151;55 a 59 anos;11725
Indicador  3.9.2;1706;268;33;Rio de Janeiro;11725;2018;5;Mulheres;3302;60 anos ou mais;11725
Indicador  3.9.2;1706;615;33;Rio de Janeiro;11725;2019;6794;Total;95253;Total;11725
Indicador  3.9.2;1706;42;33;Rio de Janeiro;11725;2019;6794;Total;1140;0 a 4 anos;11725
Indicador  3.9.2;1706;3;33;Rio de Janeiro;11725;2019;6794;Total;1141;5 a 9 anos;11725
Indicador  3.9.2;1706;2;33;Rio de Janeiro;11725;2019;6794;Total;1142;10 a 14 anos;11725
Indicador  3.9.2;1706;2;33;Rio de Janeiro;11725;2019;6794;Total;1143;15 a 19 anos;11725
Indicador  3.9.2;1706;1;33;Rio de Janeiro;11725;2019;6794;Total;1144;20 a 24 anos;11725
Indicador  3.9.2;1706;5;33;Rio de Janeiro;11725;2019;6794;Total;1145;25 a 29 anos;11725
Indicador  3.9.2;1706;5;33;Rio de Janeiro;11725;2019;6794;Total;1146;30 a 34 anos;11725
Indicador  3.9.2;1706;4;33;Rio de Janeiro;11725;2019;6794;Total;1147;35 a 39 anos;11725
Indicador  3.9.2;1706;5;33;Rio de Janeiro;11725;2019;6794;Total;1148;40 a 44 anos;11725
Indicador  3.9.2;1706;5;33;Rio de Janeiro;11725;2019;6794;Total;1149;45 a 49 anos;11725
Indicador  3.9.2;1706;17;33;Rio de Janeiro;11725;2019;6794;Total;1150;50 a 54 anos;11725
Indicador  3.9.2;1706;19;33;Rio de Janeiro;11725;2019;6794;Total;1151;55 a 59 anos;11725
Indicador  3.9.2;1706;502;33;Rio de Janeiro;11725;2019;6794;Total;3302;60 anos ou mais;11725
Indicador  3.9.2;1706;300;33;Rio de Janeiro;11725;2019;4;Homens;95253;Total;11725
Indicador  3.9.2;1706;27;33;Rio de Janeiro;11725;2019;4;Homens;1140;0 a 4 anos;11725
Indicador  3.9.2;1706;0;33;Rio de Janeiro;11725;2019;4;Homens;1141;5 a 9 anos;11725
Indicador  3.9.2;1706;1;33;Rio de Janeiro;11725;2019;4;Homens;1142;10 a 14 anos;11725
Indicador  3.9.2;1706;0;33;Rio de Janeiro;11725;2019;4;Homens;1143;15 a 19 anos;11725
Indicador  3.9.2;1706;1;33;Rio de Janeiro;11725;2019;4;Homens;1144;20 a 24 anos;11725
Indicador  3.9.2;1706;2;33;Rio de Janeiro;11725;2019;4;Homens;1145;25 a 29 anos;11725
Indicador  3.9.2;1706;3;33;Rio de Janeiro;11725;2019;4;Homens;1146;30 a 34 anos;11725
Indicador  3.9.2;1706;3;33;Rio de Janeiro;11725;2019;4;Homens;1147;35 a 39 anos;11725
Indicador  3.9.2;1706;2;33;Rio de Janeiro;11725;2019;4;Homens;1148;40 a 44 anos;11725
Indicador  3.9.2;1706;3;33;Rio de Janeiro;11725;2019;4;Homens;1149;45 a 49 anos;11725
Indicador  3.9.2;1706;13;33;Rio de Janeiro;11725;2019;4;Homens;1150;50 a 54 anos;11725
Indicador  3.9.2;1706;12;33;Rio de Janeiro;11725;2019;4;Homens;1151;55 a 59 anos;11725
Indicador  3.9.2;1706;232;33;Rio de Janeiro;11725;2019;4;Homens;3302;60 anos ou mais;11725
Indicador  3.9.2;1706;315;33;Rio de Janeiro;11725;2019;5;Mulheres;95253;Total;11725
Indicador  3.9.2;1706;15;33;Rio de Janeiro;11725;2019;5;Mulheres;1140;0 a 4 anos;11725
Indicador  3.9.2;1706;3;33;Rio de Janeiro;11725;2019;5;Mulheres;1141;5 a 9 anos;11725
Indicador  3.9.2;1706;1;33;Rio de Janeiro;11725;2019;5;Mulheres;1142;10 a 14 anos;11725
Indicador  3.9.2;1706;2;33;Rio de Janeiro;11725;2019;5;Mulheres;1143;15 a 19 anos;11725
Indicador  3.9.2;1706;0;33;Rio de Janeiro;11725;2019;5;Mulheres;1144;20 a 24 anos;11725
Indicador  3.9.2;1706;3;33;Rio de Janeiro;11725;2019;5;Mulheres;1145;25 a 29 anos;11725
Indicador  3.9.2;1706;2;33;Rio de Janeiro;11725;2019;5;Mulheres;1146;30 a 34 anos;11725
Indicador  3.9.2;1706;1;33;Rio de Janeiro;11725;2019;5;Mulheres;1147;35 a 39 anos;11725
Indicador  3.9.2;1706;3;33;Rio de Janeiro;11725;2019;5;Mulheres;1148;40 a 44 anos;11725
Indicador  3.9.2;1706;2;33;Rio de Janeiro;11725;2019;5;Mulheres;1149;45 a 49 anos;11725
Indicador  3.9.2;1706;4;33;Rio de Janeiro;11725;2019;5;Mulheres;1150;50 a 54 anos;11725
Indicador  3.9.2;1706;7;33;Rio de Janeiro;11725;2019;5;Mulheres;1151;55 a 59 anos;11725
Indicador  3.9.2;1706;270;33;Rio de Janeiro;11725;2019;5;Mulheres;3302;60 anos ou mais;11725
Indicador  3.9.2;1706;497;33;Rio de Janeiro;11725;2020;6794;Total;95253;Total;11725
Indicador  3.9.2;1706;38;33;Rio de Janeiro;11725;2020;6794;Total;1140;0 a 4 anos;11725
Indicador  3.9.2;1706;1;33;Rio de Janeiro;11725;2020;6794;Total;1141;5 a 9 anos;11725
Indicador  3.9.2;1706;3;33;Rio de Janeiro;11725;2020;6794;Total;1142;10 a 14 anos;11725
Indicador  3.9.2;1706;3;33;Rio de Janeiro;11725;2020;6794;Total;1143;15 a 19 anos;11725
Indicador  3.9.2;1706;4;33;Rio de Janeiro;11725;2020;6794;Total;1144;20 a 24 anos;11725
Indicador  3.9.2;1706;3;33;Rio de Janeiro;11725;2020;6794;Total;1145;25 a 29 anos;11725
Indicador  3.9.2;1706;6;33;Rio de Janeiro;11725;2020;6794;Total;1146;30 a 34 anos;11725
Indicador  3.9.2;1706;5;33;Rio de Janeiro;11725;2020;6794;Total;1147;35 a 39 anos;11725
Indicador  3.9.2;1706;4;33;Rio de Janeiro;11725;2020;6794;Total;1148;40 a 44 anos;11725
Indicador  3.9.2;1706;9;33;Rio de Janeiro;11725;2020;6794;Total;1149;45 a 49 anos;11725
Indicador  3.9.2;1706;17;33;Rio de Janeiro;11725;2020;6794;Total;1150;50 a 54 anos;11725
Indicador  3.9.2;1706;14;33;Rio de Janeiro;11725;2020;6794;Total;1151;55 a 59 anos;11725
Indicador  3.9.2;1706;388;33;Rio de Janeiro;11725;2020;6794;Total;3302;60 anos ou mais;11725
Indicador  3.9.2;1706;252;33;Rio de Janeiro;11725;2020;4;Homens;95253;Total;11725
Indicador  3.9.2;1706;24;33;Rio de Janeiro;11725;2020;4;Homens;1140;0 a 4 anos;11725
Indicador  3.9.2;1706;0;33;Rio de Janeiro;11725;2020;4;Homens;1141;5 a 9 anos;11725
Indicador  3.9.2;1706;1;33;Rio de Janeiro;11725;2020;4;Homens;1142;10 a 14 anos;11725
Indicador  3.9.2;1706;1;33;Rio de Janeiro;11725;2020;4;Homens;1143;15 a 19 anos;11725
Indicador  3.9.2;1706;4;33;Rio de Janeiro;11725;2020;4;Homens;1144;20 a 24 anos;11725
Indicador  3.9.2;1706;0;33;Rio de Janeiro;11725;2020;4;Homens;1145;25 a 29 anos;11725
Indicador  3.9.2;1706;5;33;Rio de Janeiro;11725;2020;4;Homens;1146;30 a 34 anos;11725
Indicador  3.9.2;1706;4;33;Rio de Janeiro;11725;2020;4;Homens;1147;35 a 39 anos;11725
Indicador  3.9.2;1706;3;33;Rio de Janeiro;11725;2020;4;Homens;1148;40 a 44 anos;11725
Indicador  3.9.2;1706;5;33;Rio de Janeiro;11725;2020;4;Homens;1149;45 a 49 anos;11725
Indicador  3.9.2;1706;12;33;Rio de Janeiro;11725;2020;4;Homens;1150;50 a 54 anos;11725
Indicador  3.9.2;1706;8;33;Rio de Janeiro;11725;2020;4;Homens;1151;55 a 59 anos;11725
Indicador  3.9.2;1706;184;33;Rio de Janeiro;11725;2020;4;Homens;3302;60 anos ou mais;11725
Indicador  3.9.2;1706;245;33;Rio de Janeiro;11725;2020;5;Mulheres;95253;Total;11725
Indicador  3.9.2;1706;14;33;Rio de Janeiro;11725;2020;5;Mulheres;1140;0 a 4 anos;11725
Indicador  3.9.2;1706;1;33;Rio de Janeiro;11725;2020;5;Mulheres;1141;5 a 9 anos;11725
Indicador  3.9.2;1706;2;33;Rio de Janeiro;11725;2020;5;Mulheres;1142;10 a 14 anos;11725
Indicador  3.9.2;1706;2;33;Rio de Janeiro;11725;2020;5;Mulheres;1143;15 a 19 anos;11725
Indicador  3.9.2;1706;0;33;Rio de Janeiro;11725;2020;5;Mulheres;1144;20 a 24 anos;11725
Indicador  3.9.2;1706;3;33;Rio de Janeiro;11725;2020;5;Mulheres;1145;25 a 29 anos;11725
Indicador  3.9.2;1706;1;33;Rio de Janeiro;11725;2020;5;Mulheres;1146;30 a 34 anos;11725
Indicador  3.9.2;1706;1;33;Rio de Janeiro;11725;2020;5;Mulheres;1147;35 a 39 anos;11725
Indicador  3.9.2;1706;1;33;Rio de Janeiro;11725;2020;5;Mulheres;1148;40 a 44 anos;11725
Indicador  3.9.2;1706;4;33;Rio de Janeiro;11725;2020;5;Mulheres;1149;45 a 49 anos;11725
Indicador  3.9.2;1706;5;33;Rio de Janeiro;11725;2020;5;Mulheres;1150;50 a 54 anos;11725
Indicador  3.9.2;1706;6;33;Rio de Janeiro;11725;2020;5;Mulheres;1151;55 a 59 anos;11725
Indicador  3.9.2;1706;204;33;Rio de Janeiro;11725;2020;5;Mulheres;3302;60 anos ou mais;11725
Indicador  3.9.2;1706;447;33;Rio de Janeiro;11725;2021;6794;Total;95253;Total;11725
Indicador  3.9.2;1706;39;33;Rio de Janeiro;11725;2021;6794;Total;1140;0 a 4 anos;11725
Indicador  3.9.2;1706;2;33;Rio de Janeiro;11725;2021;6794;Total;1141;5 a 9 anos;11725
Indicador  3.9.2;1706;1;33;Rio de Janeiro;11725;2021;6794;Total;1142;10 a 14 anos;11725
Indicador  3.9.2;1706;3;33;Rio de Janeiro;11725;2021;6794;Total;1143;15 a 19 anos;11725
Indicador  3.9.2;1706;2;33;Rio de Janeiro;11725;2021;6794;Total;1144;20 a 24 anos;11725
Indicador  3.9.2;1706;2;33;Rio de Janeiro;11725;2021;6794;Total;1145;25 a 29 anos;11725
Indicador  3.9.2;1706;2;33;Rio de Janeiro;11725;2021;6794;Total;1146;30 a 34 anos;11725
Indicador  3.9.2;1706;4;33;Rio de Janeiro;11725;2021;6794;Total;1147;35 a 39 anos;11725
Indicador  3.9.2;1706;6;33;Rio de Janeiro;11725;2021;6794;Total;1148;40 a 44 anos;11725
Indicador  3.9.2;1706;10;33;Rio de Janeiro;11725;2021;6794;Total;1149;45 a 49 anos;11725
Indicador  3.9.2;1706;13;33;Rio de Janeiro;11725;2021;6794;Total;1150;50 a 54 anos;11725
Indicador  3.9.2;1706;21;33;Rio de Janeiro;11725;2021;6794;Total;1151;55 a 59 anos;11725
Indicador  3.9.2;1706;340;33;Rio de Janeiro;11725;2021;6794;Total;3302;60 anos ou mais;11725
Indicador  3.9.2;1706;224;33;Rio de Janeiro;11725;2021;4;Homens;95253;Total;11725
Indicador  3.9.2;1706;24;33;Rio de Janeiro;11725;2021;4;Homens;1140;0 a 4 anos;11725
Indicador  3.9.2;1706;1;33;Rio de Janeiro;11725;2021;4;Homens;1141;5 a 9 anos;11725
Indicador  3.9.2;1706;1;33;Rio de Janeiro;11725;2021;4;Homens;1142;10 a 14 anos;11725
Indicador  3.9.2;1706;2;33;Rio de Janeiro;11725;2021;4;Homens;1143;15 a 19 anos;11725
Indicador  3.9.2;1706;1;33;Rio de Janeiro;11725;2021;4;Homens;1144;20 a 24 anos;11725
Indicador  3.9.2;1706;2;33;Rio de Janeiro;11725;2021;4;Homens;1145;25 a 29 anos;11725
Indicador  3.9.2;1706;0;33;Rio de Janeiro;11725;2021;4;Homens;1146;30 a 34 anos;11725
Indicador  3.9.2;1706;3;33;Rio de Janeiro;11725;2021;4;Homens;1147;35 a 39 anos;11725
Indicador  3.9.2;1706;5;33;Rio de Janeiro;11725;2021;4;Homens;1148;40 a 44 anos;11725
Indicador  3.9.2;1706;4;33;Rio de Janeiro;11725;2021;4;Homens;1149;45 a 49 anos;11725
Indicador  3.9.2;1706;8;33;Rio de Janeiro;11725;2021;4;Homens;1150;50 a 54 anos;11725
Indicador  3.9.2;1706;9;33;Rio de Janeiro;11725;2021;4;Homens;1151;55 a 59 anos;11725
Indicador  3.9.2;1706;163;33;Rio de Janeiro;11725;2021;4;Homens;3302;60 anos ou mais;11725
Indicador  3.9.2;1706;222;33;Rio de Janeiro;11725;2021;5;Mulheres;95253;Total;11725
Indicador  3.9.2;1706;15;33;Rio de Janeiro;11725;2021;5;Mulheres;1140;0 a 4 anos;11725
Indicador  3.9.2;1706;1;33;Rio de Janeiro;11725;2021;5;Mulheres;1141;5 a 9 anos;11725
Indicador  3.9.2;1706;0;33;Rio de Janeiro;11725;2021;5;Mulheres;1142;10 a 14 anos;11725
Indicador  3.9.2;1706;1;33;Rio de Janeiro;11725;2021;5;Mulheres;1143;15 a 19 anos;11725
Indicador  3.9.2;1706;1;33;Rio de Janeiro;11725;2021;5;Mulheres;1144;20 a 24 anos;11725
Indicador  3.9.2;1706;0;33;Rio de Janeiro;11725;2021;5;Mulheres;1145;25 a 29 anos;11725
Indicador  3.9.2;1706;2;33;Rio de Janeiro;11725;2021;5;Mulheres;1146;30 a 34 anos;11725
Indicador  3.9.2;1706;1;33;Rio de Janeiro;11725;2021;5;Mulheres;1147;35 a 39 anos;11725
Indicador  3.9.2;1706;1;33;Rio de Janeiro;11725;2021;5;Mulheres;1148;40 a 44 anos;11725
Indicador  3.9.2;1706;6;33;Rio de Janeiro;11725;2021;5;Mulheres;1149;45 a 49 anos;11725
Indicador  3.9.2;1706;5;33;Rio de Janeiro;11725;2021;5;Mulheres;1150;50 a 54 anos;11725
Indicador  3.9.2;1706;12;33;Rio de Janeiro;11725;2021;5;Mulheres;1151;55 a 59 anos;11725
Indicador  3.9.2;1706;177;33;Rio de Janeiro;11725;2021;5;Mulheres;3302;60 anos ou mais;11725
Indicador  3.9.2;1706;521;33;Rio de Janeiro;11725;2022;6794;Total;95253;Total;11725
Indicador  3.9.2;1706;34;33;Rio de Janeiro;11725;2022;6794;Total;1140;0 a 4 anos;11725
Indicador  3.9.2;1706;6;33;Rio de Janeiro;11725;2022;6794;Total;1141;5 a 9 anos;11725
Indicador  3.9.2;1706;4;33;Rio de Janeiro;11725;2022;6794;Total;1142;10 a 14 anos;11725
Indicador  3.9.2;1706;4;33;Rio de Janeiro;11725;2022;6794;Total;1143;15 a 19 anos;11725
Indicador  3.9.2;1706;4;33;Rio de Janeiro;11725;2022;6794;Total;1144;20 a 24 anos;11725
Indicador  3.9.2;1706;3;33;Rio de Janeiro;11725;2022;6794;Total;1145;25 a 29 anos;11725
Indicador  3.9.2;1706;2;33;Rio de Janeiro;11725;2022;6794;Total;1146;30 a 34 anos;11725
Indicador  3.9.2;1706;3;33;Rio de Janeiro;11725;2022;6794;Total;1147;35 a 39 anos;11725
Indicador  3.9.2;1706;4;33;Rio de Janeiro;11725;2022;6794;Total;1148;40 a 44 anos;11725
Indicador  3.9.2;1706;13;33;Rio de Janeiro;11725;2022;6794;Total;1149;45 a 49 anos;11725
Indicador  3.9.2;1706;11;33;Rio de Janeiro;11725;2022;6794;Total;1150;50 a 54 anos;11725
Indicador  3.9.2;1706;21;33;Rio de Janeiro;11725;2022;6794;Total;1151;55 a 59 anos;11725
Indicador  3.9.2;1706;412;33;Rio de Janeiro;11725;2022;6794;Total;3302;60 anos ou mais;11725
Indicador  3.9.2;1706;237;33;Rio de Janeiro;11725;2022;4;Homens;95253;Total;11725
Indicador  3.9.2;1706;19;33;Rio de Janeiro;11725;2022;4;Homens;1140;0 a 4 anos;11725
Indicador  3.9.2;1706;5;33;Rio de Janeiro;11725;2022;4;Homens;1141;5 a 9 anos;11725
Indicador  3.9.2;1706;2;33;Rio de Janeiro;11725;2022;4;Homens;1142;10 a 14 anos;11725
Indicador  3.9.2;1706;2;33;Rio de Janeiro;11725;2022;4;Homens;1143;15 a 19 anos;11725
Indicador  3.9.2;1706;4;33;Rio de Janeiro;11725;2022;4;Homens;1144;20 a 24 anos;11725
Indicador  3.9.2;1706;1;33;Rio de Janeiro;11725;2022;4;Homens;1145;25 a 29 anos;11725
Indicador  3.9.2;1706;2;33;Rio de Janeiro;11725;2022;4;Homens;1146;30 a 34 anos;11725
Indicador  3.9.2;1706;3;33;Rio de Janeiro;11725;2022;4;Homens;1147;35 a 39 anos;11725
Indicador  3.9.2;1706;2;33;Rio de Janeiro;11725;2022;4;Homens;1148;40 a 44 anos;11725
Indicador  3.9.2;1706;6;33;Rio de Janeiro;11725;2022;4;Homens;1149;45 a 49 anos;11725
Indicador  3.9.2;1706;9;33;Rio de Janeiro;11725;2022;4;Homens;1150;50 a 54 anos;11725
Indicador  3.9.2;1706;9;33;Rio de Janeiro;11725;2022;4;Homens;1151;55 a 59 anos;11725
Indicador  3.9.2;1706;173;33;Rio de Janeiro;11725;2022;4;Homens;3302;60 anos ou mais;11725
Indicador  3.9.2;1706;284;33;Rio de Janeiro;11725;2022;5;Mulheres;95253;Total;11725
Indicador  3.9.2;1706;15;33;Rio de Janeiro;11725;2022;5;Mulheres;1140;0 a 4 anos;11725
Indicador  3.9.2;1706;1;33;Rio de Janeiro;11725;2022;5;Mulheres;1141;5 a 9 anos;11725
Indicador  3.9.2;1706;2;33;Rio de Janeiro;11725;2022;5;Mulheres;1142;10 a 14 anos;11725
Indicador  3.9.2;1706;2;33;Rio de Janeiro;11725;2022;5;Mulheres;1143;15 a 19 anos;11725
Indicador  3.9.2;1706;0;33;Rio de Janeiro;11725;2022;5;Mulheres;1144;20 a 24 anos;11725
Indicador  3.9.2;1706;2;33;Rio de Janeiro;11725;2022;5;Mulheres;1145;25 a 29 anos;11725
Indicador  3.9.2;1706;0;33;Rio de Janeiro;11725;2022;5;Mulheres;1146;30 a 34 anos;11725
Indicador  3.9.2;1706;0;33;Rio de Janeiro;11725;2022;5;Mulheres;1147;35 a 39 anos;11725
Indicador  3.9.2;1706;2;33;Rio de Janeiro;11725;2022;5;Mulheres;1148;40 a 44 anos;11725
Indicador  3.9.2;1706;7;33;Rio de Janeiro;11725;2022;5;Mulheres;1149;45 a 49 anos;11725
Indicador  3.9.2;1706;2;33;Rio de Janeiro;11725;2022;5;Mulheres;1150;50 a 54 anos;11725
Indicador  3.9.2;1706;12;33;Rio de Janeiro;11725;2022;5;Mulheres;1151;55 a 59 anos;11725
Indicador  3.9.2;1706;239;33;Rio de Janeiro;11725;2022;5;Mulheres;3302;60 anos ou mais;11725
Indicador  3.9.2;1706;1740;35;São Paulo;11725;2018;6794;Total;95253;Total;11725
Indicador  3.9.2;1706;61;35;São Paulo;11725;2018;6794;Total;1140;0 a 4 anos;11725
Indicador  3.9.2;1706;6;35;São Paulo;11725;2018;6794;Total;1141;5 a 9 anos;11725
Indicador  3.9.2;1706;0;35;São Paulo;11725;2018;6794;Total;1142;10 a 14 anos;11725
Indicador  3.9.2;1706;6;35;São Paulo;11725;2018;6794;Total;1143;15 a 19 anos;11725
Indicador  3.9.2;1706;8;35;São Paulo;11725;2018;6794;Total;1144;20 a 24 anos;11725
Indicador  3.9.2;1706;7;35;São Paulo;11725;2018;6794;Total;1145;25 a 29 anos;11725
Indicador  3.9.2;1706;13;35;São Paulo;11725;2018;6794;Total;1146;30 a 34 anos;11725
Indicador  3.9.2;1706;11;35;São Paulo;11725;2018;6794;Total;1147;35 a 39 anos;11725
Indicador  3.9.2;1706;23;35;São Paulo;11725;2018;6794;Total;1148;40 a 44 anos;11725
Indicador  3.9.2;1706;28;35;São Paulo;11725;2018;6794;Total;1149;45 a 49 anos;11725
Indicador  3.9.2;1706;49;35;São Paulo;11725;2018;6794;Total;1150;50 a 54 anos;11725
Indicador  3.9.2;1706;69;35;São Paulo;11725;2018;6794;Total;1151;55 a 59 anos;11725
Indicador  3.9.2;1706;1458;35;São Paulo;11725;2018;6794;Total;3302;60 anos ou mais;11725
Indicador  3.9.2;1706;792;35;São Paulo;11725;2018;4;Homens;95253;Total;11725
Indicador  3.9.2;1706;28;35;São Paulo;11725;2018;4;Homens;1140;0 a 4 anos;11725
Indicador  3.9.2;1706;2;35;São Paulo;11725;2018;4;Homens;1141;5 a 9 anos;11725
Indicador  3.9.2;1706;0;35;São Paulo;11725;2018;4;Homens;1142;10 a 14 anos;11725
Indicador  3.9.2;1706;3;35;São Paulo;11725;2018;4;Homens;1143;15 a 19 anos;11725
Indicador  3.9.2;1706;8;35;São Paulo;11725;2018;4;Homens;1144;20 a 24 anos;11725
Indicador  3.9.2;1706;5;35;São Paulo;11725;2018;4;Homens;1145;25 a 29 anos;11725
Indicador  3.9.2;1706;5;35;São Paulo;11725;2018;4;Homens;1146;30 a 34 anos;11725
Indicador  3.9.2;1706;8;35;São Paulo;11725;2018;4;Homens;1147;35 a 39 anos;11725
Indicador  3.9.2;1706;11;35;São Paulo;11725;2018;4;Homens;1148;40 a 44 anos;11725
Indicador  3.9.2;1706;21;35;São Paulo;11725;2018;4;Homens;1149;45 a 49 anos;11725
Indicador  3.9.2;1706;27;35;São Paulo;11725;2018;4;Homens;1150;50 a 54 anos;11725
Indicador  3.9.2;1706;39;35;São Paulo;11725;2018;4;Homens;1151;55 a 59 anos;11725
Indicador  3.9.2;1706;634;35;São Paulo;11725;2018;4;Homens;3302;60 anos ou mais;11725
Indicador  3.9.2;1706;948;35;São Paulo;11725;2018;5;Mulheres;95253;Total;11725
Indicador  3.9.2;1706;33;35;São Paulo;11725;2018;5;Mulheres;1140;0 a 4 anos;11725
Indicador  3.9.2;1706;4;35;São Paulo;11725;2018;5;Mulheres;1141;5 a 9 anos;11725
Indicador  3.9.2;1706;0;35;São Paulo;11725;2018;5;Mulheres;1142;10 a 14 anos;11725
Indicador  3.9.2;1706;3;35;São Paulo;11725;2018;5;Mulheres;1143;15 a 19 anos;11725
Indicador  3.9.2;1706;0;35;São Paulo;11725;2018;5;Mulheres;1144;20 a 24 anos;11725
Indicador  3.9.2;1706;2;35;São Paulo;11725;2018;5;Mulheres;1145;25 a 29 anos;11725
Indicador  3.9.2;1706;8;35;São Paulo;11725;2018;5;Mulheres;1146;30 a 34 anos;11725
Indicador  3.9.2;1706;3;35;São Paulo;11725;2018;5;Mulheres;1147;35 a 39 anos;11725
Indicador  3.9.2;1706;12;35;São Paulo;11725;2018;5;Mulheres;1148;40 a 44 anos;11725
Indicador  3.9.2;1706;7;35;São Paulo;11725;2018;5;Mulheres;1149;45 a 49 anos;11725
Indicador  3.9.2;1706;22;35;São Paulo;11725;2018;5;Mulheres;1150;50 a 54 anos;11725
Indicador  3.9.2;1706;30;35;São Paulo;11725;2018;5;Mulheres;1151;55 a 59 anos;11725
Indicador  3.9.2;1706;824;35;São Paulo;11725;2018;5;Mulheres;3302;60 anos ou mais;11725
Indicador  3.9.2;1706;1887;35;São Paulo;11725;2019;6794;Total;95253;Total;11725
Indicador  3.9.2;1706;62;35;São Paulo;11725;2019;6794;Total;1140;0 a 4 anos;11725
Indicador  3.9.2;1706;5;35;São Paulo;11725;2019;6794;Total;1141;5 a 9 anos;11725
Indicador  3.9.2;1706;5;35;São Paulo;11725;2019;6794;Total;1142;10 a 14 anos;11725
Indicador  3.9.2;1706;8;35;São Paulo;11725;2019;6794;Total;1143;15 a 19 anos;11725
Indicador  3.9.2;1706;8;35;São Paulo;11725;2019;6794;Total;1144;20 a 24 anos;11725
Indicador  3.9.2;1706;5;35;São Paulo;11725;2019;6794;Total;1145;25 a 29 anos;11725
Indicador  3.9.2;1706;10;35;São Paulo;11725;2019;6794;Total;1146;30 a 34 anos;11725
Indicador  3.9.2;1706;21;35;São Paulo;11725;2019;6794;Total;1147;35 a 39 anos;11725
Indicador  3.9.2;1706;15;35;São Paulo;11725;2019;6794;Total;1148;40 a 44 anos;11725
Indicador  3.9.2;1706;29;35;São Paulo;11725;2019;6794;Total;1149;45 a 49 anos;11725
Indicador  3.9.2;1706;34;35;São Paulo;11725;2019;6794;Total;1150;50 a 54 anos;11725
Indicador  3.9.2;1706;68;35;São Paulo;11725;2019;6794;Total;1151;55 a 59 anos;11725
Indicador  3.9.2;1706;1614;35;São Paulo;11725;2019;6794;Total;3302;60 anos ou mais;11725
Indicador  3.9.2;1706;856;35;São Paulo;11725;2019;4;Homens;95253;Total;11725
Indicador  3.9.2;1706;33;35;São Paulo;11725;2019;4;Homens;1140;0 a 4 anos;11725
Indicador  3.9.2;1706;2;35;São Paulo;11725;2019;4;Homens;1141;5 a 9 anos;11725
Indicador  3.9.2;1706;2;35;São Paulo;11725;2019;4;Homens;1142;10 a 14 anos;11725
Indicador  3.9.2;1706;4;35;São Paulo;11725;2019;4;Homens;1143;15 a 19 anos;11725
Indicador  3.9.2;1706;3;35;São Paulo;11725;2019;4;Homens;1144;20 a 24 anos;11725
Indicador  3.9.2;1706;3;35;São Paulo;11725;2019;4;Homens;1145;25 a 29 anos;11725
Indicador  3.9.2;1706;5;35;São Paulo;11725;2019;4;Homens;1146;30 a 34 anos;11725
Indicador  3.9.2;1706;12;35;São Paulo;11725;2019;4;Homens;1147;35 a 39 anos;11725
Indicador  3.9.2;1706;15;35;São Paulo;11725;2019;4;Homens;1148;40 a 44 anos;11725
Indicador  3.9.2;1706;19;35;São Paulo;11725;2019;4;Homens;1149;45 a 49 anos;11725
Indicador  3.9.2;1706;20;35;São Paulo;11725;2019;4;Homens;1150;50 a 54 anos;11725
Indicador  3.9.2;1706;42;35;São Paulo;11725;2019;4;Homens;1151;55 a 59 anos;11725
Indicador  3.9.2;1706;693;35;São Paulo;11725;2019;4;Homens;3302;60 anos ou mais;11725
Indicador  3.9.2;1706;1031;35;São Paulo;11725;2019;5;Mulheres;95253;Total;11725
Indicador  3.9.2;1706;29;35;São Paulo;11725;2019;5;Mulheres;1140;0 a 4 anos;11725
Indicador  3.9.2;1706;3;35;São Paulo;11725;2019;5;Mulheres;1141;5 a 9 anos;11725
Indicador  3.9.2;1706;3;35;São Paulo;11725;2019;5;Mulheres;1142;10 a 14 anos;11725
Indicador  3.9.2;1706;4;35;São Paulo;11725;2019;5;Mulheres;1143;15 a 19 anos;11725
Indicador  3.9.2;1706;5;35;São Paulo;11725;2019;5;Mulheres;1144;20 a 24 anos;11725
Indicador  3.9.2;1706;2;35;São Paulo;11725;2019;5;Mulheres;1145;25 a 29 anos;11725
Indicador  3.9.2;1706;5;35;São Paulo;11725;2019;5;Mulheres;1146;30 a 34 anos;11725
Indicador  3.9.2;1706;9;35;São Paulo;11725;2019;5;Mulheres;1147;35 a 39 anos;11725
Indicador  3.9.2;1706;0;35;São Paulo;11725;2019;5;Mulheres;1148;40 a 44 anos;11725
Indicador  3.9.2;1706;10;35;São Paulo;11725;2019;5;Mulheres;1149;45 a 49 anos;11725
Indicador  3.9.2;1706;14;35;São Paulo;11725;2019;5;Mulheres;1150;50 a 54 anos;11725
Indicador  3.9.2;1706;26;35;São Paulo;11725;2019;5;Mulheres;1151;55 a 59 anos;11725
Indicador  3.9.2;1706;921;35;São Paulo;11725;2019;5;Mulheres;3302;60 anos ou mais;11725
Indicador  3.9.2;1706;1496;35;São Paulo;11725;2020;6794;Total;95253;Total;11725
Indicador  3.9.2;1706;35;35;São Paulo;11725;2020;6794;Total;1140;0 a 4 anos;11725
Indicador  3.9.2;1706;4;35;São Paulo;11725;2020;6794;Total;1141;5 a 9 anos;11725
Indicador  3.9.2;1706;3;35;São Paulo;11725;2020;6794;Total;1142;10 a 14 anos;11725
Indicador  3.9.2;1706;5;35;São Paulo;11725;2020;6794;Total;1143;15 a 19 anos;11725
Indicador  3.9.2;1706;7;35;São Paulo;11725;2020;6794;Total;1144;20 a 24 anos;11725
Indicador  3.9.2;1706;4;35;São Paulo;11725;2020;6794;Total;1145;25 a 29 anos;11725
Indicador  3.9.2;1706;9;35;São Paulo;11725;2020;6794;Total;1146;30 a 34 anos;11725
Indicador  3.9.2;1706;19;35;São Paulo;11725;2020;6794;Total;1147;35 a 39 anos;11725
Indicador  3.9.2;1706;22;35;São Paulo;11725;2020;6794;Total;1148;40 a 44 anos;11725
Indicador  3.9.2;1706;31;35;São Paulo;11725;2020;6794;Total;1149;45 a 49 anos;11725
Indicador  3.9.2;1706;39;35;São Paulo;11725;2020;6794;Total;1150;50 a 54 anos;11725
Indicador  3.9.2;1706;44;35;São Paulo;11725;2020;6794;Total;1151;55 a 59 anos;11725
Indicador  3.9.2;1706;1273;35;São Paulo;11725;2020;6794;Total;3302;60 anos ou mais;11725
Indicador  3.9.2;1706;700;35;São Paulo;11725;2020;4;Homens;95253;Total;11725
Indicador  3.9.2;1706;20;35;São Paulo;11725;2020;4;Homens;1140;0 a 4 anos;11725
Indicador  3.9.2;1706;1;35;São Paulo;11725;2020;4;Homens;1141;5 a 9 anos;11725
Indicador  3.9.2;1706;1;35;São Paulo;11725;2020;4;Homens;1142;10 a 14 anos;11725
Indicador  3.9.2;1706;1;35;São Paulo;11725;2020;4;Homens;1143;15 a 19 anos;11725
Indicador  3.9.2;1706;4;35;São Paulo;11725;2020;4;Homens;1144;20 a 24 anos;11725
Indicador  3.9.2;1706;4;35;São Paulo;11725;2020;4;Homens;1145;25 a 29 anos;11725
Indicador  3.9.2;1706;4;35;São Paulo;11725;2020;4;Homens;1146;30 a 34 anos;11725
Indicador  3.9.2;1706;10;35;São Paulo;11725;2020;4;Homens;1147;35 a 39 anos;11725
Indicador  3.9.2;1706;16;35;São Paulo;11725;2020;4;Homens;1148;40 a 44 anos;11725
Indicador  3.9.2;1706;16;35;São Paulo;11725;2020;4;Homens;1149;45 a 49 anos;11725
Indicador  3.9.2;1706;28;35;São Paulo;11725;2020;4;Homens;1150;50 a 54 anos;11725
Indicador  3.9.2;1706;22;35;São Paulo;11725;2020;4;Homens;1151;55 a 59 anos;11725
Indicador  3.9.2;1706;572;35;São Paulo;11725;2020;4;Homens;3302;60 anos ou mais;11725
Indicador  3.9.2;1706;796;35;São Paulo;11725;2020;5;Mulheres;95253;Total;11725
Indicador  3.9.2;1706;15;35;São Paulo;11725;2020;5;Mulheres;1140;0 a 4 anos;11725
Indicador  3.9.2;1706;3;35;São Paulo;11725;2020;5;Mulheres;1141;5 a 9 anos;11725
Indicador  3.9.2;1706;2;35;São Paulo;11725;2020;5;Mulheres;1142;10 a 14 anos;11725
Indicador  3.9.2;1706;4;35;São Paulo;11725;2020;5;Mulheres;1143;15 a 19 anos;11725
Indicador  3.9.2;1706;3;35;São Paulo;11725;2020;5;Mulheres;1144;20 a 24 anos;11725
Indicador  3.9.2;1706;0;35;São Paulo;11725;2020;5;Mulheres;1145;25 a 29 anos;11725
Indicador  3.9.2;1706;5;35;São Paulo;11725;2020;5;Mulheres;1146;30 a 34 anos;11725
Indicador  3.9.2;1706;9;35;São Paulo;11725;2020;5;Mulheres;1147;35 a 39 anos;11725
Indicador  3.9.2;1706;6;35;São Paulo;11725;2020;5;Mulheres;1148;40 a 44 anos;11725
Indicador  3.9.2;1706;15;35;São Paulo;11725;2020;5;Mulheres;1149;45 a 49 anos;11725
Indicador  3.9.2;1706;11;35;São Paulo;11725;2020;5;Mulheres;1150;50 a 54 anos;11725
Indicador  3.9.2;1706;22;35;São Paulo;11725;2020;5;Mulheres;1151;55 a 59 anos;11725
Indicador  3.9.2;1706;701;35;São Paulo;11725;2020;5;Mulheres;3302;60 anos ou mais;11725
Indicador  3.9.2;1706;1629;35;São Paulo;11725;2021;6794;Total;95253;Total;11725
Indicador  3.9.2;1706;41;35;São Paulo;11725;2021;6794;Total;1140;0 a 4 anos;11725
Indicador  3.9.2;1706;11;35;São Paulo;11725;2021;6794;Total;1141;5 a 9 anos;11725
Indicador  3.9.2;1706;6;35;São Paulo;11725;2021;6794;Total;1142;10 a 14 anos;11725
Indicador  3.9.2;1706;4;35;São Paulo;11725;2021;6794;Total;1143;15 a 19 anos;11725
Indicador  3.9.2;1706;9;35;São Paulo;11725;2021;6794;Total;1144;20 a 24 anos;11725
Indicador  3.9.2;1706;9;35;São Paulo;11725;2021;6794;Total;1145;25 a 29 anos;11725
Indicador  3.9.2;1706;13;35;São Paulo;11725;2021;6794;Total;1146;30 a 34 anos;11725
Indicador  3.9.2;1706;17;35;São Paulo;11725;2021;6794;Total;1147;35 a 39 anos;11725
Indicador  3.9.2;1706;22;35;São Paulo;11725;2021;6794;Total;1148;40 a 44 anos;11725
Indicador  3.9.2;1706;22;35;São Paulo;11725;2021;6794;Total;1149;45 a 49 anos;11725
Indicador  3.9.2;1706;35;35;São Paulo;11725;2021;6794;Total;1150;50 a 54 anos;11725
Indicador  3.9.2;1706;65;35;São Paulo;11725;2021;6794;Total;1151;55 a 59 anos;11725
Indicador  3.9.2;1706;1373;35;São Paulo;11725;2021;6794;Total;3302;60 anos ou mais;11725
Indicador  3.9.2;1706;730;35;São Paulo;11725;2021;4;Homens;95253;Total;11725
Indicador  3.9.2;1706;28;35;São Paulo;11725;2021;4;Homens;1140;0 a 4 anos;11725
Indicador  3.9.2;1706;6;35;São Paulo;11725;2021;4;Homens;1141;5 a 9 anos;11725
Indicador  3.9.2;1706;5;35;São Paulo;11725;2021;4;Homens;1142;10 a 14 anos;11725
Indicador  3.9.2;1706;3;35;São Paulo;11725;2021;4;Homens;1143;15 a 19 anos;11725
Indicador  3.9.2;1706;4;35;São Paulo;11725;2021;4;Homens;1144;20 a 24 anos;11725
Indicador  3.9.2;1706;6;35;São Paulo;11725;2021;4;Homens;1145;25 a 29 anos;11725
Indicador  3.9.2;1706;8;35;São Paulo;11725;2021;4;Homens;1146;30 a 34 anos;11725
Indicador  3.9.2;1706;12;35;São Paulo;11725;2021;4;Homens;1147;35 a 39 anos;11725
Indicador  3.9.2;1706;12;35;São Paulo;11725;2021;4;Homens;1148;40 a 44 anos;11725
Indicador  3.9.2;1706;11;35;São Paulo;11725;2021;4;Homens;1149;45 a 49 anos;11725
Indicador  3.9.2;1706;24;35;São Paulo;11725;2021;4;Homens;1150;50 a 54 anos;11725
Indicador  3.9.2;1706;45;35;São Paulo;11725;2021;4;Homens;1151;55 a 59 anos;11725
Indicador  3.9.2;1706;564;35;São Paulo;11725;2021;4;Homens;3302;60 anos ou mais;11725
Indicador  3.9.2;1706;899;35;São Paulo;11725;2021;5;Mulheres;95253;Total;11725
Indicador  3.9.2;1706;13;35;São Paulo;11725;2021;5;Mulheres;1140;0 a 4 anos;11725
Indicador  3.9.2;1706;5;35;São Paulo;11725;2021;5;Mulheres;1141;5 a 9 anos;11725
Indicador  3.9.2;1706;1;35;São Paulo;11725;2021;5;Mulheres;1142;10 a 14 anos;11725
Indicador  3.9.2;1706;1;35;São Paulo;11725;2021;5;Mulheres;1143;15 a 19 anos;11725
Indicador  3.9.2;1706;5;35;São Paulo;11725;2021;5;Mulheres;1144;20 a 24 anos;11725
Indicador  3.9.2;1706;3;35;São Paulo;11725;2021;5;Mulheres;1145;25 a 29 anos;11725
Indicador  3.9.2;1706;5;35;São Paulo;11725;2021;5;Mulheres;1146;30 a 34 anos;11725
Indicador  3.9.2;1706;5;35;São Paulo;11725;2021;5;Mulheres;1147;35 a 39 anos;11725
Indicador  3.9.2;1706;10;35;São Paulo;11725;2021;5;Mulheres;1148;40 a 44 anos;11725
Indicador  3.9.2;1706;11;35;São Paulo;11725;2021;5;Mulheres;1149;45 a 49 anos;11725
Indicador  3.9.2;1706;11;35;São Paulo;11725;2021;5;Mulheres;1150;50 a 54 anos;11725
Indicador  3.9.2;1706;20;35;São Paulo;11725;2021;5;Mulheres;1151;55 a 59 anos;11725
Indicador  3.9.2;1706;809;35;São Paulo;11725;2021;5;Mulheres;3302;60 anos ou mais;11725
Indicador  3.9.2;1706;1850;35;São Paulo;11725;2022;6794;Total;95253;Total;11725
Indicador  3.9.2;1706;62;35;São Paulo;11725;2022;6794;Total;1140;0 a 4 anos;11725
Indicador  3.9.2;1706;2;35;São Paulo;11725;2022;6794;Total;1141;5 a 9 anos;11725
Indicador  3.9.2;1706;10;35;São Paulo;11725;2022;6794;Total;1142;10 a 14 anos;11725
Indicador  3.9.2;1706;5;35;São Paulo;11725;2022;6794;Total;1143;15 a 19 anos;11725
Indicador  3.9.2;1706;6;35;São Paulo;11725;2022;6794;Total;1144;20 a 24 anos;11725
Indicador  3.9.2;1706;9;35;São Paulo;11725;2022;6794;Total;1145;25 a 29 anos;11725
Indicador  3.9.2;1706;12;35;São Paulo;11725;2022;6794;Total;1146;30 a 34 anos;11725
Indicador  3.9.2;1706;14;35;São Paulo;11725;2022;6794;Total;1147;35 a 39 anos;11725
Indicador  3.9.2;1706;35;35;São Paulo;11725;2022;6794;Total;1148;40 a 44 anos;11725
Indicador  3.9.2;1706;40;35;São Paulo;11725;2022;6794;Total;1149;45 a 49 anos;11725
Indicador  3.9.2;1706;38;35;São Paulo;11725;2022;6794;Total;1150;50 a 54 anos;11725
Indicador  3.9.2;1706;71;35;São Paulo;11725;2022;6794;Total;1151;55 a 59 anos;11725
Indicador  3.9.2;1706;1544;35;São Paulo;11725;2022;6794;Total;3302;60 anos ou mais;11725
Indicador  3.9.2;1706;844;35;São Paulo;11725;2022;4;Homens;95253;Total;11725
Indicador  3.9.2;1706;31;35;São Paulo;11725;2022;4;Homens;1140;0 a 4 anos;11725
Indicador  3.9.2;1706;2;35;São Paulo;11725;2022;4;Homens;1141;5 a 9 anos;11725
Indicador  3.9.2;1706;4;35;São Paulo;11725;2022;4;Homens;1142;10 a 14 anos;11725
Indicador  3.9.2;1706;3;35;São Paulo;11725;2022;4;Homens;1143;15 a 19 anos;11725
Indicador  3.9.2;1706;1;35;São Paulo;11725;2022;4;Homens;1144;20 a 24 anos;11725
Indicador  3.9.2;1706;6;35;São Paulo;11725;2022;4;Homens;1145;25 a 29 anos;11725
Indicador  3.9.2;1706;9;35;São Paulo;11725;2022;4;Homens;1146;30 a 34 anos;11725
Indicador  3.9.2;1706;9;35;São Paulo;11725;2022;4;Homens;1147;35 a 39 anos;11725
Indicador  3.9.2;1706;20;35;São Paulo;11725;2022;4;Homens;1148;40 a 44 anos;11725
Indicador  3.9.2;1706;22;35;São Paulo;11725;2022;4;Homens;1149;45 a 49 anos;11725
Indicador  3.9.2;1706;26;35;São Paulo;11725;2022;4;Homens;1150;50 a 54 anos;11725
Indicador  3.9.2;1706;48;35;São Paulo;11725;2022;4;Homens;1151;55 a 59 anos;11725
Indicador  3.9.2;1706;661;35;São Paulo;11725;2022;4;Homens;3302;60 anos ou mais;11725
Indicador  3.9.2;1706;1006;35;São Paulo;11725;2022;5;Mulheres;95253;Total;11725
Indicador  3.9.2;1706;31;35;São Paulo;11725;2022;5;Mulheres;1140;0 a 4 anos;11725
Indicador  3.9.2;1706;0;35;São Paulo;11725;2022;5;Mulheres;1141;5 a 9 anos;11725
Indicador  3.9.2;1706;6;35;São Paulo;11725;2022;5;Mulheres;1142;10 a 14 anos;11725
Indicador  3.9.2;1706;2;35;São Paulo;11725;2022;5;Mulheres;1143;15 a 19 anos;11725
Indicador  3.9.2;1706;5;35;São Paulo;11725;2022;5;Mulheres;1144;20 a 24 anos;11725
Indicador  3.9.2;1706;3;35;São Paulo;11725;2022;5;Mulheres;1145;25 a 29 anos;11725
Indicador  3.9.2;1706;3;35;São Paulo;11725;2022;5;Mulheres;1146;30 a 34 anos;11725
Indicador  3.9.2;1706;5;35;São Paulo;11725;2022;5;Mulheres;1147;35 a 39 anos;11725
Indicador  3.9.2;1706;15;35;São Paulo;11725;2022;5;Mulheres;1148;40 a 44 anos;11725
Indicador  3.9.2;1706;18;35;São Paulo;11725;2022;5;Mulheres;1149;45 a 49 anos;11725
Indicador  3.9.2;1706;12;35;São Paulo;11725;2022;5;Mulheres;1150;50 a 54 anos;11725
Indicador  3.9.2;1706;23;35;São Paulo;11725;2022;5;Mulheres;1151;55 a 59 anos;11725
Indicador  3.9.2;1706;883;35;São Paulo;11725;2022;5;Mulheres;3302;60 anos ou mais;11725
Indicador  3.9.2;1706;426;41;Paraná;11725;2018;6794;Total;95253;Total;11725
Indicador  3.9.2;1706;18;41;Paraná;11725;2018;6794;Total;1140;0 a 4 anos;11725
Indicador  3.9.2;1706;1;41;Paraná;11725;2018;6794;Total;1141;5 a 9 anos;11725
Indicador  3.9.2;1706;1;41;Paraná;11725;2018;6794;Total;1142;10 a 14 anos;11725
Indicador  3.9.2;1706;1;41;Paraná;11725;2018;6794;Total;1143;15 a 19 anos;11725
Indicador  3.9.2;1706;2;41;Paraná;11725;2018;6794;Total;1144;20 a 24 anos;11725
Indicador  3.9.2;1706;2;41;Paraná;11725;2018;6794;Total;1145;25 a 29 anos;11725
Indicador  3.9.2;1706;3;41;Paraná;11725;2018;6794;Total;1146;30 a 34 anos;11725
Indicador  3.9.2;1706;3;41;Paraná;11725;2018;6794;Total;1147;35 a 39 anos;11725
Indicador  3.9.2;1706;3;41;Paraná;11725;2018;6794;Total;1148;40 a 44 anos;11725
Indicador  3.9.2;1706;6;41;Paraná;11725;2018;6794;Total;1149;45 a 49 anos;11725
Indicador  3.9.2;1706;9;41;Paraná;11725;2018;6794;Total;1150;50 a 54 anos;11725
Indicador  3.9.2;1706;16;41;Paraná;11725;2018;6794;Total;1151;55 a 59 anos;11725
Indicador  3.9.2;1706;361;41;Paraná;11725;2018;6794;Total;3302;60 anos ou mais;11725
Indicador  3.9.2;1706;191;41;Paraná;11725;2018;4;Homens;95253;Total;11725
Indicador  3.9.2;1706;12;41;Paraná;11725;2018;4;Homens;1140;0 a 4 anos;11725
Indicador  3.9.2;1706;1;41;Paraná;11725;2018;4;Homens;1141;5 a 9 anos;11725
Indicador  3.9.2;1706;0;41;Paraná;11725;2018;4;Homens;1142;10 a 14 anos;11725
Indicador  3.9.2;1706;0;41;Paraná;11725;2018;4;Homens;1143;15 a 19 anos;11725
Indicador  3.9.2;1706;1;41;Paraná;11725;2018;4;Homens;1144;20 a 24 anos;11725
Indicador  3.9.2;1706;1;41;Paraná;11725;2018;4;Homens;1145;25 a 29 anos;11725
Indicador  3.9.2;1706;2;41;Paraná;11725;2018;4;Homens;1146;30 a 34 anos;11725
Indicador  3.9.2;1706;3;41;Paraná;11725;2018;4;Homens;1147;35 a 39 anos;11725
Indicador  3.9.2;1706;2;41;Paraná;11725;2018;4;Homens;1148;40 a 44 anos;11725
Indicador  3.9.2;1706;0;41;Paraná;11725;2018;4;Homens;1149;45 a 49 anos;11725
Indicador  3.9.2;1706;5;41;Paraná;11725;2018;4;Homens;1150;50 a 54 anos;11725
Indicador  3.9.2;1706;10;41;Paraná;11725;2018;4;Homens;1151;55 a 59 anos;11725
Indicador  3.9.2;1706;154;41;Paraná;11725;2018;4;Homens;3302;60 anos ou mais;11725
Indicador  3.9.2;1706;235;41;Paraná;11725;2018;5;Mulheres;95253;Total;11725
Indicador  3.9.2;1706;6;41;Paraná;11725;2018;5;Mulheres;1140;0 a 4 anos;11725
Indicador  3.9.2;1706;0;41;Paraná;11725;2018;5;Mulheres;1141;5 a 9 anos;11725
Indicador  3.9.2;1706;1;41;Paraná;11725;2018;5;Mulheres;1142;10 a 14 anos;11725
Indicador  3.9.2;1706;1;41;Paraná;11725;2018;5;Mulheres;1143;15 a 19 anos;11725
Indicador  3.9.2;1706;1;41;Paraná;11725;2018;5;Mulheres;1144;20 a 24 anos;11725
Indicador  3.9.2;1706;1;41;Paraná;11725;2018;5;Mulheres;1145;25 a 29 anos;11725
Indicador  3.9.2;1706;1;41;Paraná;11725;2018;5;Mulheres;1146;30 a 34 anos;11725
Indicador  3.9.2;1706;0;41;Paraná;11725;2018;5;Mulheres;1147;35 a 39 anos;11725
Indicador  3.9.2;1706;1;41;Paraná;11725;2018;5;Mulheres;1148;40 a 44 anos;11725
Indicador  3.9.2;1706;6;41;Paraná;11725;2018;5;Mulheres;1149;45 a 49 anos;11725
Indicador  3.9.2;1706;4;41;Paraná;11725;2018;5;Mulheres;1150;50 a 54 anos;11725
Indicador  3.9.2;1706;6;41;Paraná;11725;2018;5;Mulheres;1151;55 a 59 anos;11725
Indicador  3.9.2;1706;207;41;Paraná;11725;2018;5;Mulheres;3302;60 anos ou mais;11725
Indicador  3.9.2;1706;451;41;Paraná;11725;2019;6794;Total;95253;Total;11725
Indicador  3.9.2;1706;21;41;Paraná;11725;2019;6794;Total;1140;0 a 4 anos;11725
Indicador  3.9.2;1706;2;41;Paraná;11725;2019;6794;Total;1141;5 a 9 anos;11725
Indicador  3.9.2;1706;2;41;Paraná;11725;2019;6794;Total;1142;10 a 14 anos;11725
Indicador  3.9.2;1706;0;41;Paraná;11725;2019;6794;Total;1143;15 a 19 anos;11725
Indicador  3.9.2;1706;2;41;Paraná;11725;2019;6794;Total;1144;20 a 24 anos;11725
Indicador  3.9.2;1706;3;41;Paraná;11725;2019;6794;Total;1145;25 a 29 anos;11725
Indicador  3.9.2;1706;5;41;Paraná;11725;2019;6794;Total;1146;30 a 34 anos;11725
Indicador  3.9.2;1706;5;41;Paraná;11725;2019;6794;Total;1147;35 a 39 anos;11725
Indicador  3.9.2;1706;9;41;Paraná;11725;2019;6794;Total;1148;40 a 44 anos;11725
Indicador  3.9.2;1706;4;41;Paraná;11725;2019;6794;Total;1149;45 a 49 anos;11725
Indicador  3.9.2;1706;9;41;Paraná;11725;2019;6794;Total;1150;50 a 54 anos;11725
Indicador  3.9.2;1706;11;41;Paraná;11725;2019;6794;Total;1151;55 a 59 anos;11725
Indicador  3.9.2;1706;377;41;Paraná;11725;2019;6794;Total;3302;60 anos ou mais;11725
Indicador  3.9.2;1706;211;41;Paraná;11725;2019;4;Homens;95253;Total;11725
Indicador  3.9.2;1706;14;41;Paraná;11725;2019;4;Homens;1140;0 a 4 anos;11725
Indicador  3.9.2;1706;1;41;Paraná;11725;2019;4;Homens;1141;5 a 9 anos;11725
Indicador  3.9.2;1706;1;41;Paraná;11725;2019;4;Homens;1142;10 a 14 anos;11725
Indicador  3.9.2;1706;0;41;Paraná;11725;2019;4;Homens;1143;15 a 19 anos;11725
Indicador  3.9.2;1706;1;41;Paraná;11725;2019;4;Homens;1144;20 a 24 anos;11725
Indicador  3.9.2;1706;2;41;Paraná;11725;2019;4;Homens;1145;25 a 29 anos;11725
Indicador  3.9.2;1706;5;41;Paraná;11725;2019;4;Homens;1146;30 a 34 anos;11725
Indicador  3.9.2;1706;2;41;Paraná;11725;2019;4;Homens;1147;35 a 39 anos;11725
Indicador  3.9.2;1706;5;41;Paraná;11725;2019;4;Homens;1148;40 a 44 anos;11725
Indicador  3.9.2;1706;2;41;Paraná;11725;2019;4;Homens;1149;45 a 49 anos;11725
Indicador  3.9.2;1706;6;41;Paraná;11725;2019;4;Homens;1150;50 a 54 anos;11725
Indicador  3.9.2;1706;4;41;Paraná;11725;2019;4;Homens;1151;55 a 59 anos;11725
Indicador  3.9.2;1706;168;41;Paraná;11725;2019;4;Homens;3302;60 anos ou mais;11725
Indicador  3.9.2;1706;240;41;Paraná;11725;2019;5;Mulheres;95253;Total;11725
Indicador  3.9.2;1706;7;41;Paraná;11725;2019;5;Mulheres;1140;0 a 4 anos;11725
Indicador  3.9.2;1706;1;41;Paraná;11725;2019;5;Mulheres;1141;5 a 9 anos;11725
Indicador  3.9.2;1706;1;41;Paraná;11725;2019;5;Mulheres;1142;10 a 14 anos;11725
Indicador  3.9.2;1706;0;41;Paraná;11725;2019;5;Mulheres;1143;15 a 19 anos;11725
Indicador  3.9.2;1706;1;41;Paraná;11725;2019;5;Mulheres;1144;20 a 24 anos;11725
Indicador  3.9.2;1706;1;41;Paraná;11725;2019;5;Mulheres;1145;25 a 29 anos;11725
Indicador  3.9.2;1706;0;41;Paraná;11725;2019;5;Mulheres;1146;30 a 34 anos;11725
Indicador  3.9.2;1706;3;41;Paraná;11725;2019;5;Mulheres;1147;35 a 39 anos;11725
Indicador  3.9.2;1706;4;41;Paraná;11725;2019;5;Mulheres;1148;40 a 44 anos;11725
Indicador  3.9.2;1706;2;41;Paraná;11725;2019;5;Mulheres;1149;45 a 49 anos;11725
Indicador  3.9.2;1706;3;41;Paraná;11725;2019;5;Mulheres;1150;50 a 54 anos;11725
Indicador  3.9.2;1706;7;41;Paraná;11725;2019;5;Mulheres;1151;55 a 59 anos;11725
Indicador  3.9.2;1706;209;41;Paraná;11725;2019;5;Mulheres;3302;60 anos ou mais;11725
Indicador  3.9.2;1706;391;41;Paraná;11725;2020;6794;Total;95253;Total;11725
Indicador  3.9.2;1706;15;41;Paraná;11725;2020;6794;Total;1140;0 a 4 anos;11725
Indicador  3.9.2;1706;0;41;Paraná;11725;2020;6794;Total;1141;5 a 9 anos;11725
Indicador  3.9.2;1706;0;41;Paraná;11725;2020;6794;Total;1142;10 a 14 anos;11725
Indicador  3.9.2;1706;2;41;Paraná;11725;2020;6794;Total;1143;15 a 19 anos;11725
Indicador  3.9.2;1706;2;41;Paraná;11725;2020;6794;Total;1144;20 a 24 anos;11725
Indicador  3.9.2;1706;2;41;Paraná;11725;2020;6794;Total;1145;25 a 29 anos;11725
Indicador  3.9.2;1706;1;41;Paraná;11725;2020;6794;Total;1146;30 a 34 anos;11725
Indicador  3.9.2;1706;5;41;Paraná;11725;2020;6794;Total;1147;35 a 39 anos;11725
Indicador  3.9.2;1706;3;41;Paraná;11725;2020;6794;Total;1148;40 a 44 anos;11725
Indicador  3.9.2;1706;8;41;Paraná;11725;2020;6794;Total;1149;45 a 49 anos;11725
Indicador  3.9.2;1706;11;41;Paraná;11725;2020;6794;Total;1150;50 a 54 anos;11725
Indicador  3.9.2;1706;19;41;Paraná;11725;2020;6794;Total;1151;55 a 59 anos;11725
Indicador  3.9.2;1706;323;41;Paraná;11725;2020;6794;Total;3302;60 anos ou mais;11725
Indicador  3.9.2;1706;183;41;Paraná;11725;2020;4;Homens;95253;Total;11725
Indicador  3.9.2;1706;8;41;Paraná;11725;2020;4;Homens;1140;0 a 4 anos;11725
Indicador  3.9.2;1706;0;41;Paraná;11725;2020;4;Homens;1141;5 a 9 anos;11725
Indicador  3.9.2;1706;0;41;Paraná;11725;2020;4;Homens;1142;10 a 14 anos;11725
Indicador  3.9.2;1706;2;41;Paraná;11725;2020;4;Homens;1143;15 a 19 anos;11725
Indicador  3.9.2;1706;0;41;Paraná;11725;2020;4;Homens;1144;20 a 24 anos;11725
Indicador  3.9.2;1706;2;41;Paraná;11725;2020;4;Homens;1145;25 a 29 anos;11725
Indicador  3.9.2;1706;0;41;Paraná;11725;2020;4;Homens;1146;30 a 34 anos;11725
Indicador  3.9.2;1706;3;41;Paraná;11725;2020;4;Homens;1147;35 a 39 anos;11725
Indicador  3.9.2;1706;1;41;Paraná;11725;2020;4;Homens;1148;40 a 44 anos;11725
Indicador  3.9.2;1706;6;41;Paraná;11725;2020;4;Homens;1149;45 a 49 anos;11725
Indicador  3.9.2;1706;6;41;Paraná;11725;2020;4;Homens;1150;50 a 54 anos;11725
Indicador  3.9.2;1706;9;41;Paraná;11725;2020;4;Homens;1151;55 a 59 anos;11725
Indicador  3.9.2;1706;146;41;Paraná;11725;2020;4;Homens;3302;60 anos ou mais;11725
Indicador  3.9.2;1706;208;41;Paraná;11725;2020;5;Mulheres;95253;Total;11725
Indicador  3.9.2;1706;7;41;Paraná;11725;2020;5;Mulheres;1140;0 a 4 anos;11725
Indicador  3.9.2;1706;0;41;Paraná;11725;2020;5;Mulheres;1141;5 a 9 anos;11725
Indicador  3.9.2;1706;0;41;Paraná;11725;2020;5;Mulheres;1142;10 a 14 anos;11725
Indicador  3.9.2;1706;0;41;Paraná;11725;2020;5;Mulheres;1143;15 a 19 anos;11725
Indicador  3.9.2;1706;2;41;Paraná;11725;2020;5;Mulheres;1144;20 a 24 anos;11725
Indicador  3.9.2;1706;0;41;Paraná;11725;2020;5;Mulheres;1145;25 a 29 anos;11725
Indicador  3.9.2;1706;1;41;Paraná;11725;2020;5;Mulheres;1146;30 a 34 anos;11725
Indicador  3.9.2;1706;2;41;Paraná;11725;2020;5;Mulheres;1147;35 a 39 anos;11725
Indicador  3.9.2;1706;2;41;Paraná;11725;2020;5;Mulheres;1148;40 a 44 anos;11725
Indicador  3.9.2;1706;2;41;Paraná;11725;2020;5;Mulheres;1149;45 a 49 anos;11725
Indicador  3.9.2;1706;5;41;Paraná;11725;2020;5;Mulheres;1150;50 a 54 anos;11725
Indicador  3.9.2;1706;10;41;Paraná;11725;2020;5;Mulheres;1151;55 a 59 anos;11725
Indicador  3.9.2;1706;177;41;Paraná;11725;2020;5;Mulheres;3302;60 anos ou mais;11725
Indicador  3.9.2;1706;357;41;Paraná;11725;2021;6794;Total;95253;Total;11725
Indicador  3.9.2;1706;9;41;Paraná;11725;2021;6794;Total;1140;0 a 4 anos;11725
Indicador  3.9.2;1706;1;41;Paraná;11725;2021;6794;Total;1141;5 a 9 anos;11725
Indicador  3.9.2;1706;0;41;Paraná;11725;2021;6794;Total;1142;10 a 14 anos;11725
Indicador  3.9.2;1706;2;41;Paraná;11725;2021;6794;Total;1143;15 a 19 anos;11725
Indicador  3.9.2;1706;3;41;Paraná;11725;2021;6794;Total;1144;20 a 24 anos;11725
Indicador  3.9.2;1706;1;41;Paraná;11725;2021;6794;Total;1145;25 a 29 anos;11725
Indicador  3.9.2;1706;1;41;Paraná;11725;2021;6794;Total;1146;30 a 34 anos;11725
Indicador  3.9.2;1706;3;41;Paraná;11725;2021;6794;Total;1147;35 a 39 anos;11725
Indicador  3.9.2;1706;3;41;Paraná;11725;2021;6794;Total;1148;40 a 44 anos;11725
Indicador  3.9.2;1706;13;41;Paraná;11725;2021;6794;Total;1149;45 a 49 anos;11725
Indicador  3.9.2;1706;8;41;Paraná;11725;2021;6794;Total;1150;50 a 54 anos;11725
Indicador  3.9.2;1706;12;41;Paraná;11725;2021;6794;Total;1151;55 a 59 anos;11725
Indicador  3.9.2;1706;301;41;Paraná;11725;2021;6794;Total;3302;60 anos ou mais;11725
Indicador  3.9.2;1706;165;41;Paraná;11725;2021;4;Homens;95253;Total;11725
Indicador  3.9.2;1706;8;41;Paraná;11725;2021;4;Homens;1140;0 a 4 anos;11725
Indicador  3.9.2;1706;0;41;Paraná;11725;2021;4;Homens;1141;5 a 9 anos;11725
Indicador  3.9.2;1706;0;41;Paraná;11725;2021;4;Homens;1142;10 a 14 anos;11725
Indicador  3.9.2;1706;0;41;Paraná;11725;2021;4;Homens;1143;15 a 19 anos;11725
Indicador  3.9.2;1706;2;41;Paraná;11725;2021;4;Homens;1144;20 a 24 anos;11725
Indicador  3.9.2;1706;1;41;Paraná;11725;2021;4;Homens;1145;25 a 29 anos;11725
Indicador  3.9.2;1706;1;41;Paraná;11725;2021;4;Homens;1146;30 a 34 anos;11725
Indicador  3.9.2;1706;1;41;Paraná;11725;2021;4;Homens;1147;35 a 39 anos;11725
Indicador  3.9.2;1706;1;41;Paraná;11725;2021;4;Homens;1148;40 a 44 anos;11725
Indicador  3.9.2;1706;4;41;Paraná;11725;2021;4;Homens;1149;45 a 49 anos;11725
Indicador  3.9.2;1706;5;41;Paraná;11725;2021;4;Homens;1150;50 a 54 anos;11725
Indicador  3.9.2;1706;6;41;Paraná;11725;2021;4;Homens;1151;55 a 59 anos;11725
Indicador  3.9.2;1706;136;41;Paraná;11725;2021;4;Homens;3302;60 anos ou mais;11725
Indicador  3.9.2;1706;192;41;Paraná;11725;2021;5;Mulheres;95253;Total;11725
Indicador  3.9.2;1706;1;41;Paraná;11725;2021;5;Mulheres;1140;0 a 4 anos;11725
Indicador  3.9.2;1706;1;41;Paraná;11725;2021;5;Mulheres;1141;5 a 9 anos;11725
Indicador  3.9.2;1706;0;41;Paraná;11725;2021;5;Mulheres;1142;10 a 14 anos;11725
Indicador  3.9.2;1706;2;41;Paraná;11725;2021;5;Mulheres;1143;15 a 19 anos;11725
Indicador  3.9.2;1706;1;41;Paraná;11725;2021;5;Mulheres;1144;20 a 24 anos;11725
Indicador  3.9.2;1706;0;41;Paraná;11725;2021;5;Mulheres;1145;25 a 29 anos;11725
Indicador  3.9.2;1706;0;41;Paraná;11725;2021;5;Mulheres;1146;30 a 34 anos;11725
Indicador  3.9.2;1706;2;41;Paraná;11725;2021;5;Mulheres;1147;35 a 39 anos;11725
Indicador  3.9.2;1706;2;41;Paraná;11725;2021;5;Mulheres;1148;40 a 44 anos;11725
Indicador  3.9.2;1706;9;41;Paraná;11725;2021;5;Mulheres;1149;45 a 49 anos;11725
Indicador  3.9.2;1706;3;41;Paraná;11725;2021;5;Mulheres;1150;50 a 54 anos;11725
Indicador  3.9.2;1706;6;41;Paraná;11725;2021;5;Mulheres;1151;55 a 59 anos;11725
Indicador  3.9.2;1706;165;41;Paraná;11725;2021;5;Mulheres;3302;60 anos ou mais;11725
Indicador  3.9.2;1706;433;41;Paraná;11725;2022;6794;Total;95253;Total;11725
Indicador  3.9.2;1706;21;41;Paraná;11725;2022;6794;Total;1140;0 a 4 anos;11725
Indicador  3.9.2;1706;1;41;Paraná;11725;2022;6794;Total;1141;5 a 9 anos;11725
Indicador  3.9.2;1706;0;41;Paraná;11725;2022;6794;Total;1142;10 a 14 anos;11725
Indicador  3.9.2;1706;1;41;Paraná;11725;2022;6794;Total;1143;15 a 19 anos;11725
Indicador  3.9.2;1706;3;41;Paraná;11725;2022;6794;Total;1144;20 a 24 anos;11725
Indicador  3.9.2;1706;2;41;Paraná;11725;2022;6794;Total;1145;25 a 29 anos;11725
Indicador  3.9.2;1706;2;41;Paraná;11725;2022;6794;Total;1146;30 a 34 anos;11725
Indicador  3.9.2;1706;4;41;Paraná;11725;2022;6794;Total;1147;35 a 39 anos;11725
Indicador  3.9.2;1706;4;41;Paraná;11725;2022;6794;Total;1148;40 a 44 anos;11725
Indicador  3.9.2;1706;8;41;Paraná;11725;2022;6794;Total;1149;45 a 49 anos;11725
Indicador  3.9.2;1706;13;41;Paraná;11725;2022;6794;Total;1150;50 a 54 anos;11725
Indicador  3.9.2;1706;12;41;Paraná;11725;2022;6794;Total;1151;55 a 59 anos;11725
Indicador  3.9.2;1706;362;41;Paraná;11725;2022;6794;Total;3302;60 anos ou mais;11725
Indicador  3.9.2;1706;204;41;Paraná;11725;2022;4;Homens;95253;Total;11725
Indicador  3.9.2;1706;9;41;Paraná;11725;2022;4;Homens;1140;0 a 4 anos;11725
Indicador  3.9.2;1706;1;41;Paraná;11725;2022;4;Homens;1141;5 a 9 anos;11725
Indicador  3.9.2;1706;0;41;Paraná;11725;2022;4;Homens;1142;10 a 14 anos;11725
Indicador  3.9.2;1706;1;41;Paraná;11725;2022;4;Homens;1143;15 a 19 anos;11725
Indicador  3.9.2;1706;3;41;Paraná;11725;2022;4;Homens;1144;20 a 24 anos;11725
Indicador  3.9.2;1706;2;41;Paraná;11725;2022;4;Homens;1145;25 a 29 anos;11725
Indicador  3.9.2;1706;2;41;Paraná;11725;2022;4;Homens;1146;30 a 34 anos;11725
Indicador  3.9.2;1706;1;41;Paraná;11725;2022;4;Homens;1147;35 a 39 anos;11725
Indicador  3.9.2;1706;4;41;Paraná;11725;2022;4;Homens;1148;40 a 44 anos;11725
Indicador  3.9.2;1706;4;41;Paraná;11725;2022;4;Homens;1149;45 a 49 anos;11725
Indicador  3.9.2;1706;7;41;Paraná;11725;2022;4;Homens;1150;50 a 54 anos;11725
Indicador  3.9.2;1706;10;41;Paraná;11725;2022;4;Homens;1151;55 a 59 anos;11725
Indicador  3.9.2;1706;160;41;Paraná;11725;2022;4;Homens;3302;60 anos ou mais;11725
Indicador  3.9.2;1706;229;41;Paraná;11725;2022;5;Mulheres;95253;Total;11725
Indicador  3.9.2;1706;12;41;Paraná;11725;2022;5;Mulheres;1140;0 a 4 anos;11725
Indicador  3.9.2;1706;0;41;Paraná;11725;2022;5;Mulheres;1141;5 a 9 anos;11725
Indicador  3.9.2;1706;0;41;Paraná;11725;2022;5;Mulheres;1142;10 a 14 anos;11725
Indicador  3.9.2;1706;0;41;Paraná;11725;2022;5;Mulheres;1143;15 a 19 anos;11725
Indicador  3.9.2;1706;0;41;Paraná;11725;2022;5;Mulheres;1144;20 a 24 anos;11725
Indicador  3.9.2;1706;0;41;Paraná;11725;2022;5;Mulheres;1145;25 a 29 anos;11725
Indicador  3.9.2;1706;0;41;Paraná;11725;2022;5;Mulheres;1146;30 a 34 anos;11725
Indicador  3.9.2;1706;3;41;Paraná;11725;2022;5;Mulheres;1147;35 a 39 anos;11725
Indicador  3.9.2;1706;0;41;Paraná;11725;2022;5;Mulheres;1148;40 a 44 anos;11725
Indicador  3.9.2;1706;4;41;Paraná;11725;2022;5;Mulheres;1149;45 a 49 anos;11725
Indicador  3.9.2;1706;6;41;Paraná;11725;2022;5;Mulheres;1150;50 a 54 anos;11725
Indicador  3.9.2;1706;2;41;Paraná;11725;2022;5;Mulheres;1151;55 a 59 anos;11725
Indicador  3.9.2;1706;202;41;Paraná;11725;2022;5;Mulheres;3302;60 anos ou mais;11725
Indicador  3.9.2;1706;207;42;Santa Catarina;11725;2018;6794;Total;95253;Total;11725
Indicador  3.9.2;1706;10;42;Santa Catarina;11725;2018;6794;Total;1140;0 a 4 anos;11725
Indicador  3.9.2;1706;0;42;Santa Catarina;11725;2018;6794;Total;1141;5 a 9 anos;11725
Indicador  3.9.2;1706;0;42;Santa Catarina;11725;2018;6794;Total;1142;10 a 14 anos;11725
Indicador  3.9.2;1706;3;42;Santa Catarina;11725;2018;6794;Total;1143;15 a 19 anos;11725
Indicador  3.9.2;1706;1;42;Santa Catarina;11725;2018;6794;Total;1144;20 a 24 anos;11725
Indicador  3.9.2;1706;0;42;Santa Catarina;11725;2018;6794;Total;1145;25 a 29 anos;11725
Indicador  3.9.2;1706;1;42;Santa Catarina;11725;2018;6794;Total;1146;30 a 34 anos;11725
Indicador  3.9.2;1706;1;42;Santa Catarina;11725;2018;6794;Total;1147;35 a 39 anos;11725
Indicador  3.9.2;1706;3;42;Santa Catarina;11725;2018;6794;Total;1148;40 a 44 anos;11725
Indicador  3.9.2;1706;6;42;Santa Catarina;11725;2018;6794;Total;1149;45 a 49 anos;11725
Indicador  3.9.2;1706;5;42;Santa Catarina;11725;2018;6794;Total;1150;50 a 54 anos;11725
Indicador  3.9.2;1706;7;42;Santa Catarina;11725;2018;6794;Total;1151;55 a 59 anos;11725
Indicador  3.9.2;1706;170;42;Santa Catarina;11725;2018;6794;Total;3302;60 anos ou mais;11725
Indicador  3.9.2;1706;93;42;Santa Catarina;11725;2018;4;Homens;95253;Total;11725
Indicador  3.9.2;1706;8;42;Santa Catarina;11725;2018;4;Homens;1140;0 a 4 anos;11725
Indicador  3.9.2;1706;0;42;Santa Catarina;11725;2018;4;Homens;1141;5 a 9 anos;11725
Indicador  3.9.2;1706;0;42;Santa Catarina;11725;2018;4;Homens;1142;10 a 14 anos;11725
Indicador  3.9.2;1706;0;42;Santa Catarina;11725;2018;4;Homens;1143;15 a 19 anos;11725
Indicador  3.9.2;1706;1;42;Santa Catarina;11725;2018;4;Homens;1144;20 a 24 anos;11725
Indicador  3.9.2;1706;0;42;Santa Catarina;11725;2018;4;Homens;1145;25 a 29 anos;11725
Indicador  3.9.2;1706;1;42;Santa Catarina;11725;2018;4;Homens;1146;30 a 34 anos;11725
Indicador  3.9.2;1706;0;42;Santa Catarina;11725;2018;4;Homens;1147;35 a 39 anos;11725
Indicador  3.9.2;1706;1;42;Santa Catarina;11725;2018;4;Homens;1148;40 a 44 anos;11725
Indicador  3.9.2;1706;4;42;Santa Catarina;11725;2018;4;Homens;1149;45 a 49 anos;11725
Indicador  3.9.2;1706;4;42;Santa Catarina;11725;2018;4;Homens;1150;50 a 54 anos;11725
Indicador  3.9.2;1706;4;42;Santa Catarina;11725;2018;4;Homens;1151;55 a 59 anos;11725
Indicador  3.9.2;1706;70;42;Santa Catarina;11725;2018;4;Homens;3302;60 anos ou mais;11725
Indicador  3.9.2;1706;114;42;Santa Catarina;11725;2018;5;Mulheres;95253;Total;11725
Indicador  3.9.2;1706;2;42;Santa Catarina;11725;2018;5;Mulheres;1140;0 a 4 anos;11725
Indicador  3.9.2;1706;0;42;Santa Catarina;11725;2018;5;Mulheres;1141;5 a 9 anos;11725
Indicador  3.9.2;1706;0;42;Santa Catarina;11725;2018;5;Mulheres;1142;10 a 14 anos;11725
Indicador  3.9.2;1706;3;42;Santa Catarina;11725;2018;5;Mulheres;1143;15 a 19 anos;11725
Indicador  3.9.2;1706;0;42;Santa Catarina;11725;2018;5;Mulheres;1144;20 a 24 anos;11725
Indicador  3.9.2;1706;0;42;Santa Catarina;11725;2018;5;Mulheres;1145;25 a 29 anos;11725
Indicador  3.9.2;1706;0;42;Santa Catarina;11725;2018;5;Mulheres;1146;30 a 34 anos;11725
Indicador  3.9.2;1706;1;42;Santa Catarina;11725;2018;5;Mulheres;1147;35 a 39 anos;11725
Indicador  3.9.2;1706;2;42;Santa Catarina;11725;2018;5;Mulheres;1148;40 a 44 anos;11725
Indicador  3.9.2;1706;2;42;Santa Catarina;11725;2018;5;Mulheres;1149;45 a 49 anos;11725
Indicador  3.9.2;1706;1;42;Santa Catarina;11725;2018;5;Mulheres;1150;50 a 54 anos;11725
Indicador  3.9.2;1706;3;42;Santa Catarina;11725;2018;5;Mulheres;1151;55 a 59 anos;11725
Indicador  3.9.2;1706;100;42;Santa Catarina;11725;2018;5;Mulheres;3302;60 anos ou mais;11725
Indicador  3.9.2;1706;203;42;Santa Catarina;11725;2019;6794;Total;95253;Total;11725
Indicador  3.9.2;1706;9;42;Santa Catarina;11725;2019;6794;Total;1140;0 a 4 anos;11725
Indicador  3.9.2;1706;1;42;Santa Catarina;11725;2019;6794;Total;1141;5 a 9 anos;11725
Indicador  3.9.2;1706;0;42;Santa Catarina;11725;2019;6794;Total;1142;10 a 14 anos;11725
Indicador  3.9.2;1706;2;42;Santa Catarina;11725;2019;6794;Total;1143;15 a 19 anos;11725
Indicador  3.9.2;1706;0;42;Santa Catarina;11725;2019;6794;Total;1144;20 a 24 anos;11725
Indicador  3.9.2;1706;2;42;Santa Catarina;11725;2019;6794;Total;1145;25 a 29 anos;11725
Indicador  3.9.2;1706;2;42;Santa Catarina;11725;2019;6794;Total;1146;30 a 34 anos;11725
Indicador  3.9.2;1706;3;42;Santa Catarina;11725;2019;6794;Total;1147;35 a 39 anos;11725
Indicador  3.9.2;1706;2;42;Santa Catarina;11725;2019;6794;Total;1148;40 a 44 anos;11725
Indicador  3.9.2;1706;3;42;Santa Catarina;11725;2019;6794;Total;1149;45 a 49 anos;11725
Indicador  3.9.2;1706;4;42;Santa Catarina;11725;2019;6794;Total;1150;50 a 54 anos;11725
Indicador  3.9.2;1706;5;42;Santa Catarina;11725;2019;6794;Total;1151;55 a 59 anos;11725
Indicador  3.9.2;1706;170;42;Santa Catarina;11725;2019;6794;Total;3302;60 anos ou mais;11725
Indicador  3.9.2;1706;83;42;Santa Catarina;11725;2019;4;Homens;95253;Total;11725
Indicador  3.9.2;1706;5;42;Santa Catarina;11725;2019;4;Homens;1140;0 a 4 anos;11725
Indicador  3.9.2;1706;0;42;Santa Catarina;11725;2019;4;Homens;1141;5 a 9 anos;11725
Indicador  3.9.2;1706;0;42;Santa Catarina;11725;2019;4;Homens;1142;10 a 14 anos;11725
Indicador  3.9.2;1706;2;42;Santa Catarina;11725;2019;4;Homens;1143;15 a 19 anos;11725
Indicador  3.9.2;1706;0;42;Santa Catarina;11725;2019;4;Homens;1144;20 a 24 anos;11725
Indicador  3.9.2;1706;1;42;Santa Catarina;11725;2019;4;Homens;1145;25 a 29 anos;11725
Indicador  3.9.2;1706;1;42;Santa Catarina;11725;2019;4;Homens;1146;30 a 34 anos;11725
Indicador  3.9.2;1706;2;42;Santa Catarina;11725;2019;4;Homens;1147;35 a 39 anos;11725
Indicador  3.9.2;1706;2;42;Santa Catarina;11725;2019;4;Homens;1148;40 a 44 anos;11725
Indicador  3.9.2;1706;1;42;Santa Catarina;11725;2019;4;Homens;1149;45 a 49 anos;11725
Indicador  3.9.2;1706;3;42;Santa Catarina;11725;2019;4;Homens;1150;50 a 54 anos;11725
Indicador  3.9.2;1706;2;42;Santa Catarina;11725;2019;4;Homens;1151;55 a 59 anos;11725
Indicador  3.9.2;1706;64;42;Santa Catarina;11725;2019;4;Homens;3302;60 anos ou mais;11725
Indicador  3.9.2;1706;120;42;Santa Catarina;11725;2019;5;Mulheres;95253;Total;11725
Indicador  3.9.2;1706;4;42;Santa Catarina;11725;2019;5;Mulheres;1140;0 a 4 anos;11725
Indicador  3.9.2;1706;1;42;Santa Catarina;11725;2019;5;Mulheres;1141;5 a 9 anos;11725
Indicador  3.9.2;1706;0;42;Santa Catarina;11725;2019;5;Mulheres;1142;10 a 14 anos;11725
Indicador  3.9.2;1706;0;42;Santa Catarina;11725;2019;5;Mulheres;1143;15 a 19 anos;11725
Indicador  3.9.2;1706;0;42;Santa Catarina;11725;2019;5;Mulheres;1144;20 a 24 anos;11725
Indicador  3.9.2;1706;1;42;Santa Catarina;11725;2019;5;Mulheres;1145;25 a 29 anos;11725
Indicador  3.9.2;1706;1;42;Santa Catarina;11725;2019;5;Mulheres;1146;30 a 34 anos;11725
Indicador  3.9.2;1706;1;42;Santa Catarina;11725;2019;5;Mulheres;1147;35 a 39 anos;11725
Indicador  3.9.2;1706;0;42;Santa Catarina;11725;2019;5;Mulheres;1148;40 a 44 anos;11725
Indicador  3.9.2;1706;2;42;Santa Catarina;11725;2019;5;Mulheres;1149;45 a 49 anos;11725
Indicador  3.9.2;1706;1;42;Santa Catarina;11725;2019;5;Mulheres;1150;50 a 54 anos;11725
Indicador  3.9.2;1706;3;42;Santa Catarina;11725;2019;5;Mulheres;1151;55 a 59 anos;11725
Indicador  3.9.2;1706;106;42;Santa Catarina;11725;2019;5;Mulheres;3302;60 anos ou mais;11725
Indicador  3.9.2;1706;178;42;Santa Catarina;11725;2020;6794;Total;95253;Total;11725
Indicador  3.9.2;1706;10;42;Santa Catarina;11725;2020;6794;Total;1140;0 a 4 anos;11725
Indicador  3.9.2;1706;1;42;Santa Catarina;11725;2020;6794;Total;1141;5 a 9 anos;11725
Indicador  3.9.2;1706;0;42;Santa Catarina;11725;2020;6794;Total;1142;10 a 14 anos;11725
Indicador  3.9.2;1706;1;42;Santa Catarina;11725;2020;6794;Total;1143;15 a 19 anos;11725
Indicador  3.9.2;1706;2;42;Santa Catarina;11725;2020;6794;Total;1144;20 a 24 anos;11725
Indicador  3.9.2;1706;1;42;Santa Catarina;11725;2020;6794;Total;1145;25 a 29 anos;11725
Indicador  3.9.2;1706;0;42;Santa Catarina;11725;2020;6794;Total;1146;30 a 34 anos;11725
Indicador  3.9.2;1706;1;42;Santa Catarina;11725;2020;6794;Total;1147;35 a 39 anos;11725
Indicador  3.9.2;1706;3;42;Santa Catarina;11725;2020;6794;Total;1148;40 a 44 anos;11725
Indicador  3.9.2;1706;6;42;Santa Catarina;11725;2020;6794;Total;1149;45 a 49 anos;11725
Indicador  3.9.2;1706;4;42;Santa Catarina;11725;2020;6794;Total;1150;50 a 54 anos;11725
Indicador  3.9.2;1706;9;42;Santa Catarina;11725;2020;6794;Total;1151;55 a 59 anos;11725
Indicador  3.9.2;1706;140;42;Santa Catarina;11725;2020;6794;Total;3302;60 anos ou mais;11725
Indicador  3.9.2;1706;80;42;Santa Catarina;11725;2020;4;Homens;95253;Total;11725
Indicador  3.9.2;1706;5;42;Santa Catarina;11725;2020;4;Homens;1140;0 a 4 anos;11725
Indicador  3.9.2;1706;1;42;Santa Catarina;11725;2020;4;Homens;1141;5 a 9 anos;11725
Indicador  3.9.2;1706;0;42;Santa Catarina;11725;2020;4;Homens;1142;10 a 14 anos;11725
Indicador  3.9.2;1706;1;42;Santa Catarina;11725;2020;4;Homens;1143;15 a 19 anos;11725
Indicador  3.9.2;1706;0;42;Santa Catarina;11725;2020;4;Homens;1144;20 a 24 anos;11725
Indicador  3.9.2;1706;1;42;Santa Catarina;11725;2020;4;Homens;1145;25 a 29 anos;11725
Indicador  3.9.2;1706;0;42;Santa Catarina;11725;2020;4;Homens;1146;30 a 34 anos;11725
Indicador  3.9.2;1706;0;42;Santa Catarina;11725;2020;4;Homens;1147;35 a 39 anos;11725
Indicador  3.9.2;1706;2;42;Santa Catarina;11725;2020;4;Homens;1148;40 a 44 anos;11725
Indicador  3.9.2;1706;2;42;Santa Catarina;11725;2020;4;Homens;1149;45 a 49 anos;11725
Indicador  3.9.2;1706;1;42;Santa Catarina;11725;2020;4;Homens;1150;50 a 54 anos;11725
Indicador  3.9.2;1706;4;42;Santa Catarina;11725;2020;4;Homens;1151;55 a 59 anos;11725
Indicador  3.9.2;1706;63;42;Santa Catarina;11725;2020;4;Homens;3302;60 anos ou mais;11725
Indicador  3.9.2;1706;98;42;Santa Catarina;11725;2020;5;Mulheres;95253;Total;11725
Indicador  3.9.2;1706;5;42;Santa Catarina;11725;2020;5;Mulheres;1140;0 a 4 anos;11725
Indicador  3.9.2;1706;0;42;Santa Catarina;11725;2020;5;Mulheres;1141;5 a 9 anos;11725
Indicador  3.9.2;1706;0;42;Santa Catarina;11725;2020;5;Mulheres;1142;10 a 14 anos;11725
Indicador  3.9.2;1706;0;42;Santa Catarina;11725;2020;5;Mulheres;1143;15 a 19 anos;11725
Indicador  3.9.2;1706;2;42;Santa Catarina;11725;2020;5;Mulheres;1144;20 a 24 anos;11725
Indicador  3.9.2;1706;0;42;Santa Catarina;11725;2020;5;Mulheres;1145;25 a 29 anos;11725
Indicador  3.9.2;1706;0;42;Santa Catarina;11725;2020;5;Mulheres;1146;30 a 34 anos;11725
Indicador  3.9.2;1706;1;42;Santa Catarina;11725;2020;5;Mulheres;1147;35 a 39 anos;11725
Indicador  3.9.2;1706;1;42;Santa Catarina;11725;2020;5;Mulheres;1148;40 a 44 anos;11725
Indicador  3.9.2;1706;4;42;Santa Catarina;11725;2020;5;Mulheres;1149;45 a 49 anos;11725
Indicador  3.9.2;1706;3;42;Santa Catarina;11725;2020;5;Mulheres;1150;50 a 54 anos;11725
Indicador  3.9.2;1706;5;42;Santa Catarina;11725;2020;5;Mulheres;1151;55 a 59 anos;11725
Indicador  3.9.2;1706;77;42;Santa Catarina;11725;2020;5;Mulheres;3302;60 anos ou mais;11725
Indicador  3.9.2;1706;179;42;Santa Catarina;11725;2021;6794;Total;95253;Total;11725
Indicador  3.9.2;1706;7;42;Santa Catarina;11725;2021;6794;Total;1140;0 a 4 anos;11725
Indicador  3.9.2;1706;0;42;Santa Catarina;11725;2021;6794;Total;1141;5 a 9 anos;11725
Indicador  3.9.2;1706;2;42;Santa Catarina;11725;2021;6794;Total;1142;10 a 14 anos;11725
Indicador  3.9.2;1706;0;42;Santa Catarina;11725;2021;6794;Total;1143;15 a 19 anos;11725
Indicador  3.9.2;1706;1;42;Santa Catarina;11725;2021;6794;Total;1144;20 a 24 anos;11725
Indicador  3.9.2;1706;0;42;Santa Catarina;11725;2021;6794;Total;1145;25 a 29 anos;11725
Indicador  3.9.2;1706;2;42;Santa Catarina;11725;2021;6794;Total;1146;30 a 34 anos;11725
Indicador  3.9.2;1706;0;42;Santa Catarina;11725;2021;6794;Total;1147;35 a 39 anos;11725
Indicador  3.9.2;1706;3;42;Santa Catarina;11725;2021;6794;Total;1148;40 a 44 anos;11725
Indicador  3.9.2;1706;2;42;Santa Catarina;11725;2021;6794;Total;1149;45 a 49 anos;11725
Indicador  3.9.2;1706;5;42;Santa Catarina;11725;2021;6794;Total;1150;50 a 54 anos;11725
Indicador  3.9.2;1706;6;42;Santa Catarina;11725;2021;6794;Total;1151;55 a 59 anos;11725
Indicador  3.9.2;1706;151;42;Santa Catarina;11725;2021;6794;Total;3302;60 anos ou mais;11725
Indicador  3.9.2;1706;89;42;Santa Catarina;11725;2021;4;Homens;95253;Total;11725
Indicador  3.9.2;1706;4;42;Santa Catarina;11725;2021;4;Homens;1140;0 a 4 anos;11725
Indicador  3.9.2;1706;0;42;Santa Catarina;11725;2021;4;Homens;1141;5 a 9 anos;11725
Indicador  3.9.2;1706;1;42;Santa Catarina;11725;2021;4;Homens;1142;10 a 14 anos;11725
Indicador  3.9.2;1706;0;42;Santa Catarina;11725;2021;4;Homens;1143;15 a 19 anos;11725
Indicador  3.9.2;1706;0;42;Santa Catarina;11725;2021;4;Homens;1144;20 a 24 anos;11725
Indicador  3.9.2;1706;0;42;Santa Catarina;11725;2021;4;Homens;1145;25 a 29 anos;11725
Indicador  3.9.2;1706;2;42;Santa Catarina;11725;2021;4;Homens;1146;30 a 34 anos;11725
Indicador  3.9.2;1706;0;42;Santa Catarina;11725;2021;4;Homens;1147;35 a 39 anos;11725
Indicador  3.9.2;1706;2;42;Santa Catarina;11725;2021;4;Homens;1148;40 a 44 anos;11725
Indicador  3.9.2;1706;1;42;Santa Catarina;11725;2021;4;Homens;1149;45 a 49 anos;11725
Indicador  3.9.2;1706;4;42;Santa Catarina;11725;2021;4;Homens;1150;50 a 54 anos;11725
Indicador  3.9.2;1706;5;42;Santa Catarina;11725;2021;4;Homens;1151;55 a 59 anos;11725
Indicador  3.9.2;1706;70;42;Santa Catarina;11725;2021;4;Homens;3302;60 anos ou mais;11725
Indicador  3.9.2;1706;90;42;Santa Catarina;11725;2021;5;Mulheres;95253;Total;11725
Indicador  3.9.2;1706;3;42;Santa Catarina;11725;2021;5;Mulheres;1140;0 a 4 anos;11725
Indicador  3.9.2;1706;0;42;Santa Catarina;11725;2021;5;Mulheres;1141;5 a 9 anos;11725
Indicador  3.9.2;1706;1;42;Santa Catarina;11725;2021;5;Mulheres;1142;10 a 14 anos;11725
Indicador  3.9.2;1706;0;42;Santa Catarina;11725;2021;5;Mulheres;1143;15 a 19 anos;11725
Indicador  3.9.2;1706;1;42;Santa Catarina;11725;2021;5;Mulheres;1144;20 a 24 anos;11725
Indicador  3.9.2;1706;0;42;Santa Catarina;11725;2021;5;Mulheres;1145;25 a 29 anos;11725
Indicador  3.9.2;1706;0;42;Santa Catarina;11725;2021;5;Mulheres;1146;30 a 34 anos;11725
Indicador  3.9.2;1706;0;42;Santa Catarina;11725;2021;5;Mulheres;1147;35 a 39 anos;11725
Indicador  3.9.2;1706;1;42;Santa Catarina;11725;2021;5;Mulheres;1148;40 a 44 anos;11725
Indicador  3.9.2;1706;1;42;Santa Catarina;11725;2021;5;Mulheres;1149;45 a 49 anos;11725
Indicador  3.9.2;1706;1;42;Santa Catarina;11725;2021;5;Mulheres;1150;50 a 54 anos;11725
Indicador  3.9.2;1706;1;42;Santa Catarina;11725;2021;5;Mulheres;1151;55 a 59 anos;11725
Indicador  3.9.2;1706;81;42;Santa Catarina;11725;2021;5;Mulheres;3302;60 anos ou mais;11725
Indicador  3.9.2;1706;225;42;Santa Catarina;11725;2022;6794;Total;95253;Total;11725
Indicador  3.9.2;1706;16;42;Santa Catarina;11725;2022;6794;Total;1140;0 a 4 anos;11725
Indicador  3.9.2;1706;1;42;Santa Catarina;11725;2022;6794;Total;1141;5 a 9 anos;11725
Indicador  3.9.2;1706;0;42;Santa Catarina;11725;2022;6794;Total;1142;10 a 14 anos;11725
Indicador  3.9.2;1706;1;42;Santa Catarina;11725;2022;6794;Total;1143;15 a 19 anos;11725
Indicador  3.9.2;1706;2;42;Santa Catarina;11725;2022;6794;Total;1144;20 a 24 anos;11725
Indicador  3.9.2;1706;0;42;Santa Catarina;11725;2022;6794;Total;1145;25 a 29 anos;11725
Indicador  3.9.2;1706;2;42;Santa Catarina;11725;2022;6794;Total;1146;30 a 34 anos;11725
Indicador  3.9.2;1706;1;42;Santa Catarina;11725;2022;6794;Total;1147;35 a 39 anos;11725
Indicador  3.9.2;1706;5;42;Santa Catarina;11725;2022;6794;Total;1148;40 a 44 anos;11725
Indicador  3.9.2;1706;8;42;Santa Catarina;11725;2022;6794;Total;1149;45 a 49 anos;11725
Indicador  3.9.2;1706;7;42;Santa Catarina;11725;2022;6794;Total;1150;50 a 54 anos;11725
Indicador  3.9.2;1706;10;42;Santa Catarina;11725;2022;6794;Total;1151;55 a 59 anos;11725
Indicador  3.9.2;1706;172;42;Santa Catarina;11725;2022;6794;Total;3302;60 anos ou mais;11725
Indicador  3.9.2;1706;104;42;Santa Catarina;11725;2022;4;Homens;95253;Total;11725
Indicador  3.9.2;1706;10;42;Santa Catarina;11725;2022;4;Homens;1140;0 a 4 anos;11725
Indicador  3.9.2;1706;1;42;Santa Catarina;11725;2022;4;Homens;1141;5 a 9 anos;11725
Indicador  3.9.2;1706;0;42;Santa Catarina;11725;2022;4;Homens;1142;10 a 14 anos;11725
Indicador  3.9.2;1706;1;42;Santa Catarina;11725;2022;4;Homens;1143;15 a 19 anos;11725
Indicador  3.9.2;1706;2;42;Santa Catarina;11725;2022;4;Homens;1144;20 a 24 anos;11725
Indicador  3.9.2;1706;0;42;Santa Catarina;11725;2022;4;Homens;1145;25 a 29 anos;11725
Indicador  3.9.2;1706;1;42;Santa Catarina;11725;2022;4;Homens;1146;30 a 34 anos;11725
Indicador  3.9.2;1706;1;42;Santa Catarina;11725;2022;4;Homens;1147;35 a 39 anos;11725
Indicador  3.9.2;1706;3;42;Santa Catarina;11725;2022;4;Homens;1148;40 a 44 anos;11725
Indicador  3.9.2;1706;3;42;Santa Catarina;11725;2022;4;Homens;1149;45 a 49 anos;11725
Indicador  3.9.2;1706;2;42;Santa Catarina;11725;2022;4;Homens;1150;50 a 54 anos;11725
Indicador  3.9.2;1706;8;42;Santa Catarina;11725;2022;4;Homens;1151;55 a 59 anos;11725
Indicador  3.9.2;1706;72;42;Santa Catarina;11725;2022;4;Homens;3302;60 anos ou mais;11725
Indicador  3.9.2;1706;121;42;Santa Catarina;11725;2022;5;Mulheres;95253;Total;11725
Indicador  3.9.2;1706;6;42;Santa Catarina;11725;2022;5;Mulheres;1140;0 a 4 anos;11725
Indicador  3.9.2;1706;0;42;Santa Catarina;11725;2022;5;Mulheres;1141;5 a 9 anos;11725
Indicador  3.9.2;1706;0;42;Santa Catarina;11725;2022;5;Mulheres;1142;10 a 14 anos;11725
Indicador  3.9.2;1706;0;42;Santa Catarina;11725;2022;5;Mulheres;1143;15 a 19 anos;11725
Indicador  3.9.2;1706;0;42;Santa Catarina;11725;2022;5;Mulheres;1144;20 a 24 anos;11725
Indicador  3.9.2;1706;0;42;Santa Catarina;11725;2022;5;Mulheres;1145;25 a 29 anos;11725
Indicador  3.9.2;1706;1;42;Santa Catarina;11725;2022;5;Mulheres;1146;30 a 34 anos;11725
Indicador  3.9.2;1706;0;42;Santa Catarina;11725;2022;5;Mulheres;1147;35 a 39 anos;11725
Indicador  3.9.2;1706;2;42;Santa Catarina;11725;2022;5;Mulheres;1148;40 a 44 anos;11725
Indicador  3.9.2;1706;5;42;Santa Catarina;11725;2022;5;Mulheres;1149;45 a 49 anos;11725
Indicador  3.9.2;1706;5;42;Santa Catarina;11725;2022;5;Mulheres;1150;50 a 54 anos;11725
Indicador  3.9.2;1706;2;42;Santa Catarina;11725;2022;5;Mulheres;1151;55 a 59 anos;11725
Indicador  3.9.2;1706;100;42;Santa Catarina;11725;2022;5;Mulheres;3302;60 anos ou mais;11725
Indicador  3.9.2;1706;522;43;Rio Grande do Sul;11725;2018;6794;Total;95253;Total;11725
Indicador  3.9.2;1706;9;43;Rio Grande do Sul;11725;2018;6794;Total;1140;0 a 4 anos;11725
Indicador  3.9.2;1706;0;43;Rio Grande do Sul;11725;2018;6794;Total;1141;5 a 9 anos;11725
Indicador  3.9.2;1706;1;43;Rio Grande do Sul;11725;2018;6794;Total;1142;10 a 14 anos;11725
Indicador  3.9.2;1706;2;43;Rio Grande do Sul;11725;2018;6794;Total;1143;15 a 19 anos;11725
Indicador  3.9.2;1706;1;43;Rio Grande do Sul;11725;2018;6794;Total;1144;20 a 24 anos;11725
Indicador  3.9.2;1706;2;43;Rio Grande do Sul;11725;2018;6794;Total;1145;25 a 29 anos;11725
Indicador  3.9.2;1706;3;43;Rio Grande do Sul;11725;2018;6794;Total;1146;30 a 34 anos;11725
Indicador  3.9.2;1706;4;43;Rio Grande do Sul;11725;2018;6794;Total;1147;35 a 39 anos;11725
Indicador  3.9.2;1706;4;43;Rio Grande do Sul;11725;2018;6794;Total;1148;40 a 44 anos;11725
Indicador  3.9.2;1706;11;43;Rio Grande do Sul;11725;2018;6794;Total;1149;45 a 49 anos;11725
Indicador  3.9.2;1706;10;43;Rio Grande do Sul;11725;2018;6794;Total;1150;50 a 54 anos;11725
Indicador  3.9.2;1706;11;43;Rio Grande do Sul;11725;2018;6794;Total;1151;55 a 59 anos;11725
Indicador  3.9.2;1706;464;43;Rio Grande do Sul;11725;2018;6794;Total;3302;60 anos ou mais;11725
Indicador  3.9.2;1706;247;43;Rio Grande do Sul;11725;2018;4;Homens;95253;Total;11725
Indicador  3.9.2;1706;7;43;Rio Grande do Sul;11725;2018;4;Homens;1140;0 a 4 anos;11725
Indicador  3.9.2;1706;0;43;Rio Grande do Sul;11725;2018;4;Homens;1141;5 a 9 anos;11725
Indicador  3.9.2;1706;0;43;Rio Grande do Sul;11725;2018;4;Homens;1142;10 a 14 anos;11725
Indicador  3.9.2;1706;2;43;Rio Grande do Sul;11725;2018;4;Homens;1143;15 a 19 anos;11725
Indicador  3.9.2;1706;0;43;Rio Grande do Sul;11725;2018;4;Homens;1144;20 a 24 anos;11725
Indicador  3.9.2;1706;1;43;Rio Grande do Sul;11725;2018;4;Homens;1145;25 a 29 anos;11725
Indicador  3.9.2;1706;0;43;Rio Grande do Sul;11725;2018;4;Homens;1146;30 a 34 anos;11725
Indicador  3.9.2;1706;2;43;Rio Grande do Sul;11725;2018;4;Homens;1147;35 a 39 anos;11725
Indicador  3.9.2;1706;2;43;Rio Grande do Sul;11725;2018;4;Homens;1148;40 a 44 anos;11725
Indicador  3.9.2;1706;6;43;Rio Grande do Sul;11725;2018;4;Homens;1149;45 a 49 anos;11725
Indicador  3.9.2;1706;4;43;Rio Grande do Sul;11725;2018;4;Homens;1150;50 a 54 anos;11725
Indicador  3.9.2;1706;7;43;Rio Grande do Sul;11725;2018;4;Homens;1151;55 a 59 anos;11725
Indicador  3.9.2;1706;216;43;Rio Grande do Sul;11725;2018;4;Homens;3302;60 anos ou mais;11725
Indicador  3.9.2;1706;274;43;Rio Grande do Sul;11725;2018;5;Mulheres;95253;Total;11725
Indicador  3.9.2;1706;2;43;Rio Grande do Sul;11725;2018;5;Mulheres;1140;0 a 4 anos;11725
Indicador  3.9.2;1706;0;43;Rio Grande do Sul;11725;2018;5;Mulheres;1141;5 a 9 anos;11725
Indicador  3.9.2;1706;1;43;Rio Grande do Sul;11725;2018;5;Mulheres;1142;10 a 14 anos;11725
Indicador  3.9.2;1706;0;43;Rio Grande do Sul;11725;2018;5;Mulheres;1143;15 a 19 anos;11725
Indicador  3.9.2;1706;1;43;Rio Grande do Sul;11725;2018;5;Mulheres;1144;20 a 24 anos;11725
Indicador  3.9.2;1706;1;43;Rio Grande do Sul;11725;2018;5;Mulheres;1145;25 a 29 anos;11725
Indicador  3.9.2;1706;3;43;Rio Grande do Sul;11725;2018;5;Mulheres;1146;30 a 34 anos;11725
Indicador  3.9.2;1706;2;43;Rio Grande do Sul;11725;2018;5;Mulheres;1147;35 a 39 anos;11725
Indicador  3.9.2;1706;2;43;Rio Grande do Sul;11725;2018;5;Mulheres;1148;40 a 44 anos;11725
Indicador  3.9.2;1706;5;43;Rio Grande do Sul;11725;2018;5;Mulheres;1149;45 a 49 anos;11725
Indicador  3.9.2;1706;6;43;Rio Grande do Sul;11725;2018;5;Mulheres;1150;50 a 54 anos;11725
Indicador  3.9.2;1706;4;43;Rio Grande do Sul;11725;2018;5;Mulheres;1151;55 a 59 anos;11725
Indicador  3.9.2;1706;247;43;Rio Grande do Sul;11725;2018;5;Mulheres;3302;60 anos ou mais;11725
Indicador  3.9.2;1706;565;43;Rio Grande do Sul;11725;2019;6794;Total;95253;Total;11725
Indicador  3.9.2;1706;15;43;Rio Grande do Sul;11725;2019;6794;Total;1140;0 a 4 anos;11725
Indicador  3.9.2;1706;5;43;Rio Grande do Sul;11725;2019;6794;Total;1141;5 a 9 anos;11725
Indicador  3.9.2;1706;2;43;Rio Grande do Sul;11725;2019;6794;Total;1142;10 a 14 anos;11725
Indicador  3.9.2;1706;2;43;Rio Grande do Sul;11725;2019;6794;Total;1143;15 a 19 anos;11725
Indicador  3.9.2;1706;2;43;Rio Grande do Sul;11725;2019;6794;Total;1144;20 a 24 anos;11725
Indicador  3.9.2;1706;2;43;Rio Grande do Sul;11725;2019;6794;Total;1145;25 a 29 anos;11725
Indicador  3.9.2;1706;6;43;Rio Grande do Sul;11725;2019;6794;Total;1146;30 a 34 anos;11725
Indicador  3.9.2;1706;4;43;Rio Grande do Sul;11725;2019;6794;Total;1147;35 a 39 anos;11725
Indicador  3.9.2;1706;7;43;Rio Grande do Sul;11725;2019;6794;Total;1148;40 a 44 anos;11725
Indicador  3.9.2;1706;9;43;Rio Grande do Sul;11725;2019;6794;Total;1149;45 a 49 anos;11725
Indicador  3.9.2;1706;15;43;Rio Grande do Sul;11725;2019;6794;Total;1150;50 a 54 anos;11725
Indicador  3.9.2;1706;18;43;Rio Grande do Sul;11725;2019;6794;Total;1151;55 a 59 anos;11725
Indicador  3.9.2;1706;477;43;Rio Grande do Sul;11725;2019;6794;Total;3302;60 anos ou mais;11725
Indicador  3.9.2;1706;250;43;Rio Grande do Sul;11725;2019;4;Homens;95253;Total;11725
Indicador  3.9.2;1706;10;43;Rio Grande do Sul;11725;2019;4;Homens;1140;0 a 4 anos;11725
Indicador  3.9.2;1706;4;43;Rio Grande do Sul;11725;2019;4;Homens;1141;5 a 9 anos;11725
Indicador  3.9.2;1706;1;43;Rio Grande do Sul;11725;2019;4;Homens;1142;10 a 14 anos;11725
Indicador  3.9.2;1706;1;43;Rio Grande do Sul;11725;2019;4;Homens;1143;15 a 19 anos;11725
Indicador  3.9.2;1706;2;43;Rio Grande do Sul;11725;2019;4;Homens;1144;20 a 24 anos;11725
Indicador  3.9.2;1706;1;43;Rio Grande do Sul;11725;2019;4;Homens;1145;25 a 29 anos;11725
Indicador  3.9.2;1706;4;43;Rio Grande do Sul;11725;2019;4;Homens;1146;30 a 34 anos;11725
Indicador  3.9.2;1706;2;43;Rio Grande do Sul;11725;2019;4;Homens;1147;35 a 39 anos;11725
Indicador  3.9.2;1706;5;43;Rio Grande do Sul;11725;2019;4;Homens;1148;40 a 44 anos;11725
Indicador  3.9.2;1706;6;43;Rio Grande do Sul;11725;2019;4;Homens;1149;45 a 49 anos;11725
Indicador  3.9.2;1706;10;43;Rio Grande do Sul;11725;2019;4;Homens;1150;50 a 54 anos;11725
Indicador  3.9.2;1706;11;43;Rio Grande do Sul;11725;2019;4;Homens;1151;55 a 59 anos;11725
Indicador  3.9.2;1706;193;43;Rio Grande do Sul;11725;2019;4;Homens;3302;60 anos ou mais;11725
Indicador  3.9.2;1706;315;43;Rio Grande do Sul;11725;2019;5;Mulheres;95253;Total;11725
Indicador  3.9.2;1706;5;43;Rio Grande do Sul;11725;2019;5;Mulheres;1140;0 a 4 anos;11725
Indicador  3.9.2;1706;1;43;Rio Grande do Sul;11725;2019;5;Mulheres;1141;5 a 9 anos;11725
Indicador  3.9.2;1706;1;43;Rio Grande do Sul;11725;2019;5;Mulheres;1142;10 a 14 anos;11725
Indicador  3.9.2;1706;1;43;Rio Grande do Sul;11725;2019;5;Mulheres;1143;15 a 19 anos;11725
Indicador  3.9.2;1706;0;43;Rio Grande do Sul;11725;2019;5;Mulheres;1144;20 a 24 anos;11725
Indicador  3.9.2;1706;1;43;Rio Grande do Sul;11725;2019;5;Mulheres;1145;25 a 29 anos;11725
Indicador  3.9.2;1706;2;43;Rio Grande do Sul;11725;2019;5;Mulheres;1146;30 a 34 anos;11725
Indicador  3.9.2;1706;2;43;Rio Grande do Sul;11725;2019;5;Mulheres;1147;35 a 39 anos;11725
Indicador  3.9.2;1706;2;43;Rio Grande do Sul;11725;2019;5;Mulheres;1148;40 a 44 anos;11725
Indicador  3.9.2;1706;3;43;Rio Grande do Sul;11725;2019;5;Mulheres;1149;45 a 49 anos;11725
Indicador  3.9.2;1706;5;43;Rio Grande do Sul;11725;2019;5;Mulheres;1150;50 a 54 anos;11725
Indicador  3.9.2;1706;7;43;Rio Grande do Sul;11725;2019;5;Mulheres;1151;55 a 59 anos;11725
Indicador  3.9.2;1706;284;43;Rio Grande do Sul;11725;2019;5;Mulheres;3302;60 anos ou mais;11725
Indicador  3.9.2;1706;469;43;Rio Grande do Sul;11725;2020;6794;Total;95253;Total;11725
Indicador  3.9.2;1706;9;43;Rio Grande do Sul;11725;2020;6794;Total;1140;0 a 4 anos;11725
Indicador  3.9.2;1706;3;43;Rio Grande do Sul;11725;2020;6794;Total;1141;5 a 9 anos;11725
Indicador  3.9.2;1706;1;43;Rio Grande do Sul;11725;2020;6794;Total;1142;10 a 14 anos;11725
Indicador  3.9.2;1706;0;43;Rio Grande do Sul;11725;2020;6794;Total;1143;15 a 19 anos;11725
Indicador  3.9.2;1706;3;43;Rio Grande do Sul;11725;2020;6794;Total;1144;20 a 24 anos;11725
Indicador  3.9.2;1706;3;43;Rio Grande do Sul;11725;2020;6794;Total;1145;25 a 29 anos;11725
Indicador  3.9.2;1706;2;43;Rio Grande do Sul;11725;2020;6794;Total;1146;30 a 34 anos;11725
Indicador  3.9.2;1706;4;43;Rio Grande do Sul;11725;2020;6794;Total;1147;35 a 39 anos;11725
Indicador  3.9.2;1706;6;43;Rio Grande do Sul;11725;2020;6794;Total;1148;40 a 44 anos;11725
Indicador  3.9.2;1706;2;43;Rio Grande do Sul;11725;2020;6794;Total;1149;45 a 49 anos;11725
Indicador  3.9.2;1706;12;43;Rio Grande do Sul;11725;2020;6794;Total;1150;50 a 54 anos;11725
Indicador  3.9.2;1706;8;43;Rio Grande do Sul;11725;2020;6794;Total;1151;55 a 59 anos;11725
Indicador  3.9.2;1706;416;43;Rio Grande do Sul;11725;2020;6794;Total;3302;60 anos ou mais;11725
Indicador  3.9.2;1706;187;43;Rio Grande do Sul;11725;2020;4;Homens;95253;Total;11725
Indicador  3.9.2;1706;5;43;Rio Grande do Sul;11725;2020;4;Homens;1140;0 a 4 anos;11725
Indicador  3.9.2;1706;2;43;Rio Grande do Sul;11725;2020;4;Homens;1141;5 a 9 anos;11725
Indicador  3.9.2;1706;1;43;Rio Grande do Sul;11725;2020;4;Homens;1142;10 a 14 anos;11725
Indicador  3.9.2;1706;0;43;Rio Grande do Sul;11725;2020;4;Homens;1143;15 a 19 anos;11725
Indicador  3.9.2;1706;3;43;Rio Grande do Sul;11725;2020;4;Homens;1144;20 a 24 anos;11725
Indicador  3.9.2;1706;2;43;Rio Grande do Sul;11725;2020;4;Homens;1145;25 a 29 anos;11725
Indicador  3.9.2;1706;1;43;Rio Grande do Sul;11725;2020;4;Homens;1146;30 a 34 anos;11725
Indicador  3.9.2;1706;2;43;Rio Grande do Sul;11725;2020;4;Homens;1147;35 a 39 anos;11725
Indicador  3.9.2;1706;4;43;Rio Grande do Sul;11725;2020;4;Homens;1148;40 a 44 anos;11725
Indicador  3.9.2;1706;2;43;Rio Grande do Sul;11725;2020;4;Homens;1149;45 a 49 anos;11725
Indicador  3.9.2;1706;7;43;Rio Grande do Sul;11725;2020;4;Homens;1150;50 a 54 anos;11725
Indicador  3.9.2;1706;6;43;Rio Grande do Sul;11725;2020;4;Homens;1151;55 a 59 anos;11725
Indicador  3.9.2;1706;152;43;Rio Grande do Sul;11725;2020;4;Homens;3302;60 anos ou mais;11725
Indicador  3.9.2;1706;282;43;Rio Grande do Sul;11725;2020;5;Mulheres;95253;Total;11725
Indicador  3.9.2;1706;4;43;Rio Grande do Sul;11725;2020;5;Mulheres;1140;0 a 4 anos;11725
Indicador  3.9.2;1706;1;43;Rio Grande do Sul;11725;2020;5;Mulheres;1141;5 a 9 anos;11725
Indicador  3.9.2;1706;0;43;Rio Grande do Sul;11725;2020;5;Mulheres;1142;10 a 14 anos;11725
Indicador  3.9.2;1706;0;43;Rio Grande do Sul;11725;2020;5;Mulheres;1143;15 a 19 anos;11725
Indicador  3.9.2;1706;0;43;Rio Grande do Sul;11725;2020;5;Mulheres;1144;20 a 24 anos;11725
Indicador  3.9.2;1706;1;43;Rio Grande do Sul;11725;2020;5;Mulheres;1145;25 a 29 anos;11725
Indicador  3.9.2;1706;1;43;Rio Grande do Sul;11725;2020;5;Mulheres;1146;30 a 34 anos;11725
Indicador  3.9.2;1706;2;43;Rio Grande do Sul;11725;2020;5;Mulheres;1147;35 a 39 anos;11725
Indicador  3.9.2;1706;2;43;Rio Grande do Sul;11725;2020;5;Mulheres;1148;40 a 44 anos;11725
Indicador  3.9.2;1706;0;43;Rio Grande do Sul;11725;2020;5;Mulheres;1149;45 a 49 anos;11725
Indicador  3.9.2;1706;5;43;Rio Grande do Sul;11725;2020;5;Mulheres;1150;50 a 54 anos;11725
Indicador  3.9.2;1706;2;43;Rio Grande do Sul;11725;2020;5;Mulheres;1151;55 a 59 anos;11725
Indicador  3.9.2;1706;264;43;Rio Grande do Sul;11725;2020;5;Mulheres;3302;60 anos ou mais;11725
Indicador  3.9.2;1706;448;43;Rio Grande do Sul;11725;2021;6794;Total;95253;Total;11725
Indicador  3.9.2;1706;3;43;Rio Grande do Sul;11725;2021;6794;Total;1140;0 a 4 anos;11725
Indicador  3.9.2;1706;1;43;Rio Grande do Sul;11725;2021;6794;Total;1141;5 a 9 anos;11725
Indicador  3.9.2;1706;1;43;Rio Grande do Sul;11725;2021;6794;Total;1142;10 a 14 anos;11725
Indicador  3.9.2;1706;2;43;Rio Grande do Sul;11725;2021;6794;Total;1143;15 a 19 anos;11725
Indicador  3.9.2;1706;5;43;Rio Grande do Sul;11725;2021;6794;Total;1144;20 a 24 anos;11725
Indicador  3.9.2;1706;1;43;Rio Grande do Sul;11725;2021;6794;Total;1145;25 a 29 anos;11725
Indicador  3.9.2;1706;2;43;Rio Grande do Sul;11725;2021;6794;Total;1146;30 a 34 anos;11725
Indicador  3.9.2;1706;4;43;Rio Grande do Sul;11725;2021;6794;Total;1147;35 a 39 anos;11725
Indicador  3.9.2;1706;2;43;Rio Grande do Sul;11725;2021;6794;Total;1148;40 a 44 anos;11725
Indicador  3.9.2;1706;1;43;Rio Grande do Sul;11725;2021;6794;Total;1149;45 a 49 anos;11725
Indicador  3.9.2;1706;12;43;Rio Grande do Sul;11725;2021;6794;Total;1150;50 a 54 anos;11725
Indicador  3.9.2;1706;17;43;Rio Grande do Sul;11725;2021;6794;Total;1151;55 a 59 anos;11725
Indicador  3.9.2;1706;397;43;Rio Grande do Sul;11725;2021;6794;Total;3302;60 anos ou mais;11725
Indicador  3.9.2;1706;185;43;Rio Grande do Sul;11725;2021;4;Homens;95253;Total;11725
Indicador  3.9.2;1706;3;43;Rio Grande do Sul;11725;2021;4;Homens;1140;0 a 4 anos;11725
Indicador  3.9.2;1706;1;43;Rio Grande do Sul;11725;2021;4;Homens;1141;5 a 9 anos;11725
Indicador  3.9.2;1706;1;43;Rio Grande do Sul;11725;2021;4;Homens;1142;10 a 14 anos;11725
Indicador  3.9.2;1706;1;43;Rio Grande do Sul;11725;2021;4;Homens;1143;15 a 19 anos;11725
Indicador  3.9.2;1706;3;43;Rio Grande do Sul;11725;2021;4;Homens;1144;20 a 24 anos;11725
Indicador  3.9.2;1706;0;43;Rio Grande do Sul;11725;2021;4;Homens;1145;25 a 29 anos;11725
Indicador  3.9.2;1706;0;43;Rio Grande do Sul;11725;2021;4;Homens;1146;30 a 34 anos;11725
Indicador  3.9.2;1706;2;43;Rio Grande do Sul;11725;2021;4;Homens;1147;35 a 39 anos;11725
Indicador  3.9.2;1706;2;43;Rio Grande do Sul;11725;2021;4;Homens;1148;40 a 44 anos;11725
Indicador  3.9.2;1706;1;43;Rio Grande do Sul;11725;2021;4;Homens;1149;45 a 49 anos;11725
Indicador  3.9.2;1706;7;43;Rio Grande do Sul;11725;2021;4;Homens;1150;50 a 54 anos;11725
Indicador  3.9.2;1706;13;43;Rio Grande do Sul;11725;2021;4;Homens;1151;55 a 59 anos;11725
Indicador  3.9.2;1706;151;43;Rio Grande do Sul;11725;2021;4;Homens;3302;60 anos ou mais;11725
Indicador  3.9.2;1706;263;43;Rio Grande do Sul;11725;2021;5;Mulheres;95253;Total;11725
Indicador  3.9.2;1706;0;43;Rio Grande do Sul;11725;2021;5;Mulheres;1140;0 a 4 anos;11725
Indicador  3.9.2;1706;0;43;Rio Grande do Sul;11725;2021;5;Mulheres;1141;5 a 9 anos;11725
Indicador  3.9.2;1706;0;43;Rio Grande do Sul;11725;2021;5;Mulheres;1142;10 a 14 anos;11725
Indicador  3.9.2;1706;1;43;Rio Grande do Sul;11725;2021;5;Mulheres;1143;15 a 19 anos;11725
Indicador  3.9.2;1706;2;43;Rio Grande do Sul;11725;2021;5;Mulheres;1144;20 a 24 anos;11725
Indicador  3.9.2;1706;1;43;Rio Grande do Sul;11725;2021;5;Mulheres;1145;25 a 29 anos;11725
Indicador  3.9.2;1706;2;43;Rio Grande do Sul;11725;2021;5;Mulheres;1146;30 a 34 anos;11725
Indicador  3.9.2;1706;2;43;Rio Grande do Sul;11725;2021;5;Mulheres;1147;35 a 39 anos;11725
Indicador  3.9.2;1706;0;43;Rio Grande do Sul;11725;2021;5;Mulheres;1148;40 a 44 anos;11725
Indicador  3.9.2;1706;0;43;Rio Grande do Sul;11725;2021;5;Mulheres;1149;45 a 49 anos;11725
Indicador  3.9.2;1706;5;43;Rio Grande do Sul;11725;2021;5;Mulheres;1150;50 a 54 anos;11725
Indicador  3.9.2;1706;4;43;Rio Grande do Sul;11725;2021;5;Mulheres;1151;55 a 59 anos;11725
Indicador  3.9.2;1706;246;43;Rio Grande do Sul;11725;2021;5;Mulheres;3302;60 anos ou mais;11725
Indicador  3.9.2;1706;527;43;Rio Grande do Sul;11725;2022;6794;Total;95253;Total;11725
Indicador  3.9.2;1706;10;43;Rio Grande do Sul;11725;2022;6794;Total;1140;0 a 4 anos;11725
Indicador  3.9.2;1706;3;43;Rio Grande do Sul;11725;2022;6794;Total;1141;5 a 9 anos;11725
Indicador  3.9.2;1706;0;43;Rio Grande do Sul;11725;2022;6794;Total;1142;10 a 14 anos;11725
Indicador  3.9.2;1706;2;43;Rio Grande do Sul;11725;2022;6794;Total;1143;15 a 19 anos;11725
Indicador  3.9.2;1706;1;43;Rio Grande do Sul;11725;2022;6794;Total;1144;20 a 24 anos;11725
Indicador  3.9.2;1706;2;43;Rio Grande do Sul;11725;2022;6794;Total;1145;25 a 29 anos;11725
Indicador  3.9.2;1706;0;43;Rio Grande do Sul;11725;2022;6794;Total;1146;30 a 34 anos;11725
Indicador  3.9.2;1706;5;43;Rio Grande do Sul;11725;2022;6794;Total;1147;35 a 39 anos;11725
Indicador  3.9.2;1706;7;43;Rio Grande do Sul;11725;2022;6794;Total;1148;40 a 44 anos;11725
Indicador  3.9.2;1706;10;43;Rio Grande do Sul;11725;2022;6794;Total;1149;45 a 49 anos;11725
Indicador  3.9.2;1706;4;43;Rio Grande do Sul;11725;2022;6794;Total;1150;50 a 54 anos;11725
Indicador  3.9.2;1706;19;43;Rio Grande do Sul;11725;2022;6794;Total;1151;55 a 59 anos;11725
Indicador  3.9.2;1706;463;43;Rio Grande do Sul;11725;2022;6794;Total;3302;60 anos ou mais;11725
Indicador  3.9.2;1706;216;43;Rio Grande do Sul;11725;2022;4;Homens;95253;Total;11725
Indicador  3.9.2;1706;3;43;Rio Grande do Sul;11725;2022;4;Homens;1140;0 a 4 anos;11725
Indicador  3.9.2;1706;1;43;Rio Grande do Sul;11725;2022;4;Homens;1141;5 a 9 anos;11725
Indicador  3.9.2;1706;0;43;Rio Grande do Sul;11725;2022;4;Homens;1142;10 a 14 anos;11725
Indicador  3.9.2;1706;1;43;Rio Grande do Sul;11725;2022;4;Homens;1143;15 a 19 anos;11725
Indicador  3.9.2;1706;0;43;Rio Grande do Sul;11725;2022;4;Homens;1144;20 a 24 anos;11725
Indicador  3.9.2;1706;2;43;Rio Grande do Sul;11725;2022;4;Homens;1145;25 a 29 anos;11725
Indicador  3.9.2;1706;0;43;Rio Grande do Sul;11725;2022;4;Homens;1146;30 a 34 anos;11725
Indicador  3.9.2;1706;4;43;Rio Grande do Sul;11725;2022;4;Homens;1147;35 a 39 anos;11725
Indicador  3.9.2;1706;4;43;Rio Grande do Sul;11725;2022;4;Homens;1148;40 a 44 anos;11725
Indicador  3.9.2;1706;6;43;Rio Grande do Sul;11725;2022;4;Homens;1149;45 a 49 anos;11725
Indicador  3.9.2;1706;2;43;Rio Grande do Sul;11725;2022;4;Homens;1150;50 a 54 anos;11725
Indicador  3.9.2;1706;13;43;Rio Grande do Sul;11725;2022;4;Homens;1151;55 a 59 anos;11725
Indicador  3.9.2;1706;180;43;Rio Grande do Sul;11725;2022;4;Homens;3302;60 anos ou mais;11725
Indicador  3.9.2;1706;310;43;Rio Grande do Sul;11725;2022;5;Mulheres;95253;Total;11725
Indicador  3.9.2;1706;7;43;Rio Grande do Sul;11725;2022;5;Mulheres;1140;0 a 4 anos;11725
Indicador  3.9.2;1706;2;43;Rio Grande do Sul;11725;2022;5;Mulheres;1141;5 a 9 anos;11725
Indicador  3.9.2;1706;0;43;Rio Grande do Sul;11725;2022;5;Mulheres;1142;10 a 14 anos;11725
Indicador  3.9.2;1706;1;43;Rio Grande do Sul;11725;2022;5;Mulheres;1143;15 a 19 anos;11725
Indicador  3.9.2;1706;1;43;Rio Grande do Sul;11725;2022;5;Mulheres;1144;20 a 24 anos;11725
Indicador  3.9.2;1706;0;43;Rio Grande do Sul;11725;2022;5;Mulheres;1145;25 a 29 anos;11725
Indicador  3.9.2;1706;0;43;Rio Grande do Sul;11725;2022;5;Mulheres;1146;30 a 34 anos;11725
Indicador  3.9.2;1706;1;43;Rio Grande do Sul;11725;2022;5;Mulheres;1147;35 a 39 anos;11725
Indicador  3.9.2;1706;3;43;Rio Grande do Sul;11725;2022;5;Mulheres;1148;40 a 44 anos;11725
Indicador  3.9.2;1706;4;43;Rio Grande do Sul;11725;2022;5;Mulheres;1149;45 a 49 anos;11725
Indicador  3.9.2;1706;2;43;Rio Grande do Sul;11725;2022;5;Mulheres;1150;50 a 54 anos;11725
Indicador  3.9.2;1706;6;43;Rio Grande do Sul;11725;2022;5;Mulheres;1151;55 a 59 anos;11725
Indicador  3.9.2;1706;283;43;Rio Grande do Sul;11725;2022;5;Mulheres;3302;60 anos ou mais;11725
Indicador  3.9.2;1706;184;50;Mato Grosso do Sul;11725;2018;6794;Total;95253;Total;11725
Indicador  3.9.2;1706;12;50;Mato Grosso do Sul;11725;2018;6794;Total;1140;0 a 4 anos;11725
Indicador  3.9.2;1706;5;50;Mato Grosso do Sul;11725;2018;6794;Total;1141;5 a 9 anos;11725
Indicador  3.9.2;1706;0;50;Mato Grosso do Sul;11725;2018;6794;Total;1142;10 a 14 anos;11725
Indicador  3.9.2;1706;2;50;Mato Grosso do Sul;11725;2018;6794;Total;1143;15 a 19 anos;11725
Indicador  3.9.2;1706;1;50;Mato Grosso do Sul;11725;2018;6794;Total;1144;20 a 24 anos;11725
Indicador  3.9.2;1706;1;50;Mato Grosso do Sul;11725;2018;6794;Total;1145;25 a 29 anos;11725
Indicador  3.9.2;1706;1;50;Mato Grosso do Sul;11725;2018;6794;Total;1146;30 a 34 anos;11725
Indicador  3.9.2;1706;0;50;Mato Grosso do Sul;11725;2018;6794;Total;1147;35 a 39 anos;11725
Indicador  3.9.2;1706;1;50;Mato Grosso do Sul;11725;2018;6794;Total;1148;40 a 44 anos;11725
Indicador  3.9.2;1706;1;50;Mato Grosso do Sul;11725;2018;6794;Total;1149;45 a 49 anos;11725
Indicador  3.9.2;1706;3;50;Mato Grosso do Sul;11725;2018;6794;Total;1150;50 a 54 anos;11725
Indicador  3.9.2;1706;5;50;Mato Grosso do Sul;11725;2018;6794;Total;1151;55 a 59 anos;11725
Indicador  3.9.2;1706;152;50;Mato Grosso do Sul;11725;2018;6794;Total;3302;60 anos ou mais;11725
Indicador  3.9.2;1706;102;50;Mato Grosso do Sul;11725;2018;4;Homens;95253;Total;11725
Indicador  3.9.2;1706;6;50;Mato Grosso do Sul;11725;2018;4;Homens;1140;0 a 4 anos;11725
Indicador  3.9.2;1706;5;50;Mato Grosso do Sul;11725;2018;4;Homens;1141;5 a 9 anos;11725
Indicador  3.9.2;1706;0;50;Mato Grosso do Sul;11725;2018;4;Homens;1142;10 a 14 anos;11725
Indicador  3.9.2;1706;2;50;Mato Grosso do Sul;11725;2018;4;Homens;1143;15 a 19 anos;11725
Indicador  3.9.2;1706;1;50;Mato Grosso do Sul;11725;2018;4;Homens;1144;20 a 24 anos;11725
Indicador  3.9.2;1706;1;50;Mato Grosso do Sul;11725;2018;4;Homens;1145;25 a 29 anos;11725
Indicador  3.9.2;1706;1;50;Mato Grosso do Sul;11725;2018;4;Homens;1146;30 a 34 anos;11725
Indicador  3.9.2;1706;0;50;Mato Grosso do Sul;11725;2018;4;Homens;1147;35 a 39 anos;11725
Indicador  3.9.2;1706;1;50;Mato Grosso do Sul;11725;2018;4;Homens;1148;40 a 44 anos;11725
Indicador  3.9.2;1706;1;50;Mato Grosso do Sul;11725;2018;4;Homens;1149;45 a 49 anos;11725
Indicador  3.9.2;1706;2;50;Mato Grosso do Sul;11725;2018;4;Homens;1150;50 a 54 anos;11725
Indicador  3.9.2;1706;0;50;Mato Grosso do Sul;11725;2018;4;Homens;1151;55 a 59 anos;11725
Indicador  3.9.2;1706;82;50;Mato Grosso do Sul;11725;2018;4;Homens;3302;60 anos ou mais;11725
Indicador  3.9.2;1706;82;50;Mato Grosso do Sul;11725;2018;5;Mulheres;95253;Total;11725
Indicador  3.9.2;1706;6;50;Mato Grosso do Sul;11725;2018;5;Mulheres;1140;0 a 4 anos;11725
Indicador  3.9.2;1706;0;50;Mato Grosso do Sul;11725;2018;5;Mulheres;1141;5 a 9 anos;11725
Indicador  3.9.2;1706;0;50;Mato Grosso do Sul;11725;2018;5;Mulheres;1142;10 a 14 anos;11725
Indicador  3.9.2;1706;0;50;Mato Grosso do Sul;11725;2018;5;Mulheres;1143;15 a 19 anos;11725
Indicador  3.9.2;1706;0;50;Mato Grosso do Sul;11725;2018;5;Mulheres;1144;20 a 24 anos;11725
Indicador  3.9.2;1706;0;50;Mato Grosso do Sul;11725;2018;5;Mulheres;1145;25 a 29 anos;11725
Indicador  3.9.2;1706;0;50;Mato Grosso do Sul;11725;2018;5;Mulheres;1146;30 a 34 anos;11725
Indicador  3.9.2;1706;0;50;Mato Grosso do Sul;11725;2018;5;Mulheres;1147;35 a 39 anos;11725
Indicador  3.9.2;1706;0;50;Mato Grosso do Sul;11725;2018;5;Mulheres;1148;40 a 44 anos;11725
Indicador  3.9.2;1706;0;50;Mato Grosso do Sul;11725;2018;5;Mulheres;1149;45 a 49 anos;11725
Indicador  3.9.2;1706;1;50;Mato Grosso do Sul;11725;2018;5;Mulheres;1150;50 a 54 anos;11725
Indicador  3.9.2;1706;5;50;Mato Grosso do Sul;11725;2018;5;Mulheres;1151;55 a 59 anos;11725
Indicador  3.9.2;1706;70;50;Mato Grosso do Sul;11725;2018;5;Mulheres;3302;60 anos ou mais;11725
Indicador  3.9.2;1706;166;50;Mato Grosso do Sul;11725;2019;6794;Total;95253;Total;11725
Indicador  3.9.2;1706;12;50;Mato Grosso do Sul;11725;2019;6794;Total;1140;0 a 4 anos;11725
Indicador  3.9.2;1706;1;50;Mato Grosso do Sul;11725;2019;6794;Total;1141;5 a 9 anos;11725
Indicador  3.9.2;1706;2;50;Mato Grosso do Sul;11725;2019;6794;Total;1142;10 a 14 anos;11725
Indicador  3.9.2;1706;0;50;Mato Grosso do Sul;11725;2019;6794;Total;1143;15 a 19 anos;11725
Indicador  3.9.2;1706;1;50;Mato Grosso do Sul;11725;2019;6794;Total;1144;20 a 24 anos;11725
Indicador  3.9.2;1706;2;50;Mato Grosso do Sul;11725;2019;6794;Total;1145;25 a 29 anos;11725
Indicador  3.9.2;1706;1;50;Mato Grosso do Sul;11725;2019;6794;Total;1146;30 a 34 anos;11725
Indicador  3.9.2;1706;1;50;Mato Grosso do Sul;11725;2019;6794;Total;1147;35 a 39 anos;11725
Indicador  3.9.2;1706;0;50;Mato Grosso do Sul;11725;2019;6794;Total;1148;40 a 44 anos;11725
Indicador  3.9.2;1706;7;50;Mato Grosso do Sul;11725;2019;6794;Total;1149;45 a 49 anos;11725
Indicador  3.9.2;1706;0;50;Mato Grosso do Sul;11725;2019;6794;Total;1150;50 a 54 anos;11725
Indicador  3.9.2;1706;5;50;Mato Grosso do Sul;11725;2019;6794;Total;1151;55 a 59 anos;11725
Indicador  3.9.2;1706;134;50;Mato Grosso do Sul;11725;2019;6794;Total;3302;60 anos ou mais;11725
Indicador  3.9.2;1706;96;50;Mato Grosso do Sul;11725;2019;4;Homens;95253;Total;11725
Indicador  3.9.2;1706;7;50;Mato Grosso do Sul;11725;2019;4;Homens;1140;0 a 4 anos;11725
Indicador  3.9.2;1706;1;50;Mato Grosso do Sul;11725;2019;4;Homens;1141;5 a 9 anos;11725
Indicador  3.9.2;1706;2;50;Mato Grosso do Sul;11725;2019;4;Homens;1142;10 a 14 anos;11725
Indicador  3.9.2;1706;0;50;Mato Grosso do Sul;11725;2019;4;Homens;1143;15 a 19 anos;11725
Indicador  3.9.2;1706;1;50;Mato Grosso do Sul;11725;2019;4;Homens;1144;20 a 24 anos;11725
Indicador  3.9.2;1706;1;50;Mato Grosso do Sul;11725;2019;4;Homens;1145;25 a 29 anos;11725
Indicador  3.9.2;1706;1;50;Mato Grosso do Sul;11725;2019;4;Homens;1146;30 a 34 anos;11725
Indicador  3.9.2;1706;1;50;Mato Grosso do Sul;11725;2019;4;Homens;1147;35 a 39 anos;11725
Indicador  3.9.2;1706;0;50;Mato Grosso do Sul;11725;2019;4;Homens;1148;40 a 44 anos;11725
Indicador  3.9.2;1706;4;50;Mato Grosso do Sul;11725;2019;4;Homens;1149;45 a 49 anos;11725
Indicador  3.9.2;1706;0;50;Mato Grosso do Sul;11725;2019;4;Homens;1150;50 a 54 anos;11725
Indicador  3.9.2;1706;5;50;Mato Grosso do Sul;11725;2019;4;Homens;1151;55 a 59 anos;11725
Indicador  3.9.2;1706;73;50;Mato Grosso do Sul;11725;2019;4;Homens;3302;60 anos ou mais;11725
Indicador  3.9.2;1706;70;50;Mato Grosso do Sul;11725;2019;5;Mulheres;95253;Total;11725
Indicador  3.9.2;1706;5;50;Mato Grosso do Sul;11725;2019;5;Mulheres;1140;0 a 4 anos;11725
Indicador  3.9.2;1706;0;50;Mato Grosso do Sul;11725;2019;5;Mulheres;1141;5 a 9 anos;11725
Indicador  3.9.2;1706;0;50;Mato Grosso do Sul;11725;2019;5;Mulheres;1142;10 a 14 anos;11725
Indicador  3.9.2;1706;0;50;Mato Grosso do Sul;11725;2019;5;Mulheres;1143;15 a 19 anos;11725
Indicador  3.9.2;1706;0;50;Mato Grosso do Sul;11725;2019;5;Mulheres;1144;20 a 24 anos;11725
Indicador  3.9.2;1706;1;50;Mato Grosso do Sul;11725;2019;5;Mulheres;1145;25 a 29 anos;11725
Indicador  3.9.2;1706;0;50;Mato Grosso do Sul;11725;2019;5;Mulheres;1146;30 a 34 anos;11725
Indicador  3.9.2;1706;0;50;Mato Grosso do Sul;11725;2019;5;Mulheres;1147;35 a 39 anos;11725
Indicador  3.9.2;1706;0;50;Mato Grosso do Sul;11725;2019;5;Mulheres;1148;40 a 44 anos;11725
Indicador  3.9.2;1706;3;50;Mato Grosso do Sul;11725;2019;5;Mulheres;1149;45 a 49 anos;11725
Indicador  3.9.2;1706;0;50;Mato Grosso do Sul;11725;2019;5;Mulheres;1150;50 a 54 anos;11725
Indicador  3.9.2;1706;0;50;Mato Grosso do Sul;11725;2019;5;Mulheres;1151;55 a 59 anos;11725
Indicador  3.9.2;1706;61;50;Mato Grosso do Sul;11725;2019;5;Mulheres;3302;60 anos ou mais;11725
Indicador  3.9.2;1706;151;50;Mato Grosso do Sul;11725;2020;6794;Total;95253;Total;11725
Indicador  3.9.2;1706;6;50;Mato Grosso do Sul;11725;2020;6794;Total;1140;0 a 4 anos;11725
Indicador  3.9.2;1706;1;50;Mato Grosso do Sul;11725;2020;6794;Total;1141;5 a 9 anos;11725
Indicador  3.9.2;1706;0;50;Mato Grosso do Sul;11725;2020;6794;Total;1142;10 a 14 anos;11725
Indicador  3.9.2;1706;1;50;Mato Grosso do Sul;11725;2020;6794;Total;1143;15 a 19 anos;11725
Indicador  3.9.2;1706;2;50;Mato Grosso do Sul;11725;2020;6794;Total;1144;20 a 24 anos;11725
Indicador  3.9.2;1706;0;50;Mato Grosso do Sul;11725;2020;6794;Total;1145;25 a 29 anos;11725
Indicador  3.9.2;1706;1;50;Mato Grosso do Sul;11725;2020;6794;Total;1146;30 a 34 anos;11725
Indicador  3.9.2;1706;2;50;Mato Grosso do Sul;11725;2020;6794;Total;1147;35 a 39 anos;11725
Indicador  3.9.2;1706;1;50;Mato Grosso do Sul;11725;2020;6794;Total;1148;40 a 44 anos;11725
Indicador  3.9.2;1706;3;50;Mato Grosso do Sul;11725;2020;6794;Total;1149;45 a 49 anos;11725
Indicador  3.9.2;1706;2;50;Mato Grosso do Sul;11725;2020;6794;Total;1150;50 a 54 anos;11725
Indicador  3.9.2;1706;8;50;Mato Grosso do Sul;11725;2020;6794;Total;1151;55 a 59 anos;11725
Indicador  3.9.2;1706;124;50;Mato Grosso do Sul;11725;2020;6794;Total;3302;60 anos ou mais;11725
Indicador  3.9.2;1706;89;50;Mato Grosso do Sul;11725;2020;4;Homens;95253;Total;11725
Indicador  3.9.2;1706;4;50;Mato Grosso do Sul;11725;2020;4;Homens;1140;0 a 4 anos;11725
Indicador  3.9.2;1706;1;50;Mato Grosso do Sul;11725;2020;4;Homens;1141;5 a 9 anos;11725
Indicador  3.9.2;1706;0;50;Mato Grosso do Sul;11725;2020;4;Homens;1142;10 a 14 anos;11725
Indicador  3.9.2;1706;1;50;Mato Grosso do Sul;11725;2020;4;Homens;1143;15 a 19 anos;11725
Indicador  3.9.2;1706;2;50;Mato Grosso do Sul;11725;2020;4;Homens;1144;20 a 24 anos;11725
Indicador  3.9.2;1706;0;50;Mato Grosso do Sul;11725;2020;4;Homens;1145;25 a 29 anos;11725
Indicador  3.9.2;1706;1;50;Mato Grosso do Sul;11725;2020;4;Homens;1146;30 a 34 anos;11725
Indicador  3.9.2;1706;2;50;Mato Grosso do Sul;11725;2020;4;Homens;1147;35 a 39 anos;11725
Indicador  3.9.2;1706;0;50;Mato Grosso do Sul;11725;2020;4;Homens;1148;40 a 44 anos;11725
Indicador  3.9.2;1706;3;50;Mato Grosso do Sul;11725;2020;4;Homens;1149;45 a 49 anos;11725
Indicador  3.9.2;1706;1;50;Mato Grosso do Sul;11725;2020;4;Homens;1150;50 a 54 anos;11725
Indicador  3.9.2;1706;6;50;Mato Grosso do Sul;11725;2020;4;Homens;1151;55 a 59 anos;11725
Indicador  3.9.2;1706;68;50;Mato Grosso do Sul;11725;2020;4;Homens;3302;60 anos ou mais;11725
Indicador  3.9.2;1706;62;50;Mato Grosso do Sul;11725;2020;5;Mulheres;95253;Total;11725
Indicador  3.9.2;1706;2;50;Mato Grosso do Sul;11725;2020;5;Mulheres;1140;0 a 4 anos;11725
Indicador  3.9.2;1706;0;50;Mato Grosso do Sul;11725;2020;5;Mulheres;1141;5 a 9 anos;11725
Indicador  3.9.2;1706;0;50;Mato Grosso do Sul;11725;2020;5;Mulheres;1142;10 a 14 anos;11725
Indicador  3.9.2;1706;0;50;Mato Grosso do Sul;11725;2020;5;Mulheres;1143;15 a 19 anos;11725
Indicador  3.9.2;1706;0;50;Mato Grosso do Sul;11725;2020;5;Mulheres;1144;20 a 24 anos;11725
Indicador  3.9.2;1706;0;50;Mato Grosso do Sul;11725;2020;5;Mulheres;1145;25 a 29 anos;11725
Indicador  3.9.2;1706;0;50;Mato Grosso do Sul;11725;2020;5;Mulheres;1146;30 a 34 anos;11725
Indicador  3.9.2;1706;0;50;Mato Grosso do Sul;11725;2020;5;Mulheres;1147;35 a 39 anos;11725
Indicador  3.9.2;1706;1;50;Mato Grosso do Sul;11725;2020;5;Mulheres;1148;40 a 44 anos;11725
Indicador  3.9.2;1706;0;50;Mato Grosso do Sul;11725;2020;5;Mulheres;1149;45 a 49 anos;11725
Indicador  3.9.2;1706;1;50;Mato Grosso do Sul;11725;2020;5;Mulheres;1150;50 a 54 anos;11725
Indicador  3.9.2;1706;2;50;Mato Grosso do Sul;11725;2020;5;Mulheres;1151;55 a 59 anos;11725
Indicador  3.9.2;1706;56;50;Mato Grosso do Sul;11725;2020;5;Mulheres;3302;60 anos ou mais;11725
Indicador  3.9.2;1706;170;50;Mato Grosso do Sul;11725;2021;6794;Total;95253;Total;11725
Indicador  3.9.2;1706;10;50;Mato Grosso do Sul;11725;2021;6794;Total;1140;0 a 4 anos;11725
Indicador  3.9.2;1706;0;50;Mato Grosso do Sul;11725;2021;6794;Total;1141;5 a 9 anos;11725
Indicador  3.9.2;1706;1;50;Mato Grosso do Sul;11725;2021;6794;Total;1142;10 a 14 anos;11725
Indicador  3.9.2;1706;0;50;Mato Grosso do Sul;11725;2021;6794;Total;1143;15 a 19 anos;11725
Indicador  3.9.2;1706;0;50;Mato Grosso do Sul;11725;2021;6794;Total;1144;20 a 24 anos;11725
Indicador  3.9.2;1706;0;50;Mato Grosso do Sul;11725;2021;6794;Total;1145;25 a 29 anos;11725
Indicador  3.9.2;1706;1;50;Mato Grosso do Sul;11725;2021;6794;Total;1146;30 a 34 anos;11725
Indicador  3.9.2;1706;3;50;Mato Grosso do Sul;11725;2021;6794;Total;1147;35 a 39 anos;11725
Indicador  3.9.2;1706;3;50;Mato Grosso do Sul;11725;2021;6794;Total;1148;40 a 44 anos;11725
Indicador  3.9.2;1706;4;50;Mato Grosso do Sul;11725;2021;6794;Total;1149;45 a 49 anos;11725
Indicador  3.9.2;1706;4;50;Mato Grosso do Sul;11725;2021;6794;Total;1150;50 a 54 anos;11725
Indicador  3.9.2;1706;7;50;Mato Grosso do Sul;11725;2021;6794;Total;1151;55 a 59 anos;11725
Indicador  3.9.2;1706;137;50;Mato Grosso do Sul;11725;2021;6794;Total;3302;60 anos ou mais;11725
Indicador  3.9.2;1706;91;50;Mato Grosso do Sul;11725;2021;4;Homens;95253;Total;11725
Indicador  3.9.2;1706;6;50;Mato Grosso do Sul;11725;2021;4;Homens;1140;0 a 4 anos;11725
Indicador  3.9.2;1706;0;50;Mato Grosso do Sul;11725;2021;4;Homens;1141;5 a 9 anos;11725
Indicador  3.9.2;1706;1;50;Mato Grosso do Sul;11725;2021;4;Homens;1142;10 a 14 anos;11725
Indicador  3.9.2;1706;0;50;Mato Grosso do Sul;11725;2021;4;Homens;1143;15 a 19 anos;11725
Indicador  3.9.2;1706;0;50;Mato Grosso do Sul;11725;2021;4;Homens;1144;20 a 24 anos;11725
Indicador  3.9.2;1706;0;50;Mato Grosso do Sul;11725;2021;4;Homens;1145;25 a 29 anos;11725
Indicador  3.9.2;1706;1;50;Mato Grosso do Sul;11725;2021;4;Homens;1146;30 a 34 anos;11725
Indicador  3.9.2;1706;1;50;Mato Grosso do Sul;11725;2021;4;Homens;1147;35 a 39 anos;11725
Indicador  3.9.2;1706;1;50;Mato Grosso do Sul;11725;2021;4;Homens;1148;40 a 44 anos;11725
Indicador  3.9.2;1706;3;50;Mato Grosso do Sul;11725;2021;4;Homens;1149;45 a 49 anos;11725
Indicador  3.9.2;1706;2;50;Mato Grosso do Sul;11725;2021;4;Homens;1150;50 a 54 anos;11725
Indicador  3.9.2;1706;4;50;Mato Grosso do Sul;11725;2021;4;Homens;1151;55 a 59 anos;11725
Indicador  3.9.2;1706;72;50;Mato Grosso do Sul;11725;2021;4;Homens;3302;60 anos ou mais;11725
Indicador  3.9.2;1706;79;50;Mato Grosso do Sul;11725;2021;5;Mulheres;95253;Total;11725
Indicador  3.9.2;1706;4;50;Mato Grosso do Sul;11725;2021;5;Mulheres;1140;0 a 4 anos;11725
Indicador  3.9.2;1706;0;50;Mato Grosso do Sul;11725;2021;5;Mulheres;1141;5 a 9 anos;11725
Indicador  3.9.2;1706;0;50;Mato Grosso do Sul;11725;2021;5;Mulheres;1142;10 a 14 anos;11725
Indicador  3.9.2;1706;0;50;Mato Grosso do Sul;11725;2021;5;Mulheres;1143;15 a 19 anos;11725
Indicador  3.9.2;1706;0;50;Mato Grosso do Sul;11725;2021;5;Mulheres;1144;20 a 24 anos;11725
Indicador  3.9.2;1706;0;50;Mato Grosso do Sul;11725;2021;5;Mulheres;1145;25 a 29 anos;11725
Indicador  3.9.2;1706;0;50;Mato Grosso do Sul;11725;2021;5;Mulheres;1146;30 a 34 anos;11725
Indicador  3.9.2;1706;2;50;Mato Grosso do Sul;11725;2021;5;Mulheres;1147;35 a 39 anos;11725
Indicador  3.9.2;1706;2;50;Mato Grosso do Sul;11725;2021;5;Mulheres;1148;40 a 44 anos;11725
Indicador  3.9.2;1706;1;50;Mato Grosso do Sul;11725;2021;5;Mulheres;1149;45 a 49 anos;11725
Indicador  3.9.2;1706;2;50;Mato Grosso do Sul;11725;2021;5;Mulheres;1150;50 a 54 anos;11725
Indicador  3.9.2;1706;3;50;Mato Grosso do Sul;11725;2021;5;Mulheres;1151;55 a 59 anos;11725
Indicador  3.9.2;1706;65;50;Mato Grosso do Sul;11725;2021;5;Mulheres;3302;60 anos ou mais;11725
Indicador  3.9.2;1706;157;50;Mato Grosso do Sul;11725;2022;6794;Total;95253;Total;11725
Indicador  3.9.2;1706;12;50;Mato Grosso do Sul;11725;2022;6794;Total;1140;0 a 4 anos;11725
Indicador  3.9.2;1706;0;50;Mato Grosso do Sul;11725;2022;6794;Total;1141;5 a 9 anos;11725
Indicador  3.9.2;1706;2;50;Mato Grosso do Sul;11725;2022;6794;Total;1142;10 a 14 anos;11725
Indicador  3.9.2;1706;0;50;Mato Grosso do Sul;11725;2022;6794;Total;1143;15 a 19 anos;11725
Indicador  3.9.2;1706;2;50;Mato Grosso do Sul;11725;2022;6794;Total;1144;20 a 24 anos;11725
Indicador  3.9.2;1706;0;50;Mato Grosso do Sul;11725;2022;6794;Total;1145;25 a 29 anos;11725
Indicador  3.9.2;1706;0;50;Mato Grosso do Sul;11725;2022;6794;Total;1146;30 a 34 anos;11725
Indicador  3.9.2;1706;0;50;Mato Grosso do Sul;11725;2022;6794;Total;1147;35 a 39 anos;11725
Indicador  3.9.2;1706;2;50;Mato Grosso do Sul;11725;2022;6794;Total;1148;40 a 44 anos;11725
Indicador  3.9.2;1706;4;50;Mato Grosso do Sul;11725;2022;6794;Total;1149;45 a 49 anos;11725
Indicador  3.9.2;1706;3;50;Mato Grosso do Sul;11725;2022;6794;Total;1150;50 a 54 anos;11725
Indicador  3.9.2;1706;1;50;Mato Grosso do Sul;11725;2022;6794;Total;1151;55 a 59 anos;11725
Indicador  3.9.2;1706;131;50;Mato Grosso do Sul;11725;2022;6794;Total;3302;60 anos ou mais;11725
Indicador  3.9.2;1706;64;50;Mato Grosso do Sul;11725;2022;4;Homens;95253;Total;11725
Indicador  3.9.2;1706;5;50;Mato Grosso do Sul;11725;2022;4;Homens;1140;0 a 4 anos;11725
Indicador  3.9.2;1706;0;50;Mato Grosso do Sul;11725;2022;4;Homens;1141;5 a 9 anos;11725
Indicador  3.9.2;1706;2;50;Mato Grosso do Sul;11725;2022;4;Homens;1142;10 a 14 anos;11725
Indicador  3.9.2;1706;0;50;Mato Grosso do Sul;11725;2022;4;Homens;1143;15 a 19 anos;11725
Indicador  3.9.2;1706;2;50;Mato Grosso do Sul;11725;2022;4;Homens;1144;20 a 24 anos;11725
Indicador  3.9.2;1706;0;50;Mato Grosso do Sul;11725;2022;4;Homens;1145;25 a 29 anos;11725
Indicador  3.9.2;1706;0;50;Mato Grosso do Sul;11725;2022;4;Homens;1146;30 a 34 anos;11725
Indicador  3.9.2;1706;0;50;Mato Grosso do Sul;11725;2022;4;Homens;1147;35 a 39 anos;11725
Indicador  3.9.2;1706;0;50;Mato Grosso do Sul;11725;2022;4;Homens;1148;40 a 44 anos;11725
Indicador  3.9.2;1706;1;50;Mato Grosso do Sul;11725;2022;4;Homens;1149;45 a 49 anos;11725
Indicador  3.9.2;1706;1;50;Mato Grosso do Sul;11725;2022;4;Homens;1150;50 a 54 anos;11725
Indicador  3.9.2;1706;1;50;Mato Grosso do Sul;11725;2022;4;Homens;1151;55 a 59 anos;11725
Indicador  3.9.2;1706;52;50;Mato Grosso do Sul;11725;2022;4;Homens;3302;60 anos ou mais;11725
Indicador  3.9.2;1706;93;50;Mato Grosso do Sul;11725;2022;5;Mulheres;95253;Total;11725
Indicador  3.9.2;1706;7;50;Mato Grosso do Sul;11725;2022;5;Mulheres;1140;0 a 4 anos;11725
Indicador  3.9.2;1706;0;50;Mato Grosso do Sul;11725;2022;5;Mulheres;1141;5 a 9 anos;11725
Indicador  3.9.2;1706;0;50;Mato Grosso do Sul;11725;2022;5;Mulheres;1142;10 a 14 anos;11725
Indicador  3.9.2;1706;0;50;Mato Grosso do Sul;11725;2022;5;Mulheres;1143;15 a 19 anos;11725
Indicador  3.9.2;1706;0;50;Mato Grosso do Sul;11725;2022;5;Mulheres;1144;20 a 24 anos;11725
Indicador  3.9.2;1706;0;50;Mato Grosso do Sul;11725;2022;5;Mulheres;1145;25 a 29 anos;11725
Indicador  3.9.2;1706;0;50;Mato Grosso do Sul;11725;2022;5;Mulheres;1146;30 a 34 anos;11725
Indicador  3.9.2;1706;0;50;Mato Grosso do Sul;11725;2022;5;Mulheres;1147;35 a 39 anos;11725
Indicador  3.9.2;1706;2;50;Mato Grosso do Sul;11725;2022;5;Mulheres;1148;40 a 44 anos;11725
Indicador  3.9.2;1706;3;50;Mato Grosso do Sul;11725;2022;5;Mulheres;1149;45 a 49 anos;11725
Indicador  3.9.2;1706;2;50;Mato Grosso do Sul;11725;2022;5;Mulheres;1150;50 a 54 anos;11725
Indicador  3.9.2;1706;0;50;Mato Grosso do Sul;11725;2022;5;Mulheres;1151;55 a 59 anos;11725
Indicador  3.9.2;1706;79;50;Mato Grosso do Sul;11725;2022;5;Mulheres;3302;60 anos ou mais;11725
Indicador  3.9.2;1706;195;51;Mato Grosso;11725;2018;6794;Total;95253;Total;11725
Indicador  3.9.2;1706;21;51;Mato Grosso;11725;2018;6794;Total;1140;0 a 4 anos;11725
Indicador  3.9.2;1706;2;51;Mato Grosso;11725;2018;6794;Total;1141;5 a 9 anos;11725
Indicador  3.9.2;1706;0;51;Mato Grosso;11725;2018;6794;Total;1142;10 a 14 anos;11725
Indicador  3.9.2;1706;0;51;Mato Grosso;11725;2018;6794;Total;1143;15 a 19 anos;11725
Indicador  3.9.2;1706;0;51;Mato Grosso;11725;2018;6794;Total;1144;20 a 24 anos;11725
Indicador  3.9.2;1706;0;51;Mato Grosso;11725;2018;6794;Total;1145;25 a 29 anos;11725
Indicador  3.9.2;1706;0;51;Mato Grosso;11725;2018;6794;Total;1146;30 a 34 anos;11725
Indicador  3.9.2;1706;3;51;Mato Grosso;11725;2018;6794;Total;1147;35 a 39 anos;11725
Indicador  3.9.2;1706;0;51;Mato Grosso;11725;2018;6794;Total;1148;40 a 44 anos;11725
Indicador  3.9.2;1706;5;51;Mato Grosso;11725;2018;6794;Total;1149;45 a 49 anos;11725
Indicador  3.9.2;1706;3;51;Mato Grosso;11725;2018;6794;Total;1150;50 a 54 anos;11725
Indicador  3.9.2;1706;4;51;Mato Grosso;11725;2018;6794;Total;1151;55 a 59 anos;11725
Indicador  3.9.2;1706;157;51;Mato Grosso;11725;2018;6794;Total;3302;60 anos ou mais;11725
Indicador  3.9.2;1706;101;51;Mato Grosso;11725;2018;4;Homens;95253;Total;11725
Indicador  3.9.2;1706;8;51;Mato Grosso;11725;2018;4;Homens;1140;0 a 4 anos;11725
Indicador  3.9.2;1706;2;51;Mato Grosso;11725;2018;4;Homens;1141;5 a 9 anos;11725
Indicador  3.9.2;1706;0;51;Mato Grosso;11725;2018;4;Homens;1142;10 a 14 anos;11725
Indicador  3.9.2;1706;0;51;Mato Grosso;11725;2018;4;Homens;1143;15 a 19 anos;11725
Indicador  3.9.2;1706;0;51;Mato Grosso;11725;2018;4;Homens;1144;20 a 24 anos;11725
Indicador  3.9.2;1706;0;51;Mato Grosso;11725;2018;4;Homens;1145;25 a 29 anos;11725
Indicador  3.9.2;1706;0;51;Mato Grosso;11725;2018;4;Homens;1146;30 a 34 anos;11725
Indicador  3.9.2;1706;1;51;Mato Grosso;11725;2018;4;Homens;1147;35 a 39 anos;11725
Indicador  3.9.2;1706;0;51;Mato Grosso;11725;2018;4;Homens;1148;40 a 44 anos;11725
Indicador  3.9.2;1706;2;51;Mato Grosso;11725;2018;4;Homens;1149;45 a 49 anos;11725
Indicador  3.9.2;1706;2;51;Mato Grosso;11725;2018;4;Homens;1150;50 a 54 anos;11725
Indicador  3.9.2;1706;1;51;Mato Grosso;11725;2018;4;Homens;1151;55 a 59 anos;11725
Indicador  3.9.2;1706;85;51;Mato Grosso;11725;2018;4;Homens;3302;60 anos ou mais;11725
Indicador  3.9.2;1706;94;51;Mato Grosso;11725;2018;5;Mulheres;95253;Total;11725
Indicador  3.9.2;1706;13;51;Mato Grosso;11725;2018;5;Mulheres;1140;0 a 4 anos;11725
Indicador  3.9.2;1706;0;51;Mato Grosso;11725;2018;5;Mulheres;1141;5 a 9 anos;11725
Indicador  3.9.2;1706;0;51;Mato Grosso;11725;2018;5;Mulheres;1142;10 a 14 anos;11725
Indicador  3.9.2;1706;0;51;Mato Grosso;11725;2018;5;Mulheres;1143;15 a 19 anos;11725
Indicador  3.9.2;1706;0;51;Mato Grosso;11725;2018;5;Mulheres;1144;20 a 24 anos;11725
Indicador  3.9.2;1706;0;51;Mato Grosso;11725;2018;5;Mulheres;1145;25 a 29 anos;11725
Indicador  3.9.2;1706;0;51;Mato Grosso;11725;2018;5;Mulheres;1146;30 a 34 anos;11725
Indicador  3.9.2;1706;2;51;Mato Grosso;11725;2018;5;Mulheres;1147;35 a 39 anos;11725
Indicador  3.9.2;1706;0;51;Mato Grosso;11725;2018;5;Mulheres;1148;40 a 44 anos;11725
Indicador  3.9.2;1706;3;51;Mato Grosso;11725;2018;5;Mulheres;1149;45 a 49 anos;11725
Indicador  3.9.2;1706;1;51;Mato Grosso;11725;2018;5;Mulheres;1150;50 a 54 anos;11725
Indicador  3.9.2;1706;3;51;Mato Grosso;11725;2018;5;Mulheres;1151;55 a 59 anos;11725
Indicador  3.9.2;1706;72;51;Mato Grosso;11725;2018;5;Mulheres;3302;60 anos ou mais;11725
Indicador  3.9.2;1706;198;51;Mato Grosso;11725;2019;6794;Total;95253;Total;11725
Indicador  3.9.2;1706;30;51;Mato Grosso;11725;2019;6794;Total;1140;0 a 4 anos;11725
Indicador  3.9.2;1706;2;51;Mato Grosso;11725;2019;6794;Total;1141;5 a 9 anos;11725
Indicador  3.9.2;1706;1;51;Mato Grosso;11725;2019;6794;Total;1142;10 a 14 anos;11725
Indicador  3.9.2;1706;0;51;Mato Grosso;11725;2019;6794;Total;1143;15 a 19 anos;11725
Indicador  3.9.2;1706;1;51;Mato Grosso;11725;2019;6794;Total;1144;20 a 24 anos;11725
Indicador  3.9.2;1706;0;51;Mato Grosso;11725;2019;6794;Total;1145;25 a 29 anos;11725
Indicador  3.9.2;1706;0;51;Mato Grosso;11725;2019;6794;Total;1146;30 a 34 anos;11725
Indicador  3.9.2;1706;2;51;Mato Grosso;11725;2019;6794;Total;1147;35 a 39 anos;11725
Indicador  3.9.2;1706;1;51;Mato Grosso;11725;2019;6794;Total;1148;40 a 44 anos;11725
Indicador  3.9.2;1706;2;51;Mato Grosso;11725;2019;6794;Total;1149;45 a 49 anos;11725
Indicador  3.9.2;1706;5;51;Mato Grosso;11725;2019;6794;Total;1150;50 a 54 anos;11725
Indicador  3.9.2;1706;5;51;Mato Grosso;11725;2019;6794;Total;1151;55 a 59 anos;11725
Indicador  3.9.2;1706;149;51;Mato Grosso;11725;2019;6794;Total;3302;60 anos ou mais;11725
Indicador  3.9.2;1706;109;51;Mato Grosso;11725;2019;4;Homens;95253;Total;11725
Indicador  3.9.2;1706;16;51;Mato Grosso;11725;2019;4;Homens;1140;0 a 4 anos;11725
Indicador  3.9.2;1706;2;51;Mato Grosso;11725;2019;4;Homens;1141;5 a 9 anos;11725
Indicador  3.9.2;1706;1;51;Mato Grosso;11725;2019;4;Homens;1142;10 a 14 anos;11725
Indicador  3.9.2;1706;0;51;Mato Grosso;11725;2019;4;Homens;1143;15 a 19 anos;11725
Indicador  3.9.2;1706;0;51;Mato Grosso;11725;2019;4;Homens;1144;20 a 24 anos;11725
Indicador  3.9.2;1706;0;51;Mato Grosso;11725;2019;4;Homens;1145;25 a 29 anos;11725
Indicador  3.9.2;1706;0;51;Mato Grosso;11725;2019;4;Homens;1146;30 a 34 anos;11725
Indicador  3.9.2;1706;1;51;Mato Grosso;11725;2019;4;Homens;1147;35 a 39 anos;11725
Indicador  3.9.2;1706;1;51;Mato Grosso;11725;2019;4;Homens;1148;40 a 44 anos;11725
Indicador  3.9.2;1706;2;51;Mato Grosso;11725;2019;4;Homens;1149;45 a 49 anos;11725
Indicador  3.9.2;1706;5;51;Mato Grosso;11725;2019;4;Homens;1150;50 a 54 anos;11725
Indicador  3.9.2;1706;4;51;Mato Grosso;11725;2019;4;Homens;1151;55 a 59 anos;11725
Indicador  3.9.2;1706;77;51;Mato Grosso;11725;2019;4;Homens;3302;60 anos ou mais;11725
Indicador  3.9.2;1706;89;51;Mato Grosso;11725;2019;5;Mulheres;95253;Total;11725
Indicador  3.9.2;1706;14;51;Mato Grosso;11725;2019;5;Mulheres;1140;0 a 4 anos;11725
Indicador  3.9.2;1706;0;51;Mato Grosso;11725;2019;5;Mulheres;1141;5 a 9 anos;11725
Indicador  3.9.2;1706;0;51;Mato Grosso;11725;2019;5;Mulheres;1142;10 a 14 anos;11725
Indicador  3.9.2;1706;0;51;Mato Grosso;11725;2019;5;Mulheres;1143;15 a 19 anos;11725
Indicador  3.9.2;1706;1;51;Mato Grosso;11725;2019;5;Mulheres;1144;20 a 24 anos;11725
Indicador  3.9.2;1706;0;51;Mato Grosso;11725;2019;5;Mulheres;1145;25 a 29 anos;11725
Indicador  3.9.2;1706;0;51;Mato Grosso;11725;2019;5;Mulheres;1146;30 a 34 anos;11725
Indicador  3.9.2;1706;1;51;Mato Grosso;11725;2019;5;Mulheres;1147;35 a 39 anos;11725
Indicador  3.9.2;1706;0;51;Mato Grosso;11725;2019;5;Mulheres;1148;40 a 44 anos;11725
Indicador  3.9.2;1706;0;51;Mato Grosso;11725;2019;5;Mulheres;1149;45 a 49 anos;11725
Indicador  3.9.2;1706;0;51;Mato Grosso;11725;2019;5;Mulheres;1150;50 a 54 anos;11725
Indicador  3.9.2;1706;1;51;Mato Grosso;11725;2019;5;Mulheres;1151;55 a 59 anos;11725
Indicador  3.9.2;1706;72;51;Mato Grosso;11725;2019;5;Mulheres;3302;60 anos ou mais;11725
Indicador  3.9.2;1706;151;51;Mato Grosso;11725;2020;6794;Total;95253;Total;11725
Indicador  3.9.2;1706;22;51;Mato Grosso;11725;2020;6794;Total;1140;0 a 4 anos;11725
Indicador  3.9.2;1706;2;51;Mato Grosso;11725;2020;6794;Total;1141;5 a 9 anos;11725
Indicador  3.9.2;1706;0;51;Mato Grosso;11725;2020;6794;Total;1142;10 a 14 anos;11725
Indicador  3.9.2;1706;1;51;Mato Grosso;11725;2020;6794;Total;1143;15 a 19 anos;11725
Indicador  3.9.2;1706;0;51;Mato Grosso;11725;2020;6794;Total;1144;20 a 24 anos;11725
Indicador  3.9.2;1706;0;51;Mato Grosso;11725;2020;6794;Total;1145;25 a 29 anos;11725
Indicador  3.9.2;1706;0;51;Mato Grosso;11725;2020;6794;Total;1146;30 a 34 anos;11725
Indicador  3.9.2;1706;2;51;Mato Grosso;11725;2020;6794;Total;1147;35 a 39 anos;11725
Indicador  3.9.2;1706;3;51;Mato Grosso;11725;2020;6794;Total;1148;40 a 44 anos;11725
Indicador  3.9.2;1706;3;51;Mato Grosso;11725;2020;6794;Total;1149;45 a 49 anos;11725
Indicador  3.9.2;1706;3;51;Mato Grosso;11725;2020;6794;Total;1150;50 a 54 anos;11725
Indicador  3.9.2;1706;5;51;Mato Grosso;11725;2020;6794;Total;1151;55 a 59 anos;11725
Indicador  3.9.2;1706;110;51;Mato Grosso;11725;2020;6794;Total;3302;60 anos ou mais;11725
Indicador  3.9.2;1706;79;51;Mato Grosso;11725;2020;4;Homens;95253;Total;11725
Indicador  3.9.2;1706;10;51;Mato Grosso;11725;2020;4;Homens;1140;0 a 4 anos;11725
Indicador  3.9.2;1706;0;51;Mato Grosso;11725;2020;4;Homens;1141;5 a 9 anos;11725
Indicador  3.9.2;1706;0;51;Mato Grosso;11725;2020;4;Homens;1142;10 a 14 anos;11725
Indicador  3.9.2;1706;0;51;Mato Grosso;11725;2020;4;Homens;1143;15 a 19 anos;11725
Indicador  3.9.2;1706;0;51;Mato Grosso;11725;2020;4;Homens;1144;20 a 24 anos;11725
Indicador  3.9.2;1706;0;51;Mato Grosso;11725;2020;4;Homens;1145;25 a 29 anos;11725
Indicador  3.9.2;1706;0;51;Mato Grosso;11725;2020;4;Homens;1146;30 a 34 anos;11725
Indicador  3.9.2;1706;1;51;Mato Grosso;11725;2020;4;Homens;1147;35 a 39 anos;11725
Indicador  3.9.2;1706;3;51;Mato Grosso;11725;2020;4;Homens;1148;40 a 44 anos;11725
Indicador  3.9.2;1706;2;51;Mato Grosso;11725;2020;4;Homens;1149;45 a 49 anos;11725
Indicador  3.9.2;1706;2;51;Mato Grosso;11725;2020;4;Homens;1150;50 a 54 anos;11725
Indicador  3.9.2;1706;2;51;Mato Grosso;11725;2020;4;Homens;1151;55 a 59 anos;11725
Indicador  3.9.2;1706;59;51;Mato Grosso;11725;2020;4;Homens;3302;60 anos ou mais;11725
Indicador  3.9.2;1706;72;51;Mato Grosso;11725;2020;5;Mulheres;95253;Total;11725
Indicador  3.9.2;1706;12;51;Mato Grosso;11725;2020;5;Mulheres;1140;0 a 4 anos;11725
Indicador  3.9.2;1706;2;51;Mato Grosso;11725;2020;5;Mulheres;1141;5 a 9 anos;11725
Indicador  3.9.2;1706;0;51;Mato Grosso;11725;2020;5;Mulheres;1142;10 a 14 anos;11725
Indicador  3.9.2;1706;1;51;Mato Grosso;11725;2020;5;Mulheres;1143;15 a 19 anos;11725
Indicador  3.9.2;1706;0;51;Mato Grosso;11725;2020;5;Mulheres;1144;20 a 24 anos;11725
Indicador  3.9.2;1706;0;51;Mato Grosso;11725;2020;5;Mulheres;1145;25 a 29 anos;11725
Indicador  3.9.2;1706;0;51;Mato Grosso;11725;2020;5;Mulheres;1146;30 a 34 anos;11725
Indicador  3.9.2;1706;1;51;Mato Grosso;11725;2020;5;Mulheres;1147;35 a 39 anos;11725
Indicador  3.9.2;1706;0;51;Mato Grosso;11725;2020;5;Mulheres;1148;40 a 44 anos;11725
Indicador  3.9.2;1706;1;51;Mato Grosso;11725;2020;5;Mulheres;1149;45 a 49 anos;11725
Indicador  3.9.2;1706;1;51;Mato Grosso;11725;2020;5;Mulheres;1150;50 a 54 anos;11725
Indicador  3.9.2;1706;3;51;Mato Grosso;11725;2020;5;Mulheres;1151;55 a 59 anos;11725
Indicador  3.9.2;1706;51;51;Mato Grosso;11725;2020;5;Mulheres;3302;60 anos ou mais;11725
Indicador  3.9.2;1706;158;51;Mato Grosso;11725;2021;6794;Total;95253;Total;11725
Indicador  3.9.2;1706;27;51;Mato Grosso;11725;2021;6794;Total;1140;0 a 4 anos;11725
Indicador  3.9.2;1706;1;51;Mato Grosso;11725;2021;6794;Total;1141;5 a 9 anos;11725
Indicador  3.9.2;1706;1;51;Mato Grosso;11725;2021;6794;Total;1142;10 a 14 anos;11725
Indicador  3.9.2;1706;1;51;Mato Grosso;11725;2021;6794;Total;1143;15 a 19 anos;11725
Indicador  3.9.2;1706;1;51;Mato Grosso;11725;2021;6794;Total;1144;20 a 24 anos;11725
Indicador  3.9.2;1706;0;51;Mato Grosso;11725;2021;6794;Total;1145;25 a 29 anos;11725
Indicador  3.9.2;1706;2;51;Mato Grosso;11725;2021;6794;Total;1146;30 a 34 anos;11725
Indicador  3.9.2;1706;2;51;Mato Grosso;11725;2021;6794;Total;1147;35 a 39 anos;11725
Indicador  3.9.2;1706;1;51;Mato Grosso;11725;2021;6794;Total;1148;40 a 44 anos;11725
Indicador  3.9.2;1706;6;51;Mato Grosso;11725;2021;6794;Total;1149;45 a 49 anos;11725
Indicador  3.9.2;1706;4;51;Mato Grosso;11725;2021;6794;Total;1150;50 a 54 anos;11725
Indicador  3.9.2;1706;1;51;Mato Grosso;11725;2021;6794;Total;1151;55 a 59 anos;11725
Indicador  3.9.2;1706;111;51;Mato Grosso;11725;2021;6794;Total;3302;60 anos ou mais;11725
Indicador  3.9.2;1706;88;51;Mato Grosso;11725;2021;4;Homens;95253;Total;11725
Indicador  3.9.2;1706;15;51;Mato Grosso;11725;2021;4;Homens;1140;0 a 4 anos;11725
Indicador  3.9.2;1706;1;51;Mato Grosso;11725;2021;4;Homens;1141;5 a 9 anos;11725
Indicador  3.9.2;1706;0;51;Mato Grosso;11725;2021;4;Homens;1142;10 a 14 anos;11725
Indicador  3.9.2;1706;1;51;Mato Grosso;11725;2021;4;Homens;1143;15 a 19 anos;11725
Indicador  3.9.2;1706;0;51;Mato Grosso;11725;2021;4;Homens;1144;20 a 24 anos;11725
Indicador  3.9.2;1706;0;51;Mato Grosso;11725;2021;4;Homens;1145;25 a 29 anos;11725
Indicador  3.9.2;1706;1;51;Mato Grosso;11725;2021;4;Homens;1146;30 a 34 anos;11725
Indicador  3.9.2;1706;1;51;Mato Grosso;11725;2021;4;Homens;1147;35 a 39 anos;11725
Indicador  3.9.2;1706;0;51;Mato Grosso;11725;2021;4;Homens;1148;40 a 44 anos;11725
Indicador  3.9.2;1706;4;51;Mato Grosso;11725;2021;4;Homens;1149;45 a 49 anos;11725
Indicador  3.9.2;1706;3;51;Mato Grosso;11725;2021;4;Homens;1150;50 a 54 anos;11725
Indicador  3.9.2;1706;1;51;Mato Grosso;11725;2021;4;Homens;1151;55 a 59 anos;11725
Indicador  3.9.2;1706;61;51;Mato Grosso;11725;2021;4;Homens;3302;60 anos ou mais;11725
Indicador  3.9.2;1706;70;51;Mato Grosso;11725;2021;5;Mulheres;95253;Total;11725
Indicador  3.9.2;1706;12;51;Mato Grosso;11725;2021;5;Mulheres;1140;0 a 4 anos;11725
Indicador  3.9.2;1706;0;51;Mato Grosso;11725;2021;5;Mulheres;1141;5 a 9 anos;11725
Indicador  3.9.2;1706;1;51;Mato Grosso;11725;2021;5;Mulheres;1142;10 a 14 anos;11725
Indicador  3.9.2;1706;0;51;Mato Grosso;11725;2021;5;Mulheres;1143;15 a 19 anos;11725
Indicador  3.9.2;1706;1;51;Mato Grosso;11725;2021;5;Mulheres;1144;20 a 24 anos;11725
Indicador  3.9.2;1706;0;51;Mato Grosso;11725;2021;5;Mulheres;1145;25 a 29 anos;11725
Indicador  3.9.2;1706;1;51;Mato Grosso;11725;2021;5;Mulheres;1146;30 a 34 anos;11725
Indicador  3.9.2;1706;1;51;Mato Grosso;11725;2021;5;Mulheres;1147;35 a 39 anos;11725
Indicador  3.9.2;1706;1;51;Mato Grosso;11725;2021;5;Mulheres;1148;40 a 44 anos;11725
Indicador  3.9.2;1706;2;51;Mato Grosso;11725;2021;5;Mulheres;1149;45 a 49 anos;11725
Indicador  3.9.2;1706;1;51;Mato Grosso;11725;2021;5;Mulheres;1150;50 a 54 anos;11725
Indicador  3.9.2;1706;0;51;Mato Grosso;11725;2021;5;Mulheres;1151;55 a 59 anos;11725
Indicador  3.9.2;1706;50;51;Mato Grosso;11725;2021;5;Mulheres;3302;60 anos ou mais;11725
Indicador  3.9.2;1706;165;51;Mato Grosso;11725;2022;6794;Total;95253;Total;11725
Indicador  3.9.2;1706;37;51;Mato Grosso;11725;2022;6794;Total;1140;0 a 4 anos;11725
Indicador  3.9.2;1706;1;51;Mato Grosso;11725;2022;6794;Total;1141;5 a 9 anos;11725
Indicador  3.9.2;1706;1;51;Mato Grosso;11725;2022;6794;Total;1142;10 a 14 anos;11725
Indicador  3.9.2;1706;1;51;Mato Grosso;11725;2022;6794;Total;1143;15 a 19 anos;11725
Indicador  3.9.2;1706;0;51;Mato Grosso;11725;2022;6794;Total;1144;20 a 24 anos;11725
Indicador  3.9.2;1706;1;51;Mato Grosso;11725;2022;6794;Total;1145;25 a 29 anos;11725
Indicador  3.9.2;1706;1;51;Mato Grosso;11725;2022;6794;Total;1146;30 a 34 anos;11725
Indicador  3.9.2;1706;0;51;Mato Grosso;11725;2022;6794;Total;1147;35 a 39 anos;11725
Indicador  3.9.2;1706;4;51;Mato Grosso;11725;2022;6794;Total;1148;40 a 44 anos;11725
Indicador  3.9.2;1706;4;51;Mato Grosso;11725;2022;6794;Total;1149;45 a 49 anos;11725
Indicador  3.9.2;1706;2;51;Mato Grosso;11725;2022;6794;Total;1150;50 a 54 anos;11725
Indicador  3.9.2;1706;6;51;Mato Grosso;11725;2022;6794;Total;1151;55 a 59 anos;11725
Indicador  3.9.2;1706;106;51;Mato Grosso;11725;2022;6794;Total;3302;60 anos ou mais;11725
Indicador  3.9.2;1706;99;51;Mato Grosso;11725;2022;4;Homens;95253;Total;11725
Indicador  3.9.2;1706;22;51;Mato Grosso;11725;2022;4;Homens;1140;0 a 4 anos;11725
Indicador  3.9.2;1706;1;51;Mato Grosso;11725;2022;4;Homens;1141;5 a 9 anos;11725
Indicador  3.9.2;1706;0;51;Mato Grosso;11725;2022;4;Homens;1142;10 a 14 anos;11725
Indicador  3.9.2;1706;1;51;Mato Grosso;11725;2022;4;Homens;1143;15 a 19 anos;11725
Indicador  3.9.2;1706;0;51;Mato Grosso;11725;2022;4;Homens;1144;20 a 24 anos;11725
Indicador  3.9.2;1706;1;51;Mato Grosso;11725;2022;4;Homens;1145;25 a 29 anos;11725
Indicador  3.9.2;1706;1;51;Mato Grosso;11725;2022;4;Homens;1146;30 a 34 anos;11725
Indicador  3.9.2;1706;0;51;Mato Grosso;11725;2022;4;Homens;1147;35 a 39 anos;11725
Indicador  3.9.2;1706;1;51;Mato Grosso;11725;2022;4;Homens;1148;40 a 44 anos;11725
Indicador  3.9.2;1706;4;51;Mato Grosso;11725;2022;4;Homens;1149;45 a 49 anos;11725
Indicador  3.9.2;1706;2;51;Mato Grosso;11725;2022;4;Homens;1150;50 a 54 anos;11725
Indicador  3.9.2;1706;4;51;Mato Grosso;11725;2022;4;Homens;1151;55 a 59 anos;11725
Indicador  3.9.2;1706;61;51;Mato Grosso;11725;2022;4;Homens;3302;60 anos ou mais;11725
Indicador  3.9.2;1706;66;51;Mato Grosso;11725;2022;5;Mulheres;95253;Total;11725
Indicador  3.9.2;1706;15;51;Mato Grosso;11725;2022;5;Mulheres;1140;0 a 4 anos;11725
Indicador  3.9.2;1706;0;51;Mato Grosso;11725;2022;5;Mulheres;1141;5 a 9 anos;11725
Indicador  3.9.2;1706;1;51;Mato Grosso;11725;2022;5;Mulheres;1142;10 a 14 anos;11725
Indicador  3.9.2;1706;0;51;Mato Grosso;11725;2022;5;Mulheres;1143;15 a 19 anos;11725
Indicador  3.9.2;1706;0;51;Mato Grosso;11725;2022;5;Mulheres;1144;20 a 24 anos;11725
Indicador  3.9.2;1706;0;51;Mato Grosso;11725;2022;5;Mulheres;1145;25 a 29 anos;11725
Indicador  3.9.2;1706;0;51;Mato Grosso;11725;2022;5;Mulheres;1146;30 a 34 anos;11725
Indicador  3.9.2;1706;0;51;Mato Grosso;11725;2022;5;Mulheres;1147;35 a 39 anos;11725
Indicador  3.9.2;1706;3;51;Mato Grosso;11725;2022;5;Mulheres;1148;40 a 44 anos;11725
Indicador  3.9.2;1706;0;51;Mato Grosso;11725;2022;5;Mulheres;1149;45 a 49 anos;11725
Indicador  3.9.2;1706;0;51;Mato Grosso;11725;2022;5;Mulheres;1150;50 a 54 anos;11725
Indicador  3.9.2;1706;2;51;Mato Grosso;11725;2022;5;Mulheres;1151;55 a 59 anos;11725
Indicador  3.9.2;1706;45;51;Mato Grosso;11725;2022;5;Mulheres;3302;60 anos ou mais;11725
Indicador  3.9.2;1706;231;52;Goiás;11725;2018;6794;Total;95253;Total;11725
Indicador  3.9.2;1706;24;52;Goiás;11725;2018;6794;Total;1140;0 a 4 anos;11725
Indicador  3.9.2;1706;1;52;Goiás;11725;2018;6794;Total;1141;5 a 9 anos;11725
Indicador  3.9.2;1706;2;52;Goiás;11725;2018;6794;Total;1142;10 a 14 anos;11725
Indicador  3.9.2;1706;2;52;Goiás;11725;2018;6794;Total;1143;15 a 19 anos;11725
Indicador  3.9.2;1706;1;52;Goiás;11725;2018;6794;Total;1144;20 a 24 anos;11725
Indicador  3.9.2;1706;1;52;Goiás;11725;2018;6794;Total;1145;25 a 29 anos;11725
Indicador  3.9.2;1706;0;52;Goiás;11725;2018;6794;Total;1146;30 a 34 anos;11725
Indicador  3.9.2;1706;3;52;Goiás;11725;2018;6794;Total;1147;35 a 39 anos;11725
Indicador  3.9.2;1706;3;52;Goiás;11725;2018;6794;Total;1148;40 a 44 anos;11725
Indicador  3.9.2;1706;2;52;Goiás;11725;2018;6794;Total;1149;45 a 49 anos;11725
Indicador  3.9.2;1706;8;52;Goiás;11725;2018;6794;Total;1150;50 a 54 anos;11725
Indicador  3.9.2;1706;4;52;Goiás;11725;2018;6794;Total;1151;55 a 59 anos;11725
Indicador  3.9.2;1706;180;52;Goiás;11725;2018;6794;Total;3302;60 anos ou mais;11725
Indicador  3.9.2;1706;117;52;Goiás;11725;2018;4;Homens;95253;Total;11725
Indicador  3.9.2;1706;17;52;Goiás;11725;2018;4;Homens;1140;0 a 4 anos;11725
Indicador  3.9.2;1706;1;52;Goiás;11725;2018;4;Homens;1141;5 a 9 anos;11725
Indicador  3.9.2;1706;1;52;Goiás;11725;2018;4;Homens;1142;10 a 14 anos;11725
Indicador  3.9.2;1706;1;52;Goiás;11725;2018;4;Homens;1143;15 a 19 anos;11725
Indicador  3.9.2;1706;1;52;Goiás;11725;2018;4;Homens;1144;20 a 24 anos;11725
Indicador  3.9.2;1706;0;52;Goiás;11725;2018;4;Homens;1145;25 a 29 anos;11725
Indicador  3.9.2;1706;0;52;Goiás;11725;2018;4;Homens;1146;30 a 34 anos;11725
Indicador  3.9.2;1706;0;52;Goiás;11725;2018;4;Homens;1147;35 a 39 anos;11725
Indicador  3.9.2;1706;2;52;Goiás;11725;2018;4;Homens;1148;40 a 44 anos;11725
Indicador  3.9.2;1706;2;52;Goiás;11725;2018;4;Homens;1149;45 a 49 anos;11725
Indicador  3.9.2;1706;3;52;Goiás;11725;2018;4;Homens;1150;50 a 54 anos;11725
Indicador  3.9.2;1706;3;52;Goiás;11725;2018;4;Homens;1151;55 a 59 anos;11725
Indicador  3.9.2;1706;86;52;Goiás;11725;2018;4;Homens;3302;60 anos ou mais;11725
Indicador  3.9.2;1706;114;52;Goiás;11725;2018;5;Mulheres;95253;Total;11725
Indicador  3.9.2;1706;7;52;Goiás;11725;2018;5;Mulheres;1140;0 a 4 anos;11725
Indicador  3.9.2;1706;0;52;Goiás;11725;2018;5;Mulheres;1141;5 a 9 anos;11725
Indicador  3.9.2;1706;1;52;Goiás;11725;2018;5;Mulheres;1142;10 a 14 anos;11725
Indicador  3.9.2;1706;1;52;Goiás;11725;2018;5;Mulheres;1143;15 a 19 anos;11725
Indicador  3.9.2;1706;0;52;Goiás;11725;2018;5;Mulheres;1144;20 a 24 anos;11725
Indicador  3.9.2;1706;1;52;Goiás;11725;2018;5;Mulheres;1145;25 a 29 anos;11725
Indicador  3.9.2;1706;0;52;Goiás;11725;2018;5;Mulheres;1146;30 a 34 anos;11725
Indicador  3.9.2;1706;3;52;Goiás;11725;2018;5;Mulheres;1147;35 a 39 anos;11725
Indicador  3.9.2;1706;1;52;Goiás;11725;2018;5;Mulheres;1148;40 a 44 anos;11725
Indicador  3.9.2;1706;0;52;Goiás;11725;2018;5;Mulheres;1149;45 a 49 anos;11725
Indicador  3.9.2;1706;5;52;Goiás;11725;2018;5;Mulheres;1150;50 a 54 anos;11725
Indicador  3.9.2;1706;1;52;Goiás;11725;2018;5;Mulheres;1151;55 a 59 anos;11725
Indicador  3.9.2;1706;94;52;Goiás;11725;2018;5;Mulheres;3302;60 anos ou mais;11725
Indicador  3.9.2;1706;271;52;Goiás;11725;2019;6794;Total;95253;Total;11725
Indicador  3.9.2;1706;22;52;Goiás;11725;2019;6794;Total;1140;0 a 4 anos;11725
Indicador  3.9.2;1706;2;52;Goiás;11725;2019;6794;Total;1141;5 a 9 anos;11725
Indicador  3.9.2;1706;1;52;Goiás;11725;2019;6794;Total;1142;10 a 14 anos;11725
Indicador  3.9.2;1706;2;52;Goiás;11725;2019;6794;Total;1143;15 a 19 anos;11725
Indicador  3.9.2;1706;1;52;Goiás;11725;2019;6794;Total;1144;20 a 24 anos;11725
Indicador  3.9.2;1706;1;52;Goiás;11725;2019;6794;Total;1145;25 a 29 anos;11725
Indicador  3.9.2;1706;1;52;Goiás;11725;2019;6794;Total;1146;30 a 34 anos;11725
Indicador  3.9.2;1706;2;52;Goiás;11725;2019;6794;Total;1147;35 a 39 anos;11725
Indicador  3.9.2;1706;7;52;Goiás;11725;2019;6794;Total;1148;40 a 44 anos;11725
Indicador  3.9.2;1706;7;52;Goiás;11725;2019;6794;Total;1149;45 a 49 anos;11725
Indicador  3.9.2;1706;1;52;Goiás;11725;2019;6794;Total;1150;50 a 54 anos;11725
Indicador  3.9.2;1706;9;52;Goiás;11725;2019;6794;Total;1151;55 a 59 anos;11725
Indicador  3.9.2;1706;215;52;Goiás;11725;2019;6794;Total;3302;60 anos ou mais;11725
Indicador  3.9.2;1706;138;52;Goiás;11725;2019;4;Homens;95253;Total;11725
Indicador  3.9.2;1706;14;52;Goiás;11725;2019;4;Homens;1140;0 a 4 anos;11725
Indicador  3.9.2;1706;0;52;Goiás;11725;2019;4;Homens;1141;5 a 9 anos;11725
Indicador  3.9.2;1706;1;52;Goiás;11725;2019;4;Homens;1142;10 a 14 anos;11725
Indicador  3.9.2;1706;1;52;Goiás;11725;2019;4;Homens;1143;15 a 19 anos;11725
Indicador  3.9.2;1706;1;52;Goiás;11725;2019;4;Homens;1144;20 a 24 anos;11725
Indicador  3.9.2;1706;1;52;Goiás;11725;2019;4;Homens;1145;25 a 29 anos;11725
Indicador  3.9.2;1706;0;52;Goiás;11725;2019;4;Homens;1146;30 a 34 anos;11725
Indicador  3.9.2;1706;1;52;Goiás;11725;2019;4;Homens;1147;35 a 39 anos;11725
Indicador  3.9.2;1706;3;52;Goiás;11725;2019;4;Homens;1148;40 a 44 anos;11725
Indicador  3.9.2;1706;5;52;Goiás;11725;2019;4;Homens;1149;45 a 49 anos;11725
Indicador  3.9.2;1706;1;52;Goiás;11725;2019;4;Homens;1150;50 a 54 anos;11725
Indicador  3.9.2;1706;7;52;Goiás;11725;2019;4;Homens;1151;55 a 59 anos;11725
Indicador  3.9.2;1706;103;52;Goiás;11725;2019;4;Homens;3302;60 anos ou mais;11725
Indicador  3.9.2;1706;133;52;Goiás;11725;2019;5;Mulheres;95253;Total;11725
Indicador  3.9.2;1706;8;52;Goiás;11725;2019;5;Mulheres;1140;0 a 4 anos;11725
Indicador  3.9.2;1706;2;52;Goiás;11725;2019;5;Mulheres;1141;5 a 9 anos;11725
Indicador  3.9.2;1706;0;52;Goiás;11725;2019;5;Mulheres;1142;10 a 14 anos;11725
Indicador  3.9.2;1706;1;52;Goiás;11725;2019;5;Mulheres;1143;15 a 19 anos;11725
Indicador  3.9.2;1706;0;52;Goiás;11725;2019;5;Mulheres;1144;20 a 24 anos;11725
Indicador  3.9.2;1706;0;52;Goiás;11725;2019;5;Mulheres;1145;25 a 29 anos;11725
Indicador  3.9.2;1706;1;52;Goiás;11725;2019;5;Mulheres;1146;30 a 34 anos;11725
Indicador  3.9.2;1706;1;52;Goiás;11725;2019;5;Mulheres;1147;35 a 39 anos;11725
Indicador  3.9.2;1706;4;52;Goiás;11725;2019;5;Mulheres;1148;40 a 44 anos;11725
Indicador  3.9.2;1706;2;52;Goiás;11725;2019;5;Mulheres;1149;45 a 49 anos;11725
Indicador  3.9.2;1706;0;52;Goiás;11725;2019;5;Mulheres;1150;50 a 54 anos;11725
Indicador  3.9.2;1706;2;52;Goiás;11725;2019;5;Mulheres;1151;55 a 59 anos;11725
Indicador  3.9.2;1706;112;52;Goiás;11725;2019;5;Mulheres;3302;60 anos ou mais;11725
Indicador  3.9.2;1706;225;52;Goiás;11725;2020;6794;Total;95253;Total;11725
Indicador  3.9.2;1706;9;52;Goiás;11725;2020;6794;Total;1140;0 a 4 anos;11725
Indicador  3.9.2;1706;1;52;Goiás;11725;2020;6794;Total;1141;5 a 9 anos;11725
Indicador  3.9.2;1706;2;52;Goiás;11725;2020;6794;Total;1142;10 a 14 anos;11725
Indicador  3.9.2;1706;4;52;Goiás;11725;2020;6794;Total;1143;15 a 19 anos;11725
Indicador  3.9.2;1706;2;52;Goiás;11725;2020;6794;Total;1144;20 a 24 anos;11725
Indicador  3.9.2;1706;2;52;Goiás;11725;2020;6794;Total;1145;25 a 29 anos;11725
Indicador  3.9.2;1706;1;52;Goiás;11725;2020;6794;Total;1146;30 a 34 anos;11725
Indicador  3.9.2;1706;4;52;Goiás;11725;2020;6794;Total;1147;35 a 39 anos;11725
Indicador  3.9.2;1706;1;52;Goiás;11725;2020;6794;Total;1148;40 a 44 anos;11725
Indicador  3.9.2;1706;3;52;Goiás;11725;2020;6794;Total;1149;45 a 49 anos;11725
Indicador  3.9.2;1706;5;52;Goiás;11725;2020;6794;Total;1150;50 a 54 anos;11725
Indicador  3.9.2;1706;10;52;Goiás;11725;2020;6794;Total;1151;55 a 59 anos;11725
Indicador  3.9.2;1706;180;52;Goiás;11725;2020;6794;Total;3302;60 anos ou mais;11725
Indicador  3.9.2;1706;100;52;Goiás;11725;2020;4;Homens;95253;Total;11725
Indicador  3.9.2;1706;5;52;Goiás;11725;2020;4;Homens;1140;0 a 4 anos;11725
Indicador  3.9.2;1706;0;52;Goiás;11725;2020;4;Homens;1141;5 a 9 anos;11725
Indicador  3.9.2;1706;0;52;Goiás;11725;2020;4;Homens;1142;10 a 14 anos;11725
Indicador  3.9.2;1706;1;52;Goiás;11725;2020;4;Homens;1143;15 a 19 anos;11725
Indicador  3.9.2;1706;2;52;Goiás;11725;2020;4;Homens;1144;20 a 24 anos;11725
Indicador  3.9.2;1706;1;52;Goiás;11725;2020;4;Homens;1145;25 a 29 anos;11725
Indicador  3.9.2;1706;0;52;Goiás;11725;2020;4;Homens;1146;30 a 34 anos;11725
Indicador  3.9.2;1706;3;52;Goiás;11725;2020;4;Homens;1147;35 a 39 anos;11725
Indicador  3.9.2;1706;0;52;Goiás;11725;2020;4;Homens;1148;40 a 44 anos;11725
Indicador  3.9.2;1706;3;52;Goiás;11725;2020;4;Homens;1149;45 a 49 anos;11725
Indicador  3.9.2;1706;1;52;Goiás;11725;2020;4;Homens;1150;50 a 54 anos;11725
Indicador  3.9.2;1706;3;52;Goiás;11725;2020;4;Homens;1151;55 a 59 anos;11725
Indicador  3.9.2;1706;81;52;Goiás;11725;2020;4;Homens;3302;60 anos ou mais;11725
Indicador  3.9.2;1706;124;52;Goiás;11725;2020;5;Mulheres;95253;Total;11725
Indicador  3.9.2;1706;4;52;Goiás;11725;2020;5;Mulheres;1140;0 a 4 anos;11725
Indicador  3.9.2;1706;1;52;Goiás;11725;2020;5;Mulheres;1141;5 a 9 anos;11725
Indicador  3.9.2;1706;2;52;Goiás;11725;2020;5;Mulheres;1142;10 a 14 anos;11725
Indicador  3.9.2;1706;3;52;Goiás;11725;2020;5;Mulheres;1143;15 a 19 anos;11725
Indicador  3.9.2;1706;0;52;Goiás;11725;2020;5;Mulheres;1144;20 a 24 anos;11725
Indicador  3.9.2;1706;1;52;Goiás;11725;2020;5;Mulheres;1145;25 a 29 anos;11725
Indicador  3.9.2;1706;1;52;Goiás;11725;2020;5;Mulheres;1146;30 a 34 anos;11725
Indicador  3.9.2;1706;1;52;Goiás;11725;2020;5;Mulheres;1147;35 a 39 anos;11725
Indicador  3.9.2;1706;1;52;Goiás;11725;2020;5;Mulheres;1148;40 a 44 anos;11725
Indicador  3.9.2;1706;0;52;Goiás;11725;2020;5;Mulheres;1149;45 a 49 anos;11725
Indicador  3.9.2;1706;4;52;Goiás;11725;2020;5;Mulheres;1150;50 a 54 anos;11725
Indicador  3.9.2;1706;7;52;Goiás;11725;2020;5;Mulheres;1151;55 a 59 anos;11725
Indicador  3.9.2;1706;99;52;Goiás;11725;2020;5;Mulheres;3302;60 anos ou mais;11725
Indicador  3.9.2;1706;221;52;Goiás;11725;2021;6794;Total;95253;Total;11725
Indicador  3.9.2;1706;21;52;Goiás;11725;2021;6794;Total;1140;0 a 4 anos;11725
Indicador  3.9.2;1706;2;52;Goiás;11725;2021;6794;Total;1141;5 a 9 anos;11725
Indicador  3.9.2;1706;0;52;Goiás;11725;2021;6794;Total;1142;10 a 14 anos;11725
Indicador  3.9.2;1706;1;52;Goiás;11725;2021;6794;Total;1143;15 a 19 anos;11725
Indicador  3.9.2;1706;0;52;Goiás;11725;2021;6794;Total;1144;20 a 24 anos;11725
Indicador  3.9.2;1706;1;52;Goiás;11725;2021;6794;Total;1145;25 a 29 anos;11725
Indicador  3.9.2;1706;4;52;Goiás;11725;2021;6794;Total;1146;30 a 34 anos;11725
Indicador  3.9.2;1706;4;52;Goiás;11725;2021;6794;Total;1147;35 a 39 anos;11725
Indicador  3.9.2;1706;2;52;Goiás;11725;2021;6794;Total;1148;40 a 44 anos;11725
Indicador  3.9.2;1706;10;52;Goiás;11725;2021;6794;Total;1149;45 a 49 anos;11725
Indicador  3.9.2;1706;8;52;Goiás;11725;2021;6794;Total;1150;50 a 54 anos;11725
Indicador  3.9.2;1706;11;52;Goiás;11725;2021;6794;Total;1151;55 a 59 anos;11725
Indicador  3.9.2;1706;157;52;Goiás;11725;2021;6794;Total;3302;60 anos ou mais;11725
Indicador  3.9.2;1706;115;52;Goiás;11725;2021;4;Homens;95253;Total;11725
Indicador  3.9.2;1706;10;52;Goiás;11725;2021;4;Homens;1140;0 a 4 anos;11725
Indicador  3.9.2;1706;1;52;Goiás;11725;2021;4;Homens;1141;5 a 9 anos;11725
Indicador  3.9.2;1706;0;52;Goiás;11725;2021;4;Homens;1142;10 a 14 anos;11725
Indicador  3.9.2;1706;1;52;Goiás;11725;2021;4;Homens;1143;15 a 19 anos;11725
Indicador  3.9.2;1706;0;52;Goiás;11725;2021;4;Homens;1144;20 a 24 anos;11725
Indicador  3.9.2;1706;1;52;Goiás;11725;2021;4;Homens;1145;25 a 29 anos;11725
Indicador  3.9.2;1706;3;52;Goiás;11725;2021;4;Homens;1146;30 a 34 anos;11725
Indicador  3.9.2;1706;2;52;Goiás;11725;2021;4;Homens;1147;35 a 39 anos;11725
Indicador  3.9.2;1706;1;52;Goiás;11725;2021;4;Homens;1148;40 a 44 anos;11725
Indicador  3.9.2;1706;6;52;Goiás;11725;2021;4;Homens;1149;45 a 49 anos;11725
Indicador  3.9.2;1706;3;52;Goiás;11725;2021;4;Homens;1150;50 a 54 anos;11725
Indicador  3.9.2;1706;8;52;Goiás;11725;2021;4;Homens;1151;55 a 59 anos;11725
Indicador  3.9.2;1706;79;52;Goiás;11725;2021;4;Homens;3302;60 anos ou mais;11725
Indicador  3.9.2;1706;106;52;Goiás;11725;2021;5;Mulheres;95253;Total;11725
Indicador  3.9.2;1706;11;52;Goiás;11725;2021;5;Mulheres;1140;0 a 4 anos;11725
Indicador  3.9.2;1706;1;52;Goiás;11725;2021;5;Mulheres;1141;5 a 9 anos;11725
Indicador  3.9.2;1706;0;52;Goiás;11725;2021;5;Mulheres;1142;10 a 14 anos;11725
Indicador  3.9.2;1706;0;52;Goiás;11725;2021;5;Mulheres;1143;15 a 19 anos;11725
Indicador  3.9.2;1706;0;52;Goiás;11725;2021;5;Mulheres;1144;20 a 24 anos;11725
Indicador  3.9.2;1706;0;52;Goiás;11725;2021;5;Mulheres;1145;25 a 29 anos;11725
Indicador  3.9.2;1706;1;52;Goiás;11725;2021;5;Mulheres;1146;30 a 34 anos;11725
Indicador  3.9.2;1706;2;52;Goiás;11725;2021;5;Mulheres;1147;35 a 39 anos;11725
Indicador  3.9.2;1706;1;52;Goiás;11725;2021;5;Mulheres;1148;40 a 44 anos;11725
Indicador  3.9.2;1706;4;52;Goiás;11725;2021;5;Mulheres;1149;45 a 49 anos;11725
Indicador  3.9.2;1706;5;52;Goiás;11725;2021;5;Mulheres;1150;50 a 54 anos;11725
Indicador  3.9.2;1706;3;52;Goiás;11725;2021;5;Mulheres;1151;55 a 59 anos;11725
Indicador  3.9.2;1706;78;52;Goiás;11725;2021;5;Mulheres;3302;60 anos ou mais;11725
Indicador  3.9.2;1706;215;52;Goiás;11725;2022;6794;Total;95253;Total;11725
Indicador  3.9.2;1706;23;52;Goiás;11725;2022;6794;Total;1140;0 a 4 anos;11725
Indicador  3.9.2;1706;0;52;Goiás;11725;2022;6794;Total;1141;5 a 9 anos;11725
Indicador  3.9.2;1706;0;52;Goiás;11725;2022;6794;Total;1142;10 a 14 anos;11725
Indicador  3.9.2;1706;0;52;Goiás;11725;2022;6794;Total;1143;15 a 19 anos;11725
Indicador  3.9.2;1706;1;52;Goiás;11725;2022;6794;Total;1144;20 a 24 anos;11725
Indicador  3.9.2;1706;0;52;Goiás;11725;2022;6794;Total;1145;25 a 29 anos;11725
Indicador  3.9.2;1706;3;52;Goiás;11725;2022;6794;Total;1146;30 a 34 anos;11725
Indicador  3.9.2;1706;7;52;Goiás;11725;2022;6794;Total;1147;35 a 39 anos;11725
Indicador  3.9.2;1706;5;52;Goiás;11725;2022;6794;Total;1148;40 a 44 anos;11725
Indicador  3.9.2;1706;6;52;Goiás;11725;2022;6794;Total;1149;45 a 49 anos;11725
Indicador  3.9.2;1706;4;52;Goiás;11725;2022;6794;Total;1150;50 a 54 anos;11725
Indicador  3.9.2;1706;4;52;Goiás;11725;2022;6794;Total;1151;55 a 59 anos;11725
Indicador  3.9.2;1706;162;52;Goiás;11725;2022;6794;Total;3302;60 anos ou mais;11725
Indicador  3.9.2;1706;93;52;Goiás;11725;2022;4;Homens;95253;Total;11725
Indicador  3.9.2;1706;14;52;Goiás;11725;2022;4;Homens;1140;0 a 4 anos;11725
Indicador  3.9.2;1706;0;52;Goiás;11725;2022;4;Homens;1141;5 a 9 anos;11725
Indicador  3.9.2;1706;0;52;Goiás;11725;2022;4;Homens;1142;10 a 14 anos;11725
Indicador  3.9.2;1706;0;52;Goiás;11725;2022;4;Homens;1143;15 a 19 anos;11725
Indicador  3.9.2;1706;1;52;Goiás;11725;2022;4;Homens;1144;20 a 24 anos;11725
Indicador  3.9.2;1706;0;52;Goiás;11725;2022;4;Homens;1145;25 a 29 anos;11725
Indicador  3.9.2;1706;1;52;Goiás;11725;2022;4;Homens;1146;30 a 34 anos;11725
Indicador  3.9.2;1706;3;52;Goiás;11725;2022;4;Homens;1147;35 a 39 anos;11725
Indicador  3.9.2;1706;3;52;Goiás;11725;2022;4;Homens;1148;40 a 44 anos;11725
Indicador  3.9.2;1706;1;52;Goiás;11725;2022;4;Homens;1149;45 a 49 anos;11725
Indicador  3.9.2;1706;1;52;Goiás;11725;2022;4;Homens;1150;50 a 54 anos;11725
Indicador  3.9.2;1706;3;52;Goiás;11725;2022;4;Homens;1151;55 a 59 anos;11725
Indicador  3.9.2;1706;66;52;Goiás;11725;2022;4;Homens;3302;60 anos ou mais;11725
Indicador  3.9.2;1706;122;52;Goiás;11725;2022;5;Mulheres;95253;Total;11725
Indicador  3.9.2;1706;9;52;Goiás;11725;2022;5;Mulheres;1140;0 a 4 anos;11725
Indicador  3.9.2;1706;0;52;Goiás;11725;2022;5;Mulheres;1141;5 a 9 anos;11725
Indicador  3.9.2;1706;0;52;Goiás;11725;2022;5;Mulheres;1142;10 a 14 anos;11725
Indicador  3.9.2;1706;0;52;Goiás;11725;2022;5;Mulheres;1143;15 a 19 anos;11725
Indicador  3.9.2;1706;0;52;Goiás;11725;2022;5;Mulheres;1144;20 a 24 anos;11725
Indicador  3.9.2;1706;0;52;Goiás;11725;2022;5;Mulheres;1145;25 a 29 anos;11725
Indicador  3.9.2;1706;2;52;Goiás;11725;2022;5;Mulheres;1146;30 a 34 anos;11725
Indicador  3.9.2;1706;4;52;Goiás;11725;2022;5;Mulheres;1147;35 a 39 anos;11725
Indicador  3.9.2;1706;2;52;Goiás;11725;2022;5;Mulheres;1148;40 a 44 anos;11725
Indicador  3.9.2;1706;5;52;Goiás;11725;2022;5;Mulheres;1149;45 a 49 anos;11725
Indicador  3.9.2;1706;3;52;Goiás;11725;2022;5;Mulheres;1150;50 a 54 anos;11725
Indicador  3.9.2;1706;1;52;Goiás;11725;2022;5;Mulheres;1151;55 a 59 anos;11725
Indicador  3.9.2;1706;96;52;Goiás;11725;2022;5;Mulheres;3302;60 anos ou mais;11725
Indicador  3.9.2;1706;60;53;Distrito Federal;11725;2018;6794;Total;95253;Total;11725
Indicador  3.9.2;1706;5;53;Distrito Federal;11725;2018;6794;Total;1140;0 a 4 anos;11725
Indicador  3.9.2;1706;1;53;Distrito Federal;11725;2018;6794;Total;1141;5 a 9 anos;11725
Indicador  3.9.2;1706;0;53;Distrito Federal;11725;2018;6794;Total;1142;10 a 14 anos;11725
Indicador  3.9.2;1706;0;53;Distrito Federal;11725;2018;6794;Total;1143;15 a 19 anos;11725
Indicador  3.9.2;1706;0;53;Distrito Federal;11725;2018;6794;Total;1144;20 a 24 anos;11725
Indicador  3.9.2;1706;0;53;Distrito Federal;11725;2018;6794;Total;1145;25 a 29 anos;11725
Indicador  3.9.2;1706;0;53;Distrito Federal;11725;2018;6794;Total;1146;30 a 34 anos;11725
Indicador  3.9.2;1706;1;53;Distrito Federal;11725;2018;6794;Total;1147;35 a 39 anos;11725
Indicador  3.9.2;1706;1;53;Distrito Federal;11725;2018;6794;Total;1148;40 a 44 anos;11725
Indicador  3.9.2;1706;1;53;Distrito Federal;11725;2018;6794;Total;1149;45 a 49 anos;11725
Indicador  3.9.2;1706;2;53;Distrito Federal;11725;2018;6794;Total;1150;50 a 54 anos;11725
Indicador  3.9.2;1706;7;53;Distrito Federal;11725;2018;6794;Total;1151;55 a 59 anos;11725
Indicador  3.9.2;1706;42;53;Distrito Federal;11725;2018;6794;Total;3302;60 anos ou mais;11725
Indicador  3.9.2;1706;33;53;Distrito Federal;11725;2018;4;Homens;95253;Total;11725
Indicador  3.9.2;1706;5;53;Distrito Federal;11725;2018;4;Homens;1140;0 a 4 anos;11725
Indicador  3.9.2;1706;1;53;Distrito Federal;11725;2018;4;Homens;1141;5 a 9 anos;11725
Indicador  3.9.2;1706;0;53;Distrito Federal;11725;2018;4;Homens;1142;10 a 14 anos;11725
Indicador  3.9.2;1706;0;53;Distrito Federal;11725;2018;4;Homens;1143;15 a 19 anos;11725
Indicador  3.9.2;1706;0;53;Distrito Federal;11725;2018;4;Homens;1144;20 a 24 anos;11725
Indicador  3.9.2;1706;0;53;Distrito Federal;11725;2018;4;Homens;1145;25 a 29 anos;11725
Indicador  3.9.2;1706;0;53;Distrito Federal;11725;2018;4;Homens;1146;30 a 34 anos;11725
Indicador  3.9.2;1706;1;53;Distrito Federal;11725;2018;4;Homens;1147;35 a 39 anos;11725
Indicador  3.9.2;1706;1;53;Distrito Federal;11725;2018;4;Homens;1148;40 a 44 anos;11725
Indicador  3.9.2;1706;0;53;Distrito Federal;11725;2018;4;Homens;1149;45 a 49 anos;11725
Indicador  3.9.2;1706;0;53;Distrito Federal;11725;2018;4;Homens;1150;50 a 54 anos;11725
Indicador  3.9.2;1706;6;53;Distrito Federal;11725;2018;4;Homens;1151;55 a 59 anos;11725
Indicador  3.9.2;1706;19;53;Distrito Federal;11725;2018;4;Homens;3302;60 anos ou mais;11725
Indicador  3.9.2;1706;27;53;Distrito Federal;11725;2018;5;Mulheres;95253;Total;11725
Indicador  3.9.2;1706;0;53;Distrito Federal;11725;2018;5;Mulheres;1140;0 a 4 anos;11725
Indicador  3.9.2;1706;0;53;Distrito Federal;11725;2018;5;Mulheres;1141;5 a 9 anos;11725
Indicador  3.9.2;1706;0;53;Distrito Federal;11725;2018;5;Mulheres;1142;10 a 14 anos;11725
Indicador  3.9.2;1706;0;53;Distrito Federal;11725;2018;5;Mulheres;1143;15 a 19 anos;11725
Indicador  3.9.2;1706;0;53;Distrito Federal;11725;2018;5;Mulheres;1144;20 a 24 anos;11725
Indicador  3.9.2;1706;0;53;Distrito Federal;11725;2018;5;Mulheres;1145;25 a 29 anos;11725
Indicador  3.9.2;1706;0;53;Distrito Federal;11725;2018;5;Mulheres;1146;30 a 34 anos;11725
Indicador  3.9.2;1706;0;53;Distrito Federal;11725;2018;5;Mulheres;1147;35 a 39 anos;11725
Indicador  3.9.2;1706;0;53;Distrito Federal;11725;2018;5;Mulheres;1148;40 a 44 anos;11725
Indicador  3.9.2;1706;1;53;Distrito Federal;11725;2018;5;Mulheres;1149;45 a 49 anos;11725
Indicador  3.9.2;1706;2;53;Distrito Federal;11725;2018;5;Mulheres;1150;50 a 54 anos;11725
Indicador  3.9.2;1706;1;53;Distrito Federal;11725;2018;5;Mulheres;1151;55 a 59 anos;11725
Indicador  3.9.2;1706;23;53;Distrito Federal;11725;2018;5;Mulheres;3302;60 anos ou mais;11725
Indicador  3.9.2;1706;77;53;Distrito Federal;11725;2019;6794;Total;95253;Total;11725
Indicador  3.9.2;1706;8;53;Distrito Federal;11725;2019;6794;Total;1140;0 a 4 anos;11725
Indicador  3.9.2;1706;1;53;Distrito Federal;11725;2019;6794;Total;1141;5 a 9 anos;11725
Indicador  3.9.2;1706;0;53;Distrito Federal;11725;2019;6794;Total;1142;10 a 14 anos;11725
Indicador  3.9.2;1706;0;53;Distrito Federal;11725;2019;6794;Total;1143;15 a 19 anos;11725
Indicador  3.9.2;1706;1;53;Distrito Federal;11725;2019;6794;Total;1144;20 a 24 anos;11725
Indicador  3.9.2;1706;0;53;Distrito Federal;11725;2019;6794;Total;1145;25 a 29 anos;11725
Indicador  3.9.2;1706;0;53;Distrito Federal;11725;2019;6794;Total;1146;30 a 34 anos;11725
Indicador  3.9.2;1706;1;53;Distrito Federal;11725;2019;6794;Total;1147;35 a 39 anos;11725
Indicador  3.9.2;1706;0;53;Distrito Federal;11725;2019;6794;Total;1148;40 a 44 anos;11725
Indicador  3.9.2;1706;2;53;Distrito Federal;11725;2019;6794;Total;1149;45 a 49 anos;11725
Indicador  3.9.2;1706;1;53;Distrito Federal;11725;2019;6794;Total;1150;50 a 54 anos;11725
Indicador  3.9.2;1706;0;53;Distrito Federal;11725;2019;6794;Total;1151;55 a 59 anos;11725
Indicador  3.9.2;1706;63;53;Distrito Federal;11725;2019;6794;Total;3302;60 anos ou mais;11725
Indicador  3.9.2;1706;33;53;Distrito Federal;11725;2019;4;Homens;95253;Total;11725
Indicador  3.9.2;1706;4;53;Distrito Federal;11725;2019;4;Homens;1140;0 a 4 anos;11725
Indicador  3.9.2;1706;0;53;Distrito Federal;11725;2019;4;Homens;1141;5 a 9 anos;11725
Indicador  3.9.2;1706;0;53;Distrito Federal;11725;2019;4;Homens;1142;10 a 14 anos;11725
Indicador  3.9.2;1706;0;53;Distrito Federal;11725;2019;4;Homens;1143;15 a 19 anos;11725
Indicador  3.9.2;1706;1;53;Distrito Federal;11725;2019;4;Homens;1144;20 a 24 anos;11725
Indicador  3.9.2;1706;0;53;Distrito Federal;11725;2019;4;Homens;1145;25 a 29 anos;11725
Indicador  3.9.2;1706;0;53;Distrito Federal;11725;2019;4;Homens;1146;30 a 34 anos;11725
Indicador  3.9.2;1706;1;53;Distrito Federal;11725;2019;4;Homens;1147;35 a 39 anos;11725
Indicador  3.9.2;1706;0;53;Distrito Federal;11725;2019;4;Homens;1148;40 a 44 anos;11725
Indicador  3.9.2;1706;0;53;Distrito Federal;11725;2019;4;Homens;1149;45 a 49 anos;11725
Indicador  3.9.2;1706;1;53;Distrito Federal;11725;2019;4;Homens;1150;50 a 54 anos;11725
Indicador  3.9.2;1706;0;53;Distrito Federal;11725;2019;4;Homens;1151;55 a 59 anos;11725
Indicador  3.9.2;1706;26;53;Distrito Federal;11725;2019;4;Homens;3302;60 anos ou mais;11725
Indicador  3.9.2;1706;44;53;Distrito Federal;11725;2019;5;Mulheres;95253;Total;11725
Indicador  3.9.2;1706;4;53;Distrito Federal;11725;2019;5;Mulheres;1140;0 a 4 anos;11725
Indicador  3.9.2;1706;1;53;Distrito Federal;11725;2019;5;Mulheres;1141;5 a 9 anos;11725
Indicador  3.9.2;1706;0;53;Distrito Federal;11725;2019;5;Mulheres;1142;10 a 14 anos;11725
Indicador  3.9.2;1706;0;53;Distrito Federal;11725;2019;5;Mulheres;1143;15 a 19 anos;11725
Indicador  3.9.2;1706;0;53;Distrito Federal;11725;2019;5;Mulheres;1144;20 a 24 anos;11725
Indicador  3.9.2;1706;0;53;Distrito Federal;11725;2019;5;Mulheres;1145;25 a 29 anos;11725
Indicador  3.9.2;1706;0;53;Distrito Federal;11725;2019;5;Mulheres;1146;30 a 34 anos;11725
Indicador  3.9.2;1706;0;53;Distrito Federal;11725;2019;5;Mulheres;1147;35 a 39 anos;11725
Indicador  3.9.2;1706;0;53;Distrito Federal;11725;2019;5;Mulheres;1148;40 a 44 anos;11725
Indicador  3.9.2;1706;2;53;Distrito Federal;11725;2019;5;Mulheres;1149;45 a 49 anos;11725
Indicador  3.9.2;1706;0;53;Distrito Federal;11725;2019;5;Mulheres;1150;50 a 54 anos;11725
Indicador  3.9.2;1706;0;53;Distrito Federal;11725;2019;5;Mulheres;1151;55 a 59 anos;11725
Indicador  3.9.2;1706;37;53;Distrito Federal;11725;2019;5;Mulheres;3302;60 anos ou mais;11725
Indicador  3.9.2;1706;67;53;Distrito Federal;11725;2020;6794;Total;95253;Total;11725
Indicador  3.9.2;1706;0;53;Distrito Federal;11725;2020;6794;Total;1140;0 a 4 anos;11725
Indicador  3.9.2;1706;0;53;Distrito Federal;11725;2020;6794;Total;1141;5 a 9 anos;11725
Indicador  3.9.2;1706;0;53;Distrito Federal;11725;2020;6794;Total;1142;10 a 14 anos;11725
Indicador  3.9.2;1706;1;53;Distrito Federal;11725;2020;6794;Total;1143;15 a 19 anos;11725
Indicador  3.9.2;1706;1;53;Distrito Federal;11725;2020;6794;Total;1144;20 a 24 anos;11725
Indicador  3.9.2;1706;1;53;Distrito Federal;11725;2020;6794;Total;1145;25 a 29 anos;11725
Indicador  3.9.2;1706;0;53;Distrito Federal;11725;2020;6794;Total;1146;30 a 34 anos;11725
Indicador  3.9.2;1706;0;53;Distrito Federal;11725;2020;6794;Total;1147;35 a 39 anos;11725
Indicador  3.9.2;1706;1;53;Distrito Federal;11725;2020;6794;Total;1148;40 a 44 anos;11725
Indicador  3.9.2;1706;1;53;Distrito Federal;11725;2020;6794;Total;1149;45 a 49 anos;11725
Indicador  3.9.2;1706;7;53;Distrito Federal;11725;2020;6794;Total;1150;50 a 54 anos;11725
Indicador  3.9.2;1706;4;53;Distrito Federal;11725;2020;6794;Total;1151;55 a 59 anos;11725
Indicador  3.9.2;1706;51;53;Distrito Federal;11725;2020;6794;Total;3302;60 anos ou mais;11725
Indicador  3.9.2;1706;29;53;Distrito Federal;11725;2020;4;Homens;95253;Total;11725
Indicador  3.9.2;1706;0;53;Distrito Federal;11725;2020;4;Homens;1140;0 a 4 anos;11725
Indicador  3.9.2;1706;0;53;Distrito Federal;11725;2020;4;Homens;1141;5 a 9 anos;11725
Indicador  3.9.2;1706;0;53;Distrito Federal;11725;2020;4;Homens;1142;10 a 14 anos;11725
Indicador  3.9.2;1706;0;53;Distrito Federal;11725;2020;4;Homens;1143;15 a 19 anos;11725
Indicador  3.9.2;1706;0;53;Distrito Federal;11725;2020;4;Homens;1144;20 a 24 anos;11725
Indicador  3.9.2;1706;0;53;Distrito Federal;11725;2020;4;Homens;1145;25 a 29 anos;11725
Indicador  3.9.2;1706;0;53;Distrito Federal;11725;2020;4;Homens;1146;30 a 34 anos;11725
Indicador  3.9.2;1706;0;53;Distrito Federal;11725;2020;4;Homens;1147;35 a 39 anos;11725
Indicador  3.9.2;1706;1;53;Distrito Federal;11725;2020;4;Homens;1148;40 a 44 anos;11725
Indicador  3.9.2;1706;0;53;Distrito Federal;11725;2020;4;Homens;1149;45 a 49 anos;11725
Indicador  3.9.2;1706;4;53;Distrito Federal;11725;2020;4;Homens;1150;50 a 54 anos;11725
Indicador  3.9.2;1706;3;53;Distrito Federal;11725;2020;4;Homens;1151;55 a 59 anos;11725
Indicador  3.9.2;1706;21;53;Distrito Federal;11725;2020;4;Homens;3302;60 anos ou mais;11725
Indicador  3.9.2;1706;38;53;Distrito Federal;11725;2020;5;Mulheres;95253;Total;11725
Indicador  3.9.2;1706;0;53;Distrito Federal;11725;2020;5;Mulheres;1140;0 a 4 anos;11725
Indicador  3.9.2;1706;0;53;Distrito Federal;11725;2020;5;Mulheres;1141;5 a 9 anos;11725
Indicador  3.9.2;1706;0;53;Distrito Federal;11725;2020;5;Mulheres;1142;10 a 14 anos;11725
Indicador  3.9.2;1706;1;53;Distrito Federal;11725;2020;5;Mulheres;1143;15 a 19 anos;11725
Indicador  3.9.2;1706;1;53;Distrito Federal;11725;2020;5;Mulheres;1144;20 a 24 anos;11725
Indicador  3.9.2;1706;1;53;Distrito Federal;11725;2020;5;Mulheres;1145;25 a 29 anos;11725
Indicador  3.9.2;1706;0;53;Distrito Federal;11725;2020;5;Mulheres;1146;30 a 34 anos;11725
Indicador  3.9.2;1706;0;53;Distrito Federal;11725;2020;5;Mulheres;1147;35 a 39 anos;11725
Indicador  3.9.2;1706;0;53;Distrito Federal;11725;2020;5;Mulheres;1148;40 a 44 anos;11725
Indicador  3.9.2;1706;1;53;Distrito Federal;11725;2020;5;Mulheres;1149;45 a 49 anos;11725
Indicador  3.9.2;1706;3;53;Distrito Federal;11725;2020;5;Mulheres;1150;50 a 54 anos;11725
Indicador  3.9.2;1706;1;53;Distrito Federal;11725;2020;5;Mulheres;1151;55 a 59 anos;11725
Indicador  3.9.2;1706;30;53;Distrito Federal;11725;2020;5;Mulheres;3302;60 anos ou mais;11725
Indicador  3.9.2;1706;69;53;Distrito Federal;11725;2021;6794;Total;95253;Total;11725
Indicador  3.9.2;1706;2;53;Distrito Federal;11725;2021;6794;Total;1140;0 a 4 anos;11725
Indicador  3.9.2;1706;0;53;Distrito Federal;11725;2021;6794;Total;1141;5 a 9 anos;11725
Indicador  3.9.2;1706;1;53;Distrito Federal;11725;2021;6794;Total;1142;10 a 14 anos;11725
Indicador  3.9.2;1706;1;53;Distrito Federal;11725;2021;6794;Total;1143;15 a 19 anos;11725
Indicador  3.9.2;1706;0;53;Distrito Federal;11725;2021;6794;Total;1144;20 a 24 anos;11725
Indicador  3.9.2;1706;0;53;Distrito Federal;11725;2021;6794;Total;1145;25 a 29 anos;11725
Indicador  3.9.2;1706;1;53;Distrito Federal;11725;2021;6794;Total;1146;30 a 34 anos;11725
Indicador  3.9.2;1706;3;53;Distrito Federal;11725;2021;6794;Total;1147;35 a 39 anos;11725
Indicador  3.9.2;1706;1;53;Distrito Federal;11725;2021;6794;Total;1148;40 a 44 anos;11725
Indicador  3.9.2;1706;0;53;Distrito Federal;11725;2021;6794;Total;1149;45 a 49 anos;11725
Indicador  3.9.2;1706;2;53;Distrito Federal;11725;2021;6794;Total;1150;50 a 54 anos;11725
Indicador  3.9.2;1706;4;53;Distrito Federal;11725;2021;6794;Total;1151;55 a 59 anos;11725
Indicador  3.9.2;1706;54;53;Distrito Federal;11725;2021;6794;Total;3302;60 anos ou mais;11725
Indicador  3.9.2;1706;35;53;Distrito Federal;11725;2021;4;Homens;95253;Total;11725
Indicador  3.9.2;1706;1;53;Distrito Federal;11725;2021;4;Homens;1140;0 a 4 anos;11725
Indicador  3.9.2;1706;0;53;Distrito Federal;11725;2021;4;Homens;1141;5 a 9 anos;11725
Indicador  3.9.2;1706;1;53;Distrito Federal;11725;2021;4;Homens;1142;10 a 14 anos;11725
Indicador  3.9.2;1706;0;53;Distrito Federal;11725;2021;4;Homens;1143;15 a 19 anos;11725
Indicador  3.9.2;1706;0;53;Distrito Federal;11725;2021;4;Homens;1144;20 a 24 anos;11725
Indicador  3.9.2;1706;0;53;Distrito Federal;11725;2021;4;Homens;1145;25 a 29 anos;11725
Indicador  3.9.2;1706;0;53;Distrito Federal;11725;2021;4;Homens;1146;30 a 34 anos;11725
Indicador  3.9.2;1706;3;53;Distrito Federal;11725;2021;4;Homens;1147;35 a 39 anos;11725
Indicador  3.9.2;1706;1;53;Distrito Federal;11725;2021;4;Homens;1148;40 a 44 anos;11725
Indicador  3.9.2;1706;0;53;Distrito Federal;11725;2021;4;Homens;1149;45 a 49 anos;11725
Indicador  3.9.2;1706;1;53;Distrito Federal;11725;2021;4;Homens;1150;50 a 54 anos;11725
Indicador  3.9.2;1706;1;53;Distrito Federal;11725;2021;4;Homens;1151;55 a 59 anos;11725
Indicador  3.9.2;1706;27;53;Distrito Federal;11725;2021;4;Homens;3302;60 anos ou mais;11725
Indicador  3.9.2;1706;34;53;Distrito Federal;11725;2021;5;Mulheres;95253;Total;11725
Indicador  3.9.2;1706;1;53;Distrito Federal;11725;2021;5;Mulheres;1140;0 a 4 anos;11725
Indicador  3.9.2;1706;0;53;Distrito Federal;11725;2021;5;Mulheres;1141;5 a 9 anos;11725
Indicador  3.9.2;1706;0;53;Distrito Federal;11725;2021;5;Mulheres;1142;10 a 14 anos;11725
Indicador  3.9.2;1706;1;53;Distrito Federal;11725;2021;5;Mulheres;1143;15 a 19 anos;11725
Indicador  3.9.2;1706;0;53;Distrito Federal;11725;2021;5;Mulheres;1144;20 a 24 anos;11725
Indicador  3.9.2;1706;0;53;Distrito Federal;11725;2021;5;Mulheres;1145;25 a 29 anos;11725
Indicador  3.9.2;1706;1;53;Distrito Federal;11725;2021;5;Mulheres;1146;30 a 34 anos;11725
Indicador  3.9.2;1706;0;53;Distrito Federal;11725;2021;5;Mulheres;1147;35 a 39 anos;11725
Indicador  3.9.2;1706;0;53;Distrito Federal;11725;2021;5;Mulheres;1148;40 a 44 anos;11725
Indicador  3.9.2;1706;0;53;Distrito Federal;11725;2021;5;Mulheres;1149;45 a 49 anos;11725
Indicador  3.9.2;1706;1;53;Distrito Federal;11725;2021;5;Mulheres;1150;50 a 54 anos;11725
Indicador  3.9.2;1706;3;53;Distrito Federal;11725;2021;5;Mulheres;1151;55 a 59 anos;11725
Indicador  3.9.2;1706;27;53;Distrito Federal;11725;2021;5;Mulheres;3302;60 anos ou mais;11725
Indicador  3.9.2;1706;91;53;Distrito Federal;11725;2022;6794;Total;95253;Total;11725
Indicador  3.9.2;1706;0;53;Distrito Federal;11725;2022;6794;Total;1140;0 a 4 anos;11725
Indicador  3.9.2;1706;2;53;Distrito Federal;11725;2022;6794;Total;1141;5 a 9 anos;11725
Indicador  3.9.2;1706;0;53;Distrito Federal;11725;2022;6794;Total;1142;10 a 14 anos;11725
Indicador  3.9.2;1706;3;53;Distrito Federal;11725;2022;6794;Total;1143;15 a 19 anos;11725
Indicador  3.9.2;1706;0;53;Distrito Federal;11725;2022;6794;Total;1144;20 a 24 anos;11725
Indicador  3.9.2;1706;0;53;Distrito Federal;11725;2022;6794;Total;1145;25 a 29 anos;11725
Indicador  3.9.2;1706;0;53;Distrito Federal;11725;2022;6794;Total;1146;30 a 34 anos;11725
Indicador  3.9.2;1706;1;53;Distrito Federal;11725;2022;6794;Total;1147;35 a 39 anos;11725
Indicador  3.9.2;1706;1;53;Distrito Federal;11725;2022;6794;Total;1148;40 a 44 anos;11725
Indicador  3.9.2;1706;4;53;Distrito Federal;11725;2022;6794;Total;1149;45 a 49 anos;11725
Indicador  3.9.2;1706;3;53;Distrito Federal;11725;2022;6794;Total;1150;50 a 54 anos;11725
Indicador  3.9.2;1706;0;53;Distrito Federal;11725;2022;6794;Total;1151;55 a 59 anos;11725
Indicador  3.9.2;1706;77;53;Distrito Federal;11725;2022;6794;Total;3302;60 anos ou mais;11725
Indicador  3.9.2;1706;40;53;Distrito Federal;11725;2022;4;Homens;95253;Total;11725
Indicador  3.9.2;1706;0;53;Distrito Federal;11725;2022;4;Homens;1140;0 a 4 anos;11725
Indicador  3.9.2;1706;2;53;Distrito Federal;11725;2022;4;Homens;1141;5 a 9 anos;11725
Indicador  3.9.2;1706;0;53;Distrito Federal;11725;2022;4;Homens;1142;10 a 14 anos;11725
Indicador  3.9.2;1706;2;53;Distrito Federal;11725;2022;4;Homens;1143;15 a 19 anos;11725
Indicador  3.9.2;1706;0;53;Distrito Federal;11725;2022;4;Homens;1144;20 a 24 anos;11725
Indicador  3.9.2;1706;0;53;Distrito Federal;11725;2022;4;Homens;1145;25 a 29 anos;11725
Indicador  3.9.2;1706;0;53;Distrito Federal;11725;2022;4;Homens;1146;30 a 34 anos;11725
Indicador  3.9.2;1706;0;53;Distrito Federal;11725;2022;4;Homens;1147;35 a 39 anos;11725
Indicador  3.9.2;1706;1;53;Distrito Federal;11725;2022;4;Homens;1148;40 a 44 anos;11725
Indicador  3.9.2;1706;4;53;Distrito Federal;11725;2022;4;Homens;1149;45 a 49 anos;11725
Indicador  3.9.2;1706;1;53;Distrito Federal;11725;2022;4;Homens;1150;50 a 54 anos;11725
Indicador  3.9.2;1706;0;53;Distrito Federal;11725;2022;4;Homens;1151;55 a 59 anos;11725
Indicador  3.9.2;1706;30;53;Distrito Federal;11725;2022;4;Homens;3302;60 anos ou mais;11725
Indicador  3.9.2;1706;50;53;Distrito Federal;11725;2022;5;Mulheres;95253;Total;11725
Indicador  3.9.2;1706;0;53;Distrito Federal;11725;2022;5;Mulheres;1140;0 a 4 anos;11725
Indicador  3.9.2;1706;0;53;Distrito Federal;11725;2022;5;Mulheres;1141;5 a 9 anos;11725
Indicador  3.9.2;1706;0;53;Distrito Federal;11725;2022;5;Mulheres;1142;10 a 14 anos;11725
Indicador  3.9.2;1706;1;53;Distrito Federal;11725;2022;5;Mulheres;1143;15 a 19 anos;11725
Indicador  3.9.2;1706;0;53;Distrito Federal;11725;2022;5;Mulheres;1144;20 a 24 anos;11725
Indicador  3.9.2;1706;0;53;Distrito Federal;11725;2022;5;Mulheres;1145;25 a 29 anos;11725
Indicador  3.9.2;1706;0;53;Distrito Federal;11725;2022;5;Mulheres;1146;30 a 34 anos;11725
Indicador  3.9.2;1706;1;53;Distrito Federal;11725;2022;5;Mulheres;1147;35 a 39 anos;11725
Indicador  3.9.2;1706;0;53;Distrito Federal;11725;2022;5;Mulheres;1148;40 a 44 anos;11725
Indicador  3.9.2;1706;0;53;Distrito Federal;11725;2022;5;Mulheres;1149;45 a 49 anos;11725
Indicador  3.9.2;1706;2;53;Distrito Federal;11725;2022;5;Mulheres;1150;50 a 54 anos;11725
Indicador  3.9.2;1706;0;53;Distrito Federal;11725;2022;5;Mulheres;1151;55 a 59 anos;11725
Indicador  3.9.2;1706;46;53;Distrito Federal;11725;2022;5;Mulheres;3302;60 anos ou mais;11725
