ID_INDICADOR;CODG_UND_MED;VLR_VAR;CODG_UND_FED;DESC_UND_FED;CODG_VAR;CODG_ANO;CODG_IDADE;DESC_IDADE;SUB_INDICADOR
Indicador  3.7.2;45;750537;1;Brasil;9433;2000;3518;10 a 19 anos;9433
Indicador  3.7.2;45;28973;1;Brasil;9433;2000;1142;10 a 14 anos;9433
Indicador  3.7.2;45;721564;1;Brasil;9433;2000;1143;15 a 19 anos;9433
Indicador  3.7.2;45;724886;1;Brasil;9433;2001;3518;10 a 19 anos;9433
Indicador  3.7.2;45;27931;1;Brasil;9433;2001;1142;10 a 14 anos;9433
Indicador  3.7.2;45;696955;1;Brasil;9433;2001;1143;15 a 19 anos;9433
Indicador  3.7.2;45;693101;1;Brasil;9433;2002;3518;10 a 19 anos;9433
Indicador  3.7.2;45;27664;1;Brasil;9433;2002;1142;10 a 14 anos;9433
Indicador  3.7.2;45;665437;1;Brasil;9433;2002;1143;15 a 19 anos;9433
Indicador  3.7.2;45;673045;1;Brasil;9433;2003;3518;10 a 19 anos;9433
Indicador  3.7.2;45;27239;1;Brasil;9433;2003;1142;10 a 14 anos;9433
Indicador  3.7.2;45;645806;1;Brasil;9433;2003;1143;15 a 19 anos;9433
Indicador  3.7.2;45;661290;1;Brasil;9433;2004;3518;10 a 19 anos;9433
Indicador  3.7.2;45;26276;1;Brasil;9433;2004;1142;10 a 14 anos;9433
Indicador  3.7.2;45;635014;1;Brasil;9433;2004;1143;15 a 19 anos;9433
Indicador  3.7.2;45;661137;1;Brasil;9433;2005;3518;10 a 19 anos;9433
Indicador  3.7.2;45;26752;1;Brasil;9433;2005;1142;10 a 14 anos;9433
Indicador  3.7.2;45;634385;1;Brasil;9433;2005;1143;15 a 19 anos;9433
Indicador  3.7.2;45;632880;1;Brasil;9433;2006;3518;10 a 19 anos;9433
Indicador  3.7.2;45;27610;1;Brasil;9433;2006;1142;10 a 14 anos;9433
Indicador  3.7.2;45;605270;1;Brasil;9433;2006;1143;15 a 19 anos;9433
Indicador  3.7.2;45;610372;1;Brasil;9433;2007;3518;10 a 19 anos;9433
Indicador  3.7.2;45;27963;1;Brasil;9433;2007;1142;10 a 14 anos;9433
Indicador  3.7.2;45;582409;1;Brasil;9433;2007;1143;15 a 19 anos;9433
Indicador  3.7.2;45;599238;1;Brasil;9433;2008;3518;10 a 19 anos;9433
Indicador  3.7.2;45;28678;1;Brasil;9433;2008;1142;10 a 14 anos;9433
Indicador  3.7.2;45;570560;1;Brasil;9433;2008;1143;15 a 19 anos;9433
Indicador  3.7.2;45;574766;1;Brasil;9433;2009;3518;10 a 19 anos;9433
Indicador  3.7.2;45;27807;1;Brasil;9433;2009;1142;10 a 14 anos;9433
Indicador  3.7.2;45;546959;1;Brasil;9433;2009;1143;15 a 19 anos;9433
Indicador  3.7.2;45;552630;1;Brasil;9433;2010;3518;10 a 19 anos;9433
Indicador  3.7.2;45;27049;1;Brasil;9433;2010;1142;10 a 14 anos;9433
Indicador  3.7.2;45;525581;1;Brasil;9433;2010;1143;15 a 19 anos;9433
Indicador  3.7.2;45;560888;1;Brasil;9433;2011;3518;10 a 19 anos;9433
Indicador  3.7.2;45;27785;1;Brasil;9433;2011;1142;10 a 14 anos;9433
Indicador  3.7.2;45;533103;1;Brasil;9433;2011;1143;15 a 19 anos;9433
Indicador  3.7.2;45;560145;1;Brasil;9433;2012;3518;10 a 19 anos;9433
Indicador  3.7.2;45;28236;1;Brasil;9433;2012;1142;10 a 14 anos;9433
Indicador  3.7.2;45;531909;1;Brasil;9433;2012;1143;15 a 19 anos;9433
Indicador  3.7.2;45;559991;1;Brasil;9433;2013;3518;10 a 19 anos;9433
Indicador  3.7.2;45;27989;1;Brasil;9433;2013;1142;10 a 14 anos;9433
Indicador  3.7.2;45;532002;1;Brasil;9433;2013;1143;15 a 19 anos;9433
Indicador  3.7.2;45;562608;1;Brasil;9433;2014;3518;10 a 19 anos;9433
Indicador  3.7.2;45;28244;1;Brasil;9433;2014;1142;10 a 14 anos;9433
Indicador  3.7.2;45;534364;1;Brasil;9433;2014;1143;15 a 19 anos;9433
Indicador  3.7.2;45;547564;1;Brasil;9433;2015;3518;10 a 19 anos;9433
Indicador  3.7.2;45;26700;1;Brasil;9433;2015;1142;10 a 14 anos;9433
Indicador  3.7.2;45;520864;1;Brasil;9433;2015;1143;15 a 19 anos;9433
Indicador  3.7.2;45;501381;1;Brasil;9433;2016;3518;10 a 19 anos;9433
Indicador  3.7.2;45;24135;1;Brasil;9433;2016;1142;10 a 14 anos;9433
Indicador  3.7.2;45;477246;1;Brasil;9433;2016;1143;15 a 19 anos;9433
Indicador  3.7.2;45;480923;1;Brasil;9433;2017;3518;10 a 19 anos;9433
Indicador  3.7.2;45;22146;1;Brasil;9433;2017;1142;10 a 14 anos;9433
Indicador  3.7.2;45;458777;1;Brasil;9433;2017;1143;15 a 19 anos;9433
Indicador  3.7.2;45;456128;1;Brasil;9433;2018;3518;10 a 19 anos;9433
Indicador  3.7.2;45;21172;1;Brasil;9433;2018;1142;10 a 14 anos;9433
Indicador  3.7.2;45;434956;1;Brasil;9433;2018;1143;15 a 19 anos;9433
Indicador  3.7.2;45;419252;1;Brasil;9433;2019;3518;10 a 19 anos;9433
Indicador  3.7.2;45;19330;1;Brasil;9433;2019;1142;10 a 14 anos;9433
Indicador  3.7.2;45;399922;1;Brasil;9433;2019;1143;15 a 19 anos;9433
Indicador  3.7.2;45;381653;1;Brasil;9433;2020;3518;10 a 19 anos;9433
Indicador  3.7.2;45;17579;1;Brasil;9433;2020;1142;10 a 14 anos;9433
Indicador  3.7.2;45;364074;1;Brasil;9433;2020;1143;15 a 19 anos;9433
Indicador  3.7.2;45;364734;1;Brasil;9433;2021;3518;10 a 19 anos;9433
Indicador  3.7.2;45;17456;1;Brasil;9433;2021;1142;10 a 14 anos;9433
Indicador  3.7.2;45;347278;1;Brasil;9433;2021;1143;15 a 19 anos;9433
Indicador  3.7.2;45;315606;1;Brasil;9433;2022;3518;10 a 19 anos;9433
Indicador  3.7.2;45;14293;1;Brasil;9433;2022;1142;10 a 14 anos;9433
Indicador  3.7.2;45;301313;1;Brasil;9433;2022;1143;15 a 19 anos;9433
Indicador  3.7.2;45;9551;11;Rondônia;9433;2000;3518;10 a 19 anos;9433
Indicador  3.7.2;45;374;11;Rondônia;9433;2000;1142;10 a 14 anos;9433
Indicador  3.7.2;45;9177;11;Rondônia;9433;2000;1143;15 a 19 anos;9433
Indicador  3.7.2;45;8269;11;Rondônia;9433;2001;3518;10 a 19 anos;9433
Indicador  3.7.2;45;330;11;Rondônia;9433;2001;1142;10 a 14 anos;9433
Indicador  3.7.2;45;7939;11;Rondônia;9433;2001;1143;15 a 19 anos;9433
Indicador  3.7.2;45;8151;11;Rondônia;9433;2002;3518;10 a 19 anos;9433
Indicador  3.7.2;45;345;11;Rondônia;9433;2002;1142;10 a 14 anos;9433
Indicador  3.7.2;45;7806;11;Rondônia;9433;2002;1143;15 a 19 anos;9433
Indicador  3.7.2;45;7848;11;Rondônia;9433;2003;3518;10 a 19 anos;9433
Indicador  3.7.2;45;327;11;Rondônia;9433;2003;1142;10 a 14 anos;9433
Indicador  3.7.2;45;7521;11;Rondônia;9433;2003;1143;15 a 19 anos;9433
Indicador  3.7.2;45;7858;11;Rondônia;9433;2004;3518;10 a 19 anos;9433
Indicador  3.7.2;45;338;11;Rondônia;9433;2004;1142;10 a 14 anos;9433
Indicador  3.7.2;45;7520;11;Rondônia;9433;2004;1143;15 a 19 anos;9433
Indicador  3.7.2;45;7480;11;Rondônia;9433;2005;3518;10 a 19 anos;9433
Indicador  3.7.2;45;336;11;Rondônia;9433;2005;1142;10 a 14 anos;9433
Indicador  3.7.2;45;7144;11;Rondônia;9433;2005;1143;15 a 19 anos;9433
Indicador  3.7.2;45;6487;11;Rondônia;9433;2006;3518;10 a 19 anos;9433
Indicador  3.7.2;45;287;11;Rondônia;9433;2006;1142;10 a 14 anos;9433
Indicador  3.7.2;45;6200;11;Rondônia;9433;2006;1143;15 a 19 anos;9433
Indicador  3.7.2;45;5802;11;Rondônia;9433;2007;3518;10 a 19 anos;9433
Indicador  3.7.2;45;276;11;Rondônia;9433;2007;1142;10 a 14 anos;9433
Indicador  3.7.2;45;5526;11;Rondônia;9433;2007;1143;15 a 19 anos;9433
Indicador  3.7.2;45;6566;11;Rondônia;9433;2008;3518;10 a 19 anos;9433
Indicador  3.7.2;45;326;11;Rondônia;9433;2008;1142;10 a 14 anos;9433
Indicador  3.7.2;45;6240;11;Rondônia;9433;2008;1143;15 a 19 anos;9433
Indicador  3.7.2;45;6301;11;Rondônia;9433;2009;3518;10 a 19 anos;9433
Indicador  3.7.2;45;275;11;Rondônia;9433;2009;1142;10 a 14 anos;9433
Indicador  3.7.2;45;6026;11;Rondônia;9433;2009;1143;15 a 19 anos;9433
Indicador  3.7.2;45;5993;11;Rondônia;9433;2010;3518;10 a 19 anos;9433
Indicador  3.7.2;45;266;11;Rondônia;9433;2010;1142;10 a 14 anos;9433
Indicador  3.7.2;45;5727;11;Rondônia;9433;2010;1143;15 a 19 anos;9433
Indicador  3.7.2;45;6345;11;Rondônia;9433;2011;3518;10 a 19 anos;9433
Indicador  3.7.2;45;293;11;Rondônia;9433;2011;1142;10 a 14 anos;9433
Indicador  3.7.2;45;6052;11;Rondônia;9433;2011;1143;15 a 19 anos;9433
Indicador  3.7.2;45;5936;11;Rondônia;9433;2012;3518;10 a 19 anos;9433
Indicador  3.7.2;45;273;11;Rondônia;9433;2012;1142;10 a 14 anos;9433
Indicador  3.7.2;45;5663;11;Rondônia;9433;2012;1143;15 a 19 anos;9433
Indicador  3.7.2;45;5914;11;Rondônia;9433;2013;3518;10 a 19 anos;9433
Indicador  3.7.2;45;240;11;Rondônia;9433;2013;1142;10 a 14 anos;9433
Indicador  3.7.2;45;5674;11;Rondônia;9433;2013;1143;15 a 19 anos;9433
Indicador  3.7.2;45;5824;11;Rondônia;9433;2014;3518;10 a 19 anos;9433
Indicador  3.7.2;45;289;11;Rondônia;9433;2014;1142;10 a 14 anos;9433
Indicador  3.7.2;45;5535;11;Rondônia;9433;2014;1143;15 a 19 anos;9433
Indicador  3.7.2;45;5637;11;Rondônia;9433;2015;3518;10 a 19 anos;9433
Indicador  3.7.2;45;226;11;Rondônia;9433;2015;1142;10 a 14 anos;9433
Indicador  3.7.2;45;5411;11;Rondônia;9433;2015;1143;15 a 19 anos;9433
Indicador  3.7.2;45;5335;11;Rondônia;9433;2016;3518;10 a 19 anos;9433
Indicador  3.7.2;45;249;11;Rondônia;9433;2016;1142;10 a 14 anos;9433
Indicador  3.7.2;45;5086;11;Rondônia;9433;2016;1143;15 a 19 anos;9433
Indicador  3.7.2;45;5051;11;Rondônia;9433;2017;3518;10 a 19 anos;9433
Indicador  3.7.2;45;234;11;Rondônia;9433;2017;1142;10 a 14 anos;9433
Indicador  3.7.2;45;4817;11;Rondônia;9433;2017;1143;15 a 19 anos;9433
Indicador  3.7.2;45;4915;11;Rondônia;9433;2018;3518;10 a 19 anos;9433
Indicador  3.7.2;45;224;11;Rondônia;9433;2018;1142;10 a 14 anos;9433
Indicador  3.7.2;45;4691;11;Rondônia;9433;2018;1143;15 a 19 anos;9433
Indicador  3.7.2;45;4558;11;Rondônia;9433;2019;3518;10 a 19 anos;9433
Indicador  3.7.2;45;198;11;Rondônia;9433;2019;1142;10 a 14 anos;9433
Indicador  3.7.2;45;4360;11;Rondônia;9433;2019;1143;15 a 19 anos;9433
Indicador  3.7.2;45;4077;11;Rondônia;9433;2020;3518;10 a 19 anos;9433
Indicador  3.7.2;45;157;11;Rondônia;9433;2020;1142;10 a 14 anos;9433
Indicador  3.7.2;45;3920;11;Rondônia;9433;2020;1143;15 a 19 anos;9433
Indicador  3.7.2;45;3995;11;Rondônia;9433;2021;3518;10 a 19 anos;9433
Indicador  3.7.2;45;178;11;Rondônia;9433;2021;1142;10 a 14 anos;9433
Indicador  3.7.2;45;3817;11;Rondônia;9433;2021;1143;15 a 19 anos;9433
Indicador  3.7.2;45;3538;11;Rondônia;9433;2022;3518;10 a 19 anos;9433
Indicador  3.7.2;45;130;11;Rondônia;9433;2022;1142;10 a 14 anos;9433
Indicador  3.7.2;45;3408;11;Rondônia;9433;2022;1143;15 a 19 anos;9433
Indicador  3.7.2;45;4784;12;Acre;9433;2000;3518;10 a 19 anos;9433
Indicador  3.7.2;45;250;12;Acre;9433;2000;1142;10 a 14 anos;9433
Indicador  3.7.2;45;4534;12;Acre;9433;2000;1143;15 a 19 anos;9433
Indicador  3.7.2;45;4544;12;Acre;9433;2001;3518;10 a 19 anos;9433
Indicador  3.7.2;45;229;12;Acre;9433;2001;1142;10 a 14 anos;9433
Indicador  3.7.2;45;4315;12;Acre;9433;2001;1143;15 a 19 anos;9433
Indicador  3.7.2;45;4769;12;Acre;9433;2002;3518;10 a 19 anos;9433
Indicador  3.7.2;45;227;12;Acre;9433;2002;1142;10 a 14 anos;9433
Indicador  3.7.2;45;4542;12;Acre;9433;2002;1143;15 a 19 anos;9433
Indicador  3.7.2;45;4663;12;Acre;9433;2003;3518;10 a 19 anos;9433
Indicador  3.7.2;45;238;12;Acre;9433;2003;1142;10 a 14 anos;9433
Indicador  3.7.2;45;4425;12;Acre;9433;2003;1143;15 a 19 anos;9433
Indicador  3.7.2;45;4773;12;Acre;9433;2004;3518;10 a 19 anos;9433
Indicador  3.7.2;45;254;12;Acre;9433;2004;1142;10 a 14 anos;9433
Indicador  3.7.2;45;4519;12;Acre;9433;2004;1143;15 a 19 anos;9433
Indicador  3.7.2;45;4761;12;Acre;9433;2005;3518;10 a 19 anos;9433
Indicador  3.7.2;45;243;12;Acre;9433;2005;1142;10 a 14 anos;9433
Indicador  3.7.2;45;4518;12;Acre;9433;2005;1143;15 a 19 anos;9433
Indicador  3.7.2;45;4517;12;Acre;9433;2006;3518;10 a 19 anos;9433
Indicador  3.7.2;45;274;12;Acre;9433;2006;1142;10 a 14 anos;9433
Indicador  3.7.2;45;4243;12;Acre;9433;2006;1143;15 a 19 anos;9433
Indicador  3.7.2;45;4358;12;Acre;9433;2007;3518;10 a 19 anos;9433
Indicador  3.7.2;45;270;12;Acre;9433;2007;1142;10 a 14 anos;9433
Indicador  3.7.2;45;4088;12;Acre;9433;2007;1143;15 a 19 anos;9433
Indicador  3.7.2;45;4850;12;Acre;9433;2008;3518;10 a 19 anos;9433
Indicador  3.7.2;45;268;12;Acre;9433;2008;1142;10 a 14 anos;9433
Indicador  3.7.2;45;4582;12;Acre;9433;2008;1143;15 a 19 anos;9433
Indicador  3.7.2;45;4524;12;Acre;9433;2009;3518;10 a 19 anos;9433
Indicador  3.7.2;45;279;12;Acre;9433;2009;1142;10 a 14 anos;9433
Indicador  3.7.2;45;4245;12;Acre;9433;2009;1143;15 a 19 anos;9433
Indicador  3.7.2;45;4422;12;Acre;9433;2010;3518;10 a 19 anos;9433
Indicador  3.7.2;45;283;12;Acre;9433;2010;1142;10 a 14 anos;9433
Indicador  3.7.2;45;4139;12;Acre;9433;2010;1143;15 a 19 anos;9433
Indicador  3.7.2;45;4760;12;Acre;9433;2011;3518;10 a 19 anos;9433
Indicador  3.7.2;45;356;12;Acre;9433;2011;1142;10 a 14 anos;9433
Indicador  3.7.2;45;4404;12;Acre;9433;2011;1143;15 a 19 anos;9433
Indicador  3.7.2;45;4460;12;Acre;9433;2012;3518;10 a 19 anos;9433
Indicador  3.7.2;45;318;12;Acre;9433;2012;1142;10 a 14 anos;9433
Indicador  3.7.2;45;4142;12;Acre;9433;2012;1143;15 a 19 anos;9433
Indicador  3.7.2;45;4650;12;Acre;9433;2013;3518;10 a 19 anos;9433
Indicador  3.7.2;45;274;12;Acre;9433;2013;1142;10 a 14 anos;9433
Indicador  3.7.2;45;4376;12;Acre;9433;2013;1143;15 a 19 anos;9433
Indicador  3.7.2;45;4664;12;Acre;9433;2014;3518;10 a 19 anos;9433
Indicador  3.7.2;45;298;12;Acre;9433;2014;1142;10 a 14 anos;9433
Indicador  3.7.2;45;4366;12;Acre;9433;2014;1143;15 a 19 anos;9433
Indicador  3.7.2;45;4579;12;Acre;9433;2015;3518;10 a 19 anos;9433
Indicador  3.7.2;45;305;12;Acre;9433;2015;1142;10 a 14 anos;9433
Indicador  3.7.2;45;4274;12;Acre;9433;2015;1143;15 a 19 anos;9433
Indicador  3.7.2;45;4118;12;Acre;9433;2016;3518;10 a 19 anos;9433
Indicador  3.7.2;45;305;12;Acre;9433;2016;1142;10 a 14 anos;9433
Indicador  3.7.2;45;3813;12;Acre;9433;2016;1143;15 a 19 anos;9433
Indicador  3.7.2;45;4147;12;Acre;9433;2017;3518;10 a 19 anos;9433
Indicador  3.7.2;45;280;12;Acre;9433;2017;1142;10 a 14 anos;9433
Indicador  3.7.2;45;3867;12;Acre;9433;2017;1143;15 a 19 anos;9433
Indicador  3.7.2;45;4129;12;Acre;9433;2018;3518;10 a 19 anos;9433
Indicador  3.7.2;45;297;12;Acre;9433;2018;1142;10 a 14 anos;9433
Indicador  3.7.2;45;3832;12;Acre;9433;2018;1143;15 a 19 anos;9433
Indicador  3.7.2;45;3901;12;Acre;9433;2019;3518;10 a 19 anos;9433
Indicador  3.7.2;45;243;12;Acre;9433;2019;1142;10 a 14 anos;9433
Indicador  3.7.2;45;3658;12;Acre;9433;2019;1143;15 a 19 anos;9433
Indicador  3.7.2;45;3499;12;Acre;9433;2020;3518;10 a 19 anos;9433
Indicador  3.7.2;45;206;12;Acre;9433;2020;1142;10 a 14 anos;9433
Indicador  3.7.2;45;3293;12;Acre;9433;2020;1143;15 a 19 anos;9433
Indicador  3.7.2;45;3671;12;Acre;9433;2021;3518;10 a 19 anos;9433
Indicador  3.7.2;45;258;12;Acre;9433;2021;1142;10 a 14 anos;9433
Indicador  3.7.2;45;3413;12;Acre;9433;2021;1143;15 a 19 anos;9433
Indicador  3.7.2;45;3143;12;Acre;9433;2022;3518;10 a 19 anos;9433
Indicador  3.7.2;45;229;12;Acre;9433;2022;1142;10 a 14 anos;9433
Indicador  3.7.2;45;2914;12;Acre;9433;2022;1143;15 a 19 anos;9433
Indicador  3.7.2;45;19636;13;Amazonas;9433;2000;3518;10 a 19 anos;9433
Indicador  3.7.2;45;938;13;Amazonas;9433;2000;1142;10 a 14 anos;9433
Indicador  3.7.2;45;18698;13;Amazonas;9433;2000;1143;15 a 19 anos;9433
Indicador  3.7.2;45;20055;13;Amazonas;9433;2001;3518;10 a 19 anos;9433
Indicador  3.7.2;45;942;13;Amazonas;9433;2001;1142;10 a 14 anos;9433
Indicador  3.7.2;45;19113;13;Amazonas;9433;2001;1143;15 a 19 anos;9433
Indicador  3.7.2;45;20135;13;Amazonas;9433;2002;3518;10 a 19 anos;9433
Indicador  3.7.2;45;925;13;Amazonas;9433;2002;1142;10 a 14 anos;9433
Indicador  3.7.2;45;19210;13;Amazonas;9433;2002;1143;15 a 19 anos;9433
Indicador  3.7.2;45;20115;13;Amazonas;9433;2003;3518;10 a 19 anos;9433
Indicador  3.7.2;45;1019;13;Amazonas;9433;2003;1142;10 a 14 anos;9433
Indicador  3.7.2;45;19096;13;Amazonas;9433;2003;1143;15 a 19 anos;9433
Indicador  3.7.2;45;20152;13;Amazonas;9433;2004;3518;10 a 19 anos;9433
Indicador  3.7.2;45;1038;13;Amazonas;9433;2004;1142;10 a 14 anos;9433
Indicador  3.7.2;45;19114;13;Amazonas;9433;2004;1143;15 a 19 anos;9433
Indicador  3.7.2;45;20120;13;Amazonas;9433;2005;3518;10 a 19 anos;9433
Indicador  3.7.2;45;1012;13;Amazonas;9433;2005;1142;10 a 14 anos;9433
Indicador  3.7.2;45;19108;13;Amazonas;9433;2005;1143;15 a 19 anos;9433
Indicador  3.7.2;45;20462;13;Amazonas;9433;2006;3518;10 a 19 anos;9433
Indicador  3.7.2;45;1104;13;Amazonas;9433;2006;1142;10 a 14 anos;9433
Indicador  3.7.2;45;19358;13;Amazonas;9433;2006;1143;15 a 19 anos;9433
Indicador  3.7.2;45;19702;13;Amazonas;9433;2007;3518;10 a 19 anos;9433
Indicador  3.7.2;45;1226;13;Amazonas;9433;2007;1142;10 a 14 anos;9433
Indicador  3.7.2;45;18476;13;Amazonas;9433;2007;1143;15 a 19 anos;9433
Indicador  3.7.2;45;19813;13;Amazonas;9433;2008;3518;10 a 19 anos;9433
Indicador  3.7.2;45;1252;13;Amazonas;9433;2008;1142;10 a 14 anos;9433
Indicador  3.7.2;45;18561;13;Amazonas;9433;2008;1143;15 a 19 anos;9433
Indicador  3.7.2;45;20213;13;Amazonas;9433;2009;3518;10 a 19 anos;9433
Indicador  3.7.2;45;1292;13;Amazonas;9433;2009;1142;10 a 14 anos;9433
Indicador  3.7.2;45;18921;13;Amazonas;9433;2009;1143;15 a 19 anos;9433
Indicador  3.7.2;45;19182;13;Amazonas;9433;2010;3518;10 a 19 anos;9433
Indicador  3.7.2;45;1222;13;Amazonas;9433;2010;1142;10 a 14 anos;9433
Indicador  3.7.2;45;17960;13;Amazonas;9433;2010;1143;15 a 19 anos;9433
Indicador  3.7.2;45;20441;13;Amazonas;9433;2011;3518;10 a 19 anos;9433
Indicador  3.7.2;45;1415;13;Amazonas;9433;2011;1142;10 a 14 anos;9433
Indicador  3.7.2;45;19026;13;Amazonas;9433;2011;1143;15 a 19 anos;9433
Indicador  3.7.2;45;21022;13;Amazonas;9433;2012;3518;10 a 19 anos;9433
Indicador  3.7.2;45;1433;13;Amazonas;9433;2012;1142;10 a 14 anos;9433
Indicador  3.7.2;45;19589;13;Amazonas;9433;2012;1143;15 a 19 anos;9433
Indicador  3.7.2;45;21669;13;Amazonas;9433;2013;3518;10 a 19 anos;9433
Indicador  3.7.2;45;1548;13;Amazonas;9433;2013;1142;10 a 14 anos;9433
Indicador  3.7.2;45;20121;13;Amazonas;9433;2013;1143;15 a 19 anos;9433
Indicador  3.7.2;45;21719;13;Amazonas;9433;2014;3518;10 a 19 anos;9433
Indicador  3.7.2;45;1448;13;Amazonas;9433;2014;1142;10 a 14 anos;9433
Indicador  3.7.2;45;20271;13;Amazonas;9433;2014;1143;15 a 19 anos;9433
Indicador  3.7.2;45;21194;13;Amazonas;9433;2015;3518;10 a 19 anos;9433
Indicador  3.7.2;45;1432;13;Amazonas;9433;2015;1142;10 a 14 anos;9433
Indicador  3.7.2;45;19762;13;Amazonas;9433;2015;1143;15 a 19 anos;9433
Indicador  3.7.2;45;19436;13;Amazonas;9433;2016;3518;10 a 19 anos;9433
Indicador  3.7.2;45;1302;13;Amazonas;9433;2016;1142;10 a 14 anos;9433
Indicador  3.7.2;45;18134;13;Amazonas;9433;2016;1143;15 a 19 anos;9433
Indicador  3.7.2;45;19574;13;Amazonas;9433;2017;3518;10 a 19 anos;9433
Indicador  3.7.2;45;1251;13;Amazonas;9433;2017;1142;10 a 14 anos;9433
Indicador  3.7.2;45;18323;13;Amazonas;9433;2017;1143;15 a 19 anos;9433
Indicador  3.7.2;45;19190;13;Amazonas;9433;2018;3518;10 a 19 anos;9433
Indicador  3.7.2;45;1259;13;Amazonas;9433;2018;1142;10 a 14 anos;9433
Indicador  3.7.2;45;17931;13;Amazonas;9433;2018;1143;15 a 19 anos;9433
Indicador  3.7.2;45;18559;13;Amazonas;9433;2019;3518;10 a 19 anos;9433
Indicador  3.7.2;45;1248;13;Amazonas;9433;2019;1142;10 a 14 anos;9433
Indicador  3.7.2;45;17311;13;Amazonas;9433;2019;1143;15 a 19 anos;9433
Indicador  3.7.2;45;17407;13;Amazonas;9433;2020;3518;10 a 19 anos;9433
Indicador  3.7.2;45;1075;13;Amazonas;9433;2020;1142;10 a 14 anos;9433
Indicador  3.7.2;45;16332;13;Amazonas;9433;2020;1143;15 a 19 anos;9433
Indicador  3.7.2;45;17758;13;Amazonas;9433;2021;3518;10 a 19 anos;9433
Indicador  3.7.2;45;1188;13;Amazonas;9433;2021;1142;10 a 14 anos;9433
Indicador  3.7.2;45;16570;13;Amazonas;9433;2021;1143;15 a 19 anos;9433
Indicador  3.7.2;45;15333;13;Amazonas;9433;2022;3518;10 a 19 anos;9433
Indicador  3.7.2;45;1017;13;Amazonas;9433;2022;1142;10 a 14 anos;9433
Indicador  3.7.2;45;14316;13;Amazonas;9433;2022;1143;15 a 19 anos;9433
Indicador  3.7.2;45;2884;14;Roraima;9433;2000;3518;10 a 19 anos;9433
Indicador  3.7.2;45;207;14;Roraima;9433;2000;1142;10 a 14 anos;9433
Indicador  3.7.2;45;2677;14;Roraima;9433;2000;1143;15 a 19 anos;9433
Indicador  3.7.2;45;2801;14;Roraima;9433;2001;3518;10 a 19 anos;9433
Indicador  3.7.2;45;187;14;Roraima;9433;2001;1142;10 a 14 anos;9433
Indicador  3.7.2;45;2614;14;Roraima;9433;2001;1143;15 a 19 anos;9433
Indicador  3.7.2;45;2598;14;Roraima;9433;2002;3518;10 a 19 anos;9433
Indicador  3.7.2;45;162;14;Roraima;9433;2002;1142;10 a 14 anos;9433
Indicador  3.7.2;45;2436;14;Roraima;9433;2002;1143;15 a 19 anos;9433
Indicador  3.7.2;45;2863;14;Roraima;9433;2003;3518;10 a 19 anos;9433
Indicador  3.7.2;45;229;14;Roraima;9433;2003;1142;10 a 14 anos;9433
Indicador  3.7.2;45;2634;14;Roraima;9433;2003;1143;15 a 19 anos;9433
Indicador  3.7.2;45;2693;14;Roraima;9433;2004;3518;10 a 19 anos;9433
Indicador  3.7.2;45;194;14;Roraima;9433;2004;1142;10 a 14 anos;9433
Indicador  3.7.2;45;2499;14;Roraima;9433;2004;1143;15 a 19 anos;9433
Indicador  3.7.2;45;2527;14;Roraima;9433;2005;3518;10 a 19 anos;9433
Indicador  3.7.2;45;177;14;Roraima;9433;2005;1142;10 a 14 anos;9433
Indicador  3.7.2;45;2350;14;Roraima;9433;2005;1143;15 a 19 anos;9433
Indicador  3.7.2;45;2489;14;Roraima;9433;2006;3518;10 a 19 anos;9433
Indicador  3.7.2;45;183;14;Roraima;9433;2006;1142;10 a 14 anos;9433
Indicador  3.7.2;45;2306;14;Roraima;9433;2006;1143;15 a 19 anos;9433
Indicador  3.7.2;45;2537;14;Roraima;9433;2007;3518;10 a 19 anos;9433
Indicador  3.7.2;45;212;14;Roraima;9433;2007;1142;10 a 14 anos;9433
Indicador  3.7.2;45;2325;14;Roraima;9433;2007;1143;15 a 19 anos;9433
Indicador  3.7.2;45;2555;14;Roraima;9433;2008;3518;10 a 19 anos;9433
Indicador  3.7.2;45;209;14;Roraima;9433;2008;1142;10 a 14 anos;9433
Indicador  3.7.2;45;2346;14;Roraima;9433;2008;1143;15 a 19 anos;9433
Indicador  3.7.2;45;2448;14;Roraima;9433;2009;3518;10 a 19 anos;9433
Indicador  3.7.2;45;199;14;Roraima;9433;2009;1142;10 a 14 anos;9433
Indicador  3.7.2;45;2249;14;Roraima;9433;2009;1143;15 a 19 anos;9433
Indicador  3.7.2;45;2443;14;Roraima;9433;2010;3518;10 a 19 anos;9433
Indicador  3.7.2;45;190;14;Roraima;9433;2010;1142;10 a 14 anos;9433
Indicador  3.7.2;45;2253;14;Roraima;9433;2010;1143;15 a 19 anos;9433
Indicador  3.7.2;45;2487;14;Roraima;9433;2011;3518;10 a 19 anos;9433
Indicador  3.7.2;45;173;14;Roraima;9433;2011;1142;10 a 14 anos;9433
Indicador  3.7.2;45;2314;14;Roraima;9433;2011;1143;15 a 19 anos;9433
Indicador  3.7.2;45;2712;14;Roraima;9433;2012;3518;10 a 19 anos;9433
Indicador  3.7.2;45;234;14;Roraima;9433;2012;1142;10 a 14 anos;9433
Indicador  3.7.2;45;2478;14;Roraima;9433;2012;1143;15 a 19 anos;9433
Indicador  3.7.2;45;2752;14;Roraima;9433;2013;3518;10 a 19 anos;9433
Indicador  3.7.2;45;225;14;Roraima;9433;2013;1142;10 a 14 anos;9433
Indicador  3.7.2;45;2527;14;Roraima;9433;2013;1143;15 a 19 anos;9433
Indicador  3.7.2;45;2867;14;Roraima;9433;2014;3518;10 a 19 anos;9433
Indicador  3.7.2;45;205;14;Roraima;9433;2014;1142;10 a 14 anos;9433
Indicador  3.7.2;45;2662;14;Roraima;9433;2014;1143;15 a 19 anos;9433
Indicador  3.7.2;45;2778;14;Roraima;9433;2015;3518;10 a 19 anos;9433
Indicador  3.7.2;45;227;14;Roraima;9433;2015;1142;10 a 14 anos;9433
Indicador  3.7.2;45;2551;14;Roraima;9433;2015;1143;15 a 19 anos;9433
Indicador  3.7.2;45;2811;14;Roraima;9433;2016;3518;10 a 19 anos;9433
Indicador  3.7.2;45;235;14;Roraima;9433;2016;1142;10 a 14 anos;9433
Indicador  3.7.2;45;2576;14;Roraima;9433;2016;1143;15 a 19 anos;9433
Indicador  3.7.2;45;2696;14;Roraima;9433;2017;3518;10 a 19 anos;9433
Indicador  3.7.2;45;196;14;Roraima;9433;2017;1142;10 a 14 anos;9433
Indicador  3.7.2;45;2500;14;Roraima;9433;2017;1143;15 a 19 anos;9433
Indicador  3.7.2;45;3047;14;Roraima;9433;2018;3518;10 a 19 anos;9433
Indicador  3.7.2;45;229;14;Roraima;9433;2018;1142;10 a 14 anos;9433
Indicador  3.7.2;45;2818;14;Roraima;9433;2018;1143;15 a 19 anos;9433
Indicador  3.7.2;45;3210;14;Roraima;9433;2019;3518;10 a 19 anos;9433
Indicador  3.7.2;45;193;14;Roraima;9433;2019;1142;10 a 14 anos;9433
Indicador  3.7.2;45;3017;14;Roraima;9433;2019;1143;15 a 19 anos;9433
Indicador  3.7.2;45;2829;14;Roraima;9433;2020;3518;10 a 19 anos;9433
Indicador  3.7.2;45;189;14;Roraima;9433;2020;1142;10 a 14 anos;9433
Indicador  3.7.2;45;2640;14;Roraima;9433;2020;1143;15 a 19 anos;9433
Indicador  3.7.2;45;2936;14;Roraima;9433;2021;3518;10 a 19 anos;9433
Indicador  3.7.2;45;207;14;Roraima;9433;2021;1142;10 a 14 anos;9433
Indicador  3.7.2;45;2729;14;Roraima;9433;2021;1143;15 a 19 anos;9433
Indicador  3.7.2;45;2638;14;Roraima;9433;2022;3518;10 a 19 anos;9433
Indicador  3.7.2;45;177;14;Roraima;9433;2022;1142;10 a 14 anos;9433
Indicador  3.7.2;45;2461;14;Roraima;9433;2022;1143;15 a 19 anos;9433
Indicador  3.7.2;45;39552;15;Pará;9433;2000;3518;10 a 19 anos;9433
Indicador  3.7.2;45;1822;15;Pará;9433;2000;1142;10 a 14 anos;9433
Indicador  3.7.2;45;37730;15;Pará;9433;2000;1143;15 a 19 anos;9433
Indicador  3.7.2;45;42251;15;Pará;9433;2001;3518;10 a 19 anos;9433
Indicador  3.7.2;45;1871;15;Pará;9433;2001;1142;10 a 14 anos;9433
Indicador  3.7.2;45;40380;15;Pará;9433;2001;1143;15 a 19 anos;9433
Indicador  3.7.2;45;41478;15;Pará;9433;2002;3518;10 a 19 anos;9433
Indicador  3.7.2;45;1867;15;Pará;9433;2002;1142;10 a 14 anos;9433
Indicador  3.7.2;45;39611;15;Pará;9433;2002;1143;15 a 19 anos;9433
Indicador  3.7.2;45;43269;15;Pará;9433;2003;3518;10 a 19 anos;9433
Indicador  3.7.2;45;2059;15;Pará;9433;2003;1142;10 a 14 anos;9433
Indicador  3.7.2;45;41210;15;Pará;9433;2003;1143;15 a 19 anos;9433
Indicador  3.7.2;45;42483;15;Pará;9433;2004;3518;10 a 19 anos;9433
Indicador  3.7.2;45;2069;15;Pará;9433;2004;1142;10 a 14 anos;9433
Indicador  3.7.2;45;40414;15;Pará;9433;2004;1143;15 a 19 anos;9433
Indicador  3.7.2;45;43453;15;Pará;9433;2005;3518;10 a 19 anos;9433
Indicador  3.7.2;45;2234;15;Pará;9433;2005;1142;10 a 14 anos;9433
Indicador  3.7.2;45;41219;15;Pará;9433;2005;1143;15 a 19 anos;9433
Indicador  3.7.2;45;43885;15;Pará;9433;2006;3518;10 a 19 anos;9433
Indicador  3.7.2;45;2336;15;Pará;9433;2006;1142;10 a 14 anos;9433
Indicador  3.7.2;45;41549;15;Pará;9433;2006;1143;15 a 19 anos;9433
Indicador  3.7.2;45;43418;15;Pará;9433;2007;3518;10 a 19 anos;9433
Indicador  3.7.2;45;2468;15;Pará;9433;2007;1142;10 a 14 anos;9433
Indicador  3.7.2;45;40950;15;Pará;9433;2007;1143;15 a 19 anos;9433
Indicador  3.7.2;45;42752;15;Pará;9433;2008;3518;10 a 19 anos;9433
Indicador  3.7.2;45;2387;15;Pará;9433;2008;1142;10 a 14 anos;9433
Indicador  3.7.2;45;40365;15;Pará;9433;2008;1143;15 a 19 anos;9433
Indicador  3.7.2;45;40096;15;Pará;9433;2009;3518;10 a 19 anos;9433
Indicador  3.7.2;45;2249;15;Pará;9433;2009;1142;10 a 14 anos;9433
Indicador  3.7.2;45;37847;15;Pará;9433;2009;1143;15 a 19 anos;9433
Indicador  3.7.2;45;38581;15;Pará;9433;2010;3518;10 a 19 anos;9433
Indicador  3.7.2;45;2289;15;Pará;9433;2010;1142;10 a 14 anos;9433
Indicador  3.7.2;45;36292;15;Pará;9433;2010;1143;15 a 19 anos;9433
Indicador  3.7.2;45;39043;15;Pará;9433;2011;3518;10 a 19 anos;9433
Indicador  3.7.2;45;2294;15;Pará;9433;2011;1142;10 a 14 anos;9433
Indicador  3.7.2;45;36749;15;Pará;9433;2011;1143;15 a 19 anos;9433
Indicador  3.7.2;45;37990;15;Pará;9433;2012;3518;10 a 19 anos;9433
Indicador  3.7.2;45;2355;15;Pará;9433;2012;1142;10 a 14 anos;9433
Indicador  3.7.2;45;35635;15;Pará;9433;2012;1143;15 a 19 anos;9433
Indicador  3.7.2;45;38160;15;Pará;9433;2013;3518;10 a 19 anos;9433
Indicador  3.7.2;45;2342;15;Pará;9433;2013;1142;10 a 14 anos;9433
Indicador  3.7.2;45;35818;15;Pará;9433;2013;1143;15 a 19 anos;9433
Indicador  3.7.2;45;39138;15;Pará;9433;2014;3518;10 a 19 anos;9433
Indicador  3.7.2;45;2315;15;Pará;9433;2014;1142;10 a 14 anos;9433
Indicador  3.7.2;45;36823;15;Pará;9433;2014;1143;15 a 19 anos;9433
Indicador  3.7.2;45;38119;15;Pará;9433;2015;3518;10 a 19 anos;9433
Indicador  3.7.2;45;2262;15;Pará;9433;2015;1142;10 a 14 anos;9433
Indicador  3.7.2;45;35857;15;Pará;9433;2015;1143;15 a 19 anos;9433
Indicador  3.7.2;45;35432;15;Pará;9433;2016;3518;10 a 19 anos;9433
Indicador  3.7.2;45;2178;15;Pará;9433;2016;1142;10 a 14 anos;9433
Indicador  3.7.2;45;33254;15;Pará;9433;2016;1143;15 a 19 anos;9433
Indicador  3.7.2;45;33816;15;Pará;9433;2017;3518;10 a 19 anos;9433
Indicador  3.7.2;45;1867;15;Pará;9433;2017;1142;10 a 14 anos;9433
Indicador  3.7.2;45;31949;15;Pará;9433;2017;1143;15 a 19 anos;9433
Indicador  3.7.2;45;33325;15;Pará;9433;2018;3518;10 a 19 anos;9433
Indicador  3.7.2;45;1887;15;Pará;9433;2018;1142;10 a 14 anos;9433
Indicador  3.7.2;45;31438;15;Pará;9433;2018;1143;15 a 19 anos;9433
Indicador  3.7.2;45;31320;15;Pará;9433;2019;3518;10 a 19 anos;9433
Indicador  3.7.2;45;1816;15;Pará;9433;2019;1142;10 a 14 anos;9433
Indicador  3.7.2;45;29504;15;Pará;9433;2019;1143;15 a 19 anos;9433
Indicador  3.7.2;45;29258;15;Pará;9433;2020;3518;10 a 19 anos;9433
Indicador  3.7.2;45;1670;15;Pará;9433;2020;1142;10 a 14 anos;9433
Indicador  3.7.2;45;27588;15;Pará;9433;2020;1143;15 a 19 anos;9433
Indicador  3.7.2;45;29960;15;Pará;9433;2021;3518;10 a 19 anos;9433
Indicador  3.7.2;45;1783;15;Pará;9433;2021;1142;10 a 14 anos;9433
Indicador  3.7.2;45;28177;15;Pará;9433;2021;1143;15 a 19 anos;9433
Indicador  3.7.2;45;26029;15;Pará;9433;2022;3518;10 a 19 anos;9433
Indicador  3.7.2;45;1475;15;Pará;9433;2022;1142;10 a 14 anos;9433
Indicador  3.7.2;45;24554;15;Pará;9433;2022;1143;15 a 19 anos;9433
Indicador  3.7.2;45;3980;16;Amapá;9433;2000;3518;10 a 19 anos;9433
Indicador  3.7.2;45;196;16;Amapá;9433;2000;1142;10 a 14 anos;9433
Indicador  3.7.2;45;3784;16;Amapá;9433;2000;1143;15 a 19 anos;9433
Indicador  3.7.2;45;4096;16;Amapá;9433;2001;3518;10 a 19 anos;9433
Indicador  3.7.2;45;225;16;Amapá;9433;2001;1142;10 a 14 anos;9433
Indicador  3.7.2;45;3871;16;Amapá;9433;2001;1143;15 a 19 anos;9433
Indicador  3.7.2;45;3784;16;Amapá;9433;2002;3518;10 a 19 anos;9433
Indicador  3.7.2;45;173;16;Amapá;9433;2002;1142;10 a 14 anos;9433
Indicador  3.7.2;45;3611;16;Amapá;9433;2002;1143;15 a 19 anos;9433
Indicador  3.7.2;45;4023;16;Amapá;9433;2003;3518;10 a 19 anos;9433
Indicador  3.7.2;45;194;16;Amapá;9433;2003;1142;10 a 14 anos;9433
Indicador  3.7.2;45;3829;16;Amapá;9433;2003;1143;15 a 19 anos;9433
Indicador  3.7.2;45;3897;16;Amapá;9433;2004;3518;10 a 19 anos;9433
Indicador  3.7.2;45;220;16;Amapá;9433;2004;1142;10 a 14 anos;9433
Indicador  3.7.2;45;3677;16;Amapá;9433;2004;1143;15 a 19 anos;9433
Indicador  3.7.2;45;3901;16;Amapá;9433;2005;3518;10 a 19 anos;9433
Indicador  3.7.2;45;222;16;Amapá;9433;2005;1142;10 a 14 anos;9433
Indicador  3.7.2;45;3679;16;Amapá;9433;2005;1143;15 a 19 anos;9433
Indicador  3.7.2;45;4013;16;Amapá;9433;2006;3518;10 a 19 anos;9433
Indicador  3.7.2;45;191;16;Amapá;9433;2006;1142;10 a 14 anos;9433
Indicador  3.7.2;45;3822;16;Amapá;9433;2006;1143;15 a 19 anos;9433
Indicador  3.7.2;45;3849;16;Amapá;9433;2007;3518;10 a 19 anos;9433
Indicador  3.7.2;45;231;16;Amapá;9433;2007;1142;10 a 14 anos;9433
Indicador  3.7.2;45;3618;16;Amapá;9433;2007;1143;15 a 19 anos;9433
Indicador  3.7.2;45;3953;16;Amapá;9433;2008;3518;10 a 19 anos;9433
Indicador  3.7.2;45;244;16;Amapá;9433;2008;1142;10 a 14 anos;9433
Indicador  3.7.2;45;3709;16;Amapá;9433;2008;1143;15 a 19 anos;9433
Indicador  3.7.2;45;3697;16;Amapá;9433;2009;3518;10 a 19 anos;9433
Indicador  3.7.2;45;228;16;Amapá;9433;2009;1142;10 a 14 anos;9433
Indicador  3.7.2;45;3469;16;Amapá;9433;2009;1143;15 a 19 anos;9433
Indicador  3.7.2;45;3839;16;Amapá;9433;2010;3518;10 a 19 anos;9433
Indicador  3.7.2;45;235;16;Amapá;9433;2010;1142;10 a 14 anos;9433
Indicador  3.7.2;45;3604;16;Amapá;9433;2010;1143;15 a 19 anos;9433
Indicador  3.7.2;45;3904;16;Amapá;9433;2011;3518;10 a 19 anos;9433
Indicador  3.7.2;45;258;16;Amapá;9433;2011;1142;10 a 14 anos;9433
Indicador  3.7.2;45;3646;16;Amapá;9433;2011;1143;15 a 19 anos;9433
Indicador  3.7.2;45;3894;16;Amapá;9433;2012;3518;10 a 19 anos;9433
Indicador  3.7.2;45;231;16;Amapá;9433;2012;1142;10 a 14 anos;9433
Indicador  3.7.2;45;3663;16;Amapá;9433;2012;1143;15 a 19 anos;9433
Indicador  3.7.2;45;4061;16;Amapá;9433;2013;3518;10 a 19 anos;9433
Indicador  3.7.2;45;267;16;Amapá;9433;2013;1142;10 a 14 anos;9433
Indicador  3.7.2;45;3794;16;Amapá;9433;2013;1143;15 a 19 anos;9433
Indicador  3.7.2;45;4262;16;Amapá;9433;2014;3518;10 a 19 anos;9433
Indicador  3.7.2;45;278;16;Amapá;9433;2014;1142;10 a 14 anos;9433
Indicador  3.7.2;45;3984;16;Amapá;9433;2014;1143;15 a 19 anos;9433
Indicador  3.7.2;45;4013;16;Amapá;9433;2015;3518;10 a 19 anos;9433
Indicador  3.7.2;45;247;16;Amapá;9433;2015;1142;10 a 14 anos;9433
Indicador  3.7.2;45;3766;16;Amapá;9433;2015;1143;15 a 19 anos;9433
Indicador  3.7.2;45;3834;16;Amapá;9433;2016;3518;10 a 19 anos;9433
Indicador  3.7.2;45;211;16;Amapá;9433;2016;1142;10 a 14 anos;9433
Indicador  3.7.2;45;3623;16;Amapá;9433;2016;1143;15 a 19 anos;9433
Indicador  3.7.2;45;3587;16;Amapá;9433;2017;3518;10 a 19 anos;9433
Indicador  3.7.2;45;215;16;Amapá;9433;2017;1142;10 a 14 anos;9433
Indicador  3.7.2;45;3372;16;Amapá;9433;2017;1143;15 a 19 anos;9433
Indicador  3.7.2;45;3641;16;Amapá;9433;2018;3518;10 a 19 anos;9433
Indicador  3.7.2;45;195;16;Amapá;9433;2018;1142;10 a 14 anos;9433
Indicador  3.7.2;45;3446;16;Amapá;9433;2018;1143;15 a 19 anos;9433
Indicador  3.7.2;45;3259;16;Amapá;9433;2019;3518;10 a 19 anos;9433
Indicador  3.7.2;45;173;16;Amapá;9433;2019;1142;10 a 14 anos;9433
Indicador  3.7.2;45;3086;16;Amapá;9433;2019;1143;15 a 19 anos;9433
Indicador  3.7.2;45;3054;16;Amapá;9433;2020;3518;10 a 19 anos;9433
Indicador  3.7.2;45;188;16;Amapá;9433;2020;1142;10 a 14 anos;9433
Indicador  3.7.2;45;2866;16;Amapá;9433;2020;1143;15 a 19 anos;9433
Indicador  3.7.2;45;3090;16;Amapá;9433;2021;3518;10 a 19 anos;9433
Indicador  3.7.2;45;181;16;Amapá;9433;2021;1142;10 a 14 anos;9433
Indicador  3.7.2;45;2909;16;Amapá;9433;2021;1143;15 a 19 anos;9433
Indicador  3.7.2;45;2537;16;Amapá;9433;2022;3518;10 a 19 anos;9433
Indicador  3.7.2;45;156;16;Amapá;9433;2022;1142;10 a 14 anos;9433
Indicador  3.7.2;45;2381;16;Amapá;9433;2022;1143;15 a 19 anos;9433
Indicador  3.7.2;45;8374;17;Tocantins;9433;2000;3518;10 a 19 anos;9433
Indicador  3.7.2;45;422;17;Tocantins;9433;2000;1142;10 a 14 anos;9433
Indicador  3.7.2;45;7952;17;Tocantins;9433;2000;1143;15 a 19 anos;9433
Indicador  3.7.2;45;8499;17;Tocantins;9433;2001;3518;10 a 19 anos;9433
Indicador  3.7.2;45;410;17;Tocantins;9433;2001;1142;10 a 14 anos;9433
Indicador  3.7.2;45;8089;17;Tocantins;9433;2001;1143;15 a 19 anos;9433
Indicador  3.7.2;45;8124;17;Tocantins;9433;2002;3518;10 a 19 anos;9433
Indicador  3.7.2;45;417;17;Tocantins;9433;2002;1142;10 a 14 anos;9433
Indicador  3.7.2;45;7707;17;Tocantins;9433;2002;1143;15 a 19 anos;9433
Indicador  3.7.2;45;7925;17;Tocantins;9433;2003;3518;10 a 19 anos;9433
Indicador  3.7.2;45;395;17;Tocantins;9433;2003;1142;10 a 14 anos;9433
Indicador  3.7.2;45;7530;17;Tocantins;9433;2003;1143;15 a 19 anos;9433
Indicador  3.7.2;45;7617;17;Tocantins;9433;2004;3518;10 a 19 anos;9433
Indicador  3.7.2;45;401;17;Tocantins;9433;2004;1142;10 a 14 anos;9433
Indicador  3.7.2;45;7216;17;Tocantins;9433;2004;1143;15 a 19 anos;9433
Indicador  3.7.2;45;7637;17;Tocantins;9433;2005;3518;10 a 19 anos;9433
Indicador  3.7.2;45;400;17;Tocantins;9433;2005;1142;10 a 14 anos;9433
Indicador  3.7.2;45;7237;17;Tocantins;9433;2005;1143;15 a 19 anos;9433
Indicador  3.7.2;45;7394;17;Tocantins;9433;2006;3518;10 a 19 anos;9433
Indicador  3.7.2;45;398;17;Tocantins;9433;2006;1142;10 a 14 anos;9433
Indicador  3.7.2;45;6996;17;Tocantins;9433;2006;1143;15 a 19 anos;9433
Indicador  3.7.2;45;6914;17;Tocantins;9433;2007;3518;10 a 19 anos;9433
Indicador  3.7.2;45;418;17;Tocantins;9433;2007;1142;10 a 14 anos;9433
Indicador  3.7.2;45;6496;17;Tocantins;9433;2007;1143;15 a 19 anos;9433
Indicador  3.7.2;45;6925;17;Tocantins;9433;2008;3518;10 a 19 anos;9433
Indicador  3.7.2;45;400;17;Tocantins;9433;2008;1142;10 a 14 anos;9433
Indicador  3.7.2;45;6525;17;Tocantins;9433;2008;1143;15 a 19 anos;9433
Indicador  3.7.2;45;6487;17;Tocantins;9433;2009;3518;10 a 19 anos;9433
Indicador  3.7.2;45;407;17;Tocantins;9433;2009;1142;10 a 14 anos;9433
Indicador  3.7.2;45;6080;17;Tocantins;9433;2009;1143;15 a 19 anos;9433
Indicador  3.7.2;45;6233;17;Tocantins;9433;2010;3518;10 a 19 anos;9433
Indicador  3.7.2;45;379;17;Tocantins;9433;2010;1142;10 a 14 anos;9433
Indicador  3.7.2;45;5854;17;Tocantins;9433;2010;1143;15 a 19 anos;9433
Indicador  3.7.2;45;6127;17;Tocantins;9433;2011;3518;10 a 19 anos;9433
Indicador  3.7.2;45;347;17;Tocantins;9433;2011;1142;10 a 14 anos;9433
Indicador  3.7.2;45;5780;17;Tocantins;9433;2011;1143;15 a 19 anos;9433
Indicador  3.7.2;45;5886;17;Tocantins;9433;2012;3518;10 a 19 anos;9433
Indicador  3.7.2;45;361;17;Tocantins;9433;2012;1142;10 a 14 anos;9433
Indicador  3.7.2;45;5525;17;Tocantins;9433;2012;1143;15 a 19 anos;9433
Indicador  3.7.2;45;5810;17;Tocantins;9433;2013;3518;10 a 19 anos;9433
Indicador  3.7.2;45;313;17;Tocantins;9433;2013;1142;10 a 14 anos;9433
Indicador  3.7.2;45;5497;17;Tocantins;9433;2013;1143;15 a 19 anos;9433
Indicador  3.7.2;45;5906;17;Tocantins;9433;2014;3518;10 a 19 anos;9433
Indicador  3.7.2;45;357;17;Tocantins;9433;2014;1142;10 a 14 anos;9433
Indicador  3.7.2;45;5549;17;Tocantins;9433;2014;1143;15 a 19 anos;9433
Indicador  3.7.2;45;5792;17;Tocantins;9433;2015;3518;10 a 19 anos;9433
Indicador  3.7.2;45;315;17;Tocantins;9433;2015;1142;10 a 14 anos;9433
Indicador  3.7.2;45;5477;17;Tocantins;9433;2015;1143;15 a 19 anos;9433
Indicador  3.7.2;45;5236;17;Tocantins;9433;2016;3518;10 a 19 anos;9433
Indicador  3.7.2;45;300;17;Tocantins;9433;2016;1142;10 a 14 anos;9433
Indicador  3.7.2;45;4936;17;Tocantins;9433;2016;1143;15 a 19 anos;9433
Indicador  3.7.2;45;5238;17;Tocantins;9433;2017;3518;10 a 19 anos;9433
Indicador  3.7.2;45;287;17;Tocantins;9433;2017;1142;10 a 14 anos;9433
Indicador  3.7.2;45;4951;17;Tocantins;9433;2017;1143;15 a 19 anos;9433
Indicador  3.7.2;45;4983;17;Tocantins;9433;2018;3518;10 a 19 anos;9433
Indicador  3.7.2;45;292;17;Tocantins;9433;2018;1142;10 a 14 anos;9433
Indicador  3.7.2;45;4691;17;Tocantins;9433;2018;1143;15 a 19 anos;9433
Indicador  3.7.2;45;4594;17;Tocantins;9433;2019;3518;10 a 19 anos;9433
Indicador  3.7.2;45;241;17;Tocantins;9433;2019;1142;10 a 14 anos;9433
Indicador  3.7.2;45;4353;17;Tocantins;9433;2019;1143;15 a 19 anos;9433
Indicador  3.7.2;45;4363;17;Tocantins;9433;2020;3518;10 a 19 anos;9433
Indicador  3.7.2;45;255;17;Tocantins;9433;2020;1142;10 a 14 anos;9433
Indicador  3.7.2;45;4108;17;Tocantins;9433;2020;1143;15 a 19 anos;9433
Indicador  3.7.2;45;4307;17;Tocantins;9433;2021;3518;10 a 19 anos;9433
Indicador  3.7.2;45;262;17;Tocantins;9433;2021;1142;10 a 14 anos;9433
Indicador  3.7.2;45;4045;17;Tocantins;9433;2021;1143;15 a 19 anos;9433
Indicador  3.7.2;45;3771;17;Tocantins;9433;2022;3518;10 a 19 anos;9433
Indicador  3.7.2;45;228;17;Tocantins;9433;2022;1142;10 a 14 anos;9433
Indicador  3.7.2;45;3543;17;Tocantins;9433;2022;1143;15 a 19 anos;9433
Indicador  3.7.2;45;31899;21;Maranhão;9433;2000;3518;10 a 19 anos;9433
Indicador  3.7.2;45;1441;21;Maranhão;9433;2000;1142;10 a 14 anos;9433
Indicador  3.7.2;45;30458;21;Maranhão;9433;2000;1143;15 a 19 anos;9433
Indicador  3.7.2;45;34619;21;Maranhão;9433;2001;3518;10 a 19 anos;9433
Indicador  3.7.2;45;1450;21;Maranhão;9433;2001;1142;10 a 14 anos;9433
Indicador  3.7.2;45;33169;21;Maranhão;9433;2001;1143;15 a 19 anos;9433
Indicador  3.7.2;45;37016;21;Maranhão;9433;2002;3518;10 a 19 anos;9433
Indicador  3.7.2;45;1731;21;Maranhão;9433;2002;1142;10 a 14 anos;9433
Indicador  3.7.2;45;35285;21;Maranhão;9433;2002;1143;15 a 19 anos;9433
Indicador  3.7.2;45;39771;21;Maranhão;9433;2003;3518;10 a 19 anos;9433
Indicador  3.7.2;45;1785;21;Maranhão;9433;2003;1142;10 a 14 anos;9433
Indicador  3.7.2;45;37986;21;Maranhão;9433;2003;1143;15 a 19 anos;9433
Indicador  3.7.2;45;38684;21;Maranhão;9433;2004;3518;10 a 19 anos;9433
Indicador  3.7.2;45;1800;21;Maranhão;9433;2004;1142;10 a 14 anos;9433
Indicador  3.7.2;45;36884;21;Maranhão;9433;2004;1143;15 a 19 anos;9433
Indicador  3.7.2;45;39337;21;Maranhão;9433;2005;3518;10 a 19 anos;9433
Indicador  3.7.2;45;1969;21;Maranhão;9433;2005;1142;10 a 14 anos;9433
Indicador  3.7.2;45;37368;21;Maranhão;9433;2005;1143;15 a 19 anos;9433
Indicador  3.7.2;45;37618;21;Maranhão;9433;2006;3518;10 a 19 anos;9433
Indicador  3.7.2;45;1998;21;Maranhão;9433;2006;1142;10 a 14 anos;9433
Indicador  3.7.2;45;35620;21;Maranhão;9433;2006;1143;15 a 19 anos;9433
Indicador  3.7.2;45;36853;21;Maranhão;9433;2007;3518;10 a 19 anos;9433
Indicador  3.7.2;45;2046;21;Maranhão;9433;2007;1142;10 a 14 anos;9433
Indicador  3.7.2;45;34807;21;Maranhão;9433;2007;1143;15 a 19 anos;9433
Indicador  3.7.2;45;35998;21;Maranhão;9433;2008;3518;10 a 19 anos;9433
Indicador  3.7.2;45;1934;21;Maranhão;9433;2008;1142;10 a 14 anos;9433
Indicador  3.7.2;45;34064;21;Maranhão;9433;2008;1143;15 a 19 anos;9433
Indicador  3.7.2;45;33615;21;Maranhão;9433;2009;3518;10 a 19 anos;9433
Indicador  3.7.2;45;1925;21;Maranhão;9433;2009;1142;10 a 14 anos;9433
Indicador  3.7.2;45;31690;21;Maranhão;9433;2009;1143;15 a 19 anos;9433
Indicador  3.7.2;45;31515;21;Maranhão;9433;2010;3518;10 a 19 anos;9433
Indicador  3.7.2;45;1832;21;Maranhão;9433;2010;1142;10 a 14 anos;9433
Indicador  3.7.2;45;29683;21;Maranhão;9433;2010;1143;15 a 19 anos;9433
Indicador  3.7.2;45;31444;21;Maranhão;9433;2011;3518;10 a 19 anos;9433
Indicador  3.7.2;45;1969;21;Maranhão;9433;2011;1142;10 a 14 anos;9433
Indicador  3.7.2;45;29475;21;Maranhão;9433;2011;1143;15 a 19 anos;9433
Indicador  3.7.2;45;29918;21;Maranhão;9433;2012;3518;10 a 19 anos;9433
Indicador  3.7.2;45;1817;21;Maranhão;9433;2012;1142;10 a 14 anos;9433
Indicador  3.7.2;45;28101;21;Maranhão;9433;2012;1143;15 a 19 anos;9433
Indicador  3.7.2;45;29663;21;Maranhão;9433;2013;3518;10 a 19 anos;9433
Indicador  3.7.2;45;1814;21;Maranhão;9433;2013;1142;10 a 14 anos;9433
Indicador  3.7.2;45;27849;21;Maranhão;9433;2013;1143;15 a 19 anos;9433
Indicador  3.7.2;45;29961;21;Maranhão;9433;2014;3518;10 a 19 anos;9433
Indicador  3.7.2;45;1784;21;Maranhão;9433;2014;1142;10 a 14 anos;9433
Indicador  3.7.2;45;28177;21;Maranhão;9433;2014;1143;15 a 19 anos;9433
Indicador  3.7.2;45;30056;21;Maranhão;9433;2015;3518;10 a 19 anos;9433
Indicador  3.7.2;45;1700;21;Maranhão;9433;2015;1142;10 a 14 anos;9433
Indicador  3.7.2;45;28356;21;Maranhão;9433;2015;1143;15 a 19 anos;9433
Indicador  3.7.2;45;28157;21;Maranhão;9433;2016;3518;10 a 19 anos;9433
Indicador  3.7.2;45;1634;21;Maranhão;9433;2016;1142;10 a 14 anos;9433
Indicador  3.7.2;45;26523;21;Maranhão;9433;2016;1143;15 a 19 anos;9433
Indicador  3.7.2;45;27713;21;Maranhão;9433;2017;3518;10 a 19 anos;9433
Indicador  3.7.2;45;1521;21;Maranhão;9433;2017;1142;10 a 14 anos;9433
Indicador  3.7.2;45;26192;21;Maranhão;9433;2017;1143;15 a 19 anos;9433
Indicador  3.7.2;45;27682;21;Maranhão;9433;2018;3518;10 a 19 anos;9433
Indicador  3.7.2;45;1546;21;Maranhão;9433;2018;1142;10 a 14 anos;9433
Indicador  3.7.2;45;26136;21;Maranhão;9433;2018;1143;15 a 19 anos;9433
Indicador  3.7.2;45;25744;21;Maranhão;9433;2019;3518;10 a 19 anos;9433
Indicador  3.7.2;45;1405;21;Maranhão;9433;2019;1142;10 a 14 anos;9433
Indicador  3.7.2;45;24339;21;Maranhão;9433;2019;1143;15 a 19 anos;9433
Indicador  3.7.2;45;23132;21;Maranhão;9433;2020;3518;10 a 19 anos;9433
Indicador  3.7.2;45;1287;21;Maranhão;9433;2020;1142;10 a 14 anos;9433
Indicador  3.7.2;45;21845;21;Maranhão;9433;2020;1143;15 a 19 anos;9433
Indicador  3.7.2;45;23611;21;Maranhão;9433;2021;3518;10 a 19 anos;9433
Indicador  3.7.2;45;1429;21;Maranhão;9433;2021;1142;10 a 14 anos;9433
Indicador  3.7.2;45;22182;21;Maranhão;9433;2021;1143;15 a 19 anos;9433
Indicador  3.7.2;45;19741;21;Maranhão;9433;2022;3518;10 a 19 anos;9433
Indicador  3.7.2;45;1134;21;Maranhão;9433;2022;1142;10 a 14 anos;9433
Indicador  3.7.2;45;18607;21;Maranhão;9433;2022;1143;15 a 19 anos;9433
Indicador  3.7.2;45;16562;22;Piauí;9433;2000;3518;10 a 19 anos;9433
Indicador  3.7.2;45;665;22;Piauí;9433;2000;1142;10 a 14 anos;9433
Indicador  3.7.2;45;15897;22;Piauí;9433;2000;1143;15 a 19 anos;9433
Indicador  3.7.2;45;16473;22;Piauí;9433;2001;3518;10 a 19 anos;9433
Indicador  3.7.2;45;708;22;Piauí;9433;2001;1142;10 a 14 anos;9433
Indicador  3.7.2;45;15765;22;Piauí;9433;2001;1143;15 a 19 anos;9433
Indicador  3.7.2;45;15817;22;Piauí;9433;2002;3518;10 a 19 anos;9433
Indicador  3.7.2;45;634;22;Piauí;9433;2002;1142;10 a 14 anos;9433
Indicador  3.7.2;45;15183;22;Piauí;9433;2002;1143;15 a 19 anos;9433
Indicador  3.7.2;45;15281;22;Piauí;9433;2003;3518;10 a 19 anos;9433
Indicador  3.7.2;45;640;22;Piauí;9433;2003;1142;10 a 14 anos;9433
Indicador  3.7.2;45;14641;22;Piauí;9433;2003;1143;15 a 19 anos;9433
Indicador  3.7.2;45;15054;22;Piauí;9433;2004;3518;10 a 19 anos;9433
Indicador  3.7.2;45;678;22;Piauí;9433;2004;1142;10 a 14 anos;9433
Indicador  3.7.2;45;14376;22;Piauí;9433;2004;1143;15 a 19 anos;9433
Indicador  3.7.2;45;15304;22;Piauí;9433;2005;3518;10 a 19 anos;9433
Indicador  3.7.2;45;649;22;Piauí;9433;2005;1142;10 a 14 anos;9433
Indicador  3.7.2;45;14655;22;Piauí;9433;2005;1143;15 a 19 anos;9433
Indicador  3.7.2;45;14374;22;Piauí;9433;2006;3518;10 a 19 anos;9433
Indicador  3.7.2;45;614;22;Piauí;9433;2006;1142;10 a 14 anos;9433
Indicador  3.7.2;45;13760;22;Piauí;9433;2006;1143;15 a 19 anos;9433
Indicador  3.7.2;45;13807;22;Piauí;9433;2007;3518;10 a 19 anos;9433
Indicador  3.7.2;45;618;22;Piauí;9433;2007;1142;10 a 14 anos;9433
Indicador  3.7.2;45;13189;22;Piauí;9433;2007;1143;15 a 19 anos;9433
Indicador  3.7.2;45;12678;22;Piauí;9433;2008;3518;10 a 19 anos;9433
Indicador  3.7.2;45;637;22;Piauí;9433;2008;1142;10 a 14 anos;9433
Indicador  3.7.2;45;12041;22;Piauí;9433;2008;1143;15 a 19 anos;9433
Indicador  3.7.2;45;11682;22;Piauí;9433;2009;3518;10 a 19 anos;9433
Indicador  3.7.2;45;603;22;Piauí;9433;2009;1142;10 a 14 anos;9433
Indicador  3.7.2;45;11079;22;Piauí;9433;2009;1143;15 a 19 anos;9433
Indicador  3.7.2;45;11108;22;Piauí;9433;2010;3518;10 a 19 anos;9433
Indicador  3.7.2;45;579;22;Piauí;9433;2010;1142;10 a 14 anos;9433
Indicador  3.7.2;45;10529;22;Piauí;9433;2010;1143;15 a 19 anos;9433
Indicador  3.7.2;45;10819;22;Piauí;9433;2011;3518;10 a 19 anos;9433
Indicador  3.7.2;45;600;22;Piauí;9433;2011;1142;10 a 14 anos;9433
Indicador  3.7.2;45;10219;22;Piauí;9433;2011;1143;15 a 19 anos;9433
Indicador  3.7.2;45;10483;22;Piauí;9433;2012;3518;10 a 19 anos;9433
Indicador  3.7.2;45;547;22;Piauí;9433;2012;1142;10 a 14 anos;9433
Indicador  3.7.2;45;9936;22;Piauí;9433;2012;1143;15 a 19 anos;9433
Indicador  3.7.2;45;10078;22;Piauí;9433;2013;3518;10 a 19 anos;9433
Indicador  3.7.2;45;548;22;Piauí;9433;2013;1142;10 a 14 anos;9433
Indicador  3.7.2;45;9530;22;Piauí;9433;2013;1143;15 a 19 anos;9433
Indicador  3.7.2;45;10555;22;Piauí;9433;2014;3518;10 a 19 anos;9433
Indicador  3.7.2;45;524;22;Piauí;9433;2014;1142;10 a 14 anos;9433
Indicador  3.7.2;45;10031;22;Piauí;9433;2014;1143;15 a 19 anos;9433
Indicador  3.7.2;45;10747;22;Piauí;9433;2015;3518;10 a 19 anos;9433
Indicador  3.7.2;45;592;22;Piauí;9433;2015;1142;10 a 14 anos;9433
Indicador  3.7.2;45;10155;22;Piauí;9433;2015;1143;15 a 19 anos;9433
Indicador  3.7.2;45;10130;22;Piauí;9433;2016;3518;10 a 19 anos;9433
Indicador  3.7.2;45;576;22;Piauí;9433;2016;1142;10 a 14 anos;9433
Indicador  3.7.2;45;9554;22;Piauí;9433;2016;1143;15 a 19 anos;9433
Indicador  3.7.2;45;9897;22;Piauí;9433;2017;3518;10 a 19 anos;9433
Indicador  3.7.2;45;538;22;Piauí;9433;2017;1142;10 a 14 anos;9433
Indicador  3.7.2;45;9359;22;Piauí;9433;2017;1143;15 a 19 anos;9433
Indicador  3.7.2;45;9538;22;Piauí;9433;2018;3518;10 a 19 anos;9433
Indicador  3.7.2;45;469;22;Piauí;9433;2018;1142;10 a 14 anos;9433
Indicador  3.7.2;45;9069;22;Piauí;9433;2018;1143;15 a 19 anos;9433
Indicador  3.7.2;45;8801;22;Piauí;9433;2019;3518;10 a 19 anos;9433
Indicador  3.7.2;45;417;22;Piauí;9433;2019;1142;10 a 14 anos;9433
Indicador  3.7.2;45;8384;22;Piauí;9433;2019;1143;15 a 19 anos;9433
Indicador  3.7.2;45;7915;22;Piauí;9433;2020;3518;10 a 19 anos;9433
Indicador  3.7.2;45;416;22;Piauí;9433;2020;1142;10 a 14 anos;9433
Indicador  3.7.2;45;7499;22;Piauí;9433;2020;1143;15 a 19 anos;9433
Indicador  3.7.2;45;7909;22;Piauí;9433;2021;3518;10 a 19 anos;9433
Indicador  3.7.2;45;400;22;Piauí;9433;2021;1142;10 a 14 anos;9433
Indicador  3.7.2;45;7509;22;Piauí;9433;2021;1143;15 a 19 anos;9433
Indicador  3.7.2;45;6253;22;Piauí;9433;2022;3518;10 a 19 anos;9433
Indicador  3.7.2;45;285;22;Piauí;9433;2022;1142;10 a 14 anos;9433
Indicador  3.7.2;45;5968;22;Piauí;9433;2022;1143;15 a 19 anos;9433
Indicador  3.7.2;45;33805;23;Ceará;9433;2000;3518;10 a 19 anos;9433
Indicador  3.7.2;45;1520;23;Ceará;9433;2000;1142;10 a 14 anos;9433
Indicador  3.7.2;45;32285;23;Ceará;9433;2000;1143;15 a 19 anos;9433
Indicador  3.7.2;45;34850;23;Ceará;9433;2001;3518;10 a 19 anos;9433
Indicador  3.7.2;45;1502;23;Ceará;9433;2001;1142;10 a 14 anos;9433
Indicador  3.7.2;45;33348;23;Ceará;9433;2001;1143;15 a 19 anos;9433
Indicador  3.7.2;45;33013;23;Ceará;9433;2002;3518;10 a 19 anos;9433
Indicador  3.7.2;45;1382;23;Ceará;9433;2002;1142;10 a 14 anos;9433
Indicador  3.7.2;45;31631;23;Ceará;9433;2002;1143;15 a 19 anos;9433
Indicador  3.7.2;45;32479;23;Ceará;9433;2003;3518;10 a 19 anos;9433
Indicador  3.7.2;45;1436;23;Ceará;9433;2003;1142;10 a 14 anos;9433
Indicador  3.7.2;45;31043;23;Ceará;9433;2003;1143;15 a 19 anos;9433
Indicador  3.7.2;45;32191;23;Ceará;9433;2004;3518;10 a 19 anos;9433
Indicador  3.7.2;45;1359;23;Ceará;9433;2004;1142;10 a 14 anos;9433
Indicador  3.7.2;45;30832;23;Ceará;9433;2004;1143;15 a 19 anos;9433
Indicador  3.7.2;45;32174;23;Ceará;9433;2005;3518;10 a 19 anos;9433
Indicador  3.7.2;45;1266;23;Ceará;9433;2005;1142;10 a 14 anos;9433
Indicador  3.7.2;45;30908;23;Ceará;9433;2005;1143;15 a 19 anos;9433
Indicador  3.7.2;45;30569;23;Ceará;9433;2006;3518;10 a 19 anos;9433
Indicador  3.7.2;45;1496;23;Ceará;9433;2006;1142;10 a 14 anos;9433
Indicador  3.7.2;45;29073;23;Ceará;9433;2006;1143;15 a 19 anos;9433
Indicador  3.7.2;45;29816;23;Ceará;9433;2007;3518;10 a 19 anos;9433
Indicador  3.7.2;45;1455;23;Ceará;9433;2007;1142;10 a 14 anos;9433
Indicador  3.7.2;45;28361;23;Ceará;9433;2007;1143;15 a 19 anos;9433
Indicador  3.7.2;45;28671;23;Ceará;9433;2008;3518;10 a 19 anos;9433
Indicador  3.7.2;45;1505;23;Ceará;9433;2008;1142;10 a 14 anos;9433
Indicador  3.7.2;45;27166;23;Ceará;9433;2008;1143;15 a 19 anos;9433
Indicador  3.7.2;45;28040;23;Ceará;9433;2009;3518;10 a 19 anos;9433
Indicador  3.7.2;45;1561;23;Ceará;9433;2009;1142;10 a 14 anos;9433
Indicador  3.7.2;45;26479;23;Ceará;9433;2009;1143;15 a 19 anos;9433
Indicador  3.7.2;45;26443;23;Ceará;9433;2010;3518;10 a 19 anos;9433
Indicador  3.7.2;45;1510;23;Ceará;9433;2010;1142;10 a 14 anos;9433
Indicador  3.7.2;45;24933;23;Ceará;9433;2010;1143;15 a 19 anos;9433
Indicador  3.7.2;45;26542;23;Ceará;9433;2011;3518;10 a 19 anos;9433
Indicador  3.7.2;45;1410;23;Ceará;9433;2011;1142;10 a 14 anos;9433
Indicador  3.7.2;45;25132;23;Ceará;9433;2011;1143;15 a 19 anos;9433
Indicador  3.7.2;45;26485;23;Ceará;9433;2012;3518;10 a 19 anos;9433
Indicador  3.7.2;45;1507;23;Ceará;9433;2012;1142;10 a 14 anos;9433
Indicador  3.7.2;45;24978;23;Ceará;9433;2012;1143;15 a 19 anos;9433
Indicador  3.7.2;45;26010;23;Ceará;9433;2013;3518;10 a 19 anos;9433
Indicador  3.7.2;45;1387;23;Ceará;9433;2013;1142;10 a 14 anos;9433
Indicador  3.7.2;45;24623;23;Ceará;9433;2013;1143;15 a 19 anos;9433
Indicador  3.7.2;45;26638;23;Ceará;9433;2014;3518;10 a 19 anos;9433
Indicador  3.7.2;45;1449;23;Ceará;9433;2014;1142;10 a 14 anos;9433
Indicador  3.7.2;45;25189;23;Ceará;9433;2014;1143;15 a 19 anos;9433
Indicador  3.7.2;45;25789;23;Ceará;9433;2015;3518;10 a 19 anos;9433
Indicador  3.7.2;45;1420;23;Ceará;9433;2015;1142;10 a 14 anos;9433
Indicador  3.7.2;45;24369;23;Ceará;9433;2015;1143;15 a 19 anos;9433
Indicador  3.7.2;45;24034;23;Ceará;9433;2016;3518;10 a 19 anos;9433
Indicador  3.7.2;45;1336;23;Ceará;9433;2016;1142;10 a 14 anos;9433
Indicador  3.7.2;45;22698;23;Ceará;9433;2016;1143;15 a 19 anos;9433
Indicador  3.7.2;45;22734;23;Ceará;9433;2017;3518;10 a 19 anos;9433
Indicador  3.7.2;45;1199;23;Ceará;9433;2017;1142;10 a 14 anos;9433
Indicador  3.7.2;45;21535;23;Ceará;9433;2017;1143;15 a 19 anos;9433
Indicador  3.7.2;45;21616;23;Ceará;9433;2018;3518;10 a 19 anos;9433
Indicador  3.7.2;45;1131;23;Ceará;9433;2018;1142;10 a 14 anos;9433
Indicador  3.7.2;45;20485;23;Ceará;9433;2018;1143;15 a 19 anos;9433
Indicador  3.7.2;45;19743;23;Ceará;9433;2019;3518;10 a 19 anos;9433
Indicador  3.7.2;45;1012;23;Ceará;9433;2019;1142;10 a 14 anos;9433
Indicador  3.7.2;45;18731;23;Ceará;9433;2019;1143;15 a 19 anos;9433
Indicador  3.7.2;45;17525;23;Ceará;9433;2020;3518;10 a 19 anos;9433
Indicador  3.7.2;45;979;23;Ceará;9433;2020;1142;10 a 14 anos;9433
Indicador  3.7.2;45;16546;23;Ceará;9433;2020;1143;15 a 19 anos;9433
Indicador  3.7.2;45;16588;23;Ceará;9433;2021;3518;10 a 19 anos;9433
Indicador  3.7.2;45;960;23;Ceará;9433;2021;1142;10 a 14 anos;9433
Indicador  3.7.2;45;15628;23;Ceará;9433;2021;1143;15 a 19 anos;9433
Indicador  3.7.2;45;14190;23;Ceará;9433;2022;3518;10 a 19 anos;9433
Indicador  3.7.2;45;762;23;Ceará;9433;2022;1142;10 a 14 anos;9433
Indicador  3.7.2;45;13428;23;Ceará;9433;2022;1143;15 a 19 anos;9433
Indicador  3.7.2;45;14310;24;Rio Grande do Norte;9433;2000;3518;10 a 19 anos;9433
Indicador  3.7.2;45;668;24;Rio Grande do Norte;9433;2000;1142;10 a 14 anos;9433
Indicador  3.7.2;45;13642;24;Rio Grande do Norte;9433;2000;1143;15 a 19 anos;9433
Indicador  3.7.2;45;13878;24;Rio Grande do Norte;9433;2001;3518;10 a 19 anos;9433
Indicador  3.7.2;45;681;24;Rio Grande do Norte;9433;2001;1142;10 a 14 anos;9433
Indicador  3.7.2;45;13197;24;Rio Grande do Norte;9433;2001;1143;15 a 19 anos;9433
Indicador  3.7.2;45;13204;24;Rio Grande do Norte;9433;2002;3518;10 a 19 anos;9433
Indicador  3.7.2;45;674;24;Rio Grande do Norte;9433;2002;1142;10 a 14 anos;9433
Indicador  3.7.2;45;12530;24;Rio Grande do Norte;9433;2002;1143;15 a 19 anos;9433
Indicador  3.7.2;45;12769;24;Rio Grande do Norte;9433;2003;3518;10 a 19 anos;9433
Indicador  3.7.2;45;595;24;Rio Grande do Norte;9433;2003;1142;10 a 14 anos;9433
Indicador  3.7.2;45;12174;24;Rio Grande do Norte;9433;2003;1143;15 a 19 anos;9433
Indicador  3.7.2;45;12479;24;Rio Grande do Norte;9433;2004;3518;10 a 19 anos;9433
Indicador  3.7.2;45;512;24;Rio Grande do Norte;9433;2004;1142;10 a 14 anos;9433
Indicador  3.7.2;45;11967;24;Rio Grande do Norte;9433;2004;1143;15 a 19 anos;9433
Indicador  3.7.2;45;12801;24;Rio Grande do Norte;9433;2005;3518;10 a 19 anos;9433
Indicador  3.7.2;45;521;24;Rio Grande do Norte;9433;2005;1142;10 a 14 anos;9433
Indicador  3.7.2;45;12280;24;Rio Grande do Norte;9433;2005;1143;15 a 19 anos;9433
Indicador  3.7.2;45;11289;24;Rio Grande do Norte;9433;2006;3518;10 a 19 anos;9433
Indicador  3.7.2;45;521;24;Rio Grande do Norte;9433;2006;1142;10 a 14 anos;9433
Indicador  3.7.2;45;10768;24;Rio Grande do Norte;9433;2006;1143;15 a 19 anos;9433
Indicador  3.7.2;45;10962;24;Rio Grande do Norte;9433;2007;3518;10 a 19 anos;9433
Indicador  3.7.2;45;526;24;Rio Grande do Norte;9433;2007;1142;10 a 14 anos;9433
Indicador  3.7.2;45;10436;24;Rio Grande do Norte;9433;2007;1143;15 a 19 anos;9433
Indicador  3.7.2;45;10965;24;Rio Grande do Norte;9433;2008;3518;10 a 19 anos;9433
Indicador  3.7.2;45;606;24;Rio Grande do Norte;9433;2008;1142;10 a 14 anos;9433
Indicador  3.7.2;45;10359;24;Rio Grande do Norte;9433;2008;1143;15 a 19 anos;9433
Indicador  3.7.2;45;10109;24;Rio Grande do Norte;9433;2009;3518;10 a 19 anos;9433
Indicador  3.7.2;45;565;24;Rio Grande do Norte;9433;2009;1142;10 a 14 anos;9433
Indicador  3.7.2;45;9544;24;Rio Grande do Norte;9433;2009;1143;15 a 19 anos;9433
Indicador  3.7.2;45;9785;24;Rio Grande do Norte;9433;2010;3518;10 a 19 anos;9433
Indicador  3.7.2;45;562;24;Rio Grande do Norte;9433;2010;1142;10 a 14 anos;9433
Indicador  3.7.2;45;9223;24;Rio Grande do Norte;9433;2010;1143;15 a 19 anos;9433
Indicador  3.7.2;45;9899;24;Rio Grande do Norte;9433;2011;3518;10 a 19 anos;9433
Indicador  3.7.2;45;590;24;Rio Grande do Norte;9433;2011;1142;10 a 14 anos;9433
Indicador  3.7.2;45;9309;24;Rio Grande do Norte;9433;2011;1143;15 a 19 anos;9433
Indicador  3.7.2;45;9718;24;Rio Grande do Norte;9433;2012;3518;10 a 19 anos;9433
Indicador  3.7.2;45;562;24;Rio Grande do Norte;9433;2012;1142;10 a 14 anos;9433
Indicador  3.7.2;45;9156;24;Rio Grande do Norte;9433;2012;1143;15 a 19 anos;9433
Indicador  3.7.2;45;9723;24;Rio Grande do Norte;9433;2013;3518;10 a 19 anos;9433
Indicador  3.7.2;45;537;24;Rio Grande do Norte;9433;2013;1142;10 a 14 anos;9433
Indicador  3.7.2;45;9186;24;Rio Grande do Norte;9433;2013;1143;15 a 19 anos;9433
Indicador  3.7.2;45;9592;24;Rio Grande do Norte;9433;2014;3518;10 a 19 anos;9433
Indicador  3.7.2;45;507;24;Rio Grande do Norte;9433;2014;1142;10 a 14 anos;9433
Indicador  3.7.2;45;9085;24;Rio Grande do Norte;9433;2014;1143;15 a 19 anos;9433
Indicador  3.7.2;45;9413;24;Rio Grande do Norte;9433;2015;3518;10 a 19 anos;9433
Indicador  3.7.2;45;573;24;Rio Grande do Norte;9433;2015;1142;10 a 14 anos;9433
Indicador  3.7.2;45;8840;24;Rio Grande do Norte;9433;2015;1143;15 a 19 anos;9433
Indicador  3.7.2;45;8736;24;Rio Grande do Norte;9433;2016;3518;10 a 19 anos;9433
Indicador  3.7.2;45;478;24;Rio Grande do Norte;9433;2016;1142;10 a 14 anos;9433
Indicador  3.7.2;45;8258;24;Rio Grande do Norte;9433;2016;1143;15 a 19 anos;9433
Indicador  3.7.2;45;8235;24;Rio Grande do Norte;9433;2017;3518;10 a 19 anos;9433
Indicador  3.7.2;45;407;24;Rio Grande do Norte;9433;2017;1142;10 a 14 anos;9433
Indicador  3.7.2;45;7828;24;Rio Grande do Norte;9433;2017;1143;15 a 19 anos;9433
Indicador  3.7.2;45;7781;24;Rio Grande do Norte;9433;2018;3518;10 a 19 anos;9433
Indicador  3.7.2;45;428;24;Rio Grande do Norte;9433;2018;1142;10 a 14 anos;9433
Indicador  3.7.2;45;7353;24;Rio Grande do Norte;9433;2018;1143;15 a 19 anos;9433
Indicador  3.7.2;45;6898;24;Rio Grande do Norte;9433;2019;3518;10 a 19 anos;9433
Indicador  3.7.2;45;376;24;Rio Grande do Norte;9433;2019;1142;10 a 14 anos;9433
Indicador  3.7.2;45;6522;24;Rio Grande do Norte;9433;2019;1143;15 a 19 anos;9433
Indicador  3.7.2;45;6213;24;Rio Grande do Norte;9433;2020;3518;10 a 19 anos;9433
Indicador  3.7.2;45;322;24;Rio Grande do Norte;9433;2020;1142;10 a 14 anos;9433
Indicador  3.7.2;45;5891;24;Rio Grande do Norte;9433;2020;1143;15 a 19 anos;9433
Indicador  3.7.2;45;6023;24;Rio Grande do Norte;9433;2021;3518;10 a 19 anos;9433
Indicador  3.7.2;45;316;24;Rio Grande do Norte;9433;2021;1142;10 a 14 anos;9433
Indicador  3.7.2;45;5707;24;Rio Grande do Norte;9433;2021;1143;15 a 19 anos;9433
Indicador  3.7.2;45;4976;24;Rio Grande do Norte;9433;2022;3518;10 a 19 anos;9433
Indicador  3.7.2;45;227;24;Rio Grande do Norte;9433;2022;1142;10 a 14 anos;9433
Indicador  3.7.2;45;4749;24;Rio Grande do Norte;9433;2022;1143;15 a 19 anos;9433
Indicador  3.7.2;45;14504;25;Paraíba;9433;2000;3518;10 a 19 anos;9433
Indicador  3.7.2;45;622;25;Paraíba;9433;2000;1142;10 a 14 anos;9433
Indicador  3.7.2;45;13882;25;Paraíba;9433;2000;1143;15 a 19 anos;9433
Indicador  3.7.2;45;15680;25;Paraíba;9433;2001;3518;10 a 19 anos;9433
Indicador  3.7.2;45;653;25;Paraíba;9433;2001;1142;10 a 14 anos;9433
Indicador  3.7.2;45;15027;25;Paraíba;9433;2001;1143;15 a 19 anos;9433
Indicador  3.7.2;45;15284;25;Paraíba;9433;2002;3518;10 a 19 anos;9433
Indicador  3.7.2;45;672;25;Paraíba;9433;2002;1142;10 a 14 anos;9433
Indicador  3.7.2;45;14612;25;Paraíba;9433;2002;1143;15 a 19 anos;9433
Indicador  3.7.2;45;14954;25;Paraíba;9433;2003;3518;10 a 19 anos;9433
Indicador  3.7.2;45;586;25;Paraíba;9433;2003;1142;10 a 14 anos;9433
Indicador  3.7.2;45;14368;25;Paraíba;9433;2003;1143;15 a 19 anos;9433
Indicador  3.7.2;45;14720;25;Paraíba;9433;2004;3518;10 a 19 anos;9433
Indicador  3.7.2;45;584;25;Paraíba;9433;2004;1142;10 a 14 anos;9433
Indicador  3.7.2;45;14136;25;Paraíba;9433;2004;1143;15 a 19 anos;9433
Indicador  3.7.2;45;14974;25;Paraíba;9433;2005;3518;10 a 19 anos;9433
Indicador  3.7.2;45;627;25;Paraíba;9433;2005;1142;10 a 14 anos;9433
Indicador  3.7.2;45;14347;25;Paraíba;9433;2005;1143;15 a 19 anos;9433
Indicador  3.7.2;45;13974;25;Paraíba;9433;2006;3518;10 a 19 anos;9433
Indicador  3.7.2;45;589;25;Paraíba;9433;2006;1142;10 a 14 anos;9433
Indicador  3.7.2;45;13385;25;Paraíba;9433;2006;1143;15 a 19 anos;9433
Indicador  3.7.2;45;13231;25;Paraíba;9433;2007;3518;10 a 19 anos;9433
Indicador  3.7.2;45;611;25;Paraíba;9433;2007;1142;10 a 14 anos;9433
Indicador  3.7.2;45;12620;25;Paraíba;9433;2007;1143;15 a 19 anos;9433
Indicador  3.7.2;45;13201;25;Paraíba;9433;2008;3518;10 a 19 anos;9433
Indicador  3.7.2;45;576;25;Paraíba;9433;2008;1142;10 a 14 anos;9433
Indicador  3.7.2;45;12625;25;Paraíba;9433;2008;1143;15 a 19 anos;9433
Indicador  3.7.2;45;12514;25;Paraíba;9433;2009;3518;10 a 19 anos;9433
Indicador  3.7.2;45;580;25;Paraíba;9433;2009;1142;10 a 14 anos;9433
Indicador  3.7.2;45;11934;25;Paraíba;9433;2009;1143;15 a 19 anos;9433
Indicador  3.7.2;45;11721;25;Paraíba;9433;2010;3518;10 a 19 anos;9433
Indicador  3.7.2;45;605;25;Paraíba;9433;2010;1142;10 a 14 anos;9433
Indicador  3.7.2;45;11116;25;Paraíba;9433;2010;1143;15 a 19 anos;9433
Indicador  3.7.2;45;11936;25;Paraíba;9433;2011;3518;10 a 19 anos;9433
Indicador  3.7.2;45;625;25;Paraíba;9433;2011;1142;10 a 14 anos;9433
Indicador  3.7.2;45;11311;25;Paraíba;9433;2011;1143;15 a 19 anos;9433
Indicador  3.7.2;45;11573;25;Paraíba;9433;2012;3518;10 a 19 anos;9433
Indicador  3.7.2;45;610;25;Paraíba;9433;2012;1142;10 a 14 anos;9433
Indicador  3.7.2;45;10963;25;Paraíba;9433;2012;1143;15 a 19 anos;9433
Indicador  3.7.2;45;11529;25;Paraíba;9433;2013;3518;10 a 19 anos;9433
Indicador  3.7.2;45;573;25;Paraíba;9433;2013;1142;10 a 14 anos;9433
Indicador  3.7.2;45;10956;25;Paraíba;9433;2013;1143;15 a 19 anos;9433
Indicador  3.7.2;45;11355;25;Paraíba;9433;2014;3518;10 a 19 anos;9433
Indicador  3.7.2;45;582;25;Paraíba;9433;2014;1142;10 a 14 anos;9433
Indicador  3.7.2;45;10773;25;Paraíba;9433;2014;1143;15 a 19 anos;9433
Indicador  3.7.2;45;11509;25;Paraíba;9433;2015;3518;10 a 19 anos;9433
Indicador  3.7.2;45;641;25;Paraíba;9433;2015;1142;10 a 14 anos;9433
Indicador  3.7.2;45;10868;25;Paraíba;9433;2015;1143;15 a 19 anos;9433
Indicador  3.7.2;45;10679;25;Paraíba;9433;2016;3518;10 a 19 anos;9433
Indicador  3.7.2;45;581;25;Paraíba;9433;2016;1142;10 a 14 anos;9433
Indicador  3.7.2;45;10098;25;Paraíba;9433;2016;1143;15 a 19 anos;9433
Indicador  3.7.2;45;10404;25;Paraíba;9433;2017;3518;10 a 19 anos;9433
Indicador  3.7.2;45;550;25;Paraíba;9433;2017;1142;10 a 14 anos;9433
Indicador  3.7.2;45;9854;25;Paraíba;9433;2017;1143;15 a 19 anos;9433
Indicador  3.7.2;45;10197;25;Paraíba;9433;2018;3518;10 a 19 anos;9433
Indicador  3.7.2;45;468;25;Paraíba;9433;2018;1142;10 a 14 anos;9433
Indicador  3.7.2;45;9729;25;Paraíba;9433;2018;1143;15 a 19 anos;9433
Indicador  3.7.2;45;9451;25;Paraíba;9433;2019;3518;10 a 19 anos;9433
Indicador  3.7.2;45;473;25;Paraíba;9433;2019;1142;10 a 14 anos;9433
Indicador  3.7.2;45;8978;25;Paraíba;9433;2019;1143;15 a 19 anos;9433
Indicador  3.7.2;45;8855;25;Paraíba;9433;2020;3518;10 a 19 anos;9433
Indicador  3.7.2;45;436;25;Paraíba;9433;2020;1142;10 a 14 anos;9433
Indicador  3.7.2;45;8419;25;Paraíba;9433;2020;1143;15 a 19 anos;9433
Indicador  3.7.2;45;8841;25;Paraíba;9433;2021;3518;10 a 19 anos;9433
Indicador  3.7.2;45;385;25;Paraíba;9433;2021;1142;10 a 14 anos;9433
Indicador  3.7.2;45;8456;25;Paraíba;9433;2021;1143;15 a 19 anos;9433
Indicador  3.7.2;45;7203;25;Paraíba;9433;2022;3518;10 a 19 anos;9433
Indicador  3.7.2;45;333;25;Paraíba;9433;2022;1142;10 a 14 anos;9433
Indicador  3.7.2;45;6870;25;Paraíba;9433;2022;1143;15 a 19 anos;9433
Indicador  3.7.2;45;41150;26;Pernambuco;9433;2000;3518;10 a 19 anos;9433
Indicador  3.7.2;45;1643;26;Pernambuco;9433;2000;1142;10 a 14 anos;9433
Indicador  3.7.2;45;39507;26;Pernambuco;9433;2000;1143;15 a 19 anos;9433
Indicador  3.7.2;45;40518;26;Pernambuco;9433;2001;3518;10 a 19 anos;9433
Indicador  3.7.2;45;1669;26;Pernambuco;9433;2001;1142;10 a 14 anos;9433
Indicador  3.7.2;45;38849;26;Pernambuco;9433;2001;1143;15 a 19 anos;9433
Indicador  3.7.2;45;37526;26;Pernambuco;9433;2002;3518;10 a 19 anos;9433
Indicador  3.7.2;45;1552;26;Pernambuco;9433;2002;1142;10 a 14 anos;9433
Indicador  3.7.2;45;35974;26;Pernambuco;9433;2002;1143;15 a 19 anos;9433
Indicador  3.7.2;45;35853;26;Pernambuco;9433;2003;3518;10 a 19 anos;9433
Indicador  3.7.2;45;1608;26;Pernambuco;9433;2003;1142;10 a 14 anos;9433
Indicador  3.7.2;45;34245;26;Pernambuco;9433;2003;1143;15 a 19 anos;9433
Indicador  3.7.2;45;35677;26;Pernambuco;9433;2004;3518;10 a 19 anos;9433
Indicador  3.7.2;45;1410;26;Pernambuco;9433;2004;1142;10 a 14 anos;9433
Indicador  3.7.2;45;34267;26;Pernambuco;9433;2004;1143;15 a 19 anos;9433
Indicador  3.7.2;45;36292;26;Pernambuco;9433;2005;3518;10 a 19 anos;9433
Indicador  3.7.2;45;1506;26;Pernambuco;9433;2005;1142;10 a 14 anos;9433
Indicador  3.7.2;45;34786;26;Pernambuco;9433;2005;1143;15 a 19 anos;9433
Indicador  3.7.2;45;34147;26;Pernambuco;9433;2006;3518;10 a 19 anos;9433
Indicador  3.7.2;45;1472;26;Pernambuco;9433;2006;1142;10 a 14 anos;9433
Indicador  3.7.2;45;32675;26;Pernambuco;9433;2006;1143;15 a 19 anos;9433
Indicador  3.7.2;45;33184;26;Pernambuco;9433;2007;3518;10 a 19 anos;9433
Indicador  3.7.2;45;1414;26;Pernambuco;9433;2007;1142;10 a 14 anos;9433
Indicador  3.7.2;45;31770;26;Pernambuco;9433;2007;1143;15 a 19 anos;9433
Indicador  3.7.2;45;32730;26;Pernambuco;9433;2008;3518;10 a 19 anos;9433
Indicador  3.7.2;45;1534;26;Pernambuco;9433;2008;1142;10 a 14 anos;9433
Indicador  3.7.2;45;31196;26;Pernambuco;9433;2008;1143;15 a 19 anos;9433
Indicador  3.7.2;45;31208;26;Pernambuco;9433;2009;3518;10 a 19 anos;9433
Indicador  3.7.2;45;1476;26;Pernambuco;9433;2009;1142;10 a 14 anos;9433
Indicador  3.7.2;45;29732;26;Pernambuco;9433;2009;1143;15 a 19 anos;9433
Indicador  3.7.2;45;29136;26;Pernambuco;9433;2010;3518;10 a 19 anos;9433
Indicador  3.7.2;45;1487;26;Pernambuco;9433;2010;1142;10 a 14 anos;9433
Indicador  3.7.2;45;27649;26;Pernambuco;9433;2010;1143;15 a 19 anos;9433
Indicador  3.7.2;45;30039;26;Pernambuco;9433;2011;3518;10 a 19 anos;9433
Indicador  3.7.2;45;1716;26;Pernambuco;9433;2011;1142;10 a 14 anos;9433
Indicador  3.7.2;45;28323;26;Pernambuco;9433;2011;1143;15 a 19 anos;9433
Indicador  3.7.2;45;30740;26;Pernambuco;9433;2012;3518;10 a 19 anos;9433
Indicador  3.7.2;45;1704;26;Pernambuco;9433;2012;1142;10 a 14 anos;9433
Indicador  3.7.2;45;29036;26;Pernambuco;9433;2012;1143;15 a 19 anos;9433
Indicador  3.7.2;45;30489;26;Pernambuco;9433;2013;3518;10 a 19 anos;9433
Indicador  3.7.2;45;1630;26;Pernambuco;9433;2013;1142;10 a 14 anos;9433
Indicador  3.7.2;45;28859;26;Pernambuco;9433;2013;1143;15 a 19 anos;9433
Indicador  3.7.2;45;30672;26;Pernambuco;9433;2014;3518;10 a 19 anos;9433
Indicador  3.7.2;45;1615;26;Pernambuco;9433;2014;1142;10 a 14 anos;9433
Indicador  3.7.2;45;29057;26;Pernambuco;9433;2014;1143;15 a 19 anos;9433
Indicador  3.7.2;45;29852;26;Pernambuco;9433;2015;3518;10 a 19 anos;9433
Indicador  3.7.2;45;1531;26;Pernambuco;9433;2015;1142;10 a 14 anos;9433
Indicador  3.7.2;45;28321;26;Pernambuco;9433;2015;1143;15 a 19 anos;9433
Indicador  3.7.2;45;27049;26;Pernambuco;9433;2016;3518;10 a 19 anos;9433
Indicador  3.7.2;45;1298;26;Pernambuco;9433;2016;1142;10 a 14 anos;9433
Indicador  3.7.2;45;25751;26;Pernambuco;9433;2016;1143;15 a 19 anos;9433
Indicador  3.7.2;45;26443;26;Pernambuco;9433;2017;3518;10 a 19 anos;9433
Indicador  3.7.2;45;1233;26;Pernambuco;9433;2017;1142;10 a 14 anos;9433
Indicador  3.7.2;45;25210;26;Pernambuco;9433;2017;1143;15 a 19 anos;9433
Indicador  3.7.2;45;24949;26;Pernambuco;9433;2018;3518;10 a 19 anos;9433
Indicador  3.7.2;45;1222;26;Pernambuco;9433;2018;1142;10 a 14 anos;9433
Indicador  3.7.2;45;23727;26;Pernambuco;9433;2018;1143;15 a 19 anos;9433
Indicador  3.7.2;45;22977;26;Pernambuco;9433;2019;3518;10 a 19 anos;9433
Indicador  3.7.2;45;1091;26;Pernambuco;9433;2019;1142;10 a 14 anos;9433
Indicador  3.7.2;45;21886;26;Pernambuco;9433;2019;1143;15 a 19 anos;9433
Indicador  3.7.2;45;21385;26;Pernambuco;9433;2020;3518;10 a 19 anos;9433
Indicador  3.7.2;45;960;26;Pernambuco;9433;2020;1142;10 a 14 anos;9433
Indicador  3.7.2;45;20425;26;Pernambuco;9433;2020;1143;15 a 19 anos;9433
Indicador  3.7.2;45;20436;26;Pernambuco;9433;2021;3518;10 a 19 anos;9433
Indicador  3.7.2;45;1000;26;Pernambuco;9433;2021;1142;10 a 14 anos;9433
Indicador  3.7.2;45;19436;26;Pernambuco;9433;2021;1143;15 a 19 anos;9433
Indicador  3.7.2;45;17010;26;Pernambuco;9433;2022;3518;10 a 19 anos;9433
Indicador  3.7.2;45;782;26;Pernambuco;9433;2022;1142;10 a 14 anos;9433
Indicador  3.7.2;45;16228;26;Pernambuco;9433;2022;1143;15 a 19 anos;9433
Indicador  3.7.2;45;17165;27;Alagoas;9433;2000;3518;10 a 19 anos;9433
Indicador  3.7.2;45;797;27;Alagoas;9433;2000;1142;10 a 14 anos;9433
Indicador  3.7.2;45;16368;27;Alagoas;9433;2000;1143;15 a 19 anos;9433
Indicador  3.7.2;45;17500;27;Alagoas;9433;2001;3518;10 a 19 anos;9433
Indicador  3.7.2;45;729;27;Alagoas;9433;2001;1142;10 a 14 anos;9433
Indicador  3.7.2;45;16771;27;Alagoas;9433;2001;1143;15 a 19 anos;9433
Indicador  3.7.2;45;16529;27;Alagoas;9433;2002;3518;10 a 19 anos;9433
Indicador  3.7.2;45;786;27;Alagoas;9433;2002;1142;10 a 14 anos;9433
Indicador  3.7.2;45;15743;27;Alagoas;9433;2002;1143;15 a 19 anos;9433
Indicador  3.7.2;45;16359;27;Alagoas;9433;2003;3518;10 a 19 anos;9433
Indicador  3.7.2;45;744;27;Alagoas;9433;2003;1142;10 a 14 anos;9433
Indicador  3.7.2;45;15615;27;Alagoas;9433;2003;1143;15 a 19 anos;9433
Indicador  3.7.2;45;15304;27;Alagoas;9433;2004;3518;10 a 19 anos;9433
Indicador  3.7.2;45;614;27;Alagoas;9433;2004;1142;10 a 14 anos;9433
Indicador  3.7.2;45;14690;27;Alagoas;9433;2004;1143;15 a 19 anos;9433
Indicador  3.7.2;45;15652;27;Alagoas;9433;2005;3518;10 a 19 anos;9433
Indicador  3.7.2;45;700;27;Alagoas;9433;2005;1142;10 a 14 anos;9433
Indicador  3.7.2;45;14952;27;Alagoas;9433;2005;1143;15 a 19 anos;9433
Indicador  3.7.2;45;14867;27;Alagoas;9433;2006;3518;10 a 19 anos;9433
Indicador  3.7.2;45;693;27;Alagoas;9433;2006;1142;10 a 14 anos;9433
Indicador  3.7.2;45;14174;27;Alagoas;9433;2006;1143;15 a 19 anos;9433
Indicador  3.7.2;45;14805;27;Alagoas;9433;2007;3518;10 a 19 anos;9433
Indicador  3.7.2;45;768;27;Alagoas;9433;2007;1142;10 a 14 anos;9433
Indicador  3.7.2;45;14037;27;Alagoas;9433;2007;1143;15 a 19 anos;9433
Indicador  3.7.2;45;14492;27;Alagoas;9433;2008;3518;10 a 19 anos;9433
Indicador  3.7.2;45;829;27;Alagoas;9433;2008;1142;10 a 14 anos;9433
Indicador  3.7.2;45;13663;27;Alagoas;9433;2008;1143;15 a 19 anos;9433
Indicador  3.7.2;45;13471;27;Alagoas;9433;2009;3518;10 a 19 anos;9433
Indicador  3.7.2;45;804;27;Alagoas;9433;2009;1142;10 a 14 anos;9433
Indicador  3.7.2;45;12667;27;Alagoas;9433;2009;1143;15 a 19 anos;9433
Indicador  3.7.2;45;13229;27;Alagoas;9433;2010;3518;10 a 19 anos;9433
Indicador  3.7.2;45;836;27;Alagoas;9433;2010;1142;10 a 14 anos;9433
Indicador  3.7.2;45;12393;27;Alagoas;9433;2010;1143;15 a 19 anos;9433
Indicador  3.7.2;45;13753;27;Alagoas;9433;2011;3518;10 a 19 anos;9433
Indicador  3.7.2;45;897;27;Alagoas;9433;2011;1142;10 a 14 anos;9433
Indicador  3.7.2;45;12856;27;Alagoas;9433;2011;1143;15 a 19 anos;9433
Indicador  3.7.2;45;13747;27;Alagoas;9433;2012;3518;10 a 19 anos;9433
Indicador  3.7.2;45;955;27;Alagoas;9433;2012;1142;10 a 14 anos;9433
Indicador  3.7.2;45;12792;27;Alagoas;9433;2012;1143;15 a 19 anos;9433
Indicador  3.7.2;45;14146;27;Alagoas;9433;2013;3518;10 a 19 anos;9433
Indicador  3.7.2;45;942;27;Alagoas;9433;2013;1142;10 a 14 anos;9433
Indicador  3.7.2;45;13204;27;Alagoas;9433;2013;1143;15 a 19 anos;9433
Indicador  3.7.2;45;13667;27;Alagoas;9433;2014;3518;10 a 19 anos;9433
Indicador  3.7.2;45;860;27;Alagoas;9433;2014;1142;10 a 14 anos;9433
Indicador  3.7.2;45;12807;27;Alagoas;9433;2014;1143;15 a 19 anos;9433
Indicador  3.7.2;45;13745;27;Alagoas;9433;2015;3518;10 a 19 anos;9433
Indicador  3.7.2;45;827;27;Alagoas;9433;2015;1142;10 a 14 anos;9433
Indicador  3.7.2;45;12918;27;Alagoas;9433;2015;1143;15 a 19 anos;9433
Indicador  3.7.2;45;12396;27;Alagoas;9433;2016;3518;10 a 19 anos;9433
Indicador  3.7.2;45;739;27;Alagoas;9433;2016;1142;10 a 14 anos;9433
Indicador  3.7.2;45;11657;27;Alagoas;9433;2016;1143;15 a 19 anos;9433
Indicador  3.7.2;45;12349;27;Alagoas;9433;2017;3518;10 a 19 anos;9433
Indicador  3.7.2;45;724;27;Alagoas;9433;2017;1142;10 a 14 anos;9433
Indicador  3.7.2;45;11625;27;Alagoas;9433;2017;1143;15 a 19 anos;9433
Indicador  3.7.2;45;11940;27;Alagoas;9433;2018;3518;10 a 19 anos;9433
Indicador  3.7.2;45;662;27;Alagoas;9433;2018;1142;10 a 14 anos;9433
Indicador  3.7.2;45;11278;27;Alagoas;9433;2018;1143;15 a 19 anos;9433
Indicador  3.7.2;45;10636;27;Alagoas;9433;2019;3518;10 a 19 anos;9433
Indicador  3.7.2;45;606;27;Alagoas;9433;2019;1142;10 a 14 anos;9433
Indicador  3.7.2;45;10030;27;Alagoas;9433;2019;1143;15 a 19 anos;9433
Indicador  3.7.2;45;9855;27;Alagoas;9433;2020;3518;10 a 19 anos;9433
Indicador  3.7.2;45;546;27;Alagoas;9433;2020;1142;10 a 14 anos;9433
Indicador  3.7.2;45;9309;27;Alagoas;9433;2020;1143;15 a 19 anos;9433
Indicador  3.7.2;45;9544;27;Alagoas;9433;2021;3518;10 a 19 anos;9433
Indicador  3.7.2;45;547;27;Alagoas;9433;2021;1142;10 a 14 anos;9433
Indicador  3.7.2;45;8997;27;Alagoas;9433;2021;1143;15 a 19 anos;9433
Indicador  3.7.2;45;7883;27;Alagoas;9433;2022;3518;10 a 19 anos;9433
Indicador  3.7.2;45;455;27;Alagoas;9433;2022;1142;10 a 14 anos;9433
Indicador  3.7.2;45;7428;27;Alagoas;9433;2022;1143;15 a 19 anos;9433
Indicador  3.7.2;45;9504;28;Sergipe;9433;2000;3518;10 a 19 anos;9433
Indicador  3.7.2;45;391;28;Sergipe;9433;2000;1142;10 a 14 anos;9433
Indicador  3.7.2;45;9113;28;Sergipe;9433;2000;1143;15 a 19 anos;9433
Indicador  3.7.2;45;8986;28;Sergipe;9433;2001;3518;10 a 19 anos;9433
Indicador  3.7.2;45;389;28;Sergipe;9433;2001;1142;10 a 14 anos;9433
Indicador  3.7.2;45;8597;28;Sergipe;9433;2001;1143;15 a 19 anos;9433
Indicador  3.7.2;45;8379;28;Sergipe;9433;2002;3518;10 a 19 anos;9433
Indicador  3.7.2;45;325;28;Sergipe;9433;2002;1142;10 a 14 anos;9433
Indicador  3.7.2;45;8054;28;Sergipe;9433;2002;1143;15 a 19 anos;9433
Indicador  3.7.2;45;8382;28;Sergipe;9433;2003;3518;10 a 19 anos;9433
Indicador  3.7.2;45;353;28;Sergipe;9433;2003;1142;10 a 14 anos;9433
Indicador  3.7.2;45;8029;28;Sergipe;9433;2003;1143;15 a 19 anos;9433
Indicador  3.7.2;45;7982;28;Sergipe;9433;2004;3518;10 a 19 anos;9433
Indicador  3.7.2;45;338;28;Sergipe;9433;2004;1142;10 a 14 anos;9433
Indicador  3.7.2;45;7644;28;Sergipe;9433;2004;1143;15 a 19 anos;9433
Indicador  3.7.2;45;8390;28;Sergipe;9433;2005;3518;10 a 19 anos;9433
Indicador  3.7.2;45;335;28;Sergipe;9433;2005;1142;10 a 14 anos;9433
Indicador  3.7.2;45;8055;28;Sergipe;9433;2005;1143;15 a 19 anos;9433
Indicador  3.7.2;45;8197;28;Sergipe;9433;2006;3518;10 a 19 anos;9433
Indicador  3.7.2;45;371;28;Sergipe;9433;2006;1142;10 a 14 anos;9433
Indicador  3.7.2;45;7826;28;Sergipe;9433;2006;1143;15 a 19 anos;9433
Indicador  3.7.2;45;7744;28;Sergipe;9433;2007;3518;10 a 19 anos;9433
Indicador  3.7.2;45;384;28;Sergipe;9433;2007;1142;10 a 14 anos;9433
Indicador  3.7.2;45;7360;28;Sergipe;9433;2007;1143;15 a 19 anos;9433
Indicador  3.7.2;45;7658;28;Sergipe;9433;2008;3518;10 a 19 anos;9433
Indicador  3.7.2;45;449;28;Sergipe;9433;2008;1142;10 a 14 anos;9433
Indicador  3.7.2;45;7209;28;Sergipe;9433;2008;1143;15 a 19 anos;9433
Indicador  3.7.2;45;6968;28;Sergipe;9433;2009;3518;10 a 19 anos;9433
Indicador  3.7.2;45;402;28;Sergipe;9433;2009;1142;10 a 14 anos;9433
Indicador  3.7.2;45;6566;28;Sergipe;9433;2009;1143;15 a 19 anos;9433
Indicador  3.7.2;45;6936;28;Sergipe;9433;2010;3518;10 a 19 anos;9433
Indicador  3.7.2;45;395;28;Sergipe;9433;2010;1142;10 a 14 anos;9433
Indicador  3.7.2;45;6541;28;Sergipe;9433;2010;1143;15 a 19 anos;9433
Indicador  3.7.2;45;7352;28;Sergipe;9433;2011;3518;10 a 19 anos;9433
Indicador  3.7.2;45;423;28;Sergipe;9433;2011;1142;10 a 14 anos;9433
Indicador  3.7.2;45;6929;28;Sergipe;9433;2011;1143;15 a 19 anos;9433
Indicador  3.7.2;45;7281;28;Sergipe;9433;2012;3518;10 a 19 anos;9433
Indicador  3.7.2;45;403;28;Sergipe;9433;2012;1142;10 a 14 anos;9433
Indicador  3.7.2;45;6878;28;Sergipe;9433;2012;1143;15 a 19 anos;9433
Indicador  3.7.2;45;7442;28;Sergipe;9433;2013;3518;10 a 19 anos;9433
Indicador  3.7.2;45;435;28;Sergipe;9433;2013;1142;10 a 14 anos;9433
Indicador  3.7.2;45;7007;28;Sergipe;9433;2013;1143;15 a 19 anos;9433
Indicador  3.7.2;45;7382;28;Sergipe;9433;2014;3518;10 a 19 anos;9433
Indicador  3.7.2;45;432;28;Sergipe;9433;2014;1142;10 a 14 anos;9433
Indicador  3.7.2;45;6950;28;Sergipe;9433;2014;1143;15 a 19 anos;9433
Indicador  3.7.2;45;7572;28;Sergipe;9433;2015;3518;10 a 19 anos;9433
Indicador  3.7.2;45;417;28;Sergipe;9433;2015;1142;10 a 14 anos;9433
Indicador  3.7.2;45;7155;28;Sergipe;9433;2015;1143;15 a 19 anos;9433
Indicador  3.7.2;45;6792;28;Sergipe;9433;2016;3518;10 a 19 anos;9433
Indicador  3.7.2;45;379;28;Sergipe;9433;2016;1142;10 a 14 anos;9433
Indicador  3.7.2;45;6413;28;Sergipe;9433;2016;1143;15 a 19 anos;9433
Indicador  3.7.2;45;6656;28;Sergipe;9433;2017;3518;10 a 19 anos;9433
Indicador  3.7.2;45;331;28;Sergipe;9433;2017;1142;10 a 14 anos;9433
Indicador  3.7.2;45;6325;28;Sergipe;9433;2017;1143;15 a 19 anos;9433
Indicador  3.7.2;45;6342;28;Sergipe;9433;2018;3518;10 a 19 anos;9433
Indicador  3.7.2;45;353;28;Sergipe;9433;2018;1142;10 a 14 anos;9433
Indicador  3.7.2;45;5989;28;Sergipe;9433;2018;1143;15 a 19 anos;9433
Indicador  3.7.2;45;5665;28;Sergipe;9433;2019;3518;10 a 19 anos;9433
Indicador  3.7.2;45;316;28;Sergipe;9433;2019;1142;10 a 14 anos;9433
Indicador  3.7.2;45;5349;28;Sergipe;9433;2019;1143;15 a 19 anos;9433
Indicador  3.7.2;45;5431;28;Sergipe;9433;2020;3518;10 a 19 anos;9433
Indicador  3.7.2;45;308;28;Sergipe;9433;2020;1142;10 a 14 anos;9433
Indicador  3.7.2;45;5123;28;Sergipe;9433;2020;1143;15 a 19 anos;9433
Indicador  3.7.2;45;4907;28;Sergipe;9433;2021;3518;10 a 19 anos;9433
Indicador  3.7.2;45;279;28;Sergipe;9433;2021;1142;10 a 14 anos;9433
Indicador  3.7.2;45;4628;28;Sergipe;9433;2021;1143;15 a 19 anos;9433
Indicador  3.7.2;45;4139;28;Sergipe;9433;2022;3518;10 a 19 anos;9433
Indicador  3.7.2;45;217;28;Sergipe;9433;2022;1142;10 a 14 anos;9433
Indicador  3.7.2;45;3922;28;Sergipe;9433;2022;1143;15 a 19 anos;9433
Indicador  3.7.2;45;63139;29;Bahia;9433;2000;3518;10 a 19 anos;9433
Indicador  3.7.2;45;2500;29;Bahia;9433;2000;1142;10 a 14 anos;9433
Indicador  3.7.2;45;60639;29;Bahia;9433;2000;1143;15 a 19 anos;9433
Indicador  3.7.2;45;61732;29;Bahia;9433;2001;3518;10 a 19 anos;9433
Indicador  3.7.2;45;2496;29;Bahia;9433;2001;1142;10 a 14 anos;9433
Indicador  3.7.2;45;59236;29;Bahia;9433;2001;1143;15 a 19 anos;9433
Indicador  3.7.2;45;60699;29;Bahia;9433;2002;3518;10 a 19 anos;9433
Indicador  3.7.2;45;2437;29;Bahia;9433;2002;1142;10 a 14 anos;9433
Indicador  3.7.2;45;58262;29;Bahia;9433;2002;1143;15 a 19 anos;9433
Indicador  3.7.2;45;60511;29;Bahia;9433;2003;3518;10 a 19 anos;9433
Indicador  3.7.2;45;2510;29;Bahia;9433;2003;1142;10 a 14 anos;9433
Indicador  3.7.2;45;58001;29;Bahia;9433;2003;1143;15 a 19 anos;9433
Indicador  3.7.2;45;58908;29;Bahia;9433;2004;3518;10 a 19 anos;9433
Indicador  3.7.2;45;2309;29;Bahia;9433;2004;1142;10 a 14 anos;9433
Indicador  3.7.2;45;56599;29;Bahia;9433;2004;1143;15 a 19 anos;9433
Indicador  3.7.2;45;57605;29;Bahia;9433;2005;3518;10 a 19 anos;9433
Indicador  3.7.2;45;2474;29;Bahia;9433;2005;1142;10 a 14 anos;9433
Indicador  3.7.2;45;55131;29;Bahia;9433;2005;1143;15 a 19 anos;9433
Indicador  3.7.2;45;53543;29;Bahia;9433;2006;3518;10 a 19 anos;9433
Indicador  3.7.2;45;2533;29;Bahia;9433;2006;1142;10 a 14 anos;9433
Indicador  3.7.2;45;51010;29;Bahia;9433;2006;1143;15 a 19 anos;9433
Indicador  3.7.2;45;51876;29;Bahia;9433;2007;3518;10 a 19 anos;9433
Indicador  3.7.2;45;2567;29;Bahia;9433;2007;1142;10 a 14 anos;9433
Indicador  3.7.2;45;49309;29;Bahia;9433;2007;1143;15 a 19 anos;9433
Indicador  3.7.2;45;49813;29;Bahia;9433;2008;3518;10 a 19 anos;9433
Indicador  3.7.2;45;2551;29;Bahia;9433;2008;1142;10 a 14 anos;9433
Indicador  3.7.2;45;47262;29;Bahia;9433;2008;1143;15 a 19 anos;9433
Indicador  3.7.2;45;47681;29;Bahia;9433;2009;3518;10 a 19 anos;9433
Indicador  3.7.2;45;2469;29;Bahia;9433;2009;1142;10 a 14 anos;9433
Indicador  3.7.2;45;45212;29;Bahia;9433;2009;1143;15 a 19 anos;9433
Indicador  3.7.2;45;45348;29;Bahia;9433;2010;3518;10 a 19 anos;9433
Indicador  3.7.2;45;2486;29;Bahia;9433;2010;1142;10 a 14 anos;9433
Indicador  3.7.2;45;42862;29;Bahia;9433;2010;1143;15 a 19 anos;9433
Indicador  3.7.2;45;46620;29;Bahia;9433;2011;3518;10 a 19 anos;9433
Indicador  3.7.2;45;2581;29;Bahia;9433;2011;1142;10 a 14 anos;9433
Indicador  3.7.2;45;44039;29;Bahia;9433;2011;1143;15 a 19 anos;9433
Indicador  3.7.2;45;44761;29;Bahia;9433;2012;3518;10 a 19 anos;9433
Indicador  3.7.2;45;2558;29;Bahia;9433;2012;1142;10 a 14 anos;9433
Indicador  3.7.2;45;42203;29;Bahia;9433;2012;1143;15 a 19 anos;9433
Indicador  3.7.2;45;43018;29;Bahia;9433;2013;3518;10 a 19 anos;9433
Indicador  3.7.2;45;2538;29;Bahia;9433;2013;1142;10 a 14 anos;9433
Indicador  3.7.2;45;40480;29;Bahia;9433;2013;1143;15 a 19 anos;9433
Indicador  3.7.2;45;42138;29;Bahia;9433;2014;3518;10 a 19 anos;9433
Indicador  3.7.2;45;2423;29;Bahia;9433;2014;1142;10 a 14 anos;9433
Indicador  3.7.2;45;39715;29;Bahia;9433;2014;1143;15 a 19 anos;9433
Indicador  3.7.2;45;41503;29;Bahia;9433;2015;3518;10 a 19 anos;9433
Indicador  3.7.2;45;2363;29;Bahia;9433;2015;1142;10 a 14 anos;9433
Indicador  3.7.2;45;39140;29;Bahia;9433;2015;1143;15 a 19 anos;9433
Indicador  3.7.2;45;39855;29;Bahia;9433;2016;3518;10 a 19 anos;9433
Indicador  3.7.2;45;2192;29;Bahia;9433;2016;1142;10 a 14 anos;9433
Indicador  3.7.2;45;37663;29;Bahia;9433;2016;1143;15 a 19 anos;9433
Indicador  3.7.2;45;38867;29;Bahia;9433;2017;3518;10 a 19 anos;9433
Indicador  3.7.2;45;2155;29;Bahia;9433;2017;1142;10 a 14 anos;9433
Indicador  3.7.2;45;36712;29;Bahia;9433;2017;1143;15 a 19 anos;9433
Indicador  3.7.2;45;36737;29;Bahia;9433;2018;3518;10 a 19 anos;9433
Indicador  3.7.2;45;2014;29;Bahia;9433;2018;1142;10 a 14 anos;9433
Indicador  3.7.2;45;34723;29;Bahia;9433;2018;1143;15 a 19 anos;9433
Indicador  3.7.2;45;33653;29;Bahia;9433;2019;3518;10 a 19 anos;9433
Indicador  3.7.2;45;1808;29;Bahia;9433;2019;1142;10 a 14 anos;9433
Indicador  3.7.2;45;31845;29;Bahia;9433;2019;1143;15 a 19 anos;9433
Indicador  3.7.2;45;30345;29;Bahia;9433;2020;3518;10 a 19 anos;9433
Indicador  3.7.2;45;1568;29;Bahia;9433;2020;1142;10 a 14 anos;9433
Indicador  3.7.2;45;28777;29;Bahia;9433;2020;1143;15 a 19 anos;9433
Indicador  3.7.2;45;28635;29;Bahia;9433;2021;3518;10 a 19 anos;9433
Indicador  3.7.2;45;1564;29;Bahia;9433;2021;1142;10 a 14 anos;9433
Indicador  3.7.2;45;27071;29;Bahia;9433;2021;1143;15 a 19 anos;9433
Indicador  3.7.2;45;24136;29;Bahia;9433;2022;3518;10 a 19 anos;9433
Indicador  3.7.2;45;1318;29;Bahia;9433;2022;1142;10 a 14 anos;9433
Indicador  3.7.2;45;22818;29;Bahia;9433;2022;1143;15 a 19 anos;9433
Indicador  3.7.2;45;61679;31;Minas Gerais;9433;2000;3518;10 a 19 anos;9433
Indicador  3.7.2;45;1745;31;Minas Gerais;9433;2000;1142;10 a 14 anos;9433
Indicador  3.7.2;45;59934;31;Minas Gerais;9433;2000;1143;15 a 19 anos;9433
Indicador  3.7.2;45;60494;31;Minas Gerais;9433;2001;3518;10 a 19 anos;9433
Indicador  3.7.2;45;1797;31;Minas Gerais;9433;2001;1142;10 a 14 anos;9433
Indicador  3.7.2;45;58697;31;Minas Gerais;9433;2001;1143;15 a 19 anos;9433
Indicador  3.7.2;45;55289;31;Minas Gerais;9433;2002;3518;10 a 19 anos;9433
Indicador  3.7.2;45;1717;31;Minas Gerais;9433;2002;1142;10 a 14 anos;9433
Indicador  3.7.2;45;53572;31;Minas Gerais;9433;2002;1143;15 a 19 anos;9433
Indicador  3.7.2;45;53388;31;Minas Gerais;9433;2003;3518;10 a 19 anos;9433
Indicador  3.7.2;45;1670;31;Minas Gerais;9433;2003;1142;10 a 14 anos;9433
Indicador  3.7.2;45;51718;31;Minas Gerais;9433;2003;1143;15 a 19 anos;9433
Indicador  3.7.2;45;51626;31;Minas Gerais;9433;2004;3518;10 a 19 anos;9433
Indicador  3.7.2;45;1631;31;Minas Gerais;9433;2004;1142;10 a 14 anos;9433
Indicador  3.7.2;45;49995;31;Minas Gerais;9433;2004;1143;15 a 19 anos;9433
Indicador  3.7.2;45;52247;31;Minas Gerais;9433;2005;3518;10 a 19 anos;9433
Indicador  3.7.2;45;1593;31;Minas Gerais;9433;2005;1142;10 a 14 anos;9433
Indicador  3.7.2;45;50654;31;Minas Gerais;9433;2005;1143;15 a 19 anos;9433
Indicador  3.7.2;45;50047;31;Minas Gerais;9433;2006;3518;10 a 19 anos;9433
Indicador  3.7.2;45;1664;31;Minas Gerais;9433;2006;1142;10 a 14 anos;9433
Indicador  3.7.2;45;48383;31;Minas Gerais;9433;2006;1143;15 a 19 anos;9433
Indicador  3.7.2;45;48592;31;Minas Gerais;9433;2007;3518;10 a 19 anos;9433
Indicador  3.7.2;45;1707;31;Minas Gerais;9433;2007;1142;10 a 14 anos;9433
Indicador  3.7.2;45;46885;31;Minas Gerais;9433;2007;1143;15 a 19 anos;9433
Indicador  3.7.2;45;47057;31;Minas Gerais;9433;2008;3518;10 a 19 anos;9433
Indicador  3.7.2;45;1763;31;Minas Gerais;9433;2008;1142;10 a 14 anos;9433
Indicador  3.7.2;45;45294;31;Minas Gerais;9433;2008;1143;15 a 19 anos;9433
Indicador  3.7.2;45;43976;31;Minas Gerais;9433;2009;3518;10 a 19 anos;9433
Indicador  3.7.2;45;1652;31;Minas Gerais;9433;2009;1142;10 a 14 anos;9433
Indicador  3.7.2;45;42324;31;Minas Gerais;9433;2009;1143;15 a 19 anos;9433
Indicador  3.7.2;45;42903;31;Minas Gerais;9433;2010;3518;10 a 19 anos;9433
Indicador  3.7.2;45;1599;31;Minas Gerais;9433;2010;1142;10 a 14 anos;9433
Indicador  3.7.2;45;41304;31;Minas Gerais;9433;2010;1143;15 a 19 anos;9433
Indicador  3.7.2;45;42817;31;Minas Gerais;9433;2011;3518;10 a 19 anos;9433
Indicador  3.7.2;45;1634;31;Minas Gerais;9433;2011;1142;10 a 14 anos;9433
Indicador  3.7.2;45;41183;31;Minas Gerais;9433;2011;1143;15 a 19 anos;9433
Indicador  3.7.2;45;42487;31;Minas Gerais;9433;2012;3518;10 a 19 anos;9433
Indicador  3.7.2;45;1628;31;Minas Gerais;9433;2012;1142;10 a 14 anos;9433
Indicador  3.7.2;45;40859;31;Minas Gerais;9433;2012;1143;15 a 19 anos;9433
Indicador  3.7.2;45;42469;31;Minas Gerais;9433;2013;3518;10 a 19 anos;9433
Indicador  3.7.2;45;1675;31;Minas Gerais;9433;2013;1142;10 a 14 anos;9433
Indicador  3.7.2;45;40794;31;Minas Gerais;9433;2013;1143;15 a 19 anos;9433
Indicador  3.7.2;45;42763;31;Minas Gerais;9433;2014;3518;10 a 19 anos;9433
Indicador  3.7.2;45;1640;31;Minas Gerais;9433;2014;1142;10 a 14 anos;9433
Indicador  3.7.2;45;41123;31;Minas Gerais;9433;2014;1143;15 a 19 anos;9433
Indicador  3.7.2;45;41434;31;Minas Gerais;9433;2015;3518;10 a 19 anos;9433
Indicador  3.7.2;45;1581;31;Minas Gerais;9433;2015;1142;10 a 14 anos;9433
Indicador  3.7.2;45;39853;31;Minas Gerais;9433;2015;1143;15 a 19 anos;9433
Indicador  3.7.2;45;37061;31;Minas Gerais;9433;2016;3518;10 a 19 anos;9433
Indicador  3.7.2;45;1401;31;Minas Gerais;9433;2016;1142;10 a 14 anos;9433
Indicador  3.7.2;45;35660;31;Minas Gerais;9433;2016;1143;15 a 19 anos;9433
Indicador  3.7.2;45;36046;31;Minas Gerais;9433;2017;3518;10 a 19 anos;9433
Indicador  3.7.2;45;1309;31;Minas Gerais;9433;2017;1142;10 a 14 anos;9433
Indicador  3.7.2;45;34737;31;Minas Gerais;9433;2017;1143;15 a 19 anos;9433
Indicador  3.7.2;45;33909;31;Minas Gerais;9433;2018;3518;10 a 19 anos;9433
Indicador  3.7.2;45;1202;31;Minas Gerais;9433;2018;1142;10 a 14 anos;9433
Indicador  3.7.2;45;32707;31;Minas Gerais;9433;2018;1143;15 a 19 anos;9433
Indicador  3.7.2;45;31272;31;Minas Gerais;9433;2019;3518;10 a 19 anos;9433
Indicador  3.7.2;45;1149;31;Minas Gerais;9433;2019;1142;10 a 14 anos;9433
Indicador  3.7.2;45;30123;31;Minas Gerais;9433;2019;1143;15 a 19 anos;9433
Indicador  3.7.2;45;28300;31;Minas Gerais;9433;2020;3518;10 a 19 anos;9433
Indicador  3.7.2;45;1002;31;Minas Gerais;9433;2020;1142;10 a 14 anos;9433
Indicador  3.7.2;45;27298;31;Minas Gerais;9433;2020;1143;15 a 19 anos;9433
Indicador  3.7.2;45;26561;31;Minas Gerais;9433;2021;3518;10 a 19 anos;9433
Indicador  3.7.2;45;908;31;Minas Gerais;9433;2021;1142;10 a 14 anos;9433
Indicador  3.7.2;45;25653;31;Minas Gerais;9433;2021;1143;15 a 19 anos;9433
Indicador  3.7.2;45;23453;31;Minas Gerais;9433;2022;3518;10 a 19 anos;9433
Indicador  3.7.2;45;783;31;Minas Gerais;9433;2022;1142;10 a 14 anos;9433
Indicador  3.7.2;45;22670;31;Minas Gerais;9433;2022;1143;15 a 19 anos;9433
Indicador  3.7.2;45;13377;32;Espírito Santo;9433;2000;3518;10 a 19 anos;9433
Indicador  3.7.2;45;461;32;Espírito Santo;9433;2000;1142;10 a 14 anos;9433
Indicador  3.7.2;45;12916;32;Espírito Santo;9433;2000;1143;15 a 19 anos;9433
Indicador  3.7.2;45;13195;32;Espírito Santo;9433;2001;3518;10 a 19 anos;9433
Indicador  3.7.2;45;475;32;Espírito Santo;9433;2001;1142;10 a 14 anos;9433
Indicador  3.7.2;45;12720;32;Espírito Santo;9433;2001;1143;15 a 19 anos;9433
Indicador  3.7.2;45;12036;32;Espírito Santo;9433;2002;3518;10 a 19 anos;9433
Indicador  3.7.2;45;475;32;Espírito Santo;9433;2002;1142;10 a 14 anos;9433
Indicador  3.7.2;45;11561;32;Espírito Santo;9433;2002;1143;15 a 19 anos;9433
Indicador  3.7.2;45;11230;32;Espírito Santo;9433;2003;3518;10 a 19 anos;9433
Indicador  3.7.2;45;382;32;Espírito Santo;9433;2003;1142;10 a 14 anos;9433
Indicador  3.7.2;45;10848;32;Espírito Santo;9433;2003;1143;15 a 19 anos;9433
Indicador  3.7.2;45;11064;32;Espírito Santo;9433;2004;3518;10 a 19 anos;9433
Indicador  3.7.2;45;377;32;Espírito Santo;9433;2004;1142;10 a 14 anos;9433
Indicador  3.7.2;45;10687;32;Espírito Santo;9433;2004;1143;15 a 19 anos;9433
Indicador  3.7.2;45;10817;32;Espírito Santo;9433;2005;3518;10 a 19 anos;9433
Indicador  3.7.2;45;366;32;Espírito Santo;9433;2005;1142;10 a 14 anos;9433
Indicador  3.7.2;45;10451;32;Espírito Santo;9433;2005;1143;15 a 19 anos;9433
Indicador  3.7.2;45;10591;32;Espírito Santo;9433;2006;3518;10 a 19 anos;9433
Indicador  3.7.2;45;406;32;Espírito Santo;9433;2006;1142;10 a 14 anos;9433
Indicador  3.7.2;45;10185;32;Espírito Santo;9433;2006;1143;15 a 19 anos;9433
Indicador  3.7.2;45;10225;32;Espírito Santo;9433;2007;3518;10 a 19 anos;9433
Indicador  3.7.2;45;397;32;Espírito Santo;9433;2007;1142;10 a 14 anos;9433
Indicador  3.7.2;45;9828;32;Espírito Santo;9433;2007;1143;15 a 19 anos;9433
Indicador  3.7.2;45;9853;32;Espírito Santo;9433;2008;3518;10 a 19 anos;9433
Indicador  3.7.2;45;438;32;Espírito Santo;9433;2008;1142;10 a 14 anos;9433
Indicador  3.7.2;45;9415;32;Espírito Santo;9433;2008;1143;15 a 19 anos;9433
Indicador  3.7.2;45;9392;32;Espírito Santo;9433;2009;3518;10 a 19 anos;9433
Indicador  3.7.2;45;408;32;Espírito Santo;9433;2009;1142;10 a 14 anos;9433
Indicador  3.7.2;45;8984;32;Espírito Santo;9433;2009;1143;15 a 19 anos;9433
Indicador  3.7.2;45;9076;32;Espírito Santo;9433;2010;3518;10 a 19 anos;9433
Indicador  3.7.2;45;404;32;Espírito Santo;9433;2010;1142;10 a 14 anos;9433
Indicador  3.7.2;45;8672;32;Espírito Santo;9433;2010;1143;15 a 19 anos;9433
Indicador  3.7.2;45;9085;32;Espírito Santo;9433;2011;3518;10 a 19 anos;9433
Indicador  3.7.2;45;387;32;Espírito Santo;9433;2011;1142;10 a 14 anos;9433
Indicador  3.7.2;45;8698;32;Espírito Santo;9433;2011;1143;15 a 19 anos;9433
Indicador  3.7.2;45;9352;32;Espírito Santo;9433;2012;3518;10 a 19 anos;9433
Indicador  3.7.2;45;413;32;Espírito Santo;9433;2012;1142;10 a 14 anos;9433
Indicador  3.7.2;45;8939;32;Espírito Santo;9433;2012;1143;15 a 19 anos;9433
Indicador  3.7.2;45;9764;32;Espírito Santo;9433;2013;3518;10 a 19 anos;9433
Indicador  3.7.2;45;463;32;Espírito Santo;9433;2013;1142;10 a 14 anos;9433
Indicador  3.7.2;45;9301;32;Espírito Santo;9433;2013;1143;15 a 19 anos;9433
Indicador  3.7.2;45;10001;32;Espírito Santo;9433;2014;3518;10 a 19 anos;9433
Indicador  3.7.2;45;476;32;Espírito Santo;9433;2014;1142;10 a 14 anos;9433
Indicador  3.7.2;45;9525;32;Espírito Santo;9433;2014;1143;15 a 19 anos;9433
Indicador  3.7.2;45;9543;32;Espírito Santo;9433;2015;3518;10 a 19 anos;9433
Indicador  3.7.2;45;464;32;Espírito Santo;9433;2015;1142;10 a 14 anos;9433
Indicador  3.7.2;45;9079;32;Espírito Santo;9433;2015;1143;15 a 19 anos;9433
Indicador  3.7.2;45;8609;32;Espírito Santo;9433;2016;3518;10 a 19 anos;9433
Indicador  3.7.2;45;418;32;Espírito Santo;9433;2016;1142;10 a 14 anos;9433
Indicador  3.7.2;45;8191;32;Espírito Santo;9433;2016;1143;15 a 19 anos;9433
Indicador  3.7.2;45;8187;32;Espírito Santo;9433;2017;3518;10 a 19 anos;9433
Indicador  3.7.2;45;371;32;Espírito Santo;9433;2017;1142;10 a 14 anos;9433
Indicador  3.7.2;45;7816;32;Espírito Santo;9433;2017;1143;15 a 19 anos;9433
Indicador  3.7.2;45;7774;32;Espírito Santo;9433;2018;3518;10 a 19 anos;9433
Indicador  3.7.2;45;345;32;Espírito Santo;9433;2018;1142;10 a 14 anos;9433
Indicador  3.7.2;45;7429;32;Espírito Santo;9433;2018;1143;15 a 19 anos;9433
Indicador  3.7.2;45;7266;32;Espírito Santo;9433;2019;3518;10 a 19 anos;9433
Indicador  3.7.2;45;281;32;Espírito Santo;9433;2019;1142;10 a 14 anos;9433
Indicador  3.7.2;45;6985;32;Espírito Santo;9433;2019;1143;15 a 19 anos;9433
Indicador  3.7.2;45;6828;32;Espírito Santo;9433;2020;3518;10 a 19 anos;9433
Indicador  3.7.2;45;308;32;Espírito Santo;9433;2020;1142;10 a 14 anos;9433
Indicador  3.7.2;45;6520;32;Espírito Santo;9433;2020;1143;15 a 19 anos;9433
Indicador  3.7.2;45;6486;32;Espírito Santo;9433;2021;3518;10 a 19 anos;9433
Indicador  3.7.2;45;300;32;Espírito Santo;9433;2021;1142;10 a 14 anos;9433
Indicador  3.7.2;45;6186;32;Espírito Santo;9433;2021;1143;15 a 19 anos;9433
Indicador  3.7.2;45;5706;32;Espírito Santo;9433;2022;3518;10 a 19 anos;9433
Indicador  3.7.2;45;215;32;Espírito Santo;9433;2022;1142;10 a 14 anos;9433
Indicador  3.7.2;45;5491;32;Espírito Santo;9433;2022;1143;15 a 19 anos;9433
Indicador  3.7.2;45;54716;33;Rio de Janeiro;9433;2000;3518;10 a 19 anos;9433
Indicador  3.7.2;45;2138;33;Rio de Janeiro;9433;2000;1142;10 a 14 anos;9433
Indicador  3.7.2;45;52578;33;Rio de Janeiro;9433;2000;1143;15 a 19 anos;9433
Indicador  3.7.2;45;50443;33;Rio de Janeiro;9433;2001;3518;10 a 19 anos;9433
Indicador  3.7.2;45;1994;33;Rio de Janeiro;9433;2001;1142;10 a 14 anos;9433
Indicador  3.7.2;45;48449;33;Rio de Janeiro;9433;2001;1143;15 a 19 anos;9433
Indicador  3.7.2;45;46781;33;Rio de Janeiro;9433;2002;3518;10 a 19 anos;9433
Indicador  3.7.2;45;1952;33;Rio de Janeiro;9433;2002;1142;10 a 14 anos;9433
Indicador  3.7.2;45;44829;33;Rio de Janeiro;9433;2002;1143;15 a 19 anos;9433
Indicador  3.7.2;45;45122;33;Rio de Janeiro;9433;2003;3518;10 a 19 anos;9433
Indicador  3.7.2;45;1923;33;Rio de Janeiro;9433;2003;1142;10 a 14 anos;9433
Indicador  3.7.2;45;43199;33;Rio de Janeiro;9433;2003;1143;15 a 19 anos;9433
Indicador  3.7.2;45;43636;33;Rio de Janeiro;9433;2004;3518;10 a 19 anos;9433
Indicador  3.7.2;45;1755;33;Rio de Janeiro;9433;2004;1142;10 a 14 anos;9433
Indicador  3.7.2;45;41881;33;Rio de Janeiro;9433;2004;1143;15 a 19 anos;9433
Indicador  3.7.2;45;42521;33;Rio de Janeiro;9433;2005;3518;10 a 19 anos;9433
Indicador  3.7.2;45;1715;33;Rio de Janeiro;9433;2005;1142;10 a 14 anos;9433
Indicador  3.7.2;45;40806;33;Rio de Janeiro;9433;2005;1143;15 a 19 anos;9433
Indicador  3.7.2;45;41671;33;Rio de Janeiro;9433;2006;3518;10 a 19 anos;9433
Indicador  3.7.2;45;1760;33;Rio de Janeiro;9433;2006;1142;10 a 14 anos;9433
Indicador  3.7.2;45;39911;33;Rio de Janeiro;9433;2006;1143;15 a 19 anos;9433
Indicador  3.7.2;45;41230;33;Rio de Janeiro;9433;2007;3518;10 a 19 anos;9433
Indicador  3.7.2;45;1813;33;Rio de Janeiro;9433;2007;1142;10 a 14 anos;9433
Indicador  3.7.2;45;39417;33;Rio de Janeiro;9433;2007;1143;15 a 19 anos;9433
Indicador  3.7.2;45;40175;33;Rio de Janeiro;9433;2008;3518;10 a 19 anos;9433
Indicador  3.7.2;45;1852;33;Rio de Janeiro;9433;2008;1142;10 a 14 anos;9433
Indicador  3.7.2;45;38323;33;Rio de Janeiro;9433;2008;1143;15 a 19 anos;9433
Indicador  3.7.2;45;39321;33;Rio de Janeiro;9433;2009;3518;10 a 19 anos;9433
Indicador  3.7.2;45;1717;33;Rio de Janeiro;9433;2009;1142;10 a 14 anos;9433
Indicador  3.7.2;45;37604;33;Rio de Janeiro;9433;2009;1143;15 a 19 anos;9433
Indicador  3.7.2;45;38264;33;Rio de Janeiro;9433;2010;3518;10 a 19 anos;9433
Indicador  3.7.2;45;1678;33;Rio de Janeiro;9433;2010;1142;10 a 14 anos;9433
Indicador  3.7.2;45;36586;33;Rio de Janeiro;9433;2010;1143;15 a 19 anos;9433
Indicador  3.7.2;45;39673;33;Rio de Janeiro;9433;2011;3518;10 a 19 anos;9433
Indicador  3.7.2;45;1751;33;Rio de Janeiro;9433;2011;1142;10 a 14 anos;9433
Indicador  3.7.2;45;37922;33;Rio de Janeiro;9433;2011;1143;15 a 19 anos;9433
Indicador  3.7.2;45;40880;33;Rio de Janeiro;9433;2012;3518;10 a 19 anos;9433
Indicador  3.7.2;45;1835;33;Rio de Janeiro;9433;2012;1142;10 a 14 anos;9433
Indicador  3.7.2;45;39045;33;Rio de Janeiro;9433;2012;1143;15 a 19 anos;9433
Indicador  3.7.2;45;41280;33;Rio de Janeiro;9433;2013;3518;10 a 19 anos;9433
Indicador  3.7.2;45;1869;33;Rio de Janeiro;9433;2013;1142;10 a 14 anos;9433
Indicador  3.7.2;45;39411;33;Rio de Janeiro;9433;2013;1143;15 a 19 anos;9433
Indicador  3.7.2;45;41796;33;Rio de Janeiro;9433;2014;3518;10 a 19 anos;9433
Indicador  3.7.2;45;1980;33;Rio de Janeiro;9433;2014;1142;10 a 14 anos;9433
Indicador  3.7.2;45;39816;33;Rio de Janeiro;9433;2014;1143;15 a 19 anos;9433
Indicador  3.7.2;45;40705;33;Rio de Janeiro;9433;2015;3518;10 a 19 anos;9433
Indicador  3.7.2;45;1849;33;Rio de Janeiro;9433;2015;1142;10 a 14 anos;9433
Indicador  3.7.2;45;38856;33;Rio de Janeiro;9433;2015;1143;15 a 19 anos;9433
Indicador  3.7.2;45;36371;33;Rio de Janeiro;9433;2016;3518;10 a 19 anos;9433
Indicador  3.7.2;45;1558;33;Rio de Janeiro;9433;2016;1142;10 a 14 anos;9433
Indicador  3.7.2;45;34813;33;Rio de Janeiro;9433;2016;1143;15 a 19 anos;9433
Indicador  3.7.2;45;35236;33;Rio de Janeiro;9433;2017;3518;10 a 19 anos;9433
Indicador  3.7.2;45;1479;33;Rio de Janeiro;9433;2017;1142;10 a 14 anos;9433
Indicador  3.7.2;45;33757;33;Rio de Janeiro;9433;2017;1143;15 a 19 anos;9433
Indicador  3.7.2;45;32280;33;Rio de Janeiro;9433;2018;3518;10 a 19 anos;9433
Indicador  3.7.2;45;1393;33;Rio de Janeiro;9433;2018;1142;10 a 14 anos;9433
Indicador  3.7.2;45;30887;33;Rio de Janeiro;9433;2018;1143;15 a 19 anos;9433
Indicador  3.7.2;45;28816;33;Rio de Janeiro;9433;2019;3518;10 a 19 anos;9433
Indicador  3.7.2;45;1245;33;Rio de Janeiro;9433;2019;1142;10 a 14 anos;9433
Indicador  3.7.2;45;27571;33;Rio de Janeiro;9433;2019;1143;15 a 19 anos;9433
Indicador  3.7.2;45;26549;33;Rio de Janeiro;9433;2020;3518;10 a 19 anos;9433
Indicador  3.7.2;45;1128;33;Rio de Janeiro;9433;2020;1142;10 a 14 anos;9433
Indicador  3.7.2;45;25421;33;Rio de Janeiro;9433;2020;1143;15 a 19 anos;9433
Indicador  3.7.2;45;23393;33;Rio de Janeiro;9433;2021;3518;10 a 19 anos;9433
Indicador  3.7.2;45;982;33;Rio de Janeiro;9433;2021;1142;10 a 14 anos;9433
Indicador  3.7.2;45;22411;33;Rio de Janeiro;9433;2021;1143;15 a 19 anos;9433
Indicador  3.7.2;45;20131;33;Rio de Janeiro;9433;2022;3518;10 a 19 anos;9433
Indicador  3.7.2;45;778;33;Rio de Janeiro;9433;2022;1142;10 a 14 anos;9433
Indicador  3.7.2;45;19353;33;Rio de Janeiro;9433;2022;1143;15 a 19 anos;9433
Indicador  3.7.2;45;133604;35;São Paulo;9433;2000;3518;10 a 19 anos;9433
Indicador  3.7.2;45;4031;35;São Paulo;9433;2000;1142;10 a 14 anos;9433
Indicador  3.7.2;45;129573;35;São Paulo;9433;2000;1143;15 a 19 anos;9433
Indicador  3.7.2;45;120280;35;São Paulo;9433;2001;3518;10 a 19 anos;9433
Indicador  3.7.2;45;3529;35;São Paulo;9433;2001;1142;10 a 14 anos;9433
Indicador  3.7.2;45;116751;35;São Paulo;9433;2001;1143;15 a 19 anos;9433
Indicador  3.7.2;45;114448;35;São Paulo;9433;2002;3518;10 a 19 anos;9433
Indicador  3.7.2;45;3681;35;São Paulo;9433;2002;1142;10 a 14 anos;9433
Indicador  3.7.2;45;110767;35;São Paulo;9433;2002;1143;15 a 19 anos;9433
Indicador  3.7.2;45;106438;35;São Paulo;9433;2003;3518;10 a 19 anos;9433
Indicador  3.7.2;45;3337;35;São Paulo;9433;2003;1142;10 a 14 anos;9433
Indicador  3.7.2;45;103101;35;São Paulo;9433;2003;1143;15 a 19 anos;9433
Indicador  3.7.2;45;104716;35;São Paulo;9433;2004;3518;10 a 19 anos;9433
Indicador  3.7.2;45;3131;35;São Paulo;9433;2004;1142;10 a 14 anos;9433
Indicador  3.7.2;45;101585;35;São Paulo;9433;2004;1143;15 a 19 anos;9433
Indicador  3.7.2;45;104919;35;São Paulo;9433;2005;3518;10 a 19 anos;9433
Indicador  3.7.2;45;3163;35;São Paulo;9433;2005;1142;10 a 14 anos;9433
Indicador  3.7.2;45;101756;35;São Paulo;9433;2005;1143;15 a 19 anos;9433
Indicador  3.7.2;45;101090;35;São Paulo;9433;2006;3518;10 a 19 anos;9433
Indicador  3.7.2;45;3458;35;São Paulo;9433;2006;1142;10 a 14 anos;9433
Indicador  3.7.2;45;97632;35;São Paulo;9433;2006;1143;15 a 19 anos;9433
Indicador  3.7.2;45;97351;35;São Paulo;9433;2007;3518;10 a 19 anos;9433
Indicador  3.7.2;45;3536;35;São Paulo;9433;2007;1142;10 a 14 anos;9433
Indicador  3.7.2;45;93815;35;São Paulo;9433;2007;1143;15 a 19 anos;9433
Indicador  3.7.2;45;94798;35;São Paulo;9433;2008;3518;10 a 19 anos;9433
Indicador  3.7.2;45;3652;35;São Paulo;9433;2008;1142;10 a 14 anos;9433
Indicador  3.7.2;45;91146;35;São Paulo;9433;2008;1143;15 a 19 anos;9433
Indicador  3.7.2;45;92811;35;São Paulo;9433;2009;3518;10 a 19 anos;9433
Indicador  3.7.2;45;3636;35;São Paulo;9433;2009;1142;10 a 14 anos;9433
Indicador  3.7.2;45;89175;35;São Paulo;9433;2009;1143;15 a 19 anos;9433
Indicador  3.7.2;45;89051;35;São Paulo;9433;2010;3518;10 a 19 anos;9433
Indicador  3.7.2;45;3347;35;São Paulo;9433;2010;1142;10 a 14 anos;9433
Indicador  3.7.2;45;85704;35;São Paulo;9433;2010;1143;15 a 19 anos;9433
Indicador  3.7.2;45;90125;35;São Paulo;9433;2011;3518;10 a 19 anos;9433
Indicador  3.7.2;45;3315;35;São Paulo;9433;2011;1142;10 a 14 anos;9433
Indicador  3.7.2;45;86810;35;São Paulo;9433;2011;1143;15 a 19 anos;9433
Indicador  3.7.2;45;91525;35;São Paulo;9433;2012;3518;10 a 19 anos;9433
Indicador  3.7.2;45;3547;35;São Paulo;9433;2012;1142;10 a 14 anos;9433
Indicador  3.7.2;45;87978;35;São Paulo;9433;2012;1143;15 a 19 anos;9433
Indicador  3.7.2;45;91216;35;São Paulo;9433;2013;3518;10 a 19 anos;9433
Indicador  3.7.2;45;3472;35;São Paulo;9433;2013;1142;10 a 14 anos;9433
Indicador  3.7.2;45;87744;35;São Paulo;9433;2013;1143;15 a 19 anos;9433
Indicador  3.7.2;45;91085;35;São Paulo;9433;2014;3518;10 a 19 anos;9433
Indicador  3.7.2;45;3604;35;São Paulo;9433;2014;1142;10 a 14 anos;9433
Indicador  3.7.2;45;87481;35;São Paulo;9433;2014;1143;15 a 19 anos;9433
Indicador  3.7.2;45;87650;35;São Paulo;9433;2015;3518;10 a 19 anos;9433
Indicador  3.7.2;45;3187;35;São Paulo;9433;2015;1142;10 a 14 anos;9433
Indicador  3.7.2;45;84463;35;São Paulo;9433;2015;1143;15 a 19 anos;9433
Indicador  3.7.2;45;79297;35;São Paulo;9433;2016;3518;10 a 19 anos;9433
Indicador  3.7.2;45;2690;35;São Paulo;9433;2016;1142;10 a 14 anos;9433
Indicador  3.7.2;45;76607;35;São Paulo;9433;2016;1143;15 a 19 anos;9433
Indicador  3.7.2;45;74058;35;São Paulo;9433;2017;3518;10 a 19 anos;9433
Indicador  3.7.2;45;2432;35;São Paulo;9433;2017;1142;10 a 14 anos;9433
Indicador  3.7.2;45;71626;35;São Paulo;9433;2017;1143;15 a 19 anos;9433
Indicador  3.7.2;45;67874;35;São Paulo;9433;2018;3518;10 a 19 anos;9433
Indicador  3.7.2;45;2289;35;São Paulo;9433;2018;1142;10 a 14 anos;9433
Indicador  3.7.2;45;65585;35;São Paulo;9433;2018;1143;15 a 19 anos;9433
Indicador  3.7.2;45;60798;35;São Paulo;9433;2019;3518;10 a 19 anos;9433
Indicador  3.7.2;45;1961;35;São Paulo;9433;2019;1142;10 a 14 anos;9433
Indicador  3.7.2;45;58837;35;São Paulo;9433;2019;1143;15 a 19 anos;9433
Indicador  3.7.2;45;54250;35;São Paulo;9433;2020;3518;10 a 19 anos;9433
Indicador  3.7.2;45;1772;35;São Paulo;9433;2020;1142;10 a 14 anos;9433
Indicador  3.7.2;45;52478;35;São Paulo;9433;2020;1143;15 a 19 anos;9433
Indicador  3.7.2;45;49091;35;São Paulo;9433;2021;3518;10 a 19 anos;9433
Indicador  3.7.2;45;1661;35;São Paulo;9433;2021;1142;10 a 14 anos;9433
Indicador  3.7.2;45;47430;35;São Paulo;9433;2021;1143;15 a 19 anos;9433
Indicador  3.7.2;45;43247;35;São Paulo;9433;2022;3518;10 a 19 anos;9433
Indicador  3.7.2;45;1398;35;São Paulo;9433;2022;1142;10 a 14 anos;9433
Indicador  3.7.2;45;41849;35;São Paulo;9433;2022;1143;15 a 19 anos;9433
Indicador  3.7.2;45;40174;41;Paraná;9433;2000;3518;10 a 19 anos;9433
Indicador  3.7.2;45;1529;41;Paraná;9433;2000;1142;10 a 14 anos;9433
Indicador  3.7.2;45;38645;41;Paraná;9433;2000;1143;15 a 19 anos;9433
Indicador  3.7.2;45;37417;41;Paraná;9433;2001;3518;10 a 19 anos;9433
Indicador  3.7.2;45;1478;41;Paraná;9433;2001;1142;10 a 14 anos;9433
Indicador  3.7.2;45;35939;41;Paraná;9433;2001;1143;15 a 19 anos;9433
Indicador  3.7.2;45;35597;41;Paraná;9433;2002;3518;10 a 19 anos;9433
Indicador  3.7.2;45;1456;41;Paraná;9433;2002;1142;10 a 14 anos;9433
Indicador  3.7.2;45;34141;41;Paraná;9433;2002;1143;15 a 19 anos;9433
Indicador  3.7.2;45;32774;41;Paraná;9433;2003;3518;10 a 19 anos;9433
Indicador  3.7.2;45;1288;41;Paraná;9433;2003;1142;10 a 14 anos;9433
Indicador  3.7.2;45;31486;41;Paraná;9433;2003;1143;15 a 19 anos;9433
Indicador  3.7.2;45;32996;41;Paraná;9433;2004;3518;10 a 19 anos;9433
Indicador  3.7.2;45;1308;41;Paraná;9433;2004;1142;10 a 14 anos;9433
Indicador  3.7.2;45;31688;41;Paraná;9433;2004;1143;15 a 19 anos;9433
Indicador  3.7.2;45;33185;41;Paraná;9433;2005;3518;10 a 19 anos;9433
Indicador  3.7.2;45;1382;41;Paraná;9433;2005;1142;10 a 14 anos;9433
Indicador  3.7.2;45;31803;41;Paraná;9433;2005;1143;15 a 19 anos;9433
Indicador  3.7.2;45;31751;41;Paraná;9433;2006;3518;10 a 19 anos;9433
Indicador  3.7.2;45;1358;41;Paraná;9433;2006;1142;10 a 14 anos;9433
Indicador  3.7.2;45;30393;41;Paraná;9433;2006;1143;15 a 19 anos;9433
Indicador  3.7.2;45;29729;41;Paraná;9433;2007;3518;10 a 19 anos;9433
Indicador  3.7.2;45;1328;41;Paraná;9433;2007;1142;10 a 14 anos;9433
Indicador  3.7.2;45;28401;41;Paraná;9433;2007;1143;15 a 19 anos;9433
Indicador  3.7.2;45;29701;41;Paraná;9433;2008;3518;10 a 19 anos;9433
Indicador  3.7.2;45;1336;41;Paraná;9433;2008;1142;10 a 14 anos;9433
Indicador  3.7.2;45;28365;41;Paraná;9433;2008;1143;15 a 19 anos;9433
Indicador  3.7.2;45;29724;41;Paraná;9433;2009;3518;10 a 19 anos;9433
Indicador  3.7.2;45;1380;41;Paraná;9433;2009;1142;10 a 14 anos;9433
Indicador  3.7.2;45;28344;41;Paraná;9433;2009;1143;15 a 19 anos;9433
Indicador  3.7.2;45;29045;41;Paraná;9433;2010;3518;10 a 19 anos;9433
Indicador  3.7.2;45;1284;41;Paraná;9433;2010;1142;10 a 14 anos;9433
Indicador  3.7.2;45;27761;41;Paraná;9433;2010;1143;15 a 19 anos;9433
Indicador  3.7.2;45;28508;41;Paraná;9433;2011;3518;10 a 19 anos;9433
Indicador  3.7.2;45;1214;41;Paraná;9433;2011;1142;10 a 14 anos;9433
Indicador  3.7.2;45;27294;41;Paraná;9433;2011;1143;15 a 19 anos;9433
Indicador  3.7.2;45;28610;41;Paraná;9433;2012;3518;10 a 19 anos;9433
Indicador  3.7.2;45;1320;41;Paraná;9433;2012;1142;10 a 14 anos;9433
Indicador  3.7.2;45;27290;41;Paraná;9433;2012;1143;15 a 19 anos;9433
Indicador  3.7.2;45;28984;41;Paraná;9433;2013;3518;10 a 19 anos;9433
Indicador  3.7.2;45;1268;41;Paraná;9433;2013;1142;10 a 14 anos;9433
Indicador  3.7.2;45;27716;41;Paraná;9433;2013;1143;15 a 19 anos;9433
Indicador  3.7.2;45;28643;41;Paraná;9433;2014;3518;10 a 19 anos;9433
Indicador  3.7.2;45;1327;41;Paraná;9433;2014;1142;10 a 14 anos;9433
Indicador  3.7.2;45;27316;41;Paraná;9433;2014;1143;15 a 19 anos;9433
Indicador  3.7.2;45;27107;41;Paraná;9433;2015;3518;10 a 19 anos;9433
Indicador  3.7.2;45;1169;41;Paraná;9433;2015;1142;10 a 14 anos;9433
Indicador  3.7.2;45;25938;41;Paraná;9433;2015;1143;15 a 19 anos;9433
Indicador  3.7.2;45;24006;41;Paraná;9433;2016;3518;10 a 19 anos;9433
Indicador  3.7.2;45;943;41;Paraná;9433;2016;1142;10 a 14 anos;9433
Indicador  3.7.2;45;23063;41;Paraná;9433;2016;1143;15 a 19 anos;9433
Indicador  3.7.2;45;22321;41;Paraná;9433;2017;3518;10 a 19 anos;9433
Indicador  3.7.2;45;877;41;Paraná;9433;2017;1142;10 a 14 anos;9433
Indicador  3.7.2;45;21444;41;Paraná;9433;2017;1143;15 a 19 anos;9433
Indicador  3.7.2;45;20620;41;Paraná;9433;2018;3518;10 a 19 anos;9433
Indicador  3.7.2;45;751;41;Paraná;9433;2018;1142;10 a 14 anos;9433
Indicador  3.7.2;45;19869;41;Paraná;9433;2018;1143;15 a 19 anos;9433
Indicador  3.7.2;45;18881;41;Paraná;9433;2019;3518;10 a 19 anos;9433
Indicador  3.7.2;45;714;41;Paraná;9433;2019;1142;10 a 14 anos;9433
Indicador  3.7.2;45;18167;41;Paraná;9433;2019;1143;15 a 19 anos;9433
Indicador  3.7.2;45;16587;41;Paraná;9433;2020;3518;10 a 19 anos;9433
Indicador  3.7.2;45;629;41;Paraná;9433;2020;1142;10 a 14 anos;9433
Indicador  3.7.2;45;15958;41;Paraná;9433;2020;1143;15 a 19 anos;9433
Indicador  3.7.2;45;15790;41;Paraná;9433;2021;3518;10 a 19 anos;9433
Indicador  3.7.2;45;604;41;Paraná;9433;2021;1142;10 a 14 anos;9433
Indicador  3.7.2;45;15186;41;Paraná;9433;2021;1143;15 a 19 anos;9433
Indicador  3.7.2;45;14131;41;Paraná;9433;2022;3518;10 a 19 anos;9433
Indicador  3.7.2;45;474;41;Paraná;9433;2022;1142;10 a 14 anos;9433
Indicador  3.7.2;45;13657;41;Paraná;9433;2022;1143;15 a 19 anos;9433
Indicador  3.7.2;45;19679;42;Santa Catarina;9433;2000;3518;10 a 19 anos;9433
Indicador  3.7.2;45;623;42;Santa Catarina;9433;2000;1142;10 a 14 anos;9433
Indicador  3.7.2;45;19056;42;Santa Catarina;9433;2000;1143;15 a 19 anos;9433
Indicador  3.7.2;45;18067;42;Santa Catarina;9433;2001;3518;10 a 19 anos;9433
Indicador  3.7.2;45;585;42;Santa Catarina;9433;2001;1142;10 a 14 anos;9433
Indicador  3.7.2;45;17482;42;Santa Catarina;9433;2001;1143;15 a 19 anos;9433
Indicador  3.7.2;45;17049;42;Santa Catarina;9433;2002;3518;10 a 19 anos;9433
Indicador  3.7.2;45;561;42;Santa Catarina;9433;2002;1142;10 a 14 anos;9433
Indicador  3.7.2;45;16488;42;Santa Catarina;9433;2002;1143;15 a 19 anos;9433
Indicador  3.7.2;45;15944;42;Santa Catarina;9433;2003;3518;10 a 19 anos;9433
Indicador  3.7.2;45;523;42;Santa Catarina;9433;2003;1142;10 a 14 anos;9433
Indicador  3.7.2;45;15421;42;Santa Catarina;9433;2003;1143;15 a 19 anos;9433
Indicador  3.7.2;45;16086;42;Santa Catarina;9433;2004;3518;10 a 19 anos;9433
Indicador  3.7.2;45;522;42;Santa Catarina;9433;2004;1142;10 a 14 anos;9433
Indicador  3.7.2;45;15564;42;Santa Catarina;9433;2004;1143;15 a 19 anos;9433
Indicador  3.7.2;45;15616;42;Santa Catarina;9433;2005;3518;10 a 19 anos;9433
Indicador  3.7.2;45;530;42;Santa Catarina;9433;2005;1142;10 a 14 anos;9433
Indicador  3.7.2;45;15086;42;Santa Catarina;9433;2005;1143;15 a 19 anos;9433
Indicador  3.7.2;45;15343;42;Santa Catarina;9433;2006;3518;10 a 19 anos;9433
Indicador  3.7.2;45;557;42;Santa Catarina;9433;2006;1142;10 a 14 anos;9433
Indicador  3.7.2;45;14786;42;Santa Catarina;9433;2006;1143;15 a 19 anos;9433
Indicador  3.7.2;45;14971;42;Santa Catarina;9433;2007;3518;10 a 19 anos;9433
Indicador  3.7.2;45;532;42;Santa Catarina;9433;2007;1142;10 a 14 anos;9433
Indicador  3.7.2;45;14439;42;Santa Catarina;9433;2007;1143;15 a 19 anos;9433
Indicador  3.7.2;45;15004;42;Santa Catarina;9433;2008;3518;10 a 19 anos;9433
Indicador  3.7.2;45;570;42;Santa Catarina;9433;2008;1142;10 a 14 anos;9433
Indicador  3.7.2;45;14434;42;Santa Catarina;9433;2008;1143;15 a 19 anos;9433
Indicador  3.7.2;45;14113;42;Santa Catarina;9433;2009;3518;10 a 19 anos;9433
Indicador  3.7.2;45;550;42;Santa Catarina;9433;2009;1142;10 a 14 anos;9433
Indicador  3.7.2;45;13563;42;Santa Catarina;9433;2009;1143;15 a 19 anos;9433
Indicador  3.7.2;45;13911;42;Santa Catarina;9433;2010;3518;10 a 19 anos;9433
Indicador  3.7.2;45;544;42;Santa Catarina;9433;2010;1142;10 a 14 anos;9433
Indicador  3.7.2;45;13367;42;Santa Catarina;9433;2010;1143;15 a 19 anos;9433
Indicador  3.7.2;45;14092;42;Santa Catarina;9433;2011;3518;10 a 19 anos;9433
Indicador  3.7.2;45;565;42;Santa Catarina;9433;2011;1142;10 a 14 anos;9433
Indicador  3.7.2;45;13527;42;Santa Catarina;9433;2011;1143;15 a 19 anos;9433
Indicador  3.7.2;45;14054;42;Santa Catarina;9433;2012;3518;10 a 19 anos;9433
Indicador  3.7.2;45;555;42;Santa Catarina;9433;2012;1142;10 a 14 anos;9433
Indicador  3.7.2;45;13499;42;Santa Catarina;9433;2012;1143;15 a 19 anos;9433
Indicador  3.7.2;45;14071;42;Santa Catarina;9433;2013;3518;10 a 19 anos;9433
Indicador  3.7.2;45;524;42;Santa Catarina;9433;2013;1142;10 a 14 anos;9433
Indicador  3.7.2;45;13547;42;Santa Catarina;9433;2013;1143;15 a 19 anos;9433
Indicador  3.7.2;45;14036;42;Santa Catarina;9433;2014;3518;10 a 19 anos;9433
Indicador  3.7.2;45;602;42;Santa Catarina;9433;2014;1142;10 a 14 anos;9433
Indicador  3.7.2;45;13434;42;Santa Catarina;9433;2014;1143;15 a 19 anos;9433
Indicador  3.7.2;45;13889;42;Santa Catarina;9433;2015;3518;10 a 19 anos;9433
Indicador  3.7.2;45;453;42;Santa Catarina;9433;2015;1142;10 a 14 anos;9433
Indicador  3.7.2;45;13436;42;Santa Catarina;9433;2015;1143;15 a 19 anos;9433
Indicador  3.7.2;45;12502;42;Santa Catarina;9433;2016;3518;10 a 19 anos;9433
Indicador  3.7.2;45;451;42;Santa Catarina;9433;2016;1142;10 a 14 anos;9433
Indicador  3.7.2;45;12051;42;Santa Catarina;9433;2016;1143;15 a 19 anos;9433
Indicador  3.7.2;45;11691;42;Santa Catarina;9433;2017;3518;10 a 19 anos;9433
Indicador  3.7.2;45;377;42;Santa Catarina;9433;2017;1142;10 a 14 anos;9433
Indicador  3.7.2;45;11314;42;Santa Catarina;9433;2017;1143;15 a 19 anos;9433
Indicador  3.7.2;45;10903;42;Santa Catarina;9433;2018;3518;10 a 19 anos;9433
Indicador  3.7.2;45;322;42;Santa Catarina;9433;2018;1142;10 a 14 anos;9433
Indicador  3.7.2;45;10581;42;Santa Catarina;9433;2018;1143;15 a 19 anos;9433
Indicador  3.7.2;45;10153;42;Santa Catarina;9433;2019;3518;10 a 19 anos;9433
Indicador  3.7.2;45;308;42;Santa Catarina;9433;2019;1142;10 a 14 anos;9433
Indicador  3.7.2;45;9845;42;Santa Catarina;9433;2019;1143;15 a 19 anos;9433
Indicador  3.7.2;45;9371;42;Santa Catarina;9433;2020;3518;10 a 19 anos;9433
Indicador  3.7.2;45;305;42;Santa Catarina;9433;2020;1142;10 a 14 anos;9433
Indicador  3.7.2;45;9066;42;Santa Catarina;9433;2020;1143;15 a 19 anos;9433
Indicador  3.7.2;45;8788;42;Santa Catarina;9433;2021;3518;10 a 19 anos;9433
Indicador  3.7.2;45;258;42;Santa Catarina;9433;2021;1142;10 a 14 anos;9433
Indicador  3.7.2;45;8530;42;Santa Catarina;9433;2021;1143;15 a 19 anos;9433
Indicador  3.7.2;45;8454;42;Santa Catarina;9433;2022;3518;10 a 19 anos;9433
Indicador  3.7.2;45;234;42;Santa Catarina;9433;2022;1142;10 a 14 anos;9433
Indicador  3.7.2;45;8220;42;Santa Catarina;9433;2022;1143;15 a 19 anos;9433
Indicador  3.7.2;45;35840;43;Rio Grande do Sul;9433;2000;3518;10 a 19 anos;9433
Indicador  3.7.2;45;1520;43;Rio Grande do Sul;9433;2000;1142;10 a 14 anos;9433
Indicador  3.7.2;45;34320;43;Rio Grande do Sul;9433;2000;1143;15 a 19 anos;9433
Indicador  3.7.2;45;32388;43;Rio Grande do Sul;9433;2001;3518;10 a 19 anos;9433
Indicador  3.7.2;45;1228;43;Rio Grande do Sul;9433;2001;1142;10 a 14 anos;9433
Indicador  3.7.2;45;31160;43;Rio Grande do Sul;9433;2001;1143;15 a 19 anos;9433
Indicador  3.7.2;45;30553;43;Rio Grande do Sul;9433;2002;3518;10 a 19 anos;9433
Indicador  3.7.2;45;1236;43;Rio Grande do Sul;9433;2002;1142;10 a 14 anos;9433
Indicador  3.7.2;45;29317;43;Rio Grande do Sul;9433;2002;1143;15 a 19 anos;9433
Indicador  3.7.2;45;28479;43;Rio Grande do Sul;9433;2003;3518;10 a 19 anos;9433
Indicador  3.7.2;45;1185;43;Rio Grande do Sul;9433;2003;1142;10 a 14 anos;9433
Indicador  3.7.2;45;27294;43;Rio Grande do Sul;9433;2003;1143;15 a 19 anos;9433
Indicador  3.7.2;45;28335;43;Rio Grande do Sul;9433;2004;3518;10 a 19 anos;9433
Indicador  3.7.2;45;1236;43;Rio Grande do Sul;9433;2004;1142;10 a 14 anos;9433
Indicador  3.7.2;45;27099;43;Rio Grande do Sul;9433;2004;1143;15 a 19 anos;9433
Indicador  3.7.2;45;27506;43;Rio Grande do Sul;9433;2005;3518;10 a 19 anos;9433
Indicador  3.7.2;45;1123;43;Rio Grande do Sul;9433;2005;1142;10 a 14 anos;9433
Indicador  3.7.2;45;26383;43;Rio Grande do Sul;9433;2005;1143;15 a 19 anos;9433
Indicador  3.7.2;45;26046;43;Rio Grande do Sul;9433;2006;3518;10 a 19 anos;9433
Indicador  3.7.2;45;1115;43;Rio Grande do Sul;9433;2006;1142;10 a 14 anos;9433
Indicador  3.7.2;45;24931;43;Rio Grande do Sul;9433;2006;1143;15 a 19 anos;9433
Indicador  3.7.2;45;23748;43;Rio Grande do Sul;9433;2007;3518;10 a 19 anos;9433
Indicador  3.7.2;45;1027;43;Rio Grande do Sul;9433;2007;1142;10 a 14 anos;9433
Indicador  3.7.2;45;22721;43;Rio Grande do Sul;9433;2007;1143;15 a 19 anos;9433
Indicador  3.7.2;45;23520;43;Rio Grande do Sul;9433;2008;3518;10 a 19 anos;9433
Indicador  3.7.2;45;1096;43;Rio Grande do Sul;9433;2008;1142;10 a 14 anos;9433
Indicador  3.7.2;45;22424;43;Rio Grande do Sul;9433;2008;1143;15 a 19 anos;9433
Indicador  3.7.2;45;22645;43;Rio Grande do Sul;9433;2009;3518;10 a 19 anos;9433
Indicador  3.7.2;45;987;43;Rio Grande do Sul;9433;2009;1142;10 a 14 anos;9433
Indicador  3.7.2;45;21658;43;Rio Grande do Sul;9433;2009;1143;15 a 19 anos;9433
Indicador  3.7.2;45;21841;43;Rio Grande do Sul;9433;2010;3518;10 a 19 anos;9433
Indicador  3.7.2;45;937;43;Rio Grande do Sul;9433;2010;1142;10 a 14 anos;9433
Indicador  3.7.2;45;20904;43;Rio Grande do Sul;9433;2010;1143;15 a 19 anos;9433
Indicador  3.7.2;45;21995;43;Rio Grande do Sul;9433;2011;3518;10 a 19 anos;9433
Indicador  3.7.2;45;903;43;Rio Grande do Sul;9433;2011;1142;10 a 14 anos;9433
Indicador  3.7.2;45;21092;43;Rio Grande do Sul;9433;2011;1143;15 a 19 anos;9433
Indicador  3.7.2;45;22602;43;Rio Grande do Sul;9433;2012;3518;10 a 19 anos;9433
Indicador  3.7.2;45;914;43;Rio Grande do Sul;9433;2012;1142;10 a 14 anos;9433
Indicador  3.7.2;45;21688;43;Rio Grande do Sul;9433;2012;1143;15 a 19 anos;9433
Indicador  3.7.2;45;22624;43;Rio Grande do Sul;9433;2013;3518;10 a 19 anos;9433
Indicador  3.7.2;45;909;43;Rio Grande do Sul;9433;2013;1142;10 a 14 anos;9433
Indicador  3.7.2;45;21715;43;Rio Grande do Sul;9433;2013;1143;15 a 19 anos;9433
Indicador  3.7.2;45;22448;43;Rio Grande do Sul;9433;2014;3518;10 a 19 anos;9433
Indicador  3.7.2;45;938;43;Rio Grande do Sul;9433;2014;1142;10 a 14 anos;9433
Indicador  3.7.2;45;21510;43;Rio Grande do Sul;9433;2014;1143;15 a 19 anos;9433
Indicador  3.7.2;45;21569;43;Rio Grande do Sul;9433;2015;3518;10 a 19 anos;9433
Indicador  3.7.2;45;869;43;Rio Grande do Sul;9433;2015;1142;10 a 14 anos;9433
Indicador  3.7.2;45;20700;43;Rio Grande do Sul;9433;2015;1143;15 a 19 anos;9433
Indicador  3.7.2;45;19733;43;Rio Grande do Sul;9433;2016;3518;10 a 19 anos;9433
Indicador  3.7.2;45;765;43;Rio Grande do Sul;9433;2016;1142;10 a 14 anos;9433
Indicador  3.7.2;45;18968;43;Rio Grande do Sul;9433;2016;1143;15 a 19 anos;9433
Indicador  3.7.2;45;18163;43;Rio Grande do Sul;9433;2017;3518;10 a 19 anos;9433
Indicador  3.7.2;45;589;43;Rio Grande do Sul;9433;2017;1142;10 a 14 anos;9433
Indicador  3.7.2;45;17574;43;Rio Grande do Sul;9433;2017;1143;15 a 19 anos;9433
Indicador  3.7.2;45;16732;43;Rio Grande do Sul;9433;2018;3518;10 a 19 anos;9433
Indicador  3.7.2;45;574;43;Rio Grande do Sul;9433;2018;1142;10 a 14 anos;9433
Indicador  3.7.2;45;16158;43;Rio Grande do Sul;9433;2018;1143;15 a 19 anos;9433
Indicador  3.7.2;45;14931;43;Rio Grande do Sul;9433;2019;3518;10 a 19 anos;9433
Indicador  3.7.2;45;503;43;Rio Grande do Sul;9433;2019;1142;10 a 14 anos;9433
Indicador  3.7.2;45;14428;43;Rio Grande do Sul;9433;2019;1143;15 a 19 anos;9433
Indicador  3.7.2;45;13584;43;Rio Grande do Sul;9433;2020;3518;10 a 19 anos;9433
Indicador  3.7.2;45;476;43;Rio Grande do Sul;9433;2020;1142;10 a 14 anos;9433
Indicador  3.7.2;45;13108;43;Rio Grande do Sul;9433;2020;1143;15 a 19 anos;9433
Indicador  3.7.2;45;11943;43;Rio Grande do Sul;9433;2021;3518;10 a 19 anos;9433
Indicador  3.7.2;45;427;43;Rio Grande do Sul;9433;2021;1142;10 a 14 anos;9433
Indicador  3.7.2;45;11516;43;Rio Grande do Sul;9433;2021;1143;15 a 19 anos;9433
Indicador  3.7.2;45;10460;43;Rio Grande do Sul;9433;2022;3518;10 a 19 anos;9433
Indicador  3.7.2;45;307;43;Rio Grande do Sul;9433;2022;1142;10 a 14 anos;9433
Indicador  3.7.2;45;10153;43;Rio Grande do Sul;9433;2022;1143;15 a 19 anos;9433
Indicador  3.7.2;45;11384;50;Mato Grosso do Sul;9433;2000;3518;10 a 19 anos;9433
Indicador  3.7.2;45;590;50;Mato Grosso do Sul;9433;2000;1142;10 a 14 anos;9433
Indicador  3.7.2;45;10794;50;Mato Grosso do Sul;9433;2000;1143;15 a 19 anos;9433
Indicador  3.7.2;45;10986;50;Mato Grosso do Sul;9433;2001;3518;10 a 19 anos;9433
Indicador  3.7.2;45;549;50;Mato Grosso do Sul;9433;2001;1142;10 a 14 anos;9433
Indicador  3.7.2;45;10437;50;Mato Grosso do Sul;9433;2001;1143;15 a 19 anos;9433
Indicador  3.7.2;45;10639;50;Mato Grosso do Sul;9433;2002;3518;10 a 19 anos;9433
Indicador  3.7.2;45;549;50;Mato Grosso do Sul;9433;2002;1142;10 a 14 anos;9433
Indicador  3.7.2;45;10090;50;Mato Grosso do Sul;9433;2002;1143;15 a 19 anos;9433
Indicador  3.7.2;45;10050;50;Mato Grosso do Sul;9433;2003;3518;10 a 19 anos;9433
Indicador  3.7.2;45;525;50;Mato Grosso do Sul;9433;2003;1142;10 a 14 anos;9433
Indicador  3.7.2;45;9525;50;Mato Grosso do Sul;9433;2003;1143;15 a 19 anos;9433
Indicador  3.7.2;45;10299;50;Mato Grosso do Sul;9433;2004;3518;10 a 19 anos;9433
Indicador  3.7.2;45;586;50;Mato Grosso do Sul;9433;2004;1142;10 a 14 anos;9433
Indicador  3.7.2;45;9713;50;Mato Grosso do Sul;9433;2004;1143;15 a 19 anos;9433
Indicador  3.7.2;45;10286;50;Mato Grosso do Sul;9433;2005;3518;10 a 19 anos;9433
Indicador  3.7.2;45;523;50;Mato Grosso do Sul;9433;2005;1142;10 a 14 anos;9433
Indicador  3.7.2;45;9763;50;Mato Grosso do Sul;9433;2005;1143;15 a 19 anos;9433
Indicador  3.7.2;45;9570;50;Mato Grosso do Sul;9433;2006;3518;10 a 19 anos;9433
Indicador  3.7.2;45;514;50;Mato Grosso do Sul;9433;2006;1142;10 a 14 anos;9433
Indicador  3.7.2;45;9056;50;Mato Grosso do Sul;9433;2006;1143;15 a 19 anos;9433
Indicador  3.7.2;45;9200;50;Mato Grosso do Sul;9433;2007;3518;10 a 19 anos;9433
Indicador  3.7.2;45;514;50;Mato Grosso do Sul;9433;2007;1142;10 a 14 anos;9433
Indicador  3.7.2;45;8686;50;Mato Grosso do Sul;9433;2007;1143;15 a 19 anos;9433
Indicador  3.7.2;45;9578;50;Mato Grosso do Sul;9433;2008;3518;10 a 19 anos;9433
Indicador  3.7.2;45;560;50;Mato Grosso do Sul;9433;2008;1142;10 a 14 anos;9433
Indicador  3.7.2;45;9018;50;Mato Grosso do Sul;9433;2008;1143;15 a 19 anos;9433
Indicador  3.7.2;45;9298;50;Mato Grosso do Sul;9433;2009;3518;10 a 19 anos;9433
Indicador  3.7.2;45;546;50;Mato Grosso do Sul;9433;2009;1142;10 a 14 anos;9433
Indicador  3.7.2;45;8752;50;Mato Grosso do Sul;9433;2009;1143;15 a 19 anos;9433
Indicador  3.7.2;45;8989;50;Mato Grosso do Sul;9433;2010;3518;10 a 19 anos;9433
Indicador  3.7.2;45;524;50;Mato Grosso do Sul;9433;2010;1142;10 a 14 anos;9433
Indicador  3.7.2;45;8465;50;Mato Grosso do Sul;9433;2010;1143;15 a 19 anos;9433
Indicador  3.7.2;45;9352;50;Mato Grosso do Sul;9433;2011;3518;10 a 19 anos;9433
Indicador  3.7.2;45;526;50;Mato Grosso do Sul;9433;2011;1142;10 a 14 anos;9433
Indicador  3.7.2;45;8826;50;Mato Grosso do Sul;9433;2011;1143;15 a 19 anos;9433
Indicador  3.7.2;45;9358;50;Mato Grosso do Sul;9433;2012;3518;10 a 19 anos;9433
Indicador  3.7.2;45;543;50;Mato Grosso do Sul;9433;2012;1142;10 a 14 anos;9433
Indicador  3.7.2;45;8815;50;Mato Grosso do Sul;9433;2012;1143;15 a 19 anos;9433
Indicador  3.7.2;45;9175;50;Mato Grosso do Sul;9433;2013;3518;10 a 19 anos;9433
Indicador  3.7.2;45;531;50;Mato Grosso do Sul;9433;2013;1142;10 a 14 anos;9433
Indicador  3.7.2;45;8644;50;Mato Grosso do Sul;9433;2013;1143;15 a 19 anos;9433
Indicador  3.7.2;45;9536;50;Mato Grosso do Sul;9433;2014;3518;10 a 19 anos;9433
Indicador  3.7.2;45;555;50;Mato Grosso do Sul;9433;2014;1142;10 a 14 anos;9433
Indicador  3.7.2;45;8981;50;Mato Grosso do Sul;9433;2014;1143;15 a 19 anos;9433
Indicador  3.7.2;45;8817;50;Mato Grosso do Sul;9433;2015;3518;10 a 19 anos;9433
Indicador  3.7.2;45;512;50;Mato Grosso do Sul;9433;2015;1142;10 a 14 anos;9433
Indicador  3.7.2;45;8305;50;Mato Grosso do Sul;9433;2015;1143;15 a 19 anos;9433
Indicador  3.7.2;45;8076;50;Mato Grosso do Sul;9433;2016;3518;10 a 19 anos;9433
Indicador  3.7.2;45;463;50;Mato Grosso do Sul;9433;2016;1142;10 a 14 anos;9433
Indicador  3.7.2;45;7613;50;Mato Grosso do Sul;9433;2016;1143;15 a 19 anos;9433
Indicador  3.7.2;45;7897;50;Mato Grosso do Sul;9433;2017;3518;10 a 19 anos;9433
Indicador  3.7.2;45;475;50;Mato Grosso do Sul;9433;2017;1142;10 a 14 anos;9433
Indicador  3.7.2;45;7422;50;Mato Grosso do Sul;9433;2017;1143;15 a 19 anos;9433
Indicador  3.7.2;45;7447;50;Mato Grosso do Sul;9433;2018;3518;10 a 19 anos;9433
Indicador  3.7.2;45;391;50;Mato Grosso do Sul;9433;2018;1142;10 a 14 anos;9433
Indicador  3.7.2;45;7056;50;Mato Grosso do Sul;9433;2018;1143;15 a 19 anos;9433
Indicador  3.7.2;45;7068;50;Mato Grosso do Sul;9433;2019;3518;10 a 19 anos;9433
Indicador  3.7.2;45;372;50;Mato Grosso do Sul;9433;2019;1142;10 a 14 anos;9433
Indicador  3.7.2;45;6696;50;Mato Grosso do Sul;9433;2019;1143;15 a 19 anos;9433
Indicador  3.7.2;45;6302;50;Mato Grosso do Sul;9433;2020;3518;10 a 19 anos;9433
Indicador  3.7.2;45;355;50;Mato Grosso do Sul;9433;2020;1142;10 a 14 anos;9433
Indicador  3.7.2;45;5947;50;Mato Grosso do Sul;9433;2020;1143;15 a 19 anos;9433
Indicador  3.7.2;45;6305;50;Mato Grosso do Sul;9433;2021;3518;10 a 19 anos;9433
Indicador  3.7.2;45;327;50;Mato Grosso do Sul;9433;2021;1142;10 a 14 anos;9433
Indicador  3.7.2;45;5978;50;Mato Grosso do Sul;9433;2021;1143;15 a 19 anos;9433
Indicador  3.7.2;45;5766;50;Mato Grosso do Sul;9433;2022;3518;10 a 19 anos;9433
Indicador  3.7.2;45;271;50;Mato Grosso do Sul;9433;2022;1142;10 a 14 anos;9433
Indicador  3.7.2;45;5495;50;Mato Grosso do Sul;9433;2022;1143;15 a 19 anos;9433
Indicador  3.7.2;45;14688;51;Mato Grosso;9433;2000;3518;10 a 19 anos;9433
Indicador  3.7.2;45;705;51;Mato Grosso;9433;2000;1142;10 a 14 anos;9433
Indicador  3.7.2;45;13983;51;Mato Grosso;9433;2000;1143;15 a 19 anos;9433
Indicador  3.7.2;45;14090;51;Mato Grosso;9433;2001;3518;10 a 19 anos;9433
Indicador  3.7.2;45;668;51;Mato Grosso;9433;2001;1142;10 a 14 anos;9433
Indicador  3.7.2;45;13422;51;Mato Grosso;9433;2001;1143;15 a 19 anos;9433
Indicador  3.7.2;45;13285;51;Mato Grosso;9433;2002;3518;10 a 19 anos;9433
Indicador  3.7.2;45;602;51;Mato Grosso;9433;2002;1142;10 a 14 anos;9433
Indicador  3.7.2;45;12683;51;Mato Grosso;9433;2002;1143;15 a 19 anos;9433
Indicador  3.7.2;45;13384;51;Mato Grosso;9433;2003;3518;10 a 19 anos;9433
Indicador  3.7.2;45;650;51;Mato Grosso;9433;2003;1142;10 a 14 anos;9433
Indicador  3.7.2;45;12734;51;Mato Grosso;9433;2003;1143;15 a 19 anos;9433
Indicador  3.7.2;45;13622;51;Mato Grosso;9433;2004;3518;10 a 19 anos;9433
Indicador  3.7.2;45;606;51;Mato Grosso;9433;2004;1142;10 a 14 anos;9433
Indicador  3.7.2;45;13016;51;Mato Grosso;9433;2004;1143;15 a 19 anos;9433
Indicador  3.7.2;45;13609;51;Mato Grosso;9433;2005;3518;10 a 19 anos;9433
Indicador  3.7.2;45;666;51;Mato Grosso;9433;2005;1142;10 a 14 anos;9433
Indicador  3.7.2;45;12943;51;Mato Grosso;9433;2005;1143;15 a 19 anos;9433
Indicador  3.7.2;45;12492;51;Mato Grosso;9433;2006;3518;10 a 19 anos;9433
Indicador  3.7.2;45;657;51;Mato Grosso;9433;2006;1142;10 a 14 anos;9433
Indicador  3.7.2;45;11835;51;Mato Grosso;9433;2006;1143;15 a 19 anos;9433
Indicador  3.7.2;45;11555;51;Mato Grosso;9433;2007;3518;10 a 19 anos;9433
Indicador  3.7.2;45;604;51;Mato Grosso;9433;2007;1142;10 a 14 anos;9433
Indicador  3.7.2;45;10951;51;Mato Grosso;9433;2007;1143;15 a 19 anos;9433
Indicador  3.7.2;45;11572;51;Mato Grosso;9433;2008;3518;10 a 19 anos;9433
Indicador  3.7.2;45;603;51;Mato Grosso;9433;2008;1142;10 a 14 anos;9433
Indicador  3.7.2;45;10969;51;Mato Grosso;9433;2008;1143;15 a 19 anos;9433
Indicador  3.7.2;45;10973;51;Mato Grosso;9433;2009;3518;10 a 19 anos;9433
Indicador  3.7.2;45;593;51;Mato Grosso;9433;2009;1142;10 a 14 anos;9433
Indicador  3.7.2;45;10380;51;Mato Grosso;9433;2009;1143;15 a 19 anos;9433
Indicador  3.7.2;45;10801;51;Mato Grosso;9433;2010;3518;10 a 19 anos;9433
Indicador  3.7.2;45;560;51;Mato Grosso;9433;2010;1142;10 a 14 anos;9433
Indicador  3.7.2;45;10241;51;Mato Grosso;9433;2010;1143;15 a 19 anos;9433
Indicador  3.7.2;45;10855;51;Mato Grosso;9433;2011;3518;10 a 19 anos;9433
Indicador  3.7.2;45;541;51;Mato Grosso;9433;2011;1142;10 a 14 anos;9433
Indicador  3.7.2;45;10314;51;Mato Grosso;9433;2011;1143;15 a 19 anos;9433
Indicador  3.7.2;45;11153;51;Mato Grosso;9433;2012;3518;10 a 19 anos;9433
Indicador  3.7.2;45;563;51;Mato Grosso;9433;2012;1142;10 a 14 anos;9433
Indicador  3.7.2;45;10590;51;Mato Grosso;9433;2012;1143;15 a 19 anos;9433
Indicador  3.7.2;45;11275;51;Mato Grosso;9433;2013;3518;10 a 19 anos;9433
Indicador  3.7.2;45;613;51;Mato Grosso;9433;2013;1142;10 a 14 anos;9433
Indicador  3.7.2;45;10662;51;Mato Grosso;9433;2013;1143;15 a 19 anos;9433
Indicador  3.7.2;45;11548;51;Mato Grosso;9433;2014;3518;10 a 19 anos;9433
Indicador  3.7.2;45;664;51;Mato Grosso;9433;2014;1142;10 a 14 anos;9433
Indicador  3.7.2;45;10884;51;Mato Grosso;9433;2014;1143;15 a 19 anos;9433
Indicador  3.7.2;45;11092;51;Mato Grosso;9433;2015;3518;10 a 19 anos;9433
Indicador  3.7.2;45;557;51;Mato Grosso;9433;2015;1142;10 a 14 anos;9433
Indicador  3.7.2;45;10535;51;Mato Grosso;9433;2015;1143;15 a 19 anos;9433
Indicador  3.7.2;45;10048;51;Mato Grosso;9433;2016;3518;10 a 19 anos;9433
Indicador  3.7.2;45;544;51;Mato Grosso;9433;2016;1142;10 a 14 anos;9433
Indicador  3.7.2;45;9504;51;Mato Grosso;9433;2016;1143;15 a 19 anos;9433
Indicador  3.7.2;45;9948;51;Mato Grosso;9433;2017;3518;10 a 19 anos;9433
Indicador  3.7.2;45;518;51;Mato Grosso;9433;2017;1142;10 a 14 anos;9433
Indicador  3.7.2;45;9430;51;Mato Grosso;9433;2017;1143;15 a 19 anos;9433
Indicador  3.7.2;45;9563;51;Mato Grosso;9433;2018;3518;10 a 19 anos;9433
Indicador  3.7.2;45;488;51;Mato Grosso;9433;2018;1142;10 a 14 anos;9433
Indicador  3.7.2;45;9075;51;Mato Grosso;9433;2018;1143;15 a 19 anos;9433
Indicador  3.7.2;45;9407;51;Mato Grosso;9433;2019;3518;10 a 19 anos;9433
Indicador  3.7.2;45;491;51;Mato Grosso;9433;2019;1142;10 a 14 anos;9433
Indicador  3.7.2;45;8916;51;Mato Grosso;9433;2019;1143;15 a 19 anos;9433
Indicador  3.7.2;45;8763;51;Mato Grosso;9433;2020;3518;10 a 19 anos;9433
Indicador  3.7.2;45;445;51;Mato Grosso;9433;2020;1142;10 a 14 anos;9433
Indicador  3.7.2;45;8318;51;Mato Grosso;9433;2020;1143;15 a 19 anos;9433
Indicador  3.7.2;45;9015;51;Mato Grosso;9433;2021;3518;10 a 19 anos;9433
Indicador  3.7.2;45;491;51;Mato Grosso;9433;2021;1142;10 a 14 anos;9433
Indicador  3.7.2;45;8524;51;Mato Grosso;9433;2021;1143;15 a 19 anos;9433
Indicador  3.7.2;45;8285;51;Mato Grosso;9433;2022;3518;10 a 19 anos;9433
Indicador  3.7.2;45;427;51;Mato Grosso;9433;2022;1142;10 a 14 anos;9433
Indicador  3.7.2;45;7858;51;Mato Grosso;9433;2022;1143;15 a 19 anos;9433
Indicador  3.7.2;45;25092;52;Goiás;9433;2000;3518;10 a 19 anos;9433
Indicador  3.7.2;45;902;52;Goiás;9433;2000;1142;10 a 14 anos;9433
Indicador  3.7.2;45;24190;52;Goiás;9433;2000;1143;15 a 19 anos;9433
Indicador  3.7.2;45;23942;52;Goiás;9433;2001;3518;10 a 19 anos;9433
Indicador  3.7.2;45;875;52;Goiás;9433;2001;1142;10 a 14 anos;9433
Indicador  3.7.2;45;23067;52;Goiás;9433;2001;1143;15 a 19 anos;9433
Indicador  3.7.2;45;22833;52;Goiás;9433;2002;3518;10 a 19 anos;9433
Indicador  3.7.2;45;867;52;Goiás;9433;2002;1142;10 a 14 anos;9433
Indicador  3.7.2;45;21966;52;Goiás;9433;2002;1143;15 a 19 anos;9433
Indicador  3.7.2;45;21397;52;Goiás;9433;2003;3518;10 a 19 anos;9433
Indicador  3.7.2;45;782;52;Goiás;9433;2003;1142;10 a 14 anos;9433
Indicador  3.7.2;45;20615;52;Goiás;9433;2003;1143;15 a 19 anos;9433
Indicador  3.7.2;45;21041;52;Goiás;9433;2004;3518;10 a 19 anos;9433
Indicador  3.7.2;45;777;52;Goiás;9433;2004;1142;10 a 14 anos;9433
Indicador  3.7.2;45;20264;52;Goiás;9433;2004;1143;15 a 19 anos;9433
Indicador  3.7.2;45;20760;52;Goiás;9433;2005;3518;10 a 19 anos;9433
Indicador  3.7.2;45;786;52;Goiás;9433;2005;1142;10 a 14 anos;9433
Indicador  3.7.2;45;19974;52;Goiás;9433;2005;1143;15 a 19 anos;9433
Indicador  3.7.2;45;19471;52;Goiás;9433;2006;3518;10 a 19 anos;9433
Indicador  3.7.2;45;821;52;Goiás;9433;2006;1142;10 a 14 anos;9433
Indicador  3.7.2;45;18650;52;Goiás;9433;2006;1143;15 a 19 anos;9433
Indicador  3.7.2;45;18383;52;Goiás;9433;2007;3518;10 a 19 anos;9433
Indicador  3.7.2;45;775;52;Goiás;9433;2007;1142;10 a 14 anos;9433
Indicador  3.7.2;45;17608;52;Goiás;9433;2007;1143;15 a 19 anos;9433
Indicador  3.7.2;45;18067;52;Goiás;9433;2008;3518;10 a 19 anos;9433
Indicador  3.7.2;45;857;52;Goiás;9433;2008;1142;10 a 14 anos;9433
Indicador  3.7.2;45;17210;52;Goiás;9433;2008;1143;15 a 19 anos;9433
Indicador  3.7.2;45;17473;52;Goiás;9433;2009;3518;10 a 19 anos;9433
Indicador  3.7.2;45;812;52;Goiás;9433;2009;1142;10 a 14 anos;9433
Indicador  3.7.2;45;16661;52;Goiás;9433;2009;1143;15 a 19 anos;9433
Indicador  3.7.2;45;16871;52;Goiás;9433;2010;3518;10 a 19 anos;9433
Indicador  3.7.2;45;801;52;Goiás;9433;2010;1142;10 a 14 anos;9433
Indicador  3.7.2;45;16070;52;Goiás;9433;2010;1143;15 a 19 anos;9433
Indicador  3.7.2;45;17009;52;Goiás;9433;2011;3518;10 a 19 anos;9433
Indicador  3.7.2;45;761;52;Goiás;9433;2011;1142;10 a 14 anos;9433
Indicador  3.7.2;45;16248;52;Goiás;9433;2011;1143;15 a 19 anos;9433
Indicador  3.7.2;45;17595;52;Goiás;9433;2012;3518;10 a 19 anos;9433
Indicador  3.7.2;45;821;52;Goiás;9433;2012;1142;10 a 14 anos;9433
Indicador  3.7.2;45;16774;52;Goiás;9433;2012;1143;15 a 19 anos;9433
Indicador  3.7.2;45;18067;52;Goiás;9433;2013;3518;10 a 19 anos;9433
Indicador  3.7.2;45;816;52;Goiás;9433;2013;1142;10 a 14 anos;9433
Indicador  3.7.2;45;17251;52;Goiás;9433;2013;1143;15 a 19 anos;9433
Indicador  3.7.2;45;18506;52;Goiás;9433;2014;3518;10 a 19 anos;9433
Indicador  3.7.2;45;866;52;Goiás;9433;2014;1142;10 a 14 anos;9433
Indicador  3.7.2;45;17640;52;Goiás;9433;2014;1143;15 a 19 anos;9433
Indicador  3.7.2;45;17781;52;Goiás;9433;2015;3518;10 a 19 anos;9433
Indicador  3.7.2;45;774;52;Goiás;9433;2015;1142;10 a 14 anos;9433
Indicador  3.7.2;45;17007;52;Goiás;9433;2015;1143;15 a 19 anos;9433
Indicador  3.7.2;45;16489;52;Goiás;9433;2016;3518;10 a 19 anos;9433
Indicador  3.7.2;45;738;52;Goiás;9433;2016;1142;10 a 14 anos;9433
Indicador  3.7.2;45;15751;52;Goiás;9433;2016;1143;15 a 19 anos;9433
Indicador  3.7.2;45;15010;52;Goiás;9433;2017;3518;10 a 19 anos;9433
Indicador  3.7.2;45;597;52;Goiás;9433;2017;1142;10 a 14 anos;9433
Indicador  3.7.2;45;14413;52;Goiás;9433;2017;1143;15 a 19 anos;9433
Indicador  3.7.2;45;14280;52;Goiás;9433;2018;3518;10 a 19 anos;9433
Indicador  3.7.2;45;583;52;Goiás;9433;2018;1142;10 a 14 anos;9433
Indicador  3.7.2;45;13697;52;Goiás;9433;2018;1143;15 a 19 anos;9433
Indicador  3.7.2;45;13330;52;Goiás;9433;2019;3518;10 a 19 anos;9433
Indicador  3.7.2;45;530;52;Goiás;9433;2019;1142;10 a 14 anos;9433
Indicador  3.7.2;45;12800;52;Goiás;9433;2019;1143;15 a 19 anos;9433
Indicador  3.7.2;45;12204;52;Goiás;9433;2020;3518;10 a 19 anos;9433
Indicador  3.7.2;45;474;52;Goiás;9433;2020;1142;10 a 14 anos;9433
Indicador  3.7.2;45;11730;52;Goiás;9433;2020;1143;15 a 19 anos;9433
Indicador  3.7.2;45;11828;52;Goiás;9433;2021;3518;10 a 19 anos;9433
Indicador  3.7.2;45;452;52;Goiás;9433;2021;1142;10 a 14 anos;9433
Indicador  3.7.2;45;11376;52;Goiás;9433;2021;1143;15 a 19 anos;9433
Indicador  3.7.2;45;10603;52;Goiás;9433;2022;3518;10 a 19 anos;9433
Indicador  3.7.2;45;397;52;Goiás;9433;2022;1142;10 a 14 anos;9433
Indicador  3.7.2;45;10206;52;Goiás;9433;2022;1143;15 a 19 anos;9433
Indicador  3.7.2;45;9505;53;Distrito Federal;9433;2000;3518;10 a 19 anos;9433
Indicador  3.7.2;45;273;53;Distrito Federal;9433;2000;1142;10 a 14 anos;9433
Indicador  3.7.2;45;9232;53;Distrito Federal;9433;2000;1143;15 a 19 anos;9433
Indicador  3.7.2;45;8833;53;Distrito Federal;9433;2001;3518;10 a 19 anos;9433
Indicador  3.7.2;45;282;53;Distrito Federal;9433;2001;1142;10 a 14 anos;9433
Indicador  3.7.2;45;8551;53;Distrito Federal;9433;2001;1143;15 a 19 anos;9433
Indicador  3.7.2;45;8085;53;Distrito Federal;9433;2002;3518;10 a 19 anos;9433
Indicador  3.7.2;45;259;53;Distrito Federal;9433;2002;1142;10 a 14 anos;9433
Indicador  3.7.2;45;7826;53;Distrito Federal;9433;2002;1143;15 a 19 anos;9433
Indicador  3.7.2;45;7774;53;Distrito Federal;9433;2003;3518;10 a 19 anos;9433
Indicador  3.7.2;45;256;53;Distrito Federal;9433;2003;1142;10 a 14 anos;9433
Indicador  3.7.2;45;7518;53;Distrito Federal;9433;2003;1143;15 a 19 anos;9433
Indicador  3.7.2;45;7397;53;Distrito Federal;9433;2004;3518;10 a 19 anos;9433
Indicador  3.7.2;45;229;53;Distrito Federal;9433;2004;1142;10 a 14 anos;9433
Indicador  3.7.2;45;7168;53;Distrito Federal;9433;2004;1143;15 a 19 anos;9433
Indicador  3.7.2;45;7263;53;Distrito Federal;9433;2005;3518;10 a 19 anos;9433
Indicador  3.7.2;45;234;53;Distrito Federal;9433;2005;1142;10 a 14 anos;9433
Indicador  3.7.2;45;7029;53;Distrito Federal;9433;2005;1143;15 a 19 anos;9433
Indicador  3.7.2;45;6983;53;Distrito Federal;9433;2006;3518;10 a 19 anos;9433
Indicador  3.7.2;45;240;53;Distrito Federal;9433;2006;1142;10 a 14 anos;9433
Indicador  3.7.2;45;6743;53;Distrito Federal;9433;2006;1143;15 a 19 anos;9433
Indicador  3.7.2;45;6530;53;Distrito Federal;9433;2007;3518;10 a 19 anos;9433
Indicador  3.7.2;45;240;53;Distrito Federal;9433;2007;1142;10 a 14 anos;9433
Indicador  3.7.2;45;6290;53;Distrito Federal;9433;2007;1143;15 a 19 anos;9433
Indicador  3.7.2;45;6293;53;Distrito Federal;9433;2008;3518;10 a 19 anos;9433
Indicador  3.7.2;45;244;53;Distrito Federal;9433;2008;1142;10 a 14 anos;9433
Indicador  3.7.2;45;6049;53;Distrito Federal;9433;2008;1143;15 a 19 anos;9433
Indicador  3.7.2;45;5986;53;Distrito Federal;9433;2009;3518;10 a 19 anos;9433
Indicador  3.7.2;45;212;53;Distrito Federal;9433;2009;1142;10 a 14 anos;9433
Indicador  3.7.2;45;5774;53;Distrito Federal;9433;2009;1143;15 a 19 anos;9433
Indicador  3.7.2;45;5964;53;Distrito Federal;9433;2010;3518;10 a 19 anos;9433
Indicador  3.7.2;45;215;53;Distrito Federal;9433;2010;1142;10 a 14 anos;9433
Indicador  3.7.2;45;5749;53;Distrito Federal;9433;2010;1143;15 a 19 anos;9433
Indicador  3.7.2;45;5866;53;Distrito Federal;9433;2011;3518;10 a 19 anos;9433
Indicador  3.7.2;45;241;53;Distrito Federal;9433;2011;1142;10 a 14 anos;9433
Indicador  3.7.2;45;5625;53;Distrito Federal;9433;2011;1143;15 a 19 anos;9433
Indicador  3.7.2;45;5923;53;Distrito Federal;9433;2012;3518;10 a 19 anos;9433
Indicador  3.7.2;45;229;53;Distrito Federal;9433;2012;1142;10 a 14 anos;9433
Indicador  3.7.2;45;5694;53;Distrito Federal;9433;2012;1143;15 a 19 anos;9433
Indicador  3.7.2;45;5952;53;Distrito Federal;9433;2013;3518;10 a 19 anos;9433
Indicador  3.7.2;45;236;53;Distrito Federal;9433;2013;1142;10 a 14 anos;9433
Indicador  3.7.2;45;5716;53;Distrito Federal;9433;2013;1143;15 a 19 anos;9433
Indicador  3.7.2;45;5906;53;Distrito Federal;9433;2014;3518;10 a 19 anos;9433
Indicador  3.7.2;45;226;53;Distrito Federal;9433;2014;1142;10 a 14 anos;9433
Indicador  3.7.2;45;5680;53;Distrito Federal;9433;2014;1143;15 a 19 anos;9433
Indicador  3.7.2;45;5679;53;Distrito Federal;9433;2015;3518;10 a 19 anos;9433
Indicador  3.7.2;45;207;53;Distrito Federal;9433;2015;1142;10 a 14 anos;9433
Indicador  3.7.2;45;5472;53;Distrito Federal;9433;2015;1143;15 a 19 anos;9433
Indicador  3.7.2;45;5159;53;Distrito Federal;9433;2016;3518;10 a 19 anos;9433
Indicador  3.7.2;45;171;53;Distrito Federal;9433;2016;1142;10 a 14 anos;9433
Indicador  3.7.2;45;4988;53;Distrito Federal;9433;2016;1143;15 a 19 anos;9433
Indicador  3.7.2;45;4959;53;Distrito Federal;9433;2017;3518;10 a 19 anos;9433
Indicador  3.7.2;45;134;53;Distrito Federal;9433;2017;1142;10 a 14 anos;9433
Indicador  3.7.2;45;4825;53;Distrito Federal;9433;2017;1143;15 a 19 anos;9433
Indicador  3.7.2;45;4734;53;Distrito Federal;9433;2018;3518;10 a 19 anos;9433
Indicador  3.7.2;45;158;53;Distrito Federal;9433;2018;1142;10 a 14 anos;9433
Indicador  3.7.2;45;4576;53;Distrito Federal;9433;2018;1143;15 a 19 anos;9433
Indicador  3.7.2;45;4361;53;Distrito Federal;9433;2019;3518;10 a 19 anos;9433
Indicador  3.7.2;45;160;53;Distrito Federal;9433;2019;1142;10 a 14 anos;9433
Indicador  3.7.2;45;4201;53;Distrito Federal;9433;2019;1143;15 a 19 anos;9433
Indicador  3.7.2;45;3772;53;Distrito Federal;9433;2020;3518;10 a 19 anos;9433
Indicador  3.7.2;45;123;53;Distrito Federal;9433;2020;1142;10 a 14 anos;9433
Indicador  3.7.2;45;3649;53;Distrito Federal;9433;2020;1143;15 a 19 anos;9433
Indicador  3.7.2;45;3323;53;Distrito Federal;9433;2021;3518;10 a 19 anos;9433
Indicador  3.7.2;45;109;53;Distrito Federal;9433;2021;1142;10 a 14 anos;9433
Indicador  3.7.2;45;3214;53;Distrito Federal;9433;2021;1143;15 a 19 anos;9433
Indicador  3.7.2;45;2850;53;Distrito Federal;9433;2022;3518;10 a 19 anos;9433
Indicador  3.7.2;45;84;53;Distrito Federal;9433;2022;1142;10 a 14 anos;9433
Indicador  3.7.2;45;2766;53;Distrito Federal;9433;2022;1143;15 a 19 anos;9433
Indicador  3.7.2;1756;42.1;1;Brasil;11687;2000;3518;10 a 19 anos;11687
Indicador  3.7.2;1756;3.3;1;Brasil;11687;2000;1142;10 a 14 anos;11687
Indicador  3.7.2;1756;80.1;1;Brasil;11687;2000;1143;15 a 19 anos;11687
Indicador  3.7.2;1756;40.8;1;Brasil;11687;2001;3518;10 a 19 anos;11687
Indicador  3.7.2;1756;3.2;1;Brasil;11687;2001;1142;10 a 14 anos;11687
Indicador  3.7.2;1756;77.0;1;Brasil;11687;2001;1143;15 a 19 anos;11687
Indicador  3.7.2;1756;39.2;1;Brasil;11687;2002;3518;10 a 19 anos;11687
Indicador  3.7.2;1756;3.2;1;Brasil;11687;2002;1142;10 a 14 anos;11687
Indicador  3.7.2;1756;73.5;1;Brasil;11687;2002;1143;15 a 19 anos;11687
Indicador  3.7.2;1756;38.4;1;Brasil;11687;2003;3518;10 a 19 anos;11687
Indicador  3.7.2;1756;3.2;1;Brasil;11687;2003;1142;10 a 14 anos;11687
Indicador  3.7.2;1756;71.7;1;Brasil;11687;2003;1143;15 a 19 anos;11687
Indicador  3.7.2;1756;37.9;1;Brasil;11687;2004;3518;10 a 19 anos;11687
Indicador  3.7.2;1756;3.1;1;Brasil;11687;2004;1142;10 a 14 anos;11687
Indicador  3.7.2;1756;71.0;1;Brasil;11687;2004;1143;15 a 19 anos;11687
Indicador  3.7.2;1756;38.1;1;Brasil;11687;2005;3518;10 a 19 anos;11687
Indicador  3.7.2;1756;3.1;1;Brasil;11687;2005;1142;10 a 14 anos;11687
Indicador  3.7.2;1756;71.7;1;Brasil;11687;2005;1143;15 a 19 anos;11687
Indicador  3.7.2;1756;36.7;1;Brasil;11687;2006;3518;10 a 19 anos;11687
Indicador  3.7.2;1756;3.2;1;Brasil;11687;2006;1142;10 a 14 anos;11687
Indicador  3.7.2;1756;69.2;1;Brasil;11687;2006;1143;15 a 19 anos;11687
Indicador  3.7.2;1756;35.4;1;Brasil;11687;2007;3518;10 a 19 anos;11687
Indicador  3.7.2;1756;3.3;1;Brasil;11687;2007;1142;10 a 14 anos;11687
Indicador  3.7.2;1756;67.2;1;Brasil;11687;2007;1143;15 a 19 anos;11687
Indicador  3.7.2;1756;34.9;1;Brasil;11687;2008;3518;10 a 19 anos;11687
Indicador  3.7.2;1756;3.3;1;Brasil;11687;2008;1142;10 a 14 anos;11687
Indicador  3.7.2;1756;66.4;1;Brasil;11687;2008;1143;15 a 19 anos;11687
Indicador  3.7.2;1756;33.5;1;Brasil;11687;2009;3518;10 a 19 anos;11687
Indicador  3.7.2;1756;3.2;1;Brasil;11687;2009;1142;10 a 14 anos;11687
Indicador  3.7.2;1756;64.0;1;Brasil;11687;2009;1143;15 a 19 anos;11687
Indicador  3.7.2;1756;32.3;1;Brasil;11687;2010;3518;10 a 19 anos;11687
Indicador  3.7.2;1756;3.2;1;Brasil;11687;2010;1142;10 a 14 anos;11687
Indicador  3.7.2;1756;61.5;1;Brasil;11687;2010;1143;15 a 19 anos;11687
Indicador  3.7.2;1756;33.0;1;Brasil;11687;2011;3518;10 a 19 anos;11687
Indicador  3.7.2;1756;3.3;1;Brasil;11687;2011;1142;10 a 14 anos;11687
Indicador  3.7.2;1756;62.4;1;Brasil;11687;2011;1143;15 a 19 anos;11687
Indicador  3.7.2;1756;33.2;1;Brasil;11687;2012;3518;10 a 19 anos;11687
Indicador  3.7.2;1756;3.4;1;Brasil;11687;2012;1142;10 a 14 anos;11687
Indicador  3.7.2;1756;62.1;1;Brasil;11687;2012;1143;15 a 19 anos;11687
Indicador  3.7.2;1756;33.6;1;Brasil;11687;2013;3518;10 a 19 anos;11687
Indicador  3.7.2;1756;3.5;1;Brasil;11687;2013;1142;10 a 14 anos;11687
Indicador  3.7.2;1756;61.9;1;Brasil;11687;2013;1143;15 a 19 anos;11687
Indicador  3.7.2;1756;34.1;1;Brasil;11687;2014;3518;10 a 19 anos;11687
Indicador  3.7.2;1756;3.6;1;Brasil;11687;2014;1142;10 a 14 anos;11687
Indicador  3.7.2;1756;62.2;1;Brasil;11687;2014;1143;15 a 19 anos;11687
Indicador  3.7.2;1756;33.6;1;Brasil;11687;2015;3518;10 a 19 anos;11687
Indicador  3.7.2;1756;3.4;1;Brasil;11687;2015;1142;10 a 14 anos;11687
Indicador  3.7.2;1756;61.0;1;Brasil;11687;2015;1143;15 a 19 anos;11687
Indicador  3.7.2;1756;31.2;1;Brasil;11687;2016;3518;10 a 19 anos;11687
Indicador  3.7.2;1756;3.2;1;Brasil;11687;2016;1142;10 a 14 anos;11687
Indicador  3.7.2;1756;56.5;1;Brasil;11687;2016;1143;15 a 19 anos;11687
Indicador  3.7.2;1756;30.5;1;Brasil;11687;2017;3518;10 a 19 anos;11687
Indicador  3.7.2;1756;2.9;1;Brasil;11687;2017;1142;10 a 14 anos;11687
Indicador  3.7.2;1756;55.5;1;Brasil;11687;2017;1143;15 a 19 anos;11687
Indicador  3.7.2;1756;29.4;1;Brasil;11687;2018;3518;10 a 19 anos;11687
Indicador  3.7.2;1756;2.8;1;Brasil;11687;2018;1142;10 a 14 anos;11687
Indicador  3.7.2;1756;53.9;1;Brasil;11687;2018;1143;15 a 19 anos;11687
Indicador  3.7.2;1756;27.5;1;Brasil;11687;2019;3518;10 a 19 anos;11687
Indicador  3.7.2;1756;2.6;1;Brasil;11687;2019;1142;10 a 14 anos;11687
Indicador  3.7.2;1756;50.7;1;Brasil;11687;2019;1143;15 a 19 anos;11687
Indicador  3.7.2;1756;25.5;1;Brasil;11687;2020;3518;10 a 19 anos;11687
Indicador  3.7.2;1756;2.4;1;Brasil;11687;2020;1142;10 a 14 anos;11687
Indicador  3.7.2;1756;47.0;1;Brasil;11687;2020;1143;15 a 19 anos;11687
Indicador  3.7.2;1756;24.7;1;Brasil;11687;2021;3518;10 a 19 anos;11687
Indicador  3.7.2;1756;2.4;1;Brasil;11687;2021;1142;10 a 14 anos;11687
Indicador  3.7.2;1756;45.6;1;Brasil;11687;2021;1143;15 a 19 anos;11687
Indicador  3.7.2;1756;21.6;1;Brasil;11687;2022;3518;10 a 19 anos;11687
Indicador  3.7.2;1756;2.0;1;Brasil;11687;2022;1142;10 a 14 anos;11687
Indicador  3.7.2;1756;40.1;1;Brasil;11687;2022;1143;15 a 19 anos;11687
Indicador  3.7.2;1756;59.7;11;Rondônia;11687;2000;3518;10 a 19 anos;11687
Indicador  3.7.2;1756;4.6;11;Rondônia;11687;2000;1142;10 a 14 anos;11687
Indicador  3.7.2;1756;80.1;11;Rondônia;11687;2000;1143;15 a 19 anos;11687
Indicador  3.7.2;1756;51.5;11;Rondônia;11687;2001;3518;10 a 19 anos;11687
Indicador  3.7.2;1756;4.0;11;Rondônia;11687;2001;1142;10 a 14 anos;11687
Indicador  3.7.2;1756;77.0;11;Rondônia;11687;2001;1143;15 a 19 anos;11687
Indicador  3.7.2;1756;50.6;11;Rondônia;11687;2002;3518;10 a 19 anos;11687
Indicador  3.7.2;1756;4.2;11;Rondônia;11687;2002;1142;10 a 14 anos;11687
Indicador  3.7.2;1756;73.5;11;Rondônia;11687;2002;1143;15 a 19 anos;11687
Indicador  3.7.2;1756;48.8;11;Rondônia;11687;2003;3518;10 a 19 anos;11687
Indicador  3.7.2;1756;4.0;11;Rondônia;11687;2003;1142;10 a 14 anos;11687
Indicador  3.7.2;1756;71.7;11;Rondônia;11687;2003;1143;15 a 19 anos;11687
Indicador  3.7.2;1756;48.9;11;Rondônia;11687;2004;3518;10 a 19 anos;11687
Indicador  3.7.2;1756;4.1;11;Rondônia;11687;2004;1142;10 a 14 anos;11687
Indicador  3.7.2;1756;71.0;11;Rondônia;11687;2004;1143;15 a 19 anos;11687
Indicador  3.7.2;1756;46.7;11;Rondônia;11687;2005;3518;10 a 19 anos;11687
Indicador  3.7.2;1756;4.1;11;Rondônia;11687;2005;1142;10 a 14 anos;11687
Indicador  3.7.2;1756;71.7;11;Rondônia;11687;2005;1143;15 a 19 anos;11687
Indicador  3.7.2;1756;40.7;11;Rondônia;11687;2006;3518;10 a 19 anos;11687
Indicador  3.7.2;1756;3.6;11;Rondônia;11687;2006;1142;10 a 14 anos;11687
Indicador  3.7.2;1756;69.2;11;Rondônia;11687;2006;1143;15 a 19 anos;11687
Indicador  3.7.2;1756;36.5;11;Rondônia;11687;2007;3518;10 a 19 anos;11687
Indicador  3.7.2;1756;3.5;11;Rondônia;11687;2007;1142;10 a 14 anos;11687
Indicador  3.7.2;1756;67.2;11;Rondônia;11687;2007;1143;15 a 19 anos;11687
Indicador  3.7.2;1756;41.5;11;Rondônia;11687;2008;3518;10 a 19 anos;11687
Indicador  3.7.2;1756;4.1;11;Rondônia;11687;2008;1142;10 a 14 anos;11687
Indicador  3.7.2;1756;66.4;11;Rondônia;11687;2008;1143;15 a 19 anos;11687
Indicador  3.7.2;1756;40.1;11;Rondônia;11687;2009;3518;10 a 19 anos;11687
Indicador  3.7.2;1756;3.5;11;Rondônia;11687;2009;1142;10 a 14 anos;11687
Indicador  3.7.2;1756;64.0;11;Rondônia;11687;2009;1143;15 a 19 anos;11687
Indicador  3.7.2;1756;38.5;11;Rondônia;11687;2010;3518;10 a 19 anos;11687
Indicador  3.7.2;1756;3.4;11;Rondônia;11687;2010;1142;10 a 14 anos;11687
Indicador  3.7.2;1756;61.5;11;Rondônia;11687;2010;1143;15 a 19 anos;11687
Indicador  3.7.2;1756;40.6;11;Rondônia;11687;2011;3518;10 a 19 anos;11687
Indicador  3.7.2;1756;3.8;11;Rondônia;11687;2011;1142;10 a 14 anos;11687
Indicador  3.7.2;1756;62.4;11;Rondônia;11687;2011;1143;15 a 19 anos;11687
Indicador  3.7.2;1756;38.1;11;Rondônia;11687;2012;3518;10 a 19 anos;11687
Indicador  3.7.2;1756;3.5;11;Rondônia;11687;2012;1142;10 a 14 anos;11687
Indicador  3.7.2;1756;62.1;11;Rondônia;11687;2012;1143;15 a 19 anos;11687
Indicador  3.7.2;1756;38.3;11;Rondônia;11687;2013;3518;10 a 19 anos;11687
Indicador  3.7.2;1756;3.2;11;Rondônia;11687;2013;1142;10 a 14 anos;11687
Indicador  3.7.2;1756;61.9;11;Rondônia;11687;2013;1143;15 a 19 anos;11687
Indicador  3.7.2;1756;38.1;11;Rondônia;11687;2014;3518;10 a 19 anos;11687
Indicador  3.7.2;1756;3.9;11;Rondônia;11687;2014;1142;10 a 14 anos;11687
Indicador  3.7.2;1756;62.2;11;Rondônia;11687;2014;1143;15 a 19 anos;11687
Indicador  3.7.2;1756;37.3;11;Rondônia;11687;2015;3518;10 a 19 anos;11687
Indicador  3.7.2;1756;3.1;11;Rondônia;11687;2015;1142;10 a 14 anos;11687
Indicador  3.7.2;1756;61.0;11;Rondônia;11687;2015;1143;15 a 19 anos;11687
Indicador  3.7.2;1756;35.7;11;Rondônia;11687;2016;3518;10 a 19 anos;11687
Indicador  3.7.2;1756;3.5;11;Rondônia;11687;2016;1142;10 a 14 anos;11687
Indicador  3.7.2;1756;56.5;11;Rondônia;11687;2016;1143;15 a 19 anos;11687
Indicador  3.7.2;1756;34.3;11;Rondônia;11687;2017;3518;10 a 19 anos;11687
Indicador  3.7.2;1756;3.3;11;Rondônia;11687;2017;1142;10 a 14 anos;11687
Indicador  3.7.2;1756;55.5;11;Rondônia;11687;2017;1143;15 a 19 anos;11687
Indicador  3.7.2;1756;33.9;11;Rondônia;11687;2018;3518;10 a 19 anos;11687
Indicador  3.7.2;1756;3.2;11;Rondônia;11687;2018;1142;10 a 14 anos;11687
Indicador  3.7.2;1756;53.9;11;Rondônia;11687;2018;1143;15 a 19 anos;11687
Indicador  3.7.2;1756;31.9;11;Rondônia;11687;2019;3518;10 a 19 anos;11687
Indicador  3.7.2;1756;2.9;11;Rondônia;11687;2019;1142;10 a 14 anos;11687
Indicador  3.7.2;1756;50.7;11;Rondônia;11687;2019;1143;15 a 19 anos;11687
Indicador  3.7.2;1756;29.0;11;Rondônia;11687;2020;3518;10 a 19 anos;11687
Indicador  3.7.2;1756;2.3;11;Rondônia;11687;2020;1142;10 a 14 anos;11687
Indicador  3.7.2;1756;47.0;11;Rondônia;11687;2020;1143;15 a 19 anos;11687
Indicador  3.7.2;1756;29.0;11;Rondônia;11687;2021;3518;10 a 19 anos;11687
Indicador  3.7.2;1756;2.7;11;Rondônia;11687;2021;1142;10 a 14 anos;11687
Indicador  3.7.2;1756;45.6;11;Rondônia;11687;2021;1143;15 a 19 anos;11687
Indicador  3.7.2;1756;26.1;11;Rondônia;11687;2022;3518;10 a 19 anos;11687
Indicador  3.7.2;1756;2.0;11;Rondônia;11687;2022;1142;10 a 14 anos;11687
Indicador  3.7.2;1756;40.1;11;Rondônia;11687;2022;1143;15 a 19 anos;11687
Indicador  3.7.2;1756;68.9;12;Acre;11687;2000;3518;10 a 19 anos;11687
Indicador  3.7.2;1756;7.0;12;Acre;11687;2000;1142;10 a 14 anos;11687
Indicador  3.7.2;1756;117.6;12;Acre;11687;2000;1143;15 a 19 anos;11687
Indicador  3.7.2;1756;64.5;12;Acre;11687;2001;3518;10 a 19 anos;11687
Indicador  3.7.2;1756;6.4;12;Acre;11687;2001;1142;10 a 14 anos;11687
Indicador  3.7.2;1756;101.2;12;Acre;11687;2001;1143;15 a 19 anos;11687
Indicador  3.7.2;1756;66.8;12;Acre;11687;2002;3518;10 a 19 anos;11687
Indicador  3.7.2;1756;6.2;12;Acre;11687;2002;1142;10 a 14 anos;11687
Indicador  3.7.2;1756;99.3;12;Acre;11687;2002;1143;15 a 19 anos;11687
Indicador  3.7.2;1756;64.5;12;Acre;11687;2003;3518;10 a 19 anos;11687
Indicador  3.7.2;1756;6.4;12;Acre;11687;2003;1142;10 a 14 anos;11687
Indicador  3.7.2;1756;95.6;12;Acre;11687;2003;1143;15 a 19 anos;11687
Indicador  3.7.2;1756;65.1;12;Acre;11687;2004;3518;10 a 19 anos;11687
Indicador  3.7.2;1756;6.6;12;Acre;11687;2004;1142;10 a 14 anos;11687
Indicador  3.7.2;1756;95.6;12;Acre;11687;2004;1143;15 a 19 anos;11687
Indicador  3.7.2;1756;63.8;12;Acre;11687;2005;3518;10 a 19 anos;11687
Indicador  3.7.2;1756;6.2;12;Acre;11687;2005;1142;10 a 14 anos;11687
Indicador  3.7.2;1756;90.6;12;Acre;11687;2005;1143;15 a 19 anos;11687
Indicador  3.7.2;1756;59.4;12;Acre;11687;2006;3518;10 a 19 anos;11687
Indicador  3.7.2;1756;6.8;12;Acre;11687;2006;1142;10 a 14 anos;11687
Indicador  3.7.2;1756;78.4;12;Acre;11687;2006;1143;15 a 19 anos;11687
Indicador  3.7.2;1756;56.1;12;Acre;11687;2007;3518;10 a 19 anos;11687
Indicador  3.7.2;1756;6.6;12;Acre;11687;2007;1142;10 a 14 anos;11687
Indicador  3.7.2;1756;69.7;12;Acre;11687;2007;1143;15 a 19 anos;11687
Indicador  3.7.2;1756;61.1;12;Acre;11687;2008;3518;10 a 19 anos;11687
Indicador  3.7.2;1756;6.4;12;Acre;11687;2008;1142;10 a 14 anos;11687
Indicador  3.7.2;1756;78.8;12;Acre;11687;2008;1143;15 a 19 anos;11687
Indicador  3.7.2;1756;55.7;12;Acre;11687;2009;3518;10 a 19 anos;11687
Indicador  3.7.2;1756;6.5;12;Acre;11687;2009;1142;10 a 14 anos;11687
Indicador  3.7.2;1756;76.4;12;Acre;11687;2009;1143;15 a 19 anos;11687
Indicador  3.7.2;1756;53.4;12;Acre;11687;2010;3518;10 a 19 anos;11687
Indicador  3.7.2;1756;6.5;12;Acre;11687;2010;1142;10 a 14 anos;11687
Indicador  3.7.2;1756;73.2;12;Acre;11687;2010;1143;15 a 19 anos;11687
Indicador  3.7.2;1756;56.3;12;Acre;11687;2011;3518;10 a 19 anos;11687
Indicador  3.7.2;1756;8.0;12;Acre;11687;2011;1142;10 a 14 anos;11687
Indicador  3.7.2;1756;77.2;12;Acre;11687;2011;1143;15 a 19 anos;11687
Indicador  3.7.2;1756;51.8;12;Acre;11687;2012;3518;10 a 19 anos;11687
Indicador  3.7.2;1756;7.0;12;Acre;11687;2012;1142;10 a 14 anos;11687
Indicador  3.7.2;1756;72.3;12;Acre;11687;2012;1143;15 a 19 anos;11687
Indicador  3.7.2;1756;53.2;12;Acre;11687;2013;3518;10 a 19 anos;11687
Indicador  3.7.2;1756;6.0;12;Acre;11687;2013;1142;10 a 14 anos;11687
Indicador  3.7.2;1756;72.6;12;Acre;11687;2013;1143;15 a 19 anos;11687
Indicador  3.7.2;1756;52.8;12;Acre;11687;2014;3518;10 a 19 anos;11687
Indicador  3.7.2;1756;6.5;12;Acre;11687;2014;1142;10 a 14 anos;11687
Indicador  3.7.2;1756;71.1;12;Acre;11687;2014;1143;15 a 19 anos;11687
Indicador  3.7.2;1756;51.3;12;Acre;11687;2015;3518;10 a 19 anos;11687
Indicador  3.7.2;1756;6.7;12;Acre;11687;2015;1142;10 a 14 anos;11687
Indicador  3.7.2;1756;69.9;12;Acre;11687;2015;1143;15 a 19 anos;11687
Indicador  3.7.2;1756;45.7;12;Acre;11687;2016;3518;10 a 19 anos;11687
Indicador  3.7.2;1756;6.7;12;Acre;11687;2016;1142;10 a 14 anos;11687
Indicador  3.7.2;1756;65.5;12;Acre;11687;2016;1143;15 a 19 anos;11687
Indicador  3.7.2;1756;45.9;12;Acre;11687;2017;3518;10 a 19 anos;11687
Indicador  3.7.2;1756;6.2;12;Acre;11687;2017;1142;10 a 14 anos;11687
Indicador  3.7.2;1756;62.5;12;Acre;11687;2017;1143;15 a 19 anos;11687
Indicador  3.7.2;1756;45.6;12;Acre;11687;2018;3518;10 a 19 anos;11687
Indicador  3.7.2;1756;6.6;12;Acre;11687;2018;1142;10 a 14 anos;11687
Indicador  3.7.2;1756;61.8;12;Acre;11687;2018;1143;15 a 19 anos;11687
Indicador  3.7.2;1756;43.2;12;Acre;11687;2019;3518;10 a 19 anos;11687
Indicador  3.7.2;1756;5.4;12;Acre;11687;2019;1142;10 a 14 anos;11687
Indicador  3.7.2;1756;58.4;12;Acre;11687;2019;1143;15 a 19 anos;11687
Indicador  3.7.2;1756;39.1;12;Acre;11687;2020;3518;10 a 19 anos;11687
Indicador  3.7.2;1756;4.7;12;Acre;11687;2020;1142;10 a 14 anos;11687
Indicador  3.7.2;1756;53.3;12;Acre;11687;2020;1143;15 a 19 anos;11687
Indicador  3.7.2;1756;41.5;12;Acre;11687;2021;3518;10 a 19 anos;11687
Indicador  3.7.2;1756;6.0;12;Acre;11687;2021;1142;10 a 14 anos;11687
Indicador  3.7.2;1756;53.3;12;Acre;11687;2021;1143;15 a 19 anos;11687
Indicador  3.7.2;1756;35.8;12;Acre;11687;2022;3518;10 a 19 anos;11687
Indicador  3.7.2;1756;5.4;12;Acre;11687;2022;1142;10 a 14 anos;11687
Indicador  3.7.2;1756;48.7;12;Acre;11687;2022;1143;15 a 19 anos;11687
Indicador  3.7.2;1756;57.6;13;Amazonas;11687;2000;3518;10 a 19 anos;11687
Indicador  3.7.2;1756;5.4;13;Amazonas;11687;2000;1142;10 a 14 anos;11687
Indicador  3.7.2;1756;134.0;13;Amazonas;11687;2000;1143;15 a 19 anos;11687
Indicador  3.7.2;1756;58.2;13;Amazonas;11687;2001;3518;10 a 19 anos;11687
Indicador  3.7.2;1756;5.4;13;Amazonas;11687;2001;1142;10 a 14 anos;11687
Indicador  3.7.2;1756;125.5;13;Amazonas;11687;2001;1143;15 a 19 anos;11687
Indicador  3.7.2;1756;58.0;13;Amazonas;11687;2002;3518;10 a 19 anos;11687
Indicador  3.7.2;1756;5.2;13;Amazonas;11687;2002;1142;10 a 14 anos;11687
Indicador  3.7.2;1756;130.8;13;Amazonas;11687;2002;1143;15 a 19 anos;11687
Indicador  3.7.2;1756;57.4;13;Amazonas;11687;2003;3518;10 a 19 anos;11687
Indicador  3.7.2;1756;5.7;13;Amazonas;11687;2003;1142;10 a 14 anos;11687
Indicador  3.7.2;1756;126.7;13;Amazonas;11687;2003;1143;15 a 19 anos;11687
Indicador  3.7.2;1756;56.9;13;Amazonas;11687;2004;3518;10 a 19 anos;11687
Indicador  3.7.2;1756;5.7;13;Amazonas;11687;2004;1142;10 a 14 anos;11687
Indicador  3.7.2;1756;128.5;13;Amazonas;11687;2004;1143;15 a 19 anos;11687
Indicador  3.7.2;1756;56.2;13;Amazonas;11687;2005;3518;10 a 19 anos;11687
Indicador  3.7.2;1756;5.5;13;Amazonas;11687;2005;1142;10 a 14 anos;11687
Indicador  3.7.2;1756;127.2;13;Amazonas;11687;2005;1143;15 a 19 anos;11687
Indicador  3.7.2;1756;56.4;13;Amazonas;11687;2006;3518;10 a 19 anos;11687
Indicador  3.7.2;1756;5.9;13;Amazonas;11687;2006;1142;10 a 14 anos;11687
Indicador  3.7.2;1756;117.9;13;Amazonas;11687;2006;1143;15 a 19 anos;11687
Indicador  3.7.2;1756;53.4;13;Amazonas;11687;2007;3518;10 a 19 anos;11687
Indicador  3.7.2;1756;6.4;13;Amazonas;11687;2007;1142;10 a 14 anos;11687
Indicador  3.7.2;1756;111.7;13;Amazonas;11687;2007;1143;15 a 19 anos;11687
Indicador  3.7.2;1756;52.9;13;Amazonas;11687;2008;3518;10 a 19 anos;11687
Indicador  3.7.2;1756;6.4;13;Amazonas;11687;2008;1142;10 a 14 anos;11687
Indicador  3.7.2;1756;122.7;13;Amazonas;11687;2008;1143;15 a 19 anos;11687
Indicador  3.7.2;1756;53.2;13;Amazonas;11687;2009;3518;10 a 19 anos;11687
Indicador  3.7.2;1756;6.5;13;Amazonas;11687;2009;1142;10 a 14 anos;11687
Indicador  3.7.2;1756;111.3;13;Amazonas;11687;2009;1143;15 a 19 anos;11687
Indicador  3.7.2;1756;49.9;13;Amazonas;11687;2010;3518;10 a 19 anos;11687
Indicador  3.7.2;1756;6.1;13;Amazonas;11687;2010;1142;10 a 14 anos;11687
Indicador  3.7.2;1756;106.0;13;Amazonas;11687;2010;1143;15 a 19 anos;11687
Indicador  3.7.2;1756;52.6;13;Amazonas;11687;2011;3518;10 a 19 anos;11687
Indicador  3.7.2;1756;7.1;13;Amazonas;11687;2011;1142;10 a 14 anos;11687
Indicador  3.7.2;1756;110.3;13;Amazonas;11687;2011;1143;15 a 19 anos;11687
Indicador  3.7.2;1756;53.8;13;Amazonas;11687;2012;3518;10 a 19 anos;11687
Indicador  3.7.2;1756;7.2;13;Amazonas;11687;2012;1142;10 a 14 anos;11687
Indicador  3.7.2;1756;101.3;13;Amazonas;11687;2012;1143;15 a 19 anos;11687
Indicador  3.7.2;1756;55.3;13;Amazonas;11687;2013;3518;10 a 19 anos;11687
Indicador  3.7.2;1756;7.9;13;Amazonas;11687;2013;1142;10 a 14 anos;11687
Indicador  3.7.2;1756;104.5;13;Amazonas;11687;2013;1143;15 a 19 anos;11687
Indicador  3.7.2;1756;55.6;13;Amazonas;11687;2014;3518;10 a 19 anos;11687
Indicador  3.7.2;1756;7.5;13;Amazonas;11687;2014;1142;10 a 14 anos;11687
Indicador  3.7.2;1756;102.1;13;Amazonas;11687;2014;1143;15 a 19 anos;11687
Indicador  3.7.2;1756;54.3;13;Amazonas;11687;2015;3518;10 a 19 anos;11687
Indicador  3.7.2;1756;7.5;13;Amazonas;11687;2015;1142;10 a 14 anos;11687
Indicador  3.7.2;1756;98.1;13;Amazonas;11687;2015;1143;15 a 19 anos;11687
Indicador  3.7.2;1756;49.9;13;Amazonas;11687;2016;3518;10 a 19 anos;11687
Indicador  3.7.2;1756;6.9;13;Amazonas;11687;2016;1142;10 a 14 anos;11687
Indicador  3.7.2;1756;86.0;13;Amazonas;11687;2016;1143;15 a 19 anos;11687
Indicador  3.7.2;1756;50.4;13;Amazonas;11687;2017;3518;10 a 19 anos;11687
Indicador  3.7.2;1756;6.6;13;Amazonas;11687;2017;1142;10 a 14 anos;11687
Indicador  3.7.2;1756;86.1;13;Amazonas;11687;2017;1143;15 a 19 anos;11687
Indicador  3.7.2;1756;49.6;13;Amazonas;11687;2018;3518;10 a 19 anos;11687
Indicador  3.7.2;1756;6.6;13;Amazonas;11687;2018;1142;10 a 14 anos;11687
Indicador  3.7.2;1756;84.5;13;Amazonas;11687;2018;1143;15 a 19 anos;11687
Indicador  3.7.2;1756;48.0;13;Amazonas;11687;2019;3518;10 a 19 anos;11687
Indicador  3.7.2;1756;6.4;13;Amazonas;11687;2019;1142;10 a 14 anos;11687
Indicador  3.7.2;1756;80.5;13;Amazonas;11687;2019;1143;15 a 19 anos;11687
Indicador  3.7.2;1756;45.1;13;Amazonas;11687;2020;3518;10 a 19 anos;11687
Indicador  3.7.2;1756;5.5;13;Amazonas;11687;2020;1142;10 a 14 anos;11687
Indicador  3.7.2;1756;72.3;13;Amazonas;11687;2020;1143;15 a 19 anos;11687
Indicador  3.7.2;1756;46.2;13;Amazonas;11687;2021;3518;10 a 19 anos;11687
Indicador  3.7.2;1756;6.1;13;Amazonas;11687;2021;1142;10 a 14 anos;11687
Indicador  3.7.2;1756;75.0;13;Amazonas;11687;2021;1143;15 a 19 anos;11687
Indicador  3.7.2;1756;39.8;13;Amazonas;11687;2022;3518;10 a 19 anos;11687
Indicador  3.7.2;1756;5.2;13;Amazonas;11687;2022;1142;10 a 14 anos;11687
Indicador  3.7.2;1756;64.4;13;Amazonas;11687;2022;1143;15 a 19 anos;11687
Indicador  3.7.2;1756;74.9;14;Roraima;11687;2000;3518;10 a 19 anos;11687
Indicador  3.7.2;1756;10.7;14;Roraima;11687;2000;1142;10 a 14 anos;11687
Indicador  3.7.2;1756;111.9;14;Roraima;11687;2000;1143;15 a 19 anos;11687
Indicador  3.7.2;1756;71.1;14;Roraima;11687;2001;3518;10 a 19 anos;11687
Indicador  3.7.2;1756;9.4;14;Roraima;11687;2001;1142;10 a 14 anos;11687
Indicador  3.7.2;1756;113.1;14;Roraima;11687;2001;1143;15 a 19 anos;11687
Indicador  3.7.2;1756;64.6;14;Roraima;11687;2002;3518;10 a 19 anos;11687
Indicador  3.7.2;1756;7.9;14;Roraima;11687;2002;1142;10 a 14 anos;11687
Indicador  3.7.2;1756;113.0;14;Roraima;11687;2002;1143;15 a 19 anos;11687
Indicador  3.7.2;1756;69.8;14;Roraima;11687;2003;3518;10 a 19 anos;11687
Indicador  3.7.2;1756;10.9;14;Roraima;11687;2003;1142;10 a 14 anos;11687
Indicador  3.7.2;1756;111.8;14;Roraima;11687;2003;1143;15 a 19 anos;11687
Indicador  3.7.2;1756;64.3;14;Roraima;11687;2004;3518;10 a 19 anos;11687
Indicador  3.7.2;1756;8.9;14;Roraima;11687;2004;1142;10 a 14 anos;11687
Indicador  3.7.2;1756;111.4;14;Roraima;11687;2004;1143;15 a 19 anos;11687
Indicador  3.7.2;1756;58.8;14;Roraima;11687;2005;3518;10 a 19 anos;11687
Indicador  3.7.2;1756;7.9;14;Roraima;11687;2005;1142;10 a 14 anos;11687
Indicador  3.7.2;1756;110.5;14;Roraima;11687;2005;1143;15 a 19 anos;11687
Indicador  3.7.2;1756;56.4;14;Roraima;11687;2006;3518;10 a 19 anos;11687
Indicador  3.7.2;1756;7.9;14;Roraima;11687;2006;1142;10 a 14 anos;11687
Indicador  3.7.2;1756;110.9;14;Roraima;11687;2006;1143;15 a 19 anos;11687
Indicador  3.7.2;1756;55.7;14;Roraima;11687;2007;3518;10 a 19 anos;11687
Indicador  3.7.2;1756;8.9;14;Roraima;11687;2007;1142;10 a 14 anos;11687
Indicador  3.7.2;1756;104.7;14;Roraima;11687;2007;1143;15 a 19 anos;11687
Indicador  3.7.2;1756;54.4;14;Roraima;11687;2008;3518;10 a 19 anos;11687
Indicador  3.7.2;1756;8.5;14;Roraima;11687;2008;1142;10 a 14 anos;11687
Indicador  3.7.2;1756;103.8;14;Roraima;11687;2008;1143;15 a 19 anos;11687
Indicador  3.7.2;1756;50.7;14;Roraima;11687;2009;3518;10 a 19 anos;11687
Indicador  3.7.2;1756;7.8;14;Roraima;11687;2009;1142;10 a 14 anos;11687
Indicador  3.7.2;1756;104.3;14;Roraima;11687;2009;1143;15 a 19 anos;11687
Indicador  3.7.2;1756;49.4;14;Roraima;11687;2010;3518;10 a 19 anos;11687
Indicador  3.7.2;1756;7.3;14;Roraima;11687;2010;1142;10 a 14 anos;11687
Indicador  3.7.2;1756;97.4;14;Roraima;11687;2010;1143;15 a 19 anos;11687
Indicador  3.7.2;1756;49.6;14;Roraima;11687;2011;3518;10 a 19 anos;11687
Indicador  3.7.2;1756;6.7;14;Roraima;11687;2011;1142;10 a 14 anos;11687
Indicador  3.7.2;1756;101.2;14;Roraima;11687;2011;1143;15 a 19 anos;11687
Indicador  3.7.2;1756;53.6;14;Roraima;11687;2012;3518;10 a 19 anos;11687
Indicador  3.7.2;1756;9.1;14;Roraima;11687;2012;1142;10 a 14 anos;11687
Indicador  3.7.2;1756;102.0;14;Roraima;11687;2012;1143;15 a 19 anos;11687
Indicador  3.7.2;1756;54.0;14;Roraima;11687;2013;3518;10 a 19 anos;11687
Indicador  3.7.2;1756;8.8;14;Roraima;11687;2013;1142;10 a 14 anos;11687
Indicador  3.7.2;1756;102.7;14;Roraima;11687;2013;1143;15 a 19 anos;11687
Indicador  3.7.2;1756;55.8;14;Roraima;11687;2014;3518;10 a 19 anos;11687
Indicador  3.7.2;1756;8.1;14;Roraima;11687;2014;1142;10 a 14 anos;11687
Indicador  3.7.2;1756;102.0;14;Roraima;11687;2014;1143;15 a 19 anos;11687
Indicador  3.7.2;1756;54.0;14;Roraima;11687;2015;3518;10 a 19 anos;11687
Indicador  3.7.2;1756;9.1;14;Roraima;11687;2015;1142;10 a 14 anos;11687
Indicador  3.7.2;1756;98.9;14;Roraima;11687;2015;1143;15 a 19 anos;11687
Indicador  3.7.2;1756;54.7;14;Roraima;11687;2016;3518;10 a 19 anos;11687
Indicador  3.7.2;1756;9.5;14;Roraima;11687;2016;1142;10 a 14 anos;11687
Indicador  3.7.2;1756;90.5;14;Roraima;11687;2016;1143;15 a 19 anos;11687
Indicador  3.7.2;1756;52.4;14;Roraima;11687;2017;3518;10 a 19 anos;11687
Indicador  3.7.2;1756;7.8;14;Roraima;11687;2017;1142;10 a 14 anos;11687
Indicador  3.7.2;1756;92.2;14;Roraima;11687;2017;1143;15 a 19 anos;11687
Indicador  3.7.2;1756;58.8;14;Roraima;11687;2018;3518;10 a 19 anos;11687
Indicador  3.7.2;1756;9.0;14;Roraima;11687;2018;1142;10 a 14 anos;11687
Indicador  3.7.2;1756;91.6;14;Roraima;11687;2018;1143;15 a 19 anos;11687
Indicador  3.7.2;1756;61.5;14;Roraima;11687;2019;3518;10 a 19 anos;11687
Indicador  3.7.2;1756;7.5;14;Roraima;11687;2019;1142;10 a 14 anos;11687
Indicador  3.7.2;1756;90.1;14;Roraima;11687;2019;1143;15 a 19 anos;11687
Indicador  3.7.2;1756;53.8;14;Roraima;11687;2020;3518;10 a 19 anos;11687
Indicador  3.7.2;1756;7.2;14;Roraima;11687;2020;1142;10 a 14 anos;11687
Indicador  3.7.2;1756;85.8;14;Roraima;11687;2020;1143;15 a 19 anos;11687
Indicador  3.7.2;1756;55.5;14;Roraima;11687;2021;3518;10 a 19 anos;11687
Indicador  3.7.2;1756;7.7;14;Roraima;11687;2021;1142;10 a 14 anos;11687
Indicador  3.7.2;1756;87.6;14;Roraima;11687;2021;1143;15 a 19 anos;11687
Indicador  3.7.2;1756;49.5;14;Roraima;11687;2022;3518;10 a 19 anos;11687
Indicador  3.7.2;1756;6.5;14;Roraima;11687;2022;1142;10 a 14 anos;11687
Indicador  3.7.2;1756;75.5;14;Roraima;11687;2022;1143;15 a 19 anos;11687
Indicador  3.7.2;1756;52.5;15;Pará;11687;2000;3518;10 a 19 anos;11687
Indicador  3.7.2;1756;4.7;15;Pará;11687;2000;1142;10 a 14 anos;11687
Indicador  3.7.2;1756;140.3;15;Pará;11687;2000;1143;15 a 19 anos;11687
Indicador  3.7.2;1756;55.5;15;Pará;11687;2001;3518;10 a 19 anos;11687
Indicador  3.7.2;1756;4.8;15;Pará;11687;2001;1142;10 a 14 anos;11687
Indicador  3.7.2;1756;134.2;15;Pará;11687;2001;1143;15 a 19 anos;11687
Indicador  3.7.2;1756;54.1;15;Pará;11687;2002;3518;10 a 19 anos;11687
Indicador  3.7.2;1756;4.8;15;Pará;11687;2002;1142;10 a 14 anos;11687
Indicador  3.7.2;1756;123.5;15;Pará;11687;2002;1143;15 a 19 anos;11687
Indicador  3.7.2;1756;56.1;15;Pará;11687;2003;3518;10 a 19 anos;11687
Indicador  3.7.2;1756;5.3;15;Pará;11687;2003;1142;10 a 14 anos;11687
Indicador  3.7.2;1756;132.4;15;Pará;11687;2003;1143;15 a 19 anos;11687
Indicador  3.7.2;1756;54.8;15;Pará;11687;2004;3518;10 a 19 anos;11687
Indicador  3.7.2;1756;5.3;15;Pará;11687;2004;1142;10 a 14 anos;11687
Indicador  3.7.2;1756;124.0;15;Pará;11687;2004;1143;15 a 19 anos;11687
Indicador  3.7.2;1756;55.7;15;Pará;11687;2005;3518;10 a 19 anos;11687
Indicador  3.7.2;1756;5.6;15;Pará;11687;2005;1142;10 a 14 anos;11687
Indicador  3.7.2;1756;114.2;15;Pará;11687;2005;1143;15 a 19 anos;11687
Indicador  3.7.2;1756;55.8;15;Pará;11687;2006;3518;10 a 19 anos;11687
Indicador  3.7.2;1756;5.8;15;Pará;11687;2006;1142;10 a 14 anos;11687
Indicador  3.7.2;1756;109.3;15;Pará;11687;2006;1143;15 a 19 anos;11687
Indicador  3.7.2;1756;54.8;15;Pará;11687;2007;3518;10 a 19 anos;11687
Indicador  3.7.2;1756;6.1;15;Pará;11687;2007;1142;10 a 14 anos;11687
Indicador  3.7.2;1756;107.4;15;Pará;11687;2007;1143;15 a 19 anos;11687
Indicador  3.7.2;1756;53.5;15;Pará;11687;2008;3518;10 a 19 anos;11687
Indicador  3.7.2;1756;5.8;15;Pará;11687;2008;1142;10 a 14 anos;11687
Indicador  3.7.2;1756;105.4;15;Pará;11687;2008;1143;15 a 19 anos;11687
Indicador  3.7.2;1756;49.7;15;Pará;11687;2009;3518;10 a 19 anos;11687
Indicador  3.7.2;1756;5.4;15;Pará;11687;2009;1142;10 a 14 anos;11687
Indicador  3.7.2;1756;98.3;15;Pará;11687;2009;1143;15 a 19 anos;11687
Indicador  3.7.2;1756;47.6;15;Pará;11687;2010;3518;10 a 19 anos;11687
Indicador  3.7.2;1756;5.5;15;Pará;11687;2010;1142;10 a 14 anos;11687
Indicador  3.7.2;1756;95.7;15;Pará;11687;2010;1143;15 a 19 anos;11687
Indicador  3.7.2;1756;48.0;15;Pará;11687;2011;3518;10 a 19 anos;11687
Indicador  3.7.2;1756;5.5;15;Pará;11687;2011;1142;10 a 14 anos;11687
Indicador  3.7.2;1756;95.8;15;Pará;11687;2011;1143;15 a 19 anos;11687
Indicador  3.7.2;1756;46.7;15;Pará;11687;2012;3518;10 a 19 anos;11687
Indicador  3.7.2;1756;5.7;15;Pará;11687;2012;1142;10 a 14 anos;11687
Indicador  3.7.2;1756;99.7;15;Pará;11687;2012;1143;15 a 19 anos;11687
Indicador  3.7.2;1756;46.9;15;Pará;11687;2013;3518;10 a 19 anos;11687
Indicador  3.7.2;1756;5.7;15;Pará;11687;2013;1142;10 a 14 anos;11687
Indicador  3.7.2;1756;98.9;15;Pará;11687;2013;1143;15 a 19 anos;11687
Indicador  3.7.2;1756;48.1;15;Pará;11687;2014;3518;10 a 19 anos;11687
Indicador  3.7.2;1756;5.7;15;Pará;11687;2014;1142;10 a 14 anos;11687
Indicador  3.7.2;1756;102.1;15;Pará;11687;2014;1143;15 a 19 anos;11687
Indicador  3.7.2;1756;47.0;15;Pará;11687;2015;3518;10 a 19 anos;11687
Indicador  3.7.2;1756;5.7;15;Pará;11687;2015;1142;10 a 14 anos;11687
Indicador  3.7.2;1756;96.7;15;Pará;11687;2015;1143;15 a 19 anos;11687
Indicador  3.7.2;1756;43.8;15;Pará;11687;2016;3518;10 a 19 anos;11687
Indicador  3.7.2;1756;5.5;15;Pará;11687;2016;1142;10 a 14 anos;11687
Indicador  3.7.2;1756;97.2;15;Pará;11687;2016;1143;15 a 19 anos;11687
Indicador  3.7.2;1756;42.1;15;Pará;11687;2017;3518;10 a 19 anos;11687
Indicador  3.7.2;1756;4.7;15;Pará;11687;2017;1142;10 a 14 anos;11687
Indicador  3.7.2;1756;94.7;15;Pará;11687;2017;1143;15 a 19 anos;11687
Indicador  3.7.2;1756;41.8;15;Pará;11687;2018;3518;10 a 19 anos;11687
Indicador  3.7.2;1756;4.8;15;Pará;11687;2018;1142;10 a 14 anos;11687
Indicador  3.7.2;1756;107.1;15;Pará;11687;2018;1143;15 a 19 anos;11687
Indicador  3.7.2;1756;39.6;15;Pará;11687;2019;3518;10 a 19 anos;11687
Indicador  3.7.2;1756;4.6;15;Pará;11687;2019;1142;10 a 14 anos;11687
Indicador  3.7.2;1756;114.3;15;Pará;11687;2019;1143;15 a 19 anos;11687
Indicador  3.7.2;1756;37.5;15;Pará;11687;2020;3518;10 a 19 anos;11687
Indicador  3.7.2;1756;4.3;15;Pará;11687;2020;1142;10 a 14 anos;11687
Indicador  3.7.2;1756;100.5;15;Pará;11687;2020;1143;15 a 19 anos;11687
Indicador  3.7.2;1756;38.8;15;Pará;11687;2021;3518;10 a 19 anos;11687
Indicador  3.7.2;1756;4.7;15;Pará;11687;2021;1142;10 a 14 anos;11687
Indicador  3.7.2;1756;104.6;15;Pará;11687;2021;1143;15 a 19 anos;11687
Indicador  3.7.2;1756;34.1;15;Pará;11687;2022;3518;10 a 19 anos;11687
Indicador  3.7.2;1756;4.0;15;Pará;11687;2022;1142;10 a 14 anos;11687
Indicador  3.7.2;1756;93.8;15;Pará;11687;2022;1143;15 a 19 anos;11687
Indicador  3.7.2;1756;66.9;16;Amapá;11687;2000;3518;10 a 19 anos;11687
Indicador  3.7.2;1756;6.6;16;Amapá;11687;2000;1142;10 a 14 anos;11687
Indicador  3.7.2;1756;102.6;16;Amapá;11687;2000;1143;15 a 19 anos;11687
Indicador  3.7.2;1756;67.3;16;Amapá;11687;2001;3518;10 a 19 anos;11687
Indicador  3.7.2;1756;7.4;16;Amapá;11687;2001;1142;10 a 14 anos;11687
Indicador  3.7.2;1756;108.0;16;Amapá;11687;2001;1143;15 a 19 anos;11687
Indicador  3.7.2;1756;60.8;16;Amapá;11687;2002;3518;10 a 19 anos;11687
Indicador  3.7.2;1756;5.5;16;Amapá;11687;2002;1142;10 a 14 anos;11687
Indicador  3.7.2;1756;104.7;16;Amapá;11687;2002;1143;15 a 19 anos;11687
Indicador  3.7.2;1756;63.2;16;Amapá;11687;2003;3518;10 a 19 anos;11687
Indicador  3.7.2;1756;6.0;16;Amapá;11687;2003;1142;10 a 14 anos;11687
Indicador  3.7.2;1756;108.2;16;Amapá;11687;2003;1143;15 a 19 anos;11687
Indicador  3.7.2;1756;59.7;16;Amapá;11687;2004;3518;10 a 19 anos;11687
Indicador  3.7.2;1756;6.6;16;Amapá;11687;2004;1142;10 a 14 anos;11687
Indicador  3.7.2;1756;105.7;16;Amapá;11687;2004;1143;15 a 19 anos;11687
Indicador  3.7.2;1756;58.2;16;Amapá;11687;2005;3518;10 a 19 anos;11687
Indicador  3.7.2;1756;6.4;16;Amapá;11687;2005;1142;10 a 14 anos;11687
Indicador  3.7.2;1756;107.4;16;Amapá;11687;2005;1143;15 a 19 anos;11687
Indicador  3.7.2;1756;58.2;16;Amapá;11687;2006;3518;10 a 19 anos;11687
Indicador  3.7.2;1756;5.3;16;Amapá;11687;2006;1142;10 a 14 anos;11687
Indicador  3.7.2;1756;107.9;16;Amapá;11687;2006;1143;15 a 19 anos;11687
Indicador  3.7.2;1756;54.3;16;Amapá;11687;2007;3518;10 a 19 anos;11687
Indicador  3.7.2;1756;6.2;16;Amapá;11687;2007;1142;10 a 14 anos;11687
Indicador  3.7.2;1756;105.9;16;Amapá;11687;2007;1143;15 a 19 anos;11687
Indicador  3.7.2;1756;54.2;16;Amapá;11687;2008;3518;10 a 19 anos;11687
Indicador  3.7.2;1756;6.4;16;Amapá;11687;2008;1142;10 a 14 anos;11687
Indicador  3.7.2;1756;103.8;16;Amapá;11687;2008;1143;15 a 19 anos;11687
Indicador  3.7.2;1756;49.3;16;Amapá;11687;2009;3518;10 a 19 anos;11687
Indicador  3.7.2;1756;5.8;16;Amapá;11687;2009;1142;10 a 14 anos;11687
Indicador  3.7.2;1756;96.6;16;Amapá;11687;2009;1143;15 a 19 anos;11687
Indicador  3.7.2;1756;49.9;16;Amapá;11687;2010;3518;10 a 19 anos;11687
Indicador  3.7.2;1756;5.9;16;Amapá;11687;2010;1142;10 a 14 anos;11687
Indicador  3.7.2;1756;91.8;16;Amapá;11687;2010;1143;15 a 19 anos;11687
Indicador  3.7.2;1756;49.8;16;Amapá;11687;2011;3518;10 a 19 anos;11687
Indicador  3.7.2;1756;6.4;16;Amapá;11687;2011;1142;10 a 14 anos;11687
Indicador  3.7.2;1756;92.2;16;Amapá;11687;2011;1143;15 a 19 anos;11687
Indicador  3.7.2;1756;48.9;16;Amapá;11687;2012;3518;10 a 19 anos;11687
Indicador  3.7.2;1756;5.7;16;Amapá;11687;2012;1142;10 a 14 anos;11687
Indicador  3.7.2;1756;88.5;16;Amapá;11687;2012;1143;15 a 19 anos;11687
Indicador  3.7.2;1756;50.3;16;Amapá;11687;2013;3518;10 a 19 anos;11687
Indicador  3.7.2;1756;6.5;16;Amapá;11687;2013;1142;10 a 14 anos;11687
Indicador  3.7.2;1756;88.1;16;Amapá;11687;2013;1143;15 a 19 anos;11687
Indicador  3.7.2;1756;52.3;16;Amapá;11687;2014;3518;10 a 19 anos;11687
Indicador  3.7.2;1756;6.8;16;Amapá;11687;2014;1142;10 a 14 anos;11687
Indicador  3.7.2;1756;89.9;16;Amapá;11687;2014;1143;15 a 19 anos;11687
Indicador  3.7.2;1756;49.2;16;Amapá;11687;2015;3518;10 a 19 anos;11687
Indicador  3.7.2;1756;6.1;16;Amapá;11687;2015;1142;10 a 14 anos;11687
Indicador  3.7.2;1756;87.3;16;Amapá;11687;2015;1143;15 a 19 anos;11687
Indicador  3.7.2;1756;46.9;16;Amapá;11687;2016;3518;10 a 19 anos;11687
Indicador  3.7.2;1756;5.3;16;Amapá;11687;2016;1142;10 a 14 anos;11687
Indicador  3.7.2;1756;81.2;16;Amapá;11687;2016;1143;15 a 19 anos;11687
Indicador  3.7.2;1756;43.9;16;Amapá;11687;2017;3518;10 a 19 anos;11687
Indicador  3.7.2;1756;5.4;16;Amapá;11687;2017;1142;10 a 14 anos;11687
Indicador  3.7.2;1756;78.6;16;Amapá;11687;2017;1143;15 a 19 anos;11687
Indicador  3.7.2;1756;44.6;16;Amapá;11687;2018;3518;10 a 19 anos;11687
Indicador  3.7.2;1756;5.0;16;Amapá;11687;2018;1142;10 a 14 anos;11687
Indicador  3.7.2;1756;78.1;16;Amapá;11687;2018;1143;15 a 19 anos;11687
Indicador  3.7.2;1756;39.9;16;Amapá;11687;2019;3518;10 a 19 anos;11687
Indicador  3.7.2;1756;4.4;16;Amapá;11687;2019;1142;10 a 14 anos;11687
Indicador  3.7.2;1756;73.9;16;Amapá;11687;2019;1143;15 a 19 anos;11687
Indicador  3.7.2;1756;37.5;16;Amapá;11687;2020;3518;10 a 19 anos;11687
Indicador  3.7.2;1756;4.7;16;Amapá;11687;2020;1142;10 a 14 anos;11687
Indicador  3.7.2;1756;69.8;16;Amapá;11687;2020;1143;15 a 19 anos;11687
Indicador  3.7.2;1756;38.1;16;Amapá;11687;2021;3518;10 a 19 anos;11687
Indicador  3.7.2;1756;4.5;16;Amapá;11687;2021;1142;10 a 14 anos;11687
Indicador  3.7.2;1756;71.6;16;Amapá;11687;2021;1143;15 a 19 anos;11687
Indicador  3.7.2;1756;31.5;16;Amapá;11687;2022;3518;10 a 19 anos;11687
Indicador  3.7.2;1756;3.9;16;Amapá;11687;2022;1142;10 a 14 anos;11687
Indicador  3.7.2;1756;62.6;16;Amapá;11687;2022;1143;15 a 19 anos;11687
Indicador  3.7.2;1756;61.6;17;Tocantins;11687;2000;3518;10 a 19 anos;11687
Indicador  3.7.2;1756;6.1;17;Tocantins;11687;2000;1142;10 a 14 anos;11687
Indicador  3.7.2;1756;127.7;17;Tocantins;11687;2000;1143;15 a 19 anos;11687
Indicador  3.7.2;1756;62.2;17;Tocantins;11687;2001;3518;10 a 19 anos;11687
Indicador  3.7.2;1756;5.9;17;Tocantins;11687;2001;1142;10 a 14 anos;11687
Indicador  3.7.2;1756;127.4;17;Tocantins;11687;2001;1143;15 a 19 anos;11687
Indicador  3.7.2;1756;59.1;17;Tocantins;11687;2002;3518;10 a 19 anos;11687
Indicador  3.7.2;1756;6.0;17;Tocantins;11687;2002;1142;10 a 14 anos;11687
Indicador  3.7.2;1756;116.5;17;Tocantins;11687;2002;1143;15 a 19 anos;11687
Indicador  3.7.2;1756;57.5;17;Tocantins;11687;2003;3518;10 a 19 anos;11687
Indicador  3.7.2;1756;5.7;17;Tocantins;11687;2003;1142;10 a 14 anos;11687
Indicador  3.7.2;1756;121.5;17;Tocantins;11687;2003;1143;15 a 19 anos;11687
Indicador  3.7.2;1756;55.1;17;Tocantins;11687;2004;3518;10 a 19 anos;11687
Indicador  3.7.2;1756;5.8;17;Tocantins;11687;2004;1142;10 a 14 anos;11687
Indicador  3.7.2;1756;114.9;17;Tocantins;11687;2004;1143;15 a 19 anos;11687
Indicador  3.7.2;1756;55.1;17;Tocantins;11687;2005;3518;10 a 19 anos;11687
Indicador  3.7.2;1756;5.7;17;Tocantins;11687;2005;1142;10 a 14 anos;11687
Indicador  3.7.2;1756;113.1;17;Tocantins;11687;2005;1143;15 a 19 anos;11687
Indicador  3.7.2;1756;53.2;17;Tocantins;11687;2006;3518;10 a 19 anos;11687
Indicador  3.7.2;1756;5.7;17;Tocantins;11687;2006;1142;10 a 14 anos;11687
Indicador  3.7.2;1756;115.3;17;Tocantins;11687;2006;1143;15 a 19 anos;11687
Indicador  3.7.2;1756;49.5;17;Tocantins;11687;2007;3518;10 a 19 anos;11687
Indicador  3.7.2;1756;5.9;17;Tocantins;11687;2007;1142;10 a 14 anos;11687
Indicador  3.7.2;1756;106.6;17;Tocantins;11687;2007;1143;15 a 19 anos;11687
Indicador  3.7.2;1756;49.4;17;Tocantins;11687;2008;3518;10 a 19 anos;11687
Indicador  3.7.2;1756;5.6;17;Tocantins;11687;2008;1142;10 a 14 anos;11687
Indicador  3.7.2;1756;106.4;17;Tocantins;11687;2008;1143;15 a 19 anos;11687
Indicador  3.7.2;1756;46.1;17;Tocantins;11687;2009;3518;10 a 19 anos;11687
Indicador  3.7.2;1756;5.7;17;Tocantins;11687;2009;1142;10 a 14 anos;11687
Indicador  3.7.2;1756;96.5;17;Tocantins;11687;2009;1143;15 a 19 anos;11687
Indicador  3.7.2;1756;44.2;17;Tocantins;11687;2010;3518;10 a 19 anos;11687
Indicador  3.7.2;1756;5.3;17;Tocantins;11687;2010;1142;10 a 14 anos;11687
Indicador  3.7.2;1756;97.0;17;Tocantins;11687;2010;1143;15 a 19 anos;11687
Indicador  3.7.2;1756;43.5;17;Tocantins;11687;2011;3518;10 a 19 anos;11687
Indicador  3.7.2;1756;4.9;17;Tocantins;11687;2011;1142;10 a 14 anos;11687
Indicador  3.7.2;1756;95.9;17;Tocantins;11687;2011;1143;15 a 19 anos;11687
Indicador  3.7.2;1756;41.9;17;Tocantins;11687;2012;3518;10 a 19 anos;11687
Indicador  3.7.2;1756;5.2;17;Tocantins;11687;2012;1142;10 a 14 anos;11687
Indicador  3.7.2;1756;94.3;17;Tocantins;11687;2012;1143;15 a 19 anos;11687
Indicador  3.7.2;1756;41.5;17;Tocantins;11687;2013;3518;10 a 19 anos;11687
Indicador  3.7.2;1756;4.5;17;Tocantins;11687;2013;1142;10 a 14 anos;11687
Indicador  3.7.2;1756;95.7;17;Tocantins;11687;2013;1143;15 a 19 anos;11687
Indicador  3.7.2;1756;42.3;17;Tocantins;11687;2014;3518;10 a 19 anos;11687
Indicador  3.7.2;1756;5.2;17;Tocantins;11687;2014;1142;10 a 14 anos;11687
Indicador  3.7.2;1756;98.7;17;Tocantins;11687;2014;1143;15 a 19 anos;11687
Indicador  3.7.2;1756;41.7;17;Tocantins;11687;2015;3518;10 a 19 anos;11687
Indicador  3.7.2;1756;4.7;17;Tocantins;11687;2015;1142;10 a 14 anos;11687
Indicador  3.7.2;1756;92.0;17;Tocantins;11687;2015;1143;15 a 19 anos;11687
Indicador  3.7.2;1756;37.9;17;Tocantins;11687;2016;3518;10 a 19 anos;11687
Indicador  3.7.2;1756;4.5;17;Tocantins;11687;2016;1142;10 a 14 anos;11687
Indicador  3.7.2;1756;87.1;17;Tocantins;11687;2016;1143;15 a 19 anos;11687
Indicador  3.7.2;1756;38.3;17;Tocantins;11687;2017;3518;10 a 19 anos;11687
Indicador  3.7.2;1756;4.3;17;Tocantins;11687;2017;1142;10 a 14 anos;11687
Indicador  3.7.2;1756;80.4;17;Tocantins;11687;2017;1143;15 a 19 anos;11687
Indicador  3.7.2;1756;36.8;17;Tocantins;11687;2018;3518;10 a 19 anos;11687
Indicador  3.7.2;1756;4.4;17;Tocantins;11687;2018;1142;10 a 14 anos;11687
Indicador  3.7.2;1756;81.7;17;Tocantins;11687;2018;1143;15 a 19 anos;11687
Indicador  3.7.2;1756;34.4;17;Tocantins;11687;2019;3518;10 a 19 anos;11687
Indicador  3.7.2;1756;3.7;17;Tocantins;11687;2019;1142;10 a 14 anos;11687
Indicador  3.7.2;1756;73.2;17;Tocantins;11687;2019;1143;15 a 19 anos;11687
Indicador  3.7.2;1756;33.0;17;Tocantins;11687;2020;3518;10 a 19 anos;11687
Indicador  3.7.2;1756;3.9;17;Tocantins;11687;2020;1142;10 a 14 anos;11687
Indicador  3.7.2;1756;68.6;17;Tocantins;11687;2020;1143;15 a 19 anos;11687
Indicador  3.7.2;1756;32.9;17;Tocantins;11687;2021;3518;10 a 19 anos;11687
Indicador  3.7.2;1756;4.1;17;Tocantins;11687;2021;1142;10 a 14 anos;11687
Indicador  3.7.2;1756;70.6;17;Tocantins;11687;2021;1143;15 a 19 anos;11687
Indicador  3.7.2;1756;29.0;17;Tocantins;11687;2022;3518;10 a 19 anos;11687
Indicador  3.7.2;1756;3.6;17;Tocantins;11687;2022;1142;10 a 14 anos;11687
Indicador  3.7.2;1756;58.5;17;Tocantins;11687;2022;1143;15 a 19 anos;11687
Indicador  3.7.2;1756;43.9;21;Maranhão;11687;2000;3518;10 a 19 anos;11687
Indicador  3.7.2;1756;3.9;21;Maranhão;11687;2000;1142;10 a 14 anos;11687
Indicador  3.7.2;1756;118.9;21;Maranhão;11687;2000;1143;15 a 19 anos;11687
Indicador  3.7.2;1756;47.5;21;Maranhão;11687;2001;3518;10 a 19 anos;11687
Indicador  3.7.2;1756;4.0;21;Maranhão;11687;2001;1142;10 a 14 anos;11687
Indicador  3.7.2;1756;119.6;21;Maranhão;11687;2001;1143;15 a 19 anos;11687
Indicador  3.7.2;1756;50.9;21;Maranhão;11687;2002;3518;10 a 19 anos;11687
Indicador  3.7.2;1756;4.8;21;Maranhão;11687;2002;1142;10 a 14 anos;11687
Indicador  3.7.2;1756;113.2;21;Maranhão;11687;2002;1143;15 a 19 anos;11687
Indicador  3.7.2;1756;54.9;21;Maranhão;11687;2003;3518;10 a 19 anos;11687
Indicador  3.7.2;1756;5.0;21;Maranhão;11687;2003;1142;10 a 14 anos;11687
Indicador  3.7.2;1756;110.1;21;Maranhão;11687;2003;1143;15 a 19 anos;11687
Indicador  3.7.2;1756;53.7;21;Maranhão;11687;2004;3518;10 a 19 anos;11687
Indicador  3.7.2;1756;5.1;21;Maranhão;11687;2004;1142;10 a 14 anos;11687
Indicador  3.7.2;1756;105.3;21;Maranhão;11687;2004;1143;15 a 19 anos;11687
Indicador  3.7.2;1756;55.0;21;Maranhão;11687;2005;3518;10 a 19 anos;11687
Indicador  3.7.2;1756;5.6;21;Maranhão;11687;2005;1142;10 a 14 anos;11687
Indicador  3.7.2;1756;105.5;21;Maranhão;11687;2005;1143;15 a 19 anos;11687
Indicador  3.7.2;1756;52.9;21;Maranhão;11687;2006;3518;10 a 19 anos;11687
Indicador  3.7.2;1756;5.6;21;Maranhão;11687;2006;1142;10 a 14 anos;11687
Indicador  3.7.2;1756;102.0;21;Maranhão;11687;2006;1143;15 a 19 anos;11687
Indicador  3.7.2;1756;52.0;21;Maranhão;11687;2007;3518;10 a 19 anos;11687
Indicador  3.7.2;1756;5.7;21;Maranhão;11687;2007;1142;10 a 14 anos;11687
Indicador  3.7.2;1756;94.6;21;Maranhão;11687;2007;1143;15 a 19 anos;11687
Indicador  3.7.2;1756;50.9;21;Maranhão;11687;2008;3518;10 a 19 anos;11687
Indicador  3.7.2;1756;5.4;21;Maranhão;11687;2008;1142;10 a 14 anos;11687
Indicador  3.7.2;1756;94.7;21;Maranhão;11687;2008;1143;15 a 19 anos;11687
Indicador  3.7.2;1756;47.6;21;Maranhão;11687;2009;3518;10 a 19 anos;11687
Indicador  3.7.2;1756;5.3;21;Maranhão;11687;2009;1142;10 a 14 anos;11687
Indicador  3.7.2;1756;87.9;21;Maranhão;11687;2009;1143;15 a 19 anos;11687
Indicador  3.7.2;1756;44.6;21;Maranhão;11687;2010;3518;10 a 19 anos;11687
Indicador  3.7.2;1756;5.1;21;Maranhão;11687;2010;1142;10 a 14 anos;11687
Indicador  3.7.2;1756;84.2;21;Maranhão;11687;2010;1143;15 a 19 anos;11687
Indicador  3.7.2;1756;44.8;21;Maranhão;11687;2011;3518;10 a 19 anos;11687
Indicador  3.7.2;1756;5.5;21;Maranhão;11687;2011;1142;10 a 14 anos;11687
Indicador  3.7.2;1756;82.5;21;Maranhão;11687;2011;1143;15 a 19 anos;11687
Indicador  3.7.2;1756;43.1;21;Maranhão;11687;2012;3518;10 a 19 anos;11687
Indicador  3.7.2;1756;5.2;21;Maranhão;11687;2012;1142;10 a 14 anos;11687
Indicador  3.7.2;1756;78.2;21;Maranhão;11687;2012;1143;15 a 19 anos;11687
Indicador  3.7.2;1756;42.8;21;Maranhão;11687;2013;3518;10 a 19 anos;11687
Indicador  3.7.2;1756;5.3;21;Maranhão;11687;2013;1142;10 a 14 anos;11687
Indicador  3.7.2;1756;77.2;21;Maranhão;11687;2013;1143;15 a 19 anos;11687
Indicador  3.7.2;1756;43.4;21;Maranhão;11687;2014;3518;10 a 19 anos;11687
Indicador  3.7.2;1756;5.3;21;Maranhão;11687;2014;1142;10 a 14 anos;11687
Indicador  3.7.2;1756;77.6;21;Maranhão;11687;2014;1143;15 a 19 anos;11687
Indicador  3.7.2;1756;43.7;21;Maranhão;11687;2015;3518;10 a 19 anos;11687
Indicador  3.7.2;1756;5.1;21;Maranhão;11687;2015;1142;10 a 14 anos;11687
Indicador  3.7.2;1756;76.7;21;Maranhão;11687;2015;1143;15 a 19 anos;11687
Indicador  3.7.2;1756;41.1;21;Maranhão;11687;2016;3518;10 a 19 anos;11687
Indicador  3.7.2;1756;4.8;21;Maranhão;11687;2016;1142;10 a 14 anos;11687
Indicador  3.7.2;1756;69.7;21;Maranhão;11687;2016;1143;15 a 19 anos;11687
Indicador  3.7.2;1756;40.9;21;Maranhão;11687;2017;3518;10 a 19 anos;11687
Indicador  3.7.2;1756;4.5;21;Maranhão;11687;2017;1142;10 a 14 anos;11687
Indicador  3.7.2;1756;70.8;21;Maranhão;11687;2017;1143;15 a 19 anos;11687
Indicador  3.7.2;1756;41.3;21;Maranhão;11687;2018;3518;10 a 19 anos;11687
Indicador  3.7.2;1756;4.6;21;Maranhão;11687;2018;1142;10 a 14 anos;11687
Indicador  3.7.2;1756;67.9;21;Maranhão;11687;2018;1143;15 a 19 anos;11687
Indicador  3.7.2;1756;39.1;21;Maranhão;11687;2019;3518;10 a 19 anos;11687
Indicador  3.7.2;1756;4.3;21;Maranhão;11687;2019;1142;10 a 14 anos;11687
Indicador  3.7.2;1756;63.9;21;Maranhão;11687;2019;1143;15 a 19 anos;11687
Indicador  3.7.2;1756;35.7;21;Maranhão;11687;2020;3518;10 a 19 anos;11687
Indicador  3.7.2;1756;4.0;21;Maranhão;11687;2020;1142;10 a 14 anos;11687
Indicador  3.7.2;1756;60.9;21;Maranhão;11687;2020;1143;15 a 19 anos;11687
Indicador  3.7.2;1756;36.9;21;Maranhão;11687;2021;3518;10 a 19 anos;11687
Indicador  3.7.2;1756;4.6;21;Maranhão;11687;2021;1142;10 a 14 anos;11687
Indicador  3.7.2;1756;60.1;21;Maranhão;11687;2021;1143;15 a 19 anos;11687
Indicador  3.7.2;1756;31.2;21;Maranhão;11687;2022;3518;10 a 19 anos;11687
Indicador  3.7.2;1756;3.8;21;Maranhão;11687;2022;1142;10 a 14 anos;11687
Indicador  3.7.2;1756;52.9;21;Maranhão;11687;2022;1143;15 a 19 anos;11687
Indicador  3.7.2;1756;47.5;22;Piauí;11687;2000;3518;10 a 19 anos;11687
Indicador  3.7.2;1756;3.8;22;Piauí;11687;2000;1142;10 a 14 anos;11687
Indicador  3.7.2;1756;85.7;22;Piauí;11687;2000;1143;15 a 19 anos;11687
Indicador  3.7.2;1756;47.4;22;Piauí;11687;2001;3518;10 a 19 anos;11687
Indicador  3.7.2;1756;4.1;22;Piauí;11687;2001;1142;10 a 14 anos;11687
Indicador  3.7.2;1756;91.4;22;Piauí;11687;2001;1143;15 a 19 anos;11687
Indicador  3.7.2;1756;46.0;22;Piauí;11687;2002;3518;10 a 19 anos;11687
Indicador  3.7.2;1756;3.8;22;Piauí;11687;2002;1142;10 a 14 anos;11687
Indicador  3.7.2;1756;96.1;22;Piauí;11687;2002;1143;15 a 19 anos;11687
Indicador  3.7.2;1756;44.9;22;Piauí;11687;2003;3518;10 a 19 anos;11687
Indicador  3.7.2;1756;3.9;22;Piauí;11687;2003;1142;10 a 14 anos;11687
Indicador  3.7.2;1756;103.0;22;Piauí;11687;2003;1143;15 a 19 anos;11687
Indicador  3.7.2;1756;44.9;22;Piauí;11687;2004;3518;10 a 19 anos;11687
Indicador  3.7.2;1756;4.2;22;Piauí;11687;2004;1142;10 a 14 anos;11687
Indicador  3.7.2;1756;100.4;22;Piauí;11687;2004;1143;15 a 19 anos;11687
Indicador  3.7.2;1756;46.5;22;Piauí;11687;2005;3518;10 a 19 anos;11687
Indicador  3.7.2;1756;4.1;22;Piauí;11687;2005;1142;10 a 14 anos;11687
Indicador  3.7.2;1756;103.0;22;Piauí;11687;2005;1143;15 a 19 anos;11687
Indicador  3.7.2;1756;44.4;22;Piauí;11687;2006;3518;10 a 19 anos;11687
Indicador  3.7.2;1756;3.9;22;Piauí;11687;2006;1142;10 a 14 anos;11687
Indicador  3.7.2;1756;99.7;22;Piauí;11687;2006;1143;15 a 19 anos;11687
Indicador  3.7.2;1756;43.4;22;Piauí;11687;2007;3518;10 a 19 anos;11687
Indicador  3.7.2;1756;4.0;22;Piauí;11687;2007;1142;10 a 14 anos;11687
Indicador  3.7.2;1756;99.0;22;Piauí;11687;2007;1143;15 a 19 anos;11687
Indicador  3.7.2;1756;40.5;22;Piauí;11687;2008;3518;10 a 19 anos;11687
Indicador  3.7.2;1756;4.1;22;Piauí;11687;2008;1142;10 a 14 anos;11687
Indicador  3.7.2;1756;98.2;22;Piauí;11687;2008;1143;15 a 19 anos;11687
Indicador  3.7.2;1756;37.8;22;Piauí;11687;2009;3518;10 a 19 anos;11687
Indicador  3.7.2;1756;3.9;22;Piauí;11687;2009;1142;10 a 14 anos;11687
Indicador  3.7.2;1756;92.1;22;Piauí;11687;2009;1143;15 a 19 anos;11687
Indicador  3.7.2;1756;36.3;22;Piauí;11687;2010;3518;10 a 19 anos;11687
Indicador  3.7.2;1756;3.8;22;Piauí;11687;2010;1142;10 a 14 anos;11687
Indicador  3.7.2;1756;86.3;22;Piauí;11687;2010;1143;15 a 19 anos;11687
Indicador  3.7.2;1756;35.4;22;Piauí;11687;2011;3518;10 a 19 anos;11687
Indicador  3.7.2;1756;3.9;22;Piauí;11687;2011;1142;10 a 14 anos;11687
Indicador  3.7.2;1756;85.5;22;Piauí;11687;2011;1143;15 a 19 anos;11687
Indicador  3.7.2;1756;34.5;22;Piauí;11687;2012;3518;10 a 19 anos;11687
Indicador  3.7.2;1756;3.6;22;Piauí;11687;2012;1142;10 a 14 anos;11687
Indicador  3.7.2;1756;80.9;22;Piauí;11687;2012;1143;15 a 19 anos;11687
Indicador  3.7.2;1756;33.4;22;Piauí;11687;2013;3518;10 a 19 anos;11687
Indicador  3.7.2;1756;3.7;22;Piauí;11687;2013;1142;10 a 14 anos;11687
Indicador  3.7.2;1756;79.5;22;Piauí;11687;2013;1143;15 a 19 anos;11687
Indicador  3.7.2;1756;35.4;22;Piauí;11687;2014;3518;10 a 19 anos;11687
Indicador  3.7.2;1756;3.6;22;Piauí;11687;2014;1142;10 a 14 anos;11687
Indicador  3.7.2;1756;80.0;22;Piauí;11687;2014;1143;15 a 19 anos;11687
Indicador  3.7.2;1756;36.5;22;Piauí;11687;2015;3518;10 a 19 anos;11687
Indicador  3.7.2;1756;4.1;22;Piauí;11687;2015;1142;10 a 14 anos;11687
Indicador  3.7.2;1756;80.6;22;Piauí;11687;2015;1143;15 a 19 anos;11687
Indicador  3.7.2;1756;34.8;22;Piauí;11687;2016;3518;10 a 19 anos;11687
Indicador  3.7.2;1756;4.1;22;Piauí;11687;2016;1142;10 a 14 anos;11687
Indicador  3.7.2;1756;76.6;22;Piauí;11687;2016;1143;15 a 19 anos;11687
Indicador  3.7.2;1756;34.6;22;Piauí;11687;2017;3518;10 a 19 anos;11687
Indicador  3.7.2;1756;4.0;22;Piauí;11687;2017;1142;10 a 14 anos;11687
Indicador  3.7.2;1756;77.6;22;Piauí;11687;2017;1143;15 a 19 anos;11687
Indicador  3.7.2;1756;34.0;22;Piauí;11687;2018;3518;10 a 19 anos;11687
Indicador  3.7.2;1756;3.5;22;Piauí;11687;2018;1142;10 a 14 anos;11687
Indicador  3.7.2;1756;78.7;22;Piauí;11687;2018;1143;15 a 19 anos;11687
Indicador  3.7.2;1756;32.2;22;Piauí;11687;2019;3518;10 a 19 anos;11687
Indicador  3.7.2;1756;3.2;22;Piauí;11687;2019;1142;10 a 14 anos;11687
Indicador  3.7.2;1756;74.0;22;Piauí;11687;2019;1143;15 a 19 anos;11687
Indicador  3.7.2;1756;29.6;22;Piauí;11687;2020;3518;10 a 19 anos;11687
Indicador  3.7.2;1756;3.3;22;Piauí;11687;2020;1142;10 a 14 anos;11687
Indicador  3.7.2;1756;66.9;22;Piauí;11687;2020;1143;15 a 19 anos;11687
Indicador  3.7.2;1756;30.5;22;Piauí;11687;2021;3518;10 a 19 anos;11687
Indicador  3.7.2;1756;3.3;22;Piauí;11687;2021;1142;10 a 14 anos;11687
Indicador  3.7.2;1756;67.5;22;Piauí;11687;2021;1143;15 a 19 anos;11687
Indicador  3.7.2;1756;24.7;22;Piauí;11687;2022;3518;10 a 19 anos;11687
Indicador  3.7.2;1756;2.4;22;Piauí;11687;2022;1142;10 a 14 anos;11687
Indicador  3.7.2;1756;56.2;22;Piauí;11687;2022;1143;15 a 19 anos;11687
Indicador  3.7.2;1756;39.7;23;Ceará;11687;2000;3518;10 a 19 anos;11687
Indicador  3.7.2;1756;3.5;23;Ceará;11687;2000;1142;10 a 14 anos;11687
Indicador  3.7.2;1756;92.6;23;Ceará;11687;2000;1143;15 a 19 anos;11687
Indicador  3.7.2;1756;40.6;23;Ceará;11687;2001;3518;10 a 19 anos;11687
Indicador  3.7.2;1756;3.4;23;Ceará;11687;2001;1142;10 a 14 anos;11687
Indicador  3.7.2;1756;90.6;23;Ceará;11687;2001;1143;15 a 19 anos;11687
Indicador  3.7.2;1756;38.2;23;Ceará;11687;2002;3518;10 a 19 anos;11687
Indicador  3.7.2;1756;3.2;23;Ceará;11687;2002;1142;10 a 14 anos;11687
Indicador  3.7.2;1756;86.4;23;Ceará;11687;2002;1143;15 a 19 anos;11687
Indicador  3.7.2;1756;37.5;23;Ceará;11687;2003;3518;10 a 19 anos;11687
Indicador  3.7.2;1756;3.3;23;Ceará;11687;2003;1142;10 a 14 anos;11687
Indicador  3.7.2;1756;83.1;23;Ceará;11687;2003;1143;15 a 19 anos;11687
Indicador  3.7.2;1756;37.1;23;Ceará;11687;2004;3518;10 a 19 anos;11687
Indicador  3.7.2;1756;3.2;23;Ceará;11687;2004;1142;10 a 14 anos;11687
Indicador  3.7.2;1756;82.1;23;Ceará;11687;2004;1143;15 a 19 anos;11687
Indicador  3.7.2;1756;37.2;23;Ceará;11687;2005;3518;10 a 19 anos;11687
Indicador  3.7.2;1756;3.0;23;Ceará;11687;2005;1142;10 a 14 anos;11687
Indicador  3.7.2;1756;85.2;23;Ceará;11687;2005;1143;15 a 19 anos;11687
Indicador  3.7.2;1756;35.4;23;Ceará;11687;2006;3518;10 a 19 anos;11687
Indicador  3.7.2;1756;3.5;23;Ceará;11687;2006;1142;10 a 14 anos;11687
Indicador  3.7.2;1756;82.0;23;Ceará;11687;2006;1143;15 a 19 anos;11687
Indicador  3.7.2;1756;34.6;23;Ceará;11687;2007;3518;10 a 19 anos;11687
Indicador  3.7.2;1756;3.4;23;Ceará;11687;2007;1142;10 a 14 anos;11687
Indicador  3.7.2;1756;80.8;23;Ceará;11687;2007;1143;15 a 19 anos;11687
Indicador  3.7.2;1756;33.4;23;Ceará;11687;2008;3518;10 a 19 anos;11687
Indicador  3.7.2;1756;3.5;23;Ceará;11687;2008;1142;10 a 14 anos;11687
Indicador  3.7.2;1756;75.9;23;Ceará;11687;2008;1143;15 a 19 anos;11687
Indicador  3.7.2;1756;32.8;23;Ceará;11687;2009;3518;10 a 19 anos;11687
Indicador  3.7.2;1756;3.6;23;Ceará;11687;2009;1142;10 a 14 anos;11687
Indicador  3.7.2;1756;71.6;23;Ceará;11687;2009;1143;15 a 19 anos;11687
Indicador  3.7.2;1756;31.1;23;Ceará;11687;2010;3518;10 a 19 anos;11687
Indicador  3.7.2;1756;3.6;23;Ceará;11687;2010;1142;10 a 14 anos;11687
Indicador  3.7.2;1756;69.3;23;Ceará;11687;2010;1143;15 a 19 anos;11687
Indicador  3.7.2;1756;31.7;23;Ceará;11687;2011;3518;10 a 19 anos;11687
Indicador  3.7.2;1756;3.4;23;Ceará;11687;2011;1142;10 a 14 anos;11687
Indicador  3.7.2;1756;67.6;23;Ceará;11687;2011;1143;15 a 19 anos;11687
Indicador  3.7.2;1756;32.1;23;Ceará;11687;2012;3518;10 a 19 anos;11687
Indicador  3.7.2;1756;3.8;23;Ceará;11687;2012;1142;10 a 14 anos;11687
Indicador  3.7.2;1756;65.7;23;Ceará;11687;2012;1143;15 a 19 anos;11687
Indicador  3.7.2;1756;32.1;23;Ceará;11687;2013;3518;10 a 19 anos;11687
Indicador  3.7.2;1756;3.6;23;Ceará;11687;2013;1142;10 a 14 anos;11687
Indicador  3.7.2;1756;62.9;23;Ceará;11687;2013;1143;15 a 19 anos;11687
Indicador  3.7.2;1756;33.6;23;Ceará;11687;2014;3518;10 a 19 anos;11687
Indicador  3.7.2;1756;3.9;23;Ceará;11687;2014;1142;10 a 14 anos;11687
Indicador  3.7.2;1756;66.2;23;Ceará;11687;2014;1143;15 a 19 anos;11687
Indicador  3.7.2;1756;33.2;23;Ceará;11687;2015;3518;10 a 19 anos;11687
Indicador  3.7.2;1756;4.0;23;Ceará;11687;2015;1142;10 a 14 anos;11687
Indicador  3.7.2;1756;67.2;23;Ceará;11687;2015;1143;15 a 19 anos;11687
Indicador  3.7.2;1756;31.7;23;Ceará;11687;2016;3518;10 a 19 anos;11687
Indicador  3.7.2;1756;3.8;23;Ceará;11687;2016;1142;10 a 14 anos;11687
Indicador  3.7.2;1756;63.1;23;Ceará;11687;2016;1143;15 a 19 anos;11687
Indicador  3.7.2;1756;30.7;23;Ceará;11687;2017;3518;10 a 19 anos;11687
Indicador  3.7.2;1756;3.5;23;Ceará;11687;2017;1142;10 a 14 anos;11687
Indicador  3.7.2;1756;62.3;23;Ceará;11687;2017;1143;15 a 19 anos;11687
Indicador  3.7.2;1756;30.0;23;Ceará;11687;2018;3518;10 a 19 anos;11687
Indicador  3.7.2;1756;3.3;23;Ceará;11687;2018;1142;10 a 14 anos;11687
Indicador  3.7.2;1756;61.7;23;Ceará;11687;2018;1143;15 a 19 anos;11687
Indicador  3.7.2;1756;28.1;23;Ceará;11687;2019;3518;10 a 19 anos;11687
Indicador  3.7.2;1756;3.0;23;Ceará;11687;2019;1142;10 a 14 anos;11687
Indicador  3.7.2;1756;58.4;23;Ceará;11687;2019;1143;15 a 19 anos;11687
Indicador  3.7.2;1756;25.5;23;Ceará;11687;2020;3518;10 a 19 anos;11687
Indicador  3.7.2;1756;3.0;23;Ceará;11687;2020;1142;10 a 14 anos;11687
Indicador  3.7.2;1756;53.2;23;Ceará;11687;2020;1143;15 a 19 anos;11687
Indicador  3.7.2;1756;24.6;23;Ceará;11687;2021;3518;10 a 19 anos;11687
Indicador  3.7.2;1756;2.9;23;Ceará;11687;2021;1142;10 a 14 anos;11687
Indicador  3.7.2;1756;54.8;23;Ceará;11687;2021;1143;15 a 19 anos;11687
Indicador  3.7.2;1756;21.4;23;Ceará;11687;2022;3518;10 a 19 anos;11687
Indicador  3.7.2;1756;2.4;23;Ceará;11687;2022;1142;10 a 14 anos;11687
Indicador  3.7.2;1756;44.8;23;Ceará;11687;2022;1143;15 a 19 anos;11687
Indicador  3.7.2;1756;45.3;24;Rio Grande do Norte;11687;2000;3518;10 a 19 anos;11687
Indicador  3.7.2;1756;4.1;24;Rio Grande do Norte;11687;2000;1142;10 a 14 anos;11687
Indicador  3.7.2;1756;78.2;24;Rio Grande do Norte;11687;2000;1143;15 a 19 anos;11687
Indicador  3.7.2;1756;43.8;24;Rio Grande do Norte;11687;2001;3518;10 a 19 anos;11687
Indicador  3.7.2;1756;4.3;24;Rio Grande do Norte;11687;2001;1142;10 a 14 anos;11687
Indicador  3.7.2;1756;78.9;24;Rio Grande do Norte;11687;2001;1143;15 a 19 anos;11687
Indicador  3.7.2;1756;41.7;24;Rio Grande do Norte;11687;2002;3518;10 a 19 anos;11687
Indicador  3.7.2;1756;4.3;24;Rio Grande do Norte;11687;2002;1142;10 a 14 anos;11687
Indicador  3.7.2;1756;73.4;24;Rio Grande do Norte;11687;2002;1143;15 a 19 anos;11687
Indicador  3.7.2;1756;40.5;24;Rio Grande do Norte;11687;2003;3518;10 a 19 anos;11687
Indicador  3.7.2;1756;3.9;24;Rio Grande do Norte;11687;2003;1142;10 a 14 anos;11687
Indicador  3.7.2;1756;71.1;24;Rio Grande do Norte;11687;2003;1143;15 a 19 anos;11687
Indicador  3.7.2;1756;39.8;24;Rio Grande do Norte;11687;2004;3518;10 a 19 anos;11687
Indicador  3.7.2;1756;3.4;24;Rio Grande do Norte;11687;2004;1142;10 a 14 anos;11687
Indicador  3.7.2;1756;70.2;24;Rio Grande do Norte;11687;2004;1143;15 a 19 anos;11687
Indicador  3.7.2;1756;41.2;24;Rio Grande do Norte;11687;2005;3518;10 a 19 anos;11687
Indicador  3.7.2;1756;3.5;24;Rio Grande do Norte;11687;2005;1142;10 a 14 anos;11687
Indicador  3.7.2;1756;70.5;24;Rio Grande do Norte;11687;2005;1143;15 a 19 anos;11687
Indicador  3.7.2;1756;36.7;24;Rio Grande do Norte;11687;2006;3518;10 a 19 anos;11687
Indicador  3.7.2;1756;3.5;24;Rio Grande do Norte;11687;2006;1142;10 a 14 anos;11687
Indicador  3.7.2;1756;66.7;24;Rio Grande do Norte;11687;2006;1143;15 a 19 anos;11687
Indicador  3.7.2;1756;36.0;24;Rio Grande do Norte;11687;2007;3518;10 a 19 anos;11687
Indicador  3.7.2;1756;3.5;24;Rio Grande do Norte;11687;2007;1142;10 a 14 anos;11687
Indicador  3.7.2;1756;65.6;24;Rio Grande do Norte;11687;2007;1143;15 a 19 anos;11687
Indicador  3.7.2;1756;36.4;24;Rio Grande do Norte;11687;2008;3518;10 a 19 anos;11687
Indicador  3.7.2;1756;4.1;24;Rio Grande do Norte;11687;2008;1142;10 a 14 anos;11687
Indicador  3.7.2;1756;63.3;24;Rio Grande do Norte;11687;2008;1143;15 a 19 anos;11687
Indicador  3.7.2;1756;33.9;24;Rio Grande do Norte;11687;2009;3518;10 a 19 anos;11687
Indicador  3.7.2;1756;3.8;24;Rio Grande do Norte;11687;2009;1142;10 a 14 anos;11687
Indicador  3.7.2;1756;62.0;24;Rio Grande do Norte;11687;2009;1143;15 a 19 anos;11687
Indicador  3.7.2;1756;33.1;24;Rio Grande do Norte;11687;2010;3518;10 a 19 anos;11687
Indicador  3.7.2;1756;3.9;24;Rio Grande do Norte;11687;2010;1142;10 a 14 anos;11687
Indicador  3.7.2;1756;58.4;24;Rio Grande do Norte;11687;2010;1143;15 a 19 anos;11687
Indicador  3.7.2;1756;33.8;24;Rio Grande do Norte;11687;2011;3518;10 a 19 anos;11687
Indicador  3.7.2;1756;4.1;24;Rio Grande do Norte;11687;2011;1142;10 a 14 anos;11687
Indicador  3.7.2;1756;58.9;24;Rio Grande do Norte;11687;2011;1143;15 a 19 anos;11687
Indicador  3.7.2;1756;33.6;24;Rio Grande do Norte;11687;2012;3518;10 a 19 anos;11687
Indicador  3.7.2;1756;4.0;24;Rio Grande do Norte;11687;2012;1142;10 a 14 anos;11687
Indicador  3.7.2;1756;58.5;24;Rio Grande do Norte;11687;2012;1143;15 a 19 anos;11687
Indicador  3.7.2;1756;34.0;24;Rio Grande do Norte;11687;2013;3518;10 a 19 anos;11687
Indicador  3.7.2;1756;3.9;24;Rio Grande do Norte;11687;2013;1142;10 a 14 anos;11687
Indicador  3.7.2;1756;57.7;24;Rio Grande do Norte;11687;2013;1143;15 a 19 anos;11687
Indicador  3.7.2;1756;33.9;24;Rio Grande do Norte;11687;2014;3518;10 a 19 anos;11687
Indicador  3.7.2;1756;3.7;24;Rio Grande do Norte;11687;2014;1142;10 a 14 anos;11687
Indicador  3.7.2;1756;59.4;24;Rio Grande do Norte;11687;2014;1143;15 a 19 anos;11687
Indicador  3.7.2;1756;33.6;24;Rio Grande do Norte;11687;2015;3518;10 a 19 anos;11687
Indicador  3.7.2;1756;4.3;24;Rio Grande do Norte;11687;2015;1142;10 a 14 anos;11687
Indicador  3.7.2;1756;58.3;24;Rio Grande do Norte;11687;2015;1143;15 a 19 anos;11687
Indicador  3.7.2;1756;31.6;24;Rio Grande do Norte;11687;2016;3518;10 a 19 anos;11687
Indicador  3.7.2;1756;3.6;24;Rio Grande do Norte;11687;2016;1142;10 a 14 anos;11687
Indicador  3.7.2;1756;55.6;24;Rio Grande do Norte;11687;2016;1143;15 a 19 anos;11687
Indicador  3.7.2;1756;30.2;24;Rio Grande do Norte;11687;2017;3518;10 a 19 anos;11687
Indicador  3.7.2;1756;3.1;24;Rio Grande do Norte;11687;2017;1142;10 a 14 anos;11687
Indicador  3.7.2;1756;54.5;24;Rio Grande do Norte;11687;2017;1143;15 a 19 anos;11687
Indicador  3.7.2;1756;29.0;24;Rio Grande do Norte;11687;2018;3518;10 a 19 anos;11687
Indicador  3.7.2;1756;3.3;24;Rio Grande do Norte;11687;2018;1142;10 a 14 anos;11687
Indicador  3.7.2;1756;53.9;24;Rio Grande do Norte;11687;2018;1143;15 a 19 anos;11687
Indicador  3.7.2;1756;26.1;24;Rio Grande do Norte;11687;2019;3518;10 a 19 anos;11687
Indicador  3.7.2;1756;2.9;24;Rio Grande do Norte;11687;2019;1142;10 a 14 anos;11687
Indicador  3.7.2;1756;51.2;24;Rio Grande do Norte;11687;2019;1143;15 a 19 anos;11687
Indicador  3.7.2;1756;23.8;24;Rio Grande do Norte;11687;2020;3518;10 a 19 anos;11687
Indicador  3.7.2;1756;2.5;24;Rio Grande do Norte;11687;2020;1142;10 a 14 anos;11687
Indicador  3.7.2;1756;46.7;24;Rio Grande do Norte;11687;2020;1143;15 a 19 anos;11687
Indicador  3.7.2;1756;23.4;24;Rio Grande do Norte;11687;2021;3518;10 a 19 anos;11687
Indicador  3.7.2;1756;2.5;24;Rio Grande do Norte;11687;2021;1142;10 a 14 anos;11687
Indicador  3.7.2;1756;45.0;24;Rio Grande do Norte;11687;2021;1143;15 a 19 anos;11687
Indicador  3.7.2;1756;19.6;24;Rio Grande do Norte;11687;2022;3518;10 a 19 anos;11687
Indicador  3.7.2;1756;1.8;24;Rio Grande do Norte;11687;2022;1142;10 a 14 anos;11687
Indicador  3.7.2;1756;39.3;24;Rio Grande do Norte;11687;2022;1143;15 a 19 anos;11687
Indicador  3.7.2;1756;37.1;25;Paraíba;11687;2000;3518;10 a 19 anos;11687
Indicador  3.7.2;1756;3.2;25;Paraíba;11687;2000;1142;10 a 14 anos;11687
Indicador  3.7.2;1756;88.1;25;Paraíba;11687;2000;1143;15 a 19 anos;11687
Indicador  3.7.2;1756;40.3;25;Paraíba;11687;2001;3518;10 a 19 anos;11687
Indicador  3.7.2;1756;3.4;25;Paraíba;11687;2001;1142;10 a 14 anos;11687
Indicador  3.7.2;1756;83.7;25;Paraíba;11687;2001;1143;15 a 19 anos;11687
Indicador  3.7.2;1756;39.6;25;Paraíba;11687;2002;3518;10 a 19 anos;11687
Indicador  3.7.2;1756;3.6;25;Paraíba;11687;2002;1142;10 a 14 anos;11687
Indicador  3.7.2;1756;78.3;25;Paraíba;11687;2002;1143;15 a 19 anos;11687
Indicador  3.7.2;1756;39.1;25;Paraíba;11687;2003;3518;10 a 19 anos;11687
Indicador  3.7.2;1756;3.2;25;Paraíba;11687;2003;1142;10 a 14 anos;11687
Indicador  3.7.2;1756;75.4;25;Paraíba;11687;2003;1143;15 a 19 anos;11687
Indicador  3.7.2;1756;38.9;25;Paraíba;11687;2004;3518;10 a 19 anos;11687
Indicador  3.7.2;1756;3.2;25;Paraíba;11687;2004;1142;10 a 14 anos;11687
Indicador  3.7.2;1756;74.0;25;Paraíba;11687;2004;1143;15 a 19 anos;11687
Indicador  3.7.2;1756;40.1;25;Paraíba;11687;2005;3518;10 a 19 anos;11687
Indicador  3.7.2;1756;3.5;25;Paraíba;11687;2005;1142;10 a 14 anos;11687
Indicador  3.7.2;1756;76.3;25;Paraíba;11687;2005;1143;15 a 19 anos;11687
Indicador  3.7.2;1756;38.0;25;Paraíba;11687;2006;3518;10 a 19 anos;11687
Indicador  3.7.2;1756;3.3;25;Paraíba;11687;2006;1142;10 a 14 anos;11687
Indicador  3.7.2;1756;67.7;25;Paraíba;11687;2006;1143;15 a 19 anos;11687
Indicador  3.7.2;1756;36.4;25;Paraíba;11687;2007;3518;10 a 19 anos;11687
Indicador  3.7.2;1756;3.4;25;Paraíba;11687;2007;1142;10 a 14 anos;11687
Indicador  3.7.2;1756;66.8;25;Paraíba;11687;2007;1143;15 a 19 anos;11687
Indicador  3.7.2;1756;36.8;25;Paraíba;11687;2008;3518;10 a 19 anos;11687
Indicador  3.7.2;1756;3.3;25;Paraíba;11687;2008;1142;10 a 14 anos;11687
Indicador  3.7.2;1756;67.5;25;Paraíba;11687;2008;1143;15 a 19 anos;11687
Indicador  3.7.2;1756;35.3;25;Paraíba;11687;2009;3518;10 a 19 anos;11687
Indicador  3.7.2;1756;3.3;25;Paraíba;11687;2009;1142;10 a 14 anos;11687
Indicador  3.7.2;1756;63.2;25;Paraíba;11687;2009;1143;15 a 19 anos;11687
Indicador  3.7.2;1756;33.3;25;Paraíba;11687;2010;3518;10 a 19 anos;11687
Indicador  3.7.2;1756;3.5;25;Paraíba;11687;2010;1142;10 a 14 anos;11687
Indicador  3.7.2;1756;61.7;25;Paraíba;11687;2010;1143;15 a 19 anos;11687
Indicador  3.7.2;1756;34.2;25;Paraíba;11687;2011;3518;10 a 19 anos;11687
Indicador  3.7.2;1756;3.6;25;Paraíba;11687;2011;1142;10 a 14 anos;11687
Indicador  3.7.2;1756;62.7;25;Paraíba;11687;2011;1143;15 a 19 anos;11687
Indicador  3.7.2;1756;33.4;25;Paraíba;11687;2012;3518;10 a 19 anos;11687
Indicador  3.7.2;1756;3.6;25;Paraíba;11687;2012;1142;10 a 14 anos;11687
Indicador  3.7.2;1756;61.8;25;Paraíba;11687;2012;1143;15 a 19 anos;11687
Indicador  3.7.2;1756;33.6;25;Paraíba;11687;2013;3518;10 a 19 anos;11687
Indicador  3.7.2;1756;3.4;25;Paraíba;11687;2013;1142;10 a 14 anos;11687
Indicador  3.7.2;1756;62.1;25;Paraíba;11687;2013;1143;15 a 19 anos;11687
Indicador  3.7.2;1756;33.5;25;Paraíba;11687;2014;3518;10 a 19 anos;11687
Indicador  3.7.2;1756;3.5;25;Paraíba;11687;2014;1142;10 a 14 anos;11687
Indicador  3.7.2;1756;61.6;25;Paraíba;11687;2014;1143;15 a 19 anos;11687
Indicador  3.7.2;1756;34.3;25;Paraíba;11687;2015;3518;10 a 19 anos;11687
Indicador  3.7.2;1756;3.9;25;Paraíba;11687;2015;1142;10 a 14 anos;11687
Indicador  3.7.2;1756;60.4;25;Paraíba;11687;2015;1143;15 a 19 anos;11687
Indicador  3.7.2;1756;32.2;25;Paraíba;11687;2016;3518;10 a 19 anos;11687
Indicador  3.7.2;1756;3.6;25;Paraíba;11687;2016;1142;10 a 14 anos;11687
Indicador  3.7.2;1756;57.2;25;Paraíba;11687;2016;1143;15 a 19 anos;11687
Indicador  3.7.2;1756;31.9;25;Paraíba;11687;2017;3518;10 a 19 anos;11687
Indicador  3.7.2;1756;3.5;25;Paraíba;11687;2017;1142;10 a 14 anos;11687
Indicador  3.7.2;1756;55.3;25;Paraíba;11687;2017;1143;15 a 19 anos;11687
Indicador  3.7.2;1756;31.8;25;Paraíba;11687;2018;3518;10 a 19 anos;11687
Indicador  3.7.2;1756;3.0;25;Paraíba;11687;2018;1142;10 a 14 anos;11687
Indicador  3.7.2;1756;53.0;25;Paraíba;11687;2018;1143;15 a 19 anos;11687
Indicador  3.7.2;1756;30.0;25;Paraíba;11687;2019;3518;10 a 19 anos;11687
Indicador  3.7.2;1756;3.1;25;Paraíba;11687;2019;1142;10 a 14 anos;11687
Indicador  3.7.2;1756;48.0;25;Paraíba;11687;2019;1143;15 a 19 anos;11687
Indicador  3.7.2;1756;28.6;25;Paraíba;11687;2020;3518;10 a 19 anos;11687
Indicador  3.7.2;1756;3.0;25;Paraíba;11687;2020;1142;10 a 14 anos;11687
Indicador  3.7.2;1756;43.9;25;Paraíba;11687;2020;1143;15 a 19 anos;11687
Indicador  3.7.2;1756;29.2;25;Paraíba;11687;2021;3518;10 a 19 anos;11687
Indicador  3.7.2;1756;2.7;25;Paraíba;11687;2021;1142;10 a 14 anos;11687
Indicador  3.7.2;1756;43.0;25;Paraíba;11687;2021;1143;15 a 19 anos;11687
Indicador  3.7.2;1756;24.4;25;Paraíba;11687;2022;3518;10 a 19 anos;11687
Indicador  3.7.2;1756;2.4;25;Paraíba;11687;2022;1142;10 a 14 anos;11687
Indicador  3.7.2;1756;36.2;25;Paraíba;11687;2022;1143;15 a 19 anos;11687
Indicador  3.7.2;1756;46.6;26;Pernambuco;11687;2000;3518;10 a 19 anos;11687
Indicador  3.7.2;1756;3.7;26;Pernambuco;11687;2000;1142;10 a 14 anos;11687
Indicador  3.7.2;1756;71.2;26;Pernambuco;11687;2000;1143;15 a 19 anos;11687
Indicador  3.7.2;1756;46.1;26;Pernambuco;11687;2001;3518;10 a 19 anos;11687
Indicador  3.7.2;1756;3.9;26;Pernambuco;11687;2001;1142;10 a 14 anos;11687
Indicador  3.7.2;1756;76.3;26;Pernambuco;11687;2001;1143;15 a 19 anos;11687
Indicador  3.7.2;1756;42.9;26;Pernambuco;11687;2002;3518;10 a 19 anos;11687
Indicador  3.7.2;1756;3.6;26;Pernambuco;11687;2002;1142;10 a 14 anos;11687
Indicador  3.7.2;1756;73.9;26;Pernambuco;11687;2002;1143;15 a 19 anos;11687
Indicador  3.7.2;1756;41.4;26;Pernambuco;11687;2003;3518;10 a 19 anos;11687
Indicador  3.7.2;1756;3.8;26;Pernambuco;11687;2003;1142;10 a 14 anos;11687
Indicador  3.7.2;1756;72.8;26;Pernambuco;11687;2003;1143;15 a 19 anos;11687
Indicador  3.7.2;1756;41.5;26;Pernambuco;11687;2004;3518;10 a 19 anos;11687
Indicador  3.7.2;1756;3.4;26;Pernambuco;11687;2004;1142;10 a 14 anos;11687
Indicador  3.7.2;1756;72.4;26;Pernambuco;11687;2004;1143;15 a 19 anos;11687
Indicador  3.7.2;1756;42.6;26;Pernambuco;11687;2005;3518;10 a 19 anos;11687
Indicador  3.7.2;1756;3.6;26;Pernambuco;11687;2005;1142;10 a 14 anos;11687
Indicador  3.7.2;1756;74.7;26;Pernambuco;11687;2005;1143;15 a 19 anos;11687
Indicador  3.7.2;1756;40.4;26;Pernambuco;11687;2006;3518;10 a 19 anos;11687
Indicador  3.7.2;1756;3.6;26;Pernambuco;11687;2006;1142;10 a 14 anos;11687
Indicador  3.7.2;1756;71.1;26;Pernambuco;11687;2006;1143;15 a 19 anos;11687
Indicador  3.7.2;1756;39.5;26;Pernambuco;11687;2007;3518;10 a 19 anos;11687
Indicador  3.7.2;1756;3.4;26;Pernambuco;11687;2007;1142;10 a 14 anos;11687
Indicador  3.7.2;1756;68.3;26;Pernambuco;11687;2007;1143;15 a 19 anos;11687
Indicador  3.7.2;1756;39.2;26;Pernambuco;11687;2008;3518;10 a 19 anos;11687
Indicador  3.7.2;1756;3.7;26;Pernambuco;11687;2008;1142;10 a 14 anos;11687
Indicador  3.7.2;1756;69.5;26;Pernambuco;11687;2008;1143;15 a 19 anos;11687
Indicador  3.7.2;1756;37.5;26;Pernambuco;11687;2009;3518;10 a 19 anos;11687
Indicador  3.7.2;1756;3.5;26;Pernambuco;11687;2009;1142;10 a 14 anos;11687
Indicador  3.7.2;1756;66.5;26;Pernambuco;11687;2009;1143;15 a 19 anos;11687
Indicador  3.7.2;1756;35.1;26;Pernambuco;11687;2010;3518;10 a 19 anos;11687
Indicador  3.7.2;1756;3.6;26;Pernambuco;11687;2010;1142;10 a 14 anos;11687
Indicador  3.7.2;1756;62.6;26;Pernambuco;11687;2010;1143;15 a 19 anos;11687
Indicador  3.7.2;1756;36.4;26;Pernambuco;11687;2011;3518;10 a 19 anos;11687
Indicador  3.7.2;1756;4.1;26;Pernambuco;11687;2011;1142;10 a 14 anos;11687
Indicador  3.7.2;1756;64.0;26;Pernambuco;11687;2011;1143;15 a 19 anos;11687
Indicador  3.7.2;1756;37.5;26;Pernambuco;11687;2012;3518;10 a 19 anos;11687
Indicador  3.7.2;1756;4.2;26;Pernambuco;11687;2012;1142;10 a 14 anos;11687
Indicador  3.7.2;1756;62.4;26;Pernambuco;11687;2012;1143;15 a 19 anos;11687
Indicador  3.7.2;1756;37.4;26;Pernambuco;11687;2013;3518;10 a 19 anos;11687
Indicador  3.7.2;1756;4.1;26;Pernambuco;11687;2013;1142;10 a 14 anos;11687
Indicador  3.7.2;1756;62.6;26;Pernambuco;11687;2013;1143;15 a 19 anos;11687
Indicador  3.7.2;1756;38.0;26;Pernambuco;11687;2014;3518;10 a 19 anos;11687
Indicador  3.7.2;1756;4.1;26;Pernambuco;11687;2014;1142;10 a 14 anos;11687
Indicador  3.7.2;1756;62.0;26;Pernambuco;11687;2014;1143;15 a 19 anos;11687
Indicador  3.7.2;1756;37.3;26;Pernambuco;11687;2015;3518;10 a 19 anos;11687
Indicador  3.7.2;1756;4.0;26;Pernambuco;11687;2015;1142;10 a 14 anos;11687
Indicador  3.7.2;1756;63.0;26;Pernambuco;11687;2015;1143;15 a 19 anos;11687
Indicador  3.7.2;1756;34.2;26;Pernambuco;11687;2016;3518;10 a 19 anos;11687
Indicador  3.7.2;1756;3.4;26;Pernambuco;11687;2016;1142;10 a 14 anos;11687
Indicador  3.7.2;1756;58.9;26;Pernambuco;11687;2016;1143;15 a 19 anos;11687
Indicador  3.7.2;1756;34.0;26;Pernambuco;11687;2017;3518;10 a 19 anos;11687
Indicador  3.7.2;1756;3.3;26;Pernambuco;11687;2017;1142;10 a 14 anos;11687
Indicador  3.7.2;1756;58.1;26;Pernambuco;11687;2017;1143;15 a 19 anos;11687
Indicador  3.7.2;1756;32.6;26;Pernambuco;11687;2018;3518;10 a 19 anos;11687
Indicador  3.7.2;1756;3.3;26;Pernambuco;11687;2018;1142;10 a 14 anos;11687
Indicador  3.7.2;1756;58.3;26;Pernambuco;11687;2018;1143;15 a 19 anos;11687
Indicador  3.7.2;1756;30.5;26;Pernambuco;11687;2019;3518;10 a 19 anos;11687
Indicador  3.7.2;1756;3.0;26;Pernambuco;11687;2019;1142;10 a 14 anos;11687
Indicador  3.7.2;1756;54.7;26;Pernambuco;11687;2019;1143;15 a 19 anos;11687
Indicador  3.7.2;1756;28.9;26;Pernambuco;11687;2020;3518;10 a 19 anos;11687
Indicador  3.7.2;1756;2.7;26;Pernambuco;11687;2020;1142;10 a 14 anos;11687
Indicador  3.7.2;1756;52.1;26;Pernambuco;11687;2020;1143;15 a 19 anos;11687
Indicador  3.7.2;1756;28.1;26;Pernambuco;11687;2021;3518;10 a 19 anos;11687
Indicador  3.7.2;1756;2.8;26;Pernambuco;11687;2021;1142;10 a 14 anos;11687
Indicador  3.7.2;1756;53.2;26;Pernambuco;11687;2021;1143;15 a 19 anos;11687
Indicador  3.7.2;1756;23.6;26;Pernambuco;11687;2022;3518;10 a 19 anos;11687
Indicador  3.7.2;1756;2.2;26;Pernambuco;11687;2022;1142;10 a 14 anos;11687
Indicador  3.7.2;1756;44.1;26;Pernambuco;11687;2022;1143;15 a 19 anos;11687
Indicador  3.7.2;1756;51.3;27;Alagoas;11687;2000;3518;10 a 19 anos;11687
Indicador  3.7.2;1756;4.8;27;Alagoas;11687;2000;1142;10 a 14 anos;11687
Indicador  3.7.2;1756;89.4;27;Alagoas;11687;2000;1143;15 a 19 anos;11687
Indicador  3.7.2;1756;52.6;27;Alagoas;11687;2001;3518;10 a 19 anos;11687
Indicador  3.7.2;1756;4.4;27;Alagoas;11687;2001;1142;10 a 14 anos;11687
Indicador  3.7.2;1756;87.2;27;Alagoas;11687;2001;1143;15 a 19 anos;11687
Indicador  3.7.2;1756;49.9;27;Alagoas;11687;2002;3518;10 a 19 anos;11687
Indicador  3.7.2;1756;4.8;27;Alagoas;11687;2002;1142;10 a 14 anos;11687
Indicador  3.7.2;1756;80.3;27;Alagoas;11687;2002;1143;15 a 19 anos;11687
Indicador  3.7.2;1756;49.7;27;Alagoas;11687;2003;3518;10 a 19 anos;11687
Indicador  3.7.2;1756;4.6;27;Alagoas;11687;2003;1142;10 a 14 anos;11687
Indicador  3.7.2;1756;76.5;27;Alagoas;11687;2003;1143;15 a 19 anos;11687
Indicador  3.7.2;1756;46.8;27;Alagoas;11687;2004;3518;10 a 19 anos;11687
Indicador  3.7.2;1756;3.8;27;Alagoas;11687;2004;1142;10 a 14 anos;11687
Indicador  3.7.2;1756;77.0;27;Alagoas;11687;2004;1143;15 a 19 anos;11687
Indicador  3.7.2;1756;48.1;27;Alagoas;11687;2005;3518;10 a 19 anos;11687
Indicador  3.7.2;1756;4.3;27;Alagoas;11687;2005;1142;10 a 14 anos;11687
Indicador  3.7.2;1756;79.2;27;Alagoas;11687;2005;1143;15 a 19 anos;11687
Indicador  3.7.2;1756;45.8;27;Alagoas;11687;2006;3518;10 a 19 anos;11687
Indicador  3.7.2;1756;4.2;27;Alagoas;11687;2006;1142;10 a 14 anos;11687
Indicador  3.7.2;1756;75.6;27;Alagoas;11687;2006;1143;15 a 19 anos;11687
Indicador  3.7.2;1756;45.6;27;Alagoas;11687;2007;3518;10 a 19 anos;11687
Indicador  3.7.2;1756;4.6;27;Alagoas;11687;2007;1142;10 a 14 anos;11687
Indicador  3.7.2;1756;74.8;27;Alagoas;11687;2007;1143;15 a 19 anos;11687
Indicador  3.7.2;1756;44.5;27;Alagoas;11687;2008;3518;10 a 19 anos;11687
Indicador  3.7.2;1756;4.9;27;Alagoas;11687;2008;1142;10 a 14 anos;11687
Indicador  3.7.2;1756;74.6;27;Alagoas;11687;2008;1143;15 a 19 anos;11687
Indicador  3.7.2;1756;41.2;27;Alagoas;11687;2009;3518;10 a 19 anos;11687
Indicador  3.7.2;1756;4.8;27;Alagoas;11687;2009;1142;10 a 14 anos;11687
Indicador  3.7.2;1756;71.9;27;Alagoas;11687;2009;1143;15 a 19 anos;11687
Indicador  3.7.2;1756;40.3;27;Alagoas;11687;2010;3518;10 a 19 anos;11687
Indicador  3.7.2;1756;4.9;27;Alagoas;11687;2010;1142;10 a 14 anos;11687
Indicador  3.7.2;1756;67.2;27;Alagoas;11687;2010;1143;15 a 19 anos;11687
Indicador  3.7.2;1756;41.9;27;Alagoas;11687;2011;3518;10 a 19 anos;11687
Indicador  3.7.2;1756;5.3;27;Alagoas;11687;2011;1142;10 a 14 anos;11687
Indicador  3.7.2;1756;68.9;27;Alagoas;11687;2011;1143;15 a 19 anos;11687
Indicador  3.7.2;1756;41.9;27;Alagoas;11687;2012;3518;10 a 19 anos;11687
Indicador  3.7.2;1756;5.7;27;Alagoas;11687;2012;1142;10 a 14 anos;11687
Indicador  3.7.2;1756;70.3;27;Alagoas;11687;2012;1143;15 a 19 anos;11687
Indicador  3.7.2;1756;43.3;27;Alagoas;11687;2013;3518;10 a 19 anos;11687
Indicador  3.7.2;1756;5.8;27;Alagoas;11687;2013;1142;10 a 14 anos;11687
Indicador  3.7.2;1756;69.5;27;Alagoas;11687;2013;1143;15 a 19 anos;11687
Indicador  3.7.2;1756;42.2;27;Alagoas;11687;2014;3518;10 a 19 anos;11687
Indicador  3.7.2;1756;5.4;27;Alagoas;11687;2014;1142;10 a 14 anos;11687
Indicador  3.7.2;1756;69.8;27;Alagoas;11687;2014;1143;15 a 19 anos;11687
Indicador  3.7.2;1756;42.9;27;Alagoas;11687;2015;3518;10 a 19 anos;11687
Indicador  3.7.2;1756;5.3;27;Alagoas;11687;2015;1142;10 a 14 anos;11687
Indicador  3.7.2;1756;68.3;27;Alagoas;11687;2015;1143;15 a 19 anos;11687
Indicador  3.7.2;1756;39.3;27;Alagoas;11687;2016;3518;10 a 19 anos;11687
Indicador  3.7.2;1756;4.9;27;Alagoas;11687;2016;1142;10 a 14 anos;11687
Indicador  3.7.2;1756;62.5;27;Alagoas;11687;2016;1143;15 a 19 anos;11687
Indicador  3.7.2;1756;39.9;27;Alagoas;11687;2017;3518;10 a 19 anos;11687
Indicador  3.7.2;1756;4.9;27;Alagoas;11687;2017;1142;10 a 14 anos;11687
Indicador  3.7.2;1756;62.2;27;Alagoas;11687;2017;1143;15 a 19 anos;11687
Indicador  3.7.2;1756;39.5;27;Alagoas;11687;2018;3518;10 a 19 anos;11687
Indicador  3.7.2;1756;4.6;27;Alagoas;11687;2018;1142;10 a 14 anos;11687
Indicador  3.7.2;1756;59.7;27;Alagoas;11687;2018;1143;15 a 19 anos;11687
Indicador  3.7.2;1756;36.0;27;Alagoas;11687;2019;3518;10 a 19 anos;11687
Indicador  3.7.2;1756;4.3;27;Alagoas;11687;2019;1142;10 a 14 anos;11687
Indicador  3.7.2;1756;56.2;27;Alagoas;11687;2019;1143;15 a 19 anos;11687
Indicador  3.7.2;1756;34.2;27;Alagoas;11687;2020;3518;10 a 19 anos;11687
Indicador  3.7.2;1756;4.0;27;Alagoas;11687;2020;1142;10 a 14 anos;11687
Indicador  3.7.2;1756;53.4;27;Alagoas;11687;2020;1143;15 a 19 anos;11687
Indicador  3.7.2;1756;33.9;27;Alagoas;11687;2021;3518;10 a 19 anos;11687
Indicador  3.7.2;1756;4.1;27;Alagoas;11687;2021;1142;10 a 14 anos;11687
Indicador  3.7.2;1756;51.7;27;Alagoas;11687;2021;1143;15 a 19 anos;11687
Indicador  3.7.2;1756;28.7;27;Alagoas;11687;2022;3518;10 a 19 anos;11687
Indicador  3.7.2;1756;3.5;27;Alagoas;11687;2022;1142;10 a 14 anos;11687
Indicador  3.7.2;1756;43.8;27;Alagoas;11687;2022;1143;15 a 19 anos;11687
Indicador  3.7.2;1756;46.0;28;Sergipe;11687;2000;3518;10 a 19 anos;11687
Indicador  3.7.2;1756;3.7;28;Sergipe;11687;2000;1142;10 a 14 anos;11687
Indicador  3.7.2;1756;97.7;28;Sergipe;11687;2000;1143;15 a 19 anos;11687
Indicador  3.7.2;1756;43.3;28;Sergipe;11687;2001;3518;10 a 19 anos;11687
Indicador  3.7.2;1756;3.7;28;Sergipe;11687;2001;1142;10 a 14 anos;11687
Indicador  3.7.2;1756;99.4;28;Sergipe;11687;2001;1143;15 a 19 anos;11687
Indicador  3.7.2;1756;40.4;28;Sergipe;11687;2002;3518;10 a 19 anos;11687
Indicador  3.7.2;1756;3.2;28;Sergipe;11687;2002;1142;10 a 14 anos;11687
Indicador  3.7.2;1756;93.2;28;Sergipe;11687;2002;1143;15 a 19 anos;11687
Indicador  3.7.2;1756;40.4;28;Sergipe;11687;2003;3518;10 a 19 anos;11687
Indicador  3.7.2;1756;3.5;28;Sergipe;11687;2003;1142;10 a 14 anos;11687
Indicador  3.7.2;1756;92.8;28;Sergipe;11687;2003;1143;15 a 19 anos;11687
Indicador  3.7.2;1756;38.6;28;Sergipe;11687;2004;3518;10 a 19 anos;11687
Indicador  3.7.2;1756;3.3;28;Sergipe;11687;2004;1142;10 a 14 anos;11687
Indicador  3.7.2;1756;88.2;28;Sergipe;11687;2004;1143;15 a 19 anos;11687
Indicador  3.7.2;1756;40.6;28;Sergipe;11687;2005;3518;10 a 19 anos;11687
Indicador  3.7.2;1756;3.3;28;Sergipe;11687;2005;1142;10 a 14 anos;11687
Indicador  3.7.2;1756;91.1;28;Sergipe;11687;2005;1143;15 a 19 anos;11687
Indicador  3.7.2;1756;39.7;28;Sergipe;11687;2006;3518;10 a 19 anos;11687
Indicador  3.7.2;1756;3.6;28;Sergipe;11687;2006;1142;10 a 14 anos;11687
Indicador  3.7.2;1756;87.8;28;Sergipe;11687;2006;1143;15 a 19 anos;11687
Indicador  3.7.2;1756;37.5;28;Sergipe;11687;2007;3518;10 a 19 anos;11687
Indicador  3.7.2;1756;3.7;28;Sergipe;11687;2007;1142;10 a 14 anos;11687
Indicador  3.7.2;1756;88.1;28;Sergipe;11687;2007;1143;15 a 19 anos;11687
Indicador  3.7.2;1756;37.1;28;Sergipe;11687;2008;3518;10 a 19 anos;11687
Indicador  3.7.2;1756;4.3;28;Sergipe;11687;2008;1142;10 a 14 anos;11687
Indicador  3.7.2;1756;86.4;28;Sergipe;11687;2008;1143;15 a 19 anos;11687
Indicador  3.7.2;1756;33.8;28;Sergipe;11687;2009;3518;10 a 19 anos;11687
Indicador  3.7.2;1756;3.9;28;Sergipe;11687;2009;1142;10 a 14 anos;11687
Indicador  3.7.2;1756;80.3;28;Sergipe;11687;2009;1143;15 a 19 anos;11687
Indicador  3.7.2;1756;33.7;28;Sergipe;11687;2010;3518;10 a 19 anos;11687
Indicador  3.7.2;1756;3.8;28;Sergipe;11687;2010;1142;10 a 14 anos;11687
Indicador  3.7.2;1756;78.1;28;Sergipe;11687;2010;1143;15 a 19 anos;11687
Indicador  3.7.2;1756;35.8;28;Sergipe;11687;2011;3518;10 a 19 anos;11687
Indicador  3.7.2;1756;4.1;28;Sergipe;11687;2011;1142;10 a 14 anos;11687
Indicador  3.7.2;1756;80.3;28;Sergipe;11687;2011;1143;15 a 19 anos;11687
Indicador  3.7.2;1756;35.8;28;Sergipe;11687;2012;3518;10 a 19 anos;11687
Indicador  3.7.2;1756;4.0;28;Sergipe;11687;2012;1142;10 a 14 anos;11687
Indicador  3.7.2;1756;79.0;28;Sergipe;11687;2012;1143;15 a 19 anos;11687
Indicador  3.7.2;1756;37.0;28;Sergipe;11687;2013;3518;10 a 19 anos;11687
Indicador  3.7.2;1756;4.5;28;Sergipe;11687;2013;1142;10 a 14 anos;11687
Indicador  3.7.2;1756;80.6;28;Sergipe;11687;2013;1143;15 a 19 anos;11687
Indicador  3.7.2;1756;37.1;28;Sergipe;11687;2014;3518;10 a 19 anos;11687
Indicador  3.7.2;1756;4.6;28;Sergipe;11687;2014;1142;10 a 14 anos;11687
Indicador  3.7.2;1756;77.5;28;Sergipe;11687;2014;1143;15 a 19 anos;11687
Indicador  3.7.2;1756;38.6;28;Sergipe;11687;2015;3518;10 a 19 anos;11687
Indicador  3.7.2;1756;4.5;28;Sergipe;11687;2015;1142;10 a 14 anos;11687
Indicador  3.7.2;1756;78.2;28;Sergipe;11687;2015;1143;15 a 19 anos;11687
Indicador  3.7.2;1756;35.1;28;Sergipe;11687;2016;3518;10 a 19 anos;11687
Indicador  3.7.2;1756;4.2;28;Sergipe;11687;2016;1142;10 a 14 anos;11687
Indicador  3.7.2;1756;71.0;28;Sergipe;11687;2016;1143;15 a 19 anos;11687
Indicador  3.7.2;1756;35.0;28;Sergipe;11687;2017;3518;10 a 19 anos;11687
Indicador  3.7.2;1756;3.7;28;Sergipe;11687;2017;1142;10 a 14 anos;11687
Indicador  3.7.2;1756;71.7;28;Sergipe;11687;2017;1143;15 a 19 anos;11687
Indicador  3.7.2;1756;33.9;28;Sergipe;11687;2018;3518;10 a 19 anos;11687
Indicador  3.7.2;1756;3.9;28;Sergipe;11687;2018;1142;10 a 14 anos;11687
Indicador  3.7.2;1756;71.0;28;Sergipe;11687;2018;1143;15 a 19 anos;11687
Indicador  3.7.2;1756;30.8;28;Sergipe;11687;2019;3518;10 a 19 anos;11687
Indicador  3.7.2;1756;3.6;28;Sergipe;11687;2019;1142;10 a 14 anos;11687
Indicador  3.7.2;1756;64.7;28;Sergipe;11687;2019;1143;15 a 19 anos;11687
Indicador  3.7.2;1756;30.1;28;Sergipe;11687;2020;3518;10 a 19 anos;11687
Indicador  3.7.2;1756;3.5;28;Sergipe;11687;2020;1142;10 a 14 anos;11687
Indicador  3.7.2;1756;61.6;28;Sergipe;11687;2020;1143;15 a 19 anos;11687
Indicador  3.7.2;1756;27.6;28;Sergipe;11687;2021;3518;10 a 19 anos;11687
Indicador  3.7.2;1756;3.2;28;Sergipe;11687;2021;1142;10 a 14 anos;11687
Indicador  3.7.2;1756;61.0;28;Sergipe;11687;2021;1143;15 a 19 anos;11687
Indicador  3.7.2;1756;23.5;28;Sergipe;11687;2022;3518;10 a 19 anos;11687
Indicador  3.7.2;1756;2.5;28;Sergipe;11687;2022;1142;10 a 14 anos;11687
Indicador  3.7.2;1756;51.8;28;Sergipe;11687;2022;1143;15 a 19 anos;11687
Indicador  3.7.2;1756;41.0;29;Bahia;11687;2000;3518;10 a 19 anos;11687
Indicador  3.7.2;1756;3.3;29;Bahia;11687;2000;1142;10 a 14 anos;11687
Indicador  3.7.2;1756;89.2;29;Bahia;11687;2000;1143;15 a 19 anos;11687
Indicador  3.7.2;1756;40.6;29;Bahia;11687;2001;3518;10 a 19 anos;11687
Indicador  3.7.2;1756;3.4;29;Bahia;11687;2001;1142;10 a 14 anos;11687
Indicador  3.7.2;1756;83.0;29;Bahia;11687;2001;1143;15 a 19 anos;11687
Indicador  3.7.2;1756;40.6;29;Bahia;11687;2002;3518;10 a 19 anos;11687
Indicador  3.7.2;1756;3.4;29;Bahia;11687;2002;1142;10 a 14 anos;11687
Indicador  3.7.2;1756;77.0;29;Bahia;11687;2002;1143;15 a 19 anos;11687
Indicador  3.7.2;1756;41.2;29;Bahia;11687;2003;3518;10 a 19 anos;11687
Indicador  3.7.2;1756;3.6;29;Bahia;11687;2003;1142;10 a 14 anos;11687
Indicador  3.7.2;1756;76.3;29;Bahia;11687;2003;1143;15 a 19 anos;11687
Indicador  3.7.2;1756;40.8;29;Bahia;11687;2004;3518;10 a 19 anos;11687
Indicador  3.7.2;1756;3.3;29;Bahia;11687;2004;1142;10 a 14 anos;11687
Indicador  3.7.2;1756;72.6;29;Bahia;11687;2004;1143;15 a 19 anos;11687
Indicador  3.7.2;1756;40.7;29;Bahia;11687;2005;3518;10 a 19 anos;11687
Indicador  3.7.2;1756;3.6;29;Bahia;11687;2005;1142;10 a 14 anos;11687
Indicador  3.7.2;1756;76.7;29;Bahia;11687;2005;1143;15 a 19 anos;11687
Indicador  3.7.2;1756;38.4;29;Bahia;11687;2006;3518;10 a 19 anos;11687
Indicador  3.7.2;1756;3.7;29;Bahia;11687;2006;1142;10 a 14 anos;11687
Indicador  3.7.2;1756;75.0;29;Bahia;11687;2006;1143;15 a 19 anos;11687
Indicador  3.7.2;1756;37.7;29;Bahia;11687;2007;3518;10 a 19 anos;11687
Indicador  3.7.2;1756;3.8;29;Bahia;11687;2007;1142;10 a 14 anos;11687
Indicador  3.7.2;1756;71.1;29;Bahia;11687;2007;1143;15 a 19 anos;11687
Indicador  3.7.2;1756;36.6;29;Bahia;11687;2008;3518;10 a 19 anos;11687
Indicador  3.7.2;1756;3.8;29;Bahia;11687;2008;1142;10 a 14 anos;11687
Indicador  3.7.2;1756;70.2;29;Bahia;11687;2008;1143;15 a 19 anos;11687
Indicador  3.7.2;1756;35.4;29;Bahia;11687;2009;3518;10 a 19 anos;11687
Indicador  3.7.2;1756;3.7;29;Bahia;11687;2009;1142;10 a 14 anos;11687
Indicador  3.7.2;1756;64.3;29;Bahia;11687;2009;1143;15 a 19 anos;11687
Indicador  3.7.2;1756;34.0;29;Bahia;11687;2010;3518;10 a 19 anos;11687
Indicador  3.7.2;1756;3.7;29;Bahia;11687;2010;1142;10 a 14 anos;11687
Indicador  3.7.2;1756;64.0;29;Bahia;11687;2010;1143;15 a 19 anos;11687
Indicador  3.7.2;1756;35.2;29;Bahia;11687;2011;3518;10 a 19 anos;11687
Indicador  3.7.2;1756;3.9;29;Bahia;11687;2011;1142;10 a 14 anos;11687
Indicador  3.7.2;1756;67.5;29;Bahia;11687;2011;1143;15 a 19 anos;11687
Indicador  3.7.2;1756;34.2;29;Bahia;11687;2012;3518;10 a 19 anos;11687
Indicador  3.7.2;1756;4.0;29;Bahia;11687;2012;1142;10 a 14 anos;11687
Indicador  3.7.2;1756;66.4;29;Bahia;11687;2012;1143;15 a 19 anos;11687
Indicador  3.7.2;1756;33.3;29;Bahia;11687;2013;3518;10 a 19 anos;11687
Indicador  3.7.2;1756;4.0;29;Bahia;11687;2013;1142;10 a 14 anos;11687
Indicador  3.7.2;1756;67.1;29;Bahia;11687;2013;1143;15 a 19 anos;11687
Indicador  3.7.2;1756;33.0;29;Bahia;11687;2014;3518;10 a 19 anos;11687
Indicador  3.7.2;1756;3.9;29;Bahia;11687;2014;1142;10 a 14 anos;11687
Indicador  3.7.2;1756;66.3;29;Bahia;11687;2014;1143;15 a 19 anos;11687
Indicador  3.7.2;1756;33.0;29;Bahia;11687;2015;3518;10 a 19 anos;11687
Indicador  3.7.2;1756;3.9;29;Bahia;11687;2015;1142;10 a 14 anos;11687
Indicador  3.7.2;1756;68.7;29;Bahia;11687;2015;1143;15 a 19 anos;11687
Indicador  3.7.2;1756;32.3;29;Bahia;11687;2016;3518;10 a 19 anos;11687
Indicador  3.7.2;1756;3.7;29;Bahia;11687;2016;1142;10 a 14 anos;11687
Indicador  3.7.2;1756;62.3;29;Bahia;11687;2016;1143;15 a 19 anos;11687
Indicador  3.7.2;1756;32.1;29;Bahia;11687;2017;3518;10 a 19 anos;11687
Indicador  3.7.2;1756;3.7;29;Bahia;11687;2017;1142;10 a 14 anos;11687
Indicador  3.7.2;1756;63.1;29;Bahia;11687;2017;1143;15 a 19 anos;11687
Indicador  3.7.2;1756;31.0;29;Bahia;11687;2018;3518;10 a 19 anos;11687
Indicador  3.7.2;1756;3.5;29;Bahia;11687;2018;1142;10 a 14 anos;11687
Indicador  3.7.2;1756;61.5;29;Bahia;11687;2018;1143;15 a 19 anos;11687
Indicador  3.7.2;1756;29.0;29;Bahia;11687;2019;3518;10 a 19 anos;11687
Indicador  3.7.2;1756;3.3;29;Bahia;11687;2019;1142;10 a 14 anos;11687
Indicador  3.7.2;1756;56.5;29;Bahia;11687;2019;1143;15 a 19 anos;11687
Indicador  3.7.2;1756;26.7;29;Bahia;11687;2020;3518;10 a 19 anos;11687
Indicador  3.7.2;1756;2.9;29;Bahia;11687;2020;1142;10 a 14 anos;11687
Indicador  3.7.2;1756;55.3;29;Bahia;11687;2020;1143;15 a 19 anos;11687
Indicador  3.7.2;1756;25.7;29;Bahia;11687;2021;3518;10 a 19 anos;11687
Indicador  3.7.2;1756;2.9;29;Bahia;11687;2021;1142;10 a 14 anos;11687
Indicador  3.7.2;1756;50.8;29;Bahia;11687;2021;1143;15 a 19 anos;11687
Indicador  3.7.2;1756;22.1;29;Bahia;11687;2022;3518;10 a 19 anos;11687
Indicador  3.7.2;1756;2.5;29;Bahia;11687;2022;1142;10 a 14 anos;11687
Indicador  3.7.2;1756;43.3;29;Bahia;11687;2022;1143;15 a 19 anos;11687
Indicador  3.7.2;1756;33.5;31;Minas Gerais;11687;2000;3518;10 a 19 anos;11687
Indicador  3.7.2;1756;1.9;31;Minas Gerais;11687;2000;1142;10 a 14 anos;11687
Indicador  3.7.2;1756;76.5;31;Minas Gerais;11687;2000;1143;15 a 19 anos;11687
Indicador  3.7.2;1756;33.0;31;Minas Gerais;11687;2001;3518;10 a 19 anos;11687
Indicador  3.7.2;1756;2.0;31;Minas Gerais;11687;2001;1142;10 a 14 anos;11687
Indicador  3.7.2;1756;74.8;31;Minas Gerais;11687;2001;1143;15 a 19 anos;11687
Indicador  3.7.2;1756;30.4;31;Minas Gerais;11687;2002;3518;10 a 19 anos;11687
Indicador  3.7.2;1756;1.9;31;Minas Gerais;11687;2002;1142;10 a 14 anos;11687
Indicador  3.7.2;1756;74.4;31;Minas Gerais;11687;2002;1143;15 a 19 anos;11687
Indicador  3.7.2;1756;29.5;31;Minas Gerais;11687;2003;3518;10 a 19 anos;11687
Indicador  3.7.2;1756;1.9;31;Minas Gerais;11687;2003;1142;10 a 14 anos;11687
Indicador  3.7.2;1756;75.5;31;Minas Gerais;11687;2003;1143;15 a 19 anos;11687
Indicador  3.7.2;1756;28.8;31;Minas Gerais;11687;2004;3518;10 a 19 anos;11687
Indicador  3.7.2;1756;1.9;31;Minas Gerais;11687;2004;1142;10 a 14 anos;11687
Indicador  3.7.2;1756;75.5;31;Minas Gerais;11687;2004;1143;15 a 19 anos;11687
Indicador  3.7.2;1756;29.4;31;Minas Gerais;11687;2005;3518;10 a 19 anos;11687
Indicador  3.7.2;1756;1.8;31;Minas Gerais;11687;2005;1142;10 a 14 anos;11687
Indicador  3.7.2;1756;75.6;31;Minas Gerais;11687;2005;1143;15 a 19 anos;11687
Indicador  3.7.2;1756;28.4;31;Minas Gerais;11687;2006;3518;10 a 19 anos;11687
Indicador  3.7.2;1756;1.9;31;Minas Gerais;11687;2006;1142;10 a 14 anos;11687
Indicador  3.7.2;1756;71.9;31;Minas Gerais;11687;2006;1143;15 a 19 anos;11687
Indicador  3.7.2;1756;27.8;31;Minas Gerais;11687;2007;3518;10 a 19 anos;11687
Indicador  3.7.2;1756;2.0;31;Minas Gerais;11687;2007;1142;10 a 14 anos;11687
Indicador  3.7.2;1756;71.1;31;Minas Gerais;11687;2007;1143;15 a 19 anos;11687
Indicador  3.7.2;1756;27.1;31;Minas Gerais;11687;2008;3518;10 a 19 anos;11687
Indicador  3.7.2;1756;2.0;31;Minas Gerais;11687;2008;1142;10 a 14 anos;11687
Indicador  3.7.2;1756;69.3;31;Minas Gerais;11687;2008;1143;15 a 19 anos;11687
Indicador  3.7.2;1756;25.5;31;Minas Gerais;11687;2009;3518;10 a 19 anos;11687
Indicador  3.7.2;1756;1.9;31;Minas Gerais;11687;2009;1142;10 a 14 anos;11687
Indicador  3.7.2;1756;67.1;31;Minas Gerais;11687;2009;1143;15 a 19 anos;11687
Indicador  3.7.2;1756;25.2;31;Minas Gerais;11687;2010;3518;10 a 19 anos;11687
Indicador  3.7.2;1756;1.9;31;Minas Gerais;11687;2010;1142;10 a 14 anos;11687
Indicador  3.7.2;1756;64.2;31;Minas Gerais;11687;2010;1143;15 a 19 anos;11687
Indicador  3.7.2;1756;25.4;31;Minas Gerais;11687;2011;3518;10 a 19 anos;11687
Indicador  3.7.2;1756;2.0;31;Minas Gerais;11687;2011;1142;10 a 14 anos;11687
Indicador  3.7.2;1756;66.2;31;Minas Gerais;11687;2011;1143;15 a 19 anos;11687
Indicador  3.7.2;1756;25.6;31;Minas Gerais;11687;2012;3518;10 a 19 anos;11687
Indicador  3.7.2;1756;2.0;31;Minas Gerais;11687;2012;1142;10 a 14 anos;11687
Indicador  3.7.2;1756;63.6;31;Minas Gerais;11687;2012;1143;15 a 19 anos;11687
Indicador  3.7.2;1756;26.0;31;Minas Gerais;11687;2013;3518;10 a 19 anos;11687
Indicador  3.7.2;1756;2.2;31;Minas Gerais;11687;2013;1142;10 a 14 anos;11687
Indicador  3.7.2;1756;61.1;31;Minas Gerais;11687;2013;1143;15 a 19 anos;11687
Indicador  3.7.2;1756;26.6;31;Minas Gerais;11687;2014;3518;10 a 19 anos;11687
Indicador  3.7.2;1756;2.2;31;Minas Gerais;11687;2014;1142;10 a 14 anos;11687
Indicador  3.7.2;1756;60.3;31;Minas Gerais;11687;2014;1143;15 a 19 anos;11687
Indicador  3.7.2;1756;26.3;31;Minas Gerais;11687;2015;3518;10 a 19 anos;11687
Indicador  3.7.2;1756;2.2;31;Minas Gerais;11687;2015;1142;10 a 14 anos;11687
Indicador  3.7.2;1756;59.9;31;Minas Gerais;11687;2015;1143;15 a 19 anos;11687
Indicador  3.7.2;1756;24.1;31;Minas Gerais;11687;2016;3518;10 a 19 anos;11687
Indicador  3.7.2;1756;2.0;31;Minas Gerais;11687;2016;1142;10 a 14 anos;11687
Indicador  3.7.2;1756;58.5;31;Minas Gerais;11687;2016;1143;15 a 19 anos;11687
Indicador  3.7.2;1756;24.0;31;Minas Gerais;11687;2017;3518;10 a 19 anos;11687
Indicador  3.7.2;1756;1.9;31;Minas Gerais;11687;2017;1142;10 a 14 anos;11687
Indicador  3.7.2;1756;58.2;31;Minas Gerais;11687;2017;1143;15 a 19 anos;11687
Indicador  3.7.2;1756;23.2;31;Minas Gerais;11687;2018;3518;10 a 19 anos;11687
Indicador  3.7.2;1756;1.8;31;Minas Gerais;11687;2018;1142;10 a 14 anos;11687
Indicador  3.7.2;1756;56.2;31;Minas Gerais;11687;2018;1143;15 a 19 anos;11687
Indicador  3.7.2;1756;22.0;31;Minas Gerais;11687;2019;3518;10 a 19 anos;11687
Indicador  3.7.2;1756;1.7;31;Minas Gerais;11687;2019;1142;10 a 14 anos;11687
Indicador  3.7.2;1756;52.7;31;Minas Gerais;11687;2019;1143;15 a 19 anos;11687
Indicador  3.7.2;1756;20.4;31;Minas Gerais;11687;2020;3518;10 a 19 anos;11687
Indicador  3.7.2;1756;1.5;31;Minas Gerais;11687;2020;1142;10 a 14 anos;11687
Indicador  3.7.2;1756;48.6;31;Minas Gerais;11687;2020;1143;15 a 19 anos;11687
Indicador  3.7.2;1756;19.5;31;Minas Gerais;11687;2021;3518;10 a 19 anos;11687
Indicador  3.7.2;1756;1.4;31;Minas Gerais;11687;2021;1142;10 a 14 anos;11687
Indicador  3.7.2;1756;46.7;31;Minas Gerais;11687;2021;1143;15 a 19 anos;11687
Indicador  3.7.2;1756;17.5;31;Minas Gerais;11687;2022;3518;10 a 19 anos;11687
Indicador  3.7.2;1756;1.2;31;Minas Gerais;11687;2022;1142;10 a 14 anos;11687
Indicador  3.7.2;1756;40.2;31;Minas Gerais;11687;2022;1143;15 a 19 anos;11687
Indicador  3.7.2;1756;40.9;32;Espírito Santo;11687;2000;3518;10 a 19 anos;11687
Indicador  3.7.2;1756;2.8;32;Espírito Santo;11687;2000;1142;10 a 14 anos;11687
Indicador  3.7.2;1756;64.6;32;Espírito Santo;11687;2000;1143;15 a 19 anos;11687
Indicador  3.7.2;1756;40.5;32;Espírito Santo;11687;2001;3518;10 a 19 anos;11687
Indicador  3.7.2;1756;3.0;32;Espírito Santo;11687;2001;1142;10 a 14 anos;11687
Indicador  3.7.2;1756;63.1;32;Espírito Santo;11687;2001;1143;15 a 19 anos;11687
Indicador  3.7.2;1756;37.2;32;Espírito Santo;11687;2002;3518;10 a 19 anos;11687
Indicador  3.7.2;1756;3.0;32;Espírito Santo;11687;2002;1142;10 a 14 anos;11687
Indicador  3.7.2;1756;57.7;32;Espírito Santo;11687;2002;1143;15 a 19 anos;11687
Indicador  3.7.2;1756;35.1;32;Espírito Santo;11687;2003;3518;10 a 19 anos;11687
Indicador  3.7.2;1756;2.5;32;Espírito Santo;11687;2003;1142;10 a 14 anos;11687
Indicador  3.7.2;1756;56.1;32;Espírito Santo;11687;2003;1143;15 a 19 anos;11687
Indicador  3.7.2;1756;34.9;32;Espírito Santo;11687;2004;3518;10 a 19 anos;11687
Indicador  3.7.2;1756;2.5;32;Espírito Santo;11687;2004;1142;10 a 14 anos;11687
Indicador  3.7.2;1756;54.7;32;Espírito Santo;11687;2004;1143;15 a 19 anos;11687
Indicador  3.7.2;1756;34.5;32;Espírito Santo;11687;2005;3518;10 a 19 anos;11687
Indicador  3.7.2;1756;2.4;32;Espírito Santo;11687;2005;1142;10 a 14 anos;11687
Indicador  3.7.2;1756;56.0;32;Espírito Santo;11687;2005;1143;15 a 19 anos;11687
Indicador  3.7.2;1756;34.0;32;Espírito Santo;11687;2006;3518;10 a 19 anos;11687
Indicador  3.7.2;1756;2.7;32;Espírito Santo;11687;2006;1142;10 a 14 anos;11687
Indicador  3.7.2;1756;54.1;32;Espírito Santo;11687;2006;1143;15 a 19 anos;11687
Indicador  3.7.2;1756;33.1;32;Espírito Santo;11687;2007;3518;10 a 19 anos;11687
Indicador  3.7.2;1756;2.6;32;Espírito Santo;11687;2007;1142;10 a 14 anos;11687
Indicador  3.7.2;1756;53.0;32;Espírito Santo;11687;2007;1143;15 a 19 anos;11687
Indicador  3.7.2;1756;32.1;32;Espírito Santo;11687;2008;3518;10 a 19 anos;11687
Indicador  3.7.2;1756;2.9;32;Espírito Santo;11687;2008;1142;10 a 14 anos;11687
Indicador  3.7.2;1756;51.7;32;Espírito Santo;11687;2008;1143;15 a 19 anos;11687
Indicador  3.7.2;1756;30.8;32;Espírito Santo;11687;2009;3518;10 a 19 anos;11687
Indicador  3.7.2;1756;2.7;32;Espírito Santo;11687;2009;1142;10 a 14 anos;11687
Indicador  3.7.2;1756;48.7;32;Espírito Santo;11687;2009;1143;15 a 19 anos;11687
Indicador  3.7.2;1756;30.0;32;Espírito Santo;11687;2010;3518;10 a 19 anos;11687
Indicador  3.7.2;1756;2.7;32;Espírito Santo;11687;2010;1142;10 a 14 anos;11687
Indicador  3.7.2;1756;47.9;32;Espírito Santo;11687;2010;1143;15 a 19 anos;11687
Indicador  3.7.2;1756;30.1;32;Espírito Santo;11687;2011;3518;10 a 19 anos;11687
Indicador  3.7.2;1756;2.6;32;Espírito Santo;11687;2011;1142;10 a 14 anos;11687
Indicador  3.7.2;1756;47.9;32;Espírito Santo;11687;2011;1143;15 a 19 anos;11687
Indicador  3.7.2;1756;31.2;32;Espírito Santo;11687;2012;3518;10 a 19 anos;11687
Indicador  3.7.2;1756;2.8;32;Espírito Santo;11687;2012;1142;10 a 14 anos;11687
Indicador  3.7.2;1756;47.6;32;Espírito Santo;11687;2012;1143;15 a 19 anos;11687
Indicador  3.7.2;1756;32.7;32;Espírito Santo;11687;2013;3518;10 a 19 anos;11687
Indicador  3.7.2;1756;3.2;32;Espírito Santo;11687;2013;1142;10 a 14 anos;11687
Indicador  3.7.2;1756;47.6;32;Espírito Santo;11687;2013;1143;15 a 19 anos;11687
Indicador  3.7.2;1756;33.7;32;Espírito Santo;11687;2014;3518;10 a 19 anos;11687
Indicador  3.7.2;1756;3.3;32;Espírito Santo;11687;2014;1142;10 a 14 anos;11687
Indicador  3.7.2;1756;48.3;32;Espírito Santo;11687;2014;1143;15 a 19 anos;11687
Indicador  3.7.2;1756;32.4;32;Espírito Santo;11687;2015;3518;10 a 19 anos;11687
Indicador  3.7.2;1756;3.3;32;Espírito Santo;11687;2015;1142;10 a 14 anos;11687
Indicador  3.7.2;1756;47.5;32;Espírito Santo;11687;2015;1143;15 a 19 anos;11687
Indicador  3.7.2;1756;29.6;32;Espírito Santo;11687;2016;3518;10 a 19 anos;11687
Indicador  3.7.2;1756;3.0;32;Espírito Santo;11687;2016;1142;10 a 14 anos;11687
Indicador  3.7.2;1756;43.3;32;Espírito Santo;11687;2016;1143;15 a 19 anos;11687
Indicador  3.7.2;1756;28.5;32;Espírito Santo;11687;2017;3518;10 a 19 anos;11687
Indicador  3.7.2;1756;2.7;32;Espírito Santo;11687;2017;1142;10 a 14 anos;11687
Indicador  3.7.2;1756;43.4;32;Espírito Santo;11687;2017;1143;15 a 19 anos;11687
Indicador  3.7.2;1756;27.4;32;Espírito Santo;11687;2018;3518;10 a 19 anos;11687
Indicador  3.7.2;1756;2.5;32;Espírito Santo;11687;2018;1142;10 a 14 anos;11687
Indicador  3.7.2;1756;42.1;32;Espírito Santo;11687;2018;1143;15 a 19 anos;11687
Indicador  3.7.2;1756;25.9;32;Espírito Santo;11687;2019;3518;10 a 19 anos;11687
Indicador  3.7.2;1756;2.1;32;Espírito Santo;11687;2019;1142;10 a 14 anos;11687
Indicador  3.7.2;1756;40.0;32;Espírito Santo;11687;2019;1143;15 a 19 anos;11687
Indicador  3.7.2;1756;24.6;32;Espírito Santo;11687;2020;3518;10 a 19 anos;11687
Indicador  3.7.2;1756;2.3;32;Espírito Santo;11687;2020;1142;10 a 14 anos;11687
Indicador  3.7.2;1756;37.3;32;Espírito Santo;11687;2020;1143;15 a 19 anos;11687
Indicador  3.7.2;1756;23.6;32;Espírito Santo;11687;2021;3518;10 a 19 anos;11687
Indicador  3.7.2;1756;2.2;32;Espírito Santo;11687;2021;1142;10 a 14 anos;11687
Indicador  3.7.2;1756;36.0;32;Espírito Santo;11687;2021;1143;15 a 19 anos;11687
Indicador  3.7.2;1756;20.8;32;Espírito Santo;11687;2022;3518;10 a 19 anos;11687
Indicador  3.7.2;1756;1.6;32;Espírito Santo;11687;2022;1142;10 a 14 anos;11687
Indicador  3.7.2;1756;32.5;32;Espírito Santo;11687;2022;1143;15 a 19 anos;11687
Indicador  3.7.2;1756;42.8;33;Rio de Janeiro;11687;2000;3518;10 a 19 anos;11687
Indicador  3.7.2;1756;3.5;33;Rio de Janeiro;11687;2000;1142;10 a 14 anos;11687
Indicador  3.7.2;1756;78.1;33;Rio de Janeiro;11687;2000;1143;15 a 19 anos;11687
Indicador  3.7.2;1756;39.6;33;Rio de Janeiro;11687;2001;3518;10 a 19 anos;11687
Indicador  3.7.2;1756;3.2;33;Rio de Janeiro;11687;2001;1142;10 a 14 anos;11687
Indicador  3.7.2;1756;76.6;33;Rio de Janeiro;11687;2001;1143;15 a 19 anos;11687
Indicador  3.7.2;1756;37.0;33;Rio de Janeiro;11687;2002;3518;10 a 19 anos;11687
Indicador  3.7.2;1756;3.2;33;Rio de Janeiro;11687;2002;1142;10 a 14 anos;11687
Indicador  3.7.2;1756;69.6;33;Rio de Janeiro;11687;2002;1143;15 a 19 anos;11687
Indicador  3.7.2;1756;35.8;33;Rio de Janeiro;11687;2003;3518;10 a 19 anos;11687
Indicador  3.7.2;1756;3.1;33;Rio de Janeiro;11687;2003;1142;10 a 14 anos;11687
Indicador  3.7.2;1756;65.4;33;Rio de Janeiro;11687;2003;1143;15 a 19 anos;11687
Indicador  3.7.2;1756;34.8;33;Rio de Janeiro;11687;2004;3518;10 a 19 anos;11687
Indicador  3.7.2;1756;2.9;33;Rio de Janeiro;11687;2004;1142;10 a 14 anos;11687
Indicador  3.7.2;1756;64.9;33;Rio de Janeiro;11687;2004;1143;15 a 19 anos;11687
Indicador  3.7.2;1756;33.8;33;Rio de Janeiro;11687;2005;3518;10 a 19 anos;11687
Indicador  3.7.2;1756;2.8;33;Rio de Janeiro;11687;2005;1142;10 a 14 anos;11687
Indicador  3.7.2;1756;64.1;33;Rio de Janeiro;11687;2005;1143;15 a 19 anos;11687
Indicador  3.7.2;1756;33.0;33;Rio de Janeiro;11687;2006;3518;10 a 19 anos;11687
Indicador  3.7.2;1756;2.8;33;Rio de Janeiro;11687;2006;1142;10 a 14 anos;11687
Indicador  3.7.2;1756;63.3;33;Rio de Janeiro;11687;2006;1143;15 a 19 anos;11687
Indicador  3.7.2;1756;32.4;33;Rio de Janeiro;11687;2007;3518;10 a 19 anos;11687
Indicador  3.7.2;1756;2.8;33;Rio de Janeiro;11687;2007;1142;10 a 14 anos;11687
Indicador  3.7.2;1756;62.1;33;Rio de Janeiro;11687;2007;1143;15 a 19 anos;11687
Indicador  3.7.2;1756;31.3;33;Rio de Janeiro;11687;2008;3518;10 a 19 anos;11687
Indicador  3.7.2;1756;2.8;33;Rio de Janeiro;11687;2008;1142;10 a 14 anos;11687
Indicador  3.7.2;1756;60.5;33;Rio de Janeiro;11687;2008;1143;15 a 19 anos;11687
Indicador  3.7.2;1756;30.5;33;Rio de Janeiro;11687;2009;3518;10 a 19 anos;11687
Indicador  3.7.2;1756;2.6;33;Rio de Janeiro;11687;2009;1142;10 a 14 anos;11687
Indicador  3.7.2;1756;58.6;33;Rio de Janeiro;11687;2009;1143;15 a 19 anos;11687
Indicador  3.7.2;1756;29.6;33;Rio de Janeiro;11687;2010;3518;10 a 19 anos;11687
Indicador  3.7.2;1756;2.6;33;Rio de Janeiro;11687;2010;1142;10 a 14 anos;11687
Indicador  3.7.2;1756;57.0;33;Rio de Janeiro;11687;2010;1143;15 a 19 anos;11687
Indicador  3.7.2;1756;31.0;33;Rio de Janeiro;11687;2011;3518;10 a 19 anos;11687
Indicador  3.7.2;1756;2.7;33;Rio de Janeiro;11687;2011;1142;10 a 14 anos;11687
Indicador  3.7.2;1756;57.3;33;Rio de Janeiro;11687;2011;1143;15 a 19 anos;11687
Indicador  3.7.2;1756;32.3;33;Rio de Janeiro;11687;2012;3518;10 a 19 anos;11687
Indicador  3.7.2;1756;3.0;33;Rio de Janeiro;11687;2012;1142;10 a 14 anos;11687
Indicador  3.7.2;1756;58.7;33;Rio de Janeiro;11687;2012;1143;15 a 19 anos;11687
Indicador  3.7.2;1756;33.0;33;Rio de Janeiro;11687;2013;3518;10 a 19 anos;11687
Indicador  3.7.2;1756;3.1;33;Rio de Janeiro;11687;2013;1142;10 a 14 anos;11687
Indicador  3.7.2;1756;60.7;33;Rio de Janeiro;11687;2013;1143;15 a 19 anos;11687
Indicador  3.7.2;1756;33.9;33;Rio de Janeiro;11687;2014;3518;10 a 19 anos;11687
Indicador  3.7.2;1756;3.4;33;Rio de Janeiro;11687;2014;1142;10 a 14 anos;11687
Indicador  3.7.2;1756;62.0;33;Rio de Janeiro;11687;2014;1143;15 a 19 anos;11687
Indicador  3.7.2;1756;33.7;33;Rio de Janeiro;11687;2015;3518;10 a 19 anos;11687
Indicador  3.7.2;1756;3.3;33;Rio de Janeiro;11687;2015;1142;10 a 14 anos;11687
Indicador  3.7.2;1756;59.3;33;Rio de Janeiro;11687;2015;1143;15 a 19 anos;11687
Indicador  3.7.2;1756;30.8;33;Rio de Janeiro;11687;2016;3518;10 a 19 anos;11687
Indicador  3.7.2;1756;2.9;33;Rio de Janeiro;11687;2016;1142;10 a 14 anos;11687
Indicador  3.7.2;1756;53.8;33;Rio de Janeiro;11687;2016;1143;15 a 19 anos;11687
Indicador  3.7.2;1756;30.6;33;Rio de Janeiro;11687;2017;3518;10 a 19 anos;11687
Indicador  3.7.2;1756;2.8;33;Rio de Janeiro;11687;2017;1142;10 a 14 anos;11687
Indicador  3.7.2;1756;52.1;33;Rio de Janeiro;11687;2017;1143;15 a 19 anos;11687
Indicador  3.7.2;1756;28.8;33;Rio de Janeiro;11687;2018;3518;10 a 19 anos;11687
Indicador  3.7.2;1756;2.6;33;Rio de Janeiro;11687;2018;1142;10 a 14 anos;11687
Indicador  3.7.2;1756;50.3;33;Rio de Janeiro;11687;2018;1143;15 a 19 anos;11687
Indicador  3.7.2;1756;26.3;33;Rio de Janeiro;11687;2019;3518;10 a 19 anos;11687
Indicador  3.7.2;1756;2.4;33;Rio de Janeiro;11687;2019;1142;10 a 14 anos;11687
Indicador  3.7.2;1756;48.0;33;Rio de Janeiro;11687;2019;1143;15 a 19 anos;11687
Indicador  3.7.2;1756;24.7;33;Rio de Janeiro;11687;2020;3518;10 a 19 anos;11687
Indicador  3.7.2;1756;2.2;33;Rio de Janeiro;11687;2020;1142;10 a 14 anos;11687
Indicador  3.7.2;1756;45.5;33;Rio de Janeiro;11687;2020;1143;15 a 19 anos;11687
Indicador  3.7.2;1756;22.1;33;Rio de Janeiro;11687;2021;3518;10 a 19 anos;11687
Indicador  3.7.2;1756;1.9;33;Rio de Janeiro;11687;2021;1142;10 a 14 anos;11687
Indicador  3.7.2;1756;43.9;33;Rio de Janeiro;11687;2021;1143;15 a 19 anos;11687
Indicador  3.7.2;1756;19.1;33;Rio de Janeiro;11687;2022;3518;10 a 19 anos;11687
Indicador  3.7.2;1756;1.5;33;Rio de Janeiro;11687;2022;1142;10 a 14 anos;11687
Indicador  3.7.2;1756;39.5;33;Rio de Janeiro;11687;2022;1143;15 a 19 anos;11687
Indicador  3.7.2;1756;37.6;35;São Paulo;11687;2000;3518;10 a 19 anos;11687
Indicador  3.7.2;1756;2.4;35;São Paulo;11687;2000;1142;10 a 14 anos;11687
Indicador  3.7.2;1756;79.5;35;São Paulo;11687;2000;1143;15 a 19 anos;11687
Indicador  3.7.2;1756;34.2;35;São Paulo;11687;2001;3518;10 a 19 anos;11687
Indicador  3.7.2;1756;2.1;35;São Paulo;11687;2001;1142;10 a 14 anos;11687
Indicador  3.7.2;1756;73.5;35;São Paulo;11687;2001;1143;15 a 19 anos;11687
Indicador  3.7.2;1756;32.9;35;São Paulo;11687;2002;3518;10 a 19 anos;11687
Indicador  3.7.2;1756;2.2;35;São Paulo;11687;2002;1142;10 a 14 anos;11687
Indicador  3.7.2;1756;68.6;35;São Paulo;11687;2002;1143;15 a 19 anos;11687
Indicador  3.7.2;1756;31.0;35;São Paulo;11687;2003;3518;10 a 19 anos;11687
Indicador  3.7.2;1756;2.1;35;São Paulo;11687;2003;1142;10 a 14 anos;11687
Indicador  3.7.2;1756;66.8;35;São Paulo;11687;2003;1143;15 a 19 anos;11687
Indicador  3.7.2;1756;30.8;35;São Paulo;11687;2004;3518;10 a 19 anos;11687
Indicador  3.7.2;1756;1.9;35;São Paulo;11687;2004;1142;10 a 14 anos;11687
Indicador  3.7.2;1756;65.4;35;São Paulo;11687;2004;1143;15 a 19 anos;11687
Indicador  3.7.2;1756;31.2;35;São Paulo;11687;2005;3518;10 a 19 anos;11687
Indicador  3.7.2;1756;2.0;35;São Paulo;11687;2005;1142;10 a 14 anos;11687
Indicador  3.7.2;1756;64.1;35;São Paulo;11687;2005;1143;15 a 19 anos;11687
Indicador  3.7.2;1756;30.2;35;São Paulo;11687;2006;3518;10 a 19 anos;11687
Indicador  3.7.2;1756;2.1;35;São Paulo;11687;2006;1142;10 a 14 anos;11687
Indicador  3.7.2;1756;63.0;35;São Paulo;11687;2006;1143;15 a 19 anos;11687
Indicador  3.7.2;1756;29.2;35;São Paulo;11687;2007;3518;10 a 19 anos;11687
Indicador  3.7.2;1756;2.2;35;São Paulo;11687;2007;1142;10 a 14 anos;11687
Indicador  3.7.2;1756;62.4;35;São Paulo;11687;2007;1143;15 a 19 anos;11687
Indicador  3.7.2;1756;28.5;35;São Paulo;11687;2008;3518;10 a 19 anos;11687
Indicador  3.7.2;1756;2.2;35;São Paulo;11687;2008;1142;10 a 14 anos;11687
Indicador  3.7.2;1756;60.7;35;São Paulo;11687;2008;1143;15 a 19 anos;11687
Indicador  3.7.2;1756;27.9;35;São Paulo;11687;2009;3518;10 a 19 anos;11687
Indicador  3.7.2;1756;2.2;35;São Paulo;11687;2009;1142;10 a 14 anos;11687
Indicador  3.7.2;1756;59.3;35;São Paulo;11687;2009;1143;15 a 19 anos;11687
Indicador  3.7.2;1756;26.8;35;São Paulo;11687;2010;3518;10 a 19 anos;11687
Indicador  3.7.2;1756;2.0;35;São Paulo;11687;2010;1142;10 a 14 anos;11687
Indicador  3.7.2;1756;57.1;35;São Paulo;11687;2010;1143;15 a 19 anos;11687
Indicador  3.7.2;1756;27.3;35;São Paulo;11687;2011;3518;10 a 19 anos;11687
Indicador  3.7.2;1756;2.0;35;São Paulo;11687;2011;1142;10 a 14 anos;11687
Indicador  3.7.2;1756;58.9;35;São Paulo;11687;2011;1143;15 a 19 anos;11687
Indicador  3.7.2;1756;27.9;35;São Paulo;11687;2012;3518;10 a 19 anos;11687
Indicador  3.7.2;1756;2.2;35;São Paulo;11687;2012;1142;10 a 14 anos;11687
Indicador  3.7.2;1756;60.1;35;São Paulo;11687;2012;1143;15 a 19 anos;11687
Indicador  3.7.2;1756;28.1;35;São Paulo;11687;2013;3518;10 a 19 anos;11687
Indicador  3.7.2;1756;2.2;35;São Paulo;11687;2013;1142;10 a 14 anos;11687
Indicador  3.7.2;1756;60.1;35;São Paulo;11687;2013;1143;15 a 19 anos;11687
Indicador  3.7.2;1756;28.3;35;São Paulo;11687;2014;3518;10 a 19 anos;11687
Indicador  3.7.2;1756;2.3;35;São Paulo;11687;2014;1142;10 a 14 anos;11687
Indicador  3.7.2;1756;60.5;35;São Paulo;11687;2014;1143;15 a 19 anos;11687
Indicador  3.7.2;1756;27.5;35;São Paulo;11687;2015;3518;10 a 19 anos;11687
Indicador  3.7.2;1756;2.1;35;São Paulo;11687;2015;1142;10 a 14 anos;11687
Indicador  3.7.2;1756;59.6;35;São Paulo;11687;2015;1143;15 a 19 anos;11687
Indicador  3.7.2;1756;25.2;35;São Paulo;11687;2016;3518;10 a 19 anos;11687
Indicador  3.7.2;1756;1.8;35;São Paulo;11687;2016;1142;10 a 14 anos;11687
Indicador  3.7.2;1756;54.5;35;São Paulo;11687;2016;1143;15 a 19 anos;11687
Indicador  3.7.2;1756;23.9;35;São Paulo;11687;2017;3518;10 a 19 anos;11687
Indicador  3.7.2;1756;1.6;35;São Paulo;11687;2017;1142;10 a 14 anos;11687
Indicador  3.7.2;1756;54.6;35;São Paulo;11687;2017;1143;15 a 19 anos;11687
Indicador  3.7.2;1756;22.2;35;São Paulo;11687;2018;3518;10 a 19 anos;11687
Indicador  3.7.2;1756;1.6;35;São Paulo;11687;2018;1142;10 a 14 anos;11687
Indicador  3.7.2;1756;51.9;35;São Paulo;11687;2018;1143;15 a 19 anos;11687
Indicador  3.7.2;1756;20.2;35;São Paulo;11687;2019;3518;10 a 19 anos;11687
Indicador  3.7.2;1756;1.3;35;São Paulo;11687;2019;1142;10 a 14 anos;11687
Indicador  3.7.2;1756;47.9;35;São Paulo;11687;2019;1143;15 a 19 anos;11687
Indicador  3.7.2;1756;18.2;35;São Paulo;11687;2020;3518;10 a 19 anos;11687
Indicador  3.7.2;1756;1.2;35;São Paulo;11687;2020;1142;10 a 14 anos;11687
Indicador  3.7.2;1756;45.6;35;São Paulo;11687;2020;1143;15 a 19 anos;11687
Indicador  3.7.2;1756;16.7;35;São Paulo;11687;2021;3518;10 a 19 anos;11687
Indicador  3.7.2;1756;1.2;35;São Paulo;11687;2021;1142;10 a 14 anos;11687
Indicador  3.7.2;1756;41.2;35;São Paulo;11687;2021;1143;15 a 19 anos;11687
Indicador  3.7.2;1756;14.7;35;São Paulo;11687;2022;3518;10 a 19 anos;11687
Indicador  3.7.2;1756;1.0;35;São Paulo;11687;2022;1142;10 a 14 anos;11687
Indicador  3.7.2;1756;36.2;35;São Paulo;11687;2022;1143;15 a 19 anos;11687
Indicador  3.7.2;1756;42.4;41;Paraná;11687;2000;3518;10 a 19 anos;11687
Indicador  3.7.2;1756;3.2;41;Paraná;11687;2000;1142;10 a 14 anos;11687
Indicador  3.7.2;1756;70.3;41;Paraná;11687;2000;1143;15 a 19 anos;11687
Indicador  3.7.2;1756;39.6;41;Paraná;11687;2001;3518;10 a 19 anos;11687
Indicador  3.7.2;1756;3.2;41;Paraná;11687;2001;1142;10 a 14 anos;11687
Indicador  3.7.2;1756;63.4;41;Paraná;11687;2001;1143;15 a 19 anos;11687
Indicador  3.7.2;1756;37.7;41;Paraná;11687;2002;3518;10 a 19 anos;11687
Indicador  3.7.2;1756;3.1;41;Paraná;11687;2002;1142;10 a 14 anos;11687
Indicador  3.7.2;1756;60.6;41;Paraná;11687;2002;1143;15 a 19 anos;11687
Indicador  3.7.2;1756;34.8;41;Paraná;11687;2003;3518;10 a 19 anos;11687
Indicador  3.7.2;1756;2.8;41;Paraná;11687;2003;1142;10 a 14 anos;11687
Indicador  3.7.2;1756;57.0;41;Paraná;11687;2003;1143;15 a 19 anos;11687
Indicador  3.7.2;1756;35.1;41;Paraná;11687;2004;3518;10 a 19 anos;11687
Indicador  3.7.2;1756;2.8;41;Paraná;11687;2004;1142;10 a 14 anos;11687
Indicador  3.7.2;1756;56.8;41;Paraná;11687;2004;1143;15 a 19 anos;11687
Indicador  3.7.2;1756;35.5;41;Paraná;11687;2005;3518;10 a 19 anos;11687
Indicador  3.7.2;1756;3.0;41;Paraná;11687;2005;1142;10 a 14 anos;11687
Indicador  3.7.2;1756;57.8;41;Paraná;11687;2005;1143;15 a 19 anos;11687
Indicador  3.7.2;1756;34.0;41;Paraná;11687;2006;3518;10 a 19 anos;11687
Indicador  3.7.2;1756;2.9;41;Paraná;11687;2006;1142;10 a 14 anos;11687
Indicador  3.7.2;1756;56.3;41;Paraná;11687;2006;1143;15 a 19 anos;11687
Indicador  3.7.2;1756;32.0;41;Paraná;11687;2007;3518;10 a 19 anos;11687
Indicador  3.7.2;1756;2.9;41;Paraná;11687;2007;1142;10 a 14 anos;11687
Indicador  3.7.2;1756;55.0;41;Paraná;11687;2007;1143;15 a 19 anos;11687
Indicador  3.7.2;1756;32.0;41;Paraná;11687;2008;3518;10 a 19 anos;11687
Indicador  3.7.2;1756;2.9;41;Paraná;11687;2008;1142;10 a 14 anos;11687
Indicador  3.7.2;1756;54.3;41;Paraná;11687;2008;1143;15 a 19 anos;11687
Indicador  3.7.2;1756;32.2;41;Paraná;11687;2009;3518;10 a 19 anos;11687
Indicador  3.7.2;1756;3.0;41;Paraná;11687;2009;1142;10 a 14 anos;11687
Indicador  3.7.2;1756;53.7;41;Paraná;11687;2009;1143;15 a 19 anos;11687
Indicador  3.7.2;1756;31.7;41;Paraná;11687;2010;3518;10 a 19 anos;11687
Indicador  3.7.2;1756;2.8;41;Paraná;11687;2010;1142;10 a 14 anos;11687
Indicador  3.7.2;1756;51.7;41;Paraná;11687;2010;1143;15 a 19 anos;11687
Indicador  3.7.2;1756;31.4;41;Paraná;11687;2011;3518;10 a 19 anos;11687
Indicador  3.7.2;1756;2.7;41;Paraná;11687;2011;1142;10 a 14 anos;11687
Indicador  3.7.2;1756;52.5;41;Paraná;11687;2011;1143;15 a 19 anos;11687
Indicador  3.7.2;1756;31.9;41;Paraná;11687;2012;3518;10 a 19 anos;11687
Indicador  3.7.2;1756;3.0;41;Paraná;11687;2012;1142;10 a 14 anos;11687
Indicador  3.7.2;1756;53.1;41;Paraná;11687;2012;1143;15 a 19 anos;11687
Indicador  3.7.2;1756;32.9;41;Paraná;11687;2013;3518;10 a 19 anos;11687
Indicador  3.7.2;1756;3.0;41;Paraná;11687;2013;1142;10 a 14 anos;11687
Indicador  3.7.2;1756;52.6;41;Paraná;11687;2013;1143;15 a 19 anos;11687
Indicador  3.7.2;1756;33.2;41;Paraná;11687;2014;3518;10 a 19 anos;11687
Indicador  3.7.2;1756;3.3;41;Paraná;11687;2014;1142;10 a 14 anos;11687
Indicador  3.7.2;1756;52.3;41;Paraná;11687;2014;1143;15 a 19 anos;11687
Indicador  3.7.2;1756;32.0;41;Paraná;11687;2015;3518;10 a 19 anos;11687
Indicador  3.7.2;1756;2.9;41;Paraná;11687;2015;1142;10 a 14 anos;11687
Indicador  3.7.2;1756;50.7;41;Paraná;11687;2015;1143;15 a 19 anos;11687
Indicador  3.7.2;1756;28.9;41;Paraná;11687;2016;3518;10 a 19 anos;11687
Indicador  3.7.2;1756;2.4;41;Paraná;11687;2016;1142;10 a 14 anos;11687
Indicador  3.7.2;1756;46.3;41;Paraná;11687;2016;1143;15 a 19 anos;11687
Indicador  3.7.2;1756;27.5;41;Paraná;11687;2017;3518;10 a 19 anos;11687
Indicador  3.7.2;1756;2.3;41;Paraná;11687;2017;1142;10 a 14 anos;11687
Indicador  3.7.2;1756;44.1;41;Paraná;11687;2017;1143;15 a 19 anos;11687
Indicador  3.7.2;1756;26.0;41;Paraná;11687;2018;3518;10 a 19 anos;11687
Indicador  3.7.2;1756;2.0;41;Paraná;11687;2018;1142;10 a 14 anos;11687
Indicador  3.7.2;1756;41.3;41;Paraná;11687;2018;1143;15 a 19 anos;11687
Indicador  3.7.2;1756;24.3;41;Paraná;11687;2019;3518;10 a 19 anos;11687
Indicador  3.7.2;1756;1.9;41;Paraná;11687;2019;1142;10 a 14 anos;11687
Indicador  3.7.2;1756;37.8;41;Paraná;11687;2019;1143;15 a 19 anos;11687
Indicador  3.7.2;1756;21.7;41;Paraná;11687;2020;3518;10 a 19 anos;11687
Indicador  3.7.2;1756;1.7;41;Paraná;11687;2020;1142;10 a 14 anos;11687
Indicador  3.7.2;1756;34.3;41;Paraná;11687;2020;1143;15 a 19 anos;11687
Indicador  3.7.2;1756;21.0;41;Paraná;11687;2021;3518;10 a 19 anos;11687
Indicador  3.7.2;1756;1.7;41;Paraná;11687;2021;1142;10 a 14 anos;11687
Indicador  3.7.2;1756;31.5;41;Paraná;11687;2021;1143;15 a 19 anos;11687
Indicador  3.7.2;1756;19.0;41;Paraná;11687;2022;3518;10 a 19 anos;11687
Indicador  3.7.2;1756;1.3;41;Paraná;11687;2022;1142;10 a 14 anos;11687
Indicador  3.7.2;1756;28.2;41;Paraná;11687;2022;1143;15 a 19 anos;11687
Indicador  3.7.2;1756;36.8;42;Santa Catarina;11687;2000;3518;10 a 19 anos;11687
Indicador  3.7.2;1756;2.3;42;Santa Catarina;11687;2000;1142;10 a 14 anos;11687
Indicador  3.7.2;1756;81.1;42;Santa Catarina;11687;2000;1143;15 a 19 anos;11687
Indicador  3.7.2;1756;33.6;42;Santa Catarina;11687;2001;3518;10 a 19 anos;11687
Indicador  3.7.2;1756;2.2;42;Santa Catarina;11687;2001;1142;10 a 14 anos;11687
Indicador  3.7.2;1756;75.1;42;Santa Catarina;11687;2001;1143;15 a 19 anos;11687
Indicador  3.7.2;1756;31.6;42;Santa Catarina;11687;2002;3518;10 a 19 anos;11687
Indicador  3.7.2;1756;2.1;42;Santa Catarina;11687;2002;1142;10 a 14 anos;11687
Indicador  3.7.2;1756;71.4;42;Santa Catarina;11687;2002;1143;15 a 19 anos;11687
Indicador  3.7.2;1756;29.5;42;Santa Catarina;11687;2003;3518;10 a 19 anos;11687
Indicador  3.7.2;1756;2.0;42;Santa Catarina;11687;2003;1142;10 a 14 anos;11687
Indicador  3.7.2;1756;66.1;42;Santa Catarina;11687;2003;1143;15 a 19 anos;11687
Indicador  3.7.2;1756;29.8;42;Santa Catarina;11687;2004;3518;10 a 19 anos;11687
Indicador  3.7.2;1756;2.0;42;Santa Catarina;11687;2004;1142;10 a 14 anos;11687
Indicador  3.7.2;1756;66.9;42;Santa Catarina;11687;2004;1143;15 a 19 anos;11687
Indicador  3.7.2;1756;28.9;42;Santa Catarina;11687;2005;3518;10 a 19 anos;11687
Indicador  3.7.2;1756;2.0;42;Santa Catarina;11687;2005;1142;10 a 14 anos;11687
Indicador  3.7.2;1756;67.7;42;Santa Catarina;11687;2005;1143;15 a 19 anos;11687
Indicador  3.7.2;1756;28.5;42;Santa Catarina;11687;2006;3518;10 a 19 anos;11687
Indicador  3.7.2;1756;2.1;42;Santa Catarina;11687;2006;1142;10 a 14 anos;11687
Indicador  3.7.2;1756;65.1;42;Santa Catarina;11687;2006;1143;15 a 19 anos;11687
Indicador  3.7.2;1756;27.8;42;Santa Catarina;11687;2007;3518;10 a 19 anos;11687
Indicador  3.7.2;1756;2.0;42;Santa Catarina;11687;2007;1142;10 a 14 anos;11687
Indicador  3.7.2;1756;61.1;42;Santa Catarina;11687;2007;1143;15 a 19 anos;11687
Indicador  3.7.2;1756;27.9;42;Santa Catarina;11687;2008;3518;10 a 19 anos;11687
Indicador  3.7.2;1756;2.2;42;Santa Catarina;11687;2008;1142;10 a 14 anos;11687
Indicador  3.7.2;1756;61.1;42;Santa Catarina;11687;2008;1143;15 a 19 anos;11687
Indicador  3.7.2;1756;26.4;42;Santa Catarina;11687;2009;3518;10 a 19 anos;11687
Indicador  3.7.2;1756;2.1;42;Santa Catarina;11687;2009;1142;10 a 14 anos;11687
Indicador  3.7.2;1756;61.0;42;Santa Catarina;11687;2009;1143;15 a 19 anos;11687
Indicador  3.7.2;1756;26.2;42;Santa Catarina;11687;2010;3518;10 a 19 anos;11687
Indicador  3.7.2;1756;2.1;42;Santa Catarina;11687;2010;1142;10 a 14 anos;11687
Indicador  3.7.2;1756;59.7;42;Santa Catarina;11687;2010;1143;15 a 19 anos;11687
Indicador  3.7.2;1756;26.9;42;Santa Catarina;11687;2011;3518;10 a 19 anos;11687
Indicador  3.7.2;1756;2.2;42;Santa Catarina;11687;2011;1142;10 a 14 anos;11687
Indicador  3.7.2;1756;58.7;42;Santa Catarina;11687;2011;1143;15 a 19 anos;11687
Indicador  3.7.2;1756;27.3;42;Santa Catarina;11687;2012;3518;10 a 19 anos;11687
Indicador  3.7.2;1756;2.3;42;Santa Catarina;11687;2012;1142;10 a 14 anos;11687
Indicador  3.7.2;1756;58.9;42;Santa Catarina;11687;2012;1143;15 a 19 anos;11687
Indicador  3.7.2;1756;27.8;42;Santa Catarina;11687;2013;3518;10 a 19 anos;11687
Indicador  3.7.2;1756;2.2;42;Santa Catarina;11687;2013;1142;10 a 14 anos;11687
Indicador  3.7.2;1756;60.1;42;Santa Catarina;11687;2013;1143;15 a 19 anos;11687
Indicador  3.7.2;1756;28.2;42;Santa Catarina;11687;2014;3518;10 a 19 anos;11687
Indicador  3.7.2;1756;2.6;42;Santa Catarina;11687;2014;1142;10 a 14 anos;11687
Indicador  3.7.2;1756;59.8;42;Santa Catarina;11687;2014;1143;15 a 19 anos;11687
Indicador  3.7.2;1756;28.4;42;Santa Catarina;11687;2015;3518;10 a 19 anos;11687
Indicador  3.7.2;1756;2.0;42;Santa Catarina;11687;2015;1142;10 a 14 anos;11687
Indicador  3.7.2;1756;57.6;42;Santa Catarina;11687;2015;1143;15 a 19 anos;11687
Indicador  3.7.2;1756;26.0;42;Santa Catarina;11687;2016;3518;10 a 19 anos;11687
Indicador  3.7.2;1756;2.0;42;Santa Catarina;11687;2016;1142;10 a 14 anos;11687
Indicador  3.7.2;1756;52.0;42;Santa Catarina;11687;2016;1143;15 a 19 anos;11687
Indicador  3.7.2;1756;24.8;42;Santa Catarina;11687;2017;3518;10 a 19 anos;11687
Indicador  3.7.2;1756;1.7;42;Santa Catarina;11687;2017;1142;10 a 14 anos;11687
Indicador  3.7.2;1756;49.6;42;Santa Catarina;11687;2017;1143;15 a 19 anos;11687
Indicador  3.7.2;1756;23.6;42;Santa Catarina;11687;2018;3518;10 a 19 anos;11687
Indicador  3.7.2;1756;1.5;42;Santa Catarina;11687;2018;1142;10 a 14 anos;11687
Indicador  3.7.2;1756;47.4;42;Santa Catarina;11687;2018;1143;15 a 19 anos;11687
Indicador  3.7.2;1756;22.3;42;Santa Catarina;11687;2019;3518;10 a 19 anos;11687
Indicador  3.7.2;1756;1.4;42;Santa Catarina;11687;2019;1142;10 a 14 anos;11687
Indicador  3.7.2;1756;44.7;42;Santa Catarina;11687;2019;1143;15 a 19 anos;11687
Indicador  3.7.2;1756;20.9;42;Santa Catarina;11687;2020;3518;10 a 19 anos;11687
Indicador  3.7.2;1756;1.4;42;Santa Catarina;11687;2020;1142;10 a 14 anos;11687
Indicador  3.7.2;1756;40.3;42;Santa Catarina;11687;2020;1143;15 a 19 anos;11687
Indicador  3.7.2;1756;19.7;42;Santa Catarina;11687;2021;3518;10 a 19 anos;11687
Indicador  3.7.2;1756;1.2;42;Santa Catarina;11687;2021;1142;10 a 14 anos;11687
Indicador  3.7.2;1756;39.3;42;Santa Catarina;11687;2021;1143;15 a 19 anos;11687
Indicador  3.7.2;1756;18.9;42;Santa Catarina;11687;2022;3518;10 a 19 anos;11687
Indicador  3.7.2;1756;1.1;42;Santa Catarina;11687;2022;1142;10 a 14 anos;11687
Indicador  3.7.2;1756;36.0;42;Santa Catarina;11687;2022;1143;15 a 19 anos;11687
Indicador  3.7.2;1756;38.2;43;Rio Grande do Sul;11687;2000;3518;10 a 19 anos;11687
Indicador  3.7.2;1756;3.3;43;Rio Grande do Sul;11687;2000;1142;10 a 14 anos;11687
Indicador  3.7.2;1756;71.3;43;Rio Grande do Sul;11687;2000;1143;15 a 19 anos;11687
Indicador  3.7.2;1756;34.8;43;Rio Grande do Sul;11687;2001;3518;10 a 19 anos;11687
Indicador  3.7.2;1756;2.7;43;Rio Grande do Sul;11687;2001;1142;10 a 14 anos;11687
Indicador  3.7.2;1756;64.6;43;Rio Grande do Sul;11687;2001;1143;15 a 19 anos;11687
Indicador  3.7.2;1756;33.1;43;Rio Grande do Sul;11687;2002;3518;10 a 19 anos;11687
Indicador  3.7.2;1756;2.8;43;Rio Grande do Sul;11687;2002;1142;10 a 14 anos;11687
Indicador  3.7.2;1756;60.5;43;Rio Grande do Sul;11687;2002;1143;15 a 19 anos;11687
Indicador  3.7.2;1756;31.2;43;Rio Grande do Sul;11687;2003;3518;10 a 19 anos;11687
Indicador  3.7.2;1756;2.7;43;Rio Grande do Sul;11687;2003;1142;10 a 14 anos;11687
Indicador  3.7.2;1756;56.4;43;Rio Grande do Sul;11687;2003;1143;15 a 19 anos;11687
Indicador  3.7.2;1756;31.4;43;Rio Grande do Sul;11687;2004;3518;10 a 19 anos;11687
Indicador  3.7.2;1756;2.8;43;Rio Grande do Sul;11687;2004;1142;10 a 14 anos;11687
Indicador  3.7.2;1756;56.9;43;Rio Grande do Sul;11687;2004;1143;15 a 19 anos;11687
Indicador  3.7.2;1756;30.7;43;Rio Grande do Sul;11687;2005;3518;10 a 19 anos;11687
Indicador  3.7.2;1756;2.5;43;Rio Grande do Sul;11687;2005;1142;10 a 14 anos;11687
Indicador  3.7.2;1756;55.1;43;Rio Grande do Sul;11687;2005;1143;15 a 19 anos;11687
Indicador  3.7.2;1756;29.3;43;Rio Grande do Sul;11687;2006;3518;10 a 19 anos;11687
Indicador  3.7.2;1756;2.5;43;Rio Grande do Sul;11687;2006;1142;10 a 14 anos;11687
Indicador  3.7.2;1756;54.0;43;Rio Grande do Sul;11687;2006;1143;15 a 19 anos;11687
Indicador  3.7.2;1756;26.9;43;Rio Grande do Sul;11687;2007;3518;10 a 19 anos;11687
Indicador  3.7.2;1756;2.3;43;Rio Grande do Sul;11687;2007;1142;10 a 14 anos;11687
Indicador  3.7.2;1756;52.7;43;Rio Grande do Sul;11687;2007;1143;15 a 19 anos;11687
Indicador  3.7.2;1756;26.7;43;Rio Grande do Sul;11687;2008;3518;10 a 19 anos;11687
Indicador  3.7.2;1756;2.5;43;Rio Grande do Sul;11687;2008;1142;10 a 14 anos;11687
Indicador  3.7.2;1756;52.8;43;Rio Grande do Sul;11687;2008;1143;15 a 19 anos;11687
Indicador  3.7.2;1756;25.9;43;Rio Grande do Sul;11687;2009;3518;10 a 19 anos;11687
Indicador  3.7.2;1756;2.3;43;Rio Grande do Sul;11687;2009;1142;10 a 14 anos;11687
Indicador  3.7.2;1756;49.7;43;Rio Grande do Sul;11687;2009;1143;15 a 19 anos;11687
Indicador  3.7.2;1756;25.2;43;Rio Grande do Sul;11687;2010;3518;10 a 19 anos;11687
Indicador  3.7.2;1756;2.2;43;Rio Grande do Sul;11687;2010;1142;10 a 14 anos;11687
Indicador  3.7.2;1756;49.1;43;Rio Grande do Sul;11687;2010;1143;15 a 19 anos;11687
Indicador  3.7.2;1756;25.5;43;Rio Grande do Sul;11687;2011;3518;10 a 19 anos;11687
Indicador  3.7.2;1756;2.1;43;Rio Grande do Sul;11687;2011;1142;10 a 14 anos;11687
Indicador  3.7.2;1756;49.7;43;Rio Grande do Sul;11687;2011;1143;15 a 19 anos;11687
Indicador  3.7.2;1756;26.6;43;Rio Grande do Sul;11687;2012;3518;10 a 19 anos;11687
Indicador  3.7.2;1756;2.2;43;Rio Grande do Sul;11687;2012;1142;10 a 14 anos;11687
Indicador  3.7.2;1756;49.7;43;Rio Grande do Sul;11687;2012;1143;15 a 19 anos;11687
Indicador  3.7.2;1756;27.1;43;Rio Grande do Sul;11687;2013;3518;10 a 19 anos;11687
Indicador  3.7.2;1756;2.3;43;Rio Grande do Sul;11687;2013;1142;10 a 14 anos;11687
Indicador  3.7.2;1756;50.1;43;Rio Grande do Sul;11687;2013;1143;15 a 19 anos;11687
Indicador  3.7.2;1756;27.4;43;Rio Grande do Sul;11687;2014;3518;10 a 19 anos;11687
Indicador  3.7.2;1756;2.4;43;Rio Grande do Sul;11687;2014;1142;10 a 14 anos;11687
Indicador  3.7.2;1756;50.0;43;Rio Grande do Sul;11687;2014;1143;15 a 19 anos;11687
Indicador  3.7.2;1756;26.9;43;Rio Grande do Sul;11687;2015;3518;10 a 19 anos;11687
Indicador  3.7.2;1756;2.3;43;Rio Grande do Sul;11687;2015;1142;10 a 14 anos;11687
Indicador  3.7.2;1756;50.8;43;Rio Grande do Sul;11687;2015;1143;15 a 19 anos;11687
Indicador  3.7.2;1756;25.2;43;Rio Grande do Sul;11687;2016;3518;10 a 19 anos;11687
Indicador  3.7.2;1756;2.1;43;Rio Grande do Sul;11687;2016;1142;10 a 14 anos;11687
Indicador  3.7.2;1756;46.6;43;Rio Grande do Sul;11687;2016;1143;15 a 19 anos;11687
Indicador  3.7.2;1756;23.8;43;Rio Grande do Sul;11687;2017;3518;10 a 19 anos;11687
Indicador  3.7.2;1756;1.7;43;Rio Grande do Sul;11687;2017;1142;10 a 14 anos;11687
Indicador  3.7.2;1756;45.2;43;Rio Grande do Sul;11687;2017;1143;15 a 19 anos;11687
Indicador  3.7.2;1756;22.6;43;Rio Grande do Sul;11687;2018;3518;10 a 19 anos;11687
Indicador  3.7.2;1756;1.7;43;Rio Grande do Sul;11687;2018;1142;10 a 14 anos;11687
Indicador  3.7.2;1756;43.8;43;Rio Grande do Sul;11687;2018;1143;15 a 19 anos;11687
Indicador  3.7.2;1756;20.7;43;Rio Grande do Sul;11687;2019;3518;10 a 19 anos;11687
Indicador  3.7.2;1756;1.5;43;Rio Grande do Sul;11687;2019;1142;10 a 14 anos;11687
Indicador  3.7.2;1756;41.9;43;Rio Grande do Sul;11687;2019;1143;15 a 19 anos;11687
Indicador  3.7.2;1756;19.3;43;Rio Grande do Sul;11687;2020;3518;10 a 19 anos;11687
Indicador  3.7.2;1756;1.4;43;Rio Grande do Sul;11687;2020;1142;10 a 14 anos;11687
Indicador  3.7.2;1756;39.3;43;Rio Grande do Sul;11687;2020;1143;15 a 19 anos;11687
Indicador  3.7.2;1756;17.4;43;Rio Grande do Sul;11687;2021;3518;10 a 19 anos;11687
Indicador  3.7.2;1756;1.3;43;Rio Grande do Sul;11687;2021;1142;10 a 14 anos;11687
Indicador  3.7.2;1756;37.4;43;Rio Grande do Sul;11687;2021;1143;15 a 19 anos;11687
Indicador  3.7.2;1756;15.5;43;Rio Grande do Sul;11687;2022;3518;10 a 19 anos;11687
Indicador  3.7.2;1756;0.9;43;Rio Grande do Sul;11687;2022;1142;10 a 14 anos;11687
Indicador  3.7.2;1756;36.3;43;Rio Grande do Sul;11687;2022;1143;15 a 19 anos;11687
Indicador  3.7.2;1756;52.2;50;Mato Grosso do Sul;11687;2000;3518;10 a 19 anos;11687
Indicador  3.7.2;1756;5.4;50;Mato Grosso do Sul;11687;2000;1142;10 a 14 anos;11687
Indicador  3.7.2;1756;71.1;50;Mato Grosso do Sul;11687;2000;1143;15 a 19 anos;11687
Indicador  3.7.2;1756;50.1;50;Mato Grosso do Sul;11687;2001;3518;10 a 19 anos;11687
Indicador  3.7.2;1756;5.0;50;Mato Grosso do Sul;11687;2001;1142;10 a 14 anos;11687
Indicador  3.7.2;1756;64.6;50;Mato Grosso do Sul;11687;2001;1143;15 a 19 anos;11687
Indicador  3.7.2;1756;48.4;50;Mato Grosso do Sul;11687;2002;3518;10 a 19 anos;11687
Indicador  3.7.2;1756;5.0;50;Mato Grosso do Sul;11687;2002;1142;10 a 14 anos;11687
Indicador  3.7.2;1756;61.5;50;Mato Grosso do Sul;11687;2002;1143;15 a 19 anos;11687
Indicador  3.7.2;1756;45.5;50;Mato Grosso do Sul;11687;2003;3518;10 a 19 anos;11687
Indicador  3.7.2;1756;4.7;50;Mato Grosso do Sul;11687;2003;1142;10 a 14 anos;11687
Indicador  3.7.2;1756;58.2;50;Mato Grosso do Sul;11687;2003;1143;15 a 19 anos;11687
Indicador  3.7.2;1756;46.5;50;Mato Grosso do Sul;11687;2004;3518;10 a 19 anos;11687
Indicador  3.7.2;1756;5.2;50;Mato Grosso do Sul;11687;2004;1142;10 a 14 anos;11687
Indicador  3.7.2;1756;58.9;50;Mato Grosso do Sul;11687;2004;1143;15 a 19 anos;11687
Indicador  3.7.2;1756;46.3;50;Mato Grosso do Sul;11687;2005;3518;10 a 19 anos;11687
Indicador  3.7.2;1756;4.6;50;Mato Grosso do Sul;11687;2005;1142;10 a 14 anos;11687
Indicador  3.7.2;1756;58.3;50;Mato Grosso do Sul;11687;2005;1143;15 a 19 anos;11687
Indicador  3.7.2;1756;42.9;50;Mato Grosso do Sul;11687;2006;3518;10 a 19 anos;11687
Indicador  3.7.2;1756;4.5;50;Mato Grosso do Sul;11687;2006;1142;10 a 14 anos;11687
Indicador  3.7.2;1756;55.8;50;Mato Grosso do Sul;11687;2006;1143;15 a 19 anos;11687
Indicador  3.7.2;1756;41.1;50;Mato Grosso do Sul;11687;2007;3518;10 a 19 anos;11687
Indicador  3.7.2;1756;4.5;50;Mato Grosso do Sul;11687;2007;1142;10 a 14 anos;11687
Indicador  3.7.2;1756;51.3;50;Mato Grosso do Sul;11687;2007;1143;15 a 19 anos;11687
Indicador  3.7.2;1756;42.7;50;Mato Grosso do Sul;11687;2008;3518;10 a 19 anos;11687
Indicador  3.7.2;1756;5.0;50;Mato Grosso do Sul;11687;2008;1142;10 a 14 anos;11687
Indicador  3.7.2;1756;50.8;50;Mato Grosso do Sul;11687;2008;1143;15 a 19 anos;11687
Indicador  3.7.2;1756;41.4;50;Mato Grosso do Sul;11687;2009;3518;10 a 19 anos;11687
Indicador  3.7.2;1756;4.9;50;Mato Grosso do Sul;11687;2009;1142;10 a 14 anos;11687
Indicador  3.7.2;1756;49.2;50;Mato Grosso do Sul;11687;2009;1143;15 a 19 anos;11687
Indicador  3.7.2;1756;40.1;50;Mato Grosso do Sul;11687;2010;3518;10 a 19 anos;11687
Indicador  3.7.2;1756;4.7;50;Mato Grosso do Sul;11687;2010;1142;10 a 14 anos;11687
Indicador  3.7.2;1756;47.6;50;Mato Grosso do Sul;11687;2010;1143;15 a 19 anos;11687
Indicador  3.7.2;1756;42.1;50;Mato Grosso do Sul;11687;2011;3518;10 a 19 anos;11687
Indicador  3.7.2;1756;4.8;50;Mato Grosso do Sul;11687;2011;1142;10 a 14 anos;11687
Indicador  3.7.2;1756;48.1;50;Mato Grosso do Sul;11687;2011;1143;15 a 19 anos;11687
Indicador  3.7.2;1756;42.7;50;Mato Grosso do Sul;11687;2012;3518;10 a 19 anos;11687
Indicador  3.7.2;1756;5.1;50;Mato Grosso do Sul;11687;2012;1142;10 a 14 anos;11687
Indicador  3.7.2;1756;49.6;50;Mato Grosso do Sul;11687;2012;1143;15 a 19 anos;11687
Indicador  3.7.2;1756;42.4;50;Mato Grosso do Sul;11687;2013;3518;10 a 19 anos;11687
Indicador  3.7.2;1756;5.1;50;Mato Grosso do Sul;11687;2013;1142;10 a 14 anos;11687
Indicador  3.7.2;1756;49.9;50;Mato Grosso do Sul;11687;2013;1143;15 a 19 anos;11687
Indicador  3.7.2;1756;44.6;50;Mato Grosso do Sul;11687;2014;3518;10 a 19 anos;11687
Indicador  3.7.2;1756;5.4;50;Mato Grosso do Sul;11687;2014;1142;10 a 14 anos;11687
Indicador  3.7.2;1756;49.8;50;Mato Grosso do Sul;11687;2014;1143;15 a 19 anos;11687
Indicador  3.7.2;1756;41.6;50;Mato Grosso do Sul;11687;2015;3518;10 a 19 anos;11687
Indicador  3.7.2;1756;5.0;50;Mato Grosso do Sul;11687;2015;1142;10 a 14 anos;11687
Indicador  3.7.2;1756;48.6;50;Mato Grosso do Sul;11687;2015;1143;15 a 19 anos;11687
Indicador  3.7.2;1756;38.6;50;Mato Grosso do Sul;11687;2016;3518;10 a 19 anos;11687
Indicador  3.7.2;1756;4.6;50;Mato Grosso do Sul;11687;2016;1142;10 a 14 anos;11687
Indicador  3.7.2;1756;45.2;50;Mato Grosso do Sul;11687;2016;1143;15 a 19 anos;11687
Indicador  3.7.2;1756;38.3;50;Mato Grosso do Sul;11687;2017;3518;10 a 19 anos;11687
Indicador  3.7.2;1756;4.7;50;Mato Grosso do Sul;11687;2017;1142;10 a 14 anos;11687
Indicador  3.7.2;1756;43.0;50;Mato Grosso do Sul;11687;2017;1143;15 a 19 anos;11687
Indicador  3.7.2;1756;36.6;50;Mato Grosso do Sul;11687;2018;3518;10 a 19 anos;11687
Indicador  3.7.2;1756;3.9;50;Mato Grosso do Sul;11687;2018;1142;10 a 14 anos;11687
Indicador  3.7.2;1756;40.9;50;Mato Grosso do Sul;11687;2018;1143;15 a 19 anos;11687
Indicador  3.7.2;1756;35.0;50;Mato Grosso do Sul;11687;2019;3518;10 a 19 anos;11687
Indicador  3.7.2;1756;3.7;50;Mato Grosso do Sul;11687;2019;1142;10 a 14 anos;11687
Indicador  3.7.2;1756;37.6;50;Mato Grosso do Sul;11687;2019;1143;15 a 19 anos;11687
Indicador  3.7.2;1756;31.4;50;Mato Grosso do Sul;11687;2020;3518;10 a 19 anos;11687
Indicador  3.7.2;1756;3.6;50;Mato Grosso do Sul;11687;2020;1142;10 a 14 anos;11687
Indicador  3.7.2;1756;35.1;50;Mato Grosso do Sul;11687;2020;1143;15 a 19 anos;11687
Indicador  3.7.2;1756;31.5;50;Mato Grosso do Sul;11687;2021;3518;10 a 19 anos;11687
Indicador  3.7.2;1756;3.3;50;Mato Grosso do Sul;11687;2021;1142;10 a 14 anos;11687
Indicador  3.7.2;1756;31.8;50;Mato Grosso do Sul;11687;2021;1143;15 a 19 anos;11687
Indicador  3.7.2;1756;28.6;50;Mato Grosso do Sul;11687;2022;3518;10 a 19 anos;11687
Indicador  3.7.2;1756;2.7;50;Mato Grosso do Sul;11687;2022;1142;10 a 14 anos;11687
Indicador  3.7.2;1756;28.9;50;Mato Grosso do Sul;11687;2022;1143;15 a 19 anos;11687
Indicador  3.7.2;1756;53.8;51;Mato Grosso;11687;2000;3518;10 a 19 anos;11687
Indicador  3.7.2;1756;5.1;51;Mato Grosso;11687;2000;1142;10 a 14 anos;11687
Indicador  3.7.2;1756;98.9;51;Mato Grosso;11687;2000;1143;15 a 19 anos;11687
Indicador  3.7.2;1756;51.2;51;Mato Grosso;11687;2001;3518;10 a 19 anos;11687
Indicador  3.7.2;1756;4.8;51;Mato Grosso;11687;2001;1142;10 a 14 anos;11687
Indicador  3.7.2;1756;95.1;51;Mato Grosso;11687;2001;1143;15 a 19 anos;11687
Indicador  3.7.2;1756;48.1;51;Mato Grosso;11687;2002;3518;10 a 19 anos;11687
Indicador  3.7.2;1756;4.3;51;Mato Grosso;11687;2002;1142;10 a 14 anos;11687
Indicador  3.7.2;1756;91.9;51;Mato Grosso;11687;2002;1143;15 a 19 anos;11687
Indicador  3.7.2;1756;48.2;51;Mato Grosso;11687;2003;3518;10 a 19 anos;11687
Indicador  3.7.2;1756;4.7;51;Mato Grosso;11687;2003;1142;10 a 14 anos;11687
Indicador  3.7.2;1756;87.0;51;Mato Grosso;11687;2003;1143;15 a 19 anos;11687
Indicador  3.7.2;1756;48.9;51;Mato Grosso;11687;2004;3518;10 a 19 anos;11687
Indicador  3.7.2;1756;4.3;51;Mato Grosso;11687;2004;1142;10 a 14 anos;11687
Indicador  3.7.2;1756;88.9;51;Mato Grosso;11687;2004;1143;15 a 19 anos;11687
Indicador  3.7.2;1756;48.7;51;Mato Grosso;11687;2005;3518;10 a 19 anos;11687
Indicador  3.7.2;1756;4.8;51;Mato Grosso;11687;2005;1142;10 a 14 anos;11687
Indicador  3.7.2;1756;89.2;51;Mato Grosso;11687;2005;1143;15 a 19 anos;11687
Indicador  3.7.2;1756;44.6;51;Mato Grosso;11687;2006;3518;10 a 19 anos;11687
Indicador  3.7.2;1756;4.7;51;Mato Grosso;11687;2006;1142;10 a 14 anos;11687
Indicador  3.7.2;1756;82.4;51;Mato Grosso;11687;2006;1143;15 a 19 anos;11687
Indicador  3.7.2;1756;41.2;51;Mato Grosso;11687;2007;3518;10 a 19 anos;11687
Indicador  3.7.2;1756;4.3;51;Mato Grosso;11687;2007;1142;10 a 14 anos;11687
Indicador  3.7.2;1756;78.4;51;Mato Grosso;11687;2007;1143;15 a 19 anos;11687
Indicador  3.7.2;1756;41.1;51;Mato Grosso;11687;2008;3518;10 a 19 anos;11687
Indicador  3.7.2;1756;4.3;51;Mato Grosso;11687;2008;1142;10 a 14 anos;11687
Indicador  3.7.2;1756;80.7;51;Mato Grosso;11687;2008;1143;15 a 19 anos;11687
Indicador  3.7.2;1756;39.0;51;Mato Grosso;11687;2009;3518;10 a 19 anos;11687
Indicador  3.7.2;1756;4.2;51;Mato Grosso;11687;2009;1142;10 a 14 anos;11687
Indicador  3.7.2;1756;77.6;51;Mato Grosso;11687;2009;1143;15 a 19 anos;11687
Indicador  3.7.2;1756;38.4;51;Mato Grosso;11687;2010;3518;10 a 19 anos;11687
Indicador  3.7.2;1756;4.0;51;Mato Grosso;11687;2010;1142;10 a 14 anos;11687
Indicador  3.7.2;1756;74.7;51;Mato Grosso;11687;2010;1143;15 a 19 anos;11687
Indicador  3.7.2;1756;38.9;51;Mato Grosso;11687;2011;3518;10 a 19 anos;11687
Indicador  3.7.2;1756;3.9;51;Mato Grosso;11687;2011;1142;10 a 14 anos;11687
Indicador  3.7.2;1756;77.9;51;Mato Grosso;11687;2011;1143;15 a 19 anos;11687
Indicador  3.7.2;1756;40.4;51;Mato Grosso;11687;2012;3518;10 a 19 anos;11687
Indicador  3.7.2;1756;4.2;51;Mato Grosso;11687;2012;1142;10 a 14 anos;11687
Indicador  3.7.2;1756;78.0;51;Mato Grosso;11687;2012;1143;15 a 19 anos;11687
Indicador  3.7.2;1756;41.2;51;Mato Grosso;11687;2013;3518;10 a 19 anos;11687
Indicador  3.7.2;1756;4.6;51;Mato Grosso;11687;2013;1142;10 a 14 anos;11687
Indicador  3.7.2;1756;76.8;51;Mato Grosso;11687;2013;1143;15 a 19 anos;11687
Indicador  3.7.2;1756;42.5;51;Mato Grosso;11687;2014;3518;10 a 19 anos;11687
Indicador  3.7.2;1756;5.0;51;Mato Grosso;11687;2014;1142;10 a 14 anos;11687
Indicador  3.7.2;1756;80.5;51;Mato Grosso;11687;2014;1143;15 a 19 anos;11687
Indicador  3.7.2;1756;40.9;51;Mato Grosso;11687;2015;3518;10 a 19 anos;11687
Indicador  3.7.2;1756;4.2;51;Mato Grosso;11687;2015;1142;10 a 14 anos;11687
Indicador  3.7.2;1756;75.2;51;Mato Grosso;11687;2015;1143;15 a 19 anos;11687
Indicador  3.7.2;1756;37.2;51;Mato Grosso;11687;2016;3518;10 a 19 anos;11687
Indicador  3.7.2;1756;4.1;51;Mato Grosso;11687;2016;1142;10 a 14 anos;11687
Indicador  3.7.2;1756;70.3;51;Mato Grosso;11687;2016;1143;15 a 19 anos;11687
Indicador  3.7.2;1756;37.1;51;Mato Grosso;11687;2017;3518;10 a 19 anos;11687
Indicador  3.7.2;1756;3.9;51;Mato Grosso;11687;2017;1142;10 a 14 anos;11687
Indicador  3.7.2;1756;70.1;51;Mato Grosso;11687;2017;1143;15 a 19 anos;11687
Indicador  3.7.2;1756;36.0;51;Mato Grosso;11687;2018;3518;10 a 19 anos;11687
Indicador  3.7.2;1756;3.7;51;Mato Grosso;11687;2018;1142;10 a 14 anos;11687
Indicador  3.7.2;1756;68.0;51;Mato Grosso;11687;2018;1143;15 a 19 anos;11687
Indicador  3.7.2;1756;35.6;51;Mato Grosso;11687;2019;3518;10 a 19 anos;11687
Indicador  3.7.2;1756;3.7;51;Mato Grosso;11687;2019;1142;10 a 14 anos;11687
Indicador  3.7.2;1756;65.5;51;Mato Grosso;11687;2019;1143;15 a 19 anos;11687
Indicador  3.7.2;1756;33.3;51;Mato Grosso;11687;2020;3518;10 a 19 anos;11687
Indicador  3.7.2;1756;3.4;51;Mato Grosso;11687;2020;1142;10 a 14 anos;11687
Indicador  3.7.2;1756;58.7;51;Mato Grosso;11687;2020;1143;15 a 19 anos;11687
Indicador  3.7.2;1756;34.5;51;Mato Grosso;11687;2021;3518;10 a 19 anos;11687
Indicador  3.7.2;1756;3.8;51;Mato Grosso;11687;2021;1142;10 a 14 anos;11687
Indicador  3.7.2;1756;59.3;51;Mato Grosso;11687;2021;1143;15 a 19 anos;11687
Indicador  3.7.2;1756;31.8;51;Mato Grosso;11687;2022;3518;10 a 19 anos;11687
Indicador  3.7.2;1756;3.3;51;Mato Grosso;11687;2022;1142;10 a 14 anos;11687
Indicador  3.7.2;1756;54.8;51;Mato Grosso;11687;2022;1143;15 a 19 anos;11687
Indicador  3.7.2;1756;48.0;52;Goiás;11687;2000;3518;10 a 19 anos;11687
Indicador  3.7.2;1756;3.5;52;Goiás;11687;2000;1142;10 a 14 anos;11687
Indicador  3.7.2;1756;103.2;52;Goiás;11687;2000;1143;15 a 19 anos;11687
Indicador  3.7.2;1756;45.7;52;Goiás;11687;2001;3518;10 a 19 anos;11687
Indicador  3.7.2;1756;3.4;52;Goiás;11687;2001;1142;10 a 14 anos;11687
Indicador  3.7.2;1756;98.0;52;Goiás;11687;2001;1143;15 a 19 anos;11687
Indicador  3.7.2;1756;43.5;52;Goiás;11687;2002;3518;10 a 19 anos;11687
Indicador  3.7.2;1756;3.4;52;Goiás;11687;2002;1142;10 a 14 anos;11687
Indicador  3.7.2;1756;92.0;52;Goiás;11687;2002;1143;15 a 19 anos;11687
Indicador  3.7.2;1756;40.7;52;Goiás;11687;2003;3518;10 a 19 anos;11687
Indicador  3.7.2;1756;3.0;52;Goiás;11687;2003;1142;10 a 14 anos;11687
Indicador  3.7.2;1756;91.9;52;Goiás;11687;2003;1143;15 a 19 anos;11687
Indicador  3.7.2;1756;40.0;52;Goiás;11687;2004;3518;10 a 19 anos;11687
Indicador  3.7.2;1756;3.0;52;Goiás;11687;2004;1142;10 a 14 anos;11687
Indicador  3.7.2;1756;93.6;52;Goiás;11687;2004;1143;15 a 19 anos;11687
Indicador  3.7.2;1756;39.4;52;Goiás;11687;2005;3518;10 a 19 anos;11687
Indicador  3.7.2;1756;3.0;52;Goiás;11687;2005;1142;10 a 14 anos;11687
Indicador  3.7.2;1756;92.8;52;Goiás;11687;2005;1143;15 a 19 anos;11687
Indicador  3.7.2;1756;36.9;52;Goiás;11687;2006;3518;10 a 19 anos;11687
Indicador  3.7.2;1756;3.2;52;Goiás;11687;2006;1142;10 a 14 anos;11687
Indicador  3.7.2;1756;84.5;52;Goiás;11687;2006;1143;15 a 19 anos;11687
Indicador  3.7.2;1756;34.7;52;Goiás;11687;2007;3518;10 a 19 anos;11687
Indicador  3.7.2;1756;3.0;52;Goiás;11687;2007;1142;10 a 14 anos;11687
Indicador  3.7.2;1756;77.9;52;Goiás;11687;2007;1143;15 a 19 anos;11687
Indicador  3.7.2;1756;34.0;52;Goiás;11687;2008;3518;10 a 19 anos;11687
Indicador  3.7.2;1756;3.2;52;Goiás;11687;2008;1142;10 a 14 anos;11687
Indicador  3.7.2;1756;77.8;52;Goiás;11687;2008;1143;15 a 19 anos;11687
Indicador  3.7.2;1756;32.8;52;Goiás;11687;2009;3518;10 a 19 anos;11687
Indicador  3.7.2;1756;3.1;52;Goiás;11687;2009;1142;10 a 14 anos;11687
Indicador  3.7.2;1756;73.3;52;Goiás;11687;2009;1143;15 a 19 anos;11687
Indicador  3.7.2;1756;31.7;52;Goiás;11687;2010;3518;10 a 19 anos;11687
Indicador  3.7.2;1756;3.0;52;Goiás;11687;2010;1142;10 a 14 anos;11687
Indicador  3.7.2;1756;72.2;52;Goiás;11687;2010;1143;15 a 19 anos;11687
Indicador  3.7.2;1756;32.0;52;Goiás;11687;2011;3518;10 a 19 anos;11687
Indicador  3.7.2;1756;2.9;52;Goiás;11687;2011;1142;10 a 14 anos;11687
Indicador  3.7.2;1756;72.8;52;Goiás;11687;2011;1143;15 a 19 anos;11687
Indicador  3.7.2;1756;33.3;52;Goiás;11687;2012;3518;10 a 19 anos;11687
Indicador  3.7.2;1756;3.2;52;Goiás;11687;2012;1142;10 a 14 anos;11687
Indicador  3.7.2;1756;75.0;52;Goiás;11687;2012;1143;15 a 19 anos;11687
Indicador  3.7.2;1756;34.3;52;Goiás;11687;2013;3518;10 a 19 anos;11687
Indicador  3.7.2;1756;3.2;52;Goiás;11687;2013;1142;10 a 14 anos;11687
Indicador  3.7.2;1756;75.7;52;Goiás;11687;2013;1143;15 a 19 anos;11687
Indicador  3.7.2;1756;35.3;52;Goiás;11687;2014;3518;10 a 19 anos;11687
Indicador  3.7.2;1756;3.5;52;Goiás;11687;2014;1142;10 a 14 anos;11687
Indicador  3.7.2;1756;77.7;52;Goiás;11687;2014;1143;15 a 19 anos;11687
Indicador  3.7.2;1756;34.2;52;Goiás;11687;2015;3518;10 a 19 anos;11687
Indicador  3.7.2;1756;3.1;52;Goiás;11687;2015;1142;10 a 14 anos;11687
Indicador  3.7.2;1756;75.7;52;Goiás;11687;2015;1143;15 a 19 anos;11687
Indicador  3.7.2;1756;31.9;52;Goiás;11687;2016;3518;10 a 19 anos;11687
Indicador  3.7.2;1756;3.0;52;Goiás;11687;2016;1142;10 a 14 anos;11687
Indicador  3.7.2;1756;69.3;52;Goiás;11687;2016;1143;15 a 19 anos;11687
Indicador  3.7.2;1756;29.4;52;Goiás;11687;2017;3518;10 a 19 anos;11687
Indicador  3.7.2;1756;2.4;52;Goiás;11687;2017;1142;10 a 14 anos;11687
Indicador  3.7.2;1756;70.0;52;Goiás;11687;2017;1143;15 a 19 anos;11687
Indicador  3.7.2;1756;28.3;52;Goiás;11687;2018;3518;10 a 19 anos;11687
Indicador  3.7.2;1756;2.4;52;Goiás;11687;2018;1142;10 a 14 anos;11687
Indicador  3.7.2;1756;68.4;52;Goiás;11687;2018;1143;15 a 19 anos;11687
Indicador  3.7.2;1756;26.6;52;Goiás;11687;2019;3518;10 a 19 anos;11687
Indicador  3.7.2;1756;2.2;52;Goiás;11687;2019;1142;10 a 14 anos;11687
Indicador  3.7.2;1756;67.8;52;Goiás;11687;2019;1143;15 a 19 anos;11687
Indicador  3.7.2;1756;24.5;52;Goiás;11687;2020;3518;10 a 19 anos;11687
Indicador  3.7.2;1756;2.0;52;Goiás;11687;2020;1142;10 a 14 anos;11687
Indicador  3.7.2;1756;63.1;52;Goiás;11687;2020;1143;15 a 19 anos;11687
Indicador  3.7.2;1756;23.7;52;Goiás;11687;2021;3518;10 a 19 anos;11687
Indicador  3.7.2;1756;1.9;52;Goiás;11687;2021;1142;10 a 14 anos;11687
Indicador  3.7.2;1756;64.2;52;Goiás;11687;2021;1143;15 a 19 anos;11687
Indicador  3.7.2;1756;21.2;52;Goiás;11687;2022;3518;10 a 19 anos;11687
Indicador  3.7.2;1756;1.6;52;Goiás;11687;2022;1142;10 a 14 anos;11687
Indicador  3.7.2;1756;59.1;52;Goiás;11687;2022;1143;15 a 19 anos;11687
Indicador  3.7.2;1756;43.8;53;Distrito Federal;11687;2000;3518;10 a 19 anos;11687
Indicador  3.7.2;1756;2.8;53;Distrito Federal;11687;2000;1142;10 a 14 anos;11687
Indicador  3.7.2;1756;91.5;53;Distrito Federal;11687;2000;1143;15 a 19 anos;11687
Indicador  3.7.2;1756;41.1;53;Distrito Federal;11687;2001;3518;10 a 19 anos;11687
Indicador  3.7.2;1756;2.9;53;Distrito Federal;11687;2001;1142;10 a 14 anos;11687
Indicador  3.7.2;1756;86.7;53;Distrito Federal;11687;2001;1143;15 a 19 anos;11687
Indicador  3.7.2;1756;38.0;53;Distrito Federal;11687;2002;3518;10 a 19 anos;11687
Indicador  3.7.2;1756;2.7;53;Distrito Federal;11687;2002;1142;10 a 14 anos;11687
Indicador  3.7.2;1756;82.2;53;Distrito Federal;11687;2002;1143;15 a 19 anos;11687
Indicador  3.7.2;1756;36.8;53;Distrito Federal;11687;2003;3518;10 a 19 anos;11687
Indicador  3.7.2;1756;2.7;53;Distrito Federal;11687;2003;1142;10 a 14 anos;11687
Indicador  3.7.2;1756;77.0;53;Distrito Federal;11687;2003;1143;15 a 19 anos;11687
Indicador  3.7.2;1756;35.2;53;Distrito Federal;11687;2004;3518;10 a 19 anos;11687
Indicador  3.7.2;1756;2.3;53;Distrito Federal;11687;2004;1142;10 a 14 anos;11687
Indicador  3.7.2;1756;75.6;53;Distrito Federal;11687;2004;1143;15 a 19 anos;11687
Indicador  3.7.2;1756;34.5;53;Distrito Federal;11687;2005;3518;10 a 19 anos;11687
Indicador  3.7.2;1756;2.3;53;Distrito Federal;11687;2005;1142;10 a 14 anos;11687
Indicador  3.7.2;1756;74.5;53;Distrito Federal;11687;2005;1143;15 a 19 anos;11687
Indicador  3.7.2;1756;32.9;53;Distrito Federal;11687;2006;3518;10 a 19 anos;11687
Indicador  3.7.2;1756;2.3;53;Distrito Federal;11687;2006;1142;10 a 14 anos;11687
Indicador  3.7.2;1756;69.6;53;Distrito Federal;11687;2006;1143;15 a 19 anos;11687
Indicador  3.7.2;1756;30.5;53;Distrito Federal;11687;2007;3518;10 a 19 anos;11687
Indicador  3.7.2;1756;2.3;53;Distrito Federal;11687;2007;1142;10 a 14 anos;11687
Indicador  3.7.2;1756;65.8;53;Distrito Federal;11687;2007;1143;15 a 19 anos;11687
Indicador  3.7.2;1756;29.0;53;Distrito Federal;11687;2008;3518;10 a 19 anos;11687
Indicador  3.7.2;1756;2.3;53;Distrito Federal;11687;2008;1142;10 a 14 anos;11687
Indicador  3.7.2;1756;64.4;53;Distrito Federal;11687;2008;1143;15 a 19 anos;11687
Indicador  3.7.2;1756;27.2;53;Distrito Federal;11687;2009;3518;10 a 19 anos;11687
Indicador  3.7.2;1756;2.0;53;Distrito Federal;11687;2009;1142;10 a 14 anos;11687
Indicador  3.7.2;1756;62.3;53;Distrito Federal;11687;2009;1143;15 a 19 anos;11687
Indicador  3.7.2;1756;26.8;53;Distrito Federal;11687;2010;3518;10 a 19 anos;11687
Indicador  3.7.2;1756;2.0;53;Distrito Federal;11687;2010;1142;10 a 14 anos;11687
Indicador  3.7.2;1756;59.8;53;Distrito Federal;11687;2010;1143;15 a 19 anos;11687
Indicador  3.7.2;1756;26.1;53;Distrito Federal;11687;2011;3518;10 a 19 anos;11687
Indicador  3.7.2;1756;2.2;53;Distrito Federal;11687;2011;1142;10 a 14 anos;11687
Indicador  3.7.2;1756;60.2;53;Distrito Federal;11687;2011;1143;15 a 19 anos;11687
Indicador  3.7.2;1756;26.2;53;Distrito Federal;11687;2012;3518;10 a 19 anos;11687
Indicador  3.7.2;1756;2.1;53;Distrito Federal;11687;2012;1142;10 a 14 anos;11687
Indicador  3.7.2;1756;61.8;53;Distrito Federal;11687;2012;1143;15 a 19 anos;11687
Indicador  3.7.2;1756;26.2;53;Distrito Federal;11687;2013;3518;10 a 19 anos;11687
Indicador  3.7.2;1756;2.1;53;Distrito Federal;11687;2013;1142;10 a 14 anos;11687
Indicador  3.7.2;1756;63.2;53;Distrito Federal;11687;2013;1143;15 a 19 anos;11687
Indicador  3.7.2;1756;25.9;53;Distrito Federal;11687;2014;3518;10 a 19 anos;11687
Indicador  3.7.2;1756;2.0;53;Distrito Federal;11687;2014;1142;10 a 14 anos;11687
Indicador  3.7.2;1756;64.5;53;Distrito Federal;11687;2014;1143;15 a 19 anos;11687
Indicador  3.7.2;1756;24.9;53;Distrito Federal;11687;2015;3518;10 a 19 anos;11687
Indicador  3.7.2;1756;1.9;53;Distrito Federal;11687;2015;1142;10 a 14 anos;11687
Indicador  3.7.2;1756;62.4;53;Distrito Federal;11687;2015;1143;15 a 19 anos;11687
Indicador  3.7.2;1756;22.6;53;Distrito Federal;11687;2016;3518;10 a 19 anos;11687
Indicador  3.7.2;1756;1.6;53;Distrito Federal;11687;2016;1142;10 a 14 anos;11687
Indicador  3.7.2;1756;58.5;53;Distrito Federal;11687;2016;1143;15 a 19 anos;11687
Indicador  3.7.2;1756;21.8;53;Distrito Federal;11687;2017;3518;10 a 19 anos;11687
Indicador  3.7.2;1756;1.2;53;Distrito Federal;11687;2017;1142;10 a 14 anos;11687
Indicador  3.7.2;1756;54.2;53;Distrito Federal;11687;2017;1143;15 a 19 anos;11687
Indicador  3.7.2;1756;21.0;53;Distrito Federal;11687;2018;3518;10 a 19 anos;11687
Indicador  3.7.2;1756;1.5;53;Distrito Federal;11687;2018;1142;10 a 14 anos;11687
Indicador  3.7.2;1756;52.2;53;Distrito Federal;11687;2018;1143;15 a 19 anos;11687
Indicador  3.7.2;1756;19.6;53;Distrito Federal;11687;2019;3518;10 a 19 anos;11687
Indicador  3.7.2;1756;1.5;53;Distrito Federal;11687;2019;1142;10 a 14 anos;11687
Indicador  3.7.2;1756;49.5;53;Distrito Federal;11687;2019;1143;15 a 19 anos;11687
Indicador  3.7.2;1756;17.2;53;Distrito Federal;11687;2020;3518;10 a 19 anos;11687
Indicador  3.7.2;1756;1.2;53;Distrito Federal;11687;2020;1142;10 a 14 anos;11687
Indicador  3.7.2;1756;45.9;53;Distrito Federal;11687;2020;1143;15 a 19 anos;11687
Indicador  3.7.2;1756;15.5;53;Distrito Federal;11687;2021;3518;10 a 19 anos;11687
Indicador  3.7.2;1756;1.1;53;Distrito Federal;11687;2021;1142;10 a 14 anos;11687
Indicador  3.7.2;1756;44.7;53;Distrito Federal;11687;2021;1143;15 a 19 anos;11687
Indicador  3.7.2;1756;13.5;53;Distrito Federal;11687;2022;3518;10 a 19 anos;11687
Indicador  3.7.2;1756;0.9;53;Distrito Federal;11687;2022;1142;10 a 14 anos;11687
Indicador  3.7.2;1756;40.4;53;Distrito Federal;11687;2022;1143;15 a 19 anos;11687
