ID_INDICADOR;CODG_UND_MED;VLR_VAR;CODG_UND_FED;DESC_UND_FED;CODG_VAR;CODG_ANO;CODG_IDADE;DESC_IDADE;CODG_SEXO;DESC_SEXO;SUB_INDICADOR
Indicador  3.3.4;1020;14305;1;Brasil;9613;2018;95253;Total;6794;Total;9613
Indicador  3.3.4;1020;8034;1;Brasil;9613;2018;95253;Total;92956;Homem;9613
Indicador  3.3.4;1020;6264;1;Brasil;9613;2018;95253;Total;92957;Mulher;9613
Indicador  3.3.4;1020;104;1;Brasil;9613;2018;1140;0 a 4 anos;6794;Total;9613
Indicador  3.3.4;1020;58;1;Brasil;9613;2018;1140;0 a 4 anos;92956;Homem;9613
Indicador  3.3.4;1020;46;1;Brasil;9613;2018;1140;0 a 4 anos;92957;Mulher;9613
Indicador  3.3.4;1020;15;1;Brasil;9613;2018;1141;5 a 9 anos;6794;Total;9613
Indicador  3.3.4;1020;11;1;Brasil;9613;2018;1141;5 a 9 anos;92956;Homem;9613
Indicador  3.3.4;1020;4;1;Brasil;9613;2018;1141;5 a 9 anos;92957;Mulher;9613
Indicador  3.3.4;1020;27;1;Brasil;9613;2018;1142;10 a 14 anos;6794;Total;9613
Indicador  3.3.4;1020;16;1;Brasil;9613;2018;1142;10 a 14 anos;92956;Homem;9613
Indicador  3.3.4;1020;11;1;Brasil;9613;2018;1142;10 a 14 anos;92957;Mulher;9613
Indicador  3.3.4;1020;228;1;Brasil;9613;2018;1143;15 a 19 anos;6794;Total;9613
Indicador  3.3.4;1020;68;1;Brasil;9613;2018;1143;15 a 19 anos;92956;Homem;9613
Indicador  3.3.4;1020;160;1;Brasil;9613;2018;1143;15 a 19 anos;92957;Mulher;9613
Indicador  3.3.4;1020;893;1;Brasil;9613;2018;1144;20 a 24 anos;6794;Total;9613
Indicador  3.3.4;1020;356;1;Brasil;9613;2018;1144;20 a 24 anos;92956;Homem;9613
Indicador  3.3.4;1020;537;1;Brasil;9613;2018;1144;20 a 24 anos;92957;Mulher;9613
Indicador  3.3.4;1020;1484;1;Brasil;9613;2018;1145;25 a 29 anos;6794;Total;9613
Indicador  3.3.4;1020;701;1;Brasil;9613;2018;1145;25 a 29 anos;92956;Homem;9613
Indicador  3.3.4;1020;781;1;Brasil;9613;2018;1145;25 a 29 anos;92957;Mulher;9613
Indicador  3.3.4;1020;1733;1;Brasil;9613;2018;1146;30 a 34 anos;6794;Total;9613
Indicador  3.3.4;1020;922;1;Brasil;9613;2018;1146;30 a 34 anos;92956;Homem;9613
Indicador  3.3.4;1020;811;1;Brasil;9613;2018;1146;30 a 34 anos;92957;Mulher;9613
Indicador  3.3.4;1020;1802;1;Brasil;9613;2018;1147;35 a 39 anos;6794;Total;9613
Indicador  3.3.4;1020;996;1;Brasil;9613;2018;1147;35 a 39 anos;92956;Homem;9613
Indicador  3.3.4;1020;805;1;Brasil;9613;2018;1147;35 a 39 anos;92957;Mulher;9613
Indicador  3.3.4;1020;1714;1;Brasil;9613;2018;1148;40 a 44 anos;6794;Total;9613
Indicador  3.3.4;1020;1062;1;Brasil;9613;2018;1148;40 a 44 anos;92956;Homem;9613
Indicador  3.3.4;1020;652;1;Brasil;9613;2018;1148;40 a 44 anos;92957;Mulher;9613
Indicador  3.3.4;1020;1604;1;Brasil;9613;2018;1149;45 a 49 anos;6794;Total;9613
Indicador  3.3.4;1020;968;1;Brasil;9613;2018;1149;45 a 49 anos;92956;Homem;9613
Indicador  3.3.4;1020;635;1;Brasil;9613;2018;1149;45 a 49 anos;92957;Mulher;9613
Indicador  3.3.4;1020;1474;1;Brasil;9613;2018;1150;50 a 54 anos;6794;Total;9613
Indicador  3.3.4;1020;930;1;Brasil;9613;2018;1150;50 a 54 anos;92956;Homem;9613
Indicador  3.3.4;1020;543;1;Brasil;9613;2018;1150;50 a 54 anos;92957;Mulher;9613
Indicador  3.3.4;1020;1264;1;Brasil;9613;2018;1151;55 a 59 anos;6794;Total;9613
Indicador  3.3.4;1020;766;1;Brasil;9613;2018;1151;55 a 59 anos;92956;Homem;9613
Indicador  3.3.4;1020;497;1;Brasil;9613;2018;1151;55 a 59 anos;92957;Mulher;9613
Indicador  3.3.4;1020;1963;1;Brasil;9613;2018;3302;60 anos ou mais;6794;Total;9613
Indicador  3.3.4;1020;1180;1;Brasil;9613;2018;3302;60 anos ou mais;92956;Homem;9613
Indicador  3.3.4;1020;782;1;Brasil;9613;2018;3302;60 anos ou mais;92957;Mulher;9613
Indicador  3.3.4;1020;14350;1;Brasil;9613;2019;95253;Total;6794;Total;9613
Indicador  3.3.4;1020;8134;1;Brasil;9613;2019;95253;Total;92956;Homem;9613
Indicador  3.3.4;1020;6212;1;Brasil;9613;2019;95253;Total;92957;Mulher;9613
Indicador  3.3.4;1020;103;1;Brasil;9613;2019;1140;0 a 4 anos;6794;Total;9613
Indicador  3.3.4;1020;59;1;Brasil;9613;2019;1140;0 a 4 anos;92956;Homem;9613
Indicador  3.3.4;1020;44;1;Brasil;9613;2019;1140;0 a 4 anos;92957;Mulher;9613
Indicador  3.3.4;1020;17;1;Brasil;9613;2019;1141;5 a 9 anos;6794;Total;9613
Indicador  3.3.4;1020;6;1;Brasil;9613;2019;1141;5 a 9 anos;92956;Homem;9613
Indicador  3.3.4;1020;11;1;Brasil;9613;2019;1141;5 a 9 anos;92957;Mulher;9613
Indicador  3.3.4;1020;51;1;Brasil;9613;2019;1142;10 a 14 anos;6794;Total;9613
Indicador  3.3.4;1020;19;1;Brasil;9613;2019;1142;10 a 14 anos;92956;Homem;9613
Indicador  3.3.4;1020;32;1;Brasil;9613;2019;1142;10 a 14 anos;92957;Mulher;9613
Indicador  3.3.4;1020;213;1;Brasil;9613;2019;1143;15 a 19 anos;6794;Total;9613
Indicador  3.3.4;1020;71;1;Brasil;9613;2019;1143;15 a 19 anos;92956;Homem;9613
Indicador  3.3.4;1020;142;1;Brasil;9613;2019;1143;15 a 19 anos;92957;Mulher;9613
Indicador  3.3.4;1020;814;1;Brasil;9613;2019;1144;20 a 24 anos;6794;Total;9613
Indicador  3.3.4;1020;332;1;Brasil;9613;2019;1144;20 a 24 anos;92956;Homem;9613
Indicador  3.3.4;1020;481;1;Brasil;9613;2019;1144;20 a 24 anos;92957;Mulher;9613
Indicador  3.3.4;1020;1329;1;Brasil;9613;2019;1145;25 a 29 anos;6794;Total;9613
Indicador  3.3.4;1020;634;1;Brasil;9613;2019;1145;25 a 29 anos;92956;Homem;9613
Indicador  3.3.4;1020;695;1;Brasil;9613;2019;1145;25 a 29 anos;92957;Mulher;9613
Indicador  3.3.4;1020;1706;1;Brasil;9613;2019;1146;30 a 34 anos;6794;Total;9613
Indicador  3.3.4;1020;936;1;Brasil;9613;2019;1146;30 a 34 anos;92956;Homem;9613
Indicador  3.3.4;1020;769;1;Brasil;9613;2019;1146;30 a 34 anos;92957;Mulher;9613
Indicador  3.3.4;1020;1943;1;Brasil;9613;2019;1147;35 a 39 anos;6794;Total;9613
Indicador  3.3.4;1020;1134;1;Brasil;9613;2019;1147;35 a 39 anos;92956;Homem;9613
Indicador  3.3.4;1020;809;1;Brasil;9613;2019;1147;35 a 39 anos;92957;Mulher;9613
Indicador  3.3.4;1020;1708;1;Brasil;9613;2019;1148;40 a 44 anos;6794;Total;9613
Indicador  3.3.4;1020;1059;1;Brasil;9613;2019;1148;40 a 44 anos;92956;Homem;9613
Indicador  3.3.4;1020;648;1;Brasil;9613;2019;1148;40 a 44 anos;92957;Mulher;9613
Indicador  3.3.4;1020;1596;1;Brasil;9613;2019;1149;45 a 49 anos;6794;Total;9613
Indicador  3.3.4;1020;968;1;Brasil;9613;2019;1149;45 a 49 anos;92956;Homem;9613
Indicador  3.3.4;1020;628;1;Brasil;9613;2019;1149;45 a 49 anos;92957;Mulher;9613
Indicador  3.3.4;1020;1507;1;Brasil;9613;2019;1150;50 a 54 anos;6794;Total;9613
Indicador  3.3.4;1020;886;1;Brasil;9613;2019;1150;50 a 54 anos;92956;Homem;9613
Indicador  3.3.4;1020;621;1;Brasil;9613;2019;1150;50 a 54 anos;92957;Mulher;9613
Indicador  3.3.4;1020;1213;1;Brasil;9613;2019;1151;55 a 59 anos;6794;Total;9613
Indicador  3.3.4;1020;748;1;Brasil;9613;2019;1151;55 a 59 anos;92956;Homem;9613
Indicador  3.3.4;1020;465;1;Brasil;9613;2019;1151;55 a 59 anos;92957;Mulher;9613
Indicador  3.3.4;1020;2150;1;Brasil;9613;2019;3302;60 anos ou mais;6794;Total;9613
Indicador  3.3.4;1020;1282;1;Brasil;9613;2019;3302;60 anos ou mais;92956;Homem;9613
Indicador  3.3.4;1020;867;1;Brasil;9613;2019;3302;60 anos ou mais;92957;Mulher;9613
Indicador  3.3.4;1020;7969;1;Brasil;9613;2020;95253;Total;6794;Total;9613
Indicador  3.3.4;1020;4619;1;Brasil;9613;2020;95253;Total;92956;Homem;9613
Indicador  3.3.4;1020;3350;1;Brasil;9613;2020;95253;Total;92957;Mulher;9613
Indicador  3.3.4;1020;46;1;Brasil;9613;2020;1140;0 a 4 anos;6794;Total;9613
Indicador  3.3.4;1020;30;1;Brasil;9613;2020;1140;0 a 4 anos;92956;Homem;9613
Indicador  3.3.4;1020;16;1;Brasil;9613;2020;1140;0 a 4 anos;92957;Mulher;9613
Indicador  3.3.4;1020;8;1;Brasil;9613;2020;1141;5 a 9 anos;6794;Total;9613
Indicador  3.3.4;1020;3;1;Brasil;9613;2020;1141;5 a 9 anos;92956;Homem;9613
Indicador  3.3.4;1020;5;1;Brasil;9613;2020;1141;5 a 9 anos;92957;Mulher;9613
Indicador  3.3.4;1020;10;1;Brasil;9613;2020;1142;10 a 14 anos;6794;Total;9613
Indicador  3.3.4;1020;2;1;Brasil;9613;2020;1142;10 a 14 anos;92956;Homem;9613
Indicador  3.3.4;1020;8;1;Brasil;9613;2020;1142;10 a 14 anos;92957;Mulher;9613
Indicador  3.3.4;1020;123;1;Brasil;9613;2020;1143;15 a 19 anos;6794;Total;9613
Indicador  3.3.4;1020;32;1;Brasil;9613;2020;1143;15 a 19 anos;92956;Homem;9613
Indicador  3.3.4;1020;91;1;Brasil;9613;2020;1143;15 a 19 anos;92957;Mulher;9613
Indicador  3.3.4;1020;406;1;Brasil;9613;2020;1144;20 a 24 anos;6794;Total;9613
Indicador  3.3.4;1020;145;1;Brasil;9613;2020;1144;20 a 24 anos;92956;Homem;9613
Indicador  3.3.4;1020;261;1;Brasil;9613;2020;1144;20 a 24 anos;92957;Mulher;9613
Indicador  3.3.4;1020;769;1;Brasil;9613;2020;1145;25 a 29 anos;6794;Total;9613
Indicador  3.3.4;1020;353;1;Brasil;9613;2020;1145;25 a 29 anos;92956;Homem;9613
Indicador  3.3.4;1020;416;1;Brasil;9613;2020;1145;25 a 29 anos;92957;Mulher;9613
Indicador  3.3.4;1020;1006;1;Brasil;9613;2020;1146;30 a 34 anos;6794;Total;9613
Indicador  3.3.4;1020;501;1;Brasil;9613;2020;1146;30 a 34 anos;92956;Homem;9613
Indicador  3.3.4;1020;505;1;Brasil;9613;2020;1146;30 a 34 anos;92957;Mulher;9613
Indicador  3.3.4;1020;1038;1;Brasil;9613;2020;1147;35 a 39 anos;6794;Total;9613
Indicador  3.3.4;1020;605;1;Brasil;9613;2020;1147;35 a 39 anos;92956;Homem;9613
Indicador  3.3.4;1020;433;1;Brasil;9613;2020;1147;35 a 39 anos;92957;Mulher;9613
Indicador  3.3.4;1020;917;1;Brasil;9613;2020;1148;40 a 44 anos;6794;Total;9613
Indicador  3.3.4;1020;603;1;Brasil;9613;2020;1148;40 a 44 anos;92956;Homem;9613
Indicador  3.3.4;1020;314;1;Brasil;9613;2020;1148;40 a 44 anos;92957;Mulher;9613
Indicador  3.3.4;1020;865;1;Brasil;9613;2020;1149;45 a 49 anos;6794;Total;9613
Indicador  3.3.4;1020;558;1;Brasil;9613;2020;1149;45 a 49 anos;92956;Homem;9613
Indicador  3.3.4;1020;307;1;Brasil;9613;2020;1149;45 a 49 anos;92957;Mulher;9613
Indicador  3.3.4;1020;811;1;Brasil;9613;2020;1150;50 a 54 anos;6794;Total;9613
Indicador  3.3.4;1020;536;1;Brasil;9613;2020;1150;50 a 54 anos;92956;Homem;9613
Indicador  3.3.4;1020;275;1;Brasil;9613;2020;1150;50 a 54 anos;92957;Mulher;9613
Indicador  3.3.4;1020;660;1;Brasil;9613;2020;1151;55 a 59 anos;6794;Total;9613
Indicador  3.3.4;1020;423;1;Brasil;9613;2020;1151;55 a 59 anos;92956;Homem;9613
Indicador  3.3.4;1020;237;1;Brasil;9613;2020;1151;55 a 59 anos;92957;Mulher;9613
Indicador  3.3.4;1020;1310;1;Brasil;9613;2020;3302;60 anos ou mais;6794;Total;9613
Indicador  3.3.4;1020;828;1;Brasil;9613;2020;3302;60 anos ou mais;92956;Homem;9613
Indicador  3.3.4;1020;482;1;Brasil;9613;2020;3302;60 anos ou mais;92957;Mulher;9613
Indicador  3.3.4;1020;9479;1;Brasil;9613;2021;95253;Total;6794;Total;9613
Indicador  3.3.4;1020;5356;1;Brasil;9613;2021;95253;Total;92956;Homem;9613
Indicador  3.3.4;1020;4121;1;Brasil;9613;2021;95253;Total;92957;Mulher;9613
Indicador  3.3.4;1020;78;1;Brasil;9613;2021;1140;0 a 4 anos;6794;Total;9613
Indicador  3.3.4;1020;41;1;Brasil;9613;2021;1140;0 a 4 anos;92956;Homem;9613
Indicador  3.3.4;1020;37;1;Brasil;9613;2021;1140;0 a 4 anos;92957;Mulher;9613
Indicador  3.3.4;1020;5;1;Brasil;9613;2021;1141;5 a 9 anos;6794;Total;9613
Indicador  3.3.4;1020;3;1;Brasil;9613;2021;1141;5 a 9 anos;92956;Homem;9613
Indicador  3.3.4;1020;2;1;Brasil;9613;2021;1141;5 a 9 anos;92957;Mulher;9613
Indicador  3.3.4;1020;27;1;Brasil;9613;2021;1142;10 a 14 anos;6794;Total;9613
Indicador  3.3.4;1020;11;1;Brasil;9613;2021;1142;10 a 14 anos;92956;Homem;9613
Indicador  3.3.4;1020;16;1;Brasil;9613;2021;1142;10 a 14 anos;92957;Mulher;9613
Indicador  3.3.4;1020;123;1;Brasil;9613;2021;1143;15 a 19 anos;6794;Total;9613
Indicador  3.3.4;1020;35;1;Brasil;9613;2021;1143;15 a 19 anos;92956;Homem;9613
Indicador  3.3.4;1020;88;1;Brasil;9613;2021;1143;15 a 19 anos;92957;Mulher;9613
Indicador  3.3.4;1020;383;1;Brasil;9613;2021;1144;20 a 24 anos;6794;Total;9613
Indicador  3.3.4;1020;140;1;Brasil;9613;2021;1144;20 a 24 anos;92956;Homem;9613
Indicador  3.3.4;1020;243;1;Brasil;9613;2021;1144;20 a 24 anos;92957;Mulher;9613
Indicador  3.3.4;1020;788;1;Brasil;9613;2021;1145;25 a 29 anos;6794;Total;9613
Indicador  3.3.4;1020;353;1;Brasil;9613;2021;1145;25 a 29 anos;92956;Homem;9613
Indicador  3.3.4;1020;435;1;Brasil;9613;2021;1145;25 a 29 anos;92957;Mulher;9613
Indicador  3.3.4;1020;974;1;Brasil;9613;2021;1146;30 a 34 anos;6794;Total;9613
Indicador  3.3.4;1020;524;1;Brasil;9613;2021;1146;30 a 34 anos;92956;Homem;9613
Indicador  3.3.4;1020;450;1;Brasil;9613;2021;1146;30 a 34 anos;92957;Mulher;9613
Indicador  3.3.4;1020;1174;1;Brasil;9613;2021;1147;35 a 39 anos;6794;Total;9613
Indicador  3.3.4;1020;691;1;Brasil;9613;2021;1147;35 a 39 anos;92956;Homem;9613
Indicador  3.3.4;1020;482;1;Brasil;9613;2021;1147;35 a 39 anos;92957;Mulher;9613
Indicador  3.3.4;1020;1165;1;Brasil;9613;2021;1148;40 a 44 anos;6794;Total;9613
Indicador  3.3.4;1020;657;1;Brasil;9613;2021;1148;40 a 44 anos;92956;Homem;9613
Indicador  3.3.4;1020;507;1;Brasil;9613;2021;1148;40 a 44 anos;92957;Mulher;9613
Indicador  3.3.4;1020;1118;1;Brasil;9613;2021;1149;45 a 49 anos;6794;Total;9613
Indicador  3.3.4;1020;690;1;Brasil;9613;2021;1149;45 a 49 anos;92956;Homem;9613
Indicador  3.3.4;1020;428;1;Brasil;9613;2021;1149;45 a 49 anos;92957;Mulher;9613
Indicador  3.3.4;1020;1077;1;Brasil;9613;2021;1150;50 a 54 anos;6794;Total;9613
Indicador  3.3.4;1020;664;1;Brasil;9613;2021;1150;50 a 54 anos;92956;Homem;9613
Indicador  3.3.4;1020;413;1;Brasil;9613;2021;1150;50 a 54 anos;92957;Mulher;9613
Indicador  3.3.4;1020;899;1;Brasil;9613;2021;1151;55 a 59 anos;6794;Total;9613
Indicador  3.3.4;1020;543;1;Brasil;9613;2021;1151;55 a 59 anos;92956;Homem;9613
Indicador  3.3.4;1020;356;1;Brasil;9613;2021;1151;55 a 59 anos;92957;Mulher;9613
Indicador  3.3.4;1020;1668;1;Brasil;9613;2021;3302;60 anos ou mais;6794;Total;9613
Indicador  3.3.4;1020;1004;1;Brasil;9613;2021;3302;60 anos ou mais;92956;Homem;9613
Indicador  3.3.4;1020;664;1;Brasil;9613;2021;3302;60 anos ou mais;92957;Mulher;9613
Indicador  3.3.4;1020;9156;1;Brasil;9613;2022;95253;Total;6794;Total;9613
Indicador  3.3.4;1020;5134;1;Brasil;9613;2022;95253;Total;92956;Homem;9613
Indicador  3.3.4;1020;4020;1;Brasil;9613;2022;95253;Total;92957;Mulher;9613
Indicador  3.3.4;1020;91;1;Brasil;9613;2022;1140;0 a 4 anos;6794;Total;9613
Indicador  3.3.4;1020;54;1;Brasil;9613;2022;1140;0 a 4 anos;92956;Homem;9613
Indicador  3.3.4;1020;36;1;Brasil;9613;2022;1140;0 a 4 anos;92957;Mulher;9613
Indicador  3.3.4;1020;10;1;Brasil;9613;2022;1141;5 a 9 anos;6794;Total;9613
Indicador  3.3.4;1020;3;1;Brasil;9613;2022;1141;5 a 9 anos;92956;Homem;9613
Indicador  3.3.4;1020;7;1;Brasil;9613;2022;1141;5 a 9 anos;92957;Mulher;9613
Indicador  3.3.4;1020;30;1;Brasil;9613;2022;1142;10 a 14 anos;6794;Total;9613
Indicador  3.3.4;1020;15;1;Brasil;9613;2022;1142;10 a 14 anos;92956;Homem;9613
Indicador  3.3.4;1020;15;1;Brasil;9613;2022;1142;10 a 14 anos;92957;Mulher;9613
Indicador  3.3.4;1020;128;1;Brasil;9613;2022;1143;15 a 19 anos;6794;Total;9613
Indicador  3.3.4;1020;36;1;Brasil;9613;2022;1143;15 a 19 anos;92956;Homem;9613
Indicador  3.3.4;1020;92;1;Brasil;9613;2022;1143;15 a 19 anos;92957;Mulher;9613
Indicador  3.3.4;1020;350;1;Brasil;9613;2022;1144;20 a 24 anos;6794;Total;9613
Indicador  3.3.4;1020;128;1;Brasil;9613;2022;1144;20 a 24 anos;92956;Homem;9613
Indicador  3.3.4;1020;221;1;Brasil;9613;2022;1144;20 a 24 anos;92957;Mulher;9613
Indicador  3.3.4;1020;720;1;Brasil;9613;2022;1145;25 a 29 anos;6794;Total;9613
Indicador  3.3.4;1020;315;1;Brasil;9613;2022;1145;25 a 29 anos;92956;Homem;9613
Indicador  3.3.4;1020;405;1;Brasil;9613;2022;1145;25 a 29 anos;92957;Mulher;9613
Indicador  3.3.4;1020;960;1;Brasil;9613;2022;1146;30 a 34 anos;6794;Total;9613
Indicador  3.3.4;1020;461;1;Brasil;9613;2022;1146;30 a 34 anos;92956;Homem;9613
Indicador  3.3.4;1020;499;1;Brasil;9613;2022;1146;30 a 34 anos;92957;Mulher;9613
Indicador  3.3.4;1020;1083;1;Brasil;9613;2022;1147;35 a 39 anos;6794;Total;9613
Indicador  3.3.4;1020;604;1;Brasil;9613;2022;1147;35 a 39 anos;92956;Homem;9613
Indicador  3.3.4;1020;479;1;Brasil;9613;2022;1147;35 a 39 anos;92957;Mulher;9613
Indicador  3.3.4;1020;1118;1;Brasil;9613;2022;1148;40 a 44 anos;6794;Total;9613
Indicador  3.3.4;1020;680;1;Brasil;9613;2022;1148;40 a 44 anos;92956;Homem;9613
Indicador  3.3.4;1020;438;1;Brasil;9613;2022;1148;40 a 44 anos;92957;Mulher;9613
Indicador  3.3.4;1020;1096;1;Brasil;9613;2022;1149;45 a 49 anos;6794;Total;9613
Indicador  3.3.4;1020;676;1;Brasil;9613;2022;1149;45 a 49 anos;92956;Homem;9613
Indicador  3.3.4;1020;420;1;Brasil;9613;2022;1149;45 a 49 anos;92957;Mulher;9613
Indicador  3.3.4;1020;939;1;Brasil;9613;2022;1150;50 a 54 anos;6794;Total;9613
Indicador  3.3.4;1020;555;1;Brasil;9613;2022;1150;50 a 54 anos;92956;Homem;9613
Indicador  3.3.4;1020;384;1;Brasil;9613;2022;1150;50 a 54 anos;92957;Mulher;9613
Indicador  3.3.4;1020;866;1;Brasil;9613;2022;1151;55 a 59 anos;6794;Total;9613
Indicador  3.3.4;1020;515;1;Brasil;9613;2022;1151;55 a 59 anos;92956;Homem;9613
Indicador  3.3.4;1020;351;1;Brasil;9613;2022;1151;55 a 59 anos;92957;Mulher;9613
Indicador  3.3.4;1020;1765;1;Brasil;9613;2022;3302;60 anos ou mais;6794;Total;9613
Indicador  3.3.4;1020;1092;1;Brasil;9613;2022;3302;60 anos ou mais;92956;Homem;9613
Indicador  3.3.4;1020;673;1;Brasil;9613;2022;3302;60 anos ou mais;92957;Mulher;9613
Indicador  3.3.4;1020;561;11;Rondônia;9613;2018;95253;Total;6794;Total;9613
Indicador  3.3.4;1020;299;11;Rondônia;9613;2018;95253;Total;92956;Homem;9613
Indicador  3.3.4;1020;262;11;Rondônia;9613;2018;95253;Total;92957;Mulher;9613
Indicador  3.3.4;1020;2;11;Rondônia;9613;2018;1140;0 a 4 anos;6794;Total;9613
Indicador  3.3.4;1020;2;11;Rondônia;9613;2018;1140;0 a 4 anos;92956;Homem;9613
Indicador  3.3.4;1020;0;11;Rondônia;9613;2018;1140;0 a 4 anos;92957;Mulher;9613
Indicador  3.3.4;1020;1;11;Rondônia;9613;2018;1141;5 a 9 anos;6794;Total;9613
Indicador  3.3.4;1020;1;11;Rondônia;9613;2018;1141;5 a 9 anos;92956;Homem;9613
Indicador  3.3.4;1020;0;11;Rondônia;9613;2018;1141;5 a 9 anos;92957;Mulher;9613
Indicador  3.3.4;1020;1;11;Rondônia;9613;2018;1142;10 a 14 anos;6794;Total;9613
Indicador  3.3.4;1020;1;11;Rondônia;9613;2018;1142;10 a 14 anos;92956;Homem;9613
Indicador  3.3.4;1020;0;11;Rondônia;9613;2018;1142;10 a 14 anos;92957;Mulher;9613
Indicador  3.3.4;1020;8;11;Rondônia;9613;2018;1143;15 a 19 anos;6794;Total;9613
Indicador  3.3.4;1020;3;11;Rondônia;9613;2018;1143;15 a 19 anos;92956;Homem;9613
Indicador  3.3.4;1020;5;11;Rondônia;9613;2018;1143;15 a 19 anos;92957;Mulher;9613
Indicador  3.3.4;1020;20;11;Rondônia;9613;2018;1144;20 a 24 anos;6794;Total;9613
Indicador  3.3.4;1020;6;11;Rondônia;9613;2018;1144;20 a 24 anos;92956;Homem;9613
Indicador  3.3.4;1020;14;11;Rondônia;9613;2018;1144;20 a 24 anos;92957;Mulher;9613
Indicador  3.3.4;1020;80;11;Rondônia;9613;2018;1145;25 a 29 anos;6794;Total;9613
Indicador  3.3.4;1020;34;11;Rondônia;9613;2018;1145;25 a 29 anos;92956;Homem;9613
Indicador  3.3.4;1020;46;11;Rondônia;9613;2018;1145;25 a 29 anos;92957;Mulher;9613
Indicador  3.3.4;1020;79;11;Rondônia;9613;2018;1146;30 a 34 anos;6794;Total;9613
Indicador  3.3.4;1020;49;11;Rondônia;9613;2018;1146;30 a 34 anos;92956;Homem;9613
Indicador  3.3.4;1020;30;11;Rondônia;9613;2018;1146;30 a 34 anos;92957;Mulher;9613
Indicador  3.3.4;1020;92;11;Rondônia;9613;2018;1147;35 a 39 anos;6794;Total;9613
Indicador  3.3.4;1020;49;11;Rondônia;9613;2018;1147;35 a 39 anos;92956;Homem;9613
Indicador  3.3.4;1020;43;11;Rondônia;9613;2018;1147;35 a 39 anos;92957;Mulher;9613
Indicador  3.3.4;1020;80;11;Rondônia;9613;2018;1148;40 a 44 anos;6794;Total;9613
Indicador  3.3.4;1020;45;11;Rondônia;9613;2018;1148;40 a 44 anos;92956;Homem;9613
Indicador  3.3.4;1020;35;11;Rondônia;9613;2018;1148;40 a 44 anos;92957;Mulher;9613
Indicador  3.3.4;1020;59;11;Rondônia;9613;2018;1149;45 a 49 anos;6794;Total;9613
Indicador  3.3.4;1020;30;11;Rondônia;9613;2018;1149;45 a 49 anos;92956;Homem;9613
Indicador  3.3.4;1020;29;11;Rondônia;9613;2018;1149;45 a 49 anos;92957;Mulher;9613
Indicador  3.3.4;1020;35;11;Rondônia;9613;2018;1150;50 a 54 anos;6794;Total;9613
Indicador  3.3.4;1020;19;11;Rondônia;9613;2018;1150;50 a 54 anos;92956;Homem;9613
Indicador  3.3.4;1020;16;11;Rondônia;9613;2018;1150;50 a 54 anos;92957;Mulher;9613
Indicador  3.3.4;1020;49;11;Rondônia;9613;2018;1151;55 a 59 anos;6794;Total;9613
Indicador  3.3.4;1020;24;11;Rondônia;9613;2018;1151;55 a 59 anos;92956;Homem;9613
Indicador  3.3.4;1020;25;11;Rondônia;9613;2018;1151;55 a 59 anos;92957;Mulher;9613
Indicador  3.3.4;1020;55;11;Rondônia;9613;2018;3302;60 anos ou mais;6794;Total;9613
Indicador  3.3.4;1020;36;11;Rondônia;9613;2018;3302;60 anos ou mais;92956;Homem;9613
Indicador  3.3.4;1020;19;11;Rondônia;9613;2018;3302;60 anos ou mais;92957;Mulher;9613
Indicador  3.3.4;1020;541;11;Rondônia;9613;2019;95253;Total;6794;Total;9613
Indicador  3.3.4;1020;327;11;Rondônia;9613;2019;95253;Total;92956;Homem;9613
Indicador  3.3.4;1020;214;11;Rondônia;9613;2019;95253;Total;92957;Mulher;9613
Indicador  3.3.4;1020;0;11;Rondônia;9613;2019;1140;0 a 4 anos;6794;Total;9613
Indicador  3.3.4;1020;0;11;Rondônia;9613;2019;1140;0 a 4 anos;92956;Homem;9613
Indicador  3.3.4;1020;0;11;Rondônia;9613;2019;1140;0 a 4 anos;92957;Mulher;9613
Indicador  3.3.4;1020;0;11;Rondônia;9613;2019;1141;5 a 9 anos;6794;Total;9613
Indicador  3.3.4;1020;0;11;Rondônia;9613;2019;1141;5 a 9 anos;92956;Homem;9613
Indicador  3.3.4;1020;0;11;Rondônia;9613;2019;1141;5 a 9 anos;92957;Mulher;9613
Indicador  3.3.4;1020;1;11;Rondônia;9613;2019;1142;10 a 14 anos;6794;Total;9613
Indicador  3.3.4;1020;0;11;Rondônia;9613;2019;1142;10 a 14 anos;92956;Homem;9613
Indicador  3.3.4;1020;1;11;Rondônia;9613;2019;1142;10 a 14 anos;92957;Mulher;9613
Indicador  3.3.4;1020;8;11;Rondônia;9613;2019;1143;15 a 19 anos;6794;Total;9613
Indicador  3.3.4;1020;1;11;Rondônia;9613;2019;1143;15 a 19 anos;92956;Homem;9613
Indicador  3.3.4;1020;7;11;Rondônia;9613;2019;1143;15 a 19 anos;92957;Mulher;9613
Indicador  3.3.4;1020;27;11;Rondônia;9613;2019;1144;20 a 24 anos;6794;Total;9613
Indicador  3.3.4;1020;11;11;Rondônia;9613;2019;1144;20 a 24 anos;92956;Homem;9613
Indicador  3.3.4;1020;16;11;Rondônia;9613;2019;1144;20 a 24 anos;92957;Mulher;9613
Indicador  3.3.4;1020;60;11;Rondônia;9613;2019;1145;25 a 29 anos;6794;Total;9613
Indicador  3.3.4;1020;36;11;Rondônia;9613;2019;1145;25 a 29 anos;92956;Homem;9613
Indicador  3.3.4;1020;24;11;Rondônia;9613;2019;1145;25 a 29 anos;92957;Mulher;9613
Indicador  3.3.4;1020;74;11;Rondônia;9613;2019;1146;30 a 34 anos;6794;Total;9613
Indicador  3.3.4;1020;40;11;Rondônia;9613;2019;1146;30 a 34 anos;92956;Homem;9613
Indicador  3.3.4;1020;34;11;Rondônia;9613;2019;1146;30 a 34 anos;92957;Mulher;9613
Indicador  3.3.4;1020;109;11;Rondônia;9613;2019;1147;35 a 39 anos;6794;Total;9613
Indicador  3.3.4;1020;71;11;Rondônia;9613;2019;1147;35 a 39 anos;92956;Homem;9613
Indicador  3.3.4;1020;38;11;Rondônia;9613;2019;1147;35 a 39 anos;92957;Mulher;9613
Indicador  3.3.4;1020;74;11;Rondônia;9613;2019;1148;40 a 44 anos;6794;Total;9613
Indicador  3.3.4;1020;48;11;Rondônia;9613;2019;1148;40 a 44 anos;92956;Homem;9613
Indicador  3.3.4;1020;26;11;Rondônia;9613;2019;1148;40 a 44 anos;92957;Mulher;9613
Indicador  3.3.4;1020;57;11;Rondônia;9613;2019;1149;45 a 49 anos;6794;Total;9613
Indicador  3.3.4;1020;38;11;Rondônia;9613;2019;1149;45 a 49 anos;92956;Homem;9613
Indicador  3.3.4;1020;19;11;Rondônia;9613;2019;1149;45 a 49 anos;92957;Mulher;9613
Indicador  3.3.4;1020;48;11;Rondônia;9613;2019;1150;50 a 54 anos;6794;Total;9613
Indicador  3.3.4;1020;31;11;Rondônia;9613;2019;1150;50 a 54 anos;92956;Homem;9613
Indicador  3.3.4;1020;17;11;Rondônia;9613;2019;1150;50 a 54 anos;92957;Mulher;9613
Indicador  3.3.4;1020;32;11;Rondônia;9613;2019;1151;55 a 59 anos;6794;Total;9613
Indicador  3.3.4;1020;20;11;Rondônia;9613;2019;1151;55 a 59 anos;92956;Homem;9613
Indicador  3.3.4;1020;12;11;Rondônia;9613;2019;1151;55 a 59 anos;92957;Mulher;9613
Indicador  3.3.4;1020;51;11;Rondônia;9613;2019;3302;60 anos ou mais;6794;Total;9613
Indicador  3.3.4;1020;31;11;Rondônia;9613;2019;3302;60 anos ou mais;92956;Homem;9613
Indicador  3.3.4;1020;20;11;Rondônia;9613;2019;3302;60 anos ou mais;92957;Mulher;9613
Indicador  3.3.4;1020;267;11;Rondônia;9613;2020;95253;Total;6794;Total;9613
Indicador  3.3.4;1020;163;11;Rondônia;9613;2020;95253;Total;92956;Homem;9613
Indicador  3.3.4;1020;104;11;Rondônia;9613;2020;95253;Total;92957;Mulher;9613
Indicador  3.3.4;1020;4;11;Rondônia;9613;2020;1140;0 a 4 anos;6794;Total;9613
Indicador  3.3.4;1020;2;11;Rondônia;9613;2020;1140;0 a 4 anos;92956;Homem;9613
Indicador  3.3.4;1020;2;11;Rondônia;9613;2020;1140;0 a 4 anos;92957;Mulher;9613
Indicador  3.3.4;1020;0;11;Rondônia;9613;2020;1141;5 a 9 anos;6794;Total;9613
Indicador  3.3.4;1020;0;11;Rondônia;9613;2020;1141;5 a 9 anos;92956;Homem;9613
Indicador  3.3.4;1020;0;11;Rondônia;9613;2020;1141;5 a 9 anos;92957;Mulher;9613
Indicador  3.3.4;1020;0;11;Rondônia;9613;2020;1142;10 a 14 anos;6794;Total;9613
Indicador  3.3.4;1020;0;11;Rondônia;9613;2020;1142;10 a 14 anos;92956;Homem;9613
Indicador  3.3.4;1020;0;11;Rondônia;9613;2020;1142;10 a 14 anos;92957;Mulher;9613
Indicador  3.3.4;1020;5;11;Rondônia;9613;2020;1143;15 a 19 anos;6794;Total;9613
Indicador  3.3.4;1020;2;11;Rondônia;9613;2020;1143;15 a 19 anos;92956;Homem;9613
Indicador  3.3.4;1020;3;11;Rondônia;9613;2020;1143;15 a 19 anos;92957;Mulher;9613
Indicador  3.3.4;1020;9;11;Rondônia;9613;2020;1144;20 a 24 anos;6794;Total;9613
Indicador  3.3.4;1020;2;11;Rondônia;9613;2020;1144;20 a 24 anos;92956;Homem;9613
Indicador  3.3.4;1020;7;11;Rondônia;9613;2020;1144;20 a 24 anos;92957;Mulher;9613
Indicador  3.3.4;1020;32;11;Rondônia;9613;2020;1145;25 a 29 anos;6794;Total;9613
Indicador  3.3.4;1020;19;11;Rondônia;9613;2020;1145;25 a 29 anos;92956;Homem;9613
Indicador  3.3.4;1020;13;11;Rondônia;9613;2020;1145;25 a 29 anos;92957;Mulher;9613
Indicador  3.3.4;1020;57;11;Rondônia;9613;2020;1146;30 a 34 anos;6794;Total;9613
Indicador  3.3.4;1020;26;11;Rondônia;9613;2020;1146;30 a 34 anos;92956;Homem;9613
Indicador  3.3.4;1020;31;11;Rondônia;9613;2020;1146;30 a 34 anos;92957;Mulher;9613
Indicador  3.3.4;1020;36;11;Rondônia;9613;2020;1147;35 a 39 anos;6794;Total;9613
Indicador  3.3.4;1020;21;11;Rondônia;9613;2020;1147;35 a 39 anos;92956;Homem;9613
Indicador  3.3.4;1020;15;11;Rondônia;9613;2020;1147;35 a 39 anos;92957;Mulher;9613
Indicador  3.3.4;1020;34;11;Rondônia;9613;2020;1148;40 a 44 anos;6794;Total;9613
Indicador  3.3.4;1020;26;11;Rondônia;9613;2020;1148;40 a 44 anos;92956;Homem;9613
Indicador  3.3.4;1020;8;11;Rondônia;9613;2020;1148;40 a 44 anos;92957;Mulher;9613
Indicador  3.3.4;1020;29;11;Rondônia;9613;2020;1149;45 a 49 anos;6794;Total;9613
Indicador  3.3.4;1020;23;11;Rondônia;9613;2020;1149;45 a 49 anos;92956;Homem;9613
Indicador  3.3.4;1020;6;11;Rondônia;9613;2020;1149;45 a 49 anos;92957;Mulher;9613
Indicador  3.3.4;1020;27;11;Rondônia;9613;2020;1150;50 a 54 anos;6794;Total;9613
Indicador  3.3.4;1020;17;11;Rondônia;9613;2020;1150;50 a 54 anos;92956;Homem;9613
Indicador  3.3.4;1020;10;11;Rondônia;9613;2020;1150;50 a 54 anos;92957;Mulher;9613
Indicador  3.3.4;1020;9;11;Rondônia;9613;2020;1151;55 a 59 anos;6794;Total;9613
Indicador  3.3.4;1020;7;11;Rondônia;9613;2020;1151;55 a 59 anos;92956;Homem;9613
Indicador  3.3.4;1020;2;11;Rondônia;9613;2020;1151;55 a 59 anos;92957;Mulher;9613
Indicador  3.3.4;1020;25;11;Rondônia;9613;2020;3302;60 anos ou mais;6794;Total;9613
Indicador  3.3.4;1020;18;11;Rondônia;9613;2020;3302;60 anos ou mais;92956;Homem;9613
Indicador  3.3.4;1020;7;11;Rondônia;9613;2020;3302;60 anos ou mais;92957;Mulher;9613
Indicador  3.3.4;1020;337;11;Rondônia;9613;2021;95253;Total;6794;Total;9613
Indicador  3.3.4;1020;191;11;Rondônia;9613;2021;95253;Total;92956;Homem;9613
Indicador  3.3.4;1020;145;11;Rondônia;9613;2021;95253;Total;92957;Mulher;9613
Indicador  3.3.4;1020;4;11;Rondônia;9613;2021;1140;0 a 4 anos;6794;Total;9613
Indicador  3.3.4;1020;2;11;Rondônia;9613;2021;1140;0 a 4 anos;92956;Homem;9613
Indicador  3.3.4;1020;2;11;Rondônia;9613;2021;1140;0 a 4 anos;92957;Mulher;9613
Indicador  3.3.4;1020;0;11;Rondônia;9613;2021;1141;5 a 9 anos;6794;Total;9613
Indicador  3.3.4;1020;0;11;Rondônia;9613;2021;1141;5 a 9 anos;92956;Homem;9613
Indicador  3.3.4;1020;0;11;Rondônia;9613;2021;1141;5 a 9 anos;92957;Mulher;9613
Indicador  3.3.4;1020;0;11;Rondônia;9613;2021;1142;10 a 14 anos;6794;Total;9613
Indicador  3.3.4;1020;0;11;Rondônia;9613;2021;1142;10 a 14 anos;92956;Homem;9613
Indicador  3.3.4;1020;0;11;Rondônia;9613;2021;1142;10 a 14 anos;92957;Mulher;9613
Indicador  3.3.4;1020;6;11;Rondônia;9613;2021;1143;15 a 19 anos;6794;Total;9613
Indicador  3.3.4;1020;0;11;Rondônia;9613;2021;1143;15 a 19 anos;92956;Homem;9613
Indicador  3.3.4;1020;6;11;Rondônia;9613;2021;1143;15 a 19 anos;92957;Mulher;9613
Indicador  3.3.4;1020;6;11;Rondônia;9613;2021;1144;20 a 24 anos;6794;Total;9613
Indicador  3.3.4;1020;1;11;Rondônia;9613;2021;1144;20 a 24 anos;92956;Homem;9613
Indicador  3.3.4;1020;5;11;Rondônia;9613;2021;1144;20 a 24 anos;92957;Mulher;9613
Indicador  3.3.4;1020;20;11;Rondônia;9613;2021;1145;25 a 29 anos;6794;Total;9613
Indicador  3.3.4;1020;8;11;Rondônia;9613;2021;1145;25 a 29 anos;92956;Homem;9613
Indicador  3.3.4;1020;12;11;Rondônia;9613;2021;1145;25 a 29 anos;92957;Mulher;9613
Indicador  3.3.4;1020;47;11;Rondônia;9613;2021;1146;30 a 34 anos;6794;Total;9613
Indicador  3.3.4;1020;23;11;Rondônia;9613;2021;1146;30 a 34 anos;92956;Homem;9613
Indicador  3.3.4;1020;24;11;Rondônia;9613;2021;1146;30 a 34 anos;92957;Mulher;9613
Indicador  3.3.4;1020;41;11;Rondônia;9613;2021;1147;35 a 39 anos;6794;Total;9613
Indicador  3.3.4;1020;28;11;Rondônia;9613;2021;1147;35 a 39 anos;92956;Homem;9613
Indicador  3.3.4;1020;13;11;Rondônia;9613;2021;1147;35 a 39 anos;92957;Mulher;9613
Indicador  3.3.4;1020;46;11;Rondônia;9613;2021;1148;40 a 44 anos;6794;Total;9613
Indicador  3.3.4;1020;25;11;Rondônia;9613;2021;1148;40 a 44 anos;92956;Homem;9613
Indicador  3.3.4;1020;20;11;Rondônia;9613;2021;1148;40 a 44 anos;92957;Mulher;9613
Indicador  3.3.4;1020;50;11;Rondônia;9613;2021;1149;45 a 49 anos;6794;Total;9613
Indicador  3.3.4;1020;35;11;Rondônia;9613;2021;1149;45 a 49 anos;92956;Homem;9613
Indicador  3.3.4;1020;15;11;Rondônia;9613;2021;1149;45 a 49 anos;92957;Mulher;9613
Indicador  3.3.4;1020;47;11;Rondônia;9613;2021;1150;50 a 54 anos;6794;Total;9613
Indicador  3.3.4;1020;25;11;Rondônia;9613;2021;1150;50 a 54 anos;92956;Homem;9613
Indicador  3.3.4;1020;22;11;Rondônia;9613;2021;1150;50 a 54 anos;92957;Mulher;9613
Indicador  3.3.4;1020;27;11;Rondônia;9613;2021;1151;55 a 59 anos;6794;Total;9613
Indicador  3.3.4;1020;20;11;Rondônia;9613;2021;1151;55 a 59 anos;92956;Homem;9613
Indicador  3.3.4;1020;7;11;Rondônia;9613;2021;1151;55 a 59 anos;92957;Mulher;9613
Indicador  3.3.4;1020;43;11;Rondônia;9613;2021;3302;60 anos ou mais;6794;Total;9613
Indicador  3.3.4;1020;24;11;Rondônia;9613;2021;3302;60 anos ou mais;92956;Homem;9613
Indicador  3.3.4;1020;19;11;Rondônia;9613;2021;3302;60 anos ou mais;92957;Mulher;9613
Indicador  3.3.4;1020;322;11;Rondônia;9613;2022;95253;Total;6794;Total;9613
Indicador  3.3.4;1020;176;11;Rondônia;9613;2022;95253;Total;92956;Homem;9613
Indicador  3.3.4;1020;146;11;Rondônia;9613;2022;95253;Total;92957;Mulher;9613
Indicador  3.3.4;1020;1;11;Rondônia;9613;2022;1140;0 a 4 anos;6794;Total;9613
Indicador  3.3.4;1020;1;11;Rondônia;9613;2022;1140;0 a 4 anos;92956;Homem;9613
Indicador  3.3.4;1020;0;11;Rondônia;9613;2022;1140;0 a 4 anos;92957;Mulher;9613
Indicador  3.3.4;1020;0;11;Rondônia;9613;2022;1141;5 a 9 anos;6794;Total;9613
Indicador  3.3.4;1020;0;11;Rondônia;9613;2022;1141;5 a 9 anos;92956;Homem;9613
Indicador  3.3.4;1020;0;11;Rondônia;9613;2022;1141;5 a 9 anos;92957;Mulher;9613
Indicador  3.3.4;1020;1;11;Rondônia;9613;2022;1142;10 a 14 anos;6794;Total;9613
Indicador  3.3.4;1020;0;11;Rondônia;9613;2022;1142;10 a 14 anos;92956;Homem;9613
Indicador  3.3.4;1020;1;11;Rondônia;9613;2022;1142;10 a 14 anos;92957;Mulher;9613
Indicador  3.3.4;1020;7;11;Rondônia;9613;2022;1143;15 a 19 anos;6794;Total;9613
Indicador  3.3.4;1020;0;11;Rondônia;9613;2022;1143;15 a 19 anos;92956;Homem;9613
Indicador  3.3.4;1020;7;11;Rondônia;9613;2022;1143;15 a 19 anos;92957;Mulher;9613
Indicador  3.3.4;1020;6;11;Rondônia;9613;2022;1144;20 a 24 anos;6794;Total;9613
Indicador  3.3.4;1020;3;11;Rondônia;9613;2022;1144;20 a 24 anos;92956;Homem;9613
Indicador  3.3.4;1020;3;11;Rondônia;9613;2022;1144;20 a 24 anos;92957;Mulher;9613
Indicador  3.3.4;1020;19;11;Rondônia;9613;2022;1145;25 a 29 anos;6794;Total;9613
Indicador  3.3.4;1020;7;11;Rondônia;9613;2022;1145;25 a 29 anos;92956;Homem;9613
Indicador  3.3.4;1020;12;11;Rondônia;9613;2022;1145;25 a 29 anos;92957;Mulher;9613
Indicador  3.3.4;1020;36;11;Rondônia;9613;2022;1146;30 a 34 anos;6794;Total;9613
Indicador  3.3.4;1020;17;11;Rondônia;9613;2022;1146;30 a 34 anos;92956;Homem;9613
Indicador  3.3.4;1020;19;11;Rondônia;9613;2022;1146;30 a 34 anos;92957;Mulher;9613
Indicador  3.3.4;1020;47;11;Rondônia;9613;2022;1147;35 a 39 anos;6794;Total;9613
Indicador  3.3.4;1020;30;11;Rondônia;9613;2022;1147;35 a 39 anos;92956;Homem;9613
Indicador  3.3.4;1020;17;11;Rondônia;9613;2022;1147;35 a 39 anos;92957;Mulher;9613
Indicador  3.3.4;1020;47;11;Rondônia;9613;2022;1148;40 a 44 anos;6794;Total;9613
Indicador  3.3.4;1020;28;11;Rondônia;9613;2022;1148;40 a 44 anos;92956;Homem;9613
Indicador  3.3.4;1020;19;11;Rondônia;9613;2022;1148;40 a 44 anos;92957;Mulher;9613
Indicador  3.3.4;1020;40;11;Rondônia;9613;2022;1149;45 a 49 anos;6794;Total;9613
Indicador  3.3.4;1020;21;11;Rondônia;9613;2022;1149;45 a 49 anos;92956;Homem;9613
Indicador  3.3.4;1020;19;11;Rondônia;9613;2022;1149;45 a 49 anos;92957;Mulher;9613
Indicador  3.3.4;1020;36;11;Rondônia;9613;2022;1150;50 a 54 anos;6794;Total;9613
Indicador  3.3.4;1020;21;11;Rondônia;9613;2022;1150;50 a 54 anos;92956;Homem;9613
Indicador  3.3.4;1020;15;11;Rondônia;9613;2022;1150;50 a 54 anos;92957;Mulher;9613
Indicador  3.3.4;1020;32;11;Rondônia;9613;2022;1151;55 a 59 anos;6794;Total;9613
Indicador  3.3.4;1020;14;11;Rondônia;9613;2022;1151;55 a 59 anos;92956;Homem;9613
Indicador  3.3.4;1020;18;11;Rondônia;9613;2022;1151;55 a 59 anos;92957;Mulher;9613
Indicador  3.3.4;1020;50;11;Rondônia;9613;2022;3302;60 anos ou mais;6794;Total;9613
Indicador  3.3.4;1020;34;11;Rondônia;9613;2022;3302;60 anos ou mais;92956;Homem;9613
Indicador  3.3.4;1020;16;11;Rondônia;9613;2022;3302;60 anos ou mais;92957;Mulher;9613
Indicador  3.3.4;1020;322;12;Acre;9613;2018;95253;Total;6794;Total;9613
Indicador  3.3.4;1020;162;12;Acre;9613;2018;95253;Total;92956;Homem;9613
Indicador  3.3.4;1020;160;12;Acre;9613;2018;95253;Total;92957;Mulher;9613
Indicador  3.3.4;1020;2;12;Acre;9613;2018;1140;0 a 4 anos;6794;Total;9613
Indicador  3.3.4;1020;2;12;Acre;9613;2018;1140;0 a 4 anos;92956;Homem;9613
Indicador  3.3.4;1020;0;12;Acre;9613;2018;1140;0 a 4 anos;92957;Mulher;9613
Indicador  3.3.4;1020;0;12;Acre;9613;2018;1141;5 a 9 anos;6794;Total;9613
Indicador  3.3.4;1020;0;12;Acre;9613;2018;1141;5 a 9 anos;92956;Homem;9613
Indicador  3.3.4;1020;0;12;Acre;9613;2018;1141;5 a 9 anos;92957;Mulher;9613
Indicador  3.3.4;1020;2;12;Acre;9613;2018;1142;10 a 14 anos;6794;Total;9613
Indicador  3.3.4;1020;1;12;Acre;9613;2018;1142;10 a 14 anos;92956;Homem;9613
Indicador  3.3.4;1020;1;12;Acre;9613;2018;1142;10 a 14 anos;92957;Mulher;9613
Indicador  3.3.4;1020;13;12;Acre;9613;2018;1143;15 a 19 anos;6794;Total;9613
Indicador  3.3.4;1020;6;12;Acre;9613;2018;1143;15 a 19 anos;92956;Homem;9613
Indicador  3.3.4;1020;7;12;Acre;9613;2018;1143;15 a 19 anos;92957;Mulher;9613
Indicador  3.3.4;1020;43;12;Acre;9613;2018;1144;20 a 24 anos;6794;Total;9613
Indicador  3.3.4;1020;20;12;Acre;9613;2018;1144;20 a 24 anos;92956;Homem;9613
Indicador  3.3.4;1020;23;12;Acre;9613;2018;1144;20 a 24 anos;92957;Mulher;9613
Indicador  3.3.4;1020;42;12;Acre;9613;2018;1145;25 a 29 anos;6794;Total;9613
Indicador  3.3.4;1020;21;12;Acre;9613;2018;1145;25 a 29 anos;92956;Homem;9613
Indicador  3.3.4;1020;21;12;Acre;9613;2018;1145;25 a 29 anos;92957;Mulher;9613
Indicador  3.3.4;1020;51;12;Acre;9613;2018;1146;30 a 34 anos;6794;Total;9613
Indicador  3.3.4;1020;22;12;Acre;9613;2018;1146;30 a 34 anos;92956;Homem;9613
Indicador  3.3.4;1020;29;12;Acre;9613;2018;1146;30 a 34 anos;92957;Mulher;9613
Indicador  3.3.4;1020;47;12;Acre;9613;2018;1147;35 a 39 anos;6794;Total;9613
Indicador  3.3.4;1020;24;12;Acre;9613;2018;1147;35 a 39 anos;92956;Homem;9613
Indicador  3.3.4;1020;23;12;Acre;9613;2018;1147;35 a 39 anos;92957;Mulher;9613
Indicador  3.3.4;1020;30;12;Acre;9613;2018;1148;40 a 44 anos;6794;Total;9613
Indicador  3.3.4;1020;18;12;Acre;9613;2018;1148;40 a 44 anos;92956;Homem;9613
Indicador  3.3.4;1020;12;12;Acre;9613;2018;1148;40 a 44 anos;92957;Mulher;9613
Indicador  3.3.4;1020;32;12;Acre;9613;2018;1149;45 a 49 anos;6794;Total;9613
Indicador  3.3.4;1020;18;12;Acre;9613;2018;1149;45 a 49 anos;92956;Homem;9613
Indicador  3.3.4;1020;14;12;Acre;9613;2018;1149;45 a 49 anos;92957;Mulher;9613
Indicador  3.3.4;1020;16;12;Acre;9613;2018;1150;50 a 54 anos;6794;Total;9613
Indicador  3.3.4;1020;9;12;Acre;9613;2018;1150;50 a 54 anos;92956;Homem;9613
Indicador  3.3.4;1020;7;12;Acre;9613;2018;1150;50 a 54 anos;92957;Mulher;9613
Indicador  3.3.4;1020;14;12;Acre;9613;2018;1151;55 a 59 anos;6794;Total;9613
Indicador  3.3.4;1020;6;12;Acre;9613;2018;1151;55 a 59 anos;92956;Homem;9613
Indicador  3.3.4;1020;8;12;Acre;9613;2018;1151;55 a 59 anos;92957;Mulher;9613
Indicador  3.3.4;1020;30;12;Acre;9613;2018;3302;60 anos ou mais;6794;Total;9613
Indicador  3.3.4;1020;15;12;Acre;9613;2018;3302;60 anos ou mais;92956;Homem;9613
Indicador  3.3.4;1020;15;12;Acre;9613;2018;3302;60 anos ou mais;92957;Mulher;9613
Indicador  3.3.4;1020;306;12;Acre;9613;2019;95253;Total;6794;Total;9613
Indicador  3.3.4;1020;194;12;Acre;9613;2019;95253;Total;92956;Homem;9613
Indicador  3.3.4;1020;112;12;Acre;9613;2019;95253;Total;92957;Mulher;9613
Indicador  3.3.4;1020;3;12;Acre;9613;2019;1140;0 a 4 anos;6794;Total;9613
Indicador  3.3.4;1020;3;12;Acre;9613;2019;1140;0 a 4 anos;92956;Homem;9613
Indicador  3.3.4;1020;0;12;Acre;9613;2019;1140;0 a 4 anos;92957;Mulher;9613
Indicador  3.3.4;1020;2;12;Acre;9613;2019;1141;5 a 9 anos;6794;Total;9613
Indicador  3.3.4;1020;1;12;Acre;9613;2019;1141;5 a 9 anos;92956;Homem;9613
Indicador  3.3.4;1020;1;12;Acre;9613;2019;1141;5 a 9 anos;92957;Mulher;9613
Indicador  3.3.4;1020;3;12;Acre;9613;2019;1142;10 a 14 anos;6794;Total;9613
Indicador  3.3.4;1020;1;12;Acre;9613;2019;1142;10 a 14 anos;92956;Homem;9613
Indicador  3.3.4;1020;2;12;Acre;9613;2019;1142;10 a 14 anos;92957;Mulher;9613
Indicador  3.3.4;1020;8;12;Acre;9613;2019;1143;15 a 19 anos;6794;Total;9613
Indicador  3.3.4;1020;2;12;Acre;9613;2019;1143;15 a 19 anos;92956;Homem;9613
Indicador  3.3.4;1020;6;12;Acre;9613;2019;1143;15 a 19 anos;92957;Mulher;9613
Indicador  3.3.4;1020;35;12;Acre;9613;2019;1144;20 a 24 anos;6794;Total;9613
Indicador  3.3.4;1020;18;12;Acre;9613;2019;1144;20 a 24 anos;92956;Homem;9613
Indicador  3.3.4;1020;17;12;Acre;9613;2019;1144;20 a 24 anos;92957;Mulher;9613
Indicador  3.3.4;1020;46;12;Acre;9613;2019;1145;25 a 29 anos;6794;Total;9613
Indicador  3.3.4;1020;26;12;Acre;9613;2019;1145;25 a 29 anos;92956;Homem;9613
Indicador  3.3.4;1020;20;12;Acre;9613;2019;1145;25 a 29 anos;92957;Mulher;9613
Indicador  3.3.4;1020;40;12;Acre;9613;2019;1146;30 a 34 anos;6794;Total;9613
Indicador  3.3.4;1020;25;12;Acre;9613;2019;1146;30 a 34 anos;92956;Homem;9613
Indicador  3.3.4;1020;15;12;Acre;9613;2019;1146;30 a 34 anos;92957;Mulher;9613
Indicador  3.3.4;1020;40;12;Acre;9613;2019;1147;35 a 39 anos;6794;Total;9613
Indicador  3.3.4;1020;26;12;Acre;9613;2019;1147;35 a 39 anos;92956;Homem;9613
Indicador  3.3.4;1020;14;12;Acre;9613;2019;1147;35 a 39 anos;92957;Mulher;9613
Indicador  3.3.4;1020;27;12;Acre;9613;2019;1148;40 a 44 anos;6794;Total;9613
Indicador  3.3.4;1020;16;12;Acre;9613;2019;1148;40 a 44 anos;92956;Homem;9613
Indicador  3.3.4;1020;11;12;Acre;9613;2019;1148;40 a 44 anos;92957;Mulher;9613
Indicador  3.3.4;1020;20;12;Acre;9613;2019;1149;45 a 49 anos;6794;Total;9613
Indicador  3.3.4;1020;14;12;Acre;9613;2019;1149;45 a 49 anos;92956;Homem;9613
Indicador  3.3.4;1020;6;12;Acre;9613;2019;1149;45 a 49 anos;92957;Mulher;9613
Indicador  3.3.4;1020;27;12;Acre;9613;2019;1150;50 a 54 anos;6794;Total;9613
Indicador  3.3.4;1020;24;12;Acre;9613;2019;1150;50 a 54 anos;92956;Homem;9613
Indicador  3.3.4;1020;3;12;Acre;9613;2019;1150;50 a 54 anos;92957;Mulher;9613
Indicador  3.3.4;1020;27;12;Acre;9613;2019;1151;55 a 59 anos;6794;Total;9613
Indicador  3.3.4;1020;16;12;Acre;9613;2019;1151;55 a 59 anos;92956;Homem;9613
Indicador  3.3.4;1020;11;12;Acre;9613;2019;1151;55 a 59 anos;92957;Mulher;9613
Indicador  3.3.4;1020;28;12;Acre;9613;2019;3302;60 anos ou mais;6794;Total;9613
Indicador  3.3.4;1020;22;12;Acre;9613;2019;3302;60 anos ou mais;92956;Homem;9613
Indicador  3.3.4;1020;6;12;Acre;9613;2019;3302;60 anos ou mais;92957;Mulher;9613
Indicador  3.3.4;1020;93;12;Acre;9613;2020;95253;Total;6794;Total;9613
Indicador  3.3.4;1020;51;12;Acre;9613;2020;95253;Total;92956;Homem;9613
Indicador  3.3.4;1020;42;12;Acre;9613;2020;95253;Total;92957;Mulher;9613
Indicador  3.3.4;1020;0;12;Acre;9613;2020;1140;0 a 4 anos;6794;Total;9613
Indicador  3.3.4;1020;0;12;Acre;9613;2020;1140;0 a 4 anos;92956;Homem;9613
Indicador  3.3.4;1020;0;12;Acre;9613;2020;1140;0 a 4 anos;92957;Mulher;9613
Indicador  3.3.4;1020;0;12;Acre;9613;2020;1141;5 a 9 anos;6794;Total;9613
Indicador  3.3.4;1020;0;12;Acre;9613;2020;1141;5 a 9 anos;92956;Homem;9613
Indicador  3.3.4;1020;0;12;Acre;9613;2020;1141;5 a 9 anos;92957;Mulher;9613
Indicador  3.3.4;1020;0;12;Acre;9613;2020;1142;10 a 14 anos;6794;Total;9613
Indicador  3.3.4;1020;0;12;Acre;9613;2020;1142;10 a 14 anos;92956;Homem;9613
Indicador  3.3.4;1020;0;12;Acre;9613;2020;1142;10 a 14 anos;92957;Mulher;9613
Indicador  3.3.4;1020;7;12;Acre;9613;2020;1143;15 a 19 anos;6794;Total;9613
Indicador  3.3.4;1020;1;12;Acre;9613;2020;1143;15 a 19 anos;92956;Homem;9613
Indicador  3.3.4;1020;6;12;Acre;9613;2020;1143;15 a 19 anos;92957;Mulher;9613
Indicador  3.3.4;1020;4;12;Acre;9613;2020;1144;20 a 24 anos;6794;Total;9613
Indicador  3.3.4;1020;4;12;Acre;9613;2020;1144;20 a 24 anos;92956;Homem;9613
Indicador  3.3.4;1020;0;12;Acre;9613;2020;1144;20 a 24 anos;92957;Mulher;9613
Indicador  3.3.4;1020;23;12;Acre;9613;2020;1145;25 a 29 anos;6794;Total;9613
Indicador  3.3.4;1020;13;12;Acre;9613;2020;1145;25 a 29 anos;92956;Homem;9613
Indicador  3.3.4;1020;10;12;Acre;9613;2020;1145;25 a 29 anos;92957;Mulher;9613
Indicador  3.3.4;1020;14;12;Acre;9613;2020;1146;30 a 34 anos;6794;Total;9613
Indicador  3.3.4;1020;8;12;Acre;9613;2020;1146;30 a 34 anos;92956;Homem;9613
Indicador  3.3.4;1020;6;12;Acre;9613;2020;1146;30 a 34 anos;92957;Mulher;9613
Indicador  3.3.4;1020;12;12;Acre;9613;2020;1147;35 a 39 anos;6794;Total;9613
Indicador  3.3.4;1020;7;12;Acre;9613;2020;1147;35 a 39 anos;92956;Homem;9613
Indicador  3.3.4;1020;5;12;Acre;9613;2020;1147;35 a 39 anos;92957;Mulher;9613
Indicador  3.3.4;1020;6;12;Acre;9613;2020;1148;40 a 44 anos;6794;Total;9613
Indicador  3.3.4;1020;5;12;Acre;9613;2020;1148;40 a 44 anos;92956;Homem;9613
Indicador  3.3.4;1020;1;12;Acre;9613;2020;1148;40 a 44 anos;92957;Mulher;9613
Indicador  3.3.4;1020;8;12;Acre;9613;2020;1149;45 a 49 anos;6794;Total;9613
Indicador  3.3.4;1020;5;12;Acre;9613;2020;1149;45 a 49 anos;92956;Homem;9613
Indicador  3.3.4;1020;3;12;Acre;9613;2020;1149;45 a 49 anos;92957;Mulher;9613
Indicador  3.3.4;1020;8;12;Acre;9613;2020;1150;50 a 54 anos;6794;Total;9613
Indicador  3.3.4;1020;5;12;Acre;9613;2020;1150;50 a 54 anos;92956;Homem;9613
Indicador  3.3.4;1020;3;12;Acre;9613;2020;1150;50 a 54 anos;92957;Mulher;9613
Indicador  3.3.4;1020;2;12;Acre;9613;2020;1151;55 a 59 anos;6794;Total;9613
Indicador  3.3.4;1020;1;12;Acre;9613;2020;1151;55 a 59 anos;92956;Homem;9613
Indicador  3.3.4;1020;1;12;Acre;9613;2020;1151;55 a 59 anos;92957;Mulher;9613
Indicador  3.3.4;1020;9;12;Acre;9613;2020;3302;60 anos ou mais;6794;Total;9613
Indicador  3.3.4;1020;2;12;Acre;9613;2020;3302;60 anos ou mais;92956;Homem;9613
Indicador  3.3.4;1020;7;12;Acre;9613;2020;3302;60 anos ou mais;92957;Mulher;9613
Indicador  3.3.4;1020;212;12;Acre;9613;2021;95253;Total;6794;Total;9613
Indicador  3.3.4;1020;115;12;Acre;9613;2021;95253;Total;92956;Homem;9613
Indicador  3.3.4;1020;97;12;Acre;9613;2021;95253;Total;92957;Mulher;9613
Indicador  3.3.4;1020;1;12;Acre;9613;2021;1140;0 a 4 anos;6794;Total;9613
Indicador  3.3.4;1020;0;12;Acre;9613;2021;1140;0 a 4 anos;92956;Homem;9613
Indicador  3.3.4;1020;1;12;Acre;9613;2021;1140;0 a 4 anos;92957;Mulher;9613
Indicador  3.3.4;1020;1;12;Acre;9613;2021;1141;5 a 9 anos;6794;Total;9613
Indicador  3.3.4;1020;1;12;Acre;9613;2021;1141;5 a 9 anos;92956;Homem;9613
Indicador  3.3.4;1020;0;12;Acre;9613;2021;1141;5 a 9 anos;92957;Mulher;9613
Indicador  3.3.4;1020;3;12;Acre;9613;2021;1142;10 a 14 anos;6794;Total;9613
Indicador  3.3.4;1020;1;12;Acre;9613;2021;1142;10 a 14 anos;92956;Homem;9613
Indicador  3.3.4;1020;2;12;Acre;9613;2021;1142;10 a 14 anos;92957;Mulher;9613
Indicador  3.3.4;1020;5;12;Acre;9613;2021;1143;15 a 19 anos;6794;Total;9613
Indicador  3.3.4;1020;1;12;Acre;9613;2021;1143;15 a 19 anos;92956;Homem;9613
Indicador  3.3.4;1020;4;12;Acre;9613;2021;1143;15 a 19 anos;92957;Mulher;9613
Indicador  3.3.4;1020;30;12;Acre;9613;2021;1144;20 a 24 anos;6794;Total;9613
Indicador  3.3.4;1020;11;12;Acre;9613;2021;1144;20 a 24 anos;92956;Homem;9613
Indicador  3.3.4;1020;19;12;Acre;9613;2021;1144;20 a 24 anos;92957;Mulher;9613
Indicador  3.3.4;1020;32;12;Acre;9613;2021;1145;25 a 29 anos;6794;Total;9613
Indicador  3.3.4;1020;16;12;Acre;9613;2021;1145;25 a 29 anos;92956;Homem;9613
Indicador  3.3.4;1020;16;12;Acre;9613;2021;1145;25 a 29 anos;92957;Mulher;9613
Indicador  3.3.4;1020;25;12;Acre;9613;2021;1146;30 a 34 anos;6794;Total;9613
Indicador  3.3.4;1020;16;12;Acre;9613;2021;1146;30 a 34 anos;92956;Homem;9613
Indicador  3.3.4;1020;9;12;Acre;9613;2021;1146;30 a 34 anos;92957;Mulher;9613
Indicador  3.3.4;1020;34;12;Acre;9613;2021;1147;35 a 39 anos;6794;Total;9613
Indicador  3.3.4;1020;20;12;Acre;9613;2021;1147;35 a 39 anos;92956;Homem;9613
Indicador  3.3.4;1020;14;12;Acre;9613;2021;1147;35 a 39 anos;92957;Mulher;9613
Indicador  3.3.4;1020;26;12;Acre;9613;2021;1148;40 a 44 anos;6794;Total;9613
Indicador  3.3.4;1020;12;12;Acre;9613;2021;1148;40 a 44 anos;92956;Homem;9613
Indicador  3.3.4;1020;14;12;Acre;9613;2021;1148;40 a 44 anos;92957;Mulher;9613
Indicador  3.3.4;1020;12;12;Acre;9613;2021;1149;45 a 49 anos;6794;Total;9613
Indicador  3.3.4;1020;7;12;Acre;9613;2021;1149;45 a 49 anos;92956;Homem;9613
Indicador  3.3.4;1020;5;12;Acre;9613;2021;1149;45 a 49 anos;92957;Mulher;9613
Indicador  3.3.4;1020;17;12;Acre;9613;2021;1150;50 a 54 anos;6794;Total;9613
Indicador  3.3.4;1020;11;12;Acre;9613;2021;1150;50 a 54 anos;92956;Homem;9613
Indicador  3.3.4;1020;6;12;Acre;9613;2021;1150;50 a 54 anos;92957;Mulher;9613
Indicador  3.3.4;1020;7;12;Acre;9613;2021;1151;55 a 59 anos;6794;Total;9613
Indicador  3.3.4;1020;6;12;Acre;9613;2021;1151;55 a 59 anos;92956;Homem;9613
Indicador  3.3.4;1020;1;12;Acre;9613;2021;1151;55 a 59 anos;92957;Mulher;9613
Indicador  3.3.4;1020;19;12;Acre;9613;2021;3302;60 anos ou mais;6794;Total;9613
Indicador  3.3.4;1020;13;12;Acre;9613;2021;3302;60 anos ou mais;92956;Homem;9613
Indicador  3.3.4;1020;6;12;Acre;9613;2021;3302;60 anos ou mais;92957;Mulher;9613
Indicador  3.3.4;1020;268;12;Acre;9613;2022;95253;Total;6794;Total;9613
Indicador  3.3.4;1020;157;12;Acre;9613;2022;95253;Total;92956;Homem;9613
Indicador  3.3.4;1020;111;12;Acre;9613;2022;95253;Total;92957;Mulher;9613
Indicador  3.3.4;1020;3;12;Acre;9613;2022;1140;0 a 4 anos;6794;Total;9613
Indicador  3.3.4;1020;2;12;Acre;9613;2022;1140;0 a 4 anos;92956;Homem;9613
Indicador  3.3.4;1020;1;12;Acre;9613;2022;1140;0 a 4 anos;92957;Mulher;9613
Indicador  3.3.4;1020;0;12;Acre;9613;2022;1141;5 a 9 anos;6794;Total;9613
Indicador  3.3.4;1020;0;12;Acre;9613;2022;1141;5 a 9 anos;92956;Homem;9613
Indicador  3.3.4;1020;0;12;Acre;9613;2022;1141;5 a 9 anos;92957;Mulher;9613
Indicador  3.3.4;1020;3;12;Acre;9613;2022;1142;10 a 14 anos;6794;Total;9613
Indicador  3.3.4;1020;1;12;Acre;9613;2022;1142;10 a 14 anos;92956;Homem;9613
Indicador  3.3.4;1020;2;12;Acre;9613;2022;1142;10 a 14 anos;92957;Mulher;9613
Indicador  3.3.4;1020;11;12;Acre;9613;2022;1143;15 a 19 anos;6794;Total;9613
Indicador  3.3.4;1020;2;12;Acre;9613;2022;1143;15 a 19 anos;92956;Homem;9613
Indicador  3.3.4;1020;9;12;Acre;9613;2022;1143;15 a 19 anos;92957;Mulher;9613
Indicador  3.3.4;1020;15;12;Acre;9613;2022;1144;20 a 24 anos;6794;Total;9613
Indicador  3.3.4;1020;6;12;Acre;9613;2022;1144;20 a 24 anos;92956;Homem;9613
Indicador  3.3.4;1020;9;12;Acre;9613;2022;1144;20 a 24 anos;92957;Mulher;9613
Indicador  3.3.4;1020;44;12;Acre;9613;2022;1145;25 a 29 anos;6794;Total;9613
Indicador  3.3.4;1020;29;12;Acre;9613;2022;1145;25 a 29 anos;92956;Homem;9613
Indicador  3.3.4;1020;15;12;Acre;9613;2022;1145;25 a 29 anos;92957;Mulher;9613
Indicador  3.3.4;1020;33;12;Acre;9613;2022;1146;30 a 34 anos;6794;Total;9613
Indicador  3.3.4;1020;16;12;Acre;9613;2022;1146;30 a 34 anos;92956;Homem;9613
Indicador  3.3.4;1020;17;12;Acre;9613;2022;1146;30 a 34 anos;92957;Mulher;9613
Indicador  3.3.4;1020;32;12;Acre;9613;2022;1147;35 a 39 anos;6794;Total;9613
Indicador  3.3.4;1020;19;12;Acre;9613;2022;1147;35 a 39 anos;92956;Homem;9613
Indicador  3.3.4;1020;13;12;Acre;9613;2022;1147;35 a 39 anos;92957;Mulher;9613
Indicador  3.3.4;1020;27;12;Acre;9613;2022;1148;40 a 44 anos;6794;Total;9613
Indicador  3.3.4;1020;19;12;Acre;9613;2022;1148;40 a 44 anos;92956;Homem;9613
Indicador  3.3.4;1020;8;12;Acre;9613;2022;1148;40 a 44 anos;92957;Mulher;9613
Indicador  3.3.4;1020;26;12;Acre;9613;2022;1149;45 a 49 anos;6794;Total;9613
Indicador  3.3.4;1020;18;12;Acre;9613;2022;1149;45 a 49 anos;92956;Homem;9613
Indicador  3.3.4;1020;8;12;Acre;9613;2022;1149;45 a 49 anos;92957;Mulher;9613
Indicador  3.3.4;1020;18;12;Acre;9613;2022;1150;50 a 54 anos;6794;Total;9613
Indicador  3.3.4;1020;11;12;Acre;9613;2022;1150;50 a 54 anos;92956;Homem;9613
Indicador  3.3.4;1020;7;12;Acre;9613;2022;1150;50 a 54 anos;92957;Mulher;9613
Indicador  3.3.4;1020;24;12;Acre;9613;2022;1151;55 a 59 anos;6794;Total;9613
Indicador  3.3.4;1020;14;12;Acre;9613;2022;1151;55 a 59 anos;92956;Homem;9613
Indicador  3.3.4;1020;10;12;Acre;9613;2022;1151;55 a 59 anos;92957;Mulher;9613
Indicador  3.3.4;1020;32;12;Acre;9613;2022;3302;60 anos ou mais;6794;Total;9613
Indicador  3.3.4;1020;20;12;Acre;9613;2022;3302;60 anos ou mais;92956;Homem;9613
Indicador  3.3.4;1020;12;12;Acre;9613;2022;3302;60 anos ou mais;92957;Mulher;9613
Indicador  3.3.4;1020;704;13;Amazonas;9613;2018;95253;Total;6794;Total;9613
Indicador  3.3.4;1020;370;13;Amazonas;9613;2018;95253;Total;92956;Homem;9613
Indicador  3.3.4;1020;334;13;Amazonas;9613;2018;95253;Total;92957;Mulher;9613
Indicador  3.3.4;1020;4;13;Amazonas;9613;2018;1140;0 a 4 anos;6794;Total;9613
Indicador  3.3.4;1020;3;13;Amazonas;9613;2018;1140;0 a 4 anos;92956;Homem;9613
Indicador  3.3.4;1020;1;13;Amazonas;9613;2018;1140;0 a 4 anos;92957;Mulher;9613
Indicador  3.3.4;1020;3;13;Amazonas;9613;2018;1141;5 a 9 anos;6794;Total;9613
Indicador  3.3.4;1020;2;13;Amazonas;9613;2018;1141;5 a 9 anos;92956;Homem;9613
Indicador  3.3.4;1020;1;13;Amazonas;9613;2018;1141;5 a 9 anos;92957;Mulher;9613
Indicador  3.3.4;1020;1;13;Amazonas;9613;2018;1142;10 a 14 anos;6794;Total;9613
Indicador  3.3.4;1020;0;13;Amazonas;9613;2018;1142;10 a 14 anos;92956;Homem;9613
Indicador  3.3.4;1020;1;13;Amazonas;9613;2018;1142;10 a 14 anos;92957;Mulher;9613
Indicador  3.3.4;1020;22;13;Amazonas;9613;2018;1143;15 a 19 anos;6794;Total;9613
Indicador  3.3.4;1020;6;13;Amazonas;9613;2018;1143;15 a 19 anos;92956;Homem;9613
Indicador  3.3.4;1020;16;13;Amazonas;9613;2018;1143;15 a 19 anos;92957;Mulher;9613
Indicador  3.3.4;1020;43;13;Amazonas;9613;2018;1144;20 a 24 anos;6794;Total;9613
Indicador  3.3.4;1020;20;13;Amazonas;9613;2018;1144;20 a 24 anos;92956;Homem;9613
Indicador  3.3.4;1020;23;13;Amazonas;9613;2018;1144;20 a 24 anos;92957;Mulher;9613
Indicador  3.3.4;1020;66;13;Amazonas;9613;2018;1145;25 a 29 anos;6794;Total;9613
Indicador  3.3.4;1020;34;13;Amazonas;9613;2018;1145;25 a 29 anos;92956;Homem;9613
Indicador  3.3.4;1020;32;13;Amazonas;9613;2018;1145;25 a 29 anos;92957;Mulher;9613
Indicador  3.3.4;1020;109;13;Amazonas;9613;2018;1146;30 a 34 anos;6794;Total;9613
Indicador  3.3.4;1020;57;13;Amazonas;9613;2018;1146;30 a 34 anos;92956;Homem;9613
Indicador  3.3.4;1020;52;13;Amazonas;9613;2018;1146;30 a 34 anos;92957;Mulher;9613
Indicador  3.3.4;1020;97;13;Amazonas;9613;2018;1147;35 a 39 anos;6794;Total;9613
Indicador  3.3.4;1020;49;13;Amazonas;9613;2018;1147;35 a 39 anos;92956;Homem;9613
Indicador  3.3.4;1020;48;13;Amazonas;9613;2018;1147;35 a 39 anos;92957;Mulher;9613
Indicador  3.3.4;1020;73;13;Amazonas;9613;2018;1148;40 a 44 anos;6794;Total;9613
Indicador  3.3.4;1020;42;13;Amazonas;9613;2018;1148;40 a 44 anos;92956;Homem;9613
Indicador  3.3.4;1020;31;13;Amazonas;9613;2018;1148;40 a 44 anos;92957;Mulher;9613
Indicador  3.3.4;1020;78;13;Amazonas;9613;2018;1149;45 a 49 anos;6794;Total;9613
Indicador  3.3.4;1020;45;13;Amazonas;9613;2018;1149;45 a 49 anos;92956;Homem;9613
Indicador  3.3.4;1020;33;13;Amazonas;9613;2018;1149;45 a 49 anos;92957;Mulher;9613
Indicador  3.3.4;1020;79;13;Amazonas;9613;2018;1150;50 a 54 anos;6794;Total;9613
Indicador  3.3.4;1020;47;13;Amazonas;9613;2018;1150;50 a 54 anos;92956;Homem;9613
Indicador  3.3.4;1020;32;13;Amazonas;9613;2018;1150;50 a 54 anos;92957;Mulher;9613
Indicador  3.3.4;1020;64;13;Amazonas;9613;2018;1151;55 a 59 anos;6794;Total;9613
Indicador  3.3.4;1020;33;13;Amazonas;9613;2018;1151;55 a 59 anos;92956;Homem;9613
Indicador  3.3.4;1020;31;13;Amazonas;9613;2018;1151;55 a 59 anos;92957;Mulher;9613
Indicador  3.3.4;1020;65;13;Amazonas;9613;2018;3302;60 anos ou mais;6794;Total;9613
Indicador  3.3.4;1020;32;13;Amazonas;9613;2018;3302;60 anos ou mais;92956;Homem;9613
Indicador  3.3.4;1020;33;13;Amazonas;9613;2018;3302;60 anos ou mais;92957;Mulher;9613
Indicador  3.3.4;1020;921;13;Amazonas;9613;2019;95253;Total;6794;Total;9613
Indicador  3.3.4;1020;512;13;Amazonas;9613;2019;95253;Total;92956;Homem;9613
Indicador  3.3.4;1020;409;13;Amazonas;9613;2019;95253;Total;92957;Mulher;9613
Indicador  3.3.4;1020;3;13;Amazonas;9613;2019;1140;0 a 4 anos;6794;Total;9613
Indicador  3.3.4;1020;2;13;Amazonas;9613;2019;1140;0 a 4 anos;92956;Homem;9613
Indicador  3.3.4;1020;1;13;Amazonas;9613;2019;1140;0 a 4 anos;92957;Mulher;9613
Indicador  3.3.4;1020;0;13;Amazonas;9613;2019;1141;5 a 9 anos;6794;Total;9613
Indicador  3.3.4;1020;0;13;Amazonas;9613;2019;1141;5 a 9 anos;92956;Homem;9613
Indicador  3.3.4;1020;0;13;Amazonas;9613;2019;1141;5 a 9 anos;92957;Mulher;9613
Indicador  3.3.4;1020;8;13;Amazonas;9613;2019;1142;10 a 14 anos;6794;Total;9613
Indicador  3.3.4;1020;4;13;Amazonas;9613;2019;1142;10 a 14 anos;92956;Homem;9613
Indicador  3.3.4;1020;4;13;Amazonas;9613;2019;1142;10 a 14 anos;92957;Mulher;9613
Indicador  3.3.4;1020;17;13;Amazonas;9613;2019;1143;15 a 19 anos;6794;Total;9613
Indicador  3.3.4;1020;7;13;Amazonas;9613;2019;1143;15 a 19 anos;92956;Homem;9613
Indicador  3.3.4;1020;10;13;Amazonas;9613;2019;1143;15 a 19 anos;92957;Mulher;9613
Indicador  3.3.4;1020;53;13;Amazonas;9613;2019;1144;20 a 24 anos;6794;Total;9613
Indicador  3.3.4;1020;22;13;Amazonas;9613;2019;1144;20 a 24 anos;92956;Homem;9613
Indicador  3.3.4;1020;31;13;Amazonas;9613;2019;1144;20 a 24 anos;92957;Mulher;9613
Indicador  3.3.4;1020;75;13;Amazonas;9613;2019;1145;25 a 29 anos;6794;Total;9613
Indicador  3.3.4;1020;40;13;Amazonas;9613;2019;1145;25 a 29 anos;92956;Homem;9613
Indicador  3.3.4;1020;35;13;Amazonas;9613;2019;1145;25 a 29 anos;92957;Mulher;9613
Indicador  3.3.4;1020;137;13;Amazonas;9613;2019;1146;30 a 34 anos;6794;Total;9613
Indicador  3.3.4;1020;81;13;Amazonas;9613;2019;1146;30 a 34 anos;92956;Homem;9613
Indicador  3.3.4;1020;56;13;Amazonas;9613;2019;1146;30 a 34 anos;92957;Mulher;9613
Indicador  3.3.4;1020;121;13;Amazonas;9613;2019;1147;35 a 39 anos;6794;Total;9613
Indicador  3.3.4;1020;70;13;Amazonas;9613;2019;1147;35 a 39 anos;92956;Homem;9613
Indicador  3.3.4;1020;51;13;Amazonas;9613;2019;1147;35 a 39 anos;92957;Mulher;9613
Indicador  3.3.4;1020;110;13;Amazonas;9613;2019;1148;40 a 44 anos;6794;Total;9613
Indicador  3.3.4;1020;64;13;Amazonas;9613;2019;1148;40 a 44 anos;92956;Homem;9613
Indicador  3.3.4;1020;46;13;Amazonas;9613;2019;1148;40 a 44 anos;92957;Mulher;9613
Indicador  3.3.4;1020;100;13;Amazonas;9613;2019;1149;45 a 49 anos;6794;Total;9613
Indicador  3.3.4;1020;57;13;Amazonas;9613;2019;1149;45 a 49 anos;92956;Homem;9613
Indicador  3.3.4;1020;43;13;Amazonas;9613;2019;1149;45 a 49 anos;92957;Mulher;9613
Indicador  3.3.4;1020;105;13;Amazonas;9613;2019;1150;50 a 54 anos;6794;Total;9613
Indicador  3.3.4;1020;52;13;Amazonas;9613;2019;1150;50 a 54 anos;92956;Homem;9613
Indicador  3.3.4;1020;53;13;Amazonas;9613;2019;1150;50 a 54 anos;92957;Mulher;9613
Indicador  3.3.4;1020;74;13;Amazonas;9613;2019;1151;55 a 59 anos;6794;Total;9613
Indicador  3.3.4;1020;45;13;Amazonas;9613;2019;1151;55 a 59 anos;92956;Homem;9613
Indicador  3.3.4;1020;29;13;Amazonas;9613;2019;1151;55 a 59 anos;92957;Mulher;9613
Indicador  3.3.4;1020;118;13;Amazonas;9613;2019;3302;60 anos ou mais;6794;Total;9613
Indicador  3.3.4;1020;68;13;Amazonas;9613;2019;3302;60 anos ou mais;92956;Homem;9613
Indicador  3.3.4;1020;50;13;Amazonas;9613;2019;3302;60 anos ou mais;92957;Mulher;9613
Indicador  3.3.4;1020;458;13;Amazonas;9613;2020;95253;Total;6794;Total;9613
Indicador  3.3.4;1020;251;13;Amazonas;9613;2020;95253;Total;92956;Homem;9613
Indicador  3.3.4;1020;207;13;Amazonas;9613;2020;95253;Total;92957;Mulher;9613
Indicador  3.3.4;1020;3;13;Amazonas;9613;2020;1140;0 a 4 anos;6794;Total;9613
Indicador  3.3.4;1020;2;13;Amazonas;9613;2020;1140;0 a 4 anos;92956;Homem;9613
Indicador  3.3.4;1020;1;13;Amazonas;9613;2020;1140;0 a 4 anos;92957;Mulher;9613
Indicador  3.3.4;1020;2;13;Amazonas;9613;2020;1141;5 a 9 anos;6794;Total;9613
Indicador  3.3.4;1020;1;13;Amazonas;9613;2020;1141;5 a 9 anos;92956;Homem;9613
Indicador  3.3.4;1020;1;13;Amazonas;9613;2020;1141;5 a 9 anos;92957;Mulher;9613
Indicador  3.3.4;1020;0;13;Amazonas;9613;2020;1142;10 a 14 anos;6794;Total;9613
Indicador  3.3.4;1020;0;13;Amazonas;9613;2020;1142;10 a 14 anos;92956;Homem;9613
Indicador  3.3.4;1020;0;13;Amazonas;9613;2020;1142;10 a 14 anos;92957;Mulher;9613
Indicador  3.3.4;1020;8;13;Amazonas;9613;2020;1143;15 a 19 anos;6794;Total;9613
Indicador  3.3.4;1020;2;13;Amazonas;9613;2020;1143;15 a 19 anos;92956;Homem;9613
Indicador  3.3.4;1020;6;13;Amazonas;9613;2020;1143;15 a 19 anos;92957;Mulher;9613
Indicador  3.3.4;1020;27;13;Amazonas;9613;2020;1144;20 a 24 anos;6794;Total;9613
Indicador  3.3.4;1020;9;13;Amazonas;9613;2020;1144;20 a 24 anos;92956;Homem;9613
Indicador  3.3.4;1020;18;13;Amazonas;9613;2020;1144;20 a 24 anos;92957;Mulher;9613
Indicador  3.3.4;1020;27;13;Amazonas;9613;2020;1145;25 a 29 anos;6794;Total;9613
Indicador  3.3.4;1020;14;13;Amazonas;9613;2020;1145;25 a 29 anos;92956;Homem;9613
Indicador  3.3.4;1020;13;13;Amazonas;9613;2020;1145;25 a 29 anos;92957;Mulher;9613
Indicador  3.3.4;1020;68;13;Amazonas;9613;2020;1146;30 a 34 anos;6794;Total;9613
Indicador  3.3.4;1020;36;13;Amazonas;9613;2020;1146;30 a 34 anos;92956;Homem;9613
Indicador  3.3.4;1020;32;13;Amazonas;9613;2020;1146;30 a 34 anos;92957;Mulher;9613
Indicador  3.3.4;1020;82;13;Amazonas;9613;2020;1147;35 a 39 anos;6794;Total;9613
Indicador  3.3.4;1020;46;13;Amazonas;9613;2020;1147;35 a 39 anos;92956;Homem;9613
Indicador  3.3.4;1020;36;13;Amazonas;9613;2020;1147;35 a 39 anos;92957;Mulher;9613
Indicador  3.3.4;1020;56;13;Amazonas;9613;2020;1148;40 a 44 anos;6794;Total;9613
Indicador  3.3.4;1020;37;13;Amazonas;9613;2020;1148;40 a 44 anos;92956;Homem;9613
Indicador  3.3.4;1020;19;13;Amazonas;9613;2020;1148;40 a 44 anos;92957;Mulher;9613
Indicador  3.3.4;1020;47;13;Amazonas;9613;2020;1149;45 a 49 anos;6794;Total;9613
Indicador  3.3.4;1020;26;13;Amazonas;9613;2020;1149;45 a 49 anos;92956;Homem;9613
Indicador  3.3.4;1020;21;13;Amazonas;9613;2020;1149;45 a 49 anos;92957;Mulher;9613
Indicador  3.3.4;1020;46;13;Amazonas;9613;2020;1150;50 a 54 anos;6794;Total;9613
Indicador  3.3.4;1020;24;13;Amazonas;9613;2020;1150;50 a 54 anos;92956;Homem;9613
Indicador  3.3.4;1020;22;13;Amazonas;9613;2020;1150;50 a 54 anos;92957;Mulher;9613
Indicador  3.3.4;1020;38;13;Amazonas;9613;2020;1151;55 a 59 anos;6794;Total;9613
Indicador  3.3.4;1020;19;13;Amazonas;9613;2020;1151;55 a 59 anos;92956;Homem;9613
Indicador  3.3.4;1020;19;13;Amazonas;9613;2020;1151;55 a 59 anos;92957;Mulher;9613
Indicador  3.3.4;1020;54;13;Amazonas;9613;2020;3302;60 anos ou mais;6794;Total;9613
Indicador  3.3.4;1020;35;13;Amazonas;9613;2020;3302;60 anos ou mais;92956;Homem;9613
Indicador  3.3.4;1020;19;13;Amazonas;9613;2020;3302;60 anos ou mais;92957;Mulher;9613
Indicador  3.3.4;1020;392;13;Amazonas;9613;2021;95253;Total;6794;Total;9613
Indicador  3.3.4;1020;214;13;Amazonas;9613;2021;95253;Total;92956;Homem;9613
Indicador  3.3.4;1020;178;13;Amazonas;9613;2021;95253;Total;92957;Mulher;9613
Indicador  3.3.4;1020;4;13;Amazonas;9613;2021;1140;0 a 4 anos;6794;Total;9613
Indicador  3.3.4;1020;2;13;Amazonas;9613;2021;1140;0 a 4 anos;92956;Homem;9613
Indicador  3.3.4;1020;2;13;Amazonas;9613;2021;1140;0 a 4 anos;92957;Mulher;9613
Indicador  3.3.4;1020;0;13;Amazonas;9613;2021;1141;5 a 9 anos;6794;Total;9613
Indicador  3.3.4;1020;0;13;Amazonas;9613;2021;1141;5 a 9 anos;92956;Homem;9613
Indicador  3.3.4;1020;0;13;Amazonas;9613;2021;1141;5 a 9 anos;92957;Mulher;9613
Indicador  3.3.4;1020;2;13;Amazonas;9613;2021;1142;10 a 14 anos;6794;Total;9613
Indicador  3.3.4;1020;0;13;Amazonas;9613;2021;1142;10 a 14 anos;92956;Homem;9613
Indicador  3.3.4;1020;2;13;Amazonas;9613;2021;1142;10 a 14 anos;92957;Mulher;9613
Indicador  3.3.4;1020;7;13;Amazonas;9613;2021;1143;15 a 19 anos;6794;Total;9613
Indicador  3.3.4;1020;2;13;Amazonas;9613;2021;1143;15 a 19 anos;92956;Homem;9613
Indicador  3.3.4;1020;5;13;Amazonas;9613;2021;1143;15 a 19 anos;92957;Mulher;9613
Indicador  3.3.4;1020;13;13;Amazonas;9613;2021;1144;20 a 24 anos;6794;Total;9613
Indicador  3.3.4;1020;5;13;Amazonas;9613;2021;1144;20 a 24 anos;92956;Homem;9613
Indicador  3.3.4;1020;8;13;Amazonas;9613;2021;1144;20 a 24 anos;92957;Mulher;9613
Indicador  3.3.4;1020;28;13;Amazonas;9613;2021;1145;25 a 29 anos;6794;Total;9613
Indicador  3.3.4;1020;15;13;Amazonas;9613;2021;1145;25 a 29 anos;92956;Homem;9613
Indicador  3.3.4;1020;13;13;Amazonas;9613;2021;1145;25 a 29 anos;92957;Mulher;9613
Indicador  3.3.4;1020;52;13;Amazonas;9613;2021;1146;30 a 34 anos;6794;Total;9613
Indicador  3.3.4;1020;36;13;Amazonas;9613;2021;1146;30 a 34 anos;92956;Homem;9613
Indicador  3.3.4;1020;16;13;Amazonas;9613;2021;1146;30 a 34 anos;92957;Mulher;9613
Indicador  3.3.4;1020;52;13;Amazonas;9613;2021;1147;35 a 39 anos;6794;Total;9613
Indicador  3.3.4;1020;30;13;Amazonas;9613;2021;1147;35 a 39 anos;92956;Homem;9613
Indicador  3.3.4;1020;22;13;Amazonas;9613;2021;1147;35 a 39 anos;92957;Mulher;9613
Indicador  3.3.4;1020;45;13;Amazonas;9613;2021;1148;40 a 44 anos;6794;Total;9613
Indicador  3.3.4;1020;22;13;Amazonas;9613;2021;1148;40 a 44 anos;92956;Homem;9613
Indicador  3.3.4;1020;23;13;Amazonas;9613;2021;1148;40 a 44 anos;92957;Mulher;9613
Indicador  3.3.4;1020;44;13;Amazonas;9613;2021;1149;45 a 49 anos;6794;Total;9613
Indicador  3.3.4;1020;25;13;Amazonas;9613;2021;1149;45 a 49 anos;92956;Homem;9613
Indicador  3.3.4;1020;19;13;Amazonas;9613;2021;1149;45 a 49 anos;92957;Mulher;9613
Indicador  3.3.4;1020;41;13;Amazonas;9613;2021;1150;50 a 54 anos;6794;Total;9613
Indicador  3.3.4;1020;23;13;Amazonas;9613;2021;1150;50 a 54 anos;92956;Homem;9613
Indicador  3.3.4;1020;18;13;Amazonas;9613;2021;1150;50 a 54 anos;92957;Mulher;9613
Indicador  3.3.4;1020;37;13;Amazonas;9613;2021;1151;55 a 59 anos;6794;Total;9613
Indicador  3.3.4;1020;16;13;Amazonas;9613;2021;1151;55 a 59 anos;92956;Homem;9613
Indicador  3.3.4;1020;21;13;Amazonas;9613;2021;1151;55 a 59 anos;92957;Mulher;9613
Indicador  3.3.4;1020;67;13;Amazonas;9613;2021;3302;60 anos ou mais;6794;Total;9613
Indicador  3.3.4;1020;38;13;Amazonas;9613;2021;3302;60 anos ou mais;92956;Homem;9613
Indicador  3.3.4;1020;29;13;Amazonas;9613;2021;3302;60 anos ou mais;92957;Mulher;9613
Indicador  3.3.4;1020;412;13;Amazonas;9613;2022;95253;Total;6794;Total;9613
Indicador  3.3.4;1020;236;13;Amazonas;9613;2022;95253;Total;92956;Homem;9613
Indicador  3.3.4;1020;176;13;Amazonas;9613;2022;95253;Total;92957;Mulher;9613
Indicador  3.3.4;1020;3;13;Amazonas;9613;2022;1140;0 a 4 anos;6794;Total;9613
Indicador  3.3.4;1020;2;13;Amazonas;9613;2022;1140;0 a 4 anos;92956;Homem;9613
Indicador  3.3.4;1020;1;13;Amazonas;9613;2022;1140;0 a 4 anos;92957;Mulher;9613
Indicador  3.3.4;1020;0;13;Amazonas;9613;2022;1141;5 a 9 anos;6794;Total;9613
Indicador  3.3.4;1020;0;13;Amazonas;9613;2022;1141;5 a 9 anos;92956;Homem;9613
Indicador  3.3.4;1020;0;13;Amazonas;9613;2022;1141;5 a 9 anos;92957;Mulher;9613
Indicador  3.3.4;1020;2;13;Amazonas;9613;2022;1142;10 a 14 anos;6794;Total;9613
Indicador  3.3.4;1020;1;13;Amazonas;9613;2022;1142;10 a 14 anos;92956;Homem;9613
Indicador  3.3.4;1020;1;13;Amazonas;9613;2022;1142;10 a 14 anos;92957;Mulher;9613
Indicador  3.3.4;1020;3;13;Amazonas;9613;2022;1143;15 a 19 anos;6794;Total;9613
Indicador  3.3.4;1020;0;13;Amazonas;9613;2022;1143;15 a 19 anos;92956;Homem;9613
Indicador  3.3.4;1020;3;13;Amazonas;9613;2022;1143;15 a 19 anos;92957;Mulher;9613
Indicador  3.3.4;1020;16;13;Amazonas;9613;2022;1144;20 a 24 anos;6794;Total;9613
Indicador  3.3.4;1020;9;13;Amazonas;9613;2022;1144;20 a 24 anos;92956;Homem;9613
Indicador  3.3.4;1020;7;13;Amazonas;9613;2022;1144;20 a 24 anos;92957;Mulher;9613
Indicador  3.3.4;1020;26;13;Amazonas;9613;2022;1145;25 a 29 anos;6794;Total;9613
Indicador  3.3.4;1020;9;13;Amazonas;9613;2022;1145;25 a 29 anos;92956;Homem;9613
Indicador  3.3.4;1020;17;13;Amazonas;9613;2022;1145;25 a 29 anos;92957;Mulher;9613
Indicador  3.3.4;1020;45;13;Amazonas;9613;2022;1146;30 a 34 anos;6794;Total;9613
Indicador  3.3.4;1020;20;13;Amazonas;9613;2022;1146;30 a 34 anos;92956;Homem;9613
Indicador  3.3.4;1020;25;13;Amazonas;9613;2022;1146;30 a 34 anos;92957;Mulher;9613
Indicador  3.3.4;1020;54;13;Amazonas;9613;2022;1147;35 a 39 anos;6794;Total;9613
Indicador  3.3.4;1020;32;13;Amazonas;9613;2022;1147;35 a 39 anos;92956;Homem;9613
Indicador  3.3.4;1020;22;13;Amazonas;9613;2022;1147;35 a 39 anos;92957;Mulher;9613
Indicador  3.3.4;1020;47;13;Amazonas;9613;2022;1148;40 a 44 anos;6794;Total;9613
Indicador  3.3.4;1020;30;13;Amazonas;9613;2022;1148;40 a 44 anos;92956;Homem;9613
Indicador  3.3.4;1020;17;13;Amazonas;9613;2022;1148;40 a 44 anos;92957;Mulher;9613
Indicador  3.3.4;1020;60;13;Amazonas;9613;2022;1149;45 a 49 anos;6794;Total;9613
Indicador  3.3.4;1020;33;13;Amazonas;9613;2022;1149;45 a 49 anos;92956;Homem;9613
Indicador  3.3.4;1020;27;13;Amazonas;9613;2022;1149;45 a 49 anos;92957;Mulher;9613
Indicador  3.3.4;1020;44;13;Amazonas;9613;2022;1150;50 a 54 anos;6794;Total;9613
Indicador  3.3.4;1020;31;13;Amazonas;9613;2022;1150;50 a 54 anos;92956;Homem;9613
Indicador  3.3.4;1020;13;13;Amazonas;9613;2022;1150;50 a 54 anos;92957;Mulher;9613
Indicador  3.3.4;1020;35;13;Amazonas;9613;2022;1151;55 a 59 anos;6794;Total;9613
Indicador  3.3.4;1020;18;13;Amazonas;9613;2022;1151;55 a 59 anos;92956;Homem;9613
Indicador  3.3.4;1020;17;13;Amazonas;9613;2022;1151;55 a 59 anos;92957;Mulher;9613
Indicador  3.3.4;1020;77;13;Amazonas;9613;2022;3302;60 anos ou mais;6794;Total;9613
Indicador  3.3.4;1020;51;13;Amazonas;9613;2022;3302;60 anos ou mais;92956;Homem;9613
Indicador  3.3.4;1020;26;13;Amazonas;9613;2022;3302;60 anos ou mais;92957;Mulher;9613
Indicador  3.3.4;1020;120;14;Roraima;9613;2018;95253;Total;6794;Total;9613
Indicador  3.3.4;1020;74;14;Roraima;9613;2018;95253;Total;92956;Homem;9613
Indicador  3.3.4;1020;46;14;Roraima;9613;2018;95253;Total;92957;Mulher;9613
Indicador  3.3.4;1020;1;14;Roraima;9613;2018;1140;0 a 4 anos;6794;Total;9613
Indicador  3.3.4;1020;1;14;Roraima;9613;2018;1140;0 a 4 anos;92956;Homem;9613
Indicador  3.3.4;1020;0;14;Roraima;9613;2018;1140;0 a 4 anos;92957;Mulher;9613
Indicador  3.3.4;1020;0;14;Roraima;9613;2018;1141;5 a 9 anos;6794;Total;9613
Indicador  3.3.4;1020;0;14;Roraima;9613;2018;1141;5 a 9 anos;92956;Homem;9613
Indicador  3.3.4;1020;0;14;Roraima;9613;2018;1141;5 a 9 anos;92957;Mulher;9613
Indicador  3.3.4;1020;0;14;Roraima;9613;2018;1142;10 a 14 anos;6794;Total;9613
Indicador  3.3.4;1020;0;14;Roraima;9613;2018;1142;10 a 14 anos;92956;Homem;9613
Indicador  3.3.4;1020;0;14;Roraima;9613;2018;1142;10 a 14 anos;92957;Mulher;9613
Indicador  3.3.4;1020;2;14;Roraima;9613;2018;1143;15 a 19 anos;6794;Total;9613
Indicador  3.3.4;1020;0;14;Roraima;9613;2018;1143;15 a 19 anos;92956;Homem;9613
Indicador  3.3.4;1020;2;14;Roraima;9613;2018;1143;15 a 19 anos;92957;Mulher;9613
Indicador  3.3.4;1020;8;14;Roraima;9613;2018;1144;20 a 24 anos;6794;Total;9613
Indicador  3.3.4;1020;3;14;Roraima;9613;2018;1144;20 a 24 anos;92956;Homem;9613
Indicador  3.3.4;1020;5;14;Roraima;9613;2018;1144;20 a 24 anos;92957;Mulher;9613
Indicador  3.3.4;1020;17;14;Roraima;9613;2018;1145;25 a 29 anos;6794;Total;9613
Indicador  3.3.4;1020;11;14;Roraima;9613;2018;1145;25 a 29 anos;92956;Homem;9613
Indicador  3.3.4;1020;6;14;Roraima;9613;2018;1145;25 a 29 anos;92957;Mulher;9613
Indicador  3.3.4;1020;16;14;Roraima;9613;2018;1146;30 a 34 anos;6794;Total;9613
Indicador  3.3.4;1020;10;14;Roraima;9613;2018;1146;30 a 34 anos;92956;Homem;9613
Indicador  3.3.4;1020;6;14;Roraima;9613;2018;1146;30 a 34 anos;92957;Mulher;9613
Indicador  3.3.4;1020;11;14;Roraima;9613;2018;1147;35 a 39 anos;6794;Total;9613
Indicador  3.3.4;1020;5;14;Roraima;9613;2018;1147;35 a 39 anos;92956;Homem;9613
Indicador  3.3.4;1020;6;14;Roraima;9613;2018;1147;35 a 39 anos;92957;Mulher;9613
Indicador  3.3.4;1020;19;14;Roraima;9613;2018;1148;40 a 44 anos;6794;Total;9613
Indicador  3.3.4;1020;9;14;Roraima;9613;2018;1148;40 a 44 anos;92956;Homem;9613
Indicador  3.3.4;1020;10;14;Roraima;9613;2018;1148;40 a 44 anos;92957;Mulher;9613
Indicador  3.3.4;1020;12;14;Roraima;9613;2018;1149;45 a 49 anos;6794;Total;9613
Indicador  3.3.4;1020;10;14;Roraima;9613;2018;1149;45 a 49 anos;92956;Homem;9613
Indicador  3.3.4;1020;2;14;Roraima;9613;2018;1149;45 a 49 anos;92957;Mulher;9613
Indicador  3.3.4;1020;15;14;Roraima;9613;2018;1150;50 a 54 anos;6794;Total;9613
Indicador  3.3.4;1020;13;14;Roraima;9613;2018;1150;50 a 54 anos;92956;Homem;9613
Indicador  3.3.4;1020;2;14;Roraima;9613;2018;1150;50 a 54 anos;92957;Mulher;9613
Indicador  3.3.4;1020;5;14;Roraima;9613;2018;1151;55 a 59 anos;6794;Total;9613
Indicador  3.3.4;1020;4;14;Roraima;9613;2018;1151;55 a 59 anos;92956;Homem;9613
Indicador  3.3.4;1020;1;14;Roraima;9613;2018;1151;55 a 59 anos;92957;Mulher;9613
Indicador  3.3.4;1020;14;14;Roraima;9613;2018;3302;60 anos ou mais;6794;Total;9613
Indicador  3.3.4;1020;8;14;Roraima;9613;2018;3302;60 anos ou mais;92956;Homem;9613
Indicador  3.3.4;1020;6;14;Roraima;9613;2018;3302;60 anos ou mais;92957;Mulher;9613
Indicador  3.3.4;1020;152;14;Roraima;9613;2019;95253;Total;6794;Total;9613
Indicador  3.3.4;1020;85;14;Roraima;9613;2019;95253;Total;92956;Homem;9613
Indicador  3.3.4;1020;67;14;Roraima;9613;2019;95253;Total;92957;Mulher;9613
Indicador  3.3.4;1020;1;14;Roraima;9613;2019;1140;0 a 4 anos;6794;Total;9613
Indicador  3.3.4;1020;0;14;Roraima;9613;2019;1140;0 a 4 anos;92956;Homem;9613
Indicador  3.3.4;1020;1;14;Roraima;9613;2019;1140;0 a 4 anos;92957;Mulher;9613
Indicador  3.3.4;1020;0;14;Roraima;9613;2019;1141;5 a 9 anos;6794;Total;9613
Indicador  3.3.4;1020;0;14;Roraima;9613;2019;1141;5 a 9 anos;92956;Homem;9613
Indicador  3.3.4;1020;0;14;Roraima;9613;2019;1141;5 a 9 anos;92957;Mulher;9613
Indicador  3.3.4;1020;1;14;Roraima;9613;2019;1142;10 a 14 anos;6794;Total;9613
Indicador  3.3.4;1020;0;14;Roraima;9613;2019;1142;10 a 14 anos;92956;Homem;9613
Indicador  3.3.4;1020;1;14;Roraima;9613;2019;1142;10 a 14 anos;92957;Mulher;9613
Indicador  3.3.4;1020;2;14;Roraima;9613;2019;1143;15 a 19 anos;6794;Total;9613
Indicador  3.3.4;1020;1;14;Roraima;9613;2019;1143;15 a 19 anos;92956;Homem;9613
Indicador  3.3.4;1020;1;14;Roraima;9613;2019;1143;15 a 19 anos;92957;Mulher;9613
Indicador  3.3.4;1020;14;14;Roraima;9613;2019;1144;20 a 24 anos;6794;Total;9613
Indicador  3.3.4;1020;8;14;Roraima;9613;2019;1144;20 a 24 anos;92956;Homem;9613
Indicador  3.3.4;1020;6;14;Roraima;9613;2019;1144;20 a 24 anos;92957;Mulher;9613
Indicador  3.3.4;1020;22;14;Roraima;9613;2019;1145;25 a 29 anos;6794;Total;9613
Indicador  3.3.4;1020;8;14;Roraima;9613;2019;1145;25 a 29 anos;92956;Homem;9613
Indicador  3.3.4;1020;14;14;Roraima;9613;2019;1145;25 a 29 anos;92957;Mulher;9613
Indicador  3.3.4;1020;23;14;Roraima;9613;2019;1146;30 a 34 anos;6794;Total;9613
Indicador  3.3.4;1020;13;14;Roraima;9613;2019;1146;30 a 34 anos;92956;Homem;9613
Indicador  3.3.4;1020;10;14;Roraima;9613;2019;1146;30 a 34 anos;92957;Mulher;9613
Indicador  3.3.4;1020;23;14;Roraima;9613;2019;1147;35 a 39 anos;6794;Total;9613
Indicador  3.3.4;1020;14;14;Roraima;9613;2019;1147;35 a 39 anos;92956;Homem;9613
Indicador  3.3.4;1020;9;14;Roraima;9613;2019;1147;35 a 39 anos;92957;Mulher;9613
Indicador  3.3.4;1020;16;14;Roraima;9613;2019;1148;40 a 44 anos;6794;Total;9613
Indicador  3.3.4;1020;10;14;Roraima;9613;2019;1148;40 a 44 anos;92956;Homem;9613
Indicador  3.3.4;1020;6;14;Roraima;9613;2019;1148;40 a 44 anos;92957;Mulher;9613
Indicador  3.3.4;1020;14;14;Roraima;9613;2019;1149;45 a 49 anos;6794;Total;9613
Indicador  3.3.4;1020;6;14;Roraima;9613;2019;1149;45 a 49 anos;92956;Homem;9613
Indicador  3.3.4;1020;8;14;Roraima;9613;2019;1149;45 a 49 anos;92957;Mulher;9613
Indicador  3.3.4;1020;8;14;Roraima;9613;2019;1150;50 a 54 anos;6794;Total;9613
Indicador  3.3.4;1020;4;14;Roraima;9613;2019;1150;50 a 54 anos;92956;Homem;9613
Indicador  3.3.4;1020;4;14;Roraima;9613;2019;1150;50 a 54 anos;92957;Mulher;9613
Indicador  3.3.4;1020;14;14;Roraima;9613;2019;1151;55 a 59 anos;6794;Total;9613
Indicador  3.3.4;1020;8;14;Roraima;9613;2019;1151;55 a 59 anos;92956;Homem;9613
Indicador  3.3.4;1020;6;14;Roraima;9613;2019;1151;55 a 59 anos;92957;Mulher;9613
Indicador  3.3.4;1020;14;14;Roraima;9613;2019;3302;60 anos ou mais;6794;Total;9613
Indicador  3.3.4;1020;13;14;Roraima;9613;2019;3302;60 anos ou mais;92956;Homem;9613
Indicador  3.3.4;1020;1;14;Roraima;9613;2019;3302;60 anos ou mais;92957;Mulher;9613
Indicador  3.3.4;1020;107;14;Roraima;9613;2020;95253;Total;6794;Total;9613
Indicador  3.3.4;1020;54;14;Roraima;9613;2020;95253;Total;92956;Homem;9613
Indicador  3.3.4;1020;53;14;Roraima;9613;2020;95253;Total;92957;Mulher;9613
Indicador  3.3.4;1020;0;14;Roraima;9613;2020;1140;0 a 4 anos;6794;Total;9613
Indicador  3.3.4;1020;0;14;Roraima;9613;2020;1140;0 a 4 anos;92956;Homem;9613
Indicador  3.3.4;1020;0;14;Roraima;9613;2020;1140;0 a 4 anos;92957;Mulher;9613
Indicador  3.3.4;1020;0;14;Roraima;9613;2020;1141;5 a 9 anos;6794;Total;9613
Indicador  3.3.4;1020;0;14;Roraima;9613;2020;1141;5 a 9 anos;92956;Homem;9613
Indicador  3.3.4;1020;0;14;Roraima;9613;2020;1141;5 a 9 anos;92957;Mulher;9613
Indicador  3.3.4;1020;1;14;Roraima;9613;2020;1142;10 a 14 anos;6794;Total;9613
Indicador  3.3.4;1020;0;14;Roraima;9613;2020;1142;10 a 14 anos;92956;Homem;9613
Indicador  3.3.4;1020;1;14;Roraima;9613;2020;1142;10 a 14 anos;92957;Mulher;9613
Indicador  3.3.4;1020;2;14;Roraima;9613;2020;1143;15 a 19 anos;6794;Total;9613
Indicador  3.3.4;1020;1;14;Roraima;9613;2020;1143;15 a 19 anos;92956;Homem;9613
Indicador  3.3.4;1020;1;14;Roraima;9613;2020;1143;15 a 19 anos;92957;Mulher;9613
Indicador  3.3.4;1020;7;14;Roraima;9613;2020;1144;20 a 24 anos;6794;Total;9613
Indicador  3.3.4;1020;5;14;Roraima;9613;2020;1144;20 a 24 anos;92956;Homem;9613
Indicador  3.3.4;1020;2;14;Roraima;9613;2020;1144;20 a 24 anos;92957;Mulher;9613
Indicador  3.3.4;1020;8;14;Roraima;9613;2020;1145;25 a 29 anos;6794;Total;9613
Indicador  3.3.4;1020;4;14;Roraima;9613;2020;1145;25 a 29 anos;92956;Homem;9613
Indicador  3.3.4;1020;4;14;Roraima;9613;2020;1145;25 a 29 anos;92957;Mulher;9613
Indicador  3.3.4;1020;18;14;Roraima;9613;2020;1146;30 a 34 anos;6794;Total;9613
Indicador  3.3.4;1020;9;14;Roraima;9613;2020;1146;30 a 34 anos;92956;Homem;9613
Indicador  3.3.4;1020;9;14;Roraima;9613;2020;1146;30 a 34 anos;92957;Mulher;9613
Indicador  3.3.4;1020;14;14;Roraima;9613;2020;1147;35 a 39 anos;6794;Total;9613
Indicador  3.3.4;1020;6;14;Roraima;9613;2020;1147;35 a 39 anos;92956;Homem;9613
Indicador  3.3.4;1020;8;14;Roraima;9613;2020;1147;35 a 39 anos;92957;Mulher;9613
Indicador  3.3.4;1020;16;14;Roraima;9613;2020;1148;40 a 44 anos;6794;Total;9613
Indicador  3.3.4;1020;8;14;Roraima;9613;2020;1148;40 a 44 anos;92956;Homem;9613
Indicador  3.3.4;1020;8;14;Roraima;9613;2020;1148;40 a 44 anos;92957;Mulher;9613
Indicador  3.3.4;1020;9;14;Roraima;9613;2020;1149;45 a 49 anos;6794;Total;9613
Indicador  3.3.4;1020;6;14;Roraima;9613;2020;1149;45 a 49 anos;92956;Homem;9613
Indicador  3.3.4;1020;3;14;Roraima;9613;2020;1149;45 a 49 anos;92957;Mulher;9613
Indicador  3.3.4;1020;7;14;Roraima;9613;2020;1150;50 a 54 anos;6794;Total;9613
Indicador  3.3.4;1020;0;14;Roraima;9613;2020;1150;50 a 54 anos;92956;Homem;9613
Indicador  3.3.4;1020;7;14;Roraima;9613;2020;1150;50 a 54 anos;92957;Mulher;9613
Indicador  3.3.4;1020;6;14;Roraima;9613;2020;1151;55 a 59 anos;6794;Total;9613
Indicador  3.3.4;1020;4;14;Roraima;9613;2020;1151;55 a 59 anos;92956;Homem;9613
Indicador  3.3.4;1020;2;14;Roraima;9613;2020;1151;55 a 59 anos;92957;Mulher;9613
Indicador  3.3.4;1020;19;14;Roraima;9613;2020;3302;60 anos ou mais;6794;Total;9613
Indicador  3.3.4;1020;11;14;Roraima;9613;2020;3302;60 anos ou mais;92956;Homem;9613
Indicador  3.3.4;1020;8;14;Roraima;9613;2020;3302;60 anos ou mais;92957;Mulher;9613
Indicador  3.3.4;1020;102;14;Roraima;9613;2021;95253;Total;6794;Total;9613
Indicador  3.3.4;1020;53;14;Roraima;9613;2021;95253;Total;92956;Homem;9613
Indicador  3.3.4;1020;49;14;Roraima;9613;2021;95253;Total;92957;Mulher;9613
Indicador  3.3.4;1020;0;14;Roraima;9613;2021;1140;0 a 4 anos;6794;Total;9613
Indicador  3.3.4;1020;0;14;Roraima;9613;2021;1140;0 a 4 anos;92956;Homem;9613
Indicador  3.3.4;1020;0;14;Roraima;9613;2021;1140;0 a 4 anos;92957;Mulher;9613
Indicador  3.3.4;1020;0;14;Roraima;9613;2021;1141;5 a 9 anos;6794;Total;9613
Indicador  3.3.4;1020;0;14;Roraima;9613;2021;1141;5 a 9 anos;92956;Homem;9613
Indicador  3.3.4;1020;0;14;Roraima;9613;2021;1141;5 a 9 anos;92957;Mulher;9613
Indicador  3.3.4;1020;1;14;Roraima;9613;2021;1142;10 a 14 anos;6794;Total;9613
Indicador  3.3.4;1020;0;14;Roraima;9613;2021;1142;10 a 14 anos;92956;Homem;9613
Indicador  3.3.4;1020;1;14;Roraima;9613;2021;1142;10 a 14 anos;92957;Mulher;9613
Indicador  3.3.4;1020;5;14;Roraima;9613;2021;1143;15 a 19 anos;6794;Total;9613
Indicador  3.3.4;1020;2;14;Roraima;9613;2021;1143;15 a 19 anos;92956;Homem;9613
Indicador  3.3.4;1020;3;14;Roraima;9613;2021;1143;15 a 19 anos;92957;Mulher;9613
Indicador  3.3.4;1020;5;14;Roraima;9613;2021;1144;20 a 24 anos;6794;Total;9613
Indicador  3.3.4;1020;0;14;Roraima;9613;2021;1144;20 a 24 anos;92956;Homem;9613
Indicador  3.3.4;1020;5;14;Roraima;9613;2021;1144;20 a 24 anos;92957;Mulher;9613
Indicador  3.3.4;1020;10;14;Roraima;9613;2021;1145;25 a 29 anos;6794;Total;9613
Indicador  3.3.4;1020;5;14;Roraima;9613;2021;1145;25 a 29 anos;92956;Homem;9613
Indicador  3.3.4;1020;5;14;Roraima;9613;2021;1145;25 a 29 anos;92957;Mulher;9613
Indicador  3.3.4;1020;12;14;Roraima;9613;2021;1146;30 a 34 anos;6794;Total;9613
Indicador  3.3.4;1020;9;14;Roraima;9613;2021;1146;30 a 34 anos;92956;Homem;9613
Indicador  3.3.4;1020;3;14;Roraima;9613;2021;1146;30 a 34 anos;92957;Mulher;9613
Indicador  3.3.4;1020;11;14;Roraima;9613;2021;1147;35 a 39 anos;6794;Total;9613
Indicador  3.3.4;1020;8;14;Roraima;9613;2021;1147;35 a 39 anos;92956;Homem;9613
Indicador  3.3.4;1020;3;14;Roraima;9613;2021;1147;35 a 39 anos;92957;Mulher;9613
Indicador  3.3.4;1020;10;14;Roraima;9613;2021;1148;40 a 44 anos;6794;Total;9613
Indicador  3.3.4;1020;3;14;Roraima;9613;2021;1148;40 a 44 anos;92956;Homem;9613
Indicador  3.3.4;1020;7;14;Roraima;9613;2021;1148;40 a 44 anos;92957;Mulher;9613
Indicador  3.3.4;1020;11;14;Roraima;9613;2021;1149;45 a 49 anos;6794;Total;9613
Indicador  3.3.4;1020;7;14;Roraima;9613;2021;1149;45 a 49 anos;92956;Homem;9613
Indicador  3.3.4;1020;4;14;Roraima;9613;2021;1149;45 a 49 anos;92957;Mulher;9613
Indicador  3.3.4;1020;14;14;Roraima;9613;2021;1150;50 a 54 anos;6794;Total;9613
Indicador  3.3.4;1020;8;14;Roraima;9613;2021;1150;50 a 54 anos;92956;Homem;9613
Indicador  3.3.4;1020;6;14;Roraima;9613;2021;1150;50 a 54 anos;92957;Mulher;9613
Indicador  3.3.4;1020;8;14;Roraima;9613;2021;1151;55 a 59 anos;6794;Total;9613
Indicador  3.3.4;1020;4;14;Roraima;9613;2021;1151;55 a 59 anos;92956;Homem;9613
Indicador  3.3.4;1020;4;14;Roraima;9613;2021;1151;55 a 59 anos;92957;Mulher;9613
Indicador  3.3.4;1020;15;14;Roraima;9613;2021;3302;60 anos ou mais;6794;Total;9613
Indicador  3.3.4;1020;7;14;Roraima;9613;2021;3302;60 anos ou mais;92956;Homem;9613
Indicador  3.3.4;1020;8;14;Roraima;9613;2021;3302;60 anos ou mais;92957;Mulher;9613
Indicador  3.3.4;1020;78;14;Roraima;9613;2022;95253;Total;6794;Total;9613
Indicador  3.3.4;1020;51;14;Roraima;9613;2022;95253;Total;92956;Homem;9613
Indicador  3.3.4;1020;27;14;Roraima;9613;2022;95253;Total;92957;Mulher;9613
Indicador  3.3.4;1020;0;14;Roraima;9613;2022;1140;0 a 4 anos;6794;Total;9613
Indicador  3.3.4;1020;0;14;Roraima;9613;2022;1140;0 a 4 anos;92956;Homem;9613
Indicador  3.3.4;1020;0;14;Roraima;9613;2022;1140;0 a 4 anos;92957;Mulher;9613
Indicador  3.3.4;1020;0;14;Roraima;9613;2022;1141;5 a 9 anos;6794;Total;9613
Indicador  3.3.4;1020;0;14;Roraima;9613;2022;1141;5 a 9 anos;92956;Homem;9613
Indicador  3.3.4;1020;0;14;Roraima;9613;2022;1141;5 a 9 anos;92957;Mulher;9613
Indicador  3.3.4;1020;0;14;Roraima;9613;2022;1142;10 a 14 anos;6794;Total;9613
Indicador  3.3.4;1020;0;14;Roraima;9613;2022;1142;10 a 14 anos;92956;Homem;9613
Indicador  3.3.4;1020;0;14;Roraima;9613;2022;1142;10 a 14 anos;92957;Mulher;9613
Indicador  3.3.4;1020;0;14;Roraima;9613;2022;1143;15 a 19 anos;6794;Total;9613
Indicador  3.3.4;1020;0;14;Roraima;9613;2022;1143;15 a 19 anos;92956;Homem;9613
Indicador  3.3.4;1020;0;14;Roraima;9613;2022;1143;15 a 19 anos;92957;Mulher;9613
Indicador  3.3.4;1020;7;14;Roraima;9613;2022;1144;20 a 24 anos;6794;Total;9613
Indicador  3.3.4;1020;2;14;Roraima;9613;2022;1144;20 a 24 anos;92956;Homem;9613
Indicador  3.3.4;1020;5;14;Roraima;9613;2022;1144;20 a 24 anos;92957;Mulher;9613
Indicador  3.3.4;1020;8;14;Roraima;9613;2022;1145;25 a 29 anos;6794;Total;9613
Indicador  3.3.4;1020;7;14;Roraima;9613;2022;1145;25 a 29 anos;92956;Homem;9613
Indicador  3.3.4;1020;1;14;Roraima;9613;2022;1145;25 a 29 anos;92957;Mulher;9613
Indicador  3.3.4;1020;14;14;Roraima;9613;2022;1146;30 a 34 anos;6794;Total;9613
Indicador  3.3.4;1020;6;14;Roraima;9613;2022;1146;30 a 34 anos;92956;Homem;9613
Indicador  3.3.4;1020;8;14;Roraima;9613;2022;1146;30 a 34 anos;92957;Mulher;9613
Indicador  3.3.4;1020;11;14;Roraima;9613;2022;1147;35 a 39 anos;6794;Total;9613
Indicador  3.3.4;1020;7;14;Roraima;9613;2022;1147;35 a 39 anos;92956;Homem;9613
Indicador  3.3.4;1020;4;14;Roraima;9613;2022;1147;35 a 39 anos;92957;Mulher;9613
Indicador  3.3.4;1020;5;14;Roraima;9613;2022;1148;40 a 44 anos;6794;Total;9613
Indicador  3.3.4;1020;3;14;Roraima;9613;2022;1148;40 a 44 anos;92956;Homem;9613
Indicador  3.3.4;1020;2;14;Roraima;9613;2022;1148;40 a 44 anos;92957;Mulher;9613
Indicador  3.3.4;1020;9;14;Roraima;9613;2022;1149;45 a 49 anos;6794;Total;9613
Indicador  3.3.4;1020;5;14;Roraima;9613;2022;1149;45 a 49 anos;92956;Homem;9613
Indicador  3.3.4;1020;4;14;Roraima;9613;2022;1149;45 a 49 anos;92957;Mulher;9613
Indicador  3.3.4;1020;1;14;Roraima;9613;2022;1150;50 a 54 anos;6794;Total;9613
Indicador  3.3.4;1020;1;14;Roraima;9613;2022;1150;50 a 54 anos;92956;Homem;9613
Indicador  3.3.4;1020;0;14;Roraima;9613;2022;1150;50 a 54 anos;92957;Mulher;9613
Indicador  3.3.4;1020;8;14;Roraima;9613;2022;1151;55 a 59 anos;6794;Total;9613
Indicador  3.3.4;1020;8;14;Roraima;9613;2022;1151;55 a 59 anos;92956;Homem;9613
Indicador  3.3.4;1020;0;14;Roraima;9613;2022;1151;55 a 59 anos;92957;Mulher;9613
Indicador  3.3.4;1020;15;14;Roraima;9613;2022;3302;60 anos ou mais;6794;Total;9613
Indicador  3.3.4;1020;12;14;Roraima;9613;2022;3302;60 anos ou mais;92956;Homem;9613
Indicador  3.3.4;1020;3;14;Roraima;9613;2022;3302;60 anos ou mais;92957;Mulher;9613
Indicador  3.3.4;1020;365;15;Pará;9613;2018;95253;Total;6794;Total;9613
Indicador  3.3.4;1020;178;15;Pará;9613;2018;95253;Total;92956;Homem;9613
Indicador  3.3.4;1020;187;15;Pará;9613;2018;95253;Total;92957;Mulher;9613
Indicador  3.3.4;1020;4;15;Pará;9613;2018;1140;0 a 4 anos;6794;Total;9613
Indicador  3.3.4;1020;0;15;Pará;9613;2018;1140;0 a 4 anos;92956;Homem;9613
Indicador  3.3.4;1020;4;15;Pará;9613;2018;1140;0 a 4 anos;92957;Mulher;9613
Indicador  3.3.4;1020;0;15;Pará;9613;2018;1141;5 a 9 anos;6794;Total;9613
Indicador  3.3.4;1020;0;15;Pará;9613;2018;1141;5 a 9 anos;92956;Homem;9613
Indicador  3.3.4;1020;0;15;Pará;9613;2018;1141;5 a 9 anos;92957;Mulher;9613
Indicador  3.3.4;1020;1;15;Pará;9613;2018;1142;10 a 14 anos;6794;Total;9613
Indicador  3.3.4;1020;1;15;Pará;9613;2018;1142;10 a 14 anos;92956;Homem;9613
Indicador  3.3.4;1020;0;15;Pará;9613;2018;1142;10 a 14 anos;92957;Mulher;9613
Indicador  3.3.4;1020;6;15;Pará;9613;2018;1143;15 a 19 anos;6794;Total;9613
Indicador  3.3.4;1020;2;15;Pará;9613;2018;1143;15 a 19 anos;92956;Homem;9613
Indicador  3.3.4;1020;4;15;Pará;9613;2018;1143;15 a 19 anos;92957;Mulher;9613
Indicador  3.3.4;1020;39;15;Pará;9613;2018;1144;20 a 24 anos;6794;Total;9613
Indicador  3.3.4;1020;9;15;Pará;9613;2018;1144;20 a 24 anos;92956;Homem;9613
Indicador  3.3.4;1020;30;15;Pará;9613;2018;1144;20 a 24 anos;92957;Mulher;9613
Indicador  3.3.4;1020;50;15;Pará;9613;2018;1145;25 a 29 anos;6794;Total;9613
Indicador  3.3.4;1020;21;15;Pará;9613;2018;1145;25 a 29 anos;92956;Homem;9613
Indicador  3.3.4;1020;29;15;Pará;9613;2018;1145;25 a 29 anos;92957;Mulher;9613
Indicador  3.3.4;1020;49;15;Pará;9613;2018;1146;30 a 34 anos;6794;Total;9613
Indicador  3.3.4;1020;22;15;Pará;9613;2018;1146;30 a 34 anos;92956;Homem;9613
Indicador  3.3.4;1020;27;15;Pará;9613;2018;1146;30 a 34 anos;92957;Mulher;9613
Indicador  3.3.4;1020;45;15;Pará;9613;2018;1147;35 a 39 anos;6794;Total;9613
Indicador  3.3.4;1020;23;15;Pará;9613;2018;1147;35 a 39 anos;92956;Homem;9613
Indicador  3.3.4;1020;22;15;Pará;9613;2018;1147;35 a 39 anos;92957;Mulher;9613
Indicador  3.3.4;1020;46;15;Pará;9613;2018;1148;40 a 44 anos;6794;Total;9613
Indicador  3.3.4;1020;23;15;Pará;9613;2018;1148;40 a 44 anos;92956;Homem;9613
Indicador  3.3.4;1020;23;15;Pará;9613;2018;1148;40 a 44 anos;92957;Mulher;9613
Indicador  3.3.4;1020;26;15;Pará;9613;2018;1149;45 a 49 anos;6794;Total;9613
Indicador  3.3.4;1020;13;15;Pará;9613;2018;1149;45 a 49 anos;92956;Homem;9613
Indicador  3.3.4;1020;13;15;Pará;9613;2018;1149;45 a 49 anos;92957;Mulher;9613
Indicador  3.3.4;1020;31;15;Pará;9613;2018;1150;50 a 54 anos;6794;Total;9613
Indicador  3.3.4;1020;18;15;Pará;9613;2018;1150;50 a 54 anos;92956;Homem;9613
Indicador  3.3.4;1020;13;15;Pará;9613;2018;1150;50 a 54 anos;92957;Mulher;9613
Indicador  3.3.4;1020;26;15;Pará;9613;2018;1151;55 a 59 anos;6794;Total;9613
Indicador  3.3.4;1020;20;15;Pará;9613;2018;1151;55 a 59 anos;92956;Homem;9613
Indicador  3.3.4;1020;6;15;Pará;9613;2018;1151;55 a 59 anos;92957;Mulher;9613
Indicador  3.3.4;1020;42;15;Pará;9613;2018;3302;60 anos ou mais;6794;Total;9613
Indicador  3.3.4;1020;26;15;Pará;9613;2018;3302;60 anos ou mais;92956;Homem;9613
Indicador  3.3.4;1020;16;15;Pará;9613;2018;3302;60 anos ou mais;92957;Mulher;9613
Indicador  3.3.4;1020;455;15;Pará;9613;2019;95253;Total;6794;Total;9613
Indicador  3.3.4;1020;250;15;Pará;9613;2019;95253;Total;92956;Homem;9613
Indicador  3.3.4;1020;205;15;Pará;9613;2019;95253;Total;92957;Mulher;9613
Indicador  3.3.4;1020;5;15;Pará;9613;2019;1140;0 a 4 anos;6794;Total;9613
Indicador  3.3.4;1020;4;15;Pará;9613;2019;1140;0 a 4 anos;92956;Homem;9613
Indicador  3.3.4;1020;1;15;Pará;9613;2019;1140;0 a 4 anos;92957;Mulher;9613
Indicador  3.3.4;1020;0;15;Pará;9613;2019;1141;5 a 9 anos;6794;Total;9613
Indicador  3.3.4;1020;0;15;Pará;9613;2019;1141;5 a 9 anos;92956;Homem;9613
Indicador  3.3.4;1020;0;15;Pará;9613;2019;1141;5 a 9 anos;92957;Mulher;9613
Indicador  3.3.4;1020;0;15;Pará;9613;2019;1142;10 a 14 anos;6794;Total;9613
Indicador  3.3.4;1020;0;15;Pará;9613;2019;1142;10 a 14 anos;92956;Homem;9613
Indicador  3.3.4;1020;0;15;Pará;9613;2019;1142;10 a 14 anos;92957;Mulher;9613
Indicador  3.3.4;1020;8;15;Pará;9613;2019;1143;15 a 19 anos;6794;Total;9613
Indicador  3.3.4;1020;5;15;Pará;9613;2019;1143;15 a 19 anos;92956;Homem;9613
Indicador  3.3.4;1020;3;15;Pará;9613;2019;1143;15 a 19 anos;92957;Mulher;9613
Indicador  3.3.4;1020;19;15;Pará;9613;2019;1144;20 a 24 anos;6794;Total;9613
Indicador  3.3.4;1020;8;15;Pará;9613;2019;1144;20 a 24 anos;92956;Homem;9613
Indicador  3.3.4;1020;11;15;Pará;9613;2019;1144;20 a 24 anos;92957;Mulher;9613
Indicador  3.3.4;1020;64;15;Pará;9613;2019;1145;25 a 29 anos;6794;Total;9613
Indicador  3.3.4;1020;26;15;Pará;9613;2019;1145;25 a 29 anos;92956;Homem;9613
Indicador  3.3.4;1020;38;15;Pará;9613;2019;1145;25 a 29 anos;92957;Mulher;9613
Indicador  3.3.4;1020;79;15;Pará;9613;2019;1146;30 a 34 anos;6794;Total;9613
Indicador  3.3.4;1020;36;15;Pará;9613;2019;1146;30 a 34 anos;92956;Homem;9613
Indicador  3.3.4;1020;43;15;Pará;9613;2019;1146;30 a 34 anos;92957;Mulher;9613
Indicador  3.3.4;1020;52;15;Pará;9613;2019;1147;35 a 39 anos;6794;Total;9613
Indicador  3.3.4;1020;29;15;Pará;9613;2019;1147;35 a 39 anos;92956;Homem;9613
Indicador  3.3.4;1020;23;15;Pará;9613;2019;1147;35 a 39 anos;92957;Mulher;9613
Indicador  3.3.4;1020;40;15;Pará;9613;2019;1148;40 a 44 anos;6794;Total;9613
Indicador  3.3.4;1020;25;15;Pará;9613;2019;1148;40 a 44 anos;92956;Homem;9613
Indicador  3.3.4;1020;15;15;Pará;9613;2019;1148;40 a 44 anos;92957;Mulher;9613
Indicador  3.3.4;1020;38;15;Pará;9613;2019;1149;45 a 49 anos;6794;Total;9613
Indicador  3.3.4;1020;21;15;Pará;9613;2019;1149;45 a 49 anos;92956;Homem;9613
Indicador  3.3.4;1020;17;15;Pará;9613;2019;1149;45 a 49 anos;92957;Mulher;9613
Indicador  3.3.4;1020;39;15;Pará;9613;2019;1150;50 a 54 anos;6794;Total;9613
Indicador  3.3.4;1020;22;15;Pará;9613;2019;1150;50 a 54 anos;92956;Homem;9613
Indicador  3.3.4;1020;17;15;Pará;9613;2019;1150;50 a 54 anos;92957;Mulher;9613
Indicador  3.3.4;1020;39;15;Pará;9613;2019;1151;55 a 59 anos;6794;Total;9613
Indicador  3.3.4;1020;25;15;Pará;9613;2019;1151;55 a 59 anos;92956;Homem;9613
Indicador  3.3.4;1020;14;15;Pará;9613;2019;1151;55 a 59 anos;92957;Mulher;9613
Indicador  3.3.4;1020;72;15;Pará;9613;2019;3302;60 anos ou mais;6794;Total;9613
Indicador  3.3.4;1020;49;15;Pará;9613;2019;3302;60 anos ou mais;92956;Homem;9613
Indicador  3.3.4;1020;23;15;Pará;9613;2019;3302;60 anos ou mais;92957;Mulher;9613
Indicador  3.3.4;1020;196;15;Pará;9613;2020;95253;Total;6794;Total;9613
Indicador  3.3.4;1020;93;15;Pará;9613;2020;95253;Total;92956;Homem;9613
Indicador  3.3.4;1020;103;15;Pará;9613;2020;95253;Total;92957;Mulher;9613
Indicador  3.3.4;1020;0;15;Pará;9613;2020;1140;0 a 4 anos;6794;Total;9613
Indicador  3.3.4;1020;0;15;Pará;9613;2020;1140;0 a 4 anos;92956;Homem;9613
Indicador  3.3.4;1020;0;15;Pará;9613;2020;1140;0 a 4 anos;92957;Mulher;9613
Indicador  3.3.4;1020;0;15;Pará;9613;2020;1141;5 a 9 anos;6794;Total;9613
Indicador  3.3.4;1020;0;15;Pará;9613;2020;1141;5 a 9 anos;92956;Homem;9613
Indicador  3.3.4;1020;0;15;Pará;9613;2020;1141;5 a 9 anos;92957;Mulher;9613
Indicador  3.3.4;1020;1;15;Pará;9613;2020;1142;10 a 14 anos;6794;Total;9613
Indicador  3.3.4;1020;0;15;Pará;9613;2020;1142;10 a 14 anos;92956;Homem;9613
Indicador  3.3.4;1020;1;15;Pará;9613;2020;1142;10 a 14 anos;92957;Mulher;9613
Indicador  3.3.4;1020;5;15;Pará;9613;2020;1143;15 a 19 anos;6794;Total;9613
Indicador  3.3.4;1020;3;15;Pará;9613;2020;1143;15 a 19 anos;92956;Homem;9613
Indicador  3.3.4;1020;2;15;Pará;9613;2020;1143;15 a 19 anos;92957;Mulher;9613
Indicador  3.3.4;1020;16;15;Pará;9613;2020;1144;20 a 24 anos;6794;Total;9613
Indicador  3.3.4;1020;3;15;Pará;9613;2020;1144;20 a 24 anos;92956;Homem;9613
Indicador  3.3.4;1020;13;15;Pará;9613;2020;1144;20 a 24 anos;92957;Mulher;9613
Indicador  3.3.4;1020;20;15;Pará;9613;2020;1145;25 a 29 anos;6794;Total;9613
Indicador  3.3.4;1020;9;15;Pará;9613;2020;1145;25 a 29 anos;92956;Homem;9613
Indicador  3.3.4;1020;11;15;Pará;9613;2020;1145;25 a 29 anos;92957;Mulher;9613
Indicador  3.3.4;1020;30;15;Pará;9613;2020;1146;30 a 34 anos;6794;Total;9613
Indicador  3.3.4;1020;14;15;Pará;9613;2020;1146;30 a 34 anos;92956;Homem;9613
Indicador  3.3.4;1020;16;15;Pará;9613;2020;1146;30 a 34 anos;92957;Mulher;9613
Indicador  3.3.4;1020;25;15;Pará;9613;2020;1147;35 a 39 anos;6794;Total;9613
Indicador  3.3.4;1020;13;15;Pará;9613;2020;1147;35 a 39 anos;92956;Homem;9613
Indicador  3.3.4;1020;12;15;Pará;9613;2020;1147;35 a 39 anos;92957;Mulher;9613
Indicador  3.3.4;1020;19;15;Pará;9613;2020;1148;40 a 44 anos;6794;Total;9613
Indicador  3.3.4;1020;9;15;Pará;9613;2020;1148;40 a 44 anos;92956;Homem;9613
Indicador  3.3.4;1020;10;15;Pará;9613;2020;1148;40 a 44 anos;92957;Mulher;9613
Indicador  3.3.4;1020;17;15;Pará;9613;2020;1149;45 a 49 anos;6794;Total;9613
Indicador  3.3.4;1020;7;15;Pará;9613;2020;1149;45 a 49 anos;92956;Homem;9613
Indicador  3.3.4;1020;10;15;Pará;9613;2020;1149;45 a 49 anos;92957;Mulher;9613
Indicador  3.3.4;1020;16;15;Pará;9613;2020;1150;50 a 54 anos;6794;Total;9613
Indicador  3.3.4;1020;12;15;Pará;9613;2020;1150;50 a 54 anos;92956;Homem;9613
Indicador  3.3.4;1020;4;15;Pará;9613;2020;1150;50 a 54 anos;92957;Mulher;9613
Indicador  3.3.4;1020;18;15;Pará;9613;2020;1151;55 a 59 anos;6794;Total;9613
Indicador  3.3.4;1020;9;15;Pará;9613;2020;1151;55 a 59 anos;92956;Homem;9613
Indicador  3.3.4;1020;9;15;Pará;9613;2020;1151;55 a 59 anos;92957;Mulher;9613
Indicador  3.3.4;1020;29;15;Pará;9613;2020;3302;60 anos ou mais;6794;Total;9613
Indicador  3.3.4;1020;14;15;Pará;9613;2020;3302;60 anos ou mais;92956;Homem;9613
Indicador  3.3.4;1020;15;15;Pará;9613;2020;3302;60 anos ou mais;92957;Mulher;9613
Indicador  3.3.4;1020;306;15;Pará;9613;2021;95253;Total;6794;Total;9613
Indicador  3.3.4;1020;157;15;Pará;9613;2021;95253;Total;92956;Homem;9613
Indicador  3.3.4;1020;149;15;Pará;9613;2021;95253;Total;92957;Mulher;9613
Indicador  3.3.4;1020;5;15;Pará;9613;2021;1140;0 a 4 anos;6794;Total;9613
Indicador  3.3.4;1020;3;15;Pará;9613;2021;1140;0 a 4 anos;92956;Homem;9613
Indicador  3.3.4;1020;2;15;Pará;9613;2021;1140;0 a 4 anos;92957;Mulher;9613
Indicador  3.3.4;1020;1;15;Pará;9613;2021;1141;5 a 9 anos;6794;Total;9613
Indicador  3.3.4;1020;1;15;Pará;9613;2021;1141;5 a 9 anos;92956;Homem;9613
Indicador  3.3.4;1020;0;15;Pará;9613;2021;1141;5 a 9 anos;92957;Mulher;9613
Indicador  3.3.4;1020;2;15;Pará;9613;2021;1142;10 a 14 anos;6794;Total;9613
Indicador  3.3.4;1020;1;15;Pará;9613;2021;1142;10 a 14 anos;92956;Homem;9613
Indicador  3.3.4;1020;1;15;Pará;9613;2021;1142;10 a 14 anos;92957;Mulher;9613
Indicador  3.3.4;1020;9;15;Pará;9613;2021;1143;15 a 19 anos;6794;Total;9613
Indicador  3.3.4;1020;3;15;Pará;9613;2021;1143;15 a 19 anos;92956;Homem;9613
Indicador  3.3.4;1020;6;15;Pará;9613;2021;1143;15 a 19 anos;92957;Mulher;9613
Indicador  3.3.4;1020;13;15;Pará;9613;2021;1144;20 a 24 anos;6794;Total;9613
Indicador  3.3.4;1020;2;15;Pará;9613;2021;1144;20 a 24 anos;92956;Homem;9613
Indicador  3.3.4;1020;11;15;Pará;9613;2021;1144;20 a 24 anos;92957;Mulher;9613
Indicador  3.3.4;1020;36;15;Pará;9613;2021;1145;25 a 29 anos;6794;Total;9613
Indicador  3.3.4;1020;17;15;Pará;9613;2021;1145;25 a 29 anos;92956;Homem;9613
Indicador  3.3.4;1020;19;15;Pará;9613;2021;1145;25 a 29 anos;92957;Mulher;9613
Indicador  3.3.4;1020;38;15;Pará;9613;2021;1146;30 a 34 anos;6794;Total;9613
Indicador  3.3.4;1020;14;15;Pará;9613;2021;1146;30 a 34 anos;92956;Homem;9613
Indicador  3.3.4;1020;24;15;Pará;9613;2021;1146;30 a 34 anos;92957;Mulher;9613
Indicador  3.3.4;1020;31;15;Pará;9613;2021;1147;35 a 39 anos;6794;Total;9613
Indicador  3.3.4;1020;16;15;Pará;9613;2021;1147;35 a 39 anos;92956;Homem;9613
Indicador  3.3.4;1020;15;15;Pará;9613;2021;1147;35 a 39 anos;92957;Mulher;9613
Indicador  3.3.4;1020;34;15;Pará;9613;2021;1148;40 a 44 anos;6794;Total;9613
Indicador  3.3.4;1020;16;15;Pará;9613;2021;1148;40 a 44 anos;92956;Homem;9613
Indicador  3.3.4;1020;18;15;Pará;9613;2021;1148;40 a 44 anos;92957;Mulher;9613
Indicador  3.3.4;1020;40;15;Pará;9613;2021;1149;45 a 49 anos;6794;Total;9613
Indicador  3.3.4;1020;19;15;Pará;9613;2021;1149;45 a 49 anos;92956;Homem;9613
Indicador  3.3.4;1020;21;15;Pará;9613;2021;1149;45 a 49 anos;92957;Mulher;9613
Indicador  3.3.4;1020;34;15;Pará;9613;2021;1150;50 a 54 anos;6794;Total;9613
Indicador  3.3.4;1020;25;15;Pará;9613;2021;1150;50 a 54 anos;92956;Homem;9613
Indicador  3.3.4;1020;9;15;Pará;9613;2021;1150;50 a 54 anos;92957;Mulher;9613
Indicador  3.3.4;1020;19;15;Pará;9613;2021;1151;55 a 59 anos;6794;Total;9613
Indicador  3.3.4;1020;12;15;Pará;9613;2021;1151;55 a 59 anos;92956;Homem;9613
Indicador  3.3.4;1020;7;15;Pará;9613;2021;1151;55 a 59 anos;92957;Mulher;9613
Indicador  3.3.4;1020;44;15;Pará;9613;2021;3302;60 anos ou mais;6794;Total;9613
Indicador  3.3.4;1020;28;15;Pará;9613;2021;3302;60 anos ou mais;92956;Homem;9613
Indicador  3.3.4;1020;16;15;Pará;9613;2021;3302;60 anos ou mais;92957;Mulher;9613
Indicador  3.3.4;1020;298;15;Pará;9613;2022;95253;Total;6794;Total;9613
Indicador  3.3.4;1020;147;15;Pará;9613;2022;95253;Total;92956;Homem;9613
Indicador  3.3.4;1020;151;15;Pará;9613;2022;95253;Total;92957;Mulher;9613
Indicador  3.3.4;1020;5;15;Pará;9613;2022;1140;0 a 4 anos;6794;Total;9613
Indicador  3.3.4;1020;4;15;Pará;9613;2022;1140;0 a 4 anos;92956;Homem;9613
Indicador  3.3.4;1020;1;15;Pará;9613;2022;1140;0 a 4 anos;92957;Mulher;9613
Indicador  3.3.4;1020;0;15;Pará;9613;2022;1141;5 a 9 anos;6794;Total;9613
Indicador  3.3.4;1020;0;15;Pará;9613;2022;1141;5 a 9 anos;92956;Homem;9613
Indicador  3.3.4;1020;0;15;Pará;9613;2022;1141;5 a 9 anos;92957;Mulher;9613
Indicador  3.3.4;1020;0;15;Pará;9613;2022;1142;10 a 14 anos;6794;Total;9613
Indicador  3.3.4;1020;0;15;Pará;9613;2022;1142;10 a 14 anos;92956;Homem;9613
Indicador  3.3.4;1020;0;15;Pará;9613;2022;1142;10 a 14 anos;92957;Mulher;9613
Indicador  3.3.4;1020;2;15;Pará;9613;2022;1143;15 a 19 anos;6794;Total;9613
Indicador  3.3.4;1020;0;15;Pará;9613;2022;1143;15 a 19 anos;92956;Homem;9613
Indicador  3.3.4;1020;2;15;Pará;9613;2022;1143;15 a 19 anos;92957;Mulher;9613
Indicador  3.3.4;1020;11;15;Pará;9613;2022;1144;20 a 24 anos;6794;Total;9613
Indicador  3.3.4;1020;2;15;Pará;9613;2022;1144;20 a 24 anos;92956;Homem;9613
Indicador  3.3.4;1020;9;15;Pará;9613;2022;1144;20 a 24 anos;92957;Mulher;9613
Indicador  3.3.4;1020;39;15;Pará;9613;2022;1145;25 a 29 anos;6794;Total;9613
Indicador  3.3.4;1020;9;15;Pará;9613;2022;1145;25 a 29 anos;92956;Homem;9613
Indicador  3.3.4;1020;30;15;Pará;9613;2022;1145;25 a 29 anos;92957;Mulher;9613
Indicador  3.3.4;1020;38;15;Pará;9613;2022;1146;30 a 34 anos;6794;Total;9613
Indicador  3.3.4;1020;14;15;Pará;9613;2022;1146;30 a 34 anos;92956;Homem;9613
Indicador  3.3.4;1020;24;15;Pará;9613;2022;1146;30 a 34 anos;92957;Mulher;9613
Indicador  3.3.4;1020;33;15;Pará;9613;2022;1147;35 a 39 anos;6794;Total;9613
Indicador  3.3.4;1020;17;15;Pará;9613;2022;1147;35 a 39 anos;92956;Homem;9613
Indicador  3.3.4;1020;16;15;Pará;9613;2022;1147;35 a 39 anos;92957;Mulher;9613
Indicador  3.3.4;1020;39;15;Pará;9613;2022;1148;40 a 44 anos;6794;Total;9613
Indicador  3.3.4;1020;21;15;Pará;9613;2022;1148;40 a 44 anos;92956;Homem;9613
Indicador  3.3.4;1020;18;15;Pará;9613;2022;1148;40 a 44 anos;92957;Mulher;9613
Indicador  3.3.4;1020;25;15;Pará;9613;2022;1149;45 a 49 anos;6794;Total;9613
Indicador  3.3.4;1020;16;15;Pará;9613;2022;1149;45 a 49 anos;92956;Homem;9613
Indicador  3.3.4;1020;9;15;Pará;9613;2022;1149;45 a 49 anos;92957;Mulher;9613
Indicador  3.3.4;1020;27;15;Pará;9613;2022;1150;50 a 54 anos;6794;Total;9613
Indicador  3.3.4;1020;13;15;Pará;9613;2022;1150;50 a 54 anos;92956;Homem;9613
Indicador  3.3.4;1020;14;15;Pará;9613;2022;1150;50 a 54 anos;92957;Mulher;9613
Indicador  3.3.4;1020;27;15;Pará;9613;2022;1151;55 a 59 anos;6794;Total;9613
Indicador  3.3.4;1020;15;15;Pará;9613;2022;1151;55 a 59 anos;92956;Homem;9613
Indicador  3.3.4;1020;12;15;Pará;9613;2022;1151;55 a 59 anos;92957;Mulher;9613
Indicador  3.3.4;1020;52;15;Pará;9613;2022;3302;60 anos ou mais;6794;Total;9613
Indicador  3.3.4;1020;36;15;Pará;9613;2022;3302;60 anos ou mais;92956;Homem;9613
Indicador  3.3.4;1020;16;15;Pará;9613;2022;3302;60 anos ou mais;92957;Mulher;9613
Indicador  3.3.4;1020;39;16;Amapá;9613;2018;95253;Total;6794;Total;9613
Indicador  3.3.4;1020;21;16;Amapá;9613;2018;95253;Total;92956;Homem;9613
Indicador  3.3.4;1020;18;16;Amapá;9613;2018;95253;Total;92957;Mulher;9613
Indicador  3.3.4;1020;1;16;Amapá;9613;2018;1140;0 a 4 anos;6794;Total;9613
Indicador  3.3.4;1020;0;16;Amapá;9613;2018;1140;0 a 4 anos;92956;Homem;9613
Indicador  3.3.4;1020;1;16;Amapá;9613;2018;1140;0 a 4 anos;92957;Mulher;9613
Indicador  3.3.4;1020;0;16;Amapá;9613;2018;1141;5 a 9 anos;6794;Total;9613
Indicador  3.3.4;1020;0;16;Amapá;9613;2018;1141;5 a 9 anos;92956;Homem;9613
Indicador  3.3.4;1020;0;16;Amapá;9613;2018;1141;5 a 9 anos;92957;Mulher;9613
Indicador  3.3.4;1020;0;16;Amapá;9613;2018;1142;10 a 14 anos;6794;Total;9613
Indicador  3.3.4;1020;0;16;Amapá;9613;2018;1142;10 a 14 anos;92956;Homem;9613
Indicador  3.3.4;1020;0;16;Amapá;9613;2018;1142;10 a 14 anos;92957;Mulher;9613
Indicador  3.3.4;1020;0;16;Amapá;9613;2018;1143;15 a 19 anos;6794;Total;9613
Indicador  3.3.4;1020;0;16;Amapá;9613;2018;1143;15 a 19 anos;92956;Homem;9613
Indicador  3.3.4;1020;0;16;Amapá;9613;2018;1143;15 a 19 anos;92957;Mulher;9613
Indicador  3.3.4;1020;3;16;Amapá;9613;2018;1144;20 a 24 anos;6794;Total;9613
Indicador  3.3.4;1020;1;16;Amapá;9613;2018;1144;20 a 24 anos;92956;Homem;9613
Indicador  3.3.4;1020;2;16;Amapá;9613;2018;1144;20 a 24 anos;92957;Mulher;9613
Indicador  3.3.4;1020;6;16;Amapá;9613;2018;1145;25 a 29 anos;6794;Total;9613
Indicador  3.3.4;1020;2;16;Amapá;9613;2018;1145;25 a 29 anos;92956;Homem;9613
Indicador  3.3.4;1020;4;16;Amapá;9613;2018;1145;25 a 29 anos;92957;Mulher;9613
Indicador  3.3.4;1020;6;16;Amapá;9613;2018;1146;30 a 34 anos;6794;Total;9613
Indicador  3.3.4;1020;3;16;Amapá;9613;2018;1146;30 a 34 anos;92956;Homem;9613
Indicador  3.3.4;1020;3;16;Amapá;9613;2018;1146;30 a 34 anos;92957;Mulher;9613
Indicador  3.3.4;1020;1;16;Amapá;9613;2018;1147;35 a 39 anos;6794;Total;9613
Indicador  3.3.4;1020;1;16;Amapá;9613;2018;1147;35 a 39 anos;92956;Homem;9613
Indicador  3.3.4;1020;0;16;Amapá;9613;2018;1147;35 a 39 anos;92957;Mulher;9613
Indicador  3.3.4;1020;6;16;Amapá;9613;2018;1148;40 a 44 anos;6794;Total;9613
Indicador  3.3.4;1020;2;16;Amapá;9613;2018;1148;40 a 44 anos;92956;Homem;9613
Indicador  3.3.4;1020;4;16;Amapá;9613;2018;1148;40 a 44 anos;92957;Mulher;9613
Indicador  3.3.4;1020;6;16;Amapá;9613;2018;1149;45 a 49 anos;6794;Total;9613
Indicador  3.3.4;1020;5;16;Amapá;9613;2018;1149;45 a 49 anos;92956;Homem;9613
Indicador  3.3.4;1020;1;16;Amapá;9613;2018;1149;45 a 49 anos;92957;Mulher;9613
Indicador  3.3.4;1020;2;16;Amapá;9613;2018;1150;50 a 54 anos;6794;Total;9613
Indicador  3.3.4;1020;1;16;Amapá;9613;2018;1150;50 a 54 anos;92956;Homem;9613
Indicador  3.3.4;1020;1;16;Amapá;9613;2018;1150;50 a 54 anos;92957;Mulher;9613
Indicador  3.3.4;1020;3;16;Amapá;9613;2018;1151;55 a 59 anos;6794;Total;9613
Indicador  3.3.4;1020;2;16;Amapá;9613;2018;1151;55 a 59 anos;92956;Homem;9613
Indicador  3.3.4;1020;1;16;Amapá;9613;2018;1151;55 a 59 anos;92957;Mulher;9613
Indicador  3.3.4;1020;5;16;Amapá;9613;2018;3302;60 anos ou mais;6794;Total;9613
Indicador  3.3.4;1020;4;16;Amapá;9613;2018;3302;60 anos ou mais;92956;Homem;9613
Indicador  3.3.4;1020;1;16;Amapá;9613;2018;3302;60 anos ou mais;92957;Mulher;9613
Indicador  3.3.4;1020;10;16;Amapá;9613;2019;95253;Total;6794;Total;9613
Indicador  3.3.4;1020;2;16;Amapá;9613;2019;95253;Total;92956;Homem;9613
Indicador  3.3.4;1020;8;16;Amapá;9613;2019;95253;Total;92957;Mulher;9613
Indicador  3.3.4;1020;0;16;Amapá;9613;2019;1140;0 a 4 anos;6794;Total;9613
Indicador  3.3.4;1020;0;16;Amapá;9613;2019;1140;0 a 4 anos;92956;Homem;9613
Indicador  3.3.4;1020;0;16;Amapá;9613;2019;1140;0 a 4 anos;92957;Mulher;9613
Indicador  3.3.4;1020;0;16;Amapá;9613;2019;1141;5 a 9 anos;6794;Total;9613
Indicador  3.3.4;1020;0;16;Amapá;9613;2019;1141;5 a 9 anos;92956;Homem;9613
Indicador  3.3.4;1020;0;16;Amapá;9613;2019;1141;5 a 9 anos;92957;Mulher;9613
Indicador  3.3.4;1020;0;16;Amapá;9613;2019;1142;10 a 14 anos;6794;Total;9613
Indicador  3.3.4;1020;0;16;Amapá;9613;2019;1142;10 a 14 anos;92956;Homem;9613
Indicador  3.3.4;1020;0;16;Amapá;9613;2019;1142;10 a 14 anos;92957;Mulher;9613
Indicador  3.3.4;1020;0;16;Amapá;9613;2019;1143;15 a 19 anos;6794;Total;9613
Indicador  3.3.4;1020;0;16;Amapá;9613;2019;1143;15 a 19 anos;92956;Homem;9613
Indicador  3.3.4;1020;0;16;Amapá;9613;2019;1143;15 a 19 anos;92957;Mulher;9613
Indicador  3.3.4;1020;1;16;Amapá;9613;2019;1144;20 a 24 anos;6794;Total;9613
Indicador  3.3.4;1020;0;16;Amapá;9613;2019;1144;20 a 24 anos;92956;Homem;9613
Indicador  3.3.4;1020;1;16;Amapá;9613;2019;1144;20 a 24 anos;92957;Mulher;9613
Indicador  3.3.4;1020;3;16;Amapá;9613;2019;1145;25 a 29 anos;6794;Total;9613
Indicador  3.3.4;1020;0;16;Amapá;9613;2019;1145;25 a 29 anos;92956;Homem;9613
Indicador  3.3.4;1020;3;16;Amapá;9613;2019;1145;25 a 29 anos;92957;Mulher;9613
Indicador  3.3.4;1020;2;16;Amapá;9613;2019;1146;30 a 34 anos;6794;Total;9613
Indicador  3.3.4;1020;0;16;Amapá;9613;2019;1146;30 a 34 anos;92956;Homem;9613
Indicador  3.3.4;1020;2;16;Amapá;9613;2019;1146;30 a 34 anos;92957;Mulher;9613
Indicador  3.3.4;1020;2;16;Amapá;9613;2019;1147;35 a 39 anos;6794;Total;9613
Indicador  3.3.4;1020;1;16;Amapá;9613;2019;1147;35 a 39 anos;92956;Homem;9613
Indicador  3.3.4;1020;1;16;Amapá;9613;2019;1147;35 a 39 anos;92957;Mulher;9613
Indicador  3.3.4;1020;0;16;Amapá;9613;2019;1148;40 a 44 anos;6794;Total;9613
Indicador  3.3.4;1020;0;16;Amapá;9613;2019;1148;40 a 44 anos;92956;Homem;9613
Indicador  3.3.4;1020;0;16;Amapá;9613;2019;1148;40 a 44 anos;92957;Mulher;9613
Indicador  3.3.4;1020;0;16;Amapá;9613;2019;1149;45 a 49 anos;6794;Total;9613
Indicador  3.3.4;1020;0;16;Amapá;9613;2019;1149;45 a 49 anos;92956;Homem;9613
Indicador  3.3.4;1020;0;16;Amapá;9613;2019;1149;45 a 49 anos;92957;Mulher;9613
Indicador  3.3.4;1020;1;16;Amapá;9613;2019;1150;50 a 54 anos;6794;Total;9613
Indicador  3.3.4;1020;0;16;Amapá;9613;2019;1150;50 a 54 anos;92956;Homem;9613
Indicador  3.3.4;1020;1;16;Amapá;9613;2019;1150;50 a 54 anos;92957;Mulher;9613
Indicador  3.3.4;1020;0;16;Amapá;9613;2019;1151;55 a 59 anos;6794;Total;9613
Indicador  3.3.4;1020;0;16;Amapá;9613;2019;1151;55 a 59 anos;92956;Homem;9613
Indicador  3.3.4;1020;0;16;Amapá;9613;2019;1151;55 a 59 anos;92957;Mulher;9613
Indicador  3.3.4;1020;1;16;Amapá;9613;2019;3302;60 anos ou mais;6794;Total;9613
Indicador  3.3.4;1020;1;16;Amapá;9613;2019;3302;60 anos ou mais;92956;Homem;9613
Indicador  3.3.4;1020;0;16;Amapá;9613;2019;3302;60 anos ou mais;92957;Mulher;9613
Indicador  3.3.4;1020;7;16;Amapá;9613;2020;95253;Total;6794;Total;9613
Indicador  3.3.4;1020;4;16;Amapá;9613;2020;95253;Total;92956;Homem;9613
Indicador  3.3.4;1020;3;16;Amapá;9613;2020;95253;Total;92957;Mulher;9613
Indicador  3.3.4;1020;0;16;Amapá;9613;2020;1140;0 a 4 anos;6794;Total;9613
Indicador  3.3.4;1020;0;16;Amapá;9613;2020;1140;0 a 4 anos;92956;Homem;9613
Indicador  3.3.4;1020;0;16;Amapá;9613;2020;1140;0 a 4 anos;92957;Mulher;9613
Indicador  3.3.4;1020;0;16;Amapá;9613;2020;1141;5 a 9 anos;6794;Total;9613
Indicador  3.3.4;1020;0;16;Amapá;9613;2020;1141;5 a 9 anos;92956;Homem;9613
Indicador  3.3.4;1020;0;16;Amapá;9613;2020;1141;5 a 9 anos;92957;Mulher;9613
Indicador  3.3.4;1020;0;16;Amapá;9613;2020;1142;10 a 14 anos;6794;Total;9613
Indicador  3.3.4;1020;0;16;Amapá;9613;2020;1142;10 a 14 anos;92956;Homem;9613
Indicador  3.3.4;1020;0;16;Amapá;9613;2020;1142;10 a 14 anos;92957;Mulher;9613
Indicador  3.3.4;1020;0;16;Amapá;9613;2020;1143;15 a 19 anos;6794;Total;9613
Indicador  3.3.4;1020;0;16;Amapá;9613;2020;1143;15 a 19 anos;92956;Homem;9613
Indicador  3.3.4;1020;0;16;Amapá;9613;2020;1143;15 a 19 anos;92957;Mulher;9613
Indicador  3.3.4;1020;1;16;Amapá;9613;2020;1144;20 a 24 anos;6794;Total;9613
Indicador  3.3.4;1020;0;16;Amapá;9613;2020;1144;20 a 24 anos;92956;Homem;9613
Indicador  3.3.4;1020;1;16;Amapá;9613;2020;1144;20 a 24 anos;92957;Mulher;9613
Indicador  3.3.4;1020;0;16;Amapá;9613;2020;1145;25 a 29 anos;6794;Total;9613
Indicador  3.3.4;1020;0;16;Amapá;9613;2020;1145;25 a 29 anos;92956;Homem;9613
Indicador  3.3.4;1020;0;16;Amapá;9613;2020;1145;25 a 29 anos;92957;Mulher;9613
Indicador  3.3.4;1020;0;16;Amapá;9613;2020;1146;30 a 34 anos;6794;Total;9613
Indicador  3.3.4;1020;0;16;Amapá;9613;2020;1146;30 a 34 anos;92956;Homem;9613
Indicador  3.3.4;1020;0;16;Amapá;9613;2020;1146;30 a 34 anos;92957;Mulher;9613
Indicador  3.3.4;1020;2;16;Amapá;9613;2020;1147;35 a 39 anos;6794;Total;9613
Indicador  3.3.4;1020;1;16;Amapá;9613;2020;1147;35 a 39 anos;92956;Homem;9613
Indicador  3.3.4;1020;1;16;Amapá;9613;2020;1147;35 a 39 anos;92957;Mulher;9613
Indicador  3.3.4;1020;0;16;Amapá;9613;2020;1148;40 a 44 anos;6794;Total;9613
Indicador  3.3.4;1020;0;16;Amapá;9613;2020;1148;40 a 44 anos;92956;Homem;9613
Indicador  3.3.4;1020;0;16;Amapá;9613;2020;1148;40 a 44 anos;92957;Mulher;9613
Indicador  3.3.4;1020;0;16;Amapá;9613;2020;1149;45 a 49 anos;6794;Total;9613
Indicador  3.3.4;1020;0;16;Amapá;9613;2020;1149;45 a 49 anos;92956;Homem;9613
Indicador  3.3.4;1020;0;16;Amapá;9613;2020;1149;45 a 49 anos;92957;Mulher;9613
Indicador  3.3.4;1020;2;16;Amapá;9613;2020;1150;50 a 54 anos;6794;Total;9613
Indicador  3.3.4;1020;2;16;Amapá;9613;2020;1150;50 a 54 anos;92956;Homem;9613
Indicador  3.3.4;1020;0;16;Amapá;9613;2020;1150;50 a 54 anos;92957;Mulher;9613
Indicador  3.3.4;1020;1;16;Amapá;9613;2020;1151;55 a 59 anos;6794;Total;9613
Indicador  3.3.4;1020;0;16;Amapá;9613;2020;1151;55 a 59 anos;92956;Homem;9613
Indicador  3.3.4;1020;1;16;Amapá;9613;2020;1151;55 a 59 anos;92957;Mulher;9613
Indicador  3.3.4;1020;1;16;Amapá;9613;2020;3302;60 anos ou mais;6794;Total;9613
Indicador  3.3.4;1020;1;16;Amapá;9613;2020;3302;60 anos ou mais;92956;Homem;9613
Indicador  3.3.4;1020;0;16;Amapá;9613;2020;3302;60 anos ou mais;92957;Mulher;9613
Indicador  3.3.4;1020;7;16;Amapá;9613;2021;95253;Total;6794;Total;9613
Indicador  3.3.4;1020;4;16;Amapá;9613;2021;95253;Total;92956;Homem;9613
Indicador  3.3.4;1020;3;16;Amapá;9613;2021;95253;Total;92957;Mulher;9613
Indicador  3.3.4;1020;0;16;Amapá;9613;2021;1140;0 a 4 anos;6794;Total;9613
Indicador  3.3.4;1020;0;16;Amapá;9613;2021;1140;0 a 4 anos;92956;Homem;9613
Indicador  3.3.4;1020;0;16;Amapá;9613;2021;1140;0 a 4 anos;92957;Mulher;9613
Indicador  3.3.4;1020;0;16;Amapá;9613;2021;1141;5 a 9 anos;6794;Total;9613
Indicador  3.3.4;1020;0;16;Amapá;9613;2021;1141;5 a 9 anos;92956;Homem;9613
Indicador  3.3.4;1020;0;16;Amapá;9613;2021;1141;5 a 9 anos;92957;Mulher;9613
Indicador  3.3.4;1020;0;16;Amapá;9613;2021;1142;10 a 14 anos;6794;Total;9613
Indicador  3.3.4;1020;0;16;Amapá;9613;2021;1142;10 a 14 anos;92956;Homem;9613
Indicador  3.3.4;1020;0;16;Amapá;9613;2021;1142;10 a 14 anos;92957;Mulher;9613
Indicador  3.3.4;1020;0;16;Amapá;9613;2021;1143;15 a 19 anos;6794;Total;9613
Indicador  3.3.4;1020;0;16;Amapá;9613;2021;1143;15 a 19 anos;92956;Homem;9613
Indicador  3.3.4;1020;0;16;Amapá;9613;2021;1143;15 a 19 anos;92957;Mulher;9613
Indicador  3.3.4;1020;0;16;Amapá;9613;2021;1144;20 a 24 anos;6794;Total;9613
Indicador  3.3.4;1020;0;16;Amapá;9613;2021;1144;20 a 24 anos;92956;Homem;9613
Indicador  3.3.4;1020;0;16;Amapá;9613;2021;1144;20 a 24 anos;92957;Mulher;9613
Indicador  3.3.4;1020;0;16;Amapá;9613;2021;1145;25 a 29 anos;6794;Total;9613
Indicador  3.3.4;1020;0;16;Amapá;9613;2021;1145;25 a 29 anos;92956;Homem;9613
Indicador  3.3.4;1020;0;16;Amapá;9613;2021;1145;25 a 29 anos;92957;Mulher;9613
Indicador  3.3.4;1020;1;16;Amapá;9613;2021;1146;30 a 34 anos;6794;Total;9613
Indicador  3.3.4;1020;1;16;Amapá;9613;2021;1146;30 a 34 anos;92956;Homem;9613
Indicador  3.3.4;1020;0;16;Amapá;9613;2021;1146;30 a 34 anos;92957;Mulher;9613
Indicador  3.3.4;1020;1;16;Amapá;9613;2021;1147;35 a 39 anos;6794;Total;9613
Indicador  3.3.4;1020;0;16;Amapá;9613;2021;1147;35 a 39 anos;92956;Homem;9613
Indicador  3.3.4;1020;1;16;Amapá;9613;2021;1147;35 a 39 anos;92957;Mulher;9613
Indicador  3.3.4;1020;2;16;Amapá;9613;2021;1148;40 a 44 anos;6794;Total;9613
Indicador  3.3.4;1020;2;16;Amapá;9613;2021;1148;40 a 44 anos;92956;Homem;9613
Indicador  3.3.4;1020;0;16;Amapá;9613;2021;1148;40 a 44 anos;92957;Mulher;9613
Indicador  3.3.4;1020;2;16;Amapá;9613;2021;1149;45 a 49 anos;6794;Total;9613
Indicador  3.3.4;1020;1;16;Amapá;9613;2021;1149;45 a 49 anos;92956;Homem;9613
Indicador  3.3.4;1020;1;16;Amapá;9613;2021;1149;45 a 49 anos;92957;Mulher;9613
Indicador  3.3.4;1020;0;16;Amapá;9613;2021;1150;50 a 54 anos;6794;Total;9613
Indicador  3.3.4;1020;0;16;Amapá;9613;2021;1150;50 a 54 anos;92956;Homem;9613
Indicador  3.3.4;1020;0;16;Amapá;9613;2021;1150;50 a 54 anos;92957;Mulher;9613
Indicador  3.3.4;1020;0;16;Amapá;9613;2021;1151;55 a 59 anos;6794;Total;9613
Indicador  3.3.4;1020;0;16;Amapá;9613;2021;1151;55 a 59 anos;92956;Homem;9613
Indicador  3.3.4;1020;0;16;Amapá;9613;2021;1151;55 a 59 anos;92957;Mulher;9613
Indicador  3.3.4;1020;1;16;Amapá;9613;2021;3302;60 anos ou mais;6794;Total;9613
Indicador  3.3.4;1020;0;16;Amapá;9613;2021;3302;60 anos ou mais;92956;Homem;9613
Indicador  3.3.4;1020;1;16;Amapá;9613;2021;3302;60 anos ou mais;92957;Mulher;9613
Indicador  3.3.4;1020;13;16;Amapá;9613;2022;95253;Total;6794;Total;9613
Indicador  3.3.4;1020;8;16;Amapá;9613;2022;95253;Total;92956;Homem;9613
Indicador  3.3.4;1020;5;16;Amapá;9613;2022;95253;Total;92957;Mulher;9613
Indicador  3.3.4;1020;0;16;Amapá;9613;2022;1140;0 a 4 anos;6794;Total;9613
Indicador  3.3.4;1020;0;16;Amapá;9613;2022;1140;0 a 4 anos;92956;Homem;9613
Indicador  3.3.4;1020;0;16;Amapá;9613;2022;1140;0 a 4 anos;92957;Mulher;9613
Indicador  3.3.4;1020;0;16;Amapá;9613;2022;1141;5 a 9 anos;6794;Total;9613
Indicador  3.3.4;1020;0;16;Amapá;9613;2022;1141;5 a 9 anos;92956;Homem;9613
Indicador  3.3.4;1020;0;16;Amapá;9613;2022;1141;5 a 9 anos;92957;Mulher;9613
Indicador  3.3.4;1020;0;16;Amapá;9613;2022;1142;10 a 14 anos;6794;Total;9613
Indicador  3.3.4;1020;0;16;Amapá;9613;2022;1142;10 a 14 anos;92956;Homem;9613
Indicador  3.3.4;1020;0;16;Amapá;9613;2022;1142;10 a 14 anos;92957;Mulher;9613
Indicador  3.3.4;1020;0;16;Amapá;9613;2022;1143;15 a 19 anos;6794;Total;9613
Indicador  3.3.4;1020;0;16;Amapá;9613;2022;1143;15 a 19 anos;92956;Homem;9613
Indicador  3.3.4;1020;0;16;Amapá;9613;2022;1143;15 a 19 anos;92957;Mulher;9613
Indicador  3.3.4;1020;0;16;Amapá;9613;2022;1144;20 a 24 anos;6794;Total;9613
Indicador  3.3.4;1020;0;16;Amapá;9613;2022;1144;20 a 24 anos;92956;Homem;9613
Indicador  3.3.4;1020;0;16;Amapá;9613;2022;1144;20 a 24 anos;92957;Mulher;9613
Indicador  3.3.4;1020;3;16;Amapá;9613;2022;1145;25 a 29 anos;6794;Total;9613
Indicador  3.3.4;1020;2;16;Amapá;9613;2022;1145;25 a 29 anos;92956;Homem;9613
Indicador  3.3.4;1020;1;16;Amapá;9613;2022;1145;25 a 29 anos;92957;Mulher;9613
Indicador  3.3.4;1020;1;16;Amapá;9613;2022;1146;30 a 34 anos;6794;Total;9613
Indicador  3.3.4;1020;0;16;Amapá;9613;2022;1146;30 a 34 anos;92956;Homem;9613
Indicador  3.3.4;1020;1;16;Amapá;9613;2022;1146;30 a 34 anos;92957;Mulher;9613
Indicador  3.3.4;1020;1;16;Amapá;9613;2022;1147;35 a 39 anos;6794;Total;9613
Indicador  3.3.4;1020;0;16;Amapá;9613;2022;1147;35 a 39 anos;92956;Homem;9613
Indicador  3.3.4;1020;1;16;Amapá;9613;2022;1147;35 a 39 anos;92957;Mulher;9613
Indicador  3.3.4;1020;1;16;Amapá;9613;2022;1148;40 a 44 anos;6794;Total;9613
Indicador  3.3.4;1020;1;16;Amapá;9613;2022;1148;40 a 44 anos;92956;Homem;9613
Indicador  3.3.4;1020;0;16;Amapá;9613;2022;1148;40 a 44 anos;92957;Mulher;9613
Indicador  3.3.4;1020;4;16;Amapá;9613;2022;1149;45 a 49 anos;6794;Total;9613
Indicador  3.3.4;1020;2;16;Amapá;9613;2022;1149;45 a 49 anos;92956;Homem;9613
Indicador  3.3.4;1020;2;16;Amapá;9613;2022;1149;45 a 49 anos;92957;Mulher;9613
Indicador  3.3.4;1020;2;16;Amapá;9613;2022;1150;50 a 54 anos;6794;Total;9613
Indicador  3.3.4;1020;2;16;Amapá;9613;2022;1150;50 a 54 anos;92956;Homem;9613
Indicador  3.3.4;1020;0;16;Amapá;9613;2022;1150;50 a 54 anos;92957;Mulher;9613
Indicador  3.3.4;1020;0;16;Amapá;9613;2022;1151;55 a 59 anos;6794;Total;9613
Indicador  3.3.4;1020;0;16;Amapá;9613;2022;1151;55 a 59 anos;92956;Homem;9613
Indicador  3.3.4;1020;0;16;Amapá;9613;2022;1151;55 a 59 anos;92957;Mulher;9613
Indicador  3.3.4;1020;1;16;Amapá;9613;2022;3302;60 anos ou mais;6794;Total;9613
Indicador  3.3.4;1020;1;16;Amapá;9613;2022;3302;60 anos ou mais;92956;Homem;9613
Indicador  3.3.4;1020;0;16;Amapá;9613;2022;3302;60 anos ou mais;92957;Mulher;9613
Indicador  3.3.4;1020;138;17;Tocantins;9613;2018;95253;Total;6794;Total;9613
Indicador  3.3.4;1020;80;17;Tocantins;9613;2018;95253;Total;92956;Homem;9613
Indicador  3.3.4;1020;58;17;Tocantins;9613;2018;95253;Total;92957;Mulher;9613
Indicador  3.3.4;1020;2;17;Tocantins;9613;2018;1140;0 a 4 anos;6794;Total;9613
Indicador  3.3.4;1020;2;17;Tocantins;9613;2018;1140;0 a 4 anos;92956;Homem;9613
Indicador  3.3.4;1020;0;17;Tocantins;9613;2018;1140;0 a 4 anos;92957;Mulher;9613
Indicador  3.3.4;1020;0;17;Tocantins;9613;2018;1141;5 a 9 anos;6794;Total;9613
Indicador  3.3.4;1020;0;17;Tocantins;9613;2018;1141;5 a 9 anos;92956;Homem;9613
Indicador  3.3.4;1020;0;17;Tocantins;9613;2018;1141;5 a 9 anos;92957;Mulher;9613
Indicador  3.3.4;1020;0;17;Tocantins;9613;2018;1142;10 a 14 anos;6794;Total;9613
Indicador  3.3.4;1020;0;17;Tocantins;9613;2018;1142;10 a 14 anos;92956;Homem;9613
Indicador  3.3.4;1020;0;17;Tocantins;9613;2018;1142;10 a 14 anos;92957;Mulher;9613
Indicador  3.3.4;1020;5;17;Tocantins;9613;2018;1143;15 a 19 anos;6794;Total;9613
Indicador  3.3.4;1020;1;17;Tocantins;9613;2018;1143;15 a 19 anos;92956;Homem;9613
Indicador  3.3.4;1020;4;17;Tocantins;9613;2018;1143;15 a 19 anos;92957;Mulher;9613
Indicador  3.3.4;1020;15;17;Tocantins;9613;2018;1144;20 a 24 anos;6794;Total;9613
Indicador  3.3.4;1020;8;17;Tocantins;9613;2018;1144;20 a 24 anos;92956;Homem;9613
Indicador  3.3.4;1020;7;17;Tocantins;9613;2018;1144;20 a 24 anos;92957;Mulher;9613
Indicador  3.3.4;1020;13;17;Tocantins;9613;2018;1145;25 a 29 anos;6794;Total;9613
Indicador  3.3.4;1020;6;17;Tocantins;9613;2018;1145;25 a 29 anos;92956;Homem;9613
Indicador  3.3.4;1020;7;17;Tocantins;9613;2018;1145;25 a 29 anos;92957;Mulher;9613
Indicador  3.3.4;1020;11;17;Tocantins;9613;2018;1146;30 a 34 anos;6794;Total;9613
Indicador  3.3.4;1020;8;17;Tocantins;9613;2018;1146;30 a 34 anos;92956;Homem;9613
Indicador  3.3.4;1020;3;17;Tocantins;9613;2018;1146;30 a 34 anos;92957;Mulher;9613
Indicador  3.3.4;1020;15;17;Tocantins;9613;2018;1147;35 a 39 anos;6794;Total;9613
Indicador  3.3.4;1020;9;17;Tocantins;9613;2018;1147;35 a 39 anos;92956;Homem;9613
Indicador  3.3.4;1020;6;17;Tocantins;9613;2018;1147;35 a 39 anos;92957;Mulher;9613
Indicador  3.3.4;1020;15;17;Tocantins;9613;2018;1148;40 a 44 anos;6794;Total;9613
Indicador  3.3.4;1020;7;17;Tocantins;9613;2018;1148;40 a 44 anos;92956;Homem;9613
Indicador  3.3.4;1020;8;17;Tocantins;9613;2018;1148;40 a 44 anos;92957;Mulher;9613
Indicador  3.3.4;1020;16;17;Tocantins;9613;2018;1149;45 a 49 anos;6794;Total;9613
Indicador  3.3.4;1020;11;17;Tocantins;9613;2018;1149;45 a 49 anos;92956;Homem;9613
Indicador  3.3.4;1020;5;17;Tocantins;9613;2018;1149;45 a 49 anos;92957;Mulher;9613
Indicador  3.3.4;1020;24;17;Tocantins;9613;2018;1150;50 a 54 anos;6794;Total;9613
Indicador  3.3.4;1020;13;17;Tocantins;9613;2018;1150;50 a 54 anos;92956;Homem;9613
Indicador  3.3.4;1020;11;17;Tocantins;9613;2018;1150;50 a 54 anos;92957;Mulher;9613
Indicador  3.3.4;1020;13;17;Tocantins;9613;2018;1151;55 a 59 anos;6794;Total;9613
Indicador  3.3.4;1020;10;17;Tocantins;9613;2018;1151;55 a 59 anos;92956;Homem;9613
Indicador  3.3.4;1020;3;17;Tocantins;9613;2018;1151;55 a 59 anos;92957;Mulher;9613
Indicador  3.3.4;1020;9;17;Tocantins;9613;2018;3302;60 anos ou mais;6794;Total;9613
Indicador  3.3.4;1020;5;17;Tocantins;9613;2018;3302;60 anos ou mais;92956;Homem;9613
Indicador  3.3.4;1020;4;17;Tocantins;9613;2018;3302;60 anos ou mais;92957;Mulher;9613
Indicador  3.3.4;1020;100;17;Tocantins;9613;2019;95253;Total;6794;Total;9613
Indicador  3.3.4;1020;51;17;Tocantins;9613;2019;95253;Total;92956;Homem;9613
Indicador  3.3.4;1020;49;17;Tocantins;9613;2019;95253;Total;92957;Mulher;9613
Indicador  3.3.4;1020;4;17;Tocantins;9613;2019;1140;0 a 4 anos;6794;Total;9613
Indicador  3.3.4;1020;2;17;Tocantins;9613;2019;1140;0 a 4 anos;92956;Homem;9613
Indicador  3.3.4;1020;2;17;Tocantins;9613;2019;1140;0 a 4 anos;92957;Mulher;9613
Indicador  3.3.4;1020;0;17;Tocantins;9613;2019;1141;5 a 9 anos;6794;Total;9613
Indicador  3.3.4;1020;0;17;Tocantins;9613;2019;1141;5 a 9 anos;92956;Homem;9613
Indicador  3.3.4;1020;0;17;Tocantins;9613;2019;1141;5 a 9 anos;92957;Mulher;9613
Indicador  3.3.4;1020;1;17;Tocantins;9613;2019;1142;10 a 14 anos;6794;Total;9613
Indicador  3.3.4;1020;1;17;Tocantins;9613;2019;1142;10 a 14 anos;92956;Homem;9613
Indicador  3.3.4;1020;0;17;Tocantins;9613;2019;1142;10 a 14 anos;92957;Mulher;9613
Indicador  3.3.4;1020;1;17;Tocantins;9613;2019;1143;15 a 19 anos;6794;Total;9613
Indicador  3.3.4;1020;1;17;Tocantins;9613;2019;1143;15 a 19 anos;92956;Homem;9613
Indicador  3.3.4;1020;0;17;Tocantins;9613;2019;1143;15 a 19 anos;92957;Mulher;9613
Indicador  3.3.4;1020;8;17;Tocantins;9613;2019;1144;20 a 24 anos;6794;Total;9613
Indicador  3.3.4;1020;2;17;Tocantins;9613;2019;1144;20 a 24 anos;92956;Homem;9613
Indicador  3.3.4;1020;6;17;Tocantins;9613;2019;1144;20 a 24 anos;92957;Mulher;9613
Indicador  3.3.4;1020;11;17;Tocantins;9613;2019;1145;25 a 29 anos;6794;Total;9613
Indicador  3.3.4;1020;3;17;Tocantins;9613;2019;1145;25 a 29 anos;92956;Homem;9613
Indicador  3.3.4;1020;8;17;Tocantins;9613;2019;1145;25 a 29 anos;92957;Mulher;9613
Indicador  3.3.4;1020;14;17;Tocantins;9613;2019;1146;30 a 34 anos;6794;Total;9613
Indicador  3.3.4;1020;6;17;Tocantins;9613;2019;1146;30 a 34 anos;92956;Homem;9613
Indicador  3.3.4;1020;8;17;Tocantins;9613;2019;1146;30 a 34 anos;92957;Mulher;9613
Indicador  3.3.4;1020;16;17;Tocantins;9613;2019;1147;35 a 39 anos;6794;Total;9613
Indicador  3.3.4;1020;11;17;Tocantins;9613;2019;1147;35 a 39 anos;92956;Homem;9613
Indicador  3.3.4;1020;5;17;Tocantins;9613;2019;1147;35 a 39 anos;92957;Mulher;9613
Indicador  3.3.4;1020;12;17;Tocantins;9613;2019;1148;40 a 44 anos;6794;Total;9613
Indicador  3.3.4;1020;8;17;Tocantins;9613;2019;1148;40 a 44 anos;92956;Homem;9613
Indicador  3.3.4;1020;4;17;Tocantins;9613;2019;1148;40 a 44 anos;92957;Mulher;9613
Indicador  3.3.4;1020;8;17;Tocantins;9613;2019;1149;45 a 49 anos;6794;Total;9613
Indicador  3.3.4;1020;4;17;Tocantins;9613;2019;1149;45 a 49 anos;92956;Homem;9613
Indicador  3.3.4;1020;4;17;Tocantins;9613;2019;1149;45 a 49 anos;92957;Mulher;9613
Indicador  3.3.4;1020;8;17;Tocantins;9613;2019;1150;50 a 54 anos;6794;Total;9613
Indicador  3.3.4;1020;2;17;Tocantins;9613;2019;1150;50 a 54 anos;92956;Homem;9613
Indicador  3.3.4;1020;6;17;Tocantins;9613;2019;1150;50 a 54 anos;92957;Mulher;9613
Indicador  3.3.4;1020;9;17;Tocantins;9613;2019;1151;55 a 59 anos;6794;Total;9613
Indicador  3.3.4;1020;6;17;Tocantins;9613;2019;1151;55 a 59 anos;92956;Homem;9613
Indicador  3.3.4;1020;3;17;Tocantins;9613;2019;1151;55 a 59 anos;92957;Mulher;9613
Indicador  3.3.4;1020;8;17;Tocantins;9613;2019;3302;60 anos ou mais;6794;Total;9613
Indicador  3.3.4;1020;5;17;Tocantins;9613;2019;3302;60 anos ou mais;92956;Homem;9613
Indicador  3.3.4;1020;3;17;Tocantins;9613;2019;3302;60 anos ou mais;92957;Mulher;9613
Indicador  3.3.4;1020;44;17;Tocantins;9613;2020;95253;Total;6794;Total;9613
Indicador  3.3.4;1020;23;17;Tocantins;9613;2020;95253;Total;92956;Homem;9613
Indicador  3.3.4;1020;21;17;Tocantins;9613;2020;95253;Total;92957;Mulher;9613
Indicador  3.3.4;1020;0;17;Tocantins;9613;2020;1140;0 a 4 anos;6794;Total;9613
Indicador  3.3.4;1020;0;17;Tocantins;9613;2020;1140;0 a 4 anos;92956;Homem;9613
Indicador  3.3.4;1020;0;17;Tocantins;9613;2020;1140;0 a 4 anos;92957;Mulher;9613
Indicador  3.3.4;1020;0;17;Tocantins;9613;2020;1141;5 a 9 anos;6794;Total;9613
Indicador  3.3.4;1020;0;17;Tocantins;9613;2020;1141;5 a 9 anos;92956;Homem;9613
Indicador  3.3.4;1020;0;17;Tocantins;9613;2020;1141;5 a 9 anos;92957;Mulher;9613
Indicador  3.3.4;1020;0;17;Tocantins;9613;2020;1142;10 a 14 anos;6794;Total;9613
Indicador  3.3.4;1020;0;17;Tocantins;9613;2020;1142;10 a 14 anos;92956;Homem;9613
Indicador  3.3.4;1020;0;17;Tocantins;9613;2020;1142;10 a 14 anos;92957;Mulher;9613
Indicador  3.3.4;1020;1;17;Tocantins;9613;2020;1143;15 a 19 anos;6794;Total;9613
Indicador  3.3.4;1020;0;17;Tocantins;9613;2020;1143;15 a 19 anos;92956;Homem;9613
Indicador  3.3.4;1020;1;17;Tocantins;9613;2020;1143;15 a 19 anos;92957;Mulher;9613
Indicador  3.3.4;1020;1;17;Tocantins;9613;2020;1144;20 a 24 anos;6794;Total;9613
Indicador  3.3.4;1020;0;17;Tocantins;9613;2020;1144;20 a 24 anos;92956;Homem;9613
Indicador  3.3.4;1020;1;17;Tocantins;9613;2020;1144;20 a 24 anos;92957;Mulher;9613
Indicador  3.3.4;1020;6;17;Tocantins;9613;2020;1145;25 a 29 anos;6794;Total;9613
Indicador  3.3.4;1020;1;17;Tocantins;9613;2020;1145;25 a 29 anos;92956;Homem;9613
Indicador  3.3.4;1020;5;17;Tocantins;9613;2020;1145;25 a 29 anos;92957;Mulher;9613
Indicador  3.3.4;1020;7;17;Tocantins;9613;2020;1146;30 a 34 anos;6794;Total;9613
Indicador  3.3.4;1020;2;17;Tocantins;9613;2020;1146;30 a 34 anos;92956;Homem;9613
Indicador  3.3.4;1020;5;17;Tocantins;9613;2020;1146;30 a 34 anos;92957;Mulher;9613
Indicador  3.3.4;1020;8;17;Tocantins;9613;2020;1147;35 a 39 anos;6794;Total;9613
Indicador  3.3.4;1020;5;17;Tocantins;9613;2020;1147;35 a 39 anos;92956;Homem;9613
Indicador  3.3.4;1020;3;17;Tocantins;9613;2020;1147;35 a 39 anos;92957;Mulher;9613
Indicador  3.3.4;1020;1;17;Tocantins;9613;2020;1148;40 a 44 anos;6794;Total;9613
Indicador  3.3.4;1020;0;17;Tocantins;9613;2020;1148;40 a 44 anos;92956;Homem;9613
Indicador  3.3.4;1020;1;17;Tocantins;9613;2020;1148;40 a 44 anos;92957;Mulher;9613
Indicador  3.3.4;1020;6;17;Tocantins;9613;2020;1149;45 a 49 anos;6794;Total;9613
Indicador  3.3.4;1020;3;17;Tocantins;9613;2020;1149;45 a 49 anos;92956;Homem;9613
Indicador  3.3.4;1020;3;17;Tocantins;9613;2020;1149;45 a 49 anos;92957;Mulher;9613
Indicador  3.3.4;1020;4;17;Tocantins;9613;2020;1150;50 a 54 anos;6794;Total;9613
Indicador  3.3.4;1020;4;17;Tocantins;9613;2020;1150;50 a 54 anos;92956;Homem;9613
Indicador  3.3.4;1020;0;17;Tocantins;9613;2020;1150;50 a 54 anos;92957;Mulher;9613
Indicador  3.3.4;1020;3;17;Tocantins;9613;2020;1151;55 a 59 anos;6794;Total;9613
Indicador  3.3.4;1020;2;17;Tocantins;9613;2020;1151;55 a 59 anos;92956;Homem;9613
Indicador  3.3.4;1020;1;17;Tocantins;9613;2020;1151;55 a 59 anos;92957;Mulher;9613
Indicador  3.3.4;1020;7;17;Tocantins;9613;2020;3302;60 anos ou mais;6794;Total;9613
Indicador  3.3.4;1020;6;17;Tocantins;9613;2020;3302;60 anos ou mais;92956;Homem;9613
Indicador  3.3.4;1020;1;17;Tocantins;9613;2020;3302;60 anos ou mais;92957;Mulher;9613
Indicador  3.3.4;1020;67;17;Tocantins;9613;2021;95253;Total;6794;Total;9613
Indicador  3.3.4;1020;33;17;Tocantins;9613;2021;95253;Total;92956;Homem;9613
Indicador  3.3.4;1020;34;17;Tocantins;9613;2021;95253;Total;92957;Mulher;9613
Indicador  3.3.4;1020;1;17;Tocantins;9613;2021;1140;0 a 4 anos;6794;Total;9613
Indicador  3.3.4;1020;1;17;Tocantins;9613;2021;1140;0 a 4 anos;92956;Homem;9613
Indicador  3.3.4;1020;0;17;Tocantins;9613;2021;1140;0 a 4 anos;92957;Mulher;9613
Indicador  3.3.4;1020;0;17;Tocantins;9613;2021;1141;5 a 9 anos;6794;Total;9613
Indicador  3.3.4;1020;0;17;Tocantins;9613;2021;1141;5 a 9 anos;92956;Homem;9613
Indicador  3.3.4;1020;0;17;Tocantins;9613;2021;1141;5 a 9 anos;92957;Mulher;9613
Indicador  3.3.4;1020;0;17;Tocantins;9613;2021;1142;10 a 14 anos;6794;Total;9613
Indicador  3.3.4;1020;0;17;Tocantins;9613;2021;1142;10 a 14 anos;92956;Homem;9613
Indicador  3.3.4;1020;0;17;Tocantins;9613;2021;1142;10 a 14 anos;92957;Mulher;9613
Indicador  3.3.4;1020;2;17;Tocantins;9613;2021;1143;15 a 19 anos;6794;Total;9613
Indicador  3.3.4;1020;1;17;Tocantins;9613;2021;1143;15 a 19 anos;92956;Homem;9613
Indicador  3.3.4;1020;1;17;Tocantins;9613;2021;1143;15 a 19 anos;92957;Mulher;9613
Indicador  3.3.4;1020;2;17;Tocantins;9613;2021;1144;20 a 24 anos;6794;Total;9613
Indicador  3.3.4;1020;0;17;Tocantins;9613;2021;1144;20 a 24 anos;92956;Homem;9613
Indicador  3.3.4;1020;2;17;Tocantins;9613;2021;1144;20 a 24 anos;92957;Mulher;9613
Indicador  3.3.4;1020;9;17;Tocantins;9613;2021;1145;25 a 29 anos;6794;Total;9613
Indicador  3.3.4;1020;1;17;Tocantins;9613;2021;1145;25 a 29 anos;92956;Homem;9613
Indicador  3.3.4;1020;8;17;Tocantins;9613;2021;1145;25 a 29 anos;92957;Mulher;9613
Indicador  3.3.4;1020;6;17;Tocantins;9613;2021;1146;30 a 34 anos;6794;Total;9613
Indicador  3.3.4;1020;2;17;Tocantins;9613;2021;1146;30 a 34 anos;92956;Homem;9613
Indicador  3.3.4;1020;4;17;Tocantins;9613;2021;1146;30 a 34 anos;92957;Mulher;9613
Indicador  3.3.4;1020;10;17;Tocantins;9613;2021;1147;35 a 39 anos;6794;Total;9613
Indicador  3.3.4;1020;6;17;Tocantins;9613;2021;1147;35 a 39 anos;92956;Homem;9613
Indicador  3.3.4;1020;4;17;Tocantins;9613;2021;1147;35 a 39 anos;92957;Mulher;9613
Indicador  3.3.4;1020;9;17;Tocantins;9613;2021;1148;40 a 44 anos;6794;Total;9613
Indicador  3.3.4;1020;7;17;Tocantins;9613;2021;1148;40 a 44 anos;92956;Homem;9613
Indicador  3.3.4;1020;2;17;Tocantins;9613;2021;1148;40 a 44 anos;92957;Mulher;9613
Indicador  3.3.4;1020;4;17;Tocantins;9613;2021;1149;45 a 49 anos;6794;Total;9613
Indicador  3.3.4;1020;1;17;Tocantins;9613;2021;1149;45 a 49 anos;92956;Homem;9613
Indicador  3.3.4;1020;3;17;Tocantins;9613;2021;1149;45 a 49 anos;92957;Mulher;9613
Indicador  3.3.4;1020;5;17;Tocantins;9613;2021;1150;50 a 54 anos;6794;Total;9613
Indicador  3.3.4;1020;3;17;Tocantins;9613;2021;1150;50 a 54 anos;92956;Homem;9613
Indicador  3.3.4;1020;2;17;Tocantins;9613;2021;1150;50 a 54 anos;92957;Mulher;9613
Indicador  3.3.4;1020;4;17;Tocantins;9613;2021;1151;55 a 59 anos;6794;Total;9613
Indicador  3.3.4;1020;3;17;Tocantins;9613;2021;1151;55 a 59 anos;92956;Homem;9613
Indicador  3.3.4;1020;1;17;Tocantins;9613;2021;1151;55 a 59 anos;92957;Mulher;9613
Indicador  3.3.4;1020;15;17;Tocantins;9613;2021;3302;60 anos ou mais;6794;Total;9613
Indicador  3.3.4;1020;8;17;Tocantins;9613;2021;3302;60 anos ou mais;92956;Homem;9613
Indicador  3.3.4;1020;7;17;Tocantins;9613;2021;3302;60 anos ou mais;92957;Mulher;9613
Indicador  3.3.4;1020;66;17;Tocantins;9613;2022;95253;Total;6794;Total;9613
Indicador  3.3.4;1020;31;17;Tocantins;9613;2022;95253;Total;92956;Homem;9613
Indicador  3.3.4;1020;35;17;Tocantins;9613;2022;95253;Total;92957;Mulher;9613
Indicador  3.3.4;1020;0;17;Tocantins;9613;2022;1140;0 a 4 anos;6794;Total;9613
Indicador  3.3.4;1020;0;17;Tocantins;9613;2022;1140;0 a 4 anos;92956;Homem;9613
Indicador  3.3.4;1020;0;17;Tocantins;9613;2022;1140;0 a 4 anos;92957;Mulher;9613
Indicador  3.3.4;1020;0;17;Tocantins;9613;2022;1141;5 a 9 anos;6794;Total;9613
Indicador  3.3.4;1020;0;17;Tocantins;9613;2022;1141;5 a 9 anos;92956;Homem;9613
Indicador  3.3.4;1020;0;17;Tocantins;9613;2022;1141;5 a 9 anos;92957;Mulher;9613
Indicador  3.3.4;1020;2;17;Tocantins;9613;2022;1142;10 a 14 anos;6794;Total;9613
Indicador  3.3.4;1020;2;17;Tocantins;9613;2022;1142;10 a 14 anos;92956;Homem;9613
Indicador  3.3.4;1020;0;17;Tocantins;9613;2022;1142;10 a 14 anos;92957;Mulher;9613
Indicador  3.3.4;1020;2;17;Tocantins;9613;2022;1143;15 a 19 anos;6794;Total;9613
Indicador  3.3.4;1020;1;17;Tocantins;9613;2022;1143;15 a 19 anos;92956;Homem;9613
Indicador  3.3.4;1020;1;17;Tocantins;9613;2022;1143;15 a 19 anos;92957;Mulher;9613
Indicador  3.3.4;1020;3;17;Tocantins;9613;2022;1144;20 a 24 anos;6794;Total;9613
Indicador  3.3.4;1020;1;17;Tocantins;9613;2022;1144;20 a 24 anos;92956;Homem;9613
Indicador  3.3.4;1020;2;17;Tocantins;9613;2022;1144;20 a 24 anos;92957;Mulher;9613
Indicador  3.3.4;1020;3;17;Tocantins;9613;2022;1145;25 a 29 anos;6794;Total;9613
Indicador  3.3.4;1020;1;17;Tocantins;9613;2022;1145;25 a 29 anos;92956;Homem;9613
Indicador  3.3.4;1020;2;17;Tocantins;9613;2022;1145;25 a 29 anos;92957;Mulher;9613
Indicador  3.3.4;1020;7;17;Tocantins;9613;2022;1146;30 a 34 anos;6794;Total;9613
Indicador  3.3.4;1020;1;17;Tocantins;9613;2022;1146;30 a 34 anos;92956;Homem;9613
Indicador  3.3.4;1020;6;17;Tocantins;9613;2022;1146;30 a 34 anos;92957;Mulher;9613
Indicador  3.3.4;1020;11;17;Tocantins;9613;2022;1147;35 a 39 anos;6794;Total;9613
Indicador  3.3.4;1020;5;17;Tocantins;9613;2022;1147;35 a 39 anos;92956;Homem;9613
Indicador  3.3.4;1020;6;17;Tocantins;9613;2022;1147;35 a 39 anos;92957;Mulher;9613
Indicador  3.3.4;1020;10;17;Tocantins;9613;2022;1148;40 a 44 anos;6794;Total;9613
Indicador  3.3.4;1020;3;17;Tocantins;9613;2022;1148;40 a 44 anos;92956;Homem;9613
Indicador  3.3.4;1020;7;17;Tocantins;9613;2022;1148;40 a 44 anos;92957;Mulher;9613
Indicador  3.3.4;1020;5;17;Tocantins;9613;2022;1149;45 a 49 anos;6794;Total;9613
Indicador  3.3.4;1020;3;17;Tocantins;9613;2022;1149;45 a 49 anos;92956;Homem;9613
Indicador  3.3.4;1020;2;17;Tocantins;9613;2022;1149;45 a 49 anos;92957;Mulher;9613
Indicador  3.3.4;1020;9;17;Tocantins;9613;2022;1150;50 a 54 anos;6794;Total;9613
Indicador  3.3.4;1020;6;17;Tocantins;9613;2022;1150;50 a 54 anos;92956;Homem;9613
Indicador  3.3.4;1020;3;17;Tocantins;9613;2022;1150;50 a 54 anos;92957;Mulher;9613
Indicador  3.3.4;1020;5;17;Tocantins;9613;2022;1151;55 a 59 anos;6794;Total;9613
Indicador  3.3.4;1020;3;17;Tocantins;9613;2022;1151;55 a 59 anos;92956;Homem;9613
Indicador  3.3.4;1020;2;17;Tocantins;9613;2022;1151;55 a 59 anos;92957;Mulher;9613
Indicador  3.3.4;1020;9;17;Tocantins;9613;2022;3302;60 anos ou mais;6794;Total;9613
Indicador  3.3.4;1020;5;17;Tocantins;9613;2022;3302;60 anos ou mais;92956;Homem;9613
Indicador  3.3.4;1020;4;17;Tocantins;9613;2022;3302;60 anos ou mais;92957;Mulher;9613
Indicador  3.3.4;1020;293;21;Maranhão;9613;2018;95253;Total;6794;Total;9613
Indicador  3.3.4;1020;120;21;Maranhão;9613;2018;95253;Total;92956;Homem;9613
Indicador  3.3.4;1020;173;21;Maranhão;9613;2018;95253;Total;92957;Mulher;9613
Indicador  3.3.4;1020;3;21;Maranhão;9613;2018;1140;0 a 4 anos;6794;Total;9613
Indicador  3.3.4;1020;2;21;Maranhão;9613;2018;1140;0 a 4 anos;92956;Homem;9613
Indicador  3.3.4;1020;1;21;Maranhão;9613;2018;1140;0 a 4 anos;92957;Mulher;9613
Indicador  3.3.4;1020;1;21;Maranhão;9613;2018;1141;5 a 9 anos;6794;Total;9613
Indicador  3.3.4;1020;1;21;Maranhão;9613;2018;1141;5 a 9 anos;92956;Homem;9613
Indicador  3.3.4;1020;0;21;Maranhão;9613;2018;1141;5 a 9 anos;92957;Mulher;9613
Indicador  3.3.4;1020;0;21;Maranhão;9613;2018;1142;10 a 14 anos;6794;Total;9613
Indicador  3.3.4;1020;0;21;Maranhão;9613;2018;1142;10 a 14 anos;92956;Homem;9613
Indicador  3.3.4;1020;0;21;Maranhão;9613;2018;1142;10 a 14 anos;92957;Mulher;9613
Indicador  3.3.4;1020;9;21;Maranhão;9613;2018;1143;15 a 19 anos;6794;Total;9613
Indicador  3.3.4;1020;2;21;Maranhão;9613;2018;1143;15 a 19 anos;92956;Homem;9613
Indicador  3.3.4;1020;7;21;Maranhão;9613;2018;1143;15 a 19 anos;92957;Mulher;9613
Indicador  3.3.4;1020;31;21;Maranhão;9613;2018;1144;20 a 24 anos;6794;Total;9613
Indicador  3.3.4;1020;4;21;Maranhão;9613;2018;1144;20 a 24 anos;92956;Homem;9613
Indicador  3.3.4;1020;27;21;Maranhão;9613;2018;1144;20 a 24 anos;92957;Mulher;9613
Indicador  3.3.4;1020;39;21;Maranhão;9613;2018;1145;25 a 29 anos;6794;Total;9613
Indicador  3.3.4;1020;12;21;Maranhão;9613;2018;1145;25 a 29 anos;92956;Homem;9613
Indicador  3.3.4;1020;27;21;Maranhão;9613;2018;1145;25 a 29 anos;92957;Mulher;9613
Indicador  3.3.4;1020;40;21;Maranhão;9613;2018;1146;30 a 34 anos;6794;Total;9613
Indicador  3.3.4;1020;14;21;Maranhão;9613;2018;1146;30 a 34 anos;92956;Homem;9613
Indicador  3.3.4;1020;26;21;Maranhão;9613;2018;1146;30 a 34 anos;92957;Mulher;9613
Indicador  3.3.4;1020;33;21;Maranhão;9613;2018;1147;35 a 39 anos;6794;Total;9613
Indicador  3.3.4;1020;13;21;Maranhão;9613;2018;1147;35 a 39 anos;92956;Homem;9613
Indicador  3.3.4;1020;20;21;Maranhão;9613;2018;1147;35 a 39 anos;92957;Mulher;9613
Indicador  3.3.4;1020;40;21;Maranhão;9613;2018;1148;40 a 44 anos;6794;Total;9613
Indicador  3.3.4;1020;22;21;Maranhão;9613;2018;1148;40 a 44 anos;92956;Homem;9613
Indicador  3.3.4;1020;18;21;Maranhão;9613;2018;1148;40 a 44 anos;92957;Mulher;9613
Indicador  3.3.4;1020;23;21;Maranhão;9613;2018;1149;45 a 49 anos;6794;Total;9613
Indicador  3.3.4;1020;7;21;Maranhão;9613;2018;1149;45 a 49 anos;92956;Homem;9613
Indicador  3.3.4;1020;16;21;Maranhão;9613;2018;1149;45 a 49 anos;92957;Mulher;9613
Indicador  3.3.4;1020;23;21;Maranhão;9613;2018;1150;50 a 54 anos;6794;Total;9613
Indicador  3.3.4;1020;11;21;Maranhão;9613;2018;1150;50 a 54 anos;92956;Homem;9613
Indicador  3.3.4;1020;12;21;Maranhão;9613;2018;1150;50 a 54 anos;92957;Mulher;9613
Indicador  3.3.4;1020;17;21;Maranhão;9613;2018;1151;55 a 59 anos;6794;Total;9613
Indicador  3.3.4;1020;10;21;Maranhão;9613;2018;1151;55 a 59 anos;92956;Homem;9613
Indicador  3.3.4;1020;7;21;Maranhão;9613;2018;1151;55 a 59 anos;92957;Mulher;9613
Indicador  3.3.4;1020;34;21;Maranhão;9613;2018;3302;60 anos ou mais;6794;Total;9613
Indicador  3.3.4;1020;22;21;Maranhão;9613;2018;3302;60 anos ou mais;92956;Homem;9613
Indicador  3.3.4;1020;12;21;Maranhão;9613;2018;3302;60 anos ou mais;92957;Mulher;9613
Indicador  3.3.4;1020;322;21;Maranhão;9613;2019;95253;Total;6794;Total;9613
Indicador  3.3.4;1020;144;21;Maranhão;9613;2019;95253;Total;92956;Homem;9613
Indicador  3.3.4;1020;178;21;Maranhão;9613;2019;95253;Total;92957;Mulher;9613
Indicador  3.3.4;1020;4;21;Maranhão;9613;2019;1140;0 a 4 anos;6794;Total;9613
Indicador  3.3.4;1020;2;21;Maranhão;9613;2019;1140;0 a 4 anos;92956;Homem;9613
Indicador  3.3.4;1020;2;21;Maranhão;9613;2019;1140;0 a 4 anos;92957;Mulher;9613
Indicador  3.3.4;1020;2;21;Maranhão;9613;2019;1141;5 a 9 anos;6794;Total;9613
Indicador  3.3.4;1020;1;21;Maranhão;9613;2019;1141;5 a 9 anos;92956;Homem;9613
Indicador  3.3.4;1020;1;21;Maranhão;9613;2019;1141;5 a 9 anos;92957;Mulher;9613
Indicador  3.3.4;1020;0;21;Maranhão;9613;2019;1142;10 a 14 anos;6794;Total;9613
Indicador  3.3.4;1020;0;21;Maranhão;9613;2019;1142;10 a 14 anos;92956;Homem;9613
Indicador  3.3.4;1020;0;21;Maranhão;9613;2019;1142;10 a 14 anos;92957;Mulher;9613
Indicador  3.3.4;1020;7;21;Maranhão;9613;2019;1143;15 a 19 anos;6794;Total;9613
Indicador  3.3.4;1020;3;21;Maranhão;9613;2019;1143;15 a 19 anos;92956;Homem;9613
Indicador  3.3.4;1020;4;21;Maranhão;9613;2019;1143;15 a 19 anos;92957;Mulher;9613
Indicador  3.3.4;1020;36;21;Maranhão;9613;2019;1144;20 a 24 anos;6794;Total;9613
Indicador  3.3.4;1020;7;21;Maranhão;9613;2019;1144;20 a 24 anos;92956;Homem;9613
Indicador  3.3.4;1020;29;21;Maranhão;9613;2019;1144;20 a 24 anos;92957;Mulher;9613
Indicador  3.3.4;1020;37;21;Maranhão;9613;2019;1145;25 a 29 anos;6794;Total;9613
Indicador  3.3.4;1020;7;21;Maranhão;9613;2019;1145;25 a 29 anos;92956;Homem;9613
Indicador  3.3.4;1020;30;21;Maranhão;9613;2019;1145;25 a 29 anos;92957;Mulher;9613
Indicador  3.3.4;1020;30;21;Maranhão;9613;2019;1146;30 a 34 anos;6794;Total;9613
Indicador  3.3.4;1020;12;21;Maranhão;9613;2019;1146;30 a 34 anos;92956;Homem;9613
Indicador  3.3.4;1020;18;21;Maranhão;9613;2019;1146;30 a 34 anos;92957;Mulher;9613
Indicador  3.3.4;1020;52;21;Maranhão;9613;2019;1147;35 a 39 anos;6794;Total;9613
Indicador  3.3.4;1020;21;21;Maranhão;9613;2019;1147;35 a 39 anos;92956;Homem;9613
Indicador  3.3.4;1020;31;21;Maranhão;9613;2019;1147;35 a 39 anos;92957;Mulher;9613
Indicador  3.3.4;1020;35;21;Maranhão;9613;2019;1148;40 a 44 anos;6794;Total;9613
Indicador  3.3.4;1020;21;21;Maranhão;9613;2019;1148;40 a 44 anos;92956;Homem;9613
Indicador  3.3.4;1020;14;21;Maranhão;9613;2019;1148;40 a 44 anos;92957;Mulher;9613
Indicador  3.3.4;1020;34;21;Maranhão;9613;2019;1149;45 a 49 anos;6794;Total;9613
Indicador  3.3.4;1020;22;21;Maranhão;9613;2019;1149;45 a 49 anos;92956;Homem;9613
Indicador  3.3.4;1020;12;21;Maranhão;9613;2019;1149;45 a 49 anos;92957;Mulher;9613
Indicador  3.3.4;1020;21;21;Maranhão;9613;2019;1150;50 a 54 anos;6794;Total;9613
Indicador  3.3.4;1020;8;21;Maranhão;9613;2019;1150;50 a 54 anos;92956;Homem;9613
Indicador  3.3.4;1020;13;21;Maranhão;9613;2019;1150;50 a 54 anos;92957;Mulher;9613
Indicador  3.3.4;1020;17;21;Maranhão;9613;2019;1151;55 a 59 anos;6794;Total;9613
Indicador  3.3.4;1020;10;21;Maranhão;9613;2019;1151;55 a 59 anos;92956;Homem;9613
Indicador  3.3.4;1020;7;21;Maranhão;9613;2019;1151;55 a 59 anos;92957;Mulher;9613
Indicador  3.3.4;1020;47;21;Maranhão;9613;2019;3302;60 anos ou mais;6794;Total;9613
Indicador  3.3.4;1020;30;21;Maranhão;9613;2019;3302;60 anos ou mais;92956;Homem;9613
Indicador  3.3.4;1020;17;21;Maranhão;9613;2019;3302;60 anos ou mais;92957;Mulher;9613
Indicador  3.3.4;1020;138;21;Maranhão;9613;2020;95253;Total;6794;Total;9613
Indicador  3.3.4;1020;53;21;Maranhão;9613;2020;95253;Total;92956;Homem;9613
Indicador  3.3.4;1020;85;21;Maranhão;9613;2020;95253;Total;92957;Mulher;9613
Indicador  3.3.4;1020;1;21;Maranhão;9613;2020;1140;0 a 4 anos;6794;Total;9613
Indicador  3.3.4;1020;1;21;Maranhão;9613;2020;1140;0 a 4 anos;92956;Homem;9613
Indicador  3.3.4;1020;0;21;Maranhão;9613;2020;1140;0 a 4 anos;92957;Mulher;9613
Indicador  3.3.4;1020;0;21;Maranhão;9613;2020;1141;5 a 9 anos;6794;Total;9613
Indicador  3.3.4;1020;0;21;Maranhão;9613;2020;1141;5 a 9 anos;92956;Homem;9613
Indicador  3.3.4;1020;0;21;Maranhão;9613;2020;1141;5 a 9 anos;92957;Mulher;9613
Indicador  3.3.4;1020;1;21;Maranhão;9613;2020;1142;10 a 14 anos;6794;Total;9613
Indicador  3.3.4;1020;0;21;Maranhão;9613;2020;1142;10 a 14 anos;92956;Homem;9613
Indicador  3.3.4;1020;1;21;Maranhão;9613;2020;1142;10 a 14 anos;92957;Mulher;9613
Indicador  3.3.4;1020;3;21;Maranhão;9613;2020;1143;15 a 19 anos;6794;Total;9613
Indicador  3.3.4;1020;0;21;Maranhão;9613;2020;1143;15 a 19 anos;92956;Homem;9613
Indicador  3.3.4;1020;3;21;Maranhão;9613;2020;1143;15 a 19 anos;92957;Mulher;9613
Indicador  3.3.4;1020;21;21;Maranhão;9613;2020;1144;20 a 24 anos;6794;Total;9613
Indicador  3.3.4;1020;3;21;Maranhão;9613;2020;1144;20 a 24 anos;92956;Homem;9613
Indicador  3.3.4;1020;18;21;Maranhão;9613;2020;1144;20 a 24 anos;92957;Mulher;9613
Indicador  3.3.4;1020;16;21;Maranhão;9613;2020;1145;25 a 29 anos;6794;Total;9613
Indicador  3.3.4;1020;3;21;Maranhão;9613;2020;1145;25 a 29 anos;92956;Homem;9613
Indicador  3.3.4;1020;13;21;Maranhão;9613;2020;1145;25 a 29 anos;92957;Mulher;9613
Indicador  3.3.4;1020;20;21;Maranhão;9613;2020;1146;30 a 34 anos;6794;Total;9613
Indicador  3.3.4;1020;5;21;Maranhão;9613;2020;1146;30 a 34 anos;92956;Homem;9613
Indicador  3.3.4;1020;15;21;Maranhão;9613;2020;1146;30 a 34 anos;92957;Mulher;9613
Indicador  3.3.4;1020;16;21;Maranhão;9613;2020;1147;35 a 39 anos;6794;Total;9613
Indicador  3.3.4;1020;4;21;Maranhão;9613;2020;1147;35 a 39 anos;92956;Homem;9613
Indicador  3.3.4;1020;12;21;Maranhão;9613;2020;1147;35 a 39 anos;92957;Mulher;9613
Indicador  3.3.4;1020;12;21;Maranhão;9613;2020;1148;40 a 44 anos;6794;Total;9613
Indicador  3.3.4;1020;7;21;Maranhão;9613;2020;1148;40 a 44 anos;92956;Homem;9613
Indicador  3.3.4;1020;5;21;Maranhão;9613;2020;1148;40 a 44 anos;92957;Mulher;9613
Indicador  3.3.4;1020;10;21;Maranhão;9613;2020;1149;45 a 49 anos;6794;Total;9613
Indicador  3.3.4;1020;6;21;Maranhão;9613;2020;1149;45 a 49 anos;92956;Homem;9613
Indicador  3.3.4;1020;4;21;Maranhão;9613;2020;1149;45 a 49 anos;92957;Mulher;9613
Indicador  3.3.4;1020;10;21;Maranhão;9613;2020;1150;50 a 54 anos;6794;Total;9613
Indicador  3.3.4;1020;6;21;Maranhão;9613;2020;1150;50 a 54 anos;92956;Homem;9613
Indicador  3.3.4;1020;4;21;Maranhão;9613;2020;1150;50 a 54 anos;92957;Mulher;9613
Indicador  3.3.4;1020;10;21;Maranhão;9613;2020;1151;55 a 59 anos;6794;Total;9613
Indicador  3.3.4;1020;7;21;Maranhão;9613;2020;1151;55 a 59 anos;92956;Homem;9613
Indicador  3.3.4;1020;3;21;Maranhão;9613;2020;1151;55 a 59 anos;92957;Mulher;9613
Indicador  3.3.4;1020;18;21;Maranhão;9613;2020;3302;60 anos ou mais;6794;Total;9613
Indicador  3.3.4;1020;11;21;Maranhão;9613;2020;3302;60 anos ou mais;92956;Homem;9613
Indicador  3.3.4;1020;7;21;Maranhão;9613;2020;3302;60 anos ou mais;92957;Mulher;9613
Indicador  3.3.4;1020;269;21;Maranhão;9613;2021;95253;Total;6794;Total;9613
Indicador  3.3.4;1020;129;21;Maranhão;9613;2021;95253;Total;92956;Homem;9613
Indicador  3.3.4;1020;140;21;Maranhão;9613;2021;95253;Total;92957;Mulher;9613
Indicador  3.3.4;1020;8;21;Maranhão;9613;2021;1140;0 a 4 anos;6794;Total;9613
Indicador  3.3.4;1020;5;21;Maranhão;9613;2021;1140;0 a 4 anos;92956;Homem;9613
Indicador  3.3.4;1020;3;21;Maranhão;9613;2021;1140;0 a 4 anos;92957;Mulher;9613
Indicador  3.3.4;1020;0;21;Maranhão;9613;2021;1141;5 a 9 anos;6794;Total;9613
Indicador  3.3.4;1020;0;21;Maranhão;9613;2021;1141;5 a 9 anos;92956;Homem;9613
Indicador  3.3.4;1020;0;21;Maranhão;9613;2021;1141;5 a 9 anos;92957;Mulher;9613
Indicador  3.3.4;1020;0;21;Maranhão;9613;2021;1142;10 a 14 anos;6794;Total;9613
Indicador  3.3.4;1020;0;21;Maranhão;9613;2021;1142;10 a 14 anos;92956;Homem;9613
Indicador  3.3.4;1020;0;21;Maranhão;9613;2021;1142;10 a 14 anos;92957;Mulher;9613
Indicador  3.3.4;1020;11;21;Maranhão;9613;2021;1143;15 a 19 anos;6794;Total;9613
Indicador  3.3.4;1020;4;21;Maranhão;9613;2021;1143;15 a 19 anos;92956;Homem;9613
Indicador  3.3.4;1020;7;21;Maranhão;9613;2021;1143;15 a 19 anos;92957;Mulher;9613
Indicador  3.3.4;1020;12;21;Maranhão;9613;2021;1144;20 a 24 anos;6794;Total;9613
Indicador  3.3.4;1020;2;21;Maranhão;9613;2021;1144;20 a 24 anos;92956;Homem;9613
Indicador  3.3.4;1020;10;21;Maranhão;9613;2021;1144;20 a 24 anos;92957;Mulher;9613
Indicador  3.3.4;1020;27;21;Maranhão;9613;2021;1145;25 a 29 anos;6794;Total;9613
Indicador  3.3.4;1020;7;21;Maranhão;9613;2021;1145;25 a 29 anos;92956;Homem;9613
Indicador  3.3.4;1020;20;21;Maranhão;9613;2021;1145;25 a 29 anos;92957;Mulher;9613
Indicador  3.3.4;1020;33;21;Maranhão;9613;2021;1146;30 a 34 anos;6794;Total;9613
Indicador  3.3.4;1020;15;21;Maranhão;9613;2021;1146;30 a 34 anos;92956;Homem;9613
Indicador  3.3.4;1020;18;21;Maranhão;9613;2021;1146;30 a 34 anos;92957;Mulher;9613
Indicador  3.3.4;1020;44;21;Maranhão;9613;2021;1147;35 a 39 anos;6794;Total;9613
Indicador  3.3.4;1020;19;21;Maranhão;9613;2021;1147;35 a 39 anos;92956;Homem;9613
Indicador  3.3.4;1020;25;21;Maranhão;9613;2021;1147;35 a 39 anos;92957;Mulher;9613
Indicador  3.3.4;1020;24;21;Maranhão;9613;2021;1148;40 a 44 anos;6794;Total;9613
Indicador  3.3.4;1020;8;21;Maranhão;9613;2021;1148;40 a 44 anos;92956;Homem;9613
Indicador  3.3.4;1020;16;21;Maranhão;9613;2021;1148;40 a 44 anos;92957;Mulher;9613
Indicador  3.3.4;1020;31;21;Maranhão;9613;2021;1149;45 a 49 anos;6794;Total;9613
Indicador  3.3.4;1020;15;21;Maranhão;9613;2021;1149;45 a 49 anos;92956;Homem;9613
Indicador  3.3.4;1020;16;21;Maranhão;9613;2021;1149;45 a 49 anos;92957;Mulher;9613
Indicador  3.3.4;1020;27;21;Maranhão;9613;2021;1150;50 a 54 anos;6794;Total;9613
Indicador  3.3.4;1020;17;21;Maranhão;9613;2021;1150;50 a 54 anos;92956;Homem;9613
Indicador  3.3.4;1020;10;21;Maranhão;9613;2021;1150;50 a 54 anos;92957;Mulher;9613
Indicador  3.3.4;1020;14;21;Maranhão;9613;2021;1151;55 a 59 anos;6794;Total;9613
Indicador  3.3.4;1020;12;21;Maranhão;9613;2021;1151;55 a 59 anos;92956;Homem;9613
Indicador  3.3.4;1020;2;21;Maranhão;9613;2021;1151;55 a 59 anos;92957;Mulher;9613
Indicador  3.3.4;1020;38;21;Maranhão;9613;2021;3302;60 anos ou mais;6794;Total;9613
Indicador  3.3.4;1020;25;21;Maranhão;9613;2021;3302;60 anos ou mais;92956;Homem;9613
Indicador  3.3.4;1020;13;21;Maranhão;9613;2021;3302;60 anos ou mais;92957;Mulher;9613
Indicador  3.3.4;1020;235;21;Maranhão;9613;2022;95253;Total;6794;Total;9613
Indicador  3.3.4;1020;96;21;Maranhão;9613;2022;95253;Total;92956;Homem;9613
Indicador  3.3.4;1020;139;21;Maranhão;9613;2022;95253;Total;92957;Mulher;9613
Indicador  3.3.4;1020;3;21;Maranhão;9613;2022;1140;0 a 4 anos;6794;Total;9613
Indicador  3.3.4;1020;0;21;Maranhão;9613;2022;1140;0 a 4 anos;92956;Homem;9613
Indicador  3.3.4;1020;3;21;Maranhão;9613;2022;1140;0 a 4 anos;92957;Mulher;9613
Indicador  3.3.4;1020;2;21;Maranhão;9613;2022;1141;5 a 9 anos;6794;Total;9613
Indicador  3.3.4;1020;0;21;Maranhão;9613;2022;1141;5 a 9 anos;92956;Homem;9613
Indicador  3.3.4;1020;2;21;Maranhão;9613;2022;1141;5 a 9 anos;92957;Mulher;9613
Indicador  3.3.4;1020;2;21;Maranhão;9613;2022;1142;10 a 14 anos;6794;Total;9613
Indicador  3.3.4;1020;2;21;Maranhão;9613;2022;1142;10 a 14 anos;92956;Homem;9613
Indicador  3.3.4;1020;0;21;Maranhão;9613;2022;1142;10 a 14 anos;92957;Mulher;9613
Indicador  3.3.4;1020;8;21;Maranhão;9613;2022;1143;15 a 19 anos;6794;Total;9613
Indicador  3.3.4;1020;0;21;Maranhão;9613;2022;1143;15 a 19 anos;92956;Homem;9613
Indicador  3.3.4;1020;8;21;Maranhão;9613;2022;1143;15 a 19 anos;92957;Mulher;9613
Indicador  3.3.4;1020;11;21;Maranhão;9613;2022;1144;20 a 24 anos;6794;Total;9613
Indicador  3.3.4;1020;1;21;Maranhão;9613;2022;1144;20 a 24 anos;92956;Homem;9613
Indicador  3.3.4;1020;10;21;Maranhão;9613;2022;1144;20 a 24 anos;92957;Mulher;9613
Indicador  3.3.4;1020;24;21;Maranhão;9613;2022;1145;25 a 29 anos;6794;Total;9613
Indicador  3.3.4;1020;7;21;Maranhão;9613;2022;1145;25 a 29 anos;92956;Homem;9613
Indicador  3.3.4;1020;17;21;Maranhão;9613;2022;1145;25 a 29 anos;92957;Mulher;9613
Indicador  3.3.4;1020;21;21;Maranhão;9613;2022;1146;30 a 34 anos;6794;Total;9613
Indicador  3.3.4;1020;5;21;Maranhão;9613;2022;1146;30 a 34 anos;92956;Homem;9613
Indicador  3.3.4;1020;16;21;Maranhão;9613;2022;1146;30 a 34 anos;92957;Mulher;9613
Indicador  3.3.4;1020;17;21;Maranhão;9613;2022;1147;35 a 39 anos;6794;Total;9613
Indicador  3.3.4;1020;4;21;Maranhão;9613;2022;1147;35 a 39 anos;92956;Homem;9613
Indicador  3.3.4;1020;13;21;Maranhão;9613;2022;1147;35 a 39 anos;92957;Mulher;9613
Indicador  3.3.4;1020;23;21;Maranhão;9613;2022;1148;40 a 44 anos;6794;Total;9613
Indicador  3.3.4;1020;10;21;Maranhão;9613;2022;1148;40 a 44 anos;92956;Homem;9613
Indicador  3.3.4;1020;13;21;Maranhão;9613;2022;1148;40 a 44 anos;92957;Mulher;9613
Indicador  3.3.4;1020;26;21;Maranhão;9613;2022;1149;45 a 49 anos;6794;Total;9613
Indicador  3.3.4;1020;13;21;Maranhão;9613;2022;1149;45 a 49 anos;92956;Homem;9613
Indicador  3.3.4;1020;13;21;Maranhão;9613;2022;1149;45 a 49 anos;92957;Mulher;9613
Indicador  3.3.4;1020;26;21;Maranhão;9613;2022;1150;50 a 54 anos;6794;Total;9613
Indicador  3.3.4;1020;14;21;Maranhão;9613;2022;1150;50 a 54 anos;92956;Homem;9613
Indicador  3.3.4;1020;12;21;Maranhão;9613;2022;1150;50 a 54 anos;92957;Mulher;9613
Indicador  3.3.4;1020;28;21;Maranhão;9613;2022;1151;55 a 59 anos;6794;Total;9613
Indicador  3.3.4;1020;18;21;Maranhão;9613;2022;1151;55 a 59 anos;92956;Homem;9613
Indicador  3.3.4;1020;10;21;Maranhão;9613;2022;1151;55 a 59 anos;92957;Mulher;9613
Indicador  3.3.4;1020;44;21;Maranhão;9613;2022;3302;60 anos ou mais;6794;Total;9613
Indicador  3.3.4;1020;22;21;Maranhão;9613;2022;3302;60 anos ou mais;92956;Homem;9613
Indicador  3.3.4;1020;22;21;Maranhão;9613;2022;3302;60 anos ou mais;92957;Mulher;9613
Indicador  3.3.4;1020;77;22;Piauí;9613;2018;95253;Total;6794;Total;9613
Indicador  3.3.4;1020;38;22;Piauí;9613;2018;95253;Total;92956;Homem;9613
Indicador  3.3.4;1020;39;22;Piauí;9613;2018;95253;Total;92957;Mulher;9613
Indicador  3.3.4;1020;1;22;Piauí;9613;2018;1140;0 a 4 anos;6794;Total;9613
Indicador  3.3.4;1020;0;22;Piauí;9613;2018;1140;0 a 4 anos;92956;Homem;9613
Indicador  3.3.4;1020;1;22;Piauí;9613;2018;1140;0 a 4 anos;92957;Mulher;9613
Indicador  3.3.4;1020;0;22;Piauí;9613;2018;1141;5 a 9 anos;6794;Total;9613
Indicador  3.3.4;1020;0;22;Piauí;9613;2018;1141;5 a 9 anos;92956;Homem;9613
Indicador  3.3.4;1020;0;22;Piauí;9613;2018;1141;5 a 9 anos;92957;Mulher;9613
Indicador  3.3.4;1020;0;22;Piauí;9613;2018;1142;10 a 14 anos;6794;Total;9613
Indicador  3.3.4;1020;0;22;Piauí;9613;2018;1142;10 a 14 anos;92956;Homem;9613
Indicador  3.3.4;1020;0;22;Piauí;9613;2018;1142;10 a 14 anos;92957;Mulher;9613
Indicador  3.3.4;1020;0;22;Piauí;9613;2018;1143;15 a 19 anos;6794;Total;9613
Indicador  3.3.4;1020;0;22;Piauí;9613;2018;1143;15 a 19 anos;92956;Homem;9613
Indicador  3.3.4;1020;0;22;Piauí;9613;2018;1143;15 a 19 anos;92957;Mulher;9613
Indicador  3.3.4;1020;3;22;Piauí;9613;2018;1144;20 a 24 anos;6794;Total;9613
Indicador  3.3.4;1020;3;22;Piauí;9613;2018;1144;20 a 24 anos;92956;Homem;9613
Indicador  3.3.4;1020;0;22;Piauí;9613;2018;1144;20 a 24 anos;92957;Mulher;9613
Indicador  3.3.4;1020;6;22;Piauí;9613;2018;1145;25 a 29 anos;6794;Total;9613
Indicador  3.3.4;1020;3;22;Piauí;9613;2018;1145;25 a 29 anos;92956;Homem;9613
Indicador  3.3.4;1020;3;22;Piauí;9613;2018;1145;25 a 29 anos;92957;Mulher;9613
Indicador  3.3.4;1020;12;22;Piauí;9613;2018;1146;30 a 34 anos;6794;Total;9613
Indicador  3.3.4;1020;4;22;Piauí;9613;2018;1146;30 a 34 anos;92956;Homem;9613
Indicador  3.3.4;1020;8;22;Piauí;9613;2018;1146;30 a 34 anos;92957;Mulher;9613
Indicador  3.3.4;1020;14;22;Piauí;9613;2018;1147;35 a 39 anos;6794;Total;9613
Indicador  3.3.4;1020;6;22;Piauí;9613;2018;1147;35 a 39 anos;92956;Homem;9613
Indicador  3.3.4;1020;8;22;Piauí;9613;2018;1147;35 a 39 anos;92957;Mulher;9613
Indicador  3.3.4;1020;7;22;Piauí;9613;2018;1148;40 a 44 anos;6794;Total;9613
Indicador  3.3.4;1020;3;22;Piauí;9613;2018;1148;40 a 44 anos;92956;Homem;9613
Indicador  3.3.4;1020;4;22;Piauí;9613;2018;1148;40 a 44 anos;92957;Mulher;9613
Indicador  3.3.4;1020;3;22;Piauí;9613;2018;1149;45 a 49 anos;6794;Total;9613
Indicador  3.3.4;1020;1;22;Piauí;9613;2018;1149;45 a 49 anos;92956;Homem;9613
Indicador  3.3.4;1020;2;22;Piauí;9613;2018;1149;45 a 49 anos;92957;Mulher;9613
Indicador  3.3.4;1020;6;22;Piauí;9613;2018;1150;50 a 54 anos;6794;Total;9613
Indicador  3.3.4;1020;5;22;Piauí;9613;2018;1150;50 a 54 anos;92956;Homem;9613
Indicador  3.3.4;1020;1;22;Piauí;9613;2018;1150;50 a 54 anos;92957;Mulher;9613
Indicador  3.3.4;1020;13;22;Piauí;9613;2018;1151;55 a 59 anos;6794;Total;9613
Indicador  3.3.4;1020;6;22;Piauí;9613;2018;1151;55 a 59 anos;92956;Homem;9613
Indicador  3.3.4;1020;7;22;Piauí;9613;2018;1151;55 a 59 anos;92957;Mulher;9613
Indicador  3.3.4;1020;12;22;Piauí;9613;2018;3302;60 anos ou mais;6794;Total;9613
Indicador  3.3.4;1020;7;22;Piauí;9613;2018;3302;60 anos ou mais;92956;Homem;9613
Indicador  3.3.4;1020;5;22;Piauí;9613;2018;3302;60 anos ou mais;92957;Mulher;9613
Indicador  3.3.4;1020;83;22;Piauí;9613;2019;95253;Total;6794;Total;9613
Indicador  3.3.4;1020;49;22;Piauí;9613;2019;95253;Total;92956;Homem;9613
Indicador  3.3.4;1020;34;22;Piauí;9613;2019;95253;Total;92957;Mulher;9613
Indicador  3.3.4;1020;1;22;Piauí;9613;2019;1140;0 a 4 anos;6794;Total;9613
Indicador  3.3.4;1020;0;22;Piauí;9613;2019;1140;0 a 4 anos;92956;Homem;9613
Indicador  3.3.4;1020;1;22;Piauí;9613;2019;1140;0 a 4 anos;92957;Mulher;9613
Indicador  3.3.4;1020;0;22;Piauí;9613;2019;1141;5 a 9 anos;6794;Total;9613
Indicador  3.3.4;1020;0;22;Piauí;9613;2019;1141;5 a 9 anos;92956;Homem;9613
Indicador  3.3.4;1020;0;22;Piauí;9613;2019;1141;5 a 9 anos;92957;Mulher;9613
Indicador  3.3.4;1020;0;22;Piauí;9613;2019;1142;10 a 14 anos;6794;Total;9613
Indicador  3.3.4;1020;0;22;Piauí;9613;2019;1142;10 a 14 anos;92956;Homem;9613
Indicador  3.3.4;1020;0;22;Piauí;9613;2019;1142;10 a 14 anos;92957;Mulher;9613
Indicador  3.3.4;1020;1;22;Piauí;9613;2019;1143;15 a 19 anos;6794;Total;9613
Indicador  3.3.4;1020;0;22;Piauí;9613;2019;1143;15 a 19 anos;92956;Homem;9613
Indicador  3.3.4;1020;1;22;Piauí;9613;2019;1143;15 a 19 anos;92957;Mulher;9613
Indicador  3.3.4;1020;11;22;Piauí;9613;2019;1144;20 a 24 anos;6794;Total;9613
Indicador  3.3.4;1020;4;22;Piauí;9613;2019;1144;20 a 24 anos;92956;Homem;9613
Indicador  3.3.4;1020;7;22;Piauí;9613;2019;1144;20 a 24 anos;92957;Mulher;9613
Indicador  3.3.4;1020;9;22;Piauí;9613;2019;1145;25 a 29 anos;6794;Total;9613
Indicador  3.3.4;1020;4;22;Piauí;9613;2019;1145;25 a 29 anos;92956;Homem;9613
Indicador  3.3.4;1020;5;22;Piauí;9613;2019;1145;25 a 29 anos;92957;Mulher;9613
Indicador  3.3.4;1020;10;22;Piauí;9613;2019;1146;30 a 34 anos;6794;Total;9613
Indicador  3.3.4;1020;5;22;Piauí;9613;2019;1146;30 a 34 anos;92956;Homem;9613
Indicador  3.3.4;1020;5;22;Piauí;9613;2019;1146;30 a 34 anos;92957;Mulher;9613
Indicador  3.3.4;1020;7;22;Piauí;9613;2019;1147;35 a 39 anos;6794;Total;9613
Indicador  3.3.4;1020;7;22;Piauí;9613;2019;1147;35 a 39 anos;92956;Homem;9613
Indicador  3.3.4;1020;0;22;Piauí;9613;2019;1147;35 a 39 anos;92957;Mulher;9613
Indicador  3.3.4;1020;9;22;Piauí;9613;2019;1148;40 a 44 anos;6794;Total;9613
Indicador  3.3.4;1020;6;22;Piauí;9613;2019;1148;40 a 44 anos;92956;Homem;9613
Indicador  3.3.4;1020;3;22;Piauí;9613;2019;1148;40 a 44 anos;92957;Mulher;9613
Indicador  3.3.4;1020;7;22;Piauí;9613;2019;1149;45 a 49 anos;6794;Total;9613
Indicador  3.3.4;1020;3;22;Piauí;9613;2019;1149;45 a 49 anos;92956;Homem;9613
Indicador  3.3.4;1020;4;22;Piauí;9613;2019;1149;45 a 49 anos;92957;Mulher;9613
Indicador  3.3.4;1020;7;22;Piauí;9613;2019;1150;50 a 54 anos;6794;Total;9613
Indicador  3.3.4;1020;5;22;Piauí;9613;2019;1150;50 a 54 anos;92956;Homem;9613
Indicador  3.3.4;1020;2;22;Piauí;9613;2019;1150;50 a 54 anos;92957;Mulher;9613
Indicador  3.3.4;1020;8;22;Piauí;9613;2019;1151;55 a 59 anos;6794;Total;9613
Indicador  3.3.4;1020;6;22;Piauí;9613;2019;1151;55 a 59 anos;92956;Homem;9613
Indicador  3.3.4;1020;2;22;Piauí;9613;2019;1151;55 a 59 anos;92957;Mulher;9613
Indicador  3.3.4;1020;13;22;Piauí;9613;2019;3302;60 anos ou mais;6794;Total;9613
Indicador  3.3.4;1020;9;22;Piauí;9613;2019;3302;60 anos ou mais;92956;Homem;9613
Indicador  3.3.4;1020;4;22;Piauí;9613;2019;3302;60 anos ou mais;92957;Mulher;9613
Indicador  3.3.4;1020;26;22;Piauí;9613;2020;95253;Total;6794;Total;9613
Indicador  3.3.4;1020;13;22;Piauí;9613;2020;95253;Total;92956;Homem;9613
Indicador  3.3.4;1020;13;22;Piauí;9613;2020;95253;Total;92957;Mulher;9613
Indicador  3.3.4;1020;0;22;Piauí;9613;2020;1140;0 a 4 anos;6794;Total;9613
Indicador  3.3.4;1020;0;22;Piauí;9613;2020;1140;0 a 4 anos;92956;Homem;9613
Indicador  3.3.4;1020;0;22;Piauí;9613;2020;1140;0 a 4 anos;92957;Mulher;9613
Indicador  3.3.4;1020;0;22;Piauí;9613;2020;1141;5 a 9 anos;6794;Total;9613
Indicador  3.3.4;1020;0;22;Piauí;9613;2020;1141;5 a 9 anos;92956;Homem;9613
Indicador  3.3.4;1020;0;22;Piauí;9613;2020;1141;5 a 9 anos;92957;Mulher;9613
Indicador  3.3.4;1020;0;22;Piauí;9613;2020;1142;10 a 14 anos;6794;Total;9613
Indicador  3.3.4;1020;0;22;Piauí;9613;2020;1142;10 a 14 anos;92956;Homem;9613
Indicador  3.3.4;1020;0;22;Piauí;9613;2020;1142;10 a 14 anos;92957;Mulher;9613
Indicador  3.3.4;1020;0;22;Piauí;9613;2020;1143;15 a 19 anos;6794;Total;9613
Indicador  3.3.4;1020;0;22;Piauí;9613;2020;1143;15 a 19 anos;92956;Homem;9613
Indicador  3.3.4;1020;0;22;Piauí;9613;2020;1143;15 a 19 anos;92957;Mulher;9613
Indicador  3.3.4;1020;4;22;Piauí;9613;2020;1144;20 a 24 anos;6794;Total;9613
Indicador  3.3.4;1020;1;22;Piauí;9613;2020;1144;20 a 24 anos;92956;Homem;9613
Indicador  3.3.4;1020;3;22;Piauí;9613;2020;1144;20 a 24 anos;92957;Mulher;9613
Indicador  3.3.4;1020;2;22;Piauí;9613;2020;1145;25 a 29 anos;6794;Total;9613
Indicador  3.3.4;1020;1;22;Piauí;9613;2020;1145;25 a 29 anos;92956;Homem;9613
Indicador  3.3.4;1020;1;22;Piauí;9613;2020;1145;25 a 29 anos;92957;Mulher;9613
Indicador  3.3.4;1020;0;22;Piauí;9613;2020;1146;30 a 34 anos;6794;Total;9613
Indicador  3.3.4;1020;0;22;Piauí;9613;2020;1146;30 a 34 anos;92956;Homem;9613
Indicador  3.3.4;1020;0;22;Piauí;9613;2020;1146;30 a 34 anos;92957;Mulher;9613
Indicador  3.3.4;1020;3;22;Piauí;9613;2020;1147;35 a 39 anos;6794;Total;9613
Indicador  3.3.4;1020;1;22;Piauí;9613;2020;1147;35 a 39 anos;92956;Homem;9613
Indicador  3.3.4;1020;2;22;Piauí;9613;2020;1147;35 a 39 anos;92957;Mulher;9613
Indicador  3.3.4;1020;1;22;Piauí;9613;2020;1148;40 a 44 anos;6794;Total;9613
Indicador  3.3.4;1020;1;22;Piauí;9613;2020;1148;40 a 44 anos;92956;Homem;9613
Indicador  3.3.4;1020;0;22;Piauí;9613;2020;1148;40 a 44 anos;92957;Mulher;9613
Indicador  3.3.4;1020;4;22;Piauí;9613;2020;1149;45 a 49 anos;6794;Total;9613
Indicador  3.3.4;1020;3;22;Piauí;9613;2020;1149;45 a 49 anos;92956;Homem;9613
Indicador  3.3.4;1020;1;22;Piauí;9613;2020;1149;45 a 49 anos;92957;Mulher;9613
Indicador  3.3.4;1020;5;22;Piauí;9613;2020;1150;50 a 54 anos;6794;Total;9613
Indicador  3.3.4;1020;0;22;Piauí;9613;2020;1150;50 a 54 anos;92956;Homem;9613
Indicador  3.3.4;1020;5;22;Piauí;9613;2020;1150;50 a 54 anos;92957;Mulher;9613
Indicador  3.3.4;1020;4;22;Piauí;9613;2020;1151;55 a 59 anos;6794;Total;9613
Indicador  3.3.4;1020;3;22;Piauí;9613;2020;1151;55 a 59 anos;92956;Homem;9613
Indicador  3.3.4;1020;1;22;Piauí;9613;2020;1151;55 a 59 anos;92957;Mulher;9613
Indicador  3.3.4;1020;3;22;Piauí;9613;2020;3302;60 anos ou mais;6794;Total;9613
Indicador  3.3.4;1020;3;22;Piauí;9613;2020;3302;60 anos ou mais;92956;Homem;9613
Indicador  3.3.4;1020;0;22;Piauí;9613;2020;3302;60 anos ou mais;92957;Mulher;9613
Indicador  3.3.4;1020;30;22;Piauí;9613;2021;95253;Total;6794;Total;9613
Indicador  3.3.4;1020;20;22;Piauí;9613;2021;95253;Total;92956;Homem;9613
Indicador  3.3.4;1020;10;22;Piauí;9613;2021;95253;Total;92957;Mulher;9613
Indicador  3.3.4;1020;1;22;Piauí;9613;2021;1140;0 a 4 anos;6794;Total;9613
Indicador  3.3.4;1020;0;22;Piauí;9613;2021;1140;0 a 4 anos;92956;Homem;9613
Indicador  3.3.4;1020;1;22;Piauí;9613;2021;1140;0 a 4 anos;92957;Mulher;9613
Indicador  3.3.4;1020;0;22;Piauí;9613;2021;1141;5 a 9 anos;6794;Total;9613
Indicador  3.3.4;1020;0;22;Piauí;9613;2021;1141;5 a 9 anos;92956;Homem;9613
Indicador  3.3.4;1020;0;22;Piauí;9613;2021;1141;5 a 9 anos;92957;Mulher;9613
Indicador  3.3.4;1020;0;22;Piauí;9613;2021;1142;10 a 14 anos;6794;Total;9613
Indicador  3.3.4;1020;0;22;Piauí;9613;2021;1142;10 a 14 anos;92956;Homem;9613
Indicador  3.3.4;1020;0;22;Piauí;9613;2021;1142;10 a 14 anos;92957;Mulher;9613
Indicador  3.3.4;1020;0;22;Piauí;9613;2021;1143;15 a 19 anos;6794;Total;9613
Indicador  3.3.4;1020;0;22;Piauí;9613;2021;1143;15 a 19 anos;92956;Homem;9613
Indicador  3.3.4;1020;0;22;Piauí;9613;2021;1143;15 a 19 anos;92957;Mulher;9613
Indicador  3.3.4;1020;2;22;Piauí;9613;2021;1144;20 a 24 anos;6794;Total;9613
Indicador  3.3.4;1020;0;22;Piauí;9613;2021;1144;20 a 24 anos;92956;Homem;9613
Indicador  3.3.4;1020;2;22;Piauí;9613;2021;1144;20 a 24 anos;92957;Mulher;9613
Indicador  3.3.4;1020;5;22;Piauí;9613;2021;1145;25 a 29 anos;6794;Total;9613
Indicador  3.3.4;1020;2;22;Piauí;9613;2021;1145;25 a 29 anos;92956;Homem;9613
Indicador  3.3.4;1020;3;22;Piauí;9613;2021;1145;25 a 29 anos;92957;Mulher;9613
Indicador  3.3.4;1020;4;22;Piauí;9613;2021;1146;30 a 34 anos;6794;Total;9613
Indicador  3.3.4;1020;4;22;Piauí;9613;2021;1146;30 a 34 anos;92956;Homem;9613
Indicador  3.3.4;1020;0;22;Piauí;9613;2021;1146;30 a 34 anos;92957;Mulher;9613
Indicador  3.3.4;1020;1;22;Piauí;9613;2021;1147;35 a 39 anos;6794;Total;9613
Indicador  3.3.4;1020;0;22;Piauí;9613;2021;1147;35 a 39 anos;92956;Homem;9613
Indicador  3.3.4;1020;1;22;Piauí;9613;2021;1147;35 a 39 anos;92957;Mulher;9613
Indicador  3.3.4;1020;2;22;Piauí;9613;2021;1148;40 a 44 anos;6794;Total;9613
Indicador  3.3.4;1020;2;22;Piauí;9613;2021;1148;40 a 44 anos;92956;Homem;9613
Indicador  3.3.4;1020;0;22;Piauí;9613;2021;1148;40 a 44 anos;92957;Mulher;9613
Indicador  3.3.4;1020;4;22;Piauí;9613;2021;1149;45 a 49 anos;6794;Total;9613
Indicador  3.3.4;1020;2;22;Piauí;9613;2021;1149;45 a 49 anos;92956;Homem;9613
Indicador  3.3.4;1020;2;22;Piauí;9613;2021;1149;45 a 49 anos;92957;Mulher;9613
Indicador  3.3.4;1020;4;22;Piauí;9613;2021;1150;50 a 54 anos;6794;Total;9613
Indicador  3.3.4;1020;3;22;Piauí;9613;2021;1150;50 a 54 anos;92956;Homem;9613
Indicador  3.3.4;1020;1;22;Piauí;9613;2021;1150;50 a 54 anos;92957;Mulher;9613
Indicador  3.3.4;1020;3;22;Piauí;9613;2021;1151;55 a 59 anos;6794;Total;9613
Indicador  3.3.4;1020;3;22;Piauí;9613;2021;1151;55 a 59 anos;92956;Homem;9613
Indicador  3.3.4;1020;0;22;Piauí;9613;2021;1151;55 a 59 anos;92957;Mulher;9613
Indicador  3.3.4;1020;4;22;Piauí;9613;2021;3302;60 anos ou mais;6794;Total;9613
Indicador  3.3.4;1020;4;22;Piauí;9613;2021;3302;60 anos ou mais;92956;Homem;9613
Indicador  3.3.4;1020;0;22;Piauí;9613;2021;3302;60 anos ou mais;92957;Mulher;9613
Indicador  3.3.4;1020;29;22;Piauí;9613;2022;95253;Total;6794;Total;9613
Indicador  3.3.4;1020;18;22;Piauí;9613;2022;95253;Total;92956;Homem;9613
Indicador  3.3.4;1020;11;22;Piauí;9613;2022;95253;Total;92957;Mulher;9613
Indicador  3.3.4;1020;2;22;Piauí;9613;2022;1140;0 a 4 anos;6794;Total;9613
Indicador  3.3.4;1020;1;22;Piauí;9613;2022;1140;0 a 4 anos;92956;Homem;9613
Indicador  3.3.4;1020;1;22;Piauí;9613;2022;1140;0 a 4 anos;92957;Mulher;9613
Indicador  3.3.4;1020;0;22;Piauí;9613;2022;1141;5 a 9 anos;6794;Total;9613
Indicador  3.3.4;1020;0;22;Piauí;9613;2022;1141;5 a 9 anos;92956;Homem;9613
Indicador  3.3.4;1020;0;22;Piauí;9613;2022;1141;5 a 9 anos;92957;Mulher;9613
Indicador  3.3.4;1020;0;22;Piauí;9613;2022;1142;10 a 14 anos;6794;Total;9613
Indicador  3.3.4;1020;0;22;Piauí;9613;2022;1142;10 a 14 anos;92956;Homem;9613
Indicador  3.3.4;1020;0;22;Piauí;9613;2022;1142;10 a 14 anos;92957;Mulher;9613
Indicador  3.3.4;1020;0;22;Piauí;9613;2022;1143;15 a 19 anos;6794;Total;9613
Indicador  3.3.4;1020;0;22;Piauí;9613;2022;1143;15 a 19 anos;92956;Homem;9613
Indicador  3.3.4;1020;0;22;Piauí;9613;2022;1143;15 a 19 anos;92957;Mulher;9613
Indicador  3.3.4;1020;0;22;Piauí;9613;2022;1144;20 a 24 anos;6794;Total;9613
Indicador  3.3.4;1020;0;22;Piauí;9613;2022;1144;20 a 24 anos;92956;Homem;9613
Indicador  3.3.4;1020;0;22;Piauí;9613;2022;1144;20 a 24 anos;92957;Mulher;9613
Indicador  3.3.4;1020;4;22;Piauí;9613;2022;1145;25 a 29 anos;6794;Total;9613
Indicador  3.3.4;1020;2;22;Piauí;9613;2022;1145;25 a 29 anos;92956;Homem;9613
Indicador  3.3.4;1020;2;22;Piauí;9613;2022;1145;25 a 29 anos;92957;Mulher;9613
Indicador  3.3.4;1020;3;22;Piauí;9613;2022;1146;30 a 34 anos;6794;Total;9613
Indicador  3.3.4;1020;1;22;Piauí;9613;2022;1146;30 a 34 anos;92956;Homem;9613
Indicador  3.3.4;1020;2;22;Piauí;9613;2022;1146;30 a 34 anos;92957;Mulher;9613
Indicador  3.3.4;1020;4;22;Piauí;9613;2022;1147;35 a 39 anos;6794;Total;9613
Indicador  3.3.4;1020;3;22;Piauí;9613;2022;1147;35 a 39 anos;92956;Homem;9613
Indicador  3.3.4;1020;1;22;Piauí;9613;2022;1147;35 a 39 anos;92957;Mulher;9613
Indicador  3.3.4;1020;2;22;Piauí;9613;2022;1148;40 a 44 anos;6794;Total;9613
Indicador  3.3.4;1020;1;22;Piauí;9613;2022;1148;40 a 44 anos;92956;Homem;9613
Indicador  3.3.4;1020;1;22;Piauí;9613;2022;1148;40 a 44 anos;92957;Mulher;9613
Indicador  3.3.4;1020;5;22;Piauí;9613;2022;1149;45 a 49 anos;6794;Total;9613
Indicador  3.3.4;1020;4;22;Piauí;9613;2022;1149;45 a 49 anos;92956;Homem;9613
Indicador  3.3.4;1020;1;22;Piauí;9613;2022;1149;45 a 49 anos;92957;Mulher;9613
Indicador  3.3.4;1020;2;22;Piauí;9613;2022;1150;50 a 54 anos;6794;Total;9613
Indicador  3.3.4;1020;1;22;Piauí;9613;2022;1150;50 a 54 anos;92956;Homem;9613
Indicador  3.3.4;1020;1;22;Piauí;9613;2022;1150;50 a 54 anos;92957;Mulher;9613
Indicador  3.3.4;1020;2;22;Piauí;9613;2022;1151;55 a 59 anos;6794;Total;9613
Indicador  3.3.4;1020;0;22;Piauí;9613;2022;1151;55 a 59 anos;92956;Homem;9613
Indicador  3.3.4;1020;2;22;Piauí;9613;2022;1151;55 a 59 anos;92957;Mulher;9613
Indicador  3.3.4;1020;5;22;Piauí;9613;2022;3302;60 anos ou mais;6794;Total;9613
Indicador  3.3.4;1020;5;22;Piauí;9613;2022;3302;60 anos ou mais;92956;Homem;9613
Indicador  3.3.4;1020;0;22;Piauí;9613;2022;3302;60 anos ou mais;92957;Mulher;9613
Indicador  3.3.4;1020;183;23;Ceará;9613;2018;95253;Total;6794;Total;9613
Indicador  3.3.4;1020;105;23;Ceará;9613;2018;95253;Total;92956;Homem;9613
Indicador  3.3.4;1020;78;23;Ceará;9613;2018;95253;Total;92957;Mulher;9613
Indicador  3.3.4;1020;1;23;Ceará;9613;2018;1140;0 a 4 anos;6794;Total;9613
Indicador  3.3.4;1020;1;23;Ceará;9613;2018;1140;0 a 4 anos;92956;Homem;9613
Indicador  3.3.4;1020;0;23;Ceará;9613;2018;1140;0 a 4 anos;92957;Mulher;9613
Indicador  3.3.4;1020;0;23;Ceará;9613;2018;1141;5 a 9 anos;6794;Total;9613
Indicador  3.3.4;1020;0;23;Ceará;9613;2018;1141;5 a 9 anos;92956;Homem;9613
Indicador  3.3.4;1020;0;23;Ceará;9613;2018;1141;5 a 9 anos;92957;Mulher;9613
Indicador  3.3.4;1020;1;23;Ceará;9613;2018;1142;10 a 14 anos;6794;Total;9613
Indicador  3.3.4;1020;0;23;Ceará;9613;2018;1142;10 a 14 anos;92956;Homem;9613
Indicador  3.3.4;1020;1;23;Ceará;9613;2018;1142;10 a 14 anos;92957;Mulher;9613
Indicador  3.3.4;1020;8;23;Ceará;9613;2018;1143;15 a 19 anos;6794;Total;9613
Indicador  3.3.4;1020;5;23;Ceará;9613;2018;1143;15 a 19 anos;92956;Homem;9613
Indicador  3.3.4;1020;3;23;Ceará;9613;2018;1143;15 a 19 anos;92957;Mulher;9613
Indicador  3.3.4;1020;26;23;Ceará;9613;2018;1144;20 a 24 anos;6794;Total;9613
Indicador  3.3.4;1020;15;23;Ceará;9613;2018;1144;20 a 24 anos;92956;Homem;9613
Indicador  3.3.4;1020;11;23;Ceará;9613;2018;1144;20 a 24 anos;92957;Mulher;9613
Indicador  3.3.4;1020;16;23;Ceará;9613;2018;1145;25 a 29 anos;6794;Total;9613
Indicador  3.3.4;1020;7;23;Ceará;9613;2018;1145;25 a 29 anos;92956;Homem;9613
Indicador  3.3.4;1020;9;23;Ceará;9613;2018;1145;25 a 29 anos;92957;Mulher;9613
Indicador  3.3.4;1020;27;23;Ceará;9613;2018;1146;30 a 34 anos;6794;Total;9613
Indicador  3.3.4;1020;13;23;Ceará;9613;2018;1146;30 a 34 anos;92956;Homem;9613
Indicador  3.3.4;1020;14;23;Ceará;9613;2018;1146;30 a 34 anos;92957;Mulher;9613
Indicador  3.3.4;1020;24;23;Ceará;9613;2018;1147;35 a 39 anos;6794;Total;9613
Indicador  3.3.4;1020;13;23;Ceará;9613;2018;1147;35 a 39 anos;92956;Homem;9613
Indicador  3.3.4;1020;11;23;Ceará;9613;2018;1147;35 a 39 anos;92957;Mulher;9613
Indicador  3.3.4;1020;22;23;Ceará;9613;2018;1148;40 a 44 anos;6794;Total;9613
Indicador  3.3.4;1020;13;23;Ceará;9613;2018;1148;40 a 44 anos;92956;Homem;9613
Indicador  3.3.4;1020;9;23;Ceará;9613;2018;1148;40 a 44 anos;92957;Mulher;9613
Indicador  3.3.4;1020;17;23;Ceará;9613;2018;1149;45 a 49 anos;6794;Total;9613
Indicador  3.3.4;1020;7;23;Ceará;9613;2018;1149;45 a 49 anos;92956;Homem;9613
Indicador  3.3.4;1020;10;23;Ceará;9613;2018;1149;45 a 49 anos;92957;Mulher;9613
Indicador  3.3.4;1020;12;23;Ceará;9613;2018;1150;50 a 54 anos;6794;Total;9613
Indicador  3.3.4;1020;9;23;Ceará;9613;2018;1150;50 a 54 anos;92956;Homem;9613
Indicador  3.3.4;1020;3;23;Ceará;9613;2018;1150;50 a 54 anos;92957;Mulher;9613
Indicador  3.3.4;1020;14;23;Ceará;9613;2018;1151;55 a 59 anos;6794;Total;9613
Indicador  3.3.4;1020;9;23;Ceará;9613;2018;1151;55 a 59 anos;92956;Homem;9613
Indicador  3.3.4;1020;5;23;Ceará;9613;2018;1151;55 a 59 anos;92957;Mulher;9613
Indicador  3.3.4;1020;15;23;Ceará;9613;2018;3302;60 anos ou mais;6794;Total;9613
Indicador  3.3.4;1020;13;23;Ceará;9613;2018;3302;60 anos ou mais;92956;Homem;9613
Indicador  3.3.4;1020;2;23;Ceará;9613;2018;3302;60 anos ou mais;92957;Mulher;9613
Indicador  3.3.4;1020;160;23;Ceará;9613;2019;95253;Total;6794;Total;9613
Indicador  3.3.4;1020;81;23;Ceará;9613;2019;95253;Total;92956;Homem;9613
Indicador  3.3.4;1020;79;23;Ceará;9613;2019;95253;Total;92957;Mulher;9613
Indicador  3.3.4;1020;3;23;Ceará;9613;2019;1140;0 a 4 anos;6794;Total;9613
Indicador  3.3.4;1020;0;23;Ceará;9613;2019;1140;0 a 4 anos;92956;Homem;9613
Indicador  3.3.4;1020;3;23;Ceará;9613;2019;1140;0 a 4 anos;92957;Mulher;9613
Indicador  3.3.4;1020;2;23;Ceará;9613;2019;1141;5 a 9 anos;6794;Total;9613
Indicador  3.3.4;1020;1;23;Ceará;9613;2019;1141;5 a 9 anos;92956;Homem;9613
Indicador  3.3.4;1020;1;23;Ceará;9613;2019;1141;5 a 9 anos;92957;Mulher;9613
Indicador  3.3.4;1020;0;23;Ceará;9613;2019;1142;10 a 14 anos;6794;Total;9613
Indicador  3.3.4;1020;0;23;Ceará;9613;2019;1142;10 a 14 anos;92956;Homem;9613
Indicador  3.3.4;1020;0;23;Ceará;9613;2019;1142;10 a 14 anos;92957;Mulher;9613
Indicador  3.3.4;1020;5;23;Ceará;9613;2019;1143;15 a 19 anos;6794;Total;9613
Indicador  3.3.4;1020;1;23;Ceará;9613;2019;1143;15 a 19 anos;92956;Homem;9613
Indicador  3.3.4;1020;4;23;Ceará;9613;2019;1143;15 a 19 anos;92957;Mulher;9613
Indicador  3.3.4;1020;6;23;Ceará;9613;2019;1144;20 a 24 anos;6794;Total;9613
Indicador  3.3.4;1020;1;23;Ceará;9613;2019;1144;20 a 24 anos;92956;Homem;9613
Indicador  3.3.4;1020;5;23;Ceará;9613;2019;1144;20 a 24 anos;92957;Mulher;9613
Indicador  3.3.4;1020;14;23;Ceará;9613;2019;1145;25 a 29 anos;6794;Total;9613
Indicador  3.3.4;1020;5;23;Ceará;9613;2019;1145;25 a 29 anos;92956;Homem;9613
Indicador  3.3.4;1020;9;23;Ceará;9613;2019;1145;25 a 29 anos;92957;Mulher;9613
Indicador  3.3.4;1020;24;23;Ceará;9613;2019;1146;30 a 34 anos;6794;Total;9613
Indicador  3.3.4;1020;11;23;Ceará;9613;2019;1146;30 a 34 anos;92956;Homem;9613
Indicador  3.3.4;1020;13;23;Ceará;9613;2019;1146;30 a 34 anos;92957;Mulher;9613
Indicador  3.3.4;1020;19;23;Ceará;9613;2019;1147;35 a 39 anos;6794;Total;9613
Indicador  3.3.4;1020;7;23;Ceará;9613;2019;1147;35 a 39 anos;92956;Homem;9613
Indicador  3.3.4;1020;12;23;Ceará;9613;2019;1147;35 a 39 anos;92957;Mulher;9613
Indicador  3.3.4;1020;21;23;Ceará;9613;2019;1148;40 a 44 anos;6794;Total;9613
Indicador  3.3.4;1020;14;23;Ceará;9613;2019;1148;40 a 44 anos;92956;Homem;9613
Indicador  3.3.4;1020;7;23;Ceará;9613;2019;1148;40 a 44 anos;92957;Mulher;9613
Indicador  3.3.4;1020;12;23;Ceará;9613;2019;1149;45 a 49 anos;6794;Total;9613
Indicador  3.3.4;1020;7;23;Ceará;9613;2019;1149;45 a 49 anos;92956;Homem;9613
Indicador  3.3.4;1020;5;23;Ceará;9613;2019;1149;45 a 49 anos;92957;Mulher;9613
Indicador  3.3.4;1020;15;23;Ceará;9613;2019;1150;50 a 54 anos;6794;Total;9613
Indicador  3.3.4;1020;8;23;Ceará;9613;2019;1150;50 a 54 anos;92956;Homem;9613
Indicador  3.3.4;1020;7;23;Ceará;9613;2019;1150;50 a 54 anos;92957;Mulher;9613
Indicador  3.3.4;1020;16;23;Ceará;9613;2019;1151;55 a 59 anos;6794;Total;9613
Indicador  3.3.4;1020;10;23;Ceará;9613;2019;1151;55 a 59 anos;92956;Homem;9613
Indicador  3.3.4;1020;6;23;Ceará;9613;2019;1151;55 a 59 anos;92957;Mulher;9613
Indicador  3.3.4;1020;23;23;Ceará;9613;2019;3302;60 anos ou mais;6794;Total;9613
Indicador  3.3.4;1020;16;23;Ceará;9613;2019;3302;60 anos ou mais;92956;Homem;9613
Indicador  3.3.4;1020;7;23;Ceará;9613;2019;3302;60 anos ou mais;92957;Mulher;9613
Indicador  3.3.4;1020;117;23;Ceará;9613;2020;95253;Total;6794;Total;9613
Indicador  3.3.4;1020;68;23;Ceará;9613;2020;95253;Total;92956;Homem;9613
Indicador  3.3.4;1020;49;23;Ceará;9613;2020;95253;Total;92957;Mulher;9613
Indicador  3.3.4;1020;2;23;Ceará;9613;2020;1140;0 a 4 anos;6794;Total;9613
Indicador  3.3.4;1020;0;23;Ceará;9613;2020;1140;0 a 4 anos;92956;Homem;9613
Indicador  3.3.4;1020;2;23;Ceará;9613;2020;1140;0 a 4 anos;92957;Mulher;9613
Indicador  3.3.4;1020;0;23;Ceará;9613;2020;1141;5 a 9 anos;6794;Total;9613
Indicador  3.3.4;1020;0;23;Ceará;9613;2020;1141;5 a 9 anos;92956;Homem;9613
Indicador  3.3.4;1020;0;23;Ceará;9613;2020;1141;5 a 9 anos;92957;Mulher;9613
Indicador  3.3.4;1020;0;23;Ceará;9613;2020;1142;10 a 14 anos;6794;Total;9613
Indicador  3.3.4;1020;0;23;Ceará;9613;2020;1142;10 a 14 anos;92956;Homem;9613
Indicador  3.3.4;1020;0;23;Ceará;9613;2020;1142;10 a 14 anos;92957;Mulher;9613
Indicador  3.3.4;1020;3;23;Ceará;9613;2020;1143;15 a 19 anos;6794;Total;9613
Indicador  3.3.4;1020;1;23;Ceará;9613;2020;1143;15 a 19 anos;92956;Homem;9613
Indicador  3.3.4;1020;2;23;Ceará;9613;2020;1143;15 a 19 anos;92957;Mulher;9613
Indicador  3.3.4;1020;4;23;Ceará;9613;2020;1144;20 a 24 anos;6794;Total;9613
Indicador  3.3.4;1020;1;23;Ceará;9613;2020;1144;20 a 24 anos;92956;Homem;9613
Indicador  3.3.4;1020;3;23;Ceará;9613;2020;1144;20 a 24 anos;92957;Mulher;9613
Indicador  3.3.4;1020;10;23;Ceará;9613;2020;1145;25 a 29 anos;6794;Total;9613
Indicador  3.3.4;1020;3;23;Ceará;9613;2020;1145;25 a 29 anos;92956;Homem;9613
Indicador  3.3.4;1020;7;23;Ceará;9613;2020;1145;25 a 29 anos;92957;Mulher;9613
Indicador  3.3.4;1020;19;23;Ceará;9613;2020;1146;30 a 34 anos;6794;Total;9613
Indicador  3.3.4;1020;11;23;Ceará;9613;2020;1146;30 a 34 anos;92956;Homem;9613
Indicador  3.3.4;1020;8;23;Ceará;9613;2020;1146;30 a 34 anos;92957;Mulher;9613
Indicador  3.3.4;1020;13;23;Ceará;9613;2020;1147;35 a 39 anos;6794;Total;9613
Indicador  3.3.4;1020;7;23;Ceará;9613;2020;1147;35 a 39 anos;92956;Homem;9613
Indicador  3.3.4;1020;6;23;Ceará;9613;2020;1147;35 a 39 anos;92957;Mulher;9613
Indicador  3.3.4;1020;11;23;Ceará;9613;2020;1148;40 a 44 anos;6794;Total;9613
Indicador  3.3.4;1020;5;23;Ceará;9613;2020;1148;40 a 44 anos;92956;Homem;9613
Indicador  3.3.4;1020;6;23;Ceará;9613;2020;1148;40 a 44 anos;92957;Mulher;9613
Indicador  3.3.4;1020;15;23;Ceará;9613;2020;1149;45 a 49 anos;6794;Total;9613
Indicador  3.3.4;1020;11;23;Ceará;9613;2020;1149;45 a 49 anos;92956;Homem;9613
Indicador  3.3.4;1020;4;23;Ceará;9613;2020;1149;45 a 49 anos;92957;Mulher;9613
Indicador  3.3.4;1020;5;23;Ceará;9613;2020;1150;50 a 54 anos;6794;Total;9613
Indicador  3.3.4;1020;3;23;Ceará;9613;2020;1150;50 a 54 anos;92956;Homem;9613
Indicador  3.3.4;1020;2;23;Ceará;9613;2020;1150;50 a 54 anos;92957;Mulher;9613
Indicador  3.3.4;1020;12;23;Ceará;9613;2020;1151;55 a 59 anos;6794;Total;9613
Indicador  3.3.4;1020;9;23;Ceará;9613;2020;1151;55 a 59 anos;92956;Homem;9613
Indicador  3.3.4;1020;3;23;Ceará;9613;2020;1151;55 a 59 anos;92957;Mulher;9613
Indicador  3.3.4;1020;23;23;Ceará;9613;2020;3302;60 anos ou mais;6794;Total;9613
Indicador  3.3.4;1020;17;23;Ceará;9613;2020;3302;60 anos ou mais;92956;Homem;9613
Indicador  3.3.4;1020;6;23;Ceará;9613;2020;3302;60 anos ou mais;92957;Mulher;9613
Indicador  3.3.4;1020;118;23;Ceará;9613;2021;95253;Total;6794;Total;9613
Indicador  3.3.4;1020;80;23;Ceará;9613;2021;95253;Total;92956;Homem;9613
Indicador  3.3.4;1020;38;23;Ceará;9613;2021;95253;Total;92957;Mulher;9613
Indicador  3.3.4;1020;0;23;Ceará;9613;2021;1140;0 a 4 anos;6794;Total;9613
Indicador  3.3.4;1020;0;23;Ceará;9613;2021;1140;0 a 4 anos;92956;Homem;9613
Indicador  3.3.4;1020;0;23;Ceará;9613;2021;1140;0 a 4 anos;92957;Mulher;9613
Indicador  3.3.4;1020;0;23;Ceará;9613;2021;1141;5 a 9 anos;6794;Total;9613
Indicador  3.3.4;1020;0;23;Ceará;9613;2021;1141;5 a 9 anos;92956;Homem;9613
Indicador  3.3.4;1020;0;23;Ceará;9613;2021;1141;5 a 9 anos;92957;Mulher;9613
Indicador  3.3.4;1020;0;23;Ceará;9613;2021;1142;10 a 14 anos;6794;Total;9613
Indicador  3.3.4;1020;0;23;Ceará;9613;2021;1142;10 a 14 anos;92956;Homem;9613
Indicador  3.3.4;1020;0;23;Ceará;9613;2021;1142;10 a 14 anos;92957;Mulher;9613
Indicador  3.3.4;1020;3;23;Ceará;9613;2021;1143;15 a 19 anos;6794;Total;9613
Indicador  3.3.4;1020;0;23;Ceará;9613;2021;1143;15 a 19 anos;92956;Homem;9613
Indicador  3.3.4;1020;3;23;Ceará;9613;2021;1143;15 a 19 anos;92957;Mulher;9613
Indicador  3.3.4;1020;7;23;Ceará;9613;2021;1144;20 a 24 anos;6794;Total;9613
Indicador  3.3.4;1020;4;23;Ceará;9613;2021;1144;20 a 24 anos;92956;Homem;9613
Indicador  3.3.4;1020;3;23;Ceará;9613;2021;1144;20 a 24 anos;92957;Mulher;9613
Indicador  3.3.4;1020;14;23;Ceará;9613;2021;1145;25 a 29 anos;6794;Total;9613
Indicador  3.3.4;1020;8;23;Ceará;9613;2021;1145;25 a 29 anos;92956;Homem;9613
Indicador  3.3.4;1020;6;23;Ceará;9613;2021;1145;25 a 29 anos;92957;Mulher;9613
Indicador  3.3.4;1020;12;23;Ceará;9613;2021;1146;30 a 34 anos;6794;Total;9613
Indicador  3.3.4;1020;9;23;Ceará;9613;2021;1146;30 a 34 anos;92956;Homem;9613
Indicador  3.3.4;1020;3;23;Ceará;9613;2021;1146;30 a 34 anos;92957;Mulher;9613
Indicador  3.3.4;1020;14;23;Ceará;9613;2021;1147;35 a 39 anos;6794;Total;9613
Indicador  3.3.4;1020;10;23;Ceará;9613;2021;1147;35 a 39 anos;92956;Homem;9613
Indicador  3.3.4;1020;4;23;Ceará;9613;2021;1147;35 a 39 anos;92957;Mulher;9613
Indicador  3.3.4;1020;18;23;Ceará;9613;2021;1148;40 a 44 anos;6794;Total;9613
Indicador  3.3.4;1020;11;23;Ceará;9613;2021;1148;40 a 44 anos;92956;Homem;9613
Indicador  3.3.4;1020;7;23;Ceará;9613;2021;1148;40 a 44 anos;92957;Mulher;9613
Indicador  3.3.4;1020;9;23;Ceará;9613;2021;1149;45 a 49 anos;6794;Total;9613
Indicador  3.3.4;1020;7;23;Ceará;9613;2021;1149;45 a 49 anos;92956;Homem;9613
Indicador  3.3.4;1020;2;23;Ceará;9613;2021;1149;45 a 49 anos;92957;Mulher;9613
Indicador  3.3.4;1020;13;23;Ceará;9613;2021;1150;50 a 54 anos;6794;Total;9613
Indicador  3.3.4;1020;9;23;Ceará;9613;2021;1150;50 a 54 anos;92956;Homem;9613
Indicador  3.3.4;1020;4;23;Ceará;9613;2021;1150;50 a 54 anos;92957;Mulher;9613
Indicador  3.3.4;1020;12;23;Ceará;9613;2021;1151;55 a 59 anos;6794;Total;9613
Indicador  3.3.4;1020;10;23;Ceará;9613;2021;1151;55 a 59 anos;92956;Homem;9613
Indicador  3.3.4;1020;2;23;Ceará;9613;2021;1151;55 a 59 anos;92957;Mulher;9613
Indicador  3.3.4;1020;16;23;Ceará;9613;2021;3302;60 anos ou mais;6794;Total;9613
Indicador  3.3.4;1020;12;23;Ceará;9613;2021;3302;60 anos ou mais;92956;Homem;9613
Indicador  3.3.4;1020;4;23;Ceará;9613;2021;3302;60 anos ou mais;92957;Mulher;9613
Indicador  3.3.4;1020;151;23;Ceará;9613;2022;95253;Total;6794;Total;9613
Indicador  3.3.4;1020;90;23;Ceará;9613;2022;95253;Total;92956;Homem;9613
Indicador  3.3.4;1020;61;23;Ceará;9613;2022;95253;Total;92957;Mulher;9613
Indicador  3.3.4;1020;1;23;Ceará;9613;2022;1140;0 a 4 anos;6794;Total;9613
Indicador  3.3.4;1020;1;23;Ceará;9613;2022;1140;0 a 4 anos;92956;Homem;9613
Indicador  3.3.4;1020;0;23;Ceará;9613;2022;1140;0 a 4 anos;92957;Mulher;9613
Indicador  3.3.4;1020;0;23;Ceará;9613;2022;1141;5 a 9 anos;6794;Total;9613
Indicador  3.3.4;1020;0;23;Ceará;9613;2022;1141;5 a 9 anos;92956;Homem;9613
Indicador  3.3.4;1020;0;23;Ceará;9613;2022;1141;5 a 9 anos;92957;Mulher;9613
Indicador  3.3.4;1020;1;23;Ceará;9613;2022;1142;10 a 14 anos;6794;Total;9613
Indicador  3.3.4;1020;0;23;Ceará;9613;2022;1142;10 a 14 anos;92956;Homem;9613
Indicador  3.3.4;1020;1;23;Ceará;9613;2022;1142;10 a 14 anos;92957;Mulher;9613
Indicador  3.3.4;1020;5;23;Ceará;9613;2022;1143;15 a 19 anos;6794;Total;9613
Indicador  3.3.4;1020;3;23;Ceará;9613;2022;1143;15 a 19 anos;92956;Homem;9613
Indicador  3.3.4;1020;2;23;Ceará;9613;2022;1143;15 a 19 anos;92957;Mulher;9613
Indicador  3.3.4;1020;11;23;Ceará;9613;2022;1144;20 a 24 anos;6794;Total;9613
Indicador  3.3.4;1020;6;23;Ceará;9613;2022;1144;20 a 24 anos;92956;Homem;9613
Indicador  3.3.4;1020;5;23;Ceará;9613;2022;1144;20 a 24 anos;92957;Mulher;9613
Indicador  3.3.4;1020;12;23;Ceará;9613;2022;1145;25 a 29 anos;6794;Total;9613
Indicador  3.3.4;1020;8;23;Ceará;9613;2022;1145;25 a 29 anos;92956;Homem;9613
Indicador  3.3.4;1020;4;23;Ceará;9613;2022;1145;25 a 29 anos;92957;Mulher;9613
Indicador  3.3.4;1020;21;23;Ceará;9613;2022;1146;30 a 34 anos;6794;Total;9613
Indicador  3.3.4;1020;8;23;Ceará;9613;2022;1146;30 a 34 anos;92956;Homem;9613
Indicador  3.3.4;1020;13;23;Ceará;9613;2022;1146;30 a 34 anos;92957;Mulher;9613
Indicador  3.3.4;1020;20;23;Ceará;9613;2022;1147;35 a 39 anos;6794;Total;9613
Indicador  3.3.4;1020;11;23;Ceará;9613;2022;1147;35 a 39 anos;92956;Homem;9613
Indicador  3.3.4;1020;9;23;Ceará;9613;2022;1147;35 a 39 anos;92957;Mulher;9613
Indicador  3.3.4;1020;17;23;Ceará;9613;2022;1148;40 a 44 anos;6794;Total;9613
Indicador  3.3.4;1020;13;23;Ceará;9613;2022;1148;40 a 44 anos;92956;Homem;9613
Indicador  3.3.4;1020;4;23;Ceará;9613;2022;1148;40 a 44 anos;92957;Mulher;9613
Indicador  3.3.4;1020;12;23;Ceará;9613;2022;1149;45 a 49 anos;6794;Total;9613
Indicador  3.3.4;1020;7;23;Ceará;9613;2022;1149;45 a 49 anos;92956;Homem;9613
Indicador  3.3.4;1020;5;23;Ceará;9613;2022;1149;45 a 49 anos;92957;Mulher;9613
Indicador  3.3.4;1020;10;23;Ceará;9613;2022;1150;50 a 54 anos;6794;Total;9613
Indicador  3.3.4;1020;8;23;Ceará;9613;2022;1150;50 a 54 anos;92956;Homem;9613
Indicador  3.3.4;1020;2;23;Ceará;9613;2022;1150;50 a 54 anos;92957;Mulher;9613
Indicador  3.3.4;1020;15;23;Ceará;9613;2022;1151;55 a 59 anos;6794;Total;9613
Indicador  3.3.4;1020;7;23;Ceará;9613;2022;1151;55 a 59 anos;92956;Homem;9613
Indicador  3.3.4;1020;8;23;Ceará;9613;2022;1151;55 a 59 anos;92957;Mulher;9613
Indicador  3.3.4;1020;26;23;Ceará;9613;2022;3302;60 anos ou mais;6794;Total;9613
Indicador  3.3.4;1020;18;23;Ceará;9613;2022;3302;60 anos ou mais;92956;Homem;9613
Indicador  3.3.4;1020;8;23;Ceará;9613;2022;3302;60 anos ou mais;92957;Mulher;9613
Indicador  3.3.4;1020;72;24;Rio Grande do Norte;9613;2018;95253;Total;6794;Total;9613
Indicador  3.3.4;1020;47;24;Rio Grande do Norte;9613;2018;95253;Total;92956;Homem;9613
Indicador  3.3.4;1020;25;24;Rio Grande do Norte;9613;2018;95253;Total;92957;Mulher;9613
Indicador  3.3.4;1020;2;24;Rio Grande do Norte;9613;2018;1140;0 a 4 anos;6794;Total;9613
Indicador  3.3.4;1020;0;24;Rio Grande do Norte;9613;2018;1140;0 a 4 anos;92956;Homem;9613
Indicador  3.3.4;1020;2;24;Rio Grande do Norte;9613;2018;1140;0 a 4 anos;92957;Mulher;9613
Indicador  3.3.4;1020;0;24;Rio Grande do Norte;9613;2018;1141;5 a 9 anos;6794;Total;9613
Indicador  3.3.4;1020;0;24;Rio Grande do Norte;9613;2018;1141;5 a 9 anos;92956;Homem;9613
Indicador  3.3.4;1020;0;24;Rio Grande do Norte;9613;2018;1141;5 a 9 anos;92957;Mulher;9613
Indicador  3.3.4;1020;0;24;Rio Grande do Norte;9613;2018;1142;10 a 14 anos;6794;Total;9613
Indicador  3.3.4;1020;0;24;Rio Grande do Norte;9613;2018;1142;10 a 14 anos;92956;Homem;9613
Indicador  3.3.4;1020;0;24;Rio Grande do Norte;9613;2018;1142;10 a 14 anos;92957;Mulher;9613
Indicador  3.3.4;1020;1;24;Rio Grande do Norte;9613;2018;1143;15 a 19 anos;6794;Total;9613
Indicador  3.3.4;1020;1;24;Rio Grande do Norte;9613;2018;1143;15 a 19 anos;92956;Homem;9613
Indicador  3.3.4;1020;0;24;Rio Grande do Norte;9613;2018;1143;15 a 19 anos;92957;Mulher;9613
Indicador  3.3.4;1020;3;24;Rio Grande do Norte;9613;2018;1144;20 a 24 anos;6794;Total;9613
Indicador  3.3.4;1020;2;24;Rio Grande do Norte;9613;2018;1144;20 a 24 anos;92956;Homem;9613
Indicador  3.3.4;1020;1;24;Rio Grande do Norte;9613;2018;1144;20 a 24 anos;92957;Mulher;9613
Indicador  3.3.4;1020;7;24;Rio Grande do Norte;9613;2018;1145;25 a 29 anos;6794;Total;9613
Indicador  3.3.4;1020;2;24;Rio Grande do Norte;9613;2018;1145;25 a 29 anos;92956;Homem;9613
Indicador  3.3.4;1020;5;24;Rio Grande do Norte;9613;2018;1145;25 a 29 anos;92957;Mulher;9613
Indicador  3.3.4;1020;7;24;Rio Grande do Norte;9613;2018;1146;30 a 34 anos;6794;Total;9613
Indicador  3.3.4;1020;6;24;Rio Grande do Norte;9613;2018;1146;30 a 34 anos;92956;Homem;9613
Indicador  3.3.4;1020;1;24;Rio Grande do Norte;9613;2018;1146;30 a 34 anos;92957;Mulher;9613
Indicador  3.3.4;1020;10;24;Rio Grande do Norte;9613;2018;1147;35 a 39 anos;6794;Total;9613
Indicador  3.3.4;1020;6;24;Rio Grande do Norte;9613;2018;1147;35 a 39 anos;92956;Homem;9613
Indicador  3.3.4;1020;4;24;Rio Grande do Norte;9613;2018;1147;35 a 39 anos;92957;Mulher;9613
Indicador  3.3.4;1020;7;24;Rio Grande do Norte;9613;2018;1148;40 a 44 anos;6794;Total;9613
Indicador  3.3.4;1020;7;24;Rio Grande do Norte;9613;2018;1148;40 a 44 anos;92956;Homem;9613
Indicador  3.3.4;1020;0;24;Rio Grande do Norte;9613;2018;1148;40 a 44 anos;92957;Mulher;9613
Indicador  3.3.4;1020;4;24;Rio Grande do Norte;9613;2018;1149;45 a 49 anos;6794;Total;9613
Indicador  3.3.4;1020;1;24;Rio Grande do Norte;9613;2018;1149;45 a 49 anos;92956;Homem;9613
Indicador  3.3.4;1020;3;24;Rio Grande do Norte;9613;2018;1149;45 a 49 anos;92957;Mulher;9613
Indicador  3.3.4;1020;5;24;Rio Grande do Norte;9613;2018;1150;50 a 54 anos;6794;Total;9613
Indicador  3.3.4;1020;3;24;Rio Grande do Norte;9613;2018;1150;50 a 54 anos;92956;Homem;9613
Indicador  3.3.4;1020;2;24;Rio Grande do Norte;9613;2018;1150;50 a 54 anos;92957;Mulher;9613
Indicador  3.3.4;1020;9;24;Rio Grande do Norte;9613;2018;1151;55 a 59 anos;6794;Total;9613
Indicador  3.3.4;1020;6;24;Rio Grande do Norte;9613;2018;1151;55 a 59 anos;92956;Homem;9613
Indicador  3.3.4;1020;3;24;Rio Grande do Norte;9613;2018;1151;55 a 59 anos;92957;Mulher;9613
Indicador  3.3.4;1020;17;24;Rio Grande do Norte;9613;2018;3302;60 anos ou mais;6794;Total;9613
Indicador  3.3.4;1020;13;24;Rio Grande do Norte;9613;2018;3302;60 anos ou mais;92956;Homem;9613
Indicador  3.3.4;1020;4;24;Rio Grande do Norte;9613;2018;3302;60 anos ou mais;92957;Mulher;9613
Indicador  3.3.4;1020;71;24;Rio Grande do Norte;9613;2019;95253;Total;6794;Total;9613
Indicador  3.3.4;1020;40;24;Rio Grande do Norte;9613;2019;95253;Total;92956;Homem;9613
Indicador  3.3.4;1020;31;24;Rio Grande do Norte;9613;2019;95253;Total;92957;Mulher;9613
Indicador  3.3.4;1020;0;24;Rio Grande do Norte;9613;2019;1140;0 a 4 anos;6794;Total;9613
Indicador  3.3.4;1020;0;24;Rio Grande do Norte;9613;2019;1140;0 a 4 anos;92956;Homem;9613
Indicador  3.3.4;1020;0;24;Rio Grande do Norte;9613;2019;1140;0 a 4 anos;92957;Mulher;9613
Indicador  3.3.4;1020;0;24;Rio Grande do Norte;9613;2019;1141;5 a 9 anos;6794;Total;9613
Indicador  3.3.4;1020;0;24;Rio Grande do Norte;9613;2019;1141;5 a 9 anos;92956;Homem;9613
Indicador  3.3.4;1020;0;24;Rio Grande do Norte;9613;2019;1141;5 a 9 anos;92957;Mulher;9613
Indicador  3.3.4;1020;2;24;Rio Grande do Norte;9613;2019;1142;10 a 14 anos;6794;Total;9613
Indicador  3.3.4;1020;0;24;Rio Grande do Norte;9613;2019;1142;10 a 14 anos;92956;Homem;9613
Indicador  3.3.4;1020;2;24;Rio Grande do Norte;9613;2019;1142;10 a 14 anos;92957;Mulher;9613
Indicador  3.3.4;1020;0;24;Rio Grande do Norte;9613;2019;1143;15 a 19 anos;6794;Total;9613
Indicador  3.3.4;1020;0;24;Rio Grande do Norte;9613;2019;1143;15 a 19 anos;92956;Homem;9613
Indicador  3.3.4;1020;0;24;Rio Grande do Norte;9613;2019;1143;15 a 19 anos;92957;Mulher;9613
Indicador  3.3.4;1020;6;24;Rio Grande do Norte;9613;2019;1144;20 a 24 anos;6794;Total;9613
Indicador  3.3.4;1020;1;24;Rio Grande do Norte;9613;2019;1144;20 a 24 anos;92956;Homem;9613
Indicador  3.3.4;1020;5;24;Rio Grande do Norte;9613;2019;1144;20 a 24 anos;92957;Mulher;9613
Indicador  3.3.4;1020;9;24;Rio Grande do Norte;9613;2019;1145;25 a 29 anos;6794;Total;9613
Indicador  3.3.4;1020;1;24;Rio Grande do Norte;9613;2019;1145;25 a 29 anos;92956;Homem;9613
Indicador  3.3.4;1020;8;24;Rio Grande do Norte;9613;2019;1145;25 a 29 anos;92957;Mulher;9613
Indicador  3.3.4;1020;10;24;Rio Grande do Norte;9613;2019;1146;30 a 34 anos;6794;Total;9613
Indicador  3.3.4;1020;4;24;Rio Grande do Norte;9613;2019;1146;30 a 34 anos;92956;Homem;9613
Indicador  3.3.4;1020;6;24;Rio Grande do Norte;9613;2019;1146;30 a 34 anos;92957;Mulher;9613
Indicador  3.3.4;1020;8;24;Rio Grande do Norte;9613;2019;1147;35 a 39 anos;6794;Total;9613
Indicador  3.3.4;1020;6;24;Rio Grande do Norte;9613;2019;1147;35 a 39 anos;92956;Homem;9613
Indicador  3.3.4;1020;2;24;Rio Grande do Norte;9613;2019;1147;35 a 39 anos;92957;Mulher;9613
Indicador  3.3.4;1020;9;24;Rio Grande do Norte;9613;2019;1148;40 a 44 anos;6794;Total;9613
Indicador  3.3.4;1020;7;24;Rio Grande do Norte;9613;2019;1148;40 a 44 anos;92956;Homem;9613
Indicador  3.3.4;1020;2;24;Rio Grande do Norte;9613;2019;1148;40 a 44 anos;92957;Mulher;9613
Indicador  3.3.4;1020;6;24;Rio Grande do Norte;9613;2019;1149;45 a 49 anos;6794;Total;9613
Indicador  3.3.4;1020;4;24;Rio Grande do Norte;9613;2019;1149;45 a 49 anos;92956;Homem;9613
Indicador  3.3.4;1020;2;24;Rio Grande do Norte;9613;2019;1149;45 a 49 anos;92957;Mulher;9613
Indicador  3.3.4;1020;8;24;Rio Grande do Norte;9613;2019;1150;50 a 54 anos;6794;Total;9613
Indicador  3.3.4;1020;6;24;Rio Grande do Norte;9613;2019;1150;50 a 54 anos;92956;Homem;9613
Indicador  3.3.4;1020;2;24;Rio Grande do Norte;9613;2019;1150;50 a 54 anos;92957;Mulher;9613
Indicador  3.3.4;1020;5;24;Rio Grande do Norte;9613;2019;1151;55 a 59 anos;6794;Total;9613
Indicador  3.3.4;1020;4;24;Rio Grande do Norte;9613;2019;1151;55 a 59 anos;92956;Homem;9613
Indicador  3.3.4;1020;1;24;Rio Grande do Norte;9613;2019;1151;55 a 59 anos;92957;Mulher;9613
Indicador  3.3.4;1020;8;24;Rio Grande do Norte;9613;2019;3302;60 anos ou mais;6794;Total;9613
Indicador  3.3.4;1020;7;24;Rio Grande do Norte;9613;2019;3302;60 anos ou mais;92956;Homem;9613
Indicador  3.3.4;1020;1;24;Rio Grande do Norte;9613;2019;3302;60 anos ou mais;92957;Mulher;9613
Indicador  3.3.4;1020;30;24;Rio Grande do Norte;9613;2020;95253;Total;6794;Total;9613
Indicador  3.3.4;1020;16;24;Rio Grande do Norte;9613;2020;95253;Total;92956;Homem;9613
Indicador  3.3.4;1020;14;24;Rio Grande do Norte;9613;2020;95253;Total;92957;Mulher;9613
Indicador  3.3.4;1020;0;24;Rio Grande do Norte;9613;2020;1140;0 a 4 anos;6794;Total;9613
Indicador  3.3.4;1020;0;24;Rio Grande do Norte;9613;2020;1140;0 a 4 anos;92956;Homem;9613
Indicador  3.3.4;1020;0;24;Rio Grande do Norte;9613;2020;1140;0 a 4 anos;92957;Mulher;9613
Indicador  3.3.4;1020;0;24;Rio Grande do Norte;9613;2020;1141;5 a 9 anos;6794;Total;9613
Indicador  3.3.4;1020;0;24;Rio Grande do Norte;9613;2020;1141;5 a 9 anos;92956;Homem;9613
Indicador  3.3.4;1020;0;24;Rio Grande do Norte;9613;2020;1141;5 a 9 anos;92957;Mulher;9613
Indicador  3.3.4;1020;0;24;Rio Grande do Norte;9613;2020;1142;10 a 14 anos;6794;Total;9613
Indicador  3.3.4;1020;0;24;Rio Grande do Norte;9613;2020;1142;10 a 14 anos;92956;Homem;9613
Indicador  3.3.4;1020;0;24;Rio Grande do Norte;9613;2020;1142;10 a 14 anos;92957;Mulher;9613
Indicador  3.3.4;1020;0;24;Rio Grande do Norte;9613;2020;1143;15 a 19 anos;6794;Total;9613
Indicador  3.3.4;1020;0;24;Rio Grande do Norte;9613;2020;1143;15 a 19 anos;92956;Homem;9613
Indicador  3.3.4;1020;0;24;Rio Grande do Norte;9613;2020;1143;15 a 19 anos;92957;Mulher;9613
Indicador  3.3.4;1020;1;24;Rio Grande do Norte;9613;2020;1144;20 a 24 anos;6794;Total;9613
Indicador  3.3.4;1020;1;24;Rio Grande do Norte;9613;2020;1144;20 a 24 anos;92956;Homem;9613
Indicador  3.3.4;1020;0;24;Rio Grande do Norte;9613;2020;1144;20 a 24 anos;92957;Mulher;9613
Indicador  3.3.4;1020;4;24;Rio Grande do Norte;9613;2020;1145;25 a 29 anos;6794;Total;9613
Indicador  3.3.4;1020;1;24;Rio Grande do Norte;9613;2020;1145;25 a 29 anos;92956;Homem;9613
Indicador  3.3.4;1020;3;24;Rio Grande do Norte;9613;2020;1145;25 a 29 anos;92957;Mulher;9613
Indicador  3.3.4;1020;6;24;Rio Grande do Norte;9613;2020;1146;30 a 34 anos;6794;Total;9613
Indicador  3.3.4;1020;4;24;Rio Grande do Norte;9613;2020;1146;30 a 34 anos;92956;Homem;9613
Indicador  3.3.4;1020;2;24;Rio Grande do Norte;9613;2020;1146;30 a 34 anos;92957;Mulher;9613
Indicador  3.3.4;1020;7;24;Rio Grande do Norte;9613;2020;1147;35 a 39 anos;6794;Total;9613
Indicador  3.3.4;1020;2;24;Rio Grande do Norte;9613;2020;1147;35 a 39 anos;92956;Homem;9613
Indicador  3.3.4;1020;5;24;Rio Grande do Norte;9613;2020;1147;35 a 39 anos;92957;Mulher;9613
Indicador  3.3.4;1020;4;24;Rio Grande do Norte;9613;2020;1148;40 a 44 anos;6794;Total;9613
Indicador  3.3.4;1020;2;24;Rio Grande do Norte;9613;2020;1148;40 a 44 anos;92956;Homem;9613
Indicador  3.3.4;1020;2;24;Rio Grande do Norte;9613;2020;1148;40 a 44 anos;92957;Mulher;9613
Indicador  3.3.4;1020;0;24;Rio Grande do Norte;9613;2020;1149;45 a 49 anos;6794;Total;9613
Indicador  3.3.4;1020;0;24;Rio Grande do Norte;9613;2020;1149;45 a 49 anos;92956;Homem;9613
Indicador  3.3.4;1020;0;24;Rio Grande do Norte;9613;2020;1149;45 a 49 anos;92957;Mulher;9613
Indicador  3.3.4;1020;2;24;Rio Grande do Norte;9613;2020;1150;50 a 54 anos;6794;Total;9613
Indicador  3.3.4;1020;1;24;Rio Grande do Norte;9613;2020;1150;50 a 54 anos;92956;Homem;9613
Indicador  3.3.4;1020;1;24;Rio Grande do Norte;9613;2020;1150;50 a 54 anos;92957;Mulher;9613
Indicador  3.3.4;1020;3;24;Rio Grande do Norte;9613;2020;1151;55 a 59 anos;6794;Total;9613
Indicador  3.3.4;1020;2;24;Rio Grande do Norte;9613;2020;1151;55 a 59 anos;92956;Homem;9613
Indicador  3.3.4;1020;1;24;Rio Grande do Norte;9613;2020;1151;55 a 59 anos;92957;Mulher;9613
Indicador  3.3.4;1020;3;24;Rio Grande do Norte;9613;2020;3302;60 anos ou mais;6794;Total;9613
Indicador  3.3.4;1020;3;24;Rio Grande do Norte;9613;2020;3302;60 anos ou mais;92956;Homem;9613
Indicador  3.3.4;1020;0;24;Rio Grande do Norte;9613;2020;3302;60 anos ou mais;92957;Mulher;9613
Indicador  3.3.4;1020;46;24;Rio Grande do Norte;9613;2021;95253;Total;6794;Total;9613
Indicador  3.3.4;1020;29;24;Rio Grande do Norte;9613;2021;95253;Total;92956;Homem;9613
Indicador  3.3.4;1020;17;24;Rio Grande do Norte;9613;2021;95253;Total;92957;Mulher;9613
Indicador  3.3.4;1020;1;24;Rio Grande do Norte;9613;2021;1140;0 a 4 anos;6794;Total;9613
Indicador  3.3.4;1020;1;24;Rio Grande do Norte;9613;2021;1140;0 a 4 anos;92956;Homem;9613
Indicador  3.3.4;1020;0;24;Rio Grande do Norte;9613;2021;1140;0 a 4 anos;92957;Mulher;9613
Indicador  3.3.4;1020;0;24;Rio Grande do Norte;9613;2021;1141;5 a 9 anos;6794;Total;9613
Indicador  3.3.4;1020;0;24;Rio Grande do Norte;9613;2021;1141;5 a 9 anos;92956;Homem;9613
Indicador  3.3.4;1020;0;24;Rio Grande do Norte;9613;2021;1141;5 a 9 anos;92957;Mulher;9613
Indicador  3.3.4;1020;0;24;Rio Grande do Norte;9613;2021;1142;10 a 14 anos;6794;Total;9613
Indicador  3.3.4;1020;0;24;Rio Grande do Norte;9613;2021;1142;10 a 14 anos;92956;Homem;9613
Indicador  3.3.4;1020;0;24;Rio Grande do Norte;9613;2021;1142;10 a 14 anos;92957;Mulher;9613
Indicador  3.3.4;1020;0;24;Rio Grande do Norte;9613;2021;1143;15 a 19 anos;6794;Total;9613
Indicador  3.3.4;1020;0;24;Rio Grande do Norte;9613;2021;1143;15 a 19 anos;92956;Homem;9613
Indicador  3.3.4;1020;0;24;Rio Grande do Norte;9613;2021;1143;15 a 19 anos;92957;Mulher;9613
Indicador  3.3.4;1020;7;24;Rio Grande do Norte;9613;2021;1144;20 a 24 anos;6794;Total;9613
Indicador  3.3.4;1020;3;24;Rio Grande do Norte;9613;2021;1144;20 a 24 anos;92956;Homem;9613
Indicador  3.3.4;1020;4;24;Rio Grande do Norte;9613;2021;1144;20 a 24 anos;92957;Mulher;9613
Indicador  3.3.4;1020;5;24;Rio Grande do Norte;9613;2021;1145;25 a 29 anos;6794;Total;9613
Indicador  3.3.4;1020;3;24;Rio Grande do Norte;9613;2021;1145;25 a 29 anos;92956;Homem;9613
Indicador  3.3.4;1020;2;24;Rio Grande do Norte;9613;2021;1145;25 a 29 anos;92957;Mulher;9613
Indicador  3.3.4;1020;5;24;Rio Grande do Norte;9613;2021;1146;30 a 34 anos;6794;Total;9613
Indicador  3.3.4;1020;1;24;Rio Grande do Norte;9613;2021;1146;30 a 34 anos;92956;Homem;9613
Indicador  3.3.4;1020;4;24;Rio Grande do Norte;9613;2021;1146;30 a 34 anos;92957;Mulher;9613
Indicador  3.3.4;1020;6;24;Rio Grande do Norte;9613;2021;1147;35 a 39 anos;6794;Total;9613
Indicador  3.3.4;1020;4;24;Rio Grande do Norte;9613;2021;1147;35 a 39 anos;92956;Homem;9613
Indicador  3.3.4;1020;2;24;Rio Grande do Norte;9613;2021;1147;35 a 39 anos;92957;Mulher;9613
Indicador  3.3.4;1020;2;24;Rio Grande do Norte;9613;2021;1148;40 a 44 anos;6794;Total;9613
Indicador  3.3.4;1020;1;24;Rio Grande do Norte;9613;2021;1148;40 a 44 anos;92956;Homem;9613
Indicador  3.3.4;1020;1;24;Rio Grande do Norte;9613;2021;1148;40 a 44 anos;92957;Mulher;9613
Indicador  3.3.4;1020;5;24;Rio Grande do Norte;9613;2021;1149;45 a 49 anos;6794;Total;9613
Indicador  3.3.4;1020;3;24;Rio Grande do Norte;9613;2021;1149;45 a 49 anos;92956;Homem;9613
Indicador  3.3.4;1020;2;24;Rio Grande do Norte;9613;2021;1149;45 a 49 anos;92957;Mulher;9613
Indicador  3.3.4;1020;2;24;Rio Grande do Norte;9613;2021;1150;50 a 54 anos;6794;Total;9613
Indicador  3.3.4;1020;1;24;Rio Grande do Norte;9613;2021;1150;50 a 54 anos;92956;Homem;9613
Indicador  3.3.4;1020;1;24;Rio Grande do Norte;9613;2021;1150;50 a 54 anos;92957;Mulher;9613
Indicador  3.3.4;1020;3;24;Rio Grande do Norte;9613;2021;1151;55 a 59 anos;6794;Total;9613
Indicador  3.3.4;1020;2;24;Rio Grande do Norte;9613;2021;1151;55 a 59 anos;92956;Homem;9613
Indicador  3.3.4;1020;1;24;Rio Grande do Norte;9613;2021;1151;55 a 59 anos;92957;Mulher;9613
Indicador  3.3.4;1020;10;24;Rio Grande do Norte;9613;2021;3302;60 anos ou mais;6794;Total;9613
Indicador  3.3.4;1020;10;24;Rio Grande do Norte;9613;2021;3302;60 anos ou mais;92956;Homem;9613
Indicador  3.3.4;1020;0;24;Rio Grande do Norte;9613;2021;3302;60 anos ou mais;92957;Mulher;9613
Indicador  3.3.4;1020;36;24;Rio Grande do Norte;9613;2022;95253;Total;6794;Total;9613
Indicador  3.3.4;1020;25;24;Rio Grande do Norte;9613;2022;95253;Total;92956;Homem;9613
Indicador  3.3.4;1020;11;24;Rio Grande do Norte;9613;2022;95253;Total;92957;Mulher;9613
Indicador  3.3.4;1020;0;24;Rio Grande do Norte;9613;2022;1140;0 a 4 anos;6794;Total;9613
Indicador  3.3.4;1020;0;24;Rio Grande do Norte;9613;2022;1140;0 a 4 anos;92956;Homem;9613
Indicador  3.3.4;1020;0;24;Rio Grande do Norte;9613;2022;1140;0 a 4 anos;92957;Mulher;9613
Indicador  3.3.4;1020;0;24;Rio Grande do Norte;9613;2022;1141;5 a 9 anos;6794;Total;9613
Indicador  3.3.4;1020;0;24;Rio Grande do Norte;9613;2022;1141;5 a 9 anos;92956;Homem;9613
Indicador  3.3.4;1020;0;24;Rio Grande do Norte;9613;2022;1141;5 a 9 anos;92957;Mulher;9613
Indicador  3.3.4;1020;0;24;Rio Grande do Norte;9613;2022;1142;10 a 14 anos;6794;Total;9613
Indicador  3.3.4;1020;0;24;Rio Grande do Norte;9613;2022;1142;10 a 14 anos;92956;Homem;9613
Indicador  3.3.4;1020;0;24;Rio Grande do Norte;9613;2022;1142;10 a 14 anos;92957;Mulher;9613
Indicador  3.3.4;1020;0;24;Rio Grande do Norte;9613;2022;1143;15 a 19 anos;6794;Total;9613
Indicador  3.3.4;1020;0;24;Rio Grande do Norte;9613;2022;1143;15 a 19 anos;92956;Homem;9613
Indicador  3.3.4;1020;0;24;Rio Grande do Norte;9613;2022;1143;15 a 19 anos;92957;Mulher;9613
Indicador  3.3.4;1020;0;24;Rio Grande do Norte;9613;2022;1144;20 a 24 anos;6794;Total;9613
Indicador  3.3.4;1020;0;24;Rio Grande do Norte;9613;2022;1144;20 a 24 anos;92956;Homem;9613
Indicador  3.3.4;1020;0;24;Rio Grande do Norte;9613;2022;1144;20 a 24 anos;92957;Mulher;9613
Indicador  3.3.4;1020;3;24;Rio Grande do Norte;9613;2022;1145;25 a 29 anos;6794;Total;9613
Indicador  3.3.4;1020;2;24;Rio Grande do Norte;9613;2022;1145;25 a 29 anos;92956;Homem;9613
Indicador  3.3.4;1020;1;24;Rio Grande do Norte;9613;2022;1145;25 a 29 anos;92957;Mulher;9613
Indicador  3.3.4;1020;6;24;Rio Grande do Norte;9613;2022;1146;30 a 34 anos;6794;Total;9613
Indicador  3.3.4;1020;2;24;Rio Grande do Norte;9613;2022;1146;30 a 34 anos;92956;Homem;9613
Indicador  3.3.4;1020;4;24;Rio Grande do Norte;9613;2022;1146;30 a 34 anos;92957;Mulher;9613
Indicador  3.3.4;1020;1;24;Rio Grande do Norte;9613;2022;1147;35 a 39 anos;6794;Total;9613
Indicador  3.3.4;1020;1;24;Rio Grande do Norte;9613;2022;1147;35 a 39 anos;92956;Homem;9613
Indicador  3.3.4;1020;0;24;Rio Grande do Norte;9613;2022;1147;35 a 39 anos;92957;Mulher;9613
Indicador  3.3.4;1020;1;24;Rio Grande do Norte;9613;2022;1148;40 a 44 anos;6794;Total;9613
Indicador  3.3.4;1020;1;24;Rio Grande do Norte;9613;2022;1148;40 a 44 anos;92956;Homem;9613
Indicador  3.3.4;1020;0;24;Rio Grande do Norte;9613;2022;1148;40 a 44 anos;92957;Mulher;9613
Indicador  3.3.4;1020;2;24;Rio Grande do Norte;9613;2022;1149;45 a 49 anos;6794;Total;9613
Indicador  3.3.4;1020;2;24;Rio Grande do Norte;9613;2022;1149;45 a 49 anos;92956;Homem;9613
Indicador  3.3.4;1020;0;24;Rio Grande do Norte;9613;2022;1149;45 a 49 anos;92957;Mulher;9613
Indicador  3.3.4;1020;7;24;Rio Grande do Norte;9613;2022;1150;50 a 54 anos;6794;Total;9613
Indicador  3.3.4;1020;5;24;Rio Grande do Norte;9613;2022;1150;50 a 54 anos;92956;Homem;9613
Indicador  3.3.4;1020;2;24;Rio Grande do Norte;9613;2022;1150;50 a 54 anos;92957;Mulher;9613
Indicador  3.3.4;1020;2;24;Rio Grande do Norte;9613;2022;1151;55 a 59 anos;6794;Total;9613
Indicador  3.3.4;1020;2;24;Rio Grande do Norte;9613;2022;1151;55 a 59 anos;92956;Homem;9613
Indicador  3.3.4;1020;0;24;Rio Grande do Norte;9613;2022;1151;55 a 59 anos;92957;Mulher;9613
Indicador  3.3.4;1020;14;24;Rio Grande do Norte;9613;2022;3302;60 anos ou mais;6794;Total;9613
Indicador  3.3.4;1020;10;24;Rio Grande do Norte;9613;2022;3302;60 anos ou mais;92956;Homem;9613
Indicador  3.3.4;1020;4;24;Rio Grande do Norte;9613;2022;3302;60 anos ou mais;92957;Mulher;9613
Indicador  3.3.4;1020;122;25;Paraíba;9613;2018;95253;Total;6794;Total;9613
Indicador  3.3.4;1020;73;25;Paraíba;9613;2018;95253;Total;92956;Homem;9613
Indicador  3.3.4;1020;49;25;Paraíba;9613;2018;95253;Total;92957;Mulher;9613
Indicador  3.3.4;1020;2;25;Paraíba;9613;2018;1140;0 a 4 anos;6794;Total;9613
Indicador  3.3.4;1020;1;25;Paraíba;9613;2018;1140;0 a 4 anos;92956;Homem;9613
Indicador  3.3.4;1020;1;25;Paraíba;9613;2018;1140;0 a 4 anos;92957;Mulher;9613
Indicador  3.3.4;1020;0;25;Paraíba;9613;2018;1141;5 a 9 anos;6794;Total;9613
Indicador  3.3.4;1020;0;25;Paraíba;9613;2018;1141;5 a 9 anos;92956;Homem;9613
Indicador  3.3.4;1020;0;25;Paraíba;9613;2018;1141;5 a 9 anos;92957;Mulher;9613
Indicador  3.3.4;1020;1;25;Paraíba;9613;2018;1142;10 a 14 anos;6794;Total;9613
Indicador  3.3.4;1020;1;25;Paraíba;9613;2018;1142;10 a 14 anos;92956;Homem;9613
Indicador  3.3.4;1020;0;25;Paraíba;9613;2018;1142;10 a 14 anos;92957;Mulher;9613
Indicador  3.3.4;1020;4;25;Paraíba;9613;2018;1143;15 a 19 anos;6794;Total;9613
Indicador  3.3.4;1020;1;25;Paraíba;9613;2018;1143;15 a 19 anos;92956;Homem;9613
Indicador  3.3.4;1020;3;25;Paraíba;9613;2018;1143;15 a 19 anos;92957;Mulher;9613
Indicador  3.3.4;1020;7;25;Paraíba;9613;2018;1144;20 a 24 anos;6794;Total;9613
Indicador  3.3.4;1020;4;25;Paraíba;9613;2018;1144;20 a 24 anos;92956;Homem;9613
Indicador  3.3.4;1020;3;25;Paraíba;9613;2018;1144;20 a 24 anos;92957;Mulher;9613
Indicador  3.3.4;1020;14;25;Paraíba;9613;2018;1145;25 a 29 anos;6794;Total;9613
Indicador  3.3.4;1020;9;25;Paraíba;9613;2018;1145;25 a 29 anos;92956;Homem;9613
Indicador  3.3.4;1020;5;25;Paraíba;9613;2018;1145;25 a 29 anos;92957;Mulher;9613
Indicador  3.3.4;1020;19;25;Paraíba;9613;2018;1146;30 a 34 anos;6794;Total;9613
Indicador  3.3.4;1020;12;25;Paraíba;9613;2018;1146;30 a 34 anos;92956;Homem;9613
Indicador  3.3.4;1020;7;25;Paraíba;9613;2018;1146;30 a 34 anos;92957;Mulher;9613
Indicador  3.3.4;1020;11;25;Paraíba;9613;2018;1147;35 a 39 anos;6794;Total;9613
Indicador  3.3.4;1020;6;25;Paraíba;9613;2018;1147;35 a 39 anos;92956;Homem;9613
Indicador  3.3.4;1020;5;25;Paraíba;9613;2018;1147;35 a 39 anos;92957;Mulher;9613
Indicador  3.3.4;1020;15;25;Paraíba;9613;2018;1148;40 a 44 anos;6794;Total;9613
Indicador  3.3.4;1020;9;25;Paraíba;9613;2018;1148;40 a 44 anos;92956;Homem;9613
Indicador  3.3.4;1020;6;25;Paraíba;9613;2018;1148;40 a 44 anos;92957;Mulher;9613
Indicador  3.3.4;1020;14;25;Paraíba;9613;2018;1149;45 a 49 anos;6794;Total;9613
Indicador  3.3.4;1020;8;25;Paraíba;9613;2018;1149;45 a 49 anos;92956;Homem;9613
Indicador  3.3.4;1020;6;25;Paraíba;9613;2018;1149;45 a 49 anos;92957;Mulher;9613
Indicador  3.3.4;1020;14;25;Paraíba;9613;2018;1150;50 a 54 anos;6794;Total;9613
Indicador  3.3.4;1020;9;25;Paraíba;9613;2018;1150;50 a 54 anos;92956;Homem;9613
Indicador  3.3.4;1020;5;25;Paraíba;9613;2018;1150;50 a 54 anos;92957;Mulher;9613
Indicador  3.3.4;1020;6;25;Paraíba;9613;2018;1151;55 a 59 anos;6794;Total;9613
Indicador  3.3.4;1020;5;25;Paraíba;9613;2018;1151;55 a 59 anos;92956;Homem;9613
Indicador  3.3.4;1020;1;25;Paraíba;9613;2018;1151;55 a 59 anos;92957;Mulher;9613
Indicador  3.3.4;1020;15;25;Paraíba;9613;2018;3302;60 anos ou mais;6794;Total;9613
Indicador  3.3.4;1020;8;25;Paraíba;9613;2018;3302;60 anos ou mais;92956;Homem;9613
Indicador  3.3.4;1020;7;25;Paraíba;9613;2018;3302;60 anos ou mais;92957;Mulher;9613
Indicador  3.3.4;1020;122;25;Paraíba;9613;2019;95253;Total;6794;Total;9613
Indicador  3.3.4;1020;67;25;Paraíba;9613;2019;95253;Total;92956;Homem;9613
Indicador  3.3.4;1020;55;25;Paraíba;9613;2019;95253;Total;92957;Mulher;9613
Indicador  3.3.4;1020;1;25;Paraíba;9613;2019;1140;0 a 4 anos;6794;Total;9613
Indicador  3.3.4;1020;0;25;Paraíba;9613;2019;1140;0 a 4 anos;92956;Homem;9613
Indicador  3.3.4;1020;1;25;Paraíba;9613;2019;1140;0 a 4 anos;92957;Mulher;9613
Indicador  3.3.4;1020;0;25;Paraíba;9613;2019;1141;5 a 9 anos;6794;Total;9613
Indicador  3.3.4;1020;0;25;Paraíba;9613;2019;1141;5 a 9 anos;92956;Homem;9613
Indicador  3.3.4;1020;0;25;Paraíba;9613;2019;1141;5 a 9 anos;92957;Mulher;9613
Indicador  3.3.4;1020;0;25;Paraíba;9613;2019;1142;10 a 14 anos;6794;Total;9613
Indicador  3.3.4;1020;0;25;Paraíba;9613;2019;1142;10 a 14 anos;92956;Homem;9613
Indicador  3.3.4;1020;0;25;Paraíba;9613;2019;1142;10 a 14 anos;92957;Mulher;9613
Indicador  3.3.4;1020;1;25;Paraíba;9613;2019;1143;15 a 19 anos;6794;Total;9613
Indicador  3.3.4;1020;0;25;Paraíba;9613;2019;1143;15 a 19 anos;92956;Homem;9613
Indicador  3.3.4;1020;1;25;Paraíba;9613;2019;1143;15 a 19 anos;92957;Mulher;9613
Indicador  3.3.4;1020;16;25;Paraíba;9613;2019;1144;20 a 24 anos;6794;Total;9613
Indicador  3.3.4;1020;8;25;Paraíba;9613;2019;1144;20 a 24 anos;92956;Homem;9613
Indicador  3.3.4;1020;8;25;Paraíba;9613;2019;1144;20 a 24 anos;92957;Mulher;9613
Indicador  3.3.4;1020;18;25;Paraíba;9613;2019;1145;25 a 29 anos;6794;Total;9613
Indicador  3.3.4;1020;7;25;Paraíba;9613;2019;1145;25 a 29 anos;92956;Homem;9613
Indicador  3.3.4;1020;11;25;Paraíba;9613;2019;1145;25 a 29 anos;92957;Mulher;9613
Indicador  3.3.4;1020;17;25;Paraíba;9613;2019;1146;30 a 34 anos;6794;Total;9613
Indicador  3.3.4;1020;5;25;Paraíba;9613;2019;1146;30 a 34 anos;92956;Homem;9613
Indicador  3.3.4;1020;12;25;Paraíba;9613;2019;1146;30 a 34 anos;92957;Mulher;9613
Indicador  3.3.4;1020;12;25;Paraíba;9613;2019;1147;35 a 39 anos;6794;Total;9613
Indicador  3.3.4;1020;8;25;Paraíba;9613;2019;1147;35 a 39 anos;92956;Homem;9613
Indicador  3.3.4;1020;4;25;Paraíba;9613;2019;1147;35 a 39 anos;92957;Mulher;9613
Indicador  3.3.4;1020;11;25;Paraíba;9613;2019;1148;40 a 44 anos;6794;Total;9613
Indicador  3.3.4;1020;7;25;Paraíba;9613;2019;1148;40 a 44 anos;92956;Homem;9613
Indicador  3.3.4;1020;4;25;Paraíba;9613;2019;1148;40 a 44 anos;92957;Mulher;9613
Indicador  3.3.4;1020;12;25;Paraíba;9613;2019;1149;45 a 49 anos;6794;Total;9613
Indicador  3.3.4;1020;8;25;Paraíba;9613;2019;1149;45 a 49 anos;92956;Homem;9613
Indicador  3.3.4;1020;4;25;Paraíba;9613;2019;1149;45 a 49 anos;92957;Mulher;9613
Indicador  3.3.4;1020;13;25;Paraíba;9613;2019;1150;50 a 54 anos;6794;Total;9613
Indicador  3.3.4;1020;9;25;Paraíba;9613;2019;1150;50 a 54 anos;92956;Homem;9613
Indicador  3.3.4;1020;4;25;Paraíba;9613;2019;1150;50 a 54 anos;92957;Mulher;9613
Indicador  3.3.4;1020;5;25;Paraíba;9613;2019;1151;55 a 59 anos;6794;Total;9613
Indicador  3.3.4;1020;3;25;Paraíba;9613;2019;1151;55 a 59 anos;92956;Homem;9613
Indicador  3.3.4;1020;2;25;Paraíba;9613;2019;1151;55 a 59 anos;92957;Mulher;9613
Indicador  3.3.4;1020;16;25;Paraíba;9613;2019;3302;60 anos ou mais;6794;Total;9613
Indicador  3.3.4;1020;12;25;Paraíba;9613;2019;3302;60 anos ou mais;92956;Homem;9613
Indicador  3.3.4;1020;4;25;Paraíba;9613;2019;3302;60 anos ou mais;92957;Mulher;9613
Indicador  3.3.4;1020;59;25;Paraíba;9613;2020;95253;Total;6794;Total;9613
Indicador  3.3.4;1020;34;25;Paraíba;9613;2020;95253;Total;92956;Homem;9613
Indicador  3.3.4;1020;25;25;Paraíba;9613;2020;95253;Total;92957;Mulher;9613
Indicador  3.3.4;1020;0;25;Paraíba;9613;2020;1140;0 a 4 anos;6794;Total;9613
Indicador  3.3.4;1020;0;25;Paraíba;9613;2020;1140;0 a 4 anos;92956;Homem;9613
Indicador  3.3.4;1020;0;25;Paraíba;9613;2020;1140;0 a 4 anos;92957;Mulher;9613
Indicador  3.3.4;1020;0;25;Paraíba;9613;2020;1141;5 a 9 anos;6794;Total;9613
Indicador  3.3.4;1020;0;25;Paraíba;9613;2020;1141;5 a 9 anos;92956;Homem;9613
Indicador  3.3.4;1020;0;25;Paraíba;9613;2020;1141;5 a 9 anos;92957;Mulher;9613
Indicador  3.3.4;1020;0;25;Paraíba;9613;2020;1142;10 a 14 anos;6794;Total;9613
Indicador  3.3.4;1020;0;25;Paraíba;9613;2020;1142;10 a 14 anos;92956;Homem;9613
Indicador  3.3.4;1020;0;25;Paraíba;9613;2020;1142;10 a 14 anos;92957;Mulher;9613
Indicador  3.3.4;1020;1;25;Paraíba;9613;2020;1143;15 a 19 anos;6794;Total;9613
Indicador  3.3.4;1020;0;25;Paraíba;9613;2020;1143;15 a 19 anos;92956;Homem;9613
Indicador  3.3.4;1020;1;25;Paraíba;9613;2020;1143;15 a 19 anos;92957;Mulher;9613
Indicador  3.3.4;1020;3;25;Paraíba;9613;2020;1144;20 a 24 anos;6794;Total;9613
Indicador  3.3.4;1020;2;25;Paraíba;9613;2020;1144;20 a 24 anos;92956;Homem;9613
Indicador  3.3.4;1020;1;25;Paraíba;9613;2020;1144;20 a 24 anos;92957;Mulher;9613
Indicador  3.3.4;1020;7;25;Paraíba;9613;2020;1145;25 a 29 anos;6794;Total;9613
Indicador  3.3.4;1020;3;25;Paraíba;9613;2020;1145;25 a 29 anos;92956;Homem;9613
Indicador  3.3.4;1020;4;25;Paraíba;9613;2020;1145;25 a 29 anos;92957;Mulher;9613
Indicador  3.3.4;1020;6;25;Paraíba;9613;2020;1146;30 a 34 anos;6794;Total;9613
Indicador  3.3.4;1020;2;25;Paraíba;9613;2020;1146;30 a 34 anos;92956;Homem;9613
Indicador  3.3.4;1020;4;25;Paraíba;9613;2020;1146;30 a 34 anos;92957;Mulher;9613
Indicador  3.3.4;1020;12;25;Paraíba;9613;2020;1147;35 a 39 anos;6794;Total;9613
Indicador  3.3.4;1020;7;25;Paraíba;9613;2020;1147;35 a 39 anos;92956;Homem;9613
Indicador  3.3.4;1020;5;25;Paraíba;9613;2020;1147;35 a 39 anos;92957;Mulher;9613
Indicador  3.3.4;1020;7;25;Paraíba;9613;2020;1148;40 a 44 anos;6794;Total;9613
Indicador  3.3.4;1020;4;25;Paraíba;9613;2020;1148;40 a 44 anos;92956;Homem;9613
Indicador  3.3.4;1020;3;25;Paraíba;9613;2020;1148;40 a 44 anos;92957;Mulher;9613
Indicador  3.3.4;1020;9;25;Paraíba;9613;2020;1149;45 a 49 anos;6794;Total;9613
Indicador  3.3.4;1020;5;25;Paraíba;9613;2020;1149;45 a 49 anos;92956;Homem;9613
Indicador  3.3.4;1020;4;25;Paraíba;9613;2020;1149;45 a 49 anos;92957;Mulher;9613
Indicador  3.3.4;1020;3;25;Paraíba;9613;2020;1150;50 a 54 anos;6794;Total;9613
Indicador  3.3.4;1020;1;25;Paraíba;9613;2020;1150;50 a 54 anos;92956;Homem;9613
Indicador  3.3.4;1020;2;25;Paraíba;9613;2020;1150;50 a 54 anos;92957;Mulher;9613
Indicador  3.3.4;1020;4;25;Paraíba;9613;2020;1151;55 a 59 anos;6794;Total;9613
Indicador  3.3.4;1020;4;25;Paraíba;9613;2020;1151;55 a 59 anos;92956;Homem;9613
Indicador  3.3.4;1020;0;25;Paraíba;9613;2020;1151;55 a 59 anos;92957;Mulher;9613
Indicador  3.3.4;1020;7;25;Paraíba;9613;2020;3302;60 anos ou mais;6794;Total;9613
Indicador  3.3.4;1020;6;25;Paraíba;9613;2020;3302;60 anos ou mais;92956;Homem;9613
Indicador  3.3.4;1020;1;25;Paraíba;9613;2020;3302;60 anos ou mais;92957;Mulher;9613
Indicador  3.3.4;1020;75;25;Paraíba;9613;2021;95253;Total;6794;Total;9613
Indicador  3.3.4;1020;43;25;Paraíba;9613;2021;95253;Total;92956;Homem;9613
Indicador  3.3.4;1020;32;25;Paraíba;9613;2021;95253;Total;92957;Mulher;9613
Indicador  3.3.4;1020;0;25;Paraíba;9613;2021;1140;0 a 4 anos;6794;Total;9613
Indicador  3.3.4;1020;0;25;Paraíba;9613;2021;1140;0 a 4 anos;92956;Homem;9613
Indicador  3.3.4;1020;0;25;Paraíba;9613;2021;1140;0 a 4 anos;92957;Mulher;9613
Indicador  3.3.4;1020;0;25;Paraíba;9613;2021;1141;5 a 9 anos;6794;Total;9613
Indicador  3.3.4;1020;0;25;Paraíba;9613;2021;1141;5 a 9 anos;92956;Homem;9613
Indicador  3.3.4;1020;0;25;Paraíba;9613;2021;1141;5 a 9 anos;92957;Mulher;9613
Indicador  3.3.4;1020;0;25;Paraíba;9613;2021;1142;10 a 14 anos;6794;Total;9613
Indicador  3.3.4;1020;0;25;Paraíba;9613;2021;1142;10 a 14 anos;92956;Homem;9613
Indicador  3.3.4;1020;0;25;Paraíba;9613;2021;1142;10 a 14 anos;92957;Mulher;9613
Indicador  3.3.4;1020;0;25;Paraíba;9613;2021;1143;15 a 19 anos;6794;Total;9613
Indicador  3.3.4;1020;0;25;Paraíba;9613;2021;1143;15 a 19 anos;92956;Homem;9613
Indicador  3.3.4;1020;0;25;Paraíba;9613;2021;1143;15 a 19 anos;92957;Mulher;9613
Indicador  3.3.4;1020;5;25;Paraíba;9613;2021;1144;20 a 24 anos;6794;Total;9613
Indicador  3.3.4;1020;2;25;Paraíba;9613;2021;1144;20 a 24 anos;92956;Homem;9613
Indicador  3.3.4;1020;3;25;Paraíba;9613;2021;1144;20 a 24 anos;92957;Mulher;9613
Indicador  3.3.4;1020;6;25;Paraíba;9613;2021;1145;25 a 29 anos;6794;Total;9613
Indicador  3.3.4;1020;0;25;Paraíba;9613;2021;1145;25 a 29 anos;92956;Homem;9613
Indicador  3.3.4;1020;6;25;Paraíba;9613;2021;1145;25 a 29 anos;92957;Mulher;9613
Indicador  3.3.4;1020;12;25;Paraíba;9613;2021;1146;30 a 34 anos;6794;Total;9613
Indicador  3.3.4;1020;3;25;Paraíba;9613;2021;1146;30 a 34 anos;92956;Homem;9613
Indicador  3.3.4;1020;9;25;Paraíba;9613;2021;1146;30 a 34 anos;92957;Mulher;9613
Indicador  3.3.4;1020;11;25;Paraíba;9613;2021;1147;35 a 39 anos;6794;Total;9613
Indicador  3.3.4;1020;6;25;Paraíba;9613;2021;1147;35 a 39 anos;92956;Homem;9613
Indicador  3.3.4;1020;5;25;Paraíba;9613;2021;1147;35 a 39 anos;92957;Mulher;9613
Indicador  3.3.4;1020;7;25;Paraíba;9613;2021;1148;40 a 44 anos;6794;Total;9613
Indicador  3.3.4;1020;3;25;Paraíba;9613;2021;1148;40 a 44 anos;92956;Homem;9613
Indicador  3.3.4;1020;4;25;Paraíba;9613;2021;1148;40 a 44 anos;92957;Mulher;9613
Indicador  3.3.4;1020;6;25;Paraíba;9613;2021;1149;45 a 49 anos;6794;Total;9613
Indicador  3.3.4;1020;5;25;Paraíba;9613;2021;1149;45 a 49 anos;92956;Homem;9613
Indicador  3.3.4;1020;1;25;Paraíba;9613;2021;1149;45 a 49 anos;92957;Mulher;9613
Indicador  3.3.4;1020;5;25;Paraíba;9613;2021;1150;50 a 54 anos;6794;Total;9613
Indicador  3.3.4;1020;5;25;Paraíba;9613;2021;1150;50 a 54 anos;92956;Homem;9613
Indicador  3.3.4;1020;0;25;Paraíba;9613;2021;1150;50 a 54 anos;92957;Mulher;9613
Indicador  3.3.4;1020;9;25;Paraíba;9613;2021;1151;55 a 59 anos;6794;Total;9613
Indicador  3.3.4;1020;7;25;Paraíba;9613;2021;1151;55 a 59 anos;92956;Homem;9613
Indicador  3.3.4;1020;2;25;Paraíba;9613;2021;1151;55 a 59 anos;92957;Mulher;9613
Indicador  3.3.4;1020;14;25;Paraíba;9613;2021;3302;60 anos ou mais;6794;Total;9613
Indicador  3.3.4;1020;12;25;Paraíba;9613;2021;3302;60 anos ou mais;92956;Homem;9613
Indicador  3.3.4;1020;2;25;Paraíba;9613;2021;3302;60 anos ou mais;92957;Mulher;9613
Indicador  3.3.4;1020;76;25;Paraíba;9613;2022;95253;Total;6794;Total;9613
Indicador  3.3.4;1020;40;25;Paraíba;9613;2022;95253;Total;92956;Homem;9613
Indicador  3.3.4;1020;36;25;Paraíba;9613;2022;95253;Total;92957;Mulher;9613
Indicador  3.3.4;1020;1;25;Paraíba;9613;2022;1140;0 a 4 anos;6794;Total;9613
Indicador  3.3.4;1020;0;25;Paraíba;9613;2022;1140;0 a 4 anos;92956;Homem;9613
Indicador  3.3.4;1020;1;25;Paraíba;9613;2022;1140;0 a 4 anos;92957;Mulher;9613
Indicador  3.3.4;1020;0;25;Paraíba;9613;2022;1141;5 a 9 anos;6794;Total;9613
Indicador  3.3.4;1020;0;25;Paraíba;9613;2022;1141;5 a 9 anos;92956;Homem;9613
Indicador  3.3.4;1020;0;25;Paraíba;9613;2022;1141;5 a 9 anos;92957;Mulher;9613
Indicador  3.3.4;1020;0;25;Paraíba;9613;2022;1142;10 a 14 anos;6794;Total;9613
Indicador  3.3.4;1020;0;25;Paraíba;9613;2022;1142;10 a 14 anos;92956;Homem;9613
Indicador  3.3.4;1020;0;25;Paraíba;9613;2022;1142;10 a 14 anos;92957;Mulher;9613
Indicador  3.3.4;1020;0;25;Paraíba;9613;2022;1143;15 a 19 anos;6794;Total;9613
Indicador  3.3.4;1020;0;25;Paraíba;9613;2022;1143;15 a 19 anos;92956;Homem;9613
Indicador  3.3.4;1020;0;25;Paraíba;9613;2022;1143;15 a 19 anos;92957;Mulher;9613
Indicador  3.3.4;1020;3;25;Paraíba;9613;2022;1144;20 a 24 anos;6794;Total;9613
Indicador  3.3.4;1020;1;25;Paraíba;9613;2022;1144;20 a 24 anos;92956;Homem;9613
Indicador  3.3.4;1020;2;25;Paraíba;9613;2022;1144;20 a 24 anos;92957;Mulher;9613
Indicador  3.3.4;1020;10;25;Paraíba;9613;2022;1145;25 a 29 anos;6794;Total;9613
Indicador  3.3.4;1020;5;25;Paraíba;9613;2022;1145;25 a 29 anos;92956;Homem;9613
Indicador  3.3.4;1020;5;25;Paraíba;9613;2022;1145;25 a 29 anos;92957;Mulher;9613
Indicador  3.3.4;1020;10;25;Paraíba;9613;2022;1146;30 a 34 anos;6794;Total;9613
Indicador  3.3.4;1020;2;25;Paraíba;9613;2022;1146;30 a 34 anos;92956;Homem;9613
Indicador  3.3.4;1020;8;25;Paraíba;9613;2022;1146;30 a 34 anos;92957;Mulher;9613
Indicador  3.3.4;1020;9;25;Paraíba;9613;2022;1147;35 a 39 anos;6794;Total;9613
Indicador  3.3.4;1020;5;25;Paraíba;9613;2022;1147;35 a 39 anos;92956;Homem;9613
Indicador  3.3.4;1020;4;25;Paraíba;9613;2022;1147;35 a 39 anos;92957;Mulher;9613
Indicador  3.3.4;1020;13;25;Paraíba;9613;2022;1148;40 a 44 anos;6794;Total;9613
Indicador  3.3.4;1020;5;25;Paraíba;9613;2022;1148;40 a 44 anos;92956;Homem;9613
Indicador  3.3.4;1020;8;25;Paraíba;9613;2022;1148;40 a 44 anos;92957;Mulher;9613
Indicador  3.3.4;1020;6;25;Paraíba;9613;2022;1149;45 a 49 anos;6794;Total;9613
Indicador  3.3.4;1020;3;25;Paraíba;9613;2022;1149;45 a 49 anos;92956;Homem;9613
Indicador  3.3.4;1020;3;25;Paraíba;9613;2022;1149;45 a 49 anos;92957;Mulher;9613
Indicador  3.3.4;1020;8;25;Paraíba;9613;2022;1150;50 a 54 anos;6794;Total;9613
Indicador  3.3.4;1020;6;25;Paraíba;9613;2022;1150;50 a 54 anos;92956;Homem;9613
Indicador  3.3.4;1020;2;25;Paraíba;9613;2022;1150;50 a 54 anos;92957;Mulher;9613
Indicador  3.3.4;1020;11;25;Paraíba;9613;2022;1151;55 a 59 anos;6794;Total;9613
Indicador  3.3.4;1020;8;25;Paraíba;9613;2022;1151;55 a 59 anos;92956;Homem;9613
Indicador  3.3.4;1020;3;25;Paraíba;9613;2022;1151;55 a 59 anos;92957;Mulher;9613
Indicador  3.3.4;1020;5;25;Paraíba;9613;2022;3302;60 anos ou mais;6794;Total;9613
Indicador  3.3.4;1020;5;25;Paraíba;9613;2022;3302;60 anos ou mais;92956;Homem;9613
Indicador  3.3.4;1020;0;25;Paraíba;9613;2022;3302;60 anos ou mais;92957;Mulher;9613
Indicador  3.3.4;1020;293;26;Pernambuco;9613;2018;95253;Total;6794;Total;9613
Indicador  3.3.4;1020;164;26;Pernambuco;9613;2018;95253;Total;92956;Homem;9613
Indicador  3.3.4;1020;129;26;Pernambuco;9613;2018;95253;Total;92957;Mulher;9613
Indicador  3.3.4;1020;3;26;Pernambuco;9613;2018;1140;0 a 4 anos;6794;Total;9613
Indicador  3.3.4;1020;1;26;Pernambuco;9613;2018;1140;0 a 4 anos;92956;Homem;9613
Indicador  3.3.4;1020;2;26;Pernambuco;9613;2018;1140;0 a 4 anos;92957;Mulher;9613
Indicador  3.3.4;1020;1;26;Pernambuco;9613;2018;1141;5 a 9 anos;6794;Total;9613
Indicador  3.3.4;1020;1;26;Pernambuco;9613;2018;1141;5 a 9 anos;92956;Homem;9613
Indicador  3.3.4;1020;0;26;Pernambuco;9613;2018;1141;5 a 9 anos;92957;Mulher;9613
Indicador  3.3.4;1020;1;26;Pernambuco;9613;2018;1142;10 a 14 anos;6794;Total;9613
Indicador  3.3.4;1020;1;26;Pernambuco;9613;2018;1142;10 a 14 anos;92956;Homem;9613
Indicador  3.3.4;1020;0;26;Pernambuco;9613;2018;1142;10 a 14 anos;92957;Mulher;9613
Indicador  3.3.4;1020;1;26;Pernambuco;9613;2018;1143;15 a 19 anos;6794;Total;9613
Indicador  3.3.4;1020;0;26;Pernambuco;9613;2018;1143;15 a 19 anos;92956;Homem;9613
Indicador  3.3.4;1020;1;26;Pernambuco;9613;2018;1143;15 a 19 anos;92957;Mulher;9613
Indicador  3.3.4;1020;26;26;Pernambuco;9613;2018;1144;20 a 24 anos;6794;Total;9613
Indicador  3.3.4;1020;7;26;Pernambuco;9613;2018;1144;20 a 24 anos;92956;Homem;9613
Indicador  3.3.4;1020;19;26;Pernambuco;9613;2018;1144;20 a 24 anos;92957;Mulher;9613
Indicador  3.3.4;1020;31;26;Pernambuco;9613;2018;1145;25 a 29 anos;6794;Total;9613
Indicador  3.3.4;1020;9;26;Pernambuco;9613;2018;1145;25 a 29 anos;92956;Homem;9613
Indicador  3.3.4;1020;22;26;Pernambuco;9613;2018;1145;25 a 29 anos;92957;Mulher;9613
Indicador  3.3.4;1020;31;26;Pernambuco;9613;2018;1146;30 a 34 anos;6794;Total;9613
Indicador  3.3.4;1020;16;26;Pernambuco;9613;2018;1146;30 a 34 anos;92956;Homem;9613
Indicador  3.3.4;1020;15;26;Pernambuco;9613;2018;1146;30 a 34 anos;92957;Mulher;9613
Indicador  3.3.4;1020;36;26;Pernambuco;9613;2018;1147;35 a 39 anos;6794;Total;9613
Indicador  3.3.4;1020;22;26;Pernambuco;9613;2018;1147;35 a 39 anos;92956;Homem;9613
Indicador  3.3.4;1020;14;26;Pernambuco;9613;2018;1147;35 a 39 anos;92957;Mulher;9613
Indicador  3.3.4;1020;38;26;Pernambuco;9613;2018;1148;40 a 44 anos;6794;Total;9613
Indicador  3.3.4;1020;24;26;Pernambuco;9613;2018;1148;40 a 44 anos;92956;Homem;9613
Indicador  3.3.4;1020;14;26;Pernambuco;9613;2018;1148;40 a 44 anos;92957;Mulher;9613
Indicador  3.3.4;1020;30;26;Pernambuco;9613;2018;1149;45 a 49 anos;6794;Total;9613
Indicador  3.3.4;1020;22;26;Pernambuco;9613;2018;1149;45 a 49 anos;92956;Homem;9613
Indicador  3.3.4;1020;8;26;Pernambuco;9613;2018;1149;45 a 49 anos;92957;Mulher;9613
Indicador  3.3.4;1020;33;26;Pernambuco;9613;2018;1150;50 a 54 anos;6794;Total;9613
Indicador  3.3.4;1020;23;26;Pernambuco;9613;2018;1150;50 a 54 anos;92956;Homem;9613
Indicador  3.3.4;1020;10;26;Pernambuco;9613;2018;1150;50 a 54 anos;92957;Mulher;9613
Indicador  3.3.4;1020;30;26;Pernambuco;9613;2018;1151;55 a 59 anos;6794;Total;9613
Indicador  3.3.4;1020;18;26;Pernambuco;9613;2018;1151;55 a 59 anos;92956;Homem;9613
Indicador  3.3.4;1020;12;26;Pernambuco;9613;2018;1151;55 a 59 anos;92957;Mulher;9613
Indicador  3.3.4;1020;32;26;Pernambuco;9613;2018;3302;60 anos ou mais;6794;Total;9613
Indicador  3.3.4;1020;20;26;Pernambuco;9613;2018;3302;60 anos ou mais;92956;Homem;9613
Indicador  3.3.4;1020;12;26;Pernambuco;9613;2018;3302;60 anos ou mais;92957;Mulher;9613
Indicador  3.3.4;1020;427;26;Pernambuco;9613;2019;95253;Total;6794;Total;9613
Indicador  3.3.4;1020;245;26;Pernambuco;9613;2019;95253;Total;92956;Homem;9613
Indicador  3.3.4;1020;182;26;Pernambuco;9613;2019;95253;Total;92957;Mulher;9613
Indicador  3.3.4;1020;3;26;Pernambuco;9613;2019;1140;0 a 4 anos;6794;Total;9613
Indicador  3.3.4;1020;3;26;Pernambuco;9613;2019;1140;0 a 4 anos;92956;Homem;9613
Indicador  3.3.4;1020;0;26;Pernambuco;9613;2019;1140;0 a 4 anos;92957;Mulher;9613
Indicador  3.3.4;1020;0;26;Pernambuco;9613;2019;1141;5 a 9 anos;6794;Total;9613
Indicador  3.3.4;1020;0;26;Pernambuco;9613;2019;1141;5 a 9 anos;92956;Homem;9613
Indicador  3.3.4;1020;0;26;Pernambuco;9613;2019;1141;5 a 9 anos;92957;Mulher;9613
Indicador  3.3.4;1020;2;26;Pernambuco;9613;2019;1142;10 a 14 anos;6794;Total;9613
Indicador  3.3.4;1020;0;26;Pernambuco;9613;2019;1142;10 a 14 anos;92956;Homem;9613
Indicador  3.3.4;1020;2;26;Pernambuco;9613;2019;1142;10 a 14 anos;92957;Mulher;9613
Indicador  3.3.4;1020;4;26;Pernambuco;9613;2019;1143;15 a 19 anos;6794;Total;9613
Indicador  3.3.4;1020;2;26;Pernambuco;9613;2019;1143;15 a 19 anos;92956;Homem;9613
Indicador  3.3.4;1020;2;26;Pernambuco;9613;2019;1143;15 a 19 anos;92957;Mulher;9613
Indicador  3.3.4;1020;23;26;Pernambuco;9613;2019;1144;20 a 24 anos;6794;Total;9613
Indicador  3.3.4;1020;9;26;Pernambuco;9613;2019;1144;20 a 24 anos;92956;Homem;9613
Indicador  3.3.4;1020;14;26;Pernambuco;9613;2019;1144;20 a 24 anos;92957;Mulher;9613
Indicador  3.3.4;1020;51;26;Pernambuco;9613;2019;1145;25 a 29 anos;6794;Total;9613
Indicador  3.3.4;1020;25;26;Pernambuco;9613;2019;1145;25 a 29 anos;92956;Homem;9613
Indicador  3.3.4;1020;26;26;Pernambuco;9613;2019;1145;25 a 29 anos;92957;Mulher;9613
Indicador  3.3.4;1020;57;26;Pernambuco;9613;2019;1146;30 a 34 anos;6794;Total;9613
Indicador  3.3.4;1020;28;26;Pernambuco;9613;2019;1146;30 a 34 anos;92956;Homem;9613
Indicador  3.3.4;1020;29;26;Pernambuco;9613;2019;1146;30 a 34 anos;92957;Mulher;9613
Indicador  3.3.4;1020;67;26;Pernambuco;9613;2019;1147;35 a 39 anos;6794;Total;9613
Indicador  3.3.4;1020;42;26;Pernambuco;9613;2019;1147;35 a 39 anos;92956;Homem;9613
Indicador  3.3.4;1020;25;26;Pernambuco;9613;2019;1147;35 a 39 anos;92957;Mulher;9613
Indicador  3.3.4;1020;70;26;Pernambuco;9613;2019;1148;40 a 44 anos;6794;Total;9613
Indicador  3.3.4;1020;47;26;Pernambuco;9613;2019;1148;40 a 44 anos;92956;Homem;9613
Indicador  3.3.4;1020;23;26;Pernambuco;9613;2019;1148;40 a 44 anos;92957;Mulher;9613
Indicador  3.3.4;1020;36;26;Pernambuco;9613;2019;1149;45 a 49 anos;6794;Total;9613
Indicador  3.3.4;1020;24;26;Pernambuco;9613;2019;1149;45 a 49 anos;92956;Homem;9613
Indicador  3.3.4;1020;12;26;Pernambuco;9613;2019;1149;45 a 49 anos;92957;Mulher;9613
Indicador  3.3.4;1020;25;26;Pernambuco;9613;2019;1150;50 a 54 anos;6794;Total;9613
Indicador  3.3.4;1020;14;26;Pernambuco;9613;2019;1150;50 a 54 anos;92956;Homem;9613
Indicador  3.3.4;1020;11;26;Pernambuco;9613;2019;1150;50 a 54 anos;92957;Mulher;9613
Indicador  3.3.4;1020;31;26;Pernambuco;9613;2019;1151;55 a 59 anos;6794;Total;9613
Indicador  3.3.4;1020;17;26;Pernambuco;9613;2019;1151;55 a 59 anos;92956;Homem;9613
Indicador  3.3.4;1020;14;26;Pernambuco;9613;2019;1151;55 a 59 anos;92957;Mulher;9613
Indicador  3.3.4;1020;58;26;Pernambuco;9613;2019;3302;60 anos ou mais;6794;Total;9613
Indicador  3.3.4;1020;34;26;Pernambuco;9613;2019;3302;60 anos ou mais;92956;Homem;9613
Indicador  3.3.4;1020;24;26;Pernambuco;9613;2019;3302;60 anos ou mais;92957;Mulher;9613
Indicador  3.3.4;1020;279;26;Pernambuco;9613;2020;95253;Total;6794;Total;9613
Indicador  3.3.4;1020;162;26;Pernambuco;9613;2020;95253;Total;92956;Homem;9613
Indicador  3.3.4;1020;117;26;Pernambuco;9613;2020;95253;Total;92957;Mulher;9613
Indicador  3.3.4;1020;0;26;Pernambuco;9613;2020;1140;0 a 4 anos;6794;Total;9613
Indicador  3.3.4;1020;0;26;Pernambuco;9613;2020;1140;0 a 4 anos;92956;Homem;9613
Indicador  3.3.4;1020;0;26;Pernambuco;9613;2020;1140;0 a 4 anos;92957;Mulher;9613
Indicador  3.3.4;1020;0;26;Pernambuco;9613;2020;1141;5 a 9 anos;6794;Total;9613
Indicador  3.3.4;1020;0;26;Pernambuco;9613;2020;1141;5 a 9 anos;92956;Homem;9613
Indicador  3.3.4;1020;0;26;Pernambuco;9613;2020;1141;5 a 9 anos;92957;Mulher;9613
Indicador  3.3.4;1020;0;26;Pernambuco;9613;2020;1142;10 a 14 anos;6794;Total;9613
Indicador  3.3.4;1020;0;26;Pernambuco;9613;2020;1142;10 a 14 anos;92956;Homem;9613
Indicador  3.3.4;1020;0;26;Pernambuco;9613;2020;1142;10 a 14 anos;92957;Mulher;9613
Indicador  3.3.4;1020;0;26;Pernambuco;9613;2020;1143;15 a 19 anos;6794;Total;9613
Indicador  3.3.4;1020;0;26;Pernambuco;9613;2020;1143;15 a 19 anos;92956;Homem;9613
Indicador  3.3.4;1020;0;26;Pernambuco;9613;2020;1143;15 a 19 anos;92957;Mulher;9613
Indicador  3.3.4;1020;17;26;Pernambuco;9613;2020;1144;20 a 24 anos;6794;Total;9613
Indicador  3.3.4;1020;5;26;Pernambuco;9613;2020;1144;20 a 24 anos;92956;Homem;9613
Indicador  3.3.4;1020;12;26;Pernambuco;9613;2020;1144;20 a 24 anos;92957;Mulher;9613
Indicador  3.3.4;1020;30;26;Pernambuco;9613;2020;1145;25 a 29 anos;6794;Total;9613
Indicador  3.3.4;1020;13;26;Pernambuco;9613;2020;1145;25 a 29 anos;92956;Homem;9613
Indicador  3.3.4;1020;17;26;Pernambuco;9613;2020;1145;25 a 29 anos;92957;Mulher;9613
Indicador  3.3.4;1020;36;26;Pernambuco;9613;2020;1146;30 a 34 anos;6794;Total;9613
Indicador  3.3.4;1020;18;26;Pernambuco;9613;2020;1146;30 a 34 anos;92956;Homem;9613
Indicador  3.3.4;1020;18;26;Pernambuco;9613;2020;1146;30 a 34 anos;92957;Mulher;9613
Indicador  3.3.4;1020;44;26;Pernambuco;9613;2020;1147;35 a 39 anos;6794;Total;9613
Indicador  3.3.4;1020;25;26;Pernambuco;9613;2020;1147;35 a 39 anos;92956;Homem;9613
Indicador  3.3.4;1020;19;26;Pernambuco;9613;2020;1147;35 a 39 anos;92957;Mulher;9613
Indicador  3.3.4;1020;33;26;Pernambuco;9613;2020;1148;40 a 44 anos;6794;Total;9613
Indicador  3.3.4;1020;23;26;Pernambuco;9613;2020;1148;40 a 44 anos;92956;Homem;9613
Indicador  3.3.4;1020;10;26;Pernambuco;9613;2020;1148;40 a 44 anos;92957;Mulher;9613
Indicador  3.3.4;1020;29;26;Pernambuco;9613;2020;1149;45 a 49 anos;6794;Total;9613
Indicador  3.3.4;1020;13;26;Pernambuco;9613;2020;1149;45 a 49 anos;92956;Homem;9613
Indicador  3.3.4;1020;16;26;Pernambuco;9613;2020;1149;45 a 49 anos;92957;Mulher;9613
Indicador  3.3.4;1020;21;26;Pernambuco;9613;2020;1150;50 a 54 anos;6794;Total;9613
Indicador  3.3.4;1020;15;26;Pernambuco;9613;2020;1150;50 a 54 anos;92956;Homem;9613
Indicador  3.3.4;1020;6;26;Pernambuco;9613;2020;1150;50 a 54 anos;92957;Mulher;9613
Indicador  3.3.4;1020;27;26;Pernambuco;9613;2020;1151;55 a 59 anos;6794;Total;9613
Indicador  3.3.4;1020;19;26;Pernambuco;9613;2020;1151;55 a 59 anos;92956;Homem;9613
Indicador  3.3.4;1020;8;26;Pernambuco;9613;2020;1151;55 a 59 anos;92957;Mulher;9613
Indicador  3.3.4;1020;42;26;Pernambuco;9613;2020;3302;60 anos ou mais;6794;Total;9613
Indicador  3.3.4;1020;31;26;Pernambuco;9613;2020;3302;60 anos ou mais;92956;Homem;9613
Indicador  3.3.4;1020;11;26;Pernambuco;9613;2020;3302;60 anos ou mais;92957;Mulher;9613
Indicador  3.3.4;1020;246;26;Pernambuco;9613;2021;95253;Total;6794;Total;9613
Indicador  3.3.4;1020;142;26;Pernambuco;9613;2021;95253;Total;92956;Homem;9613
Indicador  3.3.4;1020;104;26;Pernambuco;9613;2021;95253;Total;92957;Mulher;9613
Indicador  3.3.4;1020;3;26;Pernambuco;9613;2021;1140;0 a 4 anos;6794;Total;9613
Indicador  3.3.4;1020;0;26;Pernambuco;9613;2021;1140;0 a 4 anos;92956;Homem;9613
Indicador  3.3.4;1020;3;26;Pernambuco;9613;2021;1140;0 a 4 anos;92957;Mulher;9613
Indicador  3.3.4;1020;0;26;Pernambuco;9613;2021;1141;5 a 9 anos;6794;Total;9613
Indicador  3.3.4;1020;0;26;Pernambuco;9613;2021;1141;5 a 9 anos;92956;Homem;9613
Indicador  3.3.4;1020;0;26;Pernambuco;9613;2021;1141;5 a 9 anos;92957;Mulher;9613
Indicador  3.3.4;1020;2;26;Pernambuco;9613;2021;1142;10 a 14 anos;6794;Total;9613
Indicador  3.3.4;1020;1;26;Pernambuco;9613;2021;1142;10 a 14 anos;92956;Homem;9613
Indicador  3.3.4;1020;1;26;Pernambuco;9613;2021;1142;10 a 14 anos;92957;Mulher;9613
Indicador  3.3.4;1020;6;26;Pernambuco;9613;2021;1143;15 a 19 anos;6794;Total;9613
Indicador  3.3.4;1020;0;26;Pernambuco;9613;2021;1143;15 a 19 anos;92956;Homem;9613
Indicador  3.3.4;1020;6;26;Pernambuco;9613;2021;1143;15 a 19 anos;92957;Mulher;9613
Indicador  3.3.4;1020;10;26;Pernambuco;9613;2021;1144;20 a 24 anos;6794;Total;9613
Indicador  3.3.4;1020;4;26;Pernambuco;9613;2021;1144;20 a 24 anos;92956;Homem;9613
Indicador  3.3.4;1020;6;26;Pernambuco;9613;2021;1144;20 a 24 anos;92957;Mulher;9613
Indicador  3.3.4;1020;29;26;Pernambuco;9613;2021;1145;25 a 29 anos;6794;Total;9613
Indicador  3.3.4;1020;10;26;Pernambuco;9613;2021;1145;25 a 29 anos;92956;Homem;9613
Indicador  3.3.4;1020;19;26;Pernambuco;9613;2021;1145;25 a 29 anos;92957;Mulher;9613
Indicador  3.3.4;1020;32;26;Pernambuco;9613;2021;1146;30 a 34 anos;6794;Total;9613
Indicador  3.3.4;1020;18;26;Pernambuco;9613;2021;1146;30 a 34 anos;92956;Homem;9613
Indicador  3.3.4;1020;14;26;Pernambuco;9613;2021;1146;30 a 34 anos;92957;Mulher;9613
Indicador  3.3.4;1020;33;26;Pernambuco;9613;2021;1147;35 a 39 anos;6794;Total;9613
Indicador  3.3.4;1020;17;26;Pernambuco;9613;2021;1147;35 a 39 anos;92956;Homem;9613
Indicador  3.3.4;1020;16;26;Pernambuco;9613;2021;1147;35 a 39 anos;92957;Mulher;9613
Indicador  3.3.4;1020;37;26;Pernambuco;9613;2021;1148;40 a 44 anos;6794;Total;9613
Indicador  3.3.4;1020;25;26;Pernambuco;9613;2021;1148;40 a 44 anos;92956;Homem;9613
Indicador  3.3.4;1020;12;26;Pernambuco;9613;2021;1148;40 a 44 anos;92957;Mulher;9613
Indicador  3.3.4;1020;28;26;Pernambuco;9613;2021;1149;45 a 49 anos;6794;Total;9613
Indicador  3.3.4;1020;23;26;Pernambuco;9613;2021;1149;45 a 49 anos;92956;Homem;9613
Indicador  3.3.4;1020;5;26;Pernambuco;9613;2021;1149;45 a 49 anos;92957;Mulher;9613
Indicador  3.3.4;1020;23;26;Pernambuco;9613;2021;1150;50 a 54 anos;6794;Total;9613
Indicador  3.3.4;1020;14;26;Pernambuco;9613;2021;1150;50 a 54 anos;92956;Homem;9613
Indicador  3.3.4;1020;9;26;Pernambuco;9613;2021;1150;50 a 54 anos;92957;Mulher;9613
Indicador  3.3.4;1020;16;26;Pernambuco;9613;2021;1151;55 a 59 anos;6794;Total;9613
Indicador  3.3.4;1020;12;26;Pernambuco;9613;2021;1151;55 a 59 anos;92956;Homem;9613
Indicador  3.3.4;1020;4;26;Pernambuco;9613;2021;1151;55 a 59 anos;92957;Mulher;9613
Indicador  3.3.4;1020;27;26;Pernambuco;9613;2021;3302;60 anos ou mais;6794;Total;9613
Indicador  3.3.4;1020;18;26;Pernambuco;9613;2021;3302;60 anos ou mais;92956;Homem;9613
Indicador  3.3.4;1020;9;26;Pernambuco;9613;2021;3302;60 anos ou mais;92957;Mulher;9613
Indicador  3.3.4;1020;242;26;Pernambuco;9613;2022;95253;Total;6794;Total;9613
Indicador  3.3.4;1020;146;26;Pernambuco;9613;2022;95253;Total;92956;Homem;9613
Indicador  3.3.4;1020;95;26;Pernambuco;9613;2022;95253;Total;92957;Mulher;9613
Indicador  3.3.4;1020;3;26;Pernambuco;9613;2022;1140;0 a 4 anos;6794;Total;9613
Indicador  3.3.4;1020;2;26;Pernambuco;9613;2022;1140;0 a 4 anos;92956;Homem;9613
Indicador  3.3.4;1020;1;26;Pernambuco;9613;2022;1140;0 a 4 anos;92957;Mulher;9613
Indicador  3.3.4;1020;0;26;Pernambuco;9613;2022;1141;5 a 9 anos;6794;Total;9613
Indicador  3.3.4;1020;0;26;Pernambuco;9613;2022;1141;5 a 9 anos;92956;Homem;9613
Indicador  3.3.4;1020;0;26;Pernambuco;9613;2022;1141;5 a 9 anos;92957;Mulher;9613
Indicador  3.3.4;1020;0;26;Pernambuco;9613;2022;1142;10 a 14 anos;6794;Total;9613
Indicador  3.3.4;1020;0;26;Pernambuco;9613;2022;1142;10 a 14 anos;92956;Homem;9613
Indicador  3.3.4;1020;0;26;Pernambuco;9613;2022;1142;10 a 14 anos;92957;Mulher;9613
Indicador  3.3.4;1020;4;26;Pernambuco;9613;2022;1143;15 a 19 anos;6794;Total;9613
Indicador  3.3.4;1020;2;26;Pernambuco;9613;2022;1143;15 a 19 anos;92956;Homem;9613
Indicador  3.3.4;1020;2;26;Pernambuco;9613;2022;1143;15 a 19 anos;92957;Mulher;9613
Indicador  3.3.4;1020;8;26;Pernambuco;9613;2022;1144;20 a 24 anos;6794;Total;9613
Indicador  3.3.4;1020;3;26;Pernambuco;9613;2022;1144;20 a 24 anos;92956;Homem;9613
Indicador  3.3.4;1020;4;26;Pernambuco;9613;2022;1144;20 a 24 anos;92957;Mulher;9613
Indicador  3.3.4;1020;16;26;Pernambuco;9613;2022;1145;25 a 29 anos;6794;Total;9613
Indicador  3.3.4;1020;11;26;Pernambuco;9613;2022;1145;25 a 29 anos;92956;Homem;9613
Indicador  3.3.4;1020;5;26;Pernambuco;9613;2022;1145;25 a 29 anos;92957;Mulher;9613
Indicador  3.3.4;1020;32;26;Pernambuco;9613;2022;1146;30 a 34 anos;6794;Total;9613
Indicador  3.3.4;1020;16;26;Pernambuco;9613;2022;1146;30 a 34 anos;92956;Homem;9613
Indicador  3.3.4;1020;16;26;Pernambuco;9613;2022;1146;30 a 34 anos;92957;Mulher;9613
Indicador  3.3.4;1020;35;26;Pernambuco;9613;2022;1147;35 a 39 anos;6794;Total;9613
Indicador  3.3.4;1020;24;26;Pernambuco;9613;2022;1147;35 a 39 anos;92956;Homem;9613
Indicador  3.3.4;1020;11;26;Pernambuco;9613;2022;1147;35 a 39 anos;92957;Mulher;9613
Indicador  3.3.4;1020;33;26;Pernambuco;9613;2022;1148;40 a 44 anos;6794;Total;9613
Indicador  3.3.4;1020;21;26;Pernambuco;9613;2022;1148;40 a 44 anos;92956;Homem;9613
Indicador  3.3.4;1020;12;26;Pernambuco;9613;2022;1148;40 a 44 anos;92957;Mulher;9613
Indicador  3.3.4;1020;32;26;Pernambuco;9613;2022;1149;45 a 49 anos;6794;Total;9613
Indicador  3.3.4;1020;15;26;Pernambuco;9613;2022;1149;45 a 49 anos;92956;Homem;9613
Indicador  3.3.4;1020;17;26;Pernambuco;9613;2022;1149;45 a 49 anos;92957;Mulher;9613
Indicador  3.3.4;1020;19;26;Pernambuco;9613;2022;1150;50 a 54 anos;6794;Total;9613
Indicador  3.3.4;1020;13;26;Pernambuco;9613;2022;1150;50 a 54 anos;92956;Homem;9613
Indicador  3.3.4;1020;6;26;Pernambuco;9613;2022;1150;50 a 54 anos;92957;Mulher;9613
Indicador  3.3.4;1020;22;26;Pernambuco;9613;2022;1151;55 a 59 anos;6794;Total;9613
Indicador  3.3.4;1020;14;26;Pernambuco;9613;2022;1151;55 a 59 anos;92956;Homem;9613
Indicador  3.3.4;1020;8;26;Pernambuco;9613;2022;1151;55 a 59 anos;92957;Mulher;9613
Indicador  3.3.4;1020;38;26;Pernambuco;9613;2022;3302;60 anos ou mais;6794;Total;9613
Indicador  3.3.4;1020;25;26;Pernambuco;9613;2022;3302;60 anos ou mais;92956;Homem;9613
Indicador  3.3.4;1020;13;26;Pernambuco;9613;2022;3302;60 anos ou mais;92957;Mulher;9613
Indicador  3.3.4;1020;181;27;Alagoas;9613;2018;95253;Total;6794;Total;9613
Indicador  3.3.4;1020;94;27;Alagoas;9613;2018;95253;Total;92956;Homem;9613
Indicador  3.3.4;1020;86;27;Alagoas;9613;2018;95253;Total;92957;Mulher;9613
Indicador  3.3.4;1020;0;27;Alagoas;9613;2018;1140;0 a 4 anos;6794;Total;9613
Indicador  3.3.4;1020;0;27;Alagoas;9613;2018;1140;0 a 4 anos;92956;Homem;9613
Indicador  3.3.4;1020;0;27;Alagoas;9613;2018;1140;0 a 4 anos;92957;Mulher;9613
Indicador  3.3.4;1020;0;27;Alagoas;9613;2018;1141;5 a 9 anos;6794;Total;9613
Indicador  3.3.4;1020;0;27;Alagoas;9613;2018;1141;5 a 9 anos;92956;Homem;9613
Indicador  3.3.4;1020;0;27;Alagoas;9613;2018;1141;5 a 9 anos;92957;Mulher;9613
Indicador  3.3.4;1020;1;27;Alagoas;9613;2018;1142;10 a 14 anos;6794;Total;9613
Indicador  3.3.4;1020;1;27;Alagoas;9613;2018;1142;10 a 14 anos;92956;Homem;9613
Indicador  3.3.4;1020;0;27;Alagoas;9613;2018;1142;10 a 14 anos;92957;Mulher;9613
Indicador  3.3.4;1020;2;27;Alagoas;9613;2018;1143;15 a 19 anos;6794;Total;9613
Indicador  3.3.4;1020;1;27;Alagoas;9613;2018;1143;15 a 19 anos;92956;Homem;9613
Indicador  3.3.4;1020;1;27;Alagoas;9613;2018;1143;15 a 19 anos;92957;Mulher;9613
Indicador  3.3.4;1020;17;27;Alagoas;9613;2018;1144;20 a 24 anos;6794;Total;9613
Indicador  3.3.4;1020;4;27;Alagoas;9613;2018;1144;20 a 24 anos;92956;Homem;9613
Indicador  3.3.4;1020;13;27;Alagoas;9613;2018;1144;20 a 24 anos;92957;Mulher;9613
Indicador  3.3.4;1020;21;27;Alagoas;9613;2018;1145;25 a 29 anos;6794;Total;9613
Indicador  3.3.4;1020;5;27;Alagoas;9613;2018;1145;25 a 29 anos;92956;Homem;9613
Indicador  3.3.4;1020;15;27;Alagoas;9613;2018;1145;25 a 29 anos;92957;Mulher;9613
Indicador  3.3.4;1020;13;27;Alagoas;9613;2018;1146;30 a 34 anos;6794;Total;9613
Indicador  3.3.4;1020;9;27;Alagoas;9613;2018;1146;30 a 34 anos;92956;Homem;9613
Indicador  3.3.4;1020;4;27;Alagoas;9613;2018;1146;30 a 34 anos;92957;Mulher;9613
Indicador  3.3.4;1020;26;27;Alagoas;9613;2018;1147;35 a 39 anos;6794;Total;9613
Indicador  3.3.4;1020;13;27;Alagoas;9613;2018;1147;35 a 39 anos;92956;Homem;9613
Indicador  3.3.4;1020;13;27;Alagoas;9613;2018;1147;35 a 39 anos;92957;Mulher;9613
Indicador  3.3.4;1020;28;27;Alagoas;9613;2018;1148;40 a 44 anos;6794;Total;9613
Indicador  3.3.4;1020;15;27;Alagoas;9613;2018;1148;40 a 44 anos;92956;Homem;9613
Indicador  3.3.4;1020;13;27;Alagoas;9613;2018;1148;40 a 44 anos;92957;Mulher;9613
Indicador  3.3.4;1020;22;27;Alagoas;9613;2018;1149;45 a 49 anos;6794;Total;9613
Indicador  3.3.4;1020;12;27;Alagoas;9613;2018;1149;45 a 49 anos;92956;Homem;9613
Indicador  3.3.4;1020;10;27;Alagoas;9613;2018;1149;45 a 49 anos;92957;Mulher;9613
Indicador  3.3.4;1020;16;27;Alagoas;9613;2018;1150;50 a 54 anos;6794;Total;9613
Indicador  3.3.4;1020;10;27;Alagoas;9613;2018;1150;50 a 54 anos;92956;Homem;9613
Indicador  3.3.4;1020;6;27;Alagoas;9613;2018;1150;50 a 54 anos;92957;Mulher;9613
Indicador  3.3.4;1020;17;27;Alagoas;9613;2018;1151;55 a 59 anos;6794;Total;9613
Indicador  3.3.4;1020;10;27;Alagoas;9613;2018;1151;55 a 59 anos;92956;Homem;9613
Indicador  3.3.4;1020;7;27;Alagoas;9613;2018;1151;55 a 59 anos;92957;Mulher;9613
Indicador  3.3.4;1020;18;27;Alagoas;9613;2018;3302;60 anos ou mais;6794;Total;9613
Indicador  3.3.4;1020;14;27;Alagoas;9613;2018;3302;60 anos ou mais;92956;Homem;9613
Indicador  3.3.4;1020;4;27;Alagoas;9613;2018;3302;60 anos ou mais;92957;Mulher;9613
Indicador  3.3.4;1020;191;27;Alagoas;9613;2019;95253;Total;6794;Total;9613
Indicador  3.3.4;1020;83;27;Alagoas;9613;2019;95253;Total;92956;Homem;9613
Indicador  3.3.4;1020;108;27;Alagoas;9613;2019;95253;Total;92957;Mulher;9613
Indicador  3.3.4;1020;2;27;Alagoas;9613;2019;1140;0 a 4 anos;6794;Total;9613
Indicador  3.3.4;1020;0;27;Alagoas;9613;2019;1140;0 a 4 anos;92956;Homem;9613
Indicador  3.3.4;1020;2;27;Alagoas;9613;2019;1140;0 a 4 anos;92957;Mulher;9613
Indicador  3.3.4;1020;0;27;Alagoas;9613;2019;1141;5 a 9 anos;6794;Total;9613
Indicador  3.3.4;1020;0;27;Alagoas;9613;2019;1141;5 a 9 anos;92956;Homem;9613
Indicador  3.3.4;1020;0;27;Alagoas;9613;2019;1141;5 a 9 anos;92957;Mulher;9613
Indicador  3.3.4;1020;1;27;Alagoas;9613;2019;1142;10 a 14 anos;6794;Total;9613
Indicador  3.3.4;1020;1;27;Alagoas;9613;2019;1142;10 a 14 anos;92956;Homem;9613
Indicador  3.3.4;1020;0;27;Alagoas;9613;2019;1142;10 a 14 anos;92957;Mulher;9613
Indicador  3.3.4;1020;2;27;Alagoas;9613;2019;1143;15 a 19 anos;6794;Total;9613
Indicador  3.3.4;1020;0;27;Alagoas;9613;2019;1143;15 a 19 anos;92956;Homem;9613
Indicador  3.3.4;1020;2;27;Alagoas;9613;2019;1143;15 a 19 anos;92957;Mulher;9613
Indicador  3.3.4;1020;14;27;Alagoas;9613;2019;1144;20 a 24 anos;6794;Total;9613
Indicador  3.3.4;1020;3;27;Alagoas;9613;2019;1144;20 a 24 anos;92956;Homem;9613
Indicador  3.3.4;1020;11;27;Alagoas;9613;2019;1144;20 a 24 anos;92957;Mulher;9613
Indicador  3.3.4;1020;16;27;Alagoas;9613;2019;1145;25 a 29 anos;6794;Total;9613
Indicador  3.3.4;1020;7;27;Alagoas;9613;2019;1145;25 a 29 anos;92956;Homem;9613
Indicador  3.3.4;1020;9;27;Alagoas;9613;2019;1145;25 a 29 anos;92957;Mulher;9613
Indicador  3.3.4;1020;20;27;Alagoas;9613;2019;1146;30 a 34 anos;6794;Total;9613
Indicador  3.3.4;1020;9;27;Alagoas;9613;2019;1146;30 a 34 anos;92956;Homem;9613
Indicador  3.3.4;1020;11;27;Alagoas;9613;2019;1146;30 a 34 anos;92957;Mulher;9613
Indicador  3.3.4;1020;32;27;Alagoas;9613;2019;1147;35 a 39 anos;6794;Total;9613
Indicador  3.3.4;1020;12;27;Alagoas;9613;2019;1147;35 a 39 anos;92956;Homem;9613
Indicador  3.3.4;1020;20;27;Alagoas;9613;2019;1147;35 a 39 anos;92957;Mulher;9613
Indicador  3.3.4;1020;21;27;Alagoas;9613;2019;1148;40 a 44 anos;6794;Total;9613
Indicador  3.3.4;1020;10;27;Alagoas;9613;2019;1148;40 a 44 anos;92956;Homem;9613
Indicador  3.3.4;1020;11;27;Alagoas;9613;2019;1148;40 a 44 anos;92957;Mulher;9613
Indicador  3.3.4;1020;22;27;Alagoas;9613;2019;1149;45 a 49 anos;6794;Total;9613
Indicador  3.3.4;1020;9;27;Alagoas;9613;2019;1149;45 a 49 anos;92956;Homem;9613
Indicador  3.3.4;1020;13;27;Alagoas;9613;2019;1149;45 a 49 anos;92957;Mulher;9613
Indicador  3.3.4;1020;28;27;Alagoas;9613;2019;1150;50 a 54 anos;6794;Total;9613
Indicador  3.3.4;1020;14;27;Alagoas;9613;2019;1150;50 a 54 anos;92956;Homem;9613
Indicador  3.3.4;1020;14;27;Alagoas;9613;2019;1150;50 a 54 anos;92957;Mulher;9613
Indicador  3.3.4;1020;8;27;Alagoas;9613;2019;1151;55 a 59 anos;6794;Total;9613
Indicador  3.3.4;1020;4;27;Alagoas;9613;2019;1151;55 a 59 anos;92956;Homem;9613
Indicador  3.3.4;1020;4;27;Alagoas;9613;2019;1151;55 a 59 anos;92957;Mulher;9613
Indicador  3.3.4;1020;25;27;Alagoas;9613;2019;3302;60 anos ou mais;6794;Total;9613
Indicador  3.3.4;1020;14;27;Alagoas;9613;2019;3302;60 anos ou mais;92956;Homem;9613
Indicador  3.3.4;1020;11;27;Alagoas;9613;2019;3302;60 anos ou mais;92957;Mulher;9613
Indicador  3.3.4;1020;95;27;Alagoas;9613;2020;95253;Total;6794;Total;9613
Indicador  3.3.4;1020;45;27;Alagoas;9613;2020;95253;Total;92956;Homem;9613
Indicador  3.3.4;1020;50;27;Alagoas;9613;2020;95253;Total;92957;Mulher;9613
Indicador  3.3.4;1020;1;27;Alagoas;9613;2020;1140;0 a 4 anos;6794;Total;9613
Indicador  3.3.4;1020;0;27;Alagoas;9613;2020;1140;0 a 4 anos;92956;Homem;9613
Indicador  3.3.4;1020;1;27;Alagoas;9613;2020;1140;0 a 4 anos;92957;Mulher;9613
Indicador  3.3.4;1020;0;27;Alagoas;9613;2020;1141;5 a 9 anos;6794;Total;9613
Indicador  3.3.4;1020;0;27;Alagoas;9613;2020;1141;5 a 9 anos;92956;Homem;9613
Indicador  3.3.4;1020;0;27;Alagoas;9613;2020;1141;5 a 9 anos;92957;Mulher;9613
Indicador  3.3.4;1020;0;27;Alagoas;9613;2020;1142;10 a 14 anos;6794;Total;9613
Indicador  3.3.4;1020;0;27;Alagoas;9613;2020;1142;10 a 14 anos;92956;Homem;9613
Indicador  3.3.4;1020;0;27;Alagoas;9613;2020;1142;10 a 14 anos;92957;Mulher;9613
Indicador  3.3.4;1020;1;27;Alagoas;9613;2020;1143;15 a 19 anos;6794;Total;9613
Indicador  3.3.4;1020;0;27;Alagoas;9613;2020;1143;15 a 19 anos;92956;Homem;9613
Indicador  3.3.4;1020;1;27;Alagoas;9613;2020;1143;15 a 19 anos;92957;Mulher;9613
Indicador  3.3.4;1020;6;27;Alagoas;9613;2020;1144;20 a 24 anos;6794;Total;9613
Indicador  3.3.4;1020;1;27;Alagoas;9613;2020;1144;20 a 24 anos;92956;Homem;9613
Indicador  3.3.4;1020;5;27;Alagoas;9613;2020;1144;20 a 24 anos;92957;Mulher;9613
Indicador  3.3.4;1020;14;27;Alagoas;9613;2020;1145;25 a 29 anos;6794;Total;9613
Indicador  3.3.4;1020;5;27;Alagoas;9613;2020;1145;25 a 29 anos;92956;Homem;9613
Indicador  3.3.4;1020;9;27;Alagoas;9613;2020;1145;25 a 29 anos;92957;Mulher;9613
Indicador  3.3.4;1020;16;27;Alagoas;9613;2020;1146;30 a 34 anos;6794;Total;9613
Indicador  3.3.4;1020;5;27;Alagoas;9613;2020;1146;30 a 34 anos;92956;Homem;9613
Indicador  3.3.4;1020;11;27;Alagoas;9613;2020;1146;30 a 34 anos;92957;Mulher;9613
Indicador  3.3.4;1020;13;27;Alagoas;9613;2020;1147;35 a 39 anos;6794;Total;9613
Indicador  3.3.4;1020;3;27;Alagoas;9613;2020;1147;35 a 39 anos;92956;Homem;9613
Indicador  3.3.4;1020;10;27;Alagoas;9613;2020;1147;35 a 39 anos;92957;Mulher;9613
Indicador  3.3.4;1020;4;27;Alagoas;9613;2020;1148;40 a 44 anos;6794;Total;9613
Indicador  3.3.4;1020;4;27;Alagoas;9613;2020;1148;40 a 44 anos;92956;Homem;9613
Indicador  3.3.4;1020;0;27;Alagoas;9613;2020;1148;40 a 44 anos;92957;Mulher;9613
Indicador  3.3.4;1020;11;27;Alagoas;9613;2020;1149;45 a 49 anos;6794;Total;9613
Indicador  3.3.4;1020;7;27;Alagoas;9613;2020;1149;45 a 49 anos;92956;Homem;9613
Indicador  3.3.4;1020;4;27;Alagoas;9613;2020;1149;45 a 49 anos;92957;Mulher;9613
Indicador  3.3.4;1020;9;27;Alagoas;9613;2020;1150;50 a 54 anos;6794;Total;9613
Indicador  3.3.4;1020;5;27;Alagoas;9613;2020;1150;50 a 54 anos;92956;Homem;9613
Indicador  3.3.4;1020;4;27;Alagoas;9613;2020;1150;50 a 54 anos;92957;Mulher;9613
Indicador  3.3.4;1020;9;27;Alagoas;9613;2020;1151;55 a 59 anos;6794;Total;9613
Indicador  3.3.4;1020;6;27;Alagoas;9613;2020;1151;55 a 59 anos;92956;Homem;9613
Indicador  3.3.4;1020;3;27;Alagoas;9613;2020;1151;55 a 59 anos;92957;Mulher;9613
Indicador  3.3.4;1020;11;27;Alagoas;9613;2020;3302;60 anos ou mais;6794;Total;9613
Indicador  3.3.4;1020;9;27;Alagoas;9613;2020;3302;60 anos ou mais;92956;Homem;9613
Indicador  3.3.4;1020;2;27;Alagoas;9613;2020;3302;60 anos ou mais;92957;Mulher;9613
Indicador  3.3.4;1020;106;27;Alagoas;9613;2021;95253;Total;6794;Total;9613
Indicador  3.3.4;1020;48;27;Alagoas;9613;2021;95253;Total;92956;Homem;9613
Indicador  3.3.4;1020;58;27;Alagoas;9613;2021;95253;Total;92957;Mulher;9613
Indicador  3.3.4;1020;0;27;Alagoas;9613;2021;1140;0 a 4 anos;6794;Total;9613
Indicador  3.3.4;1020;0;27;Alagoas;9613;2021;1140;0 a 4 anos;92956;Homem;9613
Indicador  3.3.4;1020;0;27;Alagoas;9613;2021;1140;0 a 4 anos;92957;Mulher;9613
Indicador  3.3.4;1020;0;27;Alagoas;9613;2021;1141;5 a 9 anos;6794;Total;9613
Indicador  3.3.4;1020;0;27;Alagoas;9613;2021;1141;5 a 9 anos;92956;Homem;9613
Indicador  3.3.4;1020;0;27;Alagoas;9613;2021;1141;5 a 9 anos;92957;Mulher;9613
Indicador  3.3.4;1020;0;27;Alagoas;9613;2021;1142;10 a 14 anos;6794;Total;9613
Indicador  3.3.4;1020;0;27;Alagoas;9613;2021;1142;10 a 14 anos;92956;Homem;9613
Indicador  3.3.4;1020;0;27;Alagoas;9613;2021;1142;10 a 14 anos;92957;Mulher;9613
Indicador  3.3.4;1020;2;27;Alagoas;9613;2021;1143;15 a 19 anos;6794;Total;9613
Indicador  3.3.4;1020;1;27;Alagoas;9613;2021;1143;15 a 19 anos;92956;Homem;9613
Indicador  3.3.4;1020;1;27;Alagoas;9613;2021;1143;15 a 19 anos;92957;Mulher;9613
Indicador  3.3.4;1020;8;27;Alagoas;9613;2021;1144;20 a 24 anos;6794;Total;9613
Indicador  3.3.4;1020;2;27;Alagoas;9613;2021;1144;20 a 24 anos;92956;Homem;9613
Indicador  3.3.4;1020;6;27;Alagoas;9613;2021;1144;20 a 24 anos;92957;Mulher;9613
Indicador  3.3.4;1020;13;27;Alagoas;9613;2021;1145;25 a 29 anos;6794;Total;9613
Indicador  3.3.4;1020;7;27;Alagoas;9613;2021;1145;25 a 29 anos;92956;Homem;9613
Indicador  3.3.4;1020;6;27;Alagoas;9613;2021;1145;25 a 29 anos;92957;Mulher;9613
Indicador  3.3.4;1020;11;27;Alagoas;9613;2021;1146;30 a 34 anos;6794;Total;9613
Indicador  3.3.4;1020;2;27;Alagoas;9613;2021;1146;30 a 34 anos;92956;Homem;9613
Indicador  3.3.4;1020;9;27;Alagoas;9613;2021;1146;30 a 34 anos;92957;Mulher;9613
Indicador  3.3.4;1020;16;27;Alagoas;9613;2021;1147;35 a 39 anos;6794;Total;9613
Indicador  3.3.4;1020;7;27;Alagoas;9613;2021;1147;35 a 39 anos;92956;Homem;9613
Indicador  3.3.4;1020;9;27;Alagoas;9613;2021;1147;35 a 39 anos;92957;Mulher;9613
Indicador  3.3.4;1020;14;27;Alagoas;9613;2021;1148;40 a 44 anos;6794;Total;9613
Indicador  3.3.4;1020;4;27;Alagoas;9613;2021;1148;40 a 44 anos;92956;Homem;9613
Indicador  3.3.4;1020;10;27;Alagoas;9613;2021;1148;40 a 44 anos;92957;Mulher;9613
Indicador  3.3.4;1020;15;27;Alagoas;9613;2021;1149;45 a 49 anos;6794;Total;9613
Indicador  3.3.4;1020;8;27;Alagoas;9613;2021;1149;45 a 49 anos;92956;Homem;9613
Indicador  3.3.4;1020;7;27;Alagoas;9613;2021;1149;45 a 49 anos;92957;Mulher;9613
Indicador  3.3.4;1020;14;27;Alagoas;9613;2021;1150;50 a 54 anos;6794;Total;9613
Indicador  3.3.4;1020;7;27;Alagoas;9613;2021;1150;50 a 54 anos;92956;Homem;9613
Indicador  3.3.4;1020;7;27;Alagoas;9613;2021;1150;50 a 54 anos;92957;Mulher;9613
Indicador  3.3.4;1020;6;27;Alagoas;9613;2021;1151;55 a 59 anos;6794;Total;9613
Indicador  3.3.4;1020;5;27;Alagoas;9613;2021;1151;55 a 59 anos;92956;Homem;9613
Indicador  3.3.4;1020;1;27;Alagoas;9613;2021;1151;55 a 59 anos;92957;Mulher;9613
Indicador  3.3.4;1020;7;27;Alagoas;9613;2021;3302;60 anos ou mais;6794;Total;9613
Indicador  3.3.4;1020;5;27;Alagoas;9613;2021;3302;60 anos ou mais;92956;Homem;9613
Indicador  3.3.4;1020;2;27;Alagoas;9613;2021;3302;60 anos ou mais;92957;Mulher;9613
Indicador  3.3.4;1020;71;27;Alagoas;9613;2022;95253;Total;6794;Total;9613
Indicador  3.3.4;1020;34;27;Alagoas;9613;2022;95253;Total;92956;Homem;9613
Indicador  3.3.4;1020;37;27;Alagoas;9613;2022;95253;Total;92957;Mulher;9613
Indicador  3.3.4;1020;0;27;Alagoas;9613;2022;1140;0 a 4 anos;6794;Total;9613
Indicador  3.3.4;1020;0;27;Alagoas;9613;2022;1140;0 a 4 anos;92956;Homem;9613
Indicador  3.3.4;1020;0;27;Alagoas;9613;2022;1140;0 a 4 anos;92957;Mulher;9613
Indicador  3.3.4;1020;0;27;Alagoas;9613;2022;1141;5 a 9 anos;6794;Total;9613
Indicador  3.3.4;1020;0;27;Alagoas;9613;2022;1141;5 a 9 anos;92956;Homem;9613
Indicador  3.3.4;1020;0;27;Alagoas;9613;2022;1141;5 a 9 anos;92957;Mulher;9613
Indicador  3.3.4;1020;0;27;Alagoas;9613;2022;1142;10 a 14 anos;6794;Total;9613
Indicador  3.3.4;1020;0;27;Alagoas;9613;2022;1142;10 a 14 anos;92956;Homem;9613
Indicador  3.3.4;1020;0;27;Alagoas;9613;2022;1142;10 a 14 anos;92957;Mulher;9613
Indicador  3.3.4;1020;1;27;Alagoas;9613;2022;1143;15 a 19 anos;6794;Total;9613
Indicador  3.3.4;1020;1;27;Alagoas;9613;2022;1143;15 a 19 anos;92956;Homem;9613
Indicador  3.3.4;1020;0;27;Alagoas;9613;2022;1143;15 a 19 anos;92957;Mulher;9613
Indicador  3.3.4;1020;3;27;Alagoas;9613;2022;1144;20 a 24 anos;6794;Total;9613
Indicador  3.3.4;1020;1;27;Alagoas;9613;2022;1144;20 a 24 anos;92956;Homem;9613
Indicador  3.3.4;1020;2;27;Alagoas;9613;2022;1144;20 a 24 anos;92957;Mulher;9613
Indicador  3.3.4;1020;10;27;Alagoas;9613;2022;1145;25 a 29 anos;6794;Total;9613
Indicador  3.3.4;1020;5;27;Alagoas;9613;2022;1145;25 a 29 anos;92956;Homem;9613
Indicador  3.3.4;1020;5;27;Alagoas;9613;2022;1145;25 a 29 anos;92957;Mulher;9613
Indicador  3.3.4;1020;8;27;Alagoas;9613;2022;1146;30 a 34 anos;6794;Total;9613
Indicador  3.3.4;1020;2;27;Alagoas;9613;2022;1146;30 a 34 anos;92956;Homem;9613
Indicador  3.3.4;1020;6;27;Alagoas;9613;2022;1146;30 a 34 anos;92957;Mulher;9613
Indicador  3.3.4;1020;13;27;Alagoas;9613;2022;1147;35 a 39 anos;6794;Total;9613
Indicador  3.3.4;1020;5;27;Alagoas;9613;2022;1147;35 a 39 anos;92956;Homem;9613
Indicador  3.3.4;1020;8;27;Alagoas;9613;2022;1147;35 a 39 anos;92957;Mulher;9613
Indicador  3.3.4;1020;10;27;Alagoas;9613;2022;1148;40 a 44 anos;6794;Total;9613
Indicador  3.3.4;1020;7;27;Alagoas;9613;2022;1148;40 a 44 anos;92956;Homem;9613
Indicador  3.3.4;1020;3;27;Alagoas;9613;2022;1148;40 a 44 anos;92957;Mulher;9613
Indicador  3.3.4;1020;6;27;Alagoas;9613;2022;1149;45 a 49 anos;6794;Total;9613
Indicador  3.3.4;1020;4;27;Alagoas;9613;2022;1149;45 a 49 anos;92956;Homem;9613
Indicador  3.3.4;1020;2;27;Alagoas;9613;2022;1149;45 a 49 anos;92957;Mulher;9613
Indicador  3.3.4;1020;7;27;Alagoas;9613;2022;1150;50 a 54 anos;6794;Total;9613
Indicador  3.3.4;1020;3;27;Alagoas;9613;2022;1150;50 a 54 anos;92956;Homem;9613
Indicador  3.3.4;1020;4;27;Alagoas;9613;2022;1150;50 a 54 anos;92957;Mulher;9613
Indicador  3.3.4;1020;4;27;Alagoas;9613;2022;1151;55 a 59 anos;6794;Total;9613
Indicador  3.3.4;1020;2;27;Alagoas;9613;2022;1151;55 a 59 anos;92956;Homem;9613
Indicador  3.3.4;1020;2;27;Alagoas;9613;2022;1151;55 a 59 anos;92957;Mulher;9613
Indicador  3.3.4;1020;9;27;Alagoas;9613;2022;3302;60 anos ou mais;6794;Total;9613
Indicador  3.3.4;1020;4;27;Alagoas;9613;2022;3302;60 anos ou mais;92956;Homem;9613
Indicador  3.3.4;1020;5;27;Alagoas;9613;2022;3302;60 anos ou mais;92957;Mulher;9613
Indicador  3.3.4;1020;137;28;Sergipe;9613;2018;95253;Total;6794;Total;9613
Indicador  3.3.4;1020;66;28;Sergipe;9613;2018;95253;Total;92956;Homem;9613
Indicador  3.3.4;1020;71;28;Sergipe;9613;2018;95253;Total;92957;Mulher;9613
Indicador  3.3.4;1020;0;28;Sergipe;9613;2018;1140;0 a 4 anos;6794;Total;9613
Indicador  3.3.4;1020;0;28;Sergipe;9613;2018;1140;0 a 4 anos;92956;Homem;9613
Indicador  3.3.4;1020;0;28;Sergipe;9613;2018;1140;0 a 4 anos;92957;Mulher;9613
Indicador  3.3.4;1020;0;28;Sergipe;9613;2018;1141;5 a 9 anos;6794;Total;9613
Indicador  3.3.4;1020;0;28;Sergipe;9613;2018;1141;5 a 9 anos;92956;Homem;9613
Indicador  3.3.4;1020;0;28;Sergipe;9613;2018;1141;5 a 9 anos;92957;Mulher;9613
Indicador  3.3.4;1020;1;28;Sergipe;9613;2018;1142;10 a 14 anos;6794;Total;9613
Indicador  3.3.4;1020;0;28;Sergipe;9613;2018;1142;10 a 14 anos;92956;Homem;9613
Indicador  3.3.4;1020;1;28;Sergipe;9613;2018;1142;10 a 14 anos;92957;Mulher;9613
Indicador  3.3.4;1020;0;28;Sergipe;9613;2018;1143;15 a 19 anos;6794;Total;9613
Indicador  3.3.4;1020;0;28;Sergipe;9613;2018;1143;15 a 19 anos;92956;Homem;9613
Indicador  3.3.4;1020;0;28;Sergipe;9613;2018;1143;15 a 19 anos;92957;Mulher;9613
Indicador  3.3.4;1020;14;28;Sergipe;9613;2018;1144;20 a 24 anos;6794;Total;9613
Indicador  3.3.4;1020;5;28;Sergipe;9613;2018;1144;20 a 24 anos;92956;Homem;9613
Indicador  3.3.4;1020;9;28;Sergipe;9613;2018;1144;20 a 24 anos;92957;Mulher;9613
Indicador  3.3.4;1020;14;28;Sergipe;9613;2018;1145;25 a 29 anos;6794;Total;9613
Indicador  3.3.4;1020;7;28;Sergipe;9613;2018;1145;25 a 29 anos;92956;Homem;9613
Indicador  3.3.4;1020;7;28;Sergipe;9613;2018;1145;25 a 29 anos;92957;Mulher;9613
Indicador  3.3.4;1020;29;28;Sergipe;9613;2018;1146;30 a 34 anos;6794;Total;9613
Indicador  3.3.4;1020;12;28;Sergipe;9613;2018;1146;30 a 34 anos;92956;Homem;9613
Indicador  3.3.4;1020;17;28;Sergipe;9613;2018;1146;30 a 34 anos;92957;Mulher;9613
Indicador  3.3.4;1020;13;28;Sergipe;9613;2018;1147;35 a 39 anos;6794;Total;9613
Indicador  3.3.4;1020;5;28;Sergipe;9613;2018;1147;35 a 39 anos;92956;Homem;9613
Indicador  3.3.4;1020;8;28;Sergipe;9613;2018;1147;35 a 39 anos;92957;Mulher;9613
Indicador  3.3.4;1020;17;28;Sergipe;9613;2018;1148;40 a 44 anos;6794;Total;9613
Indicador  3.3.4;1020;5;28;Sergipe;9613;2018;1148;40 a 44 anos;92956;Homem;9613
Indicador  3.3.4;1020;12;28;Sergipe;9613;2018;1148;40 a 44 anos;92957;Mulher;9613
Indicador  3.3.4;1020;17;28;Sergipe;9613;2018;1149;45 a 49 anos;6794;Total;9613
Indicador  3.3.4;1020;11;28;Sergipe;9613;2018;1149;45 a 49 anos;92956;Homem;9613
Indicador  3.3.4;1020;6;28;Sergipe;9613;2018;1149;45 a 49 anos;92957;Mulher;9613
Indicador  3.3.4;1020;13;28;Sergipe;9613;2018;1150;50 a 54 anos;6794;Total;9613
Indicador  3.3.4;1020;8;28;Sergipe;9613;2018;1150;50 a 54 anos;92956;Homem;9613
Indicador  3.3.4;1020;5;28;Sergipe;9613;2018;1150;50 a 54 anos;92957;Mulher;9613
Indicador  3.3.4;1020;14;28;Sergipe;9613;2018;1151;55 a 59 anos;6794;Total;9613
Indicador  3.3.4;1020;10;28;Sergipe;9613;2018;1151;55 a 59 anos;92956;Homem;9613
Indicador  3.3.4;1020;4;28;Sergipe;9613;2018;1151;55 a 59 anos;92957;Mulher;9613
Indicador  3.3.4;1020;5;28;Sergipe;9613;2018;3302;60 anos ou mais;6794;Total;9613
Indicador  3.3.4;1020;3;28;Sergipe;9613;2018;3302;60 anos ou mais;92956;Homem;9613
Indicador  3.3.4;1020;2;28;Sergipe;9613;2018;3302;60 anos ou mais;92957;Mulher;9613
Indicador  3.3.4;1020;133;28;Sergipe;9613;2019;95253;Total;6794;Total;9613
Indicador  3.3.4;1020;61;28;Sergipe;9613;2019;95253;Total;92956;Homem;9613
Indicador  3.3.4;1020;72;28;Sergipe;9613;2019;95253;Total;92957;Mulher;9613
Indicador  3.3.4;1020;1;28;Sergipe;9613;2019;1140;0 a 4 anos;6794;Total;9613
Indicador  3.3.4;1020;0;28;Sergipe;9613;2019;1140;0 a 4 anos;92956;Homem;9613
Indicador  3.3.4;1020;1;28;Sergipe;9613;2019;1140;0 a 4 anos;92957;Mulher;9613
Indicador  3.3.4;1020;0;28;Sergipe;9613;2019;1141;5 a 9 anos;6794;Total;9613
Indicador  3.3.4;1020;0;28;Sergipe;9613;2019;1141;5 a 9 anos;92956;Homem;9613
Indicador  3.3.4;1020;0;28;Sergipe;9613;2019;1141;5 a 9 anos;92957;Mulher;9613
Indicador  3.3.4;1020;0;28;Sergipe;9613;2019;1142;10 a 14 anos;6794;Total;9613
Indicador  3.3.4;1020;0;28;Sergipe;9613;2019;1142;10 a 14 anos;92956;Homem;9613
Indicador  3.3.4;1020;0;28;Sergipe;9613;2019;1142;10 a 14 anos;92957;Mulher;9613
Indicador  3.3.4;1020;2;28;Sergipe;9613;2019;1143;15 a 19 anos;6794;Total;9613
Indicador  3.3.4;1020;0;28;Sergipe;9613;2019;1143;15 a 19 anos;92956;Homem;9613
Indicador  3.3.4;1020;2;28;Sergipe;9613;2019;1143;15 a 19 anos;92957;Mulher;9613
Indicador  3.3.4;1020;8;28;Sergipe;9613;2019;1144;20 a 24 anos;6794;Total;9613
Indicador  3.3.4;1020;3;28;Sergipe;9613;2019;1144;20 a 24 anos;92956;Homem;9613
Indicador  3.3.4;1020;5;28;Sergipe;9613;2019;1144;20 a 24 anos;92957;Mulher;9613
Indicador  3.3.4;1020;18;28;Sergipe;9613;2019;1145;25 a 29 anos;6794;Total;9613
Indicador  3.3.4;1020;4;28;Sergipe;9613;2019;1145;25 a 29 anos;92956;Homem;9613
Indicador  3.3.4;1020;14;28;Sergipe;9613;2019;1145;25 a 29 anos;92957;Mulher;9613
Indicador  3.3.4;1020;17;28;Sergipe;9613;2019;1146;30 a 34 anos;6794;Total;9613
Indicador  3.3.4;1020;6;28;Sergipe;9613;2019;1146;30 a 34 anos;92956;Homem;9613
Indicador  3.3.4;1020;11;28;Sergipe;9613;2019;1146;30 a 34 anos;92957;Mulher;9613
Indicador  3.3.4;1020;16;28;Sergipe;9613;2019;1147;35 a 39 anos;6794;Total;9613
Indicador  3.3.4;1020;8;28;Sergipe;9613;2019;1147;35 a 39 anos;92956;Homem;9613
Indicador  3.3.4;1020;8;28;Sergipe;9613;2019;1147;35 a 39 anos;92957;Mulher;9613
Indicador  3.3.4;1020;22;28;Sergipe;9613;2019;1148;40 a 44 anos;6794;Total;9613
Indicador  3.3.4;1020;11;28;Sergipe;9613;2019;1148;40 a 44 anos;92956;Homem;9613
Indicador  3.3.4;1020;11;28;Sergipe;9613;2019;1148;40 a 44 anos;92957;Mulher;9613
Indicador  3.3.4;1020;18;28;Sergipe;9613;2019;1149;45 a 49 anos;6794;Total;9613
Indicador  3.3.4;1020;8;28;Sergipe;9613;2019;1149;45 a 49 anos;92956;Homem;9613
Indicador  3.3.4;1020;10;28;Sergipe;9613;2019;1149;45 a 49 anos;92957;Mulher;9613
Indicador  3.3.4;1020;7;28;Sergipe;9613;2019;1150;50 a 54 anos;6794;Total;9613
Indicador  3.3.4;1020;5;28;Sergipe;9613;2019;1150;50 a 54 anos;92956;Homem;9613
Indicador  3.3.4;1020;2;28;Sergipe;9613;2019;1150;50 a 54 anos;92957;Mulher;9613
Indicador  3.3.4;1020;11;28;Sergipe;9613;2019;1151;55 a 59 anos;6794;Total;9613
Indicador  3.3.4;1020;7;28;Sergipe;9613;2019;1151;55 a 59 anos;92956;Homem;9613
Indicador  3.3.4;1020;4;28;Sergipe;9613;2019;1151;55 a 59 anos;92957;Mulher;9613
Indicador  3.3.4;1020;13;28;Sergipe;9613;2019;3302;60 anos ou mais;6794;Total;9613
Indicador  3.3.4;1020;9;28;Sergipe;9613;2019;3302;60 anos ou mais;92956;Homem;9613
Indicador  3.3.4;1020;4;28;Sergipe;9613;2019;3302;60 anos ou mais;92957;Mulher;9613
Indicador  3.3.4;1020;70;28;Sergipe;9613;2020;95253;Total;6794;Total;9613
Indicador  3.3.4;1020;40;28;Sergipe;9613;2020;95253;Total;92956;Homem;9613
Indicador  3.3.4;1020;30;28;Sergipe;9613;2020;95253;Total;92957;Mulher;9613
Indicador  3.3.4;1020;0;28;Sergipe;9613;2020;1140;0 a 4 anos;6794;Total;9613
Indicador  3.3.4;1020;0;28;Sergipe;9613;2020;1140;0 a 4 anos;92956;Homem;9613
Indicador  3.3.4;1020;0;28;Sergipe;9613;2020;1140;0 a 4 anos;92957;Mulher;9613
Indicador  3.3.4;1020;0;28;Sergipe;9613;2020;1141;5 a 9 anos;6794;Total;9613
Indicador  3.3.4;1020;0;28;Sergipe;9613;2020;1141;5 a 9 anos;92956;Homem;9613
Indicador  3.3.4;1020;0;28;Sergipe;9613;2020;1141;5 a 9 anos;92957;Mulher;9613
Indicador  3.3.4;1020;0;28;Sergipe;9613;2020;1142;10 a 14 anos;6794;Total;9613
Indicador  3.3.4;1020;0;28;Sergipe;9613;2020;1142;10 a 14 anos;92956;Homem;9613
Indicador  3.3.4;1020;0;28;Sergipe;9613;2020;1142;10 a 14 anos;92957;Mulher;9613
Indicador  3.3.4;1020;0;28;Sergipe;9613;2020;1143;15 a 19 anos;6794;Total;9613
Indicador  3.3.4;1020;0;28;Sergipe;9613;2020;1143;15 a 19 anos;92956;Homem;9613
Indicador  3.3.4;1020;0;28;Sergipe;9613;2020;1143;15 a 19 anos;92957;Mulher;9613
Indicador  3.3.4;1020;2;28;Sergipe;9613;2020;1144;20 a 24 anos;6794;Total;9613
Indicador  3.3.4;1020;0;28;Sergipe;9613;2020;1144;20 a 24 anos;92956;Homem;9613
Indicador  3.3.4;1020;2;28;Sergipe;9613;2020;1144;20 a 24 anos;92957;Mulher;9613
Indicador  3.3.4;1020;8;28;Sergipe;9613;2020;1145;25 a 29 anos;6794;Total;9613
Indicador  3.3.4;1020;4;28;Sergipe;9613;2020;1145;25 a 29 anos;92956;Homem;9613
Indicador  3.3.4;1020;4;28;Sergipe;9613;2020;1145;25 a 29 anos;92957;Mulher;9613
Indicador  3.3.4;1020;6;28;Sergipe;9613;2020;1146;30 a 34 anos;6794;Total;9613
Indicador  3.3.4;1020;3;28;Sergipe;9613;2020;1146;30 a 34 anos;92956;Homem;9613
Indicador  3.3.4;1020;3;28;Sergipe;9613;2020;1146;30 a 34 anos;92957;Mulher;9613
Indicador  3.3.4;1020;11;28;Sergipe;9613;2020;1147;35 a 39 anos;6794;Total;9613
Indicador  3.3.4;1020;5;28;Sergipe;9613;2020;1147;35 a 39 anos;92956;Homem;9613
Indicador  3.3.4;1020;6;28;Sergipe;9613;2020;1147;35 a 39 anos;92957;Mulher;9613
Indicador  3.3.4;1020;12;28;Sergipe;9613;2020;1148;40 a 44 anos;6794;Total;9613
Indicador  3.3.4;1020;7;28;Sergipe;9613;2020;1148;40 a 44 anos;92956;Homem;9613
Indicador  3.3.4;1020;5;28;Sergipe;9613;2020;1148;40 a 44 anos;92957;Mulher;9613
Indicador  3.3.4;1020;8;28;Sergipe;9613;2020;1149;45 a 49 anos;6794;Total;9613
Indicador  3.3.4;1020;4;28;Sergipe;9613;2020;1149;45 a 49 anos;92956;Homem;9613
Indicador  3.3.4;1020;4;28;Sergipe;9613;2020;1149;45 a 49 anos;92957;Mulher;9613
Indicador  3.3.4;1020;10;28;Sergipe;9613;2020;1150;50 a 54 anos;6794;Total;9613
Indicador  3.3.4;1020;9;28;Sergipe;9613;2020;1150;50 a 54 anos;92956;Homem;9613
Indicador  3.3.4;1020;1;28;Sergipe;9613;2020;1150;50 a 54 anos;92957;Mulher;9613
Indicador  3.3.4;1020;6;28;Sergipe;9613;2020;1151;55 a 59 anos;6794;Total;9613
Indicador  3.3.4;1020;3;28;Sergipe;9613;2020;1151;55 a 59 anos;92956;Homem;9613
Indicador  3.3.4;1020;3;28;Sergipe;9613;2020;1151;55 a 59 anos;92957;Mulher;9613
Indicador  3.3.4;1020;7;28;Sergipe;9613;2020;3302;60 anos ou mais;6794;Total;9613
Indicador  3.3.4;1020;5;28;Sergipe;9613;2020;3302;60 anos ou mais;92956;Homem;9613
Indicador  3.3.4;1020;2;28;Sergipe;9613;2020;3302;60 anos ou mais;92957;Mulher;9613
Indicador  3.3.4;1020;106;28;Sergipe;9613;2021;95253;Total;6794;Total;9613
Indicador  3.3.4;1020;51;28;Sergipe;9613;2021;95253;Total;92956;Homem;9613
Indicador  3.3.4;1020;55;28;Sergipe;9613;2021;95253;Total;92957;Mulher;9613
Indicador  3.3.4;1020;0;28;Sergipe;9613;2021;1140;0 a 4 anos;6794;Total;9613
Indicador  3.3.4;1020;0;28;Sergipe;9613;2021;1140;0 a 4 anos;92956;Homem;9613
Indicador  3.3.4;1020;0;28;Sergipe;9613;2021;1140;0 a 4 anos;92957;Mulher;9613
Indicador  3.3.4;1020;0;28;Sergipe;9613;2021;1141;5 a 9 anos;6794;Total;9613
Indicador  3.3.4;1020;0;28;Sergipe;9613;2021;1141;5 a 9 anos;92956;Homem;9613
Indicador  3.3.4;1020;0;28;Sergipe;9613;2021;1141;5 a 9 anos;92957;Mulher;9613
Indicador  3.3.4;1020;0;28;Sergipe;9613;2021;1142;10 a 14 anos;6794;Total;9613
Indicador  3.3.4;1020;0;28;Sergipe;9613;2021;1142;10 a 14 anos;92956;Homem;9613
Indicador  3.3.4;1020;0;28;Sergipe;9613;2021;1142;10 a 14 anos;92957;Mulher;9613
Indicador  3.3.4;1020;2;28;Sergipe;9613;2021;1143;15 a 19 anos;6794;Total;9613
Indicador  3.3.4;1020;0;28;Sergipe;9613;2021;1143;15 a 19 anos;92956;Homem;9613
Indicador  3.3.4;1020;2;28;Sergipe;9613;2021;1143;15 a 19 anos;92957;Mulher;9613
Indicador  3.3.4;1020;4;28;Sergipe;9613;2021;1144;20 a 24 anos;6794;Total;9613
Indicador  3.3.4;1020;1;28;Sergipe;9613;2021;1144;20 a 24 anos;92956;Homem;9613
Indicador  3.3.4;1020;3;28;Sergipe;9613;2021;1144;20 a 24 anos;92957;Mulher;9613
Indicador  3.3.4;1020;15;28;Sergipe;9613;2021;1145;25 a 29 anos;6794;Total;9613
Indicador  3.3.4;1020;7;28;Sergipe;9613;2021;1145;25 a 29 anos;92956;Homem;9613
Indicador  3.3.4;1020;8;28;Sergipe;9613;2021;1145;25 a 29 anos;92957;Mulher;9613
Indicador  3.3.4;1020;15;28;Sergipe;9613;2021;1146;30 a 34 anos;6794;Total;9613
Indicador  3.3.4;1020;5;28;Sergipe;9613;2021;1146;30 a 34 anos;92956;Homem;9613
Indicador  3.3.4;1020;10;28;Sergipe;9613;2021;1146;30 a 34 anos;92957;Mulher;9613
Indicador  3.3.4;1020;18;28;Sergipe;9613;2021;1147;35 a 39 anos;6794;Total;9613
Indicador  3.3.4;1020;9;28;Sergipe;9613;2021;1147;35 a 39 anos;92956;Homem;9613
Indicador  3.3.4;1020;9;28;Sergipe;9613;2021;1147;35 a 39 anos;92957;Mulher;9613
Indicador  3.3.4;1020;17;28;Sergipe;9613;2021;1148;40 a 44 anos;6794;Total;9613
Indicador  3.3.4;1020;7;28;Sergipe;9613;2021;1148;40 a 44 anos;92956;Homem;9613
Indicador  3.3.4;1020;10;28;Sergipe;9613;2021;1148;40 a 44 anos;92957;Mulher;9613
Indicador  3.3.4;1020;9;28;Sergipe;9613;2021;1149;45 a 49 anos;6794;Total;9613
Indicador  3.3.4;1020;6;28;Sergipe;9613;2021;1149;45 a 49 anos;92956;Homem;9613
Indicador  3.3.4;1020;3;28;Sergipe;9613;2021;1149;45 a 49 anos;92957;Mulher;9613
Indicador  3.3.4;1020;8;28;Sergipe;9613;2021;1150;50 a 54 anos;6794;Total;9613
Indicador  3.3.4;1020;4;28;Sergipe;9613;2021;1150;50 a 54 anos;92956;Homem;9613
Indicador  3.3.4;1020;4;28;Sergipe;9613;2021;1150;50 a 54 anos;92957;Mulher;9613
Indicador  3.3.4;1020;7;28;Sergipe;9613;2021;1151;55 a 59 anos;6794;Total;9613
Indicador  3.3.4;1020;5;28;Sergipe;9613;2021;1151;55 a 59 anos;92956;Homem;9613
Indicador  3.3.4;1020;2;28;Sergipe;9613;2021;1151;55 a 59 anos;92957;Mulher;9613
Indicador  3.3.4;1020;11;28;Sergipe;9613;2021;3302;60 anos ou mais;6794;Total;9613
Indicador  3.3.4;1020;7;28;Sergipe;9613;2021;3302;60 anos ou mais;92956;Homem;9613
Indicador  3.3.4;1020;4;28;Sergipe;9613;2021;3302;60 anos ou mais;92957;Mulher;9613
Indicador  3.3.4;1020;120;28;Sergipe;9613;2022;95253;Total;6794;Total;9613
Indicador  3.3.4;1020;63;28;Sergipe;9613;2022;95253;Total;92956;Homem;9613
Indicador  3.3.4;1020;57;28;Sergipe;9613;2022;95253;Total;92957;Mulher;9613
Indicador  3.3.4;1020;0;28;Sergipe;9613;2022;1140;0 a 4 anos;6794;Total;9613
Indicador  3.3.4;1020;0;28;Sergipe;9613;2022;1140;0 a 4 anos;92956;Homem;9613
Indicador  3.3.4;1020;0;28;Sergipe;9613;2022;1140;0 a 4 anos;92957;Mulher;9613
Indicador  3.3.4;1020;0;28;Sergipe;9613;2022;1141;5 a 9 anos;6794;Total;9613
Indicador  3.3.4;1020;0;28;Sergipe;9613;2022;1141;5 a 9 anos;92956;Homem;9613
Indicador  3.3.4;1020;0;28;Sergipe;9613;2022;1141;5 a 9 anos;92957;Mulher;9613
Indicador  3.3.4;1020;1;28;Sergipe;9613;2022;1142;10 a 14 anos;6794;Total;9613
Indicador  3.3.4;1020;0;28;Sergipe;9613;2022;1142;10 a 14 anos;92956;Homem;9613
Indicador  3.3.4;1020;1;28;Sergipe;9613;2022;1142;10 a 14 anos;92957;Mulher;9613
Indicador  3.3.4;1020;2;28;Sergipe;9613;2022;1143;15 a 19 anos;6794;Total;9613
Indicador  3.3.4;1020;0;28;Sergipe;9613;2022;1143;15 a 19 anos;92956;Homem;9613
Indicador  3.3.4;1020;2;28;Sergipe;9613;2022;1143;15 a 19 anos;92957;Mulher;9613
Indicador  3.3.4;1020;0;28;Sergipe;9613;2022;1144;20 a 24 anos;6794;Total;9613
Indicador  3.3.4;1020;0;28;Sergipe;9613;2022;1144;20 a 24 anos;92956;Homem;9613
Indicador  3.3.4;1020;0;28;Sergipe;9613;2022;1144;20 a 24 anos;92957;Mulher;9613
Indicador  3.3.4;1020;13;28;Sergipe;9613;2022;1145;25 a 29 anos;6794;Total;9613
Indicador  3.3.4;1020;6;28;Sergipe;9613;2022;1145;25 a 29 anos;92956;Homem;9613
Indicador  3.3.4;1020;7;28;Sergipe;9613;2022;1145;25 a 29 anos;92957;Mulher;9613
Indicador  3.3.4;1020;13;28;Sergipe;9613;2022;1146;30 a 34 anos;6794;Total;9613
Indicador  3.3.4;1020;3;28;Sergipe;9613;2022;1146;30 a 34 anos;92956;Homem;9613
Indicador  3.3.4;1020;10;28;Sergipe;9613;2022;1146;30 a 34 anos;92957;Mulher;9613
Indicador  3.3.4;1020;24;28;Sergipe;9613;2022;1147;35 a 39 anos;6794;Total;9613
Indicador  3.3.4;1020;10;28;Sergipe;9613;2022;1147;35 a 39 anos;92956;Homem;9613
Indicador  3.3.4;1020;14;28;Sergipe;9613;2022;1147;35 a 39 anos;92957;Mulher;9613
Indicador  3.3.4;1020;16;28;Sergipe;9613;2022;1148;40 a 44 anos;6794;Total;9613
Indicador  3.3.4;1020;9;28;Sergipe;9613;2022;1148;40 a 44 anos;92956;Homem;9613
Indicador  3.3.4;1020;7;28;Sergipe;9613;2022;1148;40 a 44 anos;92957;Mulher;9613
Indicador  3.3.4;1020;12;28;Sergipe;9613;2022;1149;45 a 49 anos;6794;Total;9613
Indicador  3.3.4;1020;7;28;Sergipe;9613;2022;1149;45 a 49 anos;92956;Homem;9613
Indicador  3.3.4;1020;5;28;Sergipe;9613;2022;1149;45 a 49 anos;92957;Mulher;9613
Indicador  3.3.4;1020;8;28;Sergipe;9613;2022;1150;50 a 54 anos;6794;Total;9613
Indicador  3.3.4;1020;8;28;Sergipe;9613;2022;1150;50 a 54 anos;92956;Homem;9613
Indicador  3.3.4;1020;0;28;Sergipe;9613;2022;1150;50 a 54 anos;92957;Mulher;9613
Indicador  3.3.4;1020;12;28;Sergipe;9613;2022;1151;55 a 59 anos;6794;Total;9613
Indicador  3.3.4;1020;7;28;Sergipe;9613;2022;1151;55 a 59 anos;92956;Homem;9613
Indicador  3.3.4;1020;5;28;Sergipe;9613;2022;1151;55 a 59 anos;92957;Mulher;9613
Indicador  3.3.4;1020;19;28;Sergipe;9613;2022;3302;60 anos ou mais;6794;Total;9613
Indicador  3.3.4;1020;13;28;Sergipe;9613;2022;3302;60 anos ou mais;92956;Homem;9613
Indicador  3.3.4;1020;6;28;Sergipe;9613;2022;3302;60 anos ou mais;92957;Mulher;9613
Indicador  3.3.4;1020;665;29;Bahia;9613;2018;95253;Total;6794;Total;9613
Indicador  3.3.4;1020;319;29;Bahia;9613;2018;95253;Total;92956;Homem;9613
Indicador  3.3.4;1020;346;29;Bahia;9613;2018;95253;Total;92957;Mulher;9613
Indicador  3.3.4;1020;7;29;Bahia;9613;2018;1140;0 a 4 anos;6794;Total;9613
Indicador  3.3.4;1020;5;29;Bahia;9613;2018;1140;0 a 4 anos;92956;Homem;9613
Indicador  3.3.4;1020;2;29;Bahia;9613;2018;1140;0 a 4 anos;92957;Mulher;9613
Indicador  3.3.4;1020;1;29;Bahia;9613;2018;1141;5 a 9 anos;6794;Total;9613
Indicador  3.3.4;1020;1;29;Bahia;9613;2018;1141;5 a 9 anos;92956;Homem;9613
Indicador  3.3.4;1020;0;29;Bahia;9613;2018;1141;5 a 9 anos;92957;Mulher;9613
Indicador  3.3.4;1020;3;29;Bahia;9613;2018;1142;10 a 14 anos;6794;Total;9613
Indicador  3.3.4;1020;3;29;Bahia;9613;2018;1142;10 a 14 anos;92956;Homem;9613
Indicador  3.3.4;1020;0;29;Bahia;9613;2018;1142;10 a 14 anos;92957;Mulher;9613
Indicador  3.3.4;1020;14;29;Bahia;9613;2018;1143;15 a 19 anos;6794;Total;9613
Indicador  3.3.4;1020;1;29;Bahia;9613;2018;1143;15 a 19 anos;92956;Homem;9613
Indicador  3.3.4;1020;13;29;Bahia;9613;2018;1143;15 a 19 anos;92957;Mulher;9613
Indicador  3.3.4;1020;44;29;Bahia;9613;2018;1144;20 a 24 anos;6794;Total;9613
Indicador  3.3.4;1020;19;29;Bahia;9613;2018;1144;20 a 24 anos;92956;Homem;9613
Indicador  3.3.4;1020;25;29;Bahia;9613;2018;1144;20 a 24 anos;92957;Mulher;9613
Indicador  3.3.4;1020;105;29;Bahia;9613;2018;1145;25 a 29 anos;6794;Total;9613
Indicador  3.3.4;1020;39;29;Bahia;9613;2018;1145;25 a 29 anos;92956;Homem;9613
Indicador  3.3.4;1020;66;29;Bahia;9613;2018;1145;25 a 29 anos;92957;Mulher;9613
Indicador  3.3.4;1020;87;29;Bahia;9613;2018;1146;30 a 34 anos;6794;Total;9613
Indicador  3.3.4;1020;32;29;Bahia;9613;2018;1146;30 a 34 anos;92956;Homem;9613
Indicador  3.3.4;1020;55;29;Bahia;9613;2018;1146;30 a 34 anos;92957;Mulher;9613
Indicador  3.3.4;1020;103;29;Bahia;9613;2018;1147;35 a 39 anos;6794;Total;9613
Indicador  3.3.4;1020;43;29;Bahia;9613;2018;1147;35 a 39 anos;92956;Homem;9613
Indicador  3.3.4;1020;60;29;Bahia;9613;2018;1147;35 a 39 anos;92957;Mulher;9613
Indicador  3.3.4;1020;78;29;Bahia;9613;2018;1148;40 a 44 anos;6794;Total;9613
Indicador  3.3.4;1020;37;29;Bahia;9613;2018;1148;40 a 44 anos;92956;Homem;9613
Indicador  3.3.4;1020;41;29;Bahia;9613;2018;1148;40 a 44 anos;92957;Mulher;9613
Indicador  3.3.4;1020;68;29;Bahia;9613;2018;1149;45 a 49 anos;6794;Total;9613
Indicador  3.3.4;1020;38;29;Bahia;9613;2018;1149;45 a 49 anos;92956;Homem;9613
Indicador  3.3.4;1020;30;29;Bahia;9613;2018;1149;45 a 49 anos;92957;Mulher;9613
Indicador  3.3.4;1020;56;29;Bahia;9613;2018;1150;50 a 54 anos;6794;Total;9613
Indicador  3.3.4;1020;35;29;Bahia;9613;2018;1150;50 a 54 anos;92956;Homem;9613
Indicador  3.3.4;1020;21;29;Bahia;9613;2018;1150;50 a 54 anos;92957;Mulher;9613
Indicador  3.3.4;1020;36;29;Bahia;9613;2018;1151;55 a 59 anos;6794;Total;9613
Indicador  3.3.4;1020;26;29;Bahia;9613;2018;1151;55 a 59 anos;92956;Homem;9613
Indicador  3.3.4;1020;10;29;Bahia;9613;2018;1151;55 a 59 anos;92957;Mulher;9613
Indicador  3.3.4;1020;63;29;Bahia;9613;2018;3302;60 anos ou mais;6794;Total;9613
Indicador  3.3.4;1020;40;29;Bahia;9613;2018;3302;60 anos ou mais;92956;Homem;9613
Indicador  3.3.4;1020;23;29;Bahia;9613;2018;3302;60 anos ou mais;92957;Mulher;9613
Indicador  3.3.4;1020;733;29;Bahia;9613;2019;95253;Total;6794;Total;9613
Indicador  3.3.4;1020;377;29;Bahia;9613;2019;95253;Total;92956;Homem;9613
Indicador  3.3.4;1020;355;29;Bahia;9613;2019;95253;Total;92957;Mulher;9613
Indicador  3.3.4;1020;10;29;Bahia;9613;2019;1140;0 a 4 anos;6794;Total;9613
Indicador  3.3.4;1020;8;29;Bahia;9613;2019;1140;0 a 4 anos;92956;Homem;9613
Indicador  3.3.4;1020;2;29;Bahia;9613;2019;1140;0 a 4 anos;92957;Mulher;9613
Indicador  3.3.4;1020;0;29;Bahia;9613;2019;1141;5 a 9 anos;6794;Total;9613
Indicador  3.3.4;1020;0;29;Bahia;9613;2019;1141;5 a 9 anos;92956;Homem;9613
Indicador  3.3.4;1020;0;29;Bahia;9613;2019;1141;5 a 9 anos;92957;Mulher;9613
Indicador  3.3.4;1020;3;29;Bahia;9613;2019;1142;10 a 14 anos;6794;Total;9613
Indicador  3.3.4;1020;0;29;Bahia;9613;2019;1142;10 a 14 anos;92956;Homem;9613
Indicador  3.3.4;1020;3;29;Bahia;9613;2019;1142;10 a 14 anos;92957;Mulher;9613
Indicador  3.3.4;1020;14;29;Bahia;9613;2019;1143;15 a 19 anos;6794;Total;9613
Indicador  3.3.4;1020;1;29;Bahia;9613;2019;1143;15 a 19 anos;92956;Homem;9613
Indicador  3.3.4;1020;13;29;Bahia;9613;2019;1143;15 a 19 anos;92957;Mulher;9613
Indicador  3.3.4;1020;48;29;Bahia;9613;2019;1144;20 a 24 anos;6794;Total;9613
Indicador  3.3.4;1020;16;29;Bahia;9613;2019;1144;20 a 24 anos;92956;Homem;9613
Indicador  3.3.4;1020;32;29;Bahia;9613;2019;1144;20 a 24 anos;92957;Mulher;9613
Indicador  3.3.4;1020;72;29;Bahia;9613;2019;1145;25 a 29 anos;6794;Total;9613
Indicador  3.3.4;1020;28;29;Bahia;9613;2019;1145;25 a 29 anos;92956;Homem;9613
Indicador  3.3.4;1020;44;29;Bahia;9613;2019;1145;25 a 29 anos;92957;Mulher;9613
Indicador  3.3.4;1020;100;29;Bahia;9613;2019;1146;30 a 34 anos;6794;Total;9613
Indicador  3.3.4;1020;48;29;Bahia;9613;2019;1146;30 a 34 anos;92956;Homem;9613
Indicador  3.3.4;1020;52;29;Bahia;9613;2019;1146;30 a 34 anos;92957;Mulher;9613
Indicador  3.3.4;1020;130;29;Bahia;9613;2019;1147;35 a 39 anos;6794;Total;9613
Indicador  3.3.4;1020;65;29;Bahia;9613;2019;1147;35 a 39 anos;92956;Homem;9613
Indicador  3.3.4;1020;65;29;Bahia;9613;2019;1147;35 a 39 anos;92957;Mulher;9613
Indicador  3.3.4;1020;95;29;Bahia;9613;2019;1148;40 a 44 anos;6794;Total;9613
Indicador  3.3.4;1020;60;29;Bahia;9613;2019;1148;40 a 44 anos;92956;Homem;9613
Indicador  3.3.4;1020;34;29;Bahia;9613;2019;1148;40 a 44 anos;92957;Mulher;9613
Indicador  3.3.4;1020;72;29;Bahia;9613;2019;1149;45 a 49 anos;6794;Total;9613
Indicador  3.3.4;1020;36;29;Bahia;9613;2019;1149;45 a 49 anos;92956;Homem;9613
Indicador  3.3.4;1020;36;29;Bahia;9613;2019;1149;45 a 49 anos;92957;Mulher;9613
Indicador  3.3.4;1020;54;29;Bahia;9613;2019;1150;50 a 54 anos;6794;Total;9613
Indicador  3.3.4;1020;28;29;Bahia;9613;2019;1150;50 a 54 anos;92956;Homem;9613
Indicador  3.3.4;1020;26;29;Bahia;9613;2019;1150;50 a 54 anos;92957;Mulher;9613
Indicador  3.3.4;1020;44;29;Bahia;9613;2019;1151;55 a 59 anos;6794;Total;9613
Indicador  3.3.4;1020;29;29;Bahia;9613;2019;1151;55 a 59 anos;92956;Homem;9613
Indicador  3.3.4;1020;15;29;Bahia;9613;2019;1151;55 a 59 anos;92957;Mulher;9613
Indicador  3.3.4;1020;91;29;Bahia;9613;2019;3302;60 anos ou mais;6794;Total;9613
Indicador  3.3.4;1020;58;29;Bahia;9613;2019;3302;60 anos ou mais;92956;Homem;9613
Indicador  3.3.4;1020;33;29;Bahia;9613;2019;3302;60 anos ou mais;92957;Mulher;9613
Indicador  3.3.4;1020;406;29;Bahia;9613;2020;95253;Total;6794;Total;9613
Indicador  3.3.4;1020;182;29;Bahia;9613;2020;95253;Total;92956;Homem;9613
Indicador  3.3.4;1020;224;29;Bahia;9613;2020;95253;Total;92957;Mulher;9613
Indicador  3.3.4;1020;4;29;Bahia;9613;2020;1140;0 a 4 anos;6794;Total;9613
Indicador  3.3.4;1020;3;29;Bahia;9613;2020;1140;0 a 4 anos;92956;Homem;9613
Indicador  3.3.4;1020;1;29;Bahia;9613;2020;1140;0 a 4 anos;92957;Mulher;9613
Indicador  3.3.4;1020;1;29;Bahia;9613;2020;1141;5 a 9 anos;6794;Total;9613
Indicador  3.3.4;1020;0;29;Bahia;9613;2020;1141;5 a 9 anos;92956;Homem;9613
Indicador  3.3.4;1020;1;29;Bahia;9613;2020;1141;5 a 9 anos;92957;Mulher;9613
Indicador  3.3.4;1020;0;29;Bahia;9613;2020;1142;10 a 14 anos;6794;Total;9613
Indicador  3.3.4;1020;0;29;Bahia;9613;2020;1142;10 a 14 anos;92956;Homem;9613
Indicador  3.3.4;1020;0;29;Bahia;9613;2020;1142;10 a 14 anos;92957;Mulher;9613
Indicador  3.3.4;1020;10;29;Bahia;9613;2020;1143;15 a 19 anos;6794;Total;9613
Indicador  3.3.4;1020;1;29;Bahia;9613;2020;1143;15 a 19 anos;92956;Homem;9613
Indicador  3.3.4;1020;9;29;Bahia;9613;2020;1143;15 a 19 anos;92957;Mulher;9613
Indicador  3.3.4;1020;28;29;Bahia;9613;2020;1144;20 a 24 anos;6794;Total;9613
Indicador  3.3.4;1020;8;29;Bahia;9613;2020;1144;20 a 24 anos;92956;Homem;9613
Indicador  3.3.4;1020;20;29;Bahia;9613;2020;1144;20 a 24 anos;92957;Mulher;9613
Indicador  3.3.4;1020;61;29;Bahia;9613;2020;1145;25 a 29 anos;6794;Total;9613
Indicador  3.3.4;1020;20;29;Bahia;9613;2020;1145;25 a 29 anos;92956;Homem;9613
Indicador  3.3.4;1020;41;29;Bahia;9613;2020;1145;25 a 29 anos;92957;Mulher;9613
Indicador  3.3.4;1020;67;29;Bahia;9613;2020;1146;30 a 34 anos;6794;Total;9613
Indicador  3.3.4;1020;25;29;Bahia;9613;2020;1146;30 a 34 anos;92956;Homem;9613
Indicador  3.3.4;1020;42;29;Bahia;9613;2020;1146;30 a 34 anos;92957;Mulher;9613
Indicador  3.3.4;1020;64;29;Bahia;9613;2020;1147;35 a 39 anos;6794;Total;9613
Indicador  3.3.4;1020;27;29;Bahia;9613;2020;1147;35 a 39 anos;92956;Homem;9613
Indicador  3.3.4;1020;37;29;Bahia;9613;2020;1147;35 a 39 anos;92957;Mulher;9613
Indicador  3.3.4;1020;49;29;Bahia;9613;2020;1148;40 a 44 anos;6794;Total;9613
Indicador  3.3.4;1020;26;29;Bahia;9613;2020;1148;40 a 44 anos;92956;Homem;9613
Indicador  3.3.4;1020;23;29;Bahia;9613;2020;1148;40 a 44 anos;92957;Mulher;9613
Indicador  3.3.4;1020;31;29;Bahia;9613;2020;1149;45 a 49 anos;6794;Total;9613
Indicador  3.3.4;1020;20;29;Bahia;9613;2020;1149;45 a 49 anos;92956;Homem;9613
Indicador  3.3.4;1020;11;29;Bahia;9613;2020;1149;45 a 49 anos;92957;Mulher;9613
Indicador  3.3.4;1020;27;29;Bahia;9613;2020;1150;50 a 54 anos;6794;Total;9613
Indicador  3.3.4;1020;14;29;Bahia;9613;2020;1150;50 a 54 anos;92956;Homem;9613
Indicador  3.3.4;1020;13;29;Bahia;9613;2020;1150;50 a 54 anos;92957;Mulher;9613
Indicador  3.3.4;1020;24;29;Bahia;9613;2020;1151;55 a 59 anos;6794;Total;9613
Indicador  3.3.4;1020;10;29;Bahia;9613;2020;1151;55 a 59 anos;92956;Homem;9613
Indicador  3.3.4;1020;14;29;Bahia;9613;2020;1151;55 a 59 anos;92957;Mulher;9613
Indicador  3.3.4;1020;40;29;Bahia;9613;2020;3302;60 anos ou mais;6794;Total;9613
Indicador  3.3.4;1020;28;29;Bahia;9613;2020;3302;60 anos ou mais;92956;Homem;9613
Indicador  3.3.4;1020;12;29;Bahia;9613;2020;3302;60 anos ou mais;92957;Mulher;9613
Indicador  3.3.4;1020;476;29;Bahia;9613;2021;95253;Total;6794;Total;9613
Indicador  3.3.4;1020;223;29;Bahia;9613;2021;95253;Total;92956;Homem;9613
Indicador  3.3.4;1020;253;29;Bahia;9613;2021;95253;Total;92957;Mulher;9613
Indicador  3.3.4;1020;7;29;Bahia;9613;2021;1140;0 a 4 anos;6794;Total;9613
Indicador  3.3.4;1020;4;29;Bahia;9613;2021;1140;0 a 4 anos;92956;Homem;9613
Indicador  3.3.4;1020;3;29;Bahia;9613;2021;1140;0 a 4 anos;92957;Mulher;9613
Indicador  3.3.4;1020;0;29;Bahia;9613;2021;1141;5 a 9 anos;6794;Total;9613
Indicador  3.3.4;1020;0;29;Bahia;9613;2021;1141;5 a 9 anos;92956;Homem;9613
Indicador  3.3.4;1020;0;29;Bahia;9613;2021;1141;5 a 9 anos;92957;Mulher;9613
Indicador  3.3.4;1020;4;29;Bahia;9613;2021;1142;10 a 14 anos;6794;Total;9613
Indicador  3.3.4;1020;3;29;Bahia;9613;2021;1142;10 a 14 anos;92956;Homem;9613
Indicador  3.3.4;1020;1;29;Bahia;9613;2021;1142;10 a 14 anos;92957;Mulher;9613
Indicador  3.3.4;1020;2;29;Bahia;9613;2021;1143;15 a 19 anos;6794;Total;9613
Indicador  3.3.4;1020;0;29;Bahia;9613;2021;1143;15 a 19 anos;92956;Homem;9613
Indicador  3.3.4;1020;2;29;Bahia;9613;2021;1143;15 a 19 anos;92957;Mulher;9613
Indicador  3.3.4;1020;18;29;Bahia;9613;2021;1144;20 a 24 anos;6794;Total;9613
Indicador  3.3.4;1020;7;29;Bahia;9613;2021;1144;20 a 24 anos;92956;Homem;9613
Indicador  3.3.4;1020;11;29;Bahia;9613;2021;1144;20 a 24 anos;92957;Mulher;9613
Indicador  3.3.4;1020;42;29;Bahia;9613;2021;1145;25 a 29 anos;6794;Total;9613
Indicador  3.3.4;1020;14;29;Bahia;9613;2021;1145;25 a 29 anos;92956;Homem;9613
Indicador  3.3.4;1020;28;29;Bahia;9613;2021;1145;25 a 29 anos;92957;Mulher;9613
Indicador  3.3.4;1020;66;29;Bahia;9613;2021;1146;30 a 34 anos;6794;Total;9613
Indicador  3.3.4;1020;19;29;Bahia;9613;2021;1146;30 a 34 anos;92956;Homem;9613
Indicador  3.3.4;1020;47;29;Bahia;9613;2021;1146;30 a 34 anos;92957;Mulher;9613
Indicador  3.3.4;1020;63;29;Bahia;9613;2021;1147;35 a 39 anos;6794;Total;9613
Indicador  3.3.4;1020;26;29;Bahia;9613;2021;1147;35 a 39 anos;92956;Homem;9613
Indicador  3.3.4;1020;37;29;Bahia;9613;2021;1147;35 a 39 anos;92957;Mulher;9613
Indicador  3.3.4;1020;80;29;Bahia;9613;2021;1148;40 a 44 anos;6794;Total;9613
Indicador  3.3.4;1020;42;29;Bahia;9613;2021;1148;40 a 44 anos;92956;Homem;9613
Indicador  3.3.4;1020;38;29;Bahia;9613;2021;1148;40 a 44 anos;92957;Mulher;9613
Indicador  3.3.4;1020;54;29;Bahia;9613;2021;1149;45 a 49 anos;6794;Total;9613
Indicador  3.3.4;1020;31;29;Bahia;9613;2021;1149;45 a 49 anos;92956;Homem;9613
Indicador  3.3.4;1020;23;29;Bahia;9613;2021;1149;45 a 49 anos;92957;Mulher;9613
Indicador  3.3.4;1020;44;29;Bahia;9613;2021;1150;50 a 54 anos;6794;Total;9613
Indicador  3.3.4;1020;21;29;Bahia;9613;2021;1150;50 a 54 anos;92956;Homem;9613
Indicador  3.3.4;1020;23;29;Bahia;9613;2021;1150;50 a 54 anos;92957;Mulher;9613
Indicador  3.3.4;1020;33;29;Bahia;9613;2021;1151;55 a 59 anos;6794;Total;9613
Indicador  3.3.4;1020;18;29;Bahia;9613;2021;1151;55 a 59 anos;92956;Homem;9613
Indicador  3.3.4;1020;15;29;Bahia;9613;2021;1151;55 a 59 anos;92957;Mulher;9613
Indicador  3.3.4;1020;63;29;Bahia;9613;2021;3302;60 anos ou mais;6794;Total;9613
Indicador  3.3.4;1020;38;29;Bahia;9613;2021;3302;60 anos ou mais;92956;Homem;9613
Indicador  3.3.4;1020;25;29;Bahia;9613;2021;3302;60 anos ou mais;92957;Mulher;9613
Indicador  3.3.4;1020;456;29;Bahia;9613;2022;95253;Total;6794;Total;9613
Indicador  3.3.4;1020;207;29;Bahia;9613;2022;95253;Total;92956;Homem;9613
Indicador  3.3.4;1020;249;29;Bahia;9613;2022;95253;Total;92957;Mulher;9613
Indicador  3.3.4;1020;6;29;Bahia;9613;2022;1140;0 a 4 anos;6794;Total;9613
Indicador  3.3.4;1020;3;29;Bahia;9613;2022;1140;0 a 4 anos;92956;Homem;9613
Indicador  3.3.4;1020;3;29;Bahia;9613;2022;1140;0 a 4 anos;92957;Mulher;9613
Indicador  3.3.4;1020;2;29;Bahia;9613;2022;1141;5 a 9 anos;6794;Total;9613
Indicador  3.3.4;1020;1;29;Bahia;9613;2022;1141;5 a 9 anos;92956;Homem;9613
Indicador  3.3.4;1020;1;29;Bahia;9613;2022;1141;5 a 9 anos;92957;Mulher;9613
Indicador  3.3.4;1020;0;29;Bahia;9613;2022;1142;10 a 14 anos;6794;Total;9613
Indicador  3.3.4;1020;0;29;Bahia;9613;2022;1142;10 a 14 anos;92956;Homem;9613
Indicador  3.3.4;1020;0;29;Bahia;9613;2022;1142;10 a 14 anos;92957;Mulher;9613
Indicador  3.3.4;1020;8;29;Bahia;9613;2022;1143;15 a 19 anos;6794;Total;9613
Indicador  3.3.4;1020;0;29;Bahia;9613;2022;1143;15 a 19 anos;92956;Homem;9613
Indicador  3.3.4;1020;8;29;Bahia;9613;2022;1143;15 a 19 anos;92957;Mulher;9613
Indicador  3.3.4;1020;26;29;Bahia;9613;2022;1144;20 a 24 anos;6794;Total;9613
Indicador  3.3.4;1020;11;29;Bahia;9613;2022;1144;20 a 24 anos;92956;Homem;9613
Indicador  3.3.4;1020;15;29;Bahia;9613;2022;1144;20 a 24 anos;92957;Mulher;9613
Indicador  3.3.4;1020;52;29;Bahia;9613;2022;1145;25 a 29 anos;6794;Total;9613
Indicador  3.3.4;1020;17;29;Bahia;9613;2022;1145;25 a 29 anos;92956;Homem;9613
Indicador  3.3.4;1020;35;29;Bahia;9613;2022;1145;25 a 29 anos;92957;Mulher;9613
Indicador  3.3.4;1020;49;29;Bahia;9613;2022;1146;30 a 34 anos;6794;Total;9613
Indicador  3.3.4;1020;16;29;Bahia;9613;2022;1146;30 a 34 anos;92956;Homem;9613
Indicador  3.3.4;1020;33;29;Bahia;9613;2022;1146;30 a 34 anos;92957;Mulher;9613
Indicador  3.3.4;1020;70;29;Bahia;9613;2022;1147;35 a 39 anos;6794;Total;9613
Indicador  3.3.4;1020;27;29;Bahia;9613;2022;1147;35 a 39 anos;92956;Homem;9613
Indicador  3.3.4;1020;43;29;Bahia;9613;2022;1147;35 a 39 anos;92957;Mulher;9613
Indicador  3.3.4;1020;67;29;Bahia;9613;2022;1148;40 a 44 anos;6794;Total;9613
Indicador  3.3.4;1020;39;29;Bahia;9613;2022;1148;40 a 44 anos;92956;Homem;9613
Indicador  3.3.4;1020;28;29;Bahia;9613;2022;1148;40 a 44 anos;92957;Mulher;9613
Indicador  3.3.4;1020;49;29;Bahia;9613;2022;1149;45 a 49 anos;6794;Total;9613
Indicador  3.3.4;1020;26;29;Bahia;9613;2022;1149;45 a 49 anos;92956;Homem;9613
Indicador  3.3.4;1020;23;29;Bahia;9613;2022;1149;45 a 49 anos;92957;Mulher;9613
Indicador  3.3.4;1020;33;29;Bahia;9613;2022;1150;50 a 54 anos;6794;Total;9613
Indicador  3.3.4;1020;13;29;Bahia;9613;2022;1150;50 a 54 anos;92956;Homem;9613
Indicador  3.3.4;1020;20;29;Bahia;9613;2022;1150;50 a 54 anos;92957;Mulher;9613
Indicador  3.3.4;1020;36;29;Bahia;9613;2022;1151;55 a 59 anos;6794;Total;9613
Indicador  3.3.4;1020;21;29;Bahia;9613;2022;1151;55 a 59 anos;92956;Homem;9613
Indicador  3.3.4;1020;15;29;Bahia;9613;2022;1151;55 a 59 anos;92957;Mulher;9613
Indicador  3.3.4;1020;58;29;Bahia;9613;2022;3302;60 anos ou mais;6794;Total;9613
Indicador  3.3.4;1020;33;29;Bahia;9613;2022;3302;60 anos ou mais;92956;Homem;9613
Indicador  3.3.4;1020;25;29;Bahia;9613;2022;3302;60 anos ou mais;92957;Mulher;9613
Indicador  3.3.4;1020;890;31;Minas Gerais;9613;2018;95253;Total;6794;Total;9613
Indicador  3.3.4;1020;525;31;Minas Gerais;9613;2018;95253;Total;92956;Homem;9613
Indicador  3.3.4;1020;365;31;Minas Gerais;9613;2018;95253;Total;92957;Mulher;9613
Indicador  3.3.4;1020;12;31;Minas Gerais;9613;2018;1140;0 a 4 anos;6794;Total;9613
Indicador  3.3.4;1020;5;31;Minas Gerais;9613;2018;1140;0 a 4 anos;92956;Homem;9613
Indicador  3.3.4;1020;7;31;Minas Gerais;9613;2018;1140;0 a 4 anos;92957;Mulher;9613
Indicador  3.3.4;1020;0;31;Minas Gerais;9613;2018;1141;5 a 9 anos;6794;Total;9613
Indicador  3.3.4;1020;0;31;Minas Gerais;9613;2018;1141;5 a 9 anos;92956;Homem;9613
Indicador  3.3.4;1020;0;31;Minas Gerais;9613;2018;1141;5 a 9 anos;92957;Mulher;9613
Indicador  3.3.4;1020;1;31;Minas Gerais;9613;2018;1142;10 a 14 anos;6794;Total;9613
Indicador  3.3.4;1020;0;31;Minas Gerais;9613;2018;1142;10 a 14 anos;92956;Homem;9613
Indicador  3.3.4;1020;1;31;Minas Gerais;9613;2018;1142;10 a 14 anos;92957;Mulher;9613
Indicador  3.3.4;1020;14;31;Minas Gerais;9613;2018;1143;15 a 19 anos;6794;Total;9613
Indicador  3.3.4;1020;3;31;Minas Gerais;9613;2018;1143;15 a 19 anos;92956;Homem;9613
Indicador  3.3.4;1020;11;31;Minas Gerais;9613;2018;1143;15 a 19 anos;92957;Mulher;9613
Indicador  3.3.4;1020;65;31;Minas Gerais;9613;2018;1144;20 a 24 anos;6794;Total;9613
Indicador  3.3.4;1020;26;31;Minas Gerais;9613;2018;1144;20 a 24 anos;92956;Homem;9613
Indicador  3.3.4;1020;39;31;Minas Gerais;9613;2018;1144;20 a 24 anos;92957;Mulher;9613
Indicador  3.3.4;1020;101;31;Minas Gerais;9613;2018;1145;25 a 29 anos;6794;Total;9613
Indicador  3.3.4;1020;58;31;Minas Gerais;9613;2018;1145;25 a 29 anos;92956;Homem;9613
Indicador  3.3.4;1020;43;31;Minas Gerais;9613;2018;1145;25 a 29 anos;92957;Mulher;9613
Indicador  3.3.4;1020;111;31;Minas Gerais;9613;2018;1146;30 a 34 anos;6794;Total;9613
Indicador  3.3.4;1020;69;31;Minas Gerais;9613;2018;1146;30 a 34 anos;92956;Homem;9613
Indicador  3.3.4;1020;42;31;Minas Gerais;9613;2018;1146;30 a 34 anos;92957;Mulher;9613
Indicador  3.3.4;1020;98;31;Minas Gerais;9613;2018;1147;35 a 39 anos;6794;Total;9613
Indicador  3.3.4;1020;51;31;Minas Gerais;9613;2018;1147;35 a 39 anos;92956;Homem;9613
Indicador  3.3.4;1020;47;31;Minas Gerais;9613;2018;1147;35 a 39 anos;92957;Mulher;9613
Indicador  3.3.4;1020;96;31;Minas Gerais;9613;2018;1148;40 a 44 anos;6794;Total;9613
Indicador  3.3.4;1020;70;31;Minas Gerais;9613;2018;1148;40 a 44 anos;92956;Homem;9613
Indicador  3.3.4;1020;26;31;Minas Gerais;9613;2018;1148;40 a 44 anos;92957;Mulher;9613
Indicador  3.3.4;1020;99;31;Minas Gerais;9613;2018;1149;45 a 49 anos;6794;Total;9613
Indicador  3.3.4;1020;58;31;Minas Gerais;9613;2018;1149;45 a 49 anos;92956;Homem;9613
Indicador  3.3.4;1020;41;31;Minas Gerais;9613;2018;1149;45 a 49 anos;92957;Mulher;9613
Indicador  3.3.4;1020;90;31;Minas Gerais;9613;2018;1150;50 a 54 anos;6794;Total;9613
Indicador  3.3.4;1020;55;31;Minas Gerais;9613;2018;1150;50 a 54 anos;92956;Homem;9613
Indicador  3.3.4;1020;35;31;Minas Gerais;9613;2018;1150;50 a 54 anos;92957;Mulher;9613
Indicador  3.3.4;1020;68;31;Minas Gerais;9613;2018;1151;55 a 59 anos;6794;Total;9613
Indicador  3.3.4;1020;39;31;Minas Gerais;9613;2018;1151;55 a 59 anos;92956;Homem;9613
Indicador  3.3.4;1020;29;31;Minas Gerais;9613;2018;1151;55 a 59 anos;92957;Mulher;9613
Indicador  3.3.4;1020;135;31;Minas Gerais;9613;2018;3302;60 anos ou mais;6794;Total;9613
Indicador  3.3.4;1020;91;31;Minas Gerais;9613;2018;3302;60 anos ou mais;92956;Homem;9613
Indicador  3.3.4;1020;44;31;Minas Gerais;9613;2018;3302;60 anos ou mais;92957;Mulher;9613
Indicador  3.3.4;1020;801;31;Minas Gerais;9613;2019;95253;Total;6794;Total;9613
Indicador  3.3.4;1020;447;31;Minas Gerais;9613;2019;95253;Total;92956;Homem;9613
Indicador  3.3.4;1020;354;31;Minas Gerais;9613;2019;95253;Total;92957;Mulher;9613
Indicador  3.3.4;1020;2;31;Minas Gerais;9613;2019;1140;0 a 4 anos;6794;Total;9613
Indicador  3.3.4;1020;2;31;Minas Gerais;9613;2019;1140;0 a 4 anos;92956;Homem;9613
Indicador  3.3.4;1020;0;31;Minas Gerais;9613;2019;1140;0 a 4 anos;92957;Mulher;9613
Indicador  3.3.4;1020;0;31;Minas Gerais;9613;2019;1141;5 a 9 anos;6794;Total;9613
Indicador  3.3.4;1020;0;31;Minas Gerais;9613;2019;1141;5 a 9 anos;92956;Homem;9613
Indicador  3.3.4;1020;0;31;Minas Gerais;9613;2019;1141;5 a 9 anos;92957;Mulher;9613
Indicador  3.3.4;1020;3;31;Minas Gerais;9613;2019;1142;10 a 14 anos;6794;Total;9613
Indicador  3.3.4;1020;2;31;Minas Gerais;9613;2019;1142;10 a 14 anos;92956;Homem;9613
Indicador  3.3.4;1020;1;31;Minas Gerais;9613;2019;1142;10 a 14 anos;92957;Mulher;9613
Indicador  3.3.4;1020;14;31;Minas Gerais;9613;2019;1143;15 a 19 anos;6794;Total;9613
Indicador  3.3.4;1020;7;31;Minas Gerais;9613;2019;1143;15 a 19 anos;92956;Homem;9613
Indicador  3.3.4;1020;7;31;Minas Gerais;9613;2019;1143;15 a 19 anos;92957;Mulher;9613
Indicador  3.3.4;1020;51;31;Minas Gerais;9613;2019;1144;20 a 24 anos;6794;Total;9613
Indicador  3.3.4;1020;16;31;Minas Gerais;9613;2019;1144;20 a 24 anos;92956;Homem;9613
Indicador  3.3.4;1020;35;31;Minas Gerais;9613;2019;1144;20 a 24 anos;92957;Mulher;9613
Indicador  3.3.4;1020;78;31;Minas Gerais;9613;2019;1145;25 a 29 anos;6794;Total;9613
Indicador  3.3.4;1020;30;31;Minas Gerais;9613;2019;1145;25 a 29 anos;92956;Homem;9613
Indicador  3.3.4;1020;48;31;Minas Gerais;9613;2019;1145;25 a 29 anos;92957;Mulher;9613
Indicador  3.3.4;1020;104;31;Minas Gerais;9613;2019;1146;30 a 34 anos;6794;Total;9613
Indicador  3.3.4;1020;64;31;Minas Gerais;9613;2019;1146;30 a 34 anos;92956;Homem;9613
Indicador  3.3.4;1020;40;31;Minas Gerais;9613;2019;1146;30 a 34 anos;92957;Mulher;9613
Indicador  3.3.4;1020;114;31;Minas Gerais;9613;2019;1147;35 a 39 anos;6794;Total;9613
Indicador  3.3.4;1020;69;31;Minas Gerais;9613;2019;1147;35 a 39 anos;92956;Homem;9613
Indicador  3.3.4;1020;45;31;Minas Gerais;9613;2019;1147;35 a 39 anos;92957;Mulher;9613
Indicador  3.3.4;1020;81;31;Minas Gerais;9613;2019;1148;40 a 44 anos;6794;Total;9613
Indicador  3.3.4;1020;45;31;Minas Gerais;9613;2019;1148;40 a 44 anos;92956;Homem;9613
Indicador  3.3.4;1020;36;31;Minas Gerais;9613;2019;1148;40 a 44 anos;92957;Mulher;9613
Indicador  3.3.4;1020;94;31;Minas Gerais;9613;2019;1149;45 a 49 anos;6794;Total;9613
Indicador  3.3.4;1020;52;31;Minas Gerais;9613;2019;1149;45 a 49 anos;92956;Homem;9613
Indicador  3.3.4;1020;42;31;Minas Gerais;9613;2019;1149;45 a 49 anos;92957;Mulher;9613
Indicador  3.3.4;1020;70;31;Minas Gerais;9613;2019;1150;50 a 54 anos;6794;Total;9613
Indicador  3.3.4;1020;43;31;Minas Gerais;9613;2019;1150;50 a 54 anos;92956;Homem;9613
Indicador  3.3.4;1020;27;31;Minas Gerais;9613;2019;1150;50 a 54 anos;92957;Mulher;9613
Indicador  3.3.4;1020;62;31;Minas Gerais;9613;2019;1151;55 a 59 anos;6794;Total;9613
Indicador  3.3.4;1020;38;31;Minas Gerais;9613;2019;1151;55 a 59 anos;92956;Homem;9613
Indicador  3.3.4;1020;24;31;Minas Gerais;9613;2019;1151;55 a 59 anos;92957;Mulher;9613
Indicador  3.3.4;1020;128;31;Minas Gerais;9613;2019;3302;60 anos ou mais;6794;Total;9613
Indicador  3.3.4;1020;79;31;Minas Gerais;9613;2019;3302;60 anos ou mais;92956;Homem;9613
Indicador  3.3.4;1020;49;31;Minas Gerais;9613;2019;3302;60 anos ou mais;92957;Mulher;9613
Indicador  3.3.4;1020;426;31;Minas Gerais;9613;2020;95253;Total;6794;Total;9613
Indicador  3.3.4;1020;266;31;Minas Gerais;9613;2020;95253;Total;92956;Homem;9613
Indicador  3.3.4;1020;160;31;Minas Gerais;9613;2020;95253;Total;92957;Mulher;9613
Indicador  3.3.4;1020;2;31;Minas Gerais;9613;2020;1140;0 a 4 anos;6794;Total;9613
Indicador  3.3.4;1020;2;31;Minas Gerais;9613;2020;1140;0 a 4 anos;92956;Homem;9613
Indicador  3.3.4;1020;0;31;Minas Gerais;9613;2020;1140;0 a 4 anos;92957;Mulher;9613
Indicador  3.3.4;1020;0;31;Minas Gerais;9613;2020;1141;5 a 9 anos;6794;Total;9613
Indicador  3.3.4;1020;0;31;Minas Gerais;9613;2020;1141;5 a 9 anos;92956;Homem;9613
Indicador  3.3.4;1020;0;31;Minas Gerais;9613;2020;1141;5 a 9 anos;92957;Mulher;9613
Indicador  3.3.4;1020;0;31;Minas Gerais;9613;2020;1142;10 a 14 anos;6794;Total;9613
Indicador  3.3.4;1020;0;31;Minas Gerais;9613;2020;1142;10 a 14 anos;92956;Homem;9613
Indicador  3.3.4;1020;0;31;Minas Gerais;9613;2020;1142;10 a 14 anos;92957;Mulher;9613
Indicador  3.3.4;1020;7;31;Minas Gerais;9613;2020;1143;15 a 19 anos;6794;Total;9613
Indicador  3.3.4;1020;0;31;Minas Gerais;9613;2020;1143;15 a 19 anos;92956;Homem;9613
Indicador  3.3.4;1020;7;31;Minas Gerais;9613;2020;1143;15 a 19 anos;92957;Mulher;9613
Indicador  3.3.4;1020;13;31;Minas Gerais;9613;2020;1144;20 a 24 anos;6794;Total;9613
Indicador  3.3.4;1020;6;31;Minas Gerais;9613;2020;1144;20 a 24 anos;92956;Homem;9613
Indicador  3.3.4;1020;7;31;Minas Gerais;9613;2020;1144;20 a 24 anos;92957;Mulher;9613
Indicador  3.3.4;1020;36;31;Minas Gerais;9613;2020;1145;25 a 29 anos;6794;Total;9613
Indicador  3.3.4;1020;16;31;Minas Gerais;9613;2020;1145;25 a 29 anos;92956;Homem;9613
Indicador  3.3.4;1020;20;31;Minas Gerais;9613;2020;1145;25 a 29 anos;92957;Mulher;9613
Indicador  3.3.4;1020;46;31;Minas Gerais;9613;2020;1146;30 a 34 anos;6794;Total;9613
Indicador  3.3.4;1020;18;31;Minas Gerais;9613;2020;1146;30 a 34 anos;92956;Homem;9613
Indicador  3.3.4;1020;28;31;Minas Gerais;9613;2020;1146;30 a 34 anos;92957;Mulher;9613
Indicador  3.3.4;1020;68;31;Minas Gerais;9613;2020;1147;35 a 39 anos;6794;Total;9613
Indicador  3.3.4;1020;43;31;Minas Gerais;9613;2020;1147;35 a 39 anos;92956;Homem;9613
Indicador  3.3.4;1020;25;31;Minas Gerais;9613;2020;1147;35 a 39 anos;92957;Mulher;9613
Indicador  3.3.4;1020;50;31;Minas Gerais;9613;2020;1148;40 a 44 anos;6794;Total;9613
Indicador  3.3.4;1020;32;31;Minas Gerais;9613;2020;1148;40 a 44 anos;92956;Homem;9613
Indicador  3.3.4;1020;18;31;Minas Gerais;9613;2020;1148;40 a 44 anos;92957;Mulher;9613
Indicador  3.3.4;1020;51;31;Minas Gerais;9613;2020;1149;45 a 49 anos;6794;Total;9613
Indicador  3.3.4;1020;40;31;Minas Gerais;9613;2020;1149;45 a 49 anos;92956;Homem;9613
Indicador  3.3.4;1020;11;31;Minas Gerais;9613;2020;1149;45 a 49 anos;92957;Mulher;9613
Indicador  3.3.4;1020;46;31;Minas Gerais;9613;2020;1150;50 a 54 anos;6794;Total;9613
Indicador  3.3.4;1020;32;31;Minas Gerais;9613;2020;1150;50 a 54 anos;92956;Homem;9613
Indicador  3.3.4;1020;14;31;Minas Gerais;9613;2020;1150;50 a 54 anos;92957;Mulher;9613
Indicador  3.3.4;1020;34;31;Minas Gerais;9613;2020;1151;55 a 59 anos;6794;Total;9613
Indicador  3.3.4;1020;27;31;Minas Gerais;9613;2020;1151;55 a 59 anos;92956;Homem;9613
Indicador  3.3.4;1020;7;31;Minas Gerais;9613;2020;1151;55 a 59 anos;92957;Mulher;9613
Indicador  3.3.4;1020;73;31;Minas Gerais;9613;2020;3302;60 anos ou mais;6794;Total;9613
Indicador  3.3.4;1020;50;31;Minas Gerais;9613;2020;3302;60 anos ou mais;92956;Homem;9613
Indicador  3.3.4;1020;23;31;Minas Gerais;9613;2020;3302;60 anos ou mais;92957;Mulher;9613
Indicador  3.3.4;1020;529;31;Minas Gerais;9613;2021;95253;Total;6794;Total;9613
Indicador  3.3.4;1020;306;31;Minas Gerais;9613;2021;95253;Total;92956;Homem;9613
Indicador  3.3.4;1020;223;31;Minas Gerais;9613;2021;95253;Total;92957;Mulher;9613
Indicador  3.3.4;1020;6;31;Minas Gerais;9613;2021;1140;0 a 4 anos;6794;Total;9613
Indicador  3.3.4;1020;3;31;Minas Gerais;9613;2021;1140;0 a 4 anos;92956;Homem;9613
Indicador  3.3.4;1020;3;31;Minas Gerais;9613;2021;1140;0 a 4 anos;92957;Mulher;9613
Indicador  3.3.4;1020;0;31;Minas Gerais;9613;2021;1141;5 a 9 anos;6794;Total;9613
Indicador  3.3.4;1020;0;31;Minas Gerais;9613;2021;1141;5 a 9 anos;92956;Homem;9613
Indicador  3.3.4;1020;0;31;Minas Gerais;9613;2021;1141;5 a 9 anos;92957;Mulher;9613
Indicador  3.3.4;1020;2;31;Minas Gerais;9613;2021;1142;10 a 14 anos;6794;Total;9613
Indicador  3.3.4;1020;1;31;Minas Gerais;9613;2021;1142;10 a 14 anos;92956;Homem;9613
Indicador  3.3.4;1020;1;31;Minas Gerais;9613;2021;1142;10 a 14 anos;92957;Mulher;9613
Indicador  3.3.4;1020;6;31;Minas Gerais;9613;2021;1143;15 a 19 anos;6794;Total;9613
Indicador  3.3.4;1020;2;31;Minas Gerais;9613;2021;1143;15 a 19 anos;92956;Homem;9613
Indicador  3.3.4;1020;4;31;Minas Gerais;9613;2021;1143;15 a 19 anos;92957;Mulher;9613
Indicador  3.3.4;1020;20;31;Minas Gerais;9613;2021;1144;20 a 24 anos;6794;Total;9613
Indicador  3.3.4;1020;5;31;Minas Gerais;9613;2021;1144;20 a 24 anos;92956;Homem;9613
Indicador  3.3.4;1020;15;31;Minas Gerais;9613;2021;1144;20 a 24 anos;92957;Mulher;9613
Indicador  3.3.4;1020;46;31;Minas Gerais;9613;2021;1145;25 a 29 anos;6794;Total;9613
Indicador  3.3.4;1020;21;31;Minas Gerais;9613;2021;1145;25 a 29 anos;92956;Homem;9613
Indicador  3.3.4;1020;25;31;Minas Gerais;9613;2021;1145;25 a 29 anos;92957;Mulher;9613
Indicador  3.3.4;1020;52;31;Minas Gerais;9613;2021;1146;30 a 34 anos;6794;Total;9613
Indicador  3.3.4;1020;23;31;Minas Gerais;9613;2021;1146;30 a 34 anos;92956;Homem;9613
Indicador  3.3.4;1020;29;31;Minas Gerais;9613;2021;1146;30 a 34 anos;92957;Mulher;9613
Indicador  3.3.4;1020;64;31;Minas Gerais;9613;2021;1147;35 a 39 anos;6794;Total;9613
Indicador  3.3.4;1020;39;31;Minas Gerais;9613;2021;1147;35 a 39 anos;92956;Homem;9613
Indicador  3.3.4;1020;25;31;Minas Gerais;9613;2021;1147;35 a 39 anos;92957;Mulher;9613
Indicador  3.3.4;1020;74;31;Minas Gerais;9613;2021;1148;40 a 44 anos;6794;Total;9613
Indicador  3.3.4;1020;44;31;Minas Gerais;9613;2021;1148;40 a 44 anos;92956;Homem;9613
Indicador  3.3.4;1020;30;31;Minas Gerais;9613;2021;1148;40 a 44 anos;92957;Mulher;9613
Indicador  3.3.4;1020;63;31;Minas Gerais;9613;2021;1149;45 a 49 anos;6794;Total;9613
Indicador  3.3.4;1020;44;31;Minas Gerais;9613;2021;1149;45 a 49 anos;92956;Homem;9613
Indicador  3.3.4;1020;19;31;Minas Gerais;9613;2021;1149;45 a 49 anos;92957;Mulher;9613
Indicador  3.3.4;1020;50;31;Minas Gerais;9613;2021;1150;50 a 54 anos;6794;Total;9613
Indicador  3.3.4;1020;32;31;Minas Gerais;9613;2021;1150;50 a 54 anos;92956;Homem;9613
Indicador  3.3.4;1020;18;31;Minas Gerais;9613;2021;1150;50 a 54 anos;92957;Mulher;9613
Indicador  3.3.4;1020;53;31;Minas Gerais;9613;2021;1151;55 a 59 anos;6794;Total;9613
Indicador  3.3.4;1020;31;31;Minas Gerais;9613;2021;1151;55 a 59 anos;92956;Homem;9613
Indicador  3.3.4;1020;22;31;Minas Gerais;9613;2021;1151;55 a 59 anos;92957;Mulher;9613
Indicador  3.3.4;1020;93;31;Minas Gerais;9613;2021;3302;60 anos ou mais;6794;Total;9613
Indicador  3.3.4;1020;61;31;Minas Gerais;9613;2021;3302;60 anos ou mais;92956;Homem;9613
Indicador  3.3.4;1020;32;31;Minas Gerais;9613;2021;3302;60 anos ou mais;92957;Mulher;9613
Indicador  3.3.4;1020;459;31;Minas Gerais;9613;2022;95253;Total;6794;Total;9613
Indicador  3.3.4;1020;251;31;Minas Gerais;9613;2022;95253;Total;92956;Homem;9613
Indicador  3.3.4;1020;208;31;Minas Gerais;9613;2022;95253;Total;92957;Mulher;9613
Indicador  3.3.4;1020;6;31;Minas Gerais;9613;2022;1140;0 a 4 anos;6794;Total;9613
Indicador  3.3.4;1020;2;31;Minas Gerais;9613;2022;1140;0 a 4 anos;92956;Homem;9613
Indicador  3.3.4;1020;4;31;Minas Gerais;9613;2022;1140;0 a 4 anos;92957;Mulher;9613
Indicador  3.3.4;1020;1;31;Minas Gerais;9613;2022;1141;5 a 9 anos;6794;Total;9613
Indicador  3.3.4;1020;0;31;Minas Gerais;9613;2022;1141;5 a 9 anos;92956;Homem;9613
Indicador  3.3.4;1020;1;31;Minas Gerais;9613;2022;1141;5 a 9 anos;92957;Mulher;9613
Indicador  3.3.4;1020;1;31;Minas Gerais;9613;2022;1142;10 a 14 anos;6794;Total;9613
Indicador  3.3.4;1020;0;31;Minas Gerais;9613;2022;1142;10 a 14 anos;92956;Homem;9613
Indicador  3.3.4;1020;1;31;Minas Gerais;9613;2022;1142;10 a 14 anos;92957;Mulher;9613
Indicador  3.3.4;1020;5;31;Minas Gerais;9613;2022;1143;15 a 19 anos;6794;Total;9613
Indicador  3.3.4;1020;1;31;Minas Gerais;9613;2022;1143;15 a 19 anos;92956;Homem;9613
Indicador  3.3.4;1020;4;31;Minas Gerais;9613;2022;1143;15 a 19 anos;92957;Mulher;9613
Indicador  3.3.4;1020;13;31;Minas Gerais;9613;2022;1144;20 a 24 anos;6794;Total;9613
Indicador  3.3.4;1020;1;31;Minas Gerais;9613;2022;1144;20 a 24 anos;92956;Homem;9613
Indicador  3.3.4;1020;12;31;Minas Gerais;9613;2022;1144;20 a 24 anos;92957;Mulher;9613
Indicador  3.3.4;1020;26;31;Minas Gerais;9613;2022;1145;25 a 29 anos;6794;Total;9613
Indicador  3.3.4;1020;4;31;Minas Gerais;9613;2022;1145;25 a 29 anos;92956;Homem;9613
Indicador  3.3.4;1020;22;31;Minas Gerais;9613;2022;1145;25 a 29 anos;92957;Mulher;9613
Indicador  3.3.4;1020;57;31;Minas Gerais;9613;2022;1146;30 a 34 anos;6794;Total;9613
Indicador  3.3.4;1020;31;31;Minas Gerais;9613;2022;1146;30 a 34 anos;92956;Homem;9613
Indicador  3.3.4;1020;26;31;Minas Gerais;9613;2022;1146;30 a 34 anos;92957;Mulher;9613
Indicador  3.3.4;1020;47;31;Minas Gerais;9613;2022;1147;35 a 39 anos;6794;Total;9613
Indicador  3.3.4;1020;24;31;Minas Gerais;9613;2022;1147;35 a 39 anos;92956;Homem;9613
Indicador  3.3.4;1020;23;31;Minas Gerais;9613;2022;1147;35 a 39 anos;92957;Mulher;9613
Indicador  3.3.4;1020;69;31;Minas Gerais;9613;2022;1148;40 a 44 anos;6794;Total;9613
Indicador  3.3.4;1020;39;31;Minas Gerais;9613;2022;1148;40 a 44 anos;92956;Homem;9613
Indicador  3.3.4;1020;30;31;Minas Gerais;9613;2022;1148;40 a 44 anos;92957;Mulher;9613
Indicador  3.3.4;1020;47;31;Minas Gerais;9613;2022;1149;45 a 49 anos;6794;Total;9613
Indicador  3.3.4;1020;26;31;Minas Gerais;9613;2022;1149;45 a 49 anos;92956;Homem;9613
Indicador  3.3.4;1020;21;31;Minas Gerais;9613;2022;1149;45 a 49 anos;92957;Mulher;9613
Indicador  3.3.4;1020;40;31;Minas Gerais;9613;2022;1150;50 a 54 anos;6794;Total;9613
Indicador  3.3.4;1020;27;31;Minas Gerais;9613;2022;1150;50 a 54 anos;92956;Homem;9613
Indicador  3.3.4;1020;13;31;Minas Gerais;9613;2022;1150;50 a 54 anos;92957;Mulher;9613
Indicador  3.3.4;1020;42;31;Minas Gerais;9613;2022;1151;55 a 59 anos;6794;Total;9613
Indicador  3.3.4;1020;26;31;Minas Gerais;9613;2022;1151;55 a 59 anos;92956;Homem;9613
Indicador  3.3.4;1020;16;31;Minas Gerais;9613;2022;1151;55 a 59 anos;92957;Mulher;9613
Indicador  3.3.4;1020;105;31;Minas Gerais;9613;2022;3302;60 anos ou mais;6794;Total;9613
Indicador  3.3.4;1020;70;31;Minas Gerais;9613;2022;3302;60 anos ou mais;92956;Homem;9613
Indicador  3.3.4;1020;35;31;Minas Gerais;9613;2022;3302;60 anos ou mais;92957;Mulher;9613
Indicador  3.3.4;1020;328;32;Espírito Santo;9613;2018;95253;Total;6794;Total;9613
Indicador  3.3.4;1020;200;32;Espírito Santo;9613;2018;95253;Total;92956;Homem;9613
Indicador  3.3.4;1020;128;32;Espírito Santo;9613;2018;95253;Total;92957;Mulher;9613
Indicador  3.3.4;1020;3;32;Espírito Santo;9613;2018;1140;0 a 4 anos;6794;Total;9613
Indicador  3.3.4;1020;3;32;Espírito Santo;9613;2018;1140;0 a 4 anos;92956;Homem;9613
Indicador  3.3.4;1020;0;32;Espírito Santo;9613;2018;1140;0 a 4 anos;92957;Mulher;9613
Indicador  3.3.4;1020;0;32;Espírito Santo;9613;2018;1141;5 a 9 anos;6794;Total;9613
Indicador  3.3.4;1020;0;32;Espírito Santo;9613;2018;1141;5 a 9 anos;92956;Homem;9613
Indicador  3.3.4;1020;0;32;Espírito Santo;9613;2018;1141;5 a 9 anos;92957;Mulher;9613
Indicador  3.3.4;1020;0;32;Espírito Santo;9613;2018;1142;10 a 14 anos;6794;Total;9613
Indicador  3.3.4;1020;0;32;Espírito Santo;9613;2018;1142;10 a 14 anos;92956;Homem;9613
Indicador  3.3.4;1020;0;32;Espírito Santo;9613;2018;1142;10 a 14 anos;92957;Mulher;9613
Indicador  3.3.4;1020;2;32;Espírito Santo;9613;2018;1143;15 a 19 anos;6794;Total;9613
Indicador  3.3.4;1020;1;32;Espírito Santo;9613;2018;1143;15 a 19 anos;92956;Homem;9613
Indicador  3.3.4;1020;1;32;Espírito Santo;9613;2018;1143;15 a 19 anos;92957;Mulher;9613
Indicador  3.3.4;1020;8;32;Espírito Santo;9613;2018;1144;20 a 24 anos;6794;Total;9613
Indicador  3.3.4;1020;5;32;Espírito Santo;9613;2018;1144;20 a 24 anos;92956;Homem;9613
Indicador  3.3.4;1020;3;32;Espírito Santo;9613;2018;1144;20 a 24 anos;92957;Mulher;9613
Indicador  3.3.4;1020;29;32;Espírito Santo;9613;2018;1145;25 a 29 anos;6794;Total;9613
Indicador  3.3.4;1020;16;32;Espírito Santo;9613;2018;1145;25 a 29 anos;92956;Homem;9613
Indicador  3.3.4;1020;13;32;Espírito Santo;9613;2018;1145;25 a 29 anos;92957;Mulher;9613
Indicador  3.3.4;1020;52;32;Espírito Santo;9613;2018;1146;30 a 34 anos;6794;Total;9613
Indicador  3.3.4;1020;25;32;Espírito Santo;9613;2018;1146;30 a 34 anos;92956;Homem;9613
Indicador  3.3.4;1020;27;32;Espírito Santo;9613;2018;1146;30 a 34 anos;92957;Mulher;9613
Indicador  3.3.4;1020;40;32;Espírito Santo;9613;2018;1147;35 a 39 anos;6794;Total;9613
Indicador  3.3.4;1020;20;32;Espírito Santo;9613;2018;1147;35 a 39 anos;92956;Homem;9613
Indicador  3.3.4;1020;20;32;Espírito Santo;9613;2018;1147;35 a 39 anos;92957;Mulher;9613
Indicador  3.3.4;1020;36;32;Espírito Santo;9613;2018;1148;40 a 44 anos;6794;Total;9613
Indicador  3.3.4;1020;23;32;Espírito Santo;9613;2018;1148;40 a 44 anos;92956;Homem;9613
Indicador  3.3.4;1020;13;32;Espírito Santo;9613;2018;1148;40 a 44 anos;92957;Mulher;9613
Indicador  3.3.4;1020;38;32;Espírito Santo;9613;2018;1149;45 a 49 anos;6794;Total;9613
Indicador  3.3.4;1020;26;32;Espírito Santo;9613;2018;1149;45 a 49 anos;92956;Homem;9613
Indicador  3.3.4;1020;12;32;Espírito Santo;9613;2018;1149;45 a 49 anos;92957;Mulher;9613
Indicador  3.3.4;1020;35;32;Espírito Santo;9613;2018;1150;50 a 54 anos;6794;Total;9613
Indicador  3.3.4;1020;22;32;Espírito Santo;9613;2018;1150;50 a 54 anos;92956;Homem;9613
Indicador  3.3.4;1020;13;32;Espírito Santo;9613;2018;1150;50 a 54 anos;92957;Mulher;9613
Indicador  3.3.4;1020;26;32;Espírito Santo;9613;2018;1151;55 a 59 anos;6794;Total;9613
Indicador  3.3.4;1020;19;32;Espírito Santo;9613;2018;1151;55 a 59 anos;92956;Homem;9613
Indicador  3.3.4;1020;7;32;Espírito Santo;9613;2018;1151;55 a 59 anos;92957;Mulher;9613
Indicador  3.3.4;1020;59;32;Espírito Santo;9613;2018;3302;60 anos ou mais;6794;Total;9613
Indicador  3.3.4;1020;40;32;Espírito Santo;9613;2018;3302;60 anos ou mais;92956;Homem;9613
Indicador  3.3.4;1020;19;32;Espírito Santo;9613;2018;3302;60 anos ou mais;92957;Mulher;9613
Indicador  3.3.4;1020;274;32;Espírito Santo;9613;2019;95253;Total;6794;Total;9613
Indicador  3.3.4;1020;162;32;Espírito Santo;9613;2019;95253;Total;92956;Homem;9613
Indicador  3.3.4;1020;112;32;Espírito Santo;9613;2019;95253;Total;92957;Mulher;9613
Indicador  3.3.4;1020;5;32;Espírito Santo;9613;2019;1140;0 a 4 anos;6794;Total;9613
Indicador  3.3.4;1020;3;32;Espírito Santo;9613;2019;1140;0 a 4 anos;92956;Homem;9613
Indicador  3.3.4;1020;2;32;Espírito Santo;9613;2019;1140;0 a 4 anos;92957;Mulher;9613
Indicador  3.3.4;1020;0;32;Espírito Santo;9613;2019;1141;5 a 9 anos;6794;Total;9613
Indicador  3.3.4;1020;0;32;Espírito Santo;9613;2019;1141;5 a 9 anos;92956;Homem;9613
Indicador  3.3.4;1020;0;32;Espírito Santo;9613;2019;1141;5 a 9 anos;92957;Mulher;9613
Indicador  3.3.4;1020;0;32;Espírito Santo;9613;2019;1142;10 a 14 anos;6794;Total;9613
Indicador  3.3.4;1020;0;32;Espírito Santo;9613;2019;1142;10 a 14 anos;92956;Homem;9613
Indicador  3.3.4;1020;0;32;Espírito Santo;9613;2019;1142;10 a 14 anos;92957;Mulher;9613
Indicador  3.3.4;1020;2;32;Espírito Santo;9613;2019;1143;15 a 19 anos;6794;Total;9613
Indicador  3.3.4;1020;1;32;Espírito Santo;9613;2019;1143;15 a 19 anos;92956;Homem;9613
Indicador  3.3.4;1020;1;32;Espírito Santo;9613;2019;1143;15 a 19 anos;92957;Mulher;9613
Indicador  3.3.4;1020;10;32;Espírito Santo;9613;2019;1144;20 a 24 anos;6794;Total;9613
Indicador  3.3.4;1020;8;32;Espírito Santo;9613;2019;1144;20 a 24 anos;92956;Homem;9613
Indicador  3.3.4;1020;2;32;Espírito Santo;9613;2019;1144;20 a 24 anos;92957;Mulher;9613
Indicador  3.3.4;1020;15;32;Espírito Santo;9613;2019;1145;25 a 29 anos;6794;Total;9613
Indicador  3.3.4;1020;8;32;Espírito Santo;9613;2019;1145;25 a 29 anos;92956;Homem;9613
Indicador  3.3.4;1020;7;32;Espírito Santo;9613;2019;1145;25 a 29 anos;92957;Mulher;9613
Indicador  3.3.4;1020;26;32;Espírito Santo;9613;2019;1146;30 a 34 anos;6794;Total;9613
Indicador  3.3.4;1020;13;32;Espírito Santo;9613;2019;1146;30 a 34 anos;92956;Homem;9613
Indicador  3.3.4;1020;13;32;Espírito Santo;9613;2019;1146;30 a 34 anos;92957;Mulher;9613
Indicador  3.3.4;1020;46;32;Espírito Santo;9613;2019;1147;35 a 39 anos;6794;Total;9613
Indicador  3.3.4;1020;25;32;Espírito Santo;9613;2019;1147;35 a 39 anos;92956;Homem;9613
Indicador  3.3.4;1020;21;32;Espírito Santo;9613;2019;1147;35 a 39 anos;92957;Mulher;9613
Indicador  3.3.4;1020;34;32;Espírito Santo;9613;2019;1148;40 a 44 anos;6794;Total;9613
Indicador  3.3.4;1020;21;32;Espírito Santo;9613;2019;1148;40 a 44 anos;92956;Homem;9613
Indicador  3.3.4;1020;13;32;Espírito Santo;9613;2019;1148;40 a 44 anos;92957;Mulher;9613
Indicador  3.3.4;1020;38;32;Espírito Santo;9613;2019;1149;45 a 49 anos;6794;Total;9613
Indicador  3.3.4;1020;22;32;Espírito Santo;9613;2019;1149;45 a 49 anos;92956;Homem;9613
Indicador  3.3.4;1020;16;32;Espírito Santo;9613;2019;1149;45 a 49 anos;92957;Mulher;9613
Indicador  3.3.4;1020;33;32;Espírito Santo;9613;2019;1150;50 a 54 anos;6794;Total;9613
Indicador  3.3.4;1020;25;32;Espírito Santo;9613;2019;1150;50 a 54 anos;92956;Homem;9613
Indicador  3.3.4;1020;8;32;Espírito Santo;9613;2019;1150;50 a 54 anos;92957;Mulher;9613
Indicador  3.3.4;1020;23;32;Espírito Santo;9613;2019;1151;55 a 59 anos;6794;Total;9613
Indicador  3.3.4;1020;16;32;Espírito Santo;9613;2019;1151;55 a 59 anos;92956;Homem;9613
Indicador  3.3.4;1020;7;32;Espírito Santo;9613;2019;1151;55 a 59 anos;92957;Mulher;9613
Indicador  3.3.4;1020;42;32;Espírito Santo;9613;2019;3302;60 anos ou mais;6794;Total;9613
Indicador  3.3.4;1020;20;32;Espírito Santo;9613;2019;3302;60 anos ou mais;92956;Homem;9613
Indicador  3.3.4;1020;22;32;Espírito Santo;9613;2019;3302;60 anos ou mais;92957;Mulher;9613
Indicador  3.3.4;1020;112;32;Espírito Santo;9613;2020;95253;Total;6794;Total;9613
Indicador  3.3.4;1020;64;32;Espírito Santo;9613;2020;95253;Total;92956;Homem;9613
Indicador  3.3.4;1020;48;32;Espírito Santo;9613;2020;95253;Total;92957;Mulher;9613
Indicador  3.3.4;1020;0;32;Espírito Santo;9613;2020;1140;0 a 4 anos;6794;Total;9613
Indicador  3.3.4;1020;0;32;Espírito Santo;9613;2020;1140;0 a 4 anos;92956;Homem;9613
Indicador  3.3.4;1020;0;32;Espírito Santo;9613;2020;1140;0 a 4 anos;92957;Mulher;9613
Indicador  3.3.4;1020;0;32;Espírito Santo;9613;2020;1141;5 a 9 anos;6794;Total;9613
Indicador  3.3.4;1020;0;32;Espírito Santo;9613;2020;1141;5 a 9 anos;92956;Homem;9613
Indicador  3.3.4;1020;0;32;Espírito Santo;9613;2020;1141;5 a 9 anos;92957;Mulher;9613
Indicador  3.3.4;1020;0;32;Espírito Santo;9613;2020;1142;10 a 14 anos;6794;Total;9613
Indicador  3.3.4;1020;0;32;Espírito Santo;9613;2020;1142;10 a 14 anos;92956;Homem;9613
Indicador  3.3.4;1020;0;32;Espírito Santo;9613;2020;1142;10 a 14 anos;92957;Mulher;9613
Indicador  3.3.4;1020;1;32;Espírito Santo;9613;2020;1143;15 a 19 anos;6794;Total;9613
Indicador  3.3.4;1020;1;32;Espírito Santo;9613;2020;1143;15 a 19 anos;92956;Homem;9613
Indicador  3.3.4;1020;0;32;Espírito Santo;9613;2020;1143;15 a 19 anos;92957;Mulher;9613
Indicador  3.3.4;1020;5;32;Espírito Santo;9613;2020;1144;20 a 24 anos;6794;Total;9613
Indicador  3.3.4;1020;1;32;Espírito Santo;9613;2020;1144;20 a 24 anos;92956;Homem;9613
Indicador  3.3.4;1020;4;32;Espírito Santo;9613;2020;1144;20 a 24 anos;92957;Mulher;9613
Indicador  3.3.4;1020;11;32;Espírito Santo;9613;2020;1145;25 a 29 anos;6794;Total;9613
Indicador  3.3.4;1020;5;32;Espírito Santo;9613;2020;1145;25 a 29 anos;92956;Homem;9613
Indicador  3.3.4;1020;6;32;Espírito Santo;9613;2020;1145;25 a 29 anos;92957;Mulher;9613
Indicador  3.3.4;1020;14;32;Espírito Santo;9613;2020;1146;30 a 34 anos;6794;Total;9613
Indicador  3.3.4;1020;1;32;Espírito Santo;9613;2020;1146;30 a 34 anos;92956;Homem;9613
Indicador  3.3.4;1020;13;32;Espírito Santo;9613;2020;1146;30 a 34 anos;92957;Mulher;9613
Indicador  3.3.4;1020;19;32;Espírito Santo;9613;2020;1147;35 a 39 anos;6794;Total;9613
Indicador  3.3.4;1020;15;32;Espírito Santo;9613;2020;1147;35 a 39 anos;92956;Homem;9613
Indicador  3.3.4;1020;4;32;Espírito Santo;9613;2020;1147;35 a 39 anos;92957;Mulher;9613
Indicador  3.3.4;1020;12;32;Espírito Santo;9613;2020;1148;40 a 44 anos;6794;Total;9613
Indicador  3.3.4;1020;8;32;Espírito Santo;9613;2020;1148;40 a 44 anos;92956;Homem;9613
Indicador  3.3.4;1020;4;32;Espírito Santo;9613;2020;1148;40 a 44 anos;92957;Mulher;9613
Indicador  3.3.4;1020;7;32;Espírito Santo;9613;2020;1149;45 a 49 anos;6794;Total;9613
Indicador  3.3.4;1020;6;32;Espírito Santo;9613;2020;1149;45 a 49 anos;92956;Homem;9613
Indicador  3.3.4;1020;1;32;Espírito Santo;9613;2020;1149;45 a 49 anos;92957;Mulher;9613
Indicador  3.3.4;1020;13;32;Espírito Santo;9613;2020;1150;50 a 54 anos;6794;Total;9613
Indicador  3.3.4;1020;7;32;Espírito Santo;9613;2020;1150;50 a 54 anos;92956;Homem;9613
Indicador  3.3.4;1020;6;32;Espírito Santo;9613;2020;1150;50 a 54 anos;92957;Mulher;9613
Indicador  3.3.4;1020;7;32;Espírito Santo;9613;2020;1151;55 a 59 anos;6794;Total;9613
Indicador  3.3.4;1020;4;32;Espírito Santo;9613;2020;1151;55 a 59 anos;92956;Homem;9613
Indicador  3.3.4;1020;3;32;Espírito Santo;9613;2020;1151;55 a 59 anos;92957;Mulher;9613
Indicador  3.3.4;1020;23;32;Espírito Santo;9613;2020;3302;60 anos ou mais;6794;Total;9613
Indicador  3.3.4;1020;16;32;Espírito Santo;9613;2020;3302;60 anos ou mais;92956;Homem;9613
Indicador  3.3.4;1020;7;32;Espírito Santo;9613;2020;3302;60 anos ou mais;92957;Mulher;9613
Indicador  3.3.4;1020;193;32;Espírito Santo;9613;2021;95253;Total;6794;Total;9613
Indicador  3.3.4;1020;110;32;Espírito Santo;9613;2021;95253;Total;92956;Homem;9613
Indicador  3.3.4;1020;83;32;Espírito Santo;9613;2021;95253;Total;92957;Mulher;9613
Indicador  3.3.4;1020;0;32;Espírito Santo;9613;2021;1140;0 a 4 anos;6794;Total;9613
Indicador  3.3.4;1020;0;32;Espírito Santo;9613;2021;1140;0 a 4 anos;92956;Homem;9613
Indicador  3.3.4;1020;0;32;Espírito Santo;9613;2021;1140;0 a 4 anos;92957;Mulher;9613
Indicador  3.3.4;1020;0;32;Espírito Santo;9613;2021;1141;5 a 9 anos;6794;Total;9613
Indicador  3.3.4;1020;0;32;Espírito Santo;9613;2021;1141;5 a 9 anos;92956;Homem;9613
Indicador  3.3.4;1020;0;32;Espírito Santo;9613;2021;1141;5 a 9 anos;92957;Mulher;9613
Indicador  3.3.4;1020;0;32;Espírito Santo;9613;2021;1142;10 a 14 anos;6794;Total;9613
Indicador  3.3.4;1020;0;32;Espírito Santo;9613;2021;1142;10 a 14 anos;92956;Homem;9613
Indicador  3.3.4;1020;0;32;Espírito Santo;9613;2021;1142;10 a 14 anos;92957;Mulher;9613
Indicador  3.3.4;1020;0;32;Espírito Santo;9613;2021;1143;15 a 19 anos;6794;Total;9613
Indicador  3.3.4;1020;0;32;Espírito Santo;9613;2021;1143;15 a 19 anos;92956;Homem;9613
Indicador  3.3.4;1020;0;32;Espírito Santo;9613;2021;1143;15 a 19 anos;92957;Mulher;9613
Indicador  3.3.4;1020;2;32;Espírito Santo;9613;2021;1144;20 a 24 anos;6794;Total;9613
Indicador  3.3.4;1020;2;32;Espírito Santo;9613;2021;1144;20 a 24 anos;92956;Homem;9613
Indicador  3.3.4;1020;0;32;Espírito Santo;9613;2021;1144;20 a 24 anos;92957;Mulher;9613
Indicador  3.3.4;1020;12;32;Espírito Santo;9613;2021;1145;25 a 29 anos;6794;Total;9613
Indicador  3.3.4;1020;6;32;Espírito Santo;9613;2021;1145;25 a 29 anos;92956;Homem;9613
Indicador  3.3.4;1020;6;32;Espírito Santo;9613;2021;1145;25 a 29 anos;92957;Mulher;9613
Indicador  3.3.4;1020;20;32;Espírito Santo;9613;2021;1146;30 a 34 anos;6794;Total;9613
Indicador  3.3.4;1020;15;32;Espírito Santo;9613;2021;1146;30 a 34 anos;92956;Homem;9613
Indicador  3.3.4;1020;5;32;Espírito Santo;9613;2021;1146;30 a 34 anos;92957;Mulher;9613
Indicador  3.3.4;1020;24;32;Espírito Santo;9613;2021;1147;35 a 39 anos;6794;Total;9613
Indicador  3.3.4;1020;15;32;Espírito Santo;9613;2021;1147;35 a 39 anos;92956;Homem;9613
Indicador  3.3.4;1020;9;32;Espírito Santo;9613;2021;1147;35 a 39 anos;92957;Mulher;9613
Indicador  3.3.4;1020;32;32;Espírito Santo;9613;2021;1148;40 a 44 anos;6794;Total;9613
Indicador  3.3.4;1020;17;32;Espírito Santo;9613;2021;1148;40 a 44 anos;92956;Homem;9613
Indicador  3.3.4;1020;15;32;Espírito Santo;9613;2021;1148;40 a 44 anos;92957;Mulher;9613
Indicador  3.3.4;1020;27;32;Espírito Santo;9613;2021;1149;45 a 49 anos;6794;Total;9613
Indicador  3.3.4;1020;16;32;Espírito Santo;9613;2021;1149;45 a 49 anos;92956;Homem;9613
Indicador  3.3.4;1020;11;32;Espírito Santo;9613;2021;1149;45 a 49 anos;92957;Mulher;9613
Indicador  3.3.4;1020;12;32;Espírito Santo;9613;2021;1150;50 a 54 anos;6794;Total;9613
Indicador  3.3.4;1020;7;32;Espírito Santo;9613;2021;1150;50 a 54 anos;92956;Homem;9613
Indicador  3.3.4;1020;5;32;Espírito Santo;9613;2021;1150;50 a 54 anos;92957;Mulher;9613
Indicador  3.3.4;1020;23;32;Espírito Santo;9613;2021;1151;55 a 59 anos;6794;Total;9613
Indicador  3.3.4;1020;12;32;Espírito Santo;9613;2021;1151;55 a 59 anos;92956;Homem;9613
Indicador  3.3.4;1020;11;32;Espírito Santo;9613;2021;1151;55 a 59 anos;92957;Mulher;9613
Indicador  3.3.4;1020;41;32;Espírito Santo;9613;2021;3302;60 anos ou mais;6794;Total;9613
Indicador  3.3.4;1020;20;32;Espírito Santo;9613;2021;3302;60 anos ou mais;92956;Homem;9613
Indicador  3.3.4;1020;21;32;Espírito Santo;9613;2021;3302;60 anos ou mais;92957;Mulher;9613
Indicador  3.3.4;1020;195;32;Espírito Santo;9613;2022;95253;Total;6794;Total;9613
Indicador  3.3.4;1020;114;32;Espírito Santo;9613;2022;95253;Total;92956;Homem;9613
Indicador  3.3.4;1020;81;32;Espírito Santo;9613;2022;95253;Total;92957;Mulher;9613
Indicador  3.3.4;1020;0;32;Espírito Santo;9613;2022;1140;0 a 4 anos;6794;Total;9613
Indicador  3.3.4;1020;0;32;Espírito Santo;9613;2022;1140;0 a 4 anos;92956;Homem;9613
Indicador  3.3.4;1020;0;32;Espírito Santo;9613;2022;1140;0 a 4 anos;92957;Mulher;9613
Indicador  3.3.4;1020;1;32;Espírito Santo;9613;2022;1141;5 a 9 anos;6794;Total;9613
Indicador  3.3.4;1020;1;32;Espírito Santo;9613;2022;1141;5 a 9 anos;92956;Homem;9613
Indicador  3.3.4;1020;0;32;Espírito Santo;9613;2022;1141;5 a 9 anos;92957;Mulher;9613
Indicador  3.3.4;1020;0;32;Espírito Santo;9613;2022;1142;10 a 14 anos;6794;Total;9613
Indicador  3.3.4;1020;0;32;Espírito Santo;9613;2022;1142;10 a 14 anos;92956;Homem;9613
Indicador  3.3.4;1020;0;32;Espírito Santo;9613;2022;1142;10 a 14 anos;92957;Mulher;9613
Indicador  3.3.4;1020;1;32;Espírito Santo;9613;2022;1143;15 a 19 anos;6794;Total;9613
Indicador  3.3.4;1020;1;32;Espírito Santo;9613;2022;1143;15 a 19 anos;92956;Homem;9613
Indicador  3.3.4;1020;0;32;Espírito Santo;9613;2022;1143;15 a 19 anos;92957;Mulher;9613
Indicador  3.3.4;1020;4;32;Espírito Santo;9613;2022;1144;20 a 24 anos;6794;Total;9613
Indicador  3.3.4;1020;1;32;Espírito Santo;9613;2022;1144;20 a 24 anos;92956;Homem;9613
Indicador  3.3.4;1020;3;32;Espírito Santo;9613;2022;1144;20 a 24 anos;92957;Mulher;9613
Indicador  3.3.4;1020;17;32;Espírito Santo;9613;2022;1145;25 a 29 anos;6794;Total;9613
Indicador  3.3.4;1020;6;32;Espírito Santo;9613;2022;1145;25 a 29 anos;92956;Homem;9613
Indicador  3.3.4;1020;11;32;Espírito Santo;9613;2022;1145;25 a 29 anos;92957;Mulher;9613
Indicador  3.3.4;1020;24;32;Espírito Santo;9613;2022;1146;30 a 34 anos;6794;Total;9613
Indicador  3.3.4;1020;12;32;Espírito Santo;9613;2022;1146;30 a 34 anos;92956;Homem;9613
Indicador  3.3.4;1020;12;32;Espírito Santo;9613;2022;1146;30 a 34 anos;92957;Mulher;9613
Indicador  3.3.4;1020;27;32;Espírito Santo;9613;2022;1147;35 a 39 anos;6794;Total;9613
Indicador  3.3.4;1020;19;32;Espírito Santo;9613;2022;1147;35 a 39 anos;92956;Homem;9613
Indicador  3.3.4;1020;8;32;Espírito Santo;9613;2022;1147;35 a 39 anos;92957;Mulher;9613
Indicador  3.3.4;1020;20;32;Espírito Santo;9613;2022;1148;40 a 44 anos;6794;Total;9613
Indicador  3.3.4;1020;15;32;Espírito Santo;9613;2022;1148;40 a 44 anos;92956;Homem;9613
Indicador  3.3.4;1020;5;32;Espírito Santo;9613;2022;1148;40 a 44 anos;92957;Mulher;9613
Indicador  3.3.4;1020;22;32;Espírito Santo;9613;2022;1149;45 a 49 anos;6794;Total;9613
Indicador  3.3.4;1020;13;32;Espírito Santo;9613;2022;1149;45 a 49 anos;92956;Homem;9613
Indicador  3.3.4;1020;9;32;Espírito Santo;9613;2022;1149;45 a 49 anos;92957;Mulher;9613
Indicador  3.3.4;1020;18;32;Espírito Santo;9613;2022;1150;50 a 54 anos;6794;Total;9613
Indicador  3.3.4;1020;9;32;Espírito Santo;9613;2022;1150;50 a 54 anos;92956;Homem;9613
Indicador  3.3.4;1020;9;32;Espírito Santo;9613;2022;1150;50 a 54 anos;92957;Mulher;9613
Indicador  3.3.4;1020;20;32;Espírito Santo;9613;2022;1151;55 a 59 anos;6794;Total;9613
Indicador  3.3.4;1020;14;32;Espírito Santo;9613;2022;1151;55 a 59 anos;92956;Homem;9613
Indicador  3.3.4;1020;6;32;Espírito Santo;9613;2022;1151;55 a 59 anos;92957;Mulher;9613
Indicador  3.3.4;1020;41;32;Espírito Santo;9613;2022;3302;60 anos ou mais;6794;Total;9613
Indicador  3.3.4;1020;23;32;Espírito Santo;9613;2022;3302;60 anos ou mais;92956;Homem;9613
Indicador  3.3.4;1020;18;32;Espírito Santo;9613;2022;3302;60 anos ou mais;92957;Mulher;9613
Indicador  3.3.4;1020;455;33;Rio de Janeiro;9613;2018;95253;Total;6794;Total;9613
Indicador  3.3.4;1020;250;33;Rio de Janeiro;9613;2018;95253;Total;92956;Homem;9613
Indicador  3.3.4;1020;202;33;Rio de Janeiro;9613;2018;95253;Total;92957;Mulher;9613
Indicador  3.3.4;1020;6;33;Rio de Janeiro;9613;2018;1140;0 a 4 anos;6794;Total;9613
Indicador  3.3.4;1020;2;33;Rio de Janeiro;9613;2018;1140;0 a 4 anos;92956;Homem;9613
Indicador  3.3.4;1020;4;33;Rio de Janeiro;9613;2018;1140;0 a 4 anos;92957;Mulher;9613
Indicador  3.3.4;1020;0;33;Rio de Janeiro;9613;2018;1141;5 a 9 anos;6794;Total;9613
Indicador  3.3.4;1020;0;33;Rio de Janeiro;9613;2018;1141;5 a 9 anos;92956;Homem;9613
Indicador  3.3.4;1020;0;33;Rio de Janeiro;9613;2018;1141;5 a 9 anos;92957;Mulher;9613
Indicador  3.3.4;1020;0;33;Rio de Janeiro;9613;2018;1142;10 a 14 anos;6794;Total;9613
Indicador  3.3.4;1020;0;33;Rio de Janeiro;9613;2018;1142;10 a 14 anos;92956;Homem;9613
Indicador  3.3.4;1020;0;33;Rio de Janeiro;9613;2018;1142;10 a 14 anos;92957;Mulher;9613
Indicador  3.3.4;1020;8;33;Rio de Janeiro;9613;2018;1143;15 a 19 anos;6794;Total;9613
Indicador  3.3.4;1020;5;33;Rio de Janeiro;9613;2018;1143;15 a 19 anos;92956;Homem;9613
Indicador  3.3.4;1020;3;33;Rio de Janeiro;9613;2018;1143;15 a 19 anos;92957;Mulher;9613
Indicador  3.3.4;1020;27;33;Rio de Janeiro;9613;2018;1144;20 a 24 anos;6794;Total;9613
Indicador  3.3.4;1020;9;33;Rio de Janeiro;9613;2018;1144;20 a 24 anos;92956;Homem;9613
Indicador  3.3.4;1020;18;33;Rio de Janeiro;9613;2018;1144;20 a 24 anos;92957;Mulher;9613
Indicador  3.3.4;1020;43;33;Rio de Janeiro;9613;2018;1145;25 a 29 anos;6794;Total;9613
Indicador  3.3.4;1020;22;33;Rio de Janeiro;9613;2018;1145;25 a 29 anos;92956;Homem;9613
Indicador  3.3.4;1020;20;33;Rio de Janeiro;9613;2018;1145;25 a 29 anos;92957;Mulher;9613
Indicador  3.3.4;1020;42;33;Rio de Janeiro;9613;2018;1146;30 a 34 anos;6794;Total;9613
Indicador  3.3.4;1020;28;33;Rio de Janeiro;9613;2018;1146;30 a 34 anos;92956;Homem;9613
Indicador  3.3.4;1020;14;33;Rio de Janeiro;9613;2018;1146;30 a 34 anos;92957;Mulher;9613
Indicador  3.3.4;1020;63;33;Rio de Janeiro;9613;2018;1147;35 a 39 anos;6794;Total;9613
Indicador  3.3.4;1020;33;33;Rio de Janeiro;9613;2018;1147;35 a 39 anos;92956;Homem;9613
Indicador  3.3.4;1020;29;33;Rio de Janeiro;9613;2018;1147;35 a 39 anos;92957;Mulher;9613
Indicador  3.3.4;1020;59;33;Rio de Janeiro;9613;2018;1148;40 a 44 anos;6794;Total;9613
Indicador  3.3.4;1020;37;33;Rio de Janeiro;9613;2018;1148;40 a 44 anos;92956;Homem;9613
Indicador  3.3.4;1020;22;33;Rio de Janeiro;9613;2018;1148;40 a 44 anos;92957;Mulher;9613
Indicador  3.3.4;1020;56;33;Rio de Janeiro;9613;2018;1149;45 a 49 anos;6794;Total;9613
Indicador  3.3.4;1020;32;33;Rio de Janeiro;9613;2018;1149;45 a 49 anos;92956;Homem;9613
Indicador  3.3.4;1020;24;33;Rio de Janeiro;9613;2018;1149;45 a 49 anos;92957;Mulher;9613
Indicador  3.3.4;1020;53;33;Rio de Janeiro;9613;2018;1150;50 a 54 anos;6794;Total;9613
Indicador  3.3.4;1020;28;33;Rio de Janeiro;9613;2018;1150;50 a 54 anos;92956;Homem;9613
Indicador  3.3.4;1020;25;33;Rio de Janeiro;9613;2018;1150;50 a 54 anos;92957;Mulher;9613
Indicador  3.3.4;1020;25;33;Rio de Janeiro;9613;2018;1151;55 a 59 anos;6794;Total;9613
Indicador  3.3.4;1020;17;33;Rio de Janeiro;9613;2018;1151;55 a 59 anos;92956;Homem;9613
Indicador  3.3.4;1020;7;33;Rio de Janeiro;9613;2018;1151;55 a 59 anos;92957;Mulher;9613
Indicador  3.3.4;1020;73;33;Rio de Janeiro;9613;2018;3302;60 anos ou mais;6794;Total;9613
Indicador  3.3.4;1020;37;33;Rio de Janeiro;9613;2018;3302;60 anos ou mais;92956;Homem;9613
Indicador  3.3.4;1020;36;33;Rio de Janeiro;9613;2018;3302;60 anos ou mais;92957;Mulher;9613
Indicador  3.3.4;1020;594;33;Rio de Janeiro;9613;2019;95253;Total;6794;Total;9613
Indicador  3.3.4;1020;324;33;Rio de Janeiro;9613;2019;95253;Total;92956;Homem;9613
Indicador  3.3.4;1020;270;33;Rio de Janeiro;9613;2019;95253;Total;92957;Mulher;9613
Indicador  3.3.4;1020;3;33;Rio de Janeiro;9613;2019;1140;0 a 4 anos;6794;Total;9613
Indicador  3.3.4;1020;1;33;Rio de Janeiro;9613;2019;1140;0 a 4 anos;92956;Homem;9613
Indicador  3.3.4;1020;2;33;Rio de Janeiro;9613;2019;1140;0 a 4 anos;92957;Mulher;9613
Indicador  3.3.4;1020;0;33;Rio de Janeiro;9613;2019;1141;5 a 9 anos;6794;Total;9613
Indicador  3.3.4;1020;0;33;Rio de Janeiro;9613;2019;1141;5 a 9 anos;92956;Homem;9613
Indicador  3.3.4;1020;0;33;Rio de Janeiro;9613;2019;1141;5 a 9 anos;92957;Mulher;9613
Indicador  3.3.4;1020;3;33;Rio de Janeiro;9613;2019;1142;10 a 14 anos;6794;Total;9613
Indicador  3.3.4;1020;1;33;Rio de Janeiro;9613;2019;1142;10 a 14 anos;92956;Homem;9613
Indicador  3.3.4;1020;2;33;Rio de Janeiro;9613;2019;1142;10 a 14 anos;92957;Mulher;9613
Indicador  3.3.4;1020;6;33;Rio de Janeiro;9613;2019;1143;15 a 19 anos;6794;Total;9613
Indicador  3.3.4;1020;2;33;Rio de Janeiro;9613;2019;1143;15 a 19 anos;92956;Homem;9613
Indicador  3.3.4;1020;4;33;Rio de Janeiro;9613;2019;1143;15 a 19 anos;92957;Mulher;9613
Indicador  3.3.4;1020;36;33;Rio de Janeiro;9613;2019;1144;20 a 24 anos;6794;Total;9613
Indicador  3.3.4;1020;19;33;Rio de Janeiro;9613;2019;1144;20 a 24 anos;92956;Homem;9613
Indicador  3.3.4;1020;17;33;Rio de Janeiro;9613;2019;1144;20 a 24 anos;92957;Mulher;9613
Indicador  3.3.4;1020;57;33;Rio de Janeiro;9613;2019;1145;25 a 29 anos;6794;Total;9613
Indicador  3.3.4;1020;21;33;Rio de Janeiro;9613;2019;1145;25 a 29 anos;92956;Homem;9613
Indicador  3.3.4;1020;36;33;Rio de Janeiro;9613;2019;1145;25 a 29 anos;92957;Mulher;9613
Indicador  3.3.4;1020;60;33;Rio de Janeiro;9613;2019;1146;30 a 34 anos;6794;Total;9613
Indicador  3.3.4;1020;33;33;Rio de Janeiro;9613;2019;1146;30 a 34 anos;92956;Homem;9613
Indicador  3.3.4;1020;27;33;Rio de Janeiro;9613;2019;1146;30 a 34 anos;92957;Mulher;9613
Indicador  3.3.4;1020;83;33;Rio de Janeiro;9613;2019;1147;35 a 39 anos;6794;Total;9613
Indicador  3.3.4;1020;47;33;Rio de Janeiro;9613;2019;1147;35 a 39 anos;92956;Homem;9613
Indicador  3.3.4;1020;36;33;Rio de Janeiro;9613;2019;1147;35 a 39 anos;92957;Mulher;9613
Indicador  3.3.4;1020;69;33;Rio de Janeiro;9613;2019;1148;40 a 44 anos;6794;Total;9613
Indicador  3.3.4;1020;45;33;Rio de Janeiro;9613;2019;1148;40 a 44 anos;92956;Homem;9613
Indicador  3.3.4;1020;24;33;Rio de Janeiro;9613;2019;1148;40 a 44 anos;92957;Mulher;9613
Indicador  3.3.4;1020;72;33;Rio de Janeiro;9613;2019;1149;45 a 49 anos;6794;Total;9613
Indicador  3.3.4;1020;45;33;Rio de Janeiro;9613;2019;1149;45 a 49 anos;92956;Homem;9613
Indicador  3.3.4;1020;27;33;Rio de Janeiro;9613;2019;1149;45 a 49 anos;92957;Mulher;9613
Indicador  3.3.4;1020;64;33;Rio de Janeiro;9613;2019;1150;50 a 54 anos;6794;Total;9613
Indicador  3.3.4;1020;38;33;Rio de Janeiro;9613;2019;1150;50 a 54 anos;92956;Homem;9613
Indicador  3.3.4;1020;26;33;Rio de Janeiro;9613;2019;1150;50 a 54 anos;92957;Mulher;9613
Indicador  3.3.4;1020;51;33;Rio de Janeiro;9613;2019;1151;55 a 59 anos;6794;Total;9613
Indicador  3.3.4;1020;27;33;Rio de Janeiro;9613;2019;1151;55 a 59 anos;92956;Homem;9613
Indicador  3.3.4;1020;24;33;Rio de Janeiro;9613;2019;1151;55 a 59 anos;92957;Mulher;9613
Indicador  3.3.4;1020;90;33;Rio de Janeiro;9613;2019;3302;60 anos ou mais;6794;Total;9613
Indicador  3.3.4;1020;45;33;Rio de Janeiro;9613;2019;3302;60 anos ou mais;92956;Homem;9613
Indicador  3.3.4;1020;45;33;Rio de Janeiro;9613;2019;3302;60 anos ou mais;92957;Mulher;9613
Indicador  3.3.4;1020;313;33;Rio de Janeiro;9613;2020;95253;Total;6794;Total;9613
Indicador  3.3.4;1020;175;33;Rio de Janeiro;9613;2020;95253;Total;92956;Homem;9613
Indicador  3.3.4;1020;138;33;Rio de Janeiro;9613;2020;95253;Total;92957;Mulher;9613
Indicador  3.3.4;1020;1;33;Rio de Janeiro;9613;2020;1140;0 a 4 anos;6794;Total;9613
Indicador  3.3.4;1020;1;33;Rio de Janeiro;9613;2020;1140;0 a 4 anos;92956;Homem;9613
Indicador  3.3.4;1020;0;33;Rio de Janeiro;9613;2020;1140;0 a 4 anos;92957;Mulher;9613
Indicador  3.3.4;1020;0;33;Rio de Janeiro;9613;2020;1141;5 a 9 anos;6794;Total;9613
Indicador  3.3.4;1020;0;33;Rio de Janeiro;9613;2020;1141;5 a 9 anos;92956;Homem;9613
Indicador  3.3.4;1020;0;33;Rio de Janeiro;9613;2020;1141;5 a 9 anos;92957;Mulher;9613
Indicador  3.3.4;1020;2;33;Rio de Janeiro;9613;2020;1142;10 a 14 anos;6794;Total;9613
Indicador  3.3.4;1020;0;33;Rio de Janeiro;9613;2020;1142;10 a 14 anos;92956;Homem;9613
Indicador  3.3.4;1020;2;33;Rio de Janeiro;9613;2020;1142;10 a 14 anos;92957;Mulher;9613
Indicador  3.3.4;1020;4;33;Rio de Janeiro;9613;2020;1143;15 a 19 anos;6794;Total;9613
Indicador  3.3.4;1020;2;33;Rio de Janeiro;9613;2020;1143;15 a 19 anos;92956;Homem;9613
Indicador  3.3.4;1020;2;33;Rio de Janeiro;9613;2020;1143;15 a 19 anos;92957;Mulher;9613
Indicador  3.3.4;1020;22;33;Rio de Janeiro;9613;2020;1144;20 a 24 anos;6794;Total;9613
Indicador  3.3.4;1020;8;33;Rio de Janeiro;9613;2020;1144;20 a 24 anos;92956;Homem;9613
Indicador  3.3.4;1020;14;33;Rio de Janeiro;9613;2020;1144;20 a 24 anos;92957;Mulher;9613
Indicador  3.3.4;1020;26;33;Rio de Janeiro;9613;2020;1145;25 a 29 anos;6794;Total;9613
Indicador  3.3.4;1020;8;33;Rio de Janeiro;9613;2020;1145;25 a 29 anos;92956;Homem;9613
Indicador  3.3.4;1020;18;33;Rio de Janeiro;9613;2020;1145;25 a 29 anos;92957;Mulher;9613
Indicador  3.3.4;1020;37;33;Rio de Janeiro;9613;2020;1146;30 a 34 anos;6794;Total;9613
Indicador  3.3.4;1020;13;33;Rio de Janeiro;9613;2020;1146;30 a 34 anos;92956;Homem;9613
Indicador  3.3.4;1020;24;33;Rio de Janeiro;9613;2020;1146;30 a 34 anos;92957;Mulher;9613
Indicador  3.3.4;1020;31;33;Rio de Janeiro;9613;2020;1147;35 a 39 anos;6794;Total;9613
Indicador  3.3.4;1020;19;33;Rio de Janeiro;9613;2020;1147;35 a 39 anos;92956;Homem;9613
Indicador  3.3.4;1020;12;33;Rio de Janeiro;9613;2020;1147;35 a 39 anos;92957;Mulher;9613
Indicador  3.3.4;1020;38;33;Rio de Janeiro;9613;2020;1148;40 a 44 anos;6794;Total;9613
Indicador  3.3.4;1020;24;33;Rio de Janeiro;9613;2020;1148;40 a 44 anos;92956;Homem;9613
Indicador  3.3.4;1020;14;33;Rio de Janeiro;9613;2020;1148;40 a 44 anos;92957;Mulher;9613
Indicador  3.3.4;1020;44;33;Rio de Janeiro;9613;2020;1149;45 a 49 anos;6794;Total;9613
Indicador  3.3.4;1020;30;33;Rio de Janeiro;9613;2020;1149;45 a 49 anos;92956;Homem;9613
Indicador  3.3.4;1020;14;33;Rio de Janeiro;9613;2020;1149;45 a 49 anos;92957;Mulher;9613
Indicador  3.3.4;1020;32;33;Rio de Janeiro;9613;2020;1150;50 a 54 anos;6794;Total;9613
Indicador  3.3.4;1020;26;33;Rio de Janeiro;9613;2020;1150;50 a 54 anos;92956;Homem;9613
Indicador  3.3.4;1020;6;33;Rio de Janeiro;9613;2020;1150;50 a 54 anos;92957;Mulher;9613
Indicador  3.3.4;1020;24;33;Rio de Janeiro;9613;2020;1151;55 a 59 anos;6794;Total;9613
Indicador  3.3.4;1020;12;33;Rio de Janeiro;9613;2020;1151;55 a 59 anos;92956;Homem;9613
Indicador  3.3.4;1020;12;33;Rio de Janeiro;9613;2020;1151;55 a 59 anos;92957;Mulher;9613
Indicador  3.3.4;1020;52;33;Rio de Janeiro;9613;2020;3302;60 anos ou mais;6794;Total;9613
Indicador  3.3.4;1020;32;33;Rio de Janeiro;9613;2020;3302;60 anos ou mais;92956;Homem;9613
Indicador  3.3.4;1020;20;33;Rio de Janeiro;9613;2020;3302;60 anos ou mais;92957;Mulher;9613
Indicador  3.3.4;1020;345;33;Rio de Janeiro;9613;2021;95253;Total;6794;Total;9613
Indicador  3.3.4;1020;198;33;Rio de Janeiro;9613;2021;95253;Total;92956;Homem;9613
Indicador  3.3.4;1020;147;33;Rio de Janeiro;9613;2021;95253;Total;92957;Mulher;9613
Indicador  3.3.4;1020;2;33;Rio de Janeiro;9613;2021;1140;0 a 4 anos;6794;Total;9613
Indicador  3.3.4;1020;1;33;Rio de Janeiro;9613;2021;1140;0 a 4 anos;92956;Homem;9613
Indicador  3.3.4;1020;1;33;Rio de Janeiro;9613;2021;1140;0 a 4 anos;92957;Mulher;9613
Indicador  3.3.4;1020;0;33;Rio de Janeiro;9613;2021;1141;5 a 9 anos;6794;Total;9613
Indicador  3.3.4;1020;0;33;Rio de Janeiro;9613;2021;1141;5 a 9 anos;92956;Homem;9613
Indicador  3.3.4;1020;0;33;Rio de Janeiro;9613;2021;1141;5 a 9 anos;92957;Mulher;9613
Indicador  3.3.4;1020;0;33;Rio de Janeiro;9613;2021;1142;10 a 14 anos;6794;Total;9613
Indicador  3.3.4;1020;0;33;Rio de Janeiro;9613;2021;1142;10 a 14 anos;92956;Homem;9613
Indicador  3.3.4;1020;0;33;Rio de Janeiro;9613;2021;1142;10 a 14 anos;92957;Mulher;9613
Indicador  3.3.4;1020;5;33;Rio de Janeiro;9613;2021;1143;15 a 19 anos;6794;Total;9613
Indicador  3.3.4;1020;2;33;Rio de Janeiro;9613;2021;1143;15 a 19 anos;92956;Homem;9613
Indicador  3.3.4;1020;3;33;Rio de Janeiro;9613;2021;1143;15 a 19 anos;92957;Mulher;9613
Indicador  3.3.4;1020;15;33;Rio de Janeiro;9613;2021;1144;20 a 24 anos;6794;Total;9613
Indicador  3.3.4;1020;6;33;Rio de Janeiro;9613;2021;1144;20 a 24 anos;92956;Homem;9613
Indicador  3.3.4;1020;9;33;Rio de Janeiro;9613;2021;1144;20 a 24 anos;92957;Mulher;9613
Indicador  3.3.4;1020;38;33;Rio de Janeiro;9613;2021;1145;25 a 29 anos;6794;Total;9613
Indicador  3.3.4;1020;17;33;Rio de Janeiro;9613;2021;1145;25 a 29 anos;92956;Homem;9613
Indicador  3.3.4;1020;21;33;Rio de Janeiro;9613;2021;1145;25 a 29 anos;92957;Mulher;9613
Indicador  3.3.4;1020;35;33;Rio de Janeiro;9613;2021;1146;30 a 34 anos;6794;Total;9613
Indicador  3.3.4;1020;15;33;Rio de Janeiro;9613;2021;1146;30 a 34 anos;92956;Homem;9613
Indicador  3.3.4;1020;20;33;Rio de Janeiro;9613;2021;1146;30 a 34 anos;92957;Mulher;9613
Indicador  3.3.4;1020;41;33;Rio de Janeiro;9613;2021;1147;35 a 39 anos;6794;Total;9613
Indicador  3.3.4;1020;24;33;Rio de Janeiro;9613;2021;1147;35 a 39 anos;92956;Homem;9613
Indicador  3.3.4;1020;17;33;Rio de Janeiro;9613;2021;1147;35 a 39 anos;92957;Mulher;9613
Indicador  3.3.4;1020;42;33;Rio de Janeiro;9613;2021;1148;40 a 44 anos;6794;Total;9613
Indicador  3.3.4;1020;29;33;Rio de Janeiro;9613;2021;1148;40 a 44 anos;92956;Homem;9613
Indicador  3.3.4;1020;13;33;Rio de Janeiro;9613;2021;1148;40 a 44 anos;92957;Mulher;9613
Indicador  3.3.4;1020;36;33;Rio de Janeiro;9613;2021;1149;45 a 49 anos;6794;Total;9613
Indicador  3.3.4;1020;22;33;Rio de Janeiro;9613;2021;1149;45 a 49 anos;92956;Homem;9613
Indicador  3.3.4;1020;14;33;Rio de Janeiro;9613;2021;1149;45 a 49 anos;92957;Mulher;9613
Indicador  3.3.4;1020;45;33;Rio de Janeiro;9613;2021;1150;50 a 54 anos;6794;Total;9613
Indicador  3.3.4;1020;30;33;Rio de Janeiro;9613;2021;1150;50 a 54 anos;92956;Homem;9613
Indicador  3.3.4;1020;15;33;Rio de Janeiro;9613;2021;1150;50 a 54 anos;92957;Mulher;9613
Indicador  3.3.4;1020;34;33;Rio de Janeiro;9613;2021;1151;55 a 59 anos;6794;Total;9613
Indicador  3.3.4;1020;18;33;Rio de Janeiro;9613;2021;1151;55 a 59 anos;92956;Homem;9613
Indicador  3.3.4;1020;16;33;Rio de Janeiro;9613;2021;1151;55 a 59 anos;92957;Mulher;9613
Indicador  3.3.4;1020;52;33;Rio de Janeiro;9613;2021;3302;60 anos ou mais;6794;Total;9613
Indicador  3.3.4;1020;34;33;Rio de Janeiro;9613;2021;3302;60 anos ou mais;92956;Homem;9613
Indicador  3.3.4;1020;18;33;Rio de Janeiro;9613;2021;3302;60 anos ou mais;92957;Mulher;9613
Indicador  3.3.4;1020;365;33;Rio de Janeiro;9613;2022;95253;Total;6794;Total;9613
Indicador  3.3.4;1020;220;33;Rio de Janeiro;9613;2022;95253;Total;92956;Homem;9613
Indicador  3.3.4;1020;145;33;Rio de Janeiro;9613;2022;95253;Total;92957;Mulher;9613
Indicador  3.3.4;1020;6;33;Rio de Janeiro;9613;2022;1140;0 a 4 anos;6794;Total;9613
Indicador  3.3.4;1020;4;33;Rio de Janeiro;9613;2022;1140;0 a 4 anos;92956;Homem;9613
Indicador  3.3.4;1020;2;33;Rio de Janeiro;9613;2022;1140;0 a 4 anos;92957;Mulher;9613
Indicador  3.3.4;1020;1;33;Rio de Janeiro;9613;2022;1141;5 a 9 anos;6794;Total;9613
Indicador  3.3.4;1020;0;33;Rio de Janeiro;9613;2022;1141;5 a 9 anos;92956;Homem;9613
Indicador  3.3.4;1020;1;33;Rio de Janeiro;9613;2022;1141;5 a 9 anos;92957;Mulher;9613
Indicador  3.3.4;1020;1;33;Rio de Janeiro;9613;2022;1142;10 a 14 anos;6794;Total;9613
Indicador  3.3.4;1020;0;33;Rio de Janeiro;9613;2022;1142;10 a 14 anos;92956;Homem;9613
Indicador  3.3.4;1020;1;33;Rio de Janeiro;9613;2022;1142;10 a 14 anos;92957;Mulher;9613
Indicador  3.3.4;1020;9;33;Rio de Janeiro;9613;2022;1143;15 a 19 anos;6794;Total;9613
Indicador  3.3.4;1020;4;33;Rio de Janeiro;9613;2022;1143;15 a 19 anos;92956;Homem;9613
Indicador  3.3.4;1020;5;33;Rio de Janeiro;9613;2022;1143;15 a 19 anos;92957;Mulher;9613
Indicador  3.3.4;1020;11;33;Rio de Janeiro;9613;2022;1144;20 a 24 anos;6794;Total;9613
Indicador  3.3.4;1020;3;33;Rio de Janeiro;9613;2022;1144;20 a 24 anos;92956;Homem;9613
Indicador  3.3.4;1020;8;33;Rio de Janeiro;9613;2022;1144;20 a 24 anos;92957;Mulher;9613
Indicador  3.3.4;1020;36;33;Rio de Janeiro;9613;2022;1145;25 a 29 anos;6794;Total;9613
Indicador  3.3.4;1020;17;33;Rio de Janeiro;9613;2022;1145;25 a 29 anos;92956;Homem;9613
Indicador  3.3.4;1020;19;33;Rio de Janeiro;9613;2022;1145;25 a 29 anos;92957;Mulher;9613
Indicador  3.3.4;1020;39;33;Rio de Janeiro;9613;2022;1146;30 a 34 anos;6794;Total;9613
Indicador  3.3.4;1020;21;33;Rio de Janeiro;9613;2022;1146;30 a 34 anos;92956;Homem;9613
Indicador  3.3.4;1020;18;33;Rio de Janeiro;9613;2022;1146;30 a 34 anos;92957;Mulher;9613
Indicador  3.3.4;1020;37;33;Rio de Janeiro;9613;2022;1147;35 a 39 anos;6794;Total;9613
Indicador  3.3.4;1020;21;33;Rio de Janeiro;9613;2022;1147;35 a 39 anos;92956;Homem;9613
Indicador  3.3.4;1020;16;33;Rio de Janeiro;9613;2022;1147;35 a 39 anos;92957;Mulher;9613
Indicador  3.3.4;1020;65;33;Rio de Janeiro;9613;2022;1148;40 a 44 anos;6794;Total;9613
Indicador  3.3.4;1020;45;33;Rio de Janeiro;9613;2022;1148;40 a 44 anos;92956;Homem;9613
Indicador  3.3.4;1020;20;33;Rio de Janeiro;9613;2022;1148;40 a 44 anos;92957;Mulher;9613
Indicador  3.3.4;1020;36;33;Rio de Janeiro;9613;2022;1149;45 a 49 anos;6794;Total;9613
Indicador  3.3.4;1020;28;33;Rio de Janeiro;9613;2022;1149;45 a 49 anos;92956;Homem;9613
Indicador  3.3.4;1020;8;33;Rio de Janeiro;9613;2022;1149;45 a 49 anos;92957;Mulher;9613
Indicador  3.3.4;1020;40;33;Rio de Janeiro;9613;2022;1150;50 a 54 anos;6794;Total;9613
Indicador  3.3.4;1020;27;33;Rio de Janeiro;9613;2022;1150;50 a 54 anos;92956;Homem;9613
Indicador  3.3.4;1020;13;33;Rio de Janeiro;9613;2022;1150;50 a 54 anos;92957;Mulher;9613
Indicador  3.3.4;1020;24;33;Rio de Janeiro;9613;2022;1151;55 a 59 anos;6794;Total;9613
Indicador  3.3.4;1020;13;33;Rio de Janeiro;9613;2022;1151;55 a 59 anos;92956;Homem;9613
Indicador  3.3.4;1020;11;33;Rio de Janeiro;9613;2022;1151;55 a 59 anos;92957;Mulher;9613
Indicador  3.3.4;1020;60;33;Rio de Janeiro;9613;2022;3302;60 anos ou mais;6794;Total;9613
Indicador  3.3.4;1020;37;33;Rio de Janeiro;9613;2022;3302;60 anos ou mais;92956;Homem;9613
Indicador  3.3.4;1020;23;33;Rio de Janeiro;9613;2022;3302;60 anos ou mais;92957;Mulher;9613
Indicador  3.3.4;1020;2753;35;São Paulo;9613;2018;95253;Total;6794;Total;9613
Indicador  3.3.4;1020;1582;35;São Paulo;9613;2018;95253;Total;92956;Homem;9613
Indicador  3.3.4;1020;1170;35;São Paulo;9613;2018;95253;Total;92957;Mulher;9613
Indicador  3.3.4;1020;7;35;São Paulo;9613;2018;1140;0 a 4 anos;6794;Total;9613
Indicador  3.3.4;1020;2;35;São Paulo;9613;2018;1140;0 a 4 anos;92956;Homem;9613
Indicador  3.3.4;1020;5;35;São Paulo;9613;2018;1140;0 a 4 anos;92957;Mulher;9613
Indicador  3.3.4;1020;4;35;São Paulo;9613;2018;1141;5 a 9 anos;6794;Total;9613
Indicador  3.3.4;1020;1;35;São Paulo;9613;2018;1141;5 a 9 anos;92956;Homem;9613
Indicador  3.3.4;1020;3;35;São Paulo;9613;2018;1141;5 a 9 anos;92957;Mulher;9613
Indicador  3.3.4;1020;4;35;São Paulo;9613;2018;1142;10 a 14 anos;6794;Total;9613
Indicador  3.3.4;1020;3;35;São Paulo;9613;2018;1142;10 a 14 anos;92956;Homem;9613
Indicador  3.3.4;1020;1;35;São Paulo;9613;2018;1142;10 a 14 anos;92957;Mulher;9613
Indicador  3.3.4;1020;44;35;São Paulo;9613;2018;1143;15 a 19 anos;6794;Total;9613
Indicador  3.3.4;1020;10;35;São Paulo;9613;2018;1143;15 a 19 anos;92956;Homem;9613
Indicador  3.3.4;1020;34;35;São Paulo;9613;2018;1143;15 a 19 anos;92957;Mulher;9613
Indicador  3.3.4;1020;199;35;São Paulo;9613;2018;1144;20 a 24 anos;6794;Total;9613
Indicador  3.3.4;1020;82;35;São Paulo;9613;2018;1144;20 a 24 anos;92956;Homem;9613
Indicador  3.3.4;1020;117;35;São Paulo;9613;2018;1144;20 a 24 anos;92957;Mulher;9613
Indicador  3.3.4;1020;282;35;São Paulo;9613;2018;1145;25 a 29 anos;6794;Total;9613
Indicador  3.3.4;1020;142;35;São Paulo;9613;2018;1145;25 a 29 anos;92956;Homem;9613
Indicador  3.3.4;1020;140;35;São Paulo;9613;2018;1145;25 a 29 anos;92957;Mulher;9613
Indicador  3.3.4;1020;338;35;São Paulo;9613;2018;1146;30 a 34 anos;6794;Total;9613
Indicador  3.3.4;1020;194;35;São Paulo;9613;2018;1146;30 a 34 anos;92956;Homem;9613
Indicador  3.3.4;1020;144;35;São Paulo;9613;2018;1146;30 a 34 anos;92957;Mulher;9613
Indicador  3.3.4;1020;334;35;São Paulo;9613;2018;1147;35 a 39 anos;6794;Total;9613
Indicador  3.3.4;1020;193;35;São Paulo;9613;2018;1147;35 a 39 anos;92956;Homem;9613
Indicador  3.3.4;1020;141;35;São Paulo;9613;2018;1147;35 a 39 anos;92957;Mulher;9613
Indicador  3.3.4;1020;310;35;São Paulo;9613;2018;1148;40 a 44 anos;6794;Total;9613
Indicador  3.3.4;1020;201;35;São Paulo;9613;2018;1148;40 a 44 anos;92956;Homem;9613
Indicador  3.3.4;1020;109;35;São Paulo;9613;2018;1148;40 a 44 anos;92957;Mulher;9613
Indicador  3.3.4;1020;305;35;São Paulo;9613;2018;1149;45 a 49 anos;6794;Total;9613
Indicador  3.3.4;1020;188;35;São Paulo;9613;2018;1149;45 a 49 anos;92956;Homem;9613
Indicador  3.3.4;1020;117;35;São Paulo;9613;2018;1149;45 a 49 anos;92957;Mulher;9613
Indicador  3.3.4;1020;289;35;São Paulo;9613;2018;1150;50 a 54 anos;6794;Total;9613
Indicador  3.3.4;1020;194;35;São Paulo;9613;2018;1150;50 a 54 anos;92956;Homem;9613
Indicador  3.3.4;1020;94;35;São Paulo;9613;2018;1150;50 a 54 anos;92957;Mulher;9613
Indicador  3.3.4;1020;233;35;São Paulo;9613;2018;1151;55 a 59 anos;6794;Total;9613
Indicador  3.3.4;1020;142;35;São Paulo;9613;2018;1151;55 a 59 anos;92956;Homem;9613
Indicador  3.3.4;1020;91;35;São Paulo;9613;2018;1151;55 a 59 anos;92957;Mulher;9613
Indicador  3.3.4;1020;404;35;São Paulo;9613;2018;3302;60 anos ou mais;6794;Total;9613
Indicador  3.3.4;1020;230;35;São Paulo;9613;2018;3302;60 anos ou mais;92956;Homem;9613
Indicador  3.3.4;1020;174;35;São Paulo;9613;2018;3302;60 anos ou mais;92957;Mulher;9613
Indicador  3.3.4;1020;2342;35;São Paulo;9613;2019;95253;Total;6794;Total;9613
Indicador  3.3.4;1020;1319;35;São Paulo;9613;2019;95253;Total;92956;Homem;9613
Indicador  3.3.4;1020;1022;35;São Paulo;9613;2019;95253;Total;92957;Mulher;9613
Indicador  3.3.4;1020;13;35;São Paulo;9613;2019;1140;0 a 4 anos;6794;Total;9613
Indicador  3.3.4;1020;6;35;São Paulo;9613;2019;1140;0 a 4 anos;92956;Homem;9613
Indicador  3.3.4;1020;7;35;São Paulo;9613;2019;1140;0 a 4 anos;92957;Mulher;9613
Indicador  3.3.4;1020;1;35;São Paulo;9613;2019;1141;5 a 9 anos;6794;Total;9613
Indicador  3.3.4;1020;0;35;São Paulo;9613;2019;1141;5 a 9 anos;92956;Homem;9613
Indicador  3.3.4;1020;1;35;São Paulo;9613;2019;1141;5 a 9 anos;92957;Mulher;9613
Indicador  3.3.4;1020;7;35;São Paulo;9613;2019;1142;10 a 14 anos;6794;Total;9613
Indicador  3.3.4;1020;3;35;São Paulo;9613;2019;1142;10 a 14 anos;92956;Homem;9613
Indicador  3.3.4;1020;4;35;São Paulo;9613;2019;1142;10 a 14 anos;92957;Mulher;9613
Indicador  3.3.4;1020;35;35;São Paulo;9613;2019;1143;15 a 19 anos;6794;Total;9613
Indicador  3.3.4;1020;12;35;São Paulo;9613;2019;1143;15 a 19 anos;92956;Homem;9613
Indicador  3.3.4;1020;23;35;São Paulo;9613;2019;1143;15 a 19 anos;92957;Mulher;9613
Indicador  3.3.4;1020;128;35;São Paulo;9613;2019;1144;20 a 24 anos;6794;Total;9613
Indicador  3.3.4;1020;54;35;São Paulo;9613;2019;1144;20 a 24 anos;92956;Homem;9613
Indicador  3.3.4;1020;74;35;São Paulo;9613;2019;1144;20 a 24 anos;92957;Mulher;9613
Indicador  3.3.4;1020;224;35;São Paulo;9613;2019;1145;25 a 29 anos;6794;Total;9613
Indicador  3.3.4;1020;114;35;São Paulo;9613;2019;1145;25 a 29 anos;92956;Homem;9613
Indicador  3.3.4;1020;110;35;São Paulo;9613;2019;1145;25 a 29 anos;92957;Mulher;9613
Indicador  3.3.4;1020;277;35;São Paulo;9613;2019;1146;30 a 34 anos;6794;Total;9613
Indicador  3.3.4;1020;150;35;São Paulo;9613;2019;1146;30 a 34 anos;92956;Homem;9613
Indicador  3.3.4;1020;126;35;São Paulo;9613;2019;1146;30 a 34 anos;92957;Mulher;9613
Indicador  3.3.4;1020;289;35;São Paulo;9613;2019;1147;35 a 39 anos;6794;Total;9613
Indicador  3.3.4;1020;168;35;São Paulo;9613;2019;1147;35 a 39 anos;92956;Homem;9613
Indicador  3.3.4;1020;121;35;São Paulo;9613;2019;1147;35 a 39 anos;92957;Mulher;9613
Indicador  3.3.4;1020;274;35;São Paulo;9613;2019;1148;40 a 44 anos;6794;Total;9613
Indicador  3.3.4;1020;166;35;São Paulo;9613;2019;1148;40 a 44 anos;92956;Homem;9613
Indicador  3.3.4;1020;108;35;São Paulo;9613;2019;1148;40 a 44 anos;92957;Mulher;9613
Indicador  3.3.4;1020;256;35;São Paulo;9613;2019;1149;45 a 49 anos;6794;Total;9613
Indicador  3.3.4;1020;156;35;São Paulo;9613;2019;1149;45 a 49 anos;92956;Homem;9613
Indicador  3.3.4;1020;100;35;São Paulo;9613;2019;1149;45 a 49 anos;92957;Mulher;9613
Indicador  3.3.4;1020;249;35;São Paulo;9613;2019;1150;50 a 54 anos;6794;Total;9613
Indicador  3.3.4;1020;146;35;São Paulo;9613;2019;1150;50 a 54 anos;92956;Homem;9613
Indicador  3.3.4;1020;103;35;São Paulo;9613;2019;1150;50 a 54 anos;92957;Mulher;9613
Indicador  3.3.4;1020;209;35;São Paulo;9613;2019;1151;55 a 59 anos;6794;Total;9613
Indicador  3.3.4;1020;128;35;São Paulo;9613;2019;1151;55 a 59 anos;92956;Homem;9613
Indicador  3.3.4;1020;81;35;São Paulo;9613;2019;1151;55 a 59 anos;92957;Mulher;9613
Indicador  3.3.4;1020;380;35;São Paulo;9613;2019;3302;60 anos ou mais;6794;Total;9613
Indicador  3.3.4;1020;216;35;São Paulo;9613;2019;3302;60 anos ou mais;92956;Homem;9613
Indicador  3.3.4;1020;164;35;São Paulo;9613;2019;3302;60 anos ou mais;92957;Mulher;9613
Indicador  3.3.4;1020;1524;35;São Paulo;9613;2020;95253;Total;6794;Total;9613
Indicador  3.3.4;1020;902;35;São Paulo;9613;2020;95253;Total;92956;Homem;9613
Indicador  3.3.4;1020;622;35;São Paulo;9613;2020;95253;Total;92957;Mulher;9613
Indicador  3.3.4;1020;3;35;São Paulo;9613;2020;1140;0 a 4 anos;6794;Total;9613
Indicador  3.3.4;1020;3;35;São Paulo;9613;2020;1140;0 a 4 anos;92956;Homem;9613
Indicador  3.3.4;1020;0;35;São Paulo;9613;2020;1140;0 a 4 anos;92957;Mulher;9613
Indicador  3.3.4;1020;0;35;São Paulo;9613;2020;1141;5 a 9 anos;6794;Total;9613
Indicador  3.3.4;1020;0;35;São Paulo;9613;2020;1141;5 a 9 anos;92956;Homem;9613
Indicador  3.3.4;1020;0;35;São Paulo;9613;2020;1141;5 a 9 anos;92957;Mulher;9613
Indicador  3.3.4;1020;2;35;São Paulo;9613;2020;1142;10 a 14 anos;6794;Total;9613
Indicador  3.3.4;1020;1;35;São Paulo;9613;2020;1142;10 a 14 anos;92956;Homem;9613
Indicador  3.3.4;1020;1;35;São Paulo;9613;2020;1142;10 a 14 anos;92957;Mulher;9613
Indicador  3.3.4;1020;23;35;São Paulo;9613;2020;1143;15 a 19 anos;6794;Total;9613
Indicador  3.3.4;1020;8;35;São Paulo;9613;2020;1143;15 a 19 anos;92956;Homem;9613
Indicador  3.3.4;1020;15;35;São Paulo;9613;2020;1143;15 a 19 anos;92957;Mulher;9613
Indicador  3.3.4;1020;81;35;São Paulo;9613;2020;1144;20 a 24 anos;6794;Total;9613
Indicador  3.3.4;1020;28;35;São Paulo;9613;2020;1144;20 a 24 anos;92956;Homem;9613
Indicador  3.3.4;1020;53;35;São Paulo;9613;2020;1144;20 a 24 anos;92957;Mulher;9613
Indicador  3.3.4;1020;148;35;São Paulo;9613;2020;1145;25 a 29 anos;6794;Total;9613
Indicador  3.3.4;1020;76;35;São Paulo;9613;2020;1145;25 a 29 anos;92956;Homem;9613
Indicador  3.3.4;1020;72;35;São Paulo;9613;2020;1145;25 a 29 anos;92957;Mulher;9613
Indicador  3.3.4;1020;188;35;São Paulo;9613;2020;1146;30 a 34 anos;6794;Total;9613
Indicador  3.3.4;1020;100;35;São Paulo;9613;2020;1146;30 a 34 anos;92956;Homem;9613
Indicador  3.3.4;1020;88;35;São Paulo;9613;2020;1146;30 a 34 anos;92957;Mulher;9613
Indicador  3.3.4;1020;189;35;São Paulo;9613;2020;1147;35 a 39 anos;6794;Total;9613
Indicador  3.3.4;1020;112;35;São Paulo;9613;2020;1147;35 a 39 anos;92956;Homem;9613
Indicador  3.3.4;1020;77;35;São Paulo;9613;2020;1147;35 a 39 anos;92957;Mulher;9613
Indicador  3.3.4;1020;191;35;São Paulo;9613;2020;1148;40 a 44 anos;6794;Total;9613
Indicador  3.3.4;1020;132;35;São Paulo;9613;2020;1148;40 a 44 anos;92956;Homem;9613
Indicador  3.3.4;1020;59;35;São Paulo;9613;2020;1148;40 a 44 anos;92957;Mulher;9613
Indicador  3.3.4;1020;186;35;São Paulo;9613;2020;1149;45 a 49 anos;6794;Total;9613
Indicador  3.3.4;1020;117;35;São Paulo;9613;2020;1149;45 a 49 anos;92956;Homem;9613
Indicador  3.3.4;1020;69;35;São Paulo;9613;2020;1149;45 a 49 anos;92957;Mulher;9613
Indicador  3.3.4;1020;154;35;São Paulo;9613;2020;1150;50 a 54 anos;6794;Total;9613
Indicador  3.3.4;1020;110;35;São Paulo;9613;2020;1150;50 a 54 anos;92956;Homem;9613
Indicador  3.3.4;1020;44;35;São Paulo;9613;2020;1150;50 a 54 anos;92957;Mulher;9613
Indicador  3.3.4;1020;115;35;São Paulo;9613;2020;1151;55 a 59 anos;6794;Total;9613
Indicador  3.3.4;1020;70;35;São Paulo;9613;2020;1151;55 a 59 anos;92956;Homem;9613
Indicador  3.3.4;1020;45;35;São Paulo;9613;2020;1151;55 a 59 anos;92957;Mulher;9613
Indicador  3.3.4;1020;244;35;São Paulo;9613;2020;3302;60 anos ou mais;6794;Total;9613
Indicador  3.3.4;1020;145;35;São Paulo;9613;2020;3302;60 anos ou mais;92956;Homem;9613
Indicador  3.3.4;1020;99;35;São Paulo;9613;2020;3302;60 anos ou mais;92957;Mulher;9613
Indicador  3.3.4;1020;1873;35;São Paulo;9613;2021;95253;Total;6794;Total;9613
Indicador  3.3.4;1020;1046;35;São Paulo;9613;2021;95253;Total;92956;Homem;9613
Indicador  3.3.4;1020;826;35;São Paulo;9613;2021;95253;Total;92957;Mulher;9613
Indicador  3.3.4;1020;8;35;São Paulo;9613;2021;1140;0 a 4 anos;6794;Total;9613
Indicador  3.3.4;1020;2;35;São Paulo;9613;2021;1140;0 a 4 anos;92956;Homem;9613
Indicador  3.3.4;1020;6;35;São Paulo;9613;2021;1140;0 a 4 anos;92957;Mulher;9613
Indicador  3.3.4;1020;2;35;São Paulo;9613;2021;1141;5 a 9 anos;6794;Total;9613
Indicador  3.3.4;1020;1;35;São Paulo;9613;2021;1141;5 a 9 anos;92956;Homem;9613
Indicador  3.3.4;1020;1;35;São Paulo;9613;2021;1141;5 a 9 anos;92957;Mulher;9613
Indicador  3.3.4;1020;6;35;São Paulo;9613;2021;1142;10 a 14 anos;6794;Total;9613
Indicador  3.3.4;1020;2;35;São Paulo;9613;2021;1142;10 a 14 anos;92956;Homem;9613
Indicador  3.3.4;1020;4;35;São Paulo;9613;2021;1142;10 a 14 anos;92957;Mulher;9613
Indicador  3.3.4;1020;24;35;São Paulo;9613;2021;1143;15 a 19 anos;6794;Total;9613
Indicador  3.3.4;1020;7;35;São Paulo;9613;2021;1143;15 a 19 anos;92956;Homem;9613
Indicador  3.3.4;1020;17;35;São Paulo;9613;2021;1143;15 a 19 anos;92957;Mulher;9613
Indicador  3.3.4;1020;84;35;São Paulo;9613;2021;1144;20 a 24 anos;6794;Total;9613
Indicador  3.3.4;1020;31;35;São Paulo;9613;2021;1144;20 a 24 anos;92956;Homem;9613
Indicador  3.3.4;1020;53;35;São Paulo;9613;2021;1144;20 a 24 anos;92957;Mulher;9613
Indicador  3.3.4;1020;149;35;São Paulo;9613;2021;1145;25 a 29 anos;6794;Total;9613
Indicador  3.3.4;1020;61;35;São Paulo;9613;2021;1145;25 a 29 anos;92956;Homem;9613
Indicador  3.3.4;1020;88;35;São Paulo;9613;2021;1145;25 a 29 anos;92957;Mulher;9613
Indicador  3.3.4;1020;180;35;São Paulo;9613;2021;1146;30 a 34 anos;6794;Total;9613
Indicador  3.3.4;1020;110;35;São Paulo;9613;2021;1146;30 a 34 anos;92956;Homem;9613
Indicador  3.3.4;1020;70;35;São Paulo;9613;2021;1146;30 a 34 anos;92957;Mulher;9613
Indicador  3.3.4;1020;231;35;São Paulo;9613;2021;1147;35 a 39 anos;6794;Total;9613
Indicador  3.3.4;1020;140;35;São Paulo;9613;2021;1147;35 a 39 anos;92956;Homem;9613
Indicador  3.3.4;1020;90;35;São Paulo;9613;2021;1147;35 a 39 anos;92957;Mulher;9613
Indicador  3.3.4;1020;218;35;São Paulo;9613;2021;1148;40 a 44 anos;6794;Total;9613
Indicador  3.3.4;1020;118;35;São Paulo;9613;2021;1148;40 a 44 anos;92956;Homem;9613
Indicador  3.3.4;1020;100;35;São Paulo;9613;2021;1148;40 a 44 anos;92957;Mulher;9613
Indicador  3.3.4;1020;226;35;São Paulo;9613;2021;1149;45 a 49 anos;6794;Total;9613
Indicador  3.3.4;1020;138;35;São Paulo;9613;2021;1149;45 a 49 anos;92956;Homem;9613
Indicador  3.3.4;1020;88;35;São Paulo;9613;2021;1149;45 a 49 anos;92957;Mulher;9613
Indicador  3.3.4;1020;208;35;São Paulo;9613;2021;1150;50 a 54 anos;6794;Total;9613
Indicador  3.3.4;1020;128;35;São Paulo;9613;2021;1150;50 a 54 anos;92956;Homem;9613
Indicador  3.3.4;1020;80;35;São Paulo;9613;2021;1150;50 a 54 anos;92957;Mulher;9613
Indicador  3.3.4;1020;185;35;São Paulo;9613;2021;1151;55 a 59 anos;6794;Total;9613
Indicador  3.3.4;1020;114;35;São Paulo;9613;2021;1151;55 a 59 anos;92956;Homem;9613
Indicador  3.3.4;1020;71;35;São Paulo;9613;2021;1151;55 a 59 anos;92957;Mulher;9613
Indicador  3.3.4;1020;352;35;São Paulo;9613;2021;3302;60 anos ou mais;6794;Total;9613
Indicador  3.3.4;1020;194;35;São Paulo;9613;2021;3302;60 anos ou mais;92956;Homem;9613
Indicador  3.3.4;1020;158;35;São Paulo;9613;2021;3302;60 anos ou mais;92957;Mulher;9613
Indicador  3.3.4;1020;1849;35;São Paulo;9613;2022;95253;Total;6794;Total;9613
Indicador  3.3.4;1020;1008;35;São Paulo;9613;2022;95253;Total;92956;Homem;9613
Indicador  3.3.4;1020;841;35;São Paulo;9613;2022;95253;Total;92957;Mulher;9613
Indicador  3.3.4;1020;10;35;São Paulo;9613;2022;1140;0 a 4 anos;6794;Total;9613
Indicador  3.3.4;1020;7;35;São Paulo;9613;2022;1140;0 a 4 anos;92956;Homem;9613
Indicador  3.3.4;1020;3;35;São Paulo;9613;2022;1140;0 a 4 anos;92957;Mulher;9613
Indicador  3.3.4;1020;1;35;São Paulo;9613;2022;1141;5 a 9 anos;6794;Total;9613
Indicador  3.3.4;1020;0;35;São Paulo;9613;2022;1141;5 a 9 anos;92956;Homem;9613
Indicador  3.3.4;1020;1;35;São Paulo;9613;2022;1141;5 a 9 anos;92957;Mulher;9613
Indicador  3.3.4;1020;9;35;São Paulo;9613;2022;1142;10 a 14 anos;6794;Total;9613
Indicador  3.3.4;1020;6;35;São Paulo;9613;2022;1142;10 a 14 anos;92956;Homem;9613
Indicador  3.3.4;1020;3;35;São Paulo;9613;2022;1142;10 a 14 anos;92957;Mulher;9613
Indicador  3.3.4;1020;41;35;São Paulo;9613;2022;1143;15 a 19 anos;6794;Total;9613
Indicador  3.3.4;1020;12;35;São Paulo;9613;2022;1143;15 a 19 anos;92956;Homem;9613
Indicador  3.3.4;1020;29;35;São Paulo;9613;2022;1143;15 a 19 anos;92957;Mulher;9613
Indicador  3.3.4;1020;106;35;São Paulo;9613;2022;1144;20 a 24 anos;6794;Total;9613
Indicador  3.3.4;1020;38;35;São Paulo;9613;2022;1144;20 a 24 anos;92956;Homem;9613
Indicador  3.3.4;1020;68;35;São Paulo;9613;2022;1144;20 a 24 anos;92957;Mulher;9613
Indicador  3.3.4;1020;153;35;São Paulo;9613;2022;1145;25 a 29 anos;6794;Total;9613
Indicador  3.3.4;1020;62;35;São Paulo;9613;2022;1145;25 a 29 anos;92956;Homem;9613
Indicador  3.3.4;1020;91;35;São Paulo;9613;2022;1145;25 a 29 anos;92957;Mulher;9613
Indicador  3.3.4;1020;195;35;São Paulo;9613;2022;1146;30 a 34 anos;6794;Total;9613
Indicador  3.3.4;1020;94;35;São Paulo;9613;2022;1146;30 a 34 anos;92956;Homem;9613
Indicador  3.3.4;1020;101;35;São Paulo;9613;2022;1146;30 a 34 anos;92957;Mulher;9613
Indicador  3.3.4;1020;226;35;São Paulo;9613;2022;1147;35 a 39 anos;6794;Total;9613
Indicador  3.3.4;1020;128;35;São Paulo;9613;2022;1147;35 a 39 anos;92956;Homem;9613
Indicador  3.3.4;1020;98;35;São Paulo;9613;2022;1147;35 a 39 anos;92957;Mulher;9613
Indicador  3.3.4;1020;215;35;São Paulo;9613;2022;1148;40 a 44 anos;6794;Total;9613
Indicador  3.3.4;1020;140;35;São Paulo;9613;2022;1148;40 a 44 anos;92956;Homem;9613
Indicador  3.3.4;1020;75;35;São Paulo;9613;2022;1148;40 a 44 anos;92957;Mulher;9613
Indicador  3.3.4;1020;209;35;São Paulo;9613;2022;1149;45 a 49 anos;6794;Total;9613
Indicador  3.3.4;1020;121;35;São Paulo;9613;2022;1149;45 a 49 anos;92956;Homem;9613
Indicador  3.3.4;1020;88;35;São Paulo;9613;2022;1149;45 a 49 anos;92957;Mulher;9613
Indicador  3.3.4;1020;209;35;São Paulo;9613;2022;1150;50 a 54 anos;6794;Total;9613
Indicador  3.3.4;1020;118;35;São Paulo;9613;2022;1150;50 a 54 anos;92956;Homem;9613
Indicador  3.3.4;1020;91;35;São Paulo;9613;2022;1150;50 a 54 anos;92957;Mulher;9613
Indicador  3.3.4;1020;142;35;São Paulo;9613;2022;1151;55 a 59 anos;6794;Total;9613
Indicador  3.3.4;1020;76;35;São Paulo;9613;2022;1151;55 a 59 anos;92956;Homem;9613
Indicador  3.3.4;1020;66;35;São Paulo;9613;2022;1151;55 a 59 anos;92957;Mulher;9613
Indicador  3.3.4;1020;333;35;São Paulo;9613;2022;3302;60 anos ou mais;6794;Total;9613
Indicador  3.3.4;1020;206;35;São Paulo;9613;2022;3302;60 anos ou mais;92956;Homem;9613
Indicador  3.3.4;1020;127;35;São Paulo;9613;2022;3302;60 anos ou mais;92957;Mulher;9613
Indicador  3.3.4;1020;1805;41;Paraná;9613;2018;95253;Total;6794;Total;9613
Indicador  3.3.4;1020;1025;41;Paraná;9613;2018;95253;Total;92956;Homem;9613
Indicador  3.3.4;1020;780;41;Paraná;9613;2018;95253;Total;92957;Mulher;9613
Indicador  3.3.4;1020;12;41;Paraná;9613;2018;1140;0 a 4 anos;6794;Total;9613
Indicador  3.3.4;1020;5;41;Paraná;9613;2018;1140;0 a 4 anos;92956;Homem;9613
Indicador  3.3.4;1020;7;41;Paraná;9613;2018;1140;0 a 4 anos;92957;Mulher;9613
Indicador  3.3.4;1020;1;41;Paraná;9613;2018;1141;5 a 9 anos;6794;Total;9613
Indicador  3.3.4;1020;1;41;Paraná;9613;2018;1141;5 a 9 anos;92956;Homem;9613
Indicador  3.3.4;1020;0;41;Paraná;9613;2018;1141;5 a 9 anos;92957;Mulher;9613
Indicador  3.3.4;1020;1;41;Paraná;9613;2018;1142;10 a 14 anos;6794;Total;9613
Indicador  3.3.4;1020;1;41;Paraná;9613;2018;1142;10 a 14 anos;92956;Homem;9613
Indicador  3.3.4;1020;0;41;Paraná;9613;2018;1142;10 a 14 anos;92957;Mulher;9613
Indicador  3.3.4;1020;22;41;Paraná;9613;2018;1143;15 a 19 anos;6794;Total;9613
Indicador  3.3.4;1020;8;41;Paraná;9613;2018;1143;15 a 19 anos;92956;Homem;9613
Indicador  3.3.4;1020;14;41;Paraná;9613;2018;1143;15 a 19 anos;92957;Mulher;9613
Indicador  3.3.4;1020;66;41;Paraná;9613;2018;1144;20 a 24 anos;6794;Total;9613
Indicador  3.3.4;1020;29;41;Paraná;9613;2018;1144;20 a 24 anos;92956;Homem;9613
Indicador  3.3.4;1020;37;41;Paraná;9613;2018;1144;20 a 24 anos;92957;Mulher;9613
Indicador  3.3.4;1020;159;41;Paraná;9613;2018;1145;25 a 29 anos;6794;Total;9613
Indicador  3.3.4;1020;71;41;Paraná;9613;2018;1145;25 a 29 anos;92956;Homem;9613
Indicador  3.3.4;1020;88;41;Paraná;9613;2018;1145;25 a 29 anos;92957;Mulher;9613
Indicador  3.3.4;1020;195;41;Paraná;9613;2018;1146;30 a 34 anos;6794;Total;9613
Indicador  3.3.4;1020;107;41;Paraná;9613;2018;1146;30 a 34 anos;92956;Homem;9613
Indicador  3.3.4;1020;88;41;Paraná;9613;2018;1146;30 a 34 anos;92957;Mulher;9613
Indicador  3.3.4;1020;234;41;Paraná;9613;2018;1147;35 a 39 anos;6794;Total;9613
Indicador  3.3.4;1020;134;41;Paraná;9613;2018;1147;35 a 39 anos;92956;Homem;9613
Indicador  3.3.4;1020;100;41;Paraná;9613;2018;1147;35 a 39 anos;92957;Mulher;9613
Indicador  3.3.4;1020;233;41;Paraná;9613;2018;1148;40 a 44 anos;6794;Total;9613
Indicador  3.3.4;1020;155;41;Paraná;9613;2018;1148;40 a 44 anos;92956;Homem;9613
Indicador  3.3.4;1020;78;41;Paraná;9613;2018;1148;40 a 44 anos;92957;Mulher;9613
Indicador  3.3.4;1020;211;41;Paraná;9613;2018;1149;45 a 49 anos;6794;Total;9613
Indicador  3.3.4;1020;138;41;Paraná;9613;2018;1149;45 a 49 anos;92956;Homem;9613
Indicador  3.3.4;1020;73;41;Paraná;9613;2018;1149;45 a 49 anos;92957;Mulher;9613
Indicador  3.3.4;1020;206;41;Paraná;9613;2018;1150;50 a 54 anos;6794;Total;9613
Indicador  3.3.4;1020;119;41;Paraná;9613;2018;1150;50 a 54 anos;92956;Homem;9613
Indicador  3.3.4;1020;87;41;Paraná;9613;2018;1150;50 a 54 anos;92957;Mulher;9613
Indicador  3.3.4;1020;180;41;Paraná;9613;2018;1151;55 a 59 anos;6794;Total;9613
Indicador  3.3.4;1020;97;41;Paraná;9613;2018;1151;55 a 59 anos;92956;Homem;9613
Indicador  3.3.4;1020;83;41;Paraná;9613;2018;1151;55 a 59 anos;92957;Mulher;9613
Indicador  3.3.4;1020;285;41;Paraná;9613;2018;3302;60 anos ou mais;6794;Total;9613
Indicador  3.3.4;1020;160;41;Paraná;9613;2018;3302;60 anos ou mais;92956;Homem;9613
Indicador  3.3.4;1020;125;41;Paraná;9613;2018;3302;60 anos ou mais;92957;Mulher;9613
Indicador  3.3.4;1020;1742;41;Paraná;9613;2019;95253;Total;6794;Total;9613
Indicador  3.3.4;1020;1031;41;Paraná;9613;2019;95253;Total;92956;Homem;9613
Indicador  3.3.4;1020;711;41;Paraná;9613;2019;95253;Total;92957;Mulher;9613
Indicador  3.3.4;1020;11;41;Paraná;9613;2019;1140;0 a 4 anos;6794;Total;9613
Indicador  3.3.4;1020;8;41;Paraná;9613;2019;1140;0 a 4 anos;92956;Homem;9613
Indicador  3.3.4;1020;3;41;Paraná;9613;2019;1140;0 a 4 anos;92957;Mulher;9613
Indicador  3.3.4;1020;4;41;Paraná;9613;2019;1141;5 a 9 anos;6794;Total;9613
Indicador  3.3.4;1020;1;41;Paraná;9613;2019;1141;5 a 9 anos;92956;Homem;9613
Indicador  3.3.4;1020;3;41;Paraná;9613;2019;1141;5 a 9 anos;92957;Mulher;9613
Indicador  3.3.4;1020;4;41;Paraná;9613;2019;1142;10 a 14 anos;6794;Total;9613
Indicador  3.3.4;1020;1;41;Paraná;9613;2019;1142;10 a 14 anos;92956;Homem;9613
Indicador  3.3.4;1020;3;41;Paraná;9613;2019;1142;10 a 14 anos;92957;Mulher;9613
Indicador  3.3.4;1020;22;41;Paraná;9613;2019;1143;15 a 19 anos;6794;Total;9613
Indicador  3.3.4;1020;9;41;Paraná;9613;2019;1143;15 a 19 anos;92956;Homem;9613
Indicador  3.3.4;1020;13;41;Paraná;9613;2019;1143;15 a 19 anos;92957;Mulher;9613
Indicador  3.3.4;1020;70;41;Paraná;9613;2019;1144;20 a 24 anos;6794;Total;9613
Indicador  3.3.4;1020;38;41;Paraná;9613;2019;1144;20 a 24 anos;92956;Homem;9613
Indicador  3.3.4;1020;32;41;Paraná;9613;2019;1144;20 a 24 anos;92957;Mulher;9613
Indicador  3.3.4;1020;115;41;Paraná;9613;2019;1145;25 a 29 anos;6794;Total;9613
Indicador  3.3.4;1020;59;41;Paraná;9613;2019;1145;25 a 29 anos;92956;Homem;9613
Indicador  3.3.4;1020;56;41;Paraná;9613;2019;1145;25 a 29 anos;92957;Mulher;9613
Indicador  3.3.4;1020;149;41;Paraná;9613;2019;1146;30 a 34 anos;6794;Total;9613
Indicador  3.3.4;1020;84;41;Paraná;9613;2019;1146;30 a 34 anos;92956;Homem;9613
Indicador  3.3.4;1020;65;41;Paraná;9613;2019;1146;30 a 34 anos;92957;Mulher;9613
Indicador  3.3.4;1020;216;41;Paraná;9613;2019;1147;35 a 39 anos;6794;Total;9613
Indicador  3.3.4;1020;131;41;Paraná;9613;2019;1147;35 a 39 anos;92956;Homem;9613
Indicador  3.3.4;1020;85;41;Paraná;9613;2019;1147;35 a 39 anos;92957;Mulher;9613
Indicador  3.3.4;1020;222;41;Paraná;9613;2019;1148;40 a 44 anos;6794;Total;9613
Indicador  3.3.4;1020;140;41;Paraná;9613;2019;1148;40 a 44 anos;92956;Homem;9613
Indicador  3.3.4;1020;82;41;Paraná;9613;2019;1148;40 a 44 anos;92957;Mulher;9613
Indicador  3.3.4;1020;215;41;Paraná;9613;2019;1149;45 a 49 anos;6794;Total;9613
Indicador  3.3.4;1020;131;41;Paraná;9613;2019;1149;45 a 49 anos;92956;Homem;9613
Indicador  3.3.4;1020;84;41;Paraná;9613;2019;1149;45 a 49 anos;92957;Mulher;9613
Indicador  3.3.4;1020;247;41;Paraná;9613;2019;1150;50 a 54 anos;6794;Total;9613
Indicador  3.3.4;1020;144;41;Paraná;9613;2019;1150;50 a 54 anos;92956;Homem;9613
Indicador  3.3.4;1020;103;41;Paraná;9613;2019;1150;50 a 54 anos;92957;Mulher;9613
Indicador  3.3.4;1020;174;41;Paraná;9613;2019;1151;55 a 59 anos;6794;Total;9613
Indicador  3.3.4;1020;109;41;Paraná;9613;2019;1151;55 a 59 anos;92956;Homem;9613
Indicador  3.3.4;1020;65;41;Paraná;9613;2019;1151;55 a 59 anos;92957;Mulher;9613
Indicador  3.3.4;1020;293;41;Paraná;9613;2019;3302;60 anos ou mais;6794;Total;9613
Indicador  3.3.4;1020;176;41;Paraná;9613;2019;3302;60 anos ou mais;92956;Homem;9613
Indicador  3.3.4;1020;117;41;Paraná;9613;2019;3302;60 anos ou mais;92957;Mulher;9613
Indicador  3.3.4;1020;918;41;Paraná;9613;2020;95253;Total;6794;Total;9613
Indicador  3.3.4;1020;566;41;Paraná;9613;2020;95253;Total;92956;Homem;9613
Indicador  3.3.4;1020;352;41;Paraná;9613;2020;95253;Total;92957;Mulher;9613
Indicador  3.3.4;1020;5;41;Paraná;9613;2020;1140;0 a 4 anos;6794;Total;9613
Indicador  3.3.4;1020;3;41;Paraná;9613;2020;1140;0 a 4 anos;92956;Homem;9613
Indicador  3.3.4;1020;2;41;Paraná;9613;2020;1140;0 a 4 anos;92957;Mulher;9613
Indicador  3.3.4;1020;2;41;Paraná;9613;2020;1141;5 a 9 anos;6794;Total;9613
Indicador  3.3.4;1020;1;41;Paraná;9613;2020;1141;5 a 9 anos;92956;Homem;9613
Indicador  3.3.4;1020;1;41;Paraná;9613;2020;1141;5 a 9 anos;92957;Mulher;9613
Indicador  3.3.4;1020;0;41;Paraná;9613;2020;1142;10 a 14 anos;6794;Total;9613
Indicador  3.3.4;1020;0;41;Paraná;9613;2020;1142;10 a 14 anos;92956;Homem;9613
Indicador  3.3.4;1020;0;41;Paraná;9613;2020;1142;10 a 14 anos;92957;Mulher;9613
Indicador  3.3.4;1020;14;41;Paraná;9613;2020;1143;15 a 19 anos;6794;Total;9613
Indicador  3.3.4;1020;2;41;Paraná;9613;2020;1143;15 a 19 anos;92956;Homem;9613
Indicador  3.3.4;1020;12;41;Paraná;9613;2020;1143;15 a 19 anos;92957;Mulher;9613
Indicador  3.3.4;1020;29;41;Paraná;9613;2020;1144;20 a 24 anos;6794;Total;9613
Indicador  3.3.4;1020;13;41;Paraná;9613;2020;1144;20 a 24 anos;92956;Homem;9613
Indicador  3.3.4;1020;16;41;Paraná;9613;2020;1144;20 a 24 anos;92957;Mulher;9613
Indicador  3.3.4;1020;75;41;Paraná;9613;2020;1145;25 a 29 anos;6794;Total;9613
Indicador  3.3.4;1020;40;41;Paraná;9613;2020;1145;25 a 29 anos;92956;Homem;9613
Indicador  3.3.4;1020;35;41;Paraná;9613;2020;1145;25 a 29 anos;92957;Mulher;9613
Indicador  3.3.4;1020;82;41;Paraná;9613;2020;1146;30 a 34 anos;6794;Total;9613
Indicador  3.3.4;1020;47;41;Paraná;9613;2020;1146;30 a 34 anos;92956;Homem;9613
Indicador  3.3.4;1020;35;41;Paraná;9613;2020;1146;30 a 34 anos;92957;Mulher;9613
Indicador  3.3.4;1020;104;41;Paraná;9613;2020;1147;35 a 39 anos;6794;Total;9613
Indicador  3.3.4;1020;63;41;Paraná;9613;2020;1147;35 a 39 anos;92956;Homem;9613
Indicador  3.3.4;1020;41;41;Paraná;9613;2020;1147;35 a 39 anos;92957;Mulher;9613
Indicador  3.3.4;1020;122;41;Paraná;9613;2020;1148;40 a 44 anos;6794;Total;9613
Indicador  3.3.4;1020;79;41;Paraná;9613;2020;1148;40 a 44 anos;92956;Homem;9613
Indicador  3.3.4;1020;43;41;Paraná;9613;2020;1148;40 a 44 anos;92957;Mulher;9613
Indicador  3.3.4;1020;109;41;Paraná;9613;2020;1149;45 a 49 anos;6794;Total;9613
Indicador  3.3.4;1020;69;41;Paraná;9613;2020;1149;45 a 49 anos;92956;Homem;9613
Indicador  3.3.4;1020;40;41;Paraná;9613;2020;1149;45 a 49 anos;92957;Mulher;9613
Indicador  3.3.4;1020;124;41;Paraná;9613;2020;1150;50 a 54 anos;6794;Total;9613
Indicador  3.3.4;1020;88;41;Paraná;9613;2020;1150;50 a 54 anos;92956;Homem;9613
Indicador  3.3.4;1020;36;41;Paraná;9613;2020;1150;50 a 54 anos;92957;Mulher;9613
Indicador  3.3.4;1020;91;41;Paraná;9613;2020;1151;55 a 59 anos;6794;Total;9613
Indicador  3.3.4;1020;59;41;Paraná;9613;2020;1151;55 a 59 anos;92956;Homem;9613
Indicador  3.3.4;1020;32;41;Paraná;9613;2020;1151;55 a 59 anos;92957;Mulher;9613
Indicador  3.3.4;1020;161;41;Paraná;9613;2020;3302;60 anos ou mais;6794;Total;9613
Indicador  3.3.4;1020;102;41;Paraná;9613;2020;3302;60 anos ou mais;92956;Homem;9613
Indicador  3.3.4;1020;59;41;Paraná;9613;2020;3302;60 anos ou mais;92957;Mulher;9613
Indicador  3.3.4;1020;879;41;Paraná;9613;2021;95253;Total;6794;Total;9613
Indicador  3.3.4;1020;514;41;Paraná;9613;2021;95253;Total;92956;Homem;9613
Indicador  3.3.4;1020;365;41;Paraná;9613;2021;95253;Total;92957;Mulher;9613
Indicador  3.3.4;1020;3;41;Paraná;9613;2021;1140;0 a 4 anos;6794;Total;9613
Indicador  3.3.4;1020;2;41;Paraná;9613;2021;1140;0 a 4 anos;92956;Homem;9613
Indicador  3.3.4;1020;1;41;Paraná;9613;2021;1140;0 a 4 anos;92957;Mulher;9613
Indicador  3.3.4;1020;0;41;Paraná;9613;2021;1141;5 a 9 anos;6794;Total;9613
Indicador  3.3.4;1020;0;41;Paraná;9613;2021;1141;5 a 9 anos;92956;Homem;9613
Indicador  3.3.4;1020;0;41;Paraná;9613;2021;1141;5 a 9 anos;92957;Mulher;9613
Indicador  3.3.4;1020;2;41;Paraná;9613;2021;1142;10 a 14 anos;6794;Total;9613
Indicador  3.3.4;1020;2;41;Paraná;9613;2021;1142;10 a 14 anos;92956;Homem;9613
Indicador  3.3.4;1020;0;41;Paraná;9613;2021;1142;10 a 14 anos;92957;Mulher;9613
Indicador  3.3.4;1020;5;41;Paraná;9613;2021;1143;15 a 19 anos;6794;Total;9613
Indicador  3.3.4;1020;4;41;Paraná;9613;2021;1143;15 a 19 anos;92956;Homem;9613
Indicador  3.3.4;1020;1;41;Paraná;9613;2021;1143;15 a 19 anos;92957;Mulher;9613
Indicador  3.3.4;1020;27;41;Paraná;9613;2021;1144;20 a 24 anos;6794;Total;9613
Indicador  3.3.4;1020;13;41;Paraná;9613;2021;1144;20 a 24 anos;92956;Homem;9613
Indicador  3.3.4;1020;14;41;Paraná;9613;2021;1144;20 a 24 anos;92957;Mulher;9613
Indicador  3.3.4;1020;49;41;Paraná;9613;2021;1145;25 a 29 anos;6794;Total;9613
Indicador  3.3.4;1020;23;41;Paraná;9613;2021;1145;25 a 29 anos;92956;Homem;9613
Indicador  3.3.4;1020;26;41;Paraná;9613;2021;1145;25 a 29 anos;92957;Mulher;9613
Indicador  3.3.4;1020;77;41;Paraná;9613;2021;1146;30 a 34 anos;6794;Total;9613
Indicador  3.3.4;1020;39;41;Paraná;9613;2021;1146;30 a 34 anos;92956;Homem;9613
Indicador  3.3.4;1020;38;41;Paraná;9613;2021;1146;30 a 34 anos;92957;Mulher;9613
Indicador  3.3.4;1020;103;41;Paraná;9613;2021;1147;35 a 39 anos;6794;Total;9613
Indicador  3.3.4;1020;61;41;Paraná;9613;2021;1147;35 a 39 anos;92956;Homem;9613
Indicador  3.3.4;1020;42;41;Paraná;9613;2021;1147;35 a 39 anos;92957;Mulher;9613
Indicador  3.3.4;1020;104;41;Paraná;9613;2021;1148;40 a 44 anos;6794;Total;9613
Indicador  3.3.4;1020;71;41;Paraná;9613;2021;1148;40 a 44 anos;92956;Homem;9613
Indicador  3.3.4;1020;33;41;Paraná;9613;2021;1148;40 a 44 anos;92957;Mulher;9613
Indicador  3.3.4;1020;111;41;Paraná;9613;2021;1149;45 a 49 anos;6794;Total;9613
Indicador  3.3.4;1020;64;41;Paraná;9613;2021;1149;45 a 49 anos;92956;Homem;9613
Indicador  3.3.4;1020;47;41;Paraná;9613;2021;1149;45 a 49 anos;92957;Mulher;9613
Indicador  3.3.4;1020;127;41;Paraná;9613;2021;1150;50 a 54 anos;6794;Total;9613
Indicador  3.3.4;1020;76;41;Paraná;9613;2021;1150;50 a 54 anos;92956;Homem;9613
Indicador  3.3.4;1020;51;41;Paraná;9613;2021;1150;50 a 54 anos;92957;Mulher;9613
Indicador  3.3.4;1020;99;41;Paraná;9613;2021;1151;55 a 59 anos;6794;Total;9613
Indicador  3.3.4;1020;58;41;Paraná;9613;2021;1151;55 a 59 anos;92956;Homem;9613
Indicador  3.3.4;1020;41;41;Paraná;9613;2021;1151;55 a 59 anos;92957;Mulher;9613
Indicador  3.3.4;1020;172;41;Paraná;9613;2021;3302;60 anos ou mais;6794;Total;9613
Indicador  3.3.4;1020;101;41;Paraná;9613;2021;3302;60 anos ou mais;92956;Homem;9613
Indicador  3.3.4;1020;71;41;Paraná;9613;2021;3302;60 anos ou mais;92957;Mulher;9613
Indicador  3.3.4;1020;914;41;Paraná;9613;2022;95253;Total;6794;Total;9613
Indicador  3.3.4;1020;532;41;Paraná;9613;2022;95253;Total;92956;Homem;9613
Indicador  3.3.4;1020;382;41;Paraná;9613;2022;95253;Total;92957;Mulher;9613
Indicador  3.3.4;1020;5;41;Paraná;9613;2022;1140;0 a 4 anos;6794;Total;9613
Indicador  3.3.4;1020;2;41;Paraná;9613;2022;1140;0 a 4 anos;92956;Homem;9613
Indicador  3.3.4;1020;3;41;Paraná;9613;2022;1140;0 a 4 anos;92957;Mulher;9613
Indicador  3.3.4;1020;2;41;Paraná;9613;2022;1141;5 a 9 anos;6794;Total;9613
Indicador  3.3.4;1020;1;41;Paraná;9613;2022;1141;5 a 9 anos;92956;Homem;9613
Indicador  3.3.4;1020;1;41;Paraná;9613;2022;1141;5 a 9 anos;92957;Mulher;9613
Indicador  3.3.4;1020;0;41;Paraná;9613;2022;1142;10 a 14 anos;6794;Total;9613
Indicador  3.3.4;1020;0;41;Paraná;9613;2022;1142;10 a 14 anos;92956;Homem;9613
Indicador  3.3.4;1020;0;41;Paraná;9613;2022;1142;10 a 14 anos;92957;Mulher;9613
Indicador  3.3.4;1020;8;41;Paraná;9613;2022;1143;15 a 19 anos;6794;Total;9613
Indicador  3.3.4;1020;4;41;Paraná;9613;2022;1143;15 a 19 anos;92956;Homem;9613
Indicador  3.3.4;1020;4;41;Paraná;9613;2022;1143;15 a 19 anos;92957;Mulher;9613
Indicador  3.3.4;1020;22;41;Paraná;9613;2022;1144;20 a 24 anos;6794;Total;9613
Indicador  3.3.4;1020;12;41;Paraná;9613;2022;1144;20 a 24 anos;92956;Homem;9613
Indicador  3.3.4;1020;10;41;Paraná;9613;2022;1144;20 a 24 anos;92957;Mulher;9613
Indicador  3.3.4;1020;54;41;Paraná;9613;2022;1145;25 a 29 anos;6794;Total;9613
Indicador  3.3.4;1020;28;41;Paraná;9613;2022;1145;25 a 29 anos;92956;Homem;9613
Indicador  3.3.4;1020;26;41;Paraná;9613;2022;1145;25 a 29 anos;92957;Mulher;9613
Indicador  3.3.4;1020;67;41;Paraná;9613;2022;1146;30 a 34 anos;6794;Total;9613
Indicador  3.3.4;1020;37;41;Paraná;9613;2022;1146;30 a 34 anos;92956;Homem;9613
Indicador  3.3.4;1020;30;41;Paraná;9613;2022;1146;30 a 34 anos;92957;Mulher;9613
Indicador  3.3.4;1020;91;41;Paraná;9613;2022;1147;35 a 39 anos;6794;Total;9613
Indicador  3.3.4;1020;57;41;Paraná;9613;2022;1147;35 a 39 anos;92956;Homem;9613
Indicador  3.3.4;1020;34;41;Paraná;9613;2022;1147;35 a 39 anos;92957;Mulher;9613
Indicador  3.3.4;1020;102;41;Paraná;9613;2022;1148;40 a 44 anos;6794;Total;9613
Indicador  3.3.4;1020;64;41;Paraná;9613;2022;1148;40 a 44 anos;92956;Homem;9613
Indicador  3.3.4;1020;38;41;Paraná;9613;2022;1148;40 a 44 anos;92957;Mulher;9613
Indicador  3.3.4;1020;129;41;Paraná;9613;2022;1149;45 a 49 anos;6794;Total;9613
Indicador  3.3.4;1020;82;41;Paraná;9613;2022;1149;45 a 49 anos;92956;Homem;9613
Indicador  3.3.4;1020;47;41;Paraná;9613;2022;1149;45 a 49 anos;92957;Mulher;9613
Indicador  3.3.4;1020;100;41;Paraná;9613;2022;1150;50 a 54 anos;6794;Total;9613
Indicador  3.3.4;1020;58;41;Paraná;9613;2022;1150;50 a 54 anos;92956;Homem;9613
Indicador  3.3.4;1020;42;41;Paraná;9613;2022;1150;50 a 54 anos;92957;Mulher;9613
Indicador  3.3.4;1020;108;41;Paraná;9613;2022;1151;55 a 59 anos;6794;Total;9613
Indicador  3.3.4;1020;62;41;Paraná;9613;2022;1151;55 a 59 anos;92956;Homem;9613
Indicador  3.3.4;1020;46;41;Paraná;9613;2022;1151;55 a 59 anos;92957;Mulher;9613
Indicador  3.3.4;1020;226;41;Paraná;9613;2022;3302;60 anos ou mais;6794;Total;9613
Indicador  3.3.4;1020;125;41;Paraná;9613;2022;3302;60 anos ou mais;92956;Homem;9613
Indicador  3.3.4;1020;101;41;Paraná;9613;2022;3302;60 anos ou mais;92957;Mulher;9613
Indicador  3.3.4;1020;1243;42;Santa Catarina;9613;2018;95253;Total;6794;Total;9613
Indicador  3.3.4;1020;777;42;Santa Catarina;9613;2018;95253;Total;92956;Homem;9613
Indicador  3.3.4;1020;466;42;Santa Catarina;9613;2018;95253;Total;92957;Mulher;9613
Indicador  3.3.4;1020;12;42;Santa Catarina;9613;2018;1140;0 a 4 anos;6794;Total;9613
Indicador  3.3.4;1020;9;42;Santa Catarina;9613;2018;1140;0 a 4 anos;92956;Homem;9613
Indicador  3.3.4;1020;3;42;Santa Catarina;9613;2018;1140;0 a 4 anos;92957;Mulher;9613
Indicador  3.3.4;1020;0;42;Santa Catarina;9613;2018;1141;5 a 9 anos;6794;Total;9613
Indicador  3.3.4;1020;0;42;Santa Catarina;9613;2018;1141;5 a 9 anos;92956;Homem;9613
Indicador  3.3.4;1020;0;42;Santa Catarina;9613;2018;1141;5 a 9 anos;92957;Mulher;9613
Indicador  3.3.4;1020;0;42;Santa Catarina;9613;2018;1142;10 a 14 anos;6794;Total;9613
Indicador  3.3.4;1020;0;42;Santa Catarina;9613;2018;1142;10 a 14 anos;92956;Homem;9613
Indicador  3.3.4;1020;0;42;Santa Catarina;9613;2018;1142;10 a 14 anos;92957;Mulher;9613
Indicador  3.3.4;1020;10;42;Santa Catarina;9613;2018;1143;15 a 19 anos;6794;Total;9613
Indicador  3.3.4;1020;3;42;Santa Catarina;9613;2018;1143;15 a 19 anos;92956;Homem;9613
Indicador  3.3.4;1020;7;42;Santa Catarina;9613;2018;1143;15 a 19 anos;92957;Mulher;9613
Indicador  3.3.4;1020;41;42;Santa Catarina;9613;2018;1144;20 a 24 anos;6794;Total;9613
Indicador  3.3.4;1020;18;42;Santa Catarina;9613;2018;1144;20 a 24 anos;92956;Homem;9613
Indicador  3.3.4;1020;23;42;Santa Catarina;9613;2018;1144;20 a 24 anos;92957;Mulher;9613
Indicador  3.3.4;1020;106;42;Santa Catarina;9613;2018;1145;25 a 29 anos;6794;Total;9613
Indicador  3.3.4;1020;60;42;Santa Catarina;9613;2018;1145;25 a 29 anos;92956;Homem;9613
Indicador  3.3.4;1020;46;42;Santa Catarina;9613;2018;1145;25 a 29 anos;92957;Mulher;9613
Indicador  3.3.4;1020;144;42;Santa Catarina;9613;2018;1146;30 a 34 anos;6794;Total;9613
Indicador  3.3.4;1020;81;42;Santa Catarina;9613;2018;1146;30 a 34 anos;92956;Homem;9613
Indicador  3.3.4;1020;63;42;Santa Catarina;9613;2018;1146;30 a 34 anos;92957;Mulher;9613
Indicador  3.3.4;1020;146;42;Santa Catarina;9613;2018;1147;35 a 39 anos;6794;Total;9613
Indicador  3.3.4;1020;97;42;Santa Catarina;9613;2018;1147;35 a 39 anos;92956;Homem;9613
Indicador  3.3.4;1020;49;42;Santa Catarina;9613;2018;1147;35 a 39 anos;92957;Mulher;9613
Indicador  3.3.4;1020;168;42;Santa Catarina;9613;2018;1148;40 a 44 anos;6794;Total;9613
Indicador  3.3.4;1020;118;42;Santa Catarina;9613;2018;1148;40 a 44 anos;92956;Homem;9613
Indicador  3.3.4;1020;50;42;Santa Catarina;9613;2018;1148;40 a 44 anos;92957;Mulher;9613
Indicador  3.3.4;1020;163;42;Santa Catarina;9613;2018;1149;45 a 49 anos;6794;Total;9613
Indicador  3.3.4;1020;102;42;Santa Catarina;9613;2018;1149;45 a 49 anos;92956;Homem;9613
Indicador  3.3.4;1020;61;42;Santa Catarina;9613;2018;1149;45 a 49 anos;92957;Mulher;9613
Indicador  3.3.4;1020;147;42;Santa Catarina;9613;2018;1150;50 a 54 anos;6794;Total;9613
Indicador  3.3.4;1020;98;42;Santa Catarina;9613;2018;1150;50 a 54 anos;92956;Homem;9613
Indicador  3.3.4;1020;49;42;Santa Catarina;9613;2018;1150;50 a 54 anos;92957;Mulher;9613
Indicador  3.3.4;1020;147;42;Santa Catarina;9613;2018;1151;55 a 59 anos;6794;Total;9613
Indicador  3.3.4;1020;87;42;Santa Catarina;9613;2018;1151;55 a 59 anos;92956;Homem;9613
Indicador  3.3.4;1020;60;42;Santa Catarina;9613;2018;1151;55 a 59 anos;92957;Mulher;9613
Indicador  3.3.4;1020;159;42;Santa Catarina;9613;2018;3302;60 anos ou mais;6794;Total;9613
Indicador  3.3.4;1020;104;42;Santa Catarina;9613;2018;3302;60 anos ou mais;92956;Homem;9613
Indicador  3.3.4;1020;55;42;Santa Catarina;9613;2018;3302;60 anos ou mais;92957;Mulher;9613
Indicador  3.3.4;1020;1269;42;Santa Catarina;9613;2019;95253;Total;6794;Total;9613
Indicador  3.3.4;1020;786;42;Santa Catarina;9613;2019;95253;Total;92956;Homem;9613
Indicador  3.3.4;1020;483;42;Santa Catarina;9613;2019;95253;Total;92957;Mulher;9613
Indicador  3.3.4;1020;10;42;Santa Catarina;9613;2019;1140;0 a 4 anos;6794;Total;9613
Indicador  3.3.4;1020;7;42;Santa Catarina;9613;2019;1140;0 a 4 anos;92956;Homem;9613
Indicador  3.3.4;1020;3;42;Santa Catarina;9613;2019;1140;0 a 4 anos;92957;Mulher;9613
Indicador  3.3.4;1020;0;42;Santa Catarina;9613;2019;1141;5 a 9 anos;6794;Total;9613
Indicador  3.3.4;1020;0;42;Santa Catarina;9613;2019;1141;5 a 9 anos;92956;Homem;9613
Indicador  3.3.4;1020;0;42;Santa Catarina;9613;2019;1141;5 a 9 anos;92957;Mulher;9613
Indicador  3.3.4;1020;1;42;Santa Catarina;9613;2019;1142;10 a 14 anos;6794;Total;9613
Indicador  3.3.4;1020;0;42;Santa Catarina;9613;2019;1142;10 a 14 anos;92956;Homem;9613
Indicador  3.3.4;1020;1;42;Santa Catarina;9613;2019;1142;10 a 14 anos;92957;Mulher;9613
Indicador  3.3.4;1020;7;42;Santa Catarina;9613;2019;1143;15 a 19 anos;6794;Total;9613
Indicador  3.3.4;1020;2;42;Santa Catarina;9613;2019;1143;15 a 19 anos;92956;Homem;9613
Indicador  3.3.4;1020;5;42;Santa Catarina;9613;2019;1143;15 a 19 anos;92957;Mulher;9613
Indicador  3.3.4;1020;47;42;Santa Catarina;9613;2019;1144;20 a 24 anos;6794;Total;9613
Indicador  3.3.4;1020;21;42;Santa Catarina;9613;2019;1144;20 a 24 anos;92956;Homem;9613
Indicador  3.3.4;1020;26;42;Santa Catarina;9613;2019;1144;20 a 24 anos;92957;Mulher;9613
Indicador  3.3.4;1020;88;42;Santa Catarina;9613;2019;1145;25 a 29 anos;6794;Total;9613
Indicador  3.3.4;1020;58;42;Santa Catarina;9613;2019;1145;25 a 29 anos;92956;Homem;9613
Indicador  3.3.4;1020;30;42;Santa Catarina;9613;2019;1145;25 a 29 anos;92957;Mulher;9613
Indicador  3.3.4;1020;154;42;Santa Catarina;9613;2019;1146;30 a 34 anos;6794;Total;9613
Indicador  3.3.4;1020;104;42;Santa Catarina;9613;2019;1146;30 a 34 anos;92956;Homem;9613
Indicador  3.3.4;1020;50;42;Santa Catarina;9613;2019;1146;30 a 34 anos;92957;Mulher;9613
Indicador  3.3.4;1020;178;42;Santa Catarina;9613;2019;1147;35 a 39 anos;6794;Total;9613
Indicador  3.3.4;1020;109;42;Santa Catarina;9613;2019;1147;35 a 39 anos;92956;Homem;9613
Indicador  3.3.4;1020;69;42;Santa Catarina;9613;2019;1147;35 a 39 anos;92957;Mulher;9613
Indicador  3.3.4;1020;160;42;Santa Catarina;9613;2019;1148;40 a 44 anos;6794;Total;9613
Indicador  3.3.4;1020;116;42;Santa Catarina;9613;2019;1148;40 a 44 anos;92956;Homem;9613
Indicador  3.3.4;1020;44;42;Santa Catarina;9613;2019;1148;40 a 44 anos;92957;Mulher;9613
Indicador  3.3.4;1020;159;42;Santa Catarina;9613;2019;1149;45 a 49 anos;6794;Total;9613
Indicador  3.3.4;1020;98;42;Santa Catarina;9613;2019;1149;45 a 49 anos;92956;Homem;9613
Indicador  3.3.4;1020;61;42;Santa Catarina;9613;2019;1149;45 a 49 anos;92957;Mulher;9613
Indicador  3.3.4;1020;144;42;Santa Catarina;9613;2019;1150;50 a 54 anos;6794;Total;9613
Indicador  3.3.4;1020;80;42;Santa Catarina;9613;2019;1150;50 a 54 anos;92956;Homem;9613
Indicador  3.3.4;1020;64;42;Santa Catarina;9613;2019;1150;50 a 54 anos;92957;Mulher;9613
Indicador  3.3.4;1020;123;42;Santa Catarina;9613;2019;1151;55 a 59 anos;6794;Total;9613
Indicador  3.3.4;1020;76;42;Santa Catarina;9613;2019;1151;55 a 59 anos;92956;Homem;9613
Indicador  3.3.4;1020;47;42;Santa Catarina;9613;2019;1151;55 a 59 anos;92957;Mulher;9613
Indicador  3.3.4;1020;198;42;Santa Catarina;9613;2019;3302;60 anos ou mais;6794;Total;9613
Indicador  3.3.4;1020;115;42;Santa Catarina;9613;2019;3302;60 anos ou mais;92956;Homem;9613
Indicador  3.3.4;1020;83;42;Santa Catarina;9613;2019;3302;60 anos ou mais;92957;Mulher;9613
Indicador  3.3.4;1020;788;42;Santa Catarina;9613;2020;95253;Total;6794;Total;9613
Indicador  3.3.4;1020;492;42;Santa Catarina;9613;2020;95253;Total;92956;Homem;9613
Indicador  3.3.4;1020;296;42;Santa Catarina;9613;2020;95253;Total;92957;Mulher;9613
Indicador  3.3.4;1020;7;42;Santa Catarina;9613;2020;1140;0 a 4 anos;6794;Total;9613
Indicador  3.3.4;1020;6;42;Santa Catarina;9613;2020;1140;0 a 4 anos;92956;Homem;9613
Indicador  3.3.4;1020;1;42;Santa Catarina;9613;2020;1140;0 a 4 anos;92957;Mulher;9613
Indicador  3.3.4;1020;1;42;Santa Catarina;9613;2020;1141;5 a 9 anos;6794;Total;9613
Indicador  3.3.4;1020;1;42;Santa Catarina;9613;2020;1141;5 a 9 anos;92956;Homem;9613
Indicador  3.3.4;1020;0;42;Santa Catarina;9613;2020;1141;5 a 9 anos;92957;Mulher;9613
Indicador  3.3.4;1020;1;42;Santa Catarina;9613;2020;1142;10 a 14 anos;6794;Total;9613
Indicador  3.3.4;1020;0;42;Santa Catarina;9613;2020;1142;10 a 14 anos;92956;Homem;9613
Indicador  3.3.4;1020;1;42;Santa Catarina;9613;2020;1142;10 a 14 anos;92957;Mulher;9613
Indicador  3.3.4;1020;8;42;Santa Catarina;9613;2020;1143;15 a 19 anos;6794;Total;9613
Indicador  3.3.4;1020;5;42;Santa Catarina;9613;2020;1143;15 a 19 anos;92956;Homem;9613
Indicador  3.3.4;1020;3;42;Santa Catarina;9613;2020;1143;15 a 19 anos;92957;Mulher;9613
Indicador  3.3.4;1020;27;42;Santa Catarina;9613;2020;1144;20 a 24 anos;6794;Total;9613
Indicador  3.3.4;1020;13;42;Santa Catarina;9613;2020;1144;20 a 24 anos;92956;Homem;9613
Indicador  3.3.4;1020;14;42;Santa Catarina;9613;2020;1144;20 a 24 anos;92957;Mulher;9613
Indicador  3.3.4;1020;74;42;Santa Catarina;9613;2020;1145;25 a 29 anos;6794;Total;9613
Indicador  3.3.4;1020;35;42;Santa Catarina;9613;2020;1145;25 a 29 anos;92956;Homem;9613
Indicador  3.3.4;1020;39;42;Santa Catarina;9613;2020;1145;25 a 29 anos;92957;Mulher;9613
Indicador  3.3.4;1020;97;42;Santa Catarina;9613;2020;1146;30 a 34 anos;6794;Total;9613
Indicador  3.3.4;1020;58;42;Santa Catarina;9613;2020;1146;30 a 34 anos;92956;Homem;9613
Indicador  3.3.4;1020;39;42;Santa Catarina;9613;2020;1146;30 a 34 anos;92957;Mulher;9613
Indicador  3.3.4;1020;109;42;Santa Catarina;9613;2020;1147;35 a 39 anos;6794;Total;9613
Indicador  3.3.4;1020;72;42;Santa Catarina;9613;2020;1147;35 a 39 anos;92956;Homem;9613
Indicador  3.3.4;1020;37;42;Santa Catarina;9613;2020;1147;35 a 39 anos;92957;Mulher;9613
Indicador  3.3.4;1020;84;42;Santa Catarina;9613;2020;1148;40 a 44 anos;6794;Total;9613
Indicador  3.3.4;1020;61;42;Santa Catarina;9613;2020;1148;40 a 44 anos;92956;Homem;9613
Indicador  3.3.4;1020;23;42;Santa Catarina;9613;2020;1148;40 a 44 anos;92957;Mulher;9613
Indicador  3.3.4;1020;81;42;Santa Catarina;9613;2020;1149;45 a 49 anos;6794;Total;9613
Indicador  3.3.4;1020;55;42;Santa Catarina;9613;2020;1149;45 a 49 anos;92956;Homem;9613
Indicador  3.3.4;1020;26;42;Santa Catarina;9613;2020;1149;45 a 49 anos;92957;Mulher;9613
Indicador  3.3.4;1020;84;42;Santa Catarina;9613;2020;1150;50 a 54 anos;6794;Total;9613
Indicador  3.3.4;1020;50;42;Santa Catarina;9613;2020;1150;50 a 54 anos;92956;Homem;9613
Indicador  3.3.4;1020;34;42;Santa Catarina;9613;2020;1150;50 a 54 anos;92957;Mulher;9613
Indicador  3.3.4;1020;63;42;Santa Catarina;9613;2020;1151;55 a 59 anos;6794;Total;9613
Indicador  3.3.4;1020;39;42;Santa Catarina;9613;2020;1151;55 a 59 anos;92956;Homem;9613
Indicador  3.3.4;1020;24;42;Santa Catarina;9613;2020;1151;55 a 59 anos;92957;Mulher;9613
Indicador  3.3.4;1020;152;42;Santa Catarina;9613;2020;3302;60 anos ou mais;6794;Total;9613
Indicador  3.3.4;1020;97;42;Santa Catarina;9613;2020;3302;60 anos ou mais;92956;Homem;9613
Indicador  3.3.4;1020;55;42;Santa Catarina;9613;2020;3302;60 anos ou mais;92957;Mulher;9613
Indicador  3.3.4;1020;847;42;Santa Catarina;9613;2021;95253;Total;6794;Total;9613
Indicador  3.3.4;1020;517;42;Santa Catarina;9613;2021;95253;Total;92956;Homem;9613
Indicador  3.3.4;1020;330;42;Santa Catarina;9613;2021;95253;Total;92957;Mulher;9613
Indicador  3.3.4;1020;6;42;Santa Catarina;9613;2021;1140;0 a 4 anos;6794;Total;9613
Indicador  3.3.4;1020;4;42;Santa Catarina;9613;2021;1140;0 a 4 anos;92956;Homem;9613
Indicador  3.3.4;1020;2;42;Santa Catarina;9613;2021;1140;0 a 4 anos;92957;Mulher;9613
Indicador  3.3.4;1020;0;42;Santa Catarina;9613;2021;1141;5 a 9 anos;6794;Total;9613
Indicador  3.3.4;1020;0;42;Santa Catarina;9613;2021;1141;5 a 9 anos;92956;Homem;9613
Indicador  3.3.4;1020;0;42;Santa Catarina;9613;2021;1141;5 a 9 anos;92957;Mulher;9613
Indicador  3.3.4;1020;1;42;Santa Catarina;9613;2021;1142;10 a 14 anos;6794;Total;9613
Indicador  3.3.4;1020;0;42;Santa Catarina;9613;2021;1142;10 a 14 anos;92956;Homem;9613
Indicador  3.3.4;1020;1;42;Santa Catarina;9613;2021;1142;10 a 14 anos;92957;Mulher;9613
Indicador  3.3.4;1020;6;42;Santa Catarina;9613;2021;1143;15 a 19 anos;6794;Total;9613
Indicador  3.3.4;1020;2;42;Santa Catarina;9613;2021;1143;15 a 19 anos;92956;Homem;9613
Indicador  3.3.4;1020;4;42;Santa Catarina;9613;2021;1143;15 a 19 anos;92957;Mulher;9613
Indicador  3.3.4;1020;28;42;Santa Catarina;9613;2021;1144;20 a 24 anos;6794;Total;9613
Indicador  3.3.4;1020;10;42;Santa Catarina;9613;2021;1144;20 a 24 anos;92956;Homem;9613
Indicador  3.3.4;1020;18;42;Santa Catarina;9613;2021;1144;20 a 24 anos;92957;Mulher;9613
Indicador  3.3.4;1020;58;42;Santa Catarina;9613;2021;1145;25 a 29 anos;6794;Total;9613
Indicador  3.3.4;1020;32;42;Santa Catarina;9613;2021;1145;25 a 29 anos;92956;Homem;9613
Indicador  3.3.4;1020;26;42;Santa Catarina;9613;2021;1145;25 a 29 anos;92957;Mulher;9613
Indicador  3.3.4;1020;72;42;Santa Catarina;9613;2021;1146;30 a 34 anos;6794;Total;9613
Indicador  3.3.4;1020;45;42;Santa Catarina;9613;2021;1146;30 a 34 anos;92956;Homem;9613
Indicador  3.3.4;1020;27;42;Santa Catarina;9613;2021;1146;30 a 34 anos;92957;Mulher;9613
Indicador  3.3.4;1020;111;42;Santa Catarina;9613;2021;1147;35 a 39 anos;6794;Total;9613
Indicador  3.3.4;1020;81;42;Santa Catarina;9613;2021;1147;35 a 39 anos;92956;Homem;9613
Indicador  3.3.4;1020;30;42;Santa Catarina;9613;2021;1147;35 a 39 anos;92957;Mulher;9613
Indicador  3.3.4;1020;95;42;Santa Catarina;9613;2021;1148;40 a 44 anos;6794;Total;9613
Indicador  3.3.4;1020;57;42;Santa Catarina;9613;2021;1148;40 a 44 anos;92956;Homem;9613
Indicador  3.3.4;1020;38;42;Santa Catarina;9613;2021;1148;40 a 44 anos;92957;Mulher;9613
Indicador  3.3.4;1020;102;42;Santa Catarina;9613;2021;1149;45 a 49 anos;6794;Total;9613
Indicador  3.3.4;1020;66;42;Santa Catarina;9613;2021;1149;45 a 49 anos;92956;Homem;9613
Indicador  3.3.4;1020;36;42;Santa Catarina;9613;2021;1149;45 a 49 anos;92957;Mulher;9613
Indicador  3.3.4;1020;94;42;Santa Catarina;9613;2021;1150;50 a 54 anos;6794;Total;9613
Indicador  3.3.4;1020;50;42;Santa Catarina;9613;2021;1150;50 a 54 anos;92956;Homem;9613
Indicador  3.3.4;1020;44;42;Santa Catarina;9613;2021;1150;50 a 54 anos;92957;Mulher;9613
Indicador  3.3.4;1020;88;42;Santa Catarina;9613;2021;1151;55 a 59 anos;6794;Total;9613
Indicador  3.3.4;1020;56;42;Santa Catarina;9613;2021;1151;55 a 59 anos;92956;Homem;9613
Indicador  3.3.4;1020;32;42;Santa Catarina;9613;2021;1151;55 a 59 anos;92957;Mulher;9613
Indicador  3.3.4;1020;186;42;Santa Catarina;9613;2021;3302;60 anos ou mais;6794;Total;9613
Indicador  3.3.4;1020;114;42;Santa Catarina;9613;2021;3302;60 anos ou mais;92956;Homem;9613
Indicador  3.3.4;1020;72;42;Santa Catarina;9613;2021;3302;60 anos ou mais;92957;Mulher;9613
Indicador  3.3.4;1020;745;42;Santa Catarina;9613;2022;95253;Total;6794;Total;9613
Indicador  3.3.4;1020;453;42;Santa Catarina;9613;2022;95253;Total;92956;Homem;9613
Indicador  3.3.4;1020;292;42;Santa Catarina;9613;2022;95253;Total;92957;Mulher;9613
Indicador  3.3.4;1020;9;42;Santa Catarina;9613;2022;1140;0 a 4 anos;6794;Total;9613
Indicador  3.3.4;1020;6;42;Santa Catarina;9613;2022;1140;0 a 4 anos;92956;Homem;9613
Indicador  3.3.4;1020;3;42;Santa Catarina;9613;2022;1140;0 a 4 anos;92957;Mulher;9613
Indicador  3.3.4;1020;0;42;Santa Catarina;9613;2022;1141;5 a 9 anos;6794;Total;9613
Indicador  3.3.4;1020;0;42;Santa Catarina;9613;2022;1141;5 a 9 anos;92956;Homem;9613
Indicador  3.3.4;1020;0;42;Santa Catarina;9613;2022;1141;5 a 9 anos;92957;Mulher;9613
Indicador  3.3.4;1020;4;42;Santa Catarina;9613;2022;1142;10 a 14 anos;6794;Total;9613
Indicador  3.3.4;1020;1;42;Santa Catarina;9613;2022;1142;10 a 14 anos;92956;Homem;9613
Indicador  3.3.4;1020;3;42;Santa Catarina;9613;2022;1142;10 a 14 anos;92957;Mulher;9613
Indicador  3.3.4;1020;1;42;Santa Catarina;9613;2022;1143;15 a 19 anos;6794;Total;9613
Indicador  3.3.4;1020;1;42;Santa Catarina;9613;2022;1143;15 a 19 anos;92956;Homem;9613
Indicador  3.3.4;1020;0;42;Santa Catarina;9613;2022;1143;15 a 19 anos;92957;Mulher;9613
Indicador  3.3.4;1020;24;42;Santa Catarina;9613;2022;1144;20 a 24 anos;6794;Total;9613
Indicador  3.3.4;1020;9;42;Santa Catarina;9613;2022;1144;20 a 24 anos;92956;Homem;9613
Indicador  3.3.4;1020;15;42;Santa Catarina;9613;2022;1144;20 a 24 anos;92957;Mulher;9613
Indicador  3.3.4;1020;36;42;Santa Catarina;9613;2022;1145;25 a 29 anos;6794;Total;9613
Indicador  3.3.4;1020;18;42;Santa Catarina;9613;2022;1145;25 a 29 anos;92956;Homem;9613
Indicador  3.3.4;1020;18;42;Santa Catarina;9613;2022;1145;25 a 29 anos;92957;Mulher;9613
Indicador  3.3.4;1020;74;42;Santa Catarina;9613;2022;1146;30 a 34 anos;6794;Total;9613
Indicador  3.3.4;1020;46;42;Santa Catarina;9613;2022;1146;30 a 34 anos;92956;Homem;9613
Indicador  3.3.4;1020;28;42;Santa Catarina;9613;2022;1146;30 a 34 anos;92957;Mulher;9613
Indicador  3.3.4;1020;71;42;Santa Catarina;9613;2022;1147;35 a 39 anos;6794;Total;9613
Indicador  3.3.4;1020;43;42;Santa Catarina;9613;2022;1147;35 a 39 anos;92956;Homem;9613
Indicador  3.3.4;1020;28;42;Santa Catarina;9613;2022;1147;35 a 39 anos;92957;Mulher;9613
Indicador  3.3.4;1020;90;42;Santa Catarina;9613;2022;1148;40 a 44 anos;6794;Total;9613
Indicador  3.3.4;1020;55;42;Santa Catarina;9613;2022;1148;40 a 44 anos;92956;Homem;9613
Indicador  3.3.4;1020;35;42;Santa Catarina;9613;2022;1148;40 a 44 anos;92957;Mulher;9613
Indicador  3.3.4;1020;112;42;Santa Catarina;9613;2022;1149;45 a 49 anos;6794;Total;9613
Indicador  3.3.4;1020;79;42;Santa Catarina;9613;2022;1149;45 a 49 anos;92956;Homem;9613
Indicador  3.3.4;1020;33;42;Santa Catarina;9613;2022;1149;45 a 49 anos;92957;Mulher;9613
Indicador  3.3.4;1020;99;42;Santa Catarina;9613;2022;1150;50 a 54 anos;6794;Total;9613
Indicador  3.3.4;1020;60;42;Santa Catarina;9613;2022;1150;50 a 54 anos;92956;Homem;9613
Indicador  3.3.4;1020;39;42;Santa Catarina;9613;2022;1150;50 a 54 anos;92957;Mulher;9613
Indicador  3.3.4;1020;67;42;Santa Catarina;9613;2022;1151;55 a 59 anos;6794;Total;9613
Indicador  3.3.4;1020;47;42;Santa Catarina;9613;2022;1151;55 a 59 anos;92956;Homem;9613
Indicador  3.3.4;1020;20;42;Santa Catarina;9613;2022;1151;55 a 59 anos;92957;Mulher;9613
Indicador  3.3.4;1020;158;42;Santa Catarina;9613;2022;3302;60 anos ou mais;6794;Total;9613
Indicador  3.3.4;1020;88;42;Santa Catarina;9613;2022;3302;60 anos ou mais;92956;Homem;9613
Indicador  3.3.4;1020;70;42;Santa Catarina;9613;2022;3302;60 anos ou mais;92957;Mulher;9613
Indicador  3.3.4;1020;1462;43;Rio Grande do Sul;9613;2018;95253;Total;6794;Total;9613
Indicador  3.3.4;1020;869;43;Rio Grande do Sul;9613;2018;95253;Total;92956;Homem;9613
Indicador  3.3.4;1020;591;43;Rio Grande do Sul;9613;2018;95253;Total;92957;Mulher;9613
Indicador  3.3.4;1020;12;43;Rio Grande do Sul;9613;2018;1140;0 a 4 anos;6794;Total;9613
Indicador  3.3.4;1020;9;43;Rio Grande do Sul;9613;2018;1140;0 a 4 anos;92956;Homem;9613
Indicador  3.3.4;1020;3;43;Rio Grande do Sul;9613;2018;1140;0 a 4 anos;92957;Mulher;9613
Indicador  3.3.4;1020;1;43;Rio Grande do Sul;9613;2018;1141;5 a 9 anos;6794;Total;9613
Indicador  3.3.4;1020;1;43;Rio Grande do Sul;9613;2018;1141;5 a 9 anos;92956;Homem;9613
Indicador  3.3.4;1020;0;43;Rio Grande do Sul;9613;2018;1141;5 a 9 anos;92957;Mulher;9613
Indicador  3.3.4;1020;2;43;Rio Grande do Sul;9613;2018;1142;10 a 14 anos;6794;Total;9613
Indicador  3.3.4;1020;1;43;Rio Grande do Sul;9613;2018;1142;10 a 14 anos;92956;Homem;9613
Indicador  3.3.4;1020;1;43;Rio Grande do Sul;9613;2018;1142;10 a 14 anos;92957;Mulher;9613
Indicador  3.3.4;1020;19;43;Rio Grande do Sul;9613;2018;1143;15 a 19 anos;6794;Total;9613
Indicador  3.3.4;1020;6;43;Rio Grande do Sul;9613;2018;1143;15 a 19 anos;92956;Homem;9613
Indicador  3.3.4;1020;13;43;Rio Grande do Sul;9613;2018;1143;15 a 19 anos;92957;Mulher;9613
Indicador  3.3.4;1020;63;43;Rio Grande do Sul;9613;2018;1144;20 a 24 anos;6794;Total;9613
Indicador  3.3.4;1020;26;43;Rio Grande do Sul;9613;2018;1144;20 a 24 anos;92956;Homem;9613
Indicador  3.3.4;1020;37;43;Rio Grande do Sul;9613;2018;1144;20 a 24 anos;92957;Mulher;9613
Indicador  3.3.4;1020;111;43;Rio Grande do Sul;9613;2018;1145;25 a 29 anos;6794;Total;9613
Indicador  3.3.4;1020;63;43;Rio Grande do Sul;9613;2018;1145;25 a 29 anos;92956;Homem;9613
Indicador  3.3.4;1020;48;43;Rio Grande do Sul;9613;2018;1145;25 a 29 anos;92957;Mulher;9613
Indicador  3.3.4;1020;124;43;Rio Grande do Sul;9613;2018;1146;30 a 34 anos;6794;Total;9613
Indicador  3.3.4;1020;68;43;Rio Grande do Sul;9613;2018;1146;30 a 34 anos;92956;Homem;9613
Indicador  3.3.4;1020;56;43;Rio Grande do Sul;9613;2018;1146;30 a 34 anos;92957;Mulher;9613
Indicador  3.3.4;1020;155;43;Rio Grande do Sul;9613;2018;1147;35 a 39 anos;6794;Total;9613
Indicador  3.3.4;1020;100;43;Rio Grande do Sul;9613;2018;1147;35 a 39 anos;92956;Homem;9613
Indicador  3.3.4;1020;55;43;Rio Grande do Sul;9613;2018;1147;35 a 39 anos;92957;Mulher;9613
Indicador  3.3.4;1020;169;43;Rio Grande do Sul;9613;2018;1148;40 a 44 anos;6794;Total;9613
Indicador  3.3.4;1020;104;43;Rio Grande do Sul;9613;2018;1148;40 a 44 anos;92956;Homem;9613
Indicador  3.3.4;1020;65;43;Rio Grande do Sul;9613;2018;1148;40 a 44 anos;92957;Mulher;9613
Indicador  3.3.4;1020;196;43;Rio Grande do Sul;9613;2018;1149;45 a 49 anos;6794;Total;9613
Indicador  3.3.4;1020;119;43;Rio Grande do Sul;9613;2018;1149;45 a 49 anos;92956;Homem;9613
Indicador  3.3.4;1020;76;43;Rio Grande do Sul;9613;2018;1149;45 a 49 anos;92957;Mulher;9613
Indicador  3.3.4;1020;161;43;Rio Grande do Sul;9613;2018;1150;50 a 54 anos;6794;Total;9613
Indicador  3.3.4;1020;101;43;Rio Grande do Sul;9613;2018;1150;50 a 54 anos;92956;Homem;9613
Indicador  3.3.4;1020;60;43;Rio Grande do Sul;9613;2018;1150;50 a 54 anos;92957;Mulher;9613
Indicador  3.3.4;1020;164;43;Rio Grande do Sul;9613;2018;1151;55 a 59 anos;6794;Total;9613
Indicador  3.3.4;1020;103;43;Rio Grande do Sul;9613;2018;1151;55 a 59 anos;92956;Homem;9613
Indicador  3.3.4;1020;61;43;Rio Grande do Sul;9613;2018;1151;55 a 59 anos;92957;Mulher;9613
Indicador  3.3.4;1020;285;43;Rio Grande do Sul;9613;2018;3302;60 anos ou mais;6794;Total;9613
Indicador  3.3.4;1020;168;43;Rio Grande do Sul;9613;2018;3302;60 anos ou mais;92956;Homem;9613
Indicador  3.3.4;1020;116;43;Rio Grande do Sul;9613;2018;3302;60 anos ou mais;92957;Mulher;9613
Indicador  3.3.4;1020;1462;43;Rio Grande do Sul;9613;2019;95253;Total;6794;Total;9613
Indicador  3.3.4;1020;868;43;Rio Grande do Sul;9613;2019;95253;Total;92956;Homem;9613
Indicador  3.3.4;1020;592;43;Rio Grande do Sul;9613;2019;95253;Total;92957;Mulher;9613
Indicador  3.3.4;1020;11;43;Rio Grande do Sul;9613;2019;1140;0 a 4 anos;6794;Total;9613
Indicador  3.3.4;1020;4;43;Rio Grande do Sul;9613;2019;1140;0 a 4 anos;92956;Homem;9613
Indicador  3.3.4;1020;7;43;Rio Grande do Sul;9613;2019;1140;0 a 4 anos;92957;Mulher;9613
Indicador  3.3.4;1020;5;43;Rio Grande do Sul;9613;2019;1141;5 a 9 anos;6794;Total;9613
Indicador  3.3.4;1020;1;43;Rio Grande do Sul;9613;2019;1141;5 a 9 anos;92956;Homem;9613
Indicador  3.3.4;1020;4;43;Rio Grande do Sul;9613;2019;1141;5 a 9 anos;92957;Mulher;9613
Indicador  3.3.4;1020;6;43;Rio Grande do Sul;9613;2019;1142;10 a 14 anos;6794;Total;9613
Indicador  3.3.4;1020;3;43;Rio Grande do Sul;9613;2019;1142;10 a 14 anos;92956;Homem;9613
Indicador  3.3.4;1020;3;43;Rio Grande do Sul;9613;2019;1142;10 a 14 anos;92957;Mulher;9613
Indicador  3.3.4;1020;23;43;Rio Grande do Sul;9613;2019;1143;15 a 19 anos;6794;Total;9613
Indicador  3.3.4;1020;8;43;Rio Grande do Sul;9613;2019;1143;15 a 19 anos;92956;Homem;9613
Indicador  3.3.4;1020;15;43;Rio Grande do Sul;9613;2019;1143;15 a 19 anos;92957;Mulher;9613
Indicador  3.3.4;1020;66;43;Rio Grande do Sul;9613;2019;1144;20 a 24 anos;6794;Total;9613
Indicador  3.3.4;1020;26;43;Rio Grande do Sul;9613;2019;1144;20 a 24 anos;92956;Homem;9613
Indicador  3.3.4;1020;39;43;Rio Grande do Sul;9613;2019;1144;20 a 24 anos;92957;Mulher;9613
Indicador  3.3.4;1020;86;43;Rio Grande do Sul;9613;2019;1145;25 a 29 anos;6794;Total;9613
Indicador  3.3.4;1020;50;43;Rio Grande do Sul;9613;2019;1145;25 a 29 anos;92956;Homem;9613
Indicador  3.3.4;1020;36;43;Rio Grande do Sul;9613;2019;1145;25 a 29 anos;92957;Mulher;9613
Indicador  3.3.4;1020;151;43;Rio Grande do Sul;9613;2019;1146;30 a 34 anos;6794;Total;9613
Indicador  3.3.4;1020;87;43;Rio Grande do Sul;9613;2019;1146;30 a 34 anos;92956;Homem;9613
Indicador  3.3.4;1020;64;43;Rio Grande do Sul;9613;2019;1146;30 a 34 anos;92957;Mulher;9613
Indicador  3.3.4;1020;151;43;Rio Grande do Sul;9613;2019;1147;35 a 39 anos;6794;Total;9613
Indicador  3.3.4;1020;101;43;Rio Grande do Sul;9613;2019;1147;35 a 39 anos;92956;Homem;9613
Indicador  3.3.4;1020;50;43;Rio Grande do Sul;9613;2019;1147;35 a 39 anos;92957;Mulher;9613
Indicador  3.3.4;1020;150;43;Rio Grande do Sul;9613;2019;1148;40 a 44 anos;6794;Total;9613
Indicador  3.3.4;1020;89;43;Rio Grande do Sul;9613;2019;1148;40 a 44 anos;92956;Homem;9613
Indicador  3.3.4;1020;61;43;Rio Grande do Sul;9613;2019;1148;40 a 44 anos;92957;Mulher;9613
Indicador  3.3.4;1020;185;43;Rio Grande do Sul;9613;2019;1149;45 a 49 anos;6794;Total;9613
Indicador  3.3.4;1020;130;43;Rio Grande do Sul;9613;2019;1149;45 a 49 anos;92956;Homem;9613
Indicador  3.3.4;1020;55;43;Rio Grande do Sul;9613;2019;1149;45 a 49 anos;92957;Mulher;9613
Indicador  3.3.4;1020;180;43;Rio Grande do Sul;9613;2019;1150;50 a 54 anos;6794;Total;9613
Indicador  3.3.4;1020;113;43;Rio Grande do Sul;9613;2019;1150;50 a 54 anos;92956;Homem;9613
Indicador  3.3.4;1020;67;43;Rio Grande do Sul;9613;2019;1150;50 a 54 anos;92957;Mulher;9613
Indicador  3.3.4;1020;150;43;Rio Grande do Sul;9613;2019;1151;55 a 59 anos;6794;Total;9613
Indicador  3.3.4;1020;85;43;Rio Grande do Sul;9613;2019;1151;55 a 59 anos;92956;Homem;9613
Indicador  3.3.4;1020;65;43;Rio Grande do Sul;9613;2019;1151;55 a 59 anos;92957;Mulher;9613
Indicador  3.3.4;1020;298;43;Rio Grande do Sul;9613;2019;3302;60 anos ou mais;6794;Total;9613
Indicador  3.3.4;1020;171;43;Rio Grande do Sul;9613;2019;3302;60 anos ou mais;92956;Homem;9613
Indicador  3.3.4;1020;126;43;Rio Grande do Sul;9613;2019;3302;60 anos ou mais;92957;Mulher;9613
Indicador  3.3.4;1020;880;43;Rio Grande do Sul;9613;2020;95253;Total;6794;Total;9613
Indicador  3.3.4;1020;540;43;Rio Grande do Sul;9613;2020;95253;Total;92956;Homem;9613
Indicador  3.3.4;1020;340;43;Rio Grande do Sul;9613;2020;95253;Total;92957;Mulher;9613
Indicador  3.3.4;1020;8;43;Rio Grande do Sul;9613;2020;1140;0 a 4 anos;6794;Total;9613
Indicador  3.3.4;1020;4;43;Rio Grande do Sul;9613;2020;1140;0 a 4 anos;92956;Homem;9613
Indicador  3.3.4;1020;4;43;Rio Grande do Sul;9613;2020;1140;0 a 4 anos;92957;Mulher;9613
Indicador  3.3.4;1020;1;43;Rio Grande do Sul;9613;2020;1141;5 a 9 anos;6794;Total;9613
Indicador  3.3.4;1020;0;43;Rio Grande do Sul;9613;2020;1141;5 a 9 anos;92956;Homem;9613
Indicador  3.3.4;1020;1;43;Rio Grande do Sul;9613;2020;1141;5 a 9 anos;92957;Mulher;9613
Indicador  3.3.4;1020;1;43;Rio Grande do Sul;9613;2020;1142;10 a 14 anos;6794;Total;9613
Indicador  3.3.4;1020;1;43;Rio Grande do Sul;9613;2020;1142;10 a 14 anos;92956;Homem;9613
Indicador  3.3.4;1020;0;43;Rio Grande do Sul;9613;2020;1142;10 a 14 anos;92957;Mulher;9613
Indicador  3.3.4;1020;7;43;Rio Grande do Sul;9613;2020;1143;15 a 19 anos;6794;Total;9613
Indicador  3.3.4;1020;2;43;Rio Grande do Sul;9613;2020;1143;15 a 19 anos;92956;Homem;9613
Indicador  3.3.4;1020;5;43;Rio Grande do Sul;9613;2020;1143;15 a 19 anos;92957;Mulher;9613
Indicador  3.3.4;1020;34;43;Rio Grande do Sul;9613;2020;1144;20 a 24 anos;6794;Total;9613
Indicador  3.3.4;1020;13;43;Rio Grande do Sul;9613;2020;1144;20 a 24 anos;92956;Homem;9613
Indicador  3.3.4;1020;21;43;Rio Grande do Sul;9613;2020;1144;20 a 24 anos;92957;Mulher;9613
Indicador  3.3.4;1020;64;43;Rio Grande do Sul;9613;2020;1145;25 a 29 anos;6794;Total;9613
Indicador  3.3.4;1020;31;43;Rio Grande do Sul;9613;2020;1145;25 a 29 anos;92956;Homem;9613
Indicador  3.3.4;1020;33;43;Rio Grande do Sul;9613;2020;1145;25 a 29 anos;92957;Mulher;9613
Indicador  3.3.4;1020;82;43;Rio Grande do Sul;9613;2020;1146;30 a 34 anos;6794;Total;9613
Indicador  3.3.4;1020;54;43;Rio Grande do Sul;9613;2020;1146;30 a 34 anos;92956;Homem;9613
Indicador  3.3.4;1020;28;43;Rio Grande do Sul;9613;2020;1146;30 a 34 anos;92957;Mulher;9613
Indicador  3.3.4;1020;97;43;Rio Grande do Sul;9613;2020;1147;35 a 39 anos;6794;Total;9613
Indicador  3.3.4;1020;65;43;Rio Grande do Sul;9613;2020;1147;35 a 39 anos;92956;Homem;9613
Indicador  3.3.4;1020;32;43;Rio Grande do Sul;9613;2020;1147;35 a 39 anos;92957;Mulher;9613
Indicador  3.3.4;1020;88;43;Rio Grande do Sul;9613;2020;1148;40 a 44 anos;6794;Total;9613
Indicador  3.3.4;1020;63;43;Rio Grande do Sul;9613;2020;1148;40 a 44 anos;92956;Homem;9613
Indicador  3.3.4;1020;25;43;Rio Grande do Sul;9613;2020;1148;40 a 44 anos;92957;Mulher;9613
Indicador  3.3.4;1020;92;43;Rio Grande do Sul;9613;2020;1149;45 a 49 anos;6794;Total;9613
Indicador  3.3.4;1020;55;43;Rio Grande do Sul;9613;2020;1149;45 a 49 anos;92956;Homem;9613
Indicador  3.3.4;1020;37;43;Rio Grande do Sul;9613;2020;1149;45 a 49 anos;92957;Mulher;9613
Indicador  3.3.4;1020;91;43;Rio Grande do Sul;9613;2020;1150;50 a 54 anos;6794;Total;9613
Indicador  3.3.4;1020;57;43;Rio Grande do Sul;9613;2020;1150;50 a 54 anos;92956;Homem;9613
Indicador  3.3.4;1020;34;43;Rio Grande do Sul;9613;2020;1150;50 a 54 anos;92957;Mulher;9613
Indicador  3.3.4;1020;102;43;Rio Grande do Sul;9613;2020;1151;55 a 59 anos;6794;Total;9613
Indicador  3.3.4;1020;68;43;Rio Grande do Sul;9613;2020;1151;55 a 59 anos;92956;Homem;9613
Indicador  3.3.4;1020;34;43;Rio Grande do Sul;9613;2020;1151;55 a 59 anos;92957;Mulher;9613
Indicador  3.3.4;1020;213;43;Rio Grande do Sul;9613;2020;3302;60 anos ou mais;6794;Total;9613
Indicador  3.3.4;1020;127;43;Rio Grande do Sul;9613;2020;3302;60 anos ou mais;92956;Homem;9613
Indicador  3.3.4;1020;86;43;Rio Grande do Sul;9613;2020;3302;60 anos ou mais;92957;Mulher;9613
Indicador  3.3.4;1020;912;43;Rio Grande do Sul;9613;2021;95253;Total;6794;Total;9613
Indicador  3.3.4;1020;562;43;Rio Grande do Sul;9613;2021;95253;Total;92956;Homem;9613
Indicador  3.3.4;1020;350;43;Rio Grande do Sul;9613;2021;95253;Total;92957;Mulher;9613
Indicador  3.3.4;1020;7;43;Rio Grande do Sul;9613;2021;1140;0 a 4 anos;6794;Total;9613
Indicador  3.3.4;1020;5;43;Rio Grande do Sul;9613;2021;1140;0 a 4 anos;92956;Homem;9613
Indicador  3.3.4;1020;2;43;Rio Grande do Sul;9613;2021;1140;0 a 4 anos;92957;Mulher;9613
Indicador  3.3.4;1020;0;43;Rio Grande do Sul;9613;2021;1141;5 a 9 anos;6794;Total;9613
Indicador  3.3.4;1020;0;43;Rio Grande do Sul;9613;2021;1141;5 a 9 anos;92956;Homem;9613
Indicador  3.3.4;1020;0;43;Rio Grande do Sul;9613;2021;1141;5 a 9 anos;92957;Mulher;9613
Indicador  3.3.4;1020;1;43;Rio Grande do Sul;9613;2021;1142;10 a 14 anos;6794;Total;9613
Indicador  3.3.4;1020;0;43;Rio Grande do Sul;9613;2021;1142;10 a 14 anos;92956;Homem;9613
Indicador  3.3.4;1020;1;43;Rio Grande do Sul;9613;2021;1142;10 a 14 anos;92957;Mulher;9613
Indicador  3.3.4;1020;11;43;Rio Grande do Sul;9613;2021;1143;15 a 19 anos;6794;Total;9613
Indicador  3.3.4;1020;2;43;Rio Grande do Sul;9613;2021;1143;15 a 19 anos;92956;Homem;9613
Indicador  3.3.4;1020;9;43;Rio Grande do Sul;9613;2021;1143;15 a 19 anos;92957;Mulher;9613
Indicador  3.3.4;1020;28;43;Rio Grande do Sul;9613;2021;1144;20 a 24 anos;6794;Total;9613
Indicador  3.3.4;1020;11;43;Rio Grande do Sul;9613;2021;1144;20 a 24 anos;92956;Homem;9613
Indicador  3.3.4;1020;17;43;Rio Grande do Sul;9613;2021;1144;20 a 24 anos;92957;Mulher;9613
Indicador  3.3.4;1020;52;43;Rio Grande do Sul;9613;2021;1145;25 a 29 anos;6794;Total;9613
Indicador  3.3.4;1020;24;43;Rio Grande do Sul;9613;2021;1145;25 a 29 anos;92956;Homem;9613
Indicador  3.3.4;1020;28;43;Rio Grande do Sul;9613;2021;1145;25 a 29 anos;92957;Mulher;9613
Indicador  3.3.4;1020;71;43;Rio Grande do Sul;9613;2021;1146;30 a 34 anos;6794;Total;9613
Indicador  3.3.4;1020;49;43;Rio Grande do Sul;9613;2021;1146;30 a 34 anos;92956;Homem;9613
Indicador  3.3.4;1020;22;43;Rio Grande do Sul;9613;2021;1146;30 a 34 anos;92957;Mulher;9613
Indicador  3.3.4;1020;93;43;Rio Grande do Sul;9613;2021;1147;35 a 39 anos;6794;Total;9613
Indicador  3.3.4;1020;63;43;Rio Grande do Sul;9613;2021;1147;35 a 39 anos;92956;Homem;9613
Indicador  3.3.4;1020;30;43;Rio Grande do Sul;9613;2021;1147;35 a 39 anos;92957;Mulher;9613
Indicador  3.3.4;1020;91;43;Rio Grande do Sul;9613;2021;1148;40 a 44 anos;6794;Total;9613
Indicador  3.3.4;1020;58;43;Rio Grande do Sul;9613;2021;1148;40 a 44 anos;92956;Homem;9613
Indicador  3.3.4;1020;33;43;Rio Grande do Sul;9613;2021;1148;40 a 44 anos;92957;Mulher;9613
Indicador  3.3.4;1020;108;43;Rio Grande do Sul;9613;2021;1149;45 a 49 anos;6794;Total;9613
Indicador  3.3.4;1020;68;43;Rio Grande do Sul;9613;2021;1149;45 a 49 anos;92956;Homem;9613
Indicador  3.3.4;1020;40;43;Rio Grande do Sul;9613;2021;1149;45 a 49 anos;92957;Mulher;9613
Indicador  3.3.4;1020;118;43;Rio Grande do Sul;9613;2021;1150;50 a 54 anos;6794;Total;9613
Indicador  3.3.4;1020;79;43;Rio Grande do Sul;9613;2021;1150;50 a 54 anos;92956;Homem;9613
Indicador  3.3.4;1020;39;43;Rio Grande do Sul;9613;2021;1150;50 a 54 anos;92957;Mulher;9613
Indicador  3.3.4;1020;113;43;Rio Grande do Sul;9613;2021;1151;55 a 59 anos;6794;Total;9613
Indicador  3.3.4;1020;67;43;Rio Grande do Sul;9613;2021;1151;55 a 59 anos;92956;Homem;9613
Indicador  3.3.4;1020;46;43;Rio Grande do Sul;9613;2021;1151;55 a 59 anos;92957;Mulher;9613
Indicador  3.3.4;1020;219;43;Rio Grande do Sul;9613;2021;3302;60 anos ou mais;6794;Total;9613
Indicador  3.3.4;1020;136;43;Rio Grande do Sul;9613;2021;3302;60 anos ou mais;92956;Homem;9613
Indicador  3.3.4;1020;83;43;Rio Grande do Sul;9613;2021;3302;60 anos ou mais;92957;Mulher;9613
Indicador  3.3.4;1020;922;43;Rio Grande do Sul;9613;2022;95253;Total;6794;Total;9613
Indicador  3.3.4;1020;555;43;Rio Grande do Sul;9613;2022;95253;Total;92956;Homem;9613
Indicador  3.3.4;1020;366;43;Rio Grande do Sul;9613;2022;95253;Total;92957;Mulher;9613
Indicador  3.3.4;1020;16;43;Rio Grande do Sul;9613;2022;1140;0 a 4 anos;6794;Total;9613
Indicador  3.3.4;1020;12;43;Rio Grande do Sul;9613;2022;1140;0 a 4 anos;92956;Homem;9613
Indicador  3.3.4;1020;3;43;Rio Grande do Sul;9613;2022;1140;0 a 4 anos;92957;Mulher;9613
Indicador  3.3.4;1020;0;43;Rio Grande do Sul;9613;2022;1141;5 a 9 anos;6794;Total;9613
Indicador  3.3.4;1020;0;43;Rio Grande do Sul;9613;2022;1141;5 a 9 anos;92956;Homem;9613
Indicador  3.3.4;1020;0;43;Rio Grande do Sul;9613;2022;1141;5 a 9 anos;92957;Mulher;9613
Indicador  3.3.4;1020;1;43;Rio Grande do Sul;9613;2022;1142;10 a 14 anos;6794;Total;9613
Indicador  3.3.4;1020;1;43;Rio Grande do Sul;9613;2022;1142;10 a 14 anos;92956;Homem;9613
Indicador  3.3.4;1020;0;43;Rio Grande do Sul;9613;2022;1142;10 a 14 anos;92957;Mulher;9613
Indicador  3.3.4;1020;6;43;Rio Grande do Sul;9613;2022;1143;15 a 19 anos;6794;Total;9613
Indicador  3.3.4;1020;2;43;Rio Grande do Sul;9613;2022;1143;15 a 19 anos;92956;Homem;9613
Indicador  3.3.4;1020;4;43;Rio Grande do Sul;9613;2022;1143;15 a 19 anos;92957;Mulher;9613
Indicador  3.3.4;1020;24;43;Rio Grande do Sul;9613;2022;1144;20 a 24 anos;6794;Total;9613
Indicador  3.3.4;1020;10;43;Rio Grande do Sul;9613;2022;1144;20 a 24 anos;92956;Homem;9613
Indicador  3.3.4;1020;14;43;Rio Grande do Sul;9613;2022;1144;20 a 24 anos;92957;Mulher;9613
Indicador  3.3.4;1020;45;43;Rio Grande do Sul;9613;2022;1145;25 a 29 anos;6794;Total;9613
Indicador  3.3.4;1020;28;43;Rio Grande do Sul;9613;2022;1145;25 a 29 anos;92956;Homem;9613
Indicador  3.3.4;1020;17;43;Rio Grande do Sul;9613;2022;1145;25 a 29 anos;92957;Mulher;9613
Indicador  3.3.4;1020;59;43;Rio Grande do Sul;9613;2022;1146;30 a 34 anos;6794;Total;9613
Indicador  3.3.4;1020;39;43;Rio Grande do Sul;9613;2022;1146;30 a 34 anos;92956;Homem;9613
Indicador  3.3.4;1020;20;43;Rio Grande do Sul;9613;2022;1146;30 a 34 anos;92957;Mulher;9613
Indicador  3.3.4;1020;94;43;Rio Grande do Sul;9613;2022;1147;35 a 39 anos;6794;Total;9613
Indicador  3.3.4;1020;51;43;Rio Grande do Sul;9613;2022;1147;35 a 39 anos;92956;Homem;9613
Indicador  3.3.4;1020;43;43;Rio Grande do Sul;9613;2022;1147;35 a 39 anos;92957;Mulher;9613
Indicador  3.3.4;1020;97;43;Rio Grande do Sul;9613;2022;1148;40 a 44 anos;6794;Total;9613
Indicador  3.3.4;1020;50;43;Rio Grande do Sul;9613;2022;1148;40 a 44 anos;92956;Homem;9613
Indicador  3.3.4;1020;47;43;Rio Grande do Sul;9613;2022;1148;40 a 44 anos;92957;Mulher;9613
Indicador  3.3.4;1020;118;43;Rio Grande do Sul;9613;2022;1149;45 a 49 anos;6794;Total;9613
Indicador  3.3.4;1020;74;43;Rio Grande do Sul;9613;2022;1149;45 a 49 anos;92956;Homem;9613
Indicador  3.3.4;1020;44;43;Rio Grande do Sul;9613;2022;1149;45 a 49 anos;92957;Mulher;9613
Indicador  3.3.4;1020;94;43;Rio Grande do Sul;9613;2022;1150;50 a 54 anos;6794;Total;9613
Indicador  3.3.4;1020;49;43;Rio Grande do Sul;9613;2022;1150;50 a 54 anos;92956;Homem;9613
Indicador  3.3.4;1020;45;43;Rio Grande do Sul;9613;2022;1150;50 a 54 anos;92957;Mulher;9613
Indicador  3.3.4;1020;120;43;Rio Grande do Sul;9613;2022;1151;55 a 59 anos;6794;Total;9613
Indicador  3.3.4;1020;77;43;Rio Grande do Sul;9613;2022;1151;55 a 59 anos;92956;Homem;9613
Indicador  3.3.4;1020;43;43;Rio Grande do Sul;9613;2022;1151;55 a 59 anos;92957;Mulher;9613
Indicador  3.3.4;1020;248;43;Rio Grande do Sul;9613;2022;3302;60 anos ou mais;6794;Total;9613
Indicador  3.3.4;1020;162;43;Rio Grande do Sul;9613;2022;3302;60 anos ou mais;92956;Homem;9613
Indicador  3.3.4;1020;86;43;Rio Grande do Sul;9613;2022;3302;60 anos ou mais;92957;Mulher;9613
Indicador  3.3.4;1020;135;50;Mato Grosso do Sul;9613;2018;95253;Total;6794;Total;9613
Indicador  3.3.4;1020;87;50;Mato Grosso do Sul;9613;2018;95253;Total;92956;Homem;9613
Indicador  3.3.4;1020;48;50;Mato Grosso do Sul;9613;2018;95253;Total;92957;Mulher;9613
Indicador  3.3.4;1020;2;50;Mato Grosso do Sul;9613;2018;1140;0 a 4 anos;6794;Total;9613
Indicador  3.3.4;1020;1;50;Mato Grosso do Sul;9613;2018;1140;0 a 4 anos;92956;Homem;9613
Indicador  3.3.4;1020;1;50;Mato Grosso do Sul;9613;2018;1140;0 a 4 anos;92957;Mulher;9613
Indicador  3.3.4;1020;0;50;Mato Grosso do Sul;9613;2018;1141;5 a 9 anos;6794;Total;9613
Indicador  3.3.4;1020;0;50;Mato Grosso do Sul;9613;2018;1141;5 a 9 anos;92956;Homem;9613
Indicador  3.3.4;1020;0;50;Mato Grosso do Sul;9613;2018;1141;5 a 9 anos;92957;Mulher;9613
Indicador  3.3.4;1020;2;50;Mato Grosso do Sul;9613;2018;1142;10 a 14 anos;6794;Total;9613
Indicador  3.3.4;1020;0;50;Mato Grosso do Sul;9613;2018;1142;10 a 14 anos;92956;Homem;9613
Indicador  3.3.4;1020;2;50;Mato Grosso do Sul;9613;2018;1142;10 a 14 anos;92957;Mulher;9613
Indicador  3.3.4;1020;0;50;Mato Grosso do Sul;9613;2018;1143;15 a 19 anos;6794;Total;9613
Indicador  3.3.4;1020;0;50;Mato Grosso do Sul;9613;2018;1143;15 a 19 anos;92956;Homem;9613
Indicador  3.3.4;1020;0;50;Mato Grosso do Sul;9613;2018;1143;15 a 19 anos;92957;Mulher;9613
Indicador  3.3.4;1020;15;50;Mato Grosso do Sul;9613;2018;1144;20 a 24 anos;6794;Total;9613
Indicador  3.3.4;1020;8;50;Mato Grosso do Sul;9613;2018;1144;20 a 24 anos;92956;Homem;9613
Indicador  3.3.4;1020;7;50;Mato Grosso do Sul;9613;2018;1144;20 a 24 anos;92957;Mulher;9613
Indicador  3.3.4;1020;11;50;Mato Grosso do Sul;9613;2018;1145;25 a 29 anos;6794;Total;9613
Indicador  3.3.4;1020;6;50;Mato Grosso do Sul;9613;2018;1145;25 a 29 anos;92956;Homem;9613
Indicador  3.3.4;1020;5;50;Mato Grosso do Sul;9613;2018;1145;25 a 29 anos;92957;Mulher;9613
Indicador  3.3.4;1020;15;50;Mato Grosso do Sul;9613;2018;1146;30 a 34 anos;6794;Total;9613
Indicador  3.3.4;1020;8;50;Mato Grosso do Sul;9613;2018;1146;30 a 34 anos;92956;Homem;9613
Indicador  3.3.4;1020;7;50;Mato Grosso do Sul;9613;2018;1146;30 a 34 anos;92957;Mulher;9613
Indicador  3.3.4;1020;18;50;Mato Grosso do Sul;9613;2018;1147;35 a 39 anos;6794;Total;9613
Indicador  3.3.4;1020;13;50;Mato Grosso do Sul;9613;2018;1147;35 a 39 anos;92956;Homem;9613
Indicador  3.3.4;1020;5;50;Mato Grosso do Sul;9613;2018;1147;35 a 39 anos;92957;Mulher;9613
Indicador  3.3.4;1020;17;50;Mato Grosso do Sul;9613;2018;1148;40 a 44 anos;6794;Total;9613
Indicador  3.3.4;1020;11;50;Mato Grosso do Sul;9613;2018;1148;40 a 44 anos;92956;Homem;9613
Indicador  3.3.4;1020;6;50;Mato Grosso do Sul;9613;2018;1148;40 a 44 anos;92957;Mulher;9613
Indicador  3.3.4;1020;10;50;Mato Grosso do Sul;9613;2018;1149;45 a 49 anos;6794;Total;9613
Indicador  3.3.4;1020;8;50;Mato Grosso do Sul;9613;2018;1149;45 a 49 anos;92956;Homem;9613
Indicador  3.3.4;1020;2;50;Mato Grosso do Sul;9613;2018;1149;45 a 49 anos;92957;Mulher;9613
Indicador  3.3.4;1020;9;50;Mato Grosso do Sul;9613;2018;1150;50 a 54 anos;6794;Total;9613
Indicador  3.3.4;1020;6;50;Mato Grosso do Sul;9613;2018;1150;50 a 54 anos;92956;Homem;9613
Indicador  3.3.4;1020;3;50;Mato Grosso do Sul;9613;2018;1150;50 a 54 anos;92957;Mulher;9613
Indicador  3.3.4;1020;19;50;Mato Grosso do Sul;9613;2018;1151;55 a 59 anos;6794;Total;9613
Indicador  3.3.4;1020;15;50;Mato Grosso do Sul;9613;2018;1151;55 a 59 anos;92956;Homem;9613
Indicador  3.3.4;1020;4;50;Mato Grosso do Sul;9613;2018;1151;55 a 59 anos;92957;Mulher;9613
Indicador  3.3.4;1020;17;50;Mato Grosso do Sul;9613;2018;3302;60 anos ou mais;6794;Total;9613
Indicador  3.3.4;1020;11;50;Mato Grosso do Sul;9613;2018;3302;60 anos ou mais;92956;Homem;9613
Indicador  3.3.4;1020;6;50;Mato Grosso do Sul;9613;2018;3302;60 anos ou mais;92957;Mulher;9613
Indicador  3.3.4;1020;106;50;Mato Grosso do Sul;9613;2019;95253;Total;6794;Total;9613
Indicador  3.3.4;1020;61;50;Mato Grosso do Sul;9613;2019;95253;Total;92956;Homem;9613
Indicador  3.3.4;1020;45;50;Mato Grosso do Sul;9613;2019;95253;Total;92957;Mulher;9613
Indicador  3.3.4;1020;0;50;Mato Grosso do Sul;9613;2019;1140;0 a 4 anos;6794;Total;9613
Indicador  3.3.4;1020;0;50;Mato Grosso do Sul;9613;2019;1140;0 a 4 anos;92956;Homem;9613
Indicador  3.3.4;1020;0;50;Mato Grosso do Sul;9613;2019;1140;0 a 4 anos;92957;Mulher;9613
Indicador  3.3.4;1020;1;50;Mato Grosso do Sul;9613;2019;1141;5 a 9 anos;6794;Total;9613
Indicador  3.3.4;1020;1;50;Mato Grosso do Sul;9613;2019;1141;5 a 9 anos;92956;Homem;9613
Indicador  3.3.4;1020;0;50;Mato Grosso do Sul;9613;2019;1141;5 a 9 anos;92957;Mulher;9613
Indicador  3.3.4;1020;1;50;Mato Grosso do Sul;9613;2019;1142;10 a 14 anos;6794;Total;9613
Indicador  3.3.4;1020;0;50;Mato Grosso do Sul;9613;2019;1142;10 a 14 anos;92956;Homem;9613
Indicador  3.3.4;1020;1;50;Mato Grosso do Sul;9613;2019;1142;10 a 14 anos;92957;Mulher;9613
Indicador  3.3.4;1020;4;50;Mato Grosso do Sul;9613;2019;1143;15 a 19 anos;6794;Total;9613
Indicador  3.3.4;1020;2;50;Mato Grosso do Sul;9613;2019;1143;15 a 19 anos;92956;Homem;9613
Indicador  3.3.4;1020;2;50;Mato Grosso do Sul;9613;2019;1143;15 a 19 anos;92957;Mulher;9613
Indicador  3.3.4;1020;6;50;Mato Grosso do Sul;9613;2019;1144;20 a 24 anos;6794;Total;9613
Indicador  3.3.4;1020;3;50;Mato Grosso do Sul;9613;2019;1144;20 a 24 anos;92956;Homem;9613
Indicador  3.3.4;1020;3;50;Mato Grosso do Sul;9613;2019;1144;20 a 24 anos;92957;Mulher;9613
Indicador  3.3.4;1020;13;50;Mato Grosso do Sul;9613;2019;1145;25 a 29 anos;6794;Total;9613
Indicador  3.3.4;1020;10;50;Mato Grosso do Sul;9613;2019;1145;25 a 29 anos;92956;Homem;9613
Indicador  3.3.4;1020;3;50;Mato Grosso do Sul;9613;2019;1145;25 a 29 anos;92957;Mulher;9613
Indicador  3.3.4;1020;8;50;Mato Grosso do Sul;9613;2019;1146;30 a 34 anos;6794;Total;9613
Indicador  3.3.4;1020;4;50;Mato Grosso do Sul;9613;2019;1146;30 a 34 anos;92956;Homem;9613
Indicador  3.3.4;1020;4;50;Mato Grosso do Sul;9613;2019;1146;30 a 34 anos;92957;Mulher;9613
Indicador  3.3.4;1020;7;50;Mato Grosso do Sul;9613;2019;1147;35 a 39 anos;6794;Total;9613
Indicador  3.3.4;1020;4;50;Mato Grosso do Sul;9613;2019;1147;35 a 39 anos;92956;Homem;9613
Indicador  3.3.4;1020;3;50;Mato Grosso do Sul;9613;2019;1147;35 a 39 anos;92957;Mulher;9613
Indicador  3.3.4;1020;19;50;Mato Grosso do Sul;9613;2019;1148;40 a 44 anos;6794;Total;9613
Indicador  3.3.4;1020;11;50;Mato Grosso do Sul;9613;2019;1148;40 a 44 anos;92956;Homem;9613
Indicador  3.3.4;1020;8;50;Mato Grosso do Sul;9613;2019;1148;40 a 44 anos;92957;Mulher;9613
Indicador  3.3.4;1020;12;50;Mato Grosso do Sul;9613;2019;1149;45 a 49 anos;6794;Total;9613
Indicador  3.3.4;1020;8;50;Mato Grosso do Sul;9613;2019;1149;45 a 49 anos;92956;Homem;9613
Indicador  3.3.4;1020;4;50;Mato Grosso do Sul;9613;2019;1149;45 a 49 anos;92957;Mulher;9613
Indicador  3.3.4;1020;7;50;Mato Grosso do Sul;9613;2019;1150;50 a 54 anos;6794;Total;9613
Indicador  3.3.4;1020;2;50;Mato Grosso do Sul;9613;2019;1150;50 a 54 anos;92956;Homem;9613
Indicador  3.3.4;1020;5;50;Mato Grosso do Sul;9613;2019;1150;50 a 54 anos;92957;Mulher;9613
Indicador  3.3.4;1020;11;50;Mato Grosso do Sul;9613;2019;1151;55 a 59 anos;6794;Total;9613
Indicador  3.3.4;1020;8;50;Mato Grosso do Sul;9613;2019;1151;55 a 59 anos;92956;Homem;9613
Indicador  3.3.4;1020;3;50;Mato Grosso do Sul;9613;2019;1151;55 a 59 anos;92957;Mulher;9613
Indicador  3.3.4;1020;17;50;Mato Grosso do Sul;9613;2019;3302;60 anos ou mais;6794;Total;9613
Indicador  3.3.4;1020;8;50;Mato Grosso do Sul;9613;2019;3302;60 anos ou mais;92956;Homem;9613
Indicador  3.3.4;1020;9;50;Mato Grosso do Sul;9613;2019;3302;60 anos ou mais;92957;Mulher;9613
Indicador  3.3.4;1020;50;50;Mato Grosso do Sul;9613;2020;95253;Total;6794;Total;9613
Indicador  3.3.4;1020;32;50;Mato Grosso do Sul;9613;2020;95253;Total;92956;Homem;9613
Indicador  3.3.4;1020;18;50;Mato Grosso do Sul;9613;2020;95253;Total;92957;Mulher;9613
Indicador  3.3.4;1020;0;50;Mato Grosso do Sul;9613;2020;1140;0 a 4 anos;6794;Total;9613
Indicador  3.3.4;1020;0;50;Mato Grosso do Sul;9613;2020;1140;0 a 4 anos;92956;Homem;9613
Indicador  3.3.4;1020;0;50;Mato Grosso do Sul;9613;2020;1140;0 a 4 anos;92957;Mulher;9613
Indicador  3.3.4;1020;0;50;Mato Grosso do Sul;9613;2020;1141;5 a 9 anos;6794;Total;9613
Indicador  3.3.4;1020;0;50;Mato Grosso do Sul;9613;2020;1141;5 a 9 anos;92956;Homem;9613
Indicador  3.3.4;1020;0;50;Mato Grosso do Sul;9613;2020;1141;5 a 9 anos;92957;Mulher;9613
Indicador  3.3.4;1020;0;50;Mato Grosso do Sul;9613;2020;1142;10 a 14 anos;6794;Total;9613
Indicador  3.3.4;1020;0;50;Mato Grosso do Sul;9613;2020;1142;10 a 14 anos;92956;Homem;9613
Indicador  3.3.4;1020;0;50;Mato Grosso do Sul;9613;2020;1142;10 a 14 anos;92957;Mulher;9613
Indicador  3.3.4;1020;3;50;Mato Grosso do Sul;9613;2020;1143;15 a 19 anos;6794;Total;9613
Indicador  3.3.4;1020;0;50;Mato Grosso do Sul;9613;2020;1143;15 a 19 anos;92956;Homem;9613
Indicador  3.3.4;1020;3;50;Mato Grosso do Sul;9613;2020;1143;15 a 19 anos;92957;Mulher;9613
Indicador  3.3.4;1020;4;50;Mato Grosso do Sul;9613;2020;1144;20 a 24 anos;6794;Total;9613
Indicador  3.3.4;1020;3;50;Mato Grosso do Sul;9613;2020;1144;20 a 24 anos;92956;Homem;9613
Indicador  3.3.4;1020;1;50;Mato Grosso do Sul;9613;2020;1144;20 a 24 anos;92957;Mulher;9613
Indicador  3.3.4;1020;7;50;Mato Grosso do Sul;9613;2020;1145;25 a 29 anos;6794;Total;9613
Indicador  3.3.4;1020;4;50;Mato Grosso do Sul;9613;2020;1145;25 a 29 anos;92956;Homem;9613
Indicador  3.3.4;1020;3;50;Mato Grosso do Sul;9613;2020;1145;25 a 29 anos;92957;Mulher;9613
Indicador  3.3.4;1020;4;50;Mato Grosso do Sul;9613;2020;1146;30 a 34 anos;6794;Total;9613
Indicador  3.3.4;1020;1;50;Mato Grosso do Sul;9613;2020;1146;30 a 34 anos;92956;Homem;9613
Indicador  3.3.4;1020;3;50;Mato Grosso do Sul;9613;2020;1146;30 a 34 anos;92957;Mulher;9613
Indicador  3.3.4;1020;1;50;Mato Grosso do Sul;9613;2020;1147;35 a 39 anos;6794;Total;9613
Indicador  3.3.4;1020;0;50;Mato Grosso do Sul;9613;2020;1147;35 a 39 anos;92956;Homem;9613
Indicador  3.3.4;1020;1;50;Mato Grosso do Sul;9613;2020;1147;35 a 39 anos;92957;Mulher;9613
Indicador  3.3.4;1020;1;50;Mato Grosso do Sul;9613;2020;1148;40 a 44 anos;6794;Total;9613
Indicador  3.3.4;1020;0;50;Mato Grosso do Sul;9613;2020;1148;40 a 44 anos;92956;Homem;9613
Indicador  3.3.4;1020;1;50;Mato Grosso do Sul;9613;2020;1148;40 a 44 anos;92957;Mulher;9613
Indicador  3.3.4;1020;3;50;Mato Grosso do Sul;9613;2020;1149;45 a 49 anos;6794;Total;9613
Indicador  3.3.4;1020;3;50;Mato Grosso do Sul;9613;2020;1149;45 a 49 anos;92956;Homem;9613
Indicador  3.3.4;1020;0;50;Mato Grosso do Sul;9613;2020;1149;45 a 49 anos;92957;Mulher;9613
Indicador  3.3.4;1020;6;50;Mato Grosso do Sul;9613;2020;1150;50 a 54 anos;6794;Total;9613
Indicador  3.3.4;1020;6;50;Mato Grosso do Sul;9613;2020;1150;50 a 54 anos;92956;Homem;9613
Indicador  3.3.4;1020;0;50;Mato Grosso do Sul;9613;2020;1150;50 a 54 anos;92957;Mulher;9613
Indicador  3.3.4;1020;9;50;Mato Grosso do Sul;9613;2020;1151;55 a 59 anos;6794;Total;9613
Indicador  3.3.4;1020;8;50;Mato Grosso do Sul;9613;2020;1151;55 a 59 anos;92956;Homem;9613
Indicador  3.3.4;1020;1;50;Mato Grosso do Sul;9613;2020;1151;55 a 59 anos;92957;Mulher;9613
Indicador  3.3.4;1020;12;50;Mato Grosso do Sul;9613;2020;3302;60 anos ou mais;6794;Total;9613
Indicador  3.3.4;1020;7;50;Mato Grosso do Sul;9613;2020;3302;60 anos ou mais;92956;Homem;9613
Indicador  3.3.4;1020;5;50;Mato Grosso do Sul;9613;2020;3302;60 anos ou mais;92957;Mulher;9613
Indicador  3.3.4;1020;62;50;Mato Grosso do Sul;9613;2021;95253;Total;6794;Total;9613
Indicador  3.3.4;1020;41;50;Mato Grosso do Sul;9613;2021;95253;Total;92956;Homem;9613
Indicador  3.3.4;1020;21;50;Mato Grosso do Sul;9613;2021;95253;Total;92957;Mulher;9613
Indicador  3.3.4;1020;1;50;Mato Grosso do Sul;9613;2021;1140;0 a 4 anos;6794;Total;9613
Indicador  3.3.4;1020;1;50;Mato Grosso do Sul;9613;2021;1140;0 a 4 anos;92956;Homem;9613
Indicador  3.3.4;1020;0;50;Mato Grosso do Sul;9613;2021;1140;0 a 4 anos;92957;Mulher;9613
Indicador  3.3.4;1020;0;50;Mato Grosso do Sul;9613;2021;1141;5 a 9 anos;6794;Total;9613
Indicador  3.3.4;1020;0;50;Mato Grosso do Sul;9613;2021;1141;5 a 9 anos;92956;Homem;9613
Indicador  3.3.4;1020;0;50;Mato Grosso do Sul;9613;2021;1141;5 a 9 anos;92957;Mulher;9613
Indicador  3.3.4;1020;0;50;Mato Grosso do Sul;9613;2021;1142;10 a 14 anos;6794;Total;9613
Indicador  3.3.4;1020;0;50;Mato Grosso do Sul;9613;2021;1142;10 a 14 anos;92956;Homem;9613
Indicador  3.3.4;1020;0;50;Mato Grosso do Sul;9613;2021;1142;10 a 14 anos;92957;Mulher;9613
Indicador  3.3.4;1020;0;50;Mato Grosso do Sul;9613;2021;1143;15 a 19 anos;6794;Total;9613
Indicador  3.3.4;1020;0;50;Mato Grosso do Sul;9613;2021;1143;15 a 19 anos;92956;Homem;9613
Indicador  3.3.4;1020;0;50;Mato Grosso do Sul;9613;2021;1143;15 a 19 anos;92957;Mulher;9613
Indicador  3.3.4;1020;4;50;Mato Grosso do Sul;9613;2021;1144;20 a 24 anos;6794;Total;9613
Indicador  3.3.4;1020;2;50;Mato Grosso do Sul;9613;2021;1144;20 a 24 anos;92956;Homem;9613
Indicador  3.3.4;1020;2;50;Mato Grosso do Sul;9613;2021;1144;20 a 24 anos;92957;Mulher;9613
Indicador  3.3.4;1020;7;50;Mato Grosso do Sul;9613;2021;1145;25 a 29 anos;6794;Total;9613
Indicador  3.3.4;1020;4;50;Mato Grosso do Sul;9613;2021;1145;25 a 29 anos;92956;Homem;9613
Indicador  3.3.4;1020;3;50;Mato Grosso do Sul;9613;2021;1145;25 a 29 anos;92957;Mulher;9613
Indicador  3.3.4;1020;7;50;Mato Grosso do Sul;9613;2021;1146;30 a 34 anos;6794;Total;9613
Indicador  3.3.4;1020;7;50;Mato Grosso do Sul;9613;2021;1146;30 a 34 anos;92956;Homem;9613
Indicador  3.3.4;1020;0;50;Mato Grosso do Sul;9613;2021;1146;30 a 34 anos;92957;Mulher;9613
Indicador  3.3.4;1020;5;50;Mato Grosso do Sul;9613;2021;1147;35 a 39 anos;6794;Total;9613
Indicador  3.3.4;1020;3;50;Mato Grosso do Sul;9613;2021;1147;35 a 39 anos;92956;Homem;9613
Indicador  3.3.4;1020;2;50;Mato Grosso do Sul;9613;2021;1147;35 a 39 anos;92957;Mulher;9613
Indicador  3.3.4;1020;4;50;Mato Grosso do Sul;9613;2021;1148;40 a 44 anos;6794;Total;9613
Indicador  3.3.4;1020;1;50;Mato Grosso do Sul;9613;2021;1148;40 a 44 anos;92956;Homem;9613
Indicador  3.3.4;1020;3;50;Mato Grosso do Sul;9613;2021;1148;40 a 44 anos;92957;Mulher;9613
Indicador  3.3.4;1020;8;50;Mato Grosso do Sul;9613;2021;1149;45 a 49 anos;6794;Total;9613
Indicador  3.3.4;1020;6;50;Mato Grosso do Sul;9613;2021;1149;45 a 49 anos;92956;Homem;9613
Indicador  3.3.4;1020;2;50;Mato Grosso do Sul;9613;2021;1149;45 a 49 anos;92957;Mulher;9613
Indicador  3.3.4;1020;10;50;Mato Grosso do Sul;9613;2021;1150;50 a 54 anos;6794;Total;9613
Indicador  3.3.4;1020;8;50;Mato Grosso do Sul;9613;2021;1150;50 a 54 anos;92956;Homem;9613
Indicador  3.3.4;1020;2;50;Mato Grosso do Sul;9613;2021;1150;50 a 54 anos;92957;Mulher;9613
Indicador  3.3.4;1020;6;50;Mato Grosso do Sul;9613;2021;1151;55 a 59 anos;6794;Total;9613
Indicador  3.3.4;1020;2;50;Mato Grosso do Sul;9613;2021;1151;55 a 59 anos;92956;Homem;9613
Indicador  3.3.4;1020;4;50;Mato Grosso do Sul;9613;2021;1151;55 a 59 anos;92957;Mulher;9613
Indicador  3.3.4;1020;10;50;Mato Grosso do Sul;9613;2021;3302;60 anos ou mais;6794;Total;9613
Indicador  3.3.4;1020;7;50;Mato Grosso do Sul;9613;2021;3302;60 anos ou mais;92956;Homem;9613
Indicador  3.3.4;1020;3;50;Mato Grosso do Sul;9613;2021;3302;60 anos ou mais;92957;Mulher;9613
Indicador  3.3.4;1020;74;50;Mato Grosso do Sul;9613;2022;95253;Total;6794;Total;9613
Indicador  3.3.4;1020;40;50;Mato Grosso do Sul;9613;2022;95253;Total;92956;Homem;9613
Indicador  3.3.4;1020;34;50;Mato Grosso do Sul;9613;2022;95253;Total;92957;Mulher;9613
Indicador  3.3.4;1020;0;50;Mato Grosso do Sul;9613;2022;1140;0 a 4 anos;6794;Total;9613
Indicador  3.3.4;1020;0;50;Mato Grosso do Sul;9613;2022;1140;0 a 4 anos;92956;Homem;9613
Indicador  3.3.4;1020;0;50;Mato Grosso do Sul;9613;2022;1140;0 a 4 anos;92957;Mulher;9613
Indicador  3.3.4;1020;0;50;Mato Grosso do Sul;9613;2022;1141;5 a 9 anos;6794;Total;9613
Indicador  3.3.4;1020;0;50;Mato Grosso do Sul;9613;2022;1141;5 a 9 anos;92956;Homem;9613
Indicador  3.3.4;1020;0;50;Mato Grosso do Sul;9613;2022;1141;5 a 9 anos;92957;Mulher;9613
Indicador  3.3.4;1020;0;50;Mato Grosso do Sul;9613;2022;1142;10 a 14 anos;6794;Total;9613
Indicador  3.3.4;1020;0;50;Mato Grosso do Sul;9613;2022;1142;10 a 14 anos;92956;Homem;9613
Indicador  3.3.4;1020;0;50;Mato Grosso do Sul;9613;2022;1142;10 a 14 anos;92957;Mulher;9613
Indicador  3.3.4;1020;0;50;Mato Grosso do Sul;9613;2022;1143;15 a 19 anos;6794;Total;9613
Indicador  3.3.4;1020;0;50;Mato Grosso do Sul;9613;2022;1143;15 a 19 anos;92956;Homem;9613
Indicador  3.3.4;1020;0;50;Mato Grosso do Sul;9613;2022;1143;15 a 19 anos;92957;Mulher;9613
Indicador  3.3.4;1020;2;50;Mato Grosso do Sul;9613;2022;1144;20 a 24 anos;6794;Total;9613
Indicador  3.3.4;1020;0;50;Mato Grosso do Sul;9613;2022;1144;20 a 24 anos;92956;Homem;9613
Indicador  3.3.4;1020;2;50;Mato Grosso do Sul;9613;2022;1144;20 a 24 anos;92957;Mulher;9613
Indicador  3.3.4;1020;5;50;Mato Grosso do Sul;9613;2022;1145;25 a 29 anos;6794;Total;9613
Indicador  3.3.4;1020;3;50;Mato Grosso do Sul;9613;2022;1145;25 a 29 anos;92956;Homem;9613
Indicador  3.3.4;1020;2;50;Mato Grosso do Sul;9613;2022;1145;25 a 29 anos;92957;Mulher;9613
Indicador  3.3.4;1020;5;50;Mato Grosso do Sul;9613;2022;1146;30 a 34 anos;6794;Total;9613
Indicador  3.3.4;1020;0;50;Mato Grosso do Sul;9613;2022;1146;30 a 34 anos;92956;Homem;9613
Indicador  3.3.4;1020;5;50;Mato Grosso do Sul;9613;2022;1146;30 a 34 anos;92957;Mulher;9613
Indicador  3.3.4;1020;7;50;Mato Grosso do Sul;9613;2022;1147;35 a 39 anos;6794;Total;9613
Indicador  3.3.4;1020;5;50;Mato Grosso do Sul;9613;2022;1147;35 a 39 anos;92956;Homem;9613
Indicador  3.3.4;1020;2;50;Mato Grosso do Sul;9613;2022;1147;35 a 39 anos;92957;Mulher;9613
Indicador  3.3.4;1020;13;50;Mato Grosso do Sul;9613;2022;1148;40 a 44 anos;6794;Total;9613
Indicador  3.3.4;1020;10;50;Mato Grosso do Sul;9613;2022;1148;40 a 44 anos;92956;Homem;9613
Indicador  3.3.4;1020;3;50;Mato Grosso do Sul;9613;2022;1148;40 a 44 anos;92957;Mulher;9613
Indicador  3.3.4;1020;9;50;Mato Grosso do Sul;9613;2022;1149;45 a 49 anos;6794;Total;9613
Indicador  3.3.4;1020;3;50;Mato Grosso do Sul;9613;2022;1149;45 a 49 anos;92956;Homem;9613
Indicador  3.3.4;1020;6;50;Mato Grosso do Sul;9613;2022;1149;45 a 49 anos;92957;Mulher;9613
Indicador  3.3.4;1020;9;50;Mato Grosso do Sul;9613;2022;1150;50 a 54 anos;6794;Total;9613
Indicador  3.3.4;1020;5;50;Mato Grosso do Sul;9613;2022;1150;50 a 54 anos;92956;Homem;9613
Indicador  3.3.4;1020;4;50;Mato Grosso do Sul;9613;2022;1150;50 a 54 anos;92957;Mulher;9613
Indicador  3.3.4;1020;8;50;Mato Grosso do Sul;9613;2022;1151;55 a 59 anos;6794;Total;9613
Indicador  3.3.4;1020;4;50;Mato Grosso do Sul;9613;2022;1151;55 a 59 anos;92956;Homem;9613
Indicador  3.3.4;1020;4;50;Mato Grosso do Sul;9613;2022;1151;55 a 59 anos;92957;Mulher;9613
Indicador  3.3.4;1020;16;50;Mato Grosso do Sul;9613;2022;3302;60 anos ou mais;6794;Total;9613
Indicador  3.3.4;1020;10;50;Mato Grosso do Sul;9613;2022;3302;60 anos ou mais;92956;Homem;9613
Indicador  3.3.4;1020;6;50;Mato Grosso do Sul;9613;2022;3302;60 anos ou mais;92957;Mulher;9613
Indicador  3.3.4;1020;477;51;Mato Grosso;9613;2018;95253;Total;6794;Total;9613
Indicador  3.3.4;1020;269;51;Mato Grosso;9613;2018;95253;Total;92956;Homem;9613
Indicador  3.3.4;1020;208;51;Mato Grosso;9613;2018;95253;Total;92957;Mulher;9613
Indicador  3.3.4;1020;2;51;Mato Grosso;9613;2018;1140;0 a 4 anos;6794;Total;9613
Indicador  3.3.4;1020;1;51;Mato Grosso;9613;2018;1140;0 a 4 anos;92956;Homem;9613
Indicador  3.3.4;1020;1;51;Mato Grosso;9613;2018;1140;0 a 4 anos;92957;Mulher;9613
Indicador  3.3.4;1020;2;51;Mato Grosso;9613;2018;1141;5 a 9 anos;6794;Total;9613
Indicador  3.3.4;1020;2;51;Mato Grosso;9613;2018;1141;5 a 9 anos;92956;Homem;9613
Indicador  3.3.4;1020;0;51;Mato Grosso;9613;2018;1141;5 a 9 anos;92957;Mulher;9613
Indicador  3.3.4;1020;1;51;Mato Grosso;9613;2018;1142;10 a 14 anos;6794;Total;9613
Indicador  3.3.4;1020;1;51;Mato Grosso;9613;2018;1142;10 a 14 anos;92956;Homem;9613
Indicador  3.3.4;1020;0;51;Mato Grosso;9613;2018;1142;10 a 14 anos;92957;Mulher;9613
Indicador  3.3.4;1020;10;51;Mato Grosso;9613;2018;1143;15 a 19 anos;6794;Total;9613
Indicador  3.3.4;1020;1;51;Mato Grosso;9613;2018;1143;15 a 19 anos;92956;Homem;9613
Indicador  3.3.4;1020;9;51;Mato Grosso;9613;2018;1143;15 a 19 anos;92957;Mulher;9613
Indicador  3.3.4;1020;38;51;Mato Grosso;9613;2018;1144;20 a 24 anos;6794;Total;9613
Indicador  3.3.4;1020;14;51;Mato Grosso;9613;2018;1144;20 a 24 anos;92956;Homem;9613
Indicador  3.3.4;1020;24;51;Mato Grosso;9613;2018;1144;20 a 24 anos;92957;Mulher;9613
Indicador  3.3.4;1020;61;51;Mato Grosso;9613;2018;1145;25 a 29 anos;6794;Total;9613
Indicador  3.3.4;1020;24;51;Mato Grosso;9613;2018;1145;25 a 29 anos;92956;Homem;9613
Indicador  3.3.4;1020;37;51;Mato Grosso;9613;2018;1145;25 a 29 anos;92957;Mulher;9613
Indicador  3.3.4;1020;55;51;Mato Grosso;9613;2018;1146;30 a 34 anos;6794;Total;9613
Indicador  3.3.4;1020;20;51;Mato Grosso;9613;2018;1146;30 a 34 anos;92956;Homem;9613
Indicador  3.3.4;1020;35;51;Mato Grosso;9613;2018;1146;30 a 34 anos;92957;Mulher;9613
Indicador  3.3.4;1020;62;51;Mato Grosso;9613;2018;1147;35 a 39 anos;6794;Total;9613
Indicador  3.3.4;1020;33;51;Mato Grosso;9613;2018;1147;35 a 39 anos;92956;Homem;9613
Indicador  3.3.4;1020;29;51;Mato Grosso;9613;2018;1147;35 a 39 anos;92957;Mulher;9613
Indicador  3.3.4;1020;55;51;Mato Grosso;9613;2018;1148;40 a 44 anos;6794;Total;9613
Indicador  3.3.4;1020;36;51;Mato Grosso;9613;2018;1148;40 a 44 anos;92956;Homem;9613
Indicador  3.3.4;1020;19;51;Mato Grosso;9613;2018;1148;40 a 44 anos;92957;Mulher;9613
Indicador  3.3.4;1020;50;51;Mato Grosso;9613;2018;1149;45 a 49 anos;6794;Total;9613
Indicador  3.3.4;1020;34;51;Mato Grosso;9613;2018;1149;45 a 49 anos;92956;Homem;9613
Indicador  3.3.4;1020;16;51;Mato Grosso;9613;2018;1149;45 a 49 anos;92957;Mulher;9613
Indicador  3.3.4;1020;56;51;Mato Grosso;9613;2018;1150;50 a 54 anos;6794;Total;9613
Indicador  3.3.4;1020;40;51;Mato Grosso;9613;2018;1150;50 a 54 anos;92956;Homem;9613
Indicador  3.3.4;1020;16;51;Mato Grosso;9613;2018;1150;50 a 54 anos;92957;Mulher;9613
Indicador  3.3.4;1020;33;51;Mato Grosso;9613;2018;1151;55 a 59 anos;6794;Total;9613
Indicador  3.3.4;1020;25;51;Mato Grosso;9613;2018;1151;55 a 59 anos;92956;Homem;9613
Indicador  3.3.4;1020;8;51;Mato Grosso;9613;2018;1151;55 a 59 anos;92957;Mulher;9613
Indicador  3.3.4;1020;52;51;Mato Grosso;9613;2018;3302;60 anos ou mais;6794;Total;9613
Indicador  3.3.4;1020;38;51;Mato Grosso;9613;2018;3302;60 anos ou mais;92956;Homem;9613
Indicador  3.3.4;1020;14;51;Mato Grosso;9613;2018;3302;60 anos ou mais;92957;Mulher;9613
Indicador  3.3.4;1020;553;51;Mato Grosso;9613;2019;95253;Total;6794;Total;9613
Indicador  3.3.4;1020;321;51;Mato Grosso;9613;2019;95253;Total;92956;Homem;9613
Indicador  3.3.4;1020;232;51;Mato Grosso;9613;2019;95253;Total;92957;Mulher;9613
Indicador  3.3.4;1020;3;51;Mato Grosso;9613;2019;1140;0 a 4 anos;6794;Total;9613
Indicador  3.3.4;1020;2;51;Mato Grosso;9613;2019;1140;0 a 4 anos;92956;Homem;9613
Indicador  3.3.4;1020;1;51;Mato Grosso;9613;2019;1140;0 a 4 anos;92957;Mulher;9613
Indicador  3.3.4;1020;0;51;Mato Grosso;9613;2019;1141;5 a 9 anos;6794;Total;9613
Indicador  3.3.4;1020;0;51;Mato Grosso;9613;2019;1141;5 a 9 anos;92956;Homem;9613
Indicador  3.3.4;1020;0;51;Mato Grosso;9613;2019;1141;5 a 9 anos;92957;Mulher;9613
Indicador  3.3.4;1020;3;51;Mato Grosso;9613;2019;1142;10 a 14 anos;6794;Total;9613
Indicador  3.3.4;1020;1;51;Mato Grosso;9613;2019;1142;10 a 14 anos;92956;Homem;9613
Indicador  3.3.4;1020;2;51;Mato Grosso;9613;2019;1142;10 a 14 anos;92957;Mulher;9613
Indicador  3.3.4;1020;11;51;Mato Grosso;9613;2019;1143;15 a 19 anos;6794;Total;9613
Indicador  3.3.4;1020;4;51;Mato Grosso;9613;2019;1143;15 a 19 anos;92956;Homem;9613
Indicador  3.3.4;1020;7;51;Mato Grosso;9613;2019;1143;15 a 19 anos;92957;Mulher;9613
Indicador  3.3.4;1020;32;51;Mato Grosso;9613;2019;1144;20 a 24 anos;6794;Total;9613
Indicador  3.3.4;1020;10;51;Mato Grosso;9613;2019;1144;20 a 24 anos;92956;Homem;9613
Indicador  3.3.4;1020;22;51;Mato Grosso;9613;2019;1144;20 a 24 anos;92957;Mulher;9613
Indicador  3.3.4;1020;75;51;Mato Grosso;9613;2019;1145;25 a 29 anos;6794;Total;9613
Indicador  3.3.4;1020;34;51;Mato Grosso;9613;2019;1145;25 a 29 anos;92956;Homem;9613
Indicador  3.3.4;1020;41;51;Mato Grosso;9613;2019;1145;25 a 29 anos;92957;Mulher;9613
Indicador  3.3.4;1020;68;51;Mato Grosso;9613;2019;1146;30 a 34 anos;6794;Total;9613
Indicador  3.3.4;1020;43;51;Mato Grosso;9613;2019;1146;30 a 34 anos;92956;Homem;9613
Indicador  3.3.4;1020;25;51;Mato Grosso;9613;2019;1146;30 a 34 anos;92957;Mulher;9613
Indicador  3.3.4;1020;82;51;Mato Grosso;9613;2019;1147;35 a 39 anos;6794;Total;9613
Indicador  3.3.4;1020;47;51;Mato Grosso;9613;2019;1147;35 a 39 anos;92956;Homem;9613
Indicador  3.3.4;1020;35;51;Mato Grosso;9613;2019;1147;35 a 39 anos;92957;Mulher;9613
Indicador  3.3.4;1020;71;51;Mato Grosso;9613;2019;1148;40 a 44 anos;6794;Total;9613
Indicador  3.3.4;1020;42;51;Mato Grosso;9613;2019;1148;40 a 44 anos;92956;Homem;9613
Indicador  3.3.4;1020;29;51;Mato Grosso;9613;2019;1148;40 a 44 anos;92957;Mulher;9613
Indicador  3.3.4;1020;65;51;Mato Grosso;9613;2019;1149;45 a 49 anos;6794;Total;9613
Indicador  3.3.4;1020;43;51;Mato Grosso;9613;2019;1149;45 a 49 anos;92956;Homem;9613
Indicador  3.3.4;1020;22;51;Mato Grosso;9613;2019;1149;45 a 49 anos;92957;Mulher;9613
Indicador  3.3.4;1020;50;51;Mato Grosso;9613;2019;1150;50 a 54 anos;6794;Total;9613
Indicador  3.3.4;1020;32;51;Mato Grosso;9613;2019;1150;50 a 54 anos;92956;Homem;9613
Indicador  3.3.4;1020;18;51;Mato Grosso;9613;2019;1150;50 a 54 anos;92957;Mulher;9613
Indicador  3.3.4;1020;35;51;Mato Grosso;9613;2019;1151;55 a 59 anos;6794;Total;9613
Indicador  3.3.4;1020;28;51;Mato Grosso;9613;2019;1151;55 a 59 anos;92956;Homem;9613
Indicador  3.3.4;1020;7;51;Mato Grosso;9613;2019;1151;55 a 59 anos;92957;Mulher;9613
Indicador  3.3.4;1020;58;51;Mato Grosso;9613;2019;3302;60 anos ou mais;6794;Total;9613
Indicador  3.3.4;1020;35;51;Mato Grosso;9613;2019;3302;60 anos ou mais;92956;Homem;9613
Indicador  3.3.4;1020;23;51;Mato Grosso;9613;2019;3302;60 anos ou mais;92957;Mulher;9613
Indicador  3.3.4;1020;290;51;Mato Grosso;9613;2020;95253;Total;6794;Total;9613
Indicador  3.3.4;1020;168;51;Mato Grosso;9613;2020;95253;Total;92956;Homem;9613
Indicador  3.3.4;1020;122;51;Mato Grosso;9613;2020;95253;Total;92957;Mulher;9613
Indicador  3.3.4;1020;4;51;Mato Grosso;9613;2020;1140;0 a 4 anos;6794;Total;9613
Indicador  3.3.4;1020;2;51;Mato Grosso;9613;2020;1140;0 a 4 anos;92956;Homem;9613
Indicador  3.3.4;1020;2;51;Mato Grosso;9613;2020;1140;0 a 4 anos;92957;Mulher;9613
Indicador  3.3.4;1020;0;51;Mato Grosso;9613;2020;1141;5 a 9 anos;6794;Total;9613
Indicador  3.3.4;1020;0;51;Mato Grosso;9613;2020;1141;5 a 9 anos;92956;Homem;9613
Indicador  3.3.4;1020;0;51;Mato Grosso;9613;2020;1141;5 a 9 anos;92957;Mulher;9613
Indicador  3.3.4;1020;1;51;Mato Grosso;9613;2020;1142;10 a 14 anos;6794;Total;9613
Indicador  3.3.4;1020;0;51;Mato Grosso;9613;2020;1142;10 a 14 anos;92956;Homem;9613
Indicador  3.3.4;1020;1;51;Mato Grosso;9613;2020;1142;10 a 14 anos;92957;Mulher;9613
Indicador  3.3.4;1020;8;51;Mato Grosso;9613;2020;1143;15 a 19 anos;6794;Total;9613
Indicador  3.3.4;1020;1;51;Mato Grosso;9613;2020;1143;15 a 19 anos;92956;Homem;9613
Indicador  3.3.4;1020;7;51;Mato Grosso;9613;2020;1143;15 a 19 anos;92957;Mulher;9613
Indicador  3.3.4;1020;25;51;Mato Grosso;9613;2020;1144;20 a 24 anos;6794;Total;9613
Indicador  3.3.4;1020;8;51;Mato Grosso;9613;2020;1144;20 a 24 anos;92956;Homem;9613
Indicador  3.3.4;1020;17;51;Mato Grosso;9613;2020;1144;20 a 24 anos;92957;Mulher;9613
Indicador  3.3.4;1020;32;51;Mato Grosso;9613;2020;1145;25 a 29 anos;6794;Total;9613
Indicador  3.3.4;1020;13;51;Mato Grosso;9613;2020;1145;25 a 29 anos;92956;Homem;9613
Indicador  3.3.4;1020;19;51;Mato Grosso;9613;2020;1145;25 a 29 anos;92957;Mulher;9613
Indicador  3.3.4;1020;41;51;Mato Grosso;9613;2020;1146;30 a 34 anos;6794;Total;9613
Indicador  3.3.4;1020;17;51;Mato Grosso;9613;2020;1146;30 a 34 anos;92956;Homem;9613
Indicador  3.3.4;1020;24;51;Mato Grosso;9613;2020;1146;30 a 34 anos;92957;Mulher;9613
Indicador  3.3.4;1020;33;51;Mato Grosso;9613;2020;1147;35 a 39 anos;6794;Total;9613
Indicador  3.3.4;1020;23;51;Mato Grosso;9613;2020;1147;35 a 39 anos;92956;Homem;9613
Indicador  3.3.4;1020;10;51;Mato Grosso;9613;2020;1147;35 a 39 anos;92957;Mulher;9613
Indicador  3.3.4;1020;32;51;Mato Grosso;9613;2020;1148;40 a 44 anos;6794;Total;9613
Indicador  3.3.4;1020;22;51;Mato Grosso;9613;2020;1148;40 a 44 anos;92956;Homem;9613
Indicador  3.3.4;1020;10;51;Mato Grosso;9613;2020;1148;40 a 44 anos;92957;Mulher;9613
Indicador  3.3.4;1020;31;51;Mato Grosso;9613;2020;1149;45 a 49 anos;6794;Total;9613
Indicador  3.3.4;1020;23;51;Mato Grosso;9613;2020;1149;45 a 49 anos;92956;Homem;9613
Indicador  3.3.4;1020;8;51;Mato Grosso;9613;2020;1149;45 a 49 anos;92957;Mulher;9613
Indicador  3.3.4;1020;31;51;Mato Grosso;9613;2020;1150;50 a 54 anos;6794;Total;9613
Indicador  3.3.4;1020;22;51;Mato Grosso;9613;2020;1150;50 a 54 anos;92956;Homem;9613
Indicador  3.3.4;1020;9;51;Mato Grosso;9613;2020;1150;50 a 54 anos;92957;Mulher;9613
Indicador  3.3.4;1020;17;51;Mato Grosso;9613;2020;1151;55 a 59 anos;6794;Total;9613
Indicador  3.3.4;1020;14;51;Mato Grosso;9613;2020;1151;55 a 59 anos;92956;Homem;9613
Indicador  3.3.4;1020;3;51;Mato Grosso;9613;2020;1151;55 a 59 anos;92957;Mulher;9613
Indicador  3.3.4;1020;35;51;Mato Grosso;9613;2020;3302;60 anos ou mais;6794;Total;9613
Indicador  3.3.4;1020;23;51;Mato Grosso;9613;2020;3302;60 anos ou mais;92956;Homem;9613
Indicador  3.3.4;1020;12;51;Mato Grosso;9613;2020;3302;60 anos ou mais;92957;Mulher;9613
Indicador  3.3.4;1020;333;51;Mato Grosso;9613;2021;95253;Total;6794;Total;9613
Indicador  3.3.4;1020;188;51;Mato Grosso;9613;2021;95253;Total;92956;Homem;9613
Indicador  3.3.4;1020;145;51;Mato Grosso;9613;2021;95253;Total;92957;Mulher;9613
Indicador  3.3.4;1020;6;51;Mato Grosso;9613;2021;1140;0 a 4 anos;6794;Total;9613
Indicador  3.3.4;1020;2;51;Mato Grosso;9613;2021;1140;0 a 4 anos;92956;Homem;9613
Indicador  3.3.4;1020;4;51;Mato Grosso;9613;2021;1140;0 a 4 anos;92957;Mulher;9613
Indicador  3.3.4;1020;1;51;Mato Grosso;9613;2021;1141;5 a 9 anos;6794;Total;9613
Indicador  3.3.4;1020;0;51;Mato Grosso;9613;2021;1141;5 a 9 anos;92956;Homem;9613
Indicador  3.3.4;1020;1;51;Mato Grosso;9613;2021;1141;5 a 9 anos;92957;Mulher;9613
Indicador  3.3.4;1020;1;51;Mato Grosso;9613;2021;1142;10 a 14 anos;6794;Total;9613
Indicador  3.3.4;1020;0;51;Mato Grosso;9613;2021;1142;10 a 14 anos;92956;Homem;9613
Indicador  3.3.4;1020;1;51;Mato Grosso;9613;2021;1142;10 a 14 anos;92957;Mulher;9613
Indicador  3.3.4;1020;4;51;Mato Grosso;9613;2021;1143;15 a 19 anos;6794;Total;9613
Indicador  3.3.4;1020;2;51;Mato Grosso;9613;2021;1143;15 a 19 anos;92956;Homem;9613
Indicador  3.3.4;1020;2;51;Mato Grosso;9613;2021;1143;15 a 19 anos;92957;Mulher;9613
Indicador  3.3.4;1020;12;51;Mato Grosso;9613;2021;1144;20 a 24 anos;6794;Total;9613
Indicador  3.3.4;1020;3;51;Mato Grosso;9613;2021;1144;20 a 24 anos;92956;Homem;9613
Indicador  3.3.4;1020;9;51;Mato Grosso;9613;2021;1144;20 a 24 anos;92957;Mulher;9613
Indicador  3.3.4;1020;34;51;Mato Grosso;9613;2021;1145;25 a 29 anos;6794;Total;9613
Indicador  3.3.4;1020;18;51;Mato Grosso;9613;2021;1145;25 a 29 anos;92956;Homem;9613
Indicador  3.3.4;1020;16;51;Mato Grosso;9613;2021;1145;25 a 29 anos;92957;Mulher;9613
Indicador  3.3.4;1020;30;51;Mato Grosso;9613;2021;1146;30 a 34 anos;6794;Total;9613
Indicador  3.3.4;1020;15;51;Mato Grosso;9613;2021;1146;30 a 34 anos;92956;Homem;9613
Indicador  3.3.4;1020;15;51;Mato Grosso;9613;2021;1146;30 a 34 anos;92957;Mulher;9613
Indicador  3.3.4;1020;41;51;Mato Grosso;9613;2021;1147;35 a 39 anos;6794;Total;9613
Indicador  3.3.4;1020;20;51;Mato Grosso;9613;2021;1147;35 a 39 anos;92956;Homem;9613
Indicador  3.3.4;1020;21;51;Mato Grosso;9613;2021;1147;35 a 39 anos;92957;Mulher;9613
Indicador  3.3.4;1020;46;51;Mato Grosso;9613;2021;1148;40 a 44 anos;6794;Total;9613
Indicador  3.3.4;1020;26;51;Mato Grosso;9613;2021;1148;40 a 44 anos;92956;Homem;9613
Indicador  3.3.4;1020;20;51;Mato Grosso;9613;2021;1148;40 a 44 anos;92957;Mulher;9613
Indicador  3.3.4;1020;46;51;Mato Grosso;9613;2021;1149;45 a 49 anos;6794;Total;9613
Indicador  3.3.4;1020;34;51;Mato Grosso;9613;2021;1149;45 a 49 anos;92956;Homem;9613
Indicador  3.3.4;1020;12;51;Mato Grosso;9613;2021;1149;45 a 49 anos;92957;Mulher;9613
Indicador  3.3.4;1020;40;51;Mato Grosso;9613;2021;1150;50 a 54 anos;6794;Total;9613
Indicador  3.3.4;1020;26;51;Mato Grosso;9613;2021;1150;50 a 54 anos;92956;Homem;9613
Indicador  3.3.4;1020;14;51;Mato Grosso;9613;2021;1150;50 a 54 anos;92957;Mulher;9613
Indicador  3.3.4;1020;33;51;Mato Grosso;9613;2021;1151;55 a 59 anos;6794;Total;9613
Indicador  3.3.4;1020;22;51;Mato Grosso;9613;2021;1151;55 a 59 anos;92956;Homem;9613
Indicador  3.3.4;1020;11;51;Mato Grosso;9613;2021;1151;55 a 59 anos;92957;Mulher;9613
Indicador  3.3.4;1020;39;51;Mato Grosso;9613;2021;3302;60 anos ou mais;6794;Total;9613
Indicador  3.3.4;1020;20;51;Mato Grosso;9613;2021;3302;60 anos ou mais;92956;Homem;9613
Indicador  3.3.4;1020;19;51;Mato Grosso;9613;2021;3302;60 anos ou mais;92957;Mulher;9613
Indicador  3.3.4;1020;327;51;Mato Grosso;9613;2022;95253;Total;6794;Total;9613
Indicador  3.3.4;1020;193;51;Mato Grosso;9613;2022;95253;Total;92956;Homem;9613
Indicador  3.3.4;1020;134;51;Mato Grosso;9613;2022;95253;Total;92957;Mulher;9613
Indicador  3.3.4;1020;8;51;Mato Grosso;9613;2022;1140;0 a 4 anos;6794;Total;9613
Indicador  3.3.4;1020;3;51;Mato Grosso;9613;2022;1140;0 a 4 anos;92956;Homem;9613
Indicador  3.3.4;1020;5;51;Mato Grosso;9613;2022;1140;0 a 4 anos;92957;Mulher;9613
Indicador  3.3.4;1020;0;51;Mato Grosso;9613;2022;1141;5 a 9 anos;6794;Total;9613
Indicador  3.3.4;1020;0;51;Mato Grosso;9613;2022;1141;5 a 9 anos;92956;Homem;9613
Indicador  3.3.4;1020;0;51;Mato Grosso;9613;2022;1141;5 a 9 anos;92957;Mulher;9613
Indicador  3.3.4;1020;0;51;Mato Grosso;9613;2022;1142;10 a 14 anos;6794;Total;9613
Indicador  3.3.4;1020;0;51;Mato Grosso;9613;2022;1142;10 a 14 anos;92956;Homem;9613
Indicador  3.3.4;1020;0;51;Mato Grosso;9613;2022;1142;10 a 14 anos;92957;Mulher;9613
Indicador  3.3.4;1020;1;51;Mato Grosso;9613;2022;1143;15 a 19 anos;6794;Total;9613
Indicador  3.3.4;1020;0;51;Mato Grosso;9613;2022;1143;15 a 19 anos;92956;Homem;9613
Indicador  3.3.4;1020;1;51;Mato Grosso;9613;2022;1143;15 a 19 anos;92957;Mulher;9613
Indicador  3.3.4;1020;10;51;Mato Grosso;9613;2022;1144;20 a 24 anos;6794;Total;9613
Indicador  3.3.4;1020;2;51;Mato Grosso;9613;2022;1144;20 a 24 anos;92956;Homem;9613
Indicador  3.3.4;1020;8;51;Mato Grosso;9613;2022;1144;20 a 24 anos;92957;Mulher;9613
Indicador  3.3.4;1020;27;51;Mato Grosso;9613;2022;1145;25 a 29 anos;6794;Total;9613
Indicador  3.3.4;1020;8;51;Mato Grosso;9613;2022;1145;25 a 29 anos;92956;Homem;9613
Indicador  3.3.4;1020;19;51;Mato Grosso;9613;2022;1145;25 a 29 anos;92957;Mulher;9613
Indicador  3.3.4;1020;40;51;Mato Grosso;9613;2022;1146;30 a 34 anos;6794;Total;9613
Indicador  3.3.4;1020;22;51;Mato Grosso;9613;2022;1146;30 a 34 anos;92956;Homem;9613
Indicador  3.3.4;1020;18;51;Mato Grosso;9613;2022;1146;30 a 34 anos;92957;Mulher;9613
Indicador  3.3.4;1020;48;51;Mato Grosso;9613;2022;1147;35 a 39 anos;6794;Total;9613
Indicador  3.3.4;1020;27;51;Mato Grosso;9613;2022;1147;35 a 39 anos;92956;Homem;9613
Indicador  3.3.4;1020;21;51;Mato Grosso;9613;2022;1147;35 a 39 anos;92957;Mulher;9613
Indicador  3.3.4;1020;35;51;Mato Grosso;9613;2022;1148;40 a 44 anos;6794;Total;9613
Indicador  3.3.4;1020;27;51;Mato Grosso;9613;2022;1148;40 a 44 anos;92956;Homem;9613
Indicador  3.3.4;1020;8;51;Mato Grosso;9613;2022;1148;40 a 44 anos;92957;Mulher;9613
Indicador  3.3.4;1020;46;51;Mato Grosso;9613;2022;1149;45 a 49 anos;6794;Total;9613
Indicador  3.3.4;1020;35;51;Mato Grosso;9613;2022;1149;45 a 49 anos;92956;Homem;9613
Indicador  3.3.4;1020;11;51;Mato Grosso;9613;2022;1149;45 a 49 anos;92957;Mulher;9613
Indicador  3.3.4;1020;31;51;Mato Grosso;9613;2022;1150;50 a 54 anos;6794;Total;9613
Indicador  3.3.4;1020;19;51;Mato Grosso;9613;2022;1150;50 a 54 anos;92956;Homem;9613
Indicador  3.3.4;1020;12;51;Mato Grosso;9613;2022;1150;50 a 54 anos;92957;Mulher;9613
Indicador  3.3.4;1020;38;51;Mato Grosso;9613;2022;1151;55 a 59 anos;6794;Total;9613
Indicador  3.3.4;1020;22;51;Mato Grosso;9613;2022;1151;55 a 59 anos;92956;Homem;9613
Indicador  3.3.4;1020;16;51;Mato Grosso;9613;2022;1151;55 a 59 anos;92957;Mulher;9613
Indicador  3.3.4;1020;43;51;Mato Grosso;9613;2022;3302;60 anos ou mais;6794;Total;9613
Indicador  3.3.4;1020;28;51;Mato Grosso;9613;2022;3302;60 anos ou mais;92956;Homem;9613
Indicador  3.3.4;1020;15;51;Mato Grosso;9613;2022;3302;60 anos ou mais;92957;Mulher;9613
Indicador  3.3.4;1020;353;52;Goiás;9613;2018;95253;Total;6794;Total;9613
Indicador  3.3.4;1020;172;52;Goiás;9613;2018;95253;Total;92956;Homem;9613
Indicador  3.3.4;1020;181;52;Goiás;9613;2018;95253;Total;92957;Mulher;9613
Indicador  3.3.4;1020;1;52;Goiás;9613;2018;1140;0 a 4 anos;6794;Total;9613
Indicador  3.3.4;1020;1;52;Goiás;9613;2018;1140;0 a 4 anos;92956;Homem;9613
Indicador  3.3.4;1020;0;52;Goiás;9613;2018;1140;0 a 4 anos;92957;Mulher;9613
Indicador  3.3.4;1020;0;52;Goiás;9613;2018;1141;5 a 9 anos;6794;Total;9613
Indicador  3.3.4;1020;0;52;Goiás;9613;2018;1141;5 a 9 anos;92956;Homem;9613
Indicador  3.3.4;1020;0;52;Goiás;9613;2018;1141;5 a 9 anos;92957;Mulher;9613
Indicador  3.3.4;1020;2;52;Goiás;9613;2018;1142;10 a 14 anos;6794;Total;9613
Indicador  3.3.4;1020;1;52;Goiás;9613;2018;1142;10 a 14 anos;92956;Homem;9613
Indicador  3.3.4;1020;1;52;Goiás;9613;2018;1142;10 a 14 anos;92957;Mulher;9613
Indicador  3.3.4;1020;2;52;Goiás;9613;2018;1143;15 a 19 anos;6794;Total;9613
Indicador  3.3.4;1020;1;52;Goiás;9613;2018;1143;15 a 19 anos;92956;Homem;9613
Indicador  3.3.4;1020;1;52;Goiás;9613;2018;1143;15 a 19 anos;92957;Mulher;9613
Indicador  3.3.4;1020;23;52;Goiás;9613;2018;1144;20 a 24 anos;6794;Total;9613
Indicador  3.3.4;1020;7;52;Goiás;9613;2018;1144;20 a 24 anos;92956;Homem;9613
Indicador  3.3.4;1020;16;52;Goiás;9613;2018;1144;20 a 24 anos;92957;Mulher;9613
Indicador  3.3.4;1020;41;52;Goiás;9613;2018;1145;25 a 29 anos;6794;Total;9613
Indicador  3.3.4;1020;13;52;Goiás;9613;2018;1145;25 a 29 anos;92956;Homem;9613
Indicador  3.3.4;1020;28;52;Goiás;9613;2018;1145;25 a 29 anos;92957;Mulher;9613
Indicador  3.3.4;1020;55;52;Goiás;9613;2018;1146;30 a 34 anos;6794;Total;9613
Indicador  3.3.4;1020;24;52;Goiás;9613;2018;1146;30 a 34 anos;92956;Homem;9613
Indicador  3.3.4;1020;31;52;Goiás;9613;2018;1146;30 a 34 anos;92957;Mulher;9613
Indicador  3.3.4;1020;45;52;Goiás;9613;2018;1147;35 a 39 anos;6794;Total;9613
Indicador  3.3.4;1020;21;52;Goiás;9613;2018;1147;35 a 39 anos;92956;Homem;9613
Indicador  3.3.4;1020;24;52;Goiás;9613;2018;1147;35 a 39 anos;92957;Mulher;9613
Indicador  3.3.4;1020;36;52;Goiás;9613;2018;1148;40 a 44 anos;6794;Total;9613
Indicador  3.3.4;1020;19;52;Goiás;9613;2018;1148;40 a 44 anos;92956;Homem;9613
Indicador  3.3.4;1020;17;52;Goiás;9613;2018;1148;40 a 44 anos;92957;Mulher;9613
Indicador  3.3.4;1020;39;52;Goiás;9613;2018;1149;45 a 49 anos;6794;Total;9613
Indicador  3.3.4;1020;18;52;Goiás;9613;2018;1149;45 a 49 anos;92956;Homem;9613
Indicador  3.3.4;1020;21;52;Goiás;9613;2018;1149;45 a 49 anos;92957;Mulher;9613
Indicador  3.3.4;1020;34;52;Goiás;9613;2018;1150;50 a 54 anos;6794;Total;9613
Indicador  3.3.4;1020;24;52;Goiás;9613;2018;1150;50 a 54 anos;92956;Homem;9613
Indicador  3.3.4;1020;10;52;Goiás;9613;2018;1150;50 a 54 anos;92957;Mulher;9613
Indicador  3.3.4;1020;28;52;Goiás;9613;2018;1151;55 a 59 anos;6794;Total;9613
Indicador  3.3.4;1020;15;52;Goiás;9613;2018;1151;55 a 59 anos;92956;Homem;9613
Indicador  3.3.4;1020;13;52;Goiás;9613;2018;1151;55 a 59 anos;92957;Mulher;9613
Indicador  3.3.4;1020;47;52;Goiás;9613;2018;3302;60 anos ou mais;6794;Total;9613
Indicador  3.3.4;1020;28;52;Goiás;9613;2018;3302;60 anos ou mais;92956;Homem;9613
Indicador  3.3.4;1020;19;52;Goiás;9613;2018;3302;60 anos ou mais;92957;Mulher;9613
Indicador  3.3.4;1020;354;52;Goiás;9613;2019;95253;Total;6794;Total;9613
Indicador  3.3.4;1020;172;52;Goiás;9613;2019;95253;Total;92956;Homem;9613
Indicador  3.3.4;1020;182;52;Goiás;9613;2019;95253;Total;92957;Mulher;9613
Indicador  3.3.4;1020;4;52;Goiás;9613;2019;1140;0 a 4 anos;6794;Total;9613
Indicador  3.3.4;1020;2;52;Goiás;9613;2019;1140;0 a 4 anos;92956;Homem;9613
Indicador  3.3.4;1020;2;52;Goiás;9613;2019;1140;0 a 4 anos;92957;Mulher;9613
Indicador  3.3.4;1020;0;52;Goiás;9613;2019;1141;5 a 9 anos;6794;Total;9613
Indicador  3.3.4;1020;0;52;Goiás;9613;2019;1141;5 a 9 anos;92956;Homem;9613
Indicador  3.3.4;1020;0;52;Goiás;9613;2019;1141;5 a 9 anos;92957;Mulher;9613
Indicador  3.3.4;1020;1;52;Goiás;9613;2019;1142;10 a 14 anos;6794;Total;9613
Indicador  3.3.4;1020;1;52;Goiás;9613;2019;1142;10 a 14 anos;92956;Homem;9613
Indicador  3.3.4;1020;0;52;Goiás;9613;2019;1142;10 a 14 anos;92957;Mulher;9613
Indicador  3.3.4;1020;9;52;Goiás;9613;2019;1143;15 a 19 anos;6794;Total;9613
Indicador  3.3.4;1020;0;52;Goiás;9613;2019;1143;15 a 19 anos;92956;Homem;9613
Indicador  3.3.4;1020;9;52;Goiás;9613;2019;1143;15 a 19 anos;92957;Mulher;9613
Indicador  3.3.4;1020;35;52;Goiás;9613;2019;1144;20 a 24 anos;6794;Total;9613
Indicador  3.3.4;1020;13;52;Goiás;9613;2019;1144;20 a 24 anos;92956;Homem;9613
Indicador  3.3.4;1020;22;52;Goiás;9613;2019;1144;20 a 24 anos;92957;Mulher;9613
Indicador  3.3.4;1020;38;52;Goiás;9613;2019;1145;25 a 29 anos;6794;Total;9613
Indicador  3.3.4;1020;17;52;Goiás;9613;2019;1145;25 a 29 anos;92956;Homem;9613
Indicador  3.3.4;1020;21;52;Goiás;9613;2019;1145;25 a 29 anos;92957;Mulher;9613
Indicador  3.3.4;1020;38;52;Goiás;9613;2019;1146;30 a 34 anos;6794;Total;9613
Indicador  3.3.4;1020;16;52;Goiás;9613;2019;1146;30 a 34 anos;92956;Homem;9613
Indicador  3.3.4;1020;22;52;Goiás;9613;2019;1146;30 a 34 anos;92957;Mulher;9613
Indicador  3.3.4;1020;49;52;Goiás;9613;2019;1147;35 a 39 anos;6794;Total;9613
Indicador  3.3.4;1020;24;52;Goiás;9613;2019;1147;35 a 39 anos;92956;Homem;9613
Indicador  3.3.4;1020;25;52;Goiás;9613;2019;1147;35 a 39 anos;92957;Mulher;9613
Indicador  3.3.4;1020;38;52;Goiás;9613;2019;1148;40 a 44 anos;6794;Total;9613
Indicador  3.3.4;1020;18;52;Goiás;9613;2019;1148;40 a 44 anos;92956;Homem;9613
Indicador  3.3.4;1020;20;52;Goiás;9613;2019;1148;40 a 44 anos;92957;Mulher;9613
Indicador  3.3.4;1020;34;52;Goiás;9613;2019;1149;45 a 49 anos;6794;Total;9613
Indicador  3.3.4;1020;15;52;Goiás;9613;2019;1149;45 a 49 anos;92956;Homem;9613
Indicador  3.3.4;1020;19;52;Goiás;9613;2019;1149;45 a 49 anos;92957;Mulher;9613
Indicador  3.3.4;1020;37;52;Goiás;9613;2019;1150;50 a 54 anos;6794;Total;9613
Indicador  3.3.4;1020;21;52;Goiás;9613;2019;1150;50 a 54 anos;92956;Homem;9613
Indicador  3.3.4;1020;16;52;Goiás;9613;2019;1150;50 a 54 anos;92957;Mulher;9613
Indicador  3.3.4;1020;28;52;Goiás;9613;2019;1151;55 a 59 anos;6794;Total;9613
Indicador  3.3.4;1020;18;52;Goiás;9613;2019;1151;55 a 59 anos;92956;Homem;9613
Indicador  3.3.4;1020;10;52;Goiás;9613;2019;1151;55 a 59 anos;92957;Mulher;9613
Indicador  3.3.4;1020;43;52;Goiás;9613;2019;3302;60 anos ou mais;6794;Total;9613
Indicador  3.3.4;1020;27;52;Goiás;9613;2019;3302;60 anos ou mais;92956;Homem;9613
Indicador  3.3.4;1020;16;52;Goiás;9613;2019;3302;60 anos ou mais;92957;Mulher;9613
Indicador  3.3.4;1020;178;52;Goiás;9613;2020;95253;Total;6794;Total;9613
Indicador  3.3.4;1020;102;52;Goiás;9613;2020;95253;Total;92956;Homem;9613
Indicador  3.3.4;1020;76;52;Goiás;9613;2020;95253;Total;92957;Mulher;9613
Indicador  3.3.4;1020;1;52;Goiás;9613;2020;1140;0 a 4 anos;6794;Total;9613
Indicador  3.3.4;1020;1;52;Goiás;9613;2020;1140;0 a 4 anos;92956;Homem;9613
Indicador  3.3.4;1020;0;52;Goiás;9613;2020;1140;0 a 4 anos;92957;Mulher;9613
Indicador  3.3.4;1020;0;52;Goiás;9613;2020;1141;5 a 9 anos;6794;Total;9613
Indicador  3.3.4;1020;0;52;Goiás;9613;2020;1141;5 a 9 anos;92956;Homem;9613
Indicador  3.3.4;1020;0;52;Goiás;9613;2020;1141;5 a 9 anos;92957;Mulher;9613
Indicador  3.3.4;1020;0;52;Goiás;9613;2020;1142;10 a 14 anos;6794;Total;9613
Indicador  3.3.4;1020;0;52;Goiás;9613;2020;1142;10 a 14 anos;92956;Homem;9613
Indicador  3.3.4;1020;0;52;Goiás;9613;2020;1142;10 a 14 anos;92957;Mulher;9613
Indicador  3.3.4;1020;2;52;Goiás;9613;2020;1143;15 a 19 anos;6794;Total;9613
Indicador  3.3.4;1020;0;52;Goiás;9613;2020;1143;15 a 19 anos;92956;Homem;9613
Indicador  3.3.4;1020;2;52;Goiás;9613;2020;1143;15 a 19 anos;92957;Mulher;9613
Indicador  3.3.4;1020;12;52;Goiás;9613;2020;1144;20 a 24 anos;6794;Total;9613
Indicador  3.3.4;1020;5;52;Goiás;9613;2020;1144;20 a 24 anos;92956;Homem;9613
Indicador  3.3.4;1020;7;52;Goiás;9613;2020;1144;20 a 24 anos;92957;Mulher;9613
Indicador  3.3.4;1020;16;52;Goiás;9613;2020;1145;25 a 29 anos;6794;Total;9613
Indicador  3.3.4;1020;6;52;Goiás;9613;2020;1145;25 a 29 anos;92956;Homem;9613
Indicador  3.3.4;1020;10;52;Goiás;9613;2020;1145;25 a 29 anos;92957;Mulher;9613
Indicador  3.3.4;1020;33;52;Goiás;9613;2020;1146;30 a 34 anos;6794;Total;9613
Indicador  3.3.4;1020;18;52;Goiás;9613;2020;1146;30 a 34 anos;92956;Homem;9613
Indicador  3.3.4;1020;15;52;Goiás;9613;2020;1146;30 a 34 anos;92957;Mulher;9613
Indicador  3.3.4;1020;18;52;Goiás;9613;2020;1147;35 a 39 anos;6794;Total;9613
Indicador  3.3.4;1020;8;52;Goiás;9613;2020;1147;35 a 39 anos;92956;Homem;9613
Indicador  3.3.4;1020;10;52;Goiás;9613;2020;1147;35 a 39 anos;92957;Mulher;9613
Indicador  3.3.4;1020;24;52;Goiás;9613;2020;1148;40 a 44 anos;6794;Total;9613
Indicador  3.3.4;1020;13;52;Goiás;9613;2020;1148;40 a 44 anos;92956;Homem;9613
Indicador  3.3.4;1020;11;52;Goiás;9613;2020;1148;40 a 44 anos;92957;Mulher;9613
Indicador  3.3.4;1020;15;52;Goiás;9613;2020;1149;45 a 49 anos;6794;Total;9613
Indicador  3.3.4;1020;12;52;Goiás;9613;2020;1149;45 a 49 anos;92956;Homem;9613
Indicador  3.3.4;1020;3;52;Goiás;9613;2020;1149;45 a 49 anos;92957;Mulher;9613
Indicador  3.3.4;1020;17;52;Goiás;9613;2020;1150;50 a 54 anos;6794;Total;9613
Indicador  3.3.4;1020;12;52;Goiás;9613;2020;1150;50 a 54 anos;92956;Homem;9613
Indicador  3.3.4;1020;5;52;Goiás;9613;2020;1150;50 a 54 anos;92957;Mulher;9613
Indicador  3.3.4;1020;11;52;Goiás;9613;2020;1151;55 a 59 anos;6794;Total;9613
Indicador  3.3.4;1020;11;52;Goiás;9613;2020;1151;55 a 59 anos;92956;Homem;9613
Indicador  3.3.4;1020;0;52;Goiás;9613;2020;1151;55 a 59 anos;92957;Mulher;9613
Indicador  3.3.4;1020;29;52;Goiás;9613;2020;3302;60 anos ou mais;6794;Total;9613
Indicador  3.3.4;1020;16;52;Goiás;9613;2020;3302;60 anos ou mais;92956;Homem;9613
Indicador  3.3.4;1020;13;52;Goiás;9613;2020;3302;60 anos ou mais;92957;Mulher;9613
Indicador  3.3.4;1020;482;52;Goiás;9613;2021;95253;Total;6794;Total;9613
Indicador  3.3.4;1020;269;52;Goiás;9613;2021;95253;Total;92956;Homem;9613
Indicador  3.3.4;1020;213;52;Goiás;9613;2021;95253;Total;92957;Mulher;9613
Indicador  3.3.4;1020;4;52;Goiás;9613;2021;1140;0 a 4 anos;6794;Total;9613
Indicador  3.3.4;1020;3;52;Goiás;9613;2021;1140;0 a 4 anos;92956;Homem;9613
Indicador  3.3.4;1020;1;52;Goiás;9613;2021;1140;0 a 4 anos;92957;Mulher;9613
Indicador  3.3.4;1020;0;52;Goiás;9613;2021;1141;5 a 9 anos;6794;Total;9613
Indicador  3.3.4;1020;0;52;Goiás;9613;2021;1141;5 a 9 anos;92956;Homem;9613
Indicador  3.3.4;1020;0;52;Goiás;9613;2021;1141;5 a 9 anos;92957;Mulher;9613
Indicador  3.3.4;1020;0;52;Goiás;9613;2021;1142;10 a 14 anos;6794;Total;9613
Indicador  3.3.4;1020;0;52;Goiás;9613;2021;1142;10 a 14 anos;92956;Homem;9613
Indicador  3.3.4;1020;0;52;Goiás;9613;2021;1142;10 a 14 anos;92957;Mulher;9613
Indicador  3.3.4;1020;1;52;Goiás;9613;2021;1143;15 a 19 anos;6794;Total;9613
Indicador  3.3.4;1020;0;52;Goiás;9613;2021;1143;15 a 19 anos;92956;Homem;9613
Indicador  3.3.4;1020;1;52;Goiás;9613;2021;1143;15 a 19 anos;92957;Mulher;9613
Indicador  3.3.4;1020;18;52;Goiás;9613;2021;1144;20 a 24 anos;6794;Total;9613
Indicador  3.3.4;1020;11;52;Goiás;9613;2021;1144;20 a 24 anos;92956;Homem;9613
Indicador  3.3.4;1020;7;52;Goiás;9613;2021;1144;20 a 24 anos;92957;Mulher;9613
Indicador  3.3.4;1020;36;52;Goiás;9613;2021;1145;25 a 29 anos;6794;Total;9613
Indicador  3.3.4;1020;16;52;Goiás;9613;2021;1145;25 a 29 anos;92956;Homem;9613
Indicador  3.3.4;1020;20;52;Goiás;9613;2021;1145;25 a 29 anos;92957;Mulher;9613
Indicador  3.3.4;1020;44;52;Goiás;9613;2021;1146;30 a 34 anos;6794;Total;9613
Indicador  3.3.4;1020;21;52;Goiás;9613;2021;1146;30 a 34 anos;92956;Homem;9613
Indicador  3.3.4;1020;23;52;Goiás;9613;2021;1146;30 a 34 anos;92957;Mulher;9613
Indicador  3.3.4;1020;66;52;Goiás;9613;2021;1147;35 a 39 anos;6794;Total;9613
Indicador  3.3.4;1020;36;52;Goiás;9613;2021;1147;35 a 39 anos;92956;Homem;9613
Indicador  3.3.4;1020;30;52;Goiás;9613;2021;1147;35 a 39 anos;92957;Mulher;9613
Indicador  3.3.4;1020;67;52;Goiás;9613;2021;1148;40 a 44 anos;6794;Total;9613
Indicador  3.3.4;1020;35;52;Goiás;9613;2021;1148;40 a 44 anos;92956;Homem;9613
Indicador  3.3.4;1020;32;52;Goiás;9613;2021;1148;40 a 44 anos;92957;Mulher;9613
Indicador  3.3.4;1020;58;52;Goiás;9613;2021;1149;45 a 49 anos;6794;Total;9613
Indicador  3.3.4;1020;32;52;Goiás;9613;2021;1149;45 a 49 anos;92956;Homem;9613
Indicador  3.3.4;1020;26;52;Goiás;9613;2021;1149;45 a 49 anos;92957;Mulher;9613
Indicador  3.3.4;1020;63;52;Goiás;9613;2021;1150;50 a 54 anos;6794;Total;9613
Indicador  3.3.4;1020;45;52;Goiás;9613;2021;1150;50 a 54 anos;92956;Homem;9613
Indicador  3.3.4;1020;18;52;Goiás;9613;2021;1150;50 a 54 anos;92957;Mulher;9613
Indicador  3.3.4;1020;44;52;Goiás;9613;2021;1151;55 a 59 anos;6794;Total;9613
Indicador  3.3.4;1020;21;52;Goiás;9613;2021;1151;55 a 59 anos;92956;Homem;9613
Indicador  3.3.4;1020;23;52;Goiás;9613;2021;1151;55 a 59 anos;92957;Mulher;9613
Indicador  3.3.4;1020;81;52;Goiás;9613;2021;3302;60 anos ou mais;6794;Total;9613
Indicador  3.3.4;1020;49;52;Goiás;9613;2021;3302;60 anos ou mais;92956;Homem;9613
Indicador  3.3.4;1020;32;52;Goiás;9613;2021;3302;60 anos ou mais;92957;Mulher;9613
Indicador  3.3.4;1020;351;52;Goiás;9613;2022;95253;Total;6794;Total;9613
Indicador  3.3.4;1020;184;52;Goiás;9613;2022;95253;Total;92956;Homem;9613
Indicador  3.3.4;1020;167;52;Goiás;9613;2022;95253;Total;92957;Mulher;9613
Indicador  3.3.4;1020;3;52;Goiás;9613;2022;1140;0 a 4 anos;6794;Total;9613
Indicador  3.3.4;1020;2;52;Goiás;9613;2022;1140;0 a 4 anos;92956;Homem;9613
Indicador  3.3.4;1020;1;52;Goiás;9613;2022;1140;0 a 4 anos;92957;Mulher;9613
Indicador  3.3.4;1020;0;52;Goiás;9613;2022;1141;5 a 9 anos;6794;Total;9613
Indicador  3.3.4;1020;0;52;Goiás;9613;2022;1141;5 a 9 anos;92956;Homem;9613
Indicador  3.3.4;1020;0;52;Goiás;9613;2022;1141;5 a 9 anos;92957;Mulher;9613
Indicador  3.3.4;1020;1;52;Goiás;9613;2022;1142;10 a 14 anos;6794;Total;9613
Indicador  3.3.4;1020;1;52;Goiás;9613;2022;1142;10 a 14 anos;92956;Homem;9613
Indicador  3.3.4;1020;0;52;Goiás;9613;2022;1142;10 a 14 anos;92957;Mulher;9613
Indicador  3.3.4;1020;3;52;Goiás;9613;2022;1143;15 a 19 anos;6794;Total;9613
Indicador  3.3.4;1020;2;52;Goiás;9613;2022;1143;15 a 19 anos;92956;Homem;9613
Indicador  3.3.4;1020;1;52;Goiás;9613;2022;1143;15 a 19 anos;92957;Mulher;9613
Indicador  3.3.4;1020;11;52;Goiás;9613;2022;1144;20 a 24 anos;6794;Total;9613
Indicador  3.3.4;1020;4;52;Goiás;9613;2022;1144;20 a 24 anos;92956;Homem;9613
Indicador  3.3.4;1020;7;52;Goiás;9613;2022;1144;20 a 24 anos;92957;Mulher;9613
Indicador  3.3.4;1020;28;52;Goiás;9613;2022;1145;25 a 29 anos;6794;Total;9613
Indicador  3.3.4;1020;10;52;Goiás;9613;2022;1145;25 a 29 anos;92956;Homem;9613
Indicador  3.3.4;1020;18;52;Goiás;9613;2022;1145;25 a 29 anos;92957;Mulher;9613
Indicador  3.3.4;1020;51;52;Goiás;9613;2022;1146;30 a 34 anos;6794;Total;9613
Indicador  3.3.4;1020;20;52;Goiás;9613;2022;1146;30 a 34 anos;92956;Homem;9613
Indicador  3.3.4;1020;31;52;Goiás;9613;2022;1146;30 a 34 anos;92957;Mulher;9613
Indicador  3.3.4;1020;45;52;Goiás;9613;2022;1147;35 a 39 anos;6794;Total;9613
Indicador  3.3.4;1020;24;52;Goiás;9613;2022;1147;35 a 39 anos;92956;Homem;9613
Indicador  3.3.4;1020;21;52;Goiás;9613;2022;1147;35 a 39 anos;92957;Mulher;9613
Indicador  3.3.4;1020;47;52;Goiás;9613;2022;1148;40 a 44 anos;6794;Total;9613
Indicador  3.3.4;1020;22;52;Goiás;9613;2022;1148;40 a 44 anos;92956;Homem;9613
Indicador  3.3.4;1020;25;52;Goiás;9613;2022;1148;40 a 44 anos;92957;Mulher;9613
Indicador  3.3.4;1020;41;52;Goiás;9613;2022;1149;45 a 49 anos;6794;Total;9613
Indicador  3.3.4;1020;29;52;Goiás;9613;2022;1149;45 a 49 anos;92956;Homem;9613
Indicador  3.3.4;1020;12;52;Goiás;9613;2022;1149;45 a 49 anos;92957;Mulher;9613
Indicador  3.3.4;1020;31;52;Goiás;9613;2022;1150;50 a 54 anos;6794;Total;9613
Indicador  3.3.4;1020;17;52;Goiás;9613;2022;1150;50 a 54 anos;92956;Homem;9613
Indicador  3.3.4;1020;14;52;Goiás;9613;2022;1150;50 a 54 anos;92957;Mulher;9613
Indicador  3.3.4;1020;27;52;Goiás;9613;2022;1151;55 a 59 anos;6794;Total;9613
Indicador  3.3.4;1020;19;52;Goiás;9613;2022;1151;55 a 59 anos;92956;Homem;9613
Indicador  3.3.4;1020;8;52;Goiás;9613;2022;1151;55 a 59 anos;92957;Mulher;9613
Indicador  3.3.4;1020;63;52;Goiás;9613;2022;3302;60 anos ou mais;6794;Total;9613
Indicador  3.3.4;1020;34;52;Goiás;9613;2022;3302;60 anos ou mais;92956;Homem;9613
Indicador  3.3.4;1020;29;52;Goiás;9613;2022;3302;60 anos ou mais;92957;Mulher;9613
Indicador  3.3.4;1020;127;53;Distrito Federal;9613;2018;95253;Total;6794;Total;9613
Indicador  3.3.4;1020;63;53;Distrito Federal;9613;2018;95253;Total;92956;Homem;9613
Indicador  3.3.4;1020;64;53;Distrito Federal;9613;2018;95253;Total;92957;Mulher;9613
Indicador  3.3.4;1020;0;53;Distrito Federal;9613;2018;1140;0 a 4 anos;6794;Total;9613
Indicador  3.3.4;1020;0;53;Distrito Federal;9613;2018;1140;0 a 4 anos;92956;Homem;9613
Indicador  3.3.4;1020;0;53;Distrito Federal;9613;2018;1140;0 a 4 anos;92957;Mulher;9613
Indicador  3.3.4;1020;0;53;Distrito Federal;9613;2018;1141;5 a 9 anos;6794;Total;9613
Indicador  3.3.4;1020;0;53;Distrito Federal;9613;2018;1141;5 a 9 anos;92956;Homem;9613
Indicador  3.3.4;1020;0;53;Distrito Federal;9613;2018;1141;5 a 9 anos;92957;Mulher;9613
Indicador  3.3.4;1020;1;53;Distrito Federal;9613;2018;1142;10 a 14 anos;6794;Total;9613
Indicador  3.3.4;1020;0;53;Distrito Federal;9613;2018;1142;10 a 14 anos;92956;Homem;9613
Indicador  3.3.4;1020;1;53;Distrito Federal;9613;2018;1142;10 a 14 anos;92957;Mulher;9613
Indicador  3.3.4;1020;2;53;Distrito Federal;9613;2018;1143;15 a 19 anos;6794;Total;9613
Indicador  3.3.4;1020;1;53;Distrito Federal;9613;2018;1143;15 a 19 anos;92956;Homem;9613
Indicador  3.3.4;1020;1;53;Distrito Federal;9613;2018;1143;15 a 19 anos;92957;Mulher;9613
Indicador  3.3.4;1020;6;53;Distrito Federal;9613;2018;1144;20 a 24 anos;6794;Total;9613
Indicador  3.3.4;1020;2;53;Distrito Federal;9613;2018;1144;20 a 24 anos;92956;Homem;9613
Indicador  3.3.4;1020;4;53;Distrito Federal;9613;2018;1144;20 a 24 anos;92957;Mulher;9613
Indicador  3.3.4;1020;13;53;Distrito Federal;9613;2018;1145;25 a 29 anos;6794;Total;9613
Indicador  3.3.4;1020;4;53;Distrito Federal;9613;2018;1145;25 a 29 anos;92956;Homem;9613
Indicador  3.3.4;1020;9;53;Distrito Federal;9613;2018;1145;25 a 29 anos;92957;Mulher;9613
Indicador  3.3.4;1020;14;53;Distrito Federal;9613;2018;1146;30 a 34 anos;6794;Total;9613
Indicador  3.3.4;1020;7;53;Distrito Federal;9613;2018;1146;30 a 34 anos;92956;Homem;9613
Indicador  3.3.4;1020;7;53;Distrito Federal;9613;2018;1146;30 a 34 anos;92957;Mulher;9613
Indicador  3.3.4;1020;28;53;Distrito Federal;9613;2018;1147;35 a 39 anos;6794;Total;9613
Indicador  3.3.4;1020;13;53;Distrito Federal;9613;2018;1147;35 a 39 anos;92956;Homem;9613
Indicador  3.3.4;1020;15;53;Distrito Federal;9613;2018;1147;35 a 39 anos;92957;Mulher;9613
Indicador  3.3.4;1020;14;53;Distrito Federal;9613;2018;1148;40 a 44 anos;6794;Total;9613
Indicador  3.3.4;1020;7;53;Distrito Federal;9613;2018;1148;40 a 44 anos;92956;Homem;9613
Indicador  3.3.4;1020;7;53;Distrito Federal;9613;2018;1148;40 a 44 anos;92957;Mulher;9613
Indicador  3.3.4;1020;10;53;Distrito Federal;9613;2018;1149;45 a 49 anos;6794;Total;9613
Indicador  3.3.4;1020;6;53;Distrito Federal;9613;2018;1149;45 a 49 anos;92956;Homem;9613
Indicador  3.3.4;1020;4;53;Distrito Federal;9613;2018;1149;45 a 49 anos;92957;Mulher;9613
Indicador  3.3.4;1020;14;53;Distrito Federal;9613;2018;1150;50 a 54 anos;6794;Total;9613
Indicador  3.3.4;1020;10;53;Distrito Federal;9613;2018;1150;50 a 54 anos;92956;Homem;9613
Indicador  3.3.4;1020;4;53;Distrito Federal;9613;2018;1150;50 a 54 anos;92957;Mulher;9613
Indicador  3.3.4;1020;10;53;Distrito Federal;9613;2018;1151;55 a 59 anos;6794;Total;9613
Indicador  3.3.4;1020;7;53;Distrito Federal;9613;2018;1151;55 a 59 anos;92956;Homem;9613
Indicador  3.3.4;1020;3;53;Distrito Federal;9613;2018;1151;55 a 59 anos;92957;Mulher;9613
Indicador  3.3.4;1020;15;53;Distrito Federal;9613;2018;3302;60 anos ou mais;6794;Total;9613
Indicador  3.3.4;1020;6;53;Distrito Federal;9613;2018;3302;60 anos ou mais;92956;Homem;9613
Indicador  3.3.4;1020;9;53;Distrito Federal;9613;2018;3302;60 anos ou mais;92957;Mulher;9613
Indicador  3.3.4;1020;124;53;Distrito Federal;9613;2019;95253;Total;6794;Total;9613
Indicador  3.3.4;1020;74;53;Distrito Federal;9613;2019;95253;Total;92956;Homem;9613
Indicador  3.3.4;1020;50;53;Distrito Federal;9613;2019;95253;Total;92957;Mulher;9613
Indicador  3.3.4;1020;0;53;Distrito Federal;9613;2019;1140;0 a 4 anos;6794;Total;9613
Indicador  3.3.4;1020;0;53;Distrito Federal;9613;2019;1140;0 a 4 anos;92956;Homem;9613
Indicador  3.3.4;1020;0;53;Distrito Federal;9613;2019;1140;0 a 4 anos;92957;Mulher;9613
Indicador  3.3.4;1020;0;53;Distrito Federal;9613;2019;1141;5 a 9 anos;6794;Total;9613
Indicador  3.3.4;1020;0;53;Distrito Federal;9613;2019;1141;5 a 9 anos;92956;Homem;9613
Indicador  3.3.4;1020;0;53;Distrito Federal;9613;2019;1141;5 a 9 anos;92957;Mulher;9613
Indicador  3.3.4;1020;0;53;Distrito Federal;9613;2019;1142;10 a 14 anos;6794;Total;9613
Indicador  3.3.4;1020;0;53;Distrito Federal;9613;2019;1142;10 a 14 anos;92956;Homem;9613
Indicador  3.3.4;1020;0;53;Distrito Federal;9613;2019;1142;10 a 14 anos;92957;Mulher;9613
Indicador  3.3.4;1020;0;53;Distrito Federal;9613;2019;1143;15 a 19 anos;6794;Total;9613
Indicador  3.3.4;1020;0;53;Distrito Federal;9613;2019;1143;15 a 19 anos;92956;Homem;9613
Indicador  3.3.4;1020;0;53;Distrito Federal;9613;2019;1143;15 a 19 anos;92957;Mulher;9613
Indicador  3.3.4;1020;7;53;Distrito Federal;9613;2019;1144;20 a 24 anos;6794;Total;9613
Indicador  3.3.4;1020;3;53;Distrito Federal;9613;2019;1144;20 a 24 anos;92956;Homem;9613
Indicador  3.3.4;1020;4;53;Distrito Federal;9613;2019;1144;20 a 24 anos;92957;Mulher;9613
Indicador  3.3.4;1020;15;53;Distrito Federal;9613;2019;1145;25 a 29 anos;6794;Total;9613
Indicador  3.3.4;1020;6;53;Distrito Federal;9613;2019;1145;25 a 29 anos;92956;Homem;9613
Indicador  3.3.4;1020;9;53;Distrito Federal;9613;2019;1145;25 a 29 anos;92957;Mulher;9613
Indicador  3.3.4;1020;16;53;Distrito Federal;9613;2019;1146;30 a 34 anos;6794;Total;9613
Indicador  3.3.4;1020;8;53;Distrito Federal;9613;2019;1146;30 a 34 anos;92956;Homem;9613
Indicador  3.3.4;1020;8;53;Distrito Federal;9613;2019;1146;30 a 34 anos;92957;Mulher;9613
Indicador  3.3.4;1020;22;53;Distrito Federal;9613;2019;1147;35 a 39 anos;6794;Total;9613
Indicador  3.3.4;1020;11;53;Distrito Federal;9613;2019;1147;35 a 39 anos;92956;Homem;9613
Indicador  3.3.4;1020;11;53;Distrito Federal;9613;2019;1147;35 a 39 anos;92957;Mulher;9613
Indicador  3.3.4;1020;18;53;Distrito Federal;9613;2019;1148;40 a 44 anos;6794;Total;9613
Indicador  3.3.4;1020;12;53;Distrito Federal;9613;2019;1148;40 a 44 anos;92956;Homem;9613
Indicador  3.3.4;1020;6;53;Distrito Federal;9613;2019;1148;40 a 44 anos;92957;Mulher;9613
Indicador  3.3.4;1020;10;53;Distrito Federal;9613;2019;1149;45 a 49 anos;6794;Total;9613
Indicador  3.3.4;1020;7;53;Distrito Federal;9613;2019;1149;45 a 49 anos;92956;Homem;9613
Indicador  3.3.4;1020;3;53;Distrito Federal;9613;2019;1149;45 a 49 anos;92957;Mulher;9613
Indicador  3.3.4;1020;12;53;Distrito Federal;9613;2019;1150;50 a 54 anos;6794;Total;9613
Indicador  3.3.4;1020;10;53;Distrito Federal;9613;2019;1150;50 a 54 anos;92956;Homem;9613
Indicador  3.3.4;1020;2;53;Distrito Federal;9613;2019;1150;50 a 54 anos;92957;Mulher;9613
Indicador  3.3.4;1020;7;53;Distrito Federal;9613;2019;1151;55 a 59 anos;6794;Total;9613
Indicador  3.3.4;1020;5;53;Distrito Federal;9613;2019;1151;55 a 59 anos;92956;Homem;9613
Indicador  3.3.4;1020;2;53;Distrito Federal;9613;2019;1151;55 a 59 anos;92957;Mulher;9613
Indicador  3.3.4;1020;17;53;Distrito Federal;9613;2019;3302;60 anos ou mais;6794;Total;9613
Indicador  3.3.4;1020;12;53;Distrito Federal;9613;2019;3302;60 anos ou mais;92956;Homem;9613
Indicador  3.3.4;1020;5;53;Distrito Federal;9613;2019;3302;60 anos ou mais;92957;Mulher;9613
Indicador  3.3.4;1020;97;53;Distrito Federal;9613;2020;95253;Total;6794;Total;9613
Indicador  3.3.4;1020;59;53;Distrito Federal;9613;2020;95253;Total;92956;Homem;9613
Indicador  3.3.4;1020;38;53;Distrito Federal;9613;2020;95253;Total;92957;Mulher;9613
Indicador  3.3.4;1020;0;53;Distrito Federal;9613;2020;1140;0 a 4 anos;6794;Total;9613
Indicador  3.3.4;1020;0;53;Distrito Federal;9613;2020;1140;0 a 4 anos;92956;Homem;9613
Indicador  3.3.4;1020;0;53;Distrito Federal;9613;2020;1140;0 a 4 anos;92957;Mulher;9613
Indicador  3.3.4;1020;1;53;Distrito Federal;9613;2020;1141;5 a 9 anos;6794;Total;9613
Indicador  3.3.4;1020;0;53;Distrito Federal;9613;2020;1141;5 a 9 anos;92956;Homem;9613
Indicador  3.3.4;1020;1;53;Distrito Federal;9613;2020;1141;5 a 9 anos;92957;Mulher;9613
Indicador  3.3.4;1020;0;53;Distrito Federal;9613;2020;1142;10 a 14 anos;6794;Total;9613
Indicador  3.3.4;1020;0;53;Distrito Federal;9613;2020;1142;10 a 14 anos;92956;Homem;9613
Indicador  3.3.4;1020;0;53;Distrito Federal;9613;2020;1142;10 a 14 anos;92957;Mulher;9613
Indicador  3.3.4;1020;0;53;Distrito Federal;9613;2020;1143;15 a 19 anos;6794;Total;9613
Indicador  3.3.4;1020;0;53;Distrito Federal;9613;2020;1143;15 a 19 anos;92956;Homem;9613
Indicador  3.3.4;1020;0;53;Distrito Federal;9613;2020;1143;15 a 19 anos;92957;Mulher;9613
Indicador  3.3.4;1020;3;53;Distrito Federal;9613;2020;1144;20 a 24 anos;6794;Total;9613
Indicador  3.3.4;1020;2;53;Distrito Federal;9613;2020;1144;20 a 24 anos;92956;Homem;9613
Indicador  3.3.4;1020;1;53;Distrito Federal;9613;2020;1144;20 a 24 anos;92957;Mulher;9613
Indicador  3.3.4;1020;12;53;Distrito Federal;9613;2020;1145;25 a 29 anos;6794;Total;9613
Indicador  3.3.4;1020;6;53;Distrito Federal;9613;2020;1145;25 a 29 anos;92956;Homem;9613
Indicador  3.3.4;1020;6;53;Distrito Federal;9613;2020;1145;25 a 29 anos;92957;Mulher;9613
Indicador  3.3.4;1020;12;53;Distrito Federal;9613;2020;1146;30 a 34 anos;6794;Total;9613
Indicador  3.3.4;1020;6;53;Distrito Federal;9613;2020;1146;30 a 34 anos;92956;Homem;9613
Indicador  3.3.4;1020;6;53;Distrito Federal;9613;2020;1146;30 a 34 anos;92957;Mulher;9613
Indicador  3.3.4;1020;6;53;Distrito Federal;9613;2020;1147;35 a 39 anos;6794;Total;9613
Indicador  3.3.4;1020;4;53;Distrito Federal;9613;2020;1147;35 a 39 anos;92956;Homem;9613
Indicador  3.3.4;1020;2;53;Distrito Federal;9613;2020;1147;35 a 39 anos;92957;Mulher;9613
Indicador  3.3.4;1020;10;53;Distrito Federal;9613;2020;1148;40 a 44 anos;6794;Total;9613
Indicador  3.3.4;1020;5;53;Distrito Federal;9613;2020;1148;40 a 44 anos;92956;Homem;9613
Indicador  3.3.4;1020;5;53;Distrito Federal;9613;2020;1148;40 a 44 anos;92957;Mulher;9613
Indicador  3.3.4;1020;13;53;Distrito Federal;9613;2020;1149;45 a 49 anos;6794;Total;9613
Indicador  3.3.4;1020;9;53;Distrito Federal;9613;2020;1149;45 a 49 anos;92956;Homem;9613
Indicador  3.3.4;1020;4;53;Distrito Federal;9613;2020;1149;45 a 49 anos;92957;Mulher;9613
Indicador  3.3.4;1020;11;53;Distrito Federal;9613;2020;1150;50 a 54 anos;6794;Total;9613
Indicador  3.3.4;1020;8;53;Distrito Federal;9613;2020;1150;50 a 54 anos;92956;Homem;9613
Indicador  3.3.4;1020;3;53;Distrito Federal;9613;2020;1150;50 a 54 anos;92957;Mulher;9613
Indicador  3.3.4;1020;11;53;Distrito Federal;9613;2020;1151;55 a 59 anos;6794;Total;9613
Indicador  3.3.4;1020;6;53;Distrito Federal;9613;2020;1151;55 a 59 anos;92956;Homem;9613
Indicador  3.3.4;1020;5;53;Distrito Federal;9613;2020;1151;55 a 59 anos;92957;Mulher;9613
Indicador  3.3.4;1020;18;53;Distrito Federal;9613;2020;3302;60 anos ou mais;6794;Total;9613
Indicador  3.3.4;1020;13;53;Distrito Federal;9613;2020;3302;60 anos ou mais;92956;Homem;9613
Indicador  3.3.4;1020;5;53;Distrito Federal;9613;2020;3302;60 anos ou mais;92957;Mulher;9613
Indicador  3.3.4;1020;128;53;Distrito Federal;9613;2021;95253;Total;6794;Total;9613
Indicador  3.3.4;1020;73;53;Distrito Federal;9613;2021;95253;Total;92956;Homem;9613
Indicador  3.3.4;1020;55;53;Distrito Federal;9613;2021;95253;Total;92957;Mulher;9613
Indicador  3.3.4;1020;0;53;Distrito Federal;9613;2021;1140;0 a 4 anos;6794;Total;9613
Indicador  3.3.4;1020;0;53;Distrito Federal;9613;2021;1140;0 a 4 anos;92956;Homem;9613
Indicador  3.3.4;1020;0;53;Distrito Federal;9613;2021;1140;0 a 4 anos;92957;Mulher;9613
Indicador  3.3.4;1020;0;53;Distrito Federal;9613;2021;1141;5 a 9 anos;6794;Total;9613
Indicador  3.3.4;1020;0;53;Distrito Federal;9613;2021;1141;5 a 9 anos;92956;Homem;9613
Indicador  3.3.4;1020;0;53;Distrito Federal;9613;2021;1141;5 a 9 anos;92957;Mulher;9613
Indicador  3.3.4;1020;0;53;Distrito Federal;9613;2021;1142;10 a 14 anos;6794;Total;9613
Indicador  3.3.4;1020;0;53;Distrito Federal;9613;2021;1142;10 a 14 anos;92956;Homem;9613
Indicador  3.3.4;1020;0;53;Distrito Federal;9613;2021;1142;10 a 14 anos;92957;Mulher;9613
Indicador  3.3.4;1020;1;53;Distrito Federal;9613;2021;1143;15 a 19 anos;6794;Total;9613
Indicador  3.3.4;1020;0;53;Distrito Federal;9613;2021;1143;15 a 19 anos;92956;Homem;9613
Indicador  3.3.4;1020;1;53;Distrito Federal;9613;2021;1143;15 a 19 anos;92957;Mulher;9613
Indicador  3.3.4;1020;3;53;Distrito Federal;9613;2021;1144;20 a 24 anos;6794;Total;9613
Indicador  3.3.4;1020;2;53;Distrito Federal;9613;2021;1144;20 a 24 anos;92956;Homem;9613
Indicador  3.3.4;1020;1;53;Distrito Federal;9613;2021;1144;20 a 24 anos;92957;Mulher;9613
Indicador  3.3.4;1020;16;53;Distrito Federal;9613;2021;1145;25 a 29 anos;6794;Total;9613
Indicador  3.3.4;1020;11;53;Distrito Federal;9613;2021;1145;25 a 29 anos;92956;Homem;9613
Indicador  3.3.4;1020;5;53;Distrito Federal;9613;2021;1145;25 a 29 anos;92957;Mulher;9613
Indicador  3.3.4;1020;14;53;Distrito Federal;9613;2021;1146;30 a 34 anos;6794;Total;9613
Indicador  3.3.4;1020;8;53;Distrito Federal;9613;2021;1146;30 a 34 anos;92956;Homem;9613
Indicador  3.3.4;1020;6;53;Distrito Federal;9613;2021;1146;30 a 34 anos;92957;Mulher;9613
Indicador  3.3.4;1020;9;53;Distrito Federal;9613;2021;1147;35 a 39 anos;6794;Total;9613
Indicador  3.3.4;1020;3;53;Distrito Federal;9613;2021;1147;35 a 39 anos;92956;Homem;9613
Indicador  3.3.4;1020;6;53;Distrito Federal;9613;2021;1147;35 a 39 anos;92957;Mulher;9613
Indicador  3.3.4;1020;19;53;Distrito Federal;9613;2021;1148;40 a 44 anos;6794;Total;9613
Indicador  3.3.4;1020;11;53;Distrito Federal;9613;2021;1148;40 a 44 anos;92956;Homem;9613
Indicador  3.3.4;1020;8;53;Distrito Federal;9613;2021;1148;40 a 44 anos;92957;Mulher;9613
Indicador  3.3.4;1020;9;53;Distrito Federal;9613;2021;1149;45 a 49 anos;6794;Total;9613
Indicador  3.3.4;1020;5;53;Distrito Federal;9613;2021;1149;45 a 49 anos;92956;Homem;9613
Indicador  3.3.4;1020;4;53;Distrito Federal;9613;2021;1149;45 a 49 anos;92957;Mulher;9613
Indicador  3.3.4;1020;12;53;Distrito Federal;9613;2021;1150;50 a 54 anos;6794;Total;9613
Indicador  3.3.4;1020;7;53;Distrito Federal;9613;2021;1150;50 a 54 anos;92956;Homem;9613
Indicador  3.3.4;1020;5;53;Distrito Federal;9613;2021;1150;50 a 54 anos;92957;Mulher;9613
Indicador  3.3.4;1020;16;53;Distrito Federal;9613;2021;1151;55 a 59 anos;6794;Total;9613
Indicador  3.3.4;1020;7;53;Distrito Federal;9613;2021;1151;55 a 59 anos;92956;Homem;9613
Indicador  3.3.4;1020;9;53;Distrito Federal;9613;2021;1151;55 a 59 anos;92957;Mulher;9613
Indicador  3.3.4;1020;29;53;Distrito Federal;9613;2021;3302;60 anos ou mais;6794;Total;9613
Indicador  3.3.4;1020;19;53;Distrito Federal;9613;2021;3302;60 anos ou mais;92956;Homem;9613
Indicador  3.3.4;1020;10;53;Distrito Federal;9613;2021;3302;60 anos ou mais;92957;Mulher;9613
Indicador  3.3.4;1020;76;53;Distrito Federal;9613;2022;95253;Total;6794;Total;9613
Indicador  3.3.4;1020;55;53;Distrito Federal;9613;2022;95253;Total;92956;Homem;9613
Indicador  3.3.4;1020;21;53;Distrito Federal;9613;2022;95253;Total;92957;Mulher;9613
Indicador  3.3.4;1020;0;53;Distrito Federal;9613;2022;1140;0 a 4 anos;6794;Total;9613
Indicador  3.3.4;1020;0;53;Distrito Federal;9613;2022;1140;0 a 4 anos;92956;Homem;9613
Indicador  3.3.4;1020;0;53;Distrito Federal;9613;2022;1140;0 a 4 anos;92957;Mulher;9613
Indicador  3.3.4;1020;0;53;Distrito Federal;9613;2022;1141;5 a 9 anos;6794;Total;9613
Indicador  3.3.4;1020;0;53;Distrito Federal;9613;2022;1141;5 a 9 anos;92956;Homem;9613
Indicador  3.3.4;1020;0;53;Distrito Federal;9613;2022;1141;5 a 9 anos;92957;Mulher;9613
Indicador  3.3.4;1020;0;53;Distrito Federal;9613;2022;1142;10 a 14 anos;6794;Total;9613
Indicador  3.3.4;1020;0;53;Distrito Federal;9613;2022;1142;10 a 14 anos;92956;Homem;9613
Indicador  3.3.4;1020;0;53;Distrito Federal;9613;2022;1142;10 a 14 anos;92957;Mulher;9613
Indicador  3.3.4;1020;0;53;Distrito Federal;9613;2022;1143;15 a 19 anos;6794;Total;9613
Indicador  3.3.4;1020;0;53;Distrito Federal;9613;2022;1143;15 a 19 anos;92956;Homem;9613
Indicador  3.3.4;1020;0;53;Distrito Federal;9613;2022;1143;15 a 19 anos;92957;Mulher;9613
Indicador  3.3.4;1020;2;53;Distrito Federal;9613;2022;1144;20 a 24 anos;6794;Total;9613
Indicador  3.3.4;1020;1;53;Distrito Federal;9613;2022;1144;20 a 24 anos;92956;Homem;9613
Indicador  3.3.4;1020;1;53;Distrito Federal;9613;2022;1144;20 a 24 anos;92957;Mulher;9613
Indicador  3.3.4;1020;7;53;Distrito Federal;9613;2022;1145;25 a 29 anos;6794;Total;9613
Indicador  3.3.4;1020;4;53;Distrito Federal;9613;2022;1145;25 a 29 anos;92956;Homem;9613
Indicador  3.3.4;1020;3;53;Distrito Federal;9613;2022;1145;25 a 29 anos;92957;Mulher;9613
Indicador  3.3.4;1020;11;53;Distrito Federal;9613;2022;1146;30 a 34 anos;6794;Total;9613
Indicador  3.3.4;1020;9;53;Distrito Federal;9613;2022;1146;30 a 34 anos;92956;Homem;9613
Indicador  3.3.4;1020;2;53;Distrito Federal;9613;2022;1146;30 a 34 anos;92957;Mulher;9613
Indicador  3.3.4;1020;8;53;Distrito Federal;9613;2022;1147;35 a 39 anos;6794;Total;9613
Indicador  3.3.4;1020;5;53;Distrito Federal;9613;2022;1147;35 a 39 anos;92956;Homem;9613
Indicador  3.3.4;1020;3;53;Distrito Federal;9613;2022;1147;35 a 39 anos;92957;Mulher;9613
Indicador  3.3.4;1020;7;53;Distrito Federal;9613;2022;1148;40 a 44 anos;6794;Total;9613
Indicador  3.3.4;1020;2;53;Distrito Federal;9613;2022;1148;40 a 44 anos;92956;Homem;9613
Indicador  3.3.4;1020;5;53;Distrito Federal;9613;2022;1148;40 a 44 anos;92957;Mulher;9613
Indicador  3.3.4;1020;8;53;Distrito Federal;9613;2022;1149;45 a 49 anos;6794;Total;9613
Indicador  3.3.4;1020;7;53;Distrito Federal;9613;2022;1149;45 a 49 anos;92956;Homem;9613
Indicador  3.3.4;1020;1;53;Distrito Federal;9613;2022;1149;45 a 49 anos;92957;Mulher;9613
Indicador  3.3.4;1020;11;53;Distrito Federal;9613;2022;1150;50 a 54 anos;6794;Total;9613
Indicador  3.3.4;1020;10;53;Distrito Federal;9613;2022;1150;50 a 54 anos;92956;Homem;9613
Indicador  3.3.4;1020;1;53;Distrito Federal;9613;2022;1150;50 a 54 anos;92957;Mulher;9613
Indicador  3.3.4;1020;5;53;Distrito Federal;9613;2022;1151;55 a 59 anos;6794;Total;9613
Indicador  3.3.4;1020;3;53;Distrito Federal;9613;2022;1151;55 a 59 anos;92956;Homem;9613
Indicador  3.3.4;1020;2;53;Distrito Federal;9613;2022;1151;55 a 59 anos;92957;Mulher;9613
Indicador  3.3.4;1020;17;53;Distrito Federal;9613;2022;3302;60 anos ou mais;6794;Total;9613
Indicador  3.3.4;1020;14;53;Distrito Federal;9613;2022;3302;60 anos ou mais;92956;Homem;9613
Indicador  3.3.4;1020;3;53;Distrito Federal;9613;2022;3302;60 anos ou mais;92957;Mulher;9613
Indicador  3.3.4;1732;6.9;1;Brasil;12381;2018;95253;Total;6794;Total;12381
Indicador  3.3.4;1732;7.9;1;Brasil;12381;2018;95253;Total;92956;Homem;12381
Indicador  3.3.4;1732;5.9;1;Brasil;12381;2018;95253;Total;92957;Mulher;12381
Indicador  3.3.4;1732;0.7;1;Brasil;12381;2018;1140;0 a 4 anos;6794;Total;12381
Indicador  3.3.4;1732;0.8;1;Brasil;12381;2018;1140;0 a 4 anos;92956;Homem;12381
Indicador  3.3.4;1732;0.6;1;Brasil;12381;2018;1140;0 a 4 anos;92957;Mulher;12381
Indicador  3.3.4;1732;0.1;1;Brasil;12381;2018;1141;5 a 9 anos;6794;Total;12381
Indicador  3.3.4;1732;0.1;1;Brasil;12381;2018;1141;5 a 9 anos;92956;Homem;12381
Indicador  3.3.4;1732;0.1;1;Brasil;12381;2018;1141;5 a 9 anos;92957;Mulher;12381
Indicador  3.3.4;1732;0.2;1;Brasil;12381;2018;1142;10 a 14 anos;6794;Total;12381
Indicador  3.3.4;1732;0.2;1;Brasil;12381;2018;1142;10 a 14 anos;92956;Homem;12381
Indicador  3.3.4;1732;0.1;1;Brasil;12381;2018;1142;10 a 14 anos;92957;Mulher;12381
Indicador  3.3.4;1732;1.4;1;Brasil;12381;2018;1143;15 a 19 anos;6794;Total;12381
Indicador  3.3.4;1732;0.8;1;Brasil;12381;2018;1143;15 a 19 anos;92956;Homem;12381
Indicador  3.3.4;1732;2.0;1;Brasil;12381;2018;1143;15 a 19 anos;92957;Mulher;12381
Indicador  3.3.4;1732;5.2;1;Brasil;12381;2018;1144;20 a 24 anos;6794;Total;12381
Indicador  3.3.4;1732;4.1;1;Brasil;12381;2018;1144;20 a 24 anos;92956;Homem;12381
Indicador  3.3.4;1732;6.3;1;Brasil;12381;2018;1144;20 a 24 anos;92957;Mulher;12381
Indicador  3.3.4;1732;8.7;1;Brasil;12381;2018;1145;25 a 29 anos;6794;Total;12381
Indicador  3.3.4;1732;8.2;1;Brasil;12381;2018;1145;25 a 29 anos;92956;Homem;12381
Indicador  3.3.4;1732;9.1;1;Brasil;12381;2018;1145;25 a 29 anos;92957;Mulher;12381
Indicador  3.3.4;1732;10.0;1;Brasil;12381;2018;1146;30 a 34 anos;6794;Total;12381
Indicador  3.3.4;1732;10.8;1;Brasil;12381;2018;1146;30 a 34 anos;92956;Homem;12381
Indicador  3.3.4;1732;9.3;1;Brasil;12381;2018;1146;30 a 34 anos;92957;Mulher;12381
Indicador  3.3.4;1732;10.8;1;Brasil;12381;2018;1147;35 a 39 anos;6794;Total;12381
Indicador  3.3.4;1732;12.2;1;Brasil;12381;2018;1147;35 a 39 anos;92956;Homem;12381
Indicador  3.3.4;1732;9.5;1;Brasil;12381;2018;1147;35 a 39 anos;92957;Mulher;12381
Indicador  3.3.4;1732;11.5;1;Brasil;12381;2018;1148;40 a 44 anos;6794;Total;12381
Indicador  3.3.4;1732;14.7;1;Brasil;12381;2018;1148;40 a 44 anos;92956;Homem;12381
Indicador  3.3.4;1732;8.5;1;Brasil;12381;2018;1148;40 a 44 anos;92957;Mulher;12381
Indicador  3.3.4;1732;12.1;1;Brasil;12381;2018;1149;45 a 49 anos;6794;Total;12381
Indicador  3.3.4;1732;15.1;1;Brasil;12381;2018;1149;45 a 49 anos;92956;Homem;12381
Indicador  3.3.4;1732;9.2;1;Brasil;12381;2018;1149;45 a 49 anos;92957;Mulher;12381
Indicador  3.3.4;1732;12.0;1;Brasil;12381;2018;1150;50 a 54 anos;6794;Total;12381
Indicador  3.3.4;1732;15.8;1;Brasil;12381;2018;1150;50 a 54 anos;92956;Homem;12381
Indicador  3.3.4;1732;8.5;1;Brasil;12381;2018;1150;50 a 54 anos;92957;Mulher;12381
Indicador  3.3.4;1732;11.8;1;Brasil;12381;2018;1151;55 a 59 anos;6794;Total;12381
Indicador  3.3.4;1732;15.1;1;Brasil;12381;2018;1151;55 a 59 anos;92956;Homem;12381
Indicador  3.3.4;1732;8.7;1;Brasil;12381;2018;1151;55 a 59 anos;92957;Mulher;12381
Indicador  3.3.4;1732;7.0;1;Brasil;12381;2018;3302;60 anos ou mais;6794;Total;12381
Indicador  3.3.4;1732;9.5;1;Brasil;12381;2018;3302;60 anos ou mais;92956;Homem;12381
Indicador  3.3.4;1732;5.0;1;Brasil;12381;2018;3302;60 anos ou mais;92957;Mulher;12381
Indicador  3.3.4;1732;6.8;1;Brasil;12381;2019;95253;Total;6794;Total;12381
Indicador  3.3.4;1732;7.9;1;Brasil;12381;2019;95253;Total;92956;Homem;12381
Indicador  3.3.4;1732;5.8;1;Brasil;12381;2019;95253;Total;92957;Mulher;12381
Indicador  3.3.4;1732;0.7;1;Brasil;12381;2019;1140;0 a 4 anos;6794;Total;12381
Indicador  3.3.4;1732;0.8;1;Brasil;12381;2019;1140;0 a 4 anos;92956;Homem;12381
Indicador  3.3.4;1732;0.6;1;Brasil;12381;2019;1140;0 a 4 anos;92957;Mulher;12381
Indicador  3.3.4;1732;0.1;1;Brasil;12381;2019;1141;5 a 9 anos;6794;Total;12381
Indicador  3.3.4;1732;0.1;1;Brasil;12381;2019;1141;5 a 9 anos;92956;Homem;12381
Indicador  3.3.4;1732;0.2;1;Brasil;12381;2019;1141;5 a 9 anos;92957;Mulher;12381
Indicador  3.3.4;1732;0.3;1;Brasil;12381;2019;1142;10 a 14 anos;6794;Total;12381
Indicador  3.3.4;1732;0.2;1;Brasil;12381;2019;1142;10 a 14 anos;92956;Homem;12381
Indicador  3.3.4;1732;0.4;1;Brasil;12381;2019;1142;10 a 14 anos;92957;Mulher;12381
Indicador  3.3.4;1732;1.3;1;Brasil;12381;2019;1143;15 a 19 anos;6794;Total;12381
Indicador  3.3.4;1732;0.9;1;Brasil;12381;2019;1143;15 a 19 anos;92956;Homem;12381
Indicador  3.3.4;1732;1.8;1;Brasil;12381;2019;1143;15 a 19 anos;92957;Mulher;12381
Indicador  3.3.4;1732;4.7;1;Brasil;12381;2019;1144;20 a 24 anos;6794;Total;12381
Indicador  3.3.4;1732;3.8;1;Brasil;12381;2019;1144;20 a 24 anos;92956;Homem;12381
Indicador  3.3.4;1732;5.6;1;Brasil;12381;2019;1144;20 a 24 anos;92957;Mulher;12381
Indicador  3.3.4;1732;7.8;1;Brasil;12381;2019;1145;25 a 29 anos;6794;Total;12381
Indicador  3.3.4;1732;7.5;1;Brasil;12381;2019;1145;25 a 29 anos;92956;Homem;12381
Indicador  3.3.4;1732;8.2;1;Brasil;12381;2019;1145;25 a 29 anos;92957;Mulher;12381
Indicador  3.3.4;1732;9.9;1;Brasil;12381;2019;1146;30 a 34 anos;6794;Total;12381
Indicador  3.3.4;1732;10.9;1;Brasil;12381;2019;1146;30 a 34 anos;92956;Homem;12381
Indicador  3.3.4;1732;8.8;1;Brasil;12381;2019;1146;30 a 34 anos;92957;Mulher;12381
Indicador  3.3.4;1732;11.5;1;Brasil;12381;2019;1147;35 a 39 anos;6794;Total;12381
Indicador  3.3.4;1732;13.7;1;Brasil;12381;2019;1147;35 a 39 anos;92956;Homem;12381
Indicador  3.3.4;1732;9.4;1;Brasil;12381;2019;1147;35 a 39 anos;92957;Mulher;12381
Indicador  3.3.4;1732;11.2;1;Brasil;12381;2019;1148;40 a 44 anos;6794;Total;12381
Indicador  3.3.4;1732;14.3;1;Brasil;12381;2019;1148;40 a 44 anos;92956;Homem;12381
Indicador  3.3.4;1732;8.2;1;Brasil;12381;2019;1148;40 a 44 anos;92957;Mulher;12381
Indicador  3.3.4;1732;11.9;1;Brasil;12381;2019;1149;45 a 49 anos;6794;Total;12381
Indicador  3.3.4;1732;15.0;1;Brasil;12381;2019;1149;45 a 49 anos;92956;Homem;12381
Indicador  3.3.4;1732;9.0;1;Brasil;12381;2019;1149;45 a 49 anos;92957;Mulher;12381
Indicador  3.3.4;1732;12.1;1;Brasil;12381;2019;1150;50 a 54 anos;6794;Total;12381
Indicador  3.3.4;1732;14.9;1;Brasil;12381;2019;1150;50 a 54 anos;92956;Homem;12381
Indicador  3.3.4;1732;9.6;1;Brasil;12381;2019;1150;50 a 54 anos;92957;Mulher;12381
Indicador  3.3.4;1732;11.0;1;Brasil;12381;2019;1151;55 a 59 anos;6794;Total;12381
Indicador  3.3.4;1732;14.4;1;Brasil;12381;2019;1151;55 a 59 anos;92956;Homem;12381
Indicador  3.3.4;1732;8.0;1;Brasil;12381;2019;1151;55 a 59 anos;92957;Mulher;12381
Indicador  3.3.4;1732;7.4;1;Brasil;12381;2019;3302;60 anos ou mais;6794;Total;12381
Indicador  3.3.4;1732;10.0;1;Brasil;12381;2019;3302;60 anos ou mais;92956;Homem;12381
Indicador  3.3.4;1732;5.3;1;Brasil;12381;2019;3302;60 anos ou mais;92957;Mulher;12381
Indicador  3.3.4;1732;3.8;1;Brasil;12381;2020;95253;Total;6794;Total;12381
Indicador  3.3.4;1732;4.5;1;Brasil;12381;2020;95253;Total;92956;Homem;12381
Indicador  3.3.4;1732;3.1;1;Brasil;12381;2020;95253;Total;92957;Mulher;12381
Indicador  3.3.4;1732;0.3;1;Brasil;12381;2020;1140;0 a 4 anos;6794;Total;12381
Indicador  3.3.4;1732;0.4;1;Brasil;12381;2020;1140;0 a 4 anos;92956;Homem;12381
Indicador  3.3.4;1732;0.2;1;Brasil;12381;2020;1140;0 a 4 anos;92957;Mulher;12381
Indicador  3.3.4;1732;0.1;1;Brasil;12381;2020;1141;5 a 9 anos;6794;Total;12381
Indicador  3.3.4;1732;0.0;1;Brasil;12381;2020;1141;5 a 9 anos;92956;Homem;12381
Indicador  3.3.4;1732;0.1;1;Brasil;12381;2020;1141;5 a 9 anos;92957;Mulher;12381
Indicador  3.3.4;1732;0.1;1;Brasil;12381;2020;1142;10 a 14 anos;6794;Total;12381
Indicador  3.3.4;1732;0.0;1;Brasil;12381;2020;1142;10 a 14 anos;92956;Homem;12381
Indicador  3.3.4;1732;0.1;1;Brasil;12381;2020;1142;10 a 14 anos;92957;Mulher;12381
Indicador  3.3.4;1732;0.8;1;Brasil;12381;2020;1143;15 a 19 anos;6794;Total;12381
Indicador  3.3.4;1732;0.4;1;Brasil;12381;2020;1143;15 a 19 anos;92956;Homem;12381
Indicador  3.3.4;1732;1.2;1;Brasil;12381;2020;1143;15 a 19 anos;92957;Mulher;12381
Indicador  3.3.4;1732;2.4;1;Brasil;12381;2020;1144;20 a 24 anos;6794;Total;12381
Indicador  3.3.4;1732;1.7;1;Brasil;12381;2020;1144;20 a 24 anos;92956;Homem;12381
Indicador  3.3.4;1732;3.1;1;Brasil;12381;2020;1144;20 a 24 anos;92957;Mulher;12381
Indicador  3.3.4;1732;4.5;1;Brasil;12381;2020;1145;25 a 29 anos;6794;Total;12381
Indicador  3.3.4;1732;4.2;1;Brasil;12381;2020;1145;25 a 29 anos;92956;Homem;12381
Indicador  3.3.4;1732;4.9;1;Brasil;12381;2020;1145;25 a 29 anos;92957;Mulher;12381
Indicador  3.3.4;1732;5.8;1;Brasil;12381;2020;1146;30 a 34 anos;6794;Total;12381
Indicador  3.3.4;1732;5.9;1;Brasil;12381;2020;1146;30 a 34 anos;92956;Homem;12381
Indicador  3.3.4;1732;5.8;1;Brasil;12381;2020;1146;30 a 34 anos;92957;Mulher;12381
Indicador  3.3.4;1732;6.1;1;Brasil;12381;2020;1147;35 a 39 anos;6794;Total;12381
Indicador  3.3.4;1732;7.2;1;Brasil;12381;2020;1147;35 a 39 anos;92956;Homem;12381
Indicador  3.3.4;1732;5.0;1;Brasil;12381;2020;1147;35 a 39 anos;92957;Mulher;12381
Indicador  3.3.4;1732;5.9;1;Brasil;12381;2020;1148;40 a 44 anos;6794;Total;12381
Indicador  3.3.4;1732;8.0;1;Brasil;12381;2020;1148;40 a 44 anos;92956;Homem;12381
Indicador  3.3.4;1732;3.9;1;Brasil;12381;2020;1148;40 a 44 anos;92957;Mulher;12381
Indicador  3.3.4;1732;6.3;1;Brasil;12381;2020;1149;45 a 49 anos;6794;Total;12381
Indicador  3.3.4;1732;8.5;1;Brasil;12381;2020;1149;45 a 49 anos;92956;Homem;12381
Indicador  3.3.4;1732;4.3;1;Brasil;12381;2020;1149;45 a 49 anos;92957;Mulher;12381
Indicador  3.3.4;1732;6.4;1;Brasil;12381;2020;1150;50 a 54 anos;6794;Total;12381
Indicador  3.3.4;1732;8.9;1;Brasil;12381;2020;1150;50 a 54 anos;92956;Homem;12381
Indicador  3.3.4;1732;4.2;1;Brasil;12381;2020;1150;50 a 54 anos;92957;Mulher;12381
Indicador  3.3.4;1732;5.9;1;Brasil;12381;2020;1151;55 a 59 anos;6794;Total;12381
Indicador  3.3.4;1732;8.0;1;Brasil;12381;2020;1151;55 a 59 anos;92956;Homem;12381
Indicador  3.3.4;1732;4.0;1;Brasil;12381;2020;1151;55 a 59 anos;92957;Mulher;12381
Indicador  3.3.4;1732;4.3;1;Brasil;12381;2020;3302;60 anos ou mais;6794;Total;12381
Indicador  3.3.4;1732;6.2;1;Brasil;12381;2020;3302;60 anos ou mais;92956;Homem;12381
Indicador  3.3.4;1732;2.9;1;Brasil;12381;2020;3302;60 anos ou mais;92957;Mulher;12381
Indicador  3.3.4;1732;4.4;1;Brasil;12381;2021;95253;Total;6794;Total;12381
Indicador  3.3.4;1732;5.1;1;Brasil;12381;2021;95253;Total;92956;Homem;12381
Indicador  3.3.4;1732;3.8;1;Brasil;12381;2021;95253;Total;92957;Mulher;12381
Indicador  3.3.4;1732;0.5;1;Brasil;12381;2021;1140;0 a 4 anos;6794;Total;12381
Indicador  3.3.4;1732;0.5;1;Brasil;12381;2021;1140;0 a 4 anos;92956;Homem;12381
Indicador  3.3.4;1732;0.5;1;Brasil;12381;2021;1140;0 a 4 anos;92957;Mulher;12381
Indicador  3.3.4;1732;0.0;1;Brasil;12381;2021;1141;5 a 9 anos;6794;Total;12381
Indicador  3.3.4;1732;0.0;1;Brasil;12381;2021;1141;5 a 9 anos;92956;Homem;12381
Indicador  3.3.4;1732;0.0;1;Brasil;12381;2021;1141;5 a 9 anos;92957;Mulher;12381
Indicador  3.3.4;1732;0.2;1;Brasil;12381;2021;1142;10 a 14 anos;6794;Total;12381
Indicador  3.3.4;1732;0.1;1;Brasil;12381;2021;1142;10 a 14 anos;92956;Homem;12381
Indicador  3.3.4;1732;0.2;1;Brasil;12381;2021;1142;10 a 14 anos;92957;Mulher;12381
Indicador  3.3.4;1732;0.8;1;Brasil;12381;2021;1143;15 a 19 anos;6794;Total;12381
Indicador  3.3.4;1732;0.4;1;Brasil;12381;2021;1143;15 a 19 anos;92956;Homem;12381
Indicador  3.3.4;1732;1.2;1;Brasil;12381;2021;1143;15 a 19 anos;92957;Mulher;12381
Indicador  3.3.4;1732;2.2;1;Brasil;12381;2021;1144;20 a 24 anos;6794;Total;12381
Indicador  3.3.4;1732;1.6;1;Brasil;12381;2021;1144;20 a 24 anos;92956;Homem;12381
Indicador  3.3.4;1732;2.9;1;Brasil;12381;2021;1144;20 a 24 anos;92957;Mulher;12381
Indicador  3.3.4;1732;4.6;1;Brasil;12381;2021;1145;25 a 29 anos;6794;Total;12381
Indicador  3.3.4;1732;4.1;1;Brasil;12381;2021;1145;25 a 29 anos;92956;Homem;12381
Indicador  3.3.4;1732;5.1;1;Brasil;12381;2021;1145;25 a 29 anos;92957;Mulher;12381
Indicador  3.3.4;1732;5.7;1;Brasil;12381;2021;1146;30 a 34 anos;6794;Total;12381
Indicador  3.3.4;1732;6.2;1;Brasil;12381;2021;1146;30 a 34 anos;92956;Homem;12381
Indicador  3.3.4;1732;5.2;1;Brasil;12381;2021;1146;30 a 34 anos;92957;Mulher;12381
Indicador  3.3.4;1732;6.9;1;Brasil;12381;2021;1147;35 a 39 anos;6794;Total;12381
Indicador  3.3.4;1732;8.2;1;Brasil;12381;2021;1147;35 a 39 anos;92956;Homem;12381
Indicador  3.3.4;1732;5.5;1;Brasil;12381;2021;1147;35 a 39 anos;92957;Mulher;12381
Indicador  3.3.4;1732;7.3;1;Brasil;12381;2021;1148;40 a 44 anos;6794;Total;12381
Indicador  3.3.4;1732;8.5;1;Brasil;12381;2021;1148;40 a 44 anos;92956;Homem;12381
Indicador  3.3.4;1732;6.2;1;Brasil;12381;2021;1148;40 a 44 anos;92957;Mulher;12381
Indicador  3.3.4;1732;8.0;1;Brasil;12381;2021;1149;45 a 49 anos;6794;Total;12381
Indicador  3.3.4;1732;10.3;1;Brasil;12381;2021;1149;45 a 49 anos;92956;Homem;12381
Indicador  3.3.4;1732;5.9;1;Brasil;12381;2021;1149;45 a 49 anos;92957;Mulher;12381
Indicador  3.3.4;1732;8.4;1;Brasil;12381;2021;1150;50 a 54 anos;6794;Total;12381
Indicador  3.3.4;1732;10.9;1;Brasil;12381;2021;1150;50 a 54 anos;92956;Homem;12381
Indicador  3.3.4;1732;6.2;1;Brasil;12381;2021;1150;50 a 54 anos;92957;Mulher;12381
Indicador  3.3.4;1732;7.8;1;Brasil;12381;2021;1151;55 a 59 anos;6794;Total;12381
Indicador  3.3.4;1732;10.0;1;Brasil;12381;2021;1151;55 a 59 anos;92956;Homem;12381
Indicador  3.3.4;1732;5.9;1;Brasil;12381;2021;1151;55 a 59 anos;92957;Mulher;12381
Indicador  3.3.4;1732;5.3;1;Brasil;12381;2021;3302;60 anos ou mais;6794;Total;12381
Indicador  3.3.4;1732;7.3;1;Brasil;12381;2021;3302;60 anos ou mais;92956;Homem;12381
Indicador  3.3.4;1732;3.8;1;Brasil;12381;2021;3302;60 anos ou mais;92957;Mulher;12381
Indicador  3.3.4;1732;4.3;1;Brasil;12381;2022;95253;Total;6794;Total;12381
Indicador  3.3.4;1732;4.9;1;Brasil;12381;2022;95253;Total;92956;Homem;12381
Indicador  3.3.4;1732;3.7;1;Brasil;12381;2022;95253;Total;92957;Mulher;12381
Indicador  3.3.4;1732;0.6;1;Brasil;12381;2022;1140;0 a 4 anos;6794;Total;12381
Indicador  3.3.4;1732;0.7;1;Brasil;12381;2022;1140;0 a 4 anos;92956;Homem;12381
Indicador  3.3.4;1732;0.5;1;Brasil;12381;2022;1140;0 a 4 anos;92957;Mulher;12381
Indicador  3.3.4;1732;0.1;1;Brasil;12381;2022;1141;5 a 9 anos;6794;Total;12381
Indicador  3.3.4;1732;0.0;1;Brasil;12381;2022;1141;5 a 9 anos;92956;Homem;12381
Indicador  3.3.4;1732;0.1;1;Brasil;12381;2022;1141;5 a 9 anos;92957;Mulher;12381
Indicador  3.3.4;1732;0.2;1;Brasil;12381;2022;1142;10 a 14 anos;6794;Total;12381
Indicador  3.3.4;1732;0.2;1;Brasil;12381;2022;1142;10 a 14 anos;92956;Homem;12381
Indicador  3.3.4;1732;0.2;1;Brasil;12381;2022;1142;10 a 14 anos;92957;Mulher;12381
Indicador  3.3.4;1732;0.8;1;Brasil;12381;2022;1143;15 a 19 anos;6794;Total;12381
Indicador  3.3.4;1732;0.5;1;Brasil;12381;2022;1143;15 a 19 anos;92956;Homem;12381
Indicador  3.3.4;1732;1.2;1;Brasil;12381;2022;1143;15 a 19 anos;92957;Mulher;12381
Indicador  3.3.4;1732;2.1;1;Brasil;12381;2022;1144;20 a 24 anos;6794;Total;12381
Indicador  3.3.4;1732;1.5;1;Brasil;12381;2022;1144;20 a 24 anos;92956;Homem;12381
Indicador  3.3.4;1732;2.7;1;Brasil;12381;2022;1144;20 a 24 anos;92957;Mulher;12381
Indicador  3.3.4;1732;4.2;1;Brasil;12381;2022;1145;25 a 29 anos;6794;Total;12381
Indicador  3.3.4;1732;3.7;1;Brasil;12381;2022;1145;25 a 29 anos;92956;Homem;12381
Indicador  3.3.4;1732;4.7;1;Brasil;12381;2022;1145;25 a 29 anos;92957;Mulher;12381
Indicador  3.3.4;1732;5.6;1;Brasil;12381;2022;1146;30 a 34 anos;6794;Total;12381
Indicador  3.3.4;1732;5.4;1;Brasil;12381;2022;1146;30 a 34 anos;92956;Homem;12381
Indicador  3.3.4;1732;5.8;1;Brasil;12381;2022;1146;30 a 34 anos;92957;Mulher;12381
Indicador  3.3.4;1732;6.3;1;Brasil;12381;2022;1147;35 a 39 anos;6794;Total;12381
Indicador  3.3.4;1732;7.2;1;Brasil;12381;2022;1147;35 a 39 anos;92956;Homem;12381
Indicador  3.3.4;1732;5.5;1;Brasil;12381;2022;1147;35 a 39 anos;92957;Mulher;12381
Indicador  3.3.4;1732;6.9;1;Brasil;12381;2022;1148;40 a 44 anos;6794;Total;12381
Indicador  3.3.4;1732;8.6;1;Brasil;12381;2022;1148;40 a 44 anos;92956;Homem;12381
Indicador  3.3.4;1732;5.3;1;Brasil;12381;2022;1148;40 a 44 anos;92957;Mulher;12381
Indicador  3.3.4;1732;7.7;1;Brasil;12381;2022;1149;45 a 49 anos;6794;Total;12381
Indicador  3.3.4;1732;9.8;1;Brasil;12381;2022;1149;45 a 49 anos;92956;Homem;12381
Indicador  3.3.4;1732;5.7;1;Brasil;12381;2022;1149;45 a 49 anos;92957;Mulher;12381
Indicador  3.3.4;1732;7.3;1;Brasil;12381;2022;1150;50 a 54 anos;6794;Total;12381
Indicador  3.3.4;1732;9.0;1;Brasil;12381;2022;1150;50 a 54 anos;92956;Homem;12381
Indicador  3.3.4;1732;5.7;1;Brasil;12381;2022;1150;50 a 54 anos;92957;Mulher;12381
Indicador  3.3.4;1732;7.4;1;Brasil;12381;2022;1151;55 a 59 anos;6794;Total;12381
Indicador  3.3.4;1732;9.3;1;Brasil;12381;2022;1151;55 a 59 anos;92956;Homem;12381
Indicador  3.3.4;1732;5.7;1;Brasil;12381;2022;1151;55 a 59 anos;92957;Mulher;12381
Indicador  3.3.4;1732;5.4;1;Brasil;12381;2022;3302;60 anos ou mais;6794;Total;12381
Indicador  3.3.4;1732;7.6;1;Brasil;12381;2022;3302;60 anos ou mais;92956;Homem;12381
Indicador  3.3.4;1732;3.7;1;Brasil;12381;2022;3302;60 anos ou mais;92957;Mulher;12381
Indicador  3.3.4;1732;31.9;11;Rondônia;12381;2018;95253;Total;6794;Total;12381
Indicador  3.3.4;1732;33.6;11;Rondônia;12381;2018;95253;Total;92956;Homem;12381
Indicador  3.3.4;1732;30.2;11;Rondônia;12381;2018;95253;Total;92957;Mulher;12381
Indicador  3.3.4;1732;1.4;11;Rondônia;12381;2018;1140;0 a 4 anos;6794;Total;12381
Indicador  3.3.4;1732;2.8;11;Rondônia;12381;2018;1140;0 a 4 anos;92956;Homem;12381
Indicador  3.3.4;1732;0.0;11;Rondônia;12381;2018;1140;0 a 4 anos;92957;Mulher;12381
Indicador  3.3.4;1732;0.7;11;Rondônia;12381;2018;1141;5 a 9 anos;6794;Total;12381
Indicador  3.3.4;1732;1.5;11;Rondônia;12381;2018;1141;5 a 9 anos;92956;Homem;12381
Indicador  3.3.4;1732;0.0;11;Rondônia;12381;2018;1141;5 a 9 anos;92957;Mulher;12381
Indicador  3.3.4;1732;0.7;11;Rondônia;12381;2018;1142;10 a 14 anos;6794;Total;12381
Indicador  3.3.4;1732;1.4;11;Rondônia;12381;2018;1142;10 a 14 anos;92956;Homem;12381
Indicador  3.3.4;1732;0.0;11;Rondônia;12381;2018;1142;10 a 14 anos;92957;Mulher;12381
Indicador  3.3.4;1732;5.2;11;Rondônia;12381;2018;1143;15 a 19 anos;6794;Total;12381
Indicador  3.3.4;1732;3.8;11;Rondônia;12381;2018;1143;15 a 19 anos;92956;Homem;12381
Indicador  3.3.4;1732;6.6;11;Rondônia;12381;2018;1143;15 a 19 anos;92957;Mulher;12381
Indicador  3.3.4;1732;12.7;11;Rondônia;12381;2018;1144;20 a 24 anos;6794;Total;12381
Indicador  3.3.4;1732;7.5;11;Rondônia;12381;2018;1144;20 a 24 anos;92956;Homem;12381
Indicador  3.3.4;1732;18.0;11;Rondônia;12381;2018;1144;20 a 24 anos;92957;Mulher;12381
Indicador  3.3.4;1732;51.3;11;Rondônia;12381;2018;1145;25 a 29 anos;6794;Total;12381
Indicador  3.3.4;1732;43.3;11;Rondônia;12381;2018;1145;25 a 29 anos;92956;Homem;12381
Indicador  3.3.4;1732;59.5;11;Rondônia;12381;2018;1145;25 a 29 anos;92957;Mulher;12381
Indicador  3.3.4;1732;51.4;11;Rondônia;12381;2018;1146;30 a 34 anos;6794;Total;12381
Indicador  3.3.4;1732;63.2;11;Rondônia;12381;2018;1146;30 a 34 anos;92956;Homem;12381
Indicador  3.3.4;1732;39.4;11;Rondônia;12381;2018;1146;30 a 34 anos;92957;Mulher;12381
Indicador  3.3.4;1732;63.7;11;Rondônia;12381;2018;1147;35 a 39 anos;6794;Total;12381
Indicador  3.3.4;1732;67.8;11;Rondônia;12381;2018;1147;35 a 39 anos;92956;Homem;12381
Indicador  3.3.4;1732;59.5;11;Rondônia;12381;2018;1147;35 a 39 anos;92957;Mulher;12381
Indicador  3.3.4;1732;63.1;11;Rondônia;12381;2018;1148;40 a 44 anos;6794;Total;12381
Indicador  3.3.4;1732;71.6;11;Rondônia;12381;2018;1148;40 a 44 anos;92956;Homem;12381
Indicador  3.3.4;1732;54.8;11;Rondônia;12381;2018;1148;40 a 44 anos;92957;Mulher;12381
Indicador  3.3.4;1732;53.1;11;Rondônia;12381;2018;1149;45 a 49 anos;6794;Total;12381
Indicador  3.3.4;1732;54.2;11;Rondônia;12381;2018;1149;45 a 49 anos;92956;Homem;12381
Indicador  3.3.4;1732;52.0;11;Rondônia;12381;2018;1149;45 a 49 anos;92957;Mulher;12381
Indicador  3.3.4;1732;35.9;11;Rondônia;12381;2018;1150;50 a 54 anos;6794;Total;12381
Indicador  3.3.4;1732;37.9;11;Rondônia;12381;2018;1150;50 a 54 anos;92956;Homem;12381
Indicador  3.3.4;1732;33.7;11;Rondônia;12381;2018;1150;50 a 54 anos;92957;Mulher;12381
Indicador  3.3.4;1732;61.8;11;Rondônia;12381;2018;1151;55 a 59 anos;6794;Total;12381
Indicador  3.3.4;1732;58.6;11;Rondônia;12381;2018;1151;55 a 59 anos;92956;Homem;12381
Indicador  3.3.4;1732;65.2;11;Rondônia;12381;2018;1151;55 a 59 anos;92957;Mulher;12381
Indicador  3.3.4;1732;33.9;11;Rondônia;12381;2018;3302;60 anos ou mais;6794;Total;12381
Indicador  3.3.4;1732;44.1;11;Rondônia;12381;2018;3302;60 anos ou mais;92956;Homem;12381
Indicador  3.3.4;1732;23.6;11;Rondônia;12381;2018;3302;60 anos ou mais;92957;Mulher;12381
Indicador  3.3.4;1732;30.4;11;Rondônia;12381;2019;95253;Total;6794;Total;12381
Indicador  3.3.4;1732;36.4;11;Rondônia;12381;2019;95253;Total;92956;Homem;12381
Indicador  3.3.4;1732;24.4;11;Rondônia;12381;2019;95253;Total;92957;Mulher;12381
Indicador  3.3.4;1732;0.0;11;Rondônia;12381;2019;1140;0 a 4 anos;6794;Total;12381
Indicador  3.3.4;1732;0.0;11;Rondônia;12381;2019;1140;0 a 4 anos;92956;Homem;12381
Indicador  3.3.4;1732;0.0;11;Rondônia;12381;2019;1140;0 a 4 anos;92957;Mulher;12381
Indicador  3.3.4;1732;0.0;11;Rondônia;12381;2019;1141;5 a 9 anos;6794;Total;12381
Indicador  3.3.4;1732;0.0;11;Rondônia;12381;2019;1141;5 a 9 anos;92956;Homem;12381
Indicador  3.3.4;1732;0.0;11;Rondônia;12381;2019;1141;5 a 9 anos;92957;Mulher;12381
Indicador  3.3.4;1732;0.7;11;Rondônia;12381;2019;1142;10 a 14 anos;6794;Total;12381
Indicador  3.3.4;1732;0.0;11;Rondônia;12381;2019;1142;10 a 14 anos;92956;Homem;12381
Indicador  3.3.4;1732;1.5;11;Rondônia;12381;2019;1142;10 a 14 anos;92957;Mulher;12381
Indicador  3.3.4;1732;5.2;11;Rondônia;12381;2019;1143;15 a 19 anos;6794;Total;12381
Indicador  3.3.4;1732;1.3;11;Rondônia;12381;2019;1143;15 a 19 anos;92956;Homem;12381
Indicador  3.3.4;1732;9.4;11;Rondônia;12381;2019;1143;15 a 19 anos;92957;Mulher;12381
Indicador  3.3.4;1732;17.2;11;Rondônia;12381;2019;1144;20 a 24 anos;6794;Total;12381
Indicador  3.3.4;1732;13.8;11;Rondônia;12381;2019;1144;20 a 24 anos;92956;Homem;12381
Indicador  3.3.4;1732;20.6;11;Rondônia;12381;2019;1144;20 a 24 anos;92957;Mulher;12381
Indicador  3.3.4;1732;38.3;11;Rondônia;12381;2019;1145;25 a 29 anos;6794;Total;12381
Indicador  3.3.4;1732;45.7;11;Rondônia;12381;2019;1145;25 a 29 anos;92956;Homem;12381
Indicador  3.3.4;1732;30.9;11;Rondônia;12381;2019;1145;25 a 29 anos;92957;Mulher;12381
Indicador  3.3.4;1732;47.9;11;Rondônia;12381;2019;1146;30 a 34 anos;6794;Total;12381
Indicador  3.3.4;1732;51.2;11;Rondônia;12381;2019;1146;30 a 34 anos;92956;Homem;12381
Indicador  3.3.4;1732;44.5;11;Rondônia;12381;2019;1146;30 a 34 anos;92957;Mulher;12381
Indicador  3.3.4;1732;74.0;11;Rondônia;12381;2019;1147;35 a 39 anos;6794;Total;12381
Indicador  3.3.4;1732;96.4;11;Rondônia;12381;2019;1147;35 a 39 anos;92956;Homem;12381
Indicador  3.3.4;1732;51.6;11;Rondônia;12381;2019;1147;35 a 39 anos;92957;Mulher;12381
Indicador  3.3.4;1732;56.8;11;Rondônia;12381;2019;1148;40 a 44 anos;6794;Total;12381
Indicador  3.3.4;1732;74.1;11;Rondônia;12381;2019;1148;40 a 44 anos;92956;Homem;12381
Indicador  3.3.4;1732;39.7;11;Rondônia;12381;2019;1148;40 a 44 anos;92957;Mulher;12381
Indicador  3.3.4;1732;50.4;11;Rondônia;12381;2019;1149;45 a 49 anos;6794;Total;12381
Indicador  3.3.4;1732;68.0;11;Rondônia;12381;2019;1149;45 a 49 anos;92956;Homem;12381
Indicador  3.3.4;1732;33.3;11;Rondônia;12381;2019;1149;45 a 49 anos;92957;Mulher;12381
Indicador  3.3.4;1732;48.0;11;Rondônia;12381;2019;1150;50 a 54 anos;6794;Total;12381
Indicador  3.3.4;1732;60.6;11;Rondônia;12381;2019;1150;50 a 54 anos;92956;Homem;12381
Indicador  3.3.4;1732;34.7;11;Rondônia;12381;2019;1150;50 a 54 anos;92957;Mulher;12381
Indicador  3.3.4;1732;38.8;11;Rondônia;12381;2019;1151;55 a 59 anos;6794;Total;12381
Indicador  3.3.4;1732;47.0;11;Rondônia;12381;2019;1151;55 a 59 anos;92956;Homem;12381
Indicador  3.3.4;1732;30.1;11;Rondônia;12381;2019;1151;55 a 59 anos;92957;Mulher;12381
Indicador  3.3.4;1732;30.0;11;Rondônia;12381;2019;3302;60 anos ou mais;6794;Total;12381
Indicador  3.3.4;1732;36.3;11;Rondônia;12381;2019;3302;60 anos ou mais;92956;Homem;12381
Indicador  3.3.4;1732;23.6;11;Rondônia;12381;2019;3302;60 anos ou mais;92957;Mulher;12381
Indicador  3.3.4;1732;14.9;11;Rondônia;12381;2020;95253;Total;6794;Total;12381
Indicador  3.3.4;1732;17.9;11;Rondônia;12381;2020;95253;Total;92956;Homem;12381
Indicador  3.3.4;1732;11.7;11;Rondônia;12381;2020;95253;Total;92957;Mulher;12381
Indicador  3.3.4;1732;2.9;11;Rondônia;12381;2020;1140;0 a 4 anos;6794;Total;12381
Indicador  3.3.4;1732;2.8;11;Rondônia;12381;2020;1140;0 a 4 anos;92956;Homem;12381
Indicador  3.3.4;1732;2.9;11;Rondônia;12381;2020;1140;0 a 4 anos;92957;Mulher;12381
Indicador  3.3.4;1732;0.0;11;Rondônia;12381;2020;1141;5 a 9 anos;6794;Total;12381
Indicador  3.3.4;1732;0.0;11;Rondônia;12381;2020;1141;5 a 9 anos;92956;Homem;12381
Indicador  3.3.4;1732;0.0;11;Rondônia;12381;2020;1141;5 a 9 anos;92957;Mulher;12381
Indicador  3.3.4;1732;0.0;11;Rondônia;12381;2020;1142;10 a 14 anos;6794;Total;12381
Indicador  3.3.4;1732;0.0;11;Rondônia;12381;2020;1142;10 a 14 anos;92956;Homem;12381
Indicador  3.3.4;1732;0.0;11;Rondônia;12381;2020;1142;10 a 14 anos;92957;Mulher;12381
Indicador  3.3.4;1732;3.3;11;Rondônia;12381;2020;1143;15 a 19 anos;6794;Total;12381
Indicador  3.3.4;1732;2.6;11;Rondônia;12381;2020;1143;15 a 19 anos;92956;Homem;12381
Indicador  3.3.4;1732;4.1;11;Rondônia;12381;2020;1143;15 a 19 anos;92957;Mulher;12381
Indicador  3.3.4;1732;5.7;11;Rondônia;12381;2020;1144;20 a 24 anos;6794;Total;12381
Indicador  3.3.4;1732;2.5;11;Rondônia;12381;2020;1144;20 a 24 anos;92956;Homem;12381
Indicador  3.3.4;1732;9.1;11;Rondônia;12381;2020;1144;20 a 24 anos;92957;Mulher;12381
Indicador  3.3.4;1732;20.4;11;Rondônia;12381;2020;1145;25 a 29 anos;6794;Total;12381
Indicador  3.3.4;1732;24.1;11;Rondônia;12381;2020;1145;25 a 29 anos;92956;Homem;12381
Indicador  3.3.4;1732;16.6;11;Rondônia;12381;2020;1145;25 a 29 anos;92957;Mulher;12381
Indicador  3.3.4;1732;36.8;11;Rondônia;12381;2020;1146;30 a 34 anos;6794;Total;12381
Indicador  3.3.4;1732;33.2;11;Rondônia;12381;2020;1146;30 a 34 anos;92956;Homem;12381
Indicador  3.3.4;1732;40.5;11;Rondônia;12381;2020;1146;30 a 34 anos;92957;Mulher;12381
Indicador  3.3.4;1732;24.1;11;Rondônia;12381;2020;1147;35 a 39 anos;6794;Total;12381
Indicador  3.3.4;1732;28.0;11;Rondônia;12381;2020;1147;35 a 39 anos;92956;Homem;12381
Indicador  3.3.4;1732;20.1;11;Rondônia;12381;2020;1147;35 a 39 anos;92957;Mulher;12381
Indicador  3.3.4;1732;25.4;11;Rondônia;12381;2020;1148;40 a 44 anos;6794;Total;12381
Indicador  3.3.4;1732;39.1;11;Rondônia;12381;2020;1148;40 a 44 anos;92956;Homem;12381
Indicador  3.3.4;1732;11.9;11;Rondônia;12381;2020;1148;40 a 44 anos;92957;Mulher;12381
Indicador  3.3.4;1732;25.1;11;Rondônia;12381;2020;1149;45 a 49 anos;6794;Total;12381
Indicador  3.3.4;1732;40.5;11;Rondônia;12381;2020;1149;45 a 49 anos;92956;Homem;12381
Indicador  3.3.4;1732;10.2;11;Rondônia;12381;2020;1149;45 a 49 anos;92957;Mulher;12381
Indicador  3.3.4;1732;26.4;11;Rondônia;12381;2020;1150;50 a 54 anos;6794;Total;12381
Indicador  3.3.4;1732;32.7;11;Rondônia;12381;2020;1150;50 a 54 anos;92956;Homem;12381
Indicador  3.3.4;1732;19.8;11;Rondônia;12381;2020;1150;50 a 54 anos;92957;Mulher;12381
Indicador  3.3.4;1732;10.5;11;Rondônia;12381;2020;1151;55 a 59 anos;6794;Total;12381
Indicador  3.3.4;1732;15.9;11;Rondônia;12381;2020;1151;55 a 59 anos;92956;Homem;12381
Indicador  3.3.4;1732;4.8;11;Rondônia;12381;2020;1151;55 a 59 anos;92957;Mulher;12381
Indicador  3.3.4;1732;14.0;11;Rondônia;12381;2020;3302;60 anos ou mais;6794;Total;12381
Indicador  3.3.4;1732;20.2;11;Rondônia;12381;2020;3302;60 anos ou mais;92956;Homem;12381
Indicador  3.3.4;1732;7.9;11;Rondônia;12381;2020;3302;60 anos ou mais;92957;Mulher;12381
Indicador  3.3.4;1732;18.6;11;Rondônia;12381;2021;95253;Total;6794;Total;12381
Indicador  3.3.4;1732;20.8;11;Rondônia;12381;2021;95253;Total;92956;Homem;12381
Indicador  3.3.4;1732;16.1;11;Rondônia;12381;2021;95253;Total;92957;Mulher;12381
Indicador  3.3.4;1732;2.8;11;Rondônia;12381;2021;1140;0 a 4 anos;6794;Total;12381
Indicador  3.3.4;1732;2.8;11;Rondônia;12381;2021;1140;0 a 4 anos;92956;Homem;12381
Indicador  3.3.4;1732;2.9;11;Rondônia;12381;2021;1140;0 a 4 anos;92957;Mulher;12381
Indicador  3.3.4;1732;0.0;11;Rondônia;12381;2021;1141;5 a 9 anos;6794;Total;12381
Indicador  3.3.4;1732;0.0;11;Rondônia;12381;2021;1141;5 a 9 anos;92956;Homem;12381
Indicador  3.3.4;1732;0.0;11;Rondônia;12381;2021;1141;5 a 9 anos;92957;Mulher;12381
Indicador  3.3.4;1732;0.0;11;Rondônia;12381;2021;1142;10 a 14 anos;6794;Total;12381
Indicador  3.3.4;1732;0.0;11;Rondônia;12381;2021;1142;10 a 14 anos;92956;Homem;12381
Indicador  3.3.4;1732;0.0;11;Rondônia;12381;2021;1142;10 a 14 anos;92957;Mulher;12381
Indicador  3.3.4;1732;4.1;11;Rondônia;12381;2021;1143;15 a 19 anos;6794;Total;12381
Indicador  3.3.4;1732;0.0;11;Rondônia;12381;2021;1143;15 a 19 anos;92956;Homem;12381
Indicador  3.3.4;1732;8.4;11;Rondônia;12381;2021;1143;15 a 19 anos;92957;Mulher;12381
Indicador  3.3.4;1732;3.8;11;Rondônia;12381;2021;1144;20 a 24 anos;6794;Total;12381
Indicador  3.3.4;1732;1.3;11;Rondônia;12381;2021;1144;20 a 24 anos;92956;Homem;12381
Indicador  3.3.4;1732;6.5;11;Rondônia;12381;2021;1144;20 a 24 anos;92957;Mulher;12381
Indicador  3.3.4;1732;12.7;11;Rondônia;12381;2021;1145;25 a 29 anos;6794;Total;12381
Indicador  3.3.4;1732;10.1;11;Rondônia;12381;2021;1145;25 a 29 anos;92956;Homem;12381
Indicador  3.3.4;1732;15.3;11;Rondônia;12381;2021;1145;25 a 29 anos;92957;Mulher;12381
Indicador  3.3.4;1732;30.2;11;Rondônia;12381;2021;1146;30 a 34 anos;6794;Total;12381
Indicador  3.3.4;1732;29.2;11;Rondônia;12381;2021;1146;30 a 34 anos;92956;Homem;12381
Indicador  3.3.4;1732;31.2;11;Rondônia;12381;2021;1146;30 a 34 anos;92957;Mulher;12381
Indicador  3.3.4;1732;27.1;11;Rondônia;12381;2021;1147;35 a 39 anos;6794;Total;12381
Indicador  3.3.4;1732;36.9;11;Rondônia;12381;2021;1147;35 a 39 anos;92956;Homem;12381
Indicador  3.3.4;1732;17.2;11;Rondônia;12381;2021;1147;35 a 39 anos;92957;Mulher;12381
Indicador  3.3.4;1732;33.6;11;Rondônia;12381;2021;1148;40 a 44 anos;6794;Total;12381
Indicador  3.3.4;1732;36.6;11;Rondônia;12381;2021;1148;40 a 44 anos;92956;Homem;12381
Indicador  3.3.4;1732;29.1;11;Rondônia;12381;2021;1148;40 a 44 anos;92957;Mulher;12381
Indicador  3.3.4;1732;42.3;11;Rondônia;12381;2021;1149;45 a 49 anos;6794;Total;12381
Indicador  3.3.4;1732;60.3;11;Rondônia;12381;2021;1149;45 a 49 anos;92956;Homem;12381
Indicador  3.3.4;1732;25.0;11;Rondônia;12381;2021;1149;45 a 49 anos;92957;Mulher;12381
Indicador  3.3.4;1732;45.0;11;Rondônia;12381;2021;1150;50 a 54 anos;6794;Total;12381
Indicador  3.3.4;1732;47.5;11;Rondônia;12381;2021;1150;50 a 54 anos;92956;Homem;12381
Indicador  3.3.4;1732;42.5;11;Rondônia;12381;2021;1150;50 a 54 anos;92957;Mulher;12381
Indicador  3.3.4;1732;30.6;11;Rondônia;12381;2021;1151;55 a 59 anos;6794;Total;12381
Indicador  3.3.4;1732;44.1;11;Rondônia;12381;2021;1151;55 a 59 anos;92956;Homem;12381
Indicador  3.3.4;1732;16.3;11;Rondônia;12381;2021;1151;55 a 59 anos;92957;Mulher;12381
Indicador  3.3.4;1732;23.0;11;Rondônia;12381;2021;3302;60 anos ou mais;6794;Total;12381
Indicador  3.3.4;1732;25.7;11;Rondônia;12381;2021;3302;60 anos ou mais;92956;Homem;12381
Indicador  3.3.4;1732;20.3;11;Rondônia;12381;2021;3302;60 anos ou mais;92957;Mulher;12381
Indicador  3.3.4;1732;17.6;11;Rondônia;12381;2022;95253;Total;6794;Total;12381
Indicador  3.3.4;1732;19.0;11;Rondônia;12381;2022;95253;Total;92956;Homem;12381
Indicador  3.3.4;1732;16.1;11;Rondônia;12381;2022;95253;Total;92957;Mulher;12381
Indicador  3.3.4;1732;0.7;11;Rondônia;12381;2022;1140;0 a 4 anos;6794;Total;12381
Indicador  3.3.4;1732;1.4;11;Rondônia;12381;2022;1140;0 a 4 anos;92956;Homem;12381
Indicador  3.3.4;1732;0.0;11;Rondônia;12381;2022;1140;0 a 4 anos;92957;Mulher;12381
Indicador  3.3.4;1732;0.0;11;Rondônia;12381;2022;1141;5 a 9 anos;6794;Total;12381
Indicador  3.3.4;1732;0.0;11;Rondônia;12381;2022;1141;5 a 9 anos;92956;Homem;12381
Indicador  3.3.4;1732;0.0;11;Rondônia;12381;2022;1141;5 a 9 anos;92957;Mulher;12381
Indicador  3.3.4;1732;0.7;11;Rondônia;12381;2022;1142;10 a 14 anos;6794;Total;12381
Indicador  3.3.4;1732;0.0;11;Rondônia;12381;2022;1142;10 a 14 anos;92956;Homem;12381
Indicador  3.3.4;1732;1.5;11;Rondônia;12381;2022;1142;10 a 14 anos;92957;Mulher;12381
Indicador  3.3.4;1732;4.9;11;Rondônia;12381;2022;1143;15 a 19 anos;6794;Total;12381
Indicador  3.3.4;1732;0.0;11;Rondônia;12381;2022;1143;15 a 19 anos;92956;Homem;12381
Indicador  3.3.4;1732;10.0;11;Rondônia;12381;2022;1143;15 a 19 anos;92957;Mulher;12381
Indicador  3.3.4;1732;3.8;11;Rondônia;12381;2022;1144;20 a 24 anos;6794;Total;12381
Indicador  3.3.4;1732;3.8;11;Rondônia;12381;2022;1144;20 a 24 anos;92956;Homem;12381
Indicador  3.3.4;1732;3.9;11;Rondônia;12381;2022;1144;20 a 24 anos;92957;Mulher;12381
Indicador  3.3.4;1732;12.1;11;Rondônia;12381;2022;1145;25 a 29 anos;6794;Total;12381
Indicador  3.3.4;1732;8.8;11;Rondônia;12381;2022;1145;25 a 29 anos;92956;Homem;12381
Indicador  3.3.4;1732;15.3;11;Rondônia;12381;2022;1145;25 a 29 anos;92957;Mulher;12381
Indicador  3.3.4;1732;23.0;11;Rondônia;12381;2022;1146;30 a 34 anos;6794;Total;12381
Indicador  3.3.4;1732;21.5;11;Rondônia;12381;2022;1146;30 a 34 anos;92956;Homem;12381
Indicador  3.3.4;1732;24.5;11;Rondônia;12381;2022;1146;30 a 34 anos;92957;Mulher;12381
Indicador  3.3.4;1732;30.8;11;Rondônia;12381;2022;1147;35 a 39 anos;6794;Total;12381
Indicador  3.3.4;1732;39.1;11;Rondônia;12381;2022;1147;35 a 39 anos;92956;Homem;12381
Indicador  3.3.4;1732;22.4;11;Rondônia;12381;2022;1147;35 a 39 anos;92957;Mulher;12381
Indicador  3.3.4;1732;33.5;11;Rondônia;12381;2022;1148;40 a 44 anos;6794;Total;12381
Indicador  3.3.4;1732;40.1;11;Rondônia;12381;2022;1148;40 a 44 anos;92956;Homem;12381
Indicador  3.3.4;1732;27.0;11;Rondônia;12381;2022;1148;40 a 44 anos;92957;Mulher;12381
Indicador  3.3.4;1732;33.0;11;Rondônia;12381;2022;1149;45 a 49 anos;6794;Total;12381
Indicador  3.3.4;1732;35.2;11;Rondônia;12381;2022;1149;45 a 49 anos;92956;Homem;12381
Indicador  3.3.4;1732;30.8;11;Rondônia;12381;2022;1149;45 a 49 anos;92957;Mulher;12381
Indicador  3.3.4;1732;33.9;11;Rondônia;12381;2022;1150;50 a 54 anos;6794;Total;12381
Indicador  3.3.4;1732;39.5;11;Rondônia;12381;2022;1150;50 a 54 anos;92956;Homem;12381
Indicador  3.3.4;1732;28.2;11;Rondônia;12381;2022;1150;50 a 54 anos;92957;Mulher;12381
Indicador  3.3.4;1732;35.1;11;Rondônia;12381;2022;1151;55 a 59 anos;6794;Total;12381
Indicador  3.3.4;1732;30.0;11;Rondônia;12381;2022;1151;55 a 59 anos;92956;Homem;12381
Indicador  3.3.4;1732;40.5;11;Rondônia;12381;2022;1151;55 a 59 anos;92957;Mulher;12381
Indicador  3.3.4;1732;25.5;11;Rondônia;12381;2022;3302;60 anos ou mais;6794;Total;12381
Indicador  3.3.4;1732;34.8;11;Rondônia;12381;2022;3302;60 anos ou mais;92956;Homem;12381
Indicador  3.3.4;1732;16.3;11;Rondônia;12381;2022;3302;60 anos ou mais;92957;Mulher;12381
Indicador  3.3.4;1732;37.0;12;Acre;12381;2018;95253;Total;6794;Total;12381
Indicador  3.3.4;1732;37.2;12;Acre;12381;2018;95253;Total;92956;Homem;12381
Indicador  3.3.4;1732;36.8;12;Acre;12381;2018;95253;Total;92957;Mulher;12381
Indicador  3.3.4;1732;2.4;12;Acre;12381;2018;1140;0 a 4 anos;6794;Total;12381
Indicador  3.3.4;1732;4.7;12;Acre;12381;2018;1140;0 a 4 anos;92956;Homem;12381
Indicador  3.3.4;1732;0.0;12;Acre;12381;2018;1140;0 a 4 anos;92957;Mulher;12381
Indicador  3.3.4;1732;0.0;12;Acre;12381;2018;1141;5 a 9 anos;6794;Total;12381
Indicador  3.3.4;1732;0.0;12;Acre;12381;2018;1141;5 a 9 anos;92956;Homem;12381
Indicador  3.3.4;1732;0.0;12;Acre;12381;2018;1141;5 a 9 anos;92957;Mulher;12381
Indicador  3.3.4;1732;2.2;12;Acre;12381;2018;1142;10 a 14 anos;6794;Total;12381
Indicador  3.3.4;1732;2.1;12;Acre;12381;2018;1142;10 a 14 anos;92956;Homem;12381
Indicador  3.3.4;1732;2.2;12;Acre;12381;2018;1142;10 a 14 anos;92957;Mulher;12381
Indicador  3.3.4;1732;14.1;12;Acre;12381;2018;1143;15 a 19 anos;6794;Total;12381
Indicador  3.3.4;1732;12.8;12;Acre;12381;2018;1143;15 a 19 anos;92956;Homem;12381
Indicador  3.3.4;1732;15.4;12;Acre;12381;2018;1143;15 a 19 anos;92957;Mulher;12381
Indicador  3.3.4;1732;51.5;12;Acre;12381;2018;1144;20 a 24 anos;6794;Total;12381
Indicador  3.3.4;1732;47.6;12;Acre;12381;2018;1144;20 a 24 anos;92956;Homem;12381
Indicador  3.3.4;1732;55.4;12;Acre;12381;2018;1144;20 a 24 anos;92957;Mulher;12381
Indicador  3.3.4;1732;57.3;12;Acre;12381;2018;1145;25 a 29 anos;6794;Total;12381
Indicador  3.3.4;1732;57.6;12;Acre;12381;2018;1145;25 a 29 anos;92956;Homem;12381
Indicador  3.3.4;1732;57.0;12;Acre;12381;2018;1145;25 a 29 anos;92957;Mulher;12381
Indicador  3.3.4;1732;73.9;12;Acre;12381;2018;1146;30 a 34 anos;6794;Total;12381
Indicador  3.3.4;1732;64.2;12;Acre;12381;2018;1146;30 a 34 anos;92956;Homem;12381
Indicador  3.3.4;1732;83.5;12;Acre;12381;2018;1146;30 a 34 anos;92957;Mulher;12381
Indicador  3.3.4;1732;73.1;12;Acre;12381;2018;1147;35 a 39 anos;6794;Total;12381
Indicador  3.3.4;1732;76.0;12;Acre;12381;2018;1147;35 a 39 anos;92956;Homem;12381
Indicador  3.3.4;1732;70.3;12;Acre;12381;2018;1147;35 a 39 anos;92957;Mulher;12381
Indicador  3.3.4;1732;55.7;12;Acre;12381;2018;1148;40 a 44 anos;6794;Total;12381
Indicador  3.3.4;1732;68.0;12;Acre;12381;2018;1148;40 a 44 anos;92956;Homem;12381
Indicador  3.3.4;1732;43.8;12;Acre;12381;2018;1148;40 a 44 anos;92957;Mulher;12381
Indicador  3.3.4;1732;73.4;12;Acre;12381;2018;1149;45 a 49 anos;6794;Total;12381
Indicador  3.3.4;1732;83.6;12;Acre;12381;2018;1149;45 a 49 anos;92956;Homem;12381
Indicador  3.3.4;1732;63.5;12;Acre;12381;2018;1149;45 a 49 anos;92957;Mulher;12381
Indicador  3.3.4;1732;45.2;12;Acre;12381;2018;1150;50 a 54 anos;6794;Total;12381
Indicador  3.3.4;1732;51.5;12;Acre;12381;2018;1150;50 a 54 anos;92956;Homem;12381
Indicador  3.3.4;1732;39.0;12;Acre;12381;2018;1150;50 a 54 anos;92957;Mulher;12381
Indicador  3.3.4;1732;50.8;12;Acre;12381;2018;1151;55 a 59 anos;6794;Total;12381
Indicador  3.3.4;1732;44.2;12;Acre;12381;2018;1151;55 a 59 anos;92956;Homem;12381
Indicador  3.3.4;1732;57.3;12;Acre;12381;2018;1151;55 a 59 anos;92957;Mulher;12381
Indicador  3.3.4;1732;45.8;12;Acre;12381;2018;3302;60 anos ou mais;6794;Total;12381
Indicador  3.3.4;1732;47.5;12;Acre;12381;2018;3302;60 anos ou mais;92956;Homem;12381
Indicador  3.3.4;1732;44.3;12;Acre;12381;2018;3302;60 anos ou mais;92957;Mulher;12381
Indicador  3.3.4;1732;34.7;12;Acre;12381;2019;95253;Total;6794;Total;12381
Indicador  3.3.4;1732;44.0;12;Acre;12381;2019;95253;Total;92956;Homem;12381
Indicador  3.3.4;1732;25.4;12;Acre;12381;2019;95253;Total;92957;Mulher;12381
Indicador  3.3.4;1732;3.6;12;Acre;12381;2019;1140;0 a 4 anos;6794;Total;12381
Indicador  3.3.4;1732;7.0;12;Acre;12381;2019;1140;0 a 4 anos;92956;Homem;12381
Indicador  3.3.4;1732;0.0;12;Acre;12381;2019;1140;0 a 4 anos;92957;Mulher;12381
Indicador  3.3.4;1732;2.4;12;Acre;12381;2019;1141;5 a 9 anos;6794;Total;12381
Indicador  3.3.4;1732;2.3;12;Acre;12381;2019;1141;5 a 9 anos;92956;Homem;12381
Indicador  3.3.4;1732;2.4;12;Acre;12381;2019;1141;5 a 9 anos;92957;Mulher;12381
Indicador  3.3.4;1732;3.3;12;Acre;12381;2019;1142;10 a 14 anos;6794;Total;12381
Indicador  3.3.4;1732;2.1;12;Acre;12381;2019;1142;10 a 14 anos;92956;Homem;12381
Indicador  3.3.4;1732;4.5;12;Acre;12381;2019;1142;10 a 14 anos;92957;Mulher;12381
Indicador  3.3.4;1732;8.7;12;Acre;12381;2019;1143;15 a 19 anos;6794;Total;12381
Indicador  3.3.4;1732;4.3;12;Acre;12381;2019;1143;15 a 19 anos;92956;Homem;12381
Indicador  3.3.4;1732;13.2;12;Acre;12381;2019;1143;15 a 19 anos;92957;Mulher;12381
Indicador  3.3.4;1732;40.9;12;Acre;12381;2019;1144;20 a 24 anos;6794;Total;12381
Indicador  3.3.4;1732;41.7;12;Acre;12381;2019;1144;20 a 24 anos;92956;Homem;12381
Indicador  3.3.4;1732;40.0;12;Acre;12381;2019;1144;20 a 24 anos;92957;Mulher;12381
Indicador  3.3.4;1732;61.5;12;Acre;12381;2019;1145;25 a 29 anos;6794;Total;12381
Indicador  3.3.4;1732;69.9;12;Acre;12381;2019;1145;25 a 29 anos;92956;Homem;12381
Indicador  3.3.4;1732;53.2;12;Acre;12381;2019;1145;25 a 29 anos;92957;Mulher;12381
Indicador  3.3.4;1732;57.7;12;Acre;12381;2019;1146;30 a 34 anos;6794;Total;12381
Indicador  3.3.4;1732;72.5;12;Acre;12381;2019;1146;30 a 34 anos;92956;Homem;12381
Indicador  3.3.4;1732;43.1;12;Acre;12381;2019;1146;30 a 34 anos;92957;Mulher;12381
Indicador  3.3.4;1732;60.9;12;Acre;12381;2019;1147;35 a 39 anos;6794;Total;12381
Indicador  3.3.4;1732;80.5;12;Acre;12381;2019;1147;35 a 39 anos;92956;Homem;12381
Indicador  3.3.4;1732;41.9;12;Acre;12381;2019;1147;35 a 39 anos;92957;Mulher;12381
Indicador  3.3.4;1732;48.2;12;Acre;12381;2019;1148;40 a 44 anos;6794;Total;12381
Indicador  3.3.4;1732;58.2;12;Acre;12381;2019;1148;40 a 44 anos;92956;Homem;12381
Indicador  3.3.4;1732;38.5;12;Acre;12381;2019;1148;40 a 44 anos;92957;Mulher;12381
Indicador  3.3.4;1732;44.4;12;Acre;12381;2019;1149;45 a 49 anos;6794;Total;12381
Indicador  3.3.4;1732;63.0;12;Acre;12381;2019;1149;45 a 49 anos;92956;Homem;12381
Indicador  3.3.4;1732;26.3;12;Acre;12381;2019;1149;45 a 49 anos;92957;Mulher;12381
Indicador  3.3.4;1732;72.9;12;Acre;12381;2019;1150;50 a 54 anos;6794;Total;12381
Indicador  3.3.4;1732;131.7;12;Acre;12381;2019;1150;50 a 54 anos;92956;Homem;12381
Indicador  3.3.4;1732;16.0;12;Acre;12381;2019;1150;50 a 54 anos;92957;Mulher;12381
Indicador  3.3.4;1732;94.8;12;Acre;12381;2019;1151;55 a 59 anos;6794;Total;12381
Indicador  3.3.4;1732;113.9;12;Acre;12381;2019;1151;55 a 59 anos;92956;Homem;12381
Indicador  3.3.4;1732;76.2;12;Acre;12381;2019;1151;55 a 59 anos;92957;Mulher;12381
Indicador  3.3.4;1732;41.0;12;Acre;12381;2019;3302;60 anos ou mais;6794;Total;12381
Indicador  3.3.4;1732;67.1;12;Acre;12381;2019;3302;60 anos ou mais;92956;Homem;12381
Indicador  3.3.4;1732;16.9;12;Acre;12381;2019;3302;60 anos ou mais;92957;Mulher;12381
Indicador  3.3.4;1732;10.4;12;Acre;12381;2020;95253;Total;6794;Total;12381
Indicador  3.3.4;1732;11.4;12;Acre;12381;2020;95253;Total;92956;Homem;12381
Indicador  3.3.4;1732;9.4;12;Acre;12381;2020;95253;Total;92957;Mulher;12381
Indicador  3.3.4;1732;0.0;12;Acre;12381;2020;1140;0 a 4 anos;6794;Total;12381
Indicador  3.3.4;1732;0.0;12;Acre;12381;2020;1140;0 a 4 anos;92956;Homem;12381
Indicador  3.3.4;1732;0.0;12;Acre;12381;2020;1140;0 a 4 anos;92957;Mulher;12381
Indicador  3.3.4;1732;0.0;12;Acre;12381;2020;1141;5 a 9 anos;6794;Total;12381
Indicador  3.3.4;1732;0.0;12;Acre;12381;2020;1141;5 a 9 anos;92956;Homem;12381
Indicador  3.3.4;1732;0.0;12;Acre;12381;2020;1141;5 a 9 anos;92957;Mulher;12381
Indicador  3.3.4;1732;0.0;12;Acre;12381;2020;1142;10 a 14 anos;6794;Total;12381
Indicador  3.3.4;1732;0.0;12;Acre;12381;2020;1142;10 a 14 anos;92956;Homem;12381
Indicador  3.3.4;1732;0.0;12;Acre;12381;2020;1142;10 a 14 anos;92957;Mulher;12381
Indicador  3.3.4;1732;7.6;12;Acre;12381;2020;1143;15 a 19 anos;6794;Total;12381
Indicador  3.3.4;1732;2.1;12;Acre;12381;2020;1143;15 a 19 anos;92956;Homem;12381
Indicador  3.3.4;1732;13.2;12;Acre;12381;2020;1143;15 a 19 anos;92957;Mulher;12381
Indicador  3.3.4;1732;4.6;12;Acre;12381;2020;1144;20 a 24 anos;6794;Total;12381
Indicador  3.3.4;1732;9.0;12;Acre;12381;2020;1144;20 a 24 anos;92956;Homem;12381
Indicador  3.3.4;1732;0.0;12;Acre;12381;2020;1144;20 a 24 anos;92957;Mulher;12381
Indicador  3.3.4;1732;30.1;12;Acre;12381;2020;1145;25 a 29 anos;6794;Total;12381
Indicador  3.3.4;1732;34.2;12;Acre;12381;2020;1145;25 a 29 anos;92956;Homem;12381
Indicador  3.3.4;1732;26.0;12;Acre;12381;2020;1145;25 a 29 anos;92957;Mulher;12381
Indicador  3.3.4;1732;20.0;12;Acre;12381;2020;1146;30 a 34 anos;6794;Total;12381
Indicador  3.3.4;1732;23.0;12;Acre;12381;2020;1146;30 a 34 anos;92956;Homem;12381
Indicador  3.3.4;1732;17.1;12;Acre;12381;2020;1146;30 a 34 anos;92957;Mulher;12381
Indicador  3.3.4;1732;18.0;12;Acre;12381;2020;1147;35 a 39 anos;6794;Total;12381
Indicador  3.3.4;1732;21.3;12;Acre;12381;2020;1147;35 a 39 anos;92956;Homem;12381
Indicador  3.3.4;1732;14.8;12;Acre;12381;2020;1147;35 a 39 anos;92957;Mulher;12381
Indicador  3.3.4;1732;10.3;12;Acre;12381;2020;1148;40 a 44 anos;6794;Total;12381
Indicador  3.3.4;1732;17.6;12;Acre;12381;2020;1148;40 a 44 anos;92956;Homem;12381
Indicador  3.3.4;1732;3.4;12;Acre;12381;2020;1148;40 a 44 anos;92957;Mulher;12381
Indicador  3.3.4;1732;17.1;12;Acre;12381;2020;1149;45 a 49 anos;6794;Total;12381
Indicador  3.3.4;1732;21.7;12;Acre;12381;2020;1149;45 a 49 anos;92956;Homem;12381
Indicador  3.3.4;1732;12.7;12;Acre;12381;2020;1149;45 a 49 anos;92957;Mulher;12381
Indicador  3.3.4;1732;20.8;12;Acre;12381;2020;1150;50 a 54 anos;6794;Total;12381
Indicador  3.3.4;1732;26.4;12;Acre;12381;2020;1150;50 a 54 anos;92956;Homem;12381
Indicador  3.3.4;1732;15.3;12;Acre;12381;2020;1150;50 a 54 anos;92957;Mulher;12381
Indicador  3.3.4;1732;6.8;12;Acre;12381;2020;1151;55 a 59 anos;6794;Total;12381
Indicador  3.3.4;1732;6.8;12;Acre;12381;2020;1151;55 a 59 anos;92956;Homem;12381
Indicador  3.3.4;1732;6.7;12;Acre;12381;2020;1151;55 a 59 anos;92957;Mulher;12381
Indicador  3.3.4;1732;12.6;12;Acre;12381;2020;3302;60 anos ou mais;6794;Total;12381
Indicador  3.3.4;1732;5.9;12;Acre;12381;2020;3302;60 anos ou mais;92956;Homem;12381
Indicador  3.3.4;1732;18.9;12;Acre;12381;2020;3302;60 anos ou mais;92957;Mulher;12381
Indicador  3.3.4;1732;23.4;12;Acre;12381;2021;95253;Total;6794;Total;12381
Indicador  3.3.4;1732;25.4;12;Acre;12381;2021;95253;Total;92956;Homem;12381
Indicador  3.3.4;1732;21.4;12;Acre;12381;2021;95253;Total;92957;Mulher;12381
Indicador  3.3.4;1732;1.2;12;Acre;12381;2021;1140;0 a 4 anos;6794;Total;12381
Indicador  3.3.4;1732;0.0;12;Acre;12381;2021;1140;0 a 4 anos;92956;Homem;12381
Indicador  3.3.4;1732;2.5;12;Acre;12381;2021;1140;0 a 4 anos;92957;Mulher;12381
Indicador  3.3.4;1732;1.2;12;Acre;12381;2021;1141;5 a 9 anos;6794;Total;12381
Indicador  3.3.4;1732;2.3;12;Acre;12381;2021;1141;5 a 9 anos;92956;Homem;12381
Indicador  3.3.4;1732;0.0;12;Acre;12381;2021;1141;5 a 9 anos;92957;Mulher;12381
Indicador  3.3.4;1732;3.4;12;Acre;12381;2021;1142;10 a 14 anos;6794;Total;12381
Indicador  3.3.4;1732;2.2;12;Acre;12381;2021;1142;10 a 14 anos;92956;Homem;12381
Indicador  3.3.4;1732;4.7;12;Acre;12381;2021;1142;10 a 14 anos;92957;Mulher;12381
Indicador  3.3.4;1732;5.4;12;Acre;12381;2021;1143;15 a 19 anos;6794;Total;12381
Indicador  3.3.4;1732;2.1;12;Acre;12381;2021;1143;15 a 19 anos;92956;Homem;12381
Indicador  3.3.4;1732;8.8;12;Acre;12381;2021;1143;15 a 19 anos;92957;Mulher;12381
Indicador  3.3.4;1732;33.6;12;Acre;12381;2021;1144;20 a 24 anos;6794;Total;12381
Indicador  3.3.4;1732;24.4;12;Acre;12381;2021;1144;20 a 24 anos;92956;Homem;12381
Indicador  3.3.4;1732;43.2;12;Acre;12381;2021;1144;20 a 24 anos;92957;Mulher;12381
Indicador  3.3.4;1732;40.8;12;Acre;12381;2021;1145;25 a 29 anos;6794;Total;12381
Indicador  3.3.4;1732;40.9;12;Acre;12381;2021;1145;25 a 29 anos;92956;Homem;12381
Indicador  3.3.4;1732;40.7;12;Acre;12381;2021;1145;25 a 29 anos;92957;Mulher;12381
Indicador  3.3.4;1732;35.4;12;Acre;12381;2021;1146;30 a 34 anos;6794;Total;12381
Indicador  3.3.4;1732;45.6;12;Acre;12381;2021;1146;30 a 34 anos;92956;Homem;12381
Indicador  3.3.4;1732;25.4;12;Acre;12381;2021;1146;30 a 34 anos;92957;Mulher;12381
Indicador  3.3.4;1732;50.4;12;Acre;12381;2021;1147;35 a 39 anos;6794;Total;12381
Indicador  3.3.4;1732;60.1;12;Acre;12381;2021;1147;35 a 39 anos;92956;Homem;12381
Indicador  3.3.4;1732;40.9;12;Acre;12381;2021;1147;35 a 39 anos;92957;Mulher;12381
Indicador  3.3.4;1732;43.3;12;Acre;12381;2021;1148;40 a 44 anos;6794;Total;12381
Indicador  3.3.4;1732;40.9;12;Acre;12381;2021;1148;40 a 44 anos;92956;Homem;12381
Indicador  3.3.4;1732;45.6;12;Acre;12381;2021;1148;40 a 44 anos;92957;Mulher;12381
Indicador  3.3.4;1732;24.7;12;Acre;12381;2021;1149;45 a 49 anos;6794;Total;12381
Indicador  3.3.4;1732;29.3;12;Acre;12381;2021;1149;45 a 49 anos;92956;Homem;12381
Indicador  3.3.4;1732;20.2;12;Acre;12381;2021;1149;45 a 49 anos;92957;Mulher;12381
Indicador  3.3.4;1732;42.6;12;Acre;12381;2021;1150;50 a 54 anos;6794;Total;12381
Indicador  3.3.4;1732;56.1;12;Acre;12381;2021;1150;50 a 54 anos;92956;Homem;12381
Indicador  3.3.4;1732;29.5;12;Acre;12381;2021;1150;50 a 54 anos;92957;Mulher;12381
Indicador  3.3.4;1732;22.6;12;Acre;12381;2021;1151;55 a 59 anos;6794;Total;12381
Indicador  3.3.4;1732;39.4;12;Acre;12381;2021;1151;55 a 59 anos;92956;Homem;12381
Indicador  3.3.4;1732;6.4;12;Acre;12381;2021;1151;55 a 59 anos;92957;Mulher;12381
Indicador  3.3.4;1732;25.6;12;Acre;12381;2021;3302;60 anos ou mais;6794;Total;12381
Indicador  3.3.4;1732;36.7;12;Acre;12381;2021;3302;60 anos ou mais;92956;Homem;12381
Indicador  3.3.4;1732;15.5;12;Acre;12381;2021;3302;60 anos ou mais;92957;Mulher;12381
Indicador  3.3.4;1732;29.2;12;Acre;12381;2022;95253;Total;6794;Total;12381
Indicador  3.3.4;1732;34.2;12;Acre;12381;2022;95253;Total;92956;Homem;12381
Indicador  3.3.4;1732;24.1;12;Acre;12381;2022;95253;Total;92957;Mulher;12381
Indicador  3.3.4;1732;3.6;12;Acre;12381;2022;1140;0 a 4 anos;6794;Total;12381
Indicador  3.3.4;1732;4.7;12;Acre;12381;2022;1140;0 a 4 anos;92956;Homem;12381
Indicador  3.3.4;1732;2.5;12;Acre;12381;2022;1140;0 a 4 anos;92957;Mulher;12381
Indicador  3.3.4;1732;0.0;12;Acre;12381;2022;1141;5 a 9 anos;6794;Total;12381
Indicador  3.3.4;1732;0.0;12;Acre;12381;2022;1141;5 a 9 anos;92956;Homem;12381
Indicador  3.3.4;1732;0.0;12;Acre;12381;2022;1141;5 a 9 anos;92957;Mulher;12381
Indicador  3.3.4;1732;3.5;12;Acre;12381;2022;1142;10 a 14 anos;6794;Total;12381
Indicador  3.3.4;1732;2.3;12;Acre;12381;2022;1142;10 a 14 anos;92956;Homem;12381
Indicador  3.3.4;1732;4.7;12;Acre;12381;2022;1142;10 a 14 anos;92957;Mulher;12381
Indicador  3.3.4;1732;12.0;12;Acre;12381;2022;1143;15 a 19 anos;6794;Total;12381
Indicador  3.3.4;1732;4.3;12;Acre;12381;2022;1143;15 a 19 anos;92956;Homem;12381
Indicador  3.3.4;1732;19.9;12;Acre;12381;2022;1143;15 a 19 anos;92957;Mulher;12381
Indicador  3.3.4;1732;16.6;12;Acre;12381;2022;1144;20 a 24 anos;6794;Total;12381
Indicador  3.3.4;1732;13.1;12;Acre;12381;2022;1144;20 a 24 anos;92956;Homem;12381
Indicador  3.3.4;1732;20.2;12;Acre;12381;2022;1144;20 a 24 anos;92957;Mulher;12381
Indicador  3.3.4;1732;54.6;12;Acre;12381;2022;1145;25 a 29 anos;6794;Total;12381
Indicador  3.3.4;1732;72.0;12;Acre;12381;2022;1145;25 a 29 anos;92956;Homem;12381
Indicador  3.3.4;1732;37.2;12;Acre;12381;2022;1145;25 a 29 anos;92957;Mulher;12381
Indicador  3.3.4;1732;46.1;12;Acre;12381;2022;1146;30 a 34 anos;6794;Total;12381
Indicador  3.3.4;1732;45.0;12;Acre;12381;2022;1146;30 a 34 anos;92956;Homem;12381
Indicador  3.3.4;1732;47.2;12;Acre;12381;2022;1146;30 a 34 anos;92957;Mulher;12381
Indicador  3.3.4;1732;47.1;12;Acre;12381;2022;1147;35 a 39 anos;6794;Total;12381
Indicador  3.3.4;1732;56.6;12;Acre;12381;2022;1147;35 a 39 anos;92956;Homem;12381
Indicador  3.3.4;1732;37.9;12;Acre;12381;2022;1147;35 a 39 anos;92957;Mulher;12381
Indicador  3.3.4;1732;43.7;12;Acre;12381;2022;1148;40 a 44 anos;6794;Total;12381
Indicador  3.3.4;1732;62.9;12;Acre;12381;2022;1148;40 a 44 anos;92956;Homem;12381
Indicador  3.3.4;1732;25.3;12;Acre;12381;2022;1148;40 a 44 anos;92957;Mulher;12381
Indicador  3.3.4;1732;51.3;12;Acre;12381;2022;1149;45 a 49 anos;6794;Total;12381
Indicador  3.3.4;1732;72.5;12;Acre;12381;2022;1149;45 a 49 anos;92956;Homem;12381
Indicador  3.3.4;1732;30.9;12;Acre;12381;2022;1149;45 a 49 anos;92957;Mulher;12381
Indicador  3.3.4;1732;43.7;12;Acre;12381;2022;1150;50 a 54 anos;6794;Total;12381
Indicador  3.3.4;1732;54.4;12;Acre;12381;2022;1150;50 a 54 anos;92956;Homem;12381
Indicador  3.3.4;1732;33.3;12;Acre;12381;2022;1150;50 a 54 anos;92957;Mulher;12381
Indicador  3.3.4;1732;74.0;12;Acre;12381;2022;1151;55 a 59 anos;6794;Total;12381
Indicador  3.3.4;1732;88.0;12;Acre;12381;2022;1151;55 a 59 anos;92956;Homem;12381
Indicador  3.3.4;1732;60.6;12;Acre;12381;2022;1151;55 a 59 anos;92957;Mulher;12381
Indicador  3.3.4;1732;41.5;12;Acre;12381;2022;3302;60 anos ou mais;6794;Total;12381
Indicador  3.3.4;1732;54.4;12;Acre;12381;2022;3302;60 anos ou mais;92956;Homem;12381
Indicador  3.3.4;1732;29.7;12;Acre;12381;2022;3302;60 anos ou mais;92957;Mulher;12381
Indicador  3.3.4;1732;17.3;13;Amazonas;12381;2018;95253;Total;6794;Total;12381
Indicador  3.3.4;1732;18.0;13;Amazonas;12381;2018;95253;Total;92956;Homem;12381
Indicador  3.3.4;1732;16.4;13;Amazonas;12381;2018;95253;Total;92957;Mulher;12381
Indicador  3.3.4;1732;1.0;13;Amazonas;12381;2018;1140;0 a 4 anos;6794;Total;12381
Indicador  3.3.4;1732;1.4;13;Amazonas;12381;2018;1140;0 a 4 anos;92956;Homem;12381
Indicador  3.3.4;1732;0.5;13;Amazonas;12381;2018;1140;0 a 4 anos;92957;Mulher;12381
Indicador  3.3.4;1732;0.7;13;Amazonas;12381;2018;1141;5 a 9 anos;6794;Total;12381
Indicador  3.3.4;1732;1.0;13;Amazonas;12381;2018;1141;5 a 9 anos;92956;Homem;12381
Indicador  3.3.4;1732;0.5;13;Amazonas;12381;2018;1141;5 a 9 anos;92957;Mulher;12381
Indicador  3.3.4;1732;0.3;13;Amazonas;12381;2018;1142;10 a 14 anos;6794;Total;12381
Indicador  3.3.4;1732;0.0;13;Amazonas;12381;2018;1142;10 a 14 anos;92956;Homem;12381
Indicador  3.3.4;1732;0.5;13;Amazonas;12381;2018;1142;10 a 14 anos;92957;Mulher;12381
Indicador  3.3.4;1732;5.5;13;Amazonas;12381;2018;1143;15 a 19 anos;6794;Total;12381
Indicador  3.3.4;1732;3.0;13;Amazonas;12381;2018;1143;15 a 19 anos;92956;Homem;12381
Indicador  3.3.4;1732;8.2;13;Amazonas;12381;2018;1143;15 a 19 anos;92957;Mulher;12381
Indicador  3.3.4;1732;10.9;13;Amazonas;12381;2018;1144;20 a 24 anos;6794;Total;12381
Indicador  3.3.4;1732;10.1;13;Amazonas;12381;2018;1144;20 a 24 anos;92956;Homem;12381
Indicador  3.3.4;1732;11.7;13;Amazonas;12381;2018;1144;20 a 24 anos;92957;Mulher;12381
Indicador  3.3.4;1732;18.4;13;Amazonas;12381;2018;1145;25 a 29 anos;6794;Total;12381
Indicador  3.3.4;1732;19.1;13;Amazonas;12381;2018;1145;25 a 29 anos;92956;Homem;12381
Indicador  3.3.4;1732;17.8;13;Amazonas;12381;2018;1145;25 a 29 anos;92957;Mulher;12381
Indicador  3.3.4;1732;32.4;13;Amazonas;12381;2018;1146;30 a 34 anos;6794;Total;12381
Indicador  3.3.4;1732;34.0;13;Amazonas;12381;2018;1146;30 a 34 anos;92956;Homem;12381
Indicador  3.3.4;1732;30.9;13;Amazonas;12381;2018;1146;30 a 34 anos;92957;Mulher;12381
Indicador  3.3.4;1732;31.3;13;Amazonas;12381;2018;1147;35 a 39 anos;6794;Total;12381
Indicador  3.3.4;1732;31.8;13;Amazonas;12381;2018;1147;35 a 39 anos;92956;Homem;12381
Indicador  3.3.4;1732;30.8;13;Amazonas;12381;2018;1147;35 a 39 anos;92957;Mulher;12381
Indicador  3.3.4;1732;27.9;13;Amazonas;12381;2018;1148;40 a 44 anos;6794;Total;12381
Indicador  3.3.4;1732;32.3;13;Amazonas;12381;2018;1148;40 a 44 anos;92956;Homem;12381
Indicador  3.3.4;1732;23.5;13;Amazonas;12381;2018;1148;40 a 44 anos;92957;Mulher;12381
Indicador  3.3.4;1732;36.8;13;Amazonas;12381;2018;1149;45 a 49 anos;6794;Total;12381
Indicador  3.3.4;1732;42.3;13;Amazonas;12381;2018;1149;45 a 49 anos;92956;Homem;12381
Indicador  3.3.4;1732;31.3;13;Amazonas;12381;2018;1149;45 a 49 anos;92957;Mulher;12381
Indicador  3.3.4;1732;45.7;13;Amazonas;12381;2018;1150;50 a 54 anos;6794;Total;12381
Indicador  3.3.4;1732;53.4;13;Amazonas;12381;2018;1150;50 a 54 anos;92956;Homem;12381
Indicador  3.3.4;1732;37.7;13;Amazonas;12381;2018;1150;50 a 54 anos;92957;Mulher;12381
Indicador  3.3.4;1732;46.6;13;Amazonas;12381;2018;1151;55 a 59 anos;6794;Total;12381
Indicador  3.3.4;1732;47.9;13;Amazonas;12381;2018;1151;55 a 59 anos;92956;Homem;12381
Indicador  3.3.4;1732;45.3;13;Amazonas;12381;2018;1151;55 a 59 anos;92957;Mulher;12381
Indicador  3.3.4;1732;21.8;13;Amazonas;12381;2018;3302;60 anos ou mais;6794;Total;12381
Indicador  3.3.4;1732;22.5;13;Amazonas;12381;2018;3302;60 anos ou mais;92956;Homem;12381
Indicador  3.3.4;1732;21.2;13;Amazonas;12381;2018;3302;60 anos ou mais;92957;Mulher;12381
Indicador  3.3.4;1732;22.2;13;Amazonas;12381;2019;95253;Total;6794;Total;12381
Indicador  3.3.4;1732;24.6;13;Amazonas;12381;2019;95253;Total;92956;Homem;12381
Indicador  3.3.4;1732;19.8;13;Amazonas;12381;2019;95253;Total;92957;Mulher;12381
Indicador  3.3.4;1732;0.7;13;Amazonas;12381;2019;1140;0 a 4 anos;6794;Total;12381
Indicador  3.3.4;1732;1.0;13;Amazonas;12381;2019;1140;0 a 4 anos;92956;Homem;12381
Indicador  3.3.4;1732;0.5;13;Amazonas;12381;2019;1140;0 a 4 anos;92957;Mulher;12381
Indicador  3.3.4;1732;0.0;13;Amazonas;12381;2019;1141;5 a 9 anos;6794;Total;12381
Indicador  3.3.4;1732;0.0;13;Amazonas;12381;2019;1141;5 a 9 anos;92956;Homem;12381
Indicador  3.3.4;1732;0.0;13;Amazonas;12381;2019;1141;5 a 9 anos;92957;Mulher;12381
Indicador  3.3.4;1732;2.0;13;Amazonas;12381;2019;1142;10 a 14 anos;6794;Total;12381
Indicador  3.3.4;1732;2.0;13;Amazonas;12381;2019;1142;10 a 14 anos;92956;Homem;12381
Indicador  3.3.4;1732;2.1;13;Amazonas;12381;2019;1142;10 a 14 anos;92957;Mulher;12381
Indicador  3.3.4;1732;4.3;13;Amazonas;12381;2019;1143;15 a 19 anos;6794;Total;12381
Indicador  3.3.4;1732;3.5;13;Amazonas;12381;2019;1143;15 a 19 anos;92956;Homem;12381
Indicador  3.3.4;1732;5.2;13;Amazonas;12381;2019;1143;15 a 19 anos;92957;Mulher;12381
Indicador  3.3.4;1732;13.2;13;Amazonas;12381;2019;1144;20 a 24 anos;6794;Total;12381
Indicador  3.3.4;1732;10.9;13;Amazonas;12381;2019;1144;20 a 24 anos;92956;Homem;12381
Indicador  3.3.4;1732;15.5;13;Amazonas;12381;2019;1144;20 a 24 anos;92957;Mulher;12381
Indicador  3.3.4;1732;20.6;13;Amazonas;12381;2019;1145;25 a 29 anos;6794;Total;12381
Indicador  3.3.4;1732;22.2;13;Amazonas;12381;2019;1145;25 a 29 anos;92956;Homem;12381
Indicador  3.3.4;1732;19.1;13;Amazonas;12381;2019;1145;25 a 29 anos;92957;Mulher;12381
Indicador  3.3.4;1732;40.4;13;Amazonas;12381;2019;1146;30 a 34 anos;6794;Total;12381
Indicador  3.3.4;1732;47.9;13;Amazonas;12381;2019;1146;30 a 34 anos;92956;Homem;12381
Indicador  3.3.4;1732;32.9;13;Amazonas;12381;2019;1146;30 a 34 anos;92957;Mulher;12381
Indicador  3.3.4;1732;38.2;13;Amazonas;12381;2019;1147;35 a 39 anos;6794;Total;12381
Indicador  3.3.4;1732;44.5;13;Amazonas;12381;2019;1147;35 a 39 anos;92956;Homem;12381
Indicador  3.3.4;1732;32.0;13;Amazonas;12381;2019;1147;35 a 39 anos;92957;Mulher;12381
Indicador  3.3.4;1732;40.4;13;Amazonas;12381;2019;1148;40 a 44 anos;6794;Total;12381
Indicador  3.3.4;1732;47.4;13;Amazonas;12381;2019;1148;40 a 44 anos;92956;Homem;12381
Indicador  3.3.4;1732;33.6;13;Amazonas;12381;2019;1148;40 a 44 anos;92957;Mulher;12381
Indicador  3.3.4;1732;45.5;13;Amazonas;12381;2019;1149;45 a 49 anos;6794;Total;12381
Indicador  3.3.4;1732;52.0;13;Amazonas;12381;2019;1149;45 a 49 anos;92956;Homem;12381
Indicador  3.3.4;1732;39.1;13;Amazonas;12381;2019;1149;45 a 49 anos;92957;Mulher;12381
Indicador  3.3.4;1732;58.6;13;Amazonas;12381;2019;1150;50 a 54 anos;6794;Total;12381
Indicador  3.3.4;1732;57.0;13;Amazonas;12381;2019;1150;50 a 54 anos;92956;Homem;12381
Indicador  3.3.4;1732;60.2;13;Amazonas;12381;2019;1150;50 a 54 anos;92957;Mulher;12381
Indicador  3.3.4;1732;51.8;13;Amazonas;12381;2019;1151;55 a 59 anos;6794;Total;12381
Indicador  3.3.4;1732;62.8;13;Amazonas;12381;2019;1151;55 a 59 anos;92956;Homem;12381
Indicador  3.3.4;1732;40.8;13;Amazonas;12381;2019;1151;55 a 59 anos;92957;Mulher;12381
Indicador  3.3.4;1732;37.9;13;Amazonas;12381;2019;3302;60 anos ou mais;6794;Total;12381
Indicador  3.3.4;1732;45.8;13;Amazonas;12381;2019;3302;60 anos ou mais;92956;Homem;12381
Indicador  3.3.4;1732;30.7;13;Amazonas;12381;2019;3302;60 anos ou mais;92957;Mulher;12381
Indicador  3.3.4;1732;10.9;13;Amazonas;12381;2020;95253;Total;6794;Total;12381
Indicador  3.3.4;1732;11.9;13;Amazonas;12381;2020;95253;Total;92956;Homem;12381
Indicador  3.3.4;1732;9.9;13;Amazonas;12381;2020;95253;Total;92957;Mulher;12381
Indicador  3.3.4;1732;0.7;13;Amazonas;12381;2020;1140;0 a 4 anos;6794;Total;12381
Indicador  3.3.4;1732;1.0;13;Amazonas;12381;2020;1140;0 a 4 anos;92956;Homem;12381
Indicador  3.3.4;1732;0.5;13;Amazonas;12381;2020;1140;0 a 4 anos;92957;Mulher;12381
Indicador  3.3.4;1732;0.5;13;Amazonas;12381;2020;1141;5 a 9 anos;6794;Total;12381
Indicador  3.3.4;1732;0.5;13;Amazonas;12381;2020;1141;5 a 9 anos;92956;Homem;12381
Indicador  3.3.4;1732;0.5;13;Amazonas;12381;2020;1141;5 a 9 anos;92957;Mulher;12381
Indicador  3.3.4;1732;0.0;13;Amazonas;12381;2020;1142;10 a 14 anos;6794;Total;12381
Indicador  3.3.4;1732;0.0;13;Amazonas;12381;2020;1142;10 a 14 anos;92956;Homem;12381
Indicador  3.3.4;1732;0.0;13;Amazonas;12381;2020;1142;10 a 14 anos;92957;Mulher;12381
Indicador  3.3.4;1732;2.1;13;Amazonas;12381;2020;1143;15 a 19 anos;6794;Total;12381
Indicador  3.3.4;1732;1.0;13;Amazonas;12381;2020;1143;15 a 19 anos;92956;Homem;12381
Indicador  3.3.4;1732;3.2;13;Amazonas;12381;2020;1143;15 a 19 anos;92957;Mulher;12381
Indicador  3.3.4;1732;6.7;13;Amazonas;12381;2020;1144;20 a 24 anos;6794;Total;12381
Indicador  3.3.4;1732;4.4;13;Amazonas;12381;2020;1144;20 a 24 anos;92956;Homem;12381
Indicador  3.3.4;1732;9.0;13;Amazonas;12381;2020;1144;20 a 24 anos;92957;Mulher;12381
Indicador  3.3.4;1732;7.3;13;Amazonas;12381;2020;1145;25 a 29 anos;6794;Total;12381
Indicador  3.3.4;1732;7.6;13;Amazonas;12381;2020;1145;25 a 29 anos;92956;Homem;12381
Indicador  3.3.4;1732;7.0;13;Amazonas;12381;2020;1145;25 a 29 anos;92957;Mulher;12381
Indicador  3.3.4;1732;19.8;13;Amazonas;12381;2020;1146;30 a 34 anos;6794;Total;12381
Indicador  3.3.4;1732;21.1;13;Amazonas;12381;2020;1146;30 a 34 anos;92956;Homem;12381
Indicador  3.3.4;1732;18.6;13;Amazonas;12381;2020;1146;30 a 34 anos;92957;Mulher;12381
Indicador  3.3.4;1732;25.5;13;Amazonas;12381;2020;1147;35 a 39 anos;6794;Total;12381
Indicador  3.3.4;1732;28.8;13;Amazonas;12381;2020;1147;35 a 39 anos;92956;Homem;12381
Indicador  3.3.4;1732;22.2;13;Amazonas;12381;2020;1147;35 a 39 anos;92957;Mulher;12381
Indicador  3.3.4;1732;19.9;13;Amazonas;12381;2020;1148;40 a 44 anos;6794;Total;12381
Indicador  3.3.4;1732;26.5;13;Amazonas;12381;2020;1148;40 a 44 anos;92956;Homem;12381
Indicador  3.3.4;1732;13.4;13;Amazonas;12381;2020;1148;40 a 44 anos;92957;Mulher;12381
Indicador  3.3.4;1732;20.6;13;Amazonas;12381;2020;1149;45 a 49 anos;6794;Total;12381
Indicador  3.3.4;1732;22.9;13;Amazonas;12381;2020;1149;45 a 49 anos;92956;Homem;12381
Indicador  3.3.4;1732;18.3;13;Amazonas;12381;2020;1149;45 a 49 anos;92957;Mulher;12381
Indicador  3.3.4;1732;24.8;13;Amazonas;12381;2020;1150;50 a 54 anos;6794;Total;12381
Indicador  3.3.4;1732;25.4;13;Amazonas;12381;2020;1150;50 a 54 anos;92956;Homem;12381
Indicador  3.3.4;1732;24.0;13;Amazonas;12381;2020;1150;50 a 54 anos;92957;Mulher;12381
Indicador  3.3.4;1732;25.6;13;Amazonas;12381;2020;1151;55 a 59 anos;6794;Total;12381
Indicador  3.3.4;1732;25.5;13;Amazonas;12381;2020;1151;55 a 59 anos;92956;Homem;12381
Indicador  3.3.4;1732;25.8;13;Amazonas;12381;2020;1151;55 a 59 anos;92957;Mulher;12381
Indicador  3.3.4;1732;16.6;13;Amazonas;12381;2020;3302;60 anos ou mais;6794;Total;12381
Indicador  3.3.4;1732;22.6;13;Amazonas;12381;2020;3302;60 anos ou mais;92956;Homem;12381
Indicador  3.3.4;1732;11.1;13;Amazonas;12381;2020;3302;60 anos ou mais;92957;Mulher;12381
Indicador  3.3.4;1732;9.2;13;Amazonas;12381;2021;95253;Total;6794;Total;12381
Indicador  3.3.4;1732;10.0;13;Amazonas;12381;2021;95253;Total;92956;Homem;12381
Indicador  3.3.4;1732;8.4;13;Amazonas;12381;2021;95253;Total;92957;Mulher;12381
Indicador  3.3.4;1732;1.0;13;Amazonas;12381;2021;1140;0 a 4 anos;6794;Total;12381
Indicador  3.3.4;1732;1.0;13;Amazonas;12381;2021;1140;0 a 4 anos;92956;Homem;12381
Indicador  3.3.4;1732;1.0;13;Amazonas;12381;2021;1140;0 a 4 anos;92957;Mulher;12381
Indicador  3.3.4;1732;0.0;13;Amazonas;12381;2021;1141;5 a 9 anos;6794;Total;12381
Indicador  3.3.4;1732;0.0;13;Amazonas;12381;2021;1141;5 a 9 anos;92956;Homem;12381
Indicador  3.3.4;1732;0.0;13;Amazonas;12381;2021;1141;5 a 9 anos;92957;Mulher;12381
Indicador  3.3.4;1732;0.5;13;Amazonas;12381;2021;1142;10 a 14 anos;6794;Total;12381
Indicador  3.3.4;1732;0.0;13;Amazonas;12381;2021;1142;10 a 14 anos;92956;Homem;12381
Indicador  3.3.4;1732;1.0;13;Amazonas;12381;2021;1142;10 a 14 anos;92957;Mulher;12381
Indicador  3.3.4;1732;1.8;13;Amazonas;12381;2021;1143;15 a 19 anos;6794;Total;12381
Indicador  3.3.4;1732;1.0;13;Amazonas;12381;2021;1143;15 a 19 anos;92956;Homem;12381
Indicador  3.3.4;1732;2.6;13;Amazonas;12381;2021;1143;15 a 19 anos;92957;Mulher;12381
Indicador  3.3.4;1732;3.2;13;Amazonas;12381;2021;1144;20 a 24 anos;6794;Total;12381
Indicador  3.3.4;1732;2.4;13;Amazonas;12381;2021;1144;20 a 24 anos;92956;Homem;12381
Indicador  3.3.4;1732;4.0;13;Amazonas;12381;2021;1144;20 a 24 anos;92957;Mulher;12381
Indicador  3.3.4;1732;7.4;13;Amazonas;12381;2021;1145;25 a 29 anos;6794;Total;12381
Indicador  3.3.4;1732;8.0;13;Amazonas;12381;2021;1145;25 a 29 anos;92956;Homem;12381
Indicador  3.3.4;1732;6.8;13;Amazonas;12381;2021;1145;25 a 29 anos;92957;Mulher;12381
Indicador  3.3.4;1732;15.0;13;Amazonas;12381;2021;1146;30 a 34 anos;6794;Total;12381
Indicador  3.3.4;1732;20.9;13;Amazonas;12381;2021;1146;30 a 34 anos;92956;Homem;12381
Indicador  3.3.4;1732;9.2;13;Amazonas;12381;2021;1146;30 a 34 anos;92957;Mulher;12381
Indicador  3.3.4;1732;15.9;13;Amazonas;12381;2021;1147;35 a 39 anos;6794;Total;12381
Indicador  3.3.4;1732;18.5;13;Amazonas;12381;2021;1147;35 a 39 anos;92956;Homem;12381
Indicador  3.3.4;1732;13.4;13;Amazonas;12381;2021;1147;35 a 39 anos;92957;Mulher;12381
Indicador  3.3.4;1732;15.5;13;Amazonas;12381;2021;1148;40 a 44 anos;6794;Total;12381
Indicador  3.3.4;1732;15.3;13;Amazonas;12381;2021;1148;40 a 44 anos;92956;Homem;12381
Indicador  3.3.4;1732;15.7;13;Amazonas;12381;2021;1148;40 a 44 anos;92957;Mulher;12381
Indicador  3.3.4;1732;18.5;13;Amazonas;12381;2021;1149;45 a 49 anos;6794;Total;12381
Indicador  3.3.4;1732;21.2;13;Amazonas;12381;2021;1149;45 a 49 anos;92956;Homem;12381
Indicador  3.3.4;1732;15.9;13;Amazonas;12381;2021;1149;45 a 49 anos;92957;Mulher;12381
Indicador  3.3.4;1732;21.3;13;Amazonas;12381;2021;1150;50 a 54 anos;6794;Total;12381
Indicador  3.3.4;1732;23.6;13;Amazonas;12381;2021;1150;50 a 54 anos;92956;Homem;12381
Indicador  3.3.4;1732;18.9;13;Amazonas;12381;2021;1150;50 a 54 anos;92957;Mulher;12381
Indicador  3.3.4;1732;24.0;13;Amazonas;12381;2021;1151;55 a 59 anos;6794;Total;12381
Indicador  3.3.4;1732;20.7;13;Amazonas;12381;2021;1151;55 a 59 anos;92956;Homem;12381
Indicador  3.3.4;1732;27.5;13;Amazonas;12381;2021;1151;55 a 59 anos;92957;Mulher;12381
Indicador  3.3.4;1732;19.7;13;Amazonas;12381;2021;3302;60 anos ou mais;6794;Total;12381
Indicador  3.3.4;1732;23.5;13;Amazonas;12381;2021;3302;60 anos ou mais;92956;Homem;12381
Indicador  3.3.4;1732;16.2;13;Amazonas;12381;2021;3302;60 anos ou mais;92957;Mulher;12381
Indicador  3.3.4;1732;9.5;13;Amazonas;12381;2022;95253;Total;6794;Total;12381
Indicador  3.3.4;1732;10.9;13;Amazonas;12381;2022;95253;Total;92956;Homem;12381
Indicador  3.3.4;1732;8.2;13;Amazonas;12381;2022;95253;Total;92957;Mulher;12381
Indicador  3.3.4;1732;0.7;13;Amazonas;12381;2022;1140;0 a 4 anos;6794;Total;12381
Indicador  3.3.4;1732;1.0;13;Amazonas;12381;2022;1140;0 a 4 anos;92956;Homem;12381
Indicador  3.3.4;1732;0.5;13;Amazonas;12381;2022;1140;0 a 4 anos;92957;Mulher;12381
Indicador  3.3.4;1732;0.0;13;Amazonas;12381;2022;1141;5 a 9 anos;6794;Total;12381
Indicador  3.3.4;1732;0.0;13;Amazonas;12381;2022;1141;5 a 9 anos;92956;Homem;12381
Indicador  3.3.4;1732;0.0;13;Amazonas;12381;2022;1141;5 a 9 anos;92957;Mulher;12381
Indicador  3.3.4;1732;0.5;13;Amazonas;12381;2022;1142;10 a 14 anos;6794;Total;12381
Indicador  3.3.4;1732;0.5;13;Amazonas;12381;2022;1142;10 a 14 anos;92956;Homem;12381
Indicador  3.3.4;1732;0.5;13;Amazonas;12381;2022;1142;10 a 14 anos;92957;Mulher;12381
Indicador  3.3.4;1732;0.8;13;Amazonas;12381;2022;1143;15 a 19 anos;6794;Total;12381
Indicador  3.3.4;1732;0.0;13;Amazonas;12381;2022;1143;15 a 19 anos;92956;Homem;12381
Indicador  3.3.4;1732;1.6;13;Amazonas;12381;2022;1143;15 a 19 anos;92957;Mulher;12381
Indicador  3.3.4;1732;4.0;13;Amazonas;12381;2022;1144;20 a 24 anos;6794;Total;12381
Indicador  3.3.4;1732;4.4;13;Amazonas;12381;2022;1144;20 a 24 anos;92956;Homem;12381
Indicador  3.3.4;1732;3.5;13;Amazonas;12381;2022;1144;20 a 24 anos;92957;Mulher;12381
Indicador  3.3.4;1732;6.7;13;Amazonas;12381;2022;1145;25 a 29 anos;6794;Total;12381
Indicador  3.3.4;1732;4.7;13;Amazonas;12381;2022;1145;25 a 29 anos;92956;Homem;12381
Indicador  3.3.4;1732;8.8;13;Amazonas;12381;2022;1145;25 a 29 anos;92957;Mulher;12381
Indicador  3.3.4;1732;12.8;13;Amazonas;12381;2022;1146;30 a 34 anos;6794;Total;12381
Indicador  3.3.4;1732;11.5;13;Amazonas;12381;2022;1146;30 a 34 anos;92956;Homem;12381
Indicador  3.3.4;1732;14.2;13;Amazonas;12381;2022;1146;30 a 34 anos;92957;Mulher;12381
Indicador  3.3.4;1732;16.4;13;Amazonas;12381;2022;1147;35 a 39 anos;6794;Total;12381
Indicador  3.3.4;1732;19.5;13;Amazonas;12381;2022;1147;35 a 39 anos;92956;Homem;12381
Indicador  3.3.4;1732;13.3;13;Amazonas;12381;2022;1147;35 a 39 anos;92957;Mulher;12381
Indicador  3.3.4;1732;15.7;13;Amazonas;12381;2022;1148;40 a 44 anos;6794;Total;12381
Indicador  3.3.4;1732;20.3;13;Amazonas;12381;2022;1148;40 a 44 anos;92956;Homem;12381
Indicador  3.3.4;1732;11.3;13;Amazonas;12381;2022;1148;40 a 44 anos;92957;Mulher;12381
Indicador  3.3.4;1732;24.3;13;Amazonas;12381;2022;1149;45 a 49 anos;6794;Total;12381
Indicador  3.3.4;1732;26.9;13;Amazonas;12381;2022;1149;45 a 49 anos;92956;Homem;12381
Indicador  3.3.4;1732;21.6;13;Amazonas;12381;2022;1149;45 a 49 anos;92957;Mulher;12381
Indicador  3.3.4;1732;22.1;13;Amazonas;12381;2022;1150;50 a 54 anos;6794;Total;12381
Indicador  3.3.4;1732;30.9;13;Amazonas;12381;2022;1150;50 a 54 anos;92956;Homem;12381
Indicador  3.3.4;1732;13.1;13;Amazonas;12381;2022;1150;50 a 54 anos;92957;Mulher;12381
Indicador  3.3.4;1732;21.9;13;Amazonas;12381;2022;1151;55 a 59 anos;6794;Total;12381
Indicador  3.3.4;1732;22.4;13;Amazonas;12381;2022;1151;55 a 59 anos;92956;Homem;12381
Indicador  3.3.4;1732;21.5;13;Amazonas;12381;2022;1151;55 a 59 anos;92957;Mulher;12381
Indicador  3.3.4;1732;21.6;13;Amazonas;12381;2022;3302;60 anos ou mais;6794;Total;12381
Indicador  3.3.4;1732;30.1;13;Amazonas;12381;2022;3302;60 anos ou mais;92956;Homem;12381
Indicador  3.3.4;1732;13.9;13;Amazonas;12381;2022;3302;60 anos ou mais;92957;Mulher;12381
Indicador  3.3.4;1732;20.8;14;Roraima;12381;2018;95253;Total;6794;Total;12381
Indicador  3.3.4;1732;25.1;14;Roraima;12381;2018;95253;Total;92956;Homem;12381
Indicador  3.3.4;1732;16.4;14;Roraima;12381;2018;95253;Total;92957;Mulher;12381
Indicador  3.3.4;1732;1.8;14;Roraima;12381;2018;1140;0 a 4 anos;6794;Total;12381
Indicador  3.3.4;1732;3.5;14;Roraima;12381;2018;1140;0 a 4 anos;92956;Homem;12381
Indicador  3.3.4;1732;0.0;14;Roraima;12381;2018;1140;0 a 4 anos;92957;Mulher;12381
Indicador  3.3.4;1732;0.0;14;Roraima;12381;2018;1141;5 a 9 anos;6794;Total;12381
Indicador  3.3.4;1732;0.0;14;Roraima;12381;2018;1141;5 a 9 anos;92956;Homem;12381
Indicador  3.3.4;1732;0.0;14;Roraima;12381;2018;1141;5 a 9 anos;92957;Mulher;12381
Indicador  3.3.4;1732;0.0;14;Roraima;12381;2018;1142;10 a 14 anos;6794;Total;12381
Indicador  3.3.4;1732;0.0;14;Roraima;12381;2018;1142;10 a 14 anos;92956;Homem;12381
Indicador  3.3.4;1732;0.0;14;Roraima;12381;2018;1142;10 a 14 anos;92957;Mulher;12381
Indicador  3.3.4;1732;3.7;14;Roraima;12381;2018;1143;15 a 19 anos;6794;Total;12381
Indicador  3.3.4;1732;0.0;14;Roraima;12381;2018;1143;15 a 19 anos;92956;Homem;12381
Indicador  3.3.4;1732;7.6;14;Roraima;12381;2018;1143;15 a 19 anos;92957;Mulher;12381
Indicador  3.3.4;1732;14.1;14;Roraima;12381;2018;1144;20 a 24 anos;6794;Total;12381
Indicador  3.3.4;1732;10.2;14;Roraima;12381;2018;1144;20 a 24 anos;92956;Homem;12381
Indicador  3.3.4;1732;18.2;14;Roraima;12381;2018;1144;20 a 24 anos;92957;Mulher;12381
Indicador  3.3.4;1732;30.7;14;Roraima;12381;2018;1145;25 a 29 anos;6794;Total;12381
Indicador  3.3.4;1732;38.5;14;Roraima;12381;2018;1145;25 a 29 anos;92956;Homem;12381
Indicador  3.3.4;1732;22.4;14;Roraima;12381;2018;1145;25 a 29 anos;92957;Mulher;12381
Indicador  3.3.4;1732;30.9;14;Roraima;12381;2018;1146;30 a 34 anos;6794;Total;12381
Indicador  3.3.4;1732;37.5;14;Roraima;12381;2018;1146;30 a 34 anos;92956;Homem;12381
Indicador  3.3.4;1732;23.9;14;Roraima;12381;2018;1146;30 a 34 anos;92957;Mulher;12381
Indicador  3.3.4;1732;23.4;14;Roraima;12381;2018;1147;35 a 39 anos;6794;Total;12381
Indicador  3.3.4;1732;21.0;14;Roraima;12381;2018;1147;35 a 39 anos;92956;Homem;12381
Indicador  3.3.4;1732;25.9;14;Roraima;12381;2018;1147;35 a 39 anos;92957;Mulher;12381
Indicador  3.3.4;1732;50.6;14;Roraima;12381;2018;1148;40 a 44 anos;6794;Total;12381
Indicador  3.3.4;1732;47.0;14;Roraima;12381;2018;1148;40 a 44 anos;92956;Homem;12381
Indicador  3.3.4;1732;54.2;14;Roraima;12381;2018;1148;40 a 44 anos;92957;Mulher;12381
Indicador  3.3.4;1732;40.1;14;Roraima;12381;2018;1149;45 a 49 anos;6794;Total;12381
Indicador  3.3.4;1732;64.9;14;Roraima;12381;2018;1149;45 a 49 anos;92956;Homem;12381
Indicador  3.3.4;1732;13.8;14;Roraima;12381;2018;1149;45 a 49 anos;92957;Mulher;12381
Indicador  3.3.4;1732;61.4;14;Roraima;12381;2018;1150;50 a 54 anos;6794;Total;12381
Indicador  3.3.4;1732;102.7;14;Roraima;12381;2018;1150;50 a 54 anos;92956;Homem;12381
Indicador  3.3.4;1732;17.0;14;Roraima;12381;2018;1150;50 a 54 anos;92957;Mulher;12381
Indicador  3.3.4;1732;25.5;14;Roraima;12381;2018;1151;55 a 59 anos;6794;Total;12381
Indicador  3.3.4;1732;39.5;14;Roraima;12381;2018;1151;55 a 59 anos;92956;Homem;12381
Indicador  3.3.4;1732;10.6;14;Roraima;12381;2018;1151;55 a 59 anos;92957;Mulher;12381
Indicador  3.3.4;1732;36.3;14;Roraima;12381;2018;3302;60 anos ou mais;6794;Total;12381
Indicador  3.3.4;1732;40.7;14;Roraima;12381;2018;3302;60 anos ou mais;92956;Homem;12381
Indicador  3.3.4;1732;31.7;14;Roraima;12381;2018;3302;60 anos ou mais;92957;Mulher;12381
Indicador  3.3.4;1732;25.1;14;Roraima;12381;2019;95253;Total;6794;Total;12381
Indicador  3.3.4;1732;27.2;14;Roraima;12381;2019;95253;Total;92956;Homem;12381
Indicador  3.3.4;1732;22.8;14;Roraima;12381;2019;95253;Total;92957;Mulher;12381
Indicador  3.3.4;1732;1.7;14;Roraima;12381;2019;1140;0 a 4 anos;6794;Total;12381
Indicador  3.3.4;1732;0.0;14;Roraima;12381;2019;1140;0 a 4 anos;92956;Homem;12381
Indicador  3.3.4;1732;3.5;14;Roraima;12381;2019;1140;0 a 4 anos;92957;Mulher;12381
Indicador  3.3.4;1732;0.0;14;Roraima;12381;2019;1141;5 a 9 anos;6794;Total;12381
Indicador  3.3.4;1732;0.0;14;Roraima;12381;2019;1141;5 a 9 anos;92956;Homem;12381
Indicador  3.3.4;1732;0.0;14;Roraima;12381;2019;1141;5 a 9 anos;92957;Mulher;12381
Indicador  3.3.4;1732;1.9;14;Roraima;12381;2019;1142;10 a 14 anos;6794;Total;12381
Indicador  3.3.4;1732;0.0;14;Roraima;12381;2019;1142;10 a 14 anos;92956;Homem;12381
Indicador  3.3.4;1732;3.9;14;Roraima;12381;2019;1142;10 a 14 anos;92957;Mulher;12381
Indicador  3.3.4;1732;3.7;14;Roraima;12381;2019;1143;15 a 19 anos;6794;Total;12381
Indicador  3.3.4;1732;3.7;14;Roraima;12381;2019;1143;15 a 19 anos;92956;Homem;12381
Indicador  3.3.4;1732;3.8;14;Roraima;12381;2019;1143;15 a 19 anos;92957;Mulher;12381
Indicador  3.3.4;1732;23.5;14;Roraima;12381;2019;1144;20 a 24 anos;6794;Total;12381
Indicador  3.3.4;1732;25.8;14;Roraima;12381;2019;1144;20 a 24 anos;92956;Homem;12381
Indicador  3.3.4;1732;21.0;14;Roraima;12381;2019;1144;20 a 24 anos;92957;Mulher;12381
Indicador  3.3.4;1732;36.8;14;Roraima;12381;2019;1145;25 a 29 anos;6794;Total;12381
Indicador  3.3.4;1732;25.5;14;Roraima;12381;2019;1145;25 a 29 anos;92956;Homem;12381
Indicador  3.3.4;1732;49.2;14;Roraima;12381;2019;1145;25 a 29 anos;92957;Mulher;12381
Indicador  3.3.4;1732;41.3;14;Roraima;12381;2019;1146;30 a 34 anos;6794;Total;12381
Indicador  3.3.4;1732;44.6;14;Roraima;12381;2019;1146;30 a 34 anos;92956;Homem;12381
Indicador  3.3.4;1732;37.8;14;Roraima;12381;2019;1146;30 a 34 anos;92957;Mulher;12381
Indicador  3.3.4;1732;45.2;14;Roraima;12381;2019;1147;35 a 39 anos;6794;Total;12381
Indicador  3.3.4;1732;53.5;14;Roraima;12381;2019;1147;35 a 39 anos;92956;Homem;12381
Indicador  3.3.4;1732;36.5;14;Roraima;12381;2019;1147;35 a 39 anos;92957;Mulher;12381
Indicador  3.3.4;1732;39.0;14;Roraima;12381;2019;1148;40 a 44 anos;6794;Total;12381
Indicador  3.3.4;1732;47.4;14;Roraima;12381;2019;1148;40 a 44 anos;92956;Homem;12381
Indicador  3.3.4;1732;30.1;14;Roraima;12381;2019;1148;40 a 44 anos;92957;Mulher;12381
Indicador  3.3.4;1732;43.5;14;Roraima;12381;2019;1149;45 a 49 anos;6794;Total;12381
Indicador  3.3.4;1732;36.1;14;Roraima;12381;2019;1149;45 a 49 anos;92956;Homem;12381
Indicador  3.3.4;1732;51.4;14;Roraima;12381;2019;1149;45 a 49 anos;92957;Mulher;12381
Indicador  3.3.4;1732;30.9;14;Roraima;12381;2019;1150;50 a 54 anos;6794;Total;12381
Indicador  3.3.4;1732;29.6;14;Roraima;12381;2019;1150;50 a 54 anos;92956;Homem;12381
Indicador  3.3.4;1732;32.2;14;Roraima;12381;2019;1150;50 a 54 anos;92957;Mulher;12381
Indicador  3.3.4;1732;67.2;14;Roraima;12381;2019;1151;55 a 59 anos;6794;Total;12381
Indicador  3.3.4;1732;74.2;14;Roraima;12381;2019;1151;55 a 59 anos;92956;Homem;12381
Indicador  3.3.4;1732;59.7;14;Roraima;12381;2019;1151;55 a 59 anos;92957;Mulher;12381
Indicador  3.3.4;1732;33.9;14;Roraima;12381;2019;3302;60 anos ou mais;6794;Total;12381
Indicador  3.3.4;1732;62.3;14;Roraima;12381;2019;3302;60 anos ou mais;92956;Homem;12381
Indicador  3.3.4;1732;4.9;14;Roraima;12381;2019;3302;60 anos ou mais;92957;Mulher;12381
Indicador  3.3.4;1732;17.0;14;Roraima;12381;2020;95253;Total;6794;Total;12381
Indicador  3.3.4;1732;16.5;14;Roraima;12381;2020;95253;Total;92956;Homem;12381
Indicador  3.3.4;1732;17.4;14;Roraima;12381;2020;95253;Total;92957;Mulher;12381
Indicador  3.3.4;1732;0.0;14;Roraima;12381;2020;1140;0 a 4 anos;6794;Total;12381
Indicador  3.3.4;1732;0.0;14;Roraima;12381;2020;1140;0 a 4 anos;92956;Homem;12381
Indicador  3.3.4;1732;0.0;14;Roraima;12381;2020;1140;0 a 4 anos;92957;Mulher;12381
Indicador  3.3.4;1732;0.0;14;Roraima;12381;2020;1141;5 a 9 anos;6794;Total;12381
Indicador  3.3.4;1732;0.0;14;Roraima;12381;2020;1141;5 a 9 anos;92956;Homem;12381
Indicador  3.3.4;1732;0.0;14;Roraima;12381;2020;1141;5 a 9 anos;92957;Mulher;12381
Indicador  3.3.4;1732;1.9;14;Roraima;12381;2020;1142;10 a 14 anos;6794;Total;12381
Indicador  3.3.4;1732;0.0;14;Roraima;12381;2020;1142;10 a 14 anos;92956;Homem;12381
Indicador  3.3.4;1732;3.8;14;Roraima;12381;2020;1142;10 a 14 anos;92957;Mulher;12381
Indicador  3.3.4;1732;3.7;14;Roraima;12381;2020;1143;15 a 19 anos;6794;Total;12381
Indicador  3.3.4;1732;3.7;14;Roraima;12381;2020;1143;15 a 19 anos;92956;Homem;12381
Indicador  3.3.4;1732;3.8;14;Roraima;12381;2020;1143;15 a 19 anos;92957;Mulher;12381
Indicador  3.3.4;1732;11.5;14;Roraima;12381;2020;1144;20 a 24 anos;6794;Total;12381
Indicador  3.3.4;1732;15.8;14;Roraima;12381;2020;1144;20 a 24 anos;92956;Homem;12381
Indicador  3.3.4;1732;6.9;14;Roraima;12381;2020;1144;20 a 24 anos;92957;Mulher;12381
Indicador  3.3.4;1732;12.7;14;Roraima;12381;2020;1145;25 a 29 anos;6794;Total;12381
Indicador  3.3.4;1732;12.0;14;Roraima;12381;2020;1145;25 a 29 anos;92956;Homem;12381
Indicador  3.3.4;1732;13.5;14;Roraima;12381;2020;1145;25 a 29 anos;92957;Mulher;12381
Indicador  3.3.4;1732;30.4;14;Roraima;12381;2020;1146;30 a 34 anos;6794;Total;12381
Indicador  3.3.4;1732;28.7;14;Roraima;12381;2020;1146;30 a 34 anos;92956;Homem;12381
Indicador  3.3.4;1732;32.4;14;Roraima;12381;2020;1146;30 a 34 anos;92957;Mulher;12381
Indicador  3.3.4;1732;25.9;14;Roraima;12381;2020;1147;35 a 39 anos;6794;Total;12381
Indicador  3.3.4;1732;21.3;14;Roraima;12381;2020;1147;35 a 39 anos;92956;Homem;12381
Indicador  3.3.4;1732;30.9;14;Roraima;12381;2020;1147;35 a 39 anos;92957;Mulher;12381
Indicador  3.3.4;1732;36.2;14;Roraima;12381;2020;1148;40 a 44 anos;6794;Total;12381
Indicador  3.3.4;1732;35.0;14;Roraima;12381;2020;1148;40 a 44 anos;92956;Homem;12381
Indicador  3.3.4;1732;37.5;14;Roraima;12381;2020;1148;40 a 44 anos;92957;Mulher;12381
Indicador  3.3.4;1732;26.1;14;Roraima;12381;2020;1149;45 a 49 anos;6794;Total;12381
Indicador  3.3.4;1732;33.6;14;Roraima;12381;2020;1149;45 a 49 anos;92956;Homem;12381
Indicador  3.3.4;1732;18.1;14;Roraima;12381;2020;1149;45 a 49 anos;92957;Mulher;12381
Indicador  3.3.4;1732;25.5;14;Roraima;12381;2020;1150;50 a 54 anos;6794;Total;12381
Indicador  3.3.4;1732;0.0;14;Roraima;12381;2020;1150;50 a 54 anos;92956;Homem;12381
Indicador  3.3.4;1732;53.4;14;Roraima;12381;2020;1150;50 a 54 anos;92957;Mulher;12381
Indicador  3.3.4;1732;27.3;14;Roraima;12381;2020;1151;55 a 59 anos;6794;Total;12381
Indicador  3.3.4;1732;35.1;14;Roraima;12381;2020;1151;55 a 59 anos;92956;Homem;12381
Indicador  3.3.4;1732;18.9;14;Roraima;12381;2020;1151;55 a 59 anos;92957;Mulher;12381
Indicador  3.3.4;1732;43.2;14;Roraima;12381;2020;3302;60 anos ou mais;6794;Total;12381
Indicador  3.3.4;1732;49.7;14;Roraima;12381;2020;3302;60 anos ou mais;92956;Homem;12381
Indicador  3.3.4;1732;36.7;14;Roraima;12381;2020;3302;60 anos ou mais;92957;Mulher;12381
Indicador  3.3.4;1732;15.6;14;Roraima;12381;2021;95253;Total;6794;Total;12381
Indicador  3.3.4;1732;15.7;14;Roraima;12381;2021;95253;Total;92956;Homem;12381
Indicador  3.3.4;1732;15.6;14;Roraima;12381;2021;95253;Total;92957;Mulher;12381
Indicador  3.3.4;1732;0.0;14;Roraima;12381;2021;1140;0 a 4 anos;6794;Total;12381
Indicador  3.3.4;1732;0.0;14;Roraima;12381;2021;1140;0 a 4 anos;92956;Homem;12381
Indicador  3.3.4;1732;0.0;14;Roraima;12381;2021;1140;0 a 4 anos;92957;Mulher;12381
Indicador  3.3.4;1732;0.0;14;Roraima;12381;2021;1141;5 a 9 anos;6794;Total;12381
Indicador  3.3.4;1732;0.0;14;Roraima;12381;2021;1141;5 a 9 anos;92956;Homem;12381
Indicador  3.3.4;1732;0.0;14;Roraima;12381;2021;1141;5 a 9 anos;92957;Mulher;12381
Indicador  3.3.4;1732;1.8;14;Roraima;12381;2021;1142;10 a 14 anos;6794;Total;12381
Indicador  3.3.4;1732;0.0;14;Roraima;12381;2021;1142;10 a 14 anos;92956;Homem;12381
Indicador  3.3.4;1732;3.7;14;Roraima;12381;2021;1142;10 a 14 anos;92957;Mulher;12381
Indicador  3.3.4;1732;9.4;14;Roraima;12381;2021;1143;15 a 19 anos;6794;Total;12381
Indicador  3.3.4;1732;7.4;14;Roraima;12381;2021;1143;15 a 19 anos;92956;Homem;12381
Indicador  3.3.4;1732;11.5;14;Roraima;12381;2021;1143;15 a 19 anos;92957;Mulher;12381
Indicador  3.3.4;1732;8.2;14;Roraima;12381;2021;1144;20 a 24 anos;6794;Total;12381
Indicador  3.3.4;1732;0.0;14;Roraima;12381;2021;1144;20 a 24 anos;92956;Homem;12381
Indicador  3.3.4;1732;17.1;14;Roraima;12381;2021;1144;20 a 24 anos;92957;Mulher;12381
Indicador  3.3.4;1732;15.3;14;Roraima;12381;2021;1145;25 a 29 anos;6794;Total;12381
Indicador  3.3.4;1732;14.4;14;Roraima;12381;2021;1145;25 a 29 anos;92956;Homem;12381
Indicador  3.3.4;1732;16.4;14;Roraima;12381;2021;1145;25 a 29 anos;92957;Mulher;12381
Indicador  3.3.4;1732;19.2;14;Roraima;12381;2021;1146;30 a 34 anos;6794;Total;12381
Indicador  3.3.4;1732;27.0;14;Roraima;12381;2021;1146;30 a 34 anos;92956;Homem;12381
Indicador  3.3.4;1732;10.3;14;Roraima;12381;2021;1146;30 a 34 anos;92957;Mulher;12381
Indicador  3.3.4;1732;19.4;14;Roraima;12381;2021;1147;35 a 39 anos;6794;Total;12381
Indicador  3.3.4;1732;26.8;14;Roraima;12381;2021;1147;35 a 39 anos;92956;Homem;12381
Indicador  3.3.4;1732;11.2;14;Roraima;12381;2021;1147;35 a 39 anos;92957;Mulher;12381
Indicador  3.3.4;1732;21.2;14;Roraima;12381;2021;1148;40 a 44 anos;6794;Total;12381
Indicador  3.3.4;1732;12.2;14;Roraima;12381;2021;1148;40 a 44 anos;92956;Homem;12381
Indicador  3.3.4;1732;30.9;14;Roraima;12381;2021;1148;40 a 44 anos;92957;Mulher;12381
Indicador  3.3.4;1732;30.0;14;Roraima;12381;2021;1149;45 a 49 anos;6794;Total;12381
Indicador  3.3.4;1732;36.7;14;Roraima;12381;2021;1149;45 a 49 anos;92956;Homem;12381
Indicador  3.3.4;1732;22.7;14;Roraima;12381;2021;1149;45 a 49 anos;92957;Mulher;12381
Indicador  3.3.4;1732;48.4;14;Roraima;12381;2021;1150;50 a 54 anos;6794;Total;12381
Indicador  3.3.4;1732;52.9;14;Roraima;12381;2021;1150;50 a 54 anos;92956;Homem;12381
Indicador  3.3.4;1732;43.4;14;Roraima;12381;2021;1150;50 a 54 anos;92957;Mulher;12381
Indicador  3.3.4;1732;34.8;14;Roraima;12381;2021;1151;55 a 59 anos;6794;Total;12381
Indicador  3.3.4;1732;33.5;14;Roraima;12381;2021;1151;55 a 59 anos;92956;Homem;12381
Indicador  3.3.4;1732;36.2;14;Roraima;12381;2021;1151;55 a 59 anos;92957;Mulher;12381
Indicador  3.3.4;1732;32.1;14;Roraima;12381;2021;3302;60 anos ou mais;6794;Total;12381
Indicador  3.3.4;1732;29.8;14;Roraima;12381;2021;3302;60 anos ou mais;92956;Homem;12381
Indicador  3.3.4;1732;34.4;14;Roraima;12381;2021;3302;60 anos ou mais;92957;Mulher;12381
Indicador  3.3.4;1732;11.6;14;Roraima;12381;2022;95253;Total;6794;Total;12381
Indicador  3.3.4;1732;14.7;14;Roraima;12381;2022;95253;Total;92956;Homem;12381
Indicador  3.3.4;1732;8.4;14;Roraima;12381;2022;95253;Total;92957;Mulher;12381
Indicador  3.3.4;1732;0.0;14;Roraima;12381;2022;1140;0 a 4 anos;6794;Total;12381
Indicador  3.3.4;1732;0.0;14;Roraima;12381;2022;1140;0 a 4 anos;92956;Homem;12381
Indicador  3.3.4;1732;0.0;14;Roraima;12381;2022;1140;0 a 4 anos;92957;Mulher;12381
Indicador  3.3.4;1732;0.0;14;Roraima;12381;2022;1141;5 a 9 anos;6794;Total;12381
Indicador  3.3.4;1732;0.0;14;Roraima;12381;2022;1141;5 a 9 anos;92956;Homem;12381
Indicador  3.3.4;1732;0.0;14;Roraima;12381;2022;1141;5 a 9 anos;92957;Mulher;12381
Indicador  3.3.4;1732;0.0;14;Roraima;12381;2022;1142;10 a 14 anos;6794;Total;12381
Indicador  3.3.4;1732;0.0;14;Roraima;12381;2022;1142;10 a 14 anos;92956;Homem;12381
Indicador  3.3.4;1732;0.0;14;Roraima;12381;2022;1142;10 a 14 anos;92957;Mulher;12381
Indicador  3.3.4;1732;0.0;14;Roraima;12381;2022;1143;15 a 19 anos;6794;Total;12381
Indicador  3.3.4;1732;0.0;14;Roraima;12381;2022;1143;15 a 19 anos;92956;Homem;12381
Indicador  3.3.4;1732;0.0;14;Roraima;12381;2022;1143;15 a 19 anos;92957;Mulher;12381
Indicador  3.3.4;1732;11.7;14;Roraima;12381;2022;1144;20 a 24 anos;6794;Total;12381
Indicador  3.3.4;1732;6.5;14;Roraima;12381;2022;1144;20 a 24 anos;92956;Homem;12381
Indicador  3.3.4;1732;17.3;14;Roraima;12381;2022;1144;20 a 24 anos;92957;Mulher;12381
Indicador  3.3.4;1732;12.0;14;Roraima;12381;2022;1145;25 a 29 anos;6794;Total;12381
Indicador  3.3.4;1732;19.7;14;Roraima;12381;2022;1145;25 a 29 anos;92956;Homem;12381
Indicador  3.3.4;1732;3.2;14;Roraima;12381;2022;1145;25 a 29 anos;92957;Mulher;12381
Indicador  3.3.4;1732;21.5;14;Roraima;12381;2022;1146;30 a 34 anos;6794;Total;12381
Indicador  3.3.4;1732;17.2;14;Roraima;12381;2022;1146;30 a 34 anos;92956;Homem;12381
Indicador  3.3.4;1732;26.4;14;Roraima;12381;2022;1146;30 a 34 anos;92957;Mulher;12381
Indicador  3.3.4;1732;18.8;14;Roraima;12381;2022;1147;35 a 39 anos;6794;Total;12381
Indicador  3.3.4;1732;22.5;14;Roraima;12381;2022;1147;35 a 39 anos;92956;Homem;12381
Indicador  3.3.4;1732;14.6;14;Roraima;12381;2022;1147;35 a 39 anos;92957;Mulher;12381
Indicador  3.3.4;1732;10.0;14;Roraima;12381;2022;1148;40 a 44 anos;6794;Total;12381
Indicador  3.3.4;1732;11.6;14;Roraima;12381;2022;1148;40 a 44 anos;92956;Homem;12381
Indicador  3.3.4;1732;8.4;14;Roraima;12381;2022;1148;40 a 44 anos;92957;Mulher;12381
Indicador  3.3.4;1732;23.2;14;Roraima;12381;2022;1149;45 a 49 anos;6794;Total;12381
Indicador  3.3.4;1732;24.7;14;Roraima;12381;2022;1149;45 a 49 anos;92956;Homem;12381
Indicador  3.3.4;1732;21.5;14;Roraima;12381;2022;1149;45 a 49 anos;92957;Mulher;12381
Indicador  3.3.4;1732;3.3;14;Roraima;12381;2022;1150;50 a 54 anos;6794;Total;12381
Indicador  3.3.4;1732;6.3;14;Roraima;12381;2022;1150;50 a 54 anos;92956;Homem;12381
Indicador  3.3.4;1732;0.0;14;Roraima;12381;2022;1150;50 a 54 anos;92957;Mulher;12381
Indicador  3.3.4;1732;33.5;14;Roraima;12381;2022;1151;55 a 59 anos;6794;Total;12381
Indicador  3.3.4;1732;64.3;14;Roraima;12381;2022;1151;55 a 59 anos;92956;Homem;12381
Indicador  3.3.4;1732;0.0;14;Roraima;12381;2022;1151;55 a 59 anos;92957;Mulher;12381
Indicador  3.3.4;1732;30.3;14;Roraima;12381;2022;3302;60 anos ou mais;6794;Total;12381
Indicador  3.3.4;1732;48.3;14;Roraima;12381;2022;3302;60 anos ou mais;92956;Homem;12381
Indicador  3.3.4;1732;12.1;14;Roraima;12381;2022;3302;60 anos ou mais;92957;Mulher;12381
Indicador  3.3.4;1732;4.3;15;Pará;12381;2018;95253;Total;6794;Total;12381
Indicador  3.3.4;1732;4.2;15;Pará;12381;2018;95253;Total;92956;Homem;12381
Indicador  3.3.4;1732;4.4;15;Pará;12381;2018;95253;Total;92957;Mulher;12381
Indicador  3.3.4;1732;0.6;15;Pará;12381;2018;1140;0 a 4 anos;6794;Total;12381
Indicador  3.3.4;1732;0.0;15;Pará;12381;2018;1140;0 a 4 anos;92956;Homem;12381
Indicador  3.3.4;1732;1.1;15;Pará;12381;2018;1140;0 a 4 anos;92957;Mulher;12381
Indicador  3.3.4;1732;0.0;15;Pará;12381;2018;1141;5 a 9 anos;6794;Total;12381
Indicador  3.3.4;1732;0.0;15;Pará;12381;2018;1141;5 a 9 anos;92956;Homem;12381
Indicador  3.3.4;1732;0.0;15;Pará;12381;2018;1141;5 a 9 anos;92957;Mulher;12381
Indicador  3.3.4;1732;0.1;15;Pará;12381;2018;1142;10 a 14 anos;6794;Total;12381
Indicador  3.3.4;1732;0.2;15;Pará;12381;2018;1142;10 a 14 anos;92956;Homem;12381
Indicador  3.3.4;1732;0.0;15;Pará;12381;2018;1142;10 a 14 anos;92957;Mulher;12381
Indicador  3.3.4;1732;0.7;15;Pará;12381;2018;1143;15 a 19 anos;6794;Total;12381
Indicador  3.3.4;1732;0.5;15;Pará;12381;2018;1143;15 a 19 anos;92956;Homem;12381
Indicador  3.3.4;1732;1.0;15;Pará;12381;2018;1143;15 a 19 anos;92957;Mulher;12381
Indicador  3.3.4;1732;4.8;15;Pará;12381;2018;1144;20 a 24 anos;6794;Total;12381
Indicador  3.3.4;1732;2.2;15;Pará;12381;2018;1144;20 a 24 anos;92956;Homem;12381
Indicador  3.3.4;1732;7.5;15;Pará;12381;2018;1144;20 a 24 anos;92957;Mulher;12381
Indicador  3.3.4;1732;6.6;15;Pará;12381;2018;1145;25 a 29 anos;6794;Total;12381
Indicador  3.3.4;1732;5.6;15;Pará;12381;2018;1145;25 a 29 anos;92956;Homem;12381
Indicador  3.3.4;1732;7.7;15;Pará;12381;2018;1145;25 a 29 anos;92957;Mulher;12381
Indicador  3.3.4;1732;6.8;15;Pará;12381;2018;1146;30 a 34 anos;6794;Total;12381
Indicador  3.3.4;1732;6.1;15;Pará;12381;2018;1146;30 a 34 anos;92956;Homem;12381
Indicador  3.3.4;1732;7.4;15;Pará;12381;2018;1146;30 a 34 anos;92957;Mulher;12381
Indicador  3.3.4;1732;6.8;15;Pará;12381;2018;1147;35 a 39 anos;6794;Total;12381
Indicador  3.3.4;1732;7.0;15;Pará;12381;2018;1147;35 a 39 anos;92956;Homem;12381
Indicador  3.3.4;1732;6.5;15;Pará;12381;2018;1147;35 a 39 anos;92957;Mulher;12381
Indicador  3.3.4;1732;8.1;15;Pará;12381;2018;1148;40 a 44 anos;6794;Total;12381
Indicador  3.3.4;1732;8.1;15;Pará;12381;2018;1148;40 a 44 anos;92956;Homem;12381
Indicador  3.3.4;1732;8.1;15;Pará;12381;2018;1148;40 a 44 anos;92957;Mulher;12381
Indicador  3.3.4;1732;5.5;15;Pará;12381;2018;1149;45 a 49 anos;6794;Total;12381
Indicador  3.3.4;1732;5.5;15;Pará;12381;2018;1149;45 a 49 anos;92956;Homem;12381
Indicador  3.3.4;1732;5.6;15;Pará;12381;2018;1149;45 a 49 anos;92957;Mulher;12381
Indicador  3.3.4;1732;8.0;15;Pará;12381;2018;1150;50 a 54 anos;6794;Total;12381
Indicador  3.3.4;1732;9.3;15;Pará;12381;2018;1150;50 a 54 anos;92956;Homem;12381
Indicador  3.3.4;1732;6.8;15;Pará;12381;2018;1150;50 a 54 anos;92957;Mulher;12381
Indicador  3.3.4;1732;8.4;15;Pará;12381;2018;1151;55 a 59 anos;6794;Total;12381
Indicador  3.3.4;1732;12.9;15;Pará;12381;2018;1151;55 a 59 anos;92956;Homem;12381
Indicador  3.3.4;1732;3.9;15;Pará;12381;2018;1151;55 a 59 anos;92957;Mulher;12381
Indicador  3.3.4;1732;5.7;15;Pará;12381;2018;3302;60 anos ou mais;6794;Total;12381
Indicador  3.3.4;1732;7.4;15;Pará;12381;2018;3302;60 anos ou mais;92956;Homem;12381
Indicador  3.3.4;1732;4.2;15;Pará;12381;2018;3302;60 anos ou mais;92957;Mulher;12381
Indicador  3.3.4;1732;5.3;15;Pará;12381;2019;95253;Total;6794;Total;12381
Indicador  3.3.4;1732;5.8;15;Pará;12381;2019;95253;Total;92956;Homem;12381
Indicador  3.3.4;1732;4.8;15;Pará;12381;2019;95253;Total;92957;Mulher;12381
Indicador  3.3.4;1732;0.7;15;Pará;12381;2019;1140;0 a 4 anos;6794;Total;12381
Indicador  3.3.4;1732;1.1;15;Pará;12381;2019;1140;0 a 4 anos;92956;Homem;12381
Indicador  3.3.4;1732;0.3;15;Pará;12381;2019;1140;0 a 4 anos;92957;Mulher;12381
Indicador  3.3.4;1732;0.0;15;Pará;12381;2019;1141;5 a 9 anos;6794;Total;12381
Indicador  3.3.4;1732;0.0;15;Pará;12381;2019;1141;5 a 9 anos;92956;Homem;12381
Indicador  3.3.4;1732;0.0;15;Pará;12381;2019;1141;5 a 9 anos;92957;Mulher;12381
Indicador  3.3.4;1732;0.0;15;Pará;12381;2019;1142;10 a 14 anos;6794;Total;12381
Indicador  3.3.4;1732;0.0;15;Pará;12381;2019;1142;10 a 14 anos;92956;Homem;12381
Indicador  3.3.4;1732;0.0;15;Pará;12381;2019;1142;10 a 14 anos;92957;Mulher;12381
Indicador  3.3.4;1732;1.0;15;Pará;12381;2019;1143;15 a 19 anos;6794;Total;12381
Indicador  3.3.4;1732;1.2;15;Pará;12381;2019;1143;15 a 19 anos;92956;Homem;12381
Indicador  3.3.4;1732;0.8;15;Pará;12381;2019;1143;15 a 19 anos;92957;Mulher;12381
Indicador  3.3.4;1732;2.3;15;Pará;12381;2019;1144;20 a 24 anos;6794;Total;12381
Indicador  3.3.4;1732;1.9;15;Pará;12381;2019;1144;20 a 24 anos;92956;Homem;12381
Indicador  3.3.4;1732;2.7;15;Pará;12381;2019;1144;20 a 24 anos;92957;Mulher;12381
Indicador  3.3.4;1732;8.4;15;Pará;12381;2019;1145;25 a 29 anos;6794;Total;12381
Indicador  3.3.4;1732;6.9;15;Pará;12381;2019;1145;25 a 29 anos;92956;Homem;12381
Indicador  3.3.4;1732;10.0;15;Pará;12381;2019;1145;25 a 29 anos;92957;Mulher;12381
Indicador  3.3.4;1732;10.9;15;Pará;12381;2019;1146;30 a 34 anos;6794;Total;12381
Indicador  3.3.4;1732;10.0;15;Pará;12381;2019;1146;30 a 34 anos;92956;Homem;12381
Indicador  3.3.4;1732;11.7;15;Pará;12381;2019;1146;30 a 34 anos;92957;Mulher;12381
Indicador  3.3.4;1732;7.6;15;Pará;12381;2019;1147;35 a 39 anos;6794;Total;12381
Indicador  3.3.4;1732;8.6;15;Pará;12381;2019;1147;35 a 39 anos;92956;Homem;12381
Indicador  3.3.4;1732;6.7;15;Pará;12381;2019;1147;35 a 39 anos;92957;Mulher;12381
Indicador  3.3.4;1732;6.9;15;Pará;12381;2019;1148;40 a 44 anos;6794;Total;12381
Indicador  3.3.4;1732;8.6;15;Pará;12381;2019;1148;40 a 44 anos;92956;Homem;12381
Indicador  3.3.4;1732;5.1;15;Pará;12381;2019;1148;40 a 44 anos;92957;Mulher;12381
Indicador  3.3.4;1732;7.9;15;Pará;12381;2019;1149;45 a 49 anos;6794;Total;12381
Indicador  3.3.4;1732;8.7;15;Pará;12381;2019;1149;45 a 49 anos;92956;Homem;12381
Indicador  3.3.4;1732;7.0;15;Pará;12381;2019;1149;45 a 49 anos;92957;Mulher;12381
Indicador  3.3.4;1732;9.7;15;Pará;12381;2019;1150;50 a 54 anos;6794;Total;12381
Indicador  3.3.4;1732;10.9;15;Pará;12381;2019;1150;50 a 54 anos;92956;Homem;12381
Indicador  3.3.4;1732;8.5;15;Pará;12381;2019;1150;50 a 54 anos;92957;Mulher;12381
Indicador  3.3.4;1732;12.2;15;Pará;12381;2019;1151;55 a 59 anos;6794;Total;12381
Indicador  3.3.4;1732;15.7;15;Pará;12381;2019;1151;55 a 59 anos;92956;Homem;12381
Indicador  3.3.4;1732;8.7;15;Pará;12381;2019;1151;55 a 59 anos;92957;Mulher;12381
Indicador  3.3.4;1732;9.4;15;Pará;12381;2019;3302;60 anos ou mais;6794;Total;12381
Indicador  3.3.4;1732;13.4;15;Pará;12381;2019;3302;60 anos ou mais;92956;Homem;12381
Indicador  3.3.4;1732;5.8;15;Pará;12381;2019;3302;60 anos ou mais;92957;Mulher;12381
Indicador  3.3.4;1732;2.3;15;Pará;12381;2020;95253;Total;6794;Total;12381
Indicador  3.3.4;1732;2.1;15;Pará;12381;2020;95253;Total;92956;Homem;12381
Indicador  3.3.4;1732;2.4;15;Pará;12381;2020;95253;Total;92957;Mulher;12381
Indicador  3.3.4;1732;0.0;15;Pará;12381;2020;1140;0 a 4 anos;6794;Total;12381
Indicador  3.3.4;1732;0.0;15;Pará;12381;2020;1140;0 a 4 anos;92956;Homem;12381
Indicador  3.3.4;1732;0.0;15;Pará;12381;2020;1140;0 a 4 anos;92957;Mulher;12381
Indicador  3.3.4;1732;0.0;15;Pará;12381;2020;1141;5 a 9 anos;6794;Total;12381
Indicador  3.3.4;1732;0.0;15;Pará;12381;2020;1141;5 a 9 anos;92956;Homem;12381
Indicador  3.3.4;1732;0.0;15;Pará;12381;2020;1141;5 a 9 anos;92957;Mulher;12381
Indicador  3.3.4;1732;0.1;15;Pará;12381;2020;1142;10 a 14 anos;6794;Total;12381
Indicador  3.3.4;1732;0.0;15;Pará;12381;2020;1142;10 a 14 anos;92956;Homem;12381
Indicador  3.3.4;1732;0.3;15;Pará;12381;2020;1142;10 a 14 anos;92957;Mulher;12381
Indicador  3.3.4;1732;0.6;15;Pará;12381;2020;1143;15 a 19 anos;6794;Total;12381
Indicador  3.3.4;1732;0.7;15;Pará;12381;2020;1143;15 a 19 anos;92956;Homem;12381
Indicador  3.3.4;1732;0.5;15;Pará;12381;2020;1143;15 a 19 anos;92957;Mulher;12381
Indicador  3.3.4;1732;2.0;15;Pará;12381;2020;1144;20 a 24 anos;6794;Total;12381
Indicador  3.3.4;1732;0.7;15;Pará;12381;2020;1144;20 a 24 anos;92956;Homem;12381
Indicador  3.3.4;1732;3.2;15;Pará;12381;2020;1144;20 a 24 anos;92957;Mulher;12381
Indicador  3.3.4;1732;2.6;15;Pará;12381;2020;1145;25 a 29 anos;6794;Total;12381
Indicador  3.3.4;1732;2.4;15;Pará;12381;2020;1145;25 a 29 anos;92956;Homem;12381
Indicador  3.3.4;1732;2.9;15;Pará;12381;2020;1145;25 a 29 anos;92957;Mulher;12381
Indicador  3.3.4;1732;4.1;15;Pará;12381;2020;1146;30 a 34 anos;6794;Total;12381
Indicador  3.3.4;1732;3.9;15;Pará;12381;2020;1146;30 a 34 anos;92956;Homem;12381
Indicador  3.3.4;1732;4.3;15;Pará;12381;2020;1146;30 a 34 anos;92957;Mulher;12381
Indicador  3.3.4;1732;3.6;15;Pará;12381;2020;1147;35 a 39 anos;6794;Total;12381
Indicador  3.3.4;1732;3.8;15;Pará;12381;2020;1147;35 a 39 anos;92956;Homem;12381
Indicador  3.3.4;1732;3.4;15;Pará;12381;2020;1147;35 a 39 anos;92957;Mulher;12381
Indicador  3.3.4;1732;3.2;15;Pará;12381;2020;1148;40 a 44 anos;6794;Total;12381
Indicador  3.3.4;1732;3.0;15;Pará;12381;2020;1148;40 a 44 anos;92956;Homem;12381
Indicador  3.3.4;1732;3.3;15;Pará;12381;2020;1148;40 a 44 anos;92957;Mulher;12381
Indicador  3.3.4;1732;3.4;15;Pará;12381;2020;1149;45 a 49 anos;6794;Total;12381
Indicador  3.3.4;1732;2.8;15;Pará;12381;2020;1149;45 a 49 anos;92956;Homem;12381
Indicador  3.3.4;1732;4.0;15;Pará;12381;2020;1149;45 a 49 anos;92957;Mulher;12381
Indicador  3.3.4;1732;3.9;15;Pará;12381;2020;1150;50 a 54 anos;6794;Total;12381
Indicador  3.3.4;1732;5.8;15;Pará;12381;2020;1150;50 a 54 anos;92956;Homem;12381
Indicador  3.3.4;1732;1.9;15;Pará;12381;2020;1150;50 a 54 anos;92957;Mulher;12381
Indicador  3.3.4;1732;5.5;15;Pará;12381;2020;1151;55 a 59 anos;6794;Total;12381
Indicador  3.3.4;1732;5.5;15;Pará;12381;2020;1151;55 a 59 anos;92956;Homem;12381
Indicador  3.3.4;1732;5.4;15;Pará;12381;2020;1151;55 a 59 anos;92957;Mulher;12381
Indicador  3.3.4;1732;3.7;15;Pará;12381;2020;3302;60 anos ou mais;6794;Total;12381
Indicador  3.3.4;1732;3.7;15;Pará;12381;2020;3302;60 anos ou mais;92956;Homem;12381
Indicador  3.3.4;1732;3.6;15;Pará;12381;2020;3302;60 anos ou mais;92957;Mulher;12381
Indicador  3.3.4;1732;3.5;15;Pará;12381;2021;95253;Total;6794;Total;12381
Indicador  3.3.4;1732;3.6;15;Pará;12381;2021;95253;Total;92956;Homem;12381
Indicador  3.3.4;1732;3.4;15;Pará;12381;2021;95253;Total;92957;Mulher;12381
Indicador  3.3.4;1732;0.7;15;Pará;12381;2021;1140;0 a 4 anos;6794;Total;12381
Indicador  3.3.4;1732;0.8;15;Pará;12381;2021;1140;0 a 4 anos;92956;Homem;12381
Indicador  3.3.4;1732;0.6;15;Pará;12381;2021;1140;0 a 4 anos;92957;Mulher;12381
Indicador  3.3.4;1732;0.1;15;Pará;12381;2021;1141;5 a 9 anos;6794;Total;12381
Indicador  3.3.4;1732;0.3;15;Pará;12381;2021;1141;5 a 9 anos;92956;Homem;12381
Indicador  3.3.4;1732;0.0;15;Pará;12381;2021;1141;5 a 9 anos;92957;Mulher;12381
Indicador  3.3.4;1732;0.3;15;Pará;12381;2021;1142;10 a 14 anos;6794;Total;12381
Indicador  3.3.4;1732;0.3;15;Pará;12381;2021;1142;10 a 14 anos;92956;Homem;12381
Indicador  3.3.4;1732;0.3;15;Pará;12381;2021;1142;10 a 14 anos;92957;Mulher;12381
Indicador  3.3.4;1732;1.1;15;Pará;12381;2021;1143;15 a 19 anos;6794;Total;12381
Indicador  3.3.4;1732;0.7;15;Pará;12381;2021;1143;15 a 19 anos;92956;Homem;12381
Indicador  3.3.4;1732;1.5;15;Pará;12381;2021;1143;15 a 19 anos;92957;Mulher;12381
Indicador  3.3.4;1732;1.6;15;Pará;12381;2021;1144;20 a 24 anos;6794;Total;12381
Indicador  3.3.4;1732;0.5;15;Pará;12381;2021;1144;20 a 24 anos;92956;Homem;12381
Indicador  3.3.4;1732;2.7;15;Pará;12381;2021;1144;20 a 24 anos;92957;Mulher;12381
Indicador  3.3.4;1732;4.7;15;Pará;12381;2021;1145;25 a 29 anos;6794;Total;12381
Indicador  3.3.4;1732;4.4;15;Pará;12381;2021;1145;25 a 29 anos;92956;Homem;12381
Indicador  3.3.4;1732;4.9;15;Pará;12381;2021;1145;25 a 29 anos;92957;Mulher;12381
Indicador  3.3.4;1732;5.2;15;Pará;12381;2021;1146;30 a 34 anos;6794;Total;12381
Indicador  3.3.4;1732;3.8;15;Pará;12381;2021;1146;30 a 34 anos;92956;Homem;12381
Indicador  3.3.4;1732;6.5;15;Pará;12381;2021;1146;30 a 34 anos;92957;Mulher;12381
Indicador  3.3.4;1732;4.4;15;Pará;12381;2021;1147;35 a 39 anos;6794;Total;12381
Indicador  3.3.4;1732;4.6;15;Pará;12381;2021;1147;35 a 39 anos;92956;Homem;12381
Indicador  3.3.4;1732;4.2;15;Pará;12381;2021;1147;35 a 39 anos;92957;Mulher;12381
Indicador  3.3.4;1732;5.5;15;Pará;12381;2021;1148;40 a 44 anos;6794;Total;12381
Indicador  3.3.4;1732;5.2;15;Pará;12381;2021;1148;40 a 44 anos;92956;Homem;12381
Indicador  3.3.4;1732;5.8;15;Pará;12381;2021;1148;40 a 44 anos;92957;Mulher;12381
Indicador  3.3.4;1732;7.8;15;Pará;12381;2021;1149;45 a 49 anos;6794;Total;12381
Indicador  3.3.4;1732;7.4;15;Pará;12381;2021;1149;45 a 49 anos;92956;Homem;12381
Indicador  3.3.4;1732;8.1;15;Pará;12381;2021;1149;45 a 49 anos;92957;Mulher;12381
Indicador  3.3.4;1732;7.9;15;Pará;12381;2021;1150;50 a 54 anos;6794;Total;12381
Indicador  3.3.4;1732;11.7;15;Pará;12381;2021;1150;50 a 54 anos;92956;Homem;12381
Indicador  3.3.4;1732;4.2;15;Pará;12381;2021;1150;50 a 54 anos;92957;Mulher;12381
Indicador  3.3.4;1732;5.6;15;Pará;12381;2021;1151;55 a 59 anos;6794;Total;12381
Indicador  3.3.4;1732;7.0;15;Pará;12381;2021;1151;55 a 59 anos;92956;Homem;12381
Indicador  3.3.4;1732;4.1;15;Pará;12381;2021;1151;55 a 59 anos;92957;Mulher;12381
Indicador  3.3.4;1732;5.3;15;Pará;12381;2021;3302;60 anos ou mais;6794;Total;12381
Indicador  3.3.4;1732;7.1;15;Pará;12381;2021;3302;60 anos ou mais;92956;Homem;12381
Indicador  3.3.4;1732;3.7;15;Pará;12381;2021;3302;60 anos ou mais;92957;Mulher;12381
Indicador  3.3.4;1732;3.4;15;Pará;12381;2022;95253;Total;6794;Total;12381
Indicador  3.3.4;1732;3.3;15;Pará;12381;2022;95253;Total;92956;Homem;12381
Indicador  3.3.4;1732;3.4;15;Pará;12381;2022;95253;Total;92957;Mulher;12381
Indicador  3.3.4;1732;0.7;15;Pará;12381;2022;1140;0 a 4 anos;6794;Total;12381
Indicador  3.3.4;1732;1.1;15;Pará;12381;2022;1140;0 a 4 anos;92956;Homem;12381
Indicador  3.3.4;1732;0.3;15;Pará;12381;2022;1140;0 a 4 anos;92957;Mulher;12381
Indicador  3.3.4;1732;0.0;15;Pará;12381;2022;1141;5 a 9 anos;6794;Total;12381
Indicador  3.3.4;1732;0.0;15;Pará;12381;2022;1141;5 a 9 anos;92956;Homem;12381
Indicador  3.3.4;1732;0.0;15;Pará;12381;2022;1141;5 a 9 anos;92957;Mulher;12381
Indicador  3.3.4;1732;0.0;15;Pará;12381;2022;1142;10 a 14 anos;6794;Total;12381
Indicador  3.3.4;1732;0.0;15;Pará;12381;2022;1142;10 a 14 anos;92956;Homem;12381
Indicador  3.3.4;1732;0.0;15;Pará;12381;2022;1142;10 a 14 anos;92957;Mulher;12381
Indicador  3.3.4;1732;0.2;15;Pará;12381;2022;1143;15 a 19 anos;6794;Total;12381
Indicador  3.3.4;1732;0.0;15;Pará;12381;2022;1143;15 a 19 anos;92956;Homem;12381
Indicador  3.3.4;1732;0.5;15;Pará;12381;2022;1143;15 a 19 anos;92957;Mulher;12381
Indicador  3.3.4;1732;1.4;15;Pará;12381;2022;1144;20 a 24 anos;6794;Total;12381
Indicador  3.3.4;1732;0.5;15;Pará;12381;2022;1144;20 a 24 anos;92956;Homem;12381
Indicador  3.3.4;1732;2.2;15;Pará;12381;2022;1144;20 a 24 anos;92957;Mulher;12381
Indicador  3.3.4;1732;5.0;15;Pará;12381;2022;1145;25 a 29 anos;6794;Total;12381
Indicador  3.3.4;1732;2.3;15;Pará;12381;2022;1145;25 a 29 anos;92956;Homem;12381
Indicador  3.3.4;1732;7.7;15;Pará;12381;2022;1145;25 a 29 anos;92957;Mulher;12381
Indicador  3.3.4;1732;5.1;15;Pará;12381;2022;1146;30 a 34 anos;6794;Total;12381
Indicador  3.3.4;1732;3.8;15;Pará;12381;2022;1146;30 a 34 anos;92956;Homem;12381
Indicador  3.3.4;1732;6.5;15;Pará;12381;2022;1146;30 a 34 anos;92957;Mulher;12381
Indicador  3.3.4;1732;4.7;15;Pará;12381;2022;1147;35 a 39 anos;6794;Total;12381
Indicador  3.3.4;1732;4.9;15;Pará;12381;2022;1147;35 a 39 anos;92956;Homem;12381
Indicador  3.3.4;1732;4.5;15;Pará;12381;2022;1147;35 a 39 anos;92957;Mulher;12381
Indicador  3.3.4;1732;6.1;15;Pará;12381;2022;1148;40 a 44 anos;6794;Total;12381
Indicador  3.3.4;1732;6.7;15;Pará;12381;2022;1148;40 a 44 anos;92956;Homem;12381
Indicador  3.3.4;1732;5.6;15;Pará;12381;2022;1148;40 a 44 anos;92957;Mulher;12381
Indicador  3.3.4;1732;4.7;15;Pará;12381;2022;1149;45 a 49 anos;6794;Total;12381
Indicador  3.3.4;1732;6.0;15;Pará;12381;2022;1149;45 a 49 anos;92956;Homem;12381
Indicador  3.3.4;1732;3.4;15;Pará;12381;2022;1149;45 a 49 anos;92957;Mulher;12381
Indicador  3.3.4;1732;6.1;15;Pará;12381;2022;1150;50 a 54 anos;6794;Total;12381
Indicador  3.3.4;1732;5.9;15;Pará;12381;2022;1150;50 a 54 anos;92956;Homem;12381
Indicador  3.3.4;1732;6.3;15;Pará;12381;2022;1150;50 a 54 anos;92957;Mulher;12381
Indicador  3.3.4;1732;7.6;15;Pará;12381;2022;1151;55 a 59 anos;6794;Total;12381
Indicador  3.3.4;1732;8.5;15;Pará;12381;2022;1151;55 a 59 anos;92956;Homem;12381
Indicador  3.3.4;1732;6.7;15;Pará;12381;2022;1151;55 a 59 anos;92957;Mulher;12381
Indicador  3.3.4;1732;6.1;15;Pará;12381;2022;3302;60 anos ou mais;6794;Total;12381
Indicador  3.3.4;1732;8.9;15;Pará;12381;2022;3302;60 anos ou mais;92956;Homem;12381
Indicador  3.3.4;1732;3.6;15;Pará;12381;2022;3302;60 anos ou mais;92957;Mulher;12381
Indicador  3.3.4;1732;4.7;16;Amapá;12381;2018;95253;Total;6794;Total;12381
Indicador  3.3.4;1732;5.1;16;Amapá;12381;2018;95253;Total;92956;Homem;12381
Indicador  3.3.4;1732;4.3;16;Amapá;12381;2018;95253;Total;92957;Mulher;12381
Indicador  3.3.4;1732;1.2;16;Amapá;12381;2018;1140;0 a 4 anos;6794;Total;12381
Indicador  3.3.4;1732;0.0;16;Amapá;12381;2018;1140;0 a 4 anos;92956;Homem;12381
Indicador  3.3.4;1732;2.5;16;Amapá;12381;2018;1140;0 a 4 anos;92957;Mulher;12381
Indicador  3.3.4;1732;0.0;16;Amapá;12381;2018;1141;5 a 9 anos;6794;Total;12381
Indicador  3.3.4;1732;0.0;16;Amapá;12381;2018;1141;5 a 9 anos;92956;Homem;12381
Indicador  3.3.4;1732;0.0;16;Amapá;12381;2018;1141;5 a 9 anos;92957;Mulher;12381
Indicador  3.3.4;1732;0.0;16;Amapá;12381;2018;1142;10 a 14 anos;6794;Total;12381
Indicador  3.3.4;1732;0.0;16;Amapá;12381;2018;1142;10 a 14 anos;92956;Homem;12381
Indicador  3.3.4;1732;0.0;16;Amapá;12381;2018;1142;10 a 14 anos;92957;Mulher;12381
Indicador  3.3.4;1732;0.0;16;Amapá;12381;2018;1143;15 a 19 anos;6794;Total;12381
Indicador  3.3.4;1732;0.0;16;Amapá;12381;2018;1143;15 a 19 anos;92956;Homem;12381
Indicador  3.3.4;1732;0.0;16;Amapá;12381;2018;1143;15 a 19 anos;92957;Mulher;12381
Indicador  3.3.4;1732;3.7;16;Amapá;12381;2018;1144;20 a 24 anos;6794;Total;12381
Indicador  3.3.4;1732;2.5;16;Amapá;12381;2018;1144;20 a 24 anos;92956;Homem;12381
Indicador  3.3.4;1732;4.9;16;Amapá;12381;2018;1144;20 a 24 anos;92957;Mulher;12381
Indicador  3.3.4;1732;7.8;16;Amapá;12381;2018;1145;25 a 29 anos;6794;Total;12381
Indicador  3.3.4;1732;5.2;16;Amapá;12381;2018;1145;25 a 29 anos;92956;Homem;12381
Indicador  3.3.4;1732;10.4;16;Amapá;12381;2018;1145;25 a 29 anos;92957;Mulher;12381
Indicador  3.3.4;1732;8.4;16;Amapá;12381;2018;1146;30 a 34 anos;6794;Total;12381
Indicador  3.3.4;1732;8.5;16;Amapá;12381;2018;1146;30 a 34 anos;92956;Homem;12381
Indicador  3.3.4;1732;8.3;16;Amapá;12381;2018;1146;30 a 34 anos;92957;Mulher;12381
Indicador  3.3.4;1732;1.6;16;Amapá;12381;2018;1147;35 a 39 anos;6794;Total;12381
Indicador  3.3.4;1732;3.2;16;Amapá;12381;2018;1147;35 a 39 anos;92956;Homem;12381
Indicador  3.3.4;1732;0.0;16;Amapá;12381;2018;1147;35 a 39 anos;92957;Mulher;12381
Indicador  3.3.4;1732;11.3;16;Amapá;12381;2018;1148;40 a 44 anos;6794;Total;12381
Indicador  3.3.4;1732;7.7;16;Amapá;12381;2018;1148;40 a 44 anos;92956;Homem;12381
Indicador  3.3.4;1732;14.7;16;Amapá;12381;2018;1148;40 a 44 anos;92957;Mulher;12381
Indicador  3.3.4;1732;13.8;16;Amapá;12381;2018;1149;45 a 49 anos;6794;Total;12381
Indicador  3.3.4;1732;23.0;16;Amapá;12381;2018;1149;45 a 49 anos;92956;Homem;12381
Indicador  3.3.4;1732;4.6;16;Amapá;12381;2018;1149;45 a 49 anos;92957;Mulher;12381
Indicador  3.3.4;1732;5.9;16;Amapá;12381;2018;1150;50 a 54 anos;6794;Total;12381
Indicador  3.3.4;1732;5.8;16;Amapá;12381;2018;1150;50 a 54 anos;92956;Homem;12381
Indicador  3.3.4;1732;6.0;16;Amapá;12381;2018;1150;50 a 54 anos;92957;Mulher;12381
Indicador  3.3.4;1732;11.6;16;Amapá;12381;2018;1151;55 a 59 anos;6794;Total;12381
Indicador  3.3.4;1732;15.1;16;Amapá;12381;2018;1151;55 a 59 anos;92956;Homem;12381
Indicador  3.3.4;1732;7.9;16;Amapá;12381;2018;1151;55 a 59 anos;92957;Mulher;12381
Indicador  3.3.4;1732;9.3;16;Amapá;12381;2018;3302;60 anos ou mais;6794;Total;12381
Indicador  3.3.4;1732;15.3;16;Amapá;12381;2018;3302;60 anos ou mais;92956;Homem;12381
Indicador  3.3.4;1732;3.6;16;Amapá;12381;2018;3302;60 anos ou mais;92957;Mulher;12381
Indicador  3.3.4;1732;1.2;16;Amapá;12381;2019;95253;Total;6794;Total;12381
Indicador  3.3.4;1732;0.5;16;Amapá;12381;2019;95253;Total;92956;Homem;12381
Indicador  3.3.4;1732;1.9;16;Amapá;12381;2019;95253;Total;92957;Mulher;12381
Indicador  3.3.4;1732;0.0;16;Amapá;12381;2019;1140;0 a 4 anos;6794;Total;12381
Indicador  3.3.4;1732;0.0;16;Amapá;12381;2019;1140;0 a 4 anos;92956;Homem;12381
Indicador  3.3.4;1732;0.0;16;Amapá;12381;2019;1140;0 a 4 anos;92957;Mulher;12381
Indicador  3.3.4;1732;0.0;16;Amapá;12381;2019;1141;5 a 9 anos;6794;Total;12381
Indicador  3.3.4;1732;0.0;16;Amapá;12381;2019;1141;5 a 9 anos;92956;Homem;12381
Indicador  3.3.4;1732;0.0;16;Amapá;12381;2019;1141;5 a 9 anos;92957;Mulher;12381
Indicador  3.3.4;1732;0.0;16;Amapá;12381;2019;1142;10 a 14 anos;6794;Total;12381
Indicador  3.3.4;1732;0.0;16;Amapá;12381;2019;1142;10 a 14 anos;92956;Homem;12381
Indicador  3.3.4;1732;0.0;16;Amapá;12381;2019;1142;10 a 14 anos;92957;Mulher;12381
Indicador  3.3.4;1732;0.0;16;Amapá;12381;2019;1143;15 a 19 anos;6794;Total;12381
Indicador  3.3.4;1732;0.0;16;Amapá;12381;2019;1143;15 a 19 anos;92956;Homem;12381
Indicador  3.3.4;1732;0.0;16;Amapá;12381;2019;1143;15 a 19 anos;92957;Mulher;12381
Indicador  3.3.4;1732;1.2;16;Amapá;12381;2019;1144;20 a 24 anos;6794;Total;12381
Indicador  3.3.4;1732;0.0;16;Amapá;12381;2019;1144;20 a 24 anos;92956;Homem;12381
Indicador  3.3.4;1732;2.4;16;Amapá;12381;2019;1144;20 a 24 anos;92957;Mulher;12381
Indicador  3.3.4;1732;3.8;16;Amapá;12381;2019;1145;25 a 29 anos;6794;Total;12381
Indicador  3.3.4;1732;0.0;16;Amapá;12381;2019;1145;25 a 29 anos;92956;Homem;12381
Indicador  3.3.4;1732;7.6;16;Amapá;12381;2019;1145;25 a 29 anos;92957;Mulher;12381
Indicador  3.3.4;1732;2.8;16;Amapá;12381;2019;1146;30 a 34 anos;6794;Total;12381
Indicador  3.3.4;1732;0.0;16;Amapá;12381;2019;1146;30 a 34 anos;92956;Homem;12381
Indicador  3.3.4;1732;5.4;16;Amapá;12381;2019;1146;30 a 34 anos;92957;Mulher;12381
Indicador  3.3.4;1732;3.0;16;Amapá;12381;2019;1147;35 a 39 anos;6794;Total;12381
Indicador  3.3.4;1732;3.1;16;Amapá;12381;2019;1147;35 a 39 anos;92956;Homem;12381
Indicador  3.3.4;1732;3.0;16;Amapá;12381;2019;1147;35 a 39 anos;92957;Mulher;12381
Indicador  3.3.4;1732;0.0;16;Amapá;12381;2019;1148;40 a 44 anos;6794;Total;12381
Indicador  3.3.4;1732;0.0;16;Amapá;12381;2019;1148;40 a 44 anos;92956;Homem;12381
Indicador  3.3.4;1732;0.0;16;Amapá;12381;2019;1148;40 a 44 anos;92957;Mulher;12381
Indicador  3.3.4;1732;0.0;16;Amapá;12381;2019;1149;45 a 49 anos;6794;Total;12381
Indicador  3.3.4;1732;0.0;16;Amapá;12381;2019;1149;45 a 49 anos;92956;Homem;12381
Indicador  3.3.4;1732;0.0;16;Amapá;12381;2019;1149;45 a 49 anos;92957;Mulher;12381
Indicador  3.3.4;1732;2.8;16;Amapá;12381;2019;1150;50 a 54 anos;6794;Total;12381
Indicador  3.3.4;1732;0.0;16;Amapá;12381;2019;1150;50 a 54 anos;92956;Homem;12381
Indicador  3.3.4;1732;5.7;16;Amapá;12381;2019;1150;50 a 54 anos;92957;Mulher;12381
Indicador  3.3.4;1732;0.0;16;Amapá;12381;2019;1151;55 a 59 anos;6794;Total;12381
Indicador  3.3.4;1732;0.0;16;Amapá;12381;2019;1151;55 a 59 anos;92956;Homem;12381
Indicador  3.3.4;1732;0.0;16;Amapá;12381;2019;1151;55 a 59 anos;92957;Mulher;12381
Indicador  3.3.4;1732;1.8;16;Amapá;12381;2019;3302;60 anos ou mais;6794;Total;12381
Indicador  3.3.4;1732;3.6;16;Amapá;12381;2019;3302;60 anos ou mais;92956;Homem;12381
Indicador  3.3.4;1732;0.0;16;Amapá;12381;2019;3302;60 anos ou mais;92957;Mulher;12381
Indicador  3.3.4;1732;0.8;16;Amapá;12381;2020;95253;Total;6794;Total;12381
Indicador  3.3.4;1732;0.9;16;Amapá;12381;2020;95253;Total;92956;Homem;12381
Indicador  3.3.4;1732;0.7;16;Amapá;12381;2020;95253;Total;92957;Mulher;12381
Indicador  3.3.4;1732;0.0;16;Amapá;12381;2020;1140;0 a 4 anos;6794;Total;12381
Indicador  3.3.4;1732;0.0;16;Amapá;12381;2020;1140;0 a 4 anos;92956;Homem;12381
Indicador  3.3.4;1732;0.0;16;Amapá;12381;2020;1140;0 a 4 anos;92957;Mulher;12381
Indicador  3.3.4;1732;0.0;16;Amapá;12381;2020;1141;5 a 9 anos;6794;Total;12381
Indicador  3.3.4;1732;0.0;16;Amapá;12381;2020;1141;5 a 9 anos;92956;Homem;12381
Indicador  3.3.4;1732;0.0;16;Amapá;12381;2020;1141;5 a 9 anos;92957;Mulher;12381
Indicador  3.3.4;1732;0.0;16;Amapá;12381;2020;1142;10 a 14 anos;6794;Total;12381
Indicador  3.3.4;1732;0.0;16;Amapá;12381;2020;1142;10 a 14 anos;92956;Homem;12381
Indicador  3.3.4;1732;0.0;16;Amapá;12381;2020;1142;10 a 14 anos;92957;Mulher;12381
Indicador  3.3.4;1732;0.0;16;Amapá;12381;2020;1143;15 a 19 anos;6794;Total;12381
Indicador  3.3.4;1732;0.0;16;Amapá;12381;2020;1143;15 a 19 anos;92956;Homem;12381
Indicador  3.3.4;1732;0.0;16;Amapá;12381;2020;1143;15 a 19 anos;92957;Mulher;12381
Indicador  3.3.4;1732;1.2;16;Amapá;12381;2020;1144;20 a 24 anos;6794;Total;12381
Indicador  3.3.4;1732;0.0;16;Amapá;12381;2020;1144;20 a 24 anos;92956;Homem;12381
Indicador  3.3.4;1732;2.4;16;Amapá;12381;2020;1144;20 a 24 anos;92957;Mulher;12381
Indicador  3.3.4;1732;0.0;16;Amapá;12381;2020;1145;25 a 29 anos;6794;Total;12381
Indicador  3.3.4;1732;0.0;16;Amapá;12381;2020;1145;25 a 29 anos;92956;Homem;12381
Indicador  3.3.4;1732;0.0;16;Amapá;12381;2020;1145;25 a 29 anos;92957;Mulher;12381
Indicador  3.3.4;1732;0.0;16;Amapá;12381;2020;1146;30 a 34 anos;6794;Total;12381
Indicador  3.3.4;1732;0.0;16;Amapá;12381;2020;1146;30 a 34 anos;92956;Homem;12381
Indicador  3.3.4;1732;0.0;16;Amapá;12381;2020;1146;30 a 34 anos;92957;Mulher;12381
Indicador  3.3.4;1732;3.0;16;Amapá;12381;2020;1147;35 a 39 anos;6794;Total;12381
Indicador  3.3.4;1732;3.0;16;Amapá;12381;2020;1147;35 a 39 anos;92956;Homem;12381
Indicador  3.3.4;1732;2.9;16;Amapá;12381;2020;1147;35 a 39 anos;92957;Mulher;12381
Indicador  3.3.4;1732;0.0;16;Amapá;12381;2020;1148;40 a 44 anos;6794;Total;12381
Indicador  3.3.4;1732;0.0;16;Amapá;12381;2020;1148;40 a 44 anos;92956;Homem;12381
Indicador  3.3.4;1732;0.0;16;Amapá;12381;2020;1148;40 a 44 anos;92957;Mulher;12381
Indicador  3.3.4;1732;0.0;16;Amapá;12381;2020;1149;45 a 49 anos;6794;Total;12381
Indicador  3.3.4;1732;0.0;16;Amapá;12381;2020;1149;45 a 49 anos;92956;Homem;12381
Indicador  3.3.4;1732;0.0;16;Amapá;12381;2020;1149;45 a 49 anos;92957;Mulher;12381
Indicador  3.3.4;1732;5.4;16;Amapá;12381;2020;1150;50 a 54 anos;6794;Total;12381
Indicador  3.3.4;1732;10.6;16;Amapá;12381;2020;1150;50 a 54 anos;92956;Homem;12381
Indicador  3.3.4;1732;0.0;16;Amapá;12381;2020;1150;50 a 54 anos;92957;Mulher;12381
Indicador  3.3.4;1732;3.5;16;Amapá;12381;2020;1151;55 a 59 anos;6794;Total;12381
Indicador  3.3.4;1732;0.0;16;Amapá;12381;2020;1151;55 a 59 anos;92956;Homem;12381
Indicador  3.3.4;1732;7.2;16;Amapá;12381;2020;1151;55 a 59 anos;92957;Mulher;12381
Indicador  3.3.4;1732;1.7;16;Amapá;12381;2020;3302;60 anos ou mais;6794;Total;12381
Indicador  3.3.4;1732;3.4;16;Amapá;12381;2020;3302;60 anos ou mais;92956;Homem;12381
Indicador  3.3.4;1732;0.0;16;Amapá;12381;2020;3302;60 anos ou mais;92957;Mulher;12381
Indicador  3.3.4;1732;0.8;16;Amapá;12381;2021;95253;Total;6794;Total;12381
Indicador  3.3.4;1732;0.9;16;Amapá;12381;2021;95253;Total;92956;Homem;12381
Indicador  3.3.4;1732;0.7;16;Amapá;12381;2021;95253;Total;92957;Mulher;12381
Indicador  3.3.4;1732;0.0;16;Amapá;12381;2021;1140;0 a 4 anos;6794;Total;12381
Indicador  3.3.4;1732;0.0;16;Amapá;12381;2021;1140;0 a 4 anos;92956;Homem;12381
Indicador  3.3.4;1732;0.0;16;Amapá;12381;2021;1140;0 a 4 anos;92957;Mulher;12381
Indicador  3.3.4;1732;0.0;16;Amapá;12381;2021;1141;5 a 9 anos;6794;Total;12381
Indicador  3.3.4;1732;0.0;16;Amapá;12381;2021;1141;5 a 9 anos;92956;Homem;12381
Indicador  3.3.4;1732;0.0;16;Amapá;12381;2021;1141;5 a 9 anos;92957;Mulher;12381
Indicador  3.3.4;1732;0.0;16;Amapá;12381;2021;1142;10 a 14 anos;6794;Total;12381
Indicador  3.3.4;1732;0.0;16;Amapá;12381;2021;1142;10 a 14 anos;92956;Homem;12381
Indicador  3.3.4;1732;0.0;16;Amapá;12381;2021;1142;10 a 14 anos;92957;Mulher;12381
Indicador  3.3.4;1732;0.0;16;Amapá;12381;2021;1143;15 a 19 anos;6794;Total;12381
Indicador  3.3.4;1732;0.0;16;Amapá;12381;2021;1143;15 a 19 anos;92956;Homem;12381
Indicador  3.3.4;1732;0.0;16;Amapá;12381;2021;1143;15 a 19 anos;92957;Mulher;12381
Indicador  3.3.4;1732;0.0;16;Amapá;12381;2021;1144;20 a 24 anos;6794;Total;12381
Indicador  3.3.4;1732;0.0;16;Amapá;12381;2021;1144;20 a 24 anos;92956;Homem;12381
Indicador  3.3.4;1732;0.0;16;Amapá;12381;2021;1144;20 a 24 anos;92957;Mulher;12381
Indicador  3.3.4;1732;0.0;16;Amapá;12381;2021;1145;25 a 29 anos;6794;Total;12381
Indicador  3.3.4;1732;0.0;16;Amapá;12381;2021;1145;25 a 29 anos;92956;Homem;12381
Indicador  3.3.4;1732;0.0;16;Amapá;12381;2021;1145;25 a 29 anos;92957;Mulher;12381
Indicador  3.3.4;1732;1.3;16;Amapá;12381;2021;1146;30 a 34 anos;6794;Total;12381
Indicador  3.3.4;1732;2.7;16;Amapá;12381;2021;1146;30 a 34 anos;92956;Homem;12381
Indicador  3.3.4;1732;0.0;16;Amapá;12381;2021;1146;30 a 34 anos;92957;Mulher;12381
Indicador  3.3.4;1732;1.4;16;Amapá;12381;2021;1147;35 a 39 anos;6794;Total;12381
Indicador  3.3.4;1732;0.0;16;Amapá;12381;2021;1147;35 a 39 anos;92956;Homem;12381
Indicador  3.3.4;1732;2.8;16;Amapá;12381;2021;1147;35 a 39 anos;92957;Mulher;12381
Indicador  3.3.4;1732;3.4;16;Amapá;12381;2021;1148;40 a 44 anos;6794;Total;12381
Indicador  3.3.4;1732;6.9;16;Amapá;12381;2021;1148;40 a 44 anos;92956;Homem;12381
Indicador  3.3.4;1732;0.0;16;Amapá;12381;2021;1148;40 a 44 anos;92957;Mulher;12381
Indicador  3.3.4;1732;4.1;16;Amapá;12381;2021;1149;45 a 49 anos;6794;Total;12381
Indicador  3.3.4;1732;4.1;16;Amapá;12381;2021;1149;45 a 49 anos;92956;Homem;12381
Indicador  3.3.4;1732;4.0;16;Amapá;12381;2021;1149;45 a 49 anos;92957;Mulher;12381
Indicador  3.3.4;1732;0.0;16;Amapá;12381;2021;1150;50 a 54 anos;6794;Total;12381
Indicador  3.3.4;1732;0.0;16;Amapá;12381;2021;1150;50 a 54 anos;92956;Homem;12381
Indicador  3.3.4;1732;0.0;16;Amapá;12381;2021;1150;50 a 54 anos;92957;Mulher;12381
Indicador  3.3.4;1732;0.0;16;Amapá;12381;2021;1151;55 a 59 anos;6794;Total;12381
Indicador  3.3.4;1732;0.0;16;Amapá;12381;2021;1151;55 a 59 anos;92956;Homem;12381
Indicador  3.3.4;1732;0.0;16;Amapá;12381;2021;1151;55 a 59 anos;92957;Mulher;12381
Indicador  3.3.4;1732;1.6;16;Amapá;12381;2021;3302;60 anos ou mais;6794;Total;12381
Indicador  3.3.4;1732;0.0;16;Amapá;12381;2021;3302;60 anos ou mais;92956;Homem;12381
Indicador  3.3.4;1732;3.1;16;Amapá;12381;2021;3302;60 anos ou mais;92957;Mulher;12381
Indicador  3.3.4;1732;1.5;16;Amapá;12381;2022;95253;Total;6794;Total;12381
Indicador  3.3.4;1732;1.8;16;Amapá;12381;2022;95253;Total;92956;Homem;12381
Indicador  3.3.4;1732;1.1;16;Amapá;12381;2022;95253;Total;92957;Mulher;12381
Indicador  3.3.4;1732;0.0;16;Amapá;12381;2022;1140;0 a 4 anos;6794;Total;12381
Indicador  3.3.4;1732;0.0;16;Amapá;12381;2022;1140;0 a 4 anos;92956;Homem;12381
Indicador  3.3.4;1732;0.0;16;Amapá;12381;2022;1140;0 a 4 anos;92957;Mulher;12381
Indicador  3.3.4;1732;0.0;16;Amapá;12381;2022;1141;5 a 9 anos;6794;Total;12381
Indicador  3.3.4;1732;0.0;16;Amapá;12381;2022;1141;5 a 9 anos;92956;Homem;12381
Indicador  3.3.4;1732;0.0;16;Amapá;12381;2022;1141;5 a 9 anos;92957;Mulher;12381
Indicador  3.3.4;1732;0.0;16;Amapá;12381;2022;1142;10 a 14 anos;6794;Total;12381
Indicador  3.3.4;1732;0.0;16;Amapá;12381;2022;1142;10 a 14 anos;92956;Homem;12381
Indicador  3.3.4;1732;0.0;16;Amapá;12381;2022;1142;10 a 14 anos;92957;Mulher;12381
Indicador  3.3.4;1732;0.0;16;Amapá;12381;2022;1143;15 a 19 anos;6794;Total;12381
Indicador  3.3.4;1732;0.0;16;Amapá;12381;2022;1143;15 a 19 anos;92956;Homem;12381
Indicador  3.3.4;1732;0.0;16;Amapá;12381;2022;1143;15 a 19 anos;92957;Mulher;12381
Indicador  3.3.4;1732;0.0;16;Amapá;12381;2022;1144;20 a 24 anos;6794;Total;12381
Indicador  3.3.4;1732;0.0;16;Amapá;12381;2022;1144;20 a 24 anos;92956;Homem;12381
Indicador  3.3.4;1732;0.0;16;Amapá;12381;2022;1144;20 a 24 anos;92957;Mulher;12381
Indicador  3.3.4;1732;3.6;16;Amapá;12381;2022;1145;25 a 29 anos;6794;Total;12381
Indicador  3.3.4;1732;4.9;16;Amapá;12381;2022;1145;25 a 29 anos;92956;Homem;12381
Indicador  3.3.4;1732;2.4;16;Amapá;12381;2022;1145;25 a 29 anos;92957;Mulher;12381
Indicador  3.3.4;1732;1.3;16;Amapá;12381;2022;1146;30 a 34 anos;6794;Total;12381
Indicador  3.3.4;1732;0.0;16;Amapá;12381;2022;1146;30 a 34 anos;92956;Homem;12381
Indicador  3.3.4;1732;2.6;16;Amapá;12381;2022;1146;30 a 34 anos;92957;Mulher;12381
Indicador  3.3.4;1732;1.4;16;Amapá;12381;2022;1147;35 a 39 anos;6794;Total;12381
Indicador  3.3.4;1732;0.0;16;Amapá;12381;2022;1147;35 a 39 anos;92956;Homem;12381
Indicador  3.3.4;1732;2.8;16;Amapá;12381;2022;1147;35 a 39 anos;92957;Mulher;12381
Indicador  3.3.4;1732;1.6;16;Amapá;12381;2022;1148;40 a 44 anos;6794;Total;12381
Indicador  3.3.4;1732;3.3;16;Amapá;12381;2022;1148;40 a 44 anos;92956;Homem;12381
Indicador  3.3.4;1732;0.0;16;Amapá;12381;2022;1148;40 a 44 anos;92957;Mulher;12381
Indicador  3.3.4;1732;7.8;16;Amapá;12381;2022;1149;45 a 49 anos;6794;Total;12381
Indicador  3.3.4;1732;7.9;16;Amapá;12381;2022;1149;45 a 49 anos;92956;Homem;12381
Indicador  3.3.4;1732;7.7;16;Amapá;12381;2022;1149;45 a 49 anos;92957;Mulher;12381
Indicador  3.3.4;1732;4.9;16;Amapá;12381;2022;1150;50 a 54 anos;6794;Total;12381
Indicador  3.3.4;1732;9.7;16;Amapá;12381;2022;1150;50 a 54 anos;92956;Homem;12381
Indicador  3.3.4;1732;0.0;16;Amapá;12381;2022;1150;50 a 54 anos;92957;Mulher;12381
Indicador  3.3.4;1732;0.0;16;Amapá;12381;2022;1151;55 a 59 anos;6794;Total;12381
Indicador  3.3.4;1732;0.0;16;Amapá;12381;2022;1151;55 a 59 anos;92956;Homem;12381
Indicador  3.3.4;1732;0.0;16;Amapá;12381;2022;1151;55 a 59 anos;92957;Mulher;12381
Indicador  3.3.4;1732;1.5;16;Amapá;12381;2022;3302;60 anos ou mais;6794;Total;12381
Indicador  3.3.4;1732;3.1;16;Amapá;12381;2022;3302;60 anos ou mais;92956;Homem;12381
Indicador  3.3.4;1732;0.0;16;Amapá;12381;2022;3302;60 anos ou mais;92957;Mulher;12381
Indicador  3.3.4;1732;8.9;17;Tocantins;12381;2018;95253;Total;6794;Total;12381
Indicador  3.3.4;1732;10.2;17;Tocantins;12381;2018;95253;Total;92956;Homem;12381
Indicador  3.3.4;1732;7.5;17;Tocantins;12381;2018;95253;Total;92957;Mulher;12381
Indicador  3.3.4;1732;1.6;17;Tocantins;12381;2018;1140;0 a 4 anos;6794;Total;12381
Indicador  3.3.4;1732;3.1;17;Tocantins;12381;2018;1140;0 a 4 anos;92956;Homem;12381
Indicador  3.3.4;1732;0.0;17;Tocantins;12381;2018;1140;0 a 4 anos;92957;Mulher;12381
Indicador  3.3.4;1732;0.0;17;Tocantins;12381;2018;1141;5 a 9 anos;6794;Total;12381
Indicador  3.3.4;1732;0.0;17;Tocantins;12381;2018;1141;5 a 9 anos;92956;Homem;12381
Indicador  3.3.4;1732;0.0;17;Tocantins;12381;2018;1141;5 a 9 anos;92957;Mulher;12381
Indicador  3.3.4;1732;0.0;17;Tocantins;12381;2018;1142;10 a 14 anos;6794;Total;12381
Indicador  3.3.4;1732;0.0;17;Tocantins;12381;2018;1142;10 a 14 anos;92956;Homem;12381
Indicador  3.3.4;1732;0.0;17;Tocantins;12381;2018;1142;10 a 14 anos;92957;Mulher;12381
Indicador  3.3.4;1732;3.6;17;Tocantins;12381;2018;1143;15 a 19 anos;6794;Total;12381
Indicador  3.3.4;1732;1.4;17;Tocantins;12381;2018;1143;15 a 19 anos;92956;Homem;12381
Indicador  3.3.4;1732;5.8;17;Tocantins;12381;2018;1143;15 a 19 anos;92957;Mulher;12381
Indicador  3.3.4;1732;10.5;17;Tocantins;12381;2018;1144;20 a 24 anos;6794;Total;12381
Indicador  3.3.4;1732;11.0;17;Tocantins;12381;2018;1144;20 a 24 anos;92956;Homem;12381
Indicador  3.3.4;1732;9.9;17;Tocantins;12381;2018;1144;20 a 24 anos;92957;Mulher;12381
Indicador  3.3.4;1732;9.6;17;Tocantins;12381;2018;1145;25 a 29 anos;6794;Total;12381
Indicador  3.3.4;1732;8.9;17;Tocantins;12381;2018;1145;25 a 29 anos;92956;Homem;12381
Indicador  3.3.4;1732;10.4;17;Tocantins;12381;2018;1145;25 a 29 anos;92957;Mulher;12381
Indicador  3.3.4;1732;8.5;17;Tocantins;12381;2018;1146;30 a 34 anos;6794;Total;12381
Indicador  3.3.4;1732;12.4;17;Tocantins;12381;2018;1146;30 a 34 anos;92956;Homem;12381
Indicador  3.3.4;1732;4.6;17;Tocantins;12381;2018;1146;30 a 34 anos;92957;Mulher;12381
Indicador  3.3.4;1732;12.2;17;Tocantins;12381;2018;1147;35 a 39 anos;6794;Total;12381
Indicador  3.3.4;1732;14.8;17;Tocantins;12381;2018;1147;35 a 39 anos;92956;Homem;12381
Indicador  3.3.4;1732;9.6;17;Tocantins;12381;2018;1147;35 a 39 anos;92957;Mulher;12381
Indicador  3.3.4;1732;13.9;17;Tocantins;12381;2018;1148;40 a 44 anos;6794;Total;12381
Indicador  3.3.4;1732;13.1;17;Tocantins;12381;2018;1148;40 a 44 anos;92956;Homem;12381
Indicador  3.3.4;1732;14.8;17;Tocantins;12381;2018;1148;40 a 44 anos;92957;Mulher;12381
Indicador  3.3.4;1732;17.8;17;Tocantins;12381;2018;1149;45 a 49 anos;6794;Total;12381
Indicador  3.3.4;1732;24.2;17;Tocantins;12381;2018;1149;45 a 49 anos;92956;Homem;12381
Indicador  3.3.4;1732;11.3;17;Tocantins;12381;2018;1149;45 a 49 anos;92957;Mulher;12381
Indicador  3.3.4;1732;30.8;17;Tocantins;12381;2018;1150;50 a 54 anos;6794;Total;12381
Indicador  3.3.4;1732;33.2;17;Tocantins;12381;2018;1150;50 a 54 anos;92956;Homem;12381
Indicador  3.3.4;1732;28.3;17;Tocantins;12381;2018;1150;50 a 54 anos;92957;Mulher;12381
Indicador  3.3.4;1732;20.6;17;Tocantins;12381;2018;1151;55 a 59 anos;6794;Total;12381
Indicador  3.3.4;1732;31.4;17;Tocantins;12381;2018;1151;55 a 59 anos;92956;Homem;12381
Indicador  3.3.4;1732;9.6;17;Tocantins;12381;2018;1151;55 a 59 anos;92957;Mulher;12381
Indicador  3.3.4;1732;5.7;17;Tocantins;12381;2018;3302;60 anos ou mais;6794;Total;12381
Indicador  3.3.4;1732;6.3;17;Tocantins;12381;2018;3302;60 anos ou mais;92956;Homem;12381
Indicador  3.3.4;1732;5.1;17;Tocantins;12381;2018;3302;60 anos ou mais;92957;Mulher;12381
Indicador  3.3.4;1732;6.4;17;Tocantins;12381;2019;95253;Total;6794;Total;12381
Indicador  3.3.4;1732;6.4;17;Tocantins;12381;2019;95253;Total;92956;Homem;12381
Indicador  3.3.4;1732;6.3;17;Tocantins;12381;2019;95253;Total;92957;Mulher;12381
Indicador  3.3.4;1732;3.2;17;Tocantins;12381;2019;1140;0 a 4 anos;6794;Total;12381
Indicador  3.3.4;1732;3.1;17;Tocantins;12381;2019;1140;0 a 4 anos;92956;Homem;12381
Indicador  3.3.4;1732;3.3;17;Tocantins;12381;2019;1140;0 a 4 anos;92957;Mulher;12381
Indicador  3.3.4;1732;0.0;17;Tocantins;12381;2019;1141;5 a 9 anos;6794;Total;12381
Indicador  3.3.4;1732;0.0;17;Tocantins;12381;2019;1141;5 a 9 anos;92956;Homem;12381
Indicador  3.3.4;1732;0.0;17;Tocantins;12381;2019;1141;5 a 9 anos;92957;Mulher;12381
Indicador  3.3.4;1732;0.7;17;Tocantins;12381;2019;1142;10 a 14 anos;6794;Total;12381
Indicador  3.3.4;1732;1.5;17;Tocantins;12381;2019;1142;10 a 14 anos;92956;Homem;12381
Indicador  3.3.4;1732;0.0;17;Tocantins;12381;2019;1142;10 a 14 anos;92957;Mulher;12381
Indicador  3.3.4;1732;0.7;17;Tocantins;12381;2019;1143;15 a 19 anos;6794;Total;12381
Indicador  3.3.4;1732;1.4;17;Tocantins;12381;2019;1143;15 a 19 anos;92956;Homem;12381
Indicador  3.3.4;1732;0.0;17;Tocantins;12381;2019;1143;15 a 19 anos;92957;Mulher;12381
Indicador  3.3.4;1732;5.6;17;Tocantins;12381;2019;1144;20 a 24 anos;6794;Total;12381
Indicador  3.3.4;1732;2.7;17;Tocantins;12381;2019;1144;20 a 24 anos;92956;Homem;12381
Indicador  3.3.4;1732;8.5;17;Tocantins;12381;2019;1144;20 a 24 anos;92957;Mulher;12381
Indicador  3.3.4;1732;8.1;17;Tocantins;12381;2019;1145;25 a 29 anos;6794;Total;12381
Indicador  3.3.4;1732;4.4;17;Tocantins;12381;2019;1145;25 a 29 anos;92956;Homem;12381
Indicador  3.3.4;1732;11.8;17;Tocantins;12381;2019;1145;25 a 29 anos;92957;Mulher;12381
Indicador  3.3.4;1732;10.7;17;Tocantins;12381;2019;1146;30 a 34 anos;6794;Total;12381
Indicador  3.3.4;1732;9.3;17;Tocantins;12381;2019;1146;30 a 34 anos;92956;Homem;12381
Indicador  3.3.4;1732;12.2;17;Tocantins;12381;2019;1146;30 a 34 anos;92957;Mulher;12381
Indicador  3.3.4;1732;12.8;17;Tocantins;12381;2019;1147;35 a 39 anos;6794;Total;12381
Indicador  3.3.4;1732;17.9;17;Tocantins;12381;2019;1147;35 a 39 anos;92956;Homem;12381
Indicador  3.3.4;1732;7.9;17;Tocantins;12381;2019;1147;35 a 39 anos;92957;Mulher;12381
Indicador  3.3.4;1732;10.8;17;Tocantins;12381;2019;1148;40 a 44 anos;6794;Total;12381
Indicador  3.3.4;1732;14.5;17;Tocantins;12381;2019;1148;40 a 44 anos;92956;Homem;12381
Indicador  3.3.4;1732;7.1;17;Tocantins;12381;2019;1148;40 a 44 anos;92957;Mulher;12381
Indicador  3.3.4;1732;8.7;17;Tocantins;12381;2019;1149;45 a 49 anos;6794;Total;12381
Indicador  3.3.4;1732;8.6;17;Tocantins;12381;2019;1149;45 a 49 anos;92956;Homem;12381
Indicador  3.3.4;1732;8.8;17;Tocantins;12381;2019;1149;45 a 49 anos;92957;Mulher;12381
Indicador  3.3.4;1732;10.0;17;Tocantins;12381;2019;1150;50 a 54 anos;6794;Total;12381
Indicador  3.3.4;1732;5.0;17;Tocantins;12381;2019;1150;50 a 54 anos;92956;Homem;12381
Indicador  3.3.4;1732;15.0;17;Tocantins;12381;2019;1150;50 a 54 anos;92957;Mulher;12381
Indicador  3.3.4;1732;13.8;17;Tocantins;12381;2019;1151;55 a 59 anos;6794;Total;12381
Indicador  3.3.4;1732;18.2;17;Tocantins;12381;2019;1151;55 a 59 anos;92956;Homem;12381
Indicador  3.3.4;1732;9.3;17;Tocantins;12381;2019;1151;55 a 59 anos;92957;Mulher;12381
Indicador  3.3.4;1732;4.9;17;Tocantins;12381;2019;3302;60 anos ou mais;6794;Total;12381
Indicador  3.3.4;1732;6.1;17;Tocantins;12381;2019;3302;60 anos ou mais;92956;Homem;12381
Indicador  3.3.4;1732;3.6;17;Tocantins;12381;2019;3302;60 anos ou mais;92957;Mulher;12381
Indicador  3.3.4;1732;2.8;17;Tocantins;12381;2020;95253;Total;6794;Total;12381
Indicador  3.3.4;1732;2.9;17;Tocantins;12381;2020;95253;Total;92956;Homem;12381
Indicador  3.3.4;1732;2.7;17;Tocantins;12381;2020;95253;Total;92957;Mulher;12381
Indicador  3.3.4;1732;0.0;17;Tocantins;12381;2020;1140;0 a 4 anos;6794;Total;12381
Indicador  3.3.4;1732;0.0;17;Tocantins;12381;2020;1140;0 a 4 anos;92956;Homem;12381
Indicador  3.3.4;1732;0.0;17;Tocantins;12381;2020;1140;0 a 4 anos;92957;Mulher;12381
Indicador  3.3.4;1732;0.0;17;Tocantins;12381;2020;1141;5 a 9 anos;6794;Total;12381
Indicador  3.3.4;1732;0.0;17;Tocantins;12381;2020;1141;5 a 9 anos;92956;Homem;12381
Indicador  3.3.4;1732;0.0;17;Tocantins;12381;2020;1141;5 a 9 anos;92957;Mulher;12381
Indicador  3.3.4;1732;0.0;17;Tocantins;12381;2020;1142;10 a 14 anos;6794;Total;12381
Indicador  3.3.4;1732;0.0;17;Tocantins;12381;2020;1142;10 a 14 anos;92956;Homem;12381
Indicador  3.3.4;1732;0.0;17;Tocantins;12381;2020;1142;10 a 14 anos;92957;Mulher;12381
Indicador  3.3.4;1732;0.7;17;Tocantins;12381;2020;1143;15 a 19 anos;6794;Total;12381
Indicador  3.3.4;1732;0.0;17;Tocantins;12381;2020;1143;15 a 19 anos;92956;Homem;12381
Indicador  3.3.4;1732;1.5;17;Tocantins;12381;2020;1143;15 a 19 anos;92957;Mulher;12381
Indicador  3.3.4;1732;0.7;17;Tocantins;12381;2020;1144;20 a 24 anos;6794;Total;12381
Indicador  3.3.4;1732;0.0;17;Tocantins;12381;2020;1144;20 a 24 anos;92956;Homem;12381
Indicador  3.3.4;1732;1.4;17;Tocantins;12381;2020;1144;20 a 24 anos;92957;Mulher;12381
Indicador  3.3.4;1732;4.4;17;Tocantins;12381;2020;1145;25 a 29 anos;6794;Total;12381
Indicador  3.3.4;1732;1.4;17;Tocantins;12381;2020;1145;25 a 29 anos;92956;Homem;12381
Indicador  3.3.4;1732;7.3;17;Tocantins;12381;2020;1145;25 a 29 anos;92957;Mulher;12381
Indicador  3.3.4;1732;5.3;17;Tocantins;12381;2020;1146;30 a 34 anos;6794;Total;12381
Indicador  3.3.4;1732;3.1;17;Tocantins;12381;2020;1146;30 a 34 anos;92956;Homem;12381
Indicador  3.3.4;1732;7.6;17;Tocantins;12381;2020;1146;30 a 34 anos;92957;Mulher;12381
Indicador  3.3.4;1732;6.3;17;Tocantins;12381;2020;1147;35 a 39 anos;6794;Total;12381
Indicador  3.3.4;1732;8.0;17;Tocantins;12381;2020;1147;35 a 39 anos;92956;Homem;12381
Indicador  3.3.4;1732;4.7;17;Tocantins;12381;2020;1147;35 a 39 anos;92957;Mulher;12381
Indicador  3.3.4;1732;0.9;17;Tocantins;12381;2020;1148;40 a 44 anos;6794;Total;12381
Indicador  3.3.4;1732;0.0;17;Tocantins;12381;2020;1148;40 a 44 anos;92956;Homem;12381
Indicador  3.3.4;1732;1.7;17;Tocantins;12381;2020;1148;40 a 44 anos;92957;Mulher;12381
Indicador  3.3.4;1732;6.3;17;Tocantins;12381;2020;1149;45 a 49 anos;6794;Total;12381
Indicador  3.3.4;1732;6.3;17;Tocantins;12381;2020;1149;45 a 49 anos;92956;Homem;12381
Indicador  3.3.4;1732;6.4;17;Tocantins;12381;2020;1149;45 a 49 anos;92957;Mulher;12381
Indicador  3.3.4;1732;4.8;17;Tocantins;12381;2020;1150;50 a 54 anos;6794;Total;12381
Indicador  3.3.4;1732;9.7;17;Tocantins;12381;2020;1150;50 a 54 anos;92956;Homem;12381
Indicador  3.3.4;1732;0.0;17;Tocantins;12381;2020;1150;50 a 54 anos;92957;Mulher;12381
Indicador  3.3.4;1732;4.4;17;Tocantins;12381;2020;1151;55 a 59 anos;6794;Total;12381
Indicador  3.3.4;1732;5.9;17;Tocantins;12381;2020;1151;55 a 59 anos;92956;Homem;12381
Indicador  3.3.4;1732;3.0;17;Tocantins;12381;2020;1151;55 a 59 anos;92957;Mulher;12381
Indicador  3.3.4;1732;4.1;17;Tocantins;12381;2020;3302;60 anos ou mais;6794;Total;12381
Indicador  3.3.4;1732;7.0;17;Tocantins;12381;2020;3302;60 anos ou mais;92956;Homem;12381
Indicador  3.3.4;1732;1.2;17;Tocantins;12381;2020;3302;60 anos ou mais;92957;Mulher;12381
Indicador  3.3.4;1732;4.2;17;Tocantins;12381;2021;95253;Total;6794;Total;12381
Indicador  3.3.4;1732;4.1;17;Tocantins;12381;2021;95253;Total;92956;Homem;12381
Indicador  3.3.4;1732;4.3;17;Tocantins;12381;2021;95253;Total;92957;Mulher;12381
Indicador  3.3.4;1732;0.8;17;Tocantins;12381;2021;1140;0 a 4 anos;6794;Total;12381
Indicador  3.3.4;1732;1.5;17;Tocantins;12381;2021;1140;0 a 4 anos;92956;Homem;12381
Indicador  3.3.4;1732;0.0;17;Tocantins;12381;2021;1140;0 a 4 anos;92957;Mulher;12381
Indicador  3.3.4;1732;0.0;17;Tocantins;12381;2021;1141;5 a 9 anos;6794;Total;12381
Indicador  3.3.4;1732;0.0;17;Tocantins;12381;2021;1141;5 a 9 anos;92956;Homem;12381
Indicador  3.3.4;1732;0.0;17;Tocantins;12381;2021;1141;5 a 9 anos;92957;Mulher;12381
Indicador  3.3.4;1732;0.0;17;Tocantins;12381;2021;1142;10 a 14 anos;6794;Total;12381
Indicador  3.3.4;1732;0.0;17;Tocantins;12381;2021;1142;10 a 14 anos;92956;Homem;12381
Indicador  3.3.4;1732;0.0;17;Tocantins;12381;2021;1142;10 a 14 anos;92957;Mulher;12381
Indicador  3.3.4;1732;1.5;17;Tocantins;12381;2021;1143;15 a 19 anos;6794;Total;12381
Indicador  3.3.4;1732;1.4;17;Tocantins;12381;2021;1143;15 a 19 anos;92956;Homem;12381
Indicador  3.3.4;1732;1.5;17;Tocantins;12381;2021;1143;15 a 19 anos;92957;Mulher;12381
Indicador  3.3.4;1732;1.4;17;Tocantins;12381;2021;1144;20 a 24 anos;6794;Total;12381
Indicador  3.3.4;1732;0.0;17;Tocantins;12381;2021;1144;20 a 24 anos;92956;Homem;12381
Indicador  3.3.4;1732;2.8;17;Tocantins;12381;2021;1144;20 a 24 anos;92957;Mulher;12381
Indicador  3.3.4;1732;6.5;17;Tocantins;12381;2021;1145;25 a 29 anos;6794;Total;12381
Indicador  3.3.4;1732;1.4;17;Tocantins;12381;2021;1145;25 a 29 anos;92956;Homem;12381
Indicador  3.3.4;1732;11.6;17;Tocantins;12381;2021;1145;25 a 29 anos;92957;Mulher;12381
Indicador  3.3.4;1732;4.5;17;Tocantins;12381;2021;1146;30 a 34 anos;6794;Total;12381
Indicador  3.3.4;1732;3.0;17;Tocantins;12381;2021;1146;30 a 34 anos;92956;Homem;12381
Indicador  3.3.4;1732;6.0;17;Tocantins;12381;2021;1146;30 a 34 anos;92957;Mulher;12381
Indicador  3.3.4;1732;7.9;17;Tocantins;12381;2021;1147;35 a 39 anos;6794;Total;12381
Indicador  3.3.4;1732;9.5;17;Tocantins;12381;2021;1147;35 a 39 anos;92956;Homem;12381
Indicador  3.3.4;1732;6.2;17;Tocantins;12381;2021;1147;35 a 39 anos;92957;Mulher;12381
Indicador  3.3.4;1732;7.6;17;Tocantins;12381;2021;1148;40 a 44 anos;6794;Total;12381
Indicador  3.3.4;1732;12.0;17;Tocantins;12381;2021;1148;40 a 44 anos;92956;Homem;12381
Indicador  3.3.4;1732;3.3;17;Tocantins;12381;2021;1148;40 a 44 anos;92957;Mulher;12381
Indicador  3.3.4;1732;4.1;17;Tocantins;12381;2021;1149;45 a 49 anos;6794;Total;12381
Indicador  3.3.4;1732;2.0;17;Tocantins;12381;2021;1149;45 a 49 anos;92956;Homem;12381
Indicador  3.3.4;1732;6.2;17;Tocantins;12381;2021;1149;45 a 49 anos;92957;Mulher;12381
Indicador  3.3.4;1732;5.9;17;Tocantins;12381;2021;1150;50 a 54 anos;6794;Total;12381
Indicador  3.3.4;1732;7.1;17;Tocantins;12381;2021;1150;50 a 54 anos;92956;Homem;12381
Indicador  3.3.4;1732;4.7;17;Tocantins;12381;2021;1150;50 a 54 anos;92957;Mulher;12381
Indicador  3.3.4;1732;5.7;17;Tocantins;12381;2021;1151;55 a 59 anos;6794;Total;12381
Indicador  3.3.4;1732;8.5;17;Tocantins;12381;2021;1151;55 a 59 anos;92956;Homem;12381
Indicador  3.3.4;1732;2.9;17;Tocantins;12381;2021;1151;55 a 59 anos;92957;Mulher;12381
Indicador  3.3.4;1732;8.4;17;Tocantins;12381;2021;3302;60 anos ou mais;6794;Total;12381
Indicador  3.3.4;1732;9.1;17;Tocantins;12381;2021;3302;60 anos ou mais;92956;Homem;12381
Indicador  3.3.4;1732;7.8;17;Tocantins;12381;2021;3302;60 anos ou mais;92957;Mulher;12381
Indicador  3.3.4;1732;4.1;17;Tocantins;12381;2022;95253;Total;6794;Total;12381
Indicador  3.3.4;1732;3.8;17;Tocantins;12381;2022;95253;Total;92956;Homem;12381
Indicador  3.3.4;1732;4.3;17;Tocantins;12381;2022;95253;Total;92957;Mulher;12381
Indicador  3.3.4;1732;0.0;17;Tocantins;12381;2022;1140;0 a 4 anos;6794;Total;12381
Indicador  3.3.4;1732;0.0;17;Tocantins;12381;2022;1140;0 a 4 anos;92956;Homem;12381
Indicador  3.3.4;1732;0.0;17;Tocantins;12381;2022;1140;0 a 4 anos;92957;Mulher;12381
Indicador  3.3.4;1732;0.0;17;Tocantins;12381;2022;1141;5 a 9 anos;6794;Total;12381
Indicador  3.3.4;1732;0.0;17;Tocantins;12381;2022;1141;5 a 9 anos;92956;Homem;12381
Indicador  3.3.4;1732;0.0;17;Tocantins;12381;2022;1141;5 a 9 anos;92957;Mulher;12381
Indicador  3.3.4;1732;1.6;17;Tocantins;12381;2022;1142;10 a 14 anos;6794;Total;12381
Indicador  3.3.4;1732;3.1;17;Tocantins;12381;2022;1142;10 a 14 anos;92956;Homem;12381
Indicador  3.3.4;1732;0.0;17;Tocantins;12381;2022;1142;10 a 14 anos;92957;Mulher;12381
Indicador  3.3.4;1732;1.5;17;Tocantins;12381;2022;1143;15 a 19 anos;6794;Total;12381
Indicador  3.3.4;1732;1.4;17;Tocantins;12381;2022;1143;15 a 19 anos;92956;Homem;12381
Indicador  3.3.4;1732;1.5;17;Tocantins;12381;2022;1143;15 a 19 anos;92957;Mulher;12381
Indicador  3.3.4;1732;2.1;17;Tocantins;12381;2022;1144;20 a 24 anos;6794;Total;12381
Indicador  3.3.4;1732;1.4;17;Tocantins;12381;2022;1144;20 a 24 anos;92956;Homem;12381
Indicador  3.3.4;1732;2.9;17;Tocantins;12381;2022;1144;20 a 24 anos;92957;Mulher;12381
Indicador  3.3.4;1732;2.1;17;Tocantins;12381;2022;1145;25 a 29 anos;6794;Total;12381
Indicador  3.3.4;1732;1.4;17;Tocantins;12381;2022;1145;25 a 29 anos;92956;Homem;12381
Indicador  3.3.4;1732;2.9;17;Tocantins;12381;2022;1145;25 a 29 anos;92957;Mulher;12381
Indicador  3.3.4;1732;5.2;17;Tocantins;12381;2022;1146;30 a 34 anos;6794;Total;12381
Indicador  3.3.4;1732;1.5;17;Tocantins;12381;2022;1146;30 a 34 anos;92956;Homem;12381
Indicador  3.3.4;1732;9.0;17;Tocantins;12381;2022;1146;30 a 34 anos;92957;Mulher;12381
Indicador  3.3.4;1732;8.6;17;Tocantins;12381;2022;1147;35 a 39 anos;6794;Total;12381
Indicador  3.3.4;1732;7.9;17;Tocantins;12381;2022;1147;35 a 39 anos;92956;Homem;12381
Indicador  3.3.4;1732;9.3;17;Tocantins;12381;2022;1147;35 a 39 anos;92957;Mulher;12381
Indicador  3.3.4;1732;8.3;17;Tocantins;12381;2022;1148;40 a 44 anos;6794;Total;12381
Indicador  3.3.4;1732;5.1;17;Tocantins;12381;2022;1148;40 a 44 anos;92956;Homem;12381
Indicador  3.3.4;1732;11.5;17;Tocantins;12381;2022;1148;40 a 44 anos;92957;Mulher;12381
Indicador  3.3.4;1732;4.9;17;Tocantins;12381;2022;1149;45 a 49 anos;6794;Total;12381
Indicador  3.3.4;1732;5.9;17;Tocantins;12381;2022;1149;45 a 49 anos;92956;Homem;12381
Indicador  3.3.4;1732;3.9;17;Tocantins;12381;2022;1149;45 a 49 anos;92957;Mulher;12381
Indicador  3.3.4;1732;10.5;17;Tocantins;12381;2022;1150;50 a 54 anos;6794;Total;12381
Indicador  3.3.4;1732;13.9;17;Tocantins;12381;2022;1150;50 a 54 anos;92956;Homem;12381
Indicador  3.3.4;1732;7.0;17;Tocantins;12381;2022;1150;50 a 54 anos;92957;Mulher;12381
Indicador  3.3.4;1732;6.9;17;Tocantins;12381;2022;1151;55 a 59 anos;6794;Total;12381
Indicador  3.3.4;1732;8.3;17;Tocantins;12381;2022;1151;55 a 59 anos;92956;Homem;12381
Indicador  3.3.4;1732;5.5;17;Tocantins;12381;2022;1151;55 a 59 anos;92957;Mulher;12381
Indicador  3.3.4;1732;4.9;17;Tocantins;12381;2022;3302;60 anos ou mais;6794;Total;12381
Indicador  3.3.4;1732;5.5;17;Tocantins;12381;2022;3302;60 anos ou mais;92956;Homem;12381
Indicador  3.3.4;1732;4.3;17;Tocantins;12381;2022;3302;60 anos ou mais;92957;Mulher;12381
Indicador  3.3.4;1732;4.2;21;Maranhão;12381;2018;95253;Total;6794;Total;12381
Indicador  3.3.4;1732;3.5;21;Maranhão;12381;2018;95253;Total;92956;Homem;12381
Indicador  3.3.4;1732;4.8;21;Maranhão;12381;2018;95253;Total;92957;Mulher;12381
Indicador  3.3.4;1732;0.5;21;Maranhão;12381;2018;1140;0 a 4 anos;6794;Total;12381
Indicador  3.3.4;1732;0.7;21;Maranhão;12381;2018;1140;0 a 4 anos;92956;Homem;12381
Indicador  3.3.4;1732;0.3;21;Maranhão;12381;2018;1140;0 a 4 anos;92957;Mulher;12381
Indicador  3.3.4;1732;0.2;21;Maranhão;12381;2018;1141;5 a 9 anos;6794;Total;12381
Indicador  3.3.4;1732;0.3;21;Maranhão;12381;2018;1141;5 a 9 anos;92956;Homem;12381
Indicador  3.3.4;1732;0.0;21;Maranhão;12381;2018;1141;5 a 9 anos;92957;Mulher;12381
Indicador  3.3.4;1732;0.0;21;Maranhão;12381;2018;1142;10 a 14 anos;6794;Total;12381
Indicador  3.3.4;1732;0.0;21;Maranhão;12381;2018;1142;10 a 14 anos;92956;Homem;12381
Indicador  3.3.4;1732;0.0;21;Maranhão;12381;2018;1142;10 a 14 anos;92957;Mulher;12381
Indicador  3.3.4;1732;1.3;21;Maranhão;12381;2018;1143;15 a 19 anos;6794;Total;12381
Indicador  3.3.4;1732;0.6;21;Maranhão;12381;2018;1143;15 a 19 anos;92956;Homem;12381
Indicador  3.3.4;1732;2.1;21;Maranhão;12381;2018;1143;15 a 19 anos;92957;Mulher;12381
Indicador  3.3.4;1732;4.6;21;Maranhão;12381;2018;1144;20 a 24 anos;6794;Total;12381
Indicador  3.3.4;1732;1.2;21;Maranhão;12381;2018;1144;20 a 24 anos;92956;Homem;12381
Indicador  3.3.4;1732;8.1;21;Maranhão;12381;2018;1144;20 a 24 anos;92957;Mulher;12381
Indicador  3.3.4;1732;6.5;21;Maranhão;12381;2018;1145;25 a 29 anos;6794;Total;12381
Indicador  3.3.4;1732;4.1;21;Maranhão;12381;2018;1145;25 a 29 anos;92956;Homem;12381
Indicador  3.3.4;1732;8.8;21;Maranhão;12381;2018;1145;25 a 29 anos;92957;Mulher;12381
Indicador  3.3.4;1732;6.8;21;Maranhão;12381;2018;1146;30 a 34 anos;6794;Total;12381
Indicador  3.3.4;1732;4.9;21;Maranhão;12381;2018;1146;30 a 34 anos;92956;Homem;12381
Indicador  3.3.4;1732;8.6;21;Maranhão;12381;2018;1146;30 a 34 anos;92957;Mulher;12381
Indicador  3.3.4;1732;6.2;21;Maranhão;12381;2018;1147;35 a 39 anos;6794;Total;12381
Indicador  3.3.4;1732;5.1;21;Maranhão;12381;2018;1147;35 a 39 anos;92956;Homem;12381
Indicador  3.3.4;1732;7.3;21;Maranhão;12381;2018;1147;35 a 39 anos;92957;Mulher;12381
Indicador  3.3.4;1732;9.1;21;Maranhão;12381;2018;1148;40 a 44 anos;6794;Total;12381
Indicador  3.3.4;1732;10.4;21;Maranhão;12381;2018;1148;40 a 44 anos;92956;Homem;12381
Indicador  3.3.4;1732;7.9;21;Maranhão;12381;2018;1148;40 a 44 anos;92957;Mulher;12381
Indicador  3.3.4;1732;6.3;21;Maranhão;12381;2018;1149;45 a 49 anos;6794;Total;12381
Indicador  3.3.4;1732;4.0;21;Maranhão;12381;2018;1149;45 a 49 anos;92956;Homem;12381
Indicador  3.3.4;1732;8.5;21;Maranhão;12381;2018;1149;45 a 49 anos;92957;Mulher;12381
Indicador  3.3.4;1732;7.3;21;Maranhão;12381;2018;1150;50 a 54 anos;6794;Total;12381
Indicador  3.3.4;1732;7.3;21;Maranhão;12381;2018;1150;50 a 54 anos;92956;Homem;12381
Indicador  3.3.4;1732;7.3;21;Maranhão;12381;2018;1150;50 a 54 anos;92957;Mulher;12381
Indicador  3.3.4;1732;6.5;21;Maranhão;12381;2018;1151;55 a 59 anos;6794;Total;12381
Indicador  3.3.4;1732;8.0;21;Maranhão;12381;2018;1151;55 a 59 anos;92956;Homem;12381
Indicador  3.3.4;1732;5.1;21;Maranhão;12381;2018;1151;55 a 59 anos;92957;Mulher;12381
Indicador  3.3.4;1732;4.8;21;Maranhão;12381;2018;3302;60 anos ou mais;6794;Total;12381
Indicador  3.3.4;1732;6.8;21;Maranhão;12381;2018;3302;60 anos ou mais;92956;Homem;12381
Indicador  3.3.4;1732;3.1;21;Maranhão;12381;2018;3302;60 anos ou mais;92957;Mulher;12381
Indicador  3.3.4;1732;4.6;21;Maranhão;12381;2019;95253;Total;6794;Total;12381
Indicador  3.3.4;1732;4.1;21;Maranhão;12381;2019;95253;Total;92956;Homem;12381
Indicador  3.3.4;1732;5.0;21;Maranhão;12381;2019;95253;Total;92957;Mulher;12381
Indicador  3.3.4;1732;0.7;21;Maranhão;12381;2019;1140;0 a 4 anos;6794;Total;12381
Indicador  3.3.4;1732;0.7;21;Maranhão;12381;2019;1140;0 a 4 anos;92956;Homem;12381
Indicador  3.3.4;1732;0.7;21;Maranhão;12381;2019;1140;0 a 4 anos;92957;Mulher;12381
Indicador  3.3.4;1732;0.3;21;Maranhão;12381;2019;1141;5 a 9 anos;6794;Total;12381
Indicador  3.3.4;1732;0.3;21;Maranhão;12381;2019;1141;5 a 9 anos;92956;Homem;12381
Indicador  3.3.4;1732;0.3;21;Maranhão;12381;2019;1141;5 a 9 anos;92957;Mulher;12381
Indicador  3.3.4;1732;0.0;21;Maranhão;12381;2019;1142;10 a 14 anos;6794;Total;12381
Indicador  3.3.4;1732;0.0;21;Maranhão;12381;2019;1142;10 a 14 anos;92956;Homem;12381
Indicador  3.3.4;1732;0.0;21;Maranhão;12381;2019;1142;10 a 14 anos;92957;Mulher;12381
Indicador  3.3.4;1732;1.0;21;Maranhão;12381;2019;1143;15 a 19 anos;6794;Total;12381
Indicador  3.3.4;1732;0.9;21;Maranhão;12381;2019;1143;15 a 19 anos;92956;Homem;12381
Indicador  3.3.4;1732;1.2;21;Maranhão;12381;2019;1143;15 a 19 anos;92957;Mulher;12381
Indicador  3.3.4;1732;5.3;21;Maranhão;12381;2019;1144;20 a 24 anos;6794;Total;12381
Indicador  3.3.4;1732;2.1;21;Maranhão;12381;2019;1144;20 a 24 anos;92956;Homem;12381
Indicador  3.3.4;1732;8.7;21;Maranhão;12381;2019;1144;20 a 24 anos;92957;Mulher;12381
Indicador  3.3.4;1732;6.1;21;Maranhão;12381;2019;1145;25 a 29 anos;6794;Total;12381
Indicador  3.3.4;1732;2.4;21;Maranhão;12381;2019;1145;25 a 29 anos;92956;Homem;12381
Indicador  3.3.4;1732;9.8;21;Maranhão;12381;2019;1145;25 a 29 anos;92957;Mulher;12381
Indicador  3.3.4;1732;5.1;21;Maranhão;12381;2019;1146;30 a 34 anos;6794;Total;12381
Indicador  3.3.4;1732;4.2;21;Maranhão;12381;2019;1146;30 a 34 anos;92956;Homem;12381
Indicador  3.3.4;1732;5.9;21;Maranhão;12381;2019;1146;30 a 34 anos;92957;Mulher;12381
Indicador  3.3.4;1732;9.6;21;Maranhão;12381;2019;1147;35 a 39 anos;6794;Total;12381
Indicador  3.3.4;1732;8.0;21;Maranhão;12381;2019;1147;35 a 39 anos;92956;Homem;12381
Indicador  3.3.4;1732;11.0;21;Maranhão;12381;2019;1147;35 a 39 anos;92957;Mulher;12381
Indicador  3.3.4;1732;7.7;21;Maranhão;12381;2019;1148;40 a 44 anos;6794;Total;12381
Indicador  3.3.4;1732;9.5;21;Maranhão;12381;2019;1148;40 a 44 anos;92956;Homem;12381
Indicador  3.3.4;1732;5.9;21;Maranhão;12381;2019;1148;40 a 44 anos;92957;Mulher;12381
Indicador  3.3.4;1732;9.2;21;Maranhão;12381;2019;1149;45 a 49 anos;6794;Total;12381
Indicador  3.3.4;1732;12.3;21;Maranhão;12381;2019;1149;45 a 49 anos;92956;Homem;12381
Indicador  3.3.4;1732;6.3;21;Maranhão;12381;2019;1149;45 a 49 anos;92957;Mulher;12381
Indicador  3.3.4;1732;6.5;21;Maranhão;12381;2019;1150;50 a 54 anos;6794;Total;12381
Indicador  3.3.4;1732;5.2;21;Maranhão;12381;2019;1150;50 a 54 anos;92956;Homem;12381
Indicador  3.3.4;1732;7.7;21;Maranhão;12381;2019;1150;50 a 54 anos;92957;Mulher;12381
Indicador  3.3.4;1732;6.3;21;Maranhão;12381;2019;1151;55 a 59 anos;6794;Total;12381
Indicador  3.3.4;1732;7.8;21;Maranhão;12381;2019;1151;55 a 59 anos;92956;Homem;12381
Indicador  3.3.4;1732;4.9;21;Maranhão;12381;2019;1151;55 a 59 anos;92957;Mulher;12381
Indicador  3.3.4;1732;6.5;21;Maranhão;12381;2019;3302;60 anos ou mais;6794;Total;12381
Indicador  3.3.4;1732;9.1;21;Maranhão;12381;2019;3302;60 anos ou mais;92956;Homem;12381
Indicador  3.3.4;1732;4.3;21;Maranhão;12381;2019;3302;60 anos ou mais;92957;Mulher;12381
Indicador  3.3.4;1732;1.9;21;Maranhão;12381;2020;95253;Total;6794;Total;12381
Indicador  3.3.4;1732;1.5;21;Maranhão;12381;2020;95253;Total;92956;Homem;12381
Indicador  3.3.4;1732;2.3;21;Maranhão;12381;2020;95253;Total;92957;Mulher;12381
Indicador  3.3.4;1732;0.2;21;Maranhão;12381;2020;1140;0 a 4 anos;6794;Total;12381
Indicador  3.3.4;1732;0.3;21;Maranhão;12381;2020;1140;0 a 4 anos;92956;Homem;12381
Indicador  3.3.4;1732;0.0;21;Maranhão;12381;2020;1140;0 a 4 anos;92957;Mulher;12381
Indicador  3.3.4;1732;0.0;21;Maranhão;12381;2020;1141;5 a 9 anos;6794;Total;12381
Indicador  3.3.4;1732;0.0;21;Maranhão;12381;2020;1141;5 a 9 anos;92956;Homem;12381
Indicador  3.3.4;1732;0.0;21;Maranhão;12381;2020;1141;5 a 9 anos;92957;Mulher;12381
Indicador  3.3.4;1732;0.2;21;Maranhão;12381;2020;1142;10 a 14 anos;6794;Total;12381
Indicador  3.3.4;1732;0.0;21;Maranhão;12381;2020;1142;10 a 14 anos;92956;Homem;12381
Indicador  3.3.4;1732;0.3;21;Maranhão;12381;2020;1142;10 a 14 anos;92957;Mulher;12381
Indicador  3.3.4;1732;0.5;21;Maranhão;12381;2020;1143;15 a 19 anos;6794;Total;12381
Indicador  3.3.4;1732;0.0;21;Maranhão;12381;2020;1143;15 a 19 anos;92956;Homem;12381
Indicador  3.3.4;1732;0.9;21;Maranhão;12381;2020;1143;15 a 19 anos;92957;Mulher;12381
Indicador  3.3.4;1732;3.1;21;Maranhão;12381;2020;1144;20 a 24 anos;6794;Total;12381
Indicador  3.3.4;1732;0.9;21;Maranhão;12381;2020;1144;20 a 24 anos;92956;Homem;12381
Indicador  3.3.4;1732;5.4;21;Maranhão;12381;2020;1144;20 a 24 anos;92957;Mulher;12381
Indicador  3.3.4;1732;2.7;21;Maranhão;12381;2020;1145;25 a 29 anos;6794;Total;12381
Indicador  3.3.4;1732;1.0;21;Maranhão;12381;2020;1145;25 a 29 anos;92956;Homem;12381
Indicador  3.3.4;1732;4.2;21;Maranhão;12381;2020;1145;25 a 29 anos;92957;Mulher;12381
Indicador  3.3.4;1732;3.4;21;Maranhão;12381;2020;1146;30 a 34 anos;6794;Total;12381
Indicador  3.3.4;1732;1.8;21;Maranhão;12381;2020;1146;30 a 34 anos;92956;Homem;12381
Indicador  3.3.4;1732;4.9;21;Maranhão;12381;2020;1146;30 a 34 anos;92957;Mulher;12381
Indicador  3.3.4;1732;2.9;21;Maranhão;12381;2020;1147;35 a 39 anos;6794;Total;12381
Indicador  3.3.4;1732;1.5;21;Maranhão;12381;2020;1147;35 a 39 anos;92956;Homem;12381
Indicador  3.3.4;1732;4.2;21;Maranhão;12381;2020;1147;35 a 39 anos;92957;Mulher;12381
Indicador  3.3.4;1732;2.5;21;Maranhão;12381;2020;1148;40 a 44 anos;6794;Total;12381
Indicador  3.3.4;1732;3.1;21;Maranhão;12381;2020;1148;40 a 44 anos;92956;Homem;12381
Indicador  3.3.4;1732;2.0;21;Maranhão;12381;2020;1148;40 a 44 anos;92957;Mulher;12381
Indicador  3.3.4;1732;2.6;21;Maranhão;12381;2020;1149;45 a 49 anos;6794;Total;12381
Indicador  3.3.4;1732;3.3;21;Maranhão;12381;2020;1149;45 a 49 anos;92956;Homem;12381
Indicador  3.3.4;1732;2.0;21;Maranhão;12381;2020;1149;45 a 49 anos;92957;Mulher;12381
Indicador  3.3.4;1732;3.0;21;Maranhão;12381;2020;1150;50 a 54 anos;6794;Total;12381
Indicador  3.3.4;1732;3.8;21;Maranhão;12381;2020;1150;50 a 54 anos;92956;Homem;12381
Indicador  3.3.4;1732;2.3;21;Maranhão;12381;2020;1150;50 a 54 anos;92957;Mulher;12381
Indicador  3.3.4;1732;3.6;21;Maranhão;12381;2020;1151;55 a 59 anos;6794;Total;12381
Indicador  3.3.4;1732;5.4;21;Maranhão;12381;2020;1151;55 a 59 anos;92956;Homem;12381
Indicador  3.3.4;1732;2.1;21;Maranhão;12381;2020;1151;55 a 59 anos;92957;Mulher;12381
Indicador  3.3.4;1732;2.4;21;Maranhão;12381;2020;3302;60 anos ou mais;6794;Total;12381
Indicador  3.3.4;1732;3.3;21;Maranhão;12381;2020;3302;60 anos ou mais;92956;Homem;12381
Indicador  3.3.4;1732;1.7;21;Maranhão;12381;2020;3302;60 anos ou mais;92957;Mulher;12381
Indicador  3.3.4;1732;3.8;21;Maranhão;12381;2021;95253;Total;6794;Total;12381
Indicador  3.3.4;1732;3.7;21;Maranhão;12381;2021;95253;Total;92956;Homem;12381
Indicador  3.3.4;1732;3.8;21;Maranhão;12381;2021;95253;Total;92957;Mulher;12381
Indicador  3.3.4;1732;1.4;21;Maranhão;12381;2021;1140;0 a 4 anos;6794;Total;12381
Indicador  3.3.4;1732;1.7;21;Maranhão;12381;2021;1140;0 a 4 anos;92956;Homem;12381
Indicador  3.3.4;1732;1.0;21;Maranhão;12381;2021;1140;0 a 4 anos;92957;Mulher;12381
Indicador  3.3.4;1732;0.0;21;Maranhão;12381;2021;1141;5 a 9 anos;6794;Total;12381
Indicador  3.3.4;1732;0.0;21;Maranhão;12381;2021;1141;5 a 9 anos;92956;Homem;12381
Indicador  3.3.4;1732;0.0;21;Maranhão;12381;2021;1141;5 a 9 anos;92957;Mulher;12381
Indicador  3.3.4;1732;0.0;21;Maranhão;12381;2021;1142;10 a 14 anos;6794;Total;12381
Indicador  3.3.4;1732;0.0;21;Maranhão;12381;2021;1142;10 a 14 anos;92956;Homem;12381
Indicador  3.3.4;1732;0.0;21;Maranhão;12381;2021;1142;10 a 14 anos;92957;Mulher;12381
Indicador  3.3.4;1732;1.6;21;Maranhão;12381;2021;1143;15 a 19 anos;6794;Total;12381
Indicador  3.3.4;1732;1.2;21;Maranhão;12381;2021;1143;15 a 19 anos;92956;Homem;12381
Indicador  3.3.4;1732;2.1;21;Maranhão;12381;2021;1143;15 a 19 anos;92957;Mulher;12381
Indicador  3.3.4;1732;1.8;21;Maranhão;12381;2021;1144;20 a 24 anos;6794;Total;12381
Indicador  3.3.4;1732;0.6;21;Maranhão;12381;2021;1144;20 a 24 anos;92956;Homem;12381
Indicador  3.3.4;1732;3.0;21;Maranhão;12381;2021;1144;20 a 24 anos;92957;Mulher;12381
Indicador  3.3.4;1732;4.4;21;Maranhão;12381;2021;1145;25 a 29 anos;6794;Total;12381
Indicador  3.3.4;1732;2.3;21;Maranhão;12381;2021;1145;25 a 29 anos;92956;Homem;12381
Indicador  3.3.4;1732;6.5;21;Maranhão;12381;2021;1145;25 a 29 anos;92957;Mulher;12381
Indicador  3.3.4;1732;5.7;21;Maranhão;12381;2021;1146;30 a 34 anos;6794;Total;12381
Indicador  3.3.4;1732;5.3;21;Maranhão;12381;2021;1146;30 a 34 anos;92956;Homem;12381
Indicador  3.3.4;1732;6.0;21;Maranhão;12381;2021;1146;30 a 34 anos;92957;Mulher;12381
Indicador  3.3.4;1732;7.9;21;Maranhão;12381;2021;1147;35 a 39 anos;6794;Total;12381
Indicador  3.3.4;1732;7.1;21;Maranhão;12381;2021;1147;35 a 39 anos;92956;Homem;12381
Indicador  3.3.4;1732;8.6;21;Maranhão;12381;2021;1147;35 a 39 anos;92957;Mulher;12381
Indicador  3.3.4;1732;4.9;21;Maranhão;12381;2021;1148;40 a 44 anos;6794;Total;12381
Indicador  3.3.4;1732;3.4;21;Maranhão;12381;2021;1148;40 a 44 anos;92956;Homem;12381
Indicador  3.3.4;1732;6.3;21;Maranhão;12381;2021;1148;40 a 44 anos;92957;Mulher;12381
Indicador  3.3.4;1732;7.9;21;Maranhão;12381;2021;1149;45 a 49 anos;6794;Total;12381
Indicador  3.3.4;1732;7.9;21;Maranhão;12381;2021;1149;45 a 49 anos;92956;Homem;12381
Indicador  3.3.4;1732;7.8;21;Maranhão;12381;2021;1149;45 a 49 anos;92957;Mulher;12381
Indicador  3.3.4;1732;8.0;21;Maranhão;12381;2021;1150;50 a 54 anos;6794;Total;12381
Indicador  3.3.4;1732;10.5;21;Maranhão;12381;2021;1150;50 a 54 anos;92956;Homem;12381
Indicador  3.3.4;1732;5.7;21;Maranhão;12381;2021;1150;50 a 54 anos;92957;Mulher;12381
Indicador  3.3.4;1732;4.9;21;Maranhão;12381;2021;1151;55 a 59 anos;6794;Total;12381
Indicador  3.3.4;1732;8.9;21;Maranhão;12381;2021;1151;55 a 59 anos;92956;Homem;12381
Indicador  3.3.4;1732;1.3;21;Maranhão;12381;2021;1151;55 a 59 anos;92957;Mulher;12381
Indicador  3.3.4;1732;5.0;21;Maranhão;12381;2021;3302;60 anos ou mais;6794;Total;12381
Indicador  3.3.4;1732;7.3;21;Maranhão;12381;2021;3302;60 anos ou mais;92956;Homem;12381
Indicador  3.3.4;1732;3.1;21;Maranhão;12381;2021;3302;60 anos ou mais;92957;Mulher;12381
Indicador  3.3.4;1732;3.3;21;Maranhão;12381;2022;95253;Total;6794;Total;12381
Indicador  3.3.4;1732;2.7;21;Maranhão;12381;2022;95253;Total;92956;Homem;12381
Indicador  3.3.4;1732;3.8;21;Maranhão;12381;2022;95253;Total;92957;Mulher;12381
Indicador  3.3.4;1732;0.5;21;Maranhão;12381;2022;1140;0 a 4 anos;6794;Total;12381
Indicador  3.3.4;1732;0.0;21;Maranhão;12381;2022;1140;0 a 4 anos;92956;Homem;12381
Indicador  3.3.4;1732;1.0;21;Maranhão;12381;2022;1140;0 a 4 anos;92957;Mulher;12381
Indicador  3.3.4;1732;0.3;21;Maranhão;12381;2022;1141;5 a 9 anos;6794;Total;12381
Indicador  3.3.4;1732;0.0;21;Maranhão;12381;2022;1141;5 a 9 anos;92956;Homem;12381
Indicador  3.3.4;1732;0.7;21;Maranhão;12381;2022;1141;5 a 9 anos;92957;Mulher;12381
Indicador  3.3.4;1732;0.3;21;Maranhão;12381;2022;1142;10 a 14 anos;6794;Total;12381
Indicador  3.3.4;1732;0.6;21;Maranhão;12381;2022;1142;10 a 14 anos;92956;Homem;12381
Indicador  3.3.4;1732;0.0;21;Maranhão;12381;2022;1142;10 a 14 anos;92957;Mulher;12381
Indicador  3.3.4;1732;1.2;21;Maranhão;12381;2022;1143;15 a 19 anos;6794;Total;12381
Indicador  3.3.4;1732;0.0;21;Maranhão;12381;2022;1143;15 a 19 anos;92956;Homem;12381
Indicador  3.3.4;1732;2.4;21;Maranhão;12381;2022;1143;15 a 19 anos;92957;Mulher;12381
Indicador  3.3.4;1732;1.7;21;Maranhão;12381;2022;1144;20 a 24 anos;6794;Total;12381
Indicador  3.3.4;1732;0.3;21;Maranhão;12381;2022;1144;20 a 24 anos;92956;Homem;12381
Indicador  3.3.4;1732;3.1;21;Maranhão;12381;2022;1144;20 a 24 anos;92957;Mulher;12381
Indicador  3.3.4;1732;3.9;21;Maranhão;12381;2022;1145;25 a 29 anos;6794;Total;12381
Indicador  3.3.4;1732;2.3;21;Maranhão;12381;2022;1145;25 a 29 anos;92956;Homem;12381
Indicador  3.3.4;1732;5.5;21;Maranhão;12381;2022;1145;25 a 29 anos;92957;Mulher;12381
Indicador  3.3.4;1732;3.6;21;Maranhão;12381;2022;1146;30 a 34 anos;6794;Total;12381
Indicador  3.3.4;1732;1.8;21;Maranhão;12381;2022;1146;30 a 34 anos;92956;Homem;12381
Indicador  3.3.4;1732;5.3;21;Maranhão;12381;2022;1146;30 a 34 anos;92957;Mulher;12381
Indicador  3.3.4;1732;3.0;21;Maranhão;12381;2022;1147;35 a 39 anos;6794;Total;12381
Indicador  3.3.4;1732;1.5;21;Maranhão;12381;2022;1147;35 a 39 anos;92956;Homem;12381
Indicador  3.3.4;1732;4.4;21;Maranhão;12381;2022;1147;35 a 39 anos;92957;Mulher;12381
Indicador  3.3.4;1732;4.6;21;Maranhão;12381;2022;1148;40 a 44 anos;6794;Total;12381
Indicador  3.3.4;1732;4.1;21;Maranhão;12381;2022;1148;40 a 44 anos;92956;Homem;12381
Indicador  3.3.4;1732;5.0;21;Maranhão;12381;2022;1148;40 a 44 anos;92957;Mulher;12381
Indicador  3.3.4;1732;6.4;21;Maranhão;12381;2022;1149;45 a 49 anos;6794;Total;12381
Indicador  3.3.4;1732;6.6;21;Maranhão;12381;2022;1149;45 a 49 anos;92956;Homem;12381
Indicador  3.3.4;1732;6.1;21;Maranhão;12381;2022;1149;45 a 49 anos;92957;Mulher;12381
Indicador  3.3.4;1732;7.6;21;Maranhão;12381;2022;1150;50 a 54 anos;6794;Total;12381
Indicador  3.3.4;1732;8.5;21;Maranhão;12381;2022;1150;50 a 54 anos;92956;Homem;12381
Indicador  3.3.4;1732;6.7;21;Maranhão;12381;2022;1150;50 a 54 anos;92957;Mulher;12381
Indicador  3.3.4;1732;9.6;21;Maranhão;12381;2022;1151;55 a 59 anos;6794;Total;12381
Indicador  3.3.4;1732;13.1;21;Maranhão;12381;2022;1151;55 a 59 anos;92956;Homem;12381
Indicador  3.3.4;1732;6.5;21;Maranhão;12381;2022;1151;55 a 59 anos;92957;Mulher;12381
Indicador  3.3.4;1732;5.6;21;Maranhão;12381;2022;3302;60 anos ou mais;6794;Total;12381
Indicador  3.3.4;1732;6.2;21;Maranhão;12381;2022;3302;60 anos ou mais;92956;Homem;12381
Indicador  3.3.4;1732;5.1;21;Maranhão;12381;2022;3302;60 anos ou mais;92957;Mulher;12381
Indicador  3.3.4;1732;2.4;22;Piauí;12381;2018;95253;Total;6794;Total;12381
Indicador  3.3.4;1732;2.4;22;Piauí;12381;2018;95253;Total;92956;Homem;12381
Indicador  3.3.4;1732;2.3;22;Piauí;12381;2018;95253;Total;92957;Mulher;12381
Indicador  3.3.4;1732;0.4;22;Piauí;12381;2018;1140;0 a 4 anos;6794;Total;12381
Indicador  3.3.4;1732;0.0;22;Piauí;12381;2018;1140;0 a 4 anos;92956;Homem;12381
Indicador  3.3.4;1732;0.9;22;Piauí;12381;2018;1140;0 a 4 anos;92957;Mulher;12381
Indicador  3.3.4;1732;0.0;22;Piauí;12381;2018;1141;5 a 9 anos;6794;Total;12381
Indicador  3.3.4;1732;0.0;22;Piauí;12381;2018;1141;5 a 9 anos;92956;Homem;12381
Indicador  3.3.4;1732;0.0;22;Piauí;12381;2018;1141;5 a 9 anos;92957;Mulher;12381
Indicador  3.3.4;1732;0.0;22;Piauí;12381;2018;1142;10 a 14 anos;6794;Total;12381
Indicador  3.3.4;1732;0.0;22;Piauí;12381;2018;1142;10 a 14 anos;92956;Homem;12381
Indicador  3.3.4;1732;0.0;22;Piauí;12381;2018;1142;10 a 14 anos;92957;Mulher;12381
Indicador  3.3.4;1732;0.0;22;Piauí;12381;2018;1143;15 a 19 anos;6794;Total;12381
Indicador  3.3.4;1732;0.0;22;Piauí;12381;2018;1143;15 a 19 anos;92956;Homem;12381
Indicador  3.3.4;1732;0.0;22;Piauí;12381;2018;1143;15 a 19 anos;92957;Mulher;12381
Indicador  3.3.4;1732;1.0;22;Piauí;12381;2018;1144;20 a 24 anos;6794;Total;12381
Indicador  3.3.4;1732;2.1;22;Piauí;12381;2018;1144;20 a 24 anos;92956;Homem;12381
Indicador  3.3.4;1732;0.0;22;Piauí;12381;2018;1144;20 a 24 anos;92957;Mulher;12381
Indicador  3.3.4;1732;2.2;22;Piauí;12381;2018;1145;25 a 29 anos;6794;Total;12381
Indicador  3.3.4;1732;2.3;22;Piauí;12381;2018;1145;25 a 29 anos;92956;Homem;12381
Indicador  3.3.4;1732;2.2;22;Piauí;12381;2018;1145;25 a 29 anos;92957;Mulher;12381
Indicador  3.3.4;1732;4.5;22;Piauí;12381;2018;1146;30 a 34 anos;6794;Total;12381
Indicador  3.3.4;1732;3.1;22;Piauí;12381;2018;1146;30 a 34 anos;92956;Homem;12381
Indicador  3.3.4;1732;5.8;22;Piauí;12381;2018;1146;30 a 34 anos;92957;Mulher;12381
Indicador  3.3.4;1732;5.6;22;Piauí;12381;2018;1147;35 a 39 anos;6794;Total;12381
Indicador  3.3.4;1732;5.0;22;Piauí;12381;2018;1147;35 a 39 anos;92956;Homem;12381
Indicador  3.3.4;1732;6.1;22;Piauí;12381;2018;1147;35 a 39 anos;92957;Mulher;12381
Indicador  3.3.4;1732;3.2;22;Piauí;12381;2018;1148;40 a 44 anos;6794;Total;12381
Indicador  3.3.4;1732;2.8;22;Piauí;12381;2018;1148;40 a 44 anos;92956;Homem;12381
Indicador  3.3.4;1732;3.4;22;Piauí;12381;2018;1148;40 a 44 anos;92957;Mulher;12381
Indicador  3.3.4;1732;1.6;22;Piauí;12381;2018;1149;45 a 49 anos;6794;Total;12381
Indicador  3.3.4;1732;1.1;22;Piauí;12381;2018;1149;45 a 49 anos;92956;Homem;12381
Indicador  3.3.4;1732;2.0;22;Piauí;12381;2018;1149;45 a 49 anos;92957;Mulher;12381
Indicador  3.3.4;1732;3.4;22;Piauí;12381;2018;1150;50 a 54 anos;6794;Total;12381
Indicador  3.3.4;1732;6.1;22;Piauí;12381;2018;1150;50 a 54 anos;92956;Homem;12381
Indicador  3.3.4;1732;1.1;22;Piauí;12381;2018;1150;50 a 54 anos;92957;Mulher;12381
Indicador  3.3.4;1732;8.7;22;Piauí;12381;2018;1151;55 a 59 anos;6794;Total;12381
Indicador  3.3.4;1732;8.6;22;Piauí;12381;2018;1151;55 a 59 anos;92956;Homem;12381
Indicador  3.3.4;1732;8.7;22;Piauí;12381;2018;1151;55 a 59 anos;92957;Mulher;12381
Indicador  3.3.4;1732;3.0;22;Piauí;12381;2018;3302;60 anos ou mais;6794;Total;12381
Indicador  3.3.4;1732;4.0;22;Piauí;12381;2018;3302;60 anos ou mais;92956;Homem;12381
Indicador  3.3.4;1732;2.2;22;Piauí;12381;2018;3302;60 anos ou mais;92957;Mulher;12381
Indicador  3.3.4;1732;2.5;22;Piauí;12381;2019;95253;Total;6794;Total;12381
Indicador  3.3.4;1732;3.1;22;Piauí;12381;2019;95253;Total;92956;Homem;12381
Indicador  3.3.4;1732;2.0;22;Piauí;12381;2019;95253;Total;92957;Mulher;12381
Indicador  3.3.4;1732;0.4;22;Piauí;12381;2019;1140;0 a 4 anos;6794;Total;12381
Indicador  3.3.4;1732;0.0;22;Piauí;12381;2019;1140;0 a 4 anos;92956;Homem;12381
Indicador  3.3.4;1732;0.9;22;Piauí;12381;2019;1140;0 a 4 anos;92957;Mulher;12381
Indicador  3.3.4;1732;0.0;22;Piauí;12381;2019;1141;5 a 9 anos;6794;Total;12381
Indicador  3.3.4;1732;0.0;22;Piauí;12381;2019;1141;5 a 9 anos;92956;Homem;12381
Indicador  3.3.4;1732;0.0;22;Piauí;12381;2019;1141;5 a 9 anos;92957;Mulher;12381
Indicador  3.3.4;1732;0.0;22;Piauí;12381;2019;1142;10 a 14 anos;6794;Total;12381
Indicador  3.3.4;1732;0.0;22;Piauí;12381;2019;1142;10 a 14 anos;92956;Homem;12381
Indicador  3.3.4;1732;0.0;22;Piauí;12381;2019;1142;10 a 14 anos;92957;Mulher;12381
Indicador  3.3.4;1732;0.3;22;Piauí;12381;2019;1143;15 a 19 anos;6794;Total;12381
Indicador  3.3.4;1732;0.0;22;Piauí;12381;2019;1143;15 a 19 anos;92956;Homem;12381
Indicador  3.3.4;1732;0.7;22;Piauí;12381;2019;1143;15 a 19 anos;92957;Mulher;12381
Indicador  3.3.4;1732;3.8;22;Piauí;12381;2019;1144;20 a 24 anos;6794;Total;12381
Indicador  3.3.4;1732;2.7;22;Piauí;12381;2019;1144;20 a 24 anos;92956;Homem;12381
Indicador  3.3.4;1732;4.9;22;Piauí;12381;2019;1144;20 a 24 anos;92957;Mulher;12381
Indicador  3.3.4;1732;3.4;22;Piauí;12381;2019;1145;25 a 29 anos;6794;Total;12381
Indicador  3.3.4;1732;3.1;22;Piauí;12381;2019;1145;25 a 29 anos;92956;Homem;12381
Indicador  3.3.4;1732;3.7;22;Piauí;12381;2019;1145;25 a 29 anos;92957;Mulher;12381
Indicador  3.3.4;1732;3.8;22;Piauí;12381;2019;1146;30 a 34 anos;6794;Total;12381
Indicador  3.3.4;1732;3.9;22;Piauí;12381;2019;1146;30 a 34 anos;92956;Homem;12381
Indicador  3.3.4;1732;3.6;22;Piauí;12381;2019;1146;30 a 34 anos;92957;Mulher;12381
Indicador  3.3.4;1732;2.8;22;Piauí;12381;2019;1147;35 a 39 anos;6794;Total;12381
Indicador  3.3.4;1732;5.8;22;Piauí;12381;2019;1147;35 a 39 anos;92956;Homem;12381
Indicador  3.3.4;1732;0.0;22;Piauí;12381;2019;1147;35 a 39 anos;92957;Mulher;12381
Indicador  3.3.4;1732;3.9;22;Piauí;12381;2019;1148;40 a 44 anos;6794;Total;12381
Indicador  3.3.4;1732;5.5;22;Piauí;12381;2019;1148;40 a 44 anos;92956;Homem;12381
Indicador  3.3.4;1732;2.5;22;Piauí;12381;2019;1148;40 a 44 anos;92957;Mulher;12381
Indicador  3.3.4;1732;3.6;22;Piauí;12381;2019;1149;45 a 49 anos;6794;Total;12381
Indicador  3.3.4;1732;3.3;22;Piauí;12381;2019;1149;45 a 49 anos;92956;Homem;12381
Indicador  3.3.4;1732;3.9;22;Piauí;12381;2019;1149;45 a 49 anos;92957;Mulher;12381
Indicador  3.3.4;1732;3.9;22;Piauí;12381;2019;1150;50 a 54 anos;6794;Total;12381
Indicador  3.3.4;1732;6.0;22;Piauí;12381;2019;1150;50 a 54 anos;92956;Homem;12381
Indicador  3.3.4;1732;2.1;22;Piauí;12381;2019;1150;50 a 54 anos;92957;Mulher;12381
Indicador  3.3.4;1732;5.2;22;Piauí;12381;2019;1151;55 a 59 anos;6794;Total;12381
Indicador  3.3.4;1732;8.4;22;Piauí;12381;2019;1151;55 a 59 anos;92956;Homem;12381
Indicador  3.3.4;1732;2.4;22;Piauí;12381;2019;1151;55 a 59 anos;92957;Mulher;12381
Indicador  3.3.4;1732;3.2;22;Piauí;12381;2019;3302;60 anos ou mais;6794;Total;12381
Indicador  3.3.4;1732;5.0;22;Piauí;12381;2019;3302;60 anos ou mais;92956;Homem;12381
Indicador  3.3.4;1732;1.7;22;Piauí;12381;2019;3302;60 anos ou mais;92957;Mulher;12381
Indicador  3.3.4;1732;0.8;22;Piauí;12381;2020;95253;Total;6794;Total;12381
Indicador  3.3.4;1732;0.8;22;Piauí;12381;2020;95253;Total;92956;Homem;12381
Indicador  3.3.4;1732;0.8;22;Piauí;12381;2020;95253;Total;92957;Mulher;12381
Indicador  3.3.4;1732;0.0;22;Piauí;12381;2020;1140;0 a 4 anos;6794;Total;12381
Indicador  3.3.4;1732;0.0;22;Piauí;12381;2020;1140;0 a 4 anos;92956;Homem;12381
Indicador  3.3.4;1732;0.0;22;Piauí;12381;2020;1140;0 a 4 anos;92957;Mulher;12381
Indicador  3.3.4;1732;0.0;22;Piauí;12381;2020;1141;5 a 9 anos;6794;Total;12381
Indicador  3.3.4;1732;0.0;22;Piauí;12381;2020;1141;5 a 9 anos;92956;Homem;12381
Indicador  3.3.4;1732;0.0;22;Piauí;12381;2020;1141;5 a 9 anos;92957;Mulher;12381
Indicador  3.3.4;1732;0.0;22;Piauí;12381;2020;1142;10 a 14 anos;6794;Total;12381
Indicador  3.3.4;1732;0.0;22;Piauí;12381;2020;1142;10 a 14 anos;92956;Homem;12381
Indicador  3.3.4;1732;0.0;22;Piauí;12381;2020;1142;10 a 14 anos;92957;Mulher;12381
Indicador  3.3.4;1732;0.0;22;Piauí;12381;2020;1143;15 a 19 anos;6794;Total;12381
Indicador  3.3.4;1732;0.0;22;Piauí;12381;2020;1143;15 a 19 anos;92956;Homem;12381
Indicador  3.3.4;1732;0.0;22;Piauí;12381;2020;1143;15 a 19 anos;92957;Mulher;12381
Indicador  3.3.4;1732;1.4;22;Piauí;12381;2020;1144;20 a 24 anos;6794;Total;12381
Indicador  3.3.4;1732;0.7;22;Piauí;12381;2020;1144;20 a 24 anos;92956;Homem;12381
Indicador  3.3.4;1732;2.1;22;Piauí;12381;2020;1144;20 a 24 anos;92957;Mulher;12381
Indicador  3.3.4;1732;0.8;22;Piauí;12381;2020;1145;25 a 29 anos;6794;Total;12381
Indicador  3.3.4;1732;0.8;22;Piauí;12381;2020;1145;25 a 29 anos;92956;Homem;12381
Indicador  3.3.4;1732;0.7;22;Piauí;12381;2020;1145;25 a 29 anos;92957;Mulher;12381
Indicador  3.3.4;1732;0.0;22;Piauí;12381;2020;1146;30 a 34 anos;6794;Total;12381
Indicador  3.3.4;1732;0.0;22;Piauí;12381;2020;1146;30 a 34 anos;92956;Homem;12381
Indicador  3.3.4;1732;0.0;22;Piauí;12381;2020;1146;30 a 34 anos;92957;Mulher;12381
Indicador  3.3.4;1732;1.2;22;Piauí;12381;2020;1147;35 a 39 anos;6794;Total;12381
Indicador  3.3.4;1732;0.8;22;Piauí;12381;2020;1147;35 a 39 anos;92956;Homem;12381
Indicador  3.3.4;1732;1.5;22;Piauí;12381;2020;1147;35 a 39 anos;92957;Mulher;12381
Indicador  3.3.4;1732;0.4;22;Piauí;12381;2020;1148;40 a 44 anos;6794;Total;12381
Indicador  3.3.4;1732;0.9;22;Piauí;12381;2020;1148;40 a 44 anos;92956;Homem;12381
Indicador  3.3.4;1732;0.0;22;Piauí;12381;2020;1148;40 a 44 anos;92957;Mulher;12381
Indicador  3.3.4;1732;2.0;22;Piauí;12381;2020;1149;45 a 49 anos;6794;Total;12381
Indicador  3.3.4;1732;3.2;22;Piauí;12381;2020;1149;45 a 49 anos;92956;Homem;12381
Indicador  3.3.4;1732;1.0;22;Piauí;12381;2020;1149;45 a 49 anos;92957;Mulher;12381
Indicador  3.3.4;1732;2.8;22;Piauí;12381;2020;1150;50 a 54 anos;6794;Total;12381
Indicador  3.3.4;1732;0.0;22;Piauí;12381;2020;1150;50 a 54 anos;92956;Homem;12381
Indicador  3.3.4;1732;5.3;22;Piauí;12381;2020;1150;50 a 54 anos;92957;Mulher;12381
Indicador  3.3.4;1732;2.5;22;Piauí;12381;2020;1151;55 a 59 anos;6794;Total;12381
Indicador  3.3.4;1732;4.1;22;Piauí;12381;2020;1151;55 a 59 anos;92956;Homem;12381
Indicador  3.3.4;1732;1.2;22;Piauí;12381;2020;1151;55 a 59 anos;92957;Mulher;12381
Indicador  3.3.4;1732;0.7;22;Piauí;12381;2020;3302;60 anos ou mais;6794;Total;12381
Indicador  3.3.4;1732;1.6;22;Piauí;12381;2020;3302;60 anos ou mais;92956;Homem;12381
Indicador  3.3.4;1732;0.0;22;Piauí;12381;2020;3302;60 anos ou mais;92957;Mulher;12381
Indicador  3.3.4;1732;0.9;22;Piauí;12381;2021;95253;Total;6794;Total;12381
Indicador  3.3.4;1732;1.3;22;Piauí;12381;2021;95253;Total;92956;Homem;12381
Indicador  3.3.4;1732;0.6;22;Piauí;12381;2021;95253;Total;92957;Mulher;12381
Indicador  3.3.4;1732;0.4;22;Piauí;12381;2021;1140;0 a 4 anos;6794;Total;12381
Indicador  3.3.4;1732;0.0;22;Piauí;12381;2021;1140;0 a 4 anos;92956;Homem;12381
Indicador  3.3.4;1732;0.9;22;Piauí;12381;2021;1140;0 a 4 anos;92957;Mulher;12381
Indicador  3.3.4;1732;0.0;22;Piauí;12381;2021;1141;5 a 9 anos;6794;Total;12381
Indicador  3.3.4;1732;0.0;22;Piauí;12381;2021;1141;5 a 9 anos;92956;Homem;12381
Indicador  3.3.4;1732;0.0;22;Piauí;12381;2021;1141;5 a 9 anos;92957;Mulher;12381
Indicador  3.3.4;1732;0.0;22;Piauí;12381;2021;1142;10 a 14 anos;6794;Total;12381
Indicador  3.3.4;1732;0.0;22;Piauí;12381;2021;1142;10 a 14 anos;92956;Homem;12381
Indicador  3.3.4;1732;0.0;22;Piauí;12381;2021;1142;10 a 14 anos;92957;Mulher;12381
Indicador  3.3.4;1732;0.0;22;Piauí;12381;2021;1143;15 a 19 anos;6794;Total;12381
Indicador  3.3.4;1732;0.0;22;Piauí;12381;2021;1143;15 a 19 anos;92956;Homem;12381
Indicador  3.3.4;1732;0.0;22;Piauí;12381;2021;1143;15 a 19 anos;92957;Mulher;12381
Indicador  3.3.4;1732;0.7;22;Piauí;12381;2021;1144;20 a 24 anos;6794;Total;12381
Indicador  3.3.4;1732;0.0;22;Piauí;12381;2021;1144;20 a 24 anos;92956;Homem;12381
Indicador  3.3.4;1732;1.4;22;Piauí;12381;2021;1144;20 a 24 anos;92957;Mulher;12381
Indicador  3.3.4;1732;1.9;22;Piauí;12381;2021;1145;25 a 29 anos;6794;Total;12381
Indicador  3.3.4;1732;1.5;22;Piauí;12381;2021;1145;25 a 29 anos;92956;Homem;12381
Indicador  3.3.4;1732;2.2;22;Piauí;12381;2021;1145;25 a 29 anos;92957;Mulher;12381
Indicador  3.3.4;1732;1.5;22;Piauí;12381;2021;1146;30 a 34 anos;6794;Total;12381
Indicador  3.3.4;1732;3.2;22;Piauí;12381;2021;1146;30 a 34 anos;92956;Homem;12381
Indicador  3.3.4;1732;0.0;22;Piauí;12381;2021;1146;30 a 34 anos;92957;Mulher;12381
Indicador  3.3.4;1732;0.4;22;Piauí;12381;2021;1147;35 a 39 anos;6794;Total;12381
Indicador  3.3.4;1732;0.0;22;Piauí;12381;2021;1147;35 a 39 anos;92956;Homem;12381
Indicador  3.3.4;1732;0.7;22;Piauí;12381;2021;1147;35 a 39 anos;92957;Mulher;12381
Indicador  3.3.4;1732;0.8;22;Piauí;12381;2021;1148;40 a 44 anos;6794;Total;12381
Indicador  3.3.4;1732;1.8;22;Piauí;12381;2021;1148;40 a 44 anos;92956;Homem;12381
Indicador  3.3.4;1732;0.0;22;Piauí;12381;2021;1148;40 a 44 anos;92957;Mulher;12381
Indicador  3.3.4;1732;2.0;22;Piauí;12381;2021;1149;45 a 49 anos;6794;Total;12381
Indicador  3.3.4;1732;2.1;22;Piauí;12381;2021;1149;45 a 49 anos;92956;Homem;12381
Indicador  3.3.4;1732;1.9;22;Piauí;12381;2021;1149;45 a 49 anos;92957;Mulher;12381
Indicador  3.3.4;1732;2.2;22;Piauí;12381;2021;1150;50 a 54 anos;6794;Total;12381
Indicador  3.3.4;1732;3.5;22;Piauí;12381;2021;1150;50 a 54 anos;92956;Homem;12381
Indicador  3.3.4;1732;1.0;22;Piauí;12381;2021;1150;50 a 54 anos;92957;Mulher;12381
Indicador  3.3.4;1732;1.9;22;Piauí;12381;2021;1151;55 a 59 anos;6794;Total;12381
Indicador  3.3.4;1732;4.0;22;Piauí;12381;2021;1151;55 a 59 anos;92956;Homem;12381
Indicador  3.3.4;1732;0.0;22;Piauí;12381;2021;1151;55 a 59 anos;92957;Mulher;12381
Indicador  3.3.4;1732;0.9;22;Piauí;12381;2021;3302;60 anos ou mais;6794;Total;12381
Indicador  3.3.4;1732;2.1;22;Piauí;12381;2021;3302;60 anos ou mais;92956;Homem;12381
Indicador  3.3.4;1732;0.0;22;Piauí;12381;2021;3302;60 anos ou mais;92957;Mulher;12381
Indicador  3.3.4;1732;0.9;22;Piauí;12381;2022;95253;Total;6794;Total;12381
Indicador  3.3.4;1732;1.1;22;Piauí;12381;2022;95253;Total;92956;Homem;12381
Indicador  3.3.4;1732;0.6;22;Piauí;12381;2022;95253;Total;92957;Mulher;12381
Indicador  3.3.4;1732;0.8;22;Piauí;12381;2022;1140;0 a 4 anos;6794;Total;12381
Indicador  3.3.4;1732;0.8;22;Piauí;12381;2022;1140;0 a 4 anos;92956;Homem;12381
Indicador  3.3.4;1732;0.9;22;Piauí;12381;2022;1140;0 a 4 anos;92957;Mulher;12381
Indicador  3.3.4;1732;0.0;22;Piauí;12381;2022;1141;5 a 9 anos;6794;Total;12381
Indicador  3.3.4;1732;0.0;22;Piauí;12381;2022;1141;5 a 9 anos;92956;Homem;12381
Indicador  3.3.4;1732;0.0;22;Piauí;12381;2022;1141;5 a 9 anos;92957;Mulher;12381
Indicador  3.3.4;1732;0.0;22;Piauí;12381;2022;1142;10 a 14 anos;6794;Total;12381
Indicador  3.3.4;1732;0.0;22;Piauí;12381;2022;1142;10 a 14 anos;92956;Homem;12381
Indicador  3.3.4;1732;0.0;22;Piauí;12381;2022;1142;10 a 14 anos;92957;Mulher;12381
Indicador  3.3.4;1732;0.0;22;Piauí;12381;2022;1143;15 a 19 anos;6794;Total;12381
Indicador  3.3.4;1732;0.0;22;Piauí;12381;2022;1143;15 a 19 anos;92956;Homem;12381
Indicador  3.3.4;1732;0.0;22;Piauí;12381;2022;1143;15 a 19 anos;92957;Mulher;12381
Indicador  3.3.4;1732;0.0;22;Piauí;12381;2022;1144;20 a 24 anos;6794;Total;12381
Indicador  3.3.4;1732;0.0;22;Piauí;12381;2022;1144;20 a 24 anos;92956;Homem;12381
Indicador  3.3.4;1732;0.0;22;Piauí;12381;2022;1144;20 a 24 anos;92957;Mulher;12381
Indicador  3.3.4;1732;1.5;22;Piauí;12381;2022;1145;25 a 29 anos;6794;Total;12381
Indicador  3.3.4;1732;1.5;22;Piauí;12381;2022;1145;25 a 29 anos;92956;Homem;12381
Indicador  3.3.4;1732;1.5;22;Piauí;12381;2022;1145;25 a 29 anos;92957;Mulher;12381
Indicador  3.3.4;1732;1.2;22;Piauí;12381;2022;1146;30 a 34 anos;6794;Total;12381
Indicador  3.3.4;1732;0.8;22;Piauí;12381;2022;1146;30 a 34 anos;92956;Homem;12381
Indicador  3.3.4;1732;1.5;22;Piauí;12381;2022;1146;30 a 34 anos;92957;Mulher;12381
Indicador  3.3.4;1732;1.6;22;Piauí;12381;2022;1147;35 a 39 anos;6794;Total;12381
Indicador  3.3.4;1732;2.5;22;Piauí;12381;2022;1147;35 a 39 anos;92956;Homem;12381
Indicador  3.3.4;1732;0.7;22;Piauí;12381;2022;1147;35 a 39 anos;92957;Mulher;12381
Indicador  3.3.4;1732;0.8;22;Piauí;12381;2022;1148;40 a 44 anos;6794;Total;12381
Indicador  3.3.4;1732;0.9;22;Piauí;12381;2022;1148;40 a 44 anos;92956;Homem;12381
Indicador  3.3.4;1732;0.8;22;Piauí;12381;2022;1148;40 a 44 anos;92957;Mulher;12381
Indicador  3.3.4;1732;2.4;22;Piauí;12381;2022;1149;45 a 49 anos;6794;Total;12381
Indicador  3.3.4;1732;4.0;22;Piauí;12381;2022;1149;45 a 49 anos;92956;Homem;12381
Indicador  3.3.4;1732;0.9;22;Piauí;12381;2022;1149;45 a 49 anos;92957;Mulher;12381
Indicador  3.3.4;1732;1.1;22;Piauí;12381;2022;1150;50 a 54 anos;6794;Total;12381
Indicador  3.3.4;1732;1.2;22;Piauí;12381;2022;1150;50 a 54 anos;92956;Homem;12381
Indicador  3.3.4;1732;1.0;22;Piauí;12381;2022;1150;50 a 54 anos;92957;Mulher;12381
Indicador  3.3.4;1732;1.2;22;Piauí;12381;2022;1151;55 a 59 anos;6794;Total;12381
Indicador  3.3.4;1732;0.0;22;Piauí;12381;2022;1151;55 a 59 anos;92956;Homem;12381
Indicador  3.3.4;1732;2.3;22;Piauí;12381;2022;1151;55 a 59 anos;92957;Mulher;12381
Indicador  3.3.4;1732;1.1;22;Piauí;12381;2022;3302;60 anos ou mais;6794;Total;12381
Indicador  3.3.4;1732;2.6;22;Piauí;12381;2022;3302;60 anos ou mais;92956;Homem;12381
Indicador  3.3.4;1732;0.0;22;Piauí;12381;2022;3302;60 anos ou mais;92957;Mulher;12381
Indicador  3.3.4;1732;2.0;23;Ceará;12381;2018;95253;Total;6794;Total;12381
Indicador  3.3.4;1732;2.4;23;Ceará;12381;2018;95253;Total;92956;Homem;12381
Indicador  3.3.4;1732;1.7;23;Ceará;12381;2018;95253;Total;92957;Mulher;12381
Indicador  3.3.4;1732;0.2;23;Ceará;12381;2018;1140;0 a 4 anos;6794;Total;12381
Indicador  3.3.4;1732;0.3;23;Ceará;12381;2018;1140;0 a 4 anos;92956;Homem;12381
Indicador  3.3.4;1732;0.0;23;Ceará;12381;2018;1140;0 a 4 anos;92957;Mulher;12381
Indicador  3.3.4;1732;0.0;23;Ceará;12381;2018;1141;5 a 9 anos;6794;Total;12381
Indicador  3.3.4;1732;0.0;23;Ceará;12381;2018;1141;5 a 9 anos;92956;Homem;12381
Indicador  3.3.4;1732;0.0;23;Ceará;12381;2018;1141;5 a 9 anos;92957;Mulher;12381
Indicador  3.3.4;1732;0.1;23;Ceará;12381;2018;1142;10 a 14 anos;6794;Total;12381
Indicador  3.3.4;1732;0.0;23;Ceará;12381;2018;1142;10 a 14 anos;92956;Homem;12381
Indicador  3.3.4;1732;0.3;23;Ceará;12381;2018;1142;10 a 14 anos;92957;Mulher;12381
Indicador  3.3.4;1732;1.0;23;Ceará;12381;2018;1143;15 a 19 anos;6794;Total;12381
Indicador  3.3.4;1732;1.3;23;Ceará;12381;2018;1143;15 a 19 anos;92956;Homem;12381
Indicador  3.3.4;1732;0.8;23;Ceará;12381;2018;1143;15 a 19 anos;92957;Mulher;12381
Indicador  3.3.4;1732;3.1;23;Ceará;12381;2018;1144;20 a 24 anos;6794;Total;12381
Indicador  3.3.4;1732;3.6;23;Ceará;12381;2018;1144;20 a 24 anos;92956;Homem;12381
Indicador  3.3.4;1732;2.6;23;Ceará;12381;2018;1144;20 a 24 anos;92957;Mulher;12381
Indicador  3.3.4;1732;2.0;23;Ceará;12381;2018;1145;25 a 29 anos;6794;Total;12381
Indicador  3.3.4;1732;1.8;23;Ceará;12381;2018;1145;25 a 29 anos;92956;Homem;12381
Indicador  3.3.4;1732;2.2;23;Ceará;12381;2018;1145;25 a 29 anos;92957;Mulher;12381
Indicador  3.3.4;1732;3.5;23;Ceará;12381;2018;1146;30 a 34 anos;6794;Total;12381
Indicador  3.3.4;1732;3.5;23;Ceará;12381;2018;1146;30 a 34 anos;92956;Homem;12381
Indicador  3.3.4;1732;3.5;23;Ceará;12381;2018;1146;30 a 34 anos;92957;Mulher;12381
Indicador  3.3.4;1732;3.5;23;Ceará;12381;2018;1147;35 a 39 anos;6794;Total;12381
Indicador  3.3.4;1732;3.9;23;Ceará;12381;2018;1147;35 a 39 anos;92956;Homem;12381
Indicador  3.3.4;1732;3.1;23;Ceará;12381;2018;1147;35 a 39 anos;92957;Mulher;12381
Indicador  3.3.4;1732;3.6;23;Ceará;12381;2018;1148;40 a 44 anos;6794;Total;12381
Indicador  3.3.4;1732;4.4;23;Ceará;12381;2018;1148;40 a 44 anos;92956;Homem;12381
Indicador  3.3.4;1732;2.8;23;Ceará;12381;2018;1148;40 a 44 anos;92957;Mulher;12381
Indicador  3.3.4;1732;3.1;23;Ceará;12381;2018;1149;45 a 49 anos;6794;Total;12381
Indicador  3.3.4;1732;2.7;23;Ceará;12381;2018;1149;45 a 49 anos;92956;Homem;12381
Indicador  3.3.4;1732;3.5;23;Ceará;12381;2018;1149;45 a 49 anos;92957;Mulher;12381
Indicador  3.3.4;1732;2.4;23;Ceará;12381;2018;1150;50 a 54 anos;6794;Total;12381
Indicador  3.3.4;1732;3.8;23;Ceará;12381;2018;1150;50 a 54 anos;92956;Homem;12381
Indicador  3.3.4;1732;1.1;23;Ceará;12381;2018;1150;50 a 54 anos;92957;Mulher;12381
Indicador  3.3.4;1732;3.4;23;Ceará;12381;2018;1151;55 a 59 anos;6794;Total;12381
Indicador  3.3.4;1732;4.6;23;Ceará;12381;2018;1151;55 a 59 anos;92956;Homem;12381
Indicador  3.3.4;1732;2.2;23;Ceará;12381;2018;1151;55 a 59 anos;92957;Mulher;12381
Indicador  3.3.4;1732;1.3;23;Ceará;12381;2018;3302;60 anos ou mais;6794;Total;12381
Indicador  3.3.4;1732;2.7;23;Ceará;12381;2018;3302;60 anos ou mais;92956;Homem;12381
Indicador  3.3.4;1732;0.3;23;Ceará;12381;2018;3302;60 anos ou mais;92957;Mulher;12381
Indicador  3.3.4;1732;1.8;23;Ceará;12381;2019;95253;Total;6794;Total;12381
Indicador  3.3.4;1732;1.8;23;Ceará;12381;2019;95253;Total;92956;Homem;12381
Indicador  3.3.4;1732;1.7;23;Ceará;12381;2019;95253;Total;92957;Mulher;12381
Indicador  3.3.4;1732;0.5;23;Ceará;12381;2019;1140;0 a 4 anos;6794;Total;12381
Indicador  3.3.4;1732;0.0;23;Ceará;12381;2019;1140;0 a 4 anos;92956;Homem;12381
Indicador  3.3.4;1732;0.9;23;Ceará;12381;2019;1140;0 a 4 anos;92957;Mulher;12381
Indicador  3.3.4;1732;0.3;23;Ceará;12381;2019;1141;5 a 9 anos;6794;Total;12381
Indicador  3.3.4;1732;0.3;23;Ceará;12381;2019;1141;5 a 9 anos;92956;Homem;12381
Indicador  3.3.4;1732;0.3;23;Ceará;12381;2019;1141;5 a 9 anos;92957;Mulher;12381
Indicador  3.3.4;1732;0.0;23;Ceará;12381;2019;1142;10 a 14 anos;6794;Total;12381
Indicador  3.3.4;1732;0.0;23;Ceará;12381;2019;1142;10 a 14 anos;92956;Homem;12381
Indicador  3.3.4;1732;0.0;23;Ceará;12381;2019;1142;10 a 14 anos;92957;Mulher;12381
Indicador  3.3.4;1732;0.7;23;Ceará;12381;2019;1143;15 a 19 anos;6794;Total;12381
Indicador  3.3.4;1732;0.3;23;Ceará;12381;2019;1143;15 a 19 anos;92956;Homem;12381
Indicador  3.3.4;1732;1.1;23;Ceará;12381;2019;1143;15 a 19 anos;92957;Mulher;12381
Indicador  3.3.4;1732;0.7;23;Ceará;12381;2019;1144;20 a 24 anos;6794;Total;12381
Indicador  3.3.4;1732;0.2;23;Ceará;12381;2019;1144;20 a 24 anos;92956;Homem;12381
Indicador  3.3.4;1732;1.2;23;Ceará;12381;2019;1144;20 a 24 anos;92957;Mulher;12381
Indicador  3.3.4;1732;1.7;23;Ceará;12381;2019;1145;25 a 29 anos;6794;Total;12381
Indicador  3.3.4;1732;1.3;23;Ceará;12381;2019;1145;25 a 29 anos;92956;Homem;12381
Indicador  3.3.4;1732;2.2;23;Ceará;12381;2019;1145;25 a 29 anos;92957;Mulher;12381
Indicador  3.3.4;1732;3.1;23;Ceará;12381;2019;1146;30 a 34 anos;6794;Total;12381
Indicador  3.3.4;1732;2.9;23;Ceará;12381;2019;1146;30 a 34 anos;92956;Homem;12381
Indicador  3.3.4;1732;3.2;23;Ceará;12381;2019;1146;30 a 34 anos;92957;Mulher;12381
Indicador  3.3.4;1732;2.7;23;Ceará;12381;2019;1147;35 a 39 anos;6794;Total;12381
Indicador  3.3.4;1732;2.0;23;Ceará;12381;2019;1147;35 a 39 anos;92956;Homem;12381
Indicador  3.3.4;1732;3.3;23;Ceará;12381;2019;1147;35 a 39 anos;92957;Mulher;12381
Indicador  3.3.4;1732;3.3;23;Ceará;12381;2019;1148;40 a 44 anos;6794;Total;12381
Indicador  3.3.4;1732;4.7;23;Ceará;12381;2019;1148;40 a 44 anos;92956;Homem;12381
Indicador  3.3.4;1732;2.1;23;Ceará;12381;2019;1148;40 a 44 anos;92957;Mulher;12381
Indicador  3.3.4;1732;2.2;23;Ceará;12381;2019;1149;45 a 49 anos;6794;Total;12381
Indicador  3.3.4;1732;2.7;23;Ceará;12381;2019;1149;45 a 49 anos;92956;Homem;12381
Indicador  3.3.4;1732;1.7;23;Ceará;12381;2019;1149;45 a 49 anos;92957;Mulher;12381
Indicador  3.3.4;1732;2.9;23;Ceará;12381;2019;1150;50 a 54 anos;6794;Total;12381
Indicador  3.3.4;1732;3.3;23;Ceará;12381;2019;1150;50 a 54 anos;92956;Homem;12381
Indicador  3.3.4;1732;2.6;23;Ceará;12381;2019;1150;50 a 54 anos;92957;Mulher;12381
Indicador  3.3.4;1732;3.7;23;Ceará;12381;2019;1151;55 a 59 anos;6794;Total;12381
Indicador  3.3.4;1732;4.9;23;Ceará;12381;2019;1151;55 a 59 anos;92956;Homem;12381
Indicador  3.3.4;1732;2.6;23;Ceará;12381;2019;1151;55 a 59 anos;92957;Mulher;12381
Indicador  3.3.4;1732;2.0;23;Ceará;12381;2019;3302;60 anos ou mais;6794;Total;12381
Indicador  3.3.4;1732;3.2;23;Ceará;12381;2019;3302;60 anos ou mais;92956;Homem;12381
Indicador  3.3.4;1732;1.1;23;Ceará;12381;2019;3302;60 anos ou mais;92957;Mulher;12381
Indicador  3.3.4;1732;1.3;23;Ceará;12381;2020;95253;Total;6794;Total;12381
Indicador  3.3.4;1732;1.5;23;Ceará;12381;2020;95253;Total;92956;Homem;12381
Indicador  3.3.4;1732;1.0;23;Ceará;12381;2020;95253;Total;92957;Mulher;12381
Indicador  3.3.4;1732;0.3;23;Ceará;12381;2020;1140;0 a 4 anos;6794;Total;12381
Indicador  3.3.4;1732;0.0;23;Ceará;12381;2020;1140;0 a 4 anos;92956;Homem;12381
Indicador  3.3.4;1732;0.6;23;Ceará;12381;2020;1140;0 a 4 anos;92957;Mulher;12381
Indicador  3.3.4;1732;0.0;23;Ceará;12381;2020;1141;5 a 9 anos;6794;Total;12381
Indicador  3.3.4;1732;0.0;23;Ceará;12381;2020;1141;5 a 9 anos;92956;Homem;12381
Indicador  3.3.4;1732;0.0;23;Ceará;12381;2020;1141;5 a 9 anos;92957;Mulher;12381
Indicador  3.3.4;1732;0.0;23;Ceará;12381;2020;1142;10 a 14 anos;6794;Total;12381
Indicador  3.3.4;1732;0.0;23;Ceará;12381;2020;1142;10 a 14 anos;92956;Homem;12381
Indicador  3.3.4;1732;0.0;23;Ceará;12381;2020;1142;10 a 14 anos;92957;Mulher;12381
Indicador  3.3.4;1732;0.4;23;Ceará;12381;2020;1143;15 a 19 anos;6794;Total;12381
Indicador  3.3.4;1732;0.3;23;Ceará;12381;2020;1143;15 a 19 anos;92956;Homem;12381
Indicador  3.3.4;1732;0.6;23;Ceará;12381;2020;1143;15 a 19 anos;92957;Mulher;12381
Indicador  3.3.4;1732;0.5;23;Ceará;12381;2020;1144;20 a 24 anos;6794;Total;12381
Indicador  3.3.4;1732;0.2;23;Ceará;12381;2020;1144;20 a 24 anos;92956;Homem;12381
Indicador  3.3.4;1732;0.7;23;Ceará;12381;2020;1144;20 a 24 anos;92957;Mulher;12381
Indicador  3.3.4;1732;1.2;23;Ceará;12381;2020;1145;25 a 29 anos;6794;Total;12381
Indicador  3.3.4;1732;0.8;23;Ceará;12381;2020;1145;25 a 29 anos;92956;Homem;12381
Indicador  3.3.4;1732;1.7;23;Ceará;12381;2020;1145;25 a 29 anos;92957;Mulher;12381
Indicador  3.3.4;1732;2.4;23;Ceará;12381;2020;1146;30 a 34 anos;6794;Total;12381
Indicador  3.3.4;1732;2.9;23;Ceará;12381;2020;1146;30 a 34 anos;92956;Homem;12381
Indicador  3.3.4;1732;2.0;23;Ceará;12381;2020;1146;30 a 34 anos;92957;Mulher;12381
Indicador  3.3.4;1732;1.8;23;Ceará;12381;2020;1147;35 a 39 anos;6794;Total;12381
Indicador  3.3.4;1732;2.0;23;Ceará;12381;2020;1147;35 a 39 anos;92956;Homem;12381
Indicador  3.3.4;1732;1.6;23;Ceará;12381;2020;1147;35 a 39 anos;92957;Mulher;12381
Indicador  3.3.4;1732;1.7;23;Ceará;12381;2020;1148;40 a 44 anos;6794;Total;12381
Indicador  3.3.4;1732;1.6;23;Ceará;12381;2020;1148;40 a 44 anos;92956;Homem;12381
Indicador  3.3.4;1732;1.8;23;Ceará;12381;2020;1148;40 a 44 anos;92957;Mulher;12381
Indicador  3.3.4;1732;2.7;23;Ceará;12381;2020;1149;45 a 49 anos;6794;Total;12381
Indicador  3.3.4;1732;4.2;23;Ceará;12381;2020;1149;45 a 49 anos;92956;Homem;12381
Indicador  3.3.4;1732;1.4;23;Ceará;12381;2020;1149;45 a 49 anos;92957;Mulher;12381
Indicador  3.3.4;1732;1.0;23;Ceará;12381;2020;1150;50 a 54 anos;6794;Total;12381
Indicador  3.3.4;1732;1.2;23;Ceará;12381;2020;1150;50 a 54 anos;92956;Homem;12381
Indicador  3.3.4;1732;0.7;23;Ceará;12381;2020;1150;50 a 54 anos;92957;Mulher;12381
Indicador  3.3.4;1732;2.7;23;Ceará;12381;2020;1151;55 a 59 anos;6794;Total;12381
Indicador  3.3.4;1732;4.3;23;Ceará;12381;2020;1151;55 a 59 anos;92956;Homem;12381
Indicador  3.3.4;1732;1.2;23;Ceará;12381;2020;1151;55 a 59 anos;92957;Mulher;12381
Indicador  3.3.4;1732;1.9;23;Ceará;12381;2020;3302;60 anos ou mais;6794;Total;12381
Indicador  3.3.4;1732;3.3;23;Ceará;12381;2020;3302;60 anos ou mais;92956;Homem;12381
Indicador  3.3.4;1732;0.9;23;Ceará;12381;2020;3302;60 anos ou mais;92957;Mulher;12381
Indicador  3.3.4;1732;1.3;23;Ceará;12381;2021;95253;Total;6794;Total;12381
Indicador  3.3.4;1732;1.8;23;Ceará;12381;2021;95253;Total;92956;Homem;12381
Indicador  3.3.4;1732;0.8;23;Ceará;12381;2021;95253;Total;92957;Mulher;12381
Indicador  3.3.4;1732;0.0;23;Ceará;12381;2021;1140;0 a 4 anos;6794;Total;12381
Indicador  3.3.4;1732;0.0;23;Ceará;12381;2021;1140;0 a 4 anos;92956;Homem;12381
Indicador  3.3.4;1732;0.0;23;Ceará;12381;2021;1140;0 a 4 anos;92957;Mulher;12381
Indicador  3.3.4;1732;0.0;23;Ceará;12381;2021;1141;5 a 9 anos;6794;Total;12381
Indicador  3.3.4;1732;0.0;23;Ceará;12381;2021;1141;5 a 9 anos;92956;Homem;12381
Indicador  3.3.4;1732;0.0;23;Ceará;12381;2021;1141;5 a 9 anos;92957;Mulher;12381
Indicador  3.3.4;1732;0.0;23;Ceará;12381;2021;1142;10 a 14 anos;6794;Total;12381
Indicador  3.3.4;1732;0.0;23;Ceará;12381;2021;1142;10 a 14 anos;92956;Homem;12381
Indicador  3.3.4;1732;0.0;23;Ceará;12381;2021;1142;10 a 14 anos;92957;Mulher;12381
Indicador  3.3.4;1732;0.4;23;Ceará;12381;2021;1143;15 a 19 anos;6794;Total;12381
Indicador  3.3.4;1732;0.0;23;Ceará;12381;2021;1143;15 a 19 anos;92956;Homem;12381
Indicador  3.3.4;1732;0.9;23;Ceará;12381;2021;1143;15 a 19 anos;92957;Mulher;12381
Indicador  3.3.4;1732;0.9;23;Ceará;12381;2021;1144;20 a 24 anos;6794;Total;12381
Indicador  3.3.4;1732;1.0;23;Ceará;12381;2021;1144;20 a 24 anos;92956;Homem;12381
Indicador  3.3.4;1732;0.8;23;Ceará;12381;2021;1144;20 a 24 anos;92957;Mulher;12381
Indicador  3.3.4;1732;1.7;23;Ceará;12381;2021;1145;25 a 29 anos;6794;Total;12381
Indicador  3.3.4;1732;2.0;23;Ceará;12381;2021;1145;25 a 29 anos;92956;Homem;12381
Indicador  3.3.4;1732;1.5;23;Ceará;12381;2021;1145;25 a 29 anos;92957;Mulher;12381
Indicador  3.3.4;1732;1.5;23;Ceará;12381;2021;1146;30 a 34 anos;6794;Total;12381
Indicador  3.3.4;1732;2.4;23;Ceará;12381;2021;1146;30 a 34 anos;92956;Homem;12381
Indicador  3.3.4;1732;0.7;23;Ceará;12381;2021;1146;30 a 34 anos;92957;Mulher;12381
Indicador  3.3.4;1732;1.9;23;Ceará;12381;2021;1147;35 a 39 anos;6794;Total;12381
Indicador  3.3.4;1732;2.8;23;Ceará;12381;2021;1147;35 a 39 anos;92956;Homem;12381
Indicador  3.3.4;1732;1.1;23;Ceará;12381;2021;1147;35 a 39 anos;92957;Mulher;12381
Indicador  3.3.4;1732;2.7;23;Ceará;12381;2021;1148;40 a 44 anos;6794;Total;12381
Indicador  3.3.4;1732;3.5;23;Ceará;12381;2021;1148;40 a 44 anos;92956;Homem;12381
Indicador  3.3.4;1732;2.0;23;Ceará;12381;2021;1148;40 a 44 anos;92957;Mulher;12381
Indicador  3.3.4;1732;1.6;23;Ceará;12381;2021;1149;45 a 49 anos;6794;Total;12381
Indicador  3.3.4;1732;2.6;23;Ceará;12381;2021;1149;45 a 49 anos;92956;Homem;12381
Indicador  3.3.4;1732;0.7;23;Ceará;12381;2021;1149;45 a 49 anos;92957;Mulher;12381
Indicador  3.3.4;1732;2.5;23;Ceará;12381;2021;1150;50 a 54 anos;6794;Total;12381
Indicador  3.3.4;1732;3.7;23;Ceará;12381;2021;1150;50 a 54 anos;92956;Homem;12381
Indicador  3.3.4;1732;1.4;23;Ceará;12381;2021;1150;50 a 54 anos;92957;Mulher;12381
Indicador  3.3.4;1732;2.6;23;Ceará;12381;2021;1151;55 a 59 anos;6794;Total;12381
Indicador  3.3.4;1732;4.6;23;Ceará;12381;2021;1151;55 a 59 anos;92956;Homem;12381
Indicador  3.3.4;1732;0.8;23;Ceará;12381;2021;1151;55 a 59 anos;92957;Mulher;12381
Indicador  3.3.4;1732;1.3;23;Ceará;12381;2021;3302;60 anos ou mais;6794;Total;12381
Indicador  3.3.4;1732;2.3;23;Ceará;12381;2021;3302;60 anos ou mais;92956;Homem;12381
Indicador  3.3.4;1732;0.6;23;Ceará;12381;2021;3302;60 anos ou mais;92957;Mulher;12381
Indicador  3.3.4;1732;1.6;23;Ceará;12381;2022;95253;Total;6794;Total;12381
Indicador  3.3.4;1732;2.0;23;Ceará;12381;2022;95253;Total;92956;Homem;12381
Indicador  3.3.4;1732;1.3;23;Ceará;12381;2022;95253;Total;92957;Mulher;12381
Indicador  3.3.4;1732;0.2;23;Ceará;12381;2022;1140;0 a 4 anos;6794;Total;12381
Indicador  3.3.4;1732;0.3;23;Ceará;12381;2022;1140;0 a 4 anos;92956;Homem;12381
Indicador  3.3.4;1732;0.0;23;Ceará;12381;2022;1140;0 a 4 anos;92957;Mulher;12381
Indicador  3.3.4;1732;0.0;23;Ceará;12381;2022;1141;5 a 9 anos;6794;Total;12381
Indicador  3.3.4;1732;0.0;23;Ceará;12381;2022;1141;5 a 9 anos;92956;Homem;12381
Indicador  3.3.4;1732;0.0;23;Ceará;12381;2022;1141;5 a 9 anos;92957;Mulher;12381
Indicador  3.3.4;1732;0.2;23;Ceará;12381;2022;1142;10 a 14 anos;6794;Total;12381
Indicador  3.3.4;1732;0.0;23;Ceará;12381;2022;1142;10 a 14 anos;92956;Homem;12381
Indicador  3.3.4;1732;0.3;23;Ceará;12381;2022;1142;10 a 14 anos;92957;Mulher;12381
Indicador  3.3.4;1732;0.7;23;Ceará;12381;2022;1143;15 a 19 anos;6794;Total;12381
Indicador  3.3.4;1732;0.8;23;Ceará;12381;2022;1143;15 a 19 anos;92956;Homem;12381
Indicador  3.3.4;1732;0.6;23;Ceará;12381;2022;1143;15 a 19 anos;92957;Mulher;12381
Indicador  3.3.4;1732;1.4;23;Ceará;12381;2022;1144;20 a 24 anos;6794;Total;12381
Indicador  3.3.4;1732;1.5;23;Ceará;12381;2022;1144;20 a 24 anos;92956;Homem;12381
Indicador  3.3.4;1732;1.3;23;Ceará;12381;2022;1144;20 a 24 anos;92957;Mulher;12381
Indicador  3.3.4;1732;1.5;23;Ceará;12381;2022;1145;25 a 29 anos;6794;Total;12381
Indicador  3.3.4;1732;2.0;23;Ceará;12381;2022;1145;25 a 29 anos;92956;Homem;12381
Indicador  3.3.4;1732;1.0;23;Ceará;12381;2022;1145;25 a 29 anos;92957;Mulher;12381
Indicador  3.3.4;1732;2.7;23;Ceará;12381;2022;1146;30 a 34 anos;6794;Total;12381
Indicador  3.3.4;1732;2.1;23;Ceará;12381;2022;1146;30 a 34 anos;92956;Homem;12381
Indicador  3.3.4;1732;3.2;23;Ceará;12381;2022;1146;30 a 34 anos;92957;Mulher;12381
Indicador  3.3.4;1732;2.7;23;Ceará;12381;2022;1147;35 a 39 anos;6794;Total;12381
Indicador  3.3.4;1732;3.1;23;Ceará;12381;2022;1147;35 a 39 anos;92956;Homem;12381
Indicador  3.3.4;1732;2.3;23;Ceará;12381;2022;1147;35 a 39 anos;92957;Mulher;12381
Indicador  3.3.4;1732;2.5;23;Ceará;12381;2022;1148;40 a 44 anos;6794;Total;12381
Indicador  3.3.4;1732;4.1;23;Ceará;12381;2022;1148;40 a 44 anos;92956;Homem;12381
Indicador  3.3.4;1732;1.1;23;Ceará;12381;2022;1148;40 a 44 anos;92957;Mulher;12381
Indicador  3.3.4;1732;2.1;23;Ceará;12381;2022;1149;45 a 49 anos;6794;Total;12381
Indicador  3.3.4;1732;2.5;23;Ceará;12381;2022;1149;45 a 49 anos;92956;Homem;12381
Indicador  3.3.4;1732;1.6;23;Ceará;12381;2022;1149;45 a 49 anos;92957;Mulher;12381
Indicador  3.3.4;1732;1.9;23;Ceará;12381;2022;1150;50 a 54 anos;6794;Total;12381
Indicador  3.3.4;1732;3.2;23;Ceará;12381;2022;1150;50 a 54 anos;92956;Homem;12381
Indicador  3.3.4;1732;0.7;23;Ceará;12381;2022;1150;50 a 54 anos;92957;Mulher;12381
Indicador  3.3.4;1732;3.1;23;Ceará;12381;2022;1151;55 a 59 anos;6794;Total;12381
Indicador  3.3.4;1732;3.2;23;Ceará;12381;2022;1151;55 a 59 anos;92956;Homem;12381
Indicador  3.3.4;1732;3.1;23;Ceará;12381;2022;1151;55 a 59 anos;92957;Mulher;12381
Indicador  3.3.4;1732;2.1;23;Ceará;12381;2022;3302;60 anos ou mais;6794;Total;12381
Indicador  3.3.4;1732;3.3;23;Ceará;12381;2022;3302;60 anos ou mais;92956;Homem;12381
Indicador  3.3.4;1732;1.1;23;Ceará;12381;2022;3302;60 anos ou mais;92957;Mulher;12381
Indicador  3.3.4;1732;2.1;24;Rio Grande do Norte;12381;2018;95253;Total;6794;Total;12381
Indicador  3.3.4;1732;2.8;24;Rio Grande do Norte;12381;2018;95253;Total;92956;Homem;12381
Indicador  3.3.4;1732;1.4;24;Rio Grande do Norte;12381;2018;95253;Total;92957;Mulher;12381
Indicador  3.3.4;1732;0.8;24;Rio Grande do Norte;12381;2018;1140;0 a 4 anos;6794;Total;12381
Indicador  3.3.4;1732;0.0;24;Rio Grande do Norte;12381;2018;1140;0 a 4 anos;92956;Homem;12381
Indicador  3.3.4;1732;1.7;24;Rio Grande do Norte;12381;2018;1140;0 a 4 anos;92957;Mulher;12381
Indicador  3.3.4;1732;0.0;24;Rio Grande do Norte;12381;2018;1141;5 a 9 anos;6794;Total;12381
Indicador  3.3.4;1732;0.0;24;Rio Grande do Norte;12381;2018;1141;5 a 9 anos;92956;Homem;12381
Indicador  3.3.4;1732;0.0;24;Rio Grande do Norte;12381;2018;1141;5 a 9 anos;92957;Mulher;12381
Indicador  3.3.4;1732;0.0;24;Rio Grande do Norte;12381;2018;1142;10 a 14 anos;6794;Total;12381
Indicador  3.3.4;1732;0.0;24;Rio Grande do Norte;12381;2018;1142;10 a 14 anos;92956;Homem;12381
Indicador  3.3.4;1732;0.0;24;Rio Grande do Norte;12381;2018;1142;10 a 14 anos;92957;Mulher;12381
Indicador  3.3.4;1732;0.4;24;Rio Grande do Norte;12381;2018;1143;15 a 19 anos;6794;Total;12381
Indicador  3.3.4;1732;0.7;24;Rio Grande do Norte;12381;2018;1143;15 a 19 anos;92956;Homem;12381
Indicador  3.3.4;1732;0.0;24;Rio Grande do Norte;12381;2018;1143;15 a 19 anos;92957;Mulher;12381
Indicador  3.3.4;1732;1.0;24;Rio Grande do Norte;12381;2018;1144;20 a 24 anos;6794;Total;12381
Indicador  3.3.4;1732;1.3;24;Rio Grande do Norte;12381;2018;1144;20 a 24 anos;92956;Homem;12381
Indicador  3.3.4;1732;0.7;24;Rio Grande do Norte;12381;2018;1144;20 a 24 anos;92957;Mulher;12381
Indicador  3.3.4;1732;2.3;24;Rio Grande do Norte;12381;2018;1145;25 a 29 anos;6794;Total;12381
Indicador  3.3.4;1732;1.3;24;Rio Grande do Norte;12381;2018;1145;25 a 29 anos;92956;Homem;12381
Indicador  3.3.4;1732;3.3;24;Rio Grande do Norte;12381;2018;1145;25 a 29 anos;92957;Mulher;12381
Indicador  3.3.4;1732;2.3;24;Rio Grande do Norte;12381;2018;1146;30 a 34 anos;6794;Total;12381
Indicador  3.3.4;1732;4.0;24;Rio Grande do Norte;12381;2018;1146;30 a 34 anos;92956;Homem;12381
Indicador  3.3.4;1732;0.7;24;Rio Grande do Norte;12381;2018;1146;30 a 34 anos;92957;Mulher;12381
Indicador  3.3.4;1732;3.6;24;Rio Grande do Norte;12381;2018;1147;35 a 39 anos;6794;Total;12381
Indicador  3.3.4;1732;4.4;24;Rio Grande do Norte;12381;2018;1147;35 a 39 anos;92956;Homem;12381
Indicador  3.3.4;1732;2.8;24;Rio Grande do Norte;12381;2018;1147;35 a 39 anos;92957;Mulher;12381
Indicador  3.3.4;1732;2.9;24;Rio Grande do Norte;12381;2018;1148;40 a 44 anos;6794;Total;12381
Indicador  3.3.4;1732;6.0;24;Rio Grande do Norte;12381;2018;1148;40 a 44 anos;92956;Homem;12381
Indicador  3.3.4;1732;0.0;24;Rio Grande do Norte;12381;2018;1148;40 a 44 anos;92957;Mulher;12381
Indicador  3.3.4;1732;1.8;24;Rio Grande do Norte;12381;2018;1149;45 a 49 anos;6794;Total;12381
Indicador  3.3.4;1732;1.0;24;Rio Grande do Norte;12381;2018;1149;45 a 49 anos;92956;Homem;12381
Indicador  3.3.4;1732;2.6;24;Rio Grande do Norte;12381;2018;1149;45 a 49 anos;92957;Mulher;12381
Indicador  3.3.4;1732;2.4;24;Rio Grande do Norte;12381;2018;1150;50 a 54 anos;6794;Total;12381
Indicador  3.3.4;1732;3.1;24;Rio Grande do Norte;12381;2018;1150;50 a 54 anos;92956;Homem;12381
Indicador  3.3.4;1732;1.9;24;Rio Grande do Norte;12381;2018;1150;50 a 54 anos;92957;Mulher;12381
Indicador  3.3.4;1732;5.3;24;Rio Grande do Norte;12381;2018;1151;55 a 59 anos;6794;Total;12381
Indicador  3.3.4;1732;7.6;24;Rio Grande do Norte;12381;2018;1151;55 a 59 anos;92956;Homem;12381
Indicador  3.3.4;1732;3.3;24;Rio Grande do Norte;12381;2018;1151;55 a 59 anos;92957;Mulher;12381
Indicador  3.3.4;1732;3.9;24;Rio Grande do Norte;12381;2018;3302;60 anos ou mais;6794;Total;12381
Indicador  3.3.4;1732;7.0;24;Rio Grande do Norte;12381;2018;3302;60 anos ou mais;92956;Homem;12381
Indicador  3.3.4;1732;1.6;24;Rio Grande do Norte;12381;2018;3302;60 anos ou mais;92957;Mulher;12381
Indicador  3.3.4;1732;2.0;24;Rio Grande do Norte;12381;2019;95253;Total;6794;Total;12381
Indicador  3.3.4;1732;2.3;24;Rio Grande do Norte;12381;2019;95253;Total;92956;Homem;12381
Indicador  3.3.4;1732;1.7;24;Rio Grande do Norte;12381;2019;95253;Total;92957;Mulher;12381
Indicador  3.3.4;1732;0.0;24;Rio Grande do Norte;12381;2019;1140;0 a 4 anos;6794;Total;12381
Indicador  3.3.4;1732;0.0;24;Rio Grande do Norte;12381;2019;1140;0 a 4 anos;92956;Homem;12381
Indicador  3.3.4;1732;0.0;24;Rio Grande do Norte;12381;2019;1140;0 a 4 anos;92957;Mulher;12381
Indicador  3.3.4;1732;0.0;24;Rio Grande do Norte;12381;2019;1141;5 a 9 anos;6794;Total;12381
Indicador  3.3.4;1732;0.0;24;Rio Grande do Norte;12381;2019;1141;5 a 9 anos;92956;Homem;12381
Indicador  3.3.4;1732;0.0;24;Rio Grande do Norte;12381;2019;1141;5 a 9 anos;92957;Mulher;12381
Indicador  3.3.4;1732;0.8;24;Rio Grande do Norte;12381;2019;1142;10 a 14 anos;6794;Total;12381
Indicador  3.3.4;1732;0.0;24;Rio Grande do Norte;12381;2019;1142;10 a 14 anos;92956;Homem;12381
Indicador  3.3.4;1732;1.6;24;Rio Grande do Norte;12381;2019;1142;10 a 14 anos;92957;Mulher;12381
Indicador  3.3.4;1732;0.0;24;Rio Grande do Norte;12381;2019;1143;15 a 19 anos;6794;Total;12381
Indicador  3.3.4;1732;0.0;24;Rio Grande do Norte;12381;2019;1143;15 a 19 anos;92956;Homem;12381
Indicador  3.3.4;1732;0.0;24;Rio Grande do Norte;12381;2019;1143;15 a 19 anos;92957;Mulher;12381
Indicador  3.3.4;1732;2.0;24;Rio Grande do Norte;12381;2019;1144;20 a 24 anos;6794;Total;12381
Indicador  3.3.4;1732;0.7;24;Rio Grande do Norte;12381;2019;1144;20 a 24 anos;92956;Homem;12381
Indicador  3.3.4;1732;3.4;24;Rio Grande do Norte;12381;2019;1144;20 a 24 anos;92957;Mulher;12381
Indicador  3.3.4;1732;3.0;24;Rio Grande do Norte;12381;2019;1145;25 a 29 anos;6794;Total;12381
Indicador  3.3.4;1732;0.7;24;Rio Grande do Norte;12381;2019;1145;25 a 29 anos;92956;Homem;12381
Indicador  3.3.4;1732;5.3;24;Rio Grande do Norte;12381;2019;1145;25 a 29 anos;92957;Mulher;12381
Indicador  3.3.4;1732;3.3;24;Rio Grande do Norte;12381;2019;1146;30 a 34 anos;6794;Total;12381
Indicador  3.3.4;1732;2.6;24;Rio Grande do Norte;12381;2019;1146;30 a 34 anos;92956;Homem;12381
Indicador  3.3.4;1732;3.9;24;Rio Grande do Norte;12381;2019;1146;30 a 34 anos;92957;Mulher;12381
Indicador  3.3.4;1732;2.8;24;Rio Grande do Norte;12381;2019;1147;35 a 39 anos;6794;Total;12381
Indicador  3.3.4;1732;4.3;24;Rio Grande do Norte;12381;2019;1147;35 a 39 anos;92956;Homem;12381
Indicador  3.3.4;1732;1.4;24;Rio Grande do Norte;12381;2019;1147;35 a 39 anos;92957;Mulher;12381
Indicador  3.3.4;1732;3.7;24;Rio Grande do Norte;12381;2019;1148;40 a 44 anos;6794;Total;12381
Indicador  3.3.4;1732;5.9;24;Rio Grande do Norte;12381;2019;1148;40 a 44 anos;92956;Homem;12381
Indicador  3.3.4;1732;1.6;24;Rio Grande do Norte;12381;2019;1148;40 a 44 anos;92957;Mulher;12381
Indicador  3.3.4;1732;2.7;24;Rio Grande do Norte;12381;2019;1149;45 a 49 anos;6794;Total;12381
Indicador  3.3.4;1732;3.8;24;Rio Grande do Norte;12381;2019;1149;45 a 49 anos;92956;Homem;12381
Indicador  3.3.4;1732;1.7;24;Rio Grande do Norte;12381;2019;1149;45 a 49 anos;92957;Mulher;12381
Indicador  3.3.4;1732;3.8;24;Rio Grande do Norte;12381;2019;1150;50 a 54 anos;6794;Total;12381
Indicador  3.3.4;1732;6.1;24;Rio Grande do Norte;12381;2019;1150;50 a 54 anos;92956;Homem;12381
Indicador  3.3.4;1732;1.8;24;Rio Grande do Norte;12381;2019;1150;50 a 54 anos;92957;Mulher;12381
Indicador  3.3.4;1732;2.8;24;Rio Grande do Norte;12381;2019;1151;55 a 59 anos;6794;Total;12381
Indicador  3.3.4;1732;4.8;24;Rio Grande do Norte;12381;2019;1151;55 a 59 anos;92956;Homem;12381
Indicador  3.3.4;1732;1.1;24;Rio Grande do Norte;12381;2019;1151;55 a 59 anos;92957;Mulher;12381
Indicador  3.3.4;1732;1.8;24;Rio Grande do Norte;12381;2019;3302;60 anos ou mais;6794;Total;12381
Indicador  3.3.4;1732;3.7;24;Rio Grande do Norte;12381;2019;3302;60 anos ou mais;92956;Homem;12381
Indicador  3.3.4;1732;0.4;24;Rio Grande do Norte;12381;2019;3302;60 anos ou mais;92957;Mulher;12381
Indicador  3.3.4;1732;0.8;24;Rio Grande do Norte;12381;2020;95253;Total;6794;Total;12381
Indicador  3.3.4;1732;0.9;24;Rio Grande do Norte;12381;2020;95253;Total;92956;Homem;12381
Indicador  3.3.4;1732;0.8;24;Rio Grande do Norte;12381;2020;95253;Total;92957;Mulher;12381
Indicador  3.3.4;1732;0.0;24;Rio Grande do Norte;12381;2020;1140;0 a 4 anos;6794;Total;12381
Indicador  3.3.4;1732;0.0;24;Rio Grande do Norte;12381;2020;1140;0 a 4 anos;92956;Homem;12381
Indicador  3.3.4;1732;0.0;24;Rio Grande do Norte;12381;2020;1140;0 a 4 anos;92957;Mulher;12381
Indicador  3.3.4;1732;0.0;24;Rio Grande do Norte;12381;2020;1141;5 a 9 anos;6794;Total;12381
Indicador  3.3.4;1732;0.0;24;Rio Grande do Norte;12381;2020;1141;5 a 9 anos;92956;Homem;12381
Indicador  3.3.4;1732;0.0;24;Rio Grande do Norte;12381;2020;1141;5 a 9 anos;92957;Mulher;12381
Indicador  3.3.4;1732;0.0;24;Rio Grande do Norte;12381;2020;1142;10 a 14 anos;6794;Total;12381
Indicador  3.3.4;1732;0.0;24;Rio Grande do Norte;12381;2020;1142;10 a 14 anos;92956;Homem;12381
Indicador  3.3.4;1732;0.0;24;Rio Grande do Norte;12381;2020;1142;10 a 14 anos;92957;Mulher;12381
Indicador  3.3.4;1732;0.0;24;Rio Grande do Norte;12381;2020;1143;15 a 19 anos;6794;Total;12381
Indicador  3.3.4;1732;0.0;24;Rio Grande do Norte;12381;2020;1143;15 a 19 anos;92956;Homem;12381
Indicador  3.3.4;1732;0.0;24;Rio Grande do Norte;12381;2020;1143;15 a 19 anos;92957;Mulher;12381
Indicador  3.3.4;1732;0.3;24;Rio Grande do Norte;12381;2020;1144;20 a 24 anos;6794;Total;12381
Indicador  3.3.4;1732;0.7;24;Rio Grande do Norte;12381;2020;1144;20 a 24 anos;92956;Homem;12381
Indicador  3.3.4;1732;0.0;24;Rio Grande do Norte;12381;2020;1144;20 a 24 anos;92957;Mulher;12381
Indicador  3.3.4;1732;1.4;24;Rio Grande do Norte;12381;2020;1145;25 a 29 anos;6794;Total;12381
Indicador  3.3.4;1732;0.7;24;Rio Grande do Norte;12381;2020;1145;25 a 29 anos;92956;Homem;12381
Indicador  3.3.4;1732;2.0;24;Rio Grande do Norte;12381;2020;1145;25 a 29 anos;92957;Mulher;12381
Indicador  3.3.4;1732;1.9;24;Rio Grande do Norte;12381;2020;1146;30 a 34 anos;6794;Total;12381
Indicador  3.3.4;1732;2.6;24;Rio Grande do Norte;12381;2020;1146;30 a 34 anos;92956;Homem;12381
Indicador  3.3.4;1732;1.3;24;Rio Grande do Norte;12381;2020;1146;30 a 34 anos;92957;Mulher;12381
Indicador  3.3.4;1732;2.4;24;Rio Grande do Norte;12381;2020;1147;35 a 39 anos;6794;Total;12381
Indicador  3.3.4;1732;1.4;24;Rio Grande do Norte;12381;2020;1147;35 a 39 anos;92956;Homem;12381
Indicador  3.3.4;1732;3.4;24;Rio Grande do Norte;12381;2020;1147;35 a 39 anos;92957;Mulher;12381
Indicador  3.3.4;1732;1.6;24;Rio Grande do Norte;12381;2020;1148;40 a 44 anos;6794;Total;12381
Indicador  3.3.4;1732;1.6;24;Rio Grande do Norte;12381;2020;1148;40 a 44 anos;92956;Homem;12381
Indicador  3.3.4;1732;1.5;24;Rio Grande do Norte;12381;2020;1148;40 a 44 anos;92957;Mulher;12381
Indicador  3.3.4;1732;0.0;24;Rio Grande do Norte;12381;2020;1149;45 a 49 anos;6794;Total;12381
Indicador  3.3.4;1732;0.0;24;Rio Grande do Norte;12381;2020;1149;45 a 49 anos;92956;Homem;12381
Indicador  3.3.4;1732;0.0;24;Rio Grande do Norte;12381;2020;1149;45 a 49 anos;92957;Mulher;12381
Indicador  3.3.4;1732;0.9;24;Rio Grande do Norte;12381;2020;1150;50 a 54 anos;6794;Total;12381
Indicador  3.3.4;1732;1.0;24;Rio Grande do Norte;12381;2020;1150;50 a 54 anos;92956;Homem;12381
Indicador  3.3.4;1732;0.9;24;Rio Grande do Norte;12381;2020;1150;50 a 54 anos;92957;Mulher;12381
Indicador  3.3.4;1732;1.6;24;Rio Grande do Norte;12381;2020;1151;55 a 59 anos;6794;Total;12381
Indicador  3.3.4;1732;2.3;24;Rio Grande do Norte;12381;2020;1151;55 a 59 anos;92956;Homem;12381
Indicador  3.3.4;1732;1.0;24;Rio Grande do Norte;12381;2020;1151;55 a 59 anos;92957;Mulher;12381
Indicador  3.3.4;1732;0.6;24;Rio Grande do Norte;12381;2020;3302;60 anos ou mais;6794;Total;12381
Indicador  3.3.4;1732;1.5;24;Rio Grande do Norte;12381;2020;3302;60 anos ou mais;92956;Homem;12381
Indicador  3.3.4;1732;0.0;24;Rio Grande do Norte;12381;2020;3302;60 anos ou mais;92957;Mulher;12381
Indicador  3.3.4;1732;1.3;24;Rio Grande do Norte;12381;2021;95253;Total;6794;Total;12381
Indicador  3.3.4;1732;1.7;24;Rio Grande do Norte;12381;2021;95253;Total;92956;Homem;12381
Indicador  3.3.4;1732;0.9;24;Rio Grande do Norte;12381;2021;95253;Total;92957;Mulher;12381
Indicador  3.3.4;1732;0.4;24;Rio Grande do Norte;12381;2021;1140;0 a 4 anos;6794;Total;12381
Indicador  3.3.4;1732;0.8;24;Rio Grande do Norte;12381;2021;1140;0 a 4 anos;92956;Homem;12381
Indicador  3.3.4;1732;0.0;24;Rio Grande do Norte;12381;2021;1140;0 a 4 anos;92957;Mulher;12381
Indicador  3.3.4;1732;0.0;24;Rio Grande do Norte;12381;2021;1141;5 a 9 anos;6794;Total;12381
Indicador  3.3.4;1732;0.0;24;Rio Grande do Norte;12381;2021;1141;5 a 9 anos;92956;Homem;12381
Indicador  3.3.4;1732;0.0;24;Rio Grande do Norte;12381;2021;1141;5 a 9 anos;92957;Mulher;12381
Indicador  3.3.4;1732;0.0;24;Rio Grande do Norte;12381;2021;1142;10 a 14 anos;6794;Total;12381
Indicador  3.3.4;1732;0.0;24;Rio Grande do Norte;12381;2021;1142;10 a 14 anos;92956;Homem;12381
Indicador  3.3.4;1732;0.0;24;Rio Grande do Norte;12381;2021;1142;10 a 14 anos;92957;Mulher;12381
Indicador  3.3.4;1732;0.0;24;Rio Grande do Norte;12381;2021;1143;15 a 19 anos;6794;Total;12381
Indicador  3.3.4;1732;0.0;24;Rio Grande do Norte;12381;2021;1143;15 a 19 anos;92956;Homem;12381
Indicador  3.3.4;1732;0.0;24;Rio Grande do Norte;12381;2021;1143;15 a 19 anos;92957;Mulher;12381
Indicador  3.3.4;1732;2.4;24;Rio Grande do Norte;12381;2021;1144;20 a 24 anos;6794;Total;12381
Indicador  3.3.4;1732;2.0;24;Rio Grande do Norte;12381;2021;1144;20 a 24 anos;92956;Homem;12381
Indicador  3.3.4;1732;2.8;24;Rio Grande do Norte;12381;2021;1144;20 a 24 anos;92957;Mulher;12381
Indicador  3.3.4;1732;1.7;24;Rio Grande do Norte;12381;2021;1145;25 a 29 anos;6794;Total;12381
Indicador  3.3.4;1732;2.0;24;Rio Grande do Norte;12381;2021;1145;25 a 29 anos;92956;Homem;12381
Indicador  3.3.4;1732;1.4;24;Rio Grande do Norte;12381;2021;1145;25 a 29 anos;92957;Mulher;12381
Indicador  3.3.4;1732;1.6;24;Rio Grande do Norte;12381;2021;1146;30 a 34 anos;6794;Total;12381
Indicador  3.3.4;1732;0.7;24;Rio Grande do Norte;12381;2021;1146;30 a 34 anos;92956;Homem;12381
Indicador  3.3.4;1732;2.6;24;Rio Grande do Norte;12381;2021;1146;30 a 34 anos;92957;Mulher;12381
Indicador  3.3.4;1732;2.0;24;Rio Grande do Norte;12381;2021;1147;35 a 39 anos;6794;Total;12381
Indicador  3.3.4;1732;2.8;24;Rio Grande do Norte;12381;2021;1147;35 a 39 anos;92956;Homem;12381
Indicador  3.3.4;1732;1.3;24;Rio Grande do Norte;12381;2021;1147;35 a 39 anos;92957;Mulher;12381
Indicador  3.3.4;1732;0.8;24;Rio Grande do Norte;12381;2021;1148;40 a 44 anos;6794;Total;12381
Indicador  3.3.4;1732;0.8;24;Rio Grande do Norte;12381;2021;1148;40 a 44 anos;92956;Homem;12381
Indicador  3.3.4;1732;0.7;24;Rio Grande do Norte;12381;2021;1148;40 a 44 anos;92957;Mulher;12381
Indicador  3.3.4;1732;2.2;24;Rio Grande do Norte;12381;2021;1149;45 a 49 anos;6794;Total;12381
Indicador  3.3.4;1732;2.8;24;Rio Grande do Norte;12381;2021;1149;45 a 49 anos;92956;Homem;12381
Indicador  3.3.4;1732;1.7;24;Rio Grande do Norte;12381;2021;1149;45 a 49 anos;92957;Mulher;12381
Indicador  3.3.4;1732;0.9;24;Rio Grande do Norte;12381;2021;1150;50 a 54 anos;6794;Total;12381
Indicador  3.3.4;1732;1.0;24;Rio Grande do Norte;12381;2021;1150;50 a 54 anos;92956;Homem;12381
Indicador  3.3.4;1732;0.9;24;Rio Grande do Norte;12381;2021;1150;50 a 54 anos;92957;Mulher;12381
Indicador  3.3.4;1732;1.6;24;Rio Grande do Norte;12381;2021;1151;55 a 59 anos;6794;Total;12381
Indicador  3.3.4;1732;2.2;24;Rio Grande do Norte;12381;2021;1151;55 a 59 anos;92956;Homem;12381
Indicador  3.3.4;1732;1.0;24;Rio Grande do Norte;12381;2021;1151;55 a 59 anos;92957;Mulher;12381
Indicador  3.3.4;1732;2.1;24;Rio Grande do Norte;12381;2021;3302;60 anos ou mais;6794;Total;12381
Indicador  3.3.4;1732;4.9;24;Rio Grande do Norte;12381;2021;3302;60 anos ou mais;92956;Homem;12381
Indicador  3.3.4;1732;0.0;24;Rio Grande do Norte;12381;2021;3302;60 anos ou mais;92957;Mulher;12381
Indicador  3.3.4;1732;1.0;24;Rio Grande do Norte;12381;2022;95253;Total;6794;Total;12381
Indicador  3.3.4;1732;1.4;24;Rio Grande do Norte;12381;2022;95253;Total;92956;Homem;12381
Indicador  3.3.4;1732;0.6;24;Rio Grande do Norte;12381;2022;95253;Total;92957;Mulher;12381
Indicador  3.3.4;1732;0.0;24;Rio Grande do Norte;12381;2022;1140;0 a 4 anos;6794;Total;12381
Indicador  3.3.4;1732;0.0;24;Rio Grande do Norte;12381;2022;1140;0 a 4 anos;92956;Homem;12381
Indicador  3.3.4;1732;0.0;24;Rio Grande do Norte;12381;2022;1140;0 a 4 anos;92957;Mulher;12381
Indicador  3.3.4;1732;0.0;24;Rio Grande do Norte;12381;2022;1141;5 a 9 anos;6794;Total;12381
Indicador  3.3.4;1732;0.0;24;Rio Grande do Norte;12381;2022;1141;5 a 9 anos;92956;Homem;12381
Indicador  3.3.4;1732;0.0;24;Rio Grande do Norte;12381;2022;1141;5 a 9 anos;92957;Mulher;12381
Indicador  3.3.4;1732;0.0;24;Rio Grande do Norte;12381;2022;1142;10 a 14 anos;6794;Total;12381
Indicador  3.3.4;1732;0.0;24;Rio Grande do Norte;12381;2022;1142;10 a 14 anos;92956;Homem;12381
Indicador  3.3.4;1732;0.0;24;Rio Grande do Norte;12381;2022;1142;10 a 14 anos;92957;Mulher;12381
Indicador  3.3.4;1732;0.0;24;Rio Grande do Norte;12381;2022;1143;15 a 19 anos;6794;Total;12381
Indicador  3.3.4;1732;0.0;24;Rio Grande do Norte;12381;2022;1143;15 a 19 anos;92956;Homem;12381
Indicador  3.3.4;1732;0.0;24;Rio Grande do Norte;12381;2022;1143;15 a 19 anos;92957;Mulher;12381
Indicador  3.3.4;1732;0.0;24;Rio Grande do Norte;12381;2022;1144;20 a 24 anos;6794;Total;12381
Indicador  3.3.4;1732;0.0;24;Rio Grande do Norte;12381;2022;1144;20 a 24 anos;92956;Homem;12381
Indicador  3.3.4;1732;0.0;24;Rio Grande do Norte;12381;2022;1144;20 a 24 anos;92957;Mulher;12381
Indicador  3.3.4;1732;1.0;24;Rio Grande do Norte;12381;2022;1145;25 a 29 anos;6794;Total;12381
Indicador  3.3.4;1732;1.4;24;Rio Grande do Norte;12381;2022;1145;25 a 29 anos;92956;Homem;12381
Indicador  3.3.4;1732;0.7;24;Rio Grande do Norte;12381;2022;1145;25 a 29 anos;92957;Mulher;12381
Indicador  3.3.4;1732;2.0;24;Rio Grande do Norte;12381;2022;1146;30 a 34 anos;6794;Total;12381
Indicador  3.3.4;1732;1.3;24;Rio Grande do Norte;12381;2022;1146;30 a 34 anos;92956;Homem;12381
Indicador  3.3.4;1732;2.6;24;Rio Grande do Norte;12381;2022;1146;30 a 34 anos;92957;Mulher;12381
Indicador  3.3.4;1732;0.3;24;Rio Grande do Norte;12381;2022;1147;35 a 39 anos;6794;Total;12381
Indicador  3.3.4;1732;0.7;24;Rio Grande do Norte;12381;2022;1147;35 a 39 anos;92956;Homem;12381
Indicador  3.3.4;1732;0.0;24;Rio Grande do Norte;12381;2022;1147;35 a 39 anos;92957;Mulher;12381
Indicador  3.3.4;1732;0.4;24;Rio Grande do Norte;12381;2022;1148;40 a 44 anos;6794;Total;12381
Indicador  3.3.4;1732;0.8;24;Rio Grande do Norte;12381;2022;1148;40 a 44 anos;92956;Homem;12381
Indicador  3.3.4;1732;0.0;24;Rio Grande do Norte;12381;2022;1148;40 a 44 anos;92957;Mulher;12381
Indicador  3.3.4;1732;0.9;24;Rio Grande do Norte;12381;2022;1149;45 a 49 anos;6794;Total;12381
Indicador  3.3.4;1732;1.8;24;Rio Grande do Norte;12381;2022;1149;45 a 49 anos;92956;Homem;12381
Indicador  3.3.4;1732;0.0;24;Rio Grande do Norte;12381;2022;1149;45 a 49 anos;92957;Mulher;12381
Indicador  3.3.4;1732;3.3;24;Rio Grande do Norte;12381;2022;1150;50 a 54 anos;6794;Total;12381
Indicador  3.3.4;1732;4.9;24;Rio Grande do Norte;12381;2022;1150;50 a 54 anos;92956;Homem;12381
Indicador  3.3.4;1732;1.8;24;Rio Grande do Norte;12381;2022;1150;50 a 54 anos;92957;Mulher;12381
Indicador  3.3.4;1732;1.0;24;Rio Grande do Norte;12381;2022;1151;55 a 59 anos;6794;Total;12381
Indicador  3.3.4;1732;2.2;24;Rio Grande do Norte;12381;2022;1151;55 a 59 anos;92956;Homem;12381
Indicador  3.3.4;1732;0.0;24;Rio Grande do Norte;12381;2022;1151;55 a 59 anos;92957;Mulher;12381
Indicador  3.3.4;1732;2.8;24;Rio Grande do Norte;12381;2022;3302;60 anos ou mais;6794;Total;12381
Indicador  3.3.4;1732;4.7;24;Rio Grande do Norte;12381;2022;3302;60 anos ou mais;92956;Homem;12381
Indicador  3.3.4;1732;1.4;24;Rio Grande do Norte;12381;2022;3302;60 anos ou mais;92957;Mulher;12381
Indicador  3.3.4;1732;3.1;25;Paraíba;12381;2018;95253;Total;6794;Total;12381
Indicador  3.3.4;1732;3.8;25;Paraíba;12381;2018;95253;Total;92956;Homem;12381
Indicador  3.3.4;1732;2.4;25;Paraíba;12381;2018;95253;Total;92957;Mulher;12381
Indicador  3.3.4;1732;0.7;25;Paraíba;12381;2018;1140;0 a 4 anos;6794;Total;12381
Indicador  3.3.4;1732;0.7;25;Paraíba;12381;2018;1140;0 a 4 anos;92956;Homem;12381
Indicador  3.3.4;1732;0.7;25;Paraíba;12381;2018;1140;0 a 4 anos;92957;Mulher;12381
Indicador  3.3.4;1732;0.0;25;Paraíba;12381;2018;1141;5 a 9 anos;6794;Total;12381
Indicador  3.3.4;1732;0.0;25;Paraíba;12381;2018;1141;5 a 9 anos;92956;Homem;12381
Indicador  3.3.4;1732;0.0;25;Paraíba;12381;2018;1141;5 a 9 anos;92957;Mulher;12381
Indicador  3.3.4;1732;0.3;25;Paraíba;12381;2018;1142;10 a 14 anos;6794;Total;12381
Indicador  3.3.4;1732;0.6;25;Paraíba;12381;2018;1142;10 a 14 anos;92956;Homem;12381
Indicador  3.3.4;1732;0.0;25;Paraíba;12381;2018;1142;10 a 14 anos;92957;Mulher;12381
Indicador  3.3.4;1732;1.2;25;Paraíba;12381;2018;1143;15 a 19 anos;6794;Total;12381
Indicador  3.3.4;1732;0.6;25;Paraíba;12381;2018;1143;15 a 19 anos;92956;Homem;12381
Indicador  3.3.4;1732;1.8;25;Paraíba;12381;2018;1143;15 a 19 anos;92957;Mulher;12381
Indicador  3.3.4;1732;2.1;25;Paraíba;12381;2018;1144;20 a 24 anos;6794;Total;12381
Indicador  3.3.4;1732;2.4;25;Paraíba;12381;2018;1144;20 a 24 anos;92956;Homem;12381
Indicador  3.3.4;1732;1.8;25;Paraíba;12381;2018;1144;20 a 24 anos;92957;Mulher;12381
Indicador  3.3.4;1732;4.3;25;Paraíba;12381;2018;1145;25 a 29 anos;6794;Total;12381
Indicador  3.3.4;1732;5.6;25;Paraíba;12381;2018;1145;25 a 29 anos;92956;Homem;12381
Indicador  3.3.4;1732;3.0;25;Paraíba;12381;2018;1145;25 a 29 anos;92957;Mulher;12381
Indicador  3.3.4;1732;5.8;25;Paraíba;12381;2018;1146;30 a 34 anos;6794;Total;12381
Indicador  3.3.4;1732;7.6;25;Paraíba;12381;2018;1146;30 a 34 anos;92956;Homem;12381
Indicador  3.3.4;1732;4.2;25;Paraíba;12381;2018;1146;30 a 34 anos;92957;Mulher;12381
Indicador  3.3.4;1732;3.5;25;Paraíba;12381;2018;1147;35 a 39 anos;6794;Total;12381
Indicador  3.3.4;1732;4.0;25;Paraíba;12381;2018;1147;35 a 39 anos;92956;Homem;12381
Indicador  3.3.4;1732;3.1;25;Paraíba;12381;2018;1147;35 a 39 anos;92957;Mulher;12381
Indicador  3.3.4;1732;5.4;25;Paraíba;12381;2018;1148;40 a 44 anos;6794;Total;12381
Indicador  3.3.4;1732;6.8;25;Paraíba;12381;2018;1148;40 a 44 anos;92956;Homem;12381
Indicador  3.3.4;1732;4.1;25;Paraíba;12381;2018;1148;40 a 44 anos;92957;Mulher;12381
Indicador  3.3.4;1732;5.6;25;Paraíba;12381;2018;1149;45 a 49 anos;6794;Total;12381
Indicador  3.3.4;1732;6.8;25;Paraíba;12381;2018;1149;45 a 49 anos;92956;Homem;12381
Indicador  3.3.4;1732;4.6;25;Paraíba;12381;2018;1149;45 a 49 anos;92957;Mulher;12381
Indicador  3.3.4;1732;6.2;25;Paraíba;12381;2018;1150;50 a 54 anos;6794;Total;12381
Indicador  3.3.4;1732;8.4;25;Paraíba;12381;2018;1150;50 a 54 anos;92956;Homem;12381
Indicador  3.3.4;1732;4.1;25;Paraíba;12381;2018;1150;50 a 54 anos;92957;Mulher;12381
Indicador  3.3.4;1732;3.2;25;Paraíba;12381;2018;1151;55 a 59 anos;6794;Total;12381
Indicador  3.3.4;1732;5.7;25;Paraíba;12381;2018;1151;55 a 59 anos;92956;Homem;12381
Indicador  3.3.4;1732;1.0;25;Paraíba;12381;2018;1151;55 a 59 anos;92957;Mulher;12381
Indicador  3.3.4;1732;2.8;25;Paraíba;12381;2018;3302;60 anos ou mais;6794;Total;12381
Indicador  3.3.4;1732;3.5;25;Paraíba;12381;2018;3302;60 anos ou mais;92956;Homem;12381
Indicador  3.3.4;1732;2.3;25;Paraíba;12381;2018;3302;60 anos ou mais;92957;Mulher;12381
Indicador  3.3.4;1732;3.0;25;Paraíba;12381;2019;95253;Total;6794;Total;12381
Indicador  3.3.4;1732;3.5;25;Paraíba;12381;2019;95253;Total;92956;Homem;12381
Indicador  3.3.4;1732;2.6;25;Paraíba;12381;2019;95253;Total;92957;Mulher;12381
Indicador  3.3.4;1732;0.3;25;Paraíba;12381;2019;1140;0 a 4 anos;6794;Total;12381
Indicador  3.3.4;1732;0.0;25;Paraíba;12381;2019;1140;0 a 4 anos;92956;Homem;12381
Indicador  3.3.4;1732;0.7;25;Paraíba;12381;2019;1140;0 a 4 anos;92957;Mulher;12381
Indicador  3.3.4;1732;0.0;25;Paraíba;12381;2019;1141;5 a 9 anos;6794;Total;12381
Indicador  3.3.4;1732;0.0;25;Paraíba;12381;2019;1141;5 a 9 anos;92956;Homem;12381
Indicador  3.3.4;1732;0.0;25;Paraíba;12381;2019;1141;5 a 9 anos;92957;Mulher;12381
Indicador  3.3.4;1732;0.0;25;Paraíba;12381;2019;1142;10 a 14 anos;6794;Total;12381
Indicador  3.3.4;1732;0.0;25;Paraíba;12381;2019;1142;10 a 14 anos;92956;Homem;12381
Indicador  3.3.4;1732;0.0;25;Paraíba;12381;2019;1142;10 a 14 anos;92957;Mulher;12381
Indicador  3.3.4;1732;0.3;25;Paraíba;12381;2019;1143;15 a 19 anos;6794;Total;12381
Indicador  3.3.4;1732;0.0;25;Paraíba;12381;2019;1143;15 a 19 anos;92956;Homem;12381
Indicador  3.3.4;1732;0.6;25;Paraíba;12381;2019;1143;15 a 19 anos;92957;Mulher;12381
Indicador  3.3.4;1732;4.7;25;Paraíba;12381;2019;1144;20 a 24 anos;6794;Total;12381
Indicador  3.3.4;1732;4.7;25;Paraíba;12381;2019;1144;20 a 24 anos;92956;Homem;12381
Indicador  3.3.4;1732;4.7;25;Paraíba;12381;2019;1144;20 a 24 anos;92957;Mulher;12381
Indicador  3.3.4;1732;5.5;25;Paraíba;12381;2019;1145;25 a 29 anos;6794;Total;12381
Indicador  3.3.4;1732;4.4;25;Paraíba;12381;2019;1145;25 a 29 anos;92956;Homem;12381
Indicador  3.3.4;1732;6.6;25;Paraíba;12381;2019;1145;25 a 29 anos;92957;Mulher;12381
Indicador  3.3.4;1732;5.2;25;Paraíba;12381;2019;1146;30 a 34 anos;6794;Total;12381
Indicador  3.3.4;1732;3.2;25;Paraíba;12381;2019;1146;30 a 34 anos;92956;Homem;12381
Indicador  3.3.4;1732;7.1;25;Paraíba;12381;2019;1146;30 a 34 anos;92957;Mulher;12381
Indicador  3.3.4;1732;3.8;25;Paraíba;12381;2019;1147;35 a 39 anos;6794;Total;12381
Indicador  3.3.4;1732;5.3;25;Paraíba;12381;2019;1147;35 a 39 anos;92956;Homem;12381
Indicador  3.3.4;1732;2.4;25;Paraíba;12381;2019;1147;35 a 39 anos;92957;Mulher;12381
Indicador  3.3.4;1732;3.8;25;Paraíba;12381;2019;1148;40 a 44 anos;6794;Total;12381
Indicador  3.3.4;1732;5.1;25;Paraíba;12381;2019;1148;40 a 44 anos;92956;Homem;12381
Indicador  3.3.4;1732;2.7;25;Paraíba;12381;2019;1148;40 a 44 anos;92957;Mulher;12381
Indicador  3.3.4;1732;4.8;25;Paraíba;12381;2019;1149;45 a 49 anos;6794;Total;12381
Indicador  3.3.4;1732;6.7;25;Paraíba;12381;2019;1149;45 a 49 anos;92956;Homem;12381
Indicador  3.3.4;1732;3.0;25;Paraíba;12381;2019;1149;45 a 49 anos;92957;Mulher;12381
Indicador  3.3.4;1732;5.6;25;Paraíba;12381;2019;1150;50 a 54 anos;6794;Total;12381
Indicador  3.3.4;1732;8.3;25;Paraíba;12381;2019;1150;50 a 54 anos;92956;Homem;12381
Indicador  3.3.4;1732;3.2;25;Paraíba;12381;2019;1150;50 a 54 anos;92957;Mulher;12381
Indicador  3.3.4;1732;2.6;25;Paraíba;12381;2019;1151;55 a 59 anos;6794;Total;12381
Indicador  3.3.4;1732;3.3;25;Paraíba;12381;2019;1151;55 a 59 anos;92956;Homem;12381
Indicador  3.3.4;1732;1.9;25;Paraíba;12381;2019;1151;55 a 59 anos;92957;Mulher;12381
Indicador  3.3.4;1732;2.9;25;Paraíba;12381;2019;3302;60 anos ou mais;6794;Total;12381
Indicador  3.3.4;1732;5.1;25;Paraíba;12381;2019;3302;60 anos ou mais;92956;Homem;12381
Indicador  3.3.4;1732;1.3;25;Paraíba;12381;2019;3302;60 anos ou mais;92957;Mulher;12381
Indicador  3.3.4;1732;1.5;25;Paraíba;12381;2020;95253;Total;6794;Total;12381
Indicador  3.3.4;1732;1.7;25;Paraíba;12381;2020;95253;Total;92956;Homem;12381
Indicador  3.3.4;1732;1.2;25;Paraíba;12381;2020;95253;Total;92957;Mulher;12381
Indicador  3.3.4;1732;0.0;25;Paraíba;12381;2020;1140;0 a 4 anos;6794;Total;12381
Indicador  3.3.4;1732;0.0;25;Paraíba;12381;2020;1140;0 a 4 anos;92956;Homem;12381
Indicador  3.3.4;1732;0.0;25;Paraíba;12381;2020;1140;0 a 4 anos;92957;Mulher;12381
Indicador  3.3.4;1732;0.0;25;Paraíba;12381;2020;1141;5 a 9 anos;6794;Total;12381
Indicador  3.3.4;1732;0.0;25;Paraíba;12381;2020;1141;5 a 9 anos;92956;Homem;12381
Indicador  3.3.4;1732;0.0;25;Paraíba;12381;2020;1141;5 a 9 anos;92957;Mulher;12381
Indicador  3.3.4;1732;0.0;25;Paraíba;12381;2020;1142;10 a 14 anos;6794;Total;12381
Indicador  3.3.4;1732;0.0;25;Paraíba;12381;2020;1142;10 a 14 anos;92956;Homem;12381
Indicador  3.3.4;1732;0.0;25;Paraíba;12381;2020;1142;10 a 14 anos;92957;Mulher;12381
Indicador  3.3.4;1732;0.3;25;Paraíba;12381;2020;1143;15 a 19 anos;6794;Total;12381
Indicador  3.3.4;1732;0.0;25;Paraíba;12381;2020;1143;15 a 19 anos;92956;Homem;12381
Indicador  3.3.4;1732;0.6;25;Paraíba;12381;2020;1143;15 a 19 anos;92957;Mulher;12381
Indicador  3.3.4;1732;0.9;25;Paraíba;12381;2020;1144;20 a 24 anos;6794;Total;12381
Indicador  3.3.4;1732;1.2;25;Paraíba;12381;2020;1144;20 a 24 anos;92956;Homem;12381
Indicador  3.3.4;1732;0.6;25;Paraíba;12381;2020;1144;20 a 24 anos;92957;Mulher;12381
Indicador  3.3.4;1732;2.1;25;Paraíba;12381;2020;1145;25 a 29 anos;6794;Total;12381
Indicador  3.3.4;1732;1.9;25;Paraíba;12381;2020;1145;25 a 29 anos;92956;Homem;12381
Indicador  3.3.4;1732;2.4;25;Paraíba;12381;2020;1145;25 a 29 anos;92957;Mulher;12381
Indicador  3.3.4;1732;1.9;25;Paraíba;12381;2020;1146;30 a 34 anos;6794;Total;12381
Indicador  3.3.4;1732;1.3;25;Paraíba;12381;2020;1146;30 a 34 anos;92956;Homem;12381
Indicador  3.3.4;1732;2.4;25;Paraíba;12381;2020;1146;30 a 34 anos;92957;Mulher;12381
Indicador  3.3.4;1732;3.8;25;Paraíba;12381;2020;1147;35 a 39 anos;6794;Total;12381
Indicador  3.3.4;1732;4.6;25;Paraíba;12381;2020;1147;35 a 39 anos;92956;Homem;12381
Indicador  3.3.4;1732;3.0;25;Paraíba;12381;2020;1147;35 a 39 anos;92957;Mulher;12381
Indicador  3.3.4;1732;2.4;25;Paraíba;12381;2020;1148;40 a 44 anos;6794;Total;12381
Indicador  3.3.4;1732;2.9;25;Paraíba;12381;2020;1148;40 a 44 anos;92956;Homem;12381
Indicador  3.3.4;1732;2.0;25;Paraíba;12381;2020;1148;40 a 44 anos;92957;Mulher;12381
Indicador  3.3.4;1732;3.5;25;Paraíba;12381;2020;1149;45 a 49 anos;6794;Total;12381
Indicador  3.3.4;1732;4.1;25;Paraíba;12381;2020;1149;45 a 49 anos;92956;Homem;12381
Indicador  3.3.4;1732;3.0;25;Paraíba;12381;2020;1149;45 a 49 anos;92957;Mulher;12381
Indicador  3.3.4;1732;1.3;25;Paraíba;12381;2020;1150;50 a 54 anos;6794;Total;12381
Indicador  3.3.4;1732;0.9;25;Paraíba;12381;2020;1150;50 a 54 anos;92956;Homem;12381
Indicador  3.3.4;1732;1.6;25;Paraíba;12381;2020;1150;50 a 54 anos;92957;Mulher;12381
Indicador  3.3.4;1732;2.0;25;Paraíba;12381;2020;1151;55 a 59 anos;6794;Total;12381
Indicador  3.3.4;1732;4.3;25;Paraíba;12381;2020;1151;55 a 59 anos;92956;Homem;12381
Indicador  3.3.4;1732;0.0;25;Paraíba;12381;2020;1151;55 a 59 anos;92957;Mulher;12381
Indicador  3.3.4;1732;1.2;25;Paraíba;12381;2020;3302;60 anos ou mais;6794;Total;12381
Indicador  3.3.4;1732;2.5;25;Paraíba;12381;2020;3302;60 anos ou mais;92956;Homem;12381
Indicador  3.3.4;1732;0.3;25;Paraíba;12381;2020;3302;60 anos ou mais;92957;Mulher;12381
Indicador  3.3.4;1732;1.8;25;Paraíba;12381;2021;95253;Total;6794;Total;12381
Indicador  3.3.4;1732;2.2;25;Paraíba;12381;2021;95253;Total;92956;Homem;12381
Indicador  3.3.4;1732;1.5;25;Paraíba;12381;2021;95253;Total;92957;Mulher;12381
Indicador  3.3.4;1732;0.0;25;Paraíba;12381;2021;1140;0 a 4 anos;6794;Total;12381
Indicador  3.3.4;1732;0.0;25;Paraíba;12381;2021;1140;0 a 4 anos;92956;Homem;12381
Indicador  3.3.4;1732;0.0;25;Paraíba;12381;2021;1140;0 a 4 anos;92957;Mulher;12381
Indicador  3.3.4;1732;0.0;25;Paraíba;12381;2021;1141;5 a 9 anos;6794;Total;12381
Indicador  3.3.4;1732;0.0;25;Paraíba;12381;2021;1141;5 a 9 anos;92956;Homem;12381
Indicador  3.3.4;1732;0.0;25;Paraíba;12381;2021;1141;5 a 9 anos;92957;Mulher;12381
Indicador  3.3.4;1732;0.0;25;Paraíba;12381;2021;1142;10 a 14 anos;6794;Total;12381
Indicador  3.3.4;1732;0.0;25;Paraíba;12381;2021;1142;10 a 14 anos;92956;Homem;12381
Indicador  3.3.4;1732;0.0;25;Paraíba;12381;2021;1142;10 a 14 anos;92957;Mulher;12381
Indicador  3.3.4;1732;0.0;25;Paraíba;12381;2021;1143;15 a 19 anos;6794;Total;12381
Indicador  3.3.4;1732;0.0;25;Paraíba;12381;2021;1143;15 a 19 anos;92956;Homem;12381
Indicador  3.3.4;1732;0.0;25;Paraíba;12381;2021;1143;15 a 19 anos;92957;Mulher;12381
Indicador  3.3.4;1732;1.5;25;Paraíba;12381;2021;1144;20 a 24 anos;6794;Total;12381
Indicador  3.3.4;1732;1.2;25;Paraíba;12381;2021;1144;20 a 24 anos;92956;Homem;12381
Indicador  3.3.4;1732;1.8;25;Paraíba;12381;2021;1144;20 a 24 anos;92957;Mulher;12381
Indicador  3.3.4;1732;1.8;25;Paraíba;12381;2021;1145;25 a 29 anos;6794;Total;12381
Indicador  3.3.4;1732;0.0;25;Paraíba;12381;2021;1145;25 a 29 anos;92956;Homem;12381
Indicador  3.3.4;1732;3.6;25;Paraíba;12381;2021;1145;25 a 29 anos;92957;Mulher;12381
Indicador  3.3.4;1732;3.7;25;Paraíba;12381;2021;1146;30 a 34 anos;6794;Total;12381
Indicador  3.3.4;1732;1.9;25;Paraíba;12381;2021;1146;30 a 34 anos;92956;Homem;12381
Indicador  3.3.4;1732;5.4;25;Paraíba;12381;2021;1146;30 a 34 anos;92957;Mulher;12381
Indicador  3.3.4;1732;3.5;25;Paraíba;12381;2021;1147;35 a 39 anos;6794;Total;12381
Indicador  3.3.4;1732;3.9;25;Paraíba;12381;2021;1147;35 a 39 anos;92956;Homem;12381
Indicador  3.3.4;1732;3.0;25;Paraíba;12381;2021;1147;35 a 39 anos;92957;Mulher;12381
Indicador  3.3.4;1732;2.3;25;Paraíba;12381;2021;1148;40 a 44 anos;6794;Total;12381
Indicador  3.3.4;1732;2.1;25;Paraíba;12381;2021;1148;40 a 44 anos;92956;Homem;12381
Indicador  3.3.4;1732;2.6;25;Paraíba;12381;2021;1148;40 a 44 anos;92957;Mulher;12381
Indicador  3.3.4;1732;2.3;25;Paraíba;12381;2021;1149;45 a 49 anos;6794;Total;12381
Indicador  3.3.4;1732;4.1;25;Paraíba;12381;2021;1149;45 a 49 anos;92956;Homem;12381
Indicador  3.3.4;1732;0.7;25;Paraíba;12381;2021;1149;45 a 49 anos;92957;Mulher;12381
Indicador  3.3.4;1732;2.1;25;Paraíba;12381;2021;1150;50 a 54 anos;6794;Total;12381
Indicador  3.3.4;1732;4.5;25;Paraíba;12381;2021;1150;50 a 54 anos;92956;Homem;12381
Indicador  3.3.4;1732;0.0;25;Paraíba;12381;2021;1150;50 a 54 anos;92957;Mulher;12381
Indicador  3.3.4;1732;4.3;25;Paraíba;12381;2021;1151;55 a 59 anos;6794;Total;12381
Indicador  3.3.4;1732;7.2;25;Paraíba;12381;2021;1151;55 a 59 anos;92956;Homem;12381
Indicador  3.3.4;1732;1.8;25;Paraíba;12381;2021;1151;55 a 59 anos;92957;Mulher;12381
Indicador  3.3.4;1732;2.4;25;Paraíba;12381;2021;3302;60 anos ou mais;6794;Total;12381
Indicador  3.3.4;1732;4.9;25;Paraíba;12381;2021;3302;60 anos ou mais;92956;Homem;12381
Indicador  3.3.4;1732;0.6;25;Paraíba;12381;2021;3302;60 anos ou mais;92957;Mulher;12381
Indicador  3.3.4;1732;1.9;25;Paraíba;12381;2022;95253;Total;6794;Total;12381
Indicador  3.3.4;1732;2.0;25;Paraíba;12381;2022;95253;Total;92956;Homem;12381
Indicador  3.3.4;1732;1.7;25;Paraíba;12381;2022;95253;Total;92957;Mulher;12381
Indicador  3.3.4;1732;0.4;25;Paraíba;12381;2022;1140;0 a 4 anos;6794;Total;12381
Indicador  3.3.4;1732;0.0;25;Paraíba;12381;2022;1140;0 a 4 anos;92956;Homem;12381
Indicador  3.3.4;1732;0.7;25;Paraíba;12381;2022;1140;0 a 4 anos;92957;Mulher;12381
Indicador  3.3.4;1732;0.0;25;Paraíba;12381;2022;1141;5 a 9 anos;6794;Total;12381
Indicador  3.3.4;1732;0.0;25;Paraíba;12381;2022;1141;5 a 9 anos;92956;Homem;12381
Indicador  3.3.4;1732;0.0;25;Paraíba;12381;2022;1141;5 a 9 anos;92957;Mulher;12381
Indicador  3.3.4;1732;0.0;25;Paraíba;12381;2022;1142;10 a 14 anos;6794;Total;12381
Indicador  3.3.4;1732;0.0;25;Paraíba;12381;2022;1142;10 a 14 anos;92956;Homem;12381
Indicador  3.3.4;1732;0.0;25;Paraíba;12381;2022;1142;10 a 14 anos;92957;Mulher;12381
Indicador  3.3.4;1732;0.0;25;Paraíba;12381;2022;1143;15 a 19 anos;6794;Total;12381
Indicador  3.3.4;1732;0.0;25;Paraíba;12381;2022;1143;15 a 19 anos;92956;Homem;12381
Indicador  3.3.4;1732;0.0;25;Paraíba;12381;2022;1143;15 a 19 anos;92957;Mulher;12381
Indicador  3.3.4;1732;0.9;25;Paraíba;12381;2022;1144;20 a 24 anos;6794;Total;12381
Indicador  3.3.4;1732;0.6;25;Paraíba;12381;2022;1144;20 a 24 anos;92956;Homem;12381
Indicador  3.3.4;1732;1.2;25;Paraíba;12381;2022;1144;20 a 24 anos;92957;Mulher;12381
Indicador  3.3.4;1732;3.1;25;Paraíba;12381;2022;1145;25 a 29 anos;6794;Total;12381
Indicador  3.3.4;1732;3.1;25;Paraíba;12381;2022;1145;25 a 29 anos;92956;Homem;12381
Indicador  3.3.4;1732;3.0;25;Paraíba;12381;2022;1145;25 a 29 anos;92957;Mulher;12381
Indicador  3.3.4;1732;3.1;25;Paraíba;12381;2022;1146;30 a 34 anos;6794;Total;12381
Indicador  3.3.4;1732;1.3;25;Paraíba;12381;2022;1146;30 a 34 anos;92956;Homem;12381
Indicador  3.3.4;1732;4.8;25;Paraíba;12381;2022;1146;30 a 34 anos;92957;Mulher;12381
Indicador  3.3.4;1732;2.8;25;Paraíba;12381;2022;1147;35 a 39 anos;6794;Total;12381
Indicador  3.3.4;1732;3.3;25;Paraíba;12381;2022;1147;35 a 39 anos;92956;Homem;12381
Indicador  3.3.4;1732;2.4;25;Paraíba;12381;2022;1147;35 a 39 anos;92957;Mulher;12381
Indicador  3.3.4;1732;4.3;25;Paraíba;12381;2022;1148;40 a 44 anos;6794;Total;12381
Indicador  3.3.4;1732;3.5;25;Paraíba;12381;2022;1148;40 a 44 anos;92956;Homem;12381
Indicador  3.3.4;1732;5.0;25;Paraíba;12381;2022;1148;40 a 44 anos;92957;Mulher;12381
Indicador  3.3.4;1732;2.2;25;Paraíba;12381;2022;1149;45 a 49 anos;6794;Total;12381
Indicador  3.3.4;1732;2.4;25;Paraíba;12381;2022;1149;45 a 49 anos;92956;Homem;12381
Indicador  3.3.4;1732;2.1;25;Paraíba;12381;2022;1149;45 a 49 anos;92957;Mulher;12381
Indicador  3.3.4;1732;3.3;25;Paraíba;12381;2022;1150;50 a 54 anos;6794;Total;12381
Indicador  3.3.4;1732;5.3;25;Paraíba;12381;2022;1150;50 a 54 anos;92956;Homem;12381
Indicador  3.3.4;1732;1.6;25;Paraíba;12381;2022;1150;50 a 54 anos;92957;Mulher;12381
Indicador  3.3.4;1732;5.1;25;Paraíba;12381;2022;1151;55 a 59 anos;6794;Total;12381
Indicador  3.3.4;1732;8.1;25;Paraíba;12381;2022;1151;55 a 59 anos;92956;Homem;12381
Indicador  3.3.4;1732;2.6;25;Paraíba;12381;2022;1151;55 a 59 anos;92957;Mulher;12381
Indicador  3.3.4;1732;0.8;25;Paraíba;12381;2022;3302;60 anos ou mais;6794;Total;12381
Indicador  3.3.4;1732;2.0;25;Paraíba;12381;2022;3302;60 anos ou mais;92956;Homem;12381
Indicador  3.3.4;1732;0.0;25;Paraíba;12381;2022;3302;60 anos ou mais;92957;Mulher;12381
Indicador  3.3.4;1732;3.1;26;Pernambuco;12381;2018;95253;Total;6794;Total;12381
Indicador  3.3.4;1732;3.6;26;Pernambuco;12381;2018;95253;Total;92956;Homem;12381
Indicador  3.3.4;1732;2.6;26;Pernambuco;12381;2018;95253;Total;92957;Mulher;12381
Indicador  3.3.4;1732;0.4;26;Pernambuco;12381;2018;1140;0 a 4 anos;6794;Total;12381
Indicador  3.3.4;1732;0.3;26;Pernambuco;12381;2018;1140;0 a 4 anos;92956;Homem;12381
Indicador  3.3.4;1732;0.6;26;Pernambuco;12381;2018;1140;0 a 4 anos;92957;Mulher;12381
Indicador  3.3.4;1732;0.1;26;Pernambuco;12381;2018;1141;5 a 9 anos;6794;Total;12381
Indicador  3.3.4;1732;0.3;26;Pernambuco;12381;2018;1141;5 a 9 anos;92956;Homem;12381
Indicador  3.3.4;1732;0.0;26;Pernambuco;12381;2018;1141;5 a 9 anos;92957;Mulher;12381
Indicador  3.3.4;1732;0.1;26;Pernambuco;12381;2018;1142;10 a 14 anos;6794;Total;12381
Indicador  3.3.4;1732;0.3;26;Pernambuco;12381;2018;1142;10 a 14 anos;92956;Homem;12381
Indicador  3.3.4;1732;0.0;26;Pernambuco;12381;2018;1142;10 a 14 anos;92957;Mulher;12381
Indicador  3.3.4;1732;0.1;26;Pernambuco;12381;2018;1143;15 a 19 anos;6794;Total;12381
Indicador  3.3.4;1732;0.0;26;Pernambuco;12381;2018;1143;15 a 19 anos;92956;Homem;12381
Indicador  3.3.4;1732;0.3;26;Pernambuco;12381;2018;1143;15 a 19 anos;92957;Mulher;12381
Indicador  3.3.4;1732;3.2;26;Pernambuco;12381;2018;1144;20 a 24 anos;6794;Total;12381
Indicador  3.3.4;1732;1.7;26;Pernambuco;12381;2018;1144;20 a 24 anos;92956;Homem;12381
Indicador  3.3.4;1732;4.7;26;Pernambuco;12381;2018;1144;20 a 24 anos;92957;Mulher;12381
Indicador  3.3.4;1732;4.0;26;Pernambuco;12381;2018;1145;25 a 29 anos;6794;Total;12381
Indicador  3.3.4;1732;2.4;26;Pernambuco;12381;2018;1145;25 a 29 anos;92956;Homem;12381
Indicador  3.3.4;1732;5.5;26;Pernambuco;12381;2018;1145;25 a 29 anos;92957;Mulher;12381
Indicador  3.3.4;1732;4.0;26;Pernambuco;12381;2018;1146;30 a 34 anos;6794;Total;12381
Indicador  3.3.4;1732;4.3;26;Pernambuco;12381;2018;1146;30 a 34 anos;92956;Homem;12381
Indicador  3.3.4;1732;3.7;26;Pernambuco;12381;2018;1146;30 a 34 anos;92957;Mulher;12381
Indicador  3.3.4;1732;4.9;26;Pernambuco;12381;2018;1147;35 a 39 anos;6794;Total;12381
Indicador  3.3.4;1732;6.2;26;Pernambuco;12381;2018;1147;35 a 39 anos;92956;Homem;12381
Indicador  3.3.4;1732;3.6;26;Pernambuco;12381;2018;1147;35 a 39 anos;92957;Mulher;12381
Indicador  3.3.4;1732;5.7;26;Pernambuco;12381;2018;1148;40 a 44 anos;6794;Total;12381
Indicador  3.3.4;1732;7.6;26;Pernambuco;12381;2018;1148;40 a 44 anos;92956;Homem;12381
Indicador  3.3.4;1732;3.9;26;Pernambuco;12381;2018;1148;40 a 44 anos;92957;Mulher;12381
Indicador  3.3.4;1732;5.0;26;Pernambuco;12381;2018;1149;45 a 49 anos;6794;Total;12381
Indicador  3.3.4;1732;7.9;26;Pernambuco;12381;2018;1149;45 a 49 anos;92956;Homem;12381
Indicador  3.3.4;1732;2.5;26;Pernambuco;12381;2018;1149;45 a 49 anos;92957;Mulher;12381
Indicador  3.3.4;1732;6.2;26;Pernambuco;12381;2018;1150;50 a 54 anos;6794;Total;12381
Indicador  3.3.4;1732;9.4;26;Pernambuco;12381;2018;1150;50 a 54 anos;92956;Homem;12381
Indicador  3.3.4;1732;3.5;26;Pernambuco;12381;2018;1150;50 a 54 anos;92957;Mulher;12381
Indicador  3.3.4;1732;6.8;26;Pernambuco;12381;2018;1151;55 a 59 anos;6794;Total;12381
Indicador  3.3.4;1732;8.9;26;Pernambuco;12381;2018;1151;55 a 59 anos;92956;Homem;12381
Indicador  3.3.4;1732;4.9;26;Pernambuco;12381;2018;1151;55 a 59 anos;92957;Mulher;12381
Indicador  3.3.4;1732;2.7;26;Pernambuco;12381;2018;3302;60 anos ou mais;6794;Total;12381
Indicador  3.3.4;1732;4.1;26;Pernambuco;12381;2018;3302;60 anos ou mais;92956;Homem;12381
Indicador  3.3.4;1732;1.8;26;Pernambuco;12381;2018;3302;60 anos ou mais;92957;Mulher;12381
Indicador  3.3.4;1732;4.5;26;Pernambuco;12381;2019;95253;Total;6794;Total;12381
Indicador  3.3.4;1732;5.3;26;Pernambuco;12381;2019;95253;Total;92956;Homem;12381
Indicador  3.3.4;1732;3.7;26;Pernambuco;12381;2019;95253;Total;92957;Mulher;12381
Indicador  3.3.4;1732;0.4;26;Pernambuco;12381;2019;1140;0 a 4 anos;6794;Total;12381
Indicador  3.3.4;1732;0.8;26;Pernambuco;12381;2019;1140;0 a 4 anos;92956;Homem;12381
Indicador  3.3.4;1732;0.0;26;Pernambuco;12381;2019;1140;0 a 4 anos;92957;Mulher;12381
Indicador  3.3.4;1732;0.0;26;Pernambuco;12381;2019;1141;5 a 9 anos;6794;Total;12381
Indicador  3.3.4;1732;0.0;26;Pernambuco;12381;2019;1141;5 a 9 anos;92956;Homem;12381
Indicador  3.3.4;1732;0.0;26;Pernambuco;12381;2019;1141;5 a 9 anos;92957;Mulher;12381
Indicador  3.3.4;1732;0.3;26;Pernambuco;12381;2019;1142;10 a 14 anos;6794;Total;12381
Indicador  3.3.4;1732;0.0;26;Pernambuco;12381;2019;1142;10 a 14 anos;92956;Homem;12381
Indicador  3.3.4;1732;0.5;26;Pernambuco;12381;2019;1142;10 a 14 anos;92957;Mulher;12381
Indicador  3.3.4;1732;0.5;26;Pernambuco;12381;2019;1143;15 a 19 anos;6794;Total;12381
Indicador  3.3.4;1732;0.5;26;Pernambuco;12381;2019;1143;15 a 19 anos;92956;Homem;12381
Indicador  3.3.4;1732;0.5;26;Pernambuco;12381;2019;1143;15 a 19 anos;92957;Mulher;12381
Indicador  3.3.4;1732;2.8;26;Pernambuco;12381;2019;1144;20 a 24 anos;6794;Total;12381
Indicador  3.3.4;1732;2.2;26;Pernambuco;12381;2019;1144;20 a 24 anos;92956;Homem;12381
Indicador  3.3.4;1732;3.4;26;Pernambuco;12381;2019;1144;20 a 24 anos;92957;Mulher;12381
Indicador  3.3.4;1732;6.6;26;Pernambuco;12381;2019;1145;25 a 29 anos;6794;Total;12381
Indicador  3.3.4;1732;6.6;26;Pernambuco;12381;2019;1145;25 a 29 anos;92956;Homem;12381
Indicador  3.3.4;1732;6.6;26;Pernambuco;12381;2019;1145;25 a 29 anos;92957;Mulher;12381
Indicador  3.3.4;1732;7.3;26;Pernambuco;12381;2019;1146;30 a 34 anos;6794;Total;12381
Indicador  3.3.4;1732;7.5;26;Pernambuco;12381;2019;1146;30 a 34 anos;92956;Homem;12381
Indicador  3.3.4;1732;7.2;26;Pernambuco;12381;2019;1146;30 a 34 anos;92957;Mulher;12381
Indicador  3.3.4;1732;9.0;26;Pernambuco;12381;2019;1147;35 a 39 anos;6794;Total;12381
Indicador  3.3.4;1732;11.8;26;Pernambuco;12381;2019;1147;35 a 39 anos;92956;Homem;12381
Indicador  3.3.4;1732;6.4;26;Pernambuco;12381;2019;1147;35 a 39 anos;92957;Mulher;12381
Indicador  3.3.4;1732;10.2;26;Pernambuco;12381;2019;1148;40 a 44 anos;6794;Total;12381
Indicador  3.3.4;1732;14.5;26;Pernambuco;12381;2019;1148;40 a 44 anos;92956;Homem;12381
Indicador  3.3.4;1732;6.4;26;Pernambuco;12381;2019;1148;40 a 44 anos;92957;Mulher;12381
Indicador  3.3.4;1732;5.9;26;Pernambuco;12381;2019;1149;45 a 49 anos;6794;Total;12381
Indicador  3.3.4;1732;8.5;26;Pernambuco;12381;2019;1149;45 a 49 anos;92956;Homem;12381
Indicador  3.3.4;1732;3.7;26;Pernambuco;12381;2019;1149;45 a 49 anos;92957;Mulher;12381
Indicador  3.3.4;1732;4.6;26;Pernambuco;12381;2019;1150;50 a 54 anos;6794;Total;12381
Indicador  3.3.4;1732;5.6;26;Pernambuco;12381;2019;1150;50 a 54 anos;92956;Homem;12381
Indicador  3.3.4;1732;3.8;26;Pernambuco;12381;2019;1150;50 a 54 anos;92957;Mulher;12381
Indicador  3.3.4;1732;6.8;26;Pernambuco;12381;2019;1151;55 a 59 anos;6794;Total;12381
Indicador  3.3.4;1732;8.2;26;Pernambuco;12381;2019;1151;55 a 59 anos;92956;Homem;12381
Indicador  3.3.4;1732;5.6;26;Pernambuco;12381;2019;1151;55 a 59 anos;92957;Mulher;12381
Indicador  3.3.4;1732;4.8;26;Pernambuco;12381;2019;3302;60 anos ou mais;6794;Total;12381
Indicador  3.3.4;1732;6.7;26;Pernambuco;12381;2019;3302;60 anos ou mais;92956;Homem;12381
Indicador  3.3.4;1732;3.4;26;Pernambuco;12381;2019;3302;60 anos ou mais;92957;Mulher;12381
Indicador  3.3.4;1732;2.9;26;Pernambuco;12381;2020;95253;Total;6794;Total;12381
Indicador  3.3.4;1732;3.5;26;Pernambuco;12381;2020;95253;Total;92956;Homem;12381
Indicador  3.3.4;1732;2.3;26;Pernambuco;12381;2020;95253;Total;92957;Mulher;12381
Indicador  3.3.4;1732;0.0;26;Pernambuco;12381;2020;1140;0 a 4 anos;6794;Total;12381
Indicador  3.3.4;1732;0.0;26;Pernambuco;12381;2020;1140;0 a 4 anos;92956;Homem;12381
Indicador  3.3.4;1732;0.0;26;Pernambuco;12381;2020;1140;0 a 4 anos;92957;Mulher;12381
Indicador  3.3.4;1732;0.0;26;Pernambuco;12381;2020;1141;5 a 9 anos;6794;Total;12381
Indicador  3.3.4;1732;0.0;26;Pernambuco;12381;2020;1141;5 a 9 anos;92956;Homem;12381
Indicador  3.3.4;1732;0.0;26;Pernambuco;12381;2020;1141;5 a 9 anos;92957;Mulher;12381
Indicador  3.3.4;1732;0.0;26;Pernambuco;12381;2020;1142;10 a 14 anos;6794;Total;12381
Indicador  3.3.4;1732;0.0;26;Pernambuco;12381;2020;1142;10 a 14 anos;92956;Homem;12381
Indicador  3.3.4;1732;0.0;26;Pernambuco;12381;2020;1142;10 a 14 anos;92957;Mulher;12381
Indicador  3.3.4;1732;0.0;26;Pernambuco;12381;2020;1143;15 a 19 anos;6794;Total;12381
Indicador  3.3.4;1732;0.0;26;Pernambuco;12381;2020;1143;15 a 19 anos;92956;Homem;12381
Indicador  3.3.4;1732;0.0;26;Pernambuco;12381;2020;1143;15 a 19 anos;92957;Mulher;12381
Indicador  3.3.4;1732;2.1;26;Pernambuco;12381;2020;1144;20 a 24 anos;6794;Total;12381
Indicador  3.3.4;1732;1.2;26;Pernambuco;12381;2020;1144;20 a 24 anos;92956;Homem;12381
Indicador  3.3.4;1732;2.9;26;Pernambuco;12381;2020;1144;20 a 24 anos;92957;Mulher;12381
Indicador  3.3.4;1732;3.9;26;Pernambuco;12381;2020;1145;25 a 29 anos;6794;Total;12381
Indicador  3.3.4;1732;3.4;26;Pernambuco;12381;2020;1145;25 a 29 anos;92956;Homem;12381
Indicador  3.3.4;1732;4.3;26;Pernambuco;12381;2020;1145;25 a 29 anos;92957;Mulher;12381
Indicador  3.3.4;1732;4.6;26;Pernambuco;12381;2020;1146;30 a 34 anos;6794;Total;12381
Indicador  3.3.4;1732;4.8;26;Pernambuco;12381;2020;1146;30 a 34 anos;92956;Homem;12381
Indicador  3.3.4;1732;4.5;26;Pernambuco;12381;2020;1146;30 a 34 anos;92957;Mulher;12381
Indicador  3.3.4;1732;5.8;26;Pernambuco;12381;2020;1147;35 a 39 anos;6794;Total;12381
Indicador  3.3.4;1732;7.0;26;Pernambuco;12381;2020;1147;35 a 39 anos;92956;Homem;12381
Indicador  3.3.4;1732;4.8;26;Pernambuco;12381;2020;1147;35 a 39 anos;92957;Mulher;12381
Indicador  3.3.4;1732;4.7;26;Pernambuco;12381;2020;1148;40 a 44 anos;6794;Total;12381
Indicador  3.3.4;1732;7.0;26;Pernambuco;12381;2020;1148;40 a 44 anos;92956;Homem;12381
Indicador  3.3.4;1732;2.7;26;Pernambuco;12381;2020;1148;40 a 44 anos;92957;Mulher;12381
Indicador  3.3.4;1732;4.7;26;Pernambuco;12381;2020;1149;45 a 49 anos;6794;Total;12381
Indicador  3.3.4;1732;4.5;26;Pernambuco;12381;2020;1149;45 a 49 anos;92956;Homem;12381
Indicador  3.3.4;1732;4.9;26;Pernambuco;12381;2020;1149;45 a 49 anos;92957;Mulher;12381
Indicador  3.3.4;1732;3.8;26;Pernambuco;12381;2020;1150;50 a 54 anos;6794;Total;12381
Indicador  3.3.4;1732;5.9;26;Pernambuco;12381;2020;1150;50 a 54 anos;92956;Homem;12381
Indicador  3.3.4;1732;2.0;26;Pernambuco;12381;2020;1150;50 a 54 anos;92957;Mulher;12381
Indicador  3.3.4;1732;5.7;26;Pernambuco;12381;2020;1151;55 a 59 anos;6794;Total;12381
Indicador  3.3.4;1732;8.9;26;Pernambuco;12381;2020;1151;55 a 59 anos;92956;Homem;12381
Indicador  3.3.4;1732;3.1;26;Pernambuco;12381;2020;1151;55 a 59 anos;92957;Mulher;12381
Indicador  3.3.4;1732;3.4;26;Pernambuco;12381;2020;3302;60 anos ou mais;6794;Total;12381
Indicador  3.3.4;1732;5.9;26;Pernambuco;12381;2020;3302;60 anos ou mais;92956;Homem;12381
Indicador  3.3.4;1732;1.5;26;Pernambuco;12381;2020;3302;60 anos ou mais;92957;Mulher;12381
Indicador  3.3.4;1732;2.5;26;Pernambuco;12381;2021;95253;Total;6794;Total;12381
Indicador  3.3.4;1732;3.1;26;Pernambuco;12381;2021;95253;Total;92956;Homem;12381
Indicador  3.3.4;1732;2.1;26;Pernambuco;12381;2021;95253;Total;92957;Mulher;12381
Indicador  3.3.4;1732;0.4;26;Pernambuco;12381;2021;1140;0 a 4 anos;6794;Total;12381
Indicador  3.3.4;1732;0.0;26;Pernambuco;12381;2021;1140;0 a 4 anos;92956;Homem;12381
Indicador  3.3.4;1732;0.9;26;Pernambuco;12381;2021;1140;0 a 4 anos;92957;Mulher;12381
Indicador  3.3.4;1732;0.0;26;Pernambuco;12381;2021;1141;5 a 9 anos;6794;Total;12381
Indicador  3.3.4;1732;0.0;26;Pernambuco;12381;2021;1141;5 a 9 anos;92956;Homem;12381
Indicador  3.3.4;1732;0.0;26;Pernambuco;12381;2021;1141;5 a 9 anos;92957;Mulher;12381
Indicador  3.3.4;1732;0.3;26;Pernambuco;12381;2021;1142;10 a 14 anos;6794;Total;12381
Indicador  3.3.4;1732;0.3;26;Pernambuco;12381;2021;1142;10 a 14 anos;92956;Homem;12381
Indicador  3.3.4;1732;0.3;26;Pernambuco;12381;2021;1142;10 a 14 anos;92957;Mulher;12381
Indicador  3.3.4;1732;0.8;26;Pernambuco;12381;2021;1143;15 a 19 anos;6794;Total;12381
Indicador  3.3.4;1732;0.0;26;Pernambuco;12381;2021;1143;15 a 19 anos;92956;Homem;12381
Indicador  3.3.4;1732;1.6;26;Pernambuco;12381;2021;1143;15 a 19 anos;92957;Mulher;12381
Indicador  3.3.4;1732;1.2;26;Pernambuco;12381;2021;1144;20 a 24 anos;6794;Total;12381
Indicador  3.3.4;1732;1.0;26;Pernambuco;12381;2021;1144;20 a 24 anos;92956;Homem;12381
Indicador  3.3.4;1732;1.5;26;Pernambuco;12381;2021;1144;20 a 24 anos;92957;Mulher;12381
Indicador  3.3.4;1732;3.7;26;Pernambuco;12381;2021;1145;25 a 29 anos;6794;Total;12381
Indicador  3.3.4;1732;2.6;26;Pernambuco;12381;2021;1145;25 a 29 anos;92956;Homem;12381
Indicador  3.3.4;1732;4.8;26;Pernambuco;12381;2021;1145;25 a 29 anos;92957;Mulher;12381
Indicador  3.3.4;1732;4.1;26;Pernambuco;12381;2021;1146;30 a 34 anos;6794;Total;12381
Indicador  3.3.4;1732;4.8;26;Pernambuco;12381;2021;1146;30 a 34 anos;92956;Homem;12381
Indicador  3.3.4;1732;3.5;26;Pernambuco;12381;2021;1146;30 a 34 anos;92957;Mulher;12381
Indicador  3.3.4;1732;4.3;26;Pernambuco;12381;2021;1147;35 a 39 anos;6794;Total;12381
Indicador  3.3.4;1732;4.7;26;Pernambuco;12381;2021;1147;35 a 39 anos;92956;Homem;12381
Indicador  3.3.4;1732;4.0;26;Pernambuco;12381;2021;1147;35 a 39 anos;92957;Mulher;12381
Indicador  3.3.4;1732;5.2;26;Pernambuco;12381;2021;1148;40 a 44 anos;6794;Total;12381
Indicador  3.3.4;1732;7.4;26;Pernambuco;12381;2021;1148;40 a 44 anos;92956;Homem;12381
Indicador  3.3.4;1732;3.2;26;Pernambuco;12381;2021;1148;40 a 44 anos;92957;Mulher;12381
Indicador  3.3.4;1732;4.4;26;Pernambuco;12381;2021;1149;45 a 49 anos;6794;Total;12381
Indicador  3.3.4;1732;7.8;26;Pernambuco;12381;2021;1149;45 a 49 anos;92956;Homem;12381
Indicador  3.3.4;1732;1.5;26;Pernambuco;12381;2021;1149;45 a 49 anos;92957;Mulher;12381
Indicador  3.3.4;1732;4.1;26;Pernambuco;12381;2021;1150;50 a 54 anos;6794;Total;12381
Indicador  3.3.4;1732;5.4;26;Pernambuco;12381;2021;1150;50 a 54 anos;92956;Homem;12381
Indicador  3.3.4;1732;3.0;26;Pernambuco;12381;2021;1150;50 a 54 anos;92957;Mulher;12381
Indicador  3.3.4;1732;3.3;26;Pernambuco;12381;2021;1151;55 a 59 anos;6794;Total;12381
Indicador  3.3.4;1732;5.4;26;Pernambuco;12381;2021;1151;55 a 59 anos;92956;Homem;12381
Indicador  3.3.4;1732;1.5;26;Pernambuco;12381;2021;1151;55 a 59 anos;92957;Mulher;12381
Indicador  3.3.4;1732;2.1;26;Pernambuco;12381;2021;3302;60 anos ou mais;6794;Total;12381
Indicador  3.3.4;1732;3.3;26;Pernambuco;12381;2021;3302;60 anos ou mais;92956;Homem;12381
Indicador  3.3.4;1732;1.2;26;Pernambuco;12381;2021;3302;60 anos ou mais;92957;Mulher;12381
Indicador  3.3.4;1732;2.5;26;Pernambuco;12381;2022;95253;Total;6794;Total;12381
Indicador  3.3.4;1732;3.1;26;Pernambuco;12381;2022;95253;Total;92956;Homem;12381
Indicador  3.3.4;1732;1.9;26;Pernambuco;12381;2022;95253;Total;92957;Mulher;12381
Indicador  3.3.4;1732;0.4;26;Pernambuco;12381;2022;1140;0 a 4 anos;6794;Total;12381
Indicador  3.3.4;1732;0.6;26;Pernambuco;12381;2022;1140;0 a 4 anos;92956;Homem;12381
Indicador  3.3.4;1732;0.3;26;Pernambuco;12381;2022;1140;0 a 4 anos;92957;Mulher;12381
Indicador  3.3.4;1732;0.0;26;Pernambuco;12381;2022;1141;5 a 9 anos;6794;Total;12381
Indicador  3.3.4;1732;0.0;26;Pernambuco;12381;2022;1141;5 a 9 anos;92956;Homem;12381
Indicador  3.3.4;1732;0.0;26;Pernambuco;12381;2022;1141;5 a 9 anos;92957;Mulher;12381
Indicador  3.3.4;1732;0.0;26;Pernambuco;12381;2022;1142;10 a 14 anos;6794;Total;12381
Indicador  3.3.4;1732;0.0;26;Pernambuco;12381;2022;1142;10 a 14 anos;92956;Homem;12381
Indicador  3.3.4;1732;0.0;26;Pernambuco;12381;2022;1142;10 a 14 anos;92957;Mulher;12381
Indicador  3.3.4;1732;0.5;26;Pernambuco;12381;2022;1143;15 a 19 anos;6794;Total;12381
Indicador  3.3.4;1732;0.5;26;Pernambuco;12381;2022;1143;15 a 19 anos;92956;Homem;12381
Indicador  3.3.4;1732;0.5;26;Pernambuco;12381;2022;1143;15 a 19 anos;92957;Mulher;12381
Indicador  3.3.4;1732;1.0;26;Pernambuco;12381;2022;1144;20 a 24 anos;6794;Total;12381
Indicador  3.3.4;1732;0.7;26;Pernambuco;12381;2022;1144;20 a 24 anos;92956;Homem;12381
Indicador  3.3.4;1732;1.0;26;Pernambuco;12381;2022;1144;20 a 24 anos;92957;Mulher;12381
Indicador  3.3.4;1732;2.0;26;Pernambuco;12381;2022;1145;25 a 29 anos;6794;Total;12381
Indicador  3.3.4;1732;2.8;26;Pernambuco;12381;2022;1145;25 a 29 anos;92956;Homem;12381
Indicador  3.3.4;1732;1.3;26;Pernambuco;12381;2022;1145;25 a 29 anos;92957;Mulher;12381
Indicador  3.3.4;1732;4.2;26;Pernambuco;12381;2022;1146;30 a 34 anos;6794;Total;12381
Indicador  3.3.4;1732;4.3;26;Pernambuco;12381;2022;1146;30 a 34 anos;92956;Homem;12381
Indicador  3.3.4;1732;4.0;26;Pernambuco;12381;2022;1146;30 a 34 anos;92957;Mulher;12381
Indicador  3.3.4;1732;4.6;26;Pernambuco;12381;2022;1147;35 a 39 anos;6794;Total;12381
Indicador  3.3.4;1732;6.6;26;Pernambuco;12381;2022;1147;35 a 39 anos;92956;Homem;12381
Indicador  3.3.4;1732;2.8;26;Pernambuco;12381;2022;1147;35 a 39 anos;92957;Mulher;12381
Indicador  3.3.4;1732;4.6;26;Pernambuco;12381;2022;1148;40 a 44 anos;6794;Total;12381
Indicador  3.3.4;1732;6.2;26;Pernambuco;12381;2022;1148;40 a 44 anos;92956;Homem;12381
Indicador  3.3.4;1732;3.2;26;Pernambuco;12381;2022;1148;40 a 44 anos;92957;Mulher;12381
Indicador  3.3.4;1732;5.0;26;Pernambuco;12381;2022;1149;45 a 49 anos;6794;Total;12381
Indicador  3.3.4;1732;5.0;26;Pernambuco;12381;2022;1149;45 a 49 anos;92956;Homem;12381
Indicador  3.3.4;1732;5.0;26;Pernambuco;12381;2022;1149;45 a 49 anos;92957;Mulher;12381
Indicador  3.3.4;1732;3.3;26;Pernambuco;12381;2022;1150;50 a 54 anos;6794;Total;12381
Indicador  3.3.4;1732;4.9;26;Pernambuco;12381;2022;1150;50 a 54 anos;92956;Homem;12381
Indicador  3.3.4;1732;1.9;26;Pernambuco;12381;2022;1150;50 a 54 anos;92957;Mulher;12381
Indicador  3.3.4;1732;4.4;26;Pernambuco;12381;2022;1151;55 a 59 anos;6794;Total;12381
Indicador  3.3.4;1732;6.2;26;Pernambuco;12381;2022;1151;55 a 59 anos;92956;Homem;12381
Indicador  3.3.4;1732;2.9;26;Pernambuco;12381;2022;1151;55 a 59 anos;92957;Mulher;12381
Indicador  3.3.4;1732;2.8;26;Pernambuco;12381;2022;3302;60 anos ou mais;6794;Total;12381
Indicador  3.3.4;1732;4.5;26;Pernambuco;12381;2022;3302;60 anos ou mais;92956;Homem;12381
Indicador  3.3.4;1732;1.7;26;Pernambuco;12381;2022;3302;60 anos ou mais;92957;Mulher;12381
Indicador  3.3.4;1732;5.4;27;Alagoas;12381;2018;95253;Total;6794;Total;12381
Indicador  3.3.4;1732;5.9;27;Alagoas;12381;2018;95253;Total;92956;Homem;12381
Indicador  3.3.4;1732;5.0;27;Alagoas;12381;2018;95253;Total;92957;Mulher;12381
Indicador  3.3.4;1732;0.0;27;Alagoas;12381;2018;1140;0 a 4 anos;6794;Total;12381
Indicador  3.3.4;1732;0.0;27;Alagoas;12381;2018;1140;0 a 4 anos;92956;Homem;12381
Indicador  3.3.4;1732;0.0;27;Alagoas;12381;2018;1140;0 a 4 anos;92957;Mulher;12381
Indicador  3.3.4;1732;0.0;27;Alagoas;12381;2018;1141;5 a 9 anos;6794;Total;12381
Indicador  3.3.4;1732;0.0;27;Alagoas;12381;2018;1141;5 a 9 anos;92956;Homem;12381
Indicador  3.3.4;1732;0.0;27;Alagoas;12381;2018;1141;5 a 9 anos;92957;Mulher;12381
Indicador  3.3.4;1732;0.3;27;Alagoas;12381;2018;1142;10 a 14 anos;6794;Total;12381
Indicador  3.3.4;1732;0.7;27;Alagoas;12381;2018;1142;10 a 14 anos;92956;Homem;12381
Indicador  3.3.4;1732;0.0;27;Alagoas;12381;2018;1142;10 a 14 anos;92957;Mulher;12381
Indicador  3.3.4;1732;0.6;27;Alagoas;12381;2018;1143;15 a 19 anos;6794;Total;12381
Indicador  3.3.4;1732;0.6;27;Alagoas;12381;2018;1143;15 a 19 anos;92956;Homem;12381
Indicador  3.3.4;1732;0.6;27;Alagoas;12381;2018;1143;15 a 19 anos;92957;Mulher;12381
Indicador  3.3.4;1732;5.5;27;Alagoas;12381;2018;1144;20 a 24 anos;6794;Total;12381
Indicador  3.3.4;1732;2.6;27;Alagoas;12381;2018;1144;20 a 24 anos;92956;Homem;12381
Indicador  3.3.4;1732;8.3;27;Alagoas;12381;2018;1144;20 a 24 anos;92957;Mulher;12381
Indicador  3.3.4;1732;7.7;27;Alagoas;12381;2018;1145;25 a 29 anos;6794;Total;12381
Indicador  3.3.4;1732;3.8;27;Alagoas;12381;2018;1145;25 a 29 anos;92956;Homem;12381
Indicador  3.3.4;1732;10.6;27;Alagoas;12381;2018;1145;25 a 29 anos;92957;Mulher;12381
Indicador  3.3.4;1732;5.0;27;Alagoas;12381;2018;1146;30 a 34 anos;6794;Total;12381
Indicador  3.3.4;1732;7.4;27;Alagoas;12381;2018;1146;30 a 34 anos;92956;Homem;12381
Indicador  3.3.4;1732;2.9;27;Alagoas;12381;2018;1146;30 a 34 anos;92957;Mulher;12381
Indicador  3.3.4;1732;10.4;27;Alagoas;12381;2018;1147;35 a 39 anos;6794;Total;12381
Indicador  3.3.4;1732;11.1;27;Alagoas;12381;2018;1147;35 a 39 anos;92956;Homem;12381
Indicador  3.3.4;1732;9.8;27;Alagoas;12381;2018;1147;35 a 39 anos;92957;Mulher;12381
Indicador  3.3.4;1732;12.5;27;Alagoas;12381;2018;1148;40 a 44 anos;6794;Total;12381
Indicador  3.3.4;1732;14.5;27;Alagoas;12381;2018;1148;40 a 44 anos;92956;Homem;12381
Indicador  3.3.4;1732;10.9;27;Alagoas;12381;2018;1148;40 a 44 anos;92957;Mulher;12381
Indicador  3.3.4;1732;11.3;27;Alagoas;12381;2018;1149;45 a 49 anos;6794;Total;12381
Indicador  3.3.4;1732;13.4;27;Alagoas;12381;2018;1149;45 a 49 anos;92956;Homem;12381
Indicador  3.3.4;1732;9.5;27;Alagoas;12381;2018;1149;45 a 49 anos;92957;Mulher;12381
Indicador  3.3.4;1732;9.3;27;Alagoas;12381;2018;1150;50 a 54 anos;6794;Total;12381
Indicador  3.3.4;1732;12.6;27;Alagoas;12381;2018;1150;50 a 54 anos;92956;Homem;12381
Indicador  3.3.4;1732;6.5;27;Alagoas;12381;2018;1150;50 a 54 anos;92957;Mulher;12381
Indicador  3.3.4;1732;12.2;27;Alagoas;12381;2018;1151;55 a 59 anos;6794;Total;12381
Indicador  3.3.4;1732;15.6;27;Alagoas;12381;2018;1151;55 a 59 anos;92956;Homem;12381
Indicador  3.3.4;1732;9.3;27;Alagoas;12381;2018;1151;55 a 59 anos;92957;Mulher;12381
Indicador  3.3.4;1732;5.0;27;Alagoas;12381;2018;3302;60 anos ou mais;6794;Total;12381
Indicador  3.3.4;1732;9.0;27;Alagoas;12381;2018;3302;60 anos ou mais;92956;Homem;12381
Indicador  3.3.4;1732;2.0;27;Alagoas;12381;2018;3302;60 anos ou mais;92957;Mulher;12381
Indicador  3.3.4;1732;5.7;27;Alagoas;12381;2019;95253;Total;6794;Total;12381
Indicador  3.3.4;1732;5.2;27;Alagoas;12381;2019;95253;Total;92956;Homem;12381
Indicador  3.3.4;1732;6.2;27;Alagoas;12381;2019;95253;Total;92957;Mulher;12381
Indicador  3.3.4;1732;0.8;27;Alagoas;12381;2019;1140;0 a 4 anos;6794;Total;12381
Indicador  3.3.4;1732;0.0;27;Alagoas;12381;2019;1140;0 a 4 anos;92956;Homem;12381
Indicador  3.3.4;1732;1.6;27;Alagoas;12381;2019;1140;0 a 4 anos;92957;Mulher;12381
Indicador  3.3.4;1732;0.0;27;Alagoas;12381;2019;1141;5 a 9 anos;6794;Total;12381
Indicador  3.3.4;1732;0.0;27;Alagoas;12381;2019;1141;5 a 9 anos;92956;Homem;12381
Indicador  3.3.4;1732;0.0;27;Alagoas;12381;2019;1141;5 a 9 anos;92957;Mulher;12381
Indicador  3.3.4;1732;0.3;27;Alagoas;12381;2019;1142;10 a 14 anos;6794;Total;12381
Indicador  3.3.4;1732;0.7;27;Alagoas;12381;2019;1142;10 a 14 anos;92956;Homem;12381
Indicador  3.3.4;1732;0.0;27;Alagoas;12381;2019;1142;10 a 14 anos;92957;Mulher;12381
Indicador  3.3.4;1732;0.6;27;Alagoas;12381;2019;1143;15 a 19 anos;6794;Total;12381
Indicador  3.3.4;1732;0.0;27;Alagoas;12381;2019;1143;15 a 19 anos;92956;Homem;12381
Indicador  3.3.4;1732;1.3;27;Alagoas;12381;2019;1143;15 a 19 anos;92957;Mulher;12381
Indicador  3.3.4;1732;4.5;27;Alagoas;12381;2019;1144;20 a 24 anos;6794;Total;12381
Indicador  3.3.4;1732;1.9;27;Alagoas;12381;2019;1144;20 a 24 anos;92956;Homem;12381
Indicador  3.3.4;1732;7.0;27;Alagoas;12381;2019;1144;20 a 24 anos;92957;Mulher;12381
Indicador  3.3.4;1732;5.8;27;Alagoas;12381;2019;1145;25 a 29 anos;6794;Total;12381
Indicador  3.3.4;1732;5.3;27;Alagoas;12381;2019;1145;25 a 29 anos;92956;Homem;12381
Indicador  3.3.4;1732;6.3;27;Alagoas;12381;2019;1145;25 a 29 anos;92957;Mulher;12381
Indicador  3.3.4;1732;7.7;27;Alagoas;12381;2019;1146;30 a 34 anos;6794;Total;12381
Indicador  3.3.4;1732;7.4;27;Alagoas;12381;2019;1146;30 a 34 anos;92956;Homem;12381
Indicador  3.3.4;1732;7.9;27;Alagoas;12381;2019;1146;30 a 34 anos;92957;Mulher;12381
Indicador  3.3.4;1732;12.7;27;Alagoas;12381;2019;1147;35 a 39 anos;6794;Total;12381
Indicador  3.3.4;1732;10.2;27;Alagoas;12381;2019;1147;35 a 39 anos;92956;Homem;12381
Indicador  3.3.4;1732;14.9;27;Alagoas;12381;2019;1147;35 a 39 anos;92957;Mulher;12381
Indicador  3.3.4;1732;9.2;27;Alagoas;12381;2019;1148;40 a 44 anos;6794;Total;12381
Indicador  3.3.4;1732;9.4;27;Alagoas;12381;2019;1148;40 a 44 anos;92956;Homem;12381
Indicador  3.3.4;1732;9.0;27;Alagoas;12381;2019;1148;40 a 44 anos;92957;Mulher;12381
Indicador  3.3.4;1732;11.2;27;Alagoas;12381;2019;1149;45 a 49 anos;6794;Total;12381
Indicador  3.3.4;1732;9.9;27;Alagoas;12381;2019;1149;45 a 49 anos;92956;Homem;12381
Indicador  3.3.4;1732;12.2;27;Alagoas;12381;2019;1149;45 a 49 anos;92957;Mulher;12381
Indicador  3.3.4;1732;15.8;27;Alagoas;12381;2019;1150;50 a 54 anos;6794;Total;12381
Indicador  3.3.4;1732;17.2;27;Alagoas;12381;2019;1150;50 a 54 anos;92956;Homem;12381
Indicador  3.3.4;1732;14.6;27;Alagoas;12381;2019;1150;50 a 54 anos;92957;Mulher;12381
Indicador  3.3.4;1732;5.6;27;Alagoas;12381;2019;1151;55 a 59 anos;6794;Total;12381
Indicador  3.3.4;1732;6.0;27;Alagoas;12381;2019;1151;55 a 59 anos;92956;Homem;12381
Indicador  3.3.4;1732;5.1;27;Alagoas;12381;2019;1151;55 a 59 anos;92957;Mulher;12381
Indicador  3.3.4;1732;6.7;27;Alagoas;12381;2019;3302;60 anos ou mais;6794;Total;12381
Indicador  3.3.4;1732;8.8;27;Alagoas;12381;2019;3302;60 anos ou mais;92956;Homem;12381
Indicador  3.3.4;1732;5.2;27;Alagoas;12381;2019;3302;60 anos ou mais;92957;Mulher;12381
Indicador  3.3.4;1732;2.8;27;Alagoas;12381;2020;95253;Total;6794;Total;12381
Indicador  3.3.4;1732;2.8;27;Alagoas;12381;2020;95253;Total;92956;Homem;12381
Indicador  3.3.4;1732;2.9;27;Alagoas;12381;2020;95253;Total;92957;Mulher;12381
Indicador  3.3.4;1732;0.4;27;Alagoas;12381;2020;1140;0 a 4 anos;6794;Total;12381
Indicador  3.3.4;1732;0.0;27;Alagoas;12381;2020;1140;0 a 4 anos;92956;Homem;12381
Indicador  3.3.4;1732;0.8;27;Alagoas;12381;2020;1140;0 a 4 anos;92957;Mulher;12381
Indicador  3.3.4;1732;0.0;27;Alagoas;12381;2020;1141;5 a 9 anos;6794;Total;12381
Indicador  3.3.4;1732;0.0;27;Alagoas;12381;2020;1141;5 a 9 anos;92956;Homem;12381
Indicador  3.3.4;1732;0.0;27;Alagoas;12381;2020;1141;5 a 9 anos;92957;Mulher;12381
Indicador  3.3.4;1732;0.0;27;Alagoas;12381;2020;1142;10 a 14 anos;6794;Total;12381
Indicador  3.3.4;1732;0.0;27;Alagoas;12381;2020;1142;10 a 14 anos;92956;Homem;12381
Indicador  3.3.4;1732;0.0;27;Alagoas;12381;2020;1142;10 a 14 anos;92957;Mulher;12381
Indicador  3.3.4;1732;0.3;27;Alagoas;12381;2020;1143;15 a 19 anos;6794;Total;12381
Indicador  3.3.4;1732;0.0;27;Alagoas;12381;2020;1143;15 a 19 anos;92956;Homem;12381
Indicador  3.3.4;1732;0.7;27;Alagoas;12381;2020;1143;15 a 19 anos;92957;Mulher;12381
Indicador  3.3.4;1732;1.9;27;Alagoas;12381;2020;1144;20 a 24 anos;6794;Total;12381
Indicador  3.3.4;1732;0.6;27;Alagoas;12381;2020;1144;20 a 24 anos;92956;Homem;12381
Indicador  3.3.4;1732;3.2;27;Alagoas;12381;2020;1144;20 a 24 anos;92957;Mulher;12381
Indicador  3.3.4;1732;5.0;27;Alagoas;12381;2020;1145;25 a 29 anos;6794;Total;12381
Indicador  3.3.4;1732;3.7;27;Alagoas;12381;2020;1145;25 a 29 anos;92956;Homem;12381
Indicador  3.3.4;1732;6.3;27;Alagoas;12381;2020;1145;25 a 29 anos;92957;Mulher;12381
Indicador  3.3.4;1732;6.2;27;Alagoas;12381;2020;1146;30 a 34 anos;6794;Total;12381
Indicador  3.3.4;1732;4.1;27;Alagoas;12381;2020;1146;30 a 34 anos;92956;Homem;12381
Indicador  3.3.4;1732;7.9;27;Alagoas;12381;2020;1146;30 a 34 anos;92957;Mulher;12381
Indicador  3.3.4;1732;5.1;27;Alagoas;12381;2020;1147;35 a 39 anos;6794;Total;12381
Indicador  3.3.4;1732;2.5;27;Alagoas;12381;2020;1147;35 a 39 anos;92956;Homem;12381
Indicador  3.3.4;1732;7.4;27;Alagoas;12381;2020;1147;35 a 39 anos;92957;Mulher;12381
Indicador  3.3.4;1732;1.7;27;Alagoas;12381;2020;1148;40 a 44 anos;6794;Total;12381
Indicador  3.3.4;1732;3.7;27;Alagoas;12381;2020;1148;40 a 44 anos;92956;Homem;12381
Indicador  3.3.4;1732;0.0;27;Alagoas;12381;2020;1148;40 a 44 anos;92957;Mulher;12381
Indicador  3.3.4;1732;5.5;27;Alagoas;12381;2020;1149;45 a 49 anos;6794;Total;12381
Indicador  3.3.4;1732;7.6;27;Alagoas;12381;2020;1149;45 a 49 anos;92956;Homem;12381
Indicador  3.3.4;1732;3.7;27;Alagoas;12381;2020;1149;45 a 49 anos;92957;Mulher;12381
Indicador  3.3.4;1732;5.0;27;Alagoas;12381;2020;1150;50 a 54 anos;6794;Total;12381
Indicador  3.3.4;1732;6.0;27;Alagoas;12381;2020;1150;50 a 54 anos;92956;Homem;12381
Indicador  3.3.4;1732;4.1;27;Alagoas;12381;2020;1150;50 a 54 anos;92957;Mulher;12381
Indicador  3.3.4;1732;6.0;27;Alagoas;12381;2020;1151;55 a 59 anos;6794;Total;12381
Indicador  3.3.4;1732;8.8;27;Alagoas;12381;2020;1151;55 a 59 anos;92956;Homem;12381
Indicador  3.3.4;1732;3.7;27;Alagoas;12381;2020;1151;55 a 59 anos;92957;Mulher;12381
Indicador  3.3.4;1732;2.9;27;Alagoas;12381;2020;3302;60 anos ou mais;6794;Total;12381
Indicador  3.3.4;1732;5.5;27;Alagoas;12381;2020;3302;60 anos ou mais;92956;Homem;12381
Indicador  3.3.4;1732;0.9;27;Alagoas;12381;2020;3302;60 anos ou mais;92957;Mulher;12381
Indicador  3.3.4;1732;3.2;27;Alagoas;12381;2021;95253;Total;6794;Total;12381
Indicador  3.3.4;1732;3.0;27;Alagoas;12381;2021;95253;Total;92956;Homem;12381
Indicador  3.3.4;1732;3.3;27;Alagoas;12381;2021;95253;Total;92957;Mulher;12381
Indicador  3.3.4;1732;0.0;27;Alagoas;12381;2021;1140;0 a 4 anos;6794;Total;12381
Indicador  3.3.4;1732;0.0;27;Alagoas;12381;2021;1140;0 a 4 anos;92956;Homem;12381
Indicador  3.3.4;1732;0.0;27;Alagoas;12381;2021;1140;0 a 4 anos;92957;Mulher;12381
Indicador  3.3.4;1732;0.0;27;Alagoas;12381;2021;1141;5 a 9 anos;6794;Total;12381
Indicador  3.3.4;1732;0.0;27;Alagoas;12381;2021;1141;5 a 9 anos;92956;Homem;12381
Indicador  3.3.4;1732;0.0;27;Alagoas;12381;2021;1141;5 a 9 anos;92957;Mulher;12381
Indicador  3.3.4;1732;0.0;27;Alagoas;12381;2021;1142;10 a 14 anos;6794;Total;12381
Indicador  3.3.4;1732;0.0;27;Alagoas;12381;2021;1142;10 a 14 anos;92956;Homem;12381
Indicador  3.3.4;1732;0.0;27;Alagoas;12381;2021;1142;10 a 14 anos;92957;Mulher;12381
Indicador  3.3.4;1732;0.7;27;Alagoas;12381;2021;1143;15 a 19 anos;6794;Total;12381
Indicador  3.3.4;1732;0.7;27;Alagoas;12381;2021;1143;15 a 19 anos;92956;Homem;12381
Indicador  3.3.4;1732;0.7;27;Alagoas;12381;2021;1143;15 a 19 anos;92957;Mulher;12381
Indicador  3.3.4;1732;2.6;27;Alagoas;12381;2021;1144;20 a 24 anos;6794;Total;12381
Indicador  3.3.4;1732;1.3;27;Alagoas;12381;2021;1144;20 a 24 anos;92956;Homem;12381
Indicador  3.3.4;1732;3.8;27;Alagoas;12381;2021;1144;20 a 24 anos;92957;Mulher;12381
Indicador  3.3.4;1732;4.6;27;Alagoas;12381;2021;1145;25 a 29 anos;6794;Total;12381
Indicador  3.3.4;1732;5.1;27;Alagoas;12381;2021;1145;25 a 29 anos;92956;Homem;12381
Indicador  3.3.4;1732;4.1;27;Alagoas;12381;2021;1145;25 a 29 anos;92957;Mulher;12381
Indicador  3.3.4;1732;4.2;27;Alagoas;12381;2021;1146;30 a 34 anos;6794;Total;12381
Indicador  3.3.4;1732;1.7;27;Alagoas;12381;2021;1146;30 a 34 anos;92956;Homem;12381
Indicador  3.3.4;1732;6.5;27;Alagoas;12381;2021;1146;30 a 34 anos;92957;Mulher;12381
Indicador  3.3.4;1732;6.3;27;Alagoas;12381;2021;1147;35 a 39 anos;6794;Total;12381
Indicador  3.3.4;1732;5.9;27;Alagoas;12381;2021;1147;35 a 39 anos;92956;Homem;12381
Indicador  3.3.4;1732;6.6;27;Alagoas;12381;2021;1147;35 a 39 anos;92957;Mulher;12381
Indicador  3.3.4;1732;5.9;27;Alagoas;12381;2021;1148;40 a 44 anos;6794;Total;12381
Indicador  3.3.4;1732;3.6;27;Alagoas;12381;2021;1148;40 a 44 anos;92956;Homem;12381
Indicador  3.3.4;1732;7.8;27;Alagoas;12381;2021;1148;40 a 44 anos;92957;Mulher;12381
Indicador  3.3.4;1732;7.3;27;Alagoas;12381;2021;1149;45 a 49 anos;6794;Total;12381
Indicador  3.3.4;1732;8.5;27;Alagoas;12381;2021;1149;45 a 49 anos;92956;Homem;12381
Indicador  3.3.4;1732;6.3;27;Alagoas;12381;2021;1149;45 a 49 anos;92957;Mulher;12381
Indicador  3.3.4;1732;7.6;27;Alagoas;12381;2021;1150;50 a 54 anos;6794;Total;12381
Indicador  3.3.4;1732;8.3;27;Alagoas;12381;2021;1150;50 a 54 anos;92956;Homem;12381
Indicador  3.3.4;1732;7.0;27;Alagoas;12381;2021;1150;50 a 54 anos;92957;Mulher;12381
Indicador  3.3.4;1732;3.9;27;Alagoas;12381;2021;1151;55 a 59 anos;6794;Total;12381
Indicador  3.3.4;1732;7.1;27;Alagoas;12381;2021;1151;55 a 59 anos;92956;Homem;12381
Indicador  3.3.4;1732;1.2;27;Alagoas;12381;2021;1151;55 a 59 anos;92957;Mulher;12381
Indicador  3.3.4;1732;1.8;27;Alagoas;12381;2021;3302;60 anos ou mais;6794;Total;12381
Indicador  3.3.4;1732;2.9;27;Alagoas;12381;2021;3302;60 anos ou mais;92956;Homem;12381
Indicador  3.3.4;1732;0.9;27;Alagoas;12381;2021;3302;60 anos ou mais;92957;Mulher;12381
Indicador  3.3.4;1732;2.1;27;Alagoas;12381;2022;95253;Total;6794;Total;12381
Indicador  3.3.4;1732;2.1;27;Alagoas;12381;2022;95253;Total;92956;Homem;12381
Indicador  3.3.4;1732;2.1;27;Alagoas;12381;2022;95253;Total;92957;Mulher;12381
Indicador  3.3.4;1732;0.0;27;Alagoas;12381;2022;1140;0 a 4 anos;6794;Total;12381
Indicador  3.3.4;1732;0.0;27;Alagoas;12381;2022;1140;0 a 4 anos;92956;Homem;12381
Indicador  3.3.4;1732;0.0;27;Alagoas;12381;2022;1140;0 a 4 anos;92957;Mulher;12381
Indicador  3.3.4;1732;0.0;27;Alagoas;12381;2022;1141;5 a 9 anos;6794;Total;12381
Indicador  3.3.4;1732;0.0;27;Alagoas;12381;2022;1141;5 a 9 anos;92956;Homem;12381
Indicador  3.3.4;1732;0.0;27;Alagoas;12381;2022;1141;5 a 9 anos;92957;Mulher;12381
Indicador  3.3.4;1732;0.0;27;Alagoas;12381;2022;1142;10 a 14 anos;6794;Total;12381
Indicador  3.3.4;1732;0.0;27;Alagoas;12381;2022;1142;10 a 14 anos;92956;Homem;12381
Indicador  3.3.4;1732;0.0;27;Alagoas;12381;2022;1142;10 a 14 anos;92957;Mulher;12381
Indicador  3.3.4;1732;0.3;27;Alagoas;12381;2022;1143;15 a 19 anos;6794;Total;12381
Indicador  3.3.4;1732;0.7;27;Alagoas;12381;2022;1143;15 a 19 anos;92956;Homem;12381
Indicador  3.3.4;1732;0.0;27;Alagoas;12381;2022;1143;15 a 19 anos;92957;Mulher;12381
Indicador  3.3.4;1732;1.0;27;Alagoas;12381;2022;1144;20 a 24 anos;6794;Total;12381
Indicador  3.3.4;1732;0.6;27;Alagoas;12381;2022;1144;20 a 24 anos;92956;Homem;12381
Indicador  3.3.4;1732;1.3;27;Alagoas;12381;2022;1144;20 a 24 anos;92957;Mulher;12381
Indicador  3.3.4;1732;3.5;27;Alagoas;12381;2022;1145;25 a 29 anos;6794;Total;12381
Indicador  3.3.4;1732;3.6;27;Alagoas;12381;2022;1145;25 a 29 anos;92956;Homem;12381
Indicador  3.3.4;1732;3.4;27;Alagoas;12381;2022;1145;25 a 29 anos;92957;Mulher;12381
Indicador  3.3.4;1732;3.1;27;Alagoas;12381;2022;1146;30 a 34 anos;6794;Total;12381
Indicador  3.3.4;1732;1.6;27;Alagoas;12381;2022;1146;30 a 34 anos;92956;Homem;12381
Indicador  3.3.4;1732;4.4;27;Alagoas;12381;2022;1146;30 a 34 anos;92957;Mulher;12381
Indicador  3.3.4;1732;5.1;27;Alagoas;12381;2022;1147;35 a 39 anos;6794;Total;12381
Indicador  3.3.4;1732;4.3;27;Alagoas;12381;2022;1147;35 a 39 anos;92956;Homem;12381
Indicador  3.3.4;1732;5.9;27;Alagoas;12381;2022;1147;35 a 39 anos;92957;Mulher;12381
Indicador  3.3.4;1732;4.1;27;Alagoas;12381;2022;1148;40 a 44 anos;6794;Total;12381
Indicador  3.3.4;1732;6.3;27;Alagoas;12381;2022;1148;40 a 44 anos;92956;Homem;12381
Indicador  3.3.4;1732;2.3;27;Alagoas;12381;2022;1148;40 a 44 anos;92957;Mulher;12381
Indicador  3.3.4;1732;2.9;27;Alagoas;12381;2022;1149;45 a 49 anos;6794;Total;12381
Indicador  3.3.4;1732;4.1;27;Alagoas;12381;2022;1149;45 a 49 anos;92956;Homem;12381
Indicador  3.3.4;1732;1.8;27;Alagoas;12381;2022;1149;45 a 49 anos;92957;Mulher;12381
Indicador  3.3.4;1732;3.8;27;Alagoas;12381;2022;1150;50 a 54 anos;6794;Total;12381
Indicador  3.3.4;1732;3.5;27;Alagoas;12381;2022;1150;50 a 54 anos;92956;Homem;12381
Indicador  3.3.4;1732;4.0;27;Alagoas;12381;2022;1150;50 a 54 anos;92957;Mulher;12381
Indicador  3.3.4;1732;2.5;27;Alagoas;12381;2022;1151;55 a 59 anos;6794;Total;12381
Indicador  3.3.4;1732;2.8;27;Alagoas;12381;2022;1151;55 a 59 anos;92956;Homem;12381
Indicador  3.3.4;1732;2.3;27;Alagoas;12381;2022;1151;55 a 59 anos;92957;Mulher;12381
Indicador  3.3.4;1732;2.2;27;Alagoas;12381;2022;3302;60 anos ou mais;6794;Total;12381
Indicador  3.3.4;1732;2.3;27;Alagoas;12381;2022;3302;60 anos ou mais;92956;Homem;12381
Indicador  3.3.4;1732;2.1;27;Alagoas;12381;2022;3302;60 anos ou mais;92957;Mulher;12381
Indicador  3.3.4;1732;6.0;28;Sergipe;12381;2018;95253;Total;6794;Total;12381
Indicador  3.3.4;1732;6.0;28;Sergipe;12381;2018;95253;Total;92956;Homem;12381
Indicador  3.3.4;1732;6.0;28;Sergipe;12381;2018;95253;Total;92957;Mulher;12381
Indicador  3.3.4;1732;0.0;28;Sergipe;12381;2018;1140;0 a 4 anos;6794;Total;12381
Indicador  3.3.4;1732;0.0;28;Sergipe;12381;2018;1140;0 a 4 anos;92956;Homem;12381
Indicador  3.3.4;1732;0.0;28;Sergipe;12381;2018;1140;0 a 4 anos;92957;Mulher;12381
Indicador  3.3.4;1732;0.0;28;Sergipe;12381;2018;1141;5 a 9 anos;6794;Total;12381
Indicador  3.3.4;1732;0.0;28;Sergipe;12381;2018;1141;5 a 9 anos;92956;Homem;12381
Indicador  3.3.4;1732;0.0;28;Sergipe;12381;2018;1141;5 a 9 anos;92957;Mulher;12381
Indicador  3.3.4;1732;0.5;28;Sergipe;12381;2018;1142;10 a 14 anos;6794;Total;12381
Indicador  3.3.4;1732;0.0;28;Sergipe;12381;2018;1142;10 a 14 anos;92956;Homem;12381
Indicador  3.3.4;1732;1.1;28;Sergipe;12381;2018;1142;10 a 14 anos;92957;Mulher;12381
Indicador  3.3.4;1732;0.0;28;Sergipe;12381;2018;1143;15 a 19 anos;6794;Total;12381
Indicador  3.3.4;1732;0.0;28;Sergipe;12381;2018;1143;15 a 19 anos;92956;Homem;12381
Indicador  3.3.4;1732;0.0;28;Sergipe;12381;2018;1143;15 a 19 anos;92957;Mulher;12381
Indicador  3.3.4;1732;6.7;28;Sergipe;12381;2018;1144;20 a 24 anos;6794;Total;12381
Indicador  3.3.4;1732;4.8;28;Sergipe;12381;2018;1144;20 a 24 anos;92956;Homem;12381
Indicador  3.3.4;1732;8.6;28;Sergipe;12381;2018;1144;20 a 24 anos;92957;Mulher;12381
Indicador  3.3.4;1732;7.0;28;Sergipe;12381;2018;1145;25 a 29 anos;6794;Total;12381
Indicador  3.3.4;1732;7.2;28;Sergipe;12381;2018;1145;25 a 29 anos;92956;Homem;12381
Indicador  3.3.4;1732;6.9;28;Sergipe;12381;2018;1145;25 a 29 anos;92957;Mulher;12381
Indicador  3.3.4;1732;14.8;28;Sergipe;12381;2018;1146;30 a 34 anos;6794;Total;12381
Indicador  3.3.4;1732;12.7;28;Sergipe;12381;2018;1146;30 a 34 anos;92956;Homem;12381
Indicador  3.3.4;1732;16.7;28;Sergipe;12381;2018;1146;30 a 34 anos;92957;Mulher;12381
Indicador  3.3.4;1732;7.1;28;Sergipe;12381;2018;1147;35 a 39 anos;6794;Total;12381
Indicador  3.3.4;1732;5.8;28;Sergipe;12381;2018;1147;35 a 39 anos;92956;Homem;12381
Indicador  3.3.4;1732;8.4;28;Sergipe;12381;2018;1147;35 a 39 anos;92957;Mulher;12381
Indicador  3.3.4;1732;10.6;28;Sergipe;12381;2018;1148;40 a 44 anos;6794;Total;12381
Indicador  3.3.4;1732;6.6;28;Sergipe;12381;2018;1148;40 a 44 anos;92956;Homem;12381
Indicador  3.3.4;1732;14.2;28;Sergipe;12381;2018;1148;40 a 44 anos;92957;Mulher;12381
Indicador  3.3.4;1732;12.0;28;Sergipe;12381;2018;1149;45 a 49 anos;6794;Total;12381
Indicador  3.3.4;1732;16.6;28;Sergipe;12381;2018;1149;45 a 49 anos;92956;Homem;12381
Indicador  3.3.4;1732;8.0;28;Sergipe;12381;2018;1149;45 a 49 anos;92957;Mulher;12381
Indicador  3.3.4;1732;10.4;28;Sergipe;12381;2018;1150;50 a 54 anos;6794;Total;12381
Indicador  3.3.4;1732;13.7;28;Sergipe;12381;2018;1150;50 a 54 anos;92956;Homem;12381
Indicador  3.3.4;1732;7.5;28;Sergipe;12381;2018;1150;50 a 54 anos;92957;Mulher;12381
Indicador  3.3.4;1732;14.0;28;Sergipe;12381;2018;1151;55 a 59 anos;6794;Total;12381
Indicador  3.3.4;1732;21.7;28;Sergipe;12381;2018;1151;55 a 59 anos;92956;Homem;12381
Indicador  3.3.4;1732;7.4;28;Sergipe;12381;2018;1151;55 a 59 anos;92957;Mulher;12381
Indicador  3.3.4;1732;2.0;28;Sergipe;12381;2018;3302;60 anos ou mais;6794;Total;12381
Indicador  3.3.4;1732;2.8;28;Sergipe;12381;2018;3302;60 anos ou mais;92956;Homem;12381
Indicador  3.3.4;1732;1.4;28;Sergipe;12381;2018;3302;60 anos ou mais;92957;Mulher;12381
Indicador  3.3.4;1732;5.8;28;Sergipe;12381;2019;95253;Total;6794;Total;12381
Indicador  3.3.4;1732;5.5;28;Sergipe;12381;2019;95253;Total;92956;Homem;12381
Indicador  3.3.4;1732;6.1;28;Sergipe;12381;2019;95253;Total;92957;Mulher;12381
Indicador  3.3.4;1732;0.6;28;Sergipe;12381;2019;1140;0 a 4 anos;6794;Total;12381
Indicador  3.3.4;1732;0.0;28;Sergipe;12381;2019;1140;0 a 4 anos;92956;Homem;12381
Indicador  3.3.4;1732;1.2;28;Sergipe;12381;2019;1140;0 a 4 anos;92957;Mulher;12381
Indicador  3.3.4;1732;0.0;28;Sergipe;12381;2019;1141;5 a 9 anos;6794;Total;12381
Indicador  3.3.4;1732;0.0;28;Sergipe;12381;2019;1141;5 a 9 anos;92956;Homem;12381
Indicador  3.3.4;1732;0.0;28;Sergipe;12381;2019;1141;5 a 9 anos;92957;Mulher;12381
Indicador  3.3.4;1732;0.0;28;Sergipe;12381;2019;1142;10 a 14 anos;6794;Total;12381
Indicador  3.3.4;1732;0.0;28;Sergipe;12381;2019;1142;10 a 14 anos;92956;Homem;12381
Indicador  3.3.4;1732;0.0;28;Sergipe;12381;2019;1142;10 a 14 anos;92957;Mulher;12381
Indicador  3.3.4;1732;1.0;28;Sergipe;12381;2019;1143;15 a 19 anos;6794;Total;12381
Indicador  3.3.4;1732;0.0;28;Sergipe;12381;2019;1143;15 a 19 anos;92956;Homem;12381
Indicador  3.3.4;1732;2.1;28;Sergipe;12381;2019;1143;15 a 19 anos;92957;Mulher;12381
Indicador  3.3.4;1732;3.8;28;Sergipe;12381;2019;1144;20 a 24 anos;6794;Total;12381
Indicador  3.3.4;1732;2.9;28;Sergipe;12381;2019;1144;20 a 24 anos;92956;Homem;12381
Indicador  3.3.4;1732;4.8;28;Sergipe;12381;2019;1144;20 a 24 anos;92957;Mulher;12381
Indicador  3.3.4;1732;9.1;28;Sergipe;12381;2019;1145;25 a 29 anos;6794;Total;12381
Indicador  3.3.4;1732;4.1;28;Sergipe;12381;2019;1145;25 a 29 anos;92956;Homem;12381
Indicador  3.3.4;1732;13.8;28;Sergipe;12381;2019;1145;25 a 29 anos;92957;Mulher;12381
Indicador  3.3.4;1732;8.6;28;Sergipe;12381;2019;1146;30 a 34 anos;6794;Total;12381
Indicador  3.3.4;1732;6.3;28;Sergipe;12381;2019;1146;30 a 34 anos;92956;Homem;12381
Indicador  3.3.4;1732;10.7;28;Sergipe;12381;2019;1146;30 a 34 anos;92957;Mulher;12381
Indicador  3.3.4;1732;8.6;28;Sergipe;12381;2019;1147;35 a 39 anos;6794;Total;12381
Indicador  3.3.4;1732;9.1;28;Sergipe;12381;2019;1147;35 a 39 anos;92956;Homem;12381
Indicador  3.3.4;1732;8.2;28;Sergipe;12381;2019;1147;35 a 39 anos;92957;Mulher;12381
Indicador  3.3.4;1732;13.4;28;Sergipe;12381;2019;1148;40 a 44 anos;6794;Total;12381
Indicador  3.3.4;1732;14.2;28;Sergipe;12381;2019;1148;40 a 44 anos;92956;Homem;12381
Indicador  3.3.4;1732;12.6;28;Sergipe;12381;2019;1148;40 a 44 anos;92957;Mulher;12381
Indicador  3.3.4;1732;12.5;28;Sergipe;12381;2019;1149;45 a 49 anos;6794;Total;12381
Indicador  3.3.4;1732;11.9;28;Sergipe;12381;2019;1149;45 a 49 anos;92956;Homem;12381
Indicador  3.3.4;1732;13.1;28;Sergipe;12381;2019;1149;45 a 49 anos;92957;Mulher;12381
Indicador  3.3.4;1732;5.4;28;Sergipe;12381;2019;1150;50 a 54 anos;6794;Total;12381
Indicador  3.3.4;1732;8.3;28;Sergipe;12381;2019;1150;50 a 54 anos;92956;Homem;12381
Indicador  3.3.4;1732;2.9;28;Sergipe;12381;2019;1150;50 a 54 anos;92957;Mulher;12381
Indicador  3.3.4;1732;10.6;28;Sergipe;12381;2019;1151;55 a 59 anos;6794;Total;12381
Indicador  3.3.4;1732;14.6;28;Sergipe;12381;2019;1151;55 a 59 anos;92956;Homem;12381
Indicador  3.3.4;1732;7.1;28;Sergipe;12381;2019;1151;55 a 59 anos;92957;Mulher;12381
Indicador  3.3.4;1732;5.1;28;Sergipe;12381;2019;3302;60 anos ou mais;6794;Total;12381
Indicador  3.3.4;1732;8.2;28;Sergipe;12381;2019;3302;60 anos ou mais;92956;Homem;12381
Indicador  3.3.4;1732;2.8;28;Sergipe;12381;2019;3302;60 anos ou mais;92957;Mulher;12381
Indicador  3.3.4;1732;3.0;28;Sergipe;12381;2020;95253;Total;6794;Total;12381
Indicador  3.3.4;1732;3.6;28;Sergipe;12381;2020;95253;Total;92956;Homem;12381
Indicador  3.3.4;1732;2.5;28;Sergipe;12381;2020;95253;Total;92957;Mulher;12381
Indicador  3.3.4;1732;0.0;28;Sergipe;12381;2020;1140;0 a 4 anos;6794;Total;12381
Indicador  3.3.4;1732;0.0;28;Sergipe;12381;2020;1140;0 a 4 anos;92956;Homem;12381
Indicador  3.3.4;1732;0.0;28;Sergipe;12381;2020;1140;0 a 4 anos;92957;Mulher;12381
Indicador  3.3.4;1732;0.0;28;Sergipe;12381;2020;1141;5 a 9 anos;6794;Total;12381
Indicador  3.3.4;1732;0.0;28;Sergipe;12381;2020;1141;5 a 9 anos;92956;Homem;12381
Indicador  3.3.4;1732;0.0;28;Sergipe;12381;2020;1141;5 a 9 anos;92957;Mulher;12381
Indicador  3.3.4;1732;0.0;28;Sergipe;12381;2020;1142;10 a 14 anos;6794;Total;12381
Indicador  3.3.4;1732;0.0;28;Sergipe;12381;2020;1142;10 a 14 anos;92956;Homem;12381
Indicador  3.3.4;1732;0.0;28;Sergipe;12381;2020;1142;10 a 14 anos;92957;Mulher;12381
Indicador  3.3.4;1732;0.0;28;Sergipe;12381;2020;1143;15 a 19 anos;6794;Total;12381
Indicador  3.3.4;1732;0.0;28;Sergipe;12381;2020;1143;15 a 19 anos;92956;Homem;12381
Indicador  3.3.4;1732;0.0;28;Sergipe;12381;2020;1143;15 a 19 anos;92957;Mulher;12381
Indicador  3.3.4;1732;1.0;28;Sergipe;12381;2020;1144;20 a 24 anos;6794;Total;12381
Indicador  3.3.4;1732;0.0;28;Sergipe;12381;2020;1144;20 a 24 anos;92956;Homem;12381
Indicador  3.3.4;1732;1.9;28;Sergipe;12381;2020;1144;20 a 24 anos;92957;Mulher;12381
Indicador  3.3.4;1732;4.0;28;Sergipe;12381;2020;1145;25 a 29 anos;6794;Total;12381
Indicador  3.3.4;1732;4.1;28;Sergipe;12381;2020;1145;25 a 29 anos;92956;Homem;12381
Indicador  3.3.4;1732;3.9;28;Sergipe;12381;2020;1145;25 a 29 anos;92957;Mulher;12381
Indicador  3.3.4;1732;3.0;28;Sergipe;12381;2020;1146;30 a 34 anos;6794;Total;12381
Indicador  3.3.4;1732;3.2;28;Sergipe;12381;2020;1146;30 a 34 anos;92956;Homem;12381
Indicador  3.3.4;1732;2.9;28;Sergipe;12381;2020;1146;30 a 34 anos;92957;Mulher;12381
Indicador  3.3.4;1732;5.9;28;Sergipe;12381;2020;1147;35 a 39 anos;6794;Total;12381
Indicador  3.3.4;1732;5.6;28;Sergipe;12381;2020;1147;35 a 39 anos;92956;Homem;12381
Indicador  3.3.4;1732;6.1;28;Sergipe;12381;2020;1147;35 a 39 anos;92957;Mulher;12381
Indicador  3.3.4;1732;7.1;28;Sergipe;12381;2020;1148;40 a 44 anos;6794;Total;12381
Indicador  3.3.4;1732;8.8;28;Sergipe;12381;2020;1148;40 a 44 anos;92956;Homem;12381
Indicador  3.3.4;1732;5.6;28;Sergipe;12381;2020;1148;40 a 44 anos;92957;Mulher;12381
Indicador  3.3.4;1732;5.5;28;Sergipe;12381;2020;1149;45 a 49 anos;6794;Total;12381
Indicador  3.3.4;1732;5.9;28;Sergipe;12381;2020;1149;45 a 49 anos;92956;Homem;12381
Indicador  3.3.4;1732;5.1;28;Sergipe;12381;2020;1149;45 a 49 anos;92957;Mulher;12381
Indicador  3.3.4;1732;7.6;28;Sergipe;12381;2020;1150;50 a 54 anos;6794;Total;12381
Indicador  3.3.4;1732;14.6;28;Sergipe;12381;2020;1150;50 a 54 anos;92956;Homem;12381
Indicador  3.3.4;1732;1.4;28;Sergipe;12381;2020;1150;50 a 54 anos;92957;Mulher;12381
Indicador  3.3.4;1732;5.5;28;Sergipe;12381;2020;1151;55 a 59 anos;6794;Total;12381
Indicador  3.3.4;1732;6.0;28;Sergipe;12381;2020;1151;55 a 59 anos;92956;Homem;12381
Indicador  3.3.4;1732;5.1;28;Sergipe;12381;2020;1151;55 a 59 anos;92957;Mulher;12381
Indicador  3.3.4;1732;2.7;28;Sergipe;12381;2020;3302;60 anos ou mais;6794;Total;12381
Indicador  3.3.4;1732;4.4;28;Sergipe;12381;2020;3302;60 anos ou mais;92956;Homem;12381
Indicador  3.3.4;1732;1.3;28;Sergipe;12381;2020;3302;60 anos ou mais;92957;Mulher;12381
Indicador  3.3.4;1732;4.5;28;Sergipe;12381;2021;95253;Total;6794;Total;12381
Indicador  3.3.4;1732;4.5;28;Sergipe;12381;2021;95253;Total;92956;Homem;12381
Indicador  3.3.4;1732;4.5;28;Sergipe;12381;2021;95253;Total;92957;Mulher;12381
Indicador  3.3.4;1732;0.0;28;Sergipe;12381;2021;1140;0 a 4 anos;6794;Total;12381
Indicador  3.3.4;1732;0.0;28;Sergipe;12381;2021;1140;0 a 4 anos;92956;Homem;12381
Indicador  3.3.4;1732;0.0;28;Sergipe;12381;2021;1140;0 a 4 anos;92957;Mulher;12381
Indicador  3.3.4;1732;0.0;28;Sergipe;12381;2021;1141;5 a 9 anos;6794;Total;12381
Indicador  3.3.4;1732;0.0;28;Sergipe;12381;2021;1141;5 a 9 anos;92956;Homem;12381
Indicador  3.3.4;1732;0.0;28;Sergipe;12381;2021;1141;5 a 9 anos;92957;Mulher;12381
Indicador  3.3.4;1732;0.0;28;Sergipe;12381;2021;1142;10 a 14 anos;6794;Total;12381
Indicador  3.3.4;1732;0.0;28;Sergipe;12381;2021;1142;10 a 14 anos;92956;Homem;12381
Indicador  3.3.4;1732;0.0;28;Sergipe;12381;2021;1142;10 a 14 anos;92957;Mulher;12381
Indicador  3.3.4;1732;1.1;28;Sergipe;12381;2021;1143;15 a 19 anos;6794;Total;12381
Indicador  3.3.4;1732;0.0;28;Sergipe;12381;2021;1143;15 a 19 anos;92956;Homem;12381
Indicador  3.3.4;1732;2.2;28;Sergipe;12381;2021;1143;15 a 19 anos;92957;Mulher;12381
Indicador  3.3.4;1732;1.9;28;Sergipe;12381;2021;1144;20 a 24 anos;6794;Total;12381
Indicador  3.3.4;1732;1.0;28;Sergipe;12381;2021;1144;20 a 24 anos;92956;Homem;12381
Indicador  3.3.4;1732;2.9;28;Sergipe;12381;2021;1144;20 a 24 anos;92957;Mulher;12381
Indicador  3.3.4;1732;7.5;28;Sergipe;12381;2021;1145;25 a 29 anos;6794;Total;12381
Indicador  3.3.4;1732;7.1;28;Sergipe;12381;2021;1145;25 a 29 anos;92956;Homem;12381
Indicador  3.3.4;1732;7.8;28;Sergipe;12381;2021;1145;25 a 29 anos;92957;Mulher;12381
Indicador  3.3.4;1732;7.6;28;Sergipe;12381;2021;1146;30 a 34 anos;6794;Total;12381
Indicador  3.3.4;1732;5.2;28;Sergipe;12381;2021;1146;30 a 34 anos;92956;Homem;12381
Indicador  3.3.4;1732;9.7;28;Sergipe;12381;2021;1146;30 a 34 anos;92957;Mulher;12381
Indicador  3.3.4;1732;9.5;28;Sergipe;12381;2021;1147;35 a 39 anos;6794;Total;12381
Indicador  3.3.4;1732;9.9;28;Sergipe;12381;2021;1147;35 a 39 anos;92956;Homem;12381
Indicador  3.3.4;1732;9.0;28;Sergipe;12381;2021;1147;35 a 39 anos;92957;Mulher;12381
Indicador  3.3.4;1732;9.8;28;Sergipe;12381;2021;1148;40 a 44 anos;6794;Total;12381
Indicador  3.3.4;1732;8.6;28;Sergipe;12381;2021;1148;40 a 44 anos;92956;Homem;12381
Indicador  3.3.4;1732;10.9;28;Sergipe;12381;2021;1148;40 a 44 anos;92957;Mulher;12381
Indicador  3.3.4;1732;6.0;28;Sergipe;12381;2021;1149;45 a 49 anos;6794;Total;12381
Indicador  3.3.4;1732;8.6;28;Sergipe;12381;2021;1149;45 a 49 anos;92956;Homem;12381
Indicador  3.3.4;1732;3.8;28;Sergipe;12381;2021;1149;45 a 49 anos;92957;Mulher;12381
Indicador  3.3.4;1732;6.0;28;Sergipe;12381;2021;1150;50 a 54 anos;6794;Total;12381
Indicador  3.3.4;1732;6.4;28;Sergipe;12381;2021;1150;50 a 54 anos;92956;Homem;12381
Indicador  3.3.4;1732;5.6;28;Sergipe;12381;2021;1150;50 a 54 anos;92957;Mulher;12381
Indicador  3.3.4;1732;6.2;28;Sergipe;12381;2021;1151;55 a 59 anos;6794;Total;12381
Indicador  3.3.4;1732;9.7;28;Sergipe;12381;2021;1151;55 a 59 anos;92956;Homem;12381
Indicador  3.3.4;1732;3.3;28;Sergipe;12381;2021;1151;55 a 59 anos;92957;Mulher;12381
Indicador  3.3.4;1732;4.0;28;Sergipe;12381;2021;3302;60 anos ou mais;6794;Total;12381
Indicador  3.3.4;1732;6.0;28;Sergipe;12381;2021;3302;60 anos ou mais;92956;Homem;12381
Indicador  3.3.4;1732;2.6;28;Sergipe;12381;2021;3302;60 anos ou mais;92957;Mulher;12381
Indicador  3.3.4;1732;5.1;28;Sergipe;12381;2022;95253;Total;6794;Total;12381
Indicador  3.3.4;1732;5.5;28;Sergipe;12381;2022;95253;Total;92956;Homem;12381
Indicador  3.3.4;1732;4.7;28;Sergipe;12381;2022;95253;Total;92957;Mulher;12381
Indicador  3.3.4;1732;0.0;28;Sergipe;12381;2022;1140;0 a 4 anos;6794;Total;12381
Indicador  3.3.4;1732;0.0;28;Sergipe;12381;2022;1140;0 a 4 anos;92956;Homem;12381
Indicador  3.3.4;1732;0.0;28;Sergipe;12381;2022;1140;0 a 4 anos;92957;Mulher;12381
Indicador  3.3.4;1732;0.0;28;Sergipe;12381;2022;1141;5 a 9 anos;6794;Total;12381
Indicador  3.3.4;1732;0.0;28;Sergipe;12381;2022;1141;5 a 9 anos;92956;Homem;12381
Indicador  3.3.4;1732;0.0;28;Sergipe;12381;2022;1141;5 a 9 anos;92957;Mulher;12381
Indicador  3.3.4;1732;0.6;28;Sergipe;12381;2022;1142;10 a 14 anos;6794;Total;12381
Indicador  3.3.4;1732;0.0;28;Sergipe;12381;2022;1142;10 a 14 anos;92956;Homem;12381
Indicador  3.3.4;1732;1.2;28;Sergipe;12381;2022;1142;10 a 14 anos;92957;Mulher;12381
Indicador  3.3.4;1732;1.1;28;Sergipe;12381;2022;1143;15 a 19 anos;6794;Total;12381
Indicador  3.3.4;1732;0.0;28;Sergipe;12381;2022;1143;15 a 19 anos;92956;Homem;12381
Indicador  3.3.4;1732;2.2;28;Sergipe;12381;2022;1143;15 a 19 anos;92957;Mulher;12381
Indicador  3.3.4;1732;0.0;28;Sergipe;12381;2022;1144;20 a 24 anos;6794;Total;12381
Indicador  3.3.4;1732;0.0;28;Sergipe;12381;2022;1144;20 a 24 anos;92956;Homem;12381
Indicador  3.3.4;1732;0.0;28;Sergipe;12381;2022;1144;20 a 24 anos;92957;Mulher;12381
Indicador  3.3.4;1732;6.4;28;Sergipe;12381;2022;1145;25 a 29 anos;6794;Total;12381
Indicador  3.3.4;1732;6.0;28;Sergipe;12381;2022;1145;25 a 29 anos;92956;Homem;12381
Indicador  3.3.4;1732;6.8;28;Sergipe;12381;2022;1145;25 a 29 anos;92957;Mulher;12381
Indicador  3.3.4;1732;6.6;28;Sergipe;12381;2022;1146;30 a 34 anos;6794;Total;12381
Indicador  3.3.4;1732;3.2;28;Sergipe;12381;2022;1146;30 a 34 anos;92956;Homem;12381
Indicador  3.3.4;1732;9.8;28;Sergipe;12381;2022;1146;30 a 34 anos;92957;Mulher;12381
Indicador  3.3.4;1732;12.5;28;Sergipe;12381;2022;1147;35 a 39 anos;6794;Total;12381
Indicador  3.3.4;1732;10.9;28;Sergipe;12381;2022;1147;35 a 39 anos;92956;Homem;12381
Indicador  3.3.4;1732;13.9;28;Sergipe;12381;2022;1147;35 a 39 anos;92957;Mulher;12381
Indicador  3.3.4;1732;9.1;28;Sergipe;12381;2022;1148;40 a 44 anos;6794;Total;12381
Indicador  3.3.4;1732;10.8;28;Sergipe;12381;2022;1148;40 a 44 anos;92956;Homem;12381
Indicador  3.3.4;1732;7.5;28;Sergipe;12381;2022;1148;40 a 44 anos;92957;Mulher;12381
Indicador  3.3.4;1732;7.8;28;Sergipe;12381;2022;1149;45 a 49 anos;6794;Total;12381
Indicador  3.3.4;1732;9.8;28;Sergipe;12381;2022;1149;45 a 49 anos;92956;Homem;12381
Indicador  3.3.4;1732;6.1;28;Sergipe;12381;2022;1149;45 a 49 anos;92957;Mulher;12381
Indicador  3.3.4;1732;5.9;28;Sergipe;12381;2022;1150;50 a 54 anos;6794;Total;12381
Indicador  3.3.4;1732;12.6;28;Sergipe;12381;2022;1150;50 a 54 anos;92956;Homem;12381
Indicador  3.3.4;1732;0.0;28;Sergipe;12381;2022;1150;50 a 54 anos;92957;Mulher;12381
Indicador  3.3.4;1732;10.3;28;Sergipe;12381;2022;1151;55 a 59 anos;6794;Total;12381
Indicador  3.3.4;1732;13.0;28;Sergipe;12381;2022;1151;55 a 59 anos;92956;Homem;12381
Indicador  3.3.4;1732;8.0;28;Sergipe;12381;2022;1151;55 a 59 anos;92957;Mulher;12381
Indicador  3.3.4;1732;6.7;28;Sergipe;12381;2022;3302;60 anos ou mais;6794;Total;12381
Indicador  3.3.4;1732;10.7;28;Sergipe;12381;2022;3302;60 anos ou mais;92956;Homem;12381
Indicador  3.3.4;1732;3.7;28;Sergipe;12381;2022;3302;60 anos ou mais;92957;Mulher;12381
Indicador  3.3.4;1732;4.5;29;Bahia;12381;2018;95253;Total;6794;Total;12381
Indicador  3.3.4;1732;4.4;29;Bahia;12381;2018;95253;Total;92956;Homem;12381
Indicador  3.3.4;1732;4.6;29;Bahia;12381;2018;95253;Total;92957;Mulher;12381
Indicador  3.3.4;1732;0.7;29;Bahia;12381;2018;1140;0 a 4 anos;6794;Total;12381
Indicador  3.3.4;1732;1.0;29;Bahia;12381;2018;1140;0 a 4 anos;92956;Homem;12381
Indicador  3.3.4;1732;0.4;29;Bahia;12381;2018;1140;0 a 4 anos;92957;Mulher;12381
Indicador  3.3.4;1732;0.1;29;Bahia;12381;2018;1141;5 a 9 anos;6794;Total;12381
Indicador  3.3.4;1732;0.2;29;Bahia;12381;2018;1141;5 a 9 anos;92956;Homem;12381
Indicador  3.3.4;1732;0.0;29;Bahia;12381;2018;1141;5 a 9 anos;92957;Mulher;12381
Indicador  3.3.4;1732;0.3;29;Bahia;12381;2018;1142;10 a 14 anos;6794;Total;12381
Indicador  3.3.4;1732;0.5;29;Bahia;12381;2018;1142;10 a 14 anos;92956;Homem;12381
Indicador  3.3.4;1732;0.0;29;Bahia;12381;2018;1142;10 a 14 anos;92957;Mulher;12381
Indicador  3.3.4;1732;1.1;29;Bahia;12381;2018;1143;15 a 19 anos;6794;Total;12381
Indicador  3.3.4;1732;0.2;29;Bahia;12381;2018;1143;15 a 19 anos;92956;Homem;12381
Indicador  3.3.4;1732;2.1;29;Bahia;12381;2018;1143;15 a 19 anos;92957;Mulher;12381
Indicador  3.3.4;1732;3.4;29;Bahia;12381;2018;1144;20 a 24 anos;6794;Total;12381
Indicador  3.3.4;1732;3.0;29;Bahia;12381;2018;1144;20 a 24 anos;92956;Homem;12381
Indicador  3.3.4;1732;3.9;29;Bahia;12381;2018;1144;20 a 24 anos;92957;Mulher;12381
Indicador  3.3.4;1732;8.7;29;Bahia;12381;2018;1145;25 a 29 anos;6794;Total;12381
Indicador  3.3.4;1732;6.6;29;Bahia;12381;2018;1145;25 a 29 anos;92956;Homem;12381
Indicador  3.3.4;1732;10.7;29;Bahia;12381;2018;1145;25 a 29 anos;92957;Mulher;12381
Indicador  3.3.4;1732;7.0;29;Bahia;12381;2018;1146;30 a 34 anos;6794;Total;12381
Indicador  3.3.4;1732;5.4;29;Bahia;12381;2018;1146;30 a 34 anos;92956;Homem;12381
Indicador  3.3.4;1732;8.6;29;Bahia;12381;2018;1146;30 a 34 anos;92957;Mulher;12381
Indicador  3.3.4;1732;8.4;29;Bahia;12381;2018;1147;35 a 39 anos;6794;Total;12381
Indicador  3.3.4;1732;7.3;29;Bahia;12381;2018;1147;35 a 39 anos;92956;Homem;12381
Indicador  3.3.4;1732;9.4;29;Bahia;12381;2018;1147;35 a 39 anos;92957;Mulher;12381
Indicador  3.3.4;1732;7.3;29;Bahia;12381;2018;1148;40 a 44 anos;6794;Total;12381
Indicador  3.3.4;1732;7.2;29;Bahia;12381;2018;1148;40 a 44 anos;92956;Homem;12381
Indicador  3.3.4;1732;7.4;29;Bahia;12381;2018;1148;40 a 44 anos;92957;Mulher;12381
Indicador  3.3.4;1732;7.4;29;Bahia;12381;2018;1149;45 a 49 anos;6794;Total;12381
Indicador  3.3.4;1732;8.7;29;Bahia;12381;2018;1149;45 a 49 anos;92956;Homem;12381
Indicador  3.3.4;1732;6.3;29;Bahia;12381;2018;1149;45 a 49 anos;92957;Mulher;12381
Indicador  3.3.4;1732;6.8;29;Bahia;12381;2018;1150;50 a 54 anos;6794;Total;12381
Indicador  3.3.4;1732;8.9;29;Bahia;12381;2018;1150;50 a 54 anos;92956;Homem;12381
Indicador  3.3.4;1732;4.9;29;Bahia;12381;2018;1150;50 a 54 anos;92957;Mulher;12381
Indicador  3.3.4;1732;5.2;29;Bahia;12381;2018;1151;55 a 59 anos;6794;Total;12381
Indicador  3.3.4;1732;7.9;29;Bahia;12381;2018;1151;55 a 59 anos;92956;Homem;12381
Indicador  3.3.4;1732;2.7;29;Bahia;12381;2018;1151;55 a 59 anos;92957;Mulher;12381
Indicador  3.3.4;1732;3.4;29;Bahia;12381;2018;3302;60 anos ou mais;6794;Total;12381
Indicador  3.3.4;1732;4.9;29;Bahia;12381;2018;3302;60 anos ou mais;92956;Homem;12381
Indicador  3.3.4;1732;2.2;29;Bahia;12381;2018;3302;60 anos ou mais;92957;Mulher;12381
Indicador  3.3.4;1732;4.9;29;Bahia;12381;2019;95253;Total;6794;Total;12381
Indicador  3.3.4;1732;5.2;29;Bahia;12381;2019;95253;Total;92956;Homem;12381
Indicador  3.3.4;1732;4.6;29;Bahia;12381;2019;95253;Total;92957;Mulher;12381
Indicador  3.3.4;1732;1.0;29;Bahia;12381;2019;1140;0 a 4 anos;6794;Total;12381
Indicador  3.3.4;1732;1.5;29;Bahia;12381;2019;1140;0 a 4 anos;92956;Homem;12381
Indicador  3.3.4;1732;0.4;29;Bahia;12381;2019;1140;0 a 4 anos;92957;Mulher;12381
Indicador  3.3.4;1732;0.0;29;Bahia;12381;2019;1141;5 a 9 anos;6794;Total;12381
Indicador  3.3.4;1732;0.0;29;Bahia;12381;2019;1141;5 a 9 anos;92956;Homem;12381
Indicador  3.3.4;1732;0.0;29;Bahia;12381;2019;1141;5 a 9 anos;92957;Mulher;12381
Indicador  3.3.4;1732;0.3;29;Bahia;12381;2019;1142;10 a 14 anos;6794;Total;12381
Indicador  3.3.4;1732;0.0;29;Bahia;12381;2019;1142;10 a 14 anos;92956;Homem;12381
Indicador  3.3.4;1732;0.5;29;Bahia;12381;2019;1142;10 a 14 anos;92957;Mulher;12381
Indicador  3.3.4;1732;1.1;29;Bahia;12381;2019;1143;15 a 19 anos;6794;Total;12381
Indicador  3.3.4;1732;0.2;29;Bahia;12381;2019;1143;15 a 19 anos;92956;Homem;12381
Indicador  3.3.4;1732;2.2;29;Bahia;12381;2019;1143;15 a 19 anos;92957;Mulher;12381
Indicador  3.3.4;1732;3.8;29;Bahia;12381;2019;1144;20 a 24 anos;6794;Total;12381
Indicador  3.3.4;1732;2.5;29;Bahia;12381;2019;1144;20 a 24 anos;92956;Homem;12381
Indicador  3.3.4;1732;5.1;29;Bahia;12381;2019;1144;20 a 24 anos;92957;Mulher;12381
Indicador  3.3.4;1732;6.0;29;Bahia;12381;2019;1145;25 a 29 anos;6794;Total;12381
Indicador  3.3.4;1732;4.7;29;Bahia;12381;2019;1145;25 a 29 anos;92956;Homem;12381
Indicador  3.3.4;1732;7.2;29;Bahia;12381;2019;1145;25 a 29 anos;92957;Mulher;12381
Indicador  3.3.4;1732;8.2;29;Bahia;12381;2019;1146;30 a 34 anos;6794;Total;12381
Indicador  3.3.4;1732;8.2;29;Bahia;12381;2019;1146;30 a 34 anos;92956;Homem;12381
Indicador  3.3.4;1732;8.2;29;Bahia;12381;2019;1146;30 a 34 anos;92957;Mulher;12381
Indicador  3.3.4;1732;10.5;29;Bahia;12381;2019;1147;35 a 39 anos;6794;Total;12381
Indicador  3.3.4;1732;10.9;29;Bahia;12381;2019;1147;35 a 39 anos;92956;Homem;12381
Indicador  3.3.4;1732;10.1;29;Bahia;12381;2019;1147;35 a 39 anos;92957;Mulher;12381
Indicador  3.3.4;1732;8.6;29;Bahia;12381;2019;1148;40 a 44 anos;6794;Total;12381
Indicador  3.3.4;1732;11.4;29;Bahia;12381;2019;1148;40 a 44 anos;92956;Homem;12381
Indicador  3.3.4;1732;6.0;29;Bahia;12381;2019;1148;40 a 44 anos;92957;Mulher;12381
Indicador  3.3.4;1732;7.8;29;Bahia;12381;2019;1149;45 a 49 anos;6794;Total;12381
Indicador  3.3.4;1732;8.1;29;Bahia;12381;2019;1149;45 a 49 anos;92956;Homem;12381
Indicador  3.3.4;1732;7.4;29;Bahia;12381;2019;1149;45 a 49 anos;92957;Mulher;12381
Indicador  3.3.4;1732;6.4;29;Bahia;12381;2019;1150;50 a 54 anos;6794;Total;12381
Indicador  3.3.4;1732;7.0;29;Bahia;12381;2019;1150;50 a 54 anos;92956;Homem;12381
Indicador  3.3.4;1732;5.9;29;Bahia;12381;2019;1150;50 a 54 anos;92957;Mulher;12381
Indicador  3.3.4;1732;6.2;29;Bahia;12381;2019;1151;55 a 59 anos;6794;Total;12381
Indicador  3.3.4;1732;8.6;29;Bahia;12381;2019;1151;55 a 59 anos;92956;Homem;12381
Indicador  3.3.4;1732;4.0;29;Bahia;12381;2019;1151;55 a 59 anos;92957;Mulher;12381
Indicador  3.3.4;1732;4.7;29;Bahia;12381;2019;3302;60 anos ou mais;6794;Total;12381
Indicador  3.3.4;1732;6.9;29;Bahia;12381;2019;3302;60 anos ou mais;92956;Homem;12381
Indicador  3.3.4;1732;3.1;29;Bahia;12381;2019;3302;60 anos ou mais;92957;Mulher;12381
Indicador  3.3.4;1732;2.7;29;Bahia;12381;2020;95253;Total;6794;Total;12381
Indicador  3.3.4;1732;2.5;29;Bahia;12381;2020;95253;Total;92956;Homem;12381
Indicador  3.3.4;1732;2.9;29;Bahia;12381;2020;95253;Total;92957;Mulher;12381
Indicador  3.3.4;1732;0.4;29;Bahia;12381;2020;1140;0 a 4 anos;6794;Total;12381
Indicador  3.3.4;1732;0.6;29;Bahia;12381;2020;1140;0 a 4 anos;92956;Homem;12381
Indicador  3.3.4;1732;0.2;29;Bahia;12381;2020;1140;0 a 4 anos;92957;Mulher;12381
Indicador  3.3.4;1732;0.1;29;Bahia;12381;2020;1141;5 a 9 anos;6794;Total;12381
Indicador  3.3.4;1732;0.0;29;Bahia;12381;2020;1141;5 a 9 anos;92956;Homem;12381
Indicador  3.3.4;1732;0.2;29;Bahia;12381;2020;1141;5 a 9 anos;92957;Mulher;12381
Indicador  3.3.4;1732;0.0;29;Bahia;12381;2020;1142;10 a 14 anos;6794;Total;12381
Indicador  3.3.4;1732;0.0;29;Bahia;12381;2020;1142;10 a 14 anos;92956;Homem;12381
Indicador  3.3.4;1732;0.0;29;Bahia;12381;2020;1142;10 a 14 anos;92957;Mulher;12381
Indicador  3.3.4;1732;0.8;29;Bahia;12381;2020;1143;15 a 19 anos;6794;Total;12381
Indicador  3.3.4;1732;0.2;29;Bahia;12381;2020;1143;15 a 19 anos;92956;Homem;12381
Indicador  3.3.4;1732;1.5;29;Bahia;12381;2020;1143;15 a 19 anos;92957;Mulher;12381
Indicador  3.3.4;1732;2.2;29;Bahia;12381;2020;1144;20 a 24 anos;6794;Total;12381
Indicador  3.3.4;1732;1.3;29;Bahia;12381;2020;1144;20 a 24 anos;92956;Homem;12381
Indicador  3.3.4;1732;3.2;29;Bahia;12381;2020;1144;20 a 24 anos;92957;Mulher;12381
Indicador  3.3.4;1732;5.1;29;Bahia;12381;2020;1145;25 a 29 anos;6794;Total;12381
Indicador  3.3.4;1732;3.4;29;Bahia;12381;2020;1145;25 a 29 anos;92956;Homem;12381
Indicador  3.3.4;1732;6.7;29;Bahia;12381;2020;1145;25 a 29 anos;92957;Mulher;12381
Indicador  3.3.4;1732;5.6;29;Bahia;12381;2020;1146;30 a 34 anos;6794;Total;12381
Indicador  3.3.4;1732;4.3;29;Bahia;12381;2020;1146;30 a 34 anos;92956;Homem;12381
Indicador  3.3.4;1732;6.8;29;Bahia;12381;2020;1146;30 a 34 anos;92957;Mulher;12381
Indicador  3.3.4;1732;5.1;29;Bahia;12381;2020;1147;35 a 39 anos;6794;Total;12381
Indicador  3.3.4;1732;4.5;29;Bahia;12381;2020;1147;35 a 39 anos;92956;Homem;12381
Indicador  3.3.4;1732;5.7;29;Bahia;12381;2020;1147;35 a 39 anos;92957;Mulher;12381
Indicador  3.3.4;1732;4.3;29;Bahia;12381;2020;1148;40 a 44 anos;6794;Total;12381
Indicador  3.3.4;1732;4.8;29;Bahia;12381;2020;1148;40 a 44 anos;92956;Homem;12381
Indicador  3.3.4;1732;3.9;29;Bahia;12381;2020;1148;40 a 44 anos;92957;Mulher;12381
Indicador  3.3.4;1732;3.3;29;Bahia;12381;2020;1149;45 a 49 anos;6794;Total;12381
Indicador  3.3.4;1732;4.4;29;Bahia;12381;2020;1149;45 a 49 anos;92956;Homem;12381
Indicador  3.3.4;1732;2.2;29;Bahia;12381;2020;1149;45 a 49 anos;92957;Mulher;12381
Indicador  3.3.4;1732;3.1;29;Bahia;12381;2020;1150;50 a 54 anos;6794;Total;12381
Indicador  3.3.4;1732;3.4;29;Bahia;12381;2020;1150;50 a 54 anos;92956;Homem;12381
Indicador  3.3.4;1732;2.9;29;Bahia;12381;2020;1150;50 a 54 anos;92957;Mulher;12381
Indicador  3.3.4;1732;3.3;29;Bahia;12381;2020;1151;55 a 59 anos;6794;Total;12381
Indicador  3.3.4;1732;2.9;29;Bahia;12381;2020;1151;55 a 59 anos;92956;Homem;12381
Indicador  3.3.4;1732;3.6;29;Bahia;12381;2020;1151;55 a 59 anos;92957;Mulher;12381
Indicador  3.3.4;1732;2.0;29;Bahia;12381;2020;3302;60 anos ou mais;6794;Total;12381
Indicador  3.3.4;1732;3.2;29;Bahia;12381;2020;3302;60 anos ou mais;92956;Homem;12381
Indicador  3.3.4;1732;1.1;29;Bahia;12381;2020;3302;60 anos ou mais;92957;Mulher;12381
Indicador  3.3.4;1732;3.2;29;Bahia;12381;2021;95253;Total;6794;Total;12381
Indicador  3.3.4;1732;3.1;29;Bahia;12381;2021;95253;Total;92956;Homem;12381
Indicador  3.3.4;1732;3.3;29;Bahia;12381;2021;95253;Total;92957;Mulher;12381
Indicador  3.3.4;1732;0.7;29;Bahia;12381;2021;1140;0 a 4 anos;6794;Total;12381
Indicador  3.3.4;1732;0.8;29;Bahia;12381;2021;1140;0 a 4 anos;92956;Homem;12381
Indicador  3.3.4;1732;0.6;29;Bahia;12381;2021;1140;0 a 4 anos;92957;Mulher;12381
Indicador  3.3.4;1732;0.0;29;Bahia;12381;2021;1141;5 a 9 anos;6794;Total;12381
Indicador  3.3.4;1732;0.0;29;Bahia;12381;2021;1141;5 a 9 anos;92956;Homem;12381
Indicador  3.3.4;1732;0.0;29;Bahia;12381;2021;1141;5 a 9 anos;92957;Mulher;12381
Indicador  3.3.4;1732;0.4;29;Bahia;12381;2021;1142;10 a 14 anos;6794;Total;12381
Indicador  3.3.4;1732;0.5;29;Bahia;12381;2021;1142;10 a 14 anos;92956;Homem;12381
Indicador  3.3.4;1732;0.2;29;Bahia;12381;2021;1142;10 a 14 anos;92957;Mulher;12381
Indicador  3.3.4;1732;0.2;29;Bahia;12381;2021;1143;15 a 19 anos;6794;Total;12381
Indicador  3.3.4;1732;0.0;29;Bahia;12381;2021;1143;15 a 19 anos;92956;Homem;12381
Indicador  3.3.4;1732;0.3;29;Bahia;12381;2021;1143;15 a 19 anos;92957;Mulher;12381
Indicador  3.3.4;1732;1.4;29;Bahia;12381;2021;1144;20 a 24 anos;6794;Total;12381
Indicador  3.3.4;1732;1.1;29;Bahia;12381;2021;1144;20 a 24 anos;92956;Homem;12381
Indicador  3.3.4;1732;1.8;29;Bahia;12381;2021;1144;20 a 24 anos;92957;Mulher;12381
Indicador  3.3.4;1732;3.5;29;Bahia;12381;2021;1145;25 a 29 anos;6794;Total;12381
Indicador  3.3.4;1732;2.4;29;Bahia;12381;2021;1145;25 a 29 anos;92956;Homem;12381
Indicador  3.3.4;1732;4.6;29;Bahia;12381;2021;1145;25 a 29 anos;92957;Mulher;12381
Indicador  3.3.4;1732;5.6;29;Bahia;12381;2021;1146;30 a 34 anos;6794;Total;12381
Indicador  3.3.4;1732;3.3;29;Bahia;12381;2021;1146;30 a 34 anos;92956;Homem;12381
Indicador  3.3.4;1732;7.7;29;Bahia;12381;2021;1146;30 a 34 anos;92957;Mulher;12381
Indicador  3.3.4;1732;5.1;29;Bahia;12381;2021;1147;35 a 39 anos;6794;Total;12381
Indicador  3.3.4;1732;4.4;29;Bahia;12381;2021;1147;35 a 39 anos;92956;Homem;12381
Indicador  3.3.4;1732;5.7;29;Bahia;12381;2021;1147;35 a 39 anos;92957;Mulher;12381
Indicador  3.3.4;1732;6.9;29;Bahia;12381;2021;1148;40 a 44 anos;6794;Total;12381
Indicador  3.3.4;1732;7.6;29;Bahia;12381;2021;1148;40 a 44 anos;92956;Homem;12381
Indicador  3.3.4;1732;6.3;29;Bahia;12381;2021;1148;40 a 44 anos;92957;Mulher;12381
Indicador  3.3.4;1732;5.6;29;Bahia;12381;2021;1149;45 a 49 anos;6794;Total;12381
Indicador  3.3.4;1732;6.7;29;Bahia;12381;2021;1149;45 a 49 anos;92956;Homem;12381
Indicador  3.3.4;1732;4.5;29;Bahia;12381;2021;1149;45 a 49 anos;92957;Mulher;12381
Indicador  3.3.4;1732;5.1;29;Bahia;12381;2021;1150;50 a 54 anos;6794;Total;12381
Indicador  3.3.4;1732;5.1;29;Bahia;12381;2021;1150;50 a 54 anos;92956;Homem;12381
Indicador  3.3.4;1732;5.0;29;Bahia;12381;2021;1150;50 a 54 anos;92957;Mulher;12381
Indicador  3.3.4;1732;4.4;29;Bahia;12381;2021;1151;55 a 59 anos;6794;Total;12381
Indicador  3.3.4;1732;5.1;29;Bahia;12381;2021;1151;55 a 59 anos;92956;Homem;12381
Indicador  3.3.4;1732;3.8;29;Bahia;12381;2021;1151;55 a 59 anos;92957;Mulher;12381
Indicador  3.3.4;1732;3.1;29;Bahia;12381;2021;3302;60 anos ou mais;6794;Total;12381
Indicador  3.3.4;1732;4.2;29;Bahia;12381;2021;3302;60 anos ou mais;92956;Homem;12381
Indicador  3.3.4;1732;2.2;29;Bahia;12381;2021;3302;60 anos ou mais;92957;Mulher;12381
Indicador  3.3.4;1732;3.0;29;Bahia;12381;2022;95253;Total;6794;Total;12381
Indicador  3.3.4;1732;2.8;29;Bahia;12381;2022;95253;Total;92956;Homem;12381
Indicador  3.3.4;1732;3.2;29;Bahia;12381;2022;95253;Total;92957;Mulher;12381
Indicador  3.3.4;1732;0.6;29;Bahia;12381;2022;1140;0 a 4 anos;6794;Total;12381
Indicador  3.3.4;1732;0.6;29;Bahia;12381;2022;1140;0 a 4 anos;92956;Homem;12381
Indicador  3.3.4;1732;0.6;29;Bahia;12381;2022;1140;0 a 4 anos;92957;Mulher;12381
Indicador  3.3.4;1732;0.2;29;Bahia;12381;2022;1141;5 a 9 anos;6794;Total;12381
Indicador  3.3.4;1732;0.2;29;Bahia;12381;2022;1141;5 a 9 anos;92956;Homem;12381
Indicador  3.3.4;1732;0.2;29;Bahia;12381;2022;1141;5 a 9 anos;92957;Mulher;12381
Indicador  3.3.4;1732;0.0;29;Bahia;12381;2022;1142;10 a 14 anos;6794;Total;12381
Indicador  3.3.4;1732;0.0;29;Bahia;12381;2022;1142;10 a 14 anos;92956;Homem;12381
Indicador  3.3.4;1732;0.0;29;Bahia;12381;2022;1142;10 a 14 anos;92957;Mulher;12381
Indicador  3.3.4;1732;0.7;29;Bahia;12381;2022;1143;15 a 19 anos;6794;Total;12381
Indicador  3.3.4;1732;0.0;29;Bahia;12381;2022;1143;15 a 19 anos;92956;Homem;12381
Indicador  3.3.4;1732;1.4;29;Bahia;12381;2022;1143;15 a 19 anos;92957;Mulher;12381
Indicador  3.3.4;1732;2.1;29;Bahia;12381;2022;1144;20 a 24 anos;6794;Total;12381
Indicador  3.3.4;1732;1.8;29;Bahia;12381;2022;1144;20 a 24 anos;92956;Homem;12381
Indicador  3.3.4;1732;2.5;29;Bahia;12381;2022;1144;20 a 24 anos;92957;Mulher;12381
Indicador  3.3.4;1732;4.3;29;Bahia;12381;2022;1145;25 a 29 anos;6794;Total;12381
Indicador  3.3.4;1732;2.9;29;Bahia;12381;2022;1145;25 a 29 anos;92956;Homem;12381
Indicador  3.3.4;1732;5.7;29;Bahia;12381;2022;1145;25 a 29 anos;92957;Mulher;12381
Indicador  3.3.4;1732;4.2;29;Bahia;12381;2022;1146;30 a 34 anos;6794;Total;12381
Indicador  3.3.4;1732;2.8;29;Bahia;12381;2022;1146;30 a 34 anos;92956;Homem;12381
Indicador  3.3.4;1732;5.4;29;Bahia;12381;2022;1146;30 a 34 anos;92957;Mulher;12381
Indicador  3.3.4;1732;5.7;29;Bahia;12381;2022;1147;35 a 39 anos;6794;Total;12381
Indicador  3.3.4;1732;4.6;29;Bahia;12381;2022;1147;35 a 39 anos;92956;Homem;12381
Indicador  3.3.4;1732;6.7;29;Bahia;12381;2022;1147;35 a 39 anos;92957;Mulher;12381
Indicador  3.3.4;1732;5.7;29;Bahia;12381;2022;1148;40 a 44 anos;6794;Total;12381
Indicador  3.3.4;1732;6.9;29;Bahia;12381;2022;1148;40 a 44 anos;92956;Homem;12381
Indicador  3.3.4;1732;4.5;29;Bahia;12381;2022;1148;40 a 44 anos;92957;Mulher;12381
Indicador  3.3.4;1732;4.9;29;Bahia;12381;2022;1149;45 a 49 anos;6794;Total;12381
Indicador  3.3.4;1732;5.4;29;Bahia;12381;2022;1149;45 a 49 anos;92956;Homem;12381
Indicador  3.3.4;1732;4.4;29;Bahia;12381;2022;1149;45 a 49 anos;92957;Mulher;12381
Indicador  3.3.4;1732;3.8;29;Bahia;12381;2022;1150;50 a 54 anos;6794;Total;12381
Indicador  3.3.4;1732;3.1;29;Bahia;12381;2022;1150;50 a 54 anos;92956;Homem;12381
Indicador  3.3.4;1732;4.3;29;Bahia;12381;2022;1150;50 a 54 anos;92957;Mulher;12381
Indicador  3.3.4;1732;4.7;29;Bahia;12381;2022;1151;55 a 59 anos;6794;Total;12381
Indicador  3.3.4;1732;5.8;29;Bahia;12381;2022;1151;55 a 59 anos;92956;Homem;12381
Indicador  3.3.4;1732;3.7;29;Bahia;12381;2022;1151;55 a 59 anos;92957;Mulher;12381
Indicador  3.3.4;1732;2.7;29;Bahia;12381;2022;3302;60 anos ou mais;6794;Total;12381
Indicador  3.3.4;1732;3.6;29;Bahia;12381;2022;3302;60 anos ou mais;92956;Homem;12381
Indicador  3.3.4;1732;2.1;29;Bahia;12381;2022;3302;60 anos ou mais;92957;Mulher;12381
Indicador  3.3.4;1732;4.2;31;Minas Gerais;12381;2018;95253;Total;6794;Total;12381
Indicador  3.3.4;1732;5.1;31;Minas Gerais;12381;2018;95253;Total;92956;Homem;12381
Indicador  3.3.4;1732;3.4;31;Minas Gerais;12381;2018;95253;Total;92957;Mulher;12381
Indicador  3.3.4;1732;0.9;31;Minas Gerais;12381;2018;1140;0 a 4 anos;6794;Total;12381
Indicador  3.3.4;1732;0.7;31;Minas Gerais;12381;2018;1140;0 a 4 anos;92956;Homem;12381
Indicador  3.3.4;1732;1.1;31;Minas Gerais;12381;2018;1140;0 a 4 anos;92957;Mulher;12381
Indicador  3.3.4;1732;0.0;31;Minas Gerais;12381;2018;1141;5 a 9 anos;6794;Total;12381
Indicador  3.3.4;1732;0.0;31;Minas Gerais;12381;2018;1141;5 a 9 anos;92956;Homem;12381
Indicador  3.3.4;1732;0.0;31;Minas Gerais;12381;2018;1141;5 a 9 anos;92957;Mulher;12381
Indicador  3.3.4;1732;0.1;31;Minas Gerais;12381;2018;1142;10 a 14 anos;6794;Total;12381
Indicador  3.3.4;1732;0.0;31;Minas Gerais;12381;2018;1142;10 a 14 anos;92956;Homem;12381
Indicador  3.3.4;1732;0.1;31;Minas Gerais;12381;2018;1142;10 a 14 anos;92957;Mulher;12381
Indicador  3.3.4;1732;0.9;31;Minas Gerais;12381;2018;1143;15 a 19 anos;6794;Total;12381
Indicador  3.3.4;1732;0.4;31;Minas Gerais;12381;2018;1143;15 a 19 anos;92956;Homem;12381
Indicador  3.3.4;1732;1.4;31;Minas Gerais;12381;2018;1143;15 a 19 anos;92957;Mulher;12381
Indicador  3.3.4;1732;3.8;31;Minas Gerais;12381;2018;1144;20 a 24 anos;6794;Total;12381
Indicador  3.3.4;1732;3.0;31;Minas Gerais;12381;2018;1144;20 a 24 anos;92956;Homem;12381
Indicador  3.3.4;1732;4.6;31;Minas Gerais;12381;2018;1144;20 a 24 anos;92957;Mulher;12381
Indicador  3.3.4;1732;5.9;31;Minas Gerais;12381;2018;1145;25 a 29 anos;6794;Total;12381
Indicador  3.3.4;1732;6.7;31;Minas Gerais;12381;2018;1145;25 a 29 anos;92956;Homem;12381
Indicador  3.3.4;1732;5.1;31;Minas Gerais;12381;2018;1145;25 a 29 anos;92957;Mulher;12381
Indicador  3.3.4;1732;6.5;31;Minas Gerais;12381;2018;1146;30 a 34 anos;6794;Total;12381
Indicador  3.3.4;1732;8.0;31;Minas Gerais;12381;2018;1146;30 a 34 anos;92956;Homem;12381
Indicador  3.3.4;1732;4.9;31;Minas Gerais;12381;2018;1146;30 a 34 anos;92957;Mulher;12381
Indicador  3.3.4;1732;5.9;31;Minas Gerais;12381;2018;1147;35 a 39 anos;6794;Total;12381
Indicador  3.3.4;1732;6.2;31;Minas Gerais;12381;2018;1147;35 a 39 anos;92956;Homem;12381
Indicador  3.3.4;1732;5.6;31;Minas Gerais;12381;2018;1147;35 a 39 anos;92957;Mulher;12381
Indicador  3.3.4;1732;6.3;31;Minas Gerais;12381;2018;1148;40 a 44 anos;6794;Total;12381
Indicador  3.3.4;1732;9.4;31;Minas Gerais;12381;2018;1148;40 a 44 anos;92956;Homem;12381
Indicador  3.3.4;1732;3.4;31;Minas Gerais;12381;2018;1148;40 a 44 anos;92957;Mulher;12381
Indicador  3.3.4;1732;7.2;31;Minas Gerais;12381;2018;1149;45 a 49 anos;6794;Total;12381
Indicador  3.3.4;1732;8.7;31;Minas Gerais;12381;2018;1149;45 a 49 anos;92956;Homem;12381
Indicador  3.3.4;1732;5.8;31;Minas Gerais;12381;2018;1149;45 a 49 anos;92957;Mulher;12381
Indicador  3.3.4;1732;6.8;31;Minas Gerais;12381;2018;1150;50 a 54 anos;6794;Total;12381
Indicador  3.3.4;1732;8.6;31;Minas Gerais;12381;2018;1150;50 a 54 anos;92956;Homem;12381
Indicador  3.3.4;1732;5.1;31;Minas Gerais;12381;2018;1150;50 a 54 anos;92957;Mulher;12381
Indicador  3.3.4;1732;5.7;31;Minas Gerais;12381;2018;1151;55 a 59 anos;6794;Total;12381
Indicador  3.3.4;1732;6.8;31;Minas Gerais;12381;2018;1151;55 a 59 anos;92956;Homem;12381
Indicador  3.3.4;1732;4.7;31;Minas Gerais;12381;2018;1151;55 a 59 anos;92957;Mulher;12381
Indicador  3.3.4;1732;4.2;31;Minas Gerais;12381;2018;3302;60 anos ou mais;6794;Total;12381
Indicador  3.3.4;1732;6.3;31;Minas Gerais;12381;2018;3302;60 anos ou mais;92956;Homem;12381
Indicador  3.3.4;1732;2.5;31;Minas Gerais;12381;2018;3302;60 anos ou mais;92957;Mulher;12381
Indicador  3.3.4;1732;3.8;31;Minas Gerais;12381;2019;95253;Total;6794;Total;12381
Indicador  3.3.4;1732;4.3;31;Minas Gerais;12381;2019;95253;Total;92956;Homem;12381
Indicador  3.3.4;1732;3.3;31;Minas Gerais;12381;2019;95253;Total;92957;Mulher;12381
Indicador  3.3.4;1732;0.2;31;Minas Gerais;12381;2019;1140;0 a 4 anos;6794;Total;12381
Indicador  3.3.4;1732;0.3;31;Minas Gerais;12381;2019;1140;0 a 4 anos;92956;Homem;12381
Indicador  3.3.4;1732;0.0;31;Minas Gerais;12381;2019;1140;0 a 4 anos;92957;Mulher;12381
Indicador  3.3.4;1732;0.0;31;Minas Gerais;12381;2019;1141;5 a 9 anos;6794;Total;12381
Indicador  3.3.4;1732;0.0;31;Minas Gerais;12381;2019;1141;5 a 9 anos;92956;Homem;12381
Indicador  3.3.4;1732;0.0;31;Minas Gerais;12381;2019;1141;5 a 9 anos;92957;Mulher;12381
Indicador  3.3.4;1732;0.2;31;Minas Gerais;12381;2019;1142;10 a 14 anos;6794;Total;12381
Indicador  3.3.4;1732;0.3;31;Minas Gerais;12381;2019;1142;10 a 14 anos;92956;Homem;12381
Indicador  3.3.4;1732;0.1;31;Minas Gerais;12381;2019;1142;10 a 14 anos;92957;Mulher;12381
Indicador  3.3.4;1732;0.9;31;Minas Gerais;12381;2019;1143;15 a 19 anos;6794;Total;12381
Indicador  3.3.4;1732;0.9;31;Minas Gerais;12381;2019;1143;15 a 19 anos;92956;Homem;12381
Indicador  3.3.4;1732;0.9;31;Minas Gerais;12381;2019;1143;15 a 19 anos;92957;Mulher;12381
Indicador  3.3.4;1732;3.0;31;Minas Gerais;12381;2019;1144;20 a 24 anos;6794;Total;12381
Indicador  3.3.4;1732;1.8;31;Minas Gerais;12381;2019;1144;20 a 24 anos;92956;Homem;12381
Indicador  3.3.4;1732;4.1;31;Minas Gerais;12381;2019;1144;20 a 24 anos;92957;Mulher;12381
Indicador  3.3.4;1732;4.6;31;Minas Gerais;12381;2019;1145;25 a 29 anos;6794;Total;12381
Indicador  3.3.4;1732;3.5;31;Minas Gerais;12381;2019;1145;25 a 29 anos;92956;Homem;12381
Indicador  3.3.4;1732;5.7;31;Minas Gerais;12381;2019;1145;25 a 29 anos;92957;Mulher;12381
Indicador  3.3.4;1732;6.1;31;Minas Gerais;12381;2019;1146;30 a 34 anos;6794;Total;12381
Indicador  3.3.4;1732;7.4;31;Minas Gerais;12381;2019;1146;30 a 34 anos;92956;Homem;12381
Indicador  3.3.4;1732;4.7;31;Minas Gerais;12381;2019;1146;30 a 34 anos;92957;Mulher;12381
Indicador  3.3.4;1732;6.8;31;Minas Gerais;12381;2019;1147;35 a 39 anos;6794;Total;12381
Indicador  3.3.4;1732;8.3;31;Minas Gerais;12381;2019;1147;35 a 39 anos;92956;Homem;12381
Indicador  3.3.4;1732;5.3;31;Minas Gerais;12381;2019;1147;35 a 39 anos;92957;Mulher;12381
Indicador  3.3.4;1732;5.2;31;Minas Gerais;12381;2019;1148;40 a 44 anos;6794;Total;12381
Indicador  3.3.4;1732;5.9;31;Minas Gerais;12381;2019;1148;40 a 44 anos;92956;Homem;12381
Indicador  3.3.4;1732;4.6;31;Minas Gerais;12381;2019;1148;40 a 44 anos;92957;Mulher;12381
Indicador  3.3.4;1732;6.8;31;Minas Gerais;12381;2019;1149;45 a 49 anos;6794;Total;12381
Indicador  3.3.4;1732;7.8;31;Minas Gerais;12381;2019;1149;45 a 49 anos;92956;Homem;12381
Indicador  3.3.4;1732;5.9;31;Minas Gerais;12381;2019;1149;45 a 49 anos;92957;Mulher;12381
Indicador  3.3.4;1732;5.3;31;Minas Gerais;12381;2019;1150;50 a 54 anos;6794;Total;12381
Indicador  3.3.4;1732;6.7;31;Minas Gerais;12381;2019;1150;50 a 54 anos;92956;Homem;12381
Indicador  3.3.4;1732;3.9;31;Minas Gerais;12381;2019;1150;50 a 54 anos;92957;Mulher;12381
Indicador  3.3.4;1732;5.1;31;Minas Gerais;12381;2019;1151;55 a 59 anos;6794;Total;12381
Indicador  3.3.4;1732;6.5;31;Minas Gerais;12381;2019;1151;55 a 59 anos;92956;Homem;12381
Indicador  3.3.4;1732;3.8;31;Minas Gerais;12381;2019;1151;55 a 59 anos;92957;Mulher;12381
Indicador  3.3.4;1732;3.9;31;Minas Gerais;12381;2019;3302;60 anos ou mais;6794;Total;12381
Indicador  3.3.4;1732;5.3;31;Minas Gerais;12381;2019;3302;60 anos ou mais;92956;Homem;12381
Indicador  3.3.4;1732;2.7;31;Minas Gerais;12381;2019;3302;60 anos ou mais;92957;Mulher;12381
Indicador  3.3.4;1732;2.0;31;Minas Gerais;12381;2020;95253;Total;6794;Total;12381
Indicador  3.3.4;1732;2.5;31;Minas Gerais;12381;2020;95253;Total;92956;Homem;12381
Indicador  3.3.4;1732;1.5;31;Minas Gerais;12381;2020;95253;Total;92957;Mulher;12381
Indicador  3.3.4;1732;0.2;31;Minas Gerais;12381;2020;1140;0 a 4 anos;6794;Total;12381
Indicador  3.3.4;1732;0.3;31;Minas Gerais;12381;2020;1140;0 a 4 anos;92956;Homem;12381
Indicador  3.3.4;1732;0.0;31;Minas Gerais;12381;2020;1140;0 a 4 anos;92957;Mulher;12381
Indicador  3.3.4;1732;0.0;31;Minas Gerais;12381;2020;1141;5 a 9 anos;6794;Total;12381
Indicador  3.3.4;1732;0.0;31;Minas Gerais;12381;2020;1141;5 a 9 anos;92956;Homem;12381
Indicador  3.3.4;1732;0.0;31;Minas Gerais;12381;2020;1141;5 a 9 anos;92957;Mulher;12381
Indicador  3.3.4;1732;0.0;31;Minas Gerais;12381;2020;1142;10 a 14 anos;6794;Total;12381
Indicador  3.3.4;1732;0.0;31;Minas Gerais;12381;2020;1142;10 a 14 anos;92956;Homem;12381
Indicador  3.3.4;1732;0.0;31;Minas Gerais;12381;2020;1142;10 a 14 anos;92957;Mulher;12381
Indicador  3.3.4;1732;0.5;31;Minas Gerais;12381;2020;1143;15 a 19 anos;6794;Total;12381
Indicador  3.3.4;1732;0.0;31;Minas Gerais;12381;2020;1143;15 a 19 anos;92956;Homem;12381
Indicador  3.3.4;1732;1.0;31;Minas Gerais;12381;2020;1143;15 a 19 anos;92957;Mulher;12381
Indicador  3.3.4;1732;0.8;31;Minas Gerais;12381;2020;1144;20 a 24 anos;6794;Total;12381
Indicador  3.3.4;1732;0.7;31;Minas Gerais;12381;2020;1144;20 a 24 anos;92956;Homem;12381
Indicador  3.3.4;1732;0.8;31;Minas Gerais;12381;2020;1144;20 a 24 anos;92957;Mulher;12381
Indicador  3.3.4;1732;2.1;31;Minas Gerais;12381;2020;1145;25 a 29 anos;6794;Total;12381
Indicador  3.3.4;1732;1.9;31;Minas Gerais;12381;2020;1145;25 a 29 anos;92956;Homem;12381
Indicador  3.3.4;1732;2.4;31;Minas Gerais;12381;2020;1145;25 a 29 anos;92957;Mulher;12381
Indicador  3.3.4;1732;2.7;31;Minas Gerais;12381;2020;1146;30 a 34 anos;6794;Total;12381
Indicador  3.3.4;1732;2.1;31;Minas Gerais;12381;2020;1146;30 a 34 anos;92956;Homem;12381
Indicador  3.3.4;1732;3.3;31;Minas Gerais;12381;2020;1146;30 a 34 anos;92957;Mulher;12381
Indicador  3.3.4;1732;4.0;31;Minas Gerais;12381;2020;1147;35 a 39 anos;6794;Total;12381
Indicador  3.3.4;1732;5.1;31;Minas Gerais;12381;2020;1147;35 a 39 anos;92956;Homem;12381
Indicador  3.3.4;1732;2.9;31;Minas Gerais;12381;2020;1147;35 a 39 anos;92957;Mulher;12381
Indicador  3.3.4;1732;3.2;31;Minas Gerais;12381;2020;1148;40 a 44 anos;6794;Total;12381
Indicador  3.3.4;1732;4.1;31;Minas Gerais;12381;2020;1148;40 a 44 anos;92956;Homem;12381
Indicador  3.3.4;1732;2.2;31;Minas Gerais;12381;2020;1148;40 a 44 anos;92957;Mulher;12381
Indicador  3.3.4;1732;3.6;31;Minas Gerais;12381;2020;1149;45 a 49 anos;6794;Total;12381
Indicador  3.3.4;1732;5.9;31;Minas Gerais;12381;2020;1149;45 a 49 anos;92956;Homem;12381
Indicador  3.3.4;1732;1.5;31;Minas Gerais;12381;2020;1149;45 a 49 anos;92957;Mulher;12381
Indicador  3.3.4;1732;3.4;31;Minas Gerais;12381;2020;1150;50 a 54 anos;6794;Total;12381
Indicador  3.3.4;1732;5.0;31;Minas Gerais;12381;2020;1150;50 a 54 anos;92956;Homem;12381
Indicador  3.3.4;1732;2.0;31;Minas Gerais;12381;2020;1150;50 a 54 anos;92957;Mulher;12381
Indicador  3.3.4;1732;2.7;31;Minas Gerais;12381;2020;1151;55 a 59 anos;6794;Total;12381
Indicador  3.3.4;1732;4.6;31;Minas Gerais;12381;2020;1151;55 a 59 anos;92956;Homem;12381
Indicador  3.3.4;1732;1.1;31;Minas Gerais;12381;2020;1151;55 a 59 anos;92957;Mulher;12381
Indicador  3.3.4;1732;2.1;31;Minas Gerais;12381;2020;3302;60 anos ou mais;6794;Total;12381
Indicador  3.3.4;1732;3.2;31;Minas Gerais;12381;2020;3302;60 anos ou mais;92956;Homem;12381
Indicador  3.3.4;1732;1.2;31;Minas Gerais;12381;2020;3302;60 anos ou mais;92957;Mulher;12381
Indicador  3.3.4;1732;2.5;31;Minas Gerais;12381;2021;95253;Total;6794;Total;12381
Indicador  3.3.4;1732;2.9;31;Minas Gerais;12381;2021;95253;Total;92956;Homem;12381
Indicador  3.3.4;1732;2.1;31;Minas Gerais;12381;2021;95253;Total;92957;Mulher;12381
Indicador  3.3.4;1732;0.5;31;Minas Gerais;12381;2021;1140;0 a 4 anos;6794;Total;12381
Indicador  3.3.4;1732;0.4;31;Minas Gerais;12381;2021;1140;0 a 4 anos;92956;Homem;12381
Indicador  3.3.4;1732;0.5;31;Minas Gerais;12381;2021;1140;0 a 4 anos;92957;Mulher;12381
Indicador  3.3.4;1732;0.0;31;Minas Gerais;12381;2021;1141;5 a 9 anos;6794;Total;12381
Indicador  3.3.4;1732;0.0;31;Minas Gerais;12381;2021;1141;5 a 9 anos;92956;Homem;12381
Indicador  3.3.4;1732;0.0;31;Minas Gerais;12381;2021;1141;5 a 9 anos;92957;Mulher;12381
Indicador  3.3.4;1732;0.2;31;Minas Gerais;12381;2021;1142;10 a 14 anos;6794;Total;12381
Indicador  3.3.4;1732;0.1;31;Minas Gerais;12381;2021;1142;10 a 14 anos;92956;Homem;12381
Indicador  3.3.4;1732;0.2;31;Minas Gerais;12381;2021;1142;10 a 14 anos;92957;Mulher;12381
Indicador  3.3.4;1732;0.4;31;Minas Gerais;12381;2021;1143;15 a 19 anos;6794;Total;12381
Indicador  3.3.4;1732;0.3;31;Minas Gerais;12381;2021;1143;15 a 19 anos;92956;Homem;12381
Indicador  3.3.4;1732;0.6;31;Minas Gerais;12381;2021;1143;15 a 19 anos;92957;Mulher;12381
Indicador  3.3.4;1732;1.2;31;Minas Gerais;12381;2021;1144;20 a 24 anos;6794;Total;12381
Indicador  3.3.4;1732;0.6;31;Minas Gerais;12381;2021;1144;20 a 24 anos;92956;Homem;12381
Indicador  3.3.4;1732;1.8;31;Minas Gerais;12381;2021;1144;20 a 24 anos;92957;Mulher;12381
Indicador  3.3.4;1732;2.7;31;Minas Gerais;12381;2021;1145;25 a 29 anos;6794;Total;12381
Indicador  3.3.4;1732;2.4;31;Minas Gerais;12381;2021;1145;25 a 29 anos;92956;Homem;12381
Indicador  3.3.4;1732;3.0;31;Minas Gerais;12381;2021;1145;25 a 29 anos;92957;Mulher;12381
Indicador  3.3.4;1732;3.0;31;Minas Gerais;12381;2021;1146;30 a 34 anos;6794;Total;12381
Indicador  3.3.4;1732;2.7;31;Minas Gerais;12381;2021;1146;30 a 34 anos;92956;Homem;12381
Indicador  3.3.4;1732;3.4;31;Minas Gerais;12381;2021;1146;30 a 34 anos;92957;Mulher;12381
Indicador  3.3.4;1732;3.8;31;Minas Gerais;12381;2021;1147;35 a 39 anos;6794;Total;12381
Indicador  3.3.4;1732;4.6;31;Minas Gerais;12381;2021;1147;35 a 39 anos;92956;Homem;12381
Indicador  3.3.4;1732;2.9;31;Minas Gerais;12381;2021;1147;35 a 39 anos;92957;Mulher;12381
Indicador  3.3.4;1732;4.6;31;Minas Gerais;12381;2021;1148;40 a 44 anos;6794;Total;12381
Indicador  3.3.4;1732;5.5;31;Minas Gerais;12381;2021;1148;40 a 44 anos;92956;Homem;12381
Indicador  3.3.4;1732;3.7;31;Minas Gerais;12381;2021;1148;40 a 44 anos;92957;Mulher;12381
Indicador  3.3.4;1732;4.4;31;Minas Gerais;12381;2021;1149;45 a 49 anos;6794;Total;12381
Indicador  3.3.4;1732;6.4;31;Minas Gerais;12381;2021;1149;45 a 49 anos;92956;Homem;12381
Indicador  3.3.4;1732;2.6;31;Minas Gerais;12381;2021;1149;45 a 49 anos;92957;Mulher;12381
Indicador  3.3.4;1732;3.7;31;Minas Gerais;12381;2021;1150;50 a 54 anos;6794;Total;12381
Indicador  3.3.4;1732;4.9;31;Minas Gerais;12381;2021;1150;50 a 54 anos;92956;Homem;12381
Indicador  3.3.4;1732;2.6;31;Minas Gerais;12381;2021;1150;50 a 54 anos;92957;Mulher;12381
Indicador  3.3.4;1732;4.2;31;Minas Gerais;12381;2021;1151;55 a 59 anos;6794;Total;12381
Indicador  3.3.4;1732;5.2;31;Minas Gerais;12381;2021;1151;55 a 59 anos;92956;Homem;12381
Indicador  3.3.4;1732;3.4;31;Minas Gerais;12381;2021;1151;55 a 59 anos;92957;Mulher;12381
Indicador  3.3.4;1732;2.6;31;Minas Gerais;12381;2021;3302;60 anos ou mais;6794;Total;12381
Indicador  3.3.4;1732;3.8;31;Minas Gerais;12381;2021;3302;60 anos ou mais;92956;Homem;12381
Indicador  3.3.4;1732;1.6;31;Minas Gerais;12381;2021;3302;60 anos ou mais;92957;Mulher;12381
Indicador  3.3.4;1732;2.1;31;Minas Gerais;12381;2022;95253;Total;6794;Total;12381
Indicador  3.3.4;1732;2.4;31;Minas Gerais;12381;2022;95253;Total;92956;Homem;12381
Indicador  3.3.4;1732;1.9;31;Minas Gerais;12381;2022;95253;Total;92957;Mulher;12381
Indicador  3.3.4;1732;0.5;31;Minas Gerais;12381;2022;1140;0 a 4 anos;6794;Total;12381
Indicador  3.3.4;1732;0.3;31;Minas Gerais;12381;2022;1140;0 a 4 anos;92956;Homem;12381
Indicador  3.3.4;1732;0.6;31;Minas Gerais;12381;2022;1140;0 a 4 anos;92957;Mulher;12381
Indicador  3.3.4;1732;0.1;31;Minas Gerais;12381;2022;1141;5 a 9 anos;6794;Total;12381
Indicador  3.3.4;1732;0.0;31;Minas Gerais;12381;2022;1141;5 a 9 anos;92956;Homem;12381
Indicador  3.3.4;1732;0.2;31;Minas Gerais;12381;2022;1141;5 a 9 anos;92957;Mulher;12381
Indicador  3.3.4;1732;0.1;31;Minas Gerais;12381;2022;1142;10 a 14 anos;6794;Total;12381
Indicador  3.3.4;1732;0.0;31;Minas Gerais;12381;2022;1142;10 a 14 anos;92956;Homem;12381
Indicador  3.3.4;1732;0.2;31;Minas Gerais;12381;2022;1142;10 a 14 anos;92957;Mulher;12381
Indicador  3.3.4;1732;0.4;31;Minas Gerais;12381;2022;1143;15 a 19 anos;6794;Total;12381
Indicador  3.3.4;1732;0.1;31;Minas Gerais;12381;2022;1143;15 a 19 anos;92956;Homem;12381
Indicador  3.3.4;1732;0.6;31;Minas Gerais;12381;2022;1143;15 a 19 anos;92957;Mulher;12381
Indicador  3.3.4;1732;0.8;31;Minas Gerais;12381;2022;1144;20 a 24 anos;6794;Total;12381
Indicador  3.3.4;1732;0.1;31;Minas Gerais;12381;2022;1144;20 a 24 anos;92956;Homem;12381
Indicador  3.3.4;1732;1.5;31;Minas Gerais;12381;2022;1144;20 a 24 anos;92957;Mulher;12381
Indicador  3.3.4;1732;1.5;31;Minas Gerais;12381;2022;1145;25 a 29 anos;6794;Total;12381
Indicador  3.3.4;1732;0.5;31;Minas Gerais;12381;2022;1145;25 a 29 anos;92956;Homem;12381
Indicador  3.3.4;1732;2.6;31;Minas Gerais;12381;2022;1145;25 a 29 anos;92957;Mulher;12381
Indicador  3.3.4;1732;3.3;31;Minas Gerais;12381;2022;1146;30 a 34 anos;6794;Total;12381
Indicador  3.3.4;1732;3.6;31;Minas Gerais;12381;2022;1146;30 a 34 anos;92956;Homem;12381
Indicador  3.3.4;1732;3.1;31;Minas Gerais;12381;2022;1146;30 a 34 anos;92957;Mulher;12381
Indicador  3.3.4;1732;2.8;31;Minas Gerais;12381;2022;1147;35 a 39 anos;6794;Total;12381
Indicador  3.3.4;1732;2.8;31;Minas Gerais;12381;2022;1147;35 a 39 anos;92956;Homem;12381
Indicador  3.3.4;1732;2.7;31;Minas Gerais;12381;2022;1147;35 a 39 anos;92957;Mulher;12381
Indicador  3.3.4;1732;4.2;31;Minas Gerais;12381;2022;1148;40 a 44 anos;6794;Total;12381
Indicador  3.3.4;1732;4.8;31;Minas Gerais;12381;2022;1148;40 a 44 anos;92956;Homem;12381
Indicador  3.3.4;1732;3.6;31;Minas Gerais;12381;2022;1148;40 a 44 anos;92957;Mulher;12381
Indicador  3.3.4;1732;3.2;31;Minas Gerais;12381;2022;1149;45 a 49 anos;6794;Total;12381
Indicador  3.3.4;1732;3.7;31;Minas Gerais;12381;2022;1149;45 a 49 anos;92956;Homem;12381
Indicador  3.3.4;1732;2.8;31;Minas Gerais;12381;2022;1149;45 a 49 anos;92957;Mulher;12381
Indicador  3.3.4;1732;3.0;31;Minas Gerais;12381;2022;1150;50 a 54 anos;6794;Total;12381
Indicador  3.3.4;1732;4.2;31;Minas Gerais;12381;2022;1150;50 a 54 anos;92956;Homem;12381
Indicador  3.3.4;1732;1.9;31;Minas Gerais;12381;2022;1150;50 a 54 anos;92957;Mulher;12381
Indicador  3.3.4;1732;3.3;31;Minas Gerais;12381;2022;1151;55 a 59 anos;6794;Total;12381
Indicador  3.3.4;1732;4.3;31;Minas Gerais;12381;2022;1151;55 a 59 anos;92956;Homem;12381
Indicador  3.3.4;1732;2.4;31;Minas Gerais;12381;2022;1151;55 a 59 anos;92957;Mulher;12381
Indicador  3.3.4;1732;2.8;31;Minas Gerais;12381;2022;3302;60 anos ou mais;6794;Total;12381
Indicador  3.3.4;1732;4.2;31;Minas Gerais;12381;2022;3302;60 anos ou mais;92956;Homem;12381
Indicador  3.3.4;1732;1.7;31;Minas Gerais;12381;2022;3302;60 anos ou mais;92957;Mulher;12381
Indicador  3.3.4;1732;8.3;32;Espírito Santo;12381;2018;95253;Total;6794;Total;12381
Indicador  3.3.4;1732;10.2;32;Espírito Santo;12381;2018;95253;Total;92956;Homem;12381
Indicador  3.3.4;1732;6.3;32;Espírito Santo;12381;2018;95253;Total;92957;Mulher;12381
Indicador  3.3.4;1732;1.0;32;Espírito Santo;12381;2018;1140;0 a 4 anos;6794;Total;12381
Indicador  3.3.4;1732;2.0;32;Espírito Santo;12381;2018;1140;0 a 4 anos;92956;Homem;12381
Indicador  3.3.4;1732;0.0;32;Espírito Santo;12381;2018;1140;0 a 4 anos;92957;Mulher;12381
Indicador  3.3.4;1732;0.0;32;Espírito Santo;12381;2018;1141;5 a 9 anos;6794;Total;12381
Indicador  3.3.4;1732;0.0;32;Espírito Santo;12381;2018;1141;5 a 9 anos;92956;Homem;12381
Indicador  3.3.4;1732;0.0;32;Espírito Santo;12381;2018;1141;5 a 9 anos;92957;Mulher;12381
Indicador  3.3.4;1732;0.0;32;Espírito Santo;12381;2018;1142;10 a 14 anos;6794;Total;12381
Indicador  3.3.4;1732;0.0;32;Espírito Santo;12381;2018;1142;10 a 14 anos;92956;Homem;12381
Indicador  3.3.4;1732;0.0;32;Espírito Santo;12381;2018;1142;10 a 14 anos;92957;Mulher;12381
Indicador  3.3.4;1732;0.7;32;Espírito Santo;12381;2018;1143;15 a 19 anos;6794;Total;12381
Indicador  3.3.4;1732;0.7;32;Espírito Santo;12381;2018;1143;15 a 19 anos;92956;Homem;12381
Indicador  3.3.4;1732;0.7;32;Espírito Santo;12381;2018;1143;15 a 19 anos;92957;Mulher;12381
Indicador  3.3.4;1732;2.6;32;Espírito Santo;12381;2018;1144;20 a 24 anos;6794;Total;12381
Indicador  3.3.4;1732;3.2;32;Espírito Santo;12381;2018;1144;20 a 24 anos;92956;Homem;12381
Indicador  3.3.4;1732;1.9;32;Espírito Santo;12381;2018;1144;20 a 24 anos;92957;Mulher;12381
Indicador  3.3.4;1732;9.0;32;Espírito Santo;12381;2018;1145;25 a 29 anos;6794;Total;12381
Indicador  3.3.4;1732;9.9;32;Espírito Santo;12381;2018;1145;25 a 29 anos;92956;Homem;12381
Indicador  3.3.4;1732;8.1;32;Espírito Santo;12381;2018;1145;25 a 29 anos;92957;Mulher;12381
Indicador  3.3.4;1732;15.3;32;Espírito Santo;12381;2018;1146;30 a 34 anos;6794;Total;12381
Indicador  3.3.4;1732;14.7;32;Espírito Santo;12381;2018;1146;30 a 34 anos;92956;Homem;12381
Indicador  3.3.4;1732;16.0;32;Espírito Santo;12381;2018;1146;30 a 34 anos;92957;Mulher;12381
Indicador  3.3.4;1732;12.3;32;Espírito Santo;12381;2018;1147;35 a 39 anos;6794;Total;12381
Indicador  3.3.4;1732;12.4;32;Espírito Santo;12381;2018;1147;35 a 39 anos;92956;Homem;12381
Indicador  3.3.4;1732;12.2;32;Espírito Santo;12381;2018;1147;35 a 39 anos;92957;Mulher;12381
Indicador  3.3.4;1732;12.5;32;Espírito Santo;12381;2018;1148;40 a 44 anos;6794;Total;12381
Indicador  3.3.4;1732;16.4;32;Espírito Santo;12381;2018;1148;40 a 44 anos;92956;Homem;12381
Indicador  3.3.4;1732;8.8;32;Espírito Santo;12381;2018;1148;40 a 44 anos;92957;Mulher;12381
Indicador  3.3.4;1732;15.0;32;Espírito Santo;12381;2018;1149;45 a 49 anos;6794;Total;12381
Indicador  3.3.4;1732;21.2;32;Espírito Santo;12381;2018;1149;45 a 49 anos;92956;Homem;12381
Indicador  3.3.4;1732;9.2;32;Espírito Santo;12381;2018;1149;45 a 49 anos;92957;Mulher;12381
Indicador  3.3.4;1732;14.7;32;Espírito Santo;12381;2018;1150;50 a 54 anos;6794;Total;12381
Indicador  3.3.4;1732;19.1;32;Espírito Santo;12381;2018;1150;50 a 54 anos;92956;Homem;12381
Indicador  3.3.4;1732;10.6;32;Espírito Santo;12381;2018;1150;50 a 54 anos;92957;Mulher;12381
Indicador  3.3.4;1732;12.2;32;Espírito Santo;12381;2018;1151;55 a 59 anos;6794;Total;12381
Indicador  3.3.4;1732;18.6;32;Espírito Santo;12381;2018;1151;55 a 59 anos;92956;Homem;12381
Indicador  3.3.4;1732;6.3;32;Espírito Santo;12381;2018;1151;55 a 59 anos;92957;Mulher;12381
Indicador  3.3.4;1732;10.9;32;Espírito Santo;12381;2018;3302;60 anos ou mais;6794;Total;12381
Indicador  3.3.4;1732;16.4;32;Espírito Santo;12381;2018;3302;60 anos ou mais;92956;Homem;12381
Indicador  3.3.4;1732;6.4;32;Espírito Santo;12381;2018;3302;60 anos ou mais;92957;Mulher;12381
Indicador  3.3.4;1732;6.8;32;Espírito Santo;12381;2019;95253;Total;6794;Total;12381
Indicador  3.3.4;1732;8.2;32;Espírito Santo;12381;2019;95253;Total;92956;Homem;12381
Indicador  3.3.4;1732;5.5;32;Espírito Santo;12381;2019;95253;Total;92957;Mulher;12381
Indicador  3.3.4;1732;1.7;32;Espírito Santo;12381;2019;1140;0 a 4 anos;6794;Total;12381
Indicador  3.3.4;1732;2.0;32;Espírito Santo;12381;2019;1140;0 a 4 anos;92956;Homem;12381
Indicador  3.3.4;1732;1.4;32;Espírito Santo;12381;2019;1140;0 a 4 anos;92957;Mulher;12381
Indicador  3.3.4;1732;0.0;32;Espírito Santo;12381;2019;1141;5 a 9 anos;6794;Total;12381
Indicador  3.3.4;1732;0.0;32;Espírito Santo;12381;2019;1141;5 a 9 anos;92956;Homem;12381
Indicador  3.3.4;1732;0.0;32;Espírito Santo;12381;2019;1141;5 a 9 anos;92957;Mulher;12381
Indicador  3.3.4;1732;0.0;32;Espírito Santo;12381;2019;1142;10 a 14 anos;6794;Total;12381
Indicador  3.3.4;1732;0.0;32;Espírito Santo;12381;2019;1142;10 a 14 anos;92956;Homem;12381
Indicador  3.3.4;1732;0.0;32;Espírito Santo;12381;2019;1142;10 a 14 anos;92957;Mulher;12381
Indicador  3.3.4;1732;0.7;32;Espírito Santo;12381;2019;1143;15 a 19 anos;6794;Total;12381
Indicador  3.3.4;1732;0.7;32;Espírito Santo;12381;2019;1143;15 a 19 anos;92956;Homem;12381
Indicador  3.3.4;1732;0.7;32;Espírito Santo;12381;2019;1143;15 a 19 anos;92957;Mulher;12381
Indicador  3.3.4;1732;3.2;32;Espírito Santo;12381;2019;1144;20 a 24 anos;6794;Total;12381
Indicador  3.3.4;1732;5.0;32;Espírito Santo;12381;2019;1144;20 a 24 anos;92956;Homem;12381
Indicador  3.3.4;1732;1.3;32;Espírito Santo;12381;2019;1144;20 a 24 anos;92957;Mulher;12381
Indicador  3.3.4;1732;4.7;32;Espírito Santo;12381;2019;1145;25 a 29 anos;6794;Total;12381
Indicador  3.3.4;1732;5.0;32;Espírito Santo;12381;2019;1145;25 a 29 anos;92956;Homem;12381
Indicador  3.3.4;1732;4.4;32;Espírito Santo;12381;2019;1145;25 a 29 anos;92957;Mulher;12381
Indicador  3.3.4;1732;7.7;32;Espírito Santo;12381;2019;1146;30 a 34 anos;6794;Total;12381
Indicador  3.3.4;1732;7.6;32;Espírito Santo;12381;2019;1146;30 a 34 anos;92956;Homem;12381
Indicador  3.3.4;1732;7.7;32;Espírito Santo;12381;2019;1146;30 a 34 anos;92957;Mulher;12381
Indicador  3.3.4;1732;14.0;32;Espírito Santo;12381;2019;1147;35 a 39 anos;6794;Total;12381
Indicador  3.3.4;1732;15.3;32;Espírito Santo;12381;2019;1147;35 a 39 anos;92956;Homem;12381
Indicador  3.3.4;1732;12.6;32;Espírito Santo;12381;2019;1147;35 a 39 anos;92957;Mulher;12381
Indicador  3.3.4;1732;11.4;32;Espírito Santo;12381;2019;1148;40 a 44 anos;6794;Total;12381
Indicador  3.3.4;1732;14.4;32;Espírito Santo;12381;2019;1148;40 a 44 anos;92956;Homem;12381
Indicador  3.3.4;1732;8.6;32;Espírito Santo;12381;2019;1148;40 a 44 anos;92957;Mulher;12381
Indicador  3.3.4;1732;14.9;32;Espírito Santo;12381;2019;1149;45 a 49 anos;6794;Total;12381
Indicador  3.3.4;1732;17.7;32;Espírito Santo;12381;2019;1149;45 a 49 anos;92956;Homem;12381
Indicador  3.3.4;1732;12.1;32;Espírito Santo;12381;2019;1149;45 a 49 anos;92957;Mulher;12381
Indicador  3.3.4;1732;13.7;32;Espírito Santo;12381;2019;1150;50 a 54 anos;6794;Total;12381
Indicador  3.3.4;1732;21.4;32;Espírito Santo;12381;2019;1150;50 a 54 anos;92956;Homem;12381
Indicador  3.3.4;1732;6.4;32;Espírito Santo;12381;2019;1150;50 a 54 anos;92957;Mulher;12381
Indicador  3.3.4;1732;10.5;32;Espírito Santo;12381;2019;1151;55 a 59 anos;6794;Total;12381
Indicador  3.3.4;1732;15.3;32;Espírito Santo;12381;2019;1151;55 a 59 anos;92956;Homem;12381
Indicador  3.3.4;1732;6.1;32;Espírito Santo;12381;2019;1151;55 a 59 anos;92957;Mulher;12381
Indicador  3.3.4;1732;7.4;32;Espírito Santo;12381;2019;3302;60 anos ou mais;6794;Total;12381
Indicador  3.3.4;1732;7.8;32;Espírito Santo;12381;2019;3302;60 anos ou mais;92956;Homem;12381
Indicador  3.3.4;1732;7.1;32;Espírito Santo;12381;2019;3302;60 anos ou mais;92957;Mulher;12381
Indicador  3.3.4;1732;2.8;32;Espírito Santo;12381;2020;95253;Total;6794;Total;12381
Indicador  3.3.4;1732;3.2;32;Espírito Santo;12381;2020;95253;Total;92956;Homem;12381
Indicador  3.3.4;1732;2.3;32;Espírito Santo;12381;2020;95253;Total;92957;Mulher;12381
Indicador  3.3.4;1732;0.0;32;Espírito Santo;12381;2020;1140;0 a 4 anos;6794;Total;12381
Indicador  3.3.4;1732;0.0;32;Espírito Santo;12381;2020;1140;0 a 4 anos;92956;Homem;12381
Indicador  3.3.4;1732;0.0;32;Espírito Santo;12381;2020;1140;0 a 4 anos;92957;Mulher;12381
Indicador  3.3.4;1732;0.0;32;Espírito Santo;12381;2020;1141;5 a 9 anos;6794;Total;12381
Indicador  3.3.4;1732;0.0;32;Espírito Santo;12381;2020;1141;5 a 9 anos;92956;Homem;12381
Indicador  3.3.4;1732;0.0;32;Espírito Santo;12381;2020;1141;5 a 9 anos;92957;Mulher;12381
Indicador  3.3.4;1732;0.0;32;Espírito Santo;12381;2020;1142;10 a 14 anos;6794;Total;12381
Indicador  3.3.4;1732;0.0;32;Espírito Santo;12381;2020;1142;10 a 14 anos;92956;Homem;12381
Indicador  3.3.4;1732;0.0;32;Espírito Santo;12381;2020;1142;10 a 14 anos;92957;Mulher;12381
Indicador  3.3.4;1732;0.3;32;Espírito Santo;12381;2020;1143;15 a 19 anos;6794;Total;12381
Indicador  3.3.4;1732;0.7;32;Espírito Santo;12381;2020;1143;15 a 19 anos;92956;Homem;12381
Indicador  3.3.4;1732;0.0;32;Espírito Santo;12381;2020;1143;15 a 19 anos;92957;Mulher;12381
Indicador  3.3.4;1732;1.6;32;Espírito Santo;12381;2020;1144;20 a 24 anos;6794;Total;12381
Indicador  3.3.4;1732;0.6;32;Espírito Santo;12381;2020;1144;20 a 24 anos;92956;Homem;12381
Indicador  3.3.4;1732;2.6;32;Espírito Santo;12381;2020;1144;20 a 24 anos;92957;Mulher;12381
Indicador  3.3.4;1732;3.5;32;Espírito Santo;12381;2020;1145;25 a 29 anos;6794;Total;12381
Indicador  3.3.4;1732;3.2;32;Espírito Santo;12381;2020;1145;25 a 29 anos;92956;Homem;12381
Indicador  3.3.4;1732;3.8;32;Espírito Santo;12381;2020;1145;25 a 29 anos;92957;Mulher;12381
Indicador  3.3.4;1732;4.1;32;Espírito Santo;12381;2020;1146;30 a 34 anos;6794;Total;12381
Indicador  3.3.4;1732;0.6;32;Espírito Santo;12381;2020;1146;30 a 34 anos;92956;Homem;12381
Indicador  3.3.4;1732;7.7;32;Espírito Santo;12381;2020;1146;30 a 34 anos;92957;Mulher;12381
Indicador  3.3.4;1732;5.7;32;Espírito Santo;12381;2020;1147;35 a 39 anos;6794;Total;12381
Indicador  3.3.4;1732;9.0;32;Espírito Santo;12381;2020;1147;35 a 39 anos;92956;Homem;12381
Indicador  3.3.4;1732;2.4;32;Espírito Santo;12381;2020;1147;35 a 39 anos;92957;Mulher;12381
Indicador  3.3.4;1732;3.9;32;Espírito Santo;12381;2020;1148;40 a 44 anos;6794;Total;12381
Indicador  3.3.4;1732;5.3;32;Espírito Santo;12381;2020;1148;40 a 44 anos;92956;Homem;12381
Indicador  3.3.4;1732;2.6;32;Espírito Santo;12381;2020;1148;40 a 44 anos;92957;Mulher;12381
Indicador  3.3.4;1732;2.7;32;Espírito Santo;12381;2020;1149;45 a 49 anos;6794;Total;12381
Indicador  3.3.4;1732;4.7;32;Espírito Santo;12381;2020;1149;45 a 49 anos;92956;Homem;12381
Indicador  3.3.4;1732;0.7;32;Espírito Santo;12381;2020;1149;45 a 49 anos;92957;Mulher;12381
Indicador  3.3.4;1732;5.3;32;Espírito Santo;12381;2020;1150;50 a 54 anos;6794;Total;12381
Indicador  3.3.4;1732;5.9;32;Espírito Santo;12381;2020;1150;50 a 54 anos;92956;Homem;12381
Indicador  3.3.4;1732;4.8;32;Espírito Santo;12381;2020;1150;50 a 54 anos;92957;Mulher;12381
Indicador  3.3.4;1732;3.1;32;Espírito Santo;12381;2020;1151;55 a 59 anos;6794;Total;12381
Indicador  3.3.4;1732;3.8;32;Espírito Santo;12381;2020;1151;55 a 59 anos;92956;Homem;12381
Indicador  3.3.4;1732;2.6;32;Espírito Santo;12381;2020;1151;55 a 59 anos;92957;Mulher;12381
Indicador  3.3.4;1732;3.9;32;Espírito Santo;12381;2020;3302;60 anos ou mais;6794;Total;12381
Indicador  3.3.4;1732;6.0;32;Espírito Santo;12381;2020;3302;60 anos ou mais;92956;Homem;12381
Indicador  3.3.4;1732;2.2;32;Espírito Santo;12381;2020;3302;60 anos ou mais;92957;Mulher;12381
Indicador  3.3.4;1732;4.7;32;Espírito Santo;12381;2021;95253;Total;6794;Total;12381
Indicador  3.3.4;1732;5.4;32;Espírito Santo;12381;2021;95253;Total;92956;Homem;12381
Indicador  3.3.4;1732;4.0;32;Espírito Santo;12381;2021;95253;Total;92957;Mulher;12381
Indicador  3.3.4;1732;0.0;32;Espírito Santo;12381;2021;1140;0 a 4 anos;6794;Total;12381
Indicador  3.3.4;1732;0.0;32;Espírito Santo;12381;2021;1140;0 a 4 anos;92956;Homem;12381
Indicador  3.3.4;1732;0.0;32;Espírito Santo;12381;2021;1140;0 a 4 anos;92957;Mulher;12381
Indicador  3.3.4;1732;0.0;32;Espírito Santo;12381;2021;1141;5 a 9 anos;6794;Total;12381
Indicador  3.3.4;1732;0.0;32;Espírito Santo;12381;2021;1141;5 a 9 anos;92956;Homem;12381
Indicador  3.3.4;1732;0.0;32;Espírito Santo;12381;2021;1141;5 a 9 anos;92957;Mulher;12381
Indicador  3.3.4;1732;0.0;32;Espírito Santo;12381;2021;1142;10 a 14 anos;6794;Total;12381
Indicador  3.3.4;1732;0.0;32;Espírito Santo;12381;2021;1142;10 a 14 anos;92956;Homem;12381
Indicador  3.3.4;1732;0.0;32;Espírito Santo;12381;2021;1142;10 a 14 anos;92957;Mulher;12381
Indicador  3.3.4;1732;0.0;32;Espírito Santo;12381;2021;1143;15 a 19 anos;6794;Total;12381
Indicador  3.3.4;1732;0.0;32;Espírito Santo;12381;2021;1143;15 a 19 anos;92956;Homem;12381
Indicador  3.3.4;1732;0.0;32;Espírito Santo;12381;2021;1143;15 a 19 anos;92957;Mulher;12381
Indicador  3.3.4;1732;0.6;32;Espírito Santo;12381;2021;1144;20 a 24 anos;6794;Total;12381
Indicador  3.3.4;1732;1.3;32;Espírito Santo;12381;2021;1144;20 a 24 anos;92956;Homem;12381
Indicador  3.3.4;1732;0.0;32;Espírito Santo;12381;2021;1144;20 a 24 anos;92957;Mulher;12381
Indicador  3.3.4;1732;3.8;32;Espírito Santo;12381;2021;1145;25 a 29 anos;6794;Total;12381
Indicador  3.3.4;1732;3.8;32;Espírito Santo;12381;2021;1145;25 a 29 anos;92956;Homem;12381
Indicador  3.3.4;1732;3.8;32;Espírito Santo;12381;2021;1145;25 a 29 anos;92957;Mulher;12381
Indicador  3.3.4;1732;6.0;32;Espírito Santo;12381;2021;1146;30 a 34 anos;6794;Total;12381
Indicador  3.3.4;1732;8.9;32;Espírito Santo;12381;2021;1146;30 a 34 anos;92956;Homem;12381
Indicador  3.3.4;1732;3.0;32;Espírito Santo;12381;2021;1146;30 a 34 anos;92957;Mulher;12381
Indicador  3.3.4;1732;7.1;32;Espírito Santo;12381;2021;1147;35 a 39 anos;6794;Total;12381
Indicador  3.3.4;1732;8.9;32;Espírito Santo;12381;2021;1147;35 a 39 anos;92956;Homem;12381
Indicador  3.3.4;1732;5.3;32;Espírito Santo;12381;2021;1147;35 a 39 anos;92957;Mulher;12381
Indicador  3.3.4;1732;10.2;32;Espírito Santo;12381;2021;1148;40 a 44 anos;6794;Total;12381
Indicador  3.3.4;1732;11.0;32;Espírito Santo;12381;2021;1148;40 a 44 anos;92956;Homem;12381
Indicador  3.3.4;1732;9.4;32;Espírito Santo;12381;2021;1148;40 a 44 anos;92957;Mulher;12381
Indicador  3.3.4;1732;10.1;32;Espírito Santo;12381;2021;1149;45 a 49 anos;6794;Total;12381
Indicador  3.3.4;1732;12.3;32;Espírito Santo;12381;2021;1149;45 a 49 anos;92956;Homem;12381
Indicador  3.3.4;1732;8.0;32;Espírito Santo;12381;2021;1149;45 a 49 anos;92957;Mulher;12381
Indicador  3.3.4;1732;4.9;32;Espírito Santo;12381;2021;1150;50 a 54 anos;6794;Total;12381
Indicador  3.3.4;1732;5.9;32;Espírito Santo;12381;2021;1150;50 a 54 anos;92956;Homem;12381
Indicador  3.3.4;1732;3.9;32;Espírito Santo;12381;2021;1150;50 a 54 anos;92957;Mulher;12381
Indicador  3.3.4;1732;10.2;32;Espírito Santo;12381;2021;1151;55 a 59 anos;6794;Total;12381
Indicador  3.3.4;1732;11.1;32;Espírito Santo;12381;2021;1151;55 a 59 anos;92956;Homem;12381
Indicador  3.3.4;1732;9.3;32;Espírito Santo;12381;2021;1151;55 a 59 anos;92957;Mulher;12381
Indicador  3.3.4;1732;6.6;32;Espírito Santo;12381;2021;3302;60 anos ou mais;6794;Total;12381
Indicador  3.3.4;1732;7.2;32;Espírito Santo;12381;2021;3302;60 anos ou mais;92956;Homem;12381
Indicador  3.3.4;1732;6.2;32;Espírito Santo;12381;2021;3302;60 anos ou mais;92957;Mulher;12381
Indicador  3.3.4;1732;4.7;32;Espírito Santo;12381;2022;95253;Total;6794;Total;12381
Indicador  3.3.4;1732;5.6;32;Espírito Santo;12381;2022;95253;Total;92956;Homem;12381
Indicador  3.3.4;1732;3.8;32;Espírito Santo;12381;2022;95253;Total;92957;Mulher;12381
Indicador  3.3.4;1732;0.0;32;Espírito Santo;12381;2022;1140;0 a 4 anos;6794;Total;12381
Indicador  3.3.4;1732;0.0;32;Espírito Santo;12381;2022;1140;0 a 4 anos;92956;Homem;12381
Indicador  3.3.4;1732;0.0;32;Espírito Santo;12381;2022;1140;0 a 4 anos;92957;Mulher;12381
Indicador  3.3.4;1732;0.3;32;Espírito Santo;12381;2022;1141;5 a 9 anos;6794;Total;12381
Indicador  3.3.4;1732;0.7;32;Espírito Santo;12381;2022;1141;5 a 9 anos;92956;Homem;12381
Indicador  3.3.4;1732;0.0;32;Espírito Santo;12381;2022;1141;5 a 9 anos;92957;Mulher;12381
Indicador  3.3.4;1732;0.0;32;Espírito Santo;12381;2022;1142;10 a 14 anos;6794;Total;12381
Indicador  3.3.4;1732;0.0;32;Espírito Santo;12381;2022;1142;10 a 14 anos;92956;Homem;12381
Indicador  3.3.4;1732;0.0;32;Espírito Santo;12381;2022;1142;10 a 14 anos;92957;Mulher;12381
Indicador  3.3.4;1732;0.4;32;Espírito Santo;12381;2022;1143;15 a 19 anos;6794;Total;12381
Indicador  3.3.4;1732;0.7;32;Espírito Santo;12381;2022;1143;15 a 19 anos;92956;Homem;12381
Indicador  3.3.4;1732;0.0;32;Espírito Santo;12381;2022;1143;15 a 19 anos;92957;Mulher;12381
Indicador  3.3.4;1732;1.3;32;Espírito Santo;12381;2022;1144;20 a 24 anos;6794;Total;12381
Indicador  3.3.4;1732;0.6;32;Espírito Santo;12381;2022;1144;20 a 24 anos;92956;Homem;12381
Indicador  3.3.4;1732;2.0;32;Espírito Santo;12381;2022;1144;20 a 24 anos;92957;Mulher;12381
Indicador  3.3.4;1732;5.4;32;Espírito Santo;12381;2022;1145;25 a 29 anos;6794;Total;12381
Indicador  3.3.4;1732;3.8;32;Espírito Santo;12381;2022;1145;25 a 29 anos;92956;Homem;12381
Indicador  3.3.4;1732;7.0;32;Espírito Santo;12381;2022;1145;25 a 29 anos;92957;Mulher;12381
Indicador  3.3.4;1732;7.2;32;Espírito Santo;12381;2022;1146;30 a 34 anos;6794;Total;12381
Indicador  3.3.4;1732;7.2;32;Espírito Santo;12381;2022;1146;30 a 34 anos;92956;Homem;12381
Indicador  3.3.4;1732;7.3;32;Espírito Santo;12381;2022;1146;30 a 34 anos;92957;Mulher;12381
Indicador  3.3.4;1732;8.0;32;Espírito Santo;12381;2022;1147;35 a 39 anos;6794;Total;12381
Indicador  3.3.4;1732;11.2;32;Espírito Santo;12381;2022;1147;35 a 39 anos;92956;Homem;12381
Indicador  3.3.4;1732;4.7;32;Espírito Santo;12381;2022;1147;35 a 39 anos;92957;Mulher;12381
Indicador  3.3.4;1732;6.3;32;Espírito Santo;12381;2022;1148;40 a 44 anos;6794;Total;12381
Indicador  3.3.4;1732;9.5;32;Espírito Santo;12381;2022;1148;40 a 44 anos;92956;Homem;12381
Indicador  3.3.4;1732;3.1;32;Espírito Santo;12381;2022;1148;40 a 44 anos;92957;Mulher;12381
Indicador  3.3.4;1732;8.0;32;Espírito Santo;12381;2022;1149;45 a 49 anos;6794;Total;12381
Indicador  3.3.4;1732;9.7;32;Espírito Santo;12381;2022;1149;45 a 49 anos;92956;Homem;12381
Indicador  3.3.4;1732;6.3;32;Espírito Santo;12381;2022;1149;45 a 49 anos;92957;Mulher;12381
Indicador  3.3.4;1732;7.3;32;Espírito Santo;12381;2022;1150;50 a 54 anos;6794;Total;12381
Indicador  3.3.4;1732;7.5;32;Espírito Santo;12381;2022;1150;50 a 54 anos;92956;Homem;12381
Indicador  3.3.4;1732;7.0;32;Espírito Santo;12381;2022;1150;50 a 54 anos;92957;Mulher;12381
Indicador  3.3.4;1732;8.7;32;Espírito Santo;12381;2022;1151;55 a 59 anos;6794;Total;12381
Indicador  3.3.4;1732;12.7;32;Espírito Santo;12381;2022;1151;55 a 59 anos;92956;Homem;12381
Indicador  3.3.4;1732;5.0;32;Espírito Santo;12381;2022;1151;55 a 59 anos;92957;Mulher;12381
Indicador  3.3.4;1732;6.3;32;Espírito Santo;12381;2022;3302;60 anos ou mais;6794;Total;12381
Indicador  3.3.4;1732;7.9;32;Espírito Santo;12381;2022;3302;60 anos ou mais;92956;Homem;12381
Indicador  3.3.4;1732;5.1;32;Espírito Santo;12381;2022;3302;60 anos ou mais;92957;Mulher;12381
Indicador  3.3.4;1732;2.7;33;Rio de Janeiro;12381;2018;95253;Total;6794;Total;12381
Indicador  3.3.4;1732;3.0;33;Rio de Janeiro;12381;2018;95253;Total;92956;Homem;12381
Indicador  3.3.4;1732;2.3;33;Rio de Janeiro;12381;2018;95253;Total;92957;Mulher;12381
Indicador  3.3.4;1732;0.5;33;Rio de Janeiro;12381;2018;1140;0 a 4 anos;6794;Total;12381
Indicador  3.3.4;1732;0.3;33;Rio de Janeiro;12381;2018;1140;0 a 4 anos;92956;Homem;12381
Indicador  3.3.4;1732;0.7;33;Rio de Janeiro;12381;2018;1140;0 a 4 anos;92957;Mulher;12381
Indicador  3.3.4;1732;0.0;33;Rio de Janeiro;12381;2018;1141;5 a 9 anos;6794;Total;12381
Indicador  3.3.4;1732;0.0;33;Rio de Janeiro;12381;2018;1141;5 a 9 anos;92956;Homem;12381
Indicador  3.3.4;1732;0.0;33;Rio de Janeiro;12381;2018;1141;5 a 9 anos;92957;Mulher;12381
Indicador  3.3.4;1732;0.0;33;Rio de Janeiro;12381;2018;1142;10 a 14 anos;6794;Total;12381
Indicador  3.3.4;1732;0.0;33;Rio de Janeiro;12381;2018;1142;10 a 14 anos;92956;Homem;12381
Indicador  3.3.4;1732;0.0;33;Rio de Janeiro;12381;2018;1142;10 a 14 anos;92957;Mulher;12381
Indicador  3.3.4;1732;0.7;33;Rio de Janeiro;12381;2018;1143;15 a 19 anos;6794;Total;12381
Indicador  3.3.4;1732;0.8;33;Rio de Janeiro;12381;2018;1143;15 a 19 anos;92956;Homem;12381
Indicador  3.3.4;1732;0.5;33;Rio de Janeiro;12381;2018;1143;15 a 19 anos;92957;Mulher;12381
Indicador  3.3.4;1732;2.0;33;Rio de Janeiro;12381;2018;1144;20 a 24 anos;6794;Total;12381
Indicador  3.3.4;1732;1.3;33;Rio de Janeiro;12381;2018;1144;20 a 24 anos;92956;Homem;12381
Indicador  3.3.4;1732;2.7;33;Rio de Janeiro;12381;2018;1144;20 a 24 anos;92957;Mulher;12381
Indicador  3.3.4;1732;3.3;33;Rio de Janeiro;12381;2018;1145;25 a 29 anos;6794;Total;12381
Indicador  3.3.4;1732;3.4;33;Rio de Janeiro;12381;2018;1145;25 a 29 anos;92956;Homem;12381
Indicador  3.3.4;1732;3.0;33;Rio de Janeiro;12381;2018;1145;25 a 29 anos;92957;Mulher;12381
Indicador  3.3.4;1732;3.1;33;Rio de Janeiro;12381;2018;1146;30 a 34 anos;6794;Total;12381
Indicador  3.3.4;1732;4.2;33;Rio de Janeiro;12381;2018;1146;30 a 34 anos;92956;Homem;12381
Indicador  3.3.4;1732;2.0;33;Rio de Janeiro;12381;2018;1146;30 a 34 anos;92957;Mulher;12381
Indicador  3.3.4;1732;4.6;33;Rio de Janeiro;12381;2018;1147;35 a 39 anos;6794;Total;12381
Indicador  3.3.4;1732;5.0;33;Rio de Janeiro;12381;2018;1147;35 a 39 anos;92956;Homem;12381
Indicador  3.3.4;1732;4.1;33;Rio de Janeiro;12381;2018;1147;35 a 39 anos;92957;Mulher;12381
Indicador  3.3.4;1732;4.7;33;Rio de Janeiro;12381;2018;1148;40 a 44 anos;6794;Total;12381
Indicador  3.3.4;1732;6.2;33;Rio de Janeiro;12381;2018;1148;40 a 44 anos;92956;Homem;12381
Indicador  3.3.4;1732;3.3;33;Rio de Janeiro;12381;2018;1148;40 a 44 anos;92957;Mulher;12381
Indicador  3.3.4;1732;4.9;33;Rio de Janeiro;12381;2018;1149;45 a 49 anos;6794;Total;12381
Indicador  3.3.4;1732;5.9;33;Rio de Janeiro;12381;2018;1149;45 a 49 anos;92956;Homem;12381
Indicador  3.3.4;1732;4.0;33;Rio de Janeiro;12381;2018;1149;45 a 49 anos;92957;Mulher;12381
Indicador  3.3.4;1732;4.8;33;Rio de Janeiro;12381;2018;1150;50 a 54 anos;6794;Total;12381
Indicador  3.3.4;1732;5.5;33;Rio de Janeiro;12381;2018;1150;50 a 54 anos;92956;Homem;12381
Indicador  3.3.4;1732;4.3;33;Rio de Janeiro;12381;2018;1150;50 a 54 anos;92957;Mulher;12381
Indicador  3.3.4;1732;2.5;33;Rio de Janeiro;12381;2018;1151;55 a 59 anos;6794;Total;12381
Indicador  3.3.4;1732;3.7;33;Rio de Janeiro;12381;2018;1151;55 a 59 anos;92956;Homem;12381
Indicador  3.3.4;1732;1.3;33;Rio de Janeiro;12381;2018;1151;55 a 59 anos;92957;Mulher;12381
Indicador  3.3.4;1732;2.6;33;Rio de Janeiro;12381;2018;3302;60 anos ou mais;6794;Total;12381
Indicador  3.3.4;1732;3.2;33;Rio de Janeiro;12381;2018;3302;60 anos ou mais;92956;Homem;12381
Indicador  3.3.4;1732;2.2;33;Rio de Janeiro;12381;2018;3302;60 anos ou mais;92957;Mulher;12381
Indicador  3.3.4;1732;3.4;33;Rio de Janeiro;12381;2019;95253;Total;6794;Total;12381
Indicador  3.3.4;1732;3.9;33;Rio de Janeiro;12381;2019;95253;Total;92956;Homem;12381
Indicador  3.3.4;1732;3.0;33;Rio de Janeiro;12381;2019;95253;Total;92957;Mulher;12381
Indicador  3.3.4;1732;0.3;33;Rio de Janeiro;12381;2019;1140;0 a 4 anos;6794;Total;12381
Indicador  3.3.4;1732;0.2;33;Rio de Janeiro;12381;2019;1140;0 a 4 anos;92956;Homem;12381
Indicador  3.3.4;1732;0.4;33;Rio de Janeiro;12381;2019;1140;0 a 4 anos;92957;Mulher;12381
Indicador  3.3.4;1732;0.0;33;Rio de Janeiro;12381;2019;1141;5 a 9 anos;6794;Total;12381
Indicador  3.3.4;1732;0.0;33;Rio de Janeiro;12381;2019;1141;5 a 9 anos;92956;Homem;12381
Indicador  3.3.4;1732;0.0;33;Rio de Janeiro;12381;2019;1141;5 a 9 anos;92957;Mulher;12381
Indicador  3.3.4;1732;0.3;33;Rio de Janeiro;12381;2019;1142;10 a 14 anos;6794;Total;12381
Indicador  3.3.4;1732;0.2;33;Rio de Janeiro;12381;2019;1142;10 a 14 anos;92956;Homem;12381
Indicador  3.3.4;1732;0.4;33;Rio de Janeiro;12381;2019;1142;10 a 14 anos;92957;Mulher;12381
Indicador  3.3.4;1732;0.5;33;Rio de Janeiro;12381;2019;1143;15 a 19 anos;6794;Total;12381
Indicador  3.3.4;1732;0.3;33;Rio de Janeiro;12381;2019;1143;15 a 19 anos;92956;Homem;12381
Indicador  3.3.4;1732;0.7;33;Rio de Janeiro;12381;2019;1143;15 a 19 anos;92957;Mulher;12381
Indicador  3.3.4;1732;2.7;33;Rio de Janeiro;12381;2019;1144;20 a 24 anos;6794;Total;12381
Indicador  3.3.4;1732;2.8;33;Rio de Janeiro;12381;2019;1144;20 a 24 anos;92956;Homem;12381
Indicador  3.3.4;1732;2.6;33;Rio de Janeiro;12381;2019;1144;20 a 24 anos;92957;Mulher;12381
Indicador  3.3.4;1732;4.4;33;Rio de Janeiro;12381;2019;1145;25 a 29 anos;6794;Total;12381
Indicador  3.3.4;1732;3.2;33;Rio de Janeiro;12381;2019;1145;25 a 29 anos;92956;Homem;12381
Indicador  3.3.4;1732;5.5;33;Rio de Janeiro;12381;2019;1145;25 a 29 anos;92957;Mulher;12381
Indicador  3.3.4;1732;4.5;33;Rio de Janeiro;12381;2019;1146;30 a 34 anos;6794;Total;12381
Indicador  3.3.4;1732;5.0;33;Rio de Janeiro;12381;2019;1146;30 a 34 anos;92956;Homem;12381
Indicador  3.3.4;1732;4.0;33;Rio de Janeiro;12381;2019;1146;30 a 34 anos;92957;Mulher;12381
Indicador  3.3.4;1732;6.1;33;Rio de Janeiro;12381;2019;1147;35 a 39 anos;6794;Total;12381
Indicador  3.3.4;1732;7.1;33;Rio de Janeiro;12381;2019;1147;35 a 39 anos;92956;Homem;12381
Indicador  3.3.4;1732;5.1;33;Rio de Janeiro;12381;2019;1147;35 a 39 anos;92957;Mulher;12381
Indicador  3.3.4;1732;5.4;33;Rio de Janeiro;12381;2019;1148;40 a 44 anos;6794;Total;12381
Indicador  3.3.4;1732;7.3;33;Rio de Janeiro;12381;2019;1148;40 a 44 anos;92956;Homem;12381
Indicador  3.3.4;1732;3.6;33;Rio de Janeiro;12381;2019;1148;40 a 44 anos;92957;Mulher;12381
Indicador  3.3.4;1732;6.2;33;Rio de Janeiro;12381;2019;1149;45 a 49 anos;6794;Total;12381
Indicador  3.3.4;1732;8.3;33;Rio de Janeiro;12381;2019;1149;45 a 49 anos;92956;Homem;12381
Indicador  3.3.4;1732;4.4;33;Rio de Janeiro;12381;2019;1149;45 a 49 anos;92957;Mulher;12381
Indicador  3.3.4;1732;5.8;33;Rio de Janeiro;12381;2019;1150;50 a 54 anos;6794;Total;12381
Indicador  3.3.4;1732;7.4;33;Rio de Janeiro;12381;2019;1150;50 a 54 anos;92956;Homem;12381
Indicador  3.3.4;1732;4.4;33;Rio de Janeiro;12381;2019;1150;50 a 54 anos;92957;Mulher;12381
Indicador  3.3.4;1732;4.9;33;Rio de Janeiro;12381;2019;1151;55 a 59 anos;6794;Total;12381
Indicador  3.3.4;1732;5.7;33;Rio de Janeiro;12381;2019;1151;55 a 59 anos;92956;Homem;12381
Indicador  3.3.4;1732;4.3;33;Rio de Janeiro;12381;2019;1151;55 a 59 anos;92957;Mulher;12381
Indicador  3.3.4;1732;3.1;33;Rio de Janeiro;12381;2019;3302;60 anos ou mais;6794;Total;12381
Indicador  3.3.4;1732;3.7;33;Rio de Janeiro;12381;2019;3302;60 anos ou mais;92956;Homem;12381
Indicador  3.3.4;1732;2.7;33;Rio de Janeiro;12381;2019;3302;60 anos ou mais;92957;Mulher;12381
Indicador  3.3.4;1732;1.8;33;Rio de Janeiro;12381;2020;95253;Total;6794;Total;12381
Indicador  3.3.4;1732;2.1;33;Rio de Janeiro;12381;2020;95253;Total;92956;Homem;12381
Indicador  3.3.4;1732;1.5;33;Rio de Janeiro;12381;2020;95253;Total;92957;Mulher;12381
Indicador  3.3.4;1732;0.1;33;Rio de Janeiro;12381;2020;1140;0 a 4 anos;6794;Total;12381
Indicador  3.3.4;1732;0.2;33;Rio de Janeiro;12381;2020;1140;0 a 4 anos;92956;Homem;12381
Indicador  3.3.4;1732;0.0;33;Rio de Janeiro;12381;2020;1140;0 a 4 anos;92957;Mulher;12381
Indicador  3.3.4;1732;0.0;33;Rio de Janeiro;12381;2020;1141;5 a 9 anos;6794;Total;12381
Indicador  3.3.4;1732;0.0;33;Rio de Janeiro;12381;2020;1141;5 a 9 anos;92956;Homem;12381
Indicador  3.3.4;1732;0.0;33;Rio de Janeiro;12381;2020;1141;5 a 9 anos;92957;Mulher;12381
Indicador  3.3.4;1732;0.2;33;Rio de Janeiro;12381;2020;1142;10 a 14 anos;6794;Total;12381
Indicador  3.3.4;1732;0.0;33;Rio de Janeiro;12381;2020;1142;10 a 14 anos;92956;Homem;12381
Indicador  3.3.4;1732;0.4;33;Rio de Janeiro;12381;2020;1142;10 a 14 anos;92957;Mulher;12381
Indicador  3.3.4;1732;0.4;33;Rio de Janeiro;12381;2020;1143;15 a 19 anos;6794;Total;12381
Indicador  3.3.4;1732;0.3;33;Rio de Janeiro;12381;2020;1143;15 a 19 anos;92956;Homem;12381
Indicador  3.3.4;1732;0.4;33;Rio de Janeiro;12381;2020;1143;15 a 19 anos;92957;Mulher;12381
Indicador  3.3.4;1732;1.7;33;Rio de Janeiro;12381;2020;1144;20 a 24 anos;6794;Total;12381
Indicador  3.3.4;1732;1.2;33;Rio de Janeiro;12381;2020;1144;20 a 24 anos;92956;Homem;12381
Indicador  3.3.4;1732;2.1;33;Rio de Janeiro;12381;2020;1144;20 a 24 anos;92957;Mulher;12381
Indicador  3.3.4;1732;2.0;33;Rio de Janeiro;12381;2020;1145;25 a 29 anos;6794;Total;12381
Indicador  3.3.4;1732;1.2;33;Rio de Janeiro;12381;2020;1145;25 a 29 anos;92956;Homem;12381
Indicador  3.3.4;1732;2.7;33;Rio de Janeiro;12381;2020;1145;25 a 29 anos;92957;Mulher;12381
Indicador  3.3.4;1732;2.8;33;Rio de Janeiro;12381;2020;1146;30 a 34 anos;6794;Total;12381
Indicador  3.3.4;1732;2.0;33;Rio de Janeiro;12381;2020;1146;30 a 34 anos;92956;Homem;12381
Indicador  3.3.4;1732;3.6;33;Rio de Janeiro;12381;2020;1146;30 a 34 anos;92957;Mulher;12381
Indicador  3.3.4;1732;2.3;33;Rio de Janeiro;12381;2020;1147;35 a 39 anos;6794;Total;12381
Indicador  3.3.4;1732;2.9;33;Rio de Janeiro;12381;2020;1147;35 a 39 anos;92956;Homem;12381
Indicador  3.3.4;1732;1.7;33;Rio de Janeiro;12381;2020;1147;35 a 39 anos;92957;Mulher;12381
Indicador  3.3.4;1732;2.9;33;Rio de Janeiro;12381;2020;1148;40 a 44 anos;6794;Total;12381
Indicador  3.3.4;1732;3.8;33;Rio de Janeiro;12381;2020;1148;40 a 44 anos;92956;Homem;12381
Indicador  3.3.4;1732;2.0;33;Rio de Janeiro;12381;2020;1148;40 a 44 anos;92957;Mulher;12381
Indicador  3.3.4;1732;3.8;33;Rio de Janeiro;12381;2020;1149;45 a 49 anos;6794;Total;12381
Indicador  3.3.4;1732;5.5;33;Rio de Janeiro;12381;2020;1149;45 a 49 anos;92956;Homem;12381
Indicador  3.3.4;1732;2.3;33;Rio de Janeiro;12381;2020;1149;45 a 49 anos;92957;Mulher;12381
Indicador  3.3.4;1732;2.9;33;Rio de Janeiro;12381;2020;1150;50 a 54 anos;6794;Total;12381
Indicador  3.3.4;1732;5.0;33;Rio de Janeiro;12381;2020;1150;50 a 54 anos;92956;Homem;12381
Indicador  3.3.4;1732;1.0;33;Rio de Janeiro;12381;2020;1150;50 a 54 anos;92957;Mulher;12381
Indicador  3.3.4;1732;2.3;33;Rio de Janeiro;12381;2020;1151;55 a 59 anos;6794;Total;12381
Indicador  3.3.4;1732;2.5;33;Rio de Janeiro;12381;2020;1151;55 a 59 anos;92956;Homem;12381
Indicador  3.3.4;1732;2.1;33;Rio de Janeiro;12381;2020;1151;55 a 59 anos;92957;Mulher;12381
Indicador  3.3.4;1732;1.7;33;Rio de Janeiro;12381;2020;3302;60 anos ou mais;6794;Total;12381
Indicador  3.3.4;1732;2.6;33;Rio de Janeiro;12381;2020;3302;60 anos ou mais;92956;Homem;12381
Indicador  3.3.4;1732;1.1;33;Rio de Janeiro;12381;2020;3302;60 anos ou mais;92957;Mulher;12381
Indicador  3.3.4;1732;2.0;33;Rio de Janeiro;12381;2021;95253;Total;6794;Total;12381
Indicador  3.3.4;1732;2.4;33;Rio de Janeiro;12381;2021;95253;Total;92956;Homem;12381
Indicador  3.3.4;1732;1.6;33;Rio de Janeiro;12381;2021;95253;Total;92957;Mulher;12381
Indicador  3.3.4;1732;0.2;33;Rio de Janeiro;12381;2021;1140;0 a 4 anos;6794;Total;12381
Indicador  3.3.4;1732;0.2;33;Rio de Janeiro;12381;2021;1140;0 a 4 anos;92956;Homem;12381
Indicador  3.3.4;1732;0.2;33;Rio de Janeiro;12381;2021;1140;0 a 4 anos;92957;Mulher;12381
Indicador  3.3.4;1732;0.0;33;Rio de Janeiro;12381;2021;1141;5 a 9 anos;6794;Total;12381
Indicador  3.3.4;1732;0.0;33;Rio de Janeiro;12381;2021;1141;5 a 9 anos;92956;Homem;12381
Indicador  3.3.4;1732;0.0;33;Rio de Janeiro;12381;2021;1141;5 a 9 anos;92957;Mulher;12381
Indicador  3.3.4;1732;0.0;33;Rio de Janeiro;12381;2021;1142;10 a 14 anos;6794;Total;12381
Indicador  3.3.4;1732;0.0;33;Rio de Janeiro;12381;2021;1142;10 a 14 anos;92956;Homem;12381
Indicador  3.3.4;1732;0.0;33;Rio de Janeiro;12381;2021;1142;10 a 14 anos;92957;Mulher;12381
Indicador  3.3.4;1732;0.5;33;Rio de Janeiro;12381;2021;1143;15 a 19 anos;6794;Total;12381
Indicador  3.3.4;1732;0.4;33;Rio de Janeiro;12381;2021;1143;15 a 19 anos;92956;Homem;12381
Indicador  3.3.4;1732;0.6;33;Rio de Janeiro;12381;2021;1143;15 a 19 anos;92957;Mulher;12381
Indicador  3.3.4;1732;1.1;33;Rio de Janeiro;12381;2021;1144;20 a 24 anos;6794;Total;12381
Indicador  3.3.4;1732;0.9;33;Rio de Janeiro;12381;2021;1144;20 a 24 anos;92956;Homem;12381
Indicador  3.3.4;1732;1.4;33;Rio de Janeiro;12381;2021;1144;20 a 24 anos;92957;Mulher;12381
Indicador  3.3.4;1732;2.9;33;Rio de Janeiro;12381;2021;1145;25 a 29 anos;6794;Total;12381
Indicador  3.3.4;1732;2.6;33;Rio de Janeiro;12381;2021;1145;25 a 29 anos;92956;Homem;12381
Indicador  3.3.4;1732;3.2;33;Rio de Janeiro;12381;2021;1145;25 a 29 anos;92957;Mulher;12381
Indicador  3.3.4;1732;2.7;33;Rio de Janeiro;12381;2021;1146;30 a 34 anos;6794;Total;12381
Indicador  3.3.4;1732;2.3;33;Rio de Janeiro;12381;2021;1146;30 a 34 anos;92956;Homem;12381
Indicador  3.3.4;1732;3.0;33;Rio de Janeiro;12381;2021;1146;30 a 34 anos;92957;Mulher;12381
Indicador  3.3.4;1732;3.0;33;Rio de Janeiro;12381;2021;1147;35 a 39 anos;6794;Total;12381
Indicador  3.3.4;1732;3.6;33;Rio de Janeiro;12381;2021;1147;35 a 39 anos;92956;Homem;12381
Indicador  3.3.4;1732;2.4;33;Rio de Janeiro;12381;2021;1147;35 a 39 anos;92957;Mulher;12381
Indicador  3.3.4;1732;3.2;33;Rio de Janeiro;12381;2021;1148;40 a 44 anos;6794;Total;12381
Indicador  3.3.4;1732;4.6;33;Rio de Janeiro;12381;2021;1148;40 a 44 anos;92956;Homem;12381
Indicador  3.3.4;1732;1.9;33;Rio de Janeiro;12381;2021;1148;40 a 44 anos;92957;Mulher;12381
Indicador  3.3.4;1732;3.0;33;Rio de Janeiro;12381;2021;1149;45 a 49 anos;6794;Total;12381
Indicador  3.3.4;1732;3.9;33;Rio de Janeiro;12381;2021;1149;45 a 49 anos;92956;Homem;12381
Indicador  3.3.4;1732;2.2;33;Rio de Janeiro;12381;2021;1149;45 a 49 anos;92957;Mulher;12381
Indicador  3.3.4;1732;4.1;33;Rio de Janeiro;12381;2021;1150;50 a 54 anos;6794;Total;12381
Indicador  3.3.4;1732;5.8;33;Rio de Janeiro;12381;2021;1150;50 a 54 anos;92956;Homem;12381
Indicador  3.3.4;1732;2.5;33;Rio de Janeiro;12381;2021;1150;50 a 54 anos;92957;Mulher;12381
Indicador  3.3.4;1732;3.2;33;Rio de Janeiro;12381;2021;1151;55 a 59 anos;6794;Total;12381
Indicador  3.3.4;1732;3.7;33;Rio de Janeiro;12381;2021;1151;55 a 59 anos;92956;Homem;12381
Indicador  3.3.4;1732;2.8;33;Rio de Janeiro;12381;2021;1151;55 a 59 anos;92957;Mulher;12381
Indicador  3.3.4;1732;1.7;33;Rio de Janeiro;12381;2021;3302;60 anos ou mais;6794;Total;12381
Indicador  3.3.4;1732;2.6;33;Rio de Janeiro;12381;2021;3302;60 anos ou mais;92956;Homem;12381
Indicador  3.3.4;1732;1.0;33;Rio de Janeiro;12381;2021;3302;60 anos ou mais;92957;Mulher;12381
Indicador  3.3.4;1732;2.1;33;Rio de Janeiro;12381;2022;95253;Total;6794;Total;12381
Indicador  3.3.4;1732;2.6;33;Rio de Janeiro;12381;2022;95253;Total;92956;Homem;12381
Indicador  3.3.4;1732;1.6;33;Rio de Janeiro;12381;2022;95253;Total;92957;Mulher;12381
Indicador  3.3.4;1732;0.5;33;Rio de Janeiro;12381;2022;1140;0 a 4 anos;6794;Total;12381
Indicador  3.3.4;1732;0.7;33;Rio de Janeiro;12381;2022;1140;0 a 4 anos;92956;Homem;12381
Indicador  3.3.4;1732;0.4;33;Rio de Janeiro;12381;2022;1140;0 a 4 anos;92957;Mulher;12381
Indicador  3.3.4;1732;0.1;33;Rio de Janeiro;12381;2022;1141;5 a 9 anos;6794;Total;12381
Indicador  3.3.4;1732;0.0;33;Rio de Janeiro;12381;2022;1141;5 a 9 anos;92956;Homem;12381
Indicador  3.3.4;1732;0.2;33;Rio de Janeiro;12381;2022;1141;5 a 9 anos;92957;Mulher;12381
Indicador  3.3.4;1732;0.1;33;Rio de Janeiro;12381;2022;1142;10 a 14 anos;6794;Total;12381
Indicador  3.3.4;1732;0.0;33;Rio de Janeiro;12381;2022;1142;10 a 14 anos;92956;Homem;12381
Indicador  3.3.4;1732;0.2;33;Rio de Janeiro;12381;2022;1142;10 a 14 anos;92957;Mulher;12381
Indicador  3.3.4;1732;0.8;33;Rio de Janeiro;12381;2022;1143;15 a 19 anos;6794;Total;12381
Indicador  3.3.4;1732;0.7;33;Rio de Janeiro;12381;2022;1143;15 a 19 anos;92956;Homem;12381
Indicador  3.3.4;1732;0.9;33;Rio de Janeiro;12381;2022;1143;15 a 19 anos;92957;Mulher;12381
Indicador  3.3.4;1732;0.9;33;Rio de Janeiro;12381;2022;1144;20 a 24 anos;6794;Total;12381
Indicador  3.3.4;1732;0.5;33;Rio de Janeiro;12381;2022;1144;20 a 24 anos;92956;Homem;12381
Indicador  3.3.4;1732;1.3;33;Rio de Janeiro;12381;2022;1144;20 a 24 anos;92957;Mulher;12381
Indicador  3.3.4;1732;2.7;33;Rio de Janeiro;12381;2022;1145;25 a 29 anos;6794;Total;12381
Indicador  3.3.4;1732;2.6;33;Rio de Janeiro;12381;2022;1145;25 a 29 anos;92956;Homem;12381
Indicador  3.3.4;1732;2.9;33;Rio de Janeiro;12381;2022;1145;25 a 29 anos;92957;Mulher;12381
Indicador  3.3.4;1732;3.0;33;Rio de Janeiro;12381;2022;1146;30 a 34 anos;6794;Total;12381
Indicador  3.3.4;1732;3.2;33;Rio de Janeiro;12381;2022;1146;30 a 34 anos;92956;Homem;12381
Indicador  3.3.4;1732;2.7;33;Rio de Janeiro;12381;2022;1146;30 a 34 anos;92957;Mulher;12381
Indicador  3.3.4;1732;2.7;33;Rio de Janeiro;12381;2022;1147;35 a 39 anos;6794;Total;12381
Indicador  3.3.4;1732;3.2;33;Rio de Janeiro;12381;2022;1147;35 a 39 anos;92956;Homem;12381
Indicador  3.3.4;1732;2.3;33;Rio de Janeiro;12381;2022;1147;35 a 39 anos;92957;Mulher;12381
Indicador  3.3.4;1732;4.9;33;Rio de Janeiro;12381;2022;1148;40 a 44 anos;6794;Total;12381
Indicador  3.3.4;1732;7.0;33;Rio de Janeiro;12381;2022;1148;40 a 44 anos;92956;Homem;12381
Indicador  3.3.4;1732;2.9;33;Rio de Janeiro;12381;2022;1148;40 a 44 anos;92957;Mulher;12381
Indicador  3.3.4;1732;3.0;33;Rio de Janeiro;12381;2022;1149;45 a 49 anos;6794;Total;12381
Indicador  3.3.4;1732;4.9;33;Rio de Janeiro;12381;2022;1149;45 a 49 anos;92956;Homem;12381
Indicador  3.3.4;1732;1.2;33;Rio de Janeiro;12381;2022;1149;45 a 49 anos;92957;Mulher;12381
Indicador  3.3.4;1732;3.6;33;Rio de Janeiro;12381;2022;1150;50 a 54 anos;6794;Total;12381
Indicador  3.3.4;1732;5.2;33;Rio de Janeiro;12381;2022;1150;50 a 54 anos;92956;Homem;12381
Indicador  3.3.4;1732;2.2;33;Rio de Janeiro;12381;2022;1150;50 a 54 anos;92957;Mulher;12381
Indicador  3.3.4;1732;2.3;33;Rio de Janeiro;12381;2022;1151;55 a 59 anos;6794;Total;12381
Indicador  3.3.4;1732;2.7;33;Rio de Janeiro;12381;2022;1151;55 a 59 anos;92956;Homem;12381
Indicador  3.3.4;1732;1.9;33;Rio de Janeiro;12381;2022;1151;55 a 59 anos;92957;Mulher;12381
Indicador  3.3.4;1732;1.9;33;Rio de Janeiro;12381;2022;3302;60 anos ou mais;6794;Total;12381
Indicador  3.3.4;1732;2.8;33;Rio de Janeiro;12381;2022;3302;60 anos ou mais;92956;Homem;12381
Indicador  3.3.4;1732;1.2;33;Rio de Janeiro;12381;2022;3302;60 anos ou mais;92957;Mulher;12381
Indicador  3.3.4;1732;6.0;35;São Paulo;12381;2018;95253;Total;6794;Total;12381
Indicador  3.3.4;1732;7.1;35;São Paulo;12381;2018;95253;Total;92956;Homem;12381
Indicador  3.3.4;1732;5.0;35;São Paulo;12381;2018;95253;Total;92957;Mulher;12381
Indicador  3.3.4;1732;0.2;35;São Paulo;12381;2018;1140;0 a 4 anos;6794;Total;12381
Indicador  3.3.4;1732;0.1;35;São Paulo;12381;2018;1140;0 a 4 anos;92956;Homem;12381
Indicador  3.3.4;1732;0.3;35;São Paulo;12381;2018;1140;0 a 4 anos;92957;Mulher;12381
Indicador  3.3.4;1732;0.1;35;São Paulo;12381;2018;1141;5 a 9 anos;6794;Total;12381
Indicador  3.3.4;1732;0.1;35;São Paulo;12381;2018;1141;5 a 9 anos;92956;Homem;12381
Indicador  3.3.4;1732;0.2;35;São Paulo;12381;2018;1141;5 a 9 anos;92957;Mulher;12381
Indicador  3.3.4;1732;0.1;35;São Paulo;12381;2018;1142;10 a 14 anos;6794;Total;12381
Indicador  3.3.4;1732;0.2;35;São Paulo;12381;2018;1142;10 a 14 anos;92956;Homem;12381
Indicador  3.3.4;1732;0.1;35;São Paulo;12381;2018;1142;10 a 14 anos;92957;Mulher;12381
Indicador  3.3.4;1732;1.4;35;São Paulo;12381;2018;1143;15 a 19 anos;6794;Total;12381
Indicador  3.3.4;1732;0.6;35;São Paulo;12381;2018;1143;15 a 19 anos;92956;Homem;12381
Indicador  3.3.4;1732;2.1;35;São Paulo;12381;2018;1143;15 a 19 anos;92957;Mulher;12381
Indicador  3.3.4;1732;5.8;35;São Paulo;12381;2018;1144;20 a 24 anos;6794;Total;12381
Indicador  3.3.4;1732;4.7;35;São Paulo;12381;2018;1144;20 a 24 anos;92956;Homem;12381
Indicador  3.3.4;1732;6.9;35;São Paulo;12381;2018;1144;20 a 24 anos;92957;Mulher;12381
Indicador  3.3.4;1732;7.8;35;São Paulo;12381;2018;1145;25 a 29 anos;6794;Total;12381
Indicador  3.3.4;1732;7.8;35;São Paulo;12381;2018;1145;25 a 29 anos;92956;Homem;12381
Indicador  3.3.4;1732;7.9;35;São Paulo;12381;2018;1145;25 a 29 anos;92957;Mulher;12381
Indicador  3.3.4;1732;8.7;35;São Paulo;12381;2018;1146;30 a 34 anos;6794;Total;12381
Indicador  3.3.4;1732;10.0;35;São Paulo;12381;2018;1146;30 a 34 anos;92956;Homem;12381
Indicador  3.3.4;1732;7.5;35;São Paulo;12381;2018;1146;30 a 34 anos;92957;Mulher;12381
Indicador  3.3.4;1732;8.8;35;São Paulo;12381;2018;1147;35 a 39 anos;6794;Total;12381
Indicador  3.3.4;1732;10.4;35;São Paulo;12381;2018;1147;35 a 39 anos;92956;Homem;12381
Indicador  3.3.4;1732;7.3;35;São Paulo;12381;2018;1147;35 a 39 anos;92957;Mulher;12381
Indicador  3.3.4;1732;9.1;35;São Paulo;12381;2018;1148;40 a 44 anos;6794;Total;12381
Indicador  3.3.4;1732;12.2;35;São Paulo;12381;2018;1148;40 a 44 anos;92956;Homem;12381
Indicador  3.3.4;1732;6.2;35;São Paulo;12381;2018;1148;40 a 44 anos;92957;Mulher;12381
Indicador  3.3.4;1732;10.0;35;São Paulo;12381;2018;1149;45 a 49 anos;6794;Total;12381
Indicador  3.3.4;1732;12.8;35;São Paulo;12381;2018;1149;45 a 49 anos;92956;Homem;12381
Indicador  3.3.4;1732;7.4;35;São Paulo;12381;2018;1149;45 a 49 anos;92957;Mulher;12381
Indicador  3.3.4;1732;10.2;35;São Paulo;12381;2018;1150;50 a 54 anos;6794;Total;12381
Indicador  3.3.4;1732;14.4;35;São Paulo;12381;2018;1150;50 a 54 anos;92956;Homem;12381
Indicador  3.3.4;1732;6.3;35;São Paulo;12381;2018;1150;50 a 54 anos;92957;Mulher;12381
Indicador  3.3.4;1732;9.2;35;São Paulo;12381;2018;1151;55 a 59 anos;6794;Total;12381
Indicador  3.3.4;1732;12.0;35;São Paulo;12381;2018;1151;55 a 59 anos;92956;Homem;12381
Indicador  3.3.4;1732;6.7;35;São Paulo;12381;2018;1151;55 a 59 anos;92957;Mulher;12381
Indicador  3.3.4;1732;6.0;35;São Paulo;12381;2018;3302;60 anos ou mais;6794;Total;12381
Indicador  3.3.4;1732;7.9;35;São Paulo;12381;2018;3302;60 anos ou mais;92956;Homem;12381
Indicador  3.3.4;1732;4.6;35;São Paulo;12381;2018;3302;60 anos ou mais;92957;Mulher;12381
Indicador  3.3.4;1732;5.1;35;São Paulo;12381;2019;95253;Total;6794;Total;12381
Indicador  3.3.4;1732;5.9;35;São Paulo;12381;2019;95253;Total;92956;Homem;12381
Indicador  3.3.4;1732;4.3;35;São Paulo;12381;2019;95253;Total;92957;Mulher;12381
Indicador  3.3.4;1732;0.4;35;São Paulo;12381;2019;1140;0 a 4 anos;6794;Total;12381
Indicador  3.3.4;1732;0.4;35;São Paulo;12381;2019;1140;0 a 4 anos;92956;Homem;12381
Indicador  3.3.4;1732;0.5;35;São Paulo;12381;2019;1140;0 a 4 anos;92957;Mulher;12381
Indicador  3.3.4;1732;0.0;35;São Paulo;12381;2019;1141;5 a 9 anos;6794;Total;12381
Indicador  3.3.4;1732;0.0;35;São Paulo;12381;2019;1141;5 a 9 anos;92956;Homem;12381
Indicador  3.3.4;1732;0.1;35;São Paulo;12381;2019;1141;5 a 9 anos;92957;Mulher;12381
Indicador  3.3.4;1732;0.2;35;São Paulo;12381;2019;1142;10 a 14 anos;6794;Total;12381
Indicador  3.3.4;1732;0.2;35;São Paulo;12381;2019;1142;10 a 14 anos;92956;Homem;12381
Indicador  3.3.4;1732;0.3;35;São Paulo;12381;2019;1142;10 a 14 anos;92957;Mulher;12381
Indicador  3.3.4;1732;1.1;35;São Paulo;12381;2019;1143;15 a 19 anos;6794;Total;12381
Indicador  3.3.4;1732;0.7;35;São Paulo;12381;2019;1143;15 a 19 anos;92956;Homem;12381
Indicador  3.3.4;1732;1.5;35;São Paulo;12381;2019;1143;15 a 19 anos;92957;Mulher;12381
Indicador  3.3.4;1732;3.7;35;São Paulo;12381;2019;1144;20 a 24 anos;6794;Total;12381
Indicador  3.3.4;1732;3.1;35;São Paulo;12381;2019;1144;20 a 24 anos;92956;Homem;12381
Indicador  3.3.4;1732;4.3;35;São Paulo;12381;2019;1144;20 a 24 anos;92957;Mulher;12381
Indicador  3.3.4;1732;6.3;35;São Paulo;12381;2019;1145;25 a 29 anos;6794;Total;12381
Indicador  3.3.4;1732;6.4;35;São Paulo;12381;2019;1145;25 a 29 anos;92956;Homem;12381
Indicador  3.3.4;1732;6.3;35;São Paulo;12381;2019;1145;25 a 29 anos;92957;Mulher;12381
Indicador  3.3.4;1732;7.2;35;São Paulo;12381;2019;1146;30 a 34 anos;6794;Total;12381
Indicador  3.3.4;1732;7.8;35;São Paulo;12381;2019;1146;30 a 34 anos;92956;Homem;12381
Indicador  3.3.4;1732;6.6;35;São Paulo;12381;2019;1146;30 a 34 anos;92957;Mulher;12381
Indicador  3.3.4;1732;7.6;35;São Paulo;12381;2019;1147;35 a 39 anos;6794;Total;12381
Indicador  3.3.4;1732;8.9;35;São Paulo;12381;2019;1147;35 a 39 anos;92956;Homem;12381
Indicador  3.3.4;1732;6.2;35;São Paulo;12381;2019;1147;35 a 39 anos;92957;Mulher;12381
Indicador  3.3.4;1732;7.9;35;São Paulo;12381;2019;1148;40 a 44 anos;6794;Total;12381
Indicador  3.3.4;1732;9.8;35;São Paulo;12381;2019;1148;40 a 44 anos;92956;Homem;12381
Indicador  3.3.4;1732;6.0;35;São Paulo;12381;2019;1148;40 a 44 anos;92957;Mulher;12381
Indicador  3.3.4;1732;8.3;35;São Paulo;12381;2019;1149;45 a 49 anos;6794;Total;12381
Indicador  3.3.4;1732;10.5;35;São Paulo;12381;2019;1149;45 a 49 anos;92956;Homem;12381
Indicador  3.3.4;1732;6.2;35;São Paulo;12381;2019;1149;45 a 49 anos;92957;Mulher;12381
Indicador  3.3.4;1732;8.7;35;São Paulo;12381;2019;1150;50 a 54 anos;6794;Total;12381
Indicador  3.3.4;1732;10.7;35;São Paulo;12381;2019;1150;50 a 54 anos;92956;Homem;12381
Indicador  3.3.4;1732;6.9;35;São Paulo;12381;2019;1150;50 a 54 anos;92957;Mulher;12381
Indicador  3.3.4;1732;8.1;35;São Paulo;12381;2019;1151;55 a 59 anos;6794;Total;12381
Indicador  3.3.4;1732;10.6;35;São Paulo;12381;2019;1151;55 a 59 anos;92956;Homem;12381
Indicador  3.3.4;1732;5.8;35;São Paulo;12381;2019;1151;55 a 59 anos;92957;Mulher;12381
Indicador  3.3.4;1732;5.4;35;São Paulo;12381;2019;3302;60 anos ou mais;6794;Total;12381
Indicador  3.3.4;1732;7.1;35;São Paulo;12381;2019;3302;60 anos ou mais;92956;Homem;12381
Indicador  3.3.4;1732;4.1;35;São Paulo;12381;2019;3302;60 anos ou mais;92957;Mulher;12381
Indicador  3.3.4;1732;3.3;35;São Paulo;12381;2020;95253;Total;6794;Total;12381
Indicador  3.3.4;1732;4.0;35;São Paulo;12381;2020;95253;Total;92956;Homem;12381
Indicador  3.3.4;1732;2.6;35;São Paulo;12381;2020;95253;Total;92957;Mulher;12381
Indicador  3.3.4;1732;0.1;35;São Paulo;12381;2020;1140;0 a 4 anos;6794;Total;12381
Indicador  3.3.4;1732;0.2;35;São Paulo;12381;2020;1140;0 a 4 anos;92956;Homem;12381
Indicador  3.3.4;1732;0.0;35;São Paulo;12381;2020;1140;0 a 4 anos;92957;Mulher;12381
Indicador  3.3.4;1732;0.0;35;São Paulo;12381;2020;1141;5 a 9 anos;6794;Total;12381
Indicador  3.3.4;1732;0.0;35;São Paulo;12381;2020;1141;5 a 9 anos;92956;Homem;12381
Indicador  3.3.4;1732;0.0;35;São Paulo;12381;2020;1141;5 a 9 anos;92957;Mulher;12381
Indicador  3.3.4;1732;0.1;35;São Paulo;12381;2020;1142;10 a 14 anos;6794;Total;12381
Indicador  3.3.4;1732;0.1;35;São Paulo;12381;2020;1142;10 a 14 anos;92956;Homem;12381
Indicador  3.3.4;1732;0.1;35;São Paulo;12381;2020;1142;10 a 14 anos;92957;Mulher;12381
Indicador  3.3.4;1732;0.7;35;São Paulo;12381;2020;1143;15 a 19 anos;6794;Total;12381
Indicador  3.3.4;1732;0.5;35;São Paulo;12381;2020;1143;15 a 19 anos;92956;Homem;12381
Indicador  3.3.4;1732;1.0;35;São Paulo;12381;2020;1143;15 a 19 anos;92957;Mulher;12381
Indicador  3.3.4;1732;2.3;35;São Paulo;12381;2020;1144;20 a 24 anos;6794;Total;12381
Indicador  3.3.4;1732;1.6;35;São Paulo;12381;2020;1144;20 a 24 anos;92956;Homem;12381
Indicador  3.3.4;1732;3.1;35;São Paulo;12381;2020;1144;20 a 24 anos;92957;Mulher;12381
Indicador  3.3.4;1732;4.2;35;São Paulo;12381;2020;1145;25 a 29 anos;6794;Total;12381
Indicador  3.3.4;1732;4.3;35;São Paulo;12381;2020;1145;25 a 29 anos;92956;Homem;12381
Indicador  3.3.4;1732;4.1;35;São Paulo;12381;2020;1145;25 a 29 anos;92957;Mulher;12381
Indicador  3.3.4;1732;4.9;35;São Paulo;12381;2020;1146;30 a 34 anos;6794;Total;12381
Indicador  3.3.4;1732;5.2;35;São Paulo;12381;2020;1146;30 a 34 anos;92956;Homem;12381
Indicador  3.3.4;1732;4.7;35;São Paulo;12381;2020;1146;30 a 34 anos;92957;Mulher;12381
Indicador  3.3.4;1732;4.9;35;São Paulo;12381;2020;1147;35 a 39 anos;6794;Total;12381
Indicador  3.3.4;1732;5.9;35;São Paulo;12381;2020;1147;35 a 39 anos;92956;Homem;12381
Indicador  3.3.4;1732;4.0;35;São Paulo;12381;2020;1147;35 a 39 anos;92957;Mulher;12381
Indicador  3.3.4;1732;5.4;35;São Paulo;12381;2020;1148;40 a 44 anos;6794;Total;12381
Indicador  3.3.4;1732;7.6;35;São Paulo;12381;2020;1148;40 a 44 anos;92956;Homem;12381
Indicador  3.3.4;1732;3.2;35;São Paulo;12381;2020;1148;40 a 44 anos;92957;Mulher;12381
Indicador  3.3.4;1732;5.9;35;São Paulo;12381;2020;1149;45 a 49 anos;6794;Total;12381
Indicador  3.3.4;1732;7.7;35;São Paulo;12381;2020;1149;45 a 49 anos;92956;Homem;12381
Indicador  3.3.4;1732;4.2;35;São Paulo;12381;2020;1149;45 a 49 anos;92957;Mulher;12381
Indicador  3.3.4;1732;5.3;35;São Paulo;12381;2020;1150;50 a 54 anos;6794;Total;12381
Indicador  3.3.4;1732;7.9;35;São Paulo;12381;2020;1150;50 a 54 anos;92956;Homem;12381
Indicador  3.3.4;1732;2.9;35;São Paulo;12381;2020;1150;50 a 54 anos;92957;Mulher;12381
Indicador  3.3.4;1732;4.4;35;São Paulo;12381;2020;1151;55 a 59 anos;6794;Total;12381
Indicador  3.3.4;1732;5.7;35;São Paulo;12381;2020;1151;55 a 59 anos;92956;Homem;12381
Indicador  3.3.4;1732;3.2;35;São Paulo;12381;2020;1151;55 a 59 anos;92957;Mulher;12381
Indicador  3.3.4;1732;3.4;35;São Paulo;12381;2020;3302;60 anos ou mais;6794;Total;12381
Indicador  3.3.4;1732;4.6;35;São Paulo;12381;2020;3302;60 anos ou mais;92956;Homem;12381
Indicador  3.3.4;1732;2.4;35;São Paulo;12381;2020;3302;60 anos ou mais;92957;Mulher;12381
Indicador  3.3.4;1732;4.0;35;São Paulo;12381;2021;95253;Total;6794;Total;12381
Indicador  3.3.4;1732;4.6;35;São Paulo;12381;2021;95253;Total;92956;Homem;12381
Indicador  3.3.4;1732;3.5;35;São Paulo;12381;2021;95253;Total;92957;Mulher;12381
Indicador  3.3.4;1732;0.3;35;São Paulo;12381;2021;1140;0 a 4 anos;6794;Total;12381
Indicador  3.3.4;1732;0.1;35;São Paulo;12381;2021;1140;0 a 4 anos;92956;Homem;12381
Indicador  3.3.4;1732;0.4;35;São Paulo;12381;2021;1140;0 a 4 anos;92957;Mulher;12381
Indicador  3.3.4;1732;0.1;35;São Paulo;12381;2021;1141;5 a 9 anos;6794;Total;12381
Indicador  3.3.4;1732;0.1;35;São Paulo;12381;2021;1141;5 a 9 anos;92956;Homem;12381
Indicador  3.3.4;1732;0.1;35;São Paulo;12381;2021;1141;5 a 9 anos;92957;Mulher;12381
Indicador  3.3.4;1732;0.2;35;São Paulo;12381;2021;1142;10 a 14 anos;6794;Total;12381
Indicador  3.3.4;1732;0.1;35;São Paulo;12381;2021;1142;10 a 14 anos;92956;Homem;12381
Indicador  3.3.4;1732;0.3;35;São Paulo;12381;2021;1142;10 a 14 anos;92957;Mulher;12381
Indicador  3.3.4;1732;0.8;35;São Paulo;12381;2021;1143;15 a 19 anos;6794;Total;12381
Indicador  3.3.4;1732;0.4;35;São Paulo;12381;2021;1143;15 a 19 anos;92956;Homem;12381
Indicador  3.3.4;1732;1.1;35;São Paulo;12381;2021;1143;15 a 19 anos;92957;Mulher;12381
Indicador  3.3.4;1732;2.4;35;São Paulo;12381;2021;1144;20 a 24 anos;6794;Total;12381
Indicador  3.3.4;1732;1.8;35;São Paulo;12381;2021;1144;20 a 24 anos;92956;Homem;12381
Indicador  3.3.4;1732;3.1;35;São Paulo;12381;2021;1144;20 a 24 anos;92957;Mulher;12381
Indicador  3.3.4;1732;4.3;35;São Paulo;12381;2021;1145;25 a 29 anos;6794;Total;12381
Indicador  3.3.4;1732;3.5;35;São Paulo;12381;2021;1145;25 a 29 anos;92956;Homem;12381
Indicador  3.3.4;1732;5.1;35;São Paulo;12381;2021;1145;25 a 29 anos;92957;Mulher;12381
Indicador  3.3.4;1732;4.8;35;São Paulo;12381;2021;1146;30 a 34 anos;6794;Total;12381
Indicador  3.3.4;1732;5.8;35;São Paulo;12381;2021;1146;30 a 34 anos;92956;Homem;12381
Indicador  3.3.4;1732;3.8;35;São Paulo;12381;2021;1146;30 a 34 anos;92957;Mulher;12381
Indicador  3.3.4;1732;6.0;35;São Paulo;12381;2021;1147;35 a 39 anos;6794;Total;12381
Indicador  3.3.4;1732;7.3;35;São Paulo;12381;2021;1147;35 a 39 anos;92956;Homem;12381
Indicador  3.3.4;1732;4.6;35;São Paulo;12381;2021;1147;35 a 39 anos;92957;Mulher;12381
Indicador  3.3.4;1732;6.0;35;São Paulo;12381;2021;1148;40 a 44 anos;6794;Total;12381
Indicador  3.3.4;1732;6.7;35;São Paulo;12381;2021;1148;40 a 44 anos;92956;Homem;12381
Indicador  3.3.4;1732;5.4;35;São Paulo;12381;2021;1148;40 a 44 anos;92957;Mulher;12381
Indicador  3.3.4;1732;7.1;35;São Paulo;12381;2021;1149;45 a 49 anos;6794;Total;12381
Indicador  3.3.4;1732;8.9;35;São Paulo;12381;2021;1149;45 a 49 anos;92956;Homem;12381
Indicador  3.3.4;1732;5.3;35;São Paulo;12381;2021;1149;45 a 49 anos;92957;Mulher;12381
Indicador  3.3.4;1732;7.1;35;São Paulo;12381;2021;1150;50 a 54 anos;6794;Total;12381
Indicador  3.3.4;1732;9.1;35;São Paulo;12381;2021;1150;50 a 54 anos;92956;Homem;12381
Indicador  3.3.4;1732;5.2;35;São Paulo;12381;2021;1150;50 a 54 anos;92957;Mulher;12381
Indicador  3.3.4;1732;6.9;35;São Paulo;12381;2021;1151;55 a 59 anos;6794;Total;12381
Indicador  3.3.4;1732;9.1;35;São Paulo;12381;2021;1151;55 a 59 anos;92956;Homem;12381
Indicador  3.3.4;1732;5.0;35;São Paulo;12381;2021;1151;55 a 59 anos;92957;Mulher;12381
Indicador  3.3.4;1732;4.7;35;São Paulo;12381;2021;3302;60 anos ou mais;6794;Total;12381
Indicador  3.3.4;1732;5.9;35;São Paulo;12381;2021;3302;60 anos ou mais;92956;Homem;12381
Indicador  3.3.4;1732;3.7;35;São Paulo;12381;2021;3302;60 anos ou mais;92957;Mulher;12381
Indicador  3.3.4;1732;3.9;35;São Paulo;12381;2022;95253;Total;6794;Total;12381
Indicador  3.3.4;1732;4.4;35;São Paulo;12381;2022;95253;Total;92956;Homem;12381
Indicador  3.3.4;1732;3.5;35;São Paulo;12381;2022;95253;Total;92957;Mulher;12381
Indicador  3.3.4;1732;0.3;35;São Paulo;12381;2022;1140;0 a 4 anos;6794;Total;12381
Indicador  3.3.4;1732;0.5;35;São Paulo;12381;2022;1140;0 a 4 anos;92956;Homem;12381
Indicador  3.3.4;1732;0.2;35;São Paulo;12381;2022;1140;0 a 4 anos;92957;Mulher;12381
Indicador  3.3.4;1732;0.0;35;São Paulo;12381;2022;1141;5 a 9 anos;6794;Total;12381
Indicador  3.3.4;1732;0.0;35;São Paulo;12381;2022;1141;5 a 9 anos;92956;Homem;12381
Indicador  3.3.4;1732;0.1;35;São Paulo;12381;2022;1141;5 a 9 anos;92957;Mulher;12381
Indicador  3.3.4;1732;0.3;35;São Paulo;12381;2022;1142;10 a 14 anos;6794;Total;12381
Indicador  3.3.4;1732;0.4;35;São Paulo;12381;2022;1142;10 a 14 anos;92956;Homem;12381
Indicador  3.3.4;1732;0.2;35;São Paulo;12381;2022;1142;10 a 14 anos;92957;Mulher;12381
Indicador  3.3.4;1732;1.4;35;São Paulo;12381;2022;1143;15 a 19 anos;6794;Total;12381
Indicador  3.3.4;1732;0.8;35;São Paulo;12381;2022;1143;15 a 19 anos;92956;Homem;12381
Indicador  3.3.4;1732;2.0;35;São Paulo;12381;2022;1143;15 a 19 anos;92957;Mulher;12381
Indicador  3.3.4;1732;3.1;35;São Paulo;12381;2022;1144;20 a 24 anos;6794;Total;12381
Indicador  3.3.4;1732;2.2;35;São Paulo;12381;2022;1144;20 a 24 anos;92956;Homem;12381
Indicador  3.3.4;1732;4.1;35;São Paulo;12381;2022;1144;20 a 24 anos;92957;Mulher;12381
Indicador  3.3.4;1732;4.4;35;São Paulo;12381;2022;1145;25 a 29 anos;6794;Total;12381
Indicador  3.3.4;1732;3.5;35;São Paulo;12381;2022;1145;25 a 29 anos;92956;Homem;12381
Indicador  3.3.4;1732;5.2;35;São Paulo;12381;2022;1145;25 a 29 anos;92957;Mulher;12381
Indicador  3.3.4;1732;5.3;35;São Paulo;12381;2022;1146;30 a 34 anos;6794;Total;12381
Indicador  3.3.4;1732;5.0;35;São Paulo;12381;2022;1146;30 a 34 anos;92956;Homem;12381
Indicador  3.3.4;1732;5.5;35;São Paulo;12381;2022;1146;30 a 34 anos;92957;Mulher;12381
Indicador  3.3.4;1732;5.8;35;São Paulo;12381;2022;1147;35 a 39 anos;6794;Total;12381
Indicador  3.3.4;1732;6.6;35;São Paulo;12381;2022;1147;35 a 39 anos;92956;Homem;12381
Indicador  3.3.4;1732;5.1;35;São Paulo;12381;2022;1147;35 a 39 anos;92957;Mulher;12381
Indicador  3.3.4;1732;5.8;35;São Paulo;12381;2022;1148;40 a 44 anos;6794;Total;12381
Indicador  3.3.4;1732;7.8;35;São Paulo;12381;2022;1148;40 a 44 anos;92956;Homem;12381
Indicador  3.3.4;1732;4.0;35;São Paulo;12381;2022;1148;40 a 44 anos;92957;Mulher;12381
Indicador  3.3.4;1732;6.4;35;São Paulo;12381;2022;1149;45 a 49 anos;6794;Total;12381
Indicador  3.3.4;1732;7.7;35;São Paulo;12381;2022;1149;45 a 49 anos;92956;Homem;12381
Indicador  3.3.4;1732;5.2;35;São Paulo;12381;2022;1149;45 a 49 anos;92957;Mulher;12381
Indicador  3.3.4;1732;7.1;35;São Paulo;12381;2022;1150;50 a 54 anos;6794;Total;12381
Indicador  3.3.4;1732;8.3;35;São Paulo;12381;2022;1150;50 a 54 anos;92956;Homem;12381
Indicador  3.3.4;1732;5.9;35;São Paulo;12381;2022;1150;50 a 54 anos;92957;Mulher;12381
Indicador  3.3.4;1732;5.2;35;São Paulo;12381;2022;1151;55 a 59 anos;6794;Total;12381
Indicador  3.3.4;1732;6.0;35;São Paulo;12381;2022;1151;55 a 59 anos;92956;Homem;12381
Indicador  3.3.4;1732;4.6;35;São Paulo;12381;2022;1151;55 a 59 anos;92957;Mulher;12381
Indicador  3.3.4;1732;4.2;35;São Paulo;12381;2022;3302;60 anos ou mais;6794;Total;12381
Indicador  3.3.4;1732;6.1;35;São Paulo;12381;2022;3302;60 anos ou mais;92956;Homem;12381
Indicador  3.3.4;1732;2.9;35;São Paulo;12381;2022;3302;60 anos ou mais;92957;Mulher;12381
Indicador  3.3.4;1732;15.9;41;Paraná;12381;2018;95253;Total;6794;Total;12381
Indicador  3.3.4;1732;18.4;41;Paraná;12381;2018;95253;Total;92956;Homem;12381
Indicador  3.3.4;1732;13.5;41;Paraná;12381;2018;95253;Total;92957;Mulher;12381
Indicador  3.3.4;1732;1.5;41;Paraná;12381;2018;1140;0 a 4 anos;6794;Total;12381
Indicador  3.3.4;1732;1.2;41;Paraná;12381;2018;1140;0 a 4 anos;92956;Homem;12381
Indicador  3.3.4;1732;1.8;41;Paraná;12381;2018;1140;0 a 4 anos;92957;Mulher;12381
Indicador  3.3.4;1732;0.1;41;Paraná;12381;2018;1141;5 a 9 anos;6794;Total;12381
Indicador  3.3.4;1732;0.3;41;Paraná;12381;2018;1141;5 a 9 anos;92956;Homem;12381
Indicador  3.3.4;1732;0.0;41;Paraná;12381;2018;1141;5 a 9 anos;92957;Mulher;12381
Indicador  3.3.4;1732;0.1;41;Paraná;12381;2018;1142;10 a 14 anos;6794;Total;12381
Indicador  3.3.4;1732;0.3;41;Paraná;12381;2018;1142;10 a 14 anos;92956;Homem;12381
Indicador  3.3.4;1732;0.0;41;Paraná;12381;2018;1142;10 a 14 anos;92957;Mulher;12381
Indicador  3.3.4;1732;2.6;41;Paraná;12381;2018;1143;15 a 19 anos;6794;Total;12381
Indicador  3.3.4;1732;1.8;41;Paraná;12381;2018;1143;15 a 19 anos;92956;Homem;12381
Indicador  3.3.4;1732;3.3;41;Paraná;12381;2018;1143;15 a 19 anos;92957;Mulher;12381
Indicador  3.3.4;1732;7.1;41;Paraná;12381;2018;1144;20 a 24 anos;6794;Total;12381
Indicador  3.3.4;1732;6.2;41;Paraná;12381;2018;1144;20 a 24 anos;92956;Homem;12381
Indicador  3.3.4;1732;8.1;41;Paraná;12381;2018;1144;20 a 24 anos;92957;Mulher;12381
Indicador  3.3.4;1732;17.4;41;Paraná;12381;2018;1145;25 a 29 anos;6794;Total;12381
Indicador  3.3.4;1732;15.5;41;Paraná;12381;2018;1145;25 a 29 anos;92956;Homem;12381
Indicador  3.3.4;1732;19.2;41;Paraná;12381;2018;1145;25 a 29 anos;92957;Mulher;12381
Indicador  3.3.4;1732;22.0;41;Paraná;12381;2018;1146;30 a 34 anos;6794;Total;12381
Indicador  3.3.4;1732;24.4;41;Paraná;12381;2018;1146;30 a 34 anos;92956;Homem;12381
Indicador  3.3.4;1732;19.7;41;Paraná;12381;2018;1146;30 a 34 anos;92957;Mulher;12381
Indicador  3.3.4;1732;27.1;41;Paraná;12381;2018;1147;35 a 39 anos;6794;Total;12381
Indicador  3.3.4;1732;31.7;41;Paraná;12381;2018;1147;35 a 39 anos;92956;Homem;12381
Indicador  3.3.4;1732;22.7;41;Paraná;12381;2018;1147;35 a 39 anos;92957;Mulher;12381
Indicador  3.3.4;1732;28.7;41;Paraná;12381;2018;1148;40 a 44 anos;6794;Total;12381
Indicador  3.3.4;1732;39.4;41;Paraná;12381;2018;1148;40 a 44 anos;92956;Homem;12381
Indicador  3.3.4;1732;18.7;41;Paraná;12381;2018;1148;40 a 44 anos;92957;Mulher;12381
Indicador  3.3.4;1732;27.4;41;Paraná;12381;2018;1149;45 a 49 anos;6794;Total;12381
Indicador  3.3.4;1732;37.1;41;Paraná;12381;2018;1149;45 a 49 anos;92956;Homem;12381
Indicador  3.3.4;1732;18.4;41;Paraná;12381;2018;1149;45 a 49 anos;92957;Mulher;12381
Indicador  3.3.4;1732;28.2;41;Paraná;12381;2018;1150;50 a 54 anos;6794;Total;12381
Indicador  3.3.4;1732;34.1;41;Paraná;12381;2018;1150;50 a 54 anos;92956;Homem;12381
Indicador  3.3.4;1732;22.8;41;Paraná;12381;2018;1150;50 a 54 anos;92957;Mulher;12381
Indicador  3.3.4;1732;28.2;41;Paraná;12381;2018;1151;55 a 59 anos;6794;Total;12381
Indicador  3.3.4;1732;32.3;41;Paraná;12381;2018;1151;55 a 59 anos;92956;Homem;12381
Indicador  3.3.4;1732;24.6;41;Paraná;12381;2018;1151;55 a 59 anos;92957;Mulher;12381
Indicador  3.3.4;1732;17.3;41;Paraná;12381;2018;3302;60 anos ou mais;6794;Total;12381
Indicador  3.3.4;1732;21.5;41;Paraná;12381;2018;3302;60 anos ou mais;92956;Homem;12381
Indicador  3.3.4;1732;13.8;41;Paraná;12381;2018;3302;60 anos ou mais;92957;Mulher;12381
Indicador  3.3.4;1732;15.2;41;Paraná;12381;2019;95253;Total;6794;Total;12381
Indicador  3.3.4;1732;18.4;41;Paraná;12381;2019;95253;Total;92956;Homem;12381
Indicador  3.3.4;1732;12.2;41;Paraná;12381;2019;95253;Total;92957;Mulher;12381
Indicador  3.3.4;1732;1.4;41;Paraná;12381;2019;1140;0 a 4 anos;6794;Total;12381
Indicador  3.3.4;1732;2.0;41;Paraná;12381;2019;1140;0 a 4 anos;92956;Homem;12381
Indicador  3.3.4;1732;0.8;41;Paraná;12381;2019;1140;0 a 4 anos;92957;Mulher;12381
Indicador  3.3.4;1732;0.5;41;Paraná;12381;2019;1141;5 a 9 anos;6794;Total;12381
Indicador  3.3.4;1732;0.3;41;Paraná;12381;2019;1141;5 a 9 anos;92956;Homem;12381
Indicador  3.3.4;1732;0.8;41;Paraná;12381;2019;1141;5 a 9 anos;92957;Mulher;12381
Indicador  3.3.4;1732;0.5;41;Paraná;12381;2019;1142;10 a 14 anos;6794;Total;12381
Indicador  3.3.4;1732;0.3;41;Paraná;12381;2019;1142;10 a 14 anos;92956;Homem;12381
Indicador  3.3.4;1732;0.8;41;Paraná;12381;2019;1142;10 a 14 anos;92957;Mulher;12381
Indicador  3.3.4;1732;2.7;41;Paraná;12381;2019;1143;15 a 19 anos;6794;Total;12381
Indicador  3.3.4;1732;2.1;41;Paraná;12381;2019;1143;15 a 19 anos;92956;Homem;12381
Indicador  3.3.4;1732;3.2;41;Paraná;12381;2019;1143;15 a 19 anos;92957;Mulher;12381
Indicador  3.3.4;1732;7.6;41;Paraná;12381;2019;1144;20 a 24 anos;6794;Total;12381
Indicador  3.3.4;1732;8.2;41;Paraná;12381;2019;1144;20 a 24 anos;92956;Homem;12381
Indicador  3.3.4;1732;7.0;41;Paraná;12381;2019;1144;20 a 24 anos;92957;Mulher;12381
Indicador  3.3.4;1732;12.5;41;Paraná;12381;2019;1145;25 a 29 anos;6794;Total;12381
Indicador  3.3.4;1732;12.8;41;Paraná;12381;2019;1145;25 a 29 anos;92956;Homem;12381
Indicador  3.3.4;1732;12.2;41;Paraná;12381;2019;1145;25 a 29 anos;92957;Mulher;12381
Indicador  3.3.4;1732;16.8;41;Paraná;12381;2019;1146;30 a 34 anos;6794;Total;12381
Indicador  3.3.4;1732;19.1;41;Paraná;12381;2019;1146;30 a 34 anos;92956;Homem;12381
Indicador  3.3.4;1732;14.5;41;Paraná;12381;2019;1146;30 a 34 anos;92957;Mulher;12381
Indicador  3.3.4;1732;24.9;41;Paraná;12381;2019;1147;35 a 39 anos;6794;Total;12381
Indicador  3.3.4;1732;30.8;41;Paraná;12381;2019;1147;35 a 39 anos;92956;Homem;12381
Indicador  3.3.4;1732;19.2;41;Paraná;12381;2019;1147;35 a 39 anos;92957;Mulher;12381
Indicador  3.3.4;1732;27.1;41;Paraná;12381;2019;1148;40 a 44 anos;6794;Total;12381
Indicador  3.3.4;1732;35.1;41;Paraná;12381;2019;1148;40 a 44 anos;92956;Homem;12381
Indicador  3.3.4;1732;19.4;41;Paraná;12381;2019;1148;40 a 44 anos;92957;Mulher;12381
Indicador  3.3.4;1732;27.9;41;Paraná;12381;2019;1149;45 a 49 anos;6794;Total;12381
Indicador  3.3.4;1732;35.2;41;Paraná;12381;2019;1149;45 a 49 anos;92956;Homem;12381
Indicador  3.3.4;1732;21.1;41;Paraná;12381;2019;1149;45 a 49 anos;92957;Mulher;12381
Indicador  3.3.4;1732;33.4;41;Paraná;12381;2019;1150;50 a 54 anos;6794;Total;12381
Indicador  3.3.4;1732;40.7;41;Paraná;12381;2019;1150;50 a 54 anos;92956;Homem;12381
Indicador  3.3.4;1732;26.7;41;Paraná;12381;2019;1150;50 a 54 anos;92957;Mulher;12381
Indicador  3.3.4;1732;26.6;41;Paraná;12381;2019;1151;55 a 59 anos;6794;Total;12381
Indicador  3.3.4;1732;35.3;41;Paraná;12381;2019;1151;55 a 59 anos;92956;Homem;12381
Indicador  3.3.4;1732;18.8;41;Paraná;12381;2019;1151;55 a 59 anos;92957;Mulher;12381
Indicador  3.3.4;1732;17.1;41;Paraná;12381;2019;3302;60 anos ou mais;6794;Total;12381
Indicador  3.3.4;1732;22.8;41;Paraná;12381;2019;3302;60 anos ou mais;92956;Homem;12381
Indicador  3.3.4;1732;12.4;41;Paraná;12381;2019;3302;60 anos ou mais;92957;Mulher;12381
Indicador  3.3.4;1732;8.0;41;Paraná;12381;2020;95253;Total;6794;Total;12381
Indicador  3.3.4;1732;10.0;41;Paraná;12381;2020;95253;Total;92956;Homem;12381
Indicador  3.3.4;1732;6.0;41;Paraná;12381;2020;95253;Total;92957;Mulher;12381
Indicador  3.3.4;1732;0.6;41;Paraná;12381;2020;1140;0 a 4 anos;6794;Total;12381
Indicador  3.3.4;1732;0.7;41;Paraná;12381;2020;1140;0 a 4 anos;92956;Homem;12381
Indicador  3.3.4;1732;0.5;41;Paraná;12381;2020;1140;0 a 4 anos;92957;Mulher;12381
Indicador  3.3.4;1732;0.3;41;Paraná;12381;2020;1141;5 a 9 anos;6794;Total;12381
Indicador  3.3.4;1732;0.3;41;Paraná;12381;2020;1141;5 a 9 anos;92956;Homem;12381
Indicador  3.3.4;1732;0.3;41;Paraná;12381;2020;1141;5 a 9 anos;92957;Mulher;12381
Indicador  3.3.4;1732;0.0;41;Paraná;12381;2020;1142;10 a 14 anos;6794;Total;12381
Indicador  3.3.4;1732;0.0;41;Paraná;12381;2020;1142;10 a 14 anos;92956;Homem;12381
Indicador  3.3.4;1732;0.0;41;Paraná;12381;2020;1142;10 a 14 anos;92957;Mulher;12381
Indicador  3.3.4;1732;1.7;41;Paraná;12381;2020;1143;15 a 19 anos;6794;Total;12381
Indicador  3.3.4;1732;0.5;41;Paraná;12381;2020;1143;15 a 19 anos;92956;Homem;12381
Indicador  3.3.4;1732;3.0;41;Paraná;12381;2020;1143;15 a 19 anos;92957;Mulher;12381
Indicador  3.3.4;1732;3.2;41;Paraná;12381;2020;1144;20 a 24 anos;6794;Total;12381
Indicador  3.3.4;1732;2.8;41;Paraná;12381;2020;1144;20 a 24 anos;92956;Homem;12381
Indicador  3.3.4;1732;3.6;41;Paraná;12381;2020;1144;20 a 24 anos;92957;Mulher;12381
Indicador  3.3.4;1732;8.1;41;Paraná;12381;2020;1145;25 a 29 anos;6794;Total;12381
Indicador  3.3.4;1732;8.7;41;Paraná;12381;2020;1145;25 a 29 anos;92956;Homem;12381
Indicador  3.3.4;1732;7.6;41;Paraná;12381;2020;1145;25 a 29 anos;92957;Mulher;12381
Indicador  3.3.4;1732;9.2;41;Paraná;12381;2020;1146;30 a 34 anos;6794;Total;12381
Indicador  3.3.4;1732;10.6;41;Paraná;12381;2020;1146;30 a 34 anos;92956;Homem;12381
Indicador  3.3.4;1732;7.8;41;Paraná;12381;2020;1146;30 a 34 anos;92957;Mulher;12381
Indicador  3.3.4;1732;11.9;41;Paraná;12381;2020;1147;35 a 39 anos;6794;Total;12381
Indicador  3.3.4;1732;14.7;41;Paraná;12381;2020;1147;35 a 39 anos;92956;Homem;12381
Indicador  3.3.4;1732;9.2;41;Paraná;12381;2020;1147;35 a 39 anos;92957;Mulher;12381
Indicador  3.3.4;1732;14.7;41;Paraná;12381;2020;1148;40 a 44 anos;6794;Total;12381
Indicador  3.3.4;1732;19.6;41;Paraná;12381;2020;1148;40 a 44 anos;92956;Homem;12381
Indicador  3.3.4;1732;10.1;41;Paraná;12381;2020;1148;40 a 44 anos;92957;Mulher;12381
Indicador  3.3.4;1732;14.1;41;Paraná;12381;2020;1149;45 a 49 anos;6794;Total;12381
Indicador  3.3.4;1732;18.4;41;Paraná;12381;2020;1149;45 a 49 anos;92956;Homem;12381
Indicador  3.3.4;1732;10.0;41;Paraná;12381;2020;1149;45 a 49 anos;92957;Mulher;12381
Indicador  3.3.4;1732;16.6;41;Paraná;12381;2020;1150;50 a 54 anos;6794;Total;12381
Indicador  3.3.4;1732;24.6;41;Paraná;12381;2020;1150;50 a 54 anos;92956;Homem;12381
Indicador  3.3.4;1732;9.3;41;Paraná;12381;2020;1150;50 a 54 anos;92957;Mulher;12381
Indicador  3.3.4;1732;13.6;41;Paraná;12381;2020;1151;55 a 59 anos;6794;Total;12381
Indicador  3.3.4;1732;18.6;41;Paraná;12381;2020;1151;55 a 59 anos;92956;Homem;12381
Indicador  3.3.4;1732;9.0;41;Paraná;12381;2020;1151;55 a 59 anos;92957;Mulher;12381
Indicador  3.3.4;1732;9.0;41;Paraná;12381;2020;3302;60 anos ou mais;6794;Total;12381
Indicador  3.3.4;1732;12.7;41;Paraná;12381;2020;3302;60 anos ou mais;92956;Homem;12381
Indicador  3.3.4;1732;6.0;41;Paraná;12381;2020;3302;60 anos ou mais;92957;Mulher;12381
Indicador  3.3.4;1732;7.6;41;Paraná;12381;2021;95253;Total;6794;Total;12381
Indicador  3.3.4;1732;9.1;41;Paraná;12381;2021;95253;Total;92956;Homem;12381
Indicador  3.3.4;1732;6.2;41;Paraná;12381;2021;95253;Total;92957;Mulher;12381
Indicador  3.3.4;1732;0.4;41;Paraná;12381;2021;1140;0 a 4 anos;6794;Total;12381
Indicador  3.3.4;1732;0.5;41;Paraná;12381;2021;1140;0 a 4 anos;92956;Homem;12381
Indicador  3.3.4;1732;0.3;41;Paraná;12381;2021;1140;0 a 4 anos;92957;Mulher;12381
Indicador  3.3.4;1732;0.0;41;Paraná;12381;2021;1141;5 a 9 anos;6794;Total;12381
Indicador  3.3.4;1732;0.0;41;Paraná;12381;2021;1141;5 a 9 anos;92956;Homem;12381
Indicador  3.3.4;1732;0.0;41;Paraná;12381;2021;1141;5 a 9 anos;92957;Mulher;12381
Indicador  3.3.4;1732;0.3;41;Paraná;12381;2021;1142;10 a 14 anos;6794;Total;12381
Indicador  3.3.4;1732;0.5;41;Paraná;12381;2021;1142;10 a 14 anos;92956;Homem;12381
Indicador  3.3.4;1732;0.0;41;Paraná;12381;2021;1142;10 a 14 anos;92957;Mulher;12381
Indicador  3.3.4;1732;0.6;41;Paraná;12381;2021;1143;15 a 19 anos;6794;Total;12381
Indicador  3.3.4;1732;1.0;41;Paraná;12381;2021;1143;15 a 19 anos;92956;Homem;12381
Indicador  3.3.4;1732;0.3;41;Paraná;12381;2021;1143;15 a 19 anos;92957;Mulher;12381
Indicador  3.3.4;1732;3.0;41;Paraná;12381;2021;1144;20 a 24 anos;6794;Total;12381
Indicador  3.3.4;1732;2.9;41;Paraná;12381;2021;1144;20 a 24 anos;92956;Homem;12381
Indicador  3.3.4;1732;3.2;41;Paraná;12381;2021;1144;20 a 24 anos;92957;Mulher;12381
Indicador  3.3.4;1732;5.3;41;Paraná;12381;2021;1145;25 a 29 anos;6794;Total;12381
Indicador  3.3.4;1732;5.0;41;Paraná;12381;2021;1145;25 a 29 anos;92956;Homem;12381
Indicador  3.3.4;1732;5.7;41;Paraná;12381;2021;1145;25 a 29 anos;92957;Mulher;12381
Indicador  3.3.4;1732;8.6;41;Paraná;12381;2021;1146;30 a 34 anos;6794;Total;12381
Indicador  3.3.4;1732;8.8;41;Paraná;12381;2021;1146;30 a 34 anos;92956;Homem;12381
Indicador  3.3.4;1732;8.4;41;Paraná;12381;2021;1146;30 a 34 anos;92957;Mulher;12381
Indicador  3.3.4;1732;11.8;41;Paraná;12381;2021;1147;35 a 39 anos;6794;Total;12381
Indicador  3.3.4;1732;14.1;41;Paraná;12381;2021;1147;35 a 39 anos;92956;Homem;12381
Indicador  3.3.4;1732;9.4;41;Paraná;12381;2021;1147;35 a 39 anos;92957;Mulher;12381
Indicador  3.3.4;1732;12.4;41;Paraná;12381;2021;1148;40 a 44 anos;6794;Total;12381
Indicador  3.3.4;1732;17.4;41;Paraná;12381;2021;1148;40 a 44 anos;92956;Homem;12381
Indicador  3.3.4;1732;7.7;41;Paraná;12381;2021;1148;40 a 44 anos;92957;Mulher;12381
Indicador  3.3.4;1732;14.2;41;Paraná;12381;2021;1149;45 a 49 anos;6794;Total;12381
Indicador  3.3.4;1732;17.0;41;Paraná;12381;2021;1149;45 a 49 anos;92956;Homem;12381
Indicador  3.3.4;1732;11.6;41;Paraná;12381;2021;1149;45 a 49 anos;92957;Mulher;12381
Indicador  3.3.4;1732;16.9;41;Paraná;12381;2021;1150;50 a 54 anos;6794;Total;12381
Indicador  3.3.4;1732;21.1;41;Paraná;12381;2021;1150;50 a 54 anos;92956;Homem;12381
Indicador  3.3.4;1732;13.0;41;Paraná;12381;2021;1150;50 a 54 anos;92957;Mulher;12381
Indicador  3.3.4;1732;14.4;41;Paraná;12381;2021;1151;55 a 59 anos;6794;Total;12381
Indicador  3.3.4;1732;17.9;41;Paraná;12381;2021;1151;55 a 59 anos;92956;Homem;12381
Indicador  3.3.4;1732;11.3;41;Paraná;12381;2021;1151;55 a 59 anos;92957;Mulher;12381
Indicador  3.3.4;1732;9.3;41;Paraná;12381;2021;3302;60 anos ou mais;6794;Total;12381
Indicador  3.3.4;1732;12.1;41;Paraná;12381;2021;3302;60 anos ou mais;92956;Homem;12381
Indicador  3.3.4;1732;7.0;41;Paraná;12381;2021;3302;60 anos ou mais;92957;Mulher;12381
Indicador  3.3.4;1732;7.8;41;Paraná;12381;2022;95253;Total;6794;Total;12381
Indicador  3.3.4;1732;9.3;41;Paraná;12381;2022;95253;Total;92956;Homem;12381
Indicador  3.3.4;1732;6.4;41;Paraná;12381;2022;95253;Total;92957;Mulher;12381
Indicador  3.3.4;1732;0.6;41;Paraná;12381;2022;1140;0 a 4 anos;6794;Total;12381
Indicador  3.3.4;1732;0.5;41;Paraná;12381;2022;1140;0 a 4 anos;92956;Homem;12381
Indicador  3.3.4;1732;0.8;41;Paraná;12381;2022;1140;0 a 4 anos;92957;Mulher;12381
Indicador  3.3.4;1732;0.3;41;Paraná;12381;2022;1141;5 a 9 anos;6794;Total;12381
Indicador  3.3.4;1732;0.2;41;Paraná;12381;2022;1141;5 a 9 anos;92956;Homem;12381
Indicador  3.3.4;1732;0.3;41;Paraná;12381;2022;1141;5 a 9 anos;92957;Mulher;12381
Indicador  3.3.4;1732;0.0;41;Paraná;12381;2022;1142;10 a 14 anos;6794;Total;12381
Indicador  3.3.4;1732;0.0;41;Paraná;12381;2022;1142;10 a 14 anos;92956;Homem;12381
Indicador  3.3.4;1732;0.0;41;Paraná;12381;2022;1142;10 a 14 anos;92957;Mulher;12381
Indicador  3.3.4;1732;1.0;41;Paraná;12381;2022;1143;15 a 19 anos;6794;Total;12381
Indicador  3.3.4;1732;1.0;41;Paraná;12381;2022;1143;15 a 19 anos;92956;Homem;12381
Indicador  3.3.4;1732;1.1;41;Paraná;12381;2022;1143;15 a 19 anos;92957;Mulher;12381
Indicador  3.3.4;1732;2.5;41;Paraná;12381;2022;1144;20 a 24 anos;6794;Total;12381
Indicador  3.3.4;1732;2.7;41;Paraná;12381;2022;1144;20 a 24 anos;92956;Homem;12381
Indicador  3.3.4;1732;2.3;41;Paraná;12381;2022;1144;20 a 24 anos;92957;Mulher;12381
Indicador  3.3.4;1732;5.9;41;Paraná;12381;2022;1145;25 a 29 anos;6794;Total;12381
Indicador  3.3.4;1732;6.0;41;Paraná;12381;2022;1145;25 a 29 anos;92956;Homem;12381
Indicador  3.3.4;1732;5.7;41;Paraná;12381;2022;1145;25 a 29 anos;92957;Mulher;12381
Indicador  3.3.4;1732;7.4;41;Paraná;12381;2022;1146;30 a 34 anos;6794;Total;12381
Indicador  3.3.4;1732;8.3;41;Paraná;12381;2022;1146;30 a 34 anos;92956;Homem;12381
Indicador  3.3.4;1732;6.6;41;Paraná;12381;2022;1146;30 a 34 anos;92957;Mulher;12381
Indicador  3.3.4;1732;10.4;41;Paraná;12381;2022;1147;35 a 39 anos;6794;Total;12381
Indicador  3.3.4;1732;13.2;41;Paraná;12381;2022;1147;35 a 39 anos;92956;Homem;12381
Indicador  3.3.4;1732;7.6;41;Paraná;12381;2022;1147;35 a 39 anos;92957;Mulher;12381
Indicador  3.3.4;1732;12.1;41;Paraná;12381;2022;1148;40 a 44 anos;6794;Total;12381
Indicador  3.3.4;1732;15.5;41;Paraná;12381;2022;1148;40 a 44 anos;92956;Homem;12381
Indicador  3.3.4;1732;8.8;41;Paraná;12381;2022;1148;40 a 44 anos;92957;Mulher;12381
Indicador  3.3.4;1732;16.4;41;Paraná;12381;2022;1149;45 a 49 anos;6794;Total;12381
Indicador  3.3.4;1732;21.5;41;Paraná;12381;2022;1149;45 a 49 anos;92956;Homem;12381
Indicador  3.3.4;1732;11.5;41;Paraná;12381;2022;1149;45 a 49 anos;92957;Mulher;12381
Indicador  3.3.4;1732;13.3;41;Paraná;12381;2022;1150;50 a 54 anos;6794;Total;12381
Indicador  3.3.4;1732;16.1;41;Paraná;12381;2022;1150;50 a 54 anos;92956;Homem;12381
Indicador  3.3.4;1732;10.7;41;Paraná;12381;2022;1150;50 a 54 anos;92957;Mulher;12381
Indicador  3.3.4;1732;15.5;41;Paraná;12381;2022;1151;55 a 59 anos;6794;Total;12381
Indicador  3.3.4;1732;18.8;41;Paraná;12381;2022;1151;55 a 59 anos;92956;Homem;12381
Indicador  3.3.4;1732;12.5;41;Paraná;12381;2022;1151;55 a 59 anos;92957;Mulher;12381
Indicador  3.3.4;1732;11.7;41;Paraná;12381;2022;3302;60 anos ou mais;6794;Total;12381
Indicador  3.3.4;1732;14.5;41;Paraná;12381;2022;3302;60 anos ou mais;92956;Homem;12381
Indicador  3.3.4;1732;9.5;41;Paraná;12381;2022;3302;60 anos ou mais;92957;Mulher;12381
Indicador  3.3.4;1732;17.6;42;Santa Catarina;12381;2018;95253;Total;6794;Total;12381
Indicador  3.3.4;1732;22.1;42;Santa Catarina;12381;2018;95253;Total;92956;Homem;12381
Indicador  3.3.4;1732;13.1;42;Santa Catarina;12381;2018;95253;Total;92957;Mulher;12381
Indicador  3.3.4;1732;2.5;42;Santa Catarina;12381;2018;1140;0 a 4 anos;6794;Total;12381
Indicador  3.3.4;1732;3.7;42;Santa Catarina;12381;2018;1140;0 a 4 anos;92956;Homem;12381
Indicador  3.3.4;1732;1.3;42;Santa Catarina;12381;2018;1140;0 a 4 anos;92957;Mulher;12381
Indicador  3.3.4;1732;0.0;42;Santa Catarina;12381;2018;1141;5 a 9 anos;6794;Total;12381
Indicador  3.3.4;1732;0.0;42;Santa Catarina;12381;2018;1141;5 a 9 anos;92956;Homem;12381
Indicador  3.3.4;1732;0.0;42;Santa Catarina;12381;2018;1141;5 a 9 anos;92957;Mulher;12381
Indicador  3.3.4;1732;0.0;42;Santa Catarina;12381;2018;1142;10 a 14 anos;6794;Total;12381
Indicador  3.3.4;1732;0.0;42;Santa Catarina;12381;2018;1142;10 a 14 anos;92956;Homem;12381
Indicador  3.3.4;1732;0.0;42;Santa Catarina;12381;2018;1142;10 a 14 anos;92957;Mulher;12381
Indicador  3.3.4;1732;2.0;42;Santa Catarina;12381;2018;1143;15 a 19 anos;6794;Total;12381
Indicador  3.3.4;1732;1.2;42;Santa Catarina;12381;2018;1143;15 a 19 anos;92956;Homem;12381
Indicador  3.3.4;1732;2.9;42;Santa Catarina;12381;2018;1143;15 a 19 anos;92957;Mulher;12381
Indicador  3.3.4;1732;7.2;42;Santa Catarina;12381;2018;1144;20 a 24 anos;6794;Total;12381
Indicador  3.3.4;1732;6.2;42;Santa Catarina;12381;2018;1144;20 a 24 anos;92956;Homem;12381
Indicador  3.3.4;1732;8.2;42;Santa Catarina;12381;2018;1144;20 a 24 anos;92957;Mulher;12381
Indicador  3.3.4;1732;17.7;42;Santa Catarina;12381;2018;1145;25 a 29 anos;6794;Total;12381
Indicador  3.3.4;1732;19.7;42;Santa Catarina;12381;2018;1145;25 a 29 anos;92956;Homem;12381
Indicador  3.3.4;1732;15.7;42;Santa Catarina;12381;2018;1145;25 a 29 anos;92957;Mulher;12381
Indicador  3.3.4;1732;23.6;42;Santa Catarina;12381;2018;1146;30 a 34 anos;6794;Total;12381
Indicador  3.3.4;1732;26.1;42;Santa Catarina;12381;2018;1146;30 a 34 anos;92956;Homem;12381
Indicador  3.3.4;1732;21.0;42;Santa Catarina;12381;2018;1146;30 a 34 anos;92957;Mulher;12381
Indicador  3.3.4;1732;25.4;42;Santa Catarina;12381;2018;1147;35 a 39 anos;6794;Total;12381
Indicador  3.3.4;1732;33.5;42;Santa Catarina;12381;2018;1147;35 a 39 anos;92956;Homem;12381
Indicador  3.3.4;1732;17.2;42;Santa Catarina;12381;2018;1147;35 a 39 anos;92957;Mulher;12381
Indicador  3.3.4;1732;33.1;42;Santa Catarina;12381;2018;1148;40 a 44 anos;6794;Total;12381
Indicador  3.3.4;1732;46.7;42;Santa Catarina;12381;2018;1148;40 a 44 anos;92956;Homem;12381
Indicador  3.3.4;1732;19.6;42;Santa Catarina;12381;2018;1148;40 a 44 anos;92957;Mulher;12381
Indicador  3.3.4;1732;34.2;42;Santa Catarina;12381;2018;1149;45 a 49 anos;6794;Total;12381
Indicador  3.3.4;1732;43.3;42;Santa Catarina;12381;2018;1149;45 a 49 anos;92956;Homem;12381
Indicador  3.3.4;1732;25.3;42;Santa Catarina;12381;2018;1149;45 a 49 anos;92957;Mulher;12381
Indicador  3.3.4;1732;31.7;42;Santa Catarina;12381;2018;1150;50 a 54 anos;6794;Total;12381
Indicador  3.3.4;1732;43.3;42;Santa Catarina;12381;2018;1150;50 a 54 anos;92956;Homem;12381
Indicador  3.3.4;1732;20.7;42;Santa Catarina;12381;2018;1150;50 a 54 anos;92957;Mulher;12381
Indicador  3.3.4;1732;35.7;42;Santa Catarina;12381;2018;1151;55 a 59 anos;6794;Total;12381
Indicador  3.3.4;1732;43.8;42;Santa Catarina;12381;2018;1151;55 a 59 anos;92956;Homem;12381
Indicador  3.3.4;1732;28.2;42;Santa Catarina;12381;2018;1151;55 a 59 anos;92957;Mulher;12381
Indicador  3.3.4;1732;16.0;42;Santa Catarina;12381;2018;3302;60 anos ou mais;6794;Total;12381
Indicador  3.3.4;1732;23.2;42;Santa Catarina;12381;2018;3302;60 anos ou mais;92956;Homem;12381
Indicador  3.3.4;1732;10.1;42;Santa Catarina;12381;2018;3302;60 anos ou mais;92957;Mulher;12381
Indicador  3.3.4;1732;17.7;42;Santa Catarina;12381;2019;95253;Total;6794;Total;12381
Indicador  3.3.4;1732;22.1;42;Santa Catarina;12381;2019;95253;Total;92956;Homem;12381
Indicador  3.3.4;1732;13.4;42;Santa Catarina;12381;2019;95253;Total;92957;Mulher;12381
Indicador  3.3.4;1732;2.1;42;Santa Catarina;12381;2019;1140;0 a 4 anos;6794;Total;12381
Indicador  3.3.4;1732;2.8;42;Santa Catarina;12381;2019;1140;0 a 4 anos;92956;Homem;12381
Indicador  3.3.4;1732;1.3;42;Santa Catarina;12381;2019;1140;0 a 4 anos;92957;Mulher;12381
Indicador  3.3.4;1732;0.0;42;Santa Catarina;12381;2019;1141;5 a 9 anos;6794;Total;12381
Indicador  3.3.4;1732;0.0;42;Santa Catarina;12381;2019;1141;5 a 9 anos;92956;Homem;12381
Indicador  3.3.4;1732;0.0;42;Santa Catarina;12381;2019;1141;5 a 9 anos;92957;Mulher;12381
Indicador  3.3.4;1732;0.2;42;Santa Catarina;12381;2019;1142;10 a 14 anos;6794;Total;12381
Indicador  3.3.4;1732;0.0;42;Santa Catarina;12381;2019;1142;10 a 14 anos;92956;Homem;12381
Indicador  3.3.4;1732;0.5;42;Santa Catarina;12381;2019;1142;10 a 14 anos;92957;Mulher;12381
Indicador  3.3.4;1732;1.5;42;Santa Catarina;12381;2019;1143;15 a 19 anos;6794;Total;12381
Indicador  3.3.4;1732;0.8;42;Santa Catarina;12381;2019;1143;15 a 19 anos;92956;Homem;12381
Indicador  3.3.4;1732;2.1;42;Santa Catarina;12381;2019;1143;15 a 19 anos;92957;Mulher;12381
Indicador  3.3.4;1732;8.3;42;Santa Catarina;12381;2019;1144;20 a 24 anos;6794;Total;12381
Indicador  3.3.4;1732;7.3;42;Santa Catarina;12381;2019;1144;20 a 24 anos;92956;Homem;12381
Indicador  3.3.4;1732;9.4;42;Santa Catarina;12381;2019;1144;20 a 24 anos;92957;Mulher;12381
Indicador  3.3.4;1732;14.7;42;Santa Catarina;12381;2019;1145;25 a 29 anos;6794;Total;12381
Indicador  3.3.4;1732;19.1;42;Santa Catarina;12381;2019;1145;25 a 29 anos;92956;Homem;12381
Indicador  3.3.4;1732;10.2;42;Santa Catarina;12381;2019;1145;25 a 29 anos;92957;Mulher;12381
Indicador  3.3.4;1732;25.2;42;Santa Catarina;12381;2019;1146;30 a 34 anos;6794;Total;12381
Indicador  3.3.4;1732;33.4;42;Santa Catarina;12381;2019;1146;30 a 34 anos;92956;Homem;12381
Indicador  3.3.4;1732;16.6;42;Santa Catarina;12381;2019;1146;30 a 34 anos;92957;Mulher;12381
Indicador  3.3.4;1732;30.2;42;Santa Catarina;12381;2019;1147;35 a 39 anos;6794;Total;12381
Indicador  3.3.4;1732;36.7;42;Santa Catarina;12381;2019;1147;35 a 39 anos;92956;Homem;12381
Indicador  3.3.4;1732;23.6;42;Santa Catarina;12381;2019;1147;35 a 39 anos;92957;Mulher;12381
Indicador  3.3.4;1732;30.8;42;Santa Catarina;12381;2019;1148;40 a 44 anos;6794;Total;12381
Indicador  3.3.4;1732;44.8;42;Santa Catarina;12381;2019;1148;40 a 44 anos;92956;Homem;12381
Indicador  3.3.4;1732;16.9;42;Santa Catarina;12381;2019;1148;40 a 44 anos;92957;Mulher;12381
Indicador  3.3.4;1732;33.2;42;Santa Catarina;12381;2019;1149;45 a 49 anos;6794;Total;12381
Indicador  3.3.4;1732;41.4;42;Santa Catarina;12381;2019;1149;45 a 49 anos;92956;Homem;12381
Indicador  3.3.4;1732;25.1;42;Santa Catarina;12381;2019;1149;45 a 49 anos;92957;Mulher;12381
Indicador  3.3.4;1732;30.9;42;Santa Catarina;12381;2019;1150;50 a 54 anos;6794;Total;12381
Indicador  3.3.4;1732;35.0;42;Santa Catarina;12381;2019;1150;50 a 54 anos;92956;Homem;12381
Indicador  3.3.4;1732;26.9;42;Santa Catarina;12381;2019;1150;50 a 54 anos;92957;Mulher;12381
Indicador  3.3.4;1732;28.9;42;Santa Catarina;12381;2019;1151;55 a 59 anos;6794;Total;12381
Indicador  3.3.4;1732;37.0;42;Santa Catarina;12381;2019;1151;55 a 59 anos;92956;Homem;12381
Indicador  3.3.4;1732;21.3;42;Santa Catarina;12381;2019;1151;55 a 59 anos;92957;Mulher;12381
Indicador  3.3.4;1732;19.0;42;Santa Catarina;12381;2019;3302;60 anos ou mais;6794;Total;12381
Indicador  3.3.4;1732;24.4;42;Santa Catarina;12381;2019;3302;60 anos ou mais;92956;Homem;12381
Indicador  3.3.4;1732;14.5;42;Santa Catarina;12381;2019;3302;60 anos ou mais;92957;Mulher;12381
Indicador  3.3.4;1732;10.9;42;Santa Catarina;12381;2020;95253;Total;6794;Total;12381
Indicador  3.3.4;1732;13.7;42;Santa Catarina;12381;2020;95253;Total;92956;Homem;12381
Indicador  3.3.4;1732;8.1;42;Santa Catarina;12381;2020;95253;Total;92957;Mulher;12381
Indicador  3.3.4;1732;1.4;42;Santa Catarina;12381;2020;1140;0 a 4 anos;6794;Total;12381
Indicador  3.3.4;1732;2.4;42;Santa Catarina;12381;2020;1140;0 a 4 anos;92956;Homem;12381
Indicador  3.3.4;1732;0.4;42;Santa Catarina;12381;2020;1140;0 a 4 anos;92957;Mulher;12381
Indicador  3.3.4;1732;0.2;42;Santa Catarina;12381;2020;1141;5 a 9 anos;6794;Total;12381
Indicador  3.3.4;1732;0.4;42;Santa Catarina;12381;2020;1141;5 a 9 anos;92956;Homem;12381
Indicador  3.3.4;1732;0.0;42;Santa Catarina;12381;2020;1141;5 a 9 anos;92957;Mulher;12381
Indicador  3.3.4;1732;0.2;42;Santa Catarina;12381;2020;1142;10 a 14 anos;6794;Total;12381
Indicador  3.3.4;1732;0.0;42;Santa Catarina;12381;2020;1142;10 a 14 anos;92956;Homem;12381
Indicador  3.3.4;1732;0.5;42;Santa Catarina;12381;2020;1142;10 a 14 anos;92957;Mulher;12381
Indicador  3.3.4;1732;1.7;42;Santa Catarina;12381;2020;1143;15 a 19 anos;6794;Total;12381
Indicador  3.3.4;1732;2.1;42;Santa Catarina;12381;2020;1143;15 a 19 anos;92956;Homem;12381
Indicador  3.3.4;1732;1.3;42;Santa Catarina;12381;2020;1143;15 a 19 anos;92957;Mulher;12381
Indicador  3.3.4;1732;4.8;42;Santa Catarina;12381;2020;1144;20 a 24 anos;6794;Total;12381
Indicador  3.3.4;1732;4.6;42;Santa Catarina;12381;2020;1144;20 a 24 anos;92956;Homem;12381
Indicador  3.3.4;1732;5.1;42;Santa Catarina;12381;2020;1144;20 a 24 anos;92957;Mulher;12381
Indicador  3.3.4;1732;12.4;42;Santa Catarina;12381;2020;1145;25 a 29 anos;6794;Total;12381
Indicador  3.3.4;1732;11.6;42;Santa Catarina;12381;2020;1145;25 a 29 anos;92956;Homem;12381
Indicador  3.3.4;1732;13.3;42;Santa Catarina;12381;2020;1145;25 a 29 anos;92957;Mulher;12381
Indicador  3.3.4;1732;15.8;42;Santa Catarina;12381;2020;1146;30 a 34 anos;6794;Total;12381
Indicador  3.3.4;1732;18.5;42;Santa Catarina;12381;2020;1146;30 a 34 anos;92956;Homem;12381
Indicador  3.3.4;1732;12.9;42;Santa Catarina;12381;2020;1146;30 a 34 anos;92957;Mulher;12381
Indicador  3.3.4;1732;18.1;42;Santa Catarina;12381;2020;1147;35 a 39 anos;6794;Total;12381
Indicador  3.3.4;1732;23.7;42;Santa Catarina;12381;2020;1147;35 a 39 anos;92956;Homem;12381
Indicador  3.3.4;1732;12.4;42;Santa Catarina;12381;2020;1147;35 a 39 anos;92957;Mulher;12381
Indicador  3.3.4;1732;15.8;42;Santa Catarina;12381;2020;1148;40 a 44 anos;6794;Total;12381
Indicador  3.3.4;1732;22.9;42;Santa Catarina;12381;2020;1148;40 a 44 anos;92956;Homem;12381
Indicador  3.3.4;1732;8.6;42;Santa Catarina;12381;2020;1148;40 a 44 anos;92957;Mulher;12381
Indicador  3.3.4;1732;16.7;42;Santa Catarina;12381;2020;1149;45 a 49 anos;6794;Total;12381
Indicador  3.3.4;1732;23.0;42;Santa Catarina;12381;2020;1149;45 a 49 anos;92956;Homem;12381
Indicador  3.3.4;1732;10.6;42;Santa Catarina;12381;2020;1149;45 a 49 anos;92957;Mulher;12381
Indicador  3.3.4;1732;17.9;42;Santa Catarina;12381;2020;1150;50 a 54 anos;6794;Total;12381
Indicador  3.3.4;1732;21.7;42;Santa Catarina;12381;2020;1150;50 a 54 anos;92956;Homem;12381
Indicador  3.3.4;1732;14.2;42;Santa Catarina;12381;2020;1150;50 a 54 anos;92957;Mulher;12381
Indicador  3.3.4;1732;14.4;42;Santa Catarina;12381;2020;1151;55 a 59 anos;6794;Total;12381
Indicador  3.3.4;1732;18.5;42;Santa Catarina;12381;2020;1151;55 a 59 anos;92956;Homem;12381
Indicador  3.3.4;1732;10.6;42;Santa Catarina;12381;2020;1151;55 a 59 anos;92957;Mulher;12381
Indicador  3.3.4;1732;13.9;42;Santa Catarina;12381;2020;3302;60 anos ou mais;6794;Total;12381
Indicador  3.3.4;1732;19.6;42;Santa Catarina;12381;2020;3302;60 anos ou mais;92956;Homem;12381
Indicador  3.3.4;1732;9.2;42;Santa Catarina;12381;2020;3302;60 anos ou mais;92957;Mulher;12381
Indicador  3.3.4;1732;11.5;42;Santa Catarina;12381;2021;95253;Total;6794;Total;12381
Indicador  3.3.4;1732;14.2;42;Santa Catarina;12381;2021;95253;Total;92956;Homem;12381
Indicador  3.3.4;1732;8.9;42;Santa Catarina;12381;2021;95253;Total;92957;Mulher;12381
Indicador  3.3.4;1732;1.2;42;Santa Catarina;12381;2021;1140;0 a 4 anos;6794;Total;12381
Indicador  3.3.4;1732;1.6;42;Santa Catarina;12381;2021;1140;0 a 4 anos;92956;Homem;12381
Indicador  3.3.4;1732;0.8;42;Santa Catarina;12381;2021;1140;0 a 4 anos;92957;Mulher;12381
Indicador  3.3.4;1732;0.0;42;Santa Catarina;12381;2021;1141;5 a 9 anos;6794;Total;12381
Indicador  3.3.4;1732;0.0;42;Santa Catarina;12381;2021;1141;5 a 9 anos;92956;Homem;12381
Indicador  3.3.4;1732;0.0;42;Santa Catarina;12381;2021;1141;5 a 9 anos;92957;Mulher;12381
Indicador  3.3.4;1732;0.2;42;Santa Catarina;12381;2021;1142;10 a 14 anos;6794;Total;12381
Indicador  3.3.4;1732;0.0;42;Santa Catarina;12381;2021;1142;10 a 14 anos;92956;Homem;12381
Indicador  3.3.4;1732;0.5;42;Santa Catarina;12381;2021;1142;10 a 14 anos;92957;Mulher;12381
Indicador  3.3.4;1732;1.3;42;Santa Catarina;12381;2021;1143;15 a 19 anos;6794;Total;12381
Indicador  3.3.4;1732;0.8;42;Santa Catarina;12381;2021;1143;15 a 19 anos;92956;Homem;12381
Indicador  3.3.4;1732;1.8;42;Santa Catarina;12381;2021;1143;15 a 19 anos;92957;Mulher;12381
Indicador  3.3.4;1732;5.1;42;Santa Catarina;12381;2021;1144;20 a 24 anos;6794;Total;12381
Indicador  3.3.4;1732;3.6;42;Santa Catarina;12381;2021;1144;20 a 24 anos;92956;Homem;12381
Indicador  3.3.4;1732;6.7;42;Santa Catarina;12381;2021;1144;20 a 24 anos;92957;Mulher;12381
Indicador  3.3.4;1732;9.8;42;Santa Catarina;12381;2021;1145;25 a 29 anos;6794;Total;12381
Indicador  3.3.4;1732;10.6;42;Santa Catarina;12381;2021;1145;25 a 29 anos;92956;Homem;12381
Indicador  3.3.4;1732;8.9;42;Santa Catarina;12381;2021;1145;25 a 29 anos;92957;Mulher;12381
Indicador  3.3.4;1732;11.7;42;Santa Catarina;12381;2021;1146;30 a 34 anos;6794;Total;12381
Indicador  3.3.4;1732;14.3;42;Santa Catarina;12381;2021;1146;30 a 34 anos;92956;Homem;12381
Indicador  3.3.4;1732;9.0;42;Santa Catarina;12381;2021;1146;30 a 34 anos;92957;Mulher;12381
Indicador  3.3.4;1732;18.2;42;Santa Catarina;12381;2021;1147;35 a 39 anos;6794;Total;12381
Indicador  3.3.4;1732;26.3;42;Santa Catarina;12381;2021;1147;35 a 39 anos;92956;Homem;12381
Indicador  3.3.4;1732;10.0;42;Santa Catarina;12381;2021;1147;35 a 39 anos;92957;Mulher;12381
Indicador  3.3.4;1732;17.4;42;Santa Catarina;12381;2021;1148;40 a 44 anos;6794;Total;12381
Indicador  3.3.4;1732;20.8;42;Santa Catarina;12381;2021;1148;40 a 44 anos;92956;Homem;12381
Indicador  3.3.4;1732;13.9;42;Santa Catarina;12381;2021;1148;40 a 44 anos;92957;Mulher;12381
Indicador  3.3.4;1732;20.8;42;Santa Catarina;12381;2021;1149;45 a 49 anos;6794;Total;12381
Indicador  3.3.4;1732;27.2;42;Santa Catarina;12381;2021;1149;45 a 49 anos;92956;Homem;12381
Indicador  3.3.4;1732;14.5;42;Santa Catarina;12381;2021;1149;45 a 49 anos;92957;Mulher;12381
Indicador  3.3.4;1732;20.0;42;Santa Catarina;12381;2021;1150;50 a 54 anos;6794;Total;12381
Indicador  3.3.4;1732;21.6;42;Santa Catarina;12381;2021;1150;50 a 54 anos;92956;Homem;12381
Indicador  3.3.4;1732;18.3;42;Santa Catarina;12381;2021;1150;50 a 54 anos;92957;Mulher;12381
Indicador  3.3.4;1732;19.8;42;Santa Catarina;12381;2021;1151;55 a 59 anos;6794;Total;12381
Indicador  3.3.4;1732;26.0;42;Santa Catarina;12381;2021;1151;55 a 59 anos;92956;Homem;12381
Indicador  3.3.4;1732;13.9;42;Santa Catarina;12381;2021;1151;55 a 59 anos;92957;Mulher;12381
Indicador  3.3.4;1732;16.2;42;Santa Catarina;12381;2021;3302;60 anos ou mais;6794;Total;12381
Indicador  3.3.4;1732;22.0;42;Santa Catarina;12381;2021;3302;60 anos ou mais;92956;Homem;12381
Indicador  3.3.4;1732;11.4;42;Santa Catarina;12381;2021;3302;60 anos ou mais;92957;Mulher;12381
Indicador  3.3.4;1732;10.0;42;Santa Catarina;12381;2022;95253;Total;6794;Total;12381
Indicador  3.3.4;1732;12.3;42;Santa Catarina;12381;2022;95253;Total;92956;Homem;12381
Indicador  3.3.4;1732;7.8;42;Santa Catarina;12381;2022;95253;Total;92957;Mulher;12381
Indicador  3.3.4;1732;1.8;42;Santa Catarina;12381;2022;1140;0 a 4 anos;6794;Total;12381
Indicador  3.3.4;1732;2.4;42;Santa Catarina;12381;2022;1140;0 a 4 anos;92956;Homem;12381
Indicador  3.3.4;1732;1.3;42;Santa Catarina;12381;2022;1140;0 a 4 anos;92957;Mulher;12381
Indicador  3.3.4;1732;0.0;42;Santa Catarina;12381;2022;1141;5 a 9 anos;6794;Total;12381
Indicador  3.3.4;1732;0.0;42;Santa Catarina;12381;2022;1141;5 a 9 anos;92956;Homem;12381
Indicador  3.3.4;1732;0.0;42;Santa Catarina;12381;2022;1141;5 a 9 anos;92957;Mulher;12381
Indicador  3.3.4;1732;0.9;42;Santa Catarina;12381;2022;1142;10 a 14 anos;6794;Total;12381
Indicador  3.3.4;1732;0.4;42;Santa Catarina;12381;2022;1142;10 a 14 anos;92956;Homem;12381
Indicador  3.3.4;1732;1.4;42;Santa Catarina;12381;2022;1142;10 a 14 anos;92957;Mulher;12381
Indicador  3.3.4;1732;0.2;42;Santa Catarina;12381;2022;1143;15 a 19 anos;6794;Total;12381
Indicador  3.3.4;1732;0.4;42;Santa Catarina;12381;2022;1143;15 a 19 anos;92956;Homem;12381
Indicador  3.3.4;1732;0.0;42;Santa Catarina;12381;2022;1143;15 a 19 anos;92957;Mulher;12381
Indicador  3.3.4;1732;4.5;42;Santa Catarina;12381;2022;1144;20 a 24 anos;6794;Total;12381
Indicador  3.3.4;1732;3.3;42;Santa Catarina;12381;2022;1144;20 a 24 anos;92956;Homem;12381
Indicador  3.3.4;1732;5.8;42;Santa Catarina;12381;2022;1144;20 a 24 anos;92957;Mulher;12381
Indicador  3.3.4;1732;6.1;42;Santa Catarina;12381;2022;1145;25 a 29 anos;6794;Total;12381
Indicador  3.3.4;1732;6.0;42;Santa Catarina;12381;2022;1145;25 a 29 anos;92956;Homem;12381
Indicador  3.3.4;1732;6.2;42;Santa Catarina;12381;2022;1145;25 a 29 anos;92957;Mulher;12381
Indicador  3.3.4;1732;12.0;42;Santa Catarina;12381;2022;1146;30 a 34 anos;6794;Total;12381
Indicador  3.3.4;1732;14.7;42;Santa Catarina;12381;2022;1146;30 a 34 anos;92956;Homem;12381
Indicador  3.3.4;1732;9.3;42;Santa Catarina;12381;2022;1146;30 a 34 anos;92957;Mulher;12381
Indicador  3.3.4;1732;11.5;42;Santa Catarina;12381;2022;1147;35 a 39 anos;6794;Total;12381
Indicador  3.3.4;1732;13.8;42;Santa Catarina;12381;2022;1147;35 a 39 anos;92956;Homem;12381
Indicador  3.3.4;1732;9.2;42;Santa Catarina;12381;2022;1147;35 a 39 anos;92957;Mulher;12381
Indicador  3.3.4;1732;16.0;42;Santa Catarina;12381;2022;1148;40 a 44 anos;6794;Total;12381
Indicador  3.3.4;1732;19.5;42;Santa Catarina;12381;2022;1148;40 a 44 anos;92956;Homem;12381
Indicador  3.3.4;1732;12.5;42;Santa Catarina;12381;2022;1148;40 a 44 anos;92957;Mulher;12381
Indicador  3.3.4;1732;22.4;42;Santa Catarina;12381;2022;1149;45 a 49 anos;6794;Total;12381
Indicador  3.3.4;1732;31.9;42;Santa Catarina;12381;2022;1149;45 a 49 anos;92956;Homem;12381
Indicador  3.3.4;1732;13.1;42;Santa Catarina;12381;2022;1149;45 a 49 anos;92957;Mulher;12381
Indicador  3.3.4;1732;20.9;42;Santa Catarina;12381;2022;1150;50 a 54 anos;6794;Total;12381
Indicador  3.3.4;1732;25.9;42;Santa Catarina;12381;2022;1150;50 a 54 anos;92956;Homem;12381
Indicador  3.3.4;1732;16.2;42;Santa Catarina;12381;2022;1150;50 a 54 anos;92957;Mulher;12381
Indicador  3.3.4;1732;14.8;42;Santa Catarina;12381;2022;1151;55 a 59 anos;6794;Total;12381
Indicador  3.3.4;1732;21.5;42;Santa Catarina;12381;2022;1151;55 a 59 anos;92956;Homem;12381
Indicador  3.3.4;1732;8.6;42;Santa Catarina;12381;2022;1151;55 a 59 anos;92957;Mulher;12381
Indicador  3.3.4;1732;13.1;42;Santa Catarina;12381;2022;3302;60 anos ou mais;6794;Total;12381
Indicador  3.3.4;1732;16.2;42;Santa Catarina;12381;2022;3302;60 anos ou mais;92956;Homem;12381
Indicador  3.3.4;1732;10.6;42;Santa Catarina;12381;2022;3302;60 anos ou mais;92957;Mulher;12381
Indicador  3.3.4;1732;12.9;43;Rio Grande do Sul;12381;2018;95253;Total;6794;Total;12381
Indicador  3.3.4;1732;15.8;43;Rio Grande do Sul;12381;2018;95253;Total;92956;Homem;12381
Indicador  3.3.4;1732;10.2;43;Rio Grande do Sul;12381;2018;95253;Total;92957;Mulher;12381
Indicador  3.3.4;1732;1.7;43;Rio Grande do Sul;12381;2018;1140;0 a 4 anos;6794;Total;12381
Indicador  3.3.4;1732;2.5;43;Rio Grande do Sul;12381;2018;1140;0 a 4 anos;92956;Homem;12381
Indicador  3.3.4;1732;0.9;43;Rio Grande do Sul;12381;2018;1140;0 a 4 anos;92957;Mulher;12381
Indicador  3.3.4;1732;0.1;43;Rio Grande do Sul;12381;2018;1141;5 a 9 anos;6794;Total;12381
Indicador  3.3.4;1732;0.3;43;Rio Grande do Sul;12381;2018;1141;5 a 9 anos;92956;Homem;12381
Indicador  3.3.4;1732;0.0;43;Rio Grande do Sul;12381;2018;1141;5 a 9 anos;92957;Mulher;12381
Indicador  3.3.4;1732;0.3;43;Rio Grande do Sul;12381;2018;1142;10 a 14 anos;6794;Total;12381
Indicador  3.3.4;1732;0.3;43;Rio Grande do Sul;12381;2018;1142;10 a 14 anos;92956;Homem;12381
Indicador  3.3.4;1732;0.3;43;Rio Grande do Sul;12381;2018;1142;10 a 14 anos;92957;Mulher;12381
Indicador  3.3.4;1732;2.4;43;Rio Grande do Sul;12381;2018;1143;15 a 19 anos;6794;Total;12381
Indicador  3.3.4;1732;1.5;43;Rio Grande do Sul;12381;2018;1143;15 a 19 anos;92956;Homem;12381
Indicador  3.3.4;1732;3.3;43;Rio Grande do Sul;12381;2018;1143;15 a 19 anos;92957;Mulher;12381
Indicador  3.3.4;1732;7.2;43;Rio Grande do Sul;12381;2018;1144;20 a 24 anos;6794;Total;12381
Indicador  3.3.4;1732;5.9;43;Rio Grande do Sul;12381;2018;1144;20 a 24 anos;92956;Homem;12381
Indicador  3.3.4;1732;8.6;43;Rio Grande do Sul;12381;2018;1144;20 a 24 anos;92957;Mulher;12381
Indicador  3.3.4;1732;12.9;43;Rio Grande do Sul;12381;2018;1145;25 a 29 anos;6794;Total;12381
Indicador  3.3.4;1732;14.5;43;Rio Grande do Sul;12381;2018;1145;25 a 29 anos;92956;Homem;12381
Indicador  3.3.4;1732;11.2;43;Rio Grande do Sul;12381;2018;1145;25 a 29 anos;92957;Mulher;12381
Indicador  3.3.4;1732;14.3;43;Rio Grande do Sul;12381;2018;1146;30 a 34 anos;6794;Total;12381
Indicador  3.3.4;1732;15.7;43;Rio Grande do Sul;12381;2018;1146;30 a 34 anos;92956;Homem;12381
Indicador  3.3.4;1732;12.9;43;Rio Grande do Sul;12381;2018;1146;30 a 34 anos;92957;Mulher;12381
Indicador  3.3.4;1732;18.1;43;Rio Grande do Sul;12381;2018;1147;35 a 39 anos;6794;Total;12381
Indicador  3.3.4;1732;23.7;43;Rio Grande do Sul;12381;2018;1147;35 a 39 anos;92956;Homem;12381
Indicador  3.3.4;1732;12.7;43;Rio Grande do Sul;12381;2018;1147;35 a 39 anos;92957;Mulher;12381
Indicador  3.3.4;1732;22.1;43;Rio Grande do Sul;12381;2018;1148;40 a 44 anos;6794;Total;12381
Indicador  3.3.4;1732;27.9;43;Rio Grande do Sul;12381;2018;1148;40 a 44 anos;92956;Homem;12381
Indicador  3.3.4;1732;16.6;43;Rio Grande do Sul;12381;2018;1148;40 a 44 anos;92957;Mulher;12381
Indicador  3.3.4;1732;26.8;43;Rio Grande do Sul;12381;2018;1149;45 a 49 anos;6794;Total;12381
Indicador  3.3.4;1732;33.6;43;Rio Grande do Sul;12381;2018;1149;45 a 49 anos;92956;Homem;12381
Indicador  3.3.4;1732;20.2;43;Rio Grande do Sul;12381;2018;1149;45 a 49 anos;92957;Mulher;12381
Indicador  3.3.4;1732;21.4;43;Rio Grande do Sul;12381;2018;1150;50 a 54 anos;6794;Total;12381
Indicador  3.3.4;1732;28.1;43;Rio Grande do Sul;12381;2018;1150;50 a 54 anos;92956;Homem;12381
Indicador  3.3.4;1732;15.3;43;Rio Grande do Sul;12381;2018;1150;50 a 54 anos;92957;Mulher;12381
Indicador  3.3.4;1732;22.8;43;Rio Grande do Sul;12381;2018;1151;55 a 59 anos;6794;Total;12381
Indicador  3.3.4;1732;30.2;43;Rio Grande do Sul;12381;2018;1151;55 a 59 anos;92956;Homem;12381
Indicador  3.3.4;1732;16.1;43;Rio Grande do Sul;12381;2018;1151;55 a 59 anos;92957;Mulher;12381
Indicador  3.3.4;1732;14.3;43;Rio Grande do Sul;12381;2018;3302;60 anos ou mais;6794;Total;12381
Indicador  3.3.4;1732;19.3;43;Rio Grande do Sul;12381;2018;3302;60 anos ou mais;92956;Homem;12381
Indicador  3.3.4;1732;10.3;43;Rio Grande do Sul;12381;2018;3302;60 anos ou mais;92957;Mulher;12381
Indicador  3.3.4;1732;12.9;43;Rio Grande do Sul;12381;2019;95253;Total;6794;Total;12381
Indicador  3.3.4;1732;15.7;43;Rio Grande do Sul;12381;2019;95253;Total;92956;Homem;12381
Indicador  3.3.4;1732;10.1;43;Rio Grande do Sul;12381;2019;95253;Total;92957;Mulher;12381
Indicador  3.3.4;1732;1.5;43;Rio Grande do Sul;12381;2019;1140;0 a 4 anos;6794;Total;12381
Indicador  3.3.4;1732;1.1;43;Rio Grande do Sul;12381;2019;1140;0 a 4 anos;92956;Homem;12381
Indicador  3.3.4;1732;2.0;43;Rio Grande do Sul;12381;2019;1140;0 a 4 anos;92957;Mulher;12381
Indicador  3.3.4;1732;0.7;43;Rio Grande do Sul;12381;2019;1141;5 a 9 anos;6794;Total;12381
Indicador  3.3.4;1732;0.3;43;Rio Grande do Sul;12381;2019;1141;5 a 9 anos;92956;Homem;12381
Indicador  3.3.4;1732;1.2;43;Rio Grande do Sul;12381;2019;1141;5 a 9 anos;92957;Mulher;12381
Indicador  3.3.4;1732;0.9;43;Rio Grande do Sul;12381;2019;1142;10 a 14 anos;6794;Total;12381
Indicador  3.3.4;1732;0.8;43;Rio Grande do Sul;12381;2019;1142;10 a 14 anos;92956;Homem;12381
Indicador  3.3.4;1732;0.9;43;Rio Grande do Sul;12381;2019;1142;10 a 14 anos;92957;Mulher;12381
Indicador  3.3.4;1732;2.9;43;Rio Grande do Sul;12381;2019;1143;15 a 19 anos;6794;Total;12381
Indicador  3.3.4;1732;2.0;43;Rio Grande do Sul;12381;2019;1143;15 a 19 anos;92956;Homem;12381
Indicador  3.3.4;1732;3.9;43;Rio Grande do Sul;12381;2019;1143;15 a 19 anos;92957;Mulher;12381
Indicador  3.3.4;1732;7.6;43;Rio Grande do Sul;12381;2019;1144;20 a 24 anos;6794;Total;12381
Indicador  3.3.4;1732;5.9;43;Rio Grande do Sul;12381;2019;1144;20 a 24 anos;92956;Homem;12381
Indicador  3.3.4;1732;9.1;43;Rio Grande do Sul;12381;2019;1144;20 a 24 anos;92957;Mulher;12381
Indicador  3.3.4;1732;10.0;43;Rio Grande do Sul;12381;2019;1145;25 a 29 anos;6794;Total;12381
Indicador  3.3.4;1732;11.5;43;Rio Grande do Sul;12381;2019;1145;25 a 29 anos;92956;Homem;12381
Indicador  3.3.4;1732;8.4;43;Rio Grande do Sul;12381;2019;1145;25 a 29 anos;92957;Mulher;12381
Indicador  3.3.4;1732;17.6;43;Rio Grande do Sul;12381;2019;1146;30 a 34 anos;6794;Total;12381
Indicador  3.3.4;1732;20.3;43;Rio Grande do Sul;12381;2019;1146;30 a 34 anos;92956;Homem;12381
Indicador  3.3.4;1732;14.9;43;Rio Grande do Sul;12381;2019;1146;30 a 34 anos;92957;Mulher;12381
Indicador  3.3.4;1732;17.4;43;Rio Grande do Sul;12381;2019;1147;35 a 39 anos;6794;Total;12381
Indicador  3.3.4;1732;23.5;43;Rio Grande do Sul;12381;2019;1147;35 a 39 anos;92956;Homem;12381
Indicador  3.3.4;1732;11.4;43;Rio Grande do Sul;12381;2019;1147;35 a 39 anos;92957;Mulher;12381
Indicador  3.3.4;1732;19.3;43;Rio Grande do Sul;12381;2019;1148;40 a 44 anos;6794;Total;12381
Indicador  3.3.4;1732;23.4;43;Rio Grande do Sul;12381;2019;1148;40 a 44 anos;92956;Homem;12381
Indicador  3.3.4;1732;15.3;43;Rio Grande do Sul;12381;2019;1148;40 a 44 anos;92957;Mulher;12381
Indicador  3.3.4;1732;25.4;43;Rio Grande do Sul;12381;2019;1149;45 a 49 anos;6794;Total;12381
Indicador  3.3.4;1732;36.9;43;Rio Grande do Sul;12381;2019;1149;45 a 49 anos;92956;Homem;12381
Indicador  3.3.4;1732;14.7;43;Rio Grande do Sul;12381;2019;1149;45 a 49 anos;92957;Mulher;12381
Indicador  3.3.4;1732;24.2;43;Rio Grande do Sul;12381;2019;1150;50 a 54 anos;6794;Total;12381
Indicador  3.3.4;1732;31.8;43;Rio Grande do Sul;12381;2019;1150;50 a 54 anos;92956;Homem;12381
Indicador  3.3.4;1732;17.3;43;Rio Grande do Sul;12381;2019;1150;50 a 54 anos;92957;Mulher;12381
Indicador  3.3.4;1732;20.5;43;Rio Grande do Sul;12381;2019;1151;55 a 59 anos;6794;Total;12381
Indicador  3.3.4;1732;24.6;43;Rio Grande do Sul;12381;2019;1151;55 a 59 anos;92956;Homem;12381
Indicador  3.3.4;1732;16.9;43;Rio Grande do Sul;12381;2019;1151;55 a 59 anos;92957;Mulher;12381
Indicador  3.3.4;1732;14.4;43;Rio Grande do Sul;12381;2019;3302;60 anos ou mais;6794;Total;12381
Indicador  3.3.4;1732;18.9;43;Rio Grande do Sul;12381;2019;3302;60 anos ou mais;92956;Homem;12381
Indicador  3.3.4;1732;10.8;43;Rio Grande do Sul;12381;2019;3302;60 anos ou mais;92957;Mulher;12381
Indicador  3.3.4;1732;7.7;43;Rio Grande do Sul;12381;2020;95253;Total;6794;Total;12381
Indicador  3.3.4;1732;9.7;43;Rio Grande do Sul;12381;2020;95253;Total;92956;Homem;12381
Indicador  3.3.4;1732;5.8;43;Rio Grande do Sul;12381;2020;95253;Total;92957;Mulher;12381
Indicador  3.3.4;1732;1.1;43;Rio Grande do Sul;12381;2020;1140;0 a 4 anos;6794;Total;12381
Indicador  3.3.4;1732;1.1;43;Rio Grande do Sul;12381;2020;1140;0 a 4 anos;92956;Homem;12381
Indicador  3.3.4;1732;1.2;43;Rio Grande do Sul;12381;2020;1140;0 a 4 anos;92957;Mulher;12381
Indicador  3.3.4;1732;0.1;43;Rio Grande do Sul;12381;2020;1141;5 a 9 anos;6794;Total;12381
Indicador  3.3.4;1732;0.0;43;Rio Grande do Sul;12381;2020;1141;5 a 9 anos;92956;Homem;12381
Indicador  3.3.4;1732;0.3;43;Rio Grande do Sul;12381;2020;1141;5 a 9 anos;92957;Mulher;12381
Indicador  3.3.4;1732;0.1;43;Rio Grande do Sul;12381;2020;1142;10 a 14 anos;6794;Total;12381
Indicador  3.3.4;1732;0.3;43;Rio Grande do Sul;12381;2020;1142;10 a 14 anos;92956;Homem;12381
Indicador  3.3.4;1732;0.0;43;Rio Grande do Sul;12381;2020;1142;10 a 14 anos;92957;Mulher;12381
Indicador  3.3.4;1732;0.9;43;Rio Grande do Sul;12381;2020;1143;15 a 19 anos;6794;Total;12381
Indicador  3.3.4;1732;0.5;43;Rio Grande do Sul;12381;2020;1143;15 a 19 anos;92956;Homem;12381
Indicador  3.3.4;1732;1.3;43;Rio Grande do Sul;12381;2020;1143;15 a 19 anos;92957;Mulher;12381
Indicador  3.3.4;1732;4.0;43;Rio Grande do Sul;12381;2020;1144;20 a 24 anos;6794;Total;12381
Indicador  3.3.4;1732;3.0;43;Rio Grande do Sul;12381;2020;1144;20 a 24 anos;92956;Homem;12381
Indicador  3.3.4;1732;5.0;43;Rio Grande do Sul;12381;2020;1144;20 a 24 anos;92957;Mulher;12381
Indicador  3.3.4;1732;7.4;43;Rio Grande do Sul;12381;2020;1145;25 a 29 anos;6794;Total;12381
Indicador  3.3.4;1732;7.1;43;Rio Grande do Sul;12381;2020;1145;25 a 29 anos;92956;Homem;12381
Indicador  3.3.4;1732;7.7;43;Rio Grande do Sul;12381;2020;1145;25 a 29 anos;92957;Mulher;12381
Indicador  3.3.4;1732;9.6;43;Rio Grande do Sul;12381;2020;1146;30 a 34 anos;6794;Total;12381
Indicador  3.3.4;1732;12.7;43;Rio Grande do Sul;12381;2020;1146;30 a 34 anos;92956;Homem;12381
Indicador  3.3.4;1732;6.6;43;Rio Grande do Sul;12381;2020;1146;30 a 34 anos;92957;Mulher;12381
Indicador  3.3.4;1732;11.1;43;Rio Grande do Sul;12381;2020;1147;35 a 39 anos;6794;Total;12381
Indicador  3.3.4;1732;15.0;43;Rio Grande do Sul;12381;2020;1147;35 a 39 anos;92956;Homem;12381
Indicador  3.3.4;1732;7.2;43;Rio Grande do Sul;12381;2020;1147;35 a 39 anos;92957;Mulher;12381
Indicador  3.3.4;1732;11.1;43;Rio Grande do Sul;12381;2020;1148;40 a 44 anos;6794;Total;12381
Indicador  3.3.4;1732;16.3;43;Rio Grande do Sul;12381;2020;1148;40 a 44 anos;92956;Homem;12381
Indicador  3.3.4;1732;6.2;43;Rio Grande do Sul;12381;2020;1148;40 a 44 anos;92957;Mulher;12381
Indicador  3.3.4;1732;12.6;43;Rio Grande do Sul;12381;2020;1149;45 a 49 anos;6794;Total;12381
Indicador  3.3.4;1732;15.6;43;Rio Grande do Sul;12381;2020;1149;45 a 49 anos;92956;Homem;12381
Indicador  3.3.4;1732;9.9;43;Rio Grande do Sul;12381;2020;1149;45 a 49 anos;92957;Mulher;12381
Indicador  3.3.4;1732;12.4;43;Rio Grande do Sul;12381;2020;1150;50 a 54 anos;6794;Total;12381
Indicador  3.3.4;1732;16.2;43;Rio Grande do Sul;12381;2020;1150;50 a 54 anos;92956;Homem;12381
Indicador  3.3.4;1732;8.9;43;Rio Grande do Sul;12381;2020;1150;50 a 54 anos;92957;Mulher;12381
Indicador  3.3.4;1732;13.9;43;Rio Grande do Sul;12381;2020;1151;55 a 59 anos;6794;Total;12381
Indicador  3.3.4;1732;19.5;43;Rio Grande do Sul;12381;2020;1151;55 a 59 anos;92956;Homem;12381
Indicador  3.3.4;1732;8.8;43;Rio Grande do Sul;12381;2020;1151;55 a 59 anos;92957;Mulher;12381
Indicador  3.3.4;1732;9.9;43;Rio Grande do Sul;12381;2020;3302;60 anos ou mais;6794;Total;12381
Indicador  3.3.4;1732;13.6;43;Rio Grande do Sul;12381;2020;3302;60 anos ou mais;92956;Homem;12381
Indicador  3.3.4;1732;7.1;43;Rio Grande do Sul;12381;2020;3302;60 anos ou mais;92957;Mulher;12381
Indicador  3.3.4;1732;8.0;43;Rio Grande do Sul;12381;2021;95253;Total;6794;Total;12381
Indicador  3.3.4;1732;10.1;43;Rio Grande do Sul;12381;2021;95253;Total;92956;Homem;12381
Indicador  3.3.4;1732;5.9;43;Rio Grande do Sul;12381;2021;95253;Total;92957;Mulher;12381
Indicador  3.3.4;1732;1.0;43;Rio Grande do Sul;12381;2021;1140;0 a 4 anos;6794;Total;12381
Indicador  3.3.4;1732;1.4;43;Rio Grande do Sul;12381;2021;1140;0 a 4 anos;92956;Homem;12381
Indicador  3.3.4;1732;0.6;43;Rio Grande do Sul;12381;2021;1140;0 a 4 anos;92957;Mulher;12381
Indicador  3.3.4;1732;0.0;43;Rio Grande do Sul;12381;2021;1141;5 a 9 anos;6794;Total;12381
Indicador  3.3.4;1732;0.0;43;Rio Grande do Sul;12381;2021;1141;5 a 9 anos;92956;Homem;12381
Indicador  3.3.4;1732;0.0;43;Rio Grande do Sul;12381;2021;1141;5 a 9 anos;92957;Mulher;12381
Indicador  3.3.4;1732;0.2;43;Rio Grande do Sul;12381;2021;1142;10 a 14 anos;6794;Total;12381
Indicador  3.3.4;1732;0.0;43;Rio Grande do Sul;12381;2021;1142;10 a 14 anos;92956;Homem;12381
Indicador  3.3.4;1732;0.3;43;Rio Grande do Sul;12381;2021;1142;10 a 14 anos;92957;Mulher;12381
Indicador  3.3.4;1732;1.5;43;Rio Grande do Sul;12381;2021;1143;15 a 19 anos;6794;Total;12381
Indicador  3.3.4;1732;0.5;43;Rio Grande do Sul;12381;2021;1143;15 a 19 anos;92956;Homem;12381
Indicador  3.3.4;1732;2.5;43;Rio Grande do Sul;12381;2021;1143;15 a 19 anos;92957;Mulher;12381
Indicador  3.3.4;1732;3.3;43;Rio Grande do Sul;12381;2021;1144;20 a 24 anos;6794;Total;12381
Indicador  3.3.4;1732;2.6;43;Rio Grande do Sul;12381;2021;1144;20 a 24 anos;92956;Homem;12381
Indicador  3.3.4;1732;4.1;43;Rio Grande do Sul;12381;2021;1144;20 a 24 anos;92957;Mulher;12381
Indicador  3.3.4;1732;6.0;43;Rio Grande do Sul;12381;2021;1145;25 a 29 anos;6794;Total;12381
Indicador  3.3.4;1732;5.5;43;Rio Grande do Sul;12381;2021;1145;25 a 29 anos;92956;Homem;12381
Indicador  3.3.4;1732;6.5;43;Rio Grande do Sul;12381;2021;1145;25 a 29 anos;92957;Mulher;12381
Indicador  3.3.4;1732;8.4;43;Rio Grande do Sul;12381;2021;1146;30 a 34 anos;6794;Total;12381
Indicador  3.3.4;1732;11.5;43;Rio Grande do Sul;12381;2021;1146;30 a 34 anos;92956;Homem;12381
Indicador  3.3.4;1732;5.2;43;Rio Grande do Sul;12381;2021;1146;30 a 34 anos;92957;Mulher;12381
Indicador  3.3.4;1732;10.6;43;Rio Grande do Sul;12381;2021;1147;35 a 39 anos;6794;Total;12381
Indicador  3.3.4;1732;14.5;43;Rio Grande do Sul;12381;2021;1147;35 a 39 anos;92956;Homem;12381
Indicador  3.3.4;1732;6.8;43;Rio Grande do Sul;12381;2021;1147;35 a 39 anos;92957;Mulher;12381
Indicador  3.3.4;1732;11.3;43;Rio Grande do Sul;12381;2021;1148;40 a 44 anos;6794;Total;12381
Indicador  3.3.4;1732;14.7;43;Rio Grande do Sul;12381;2021;1148;40 a 44 anos;92956;Homem;12381
Indicador  3.3.4;1732;8.0;43;Rio Grande do Sul;12381;2021;1148;40 a 44 anos;92957;Mulher;12381
Indicador  3.3.4;1732;14.8;43;Rio Grande do Sul;12381;2021;1149;45 a 49 anos;6794;Total;12381
Indicador  3.3.4;1732;19.1;43;Rio Grande do Sul;12381;2021;1149;45 a 49 anos;92956;Homem;12381
Indicador  3.3.4;1732;10.6;43;Rio Grande do Sul;12381;2021;1149;45 a 49 anos;92957;Mulher;12381
Indicador  3.3.4;1732;16.2;43;Rio Grande do Sul;12381;2021;1150;50 a 54 anos;6794;Total;12381
Indicador  3.3.4;1732;22.7;43;Rio Grande do Sul;12381;2021;1150;50 a 54 anos;92956;Homem;12381
Indicador  3.3.4;1732;10.3;43;Rio Grande do Sul;12381;2021;1150;50 a 54 anos;92957;Mulher;12381
Indicador  3.3.4;1732;15.3;43;Rio Grande do Sul;12381;2021;1151;55 a 59 anos;6794;Total;12381
Indicador  3.3.4;1732;19.2;43;Rio Grande do Sul;12381;2021;1151;55 a 59 anos;92956;Homem;12381
Indicador  3.3.4;1732;11.9;43;Rio Grande do Sul;12381;2021;1151;55 a 59 anos;92957;Mulher;12381
Indicador  3.3.4;1732;9.9;43;Rio Grande do Sul;12381;2021;3302;60 anos ou mais;6794;Total;12381
Indicador  3.3.4;1732;14.0;43;Rio Grande do Sul;12381;2021;3302;60 anos ou mais;92956;Homem;12381
Indicador  3.3.4;1732;6.6;43;Rio Grande do Sul;12381;2021;3302;60 anos ou mais;92957;Mulher;12381
Indicador  3.3.4;1732;8.0;43;Rio Grande do Sul;12381;2022;95253;Total;6794;Total;12381
Indicador  3.3.4;1732;9.9;43;Rio Grande do Sul;12381;2022;95253;Total;92956;Homem;12381
Indicador  3.3.4;1732;6.2;43;Rio Grande do Sul;12381;2022;95253;Total;92957;Mulher;12381
Indicador  3.3.4;1732;2.3;43;Rio Grande do Sul;12381;2022;1140;0 a 4 anos;6794;Total;12381
Indicador  3.3.4;1732;3.4;43;Rio Grande do Sul;12381;2022;1140;0 a 4 anos;92956;Homem;12381
Indicador  3.3.4;1732;0.9;43;Rio Grande do Sul;12381;2022;1140;0 a 4 anos;92957;Mulher;12381
Indicador  3.3.4;1732;0.0;43;Rio Grande do Sul;12381;2022;1141;5 a 9 anos;6794;Total;12381
Indicador  3.3.4;1732;0.0;43;Rio Grande do Sul;12381;2022;1141;5 a 9 anos;92956;Homem;12381
Indicador  3.3.4;1732;0.0;43;Rio Grande do Sul;12381;2022;1141;5 a 9 anos;92957;Mulher;12381
Indicador  3.3.4;1732;0.2;43;Rio Grande do Sul;12381;2022;1142;10 a 14 anos;6794;Total;12381
Indicador  3.3.4;1732;0.3;43;Rio Grande do Sul;12381;2022;1142;10 a 14 anos;92956;Homem;12381
Indicador  3.3.4;1732;0.0;43;Rio Grande do Sul;12381;2022;1142;10 a 14 anos;92957;Mulher;12381
Indicador  3.3.4;1732;0.8;43;Rio Grande do Sul;12381;2022;1143;15 a 19 anos;6794;Total;12381
Indicador  3.3.4;1732;0.5;43;Rio Grande do Sul;12381;2022;1143;15 a 19 anos;92956;Homem;12381
Indicador  3.3.4;1732;1.1;43;Rio Grande do Sul;12381;2022;1143;15 a 19 anos;92957;Mulher;12381
Indicador  3.3.4;1732;2.9;43;Rio Grande do Sul;12381;2022;1144;20 a 24 anos;6794;Total;12381
Indicador  3.3.4;1732;2.4;43;Rio Grande do Sul;12381;2022;1144;20 a 24 anos;92956;Homem;12381
Indicador  3.3.4;1732;3.5;43;Rio Grande do Sul;12381;2022;1144;20 a 24 anos;92957;Mulher;12381
Indicador  3.3.4;1732;5.2;43;Rio Grande do Sul;12381;2022;1145;25 a 29 anos;6794;Total;12381
Indicador  3.3.4;1732;6.4;43;Rio Grande do Sul;12381;2022;1145;25 a 29 anos;92956;Homem;12381
Indicador  3.3.4;1732;4.0;43;Rio Grande do Sul;12381;2022;1145;25 a 29 anos;92957;Mulher;12381
Indicador  3.3.4;1732;7.0;43;Rio Grande do Sul;12381;2022;1146;30 a 34 anos;6794;Total;12381
Indicador  3.3.4;1732;9.2;43;Rio Grande do Sul;12381;2022;1146;30 a 34 anos;92956;Homem;12381
Indicador  3.3.4;1732;4.7;43;Rio Grande do Sul;12381;2022;1146;30 a 34 anos;92957;Mulher;12381
Indicador  3.3.4;1732;10.8;43;Rio Grande do Sul;12381;2022;1147;35 a 39 anos;6794;Total;12381
Indicador  3.3.4;1732;11.8;43;Rio Grande do Sul;12381;2022;1147;35 a 39 anos;92956;Homem;12381
Indicador  3.3.4;1732;9.8;43;Rio Grande do Sul;12381;2022;1147;35 a 39 anos;92957;Mulher;12381
Indicador  3.3.4;1732;11.7;43;Rio Grande do Sul;12381;2022;1148;40 a 44 anos;6794;Total;12381
Indicador  3.3.4;1732;12.4;43;Rio Grande do Sul;12381;2022;1148;40 a 44 anos;92956;Homem;12381
Indicador  3.3.4;1732;11.2;43;Rio Grande do Sul;12381;2022;1148;40 a 44 anos;92957;Mulher;12381
Indicador  3.3.4;1732;16.0;43;Rio Grande do Sul;12381;2022;1149;45 a 49 anos;6794;Total;12381
Indicador  3.3.4;1732;20.6;43;Rio Grande do Sul;12381;2022;1149;45 a 49 anos;92956;Homem;12381
Indicador  3.3.4;1732;11.6;43;Rio Grande do Sul;12381;2022;1149;45 a 49 anos;92957;Mulher;12381
Indicador  3.3.4;1732;13.1;43;Rio Grande do Sul;12381;2022;1150;50 a 54 anos;6794;Total;12381
Indicador  3.3.4;1732;14.2;43;Rio Grande do Sul;12381;2022;1150;50 a 54 anos;92956;Homem;12381
Indicador  3.3.4;1732;12.0;43;Rio Grande do Sul;12381;2022;1150;50 a 54 anos;92957;Mulher;12381
Indicador  3.3.4;1732;16.4;43;Rio Grande do Sul;12381;2022;1151;55 a 59 anos;6794;Total;12381
Indicador  3.3.4;1732;22.2;43;Rio Grande do Sul;12381;2022;1151;55 a 59 anos;92956;Homem;12381
Indicador  3.3.4;1732;11.1;43;Rio Grande do Sul;12381;2022;1151;55 a 59 anos;92957;Mulher;12381
Indicador  3.3.4;1732;10.8;43;Rio Grande do Sul;12381;2022;3302;60 anos ou mais;6794;Total;12381
Indicador  3.3.4;1732;16.1;43;Rio Grande do Sul;12381;2022;3302;60 anos ou mais;92956;Homem;12381
Indicador  3.3.4;1732;6.7;43;Rio Grande do Sul;12381;2022;3302;60 anos ou mais;92957;Mulher;12381
Indicador  3.3.4;1732;4.9;50;Mato Grosso do Sul;12381;2018;95253;Total;6794;Total;12381
Indicador  3.3.4;1732;6.4;50;Mato Grosso do Sul;12381;2018;95253;Total;92956;Homem;12381
Indicador  3.3.4;1732;3.5;50;Mato Grosso do Sul;12381;2018;95253;Total;92957;Mulher;12381
Indicador  3.3.4;1732;0.9;50;Mato Grosso do Sul;12381;2018;1140;0 a 4 anos;6794;Total;12381
Indicador  3.3.4;1732;0.9;50;Mato Grosso do Sul;12381;2018;1140;0 a 4 anos;92956;Homem;12381
Indicador  3.3.4;1732;0.9;50;Mato Grosso do Sul;12381;2018;1140;0 a 4 anos;92957;Mulher;12381
Indicador  3.3.4;1732;0.0;50;Mato Grosso do Sul;12381;2018;1141;5 a 9 anos;6794;Total;12381
Indicador  3.3.4;1732;0.0;50;Mato Grosso do Sul;12381;2018;1141;5 a 9 anos;92956;Homem;12381
Indicador  3.3.4;1732;0.0;50;Mato Grosso do Sul;12381;2018;1141;5 a 9 anos;92957;Mulher;12381
Indicador  3.3.4;1732;1.0;50;Mato Grosso do Sul;12381;2018;1142;10 a 14 anos;6794;Total;12381
Indicador  3.3.4;1732;0.0;50;Mato Grosso do Sul;12381;2018;1142;10 a 14 anos;92956;Homem;12381
Indicador  3.3.4;1732;2.0;50;Mato Grosso do Sul;12381;2018;1142;10 a 14 anos;92957;Mulher;12381
Indicador  3.3.4;1732;0.0;50;Mato Grosso do Sul;12381;2018;1143;15 a 19 anos;6794;Total;12381
Indicador  3.3.4;1732;0.0;50;Mato Grosso do Sul;12381;2018;1143;15 a 19 anos;92956;Homem;12381
Indicador  3.3.4;1732;0.0;50;Mato Grosso do Sul;12381;2018;1143;15 a 19 anos;92957;Mulher;12381
Indicador  3.3.4;1732;6.6;50;Mato Grosso do Sul;12381;2018;1144;20 a 24 anos;6794;Total;12381
Indicador  3.3.4;1732;6.9;50;Mato Grosso do Sul;12381;2018;1144;20 a 24 anos;92956;Homem;12381
Indicador  3.3.4;1732;6.2;50;Mato Grosso do Sul;12381;2018;1144;20 a 24 anos;92957;Mulher;12381
Indicador  3.3.4;1732;4.8;50;Mato Grosso do Sul;12381;2018;1145;25 a 29 anos;6794;Total;12381
Indicador  3.3.4;1732;5.2;50;Mato Grosso do Sul;12381;2018;1145;25 a 29 anos;92956;Homem;12381
Indicador  3.3.4;1732;4.4;50;Mato Grosso do Sul;12381;2018;1145;25 a 29 anos;92957;Mulher;12381
Indicador  3.3.4;1732;6.7;50;Mato Grosso do Sul;12381;2018;1146;30 a 34 anos;6794;Total;12381
Indicador  3.3.4;1732;7.2;50;Mato Grosso do Sul;12381;2018;1146;30 a 34 anos;92956;Homem;12381
Indicador  3.3.4;1732;6.3;50;Mato Grosso do Sul;12381;2018;1146;30 a 34 anos;92957;Mulher;12381
Indicador  3.3.4;1732;8.4;50;Mato Grosso do Sul;12381;2018;1147;35 a 39 anos;6794;Total;12381
Indicador  3.3.4;1732;12.3;50;Mato Grosso do Sul;12381;2018;1147;35 a 39 anos;92956;Homem;12381
Indicador  3.3.4;1732;4.6;50;Mato Grosso do Sul;12381;2018;1147;35 a 39 anos;92957;Mulher;12381
Indicador  3.3.4;1732;8.8;50;Mato Grosso do Sul;12381;2018;1148;40 a 44 anos;6794;Total;12381
Indicador  3.3.4;1732;11.5;50;Mato Grosso do Sul;12381;2018;1148;40 a 44 anos;92956;Homem;12381
Indicador  3.3.4;1732;6.1;50;Mato Grosso do Sul;12381;2018;1148;40 a 44 anos;92957;Mulher;12381
Indicador  3.3.4;1732;5.7;50;Mato Grosso do Sul;12381;2018;1149;45 a 49 anos;6794;Total;12381
Indicador  3.3.4;1732;9.3;50;Mato Grosso do Sul;12381;2018;1149;45 a 49 anos;92956;Homem;12381
Indicador  3.3.4;1732;2.2;50;Mato Grosso do Sul;12381;2018;1149;45 a 49 anos;92957;Mulher;12381
Indicador  3.3.4;1732;5.6;50;Mato Grosso do Sul;12381;2018;1150;50 a 54 anos;6794;Total;12381
Indicador  3.3.4;1732;7.7;50;Mato Grosso do Sul;12381;2018;1150;50 a 54 anos;92956;Homem;12381
Indicador  3.3.4;1732;3.6;50;Mato Grosso do Sul;12381;2018;1150;50 a 54 anos;92957;Mulher;12381
Indicador  3.3.4;1732;13.6;50;Mato Grosso do Sul;12381;2018;1151;55 a 59 anos;6794;Total;12381
Indicador  3.3.4;1732;22.4;50;Mato Grosso do Sul;12381;2018;1151;55 a 59 anos;92956;Homem;12381
Indicador  3.3.4;1732;5.5;50;Mato Grosso do Sul;12381;2018;1151;55 a 59 anos;92957;Mulher;12381
Indicador  3.3.4;1732;5.0;50;Mato Grosso do Sul;12381;2018;3302;60 anos ou mais;6794;Total;12381
Indicador  3.3.4;1732;7.0;50;Mato Grosso do Sul;12381;2018;3302;60 anos ou mais;92956;Homem;12381
Indicador  3.3.4;1732;3.3;50;Mato Grosso do Sul;12381;2018;3302;60 anos ou mais;92957;Mulher;12381
Indicador  3.3.4;1732;3.8;50;Mato Grosso do Sul;12381;2019;95253;Total;6794;Total;12381
Indicador  3.3.4;1732;4.4;50;Mato Grosso do Sul;12381;2019;95253;Total;92956;Homem;12381
Indicador  3.3.4;1732;3.2;50;Mato Grosso do Sul;12381;2019;95253;Total;92957;Mulher;12381
Indicador  3.3.4;1732;0.0;50;Mato Grosso do Sul;12381;2019;1140;0 a 4 anos;6794;Total;12381
Indicador  3.3.4;1732;0.0;50;Mato Grosso do Sul;12381;2019;1140;0 a 4 anos;92956;Homem;12381
Indicador  3.3.4;1732;0.0;50;Mato Grosso do Sul;12381;2019;1140;0 a 4 anos;92957;Mulher;12381
Indicador  3.3.4;1732;0.5;50;Mato Grosso do Sul;12381;2019;1141;5 a 9 anos;6794;Total;12381
Indicador  3.3.4;1732;0.9;50;Mato Grosso do Sul;12381;2019;1141;5 a 9 anos;92956;Homem;12381
Indicador  3.3.4;1732;0.0;50;Mato Grosso do Sul;12381;2019;1141;5 a 9 anos;92957;Mulher;12381
Indicador  3.3.4;1732;0.5;50;Mato Grosso do Sul;12381;2019;1142;10 a 14 anos;6794;Total;12381
Indicador  3.3.4;1732;0.0;50;Mato Grosso do Sul;12381;2019;1142;10 a 14 anos;92956;Homem;12381
Indicador  3.3.4;1732;1.0;50;Mato Grosso do Sul;12381;2019;1142;10 a 14 anos;92957;Mulher;12381
Indicador  3.3.4;1732;1.9;50;Mato Grosso do Sul;12381;2019;1143;15 a 19 anos;6794;Total;12381
Indicador  3.3.4;1732;1.9;50;Mato Grosso do Sul;12381;2019;1143;15 a 19 anos;92956;Homem;12381
Indicador  3.3.4;1732;2.0;50;Mato Grosso do Sul;12381;2019;1143;15 a 19 anos;92957;Mulher;12381
Indicador  3.3.4;1732;2.6;50;Mato Grosso do Sul;12381;2019;1144;20 a 24 anos;6794;Total;12381
Indicador  3.3.4;1732;2.6;50;Mato Grosso do Sul;12381;2019;1144;20 a 24 anos;92956;Homem;12381
Indicador  3.3.4;1732;2.7;50;Mato Grosso do Sul;12381;2019;1144;20 a 24 anos;92957;Mulher;12381
Indicador  3.3.4;1732;5.7;50;Mato Grosso do Sul;12381;2019;1145;25 a 29 anos;6794;Total;12381
Indicador  3.3.4;1732;8.7;50;Mato Grosso do Sul;12381;2019;1145;25 a 29 anos;92956;Homem;12381
Indicador  3.3.4;1732;2.6;50;Mato Grosso do Sul;12381;2019;1145;25 a 29 anos;92957;Mulher;12381
Indicador  3.3.4;1732;3.6;50;Mato Grosso do Sul;12381;2019;1146;30 a 34 anos;6794;Total;12381
Indicador  3.3.4;1732;3.6;50;Mato Grosso do Sul;12381;2019;1146;30 a 34 anos;92956;Homem;12381
Indicador  3.3.4;1732;3.6;50;Mato Grosso do Sul;12381;2019;1146;30 a 34 anos;92957;Mulher;12381
Indicador  3.3.4;1732;3.2;50;Mato Grosso do Sul;12381;2019;1147;35 a 39 anos;6794;Total;12381
Indicador  3.3.4;1732;3.7;50;Mato Grosso do Sul;12381;2019;1147;35 a 39 anos;92956;Homem;12381
Indicador  3.3.4;1732;2.7;50;Mato Grosso do Sul;12381;2019;1147;35 a 39 anos;92957;Mulher;12381
Indicador  3.3.4;1732;9.6;50;Mato Grosso do Sul;12381;2019;1148;40 a 44 anos;6794;Total;12381
Indicador  3.3.4;1732;11.3;50;Mato Grosso do Sul;12381;2019;1148;40 a 44 anos;92956;Homem;12381
Indicador  3.3.4;1732;7.9;50;Mato Grosso do Sul;12381;2019;1148;40 a 44 anos;92957;Mulher;12381
Indicador  3.3.4;1732;6.7;50;Mato Grosso do Sul;12381;2019;1149;45 a 49 anos;6794;Total;12381
Indicador  3.3.4;1732;9.2;50;Mato Grosso do Sul;12381;2019;1149;45 a 49 anos;92956;Homem;12381
Indicador  3.3.4;1732;4.4;50;Mato Grosso do Sul;12381;2019;1149;45 a 49 anos;92957;Mulher;12381
Indicador  3.3.4;1732;4.3;50;Mato Grosso do Sul;12381;2019;1150;50 a 54 anos;6794;Total;12381
Indicador  3.3.4;1732;2.5;50;Mato Grosso do Sul;12381;2019;1150;50 a 54 anos;92956;Homem;12381
Indicador  3.3.4;1732;6.0;50;Mato Grosso do Sul;12381;2019;1150;50 a 54 anos;92957;Mulher;12381
Indicador  3.3.4;1732;7.6;50;Mato Grosso do Sul;12381;2019;1151;55 a 59 anos;6794;Total;12381
Indicador  3.3.4;1732;11.6;50;Mato Grosso do Sul;12381;2019;1151;55 a 59 anos;92956;Homem;12381
Indicador  3.3.4;1732;4.0;50;Mato Grosso do Sul;12381;2019;1151;55 a 59 anos;92957;Mulher;12381
Indicador  3.3.4;1732;4.8;50;Mato Grosso do Sul;12381;2019;3302;60 anos ou mais;6794;Total;12381
Indicador  3.3.4;1732;4.9;50;Mato Grosso do Sul;12381;2019;3302;60 anos ou mais;92956;Homem;12381
Indicador  3.3.4;1732;4.8;50;Mato Grosso do Sul;12381;2019;3302;60 anos ou mais;92957;Mulher;12381
Indicador  3.3.4;1732;1.8;50;Mato Grosso do Sul;12381;2020;95253;Total;6794;Total;12381
Indicador  3.3.4;1732;2.3;50;Mato Grosso do Sul;12381;2020;95253;Total;92956;Homem;12381
Indicador  3.3.4;1732;1.3;50;Mato Grosso do Sul;12381;2020;95253;Total;92957;Mulher;12381
Indicador  3.3.4;1732;0.0;50;Mato Grosso do Sul;12381;2020;1140;0 a 4 anos;6794;Total;12381
Indicador  3.3.4;1732;0.0;50;Mato Grosso do Sul;12381;2020;1140;0 a 4 anos;92956;Homem;12381
Indicador  3.3.4;1732;0.0;50;Mato Grosso do Sul;12381;2020;1140;0 a 4 anos;92957;Mulher;12381
Indicador  3.3.4;1732;0.0;50;Mato Grosso do Sul;12381;2020;1141;5 a 9 anos;6794;Total;12381
Indicador  3.3.4;1732;0.0;50;Mato Grosso do Sul;12381;2020;1141;5 a 9 anos;92956;Homem;12381
Indicador  3.3.4;1732;0.0;50;Mato Grosso do Sul;12381;2020;1141;5 a 9 anos;92957;Mulher;12381
Indicador  3.3.4;1732;0.0;50;Mato Grosso do Sul;12381;2020;1142;10 a 14 anos;6794;Total;12381
Indicador  3.3.4;1732;0.0;50;Mato Grosso do Sul;12381;2020;1142;10 a 14 anos;92956;Homem;12381
Indicador  3.3.4;1732;0.0;50;Mato Grosso do Sul;12381;2020;1142;10 a 14 anos;92957;Mulher;12381
Indicador  3.3.4;1732;1.4;50;Mato Grosso do Sul;12381;2020;1143;15 a 19 anos;6794;Total;12381
Indicador  3.3.4;1732;0.0;50;Mato Grosso do Sul;12381;2020;1143;15 a 19 anos;92956;Homem;12381
Indicador  3.3.4;1732;3.0;50;Mato Grosso do Sul;12381;2020;1143;15 a 19 anos;92957;Mulher;12381
Indicador  3.3.4;1732;1.8;50;Mato Grosso do Sul;12381;2020;1144;20 a 24 anos;6794;Total;12381
Indicador  3.3.4;1732;2.6;50;Mato Grosso do Sul;12381;2020;1144;20 a 24 anos;92956;Homem;12381
Indicador  3.3.4;1732;0.9;50;Mato Grosso do Sul;12381;2020;1144;20 a 24 anos;92957;Mulher;12381
Indicador  3.3.4;1732;3.1;50;Mato Grosso do Sul;12381;2020;1145;25 a 29 anos;6794;Total;12381
Indicador  3.3.4;1732;3.5;50;Mato Grosso do Sul;12381;2020;1145;25 a 29 anos;92956;Homem;12381
Indicador  3.3.4;1732;2.6;50;Mato Grosso do Sul;12381;2020;1145;25 a 29 anos;92957;Mulher;12381
Indicador  3.3.4;1732;1.8;50;Mato Grosso do Sul;12381;2020;1146;30 a 34 anos;6794;Total;12381
Indicador  3.3.4;1732;0.9;50;Mato Grosso do Sul;12381;2020;1146;30 a 34 anos;92956;Homem;12381
Indicador  3.3.4;1732;2.7;50;Mato Grosso do Sul;12381;2020;1146;30 a 34 anos;92957;Mulher;12381
Indicador  3.3.4;1732;0.5;50;Mato Grosso do Sul;12381;2020;1147;35 a 39 anos;6794;Total;12381
Indicador  3.3.4;1732;0.0;50;Mato Grosso do Sul;12381;2020;1147;35 a 39 anos;92956;Homem;12381
Indicador  3.3.4;1732;0.9;50;Mato Grosso do Sul;12381;2020;1147;35 a 39 anos;92957;Mulher;12381
Indicador  3.3.4;1732;0.5;50;Mato Grosso do Sul;12381;2020;1148;40 a 44 anos;6794;Total;12381
Indicador  3.3.4;1732;0.0;50;Mato Grosso do Sul;12381;2020;1148;40 a 44 anos;92956;Homem;12381
Indicador  3.3.4;1732;1.0;50;Mato Grosso do Sul;12381;2020;1148;40 a 44 anos;92957;Mulher;12381
Indicador  3.3.4;1732;1.7;50;Mato Grosso do Sul;12381;2020;1149;45 a 49 anos;6794;Total;12381
Indicador  3.3.4;1732;3.4;50;Mato Grosso do Sul;12381;2020;1149;45 a 49 anos;92956;Homem;12381
Indicador  3.3.4;1732;0.0;50;Mato Grosso do Sul;12381;2020;1149;45 a 49 anos;92957;Mulher;12381
Indicador  3.3.4;1732;3.6;50;Mato Grosso do Sul;12381;2020;1150;50 a 54 anos;6794;Total;12381
Indicador  3.3.4;1732;7.5;50;Mato Grosso do Sul;12381;2020;1150;50 a 54 anos;92956;Homem;12381
Indicador  3.3.4;1732;0.0;50;Mato Grosso do Sul;12381;2020;1150;50 a 54 anos;92957;Mulher;12381
Indicador  3.3.4;1732;6.1;50;Mato Grosso do Sul;12381;2020;1151;55 a 59 anos;6794;Total;12381
Indicador  3.3.4;1732;11.3;50;Mato Grosso do Sul;12381;2020;1151;55 a 59 anos;92956;Homem;12381
Indicador  3.3.4;1732;1.3;50;Mato Grosso do Sul;12381;2020;1151;55 a 59 anos;92957;Mulher;12381
Indicador  3.3.4;1732;3.3;50;Mato Grosso do Sul;12381;2020;3302;60 anos ou mais;6794;Total;12381
Indicador  3.3.4;1732;4.1;50;Mato Grosso do Sul;12381;2020;3302;60 anos ou mais;92956;Homem;12381
Indicador  3.3.4;1732;2.5;50;Mato Grosso do Sul;12381;2020;3302;60 anos ou mais;92957;Mulher;12381
Indicador  3.3.4;1732;2.2;50;Mato Grosso do Sul;12381;2021;95253;Total;6794;Total;12381
Indicador  3.3.4;1732;2.9;50;Mato Grosso do Sul;12381;2021;95253;Total;92956;Homem;12381
Indicador  3.3.4;1732;1.5;50;Mato Grosso do Sul;12381;2021;95253;Total;92957;Mulher;12381
Indicador  3.3.4;1732;0.5;50;Mato Grosso do Sul;12381;2021;1140;0 a 4 anos;6794;Total;12381
Indicador  3.3.4;1732;0.9;50;Mato Grosso do Sul;12381;2021;1140;0 a 4 anos;92956;Homem;12381
Indicador  3.3.4;1732;0.0;50;Mato Grosso do Sul;12381;2021;1140;0 a 4 anos;92957;Mulher;12381
Indicador  3.3.4;1732;0.0;50;Mato Grosso do Sul;12381;2021;1141;5 a 9 anos;6794;Total;12381
Indicador  3.3.4;1732;0.0;50;Mato Grosso do Sul;12381;2021;1141;5 a 9 anos;92956;Homem;12381
Indicador  3.3.4;1732;0.0;50;Mato Grosso do Sul;12381;2021;1141;5 a 9 anos;92957;Mulher;12381
Indicador  3.3.4;1732;0.0;50;Mato Grosso do Sul;12381;2021;1142;10 a 14 anos;6794;Total;12381
Indicador  3.3.4;1732;0.0;50;Mato Grosso do Sul;12381;2021;1142;10 a 14 anos;92956;Homem;12381
Indicador  3.3.4;1732;0.0;50;Mato Grosso do Sul;12381;2021;1142;10 a 14 anos;92957;Mulher;12381
Indicador  3.3.4;1732;0.0;50;Mato Grosso do Sul;12381;2021;1143;15 a 19 anos;6794;Total;12381
Indicador  3.3.4;1732;0.0;50;Mato Grosso do Sul;12381;2021;1143;15 a 19 anos;92956;Homem;12381
Indicador  3.3.4;1732;0.0;50;Mato Grosso do Sul;12381;2021;1143;15 a 19 anos;92957;Mulher;12381
Indicador  3.3.4;1732;1.8;50;Mato Grosso do Sul;12381;2021;1144;20 a 24 anos;6794;Total;12381
Indicador  3.3.4;1732;1.8;50;Mato Grosso do Sul;12381;2021;1144;20 a 24 anos;92956;Homem;12381
Indicador  3.3.4;1732;1.8;50;Mato Grosso do Sul;12381;2021;1144;20 a 24 anos;92957;Mulher;12381
Indicador  3.3.4;1732;3.1;50;Mato Grosso do Sul;12381;2021;1145;25 a 29 anos;6794;Total;12381
Indicador  3.3.4;1732;3.5;50;Mato Grosso do Sul;12381;2021;1145;25 a 29 anos;92956;Homem;12381
Indicador  3.3.4;1732;2.6;50;Mato Grosso do Sul;12381;2021;1145;25 a 29 anos;92957;Mulher;12381
Indicador  3.3.4;1732;3.1;50;Mato Grosso do Sul;12381;2021;1146;30 a 34 anos;6794;Total;12381
Indicador  3.3.4;1732;6.2;50;Mato Grosso do Sul;12381;2021;1146;30 a 34 anos;92956;Homem;12381
Indicador  3.3.4;1732;0.0;50;Mato Grosso do Sul;12381;2021;1146;30 a 34 anos;92957;Mulher;12381
Indicador  3.3.4;1732;2.2;50;Mato Grosso do Sul;12381;2021;1147;35 a 39 anos;6794;Total;12381
Indicador  3.3.4;1732;2.7;50;Mato Grosso do Sul;12381;2021;1147;35 a 39 anos;92956;Homem;12381
Indicador  3.3.4;1732;1.8;50;Mato Grosso do Sul;12381;2021;1147;35 a 39 anos;92957;Mulher;12381
Indicador  3.3.4;1732;1.9;50;Mato Grosso do Sul;12381;2021;1148;40 a 44 anos;6794;Total;12381
Indicador  3.3.4;1732;1.0;50;Mato Grosso do Sul;12381;2021;1148;40 a 44 anos;92956;Homem;12381
Indicador  3.3.4;1732;2.9;50;Mato Grosso do Sul;12381;2021;1148;40 a 44 anos;92957;Mulher;12381
Indicador  3.3.4;1732;4.3;50;Mato Grosso do Sul;12381;2021;1149;45 a 49 anos;6794;Total;12381
Indicador  3.3.4;1732;6.7;50;Mato Grosso do Sul;12381;2021;1149;45 a 49 anos;92956;Homem;12381
Indicador  3.3.4;1732;2.1;50;Mato Grosso do Sul;12381;2021;1149;45 a 49 anos;92957;Mulher;12381
Indicador  3.3.4;1732;6.0;50;Mato Grosso do Sul;12381;2021;1150;50 a 54 anos;6794;Total;12381
Indicador  3.3.4;1732;9.8;50;Mato Grosso do Sul;12381;2021;1150;50 a 54 anos;92956;Homem;12381
Indicador  3.3.4;1732;2.3;50;Mato Grosso do Sul;12381;2021;1150;50 a 54 anos;92957;Mulher;12381
Indicador  3.3.4;1732;4.0;50;Mato Grosso do Sul;12381;2021;1151;55 a 59 anos;6794;Total;12381
Indicador  3.3.4;1732;2.8;50;Mato Grosso do Sul;12381;2021;1151;55 a 59 anos;92956;Homem;12381
Indicador  3.3.4;1732;5.1;50;Mato Grosso do Sul;12381;2021;1151;55 a 59 anos;92957;Mulher;12381
Indicador  3.3.4;1732;2.6;50;Mato Grosso do Sul;12381;2021;3302;60 anos ou mais;6794;Total;12381
Indicador  3.3.4;1732;3.9;50;Mato Grosso do Sul;12381;2021;3302;60 anos ou mais;92956;Homem;12381
Indicador  3.3.4;1732;1.4;50;Mato Grosso do Sul;12381;2021;3302;60 anos ou mais;92957;Mulher;12381
Indicador  3.3.4;1732;2.6;50;Mato Grosso do Sul;12381;2022;95253;Total;6794;Total;12381
Indicador  3.3.4;1732;2.8;50;Mato Grosso do Sul;12381;2022;95253;Total;92956;Homem;12381
Indicador  3.3.4;1732;2.4;50;Mato Grosso do Sul;12381;2022;95253;Total;92957;Mulher;12381
Indicador  3.3.4;1732;0.0;50;Mato Grosso do Sul;12381;2022;1140;0 a 4 anos;6794;Total;12381
Indicador  3.3.4;1732;0.0;50;Mato Grosso do Sul;12381;2022;1140;0 a 4 anos;92956;Homem;12381
Indicador  3.3.4;1732;0.0;50;Mato Grosso do Sul;12381;2022;1140;0 a 4 anos;92957;Mulher;12381
Indicador  3.3.4;1732;0.0;50;Mato Grosso do Sul;12381;2022;1141;5 a 9 anos;6794;Total;12381
Indicador  3.3.4;1732;0.0;50;Mato Grosso do Sul;12381;2022;1141;5 a 9 anos;92956;Homem;12381
Indicador  3.3.4;1732;0.0;50;Mato Grosso do Sul;12381;2022;1141;5 a 9 anos;92957;Mulher;12381
Indicador  3.3.4;1732;0.0;50;Mato Grosso do Sul;12381;2022;1142;10 a 14 anos;6794;Total;12381
Indicador  3.3.4;1732;0.0;50;Mato Grosso do Sul;12381;2022;1142;10 a 14 anos;92956;Homem;12381
Indicador  3.3.4;1732;0.0;50;Mato Grosso do Sul;12381;2022;1142;10 a 14 anos;92957;Mulher;12381
Indicador  3.3.4;1732;0.0;50;Mato Grosso do Sul;12381;2022;1143;15 a 19 anos;6794;Total;12381
Indicador  3.3.4;1732;0.0;50;Mato Grosso do Sul;12381;2022;1143;15 a 19 anos;92956;Homem;12381
Indicador  3.3.4;1732;0.0;50;Mato Grosso do Sul;12381;2022;1143;15 a 19 anos;92957;Mulher;12381
Indicador  3.3.4;1732;0.9;50;Mato Grosso do Sul;12381;2022;1144;20 a 24 anos;6794;Total;12381
Indicador  3.3.4;1732;0.0;50;Mato Grosso do Sul;12381;2022;1144;20 a 24 anos;92956;Homem;12381
Indicador  3.3.4;1732;1.9;50;Mato Grosso do Sul;12381;2022;1144;20 a 24 anos;92957;Mulher;12381
Indicador  3.3.4;1732;2.2;50;Mato Grosso do Sul;12381;2022;1145;25 a 29 anos;6794;Total;12381
Indicador  3.3.4;1732;2.6;50;Mato Grosso do Sul;12381;2022;1145;25 a 29 anos;92956;Homem;12381
Indicador  3.3.4;1732;1.8;50;Mato Grosso do Sul;12381;2022;1145;25 a 29 anos;92957;Mulher;12381
Indicador  3.3.4;1732;2.2;50;Mato Grosso do Sul;12381;2022;1146;30 a 34 anos;6794;Total;12381
Indicador  3.3.4;1732;0.0;50;Mato Grosso do Sul;12381;2022;1146;30 a 34 anos;92956;Homem;12381
Indicador  3.3.4;1732;4.4;50;Mato Grosso do Sul;12381;2022;1146;30 a 34 anos;92957;Mulher;12381
Indicador  3.3.4;1732;3.1;50;Mato Grosso do Sul;12381;2022;1147;35 a 39 anos;6794;Total;12381
Indicador  3.3.4;1732;4.5;50;Mato Grosso do Sul;12381;2022;1147;35 a 39 anos;92956;Homem;12381
Indicador  3.3.4;1732;1.8;50;Mato Grosso do Sul;12381;2022;1147;35 a 39 anos;92957;Mulher;12381
Indicador  3.3.4;1732;6.2;50;Mato Grosso do Sul;12381;2022;1148;40 a 44 anos;6794;Total;12381
Indicador  3.3.4;1732;9.7;50;Mato Grosso do Sul;12381;2022;1148;40 a 44 anos;92956;Homem;12381
Indicador  3.3.4;1732;2.8;50;Mato Grosso do Sul;12381;2022;1148;40 a 44 anos;92957;Mulher;12381
Indicador  3.3.4;1732;4.8;50;Mato Grosso do Sul;12381;2022;1149;45 a 49 anos;6794;Total;12381
Indicador  3.3.4;1732;3.3;50;Mato Grosso do Sul;12381;2022;1149;45 a 49 anos;92956;Homem;12381
Indicador  3.3.4;1732;6.3;50;Mato Grosso do Sul;12381;2022;1149;45 a 49 anos;92957;Mulher;12381
Indicador  3.3.4;1732;5.3;50;Mato Grosso do Sul;12381;2022;1150;50 a 54 anos;6794;Total;12381
Indicador  3.3.4;1732;6.1;50;Mato Grosso do Sul;12381;2022;1150;50 a 54 anos;92956;Homem;12381
Indicador  3.3.4;1732;4.6;50;Mato Grosso do Sul;12381;2022;1150;50 a 54 anos;92957;Mulher;12381
Indicador  3.3.4;1732;5.2;50;Mato Grosso do Sul;12381;2022;1151;55 a 59 anos;6794;Total;12381
Indicador  3.3.4;1732;5.4;50;Mato Grosso do Sul;12381;2022;1151;55 a 59 anos;92956;Homem;12381
Indicador  3.3.4;1732;5.0;50;Mato Grosso do Sul;12381;2022;1151;55 a 59 anos;92957;Mulher;12381
Indicador  3.3.4;1732;4.0;50;Mato Grosso do Sul;12381;2022;3302;60 anos ou mais;6794;Total;12381
Indicador  3.3.4;1732;5.4;50;Mato Grosso do Sul;12381;2022;3302;60 anos ou mais;92956;Homem;12381
Indicador  3.3.4;1732;2.8;50;Mato Grosso do Sul;12381;2022;3302;60 anos ou mais;92957;Mulher;12381
Indicador  3.3.4;1732;13.9;51;Mato Grosso;12381;2018;95253;Total;6794;Total;12381
Indicador  3.3.4;1732;15.4;51;Mato Grosso;12381;2018;95253;Total;92956;Homem;12381
Indicador  3.3.4;1732;12.3;51;Mato Grosso;12381;2018;95253;Total;92957;Mulher;12381
Indicador  3.3.4;1732;0.7;51;Mato Grosso;12381;2018;1140;0 a 4 anos;6794;Total;12381
Indicador  3.3.4;1732;0.7;51;Mato Grosso;12381;2018;1140;0 a 4 anos;92956;Homem;12381
Indicador  3.3.4;1732;0.7;51;Mato Grosso;12381;2018;1140;0 a 4 anos;92957;Mulher;12381
Indicador  3.3.4;1732;0.8;51;Mato Grosso;12381;2018;1141;5 a 9 anos;6794;Total;12381
Indicador  3.3.4;1732;1.5;51;Mato Grosso;12381;2018;1141;5 a 9 anos;92956;Homem;12381
Indicador  3.3.4;1732;0.0;51;Mato Grosso;12381;2018;1141;5 a 9 anos;92957;Mulher;12381
Indicador  3.3.4;1732;0.4;51;Mato Grosso;12381;2018;1142;10 a 14 anos;6794;Total;12381
Indicador  3.3.4;1732;0.7;51;Mato Grosso;12381;2018;1142;10 a 14 anos;92956;Homem;12381
Indicador  3.3.4;1732;0.0;51;Mato Grosso;12381;2018;1142;10 a 14 anos;92957;Mulher;12381
Indicador  3.3.4;1732;3.7;51;Mato Grosso;12381;2018;1143;15 a 19 anos;6794;Total;12381
Indicador  3.3.4;1732;0.7;51;Mato Grosso;12381;2018;1143;15 a 19 anos;92956;Homem;12381
Indicador  3.3.4;1732;6.8;51;Mato Grosso;12381;2018;1143;15 a 19 anos;92957;Mulher;12381
Indicador  3.3.4;1732;13.2;51;Mato Grosso;12381;2018;1144;20 a 24 anos;6794;Total;12381
Indicador  3.3.4;1732;9.5;51;Mato Grosso;12381;2018;1144;20 a 24 anos;92956;Homem;12381
Indicador  3.3.4;1732;17.0;51;Mato Grosso;12381;2018;1144;20 a 24 anos;92957;Mulher;12381
Indicador  3.3.4;1732;20.7;51;Mato Grosso;12381;2018;1145;25 a 29 anos;6794;Total;12381
Indicador  3.3.4;1732;16.0;51;Mato Grosso;12381;2018;1145;25 a 29 anos;92956;Homem;12381
Indicador  3.3.4;1732;25.6;51;Mato Grosso;12381;2018;1145;25 a 29 anos;92957;Mulher;12381
Indicador  3.3.4;1732;18.7;51;Mato Grosso;12381;2018;1146;30 a 34 anos;6794;Total;12381
Indicador  3.3.4;1732;13.3;51;Mato Grosso;12381;2018;1146;30 a 34 anos;92956;Homem;12381
Indicador  3.3.4;1732;24.3;51;Mato Grosso;12381;2018;1146;30 a 34 anos;92957;Mulher;12381
Indicador  3.3.4;1732;22.0;51;Mato Grosso;12381;2018;1147;35 a 39 anos;6794;Total;12381
Indicador  3.3.4;1732;23.1;51;Mato Grosso;12381;2018;1147;35 a 39 anos;92956;Homem;12381
Indicador  3.3.4;1732;20.8;51;Mato Grosso;12381;2018;1147;35 a 39 anos;92957;Mulher;12381
Indicador  3.3.4;1732;21.7;51;Mato Grosso;12381;2018;1148;40 a 44 anos;6794;Total;12381
Indicador  3.3.4;1732;28.2;51;Mato Grosso;12381;2018;1148;40 a 44 anos;92956;Homem;12381
Indicador  3.3.4;1732;15.0;51;Mato Grosso;12381;2018;1148;40 a 44 anos;92957;Mulher;12381
Indicador  3.3.4;1732;22.4;51;Mato Grosso;12381;2018;1149;45 a 49 anos;6794;Total;12381
Indicador  3.3.4;1732;30.2;51;Mato Grosso;12381;2018;1149;45 a 49 anos;92956;Homem;12381
Indicador  3.3.4;1732;14.4;51;Mato Grosso;12381;2018;1149;45 a 49 anos;92957;Mulher;12381
Indicador  3.3.4;1732;28.3;51;Mato Grosso;12381;2018;1150;50 a 54 anos;6794;Total;12381
Indicador  3.3.4;1732;39.9;51;Mato Grosso;12381;2018;1150;50 a 54 anos;92956;Homem;12381
Indicador  3.3.4;1732;16.4;51;Mato Grosso;12381;2018;1150;50 a 54 anos;92957;Mulher;12381
Indicador  3.3.4;1732;20.2;51;Mato Grosso;12381;2018;1151;55 a 59 anos;6794;Total;12381
Indicador  3.3.4;1732;30.0;51;Mato Grosso;12381;2018;1151;55 a 59 anos;92956;Homem;12381
Indicador  3.3.4;1732;9.9;51;Mato Grosso;12381;2018;1151;55 a 59 anos;92957;Mulher;12381
Indicador  3.3.4;1732;14.6;51;Mato Grosso;12381;2018;3302;60 anos ou mais;6794;Total;12381
Indicador  3.3.4;1732;21.3;51;Mato Grosso;12381;2018;3302;60 anos ou mais;92956;Homem;12381
Indicador  3.3.4;1732;7.8;51;Mato Grosso;12381;2018;3302;60 anos ou mais;92957;Mulher;12381
Indicador  3.3.4;1732;15.9;51;Mato Grosso;12381;2019;95253;Total;6794;Total;12381
Indicador  3.3.4;1732;18.2;51;Mato Grosso;12381;2019;95253;Total;92956;Homem;12381
Indicador  3.3.4;1732;13.5;51;Mato Grosso;12381;2019;95253;Total;92957;Mulher;12381
Indicador  3.3.4;1732;1.1;51;Mato Grosso;12381;2019;1140;0 a 4 anos;6794;Total;12381
Indicador  3.3.4;1732;1.4;51;Mato Grosso;12381;2019;1140;0 a 4 anos;92956;Homem;12381
Indicador  3.3.4;1732;0.7;51;Mato Grosso;12381;2019;1140;0 a 4 anos;92957;Mulher;12381
Indicador  3.3.4;1732;0.0;51;Mato Grosso;12381;2019;1141;5 a 9 anos;6794;Total;12381
Indicador  3.3.4;1732;0.0;51;Mato Grosso;12381;2019;1141;5 a 9 anos;92956;Homem;12381
Indicador  3.3.4;1732;0.0;51;Mato Grosso;12381;2019;1141;5 a 9 anos;92957;Mulher;12381
Indicador  3.3.4;1732;1.1;51;Mato Grosso;12381;2019;1142;10 a 14 anos;6794;Total;12381
Indicador  3.3.4;1732;0.7;51;Mato Grosso;12381;2019;1142;10 a 14 anos;92956;Homem;12381
Indicador  3.3.4;1732;1.5;51;Mato Grosso;12381;2019;1142;10 a 14 anos;92957;Mulher;12381
Indicador  3.3.4;1732;4.1;51;Mato Grosso;12381;2019;1143;15 a 19 anos;6794;Total;12381
Indicador  3.3.4;1732;2.9;51;Mato Grosso;12381;2019;1143;15 a 19 anos;92956;Homem;12381
Indicador  3.3.4;1732;5.3;51;Mato Grosso;12381;2019;1143;15 a 19 anos;92957;Mulher;12381
Indicador  3.3.4;1732;11.1;51;Mato Grosso;12381;2019;1144;20 a 24 anos;6794;Total;12381
Indicador  3.3.4;1732;6.8;51;Mato Grosso;12381;2019;1144;20 a 24 anos;92956;Homem;12381
Indicador  3.3.4;1732;15.6;51;Mato Grosso;12381;2019;1144;20 a 24 anos;92957;Mulher;12381
Indicador  3.3.4;1732;25.5;51;Mato Grosso;12381;2019;1145;25 a 29 anos;6794;Total;12381
Indicador  3.3.4;1732;22.8;51;Mato Grosso;12381;2019;1145;25 a 29 anos;92956;Homem;12381
Indicador  3.3.4;1732;28.4;51;Mato Grosso;12381;2019;1145;25 a 29 anos;92957;Mulher;12381
Indicador  3.3.4;1732;23.0;51;Mato Grosso;12381;2019;1146;30 a 34 anos;6794;Total;12381
Indicador  3.3.4;1732;28.5;51;Mato Grosso;12381;2019;1146;30 a 34 anos;92956;Homem;12381
Indicador  3.3.4;1732;17.3;51;Mato Grosso;12381;2019;1146;30 a 34 anos;92957;Mulher;12381
Indicador  3.3.4;1732;28.7;51;Mato Grosso;12381;2019;1147;35 a 39 anos;6794;Total;12381
Indicador  3.3.4;1732;32.4;51;Mato Grosso;12381;2019;1147;35 a 39 anos;92956;Homem;12381
Indicador  3.3.4;1732;24.9;51;Mato Grosso;12381;2019;1147;35 a 39 anos;92957;Mulher;12381
Indicador  3.3.4;1732;27.3;51;Mato Grosso;12381;2019;1148;40 a 44 anos;6794;Total;12381
Indicador  3.3.4;1732;32.2;51;Mato Grosso;12381;2019;1148;40 a 44 anos;92956;Homem;12381
Indicador  3.3.4;1732;22.4;51;Mato Grosso;12381;2019;1148;40 a 44 anos;92957;Mulher;12381
Indicador  3.3.4;1732;28.6;51;Mato Grosso;12381;2019;1149;45 a 49 anos;6794;Total;12381
Indicador  3.3.4;1732;37.7;51;Mato Grosso;12381;2019;1149;45 a 49 anos;92956;Homem;12381
Indicador  3.3.4;1732;19.4;51;Mato Grosso;12381;2019;1149;45 a 49 anos;92957;Mulher;12381
Indicador  3.3.4;1732;24.7;51;Mato Grosso;12381;2019;1150;50 a 54 anos;6794;Total;12381
Indicador  3.3.4;1732;31.3;51;Mato Grosso;12381;2019;1150;50 a 54 anos;92956;Homem;12381
Indicador  3.3.4;1732;18.0;51;Mato Grosso;12381;2019;1150;50 a 54 anos;92957;Mulher;12381
Indicador  3.3.4;1732;20.6;51;Mato Grosso;12381;2019;1151;55 a 59 anos;6794;Total;12381
Indicador  3.3.4;1732;32.5;51;Mato Grosso;12381;2019;1151;55 a 59 anos;92956;Homem;12381
Indicador  3.3.4;1732;8.4;51;Mato Grosso;12381;2019;1151;55 a 59 anos;92957;Mulher;12381
Indicador  3.3.4;1732;15.5;51;Mato Grosso;12381;2019;3302;60 anos ou mais;6794;Total;12381
Indicador  3.3.4;1732;18.7;51;Mato Grosso;12381;2019;3302;60 anos ou mais;92956;Homem;12381
Indicador  3.3.4;1732;12.2;51;Mato Grosso;12381;2019;3302;60 anos ou mais;92957;Mulher;12381
Indicador  3.3.4;1732;8.2;51;Mato Grosso;12381;2020;95253;Total;6794;Total;12381
Indicador  3.3.4;1732;9.4;51;Mato Grosso;12381;2020;95253;Total;92956;Homem;12381
Indicador  3.3.4;1732;7.0;51;Mato Grosso;12381;2020;95253;Total;92957;Mulher;12381
Indicador  3.3.4;1732;1.4;51;Mato Grosso;12381;2020;1140;0 a 4 anos;6794;Total;12381
Indicador  3.3.4;1732;1.4;51;Mato Grosso;12381;2020;1140;0 a 4 anos;92956;Homem;12381
Indicador  3.3.4;1732;1.4;51;Mato Grosso;12381;2020;1140;0 a 4 anos;92957;Mulher;12381
Indicador  3.3.4;1732;0.0;51;Mato Grosso;12381;2020;1141;5 a 9 anos;6794;Total;12381
Indicador  3.3.4;1732;0.0;51;Mato Grosso;12381;2020;1141;5 a 9 anos;92956;Homem;12381
Indicador  3.3.4;1732;0.0;51;Mato Grosso;12381;2020;1141;5 a 9 anos;92957;Mulher;12381
Indicador  3.3.4;1732;0.4;51;Mato Grosso;12381;2020;1142;10 a 14 anos;6794;Total;12381
Indicador  3.3.4;1732;0.0;51;Mato Grosso;12381;2020;1142;10 a 14 anos;92956;Homem;12381
Indicador  3.3.4;1732;0.8;51;Mato Grosso;12381;2020;1142;10 a 14 anos;92957;Mulher;12381
Indicador  3.3.4;1732;3.0;51;Mato Grosso;12381;2020;1143;15 a 19 anos;6794;Total;12381
Indicador  3.3.4;1732;0.7;51;Mato Grosso;12381;2020;1143;15 a 19 anos;92956;Homem;12381
Indicador  3.3.4;1732;5.3;51;Mato Grosso;12381;2020;1143;15 a 19 anos;92957;Mulher;12381
Indicador  3.3.4;1732;8.7;51;Mato Grosso;12381;2020;1144;20 a 24 anos;6794;Total;12381
Indicador  3.3.4;1732;5.5;51;Mato Grosso;12381;2020;1144;20 a 24 anos;92956;Homem;12381
Indicador  3.3.4;1732;12.2;51;Mato Grosso;12381;2020;1144;20 a 24 anos;92957;Mulher;12381
Indicador  3.3.4;1732;10.9;51;Mato Grosso;12381;2020;1145;25 a 29 anos;6794;Total;12381
Indicador  3.3.4;1732;8.7;51;Mato Grosso;12381;2020;1145;25 a 29 anos;92956;Homem;12381
Indicador  3.3.4;1732;13.2;51;Mato Grosso;12381;2020;1145;25 a 29 anos;92957;Mulher;12381
Indicador  3.3.4;1732;13.9;51;Mato Grosso;12381;2020;1146;30 a 34 anos;6794;Total;12381
Indicador  3.3.4;1732;11.3;51;Mato Grosso;12381;2020;1146;30 a 34 anos;92956;Homem;12381
Indicador  3.3.4;1732;16.6;51;Mato Grosso;12381;2020;1146;30 a 34 anos;92957;Mulher;12381
Indicador  3.3.4;1732;11.4;51;Mato Grosso;12381;2020;1147;35 a 39 anos;6794;Total;12381
Indicador  3.3.4;1732;15.7;51;Mato Grosso;12381;2020;1147;35 a 39 anos;92956;Homem;12381
Indicador  3.3.4;1732;7.0;51;Mato Grosso;12381;2020;1147;35 a 39 anos;92957;Mulher;12381
Indicador  3.3.4;1732;12.1;51;Mato Grosso;12381;2020;1148;40 a 44 anos;6794;Total;12381
Indicador  3.3.4;1732;16.5;51;Mato Grosso;12381;2020;1148;40 a 44 anos;92956;Homem;12381
Indicador  3.3.4;1732;7.6;51;Mato Grosso;12381;2020;1148;40 a 44 anos;92957;Mulher;12381
Indicador  3.3.4;1732;13.4;51;Mato Grosso;12381;2020;1149;45 a 49 anos;6794;Total;12381
Indicador  3.3.4;1732;19.8;51;Mato Grosso;12381;2020;1149;45 a 49 anos;92956;Homem;12381
Indicador  3.3.4;1732;6.9;51;Mato Grosso;12381;2020;1149;45 a 49 anos;92957;Mulher;12381
Indicador  3.3.4;1732;15.0;51;Mato Grosso;12381;2020;1150;50 a 54 anos;6794;Total;12381
Indicador  3.3.4;1732;21.1;51;Mato Grosso;12381;2020;1150;50 a 54 anos;92956;Homem;12381
Indicador  3.3.4;1732;8.8;51;Mato Grosso;12381;2020;1150;50 a 54 anos;92957;Mulher;12381
Indicador  3.3.4;1732;9.7;51;Mato Grosso;12381;2020;1151;55 a 59 anos;6794;Total;12381
Indicador  3.3.4;1732;15.8;51;Mato Grosso;12381;2020;1151;55 a 59 anos;92956;Homem;12381
Indicador  3.3.4;1732;3.5;51;Mato Grosso;12381;2020;1151;55 a 59 anos;92957;Mulher;12381
Indicador  3.3.4;1732;8.9;51;Mato Grosso;12381;2020;3302;60 anos ou mais;6794;Total;12381
Indicador  3.3.4;1732;11.7;51;Mato Grosso;12381;2020;3302;60 anos ou mais;92956;Homem;12381
Indicador  3.3.4;1732;6.1;51;Mato Grosso;12381;2020;3302;60 anos ou mais;92957;Mulher;12381
Indicador  3.3.4;1732;9.3;51;Mato Grosso;12381;2021;95253;Total;6794;Total;12381
Indicador  3.3.4;1732;10.4;51;Mato Grosso;12381;2021;95253;Total;92956;Homem;12381
Indicador  3.3.4;1732;8.2;51;Mato Grosso;12381;2021;95253;Total;92957;Mulher;12381
Indicador  3.3.4;1732;2.1;51;Mato Grosso;12381;2021;1140;0 a 4 anos;6794;Total;12381
Indicador  3.3.4;1732;1.4;51;Mato Grosso;12381;2021;1140;0 a 4 anos;92956;Homem;12381
Indicador  3.3.4;1732;2.9;51;Mato Grosso;12381;2021;1140;0 a 4 anos;92957;Mulher;12381
Indicador  3.3.4;1732;0.4;51;Mato Grosso;12381;2021;1141;5 a 9 anos;6794;Total;12381
Indicador  3.3.4;1732;0.0;51;Mato Grosso;12381;2021;1141;5 a 9 anos;92956;Homem;12381
Indicador  3.3.4;1732;0.7;51;Mato Grosso;12381;2021;1141;5 a 9 anos;92957;Mulher;12381
Indicador  3.3.4;1732;0.4;51;Mato Grosso;12381;2021;1142;10 a 14 anos;6794;Total;12381
Indicador  3.3.4;1732;0.0;51;Mato Grosso;12381;2021;1142;10 a 14 anos;92956;Homem;12381
Indicador  3.3.4;1732;0.8;51;Mato Grosso;12381;2021;1142;10 a 14 anos;92957;Mulher;12381
Indicador  3.3.4;1732;1.5;51;Mato Grosso;12381;2021;1143;15 a 19 anos;6794;Total;12381
Indicador  3.3.4;1732;1.4;51;Mato Grosso;12381;2021;1143;15 a 19 anos;92956;Homem;12381
Indicador  3.3.4;1732;1.5;51;Mato Grosso;12381;2021;1143;15 a 19 anos;92957;Mulher;12381
Indicador  3.3.4;1732;4.3;51;Mato Grosso;12381;2021;1144;20 a 24 anos;6794;Total;12381
Indicador  3.3.4;1732;2.1;51;Mato Grosso;12381;2021;1144;20 a 24 anos;92956;Homem;12381
Indicador  3.3.4;1732;6.5;51;Mato Grosso;12381;2021;1144;20 a 24 anos;92957;Mulher;12381
Indicador  3.3.4;1732;11.6;51;Mato Grosso;12381;2021;1145;25 a 29 anos;6794;Total;12381
Indicador  3.3.4;1732;12.1;51;Mato Grosso;12381;2021;1145;25 a 29 anos;92956;Homem;12381
Indicador  3.3.4;1732;11.1;51;Mato Grosso;12381;2021;1145;25 a 29 anos;92957;Mulher;12381
Indicador  3.3.4;1732;10.1;51;Mato Grosso;12381;2021;1146;30 a 34 anos;6794;Total;12381
Indicador  3.3.4;1732;9.9;51;Mato Grosso;12381;2021;1146;30 a 34 anos;92956;Homem;12381
Indicador  3.3.4;1732;10.3;51;Mato Grosso;12381;2021;1146;30 a 34 anos;92957;Mulher;12381
Indicador  3.3.4;1732;14.1;51;Mato Grosso;12381;2021;1147;35 a 39 anos;6794;Total;12381
Indicador  3.3.4;1732;13.5;51;Mato Grosso;12381;2021;1147;35 a 39 anos;92956;Homem;12381
Indicador  3.3.4;1732;14.7;51;Mato Grosso;12381;2021;1147;35 a 39 anos;92957;Mulher;12381
Indicador  3.3.4;1732;17.0;51;Mato Grosso;12381;2021;1148;40 a 44 anos;6794;Total;12381
Indicador  3.3.4;1732;19.1;51;Mato Grosso;12381;2021;1148;40 a 44 anos;92956;Homem;12381
Indicador  3.3.4;1732;14.9;51;Mato Grosso;12381;2021;1148;40 a 44 anos;92957;Mulher;12381
Indicador  3.3.4;1732;19.4;51;Mato Grosso;12381;2021;1149;45 a 49 anos;6794;Total;12381
Indicador  3.3.4;1732;28.6;51;Mato Grosso;12381;2021;1149;45 a 49 anos;92956;Homem;12381
Indicador  3.3.4;1732;10.1;51;Mato Grosso;12381;2021;1149;45 a 49 anos;92957;Mulher;12381
Indicador  3.3.4;1732;19.0;51;Mato Grosso;12381;2021;1150;50 a 54 anos;6794;Total;12381
Indicador  3.3.4;1732;24.6;51;Mato Grosso;12381;2021;1150;50 a 54 anos;92956;Homem;12381
Indicador  3.3.4;1732;13.3;51;Mato Grosso;12381;2021;1150;50 a 54 anos;92957;Mulher;12381
Indicador  3.3.4;1732;18.2;51;Mato Grosso;12381;2021;1151;55 a 59 anos;6794;Total;12381
Indicador  3.3.4;1732;24.1;51;Mato Grosso;12381;2021;1151;55 a 59 anos;92956;Homem;12381
Indicador  3.3.4;1732;12.3;51;Mato Grosso;12381;2021;1151;55 a 59 anos;92957;Mulher;12381
Indicador  3.3.4;1732;9.4;51;Mato Grosso;12381;2021;3302;60 anos ou mais;6794;Total;12381
Indicador  3.3.4;1732;9.8;51;Mato Grosso;12381;2021;3302;60 anos ou mais;92956;Homem;12381
Indicador  3.3.4;1732;9.1;51;Mato Grosso;12381;2021;3302;60 anos ou mais;92957;Mulher;12381
Indicador  3.3.4;1732;9.1;51;Mato Grosso;12381;2022;95253;Total;6794;Total;12381
Indicador  3.3.4;1732;10.6;51;Mato Grosso;12381;2022;95253;Total;92956;Homem;12381
Indicador  3.3.4;1732;7.5;51;Mato Grosso;12381;2022;95253;Total;92957;Mulher;12381
Indicador  3.3.4;1732;2.8;51;Mato Grosso;12381;2022;1140;0 a 4 anos;6794;Total;12381
Indicador  3.3.4;1732;2.1;51;Mato Grosso;12381;2022;1140;0 a 4 anos;92956;Homem;12381
Indicador  3.3.4;1732;3.6;51;Mato Grosso;12381;2022;1140;0 a 4 anos;92957;Mulher;12381
Indicador  3.3.4;1732;0.0;51;Mato Grosso;12381;2022;1141;5 a 9 anos;6794;Total;12381
Indicador  3.3.4;1732;0.0;51;Mato Grosso;12381;2022;1141;5 a 9 anos;92956;Homem;12381
Indicador  3.3.4;1732;0.0;51;Mato Grosso;12381;2022;1141;5 a 9 anos;92957;Mulher;12381
Indicador  3.3.4;1732;0.0;51;Mato Grosso;12381;2022;1142;10 a 14 anos;6794;Total;12381
Indicador  3.3.4;1732;0.0;51;Mato Grosso;12381;2022;1142;10 a 14 anos;92956;Homem;12381
Indicador  3.3.4;1732;0.0;51;Mato Grosso;12381;2022;1142;10 a 14 anos;92957;Mulher;12381
Indicador  3.3.4;1732;0.4;51;Mato Grosso;12381;2022;1143;15 a 19 anos;6794;Total;12381
Indicador  3.3.4;1732;0.0;51;Mato Grosso;12381;2022;1143;15 a 19 anos;92956;Homem;12381
Indicador  3.3.4;1732;0.8;51;Mato Grosso;12381;2022;1143;15 a 19 anos;92957;Mulher;12381
Indicador  3.3.4;1732;3.6;51;Mato Grosso;12381;2022;1144;20 a 24 anos;6794;Total;12381
Indicador  3.3.4;1732;1.4;51;Mato Grosso;12381;2022;1144;20 a 24 anos;92956;Homem;12381
Indicador  3.3.4;1732;5.9;51;Mato Grosso;12381;2022;1144;20 a 24 anos;92957;Mulher;12381
Indicador  3.3.4;1732;9.2;51;Mato Grosso;12381;2022;1145;25 a 29 anos;6794;Total;12381
Indicador  3.3.4;1732;5.4;51;Mato Grosso;12381;2022;1145;25 a 29 anos;92956;Homem;12381
Indicador  3.3.4;1732;13.2;51;Mato Grosso;12381;2022;1145;25 a 29 anos;92957;Mulher;12381
Indicador  3.3.4;1732;13.5;51;Mato Grosso;12381;2022;1146;30 a 34 anos;6794;Total;12381
Indicador  3.3.4;1732;14.6;51;Mato Grosso;12381;2022;1146;30 a 34 anos;92956;Homem;12381
Indicador  3.3.4;1732;12.4;51;Mato Grosso;12381;2022;1146;30 a 34 anos;92957;Mulher;12381
Indicador  3.3.4;1732;16.4;51;Mato Grosso;12381;2022;1147;35 a 39 anos;6794;Total;12381
Indicador  3.3.4;1732;18.1;51;Mato Grosso;12381;2022;1147;35 a 39 anos;92956;Homem;12381
Indicador  3.3.4;1732;14.6;51;Mato Grosso;12381;2022;1147;35 a 39 anos;92957;Mulher;12381
Indicador  3.3.4;1732;12.7;51;Mato Grosso;12381;2022;1148;40 a 44 anos;6794;Total;12381
Indicador  3.3.4;1732;19.5;51;Mato Grosso;12381;2022;1148;40 a 44 anos;92956;Homem;12381
Indicador  3.3.4;1732;5.9;51;Mato Grosso;12381;2022;1148;40 a 44 anos;92957;Mulher;12381
Indicador  3.3.4;1732;18.9;51;Mato Grosso;12381;2022;1149;45 a 49 anos;6794;Total;12381
Indicador  3.3.4;1732;28.8;51;Mato Grosso;12381;2022;1149;45 a 49 anos;92956;Homem;12381
Indicador  3.3.4;1732;9.0;51;Mato Grosso;12381;2022;1149;45 a 49 anos;92957;Mulher;12381
Indicador  3.3.4;1732;14.5;51;Mato Grosso;12381;2022;1150;50 a 54 anos;6794;Total;12381
Indicador  3.3.4;1732;17.7;51;Mato Grosso;12381;2022;1150;50 a 54 anos;92956;Homem;12381
Indicador  3.3.4;1732;11.2;51;Mato Grosso;12381;2022;1150;50 a 54 anos;92957;Mulher;12381
Indicador  3.3.4;1732;20.4;51;Mato Grosso;12381;2022;1151;55 a 59 anos;6794;Total;12381
Indicador  3.3.4;1732;23.5;51;Mato Grosso;12381;2022;1151;55 a 59 anos;92956;Homem;12381
Indicador  3.3.4;1732;17.3;51;Mato Grosso;12381;2022;1151;55 a 59 anos;92957;Mulher;12381
Indicador  3.3.4;1732;9.9;51;Mato Grosso;12381;2022;3302;60 anos ou mais;6794;Total;12381
Indicador  3.3.4;1732;13.1;51;Mato Grosso;12381;2022;3302;60 anos ou mais;92956;Homem;12381
Indicador  3.3.4;1732;6.8;51;Mato Grosso;12381;2022;3302;60 anos ou mais;92957;Mulher;12381
Indicador  3.3.4;1732;5.1;52;Goiás;12381;2018;95253;Total;6794;Total;12381
Indicador  3.3.4;1732;5.0;52;Goiás;12381;2018;95253;Total;92956;Homem;12381
Indicador  3.3.4;1732;5.2;52;Goiás;12381;2018;95253;Total;92957;Mulher;12381
Indicador  3.3.4;1732;0.2;52;Goiás;12381;2018;1140;0 a 4 anos;6794;Total;12381
Indicador  3.3.4;1732;0.4;52;Goiás;12381;2018;1140;0 a 4 anos;92956;Homem;12381
Indicador  3.3.4;1732;0.0;52;Goiás;12381;2018;1140;0 a 4 anos;92957;Mulher;12381
Indicador  3.3.4;1732;0.0;52;Goiás;12381;2018;1141;5 a 9 anos;6794;Total;12381
Indicador  3.3.4;1732;0.0;52;Goiás;12381;2018;1141;5 a 9 anos;92956;Homem;12381
Indicador  3.3.4;1732;0.0;52;Goiás;12381;2018;1141;5 a 9 anos;92957;Mulher;12381
Indicador  3.3.4;1732;0.4;52;Goiás;12381;2018;1142;10 a 14 anos;6794;Total;12381
Indicador  3.3.4;1732;0.4;52;Goiás;12381;2018;1142;10 a 14 anos;92956;Homem;12381
Indicador  3.3.4;1732;0.4;52;Goiás;12381;2018;1142;10 a 14 anos;92957;Mulher;12381
Indicador  3.3.4;1732;0.4;52;Goiás;12381;2018;1143;15 a 19 anos;6794;Total;12381
Indicador  3.3.4;1732;0.4;52;Goiás;12381;2018;1143;15 a 19 anos;92956;Homem;12381
Indicador  3.3.4;1732;0.4;52;Goiás;12381;2018;1143;15 a 19 anos;92957;Mulher;12381
Indicador  3.3.4;1732;4.0;52;Goiás;12381;2018;1144;20 a 24 anos;6794;Total;12381
Indicador  3.3.4;1732;2.4;52;Goiás;12381;2018;1144;20 a 24 anos;92956;Homem;12381
Indicador  3.3.4;1732;5.6;52;Goiás;12381;2018;1144;20 a 24 anos;92957;Mulher;12381
Indicador  3.3.4;1732;6.9;52;Goiás;12381;2018;1145;25 a 29 anos;6794;Total;12381
Indicador  3.3.4;1732;4.4;52;Goiás;12381;2018;1145;25 a 29 anos;92956;Homem;12381
Indicador  3.3.4;1732;9.5;52;Goiás;12381;2018;1145;25 a 29 anos;92957;Mulher;12381
Indicador  3.3.4;1732;9.2;52;Goiás;12381;2018;1146;30 a 34 anos;6794;Total;12381
Indicador  3.3.4;1732;7.9;52;Goiás;12381;2018;1146;30 a 34 anos;92956;Homem;12381
Indicador  3.3.4;1732;10.4;52;Goiás;12381;2018;1146;30 a 34 anos;92957;Mulher;12381
Indicador  3.3.4;1732;7.8;52;Goiás;12381;2018;1147;35 a 39 anos;6794;Total;12381
Indicador  3.3.4;1732;7.3;52;Goiás;12381;2018;1147;35 a 39 anos;92956;Homem;12381
Indicador  3.3.4;1732;8.2;52;Goiás;12381;2018;1147;35 a 39 anos;92957;Mulher;12381
Indicador  3.3.4;1732;6.9;52;Goiás;12381;2018;1148;40 a 44 anos;6794;Total;12381
Indicador  3.3.4;1732;7.4;52;Goiás;12381;2018;1148;40 a 44 anos;92956;Homem;12381
Indicador  3.3.4;1732;6.4;52;Goiás;12381;2018;1148;40 a 44 anos;92957;Mulher;12381
Indicador  3.3.4;1732;8.4;52;Goiás;12381;2018;1149;45 a 49 anos;6794;Total;12381
Indicador  3.3.4;1732;8.0;52;Goiás;12381;2018;1149;45 a 49 anos;92956;Homem;12381
Indicador  3.3.4;1732;8.9;52;Goiás;12381;2018;1149;45 a 49 anos;92957;Mulher;12381
Indicador  3.3.4;1732;8.3;52;Goiás;12381;2018;1150;50 a 54 anos;6794;Total;12381
Indicador  3.3.4;1732;12.1;52;Goiás;12381;2018;1150;50 a 54 anos;92956;Homem;12381
Indicador  3.3.4;1732;4.8;52;Goiás;12381;2018;1150;50 a 54 anos;92957;Mulher;12381
Indicador  3.3.4;1732;8.3;52;Goiás;12381;2018;1151;55 a 59 anos;6794;Total;12381
Indicador  3.3.4;1732;9.2;52;Goiás;12381;2018;1151;55 a 59 anos;92956;Homem;12381
Indicador  3.3.4;1732;7.4;52;Goiás;12381;2018;1151;55 a 59 anos;92957;Mulher;12381
Indicador  3.3.4;1732;5.9;52;Goiás;12381;2018;3302;60 anos ou mais;6794;Total;12381
Indicador  3.3.4;1732;7.5;52;Goiás;12381;2018;3302;60 anos ou mais;92956;Homem;12381
Indicador  3.3.4;1732;4.4;52;Goiás;12381;2018;3302;60 anos ou mais;92957;Mulher;12381
Indicador  3.3.4;1732;5.0;52;Goiás;12381;2019;95253;Total;6794;Total;12381
Indicador  3.3.4;1732;4.9;52;Goiás;12381;2019;95253;Total;92956;Homem;12381
Indicador  3.3.4;1732;5.1;52;Goiás;12381;2019;95253;Total;92957;Mulher;12381
Indicador  3.3.4;1732;0.8;52;Goiás;12381;2019;1140;0 a 4 anos;6794;Total;12381
Indicador  3.3.4;1732;0.8;52;Goiás;12381;2019;1140;0 a 4 anos;92956;Homem;12381
Indicador  3.3.4;1732;0.8;52;Goiás;12381;2019;1140;0 a 4 anos;92957;Mulher;12381
Indicador  3.3.4;1732;0.0;52;Goiás;12381;2019;1141;5 a 9 anos;6794;Total;12381
Indicador  3.3.4;1732;0.0;52;Goiás;12381;2019;1141;5 a 9 anos;92956;Homem;12381
Indicador  3.3.4;1732;0.0;52;Goiás;12381;2019;1141;5 a 9 anos;92957;Mulher;12381
Indicador  3.3.4;1732;0.2;52;Goiás;12381;2019;1142;10 a 14 anos;6794;Total;12381
Indicador  3.3.4;1732;0.4;52;Goiás;12381;2019;1142;10 a 14 anos;92956;Homem;12381
Indicador  3.3.4;1732;0.0;52;Goiás;12381;2019;1142;10 a 14 anos;92957;Mulher;12381
Indicador  3.3.4;1732;1.7;52;Goiás;12381;2019;1143;15 a 19 anos;6794;Total;12381
Indicador  3.3.4;1732;0.0;52;Goiás;12381;2019;1143;15 a 19 anos;92956;Homem;12381
Indicador  3.3.4;1732;3.5;52;Goiás;12381;2019;1143;15 a 19 anos;92957;Mulher;12381
Indicador  3.3.4;1732;6.1;52;Goiás;12381;2019;1144;20 a 24 anos;6794;Total;12381
Indicador  3.3.4;1732;4.5;52;Goiás;12381;2019;1144;20 a 24 anos;92956;Homem;12381
Indicador  3.3.4;1732;7.7;52;Goiás;12381;2019;1144;20 a 24 anos;92957;Mulher;12381
Indicador  3.3.4;1732;6.4;52;Goiás;12381;2019;1145;25 a 29 anos;6794;Total;12381
Indicador  3.3.4;1732;5.7;52;Goiás;12381;2019;1145;25 a 29 anos;92956;Homem;12381
Indicador  3.3.4;1732;7.1;52;Goiás;12381;2019;1145;25 a 29 anos;92957;Mulher;12381
Indicador  3.3.4;1732;6.3;52;Goiás;12381;2019;1146;30 a 34 anos;6794;Total;12381
Indicador  3.3.4;1732;5.3;52;Goiás;12381;2019;1146;30 a 34 anos;92956;Homem;12381
Indicador  3.3.4;1732;7.3;52;Goiás;12381;2019;1146;30 a 34 anos;92957;Mulher;12381
Indicador  3.3.4;1732;8.4;52;Goiás;12381;2019;1147;35 a 39 anos;6794;Total;12381
Indicador  3.3.4;1732;8.3;52;Goiás;12381;2019;1147;35 a 39 anos;92956;Homem;12381
Indicador  3.3.4;1732;8.5;52;Goiás;12381;2019;1147;35 a 39 anos;92957;Mulher;12381
Indicador  3.3.4;1732;7.1;52;Goiás;12381;2019;1148;40 a 44 anos;6794;Total;12381
Indicador  3.3.4;1732;6.8;52;Goiás;12381;2019;1148;40 a 44 anos;92956;Homem;12381
Indicador  3.3.4;1732;7.3;52;Goiás;12381;2019;1148;40 a 44 anos;92957;Mulher;12381
Indicador  3.3.4;1732;7.2;52;Goiás;12381;2019;1149;45 a 49 anos;6794;Total;12381
Indicador  3.3.4;1732;6.5;52;Goiás;12381;2019;1149;45 a 49 anos;92956;Homem;12381
Indicador  3.3.4;1732;7.9;52;Goiás;12381;2019;1149;45 a 49 anos;92957;Mulher;12381
Indicador  3.3.4;1732;8.8;52;Goiás;12381;2019;1150;50 a 54 anos;6794;Total;12381
Indicador  3.3.4;1732;10.3;52;Goiás;12381;2019;1150;50 a 54 anos;92956;Homem;12381
Indicador  3.3.4;1732;7.4;52;Goiás;12381;2019;1150;50 a 54 anos;92957;Mulher;12381
Indicador  3.3.4;1732;8.0;52;Goiás;12381;2019;1151;55 a 59 anos;6794;Total;12381
Indicador  3.3.4;1732;10.7;52;Goiás;12381;2019;1151;55 a 59 anos;92956;Homem;12381
Indicador  3.3.4;1732;5.5;52;Goiás;12381;2019;1151;55 a 59 anos;92957;Mulher;12381
Indicador  3.3.4;1732;5.1;52;Goiás;12381;2019;3302;60 anos ou mais;6794;Total;12381
Indicador  3.3.4;1732;6.9;52;Goiás;12381;2019;3302;60 anos ou mais;92956;Homem;12381
Indicador  3.3.4;1732;3.6;52;Goiás;12381;2019;3302;60 anos ou mais;92957;Mulher;12381
Indicador  3.3.4;1732;2.5;52;Goiás;12381;2020;95253;Total;6794;Total;12381
Indicador  3.3.4;1732;2.9;52;Goiás;12381;2020;95253;Total;92956;Homem;12381
Indicador  3.3.4;1732;2.1;52;Goiás;12381;2020;95253;Total;92957;Mulher;12381
Indicador  3.3.4;1732;0.2;52;Goiás;12381;2020;1140;0 a 4 anos;6794;Total;12381
Indicador  3.3.4;1732;0.4;52;Goiás;12381;2020;1140;0 a 4 anos;92956;Homem;12381
Indicador  3.3.4;1732;0.0;52;Goiás;12381;2020;1140;0 a 4 anos;92957;Mulher;12381
Indicador  3.3.4;1732;0.0;52;Goiás;12381;2020;1141;5 a 9 anos;6794;Total;12381
Indicador  3.3.4;1732;0.0;52;Goiás;12381;2020;1141;5 a 9 anos;92956;Homem;12381
Indicador  3.3.4;1732;0.0;52;Goiás;12381;2020;1141;5 a 9 anos;92957;Mulher;12381
Indicador  3.3.4;1732;0.0;52;Goiás;12381;2020;1142;10 a 14 anos;6794;Total;12381
Indicador  3.3.4;1732;0.0;52;Goiás;12381;2020;1142;10 a 14 anos;92956;Homem;12381
Indicador  3.3.4;1732;0.0;52;Goiás;12381;2020;1142;10 a 14 anos;92957;Mulher;12381
Indicador  3.3.4;1732;0.4;52;Goiás;12381;2020;1143;15 a 19 anos;6794;Total;12381
Indicador  3.3.4;1732;0.0;52;Goiás;12381;2020;1143;15 a 19 anos;92956;Homem;12381
Indicador  3.3.4;1732;0.8;52;Goiás;12381;2020;1143;15 a 19 anos;92957;Mulher;12381
Indicador  3.3.4;1732;2.1;52;Goiás;12381;2020;1144;20 a 24 anos;6794;Total;12381
Indicador  3.3.4;1732;1.7;52;Goiás;12381;2020;1144;20 a 24 anos;92956;Homem;12381
Indicador  3.3.4;1732;2.5;52;Goiás;12381;2020;1144;20 a 24 anos;92957;Mulher;12381
Indicador  3.3.4;1732;2.7;52;Goiás;12381;2020;1145;25 a 29 anos;6794;Total;12381
Indicador  3.3.4;1732;2.0;52;Goiás;12381;2020;1145;25 a 29 anos;92956;Homem;12381
Indicador  3.3.4;1732;3.4;52;Goiás;12381;2020;1145;25 a 29 anos;92957;Mulher;12381
Indicador  3.3.4;1732;5.4;52;Goiás;12381;2020;1146;30 a 34 anos;6794;Total;12381
Indicador  3.3.4;1732;5.9;52;Goiás;12381;2020;1146;30 a 34 anos;92956;Homem;12381
Indicador  3.3.4;1732;5.0;52;Goiás;12381;2020;1146;30 a 34 anos;92957;Mulher;12381
Indicador  3.3.4;1732;3.0;52;Goiás;12381;2020;1147;35 a 39 anos;6794;Total;12381
Indicador  3.3.4;1732;2.7;52;Goiás;12381;2020;1147;35 a 39 anos;92956;Homem;12381
Indicador  3.3.4;1732;3.4;52;Goiás;12381;2020;1147;35 a 39 anos;92957;Mulher;12381
Indicador  3.3.4;1732;4.4;52;Goiás;12381;2020;1148;40 a 44 anos;6794;Total;12381
Indicador  3.3.4;1732;4.8;52;Goiás;12381;2020;1148;40 a 44 anos;92956;Homem;12381
Indicador  3.3.4;1732;3.9;52;Goiás;12381;2020;1148;40 a 44 anos;92957;Mulher;12381
Indicador  3.3.4;1732;3.1;52;Goiás;12381;2020;1149;45 a 49 anos;6794;Total;12381
Indicador  3.3.4;1732;5.1;52;Goiás;12381;2020;1149;45 a 49 anos;92956;Homem;12381
Indicador  3.3.4;1732;1.2;52;Goiás;12381;2020;1149;45 a 49 anos;92957;Mulher;12381
Indicador  3.3.4;1732;4.0;52;Goiás;12381;2020;1150;50 a 54 anos;6794;Total;12381
Indicador  3.3.4;1732;5.7;52;Goiás;12381;2020;1150;50 a 54 anos;92956;Homem;12381
Indicador  3.3.4;1732;2.3;52;Goiás;12381;2020;1150;50 a 54 anos;92957;Mulher;12381
Indicador  3.3.4;1732;3.0;52;Goiás;12381;2020;1151;55 a 59 anos;6794;Total;12381
Indicador  3.3.4;1732;6.3;52;Goiás;12381;2020;1151;55 a 59 anos;92956;Homem;12381
Indicador  3.3.4;1732;0.0;52;Goiás;12381;2020;1151;55 a 59 anos;92957;Mulher;12381
Indicador  3.3.4;1732;3.3;52;Goiás;12381;2020;3302;60 anos ou mais;6794;Total;12381
Indicador  3.3.4;1732;4.0;52;Goiás;12381;2020;3302;60 anos ou mais;92956;Homem;12381
Indicador  3.3.4;1732;2.8;52;Goiás;12381;2020;3302;60 anos ou mais;92957;Mulher;12381
Indicador  3.3.4;1732;6.7;52;Goiás;12381;2021;95253;Total;6794;Total;12381
Indicador  3.3.4;1732;7.5;52;Goiás;12381;2021;95253;Total;92956;Homem;12381
Indicador  3.3.4;1732;5.9;52;Goiás;12381;2021;95253;Total;92957;Mulher;12381
Indicador  3.3.4;1732;0.8;52;Goiás;12381;2021;1140;0 a 4 anos;6794;Total;12381
Indicador  3.3.4;1732;1.1;52;Goiás;12381;2021;1140;0 a 4 anos;92956;Homem;12381
Indicador  3.3.4;1732;0.4;52;Goiás;12381;2021;1140;0 a 4 anos;92957;Mulher;12381
Indicador  3.3.4;1732;0.0;52;Goiás;12381;2021;1141;5 a 9 anos;6794;Total;12381
Indicador  3.3.4;1732;0.0;52;Goiás;12381;2021;1141;5 a 9 anos;92956;Homem;12381
Indicador  3.3.4;1732;0.0;52;Goiás;12381;2021;1141;5 a 9 anos;92957;Mulher;12381
Indicador  3.3.4;1732;0.0;52;Goiás;12381;2021;1142;10 a 14 anos;6794;Total;12381
Indicador  3.3.4;1732;0.0;52;Goiás;12381;2021;1142;10 a 14 anos;92956;Homem;12381
Indicador  3.3.4;1732;0.0;52;Goiás;12381;2021;1142;10 a 14 anos;92957;Mulher;12381
Indicador  3.3.4;1732;0.2;52;Goiás;12381;2021;1143;15 a 19 anos;6794;Total;12381
Indicador  3.3.4;1732;0.0;52;Goiás;12381;2021;1143;15 a 19 anos;92956;Homem;12381
Indicador  3.3.4;1732;0.4;52;Goiás;12381;2021;1143;15 a 19 anos;92957;Mulher;12381
Indicador  3.3.4;1732;3.2;52;Goiás;12381;2021;1144;20 a 24 anos;6794;Total;12381
Indicador  3.3.4;1732;3.8;52;Goiás;12381;2021;1144;20 a 24 anos;92956;Homem;12381
Indicador  3.3.4;1732;2.5;52;Goiás;12381;2021;1144;20 a 24 anos;92957;Mulher;12381
Indicador  3.3.4;1732;6.1;52;Goiás;12381;2021;1145;25 a 29 anos;6794;Total;12381
Indicador  3.3.4;1732;5.4;52;Goiás;12381;2021;1145;25 a 29 anos;92956;Homem;12381
Indicador  3.3.4;1732;6.8;52;Goiás;12381;2021;1145;25 a 29 anos;92957;Mulher;12381
Indicador  3.3.4;1732;7.2;52;Goiás;12381;2021;1146;30 a 34 anos;6794;Total;12381
Indicador  3.3.4;1732;6.8;52;Goiás;12381;2021;1146;30 a 34 anos;92956;Homem;12381
Indicador  3.3.4;1732;7.6;52;Goiás;12381;2021;1146;30 a 34 anos;92957;Mulher;12381
Indicador  3.3.4;1732;11.0;52;Goiás;12381;2021;1147;35 a 39 anos;6794;Total;12381
Indicador  3.3.4;1732;12.1;52;Goiás;12381;2021;1147;35 a 39 anos;92956;Homem;12381
Indicador  3.3.4;1732;10.0;52;Goiás;12381;2021;1147;35 a 39 anos;92957;Mulher;12381
Indicador  3.3.4;1732;11.9;52;Goiás;12381;2021;1148;40 a 44 anos;6794;Total;12381
Indicador  3.3.4;1732;12.7;52;Goiás;12381;2021;1148;40 a 44 anos;92956;Homem;12381
Indicador  3.3.4;1732;11.2;52;Goiás;12381;2021;1148;40 a 44 anos;92957;Mulher;12381
Indicador  3.3.4;1732;11.7;52;Goiás;12381;2021;1149;45 a 49 anos;6794;Total;12381
Indicador  3.3.4;1732;13.3;52;Goiás;12381;2021;1149;45 a 49 anos;92956;Homem;12381
Indicador  3.3.4;1732;10.3;52;Goiás;12381;2021;1149;45 a 49 anos;92957;Mulher;12381
Indicador  3.3.4;1732;14.3;52;Goiás;12381;2021;1150;50 a 54 anos;6794;Total;12381
Indicador  3.3.4;1732;21.1;52;Goiás;12381;2021;1150;50 a 54 anos;92956;Homem;12381
Indicador  3.3.4;1732;8.0;52;Goiás;12381;2021;1150;50 a 54 anos;92957;Mulher;12381
Indicador  3.3.4;1732;11.8;52;Goiás;12381;2021;1151;55 a 59 anos;6794;Total;12381
Indicador  3.3.4;1732;11.7;52;Goiás;12381;2021;1151;55 a 59 anos;92956;Homem;12381
Indicador  3.3.4;1732;11.8;52;Goiás;12381;2021;1151;55 a 59 anos;92957;Mulher;12381
Indicador  3.3.4;1732;8.9;52;Goiás;12381;2021;3302;60 anos ou mais;6794;Total;12381
Indicador  3.3.4;1732;11.6;52;Goiás;12381;2021;3302;60 anos ou mais;92956;Homem;12381
Indicador  3.3.4;1732;6.5;52;Goiás;12381;2021;3302;60 anos ou mais;92957;Mulher;12381
Indicador  3.3.4;1732;4.8;52;Goiás;12381;2022;95253;Total;6794;Total;12381
Indicador  3.3.4;1732;5.1;52;Goiás;12381;2022;95253;Total;92956;Homem;12381
Indicador  3.3.4;1732;4.5;52;Goiás;12381;2022;95253;Total;92957;Mulher;12381
Indicador  3.3.4;1732;0.6;52;Goiás;12381;2022;1140;0 a 4 anos;6794;Total;12381
Indicador  3.3.4;1732;0.8;52;Goiás;12381;2022;1140;0 a 4 anos;92956;Homem;12381
Indicador  3.3.4;1732;0.4;52;Goiás;12381;2022;1140;0 a 4 anos;92957;Mulher;12381
Indicador  3.3.4;1732;0.0;52;Goiás;12381;2022;1141;5 a 9 anos;6794;Total;12381
Indicador  3.3.4;1732;0.0;52;Goiás;12381;2022;1141;5 a 9 anos;92956;Homem;12381
Indicador  3.3.4;1732;0.0;52;Goiás;12381;2022;1141;5 a 9 anos;92957;Mulher;12381
Indicador  3.3.4;1732;0.2;52;Goiás;12381;2022;1142;10 a 14 anos;6794;Total;12381
Indicador  3.3.4;1732;0.4;52;Goiás;12381;2022;1142;10 a 14 anos;92956;Homem;12381
Indicador  3.3.4;1732;0.0;52;Goiás;12381;2022;1142;10 a 14 anos;92957;Mulher;12381
Indicador  3.3.4;1732;0.6;52;Goiás;12381;2022;1143;15 a 19 anos;6794;Total;12381
Indicador  3.3.4;1732;0.8;52;Goiás;12381;2022;1143;15 a 19 anos;92956;Homem;12381
Indicador  3.3.4;1732;0.4;52;Goiás;12381;2022;1143;15 a 19 anos;92957;Mulher;12381
Indicador  3.3.4;1732;2.0;52;Goiás;12381;2022;1144;20 a 24 anos;6794;Total;12381
Indicador  3.3.4;1732;1.4;52;Goiás;12381;2022;1144;20 a 24 anos;92956;Homem;12381
Indicador  3.3.4;1732;2.5;52;Goiás;12381;2022;1144;20 a 24 anos;92957;Mulher;12381
Indicador  3.3.4;1732;4.7;52;Goiás;12381;2022;1145;25 a 29 anos;6794;Total;12381
Indicador  3.3.4;1732;3.3;52;Goiás;12381;2022;1145;25 a 29 anos;92956;Homem;12381
Indicador  3.3.4;1732;6.1;52;Goiás;12381;2022;1145;25 a 29 anos;92957;Mulher;12381
Indicador  3.3.4;1732;8.4;52;Goiás;12381;2022;1146;30 a 34 anos;6794;Total;12381
Indicador  3.3.4;1732;6.5;52;Goiás;12381;2022;1146;30 a 34 anos;92956;Homem;12381
Indicador  3.3.4;1732;10.2;52;Goiás;12381;2022;1146;30 a 34 anos;92957;Mulher;12381
Indicador  3.3.4;1732;7.5;52;Goiás;12381;2022;1147;35 a 39 anos;6794;Total;12381
Indicador  3.3.4;1732;7.9;52;Goiás;12381;2022;1147;35 a 39 anos;92956;Homem;12381
Indicador  3.3.4;1732;7.0;52;Goiás;12381;2022;1147;35 a 39 anos;92957;Mulher;12381
Indicador  3.3.4;1732;8.2;52;Goiás;12381;2022;1148;40 a 44 anos;6794;Total;12381
Indicador  3.3.4;1732;7.8;52;Goiás;12381;2022;1148;40 a 44 anos;92956;Homem;12381
Indicador  3.3.4;1732;8.6;52;Goiás;12381;2022;1148;40 a 44 anos;92957;Mulher;12381
Indicador  3.3.4;1732;8.1;52;Goiás;12381;2022;1149;45 a 49 anos;6794;Total;12381
Indicador  3.3.4;1732;11.7;52;Goiás;12381;2022;1149;45 a 49 anos;92956;Homem;12381
Indicador  3.3.4;1732;4.6;52;Goiás;12381;2022;1149;45 a 49 anos;92957;Mulher;12381
Indicador  3.3.4;1732;6.9;52;Goiás;12381;2022;1150;50 a 54 anos;6794;Total;12381
Indicador  3.3.4;1732;7.8;52;Goiás;12381;2022;1150;50 a 54 anos;92956;Homem;12381
Indicador  3.3.4;1732;6.1;52;Goiás;12381;2022;1150;50 a 54 anos;92957;Mulher;12381
Indicador  3.3.4;1732;7.0;52;Goiás;12381;2022;1151;55 a 59 anos;6794;Total;12381
Indicador  3.3.4;1732;10.2;52;Goiás;12381;2022;1151;55 a 59 anos;92956;Homem;12381
Indicador  3.3.4;1732;4.0;52;Goiás;12381;2022;1151;55 a 59 anos;92957;Mulher;12381
Indicador  3.3.4;1732;6.6;52;Goiás;12381;2022;3302;60 anos ou mais;6794;Total;12381
Indicador  3.3.4;1732;7.8;52;Goiás;12381;2022;3302;60 anos ou mais;92956;Homem;12381
Indicador  3.3.4;1732;5.7;52;Goiás;12381;2022;3302;60 anos ou mais;92957;Mulher;12381
Indicador  3.3.4;1732;4.3;53;Distrito Federal;12381;2018;95253;Total;6794;Total;12381
Indicador  3.3.4;1732;4.4;53;Distrito Federal;12381;2018;95253;Total;92956;Homem;12381
Indicador  3.3.4;1732;4.1;53;Distrito Federal;12381;2018;95253;Total;92957;Mulher;12381
Indicador  3.3.4;1732;0.0;53;Distrito Federal;12381;2018;1140;0 a 4 anos;6794;Total;12381
Indicador  3.3.4;1732;0.0;53;Distrito Federal;12381;2018;1140;0 a 4 anos;92956;Homem;12381
Indicador  3.3.4;1732;0.0;53;Distrito Federal;12381;2018;1140;0 a 4 anos;92957;Mulher;12381
Indicador  3.3.4;1732;0.0;53;Distrito Federal;12381;2018;1141;5 a 9 anos;6794;Total;12381
Indicador  3.3.4;1732;0.0;53;Distrito Federal;12381;2018;1141;5 a 9 anos;92956;Homem;12381
Indicador  3.3.4;1732;0.0;53;Distrito Federal;12381;2018;1141;5 a 9 anos;92957;Mulher;12381
Indicador  3.3.4;1732;0.5;53;Distrito Federal;12381;2018;1142;10 a 14 anos;6794;Total;12381
Indicador  3.3.4;1732;0.0;53;Distrito Federal;12381;2018;1142;10 a 14 anos;92956;Homem;12381
Indicador  3.3.4;1732;0.9;53;Distrito Federal;12381;2018;1142;10 a 14 anos;92957;Mulher;12381
Indicador  3.3.4;1732;0.8;53;Distrito Federal;12381;2018;1143;15 a 19 anos;6794;Total;12381
Indicador  3.3.4;1732;0.8;53;Distrito Federal;12381;2018;1143;15 a 19 anos;92956;Homem;12381
Indicador  3.3.4;1732;0.8;53;Distrito Federal;12381;2018;1143;15 a 19 anos;92957;Mulher;12381
Indicador  3.3.4;1732;2.4;53;Distrito Federal;12381;2018;1144;20 a 24 anos;6794;Total;12381
Indicador  3.3.4;1732;1.6;53;Distrito Federal;12381;2018;1144;20 a 24 anos;92956;Homem;12381
Indicador  3.3.4;1732;3.2;53;Distrito Federal;12381;2018;1144;20 a 24 anos;92957;Mulher;12381
Indicador  3.3.4;1732;5.1;53;Distrito Federal;12381;2018;1145;25 a 29 anos;6794;Total;12381
Indicador  3.3.4;1732;3.2;53;Distrito Federal;12381;2018;1145;25 a 29 anos;92956;Homem;12381
Indicador  3.3.4;1732;6.9;53;Distrito Federal;12381;2018;1145;25 a 29 anos;92957;Mulher;12381
Indicador  3.3.4;1732;5.1;53;Distrito Federal;12381;2018;1146;30 a 34 anos;6794;Total;12381
Indicador  3.3.4;1732;5.3;53;Distrito Federal;12381;2018;1146;30 a 34 anos;92956;Homem;12381
Indicador  3.3.4;1732;5.0;53;Distrito Federal;12381;2018;1146;30 a 34 anos;92957;Mulher;12381
Indicador  3.3.4;1732;10.2;53;Distrito Federal;12381;2018;1147;35 a 39 anos;6794;Total;12381
Indicador  3.3.4;1732;10.0;53;Distrito Federal;12381;2018;1147;35 a 39 anos;92956;Homem;12381
Indicador  3.3.4;1732;10.3;53;Distrito Federal;12381;2018;1147;35 a 39 anos;92957;Mulher;12381
Indicador  3.3.4;1732;5.8;53;Distrito Federal;12381;2018;1148;40 a 44 anos;6794;Total;12381
Indicador  3.3.4;1732;6.2;53;Distrito Federal;12381;2018;1148;40 a 44 anos;92956;Homem;12381
Indicador  3.3.4;1732;5.4;53;Distrito Federal;12381;2018;1148;40 a 44 anos;92957;Mulher;12381
Indicador  3.3.4;1732;4.9;53;Distrito Federal;12381;2018;1149;45 a 49 anos;6794;Total;12381
Indicador  3.3.4;1732;6.3;53;Distrito Federal;12381;2018;1149;45 a 49 anos;92956;Homem;12381
Indicador  3.3.4;1732;3.7;53;Distrito Federal;12381;2018;1149;45 a 49 anos;92957;Mulher;12381
Indicador  3.3.4;1732;8.0;53;Distrito Federal;12381;2018;1150;50 a 54 anos;6794;Total;12381
Indicador  3.3.4;1732;12.3;53;Distrito Federal;12381;2018;1150;50 a 54 anos;92956;Homem;12381
Indicador  3.3.4;1732;4.3;53;Distrito Federal;12381;2018;1150;50 a 54 anos;92957;Mulher;12381
Indicador  3.3.4;1732;7.2;53;Distrito Federal;12381;2018;1151;55 a 59 anos;6794;Total;12381
Indicador  3.3.4;1732;11.2;53;Distrito Federal;12381;2018;1151;55 a 59 anos;92956;Homem;12381
Indicador  3.3.4;1732;3.9;53;Distrito Federal;12381;2018;1151;55 a 59 anos;92957;Mulher;12381
Indicador  3.3.4;1732;4.8;53;Distrito Federal;12381;2018;3302;60 anos ou mais;6794;Total;12381
Indicador  3.3.4;1732;4.6;53;Distrito Federal;12381;2018;3302;60 anos ou mais;92956;Homem;12381
Indicador  3.3.4;1732;5.0;53;Distrito Federal;12381;2018;3302;60 anos ou mais;92957;Mulher;12381
Indicador  3.3.4;1732;4.1;53;Distrito Federal;12381;2019;95253;Total;6794;Total;12381
Indicador  3.3.4;1732;5.1;53;Distrito Federal;12381;2019;95253;Total;92956;Homem;12381
Indicador  3.3.4;1732;3.2;53;Distrito Federal;12381;2019;95253;Total;92957;Mulher;12381
Indicador  3.3.4;1732;0.0;53;Distrito Federal;12381;2019;1140;0 a 4 anos;6794;Total;12381
Indicador  3.3.4;1732;0.0;53;Distrito Federal;12381;2019;1140;0 a 4 anos;92956;Homem;12381
Indicador  3.3.4;1732;0.0;53;Distrito Federal;12381;2019;1140;0 a 4 anos;92957;Mulher;12381
Indicador  3.3.4;1732;0.0;53;Distrito Federal;12381;2019;1141;5 a 9 anos;6794;Total;12381
Indicador  3.3.4;1732;0.0;53;Distrito Federal;12381;2019;1141;5 a 9 anos;92956;Homem;12381
Indicador  3.3.4;1732;0.0;53;Distrito Federal;12381;2019;1141;5 a 9 anos;92957;Mulher;12381
Indicador  3.3.4;1732;0.0;53;Distrito Federal;12381;2019;1142;10 a 14 anos;6794;Total;12381
Indicador  3.3.4;1732;0.0;53;Distrito Federal;12381;2019;1142;10 a 14 anos;92956;Homem;12381
Indicador  3.3.4;1732;0.0;53;Distrito Federal;12381;2019;1142;10 a 14 anos;92957;Mulher;12381
Indicador  3.3.4;1732;0.0;53;Distrito Federal;12381;2019;1143;15 a 19 anos;6794;Total;12381
Indicador  3.3.4;1732;0.0;53;Distrito Federal;12381;2019;1143;15 a 19 anos;92956;Homem;12381
Indicador  3.3.4;1732;0.0;53;Distrito Federal;12381;2019;1143;15 a 19 anos;92957;Mulher;12381
Indicador  3.3.4;1732;2.8;53;Distrito Federal;12381;2019;1144;20 a 24 anos;6794;Total;12381
Indicador  3.3.4;1732;2.4;53;Distrito Federal;12381;2019;1144;20 a 24 anos;92956;Homem;12381
Indicador  3.3.4;1732;3.2;53;Distrito Federal;12381;2019;1144;20 a 24 anos;92957;Mulher;12381
Indicador  3.3.4;1732;5.9;53;Distrito Federal;12381;2019;1145;25 a 29 anos;6794;Total;12381
Indicador  3.3.4;1732;4.8;53;Distrito Federal;12381;2019;1145;25 a 29 anos;92956;Homem;12381
Indicador  3.3.4;1732;6.9;53;Distrito Federal;12381;2019;1145;25 a 29 anos;92957;Mulher;12381
Indicador  3.3.4;1732;5.9;53;Distrito Federal;12381;2019;1146;30 a 34 anos;6794;Total;12381
Indicador  3.3.4;1732;6.1;53;Distrito Federal;12381;2019;1146;30 a 34 anos;92956;Homem;12381
Indicador  3.3.4;1732;5.8;53;Distrito Federal;12381;2019;1146;30 a 34 anos;92957;Mulher;12381
Indicador  3.3.4;1732;7.9;53;Distrito Federal;12381;2019;1147;35 a 39 anos;6794;Total;12381
Indicador  3.3.4;1732;8.4;53;Distrito Federal;12381;2019;1147;35 a 39 anos;92956;Homem;12381
Indicador  3.3.4;1732;7.5;53;Distrito Federal;12381;2019;1147;35 a 39 anos;92957;Mulher;12381
Indicador  3.3.4;1732;7.2;53;Distrito Federal;12381;2019;1148;40 a 44 anos;6794;Total;12381
Indicador  3.3.4;1732;10.2;53;Distrito Federal;12381;2019;1148;40 a 44 anos;92956;Homem;12381
Indicador  3.3.4;1732;4.5;53;Distrito Federal;12381;2019;1148;40 a 44 anos;92957;Mulher;12381
Indicador  3.3.4;1732;4.8;53;Distrito Federal;12381;2019;1149;45 a 49 anos;6794;Total;12381
Indicador  3.3.4;1732;7.2;53;Distrito Federal;12381;2019;1149;45 a 49 anos;92956;Homem;12381
Indicador  3.3.4;1732;2.7;53;Distrito Federal;12381;2019;1149;45 a 49 anos;92957;Mulher;12381
Indicador  3.3.4;1732;6.6;53;Distrito Federal;12381;2019;1150;50 a 54 anos;6794;Total;12381
Indicador  3.3.4;1732;11.9;53;Distrito Federal;12381;2019;1150;50 a 54 anos;92956;Homem;12381
Indicador  3.3.4;1732;2.1;53;Distrito Federal;12381;2019;1150;50 a 54 anos;92957;Mulher;12381
Indicador  3.3.4;1732;4.8;53;Distrito Federal;12381;2019;1151;55 a 59 anos;6794;Total;12381
Indicador  3.3.4;1732;7.6;53;Distrito Federal;12381;2019;1151;55 a 59 anos;92956;Homem;12381
Indicador  3.3.4;1732;2.5;53;Distrito Federal;12381;2019;1151;55 a 59 anos;92957;Mulher;12381
Indicador  3.3.4;1732;5.2;53;Distrito Federal;12381;2019;3302;60 anos ou mais;6794;Total;12381
Indicador  3.3.4;1732;8.7;53;Distrito Federal;12381;2019;3302;60 anos ou mais;92956;Homem;12381
Indicador  3.3.4;1732;2.6;53;Distrito Federal;12381;2019;3302;60 anos ou mais;92957;Mulher;12381
Indicador  3.3.4;1732;3.2;53;Distrito Federal;12381;2020;95253;Total;6794;Total;12381
Indicador  3.3.4;1732;4.0;53;Distrito Federal;12381;2020;95253;Total;92956;Homem;12381
Indicador  3.3.4;1732;2.4;53;Distrito Federal;12381;2020;95253;Total;92957;Mulher;12381
Indicador  3.3.4;1732;0.0;53;Distrito Federal;12381;2020;1140;0 a 4 anos;6794;Total;12381
Indicador  3.3.4;1732;0.0;53;Distrito Federal;12381;2020;1140;0 a 4 anos;92956;Homem;12381
Indicador  3.3.4;1732;0.0;53;Distrito Federal;12381;2020;1140;0 a 4 anos;92957;Mulher;12381
Indicador  3.3.4;1732;0.5;53;Distrito Federal;12381;2020;1141;5 a 9 anos;6794;Total;12381
Indicador  3.3.4;1732;0.0;53;Distrito Federal;12381;2020;1141;5 a 9 anos;92956;Homem;12381
Indicador  3.3.4;1732;1.1;53;Distrito Federal;12381;2020;1141;5 a 9 anos;92957;Mulher;12381
Indicador  3.3.4;1732;0.0;53;Distrito Federal;12381;2020;1142;10 a 14 anos;6794;Total;12381
Indicador  3.3.4;1732;0.0;53;Distrito Federal;12381;2020;1142;10 a 14 anos;92956;Homem;12381
Indicador  3.3.4;1732;0.0;53;Distrito Federal;12381;2020;1142;10 a 14 anos;92957;Mulher;12381
Indicador  3.3.4;1732;0.0;53;Distrito Federal;12381;2020;1143;15 a 19 anos;6794;Total;12381
Indicador  3.3.4;1732;0.0;53;Distrito Federal;12381;2020;1143;15 a 19 anos;92956;Homem;12381
Indicador  3.3.4;1732;0.0;53;Distrito Federal;12381;2020;1143;15 a 19 anos;92957;Mulher;12381
Indicador  3.3.4;1732;1.2;53;Distrito Federal;12381;2020;1144;20 a 24 anos;6794;Total;12381
Indicador  3.3.4;1732;1.6;53;Distrito Federal;12381;2020;1144;20 a 24 anos;92956;Homem;12381
Indicador  3.3.4;1732;0.8;53;Distrito Federal;12381;2020;1144;20 a 24 anos;92957;Mulher;12381
Indicador  3.3.4;1732;4.7;53;Distrito Federal;12381;2020;1145;25 a 29 anos;6794;Total;12381
Indicador  3.3.4;1732;4.8;53;Distrito Federal;12381;2020;1145;25 a 29 anos;92956;Homem;12381
Indicador  3.3.4;1732;4.6;53;Distrito Federal;12381;2020;1145;25 a 29 anos;92957;Mulher;12381
Indicador  3.3.4;1732;4.5;53;Distrito Federal;12381;2020;1146;30 a 34 anos;6794;Total;12381
Indicador  3.3.4;1732;4.6;53;Distrito Federal;12381;2020;1146;30 a 34 anos;92956;Homem;12381
Indicador  3.3.4;1732;4.4;53;Distrito Federal;12381;2020;1146;30 a 34 anos;92957;Mulher;12381
Indicador  3.3.4;1732;2.1;53;Distrito Federal;12381;2020;1147;35 a 39 anos;6794;Total;12381
Indicador  3.3.4;1732;3.0;53;Distrito Federal;12381;2020;1147;35 a 39 anos;92956;Homem;12381
Indicador  3.3.4;1732;1.4;53;Distrito Federal;12381;2020;1147;35 a 39 anos;92957;Mulher;12381
Indicador  3.3.4;1732;3.9;53;Distrito Federal;12381;2020;1148;40 a 44 anos;6794;Total;12381
Indicador  3.3.4;1732;4.1;53;Distrito Federal;12381;2020;1148;40 a 44 anos;92956;Homem;12381
Indicador  3.3.4;1732;3.6;53;Distrito Federal;12381;2020;1148;40 a 44 anos;92957;Mulher;12381
Indicador  3.3.4;1732;6.1;53;Distrito Federal;12381;2020;1149;45 a 49 anos;6794;Total;12381
Indicador  3.3.4;1732;9.0;53;Distrito Federal;12381;2020;1149;45 a 49 anos;92956;Homem;12381
Indicador  3.3.4;1732;3.5;53;Distrito Federal;12381;2020;1149;45 a 49 anos;92957;Mulher;12381
Indicador  3.3.4;1732;5.9;53;Distrito Federal;12381;2020;1150;50 a 54 anos;6794;Total;12381
Indicador  3.3.4;1732;9.2;53;Distrito Federal;12381;2020;1150;50 a 54 anos;92956;Homem;12381
Indicador  3.3.4;1732;3.0;53;Distrito Federal;12381;2020;1150;50 a 54 anos;92957;Mulher;12381
Indicador  3.3.4;1732;7.2;53;Distrito Federal;12381;2020;1151;55 a 59 anos;6794;Total;12381
Indicador  3.3.4;1732;8.7;53;Distrito Federal;12381;2020;1151;55 a 59 anos;92956;Homem;12381
Indicador  3.3.4;1732;6.0;53;Distrito Federal;12381;2020;1151;55 a 59 anos;92957;Mulher;12381
Indicador  3.3.4;1732;5.2;53;Distrito Federal;12381;2020;3302;60 anos ou mais;6794;Total;12381
Indicador  3.3.4;1732;8.9;53;Distrito Federal;12381;2020;3302;60 anos ou mais;92956;Homem;12381
Indicador  3.3.4;1732;2.5;53;Distrito Federal;12381;2020;3302;60 anos ou mais;92957;Mulher;12381
Indicador  3.3.4;1732;4.1;53;Distrito Federal;12381;2021;95253;Total;6794;Total;12381
Indicador  3.3.4;1732;4.9;53;Distrito Federal;12381;2021;95253;Total;92956;Homem;12381
Indicador  3.3.4;1732;3.4;53;Distrito Federal;12381;2021;95253;Total;92957;Mulher;12381
Indicador  3.3.4;1732;0.0;53;Distrito Federal;12381;2021;1140;0 a 4 anos;6794;Total;12381
Indicador  3.3.4;1732;0.0;53;Distrito Federal;12381;2021;1140;0 a 4 anos;92956;Homem;12381
Indicador  3.3.4;1732;0.0;53;Distrito Federal;12381;2021;1140;0 a 4 anos;92957;Mulher;12381
Indicador  3.3.4;1732;0.0;53;Distrito Federal;12381;2021;1141;5 a 9 anos;6794;Total;12381
Indicador  3.3.4;1732;0.0;53;Distrito Federal;12381;2021;1141;5 a 9 anos;92956;Homem;12381
Indicador  3.3.4;1732;0.0;53;Distrito Federal;12381;2021;1141;5 a 9 anos;92957;Mulher;12381
Indicador  3.3.4;1732;0.0;53;Distrito Federal;12381;2021;1142;10 a 14 anos;6794;Total;12381
Indicador  3.3.4;1732;0.0;53;Distrito Federal;12381;2021;1142;10 a 14 anos;92956;Homem;12381
Indicador  3.3.4;1732;0.0;53;Distrito Federal;12381;2021;1142;10 a 14 anos;92957;Mulher;12381
Indicador  3.3.4;1732;0.4;53;Distrito Federal;12381;2021;1143;15 a 19 anos;6794;Total;12381
Indicador  3.3.4;1732;0.0;53;Distrito Federal;12381;2021;1143;15 a 19 anos;92956;Homem;12381
Indicador  3.3.4;1732;0.9;53;Distrito Federal;12381;2021;1143;15 a 19 anos;92957;Mulher;12381
Indicador  3.3.4;1732;1.2;53;Distrito Federal;12381;2021;1144;20 a 24 anos;6794;Total;12381
Indicador  3.3.4;1732;1.6;53;Distrito Federal;12381;2021;1144;20 a 24 anos;92956;Homem;12381
Indicador  3.3.4;1732;0.8;53;Distrito Federal;12381;2021;1144;20 a 24 anos;92957;Mulher;12381
Indicador  3.3.4;1732;6.3;53;Distrito Federal;12381;2021;1145;25 a 29 anos;6794;Total;12381
Indicador  3.3.4;1732;8.8;53;Distrito Federal;12381;2021;1145;25 a 29 anos;92956;Homem;12381
Indicador  3.3.4;1732;3.9;53;Distrito Federal;12381;2021;1145;25 a 29 anos;92957;Mulher;12381
Indicador  3.3.4;1732;5.3;53;Distrito Federal;12381;2021;1146;30 a 34 anos;6794;Total;12381
Indicador  3.3.4;1732;6.2;53;Distrito Federal;12381;2021;1146;30 a 34 anos;92956;Homem;12381
Indicador  3.3.4;1732;4.4;53;Distrito Federal;12381;2021;1146;30 a 34 anos;92957;Mulher;12381
Indicador  3.3.4;1732;3.2;53;Distrito Federal;12381;2021;1147;35 a 39 anos;6794;Total;12381
Indicador  3.3.4;1732;2.3;53;Distrito Federal;12381;2021;1147;35 a 39 anos;92956;Homem;12381
Indicador  3.3.4;1732;4.1;53;Distrito Federal;12381;2021;1147;35 a 39 anos;92957;Mulher;12381
Indicador  3.3.4;1732;7.1;53;Distrito Federal;12381;2021;1148;40 a 44 anos;6794;Total;12381
Indicador  3.3.4;1732;8.8;53;Distrito Federal;12381;2021;1148;40 a 44 anos;92956;Homem;12381
Indicador  3.3.4;1732;5.7;53;Distrito Federal;12381;2021;1148;40 a 44 anos;92957;Mulher;12381
Indicador  3.3.4;1732;4.0;53;Distrito Federal;12381;2021;1149;45 a 49 anos;6794;Total;12381
Indicador  3.3.4;1732;4.8;53;Distrito Federal;12381;2021;1149;45 a 49 anos;92956;Homem;12381
Indicador  3.3.4;1732;3.4;53;Distrito Federal;12381;2021;1149;45 a 49 anos;92957;Mulher;12381
Indicador  3.3.4;1732;6.3;53;Distrito Federal;12381;2021;1150;50 a 54 anos;6794;Total;12381
Indicador  3.3.4;1732;7.8;53;Distrito Federal;12381;2021;1150;50 a 54 anos;92956;Homem;12381
Indicador  3.3.4;1732;4.9;53;Distrito Federal;12381;2021;1150;50 a 54 anos;92957;Mulher;12381
Indicador  3.3.4;1732;10.1;53;Distrito Federal;12381;2021;1151;55 a 59 anos;6794;Total;12381
Indicador  3.3.4;1732;9.7;53;Distrito Federal;12381;2021;1151;55 a 59 anos;92956;Homem;12381
Indicador  3.3.4;1732;10.4;53;Distrito Federal;12381;2021;1151;55 a 59 anos;92957;Mulher;12381
Indicador  3.3.4;1732;7.9;53;Distrito Federal;12381;2021;3302;60 anos ou mais;6794;Total;12381
Indicador  3.3.4;1732;12.4;53;Distrito Federal;12381;2021;3302;60 anos ou mais;92956;Homem;12381
Indicador  3.3.4;1732;4.7;53;Distrito Federal;12381;2021;3302;60 anos ou mais;92957;Mulher;12381
Indicador  3.3.4;1732;2.4;53;Distrito Federal;12381;2022;95253;Total;6794;Total;12381
Indicador  3.3.4;1732;3.7;53;Distrito Federal;12381;2022;95253;Total;92956;Homem;12381
Indicador  3.3.4;1732;1.3;53;Distrito Federal;12381;2022;95253;Total;92957;Mulher;12381
Indicador  3.3.4;1732;0.0;53;Distrito Federal;12381;2022;1140;0 a 4 anos;6794;Total;12381
Indicador  3.3.4;1732;0.0;53;Distrito Federal;12381;2022;1140;0 a 4 anos;92956;Homem;12381
Indicador  3.3.4;1732;0.0;53;Distrito Federal;12381;2022;1140;0 a 4 anos;92957;Mulher;12381
Indicador  3.3.4;1732;0.0;53;Distrito Federal;12381;2022;1141;5 a 9 anos;6794;Total;12381
Indicador  3.3.4;1732;0.0;53;Distrito Federal;12381;2022;1141;5 a 9 anos;92956;Homem;12381
Indicador  3.3.4;1732;0.0;53;Distrito Federal;12381;2022;1141;5 a 9 anos;92957;Mulher;12381
Indicador  3.3.4;1732;0.0;53;Distrito Federal;12381;2022;1142;10 a 14 anos;6794;Total;12381
Indicador  3.3.4;1732;0.0;53;Distrito Federal;12381;2022;1142;10 a 14 anos;92956;Homem;12381
Indicador  3.3.4;1732;0.0;53;Distrito Federal;12381;2022;1142;10 a 14 anos;92957;Mulher;12381
Indicador  3.3.4;1732;0.0;53;Distrito Federal;12381;2022;1143;15 a 19 anos;6794;Total;12381
Indicador  3.3.4;1732;0.0;53;Distrito Federal;12381;2022;1143;15 a 19 anos;92956;Homem;12381
Indicador  3.3.4;1732;0.0;53;Distrito Federal;12381;2022;1143;15 a 19 anos;92957;Mulher;12381
Indicador  3.3.4;1732;0.8;53;Distrito Federal;12381;2022;1144;20 a 24 anos;6794;Total;12381
Indicador  3.3.4;1732;0.8;53;Distrito Federal;12381;2022;1144;20 a 24 anos;92956;Homem;12381
Indicador  3.3.4;1732;0.8;53;Distrito Federal;12381;2022;1144;20 a 24 anos;92957;Mulher;12381
Indicador  3.3.4;1732;2.7;53;Distrito Federal;12381;2022;1145;25 a 29 anos;6794;Total;12381
Indicador  3.3.4;1732;3.2;53;Distrito Federal;12381;2022;1145;25 a 29 anos;92956;Homem;12381
Indicador  3.3.4;1732;2.3;53;Distrito Federal;12381;2022;1145;25 a 29 anos;92957;Mulher;12381
Indicador  3.3.4;1732;4.2;53;Distrito Federal;12381;2022;1146;30 a 34 anos;6794;Total;12381
Indicador  3.3.4;1732;7.0;53;Distrito Federal;12381;2022;1146;30 a 34 anos;92956;Homem;12381
Indicador  3.3.4;1732;1.5;53;Distrito Federal;12381;2022;1146;30 a 34 anos;92957;Mulher;12381
Indicador  3.3.4;1732;2.9;53;Distrito Federal;12381;2022;1147;35 a 39 anos;6794;Total;12381
Indicador  3.3.4;1732;3.8;53;Distrito Federal;12381;2022;1147;35 a 39 anos;92956;Homem;12381
Indicador  3.3.4;1732;2.1;53;Distrito Federal;12381;2022;1147;35 a 39 anos;92957;Mulher;12381
Indicador  3.3.4;1732;2.6;53;Distrito Federal;12381;2022;1148;40 a 44 anos;6794;Total;12381
Indicador  3.3.4;1732;1.6;53;Distrito Federal;12381;2022;1148;40 a 44 anos;92956;Homem;12381
Indicador  3.3.4;1732;3.5;53;Distrito Federal;12381;2022;1148;40 a 44 anos;92957;Mulher;12381
Indicador  3.3.4;1732;3.5;53;Distrito Federal;12381;2022;1149;45 a 49 anos;6794;Total;12381
Indicador  3.3.4;1732;6.5;53;Distrito Federal;12381;2022;1149;45 a 49 anos;92956;Homem;12381
Indicador  3.3.4;1732;0.8;53;Distrito Federal;12381;2022;1149;45 a 49 anos;92957;Mulher;12381
Indicador  3.3.4;1732;5.6;53;Distrito Federal;12381;2022;1150;50 a 54 anos;6794;Total;12381
Indicador  3.3.4;1732;11.0;53;Distrito Federal;12381;2022;1150;50 a 54 anos;92956;Homem;12381
Indicador  3.3.4;1732;1.0;53;Distrito Federal;12381;2022;1150;50 a 54 anos;92957;Mulher;12381
Indicador  3.3.4;1732;3.0;53;Distrito Federal;12381;2022;1151;55 a 59 anos;6794;Total;12381
Indicador  3.3.4;1732;4.0;53;Distrito Federal;12381;2022;1151;55 a 59 anos;92956;Homem;12381
Indicador  3.3.4;1732;2.2;53;Distrito Federal;12381;2022;1151;55 a 59 anos;92957;Mulher;12381
Indicador  3.3.4;1732;4.4;53;Distrito Federal;12381;2022;3302;60 anos ou mais;6794;Total;12381
Indicador  3.3.4;1732;8.6;53;Distrito Federal;12381;2022;3302;60 anos ou mais;92956;Homem;12381
Indicador  3.3.4;1732;1.3;53;Distrito Federal;12381;2022;3302;60 anos ou mais;92957;Mulher;12381
