ID_INDICADOR;CODG_UND_MED;VLR_VAR;CODG_UND_FED;DESC_UND_FED;CODG_VAR;CODG_ANO;CODG_SEXO;DESC_SEXO;CODG_IDADE;DESC_IDADE;SUB_INDICADOR
Indicador  3.4.1;1755;15.12;1;Brasil;11754;2018;6794;Total;56742;30 a 69 anos;11754
Indicador  3.4.1;1755;0.17;1;Brasil;11754;2018;6794;Total;1146;30 a 34 anos;11754
Indicador  3.4.1;1755;0.30;1;Brasil;11754;2018;6794;Total;1147;35 a 39 anos;11754
Indicador  3.4.1;1755;0.52;1;Brasil;11754;2018;6794;Total;1148;40 a 44 anos;11754
Indicador  3.4.1;1755;0.91;1;Brasil;11754;2018;6794;Total;1149;45 a 49 anos;11754
Indicador  3.4.1;1755;1.55;1;Brasil;11754;2018;6794;Total;1150;50 a 54 anos;11754
Indicador  3.4.1;1755;2.49;1;Brasil;11754;2018;6794;Total;1151;55 a 59 anos;11754
Indicador  3.4.1;1755;4.05;1;Brasil;11754;2018;6794;Total;1152;60 a 64 anos;11754
Indicador  3.4.1;1755;6.08;1;Brasil;11754;2018;6794;Total;1153;65 a 69 anos;11754
Indicador  3.4.1;1755;18.01;1;Brasil;11754;2018;4;Homens;56742;30 a 69 anos;11754
Indicador  3.4.1;1755;0.17;1;Brasil;11754;2018;4;Homens;1146;30 a 34 anos;11754
Indicador  3.4.1;1755;0.30;1;Brasil;11754;2018;4;Homens;1147;35 a 39 anos;11754
Indicador  3.4.1;1755;0.54;1;Brasil;11754;2018;4;Homens;1148;40 a 44 anos;11754
Indicador  3.4.1;1755;1.00;1;Brasil;11754;2018;4;Homens;1149;45 a 49 anos;11754
Indicador  3.4.1;1755;1.82;1;Brasil;11754;2018;4;Homens;1150;50 a 54 anos;11754
Indicador  3.4.1;1755;3.04;1;Brasil;11754;2018;4;Homens;1151;55 a 59 anos;11754
Indicador  3.4.1;1755;4.99;1;Brasil;11754;2018;4;Homens;1152;60 a 64 anos;11754
Indicador  3.4.1;1755;7.50;1;Brasil;11754;2018;4;Homens;1153;65 a 69 anos;11754
Indicador  3.4.1;1755;12.52;1;Brasil;11754;2018;5;Mulheres;56742;30 a 69 anos;11754
Indicador  3.4.1;1755;0.16;1;Brasil;11754;2018;5;Mulheres;1146;30 a 34 anos;11754
Indicador  3.4.1;1755;0.30;1;Brasil;11754;2018;5;Mulheres;1147;35 a 39 anos;11754
Indicador  3.4.1;1755;0.50;1;Brasil;11754;2018;5;Mulheres;1148;40 a 44 anos;11754
Indicador  3.4.1;1755;0.82;1;Brasil;11754;2018;5;Mulheres;1149;45 a 49 anos;11754
Indicador  3.4.1;1755;1.30;1;Brasil;11754;2018;5;Mulheres;1150;50 a 54 anos;11754
Indicador  3.4.1;1755;2.00;1;Brasil;11754;2018;5;Mulheres;1151;55 a 59 anos;11754
Indicador  3.4.1;1755;3.22;1;Brasil;11754;2018;5;Mulheres;1152;60 a 64 anos;11754
Indicador  3.4.1;1755;4.86;1;Brasil;11754;2018;5;Mulheres;1153;65 a 69 anos;11754
Indicador  3.4.1;1755;14.96;1;Brasil;11754;2019;6794;Total;56742;30 a 69 anos;11754
Indicador  3.4.1;1755;0.17;1;Brasil;11754;2019;6794;Total;1146;30 a 34 anos;11754
Indicador  3.4.1;1755;0.29;1;Brasil;11754;2019;6794;Total;1147;35 a 39 anos;11754
Indicador  3.4.1;1755;0.52;1;Brasil;11754;2019;6794;Total;1148;40 a 44 anos;11754
Indicador  3.4.1;1755;0.89;1;Brasil;11754;2019;6794;Total;1149;45 a 49 anos;11754
Indicador  3.4.1;1755;1.52;1;Brasil;11754;2019;6794;Total;1150;50 a 54 anos;11754
Indicador  3.4.1;1755;2.47;1;Brasil;11754;2019;6794;Total;1151;55 a 59 anos;11754
Indicador  3.4.1;1755;3.99;1;Brasil;11754;2019;6794;Total;1152;60 a 64 anos;11754
Indicador  3.4.1;1755;6.04;1;Brasil;11754;2019;6794;Total;1153;65 a 69 anos;11754
Indicador  3.4.1;1755;17.77;1;Brasil;11754;2019;4;Homens;56742;30 a 69 anos;11754
Indicador  3.4.1;1755;0.17;1;Brasil;11754;2019;4;Homens;1146;30 a 34 anos;11754
Indicador  3.4.1;1755;0.30;1;Brasil;11754;2019;4;Homens;1147;35 a 39 anos;11754
Indicador  3.4.1;1755;0.54;1;Brasil;11754;2019;4;Homens;1148;40 a 44 anos;11754
Indicador  3.4.1;1755;0.97;1;Brasil;11754;2019;4;Homens;1149;45 a 49 anos;11754
Indicador  3.4.1;1755;1.78;1;Brasil;11754;2019;4;Homens;1150;50 a 54 anos;11754
Indicador  3.4.1;1755;3.01;1;Brasil;11754;2019;4;Homens;1151;55 a 59 anos;11754
Indicador  3.4.1;1755;4.88;1;Brasil;11754;2019;4;Homens;1152;60 a 64 anos;11754
Indicador  3.4.1;1755;7.43;1;Brasil;11754;2019;4;Homens;1153;65 a 69 anos;11754
Indicador  3.4.1;1755;12.42;1;Brasil;11754;2019;5;Mulheres;56742;30 a 69 anos;11754
Indicador  3.4.1;1755;0.17;1;Brasil;11754;2019;5;Mulheres;1146;30 a 34 anos;11754
Indicador  3.4.1;1755;0.29;1;Brasil;11754;2019;5;Mulheres;1147;35 a 39 anos;11754
Indicador  3.4.1;1755;0.50;1;Brasil;11754;2019;5;Mulheres;1148;40 a 44 anos;11754
Indicador  3.4.1;1755;0.81;1;Brasil;11754;2019;5;Mulheres;1149;45 a 49 anos;11754
Indicador  3.4.1;1755;1.28;1;Brasil;11754;2019;5;Mulheres;1150;50 a 54 anos;11754
Indicador  3.4.1;1755;1.99;1;Brasil;11754;2019;5;Mulheres;1151;55 a 59 anos;11754
Indicador  3.4.1;1755;3.19;1;Brasil;11754;2019;5;Mulheres;1152;60 a 64 anos;11754
Indicador  3.4.1;1755;4.84;1;Brasil;11754;2019;5;Mulheres;1153;65 a 69 anos;11754
Indicador  3.4.1;1755;14.49;1;Brasil;11754;2020;6794;Total;56742;30 a 69 anos;11754
Indicador  3.4.1;1755;0.18;1;Brasil;11754;2020;6794;Total;1146;30 a 34 anos;11754
Indicador  3.4.1;1755;0.29;1;Brasil;11754;2020;6794;Total;1147;35 a 39 anos;11754
Indicador  3.4.1;1755;0.52;1;Brasil;11754;2020;6794;Total;1148;40 a 44 anos;11754
Indicador  3.4.1;1755;0.88;1;Brasil;11754;2020;6794;Total;1149;45 a 49 anos;11754
Indicador  3.4.1;1755;1.49;1;Brasil;11754;2020;6794;Total;1150;50 a 54 anos;11754
Indicador  3.4.1;1755;2.39;1;Brasil;11754;2020;6794;Total;1151;55 a 59 anos;11754
Indicador  3.4.1;1755;3.83;1;Brasil;11754;2020;6794;Total;1152;60 a 64 anos;11754
Indicador  3.4.1;1755;5.79;1;Brasil;11754;2020;6794;Total;1153;65 a 69 anos;11754
Indicador  3.4.1;1755;17.18;1;Brasil;11754;2020;4;Homens;56742;30 a 69 anos;11754
Indicador  3.4.1;1755;0.18;1;Brasil;11754;2020;4;Homens;1146;30 a 34 anos;11754
Indicador  3.4.1;1755;0.30;1;Brasil;11754;2020;4;Homens;1147;35 a 39 anos;11754
Indicador  3.4.1;1755;0.52;1;Brasil;11754;2020;4;Homens;1148;40 a 44 anos;11754
Indicador  3.4.1;1755;0.96;1;Brasil;11754;2020;4;Homens;1149;45 a 49 anos;11754
Indicador  3.4.1;1755;1.72;1;Brasil;11754;2020;4;Homens;1150;50 a 54 anos;11754
Indicador  3.4.1;1755;2.87;1;Brasil;11754;2020;4;Homens;1151;55 a 59 anos;11754
Indicador  3.4.1;1755;4.67;1;Brasil;11754;2020;4;Homens;1152;60 a 64 anos;11754
Indicador  3.4.1;1755;7.19;1;Brasil;11754;2020;4;Homens;1153;65 a 69 anos;11754
Indicador  3.4.1;1755;12.05;1;Brasil;11754;2020;5;Mulheres;56742;30 a 69 anos;11754
Indicador  3.4.1;1755;0.17;1;Brasil;11754;2020;5;Mulheres;1146;30 a 34 anos;11754
Indicador  3.4.1;1755;0.29;1;Brasil;11754;2020;5;Mulheres;1147;35 a 39 anos;11754
Indicador  3.4.1;1755;0.51;1;Brasil;11754;2020;5;Mulheres;1148;40 a 44 anos;11754
Indicador  3.4.1;1755;0.81;1;Brasil;11754;2020;5;Mulheres;1149;45 a 49 anos;11754
Indicador  3.4.1;1755;1.28;1;Brasil;11754;2020;5;Mulheres;1150;50 a 54 anos;11754
Indicador  3.4.1;1755;1.95;1;Brasil;11754;2020;5;Mulheres;1151;55 a 59 anos;11754
Indicador  3.4.1;1755;3.08;1;Brasil;11754;2020;5;Mulheres;1152;60 a 64 anos;11754
Indicador  3.4.1;1755;4.58;1;Brasil;11754;2020;5;Mulheres;1153;65 a 69 anos;11754
Indicador  3.4.1;1755;14.41;1;Brasil;11754;2021;6794;Total;56742;30 a 69 anos;11754
Indicador  3.4.1;1755;0.17;1;Brasil;11754;2021;6794;Total;1146;30 a 34 anos;11754
Indicador  3.4.1;1755;0.30;1;Brasil;11754;2021;6794;Total;1147;35 a 39 anos;11754
Indicador  3.4.1;1755;0.53;1;Brasil;11754;2021;6794;Total;1148;40 a 44 anos;11754
Indicador  3.4.1;1755;0.90;1;Brasil;11754;2021;6794;Total;1149;45 a 49 anos;11754
Indicador  3.4.1;1755;1.46;1;Brasil;11754;2021;6794;Total;1150;50 a 54 anos;11754
Indicador  3.4.1;1755;2.40;1;Brasil;11754;2021;6794;Total;1151;55 a 59 anos;11754
Indicador  3.4.1;1755;3.77;1;Brasil;11754;2021;6794;Total;1152;60 a 64 anos;11754
Indicador  3.4.1;1755;5.73;1;Brasil;11754;2021;6794;Total;1153;65 a 69 anos;11754
Indicador  3.4.1;1755;17.24;1;Brasil;11754;2021;4;Homens;56742;30 a 69 anos;11754
Indicador  3.4.1;1755;0.18;1;Brasil;11754;2021;4;Homens;1146;30 a 34 anos;11754
Indicador  3.4.1;1755;0.31;1;Brasil;11754;2021;4;Homens;1147;35 a 39 anos;11754
Indicador  3.4.1;1755;0.56;1;Brasil;11754;2021;4;Homens;1148;40 a 44 anos;11754
Indicador  3.4.1;1755;1.00;1;Brasil;11754;2021;4;Homens;1149;45 a 49 anos;11754
Indicador  3.4.1;1755;1.70;1;Brasil;11754;2021;4;Homens;1150;50 a 54 anos;11754
Indicador  3.4.1;1755;2.89;1;Brasil;11754;2021;4;Homens;1151;55 a 59 anos;11754
Indicador  3.4.1;1755;4.68;1;Brasil;11754;2021;4;Homens;1152;60 a 64 anos;11754
Indicador  3.4.1;1755;7.16;1;Brasil;11754;2021;4;Homens;1153;65 a 69 anos;11754
Indicador  3.4.1;1755;11.89;1;Brasil;11754;2021;5;Mulheres;56742;30 a 69 anos;11754
Indicador  3.4.1;1755;0.17;1;Brasil;11754;2021;5;Mulheres;1146;30 a 34 anos;11754
Indicador  3.4.1;1755;0.29;1;Brasil;11754;2021;5;Mulheres;1147;35 a 39 anos;11754
Indicador  3.4.1;1755;0.50;1;Brasil;11754;2021;5;Mulheres;1148;40 a 44 anos;11754
Indicador  3.4.1;1755;0.81;1;Brasil;11754;2021;5;Mulheres;1149;45 a 49 anos;11754
Indicador  3.4.1;1755;1.24;1;Brasil;11754;2021;5;Mulheres;1150;50 a 54 anos;11754
Indicador  3.4.1;1755;1.96;1;Brasil;11754;2021;5;Mulheres;1151;55 a 59 anos;11754
Indicador  3.4.1;1755;2.98;1;Brasil;11754;2021;5;Mulheres;1152;60 a 64 anos;11754
Indicador  3.4.1;1755;4.52;1;Brasil;11754;2021;5;Mulheres;1153;65 a 69 anos;11754
Indicador  3.4.1;1755;14.38;1;Brasil;11754;2022;6794;Total;56742;30 a 69 anos;11754
Indicador  3.4.1;1755;0.18;1;Brasil;11754;2022;6794;Total;1146;30 a 34 anos;11754
Indicador  3.4.1;1755;0.30;1;Brasil;11754;2022;6794;Total;1147;35 a 39 anos;11754
Indicador  3.4.1;1755;0.54;1;Brasil;11754;2022;6794;Total;1148;40 a 44 anos;11754
Indicador  3.4.1;1755;0.89;1;Brasil;11754;2022;6794;Total;1149;45 a 49 anos;11754
Indicador  3.4.1;1755;1.45;1;Brasil;11754;2022;6794;Total;1150;50 a 54 anos;11754
Indicador  3.4.1;1755;2.37;1;Brasil;11754;2022;6794;Total;1151;55 a 59 anos;11754
Indicador  3.4.1;1755;3.75;1;Brasil;11754;2022;6794;Total;1152;60 a 64 anos;11754
Indicador  3.4.1;1755;5.76;1;Brasil;11754;2022;6794;Total;1153;65 a 69 anos;11754
Indicador  3.4.1;1755;17.20;1;Brasil;11754;2022;4;Homens;56742;30 a 69 anos;11754
Indicador  3.4.1;1755;0.19;1;Brasil;11754;2022;4;Homens;1146;30 a 34 anos;11754
Indicador  3.4.1;1755;0.30;1;Brasil;11754;2022;4;Homens;1147;35 a 39 anos;11754
Indicador  3.4.1;1755;0.57;1;Brasil;11754;2022;4;Homens;1148;40 a 44 anos;11754
Indicador  3.4.1;1755;0.98;1;Brasil;11754;2022;4;Homens;1149;45 a 49 anos;11754
Indicador  3.4.1;1755;1.69;1;Brasil;11754;2022;4;Homens;1150;50 a 54 anos;11754
Indicador  3.4.1;1755;2.89;1;Brasil;11754;2022;4;Homens;1151;55 a 59 anos;11754
Indicador  3.4.1;1755;4.65;1;Brasil;11754;2022;4;Homens;1152;60 a 64 anos;11754
Indicador  3.4.1;1755;7.17;1;Brasil;11754;2022;4;Homens;1153;65 a 69 anos;11754
Indicador  3.4.1;1755;11.88;1;Brasil;11754;2022;5;Mulheres;56742;30 a 69 anos;11754
Indicador  3.4.1;1755;0.17;1;Brasil;11754;2022;5;Mulheres;1146;30 a 34 anos;11754
Indicador  3.4.1;1755;0.30;1;Brasil;11754;2022;5;Mulheres;1147;35 a 39 anos;11754
Indicador  3.4.1;1755;0.51;1;Brasil;11754;2022;5;Mulheres;1148;40 a 44 anos;11754
Indicador  3.4.1;1755;0.81;1;Brasil;11754;2022;5;Mulheres;1149;45 a 49 anos;11754
Indicador  3.4.1;1755;1.23;1;Brasil;11754;2022;5;Mulheres;1150;50 a 54 anos;11754
Indicador  3.4.1;1755;1.91;1;Brasil;11754;2022;5;Mulheres;1151;55 a 59 anos;11754
Indicador  3.4.1;1755;2.97;1;Brasil;11754;2022;5;Mulheres;1152;60 a 64 anos;11754
Indicador  3.4.1;1755;4.57;1;Brasil;11754;2022;5;Mulheres;1153;65 a 69 anos;11754
Indicador  3.4.1;1755;13.65;11;Rondônia;11754;2018;6794;Total;56742;30 a 69 anos;11754
Indicador  3.4.1;1755;0.12;11;Rondônia;11754;2018;6794;Total;1146;30 a 34 anos;11754
Indicador  3.4.1;1755;0.25;11;Rondônia;11754;2018;6794;Total;1147;35 a 39 anos;11754
Indicador  3.4.1;1755;0.38;11;Rondônia;11754;2018;6794;Total;1148;40 a 44 anos;11754
Indicador  3.4.1;1755;0.79;11;Rondônia;11754;2018;6794;Total;1149;45 a 49 anos;11754
Indicador  3.4.1;1755;1.38;11;Rondônia;11754;2018;6794;Total;1150;50 a 54 anos;11754
Indicador  3.4.1;1755;2.05;11;Rondônia;11754;2018;6794;Total;1151;55 a 59 anos;11754
Indicador  3.4.1;1755;3.53;11;Rondônia;11754;2018;6794;Total;1152;60 a 64 anos;11754
Indicador  3.4.1;1755;5.89;11;Rondônia;11754;2018;6794;Total;1153;65 a 69 anos;11754
Indicador  3.4.1;1755;15.80;11;Rondônia;11754;2018;4;Homens;56742;30 a 69 anos;11754
Indicador  3.4.1;1755;0.12;11;Rondônia;11754;2018;4;Homens;1146;30 a 34 anos;11754
Indicador  3.4.1;1755;0.21;11;Rondônia;11754;2018;4;Homens;1147;35 a 39 anos;11754
Indicador  3.4.1;1755;0.41;11;Rondônia;11754;2018;4;Homens;1148;40 a 44 anos;11754
Indicador  3.4.1;1755;0.98;11;Rondônia;11754;2018;4;Homens;1149;45 a 49 anos;11754
Indicador  3.4.1;1755;1.60;11;Rondônia;11754;2018;4;Homens;1150;50 a 54 anos;11754
Indicador  3.4.1;1755;2.52;11;Rondônia;11754;2018;4;Homens;1151;55 a 59 anos;11754
Indicador  3.4.1;1755;4.03;11;Rondônia;11754;2018;4;Homens;1152;60 a 64 anos;11754
Indicador  3.4.1;1755;6.93;11;Rondônia;11754;2018;4;Homens;1153;65 a 69 anos;11754
Indicador  3.4.1;1755;11.36;11;Rondônia;11754;2018;5;Mulheres;56742;30 a 69 anos;11754
Indicador  3.4.1;1755;0.12;11;Rondônia;11754;2018;5;Mulheres;1146;30 a 34 anos;11754
Indicador  3.4.1;1755;0.28;11;Rondônia;11754;2018;5;Mulheres;1147;35 a 39 anos;11754
Indicador  3.4.1;1755;0.35;11;Rondônia;11754;2018;5;Mulheres;1148;40 a 44 anos;11754
Indicador  3.4.1;1755;0.61;11;Rondônia;11754;2018;5;Mulheres;1149;45 a 49 anos;11754
Indicador  3.4.1;1755;1.13;11;Rondônia;11754;2018;5;Mulheres;1150;50 a 54 anos;11754
Indicador  3.4.1;1755;1.55;11;Rondônia;11754;2018;5;Mulheres;1151;55 a 59 anos;11754
Indicador  3.4.1;1755;3.01;11;Rondônia;11754;2018;5;Mulheres;1152;60 a 64 anos;11754
Indicador  3.4.1;1755;4.81;11;Rondônia;11754;2018;5;Mulheres;1153;65 a 69 anos;11754
Indicador  3.4.1;1755;13.62;11;Rondônia;11754;2019;6794;Total;56742;30 a 69 anos;11754
Indicador  3.4.1;1755;0.18;11;Rondônia;11754;2019;6794;Total;1146;30 a 34 anos;11754
Indicador  3.4.1;1755;0.25;11;Rondônia;11754;2019;6794;Total;1147;35 a 39 anos;11754
Indicador  3.4.1;1755;0.45;11;Rondônia;11754;2019;6794;Total;1148;40 a 44 anos;11754
Indicador  3.4.1;1755;0.64;11;Rondônia;11754;2019;6794;Total;1149;45 a 49 anos;11754
Indicador  3.4.1;1755;1.22;11;Rondônia;11754;2019;6794;Total;1150;50 a 54 anos;11754
Indicador  3.4.1;1755;2.21;11;Rondônia;11754;2019;6794;Total;1151;55 a 59 anos;11754
Indicador  3.4.1;1755;3.40;11;Rondônia;11754;2019;6794;Total;1152;60 a 64 anos;11754
Indicador  3.4.1;1755;6.00;11;Rondônia;11754;2019;6794;Total;1153;65 a 69 anos;11754
Indicador  3.4.1;1755;14.98;11;Rondônia;11754;2019;4;Homens;56742;30 a 69 anos;11754
Indicador  3.4.1;1755;0.18;11;Rondônia;11754;2019;4;Homens;1146;30 a 34 anos;11754
Indicador  3.4.1;1755;0.18;11;Rondônia;11754;2019;4;Homens;1147;35 a 39 anos;11754
Indicador  3.4.1;1755;0.45;11;Rondônia;11754;2019;4;Homens;1148;40 a 44 anos;11754
Indicador  3.4.1;1755;0.72;11;Rondônia;11754;2019;4;Homens;1149;45 a 49 anos;11754
Indicador  3.4.1;1755;1.29;11;Rondônia;11754;2019;4;Homens;1150;50 a 54 anos;11754
Indicador  3.4.1;1755;2.54;11;Rondônia;11754;2019;4;Homens;1151;55 a 59 anos;11754
Indicador  3.4.1;1755;3.73;11;Rondônia;11754;2019;4;Homens;1152;60 a 64 anos;11754
Indicador  3.4.1;1755;6.76;11;Rondônia;11754;2019;4;Homens;1153;65 a 69 anos;11754
Indicador  3.4.1;1755;12.17;11;Rondônia;11754;2019;5;Mulheres;56742;30 a 69 anos;11754
Indicador  3.4.1;1755;0.19;11;Rondônia;11754;2019;5;Mulheres;1146;30 a 34 anos;11754
Indicador  3.4.1;1755;0.32;11;Rondônia;11754;2019;5;Mulheres;1147;35 a 39 anos;11754
Indicador  3.4.1;1755;0.43;11;Rondônia;11754;2019;5;Mulheres;1148;40 a 44 anos;11754
Indicador  3.4.1;1755;0.57;11;Rondônia;11754;2019;5;Mulheres;1149;45 a 49 anos;11754
Indicador  3.4.1;1755;1.15;11;Rondônia;11754;2019;5;Mulheres;1150;50 a 54 anos;11754
Indicador  3.4.1;1755;1.85;11;Rondônia;11754;2019;5;Mulheres;1151;55 a 59 anos;11754
Indicador  3.4.1;1755;3.04;11;Rondônia;11754;2019;5;Mulheres;1152;60 a 64 anos;11754
Indicador  3.4.1;1755;5.21;11;Rondônia;11754;2019;5;Mulheres;1153;65 a 69 anos;11754
Indicador  3.4.1;1755;13.03;11;Rondônia;11754;2020;6794;Total;56742;30 a 69 anos;11754
Indicador  3.4.1;1755;0.16;11;Rondônia;11754;2020;6794;Total;1146;30 a 34 anos;11754
Indicador  3.4.1;1755;0.22;11;Rondônia;11754;2020;6794;Total;1147;35 a 39 anos;11754
Indicador  3.4.1;1755;0.33;11;Rondônia;11754;2020;6794;Total;1148;40 a 44 anos;11754
Indicador  3.4.1;1755;0.75;11;Rondônia;11754;2020;6794;Total;1149;45 a 49 anos;11754
Indicador  3.4.1;1755;1.17;11;Rondônia;11754;2020;6794;Total;1150;50 a 54 anos;11754
Indicador  3.4.1;1755;2.13;11;Rondônia;11754;2020;6794;Total;1151;55 a 59 anos;11754
Indicador  3.4.1;1755;3.41;11;Rondônia;11754;2020;6794;Total;1152;60 a 64 anos;11754
Indicador  3.4.1;1755;5.55;11;Rondônia;11754;2020;6794;Total;1153;65 a 69 anos;11754
Indicador  3.4.1;1755;14.97;11;Rondônia;11754;2020;4;Homens;56742;30 a 69 anos;11754
Indicador  3.4.1;1755;0.16;11;Rondônia;11754;2020;4;Homens;1146;30 a 34 anos;11754
Indicador  3.4.1;1755;0.26;11;Rondônia;11754;2020;4;Homens;1147;35 a 39 anos;11754
Indicador  3.4.1;1755;0.37;11;Rondônia;11754;2020;4;Homens;1148;40 a 44 anos;11754
Indicador  3.4.1;1755;0.79;11;Rondônia;11754;2020;4;Homens;1149;45 a 49 anos;11754
Indicador  3.4.1;1755;1.32;11;Rondônia;11754;2020;4;Homens;1150;50 a 54 anos;11754
Indicador  3.4.1;1755;2.45;11;Rondônia;11754;2020;4;Homens;1151;55 a 59 anos;11754
Indicador  3.4.1;1755;3.89;11;Rondônia;11754;2020;4;Homens;1152;60 a 64 anos;11754
Indicador  3.4.1;1755;6.63;11;Rondônia;11754;2020;4;Homens;1153;65 a 69 anos;11754
Indicador  3.4.1;1755;10.99;11;Rondônia;11754;2020;5;Mulheres;56742;30 a 69 anos;11754
Indicador  3.4.1;1755;0.15;11;Rondônia;11754;2020;5;Mulheres;1146;30 a 34 anos;11754
Indicador  3.4.1;1755;0.18;11;Rondônia;11754;2020;5;Mulheres;1147;35 a 39 anos;11754
Indicador  3.4.1;1755;0.29;11;Rondônia;11754;2020;5;Mulheres;1148;40 a 44 anos;11754
Indicador  3.4.1;1755;0.71;11;Rondônia;11754;2020;5;Mulheres;1149;45 a 49 anos;11754
Indicador  3.4.1;1755;1.01;11;Rondônia;11754;2020;5;Mulheres;1150;50 a 54 anos;11754
Indicador  3.4.1;1755;1.78;11;Rondônia;11754;2020;5;Mulheres;1151;55 a 59 anos;11754
Indicador  3.4.1;1755;2.90;11;Rondônia;11754;2020;5;Mulheres;1152;60 a 64 anos;11754
Indicador  3.4.1;1755;4.45;11;Rondônia;11754;2020;5;Mulheres;1153;65 a 69 anos;11754
Indicador  3.4.1;1755;13.43;11;Rondônia;11754;2021;6794;Total;56742;30 a 69 anos;11754
Indicador  3.4.1;1755;0.18;11;Rondônia;11754;2021;6794;Total;1146;30 a 34 anos;11754
Indicador  3.4.1;1755;0.20;11;Rondônia;11754;2021;6794;Total;1147;35 a 39 anos;11754
Indicador  3.4.1;1755;0.40;11;Rondônia;11754;2021;6794;Total;1148;40 a 44 anos;11754
Indicador  3.4.1;1755;0.79;11;Rondônia;11754;2021;6794;Total;1149;45 a 49 anos;11754
Indicador  3.4.1;1755;1.39;11;Rondônia;11754;2021;6794;Total;1150;50 a 54 anos;11754
Indicador  3.4.1;1755;1.97;11;Rondônia;11754;2021;6794;Total;1151;55 a 59 anos;11754
Indicador  3.4.1;1755;3.38;11;Rondônia;11754;2021;6794;Total;1152;60 a 64 anos;11754
Indicador  3.4.1;1755;5.85;11;Rondônia;11754;2021;6794;Total;1153;65 a 69 anos;11754
Indicador  3.4.1;1755;15.81;11;Rondônia;11754;2021;4;Homens;56742;30 a 69 anos;11754
Indicador  3.4.1;1755;0.21;11;Rondônia;11754;2021;4;Homens;1146;30 a 34 anos;11754
Indicador  3.4.1;1755;0.20;11;Rondônia;11754;2021;4;Homens;1147;35 a 39 anos;11754
Indicador  3.4.1;1755;0.52;11;Rondônia;11754;2021;4;Homens;1148;40 a 44 anos;11754
Indicador  3.4.1;1755;0.87;11;Rondônia;11754;2021;4;Homens;1149;45 a 49 anos;11754
Indicador  3.4.1;1755;1.61;11;Rondônia;11754;2021;4;Homens;1150;50 a 54 anos;11754
Indicador  3.4.1;1755;2.41;11;Rondônia;11754;2021;4;Homens;1151;55 a 59 anos;11754
Indicador  3.4.1;1755;4.11;11;Rondônia;11754;2021;4;Homens;1152;60 a 64 anos;11754
Indicador  3.4.1;1755;6.89;11;Rondônia;11754;2021;4;Homens;1153;65 a 69 anos;11754
Indicador  3.4.1;1755;10.95;11;Rondônia;11754;2021;5;Mulheres;56742;30 a 69 anos;11754
Indicador  3.4.1;1755;0.15;11;Rondônia;11754;2021;5;Mulheres;1146;30 a 34 anos;11754
Indicador  3.4.1;1755;0.21;11;Rondônia;11754;2021;5;Mulheres;1147;35 a 39 anos;11754
Indicador  3.4.1;1755;0.28;11;Rondônia;11754;2021;5;Mulheres;1148;40 a 44 anos;11754
Indicador  3.4.1;1755;0.71;11;Rondônia;11754;2021;5;Mulheres;1149;45 a 49 anos;11754
Indicador  3.4.1;1755;1.16;11;Rondônia;11754;2021;5;Mulheres;1150;50 a 54 anos;11754
Indicador  3.4.1;1755;1.51;11;Rondônia;11754;2021;5;Mulheres;1151;55 a 59 anos;11754
Indicador  3.4.1;1755;2.61;11;Rondônia;11754;2021;5;Mulheres;1152;60 a 64 anos;11754
Indicador  3.4.1;1755;4.80;11;Rondônia;11754;2021;5;Mulheres;1153;65 a 69 anos;11754
Indicador  3.4.1;1755;12.74;11;Rondônia;11754;2022;6794;Total;56742;30 a 69 anos;11754
Indicador  3.4.1;1755;0.16;11;Rondônia;11754;2022;6794;Total;1146;30 a 34 anos;11754
Indicador  3.4.1;1755;0.24;11;Rondônia;11754;2022;6794;Total;1147;35 a 39 anos;11754
Indicador  3.4.1;1755;0.44;11;Rondônia;11754;2022;6794;Total;1148;40 a 44 anos;11754
Indicador  3.4.1;1755;0.76;11;Rondônia;11754;2022;6794;Total;1149;45 a 49 anos;11754
Indicador  3.4.1;1755;1.19;11;Rondônia;11754;2022;6794;Total;1150;50 a 54 anos;11754
Indicador  3.4.1;1755;2.04;11;Rondônia;11754;2022;6794;Total;1151;55 a 59 anos;11754
Indicador  3.4.1;1755;3.46;11;Rondônia;11754;2022;6794;Total;1152;60 a 64 anos;11754
Indicador  3.4.1;1755;5.11;11;Rondônia;11754;2022;6794;Total;1153;65 a 69 anos;11754
Indicador  3.4.1;1755;14.70;11;Rondônia;11754;2022;4;Homens;56742;30 a 69 anos;11754
Indicador  3.4.1;1755;0.12;11;Rondônia;11754;2022;4;Homens;1146;30 a 34 anos;11754
Indicador  3.4.1;1755;0.21;11;Rondônia;11754;2022;4;Homens;1147;35 a 39 anos;11754
Indicador  3.4.1;1755;0.31;11;Rondônia;11754;2022;4;Homens;1148;40 a 44 anos;11754
Indicador  3.4.1;1755;0.73;11;Rondônia;11754;2022;4;Homens;1149;45 a 49 anos;11754
Indicador  3.4.1;1755;1.37;11;Rondônia;11754;2022;4;Homens;1150;50 a 54 anos;11754
Indicador  3.4.1;1755;2.44;11;Rondônia;11754;2022;4;Homens;1151;55 a 59 anos;11754
Indicador  3.4.1;1755;4.29;11;Rondônia;11754;2022;4;Homens;1152;60 a 64 anos;11754
Indicador  3.4.1;1755;6.11;11;Rondônia;11754;2022;4;Homens;1153;65 a 69 anos;11754
Indicador  3.4.1;1755;10.68;11;Rondônia;11754;2022;5;Mulheres;56742;30 a 69 anos;11754
Indicador  3.4.1;1755;0.21;11;Rondônia;11754;2022;5;Mulheres;1146;30 a 34 anos;11754
Indicador  3.4.1;1755;0.26;11;Rondônia;11754;2022;5;Mulheres;1147;35 a 39 anos;11754
Indicador  3.4.1;1755;0.57;11;Rondônia;11754;2022;5;Mulheres;1148;40 a 44 anos;11754
Indicador  3.4.1;1755;0.78;11;Rondônia;11754;2022;5;Mulheres;1149;45 a 49 anos;11754
Indicador  3.4.1;1755;1.02;11;Rondônia;11754;2022;5;Mulheres;1150;50 a 54 anos;11754
Indicador  3.4.1;1755;1.62;11;Rondônia;11754;2022;5;Mulheres;1151;55 a 59 anos;11754
Indicador  3.4.1;1755;2.58;11;Rondônia;11754;2022;5;Mulheres;1152;60 a 64 anos;11754
Indicador  3.4.1;1755;4.10;11;Rondônia;11754;2022;5;Mulheres;1153;65 a 69 anos;11754
Indicador  3.4.1;1755;17.36;12;Acre;11754;2018;6794;Total;56742;30 a 69 anos;11754
Indicador  3.4.1;1755;0.14;12;Acre;11754;2018;6794;Total;1146;30 a 34 anos;11754
Indicador  3.4.1;1755;0.36;12;Acre;11754;2018;6794;Total;1147;35 a 39 anos;11754
Indicador  3.4.1;1755;0.50;12;Acre;11754;2018;6794;Total;1148;40 a 44 anos;11754
Indicador  3.4.1;1755;1.08;12;Acre;11754;2018;6794;Total;1149;45 a 49 anos;11754
Indicador  3.4.1;1755;1.78;12;Acre;11754;2018;6794;Total;1150;50 a 54 anos;11754
Indicador  3.4.1;1755;2.49;12;Acre;11754;2018;6794;Total;1151;55 a 59 anos;11754
Indicador  3.4.1;1755;4.59;12;Acre;11754;2018;6794;Total;1152;60 a 64 anos;11754
Indicador  3.4.1;1755;7.66;12;Acre;11754;2018;6794;Total;1153;65 a 69 anos;11754
Indicador  3.4.1;1755;19.35;12;Acre;11754;2018;4;Homens;56742;30 a 69 anos;11754
Indicador  3.4.1;1755;0.19;12;Acre;11754;2018;4;Homens;1146;30 a 34 anos;11754
Indicador  3.4.1;1755;0.43;12;Acre;11754;2018;4;Homens;1147;35 a 39 anos;11754
Indicador  3.4.1;1755;0.41;12;Acre;11754;2018;4;Homens;1148;40 a 44 anos;11754
Indicador  3.4.1;1755;1.11;12;Acre;11754;2018;4;Homens;1149;45 a 49 anos;11754
Indicador  3.4.1;1755;2.01;12;Acre;11754;2018;4;Homens;1150;50 a 54 anos;11754
Indicador  3.4.1;1755;2.90;12;Acre;11754;2018;4;Homens;1151;55 a 59 anos;11754
Indicador  3.4.1;1755;5.25;12;Acre;11754;2018;4;Homens;1152;60 a 64 anos;11754
Indicador  3.4.1;1755;8.59;12;Acre;11754;2018;4;Homens;1153;65 a 69 anos;11754
Indicador  3.4.1;1755;15.35;12;Acre;11754;2018;5;Mulheres;56742;30 a 69 anos;11754
Indicador  3.4.1;1755;0.09;12;Acre;11754;2018;5;Mulheres;1146;30 a 34 anos;11754
Indicador  3.4.1;1755;0.29;12;Acre;11754;2018;5;Mulheres;1147;35 a 39 anos;11754
Indicador  3.4.1;1755;0.58;12;Acre;11754;2018;5;Mulheres;1148;40 a 44 anos;11754
Indicador  3.4.1;1755;1.06;12;Acre;11754;2018;5;Mulheres;1149;45 a 49 anos;11754
Indicador  3.4.1;1755;1.55;12;Acre;11754;2018;5;Mulheres;1150;50 a 54 anos;11754
Indicador  3.4.1;1755;2.09;12;Acre;11754;2018;5;Mulheres;1151;55 a 59 anos;11754
Indicador  3.4.1;1755;3.91;12;Acre;11754;2018;5;Mulheres;1152;60 a 64 anos;11754
Indicador  3.4.1;1755;6.73;12;Acre;11754;2018;5;Mulheres;1153;65 a 69 anos;11754
Indicador  3.4.1;1755;15.83;12;Acre;11754;2019;6794;Total;56742;30 a 69 anos;11754
Indicador  3.4.1;1755;0.18;12;Acre;11754;2019;6794;Total;1146;30 a 34 anos;11754
Indicador  3.4.1;1755;0.31;12;Acre;11754;2019;6794;Total;1147;35 a 39 anos;11754
Indicador  3.4.1;1755;0.47;12;Acre;11754;2019;6794;Total;1148;40 a 44 anos;11754
Indicador  3.4.1;1755;0.97;12;Acre;11754;2019;6794;Total;1149;45 a 49 anos;11754
Indicador  3.4.1;1755;1.59;12;Acre;11754;2019;6794;Total;1150;50 a 54 anos;11754
Indicador  3.4.1;1755;2.36;12;Acre;11754;2019;6794;Total;1151;55 a 59 anos;11754
Indicador  3.4.1;1755;4.43;12;Acre;11754;2019;6794;Total;1152;60 a 64 anos;11754
Indicador  3.4.1;1755;6.55;12;Acre;11754;2019;6794;Total;1153;65 a 69 anos;11754
Indicador  3.4.1;1755;17.59;12;Acre;11754;2019;4;Homens;56742;30 a 69 anos;11754
Indicador  3.4.1;1755;0.16;12;Acre;11754;2019;4;Homens;1146;30 a 34 anos;11754
Indicador  3.4.1;1755;0.29;12;Acre;11754;2019;4;Homens;1147;35 a 39 anos;11754
Indicador  3.4.1;1755;0.49;12;Acre;11754;2019;4;Homens;1148;40 a 44 anos;11754
Indicador  3.4.1;1755;1.03;12;Acre;11754;2019;4;Homens;1149;45 a 49 anos;11754
Indicador  3.4.1;1755;1.93;12;Acre;11754;2019;4;Homens;1150;50 a 54 anos;11754
Indicador  3.4.1;1755;2.39;12;Acre;11754;2019;4;Homens;1151;55 a 59 anos;11754
Indicador  3.4.1;1755;5.36;12;Acre;11754;2019;4;Homens;1152;60 a 64 anos;11754
Indicador  3.4.1;1755;7.21;12;Acre;11754;2019;4;Homens;1153;65 a 69 anos;11754
Indicador  3.4.1;1755;14.06;12;Acre;11754;2019;5;Mulheres;56742;30 a 69 anos;11754
Indicador  3.4.1;1755;0.20;12;Acre;11754;2019;5;Mulheres;1146;30 a 34 anos;11754
Indicador  3.4.1;1755;0.33;12;Acre;11754;2019;5;Mulheres;1147;35 a 39 anos;11754
Indicador  3.4.1;1755;0.45;12;Acre;11754;2019;5;Mulheres;1148;40 a 44 anos;11754
Indicador  3.4.1;1755;0.92;12;Acre;11754;2019;5;Mulheres;1149;45 a 49 anos;11754
Indicador  3.4.1;1755;1.27;12;Acre;11754;2019;5;Mulheres;1150;50 a 54 anos;11754
Indicador  3.4.1;1755;2.33;12;Acre;11754;2019;5;Mulheres;1151;55 a 59 anos;11754
Indicador  3.4.1;1755;3.48;12;Acre;11754;2019;5;Mulheres;1152;60 a 64 anos;11754
Indicador  3.4.1;1755;5.89;12;Acre;11754;2019;5;Mulheres;1153;65 a 69 anos;11754
Indicador  3.4.1;1755;14.55;12;Acre;11754;2020;6794;Total;56742;30 a 69 anos;11754
Indicador  3.4.1;1755;0.19;12;Acre;11754;2020;6794;Total;1146;30 a 34 anos;11754
Indicador  3.4.1;1755;0.29;12;Acre;11754;2020;6794;Total;1147;35 a 39 anos;11754
Indicador  3.4.1;1755;0.41;12;Acre;11754;2020;6794;Total;1148;40 a 44 anos;11754
Indicador  3.4.1;1755;0.89;12;Acre;11754;2020;6794;Total;1149;45 a 49 anos;11754
Indicador  3.4.1;1755;1.54;12;Acre;11754;2020;6794;Total;1150;50 a 54 anos;11754
Indicador  3.4.1;1755;1.97;12;Acre;11754;2020;6794;Total;1151;55 a 59 anos;11754
Indicador  3.4.1;1755;3.75;12;Acre;11754;2020;6794;Total;1152;60 a 64 anos;11754
Indicador  3.4.1;1755;6.37;12;Acre;11754;2020;6794;Total;1153;65 a 69 anos;11754
Indicador  3.4.1;1755;15.64;12;Acre;11754;2020;4;Homens;56742;30 a 69 anos;11754
Indicador  3.4.1;1755;0.19;12;Acre;11754;2020;4;Homens;1146;30 a 34 anos;11754
Indicador  3.4.1;1755;0.26;12;Acre;11754;2020;4;Homens;1147;35 a 39 anos;11754
Indicador  3.4.1;1755;0.41;12;Acre;11754;2020;4;Homens;1148;40 a 44 anos;11754
Indicador  3.4.1;1755;0.98;12;Acre;11754;2020;4;Homens;1149;45 a 49 anos;11754
Indicador  3.4.1;1755;1.59;12;Acre;11754;2020;4;Homens;1150;50 a 54 anos;11754
Indicador  3.4.1;1755;2.12;12;Acre;11754;2020;4;Homens;1151;55 a 59 anos;11754
Indicador  3.4.1;1755;4.21;12;Acre;11754;2020;4;Homens;1152;60 a 64 anos;11754
Indicador  3.4.1;1755;6.88;12;Acre;11754;2020;4;Homens;1153;65 a 69 anos;11754
Indicador  3.4.1;1755;13.46;12;Acre;11754;2020;5;Mulheres;56742;30 a 69 anos;11754
Indicador  3.4.1;1755;0.19;12;Acre;11754;2020;5;Mulheres;1146;30 a 34 anos;11754
Indicador  3.4.1;1755;0.32;12;Acre;11754;2020;5;Mulheres;1147;35 a 39 anos;11754
Indicador  3.4.1;1755;0.41;12;Acre;11754;2020;5;Mulheres;1148;40 a 44 anos;11754
Indicador  3.4.1;1755;0.79;12;Acre;11754;2020;5;Mulheres;1149;45 a 49 anos;11754
Indicador  3.4.1;1755;1.49;12;Acre;11754;2020;5;Mulheres;1150;50 a 54 anos;11754
Indicador  3.4.1;1755;1.82;12;Acre;11754;2020;5;Mulheres;1151;55 a 59 anos;11754
Indicador  3.4.1;1755;3.30;12;Acre;11754;2020;5;Mulheres;1152;60 a 64 anos;11754
Indicador  3.4.1;1755;5.86;12;Acre;11754;2020;5;Mulheres;1153;65 a 69 anos;11754
Indicador  3.4.1;1755;13.66;12;Acre;11754;2021;6794;Total;56742;30 a 69 anos;11754
Indicador  3.4.1;1755;0.15;12;Acre;11754;2021;6794;Total;1146;30 a 34 anos;11754
Indicador  3.4.1;1755;0.30;12;Acre;11754;2021;6794;Total;1147;35 a 39 anos;11754
Indicador  3.4.1;1755;0.61;12;Acre;11754;2021;6794;Total;1148;40 a 44 anos;11754
Indicador  3.4.1;1755;0.96;12;Acre;11754;2021;6794;Total;1149;45 a 49 anos;11754
Indicador  3.4.1;1755;1.56;12;Acre;11754;2021;6794;Total;1150;50 a 54 anos;11754
Indicador  3.4.1;1755;2.44;12;Acre;11754;2021;6794;Total;1151;55 a 59 anos;11754
Indicador  3.4.1;1755;3.39;12;Acre;11754;2021;6794;Total;1152;60 a 64 anos;11754
Indicador  3.4.1;1755;5.03;12;Acre;11754;2021;6794;Total;1153;65 a 69 anos;11754
Indicador  3.4.1;1755;15.81;12;Acre;11754;2021;4;Homens;56742;30 a 69 anos;11754
Indicador  3.4.1;1755;0.14;12;Acre;11754;2021;4;Homens;1146;30 a 34 anos;11754
Indicador  3.4.1;1755;0.29;12;Acre;11754;2021;4;Homens;1147;35 a 39 anos;11754
Indicador  3.4.1;1755;0.61;12;Acre;11754;2021;4;Homens;1148;40 a 44 anos;11754
Indicador  3.4.1;1755;1.02;12;Acre;11754;2021;4;Homens;1149;45 a 49 anos;11754
Indicador  3.4.1;1755;1.59;12;Acre;11754;2021;4;Homens;1150;50 a 54 anos;11754
Indicador  3.4.1;1755;2.95;12;Acre;11754;2021;4;Homens;1151;55 a 59 anos;11754
Indicador  3.4.1;1755;4.26;12;Acre;11754;2021;4;Homens;1152;60 a 64 anos;11754
Indicador  3.4.1;1755;6.01;12;Acre;11754;2021;4;Homens;1153;65 a 69 anos;11754
Indicador  3.4.1;1755;11.53;12;Acre;11754;2021;5;Mulheres;56742;30 a 69 anos;11754
Indicador  3.4.1;1755;0.15;12;Acre;11754;2021;5;Mulheres;1146;30 a 34 anos;11754
Indicador  3.4.1;1755;0.32;12;Acre;11754;2021;5;Mulheres;1147;35 a 39 anos;11754
Indicador  3.4.1;1755;0.60;12;Acre;11754;2021;5;Mulheres;1148;40 a 44 anos;11754
Indicador  3.4.1;1755;0.91;12;Acre;11754;2021;5;Mulheres;1149;45 a 49 anos;11754
Indicador  3.4.1;1755;1.51;12;Acre;11754;2021;5;Mulheres;1150;50 a 54 anos;11754
Indicador  3.4.1;1755;1.95;12;Acre;11754;2021;5;Mulheres;1151;55 a 59 anos;11754
Indicador  3.4.1;1755;2.55;12;Acre;11754;2021;5;Mulheres;1152;60 a 64 anos;11754
Indicador  3.4.1;1755;4.10;12;Acre;11754;2021;5;Mulheres;1153;65 a 69 anos;11754
Indicador  3.4.1;1755;14.15;12;Acre;11754;2022;6794;Total;56742;30 a 69 anos;11754
Indicador  3.4.1;1755;0.14;12;Acre;11754;2022;6794;Total;1146;30 a 34 anos;11754
Indicador  3.4.1;1755;0.19;12;Acre;11754;2022;6794;Total;1147;35 a 39 anos;11754
Indicador  3.4.1;1755;0.40;12;Acre;11754;2022;6794;Total;1148;40 a 44 anos;11754
Indicador  3.4.1;1755;0.67;12;Acre;11754;2022;6794;Total;1149;45 a 49 anos;11754
Indicador  3.4.1;1755;1.22;12;Acre;11754;2022;6794;Total;1150;50 a 54 anos;11754
Indicador  3.4.1;1755;2.71;12;Acre;11754;2022;6794;Total;1151;55 a 59 anos;11754
Indicador  3.4.1;1755;3.78;12;Acre;11754;2022;6794;Total;1152;60 a 64 anos;11754
Indicador  3.4.1;1755;5.84;12;Acre;11754;2022;6794;Total;1153;65 a 69 anos;11754
Indicador  3.4.1;1755;15.44;12;Acre;11754;2022;4;Homens;56742;30 a 69 anos;11754
Indicador  3.4.1;1755;0.14;12;Acre;11754;2022;4;Homens;1146;30 a 34 anos;11754
Indicador  3.4.1;1755;0.18;12;Acre;11754;2022;4;Homens;1147;35 a 39 anos;11754
Indicador  3.4.1;1755;0.36;12;Acre;11754;2022;4;Homens;1148;40 a 44 anos;11754
Indicador  3.4.1;1755;0.82;12;Acre;11754;2022;4;Homens;1149;45 a 49 anos;11754
Indicador  3.4.1;1755;1.35;12;Acre;11754;2022;4;Homens;1150;50 a 54 anos;11754
Indicador  3.4.1;1755;2.91;12;Acre;11754;2022;4;Homens;1151;55 a 59 anos;11754
Indicador  3.4.1;1755;4.55;12;Acre;11754;2022;4;Homens;1152;60 a 64 anos;11754
Indicador  3.4.1;1755;6.09;12;Acre;11754;2022;4;Homens;1153;65 a 69 anos;11754
Indicador  3.4.1;1755;12.89;12;Acre;11754;2022;5;Mulheres;56742;30 a 69 anos;11754
Indicador  3.4.1;1755;0.14;12;Acre;11754;2022;5;Mulheres;1146;30 a 34 anos;11754
Indicador  3.4.1;1755;0.20;12;Acre;11754;2022;5;Mulheres;1147;35 a 39 anos;11754
Indicador  3.4.1;1755;0.44;12;Acre;11754;2022;5;Mulheres;1148;40 a 44 anos;11754
Indicador  3.4.1;1755;0.52;12;Acre;11754;2022;5;Mulheres;1149;45 a 49 anos;11754
Indicador  3.4.1;1755;1.09;12;Acre;11754;2022;5;Mulheres;1150;50 a 54 anos;11754
Indicador  3.4.1;1755;2.51;12;Acre;11754;2022;5;Mulheres;1151;55 a 59 anos;11754
Indicador  3.4.1;1755;3.04;12;Acre;11754;2022;5;Mulheres;1152;60 a 64 anos;11754
Indicador  3.4.1;1755;5.61;12;Acre;11754;2022;5;Mulheres;1153;65 a 69 anos;11754
Indicador  3.4.1;1755;14.20;13;Amazonas;11754;2018;6794;Total;56742;30 a 69 anos;11754
Indicador  3.4.1;1755;0.15;13;Amazonas;11754;2018;6794;Total;1146;30 a 34 anos;11754
Indicador  3.4.1;1755;0.26;13;Amazonas;11754;2018;6794;Total;1147;35 a 39 anos;11754
Indicador  3.4.1;1755;0.44;13;Amazonas;11754;2018;6794;Total;1148;40 a 44 anos;11754
Indicador  3.4.1;1755;0.77;13;Amazonas;11754;2018;6794;Total;1149;45 a 49 anos;11754
Indicador  3.4.1;1755;1.32;13;Amazonas;11754;2018;6794;Total;1150;50 a 54 anos;11754
Indicador  3.4.1;1755;2.25;13;Amazonas;11754;2018;6794;Total;1151;55 a 59 anos;11754
Indicador  3.4.1;1755;3.75;13;Amazonas;11754;2018;6794;Total;1152;60 a 64 anos;11754
Indicador  3.4.1;1755;6.06;13;Amazonas;11754;2018;6794;Total;1153;65 a 69 anos;11754
Indicador  3.4.1;1755;15.69;13;Amazonas;11754;2018;4;Homens;56742;30 a 69 anos;11754
Indicador  3.4.1;1755;0.16;13;Amazonas;11754;2018;4;Homens;1146;30 a 34 anos;11754
Indicador  3.4.1;1755;0.19;13;Amazonas;11754;2018;4;Homens;1147;35 a 39 anos;11754
Indicador  3.4.1;1755;0.41;13;Amazonas;11754;2018;4;Homens;1148;40 a 44 anos;11754
Indicador  3.4.1;1755;0.67;13;Amazonas;11754;2018;4;Homens;1149;45 a 49 anos;11754
Indicador  3.4.1;1755;1.44;13;Amazonas;11754;2018;4;Homens;1150;50 a 54 anos;11754
Indicador  3.4.1;1755;2.58;13;Amazonas;11754;2018;4;Homens;1151;55 a 59 anos;11754
Indicador  3.4.1;1755;4.24;13;Amazonas;11754;2018;4;Homens;1152;60 a 64 anos;11754
Indicador  3.4.1;1755;6.97;13;Amazonas;11754;2018;4;Homens;1153;65 a 69 anos;11754
Indicador  3.4.1;1755;12.72;13;Amazonas;11754;2018;5;Mulheres;56742;30 a 69 anos;11754
Indicador  3.4.1;1755;0.15;13;Amazonas;11754;2018;5;Mulheres;1146;30 a 34 anos;11754
Indicador  3.4.1;1755;0.32;13;Amazonas;11754;2018;5;Mulheres;1147;35 a 39 anos;11754
Indicador  3.4.1;1755;0.48;13;Amazonas;11754;2018;5;Mulheres;1148;40 a 44 anos;11754
Indicador  3.4.1;1755;0.88;13;Amazonas;11754;2018;5;Mulheres;1149;45 a 49 anos;11754
Indicador  3.4.1;1755;1.20;13;Amazonas;11754;2018;5;Mulheres;1150;50 a 54 anos;11754
Indicador  3.4.1;1755;1.91;13;Amazonas;11754;2018;5;Mulheres;1151;55 a 59 anos;11754
Indicador  3.4.1;1755;3.27;13;Amazonas;11754;2018;5;Mulheres;1152;60 a 64 anos;11754
Indicador  3.4.1;1755;5.17;13;Amazonas;11754;2018;5;Mulheres;1153;65 a 69 anos;11754
Indicador  3.4.1;1755;14.14;13;Amazonas;11754;2019;6794;Total;56742;30 a 69 anos;11754
Indicador  3.4.1;1755;0.15;13;Amazonas;11754;2019;6794;Total;1146;30 a 34 anos;11754
Indicador  3.4.1;1755;0.26;13;Amazonas;11754;2019;6794;Total;1147;35 a 39 anos;11754
Indicador  3.4.1;1755;0.51;13;Amazonas;11754;2019;6794;Total;1148;40 a 44 anos;11754
Indicador  3.4.1;1755;0.78;13;Amazonas;11754;2019;6794;Total;1149;45 a 49 anos;11754
Indicador  3.4.1;1755;1.23;13;Amazonas;11754;2019;6794;Total;1150;50 a 54 anos;11754
Indicador  3.4.1;1755;2.28;13;Amazonas;11754;2019;6794;Total;1151;55 a 59 anos;11754
Indicador  3.4.1;1755;3.72;13;Amazonas;11754;2019;6794;Total;1152;60 a 64 anos;11754
Indicador  3.4.1;1755;6.01;13;Amazonas;11754;2019;6794;Total;1153;65 a 69 anos;11754
Indicador  3.4.1;1755;15.71;13;Amazonas;11754;2019;4;Homens;56742;30 a 69 anos;11754
Indicador  3.4.1;1755;0.12;13;Amazonas;11754;2019;4;Homens;1146;30 a 34 anos;11754
Indicador  3.4.1;1755;0.24;13;Amazonas;11754;2019;4;Homens;1147;35 a 39 anos;11754
Indicador  3.4.1;1755;0.45;13;Amazonas;11754;2019;4;Homens;1148;40 a 44 anos;11754
Indicador  3.4.1;1755;0.79;13;Amazonas;11754;2019;4;Homens;1149;45 a 49 anos;11754
Indicador  3.4.1;1755;1.27;13;Amazonas;11754;2019;4;Homens;1150;50 a 54 anos;11754
Indicador  3.4.1;1755;2.55;13;Amazonas;11754;2019;4;Homens;1151;55 a 59 anos;11754
Indicador  3.4.1;1755;4.42;13;Amazonas;11754;2019;4;Homens;1152;60 a 64 anos;11754
Indicador  3.4.1;1755;6.85;13;Amazonas;11754;2019;4;Homens;1153;65 a 69 anos;11754
Indicador  3.4.1;1755;12.56;13;Amazonas;11754;2019;5;Mulheres;56742;30 a 69 anos;11754
Indicador  3.4.1;1755;0.18;13;Amazonas;11754;2019;5;Mulheres;1146;30 a 34 anos;11754
Indicador  3.4.1;1755;0.29;13;Amazonas;11754;2019;5;Mulheres;1147;35 a 39 anos;11754
Indicador  3.4.1;1755;0.57;13;Amazonas;11754;2019;5;Mulheres;1148;40 a 44 anos;11754
Indicador  3.4.1;1755;0.77;13;Amazonas;11754;2019;5;Mulheres;1149;45 a 49 anos;11754
Indicador  3.4.1;1755;1.18;13;Amazonas;11754;2019;5;Mulheres;1150;50 a 54 anos;11754
Indicador  3.4.1;1755;2.00;13;Amazonas;11754;2019;5;Mulheres;1151;55 a 59 anos;11754
Indicador  3.4.1;1755;3.02;13;Amazonas;11754;2019;5;Mulheres;1152;60 a 64 anos;11754
Indicador  3.4.1;1755;5.19;13;Amazonas;11754;2019;5;Mulheres;1153;65 a 69 anos;11754
Indicador  3.4.1;1755;13.65;13;Amazonas;11754;2020;6794;Total;56742;30 a 69 anos;11754
Indicador  3.4.1;1755;0.16;13;Amazonas;11754;2020;6794;Total;1146;30 a 34 anos;11754
Indicador  3.4.1;1755;0.26;13;Amazonas;11754;2020;6794;Total;1147;35 a 39 anos;11754
Indicador  3.4.1;1755;0.49;13;Amazonas;11754;2020;6794;Total;1148;40 a 44 anos;11754
Indicador  3.4.1;1755;0.79;13;Amazonas;11754;2020;6794;Total;1149;45 a 49 anos;11754
Indicador  3.4.1;1755;1.28;13;Amazonas;11754;2020;6794;Total;1150;50 a 54 anos;11754
Indicador  3.4.1;1755;2.20;13;Amazonas;11754;2020;6794;Total;1151;55 a 59 anos;11754
Indicador  3.4.1;1755;3.61;13;Amazonas;11754;2020;6794;Total;1152;60 a 64 anos;11754
Indicador  3.4.1;1755;5.62;13;Amazonas;11754;2020;6794;Total;1153;65 a 69 anos;11754
Indicador  3.4.1;1755;15.07;13;Amazonas;11754;2020;4;Homens;56742;30 a 69 anos;11754
Indicador  3.4.1;1755;0.12;13;Amazonas;11754;2020;4;Homens;1146;30 a 34 anos;11754
Indicador  3.4.1;1755;0.26;13;Amazonas;11754;2020;4;Homens;1147;35 a 39 anos;11754
Indicador  3.4.1;1755;0.42;13;Amazonas;11754;2020;4;Homens;1148;40 a 44 anos;11754
Indicador  3.4.1;1755;0.74;13;Amazonas;11754;2020;4;Homens;1149;45 a 49 anos;11754
Indicador  3.4.1;1755;1.35;13;Amazonas;11754;2020;4;Homens;1150;50 a 54 anos;11754
Indicador  3.4.1;1755;2.45;13;Amazonas;11754;2020;4;Homens;1151;55 a 59 anos;11754
Indicador  3.4.1;1755;4.11;13;Amazonas;11754;2020;4;Homens;1152;60 a 64 anos;11754
Indicador  3.4.1;1755;6.53;13;Amazonas;11754;2020;4;Homens;1153;65 a 69 anos;11754
Indicador  3.4.1;1755;12.23;13;Amazonas;11754;2020;5;Mulheres;56742;30 a 69 anos;11754
Indicador  3.4.1;1755;0.19;13;Amazonas;11754;2020;5;Mulheres;1146;30 a 34 anos;11754
Indicador  3.4.1;1755;0.26;13;Amazonas;11754;2020;5;Mulheres;1147;35 a 39 anos;11754
Indicador  3.4.1;1755;0.55;13;Amazonas;11754;2020;5;Mulheres;1148;40 a 44 anos;11754
Indicador  3.4.1;1755;0.84;13;Amazonas;11754;2020;5;Mulheres;1149;45 a 49 anos;11754
Indicador  3.4.1;1755;1.22;13;Amazonas;11754;2020;5;Mulheres;1150;50 a 54 anos;11754
Indicador  3.4.1;1755;1.95;13;Amazonas;11754;2020;5;Mulheres;1151;55 a 59 anos;11754
Indicador  3.4.1;1755;3.10;13;Amazonas;11754;2020;5;Mulheres;1152;60 a 64 anos;11754
Indicador  3.4.1;1755;4.73;13;Amazonas;11754;2020;5;Mulheres;1153;65 a 69 anos;11754
Indicador  3.4.1;1755;13.94;13;Amazonas;11754;2021;6794;Total;56742;30 a 69 anos;11754
Indicador  3.4.1;1755;0.14;13;Amazonas;11754;2021;6794;Total;1146;30 a 34 anos;11754
Indicador  3.4.1;1755;0.29;13;Amazonas;11754;2021;6794;Total;1147;35 a 39 anos;11754
Indicador  3.4.1;1755;0.44;13;Amazonas;11754;2021;6794;Total;1148;40 a 44 anos;11754
Indicador  3.4.1;1755;0.81;13;Amazonas;11754;2021;6794;Total;1149;45 a 49 anos;11754
Indicador  3.4.1;1755;1.30;13;Amazonas;11754;2021;6794;Total;1150;50 a 54 anos;11754
Indicador  3.4.1;1755;2.33;13;Amazonas;11754;2021;6794;Total;1151;55 a 59 anos;11754
Indicador  3.4.1;1755;3.67;13;Amazonas;11754;2021;6794;Total;1152;60 a 64 anos;11754
Indicador  3.4.1;1755;5.76;13;Amazonas;11754;2021;6794;Total;1153;65 a 69 anos;11754
Indicador  3.4.1;1755;15.78;13;Amazonas;11754;2021;4;Homens;56742;30 a 69 anos;11754
Indicador  3.4.1;1755;0.12;13;Amazonas;11754;2021;4;Homens;1146;30 a 34 anos;11754
Indicador  3.4.1;1755;0.27;13;Amazonas;11754;2021;4;Homens;1147;35 a 39 anos;11754
Indicador  3.4.1;1755;0.43;13;Amazonas;11754;2021;4;Homens;1148;40 a 44 anos;11754
Indicador  3.4.1;1755;0.75;13;Amazonas;11754;2021;4;Homens;1149;45 a 49 anos;11754
Indicador  3.4.1;1755;1.42;13;Amazonas;11754;2021;4;Homens;1150;50 a 54 anos;11754
Indicador  3.4.1;1755;2.61;13;Amazonas;11754;2021;4;Homens;1151;55 a 59 anos;11754
Indicador  3.4.1;1755;4.32;13;Amazonas;11754;2021;4;Homens;1152;60 a 64 anos;11754
Indicador  3.4.1;1755;6.85;13;Amazonas;11754;2021;4;Homens;1153;65 a 69 anos;11754
Indicador  3.4.1;1755;12.14;13;Amazonas;11754;2021;5;Mulheres;56742;30 a 69 anos;11754
Indicador  3.4.1;1755;0.15;13;Amazonas;11754;2021;5;Mulheres;1146;30 a 34 anos;11754
Indicador  3.4.1;1755;0.30;13;Amazonas;11754;2021;5;Mulheres;1147;35 a 39 anos;11754
Indicador  3.4.1;1755;0.44;13;Amazonas;11754;2021;5;Mulheres;1148;40 a 44 anos;11754
Indicador  3.4.1;1755;0.86;13;Amazonas;11754;2021;5;Mulheres;1149;45 a 49 anos;11754
Indicador  3.4.1;1755;1.17;13;Amazonas;11754;2021;5;Mulheres;1150;50 a 54 anos;11754
Indicador  3.4.1;1755;2.06;13;Amazonas;11754;2021;5;Mulheres;1151;55 a 59 anos;11754
Indicador  3.4.1;1755;3.03;13;Amazonas;11754;2021;5;Mulheres;1152;60 a 64 anos;11754
Indicador  3.4.1;1755;4.73;13;Amazonas;11754;2021;5;Mulheres;1153;65 a 69 anos;11754
Indicador  3.4.1;1755;13.28;13;Amazonas;11754;2022;6794;Total;56742;30 a 69 anos;11754
Indicador  3.4.1;1755;0.13;13;Amazonas;11754;2022;6794;Total;1146;30 a 34 anos;11754
Indicador  3.4.1;1755;0.23;13;Amazonas;11754;2022;6794;Total;1147;35 a 39 anos;11754
Indicador  3.4.1;1755;0.50;13;Amazonas;11754;2022;6794;Total;1148;40 a 44 anos;11754
Indicador  3.4.1;1755;0.73;13;Amazonas;11754;2022;6794;Total;1149;45 a 49 anos;11754
Indicador  3.4.1;1755;1.25;13;Amazonas;11754;2022;6794;Total;1150;50 a 54 anos;11754
Indicador  3.4.1;1755;2.17;13;Amazonas;11754;2022;6794;Total;1151;55 a 59 anos;11754
Indicador  3.4.1;1755;3.33;13;Amazonas;11754;2022;6794;Total;1152;60 a 64 anos;11754
Indicador  3.4.1;1755;5.64;13;Amazonas;11754;2022;6794;Total;1153;65 a 69 anos;11754
Indicador  3.4.1;1755;14.93;13;Amazonas;11754;2022;4;Homens;56742;30 a 69 anos;11754
Indicador  3.4.1;1755;0.15;13;Amazonas;11754;2022;4;Homens;1146;30 a 34 anos;11754
Indicador  3.4.1;1755;0.19;13;Amazonas;11754;2022;4;Homens;1147;35 a 39 anos;11754
Indicador  3.4.1;1755;0.42;13;Amazonas;11754;2022;4;Homens;1148;40 a 44 anos;11754
Indicador  3.4.1;1755;0.74;13;Amazonas;11754;2022;4;Homens;1149;45 a 49 anos;11754
Indicador  3.4.1;1755;1.36;13;Amazonas;11754;2022;4;Homens;1150;50 a 54 anos;11754
Indicador  3.4.1;1755;2.29;13;Amazonas;11754;2022;4;Homens;1151;55 a 59 anos;11754
Indicador  3.4.1;1755;3.87;13;Amazonas;11754;2022;4;Homens;1152;60 a 64 anos;11754
Indicador  3.4.1;1755;6.80;13;Amazonas;11754;2022;4;Homens;1153;65 a 69 anos;11754
Indicador  3.4.1;1755;11.68;13;Amazonas;11754;2022;5;Mulheres;56742;30 a 69 anos;11754
Indicador  3.4.1;1755;0.12;13;Amazonas;11754;2022;5;Mulheres;1146;30 a 34 anos;11754
Indicador  3.4.1;1755;0.27;13;Amazonas;11754;2022;5;Mulheres;1147;35 a 39 anos;11754
Indicador  3.4.1;1755;0.58;13;Amazonas;11754;2022;5;Mulheres;1148;40 a 44 anos;11754
Indicador  3.4.1;1755;0.73;13;Amazonas;11754;2022;5;Mulheres;1149;45 a 49 anos;11754
Indicador  3.4.1;1755;1.14;13;Amazonas;11754;2022;5;Mulheres;1150;50 a 54 anos;11754
Indicador  3.4.1;1755;2.05;13;Amazonas;11754;2022;5;Mulheres;1151;55 a 59 anos;11754
Indicador  3.4.1;1755;2.81;13;Amazonas;11754;2022;5;Mulheres;1152;60 a 64 anos;11754
Indicador  3.4.1;1755;4.53;13;Amazonas;11754;2022;5;Mulheres;1153;65 a 69 anos;11754
Indicador  3.4.1;1755;17.29;14;Roraima;11754;2018;6794;Total;56742;30 a 69 anos;11754
Indicador  3.4.1;1755;0.22;14;Roraima;11754;2018;6794;Total;1146;30 a 34 anos;11754
Indicador  3.4.1;1755;0.19;14;Roraima;11754;2018;6794;Total;1147;35 a 39 anos;11754
Indicador  3.4.1;1755;0.48;14;Roraima;11754;2018;6794;Total;1148;40 a 44 anos;11754
Indicador  3.4.1;1755;0.83;14;Roraima;11754;2018;6794;Total;1149;45 a 49 anos;11754
Indicador  3.4.1;1755;1.52;14;Roraima;11754;2018;6794;Total;1150;50 a 54 anos;11754
Indicador  3.4.1;1755;2.87;14;Roraima;11754;2018;6794;Total;1151;55 a 59 anos;11754
Indicador  3.4.1;1755;4.86;14;Roraima;11754;2018;6794;Total;1152;60 a 64 anos;11754
Indicador  3.4.1;1755;7.52;14;Roraima;11754;2018;6794;Total;1153;65 a 69 anos;11754
Indicador  3.4.1;1755;19.12;14;Roraima;11754;2018;4;Homens;56742;30 a 69 anos;11754
Indicador  3.4.1;1755;0.17;14;Roraima;11754;2018;4;Homens;1146;30 a 34 anos;11754
Indicador  3.4.1;1755;0.13;14;Roraima;11754;2018;4;Homens;1147;35 a 39 anos;11754
Indicador  3.4.1;1755;0.44;14;Roraima;11754;2018;4;Homens;1148;40 a 44 anos;11754
Indicador  3.4.1;1755;0.90;14;Roraima;11754;2018;4;Homens;1149;45 a 49 anos;11754
Indicador  3.4.1;1755;1.49;14;Roraima;11754;2018;4;Homens;1150;50 a 54 anos;11754
Indicador  3.4.1;1755;3.07;14;Roraima;11754;2018;4;Homens;1151;55 a 59 anos;11754
Indicador  3.4.1;1755;5.51;14;Roraima;11754;2018;4;Homens;1152;60 a 64 anos;11754
Indicador  3.4.1;1755;8.88;14;Roraima;11754;2018;4;Homens;1153;65 a 69 anos;11754
Indicador  3.4.1;1755;15.19;14;Roraima;11754;2018;5;Mulheres;56742;30 a 69 anos;11754
Indicador  3.4.1;1755;0.28;14;Roraima;11754;2018;5;Mulheres;1146;30 a 34 anos;11754
Indicador  3.4.1;1755;0.26;14;Roraima;11754;2018;5;Mulheres;1147;35 a 39 anos;11754
Indicador  3.4.1;1755;0.51;14;Roraima;11754;2018;5;Mulheres;1148;40 a 44 anos;11754
Indicador  3.4.1;1755;0.76;14;Roraima;11754;2018;5;Mulheres;1149;45 a 49 anos;11754
Indicador  3.4.1;1755;1.56;14;Roraima;11754;2018;5;Mulheres;1150;50 a 54 anos;11754
Indicador  3.4.1;1755;2.66;14;Roraima;11754;2018;5;Mulheres;1151;55 a 59 anos;11754
Indicador  3.4.1;1755;4.16;14;Roraima;11754;2018;5;Mulheres;1152;60 a 64 anos;11754
Indicador  3.4.1;1755;5.96;14;Roraima;11754;2018;5;Mulheres;1153;65 a 69 anos;11754
Indicador  3.4.1;1755;17.04;14;Roraima;11754;2019;6794;Total;56742;30 a 69 anos;11754
Indicador  3.4.1;1755;0.14;14;Roraima;11754;2019;6794;Total;1146;30 a 34 anos;11754
Indicador  3.4.1;1755;0.28;14;Roraima;11754;2019;6794;Total;1147;35 a 39 anos;11754
Indicador  3.4.1;1755;0.64;14;Roraima;11754;2019;6794;Total;1148;40 a 44 anos;11754
Indicador  3.4.1;1755;0.74;14;Roraima;11754;2019;6794;Total;1149;45 a 49 anos;11754
Indicador  3.4.1;1755;1.47;14;Roraima;11754;2019;6794;Total;1150;50 a 54 anos;11754
Indicador  3.4.1;1755;2.98;14;Roraima;11754;2019;6794;Total;1151;55 a 59 anos;11754
Indicador  3.4.1;1755;4.27;14;Roraima;11754;2019;6794;Total;1152;60 a 64 anos;11754
Indicador  3.4.1;1755;7.67;14;Roraima;11754;2019;6794;Total;1153;65 a 69 anos;11754
Indicador  3.4.1;1755;20.68;14;Roraima;11754;2019;4;Homens;56742;30 a 69 anos;11754
Indicador  3.4.1;1755;0.14;14;Roraima;11754;2019;4;Homens;1146;30 a 34 anos;11754
Indicador  3.4.1;1755;0.19;14;Roraima;11754;2019;4;Homens;1147;35 a 39 anos;11754
Indicador  3.4.1;1755;0.61;14;Roraima;11754;2019;4;Homens;1148;40 a 44 anos;11754
Indicador  3.4.1;1755;0.78;14;Roraima;11754;2019;4;Homens;1149;45 a 49 anos;11754
Indicador  3.4.1;1755;1.80;14;Roraima;11754;2019;4;Homens;1150;50 a 54 anos;11754
Indicador  3.4.1;1755;3.51;14;Roraima;11754;2019;4;Homens;1151;55 a 59 anos;11754
Indicador  3.4.1;1755;6.14;14;Roraima;11754;2019;4;Homens;1152;60 a 64 anos;11754
Indicador  3.4.1;1755;9.26;14;Roraima;11754;2019;4;Homens;1153;65 a 69 anos;11754
Indicador  3.4.1;1755;12.90;14;Roraima;11754;2019;5;Mulheres;56742;30 a 69 anos;11754
Indicador  3.4.1;1755;0.15;14;Roraima;11754;2019;5;Mulheres;1146;30 a 34 anos;11754
Indicador  3.4.1;1755;0.38;14;Roraima;11754;2019;5;Mulheres;1147;35 a 39 anos;11754
Indicador  3.4.1;1755;0.68;14;Roraima;11754;2019;5;Mulheres;1148;40 a 44 anos;11754
Indicador  3.4.1;1755;0.70;14;Roraima;11754;2019;5;Mulheres;1149;45 a 49 anos;11754
Indicador  3.4.1;1755;1.12;14;Roraima;11754;2019;5;Mulheres;1150;50 a 54 anos;11754
Indicador  3.4.1;1755;2.41;14;Roraima;11754;2019;5;Mulheres;1151;55 a 59 anos;11754
Indicador  3.4.1;1755;2.26;14;Roraima;11754;2019;5;Mulheres;1152;60 a 64 anos;11754
Indicador  3.4.1;1755;5.86;14;Roraima;11754;2019;5;Mulheres;1153;65 a 69 anos;11754
Indicador  3.4.1;1755;16.46;14;Roraima;11754;2020;6794;Total;56742;30 a 69 anos;11754
Indicador  3.4.1;1755;0.21;14;Roraima;11754;2020;6794;Total;1146;30 a 34 anos;11754
Indicador  3.4.1;1755;0.27;14;Roraima;11754;2020;6794;Total;1147;35 a 39 anos;11754
Indicador  3.4.1;1755;0.57;14;Roraima;11754;2020;6794;Total;1148;40 a 44 anos;11754
Indicador  3.4.1;1755;0.96;14;Roraima;11754;2020;6794;Total;1149;45 a 49 anos;11754
Indicador  3.4.1;1755;1.47;14;Roraima;11754;2020;6794;Total;1150;50 a 54 anos;11754
Indicador  3.4.1;1755;2.58;14;Roraima;11754;2020;6794;Total;1151;55 a 59 anos;11754
Indicador  3.4.1;1755;4.46;14;Roraima;11754;2020;6794;Total;1152;60 a 64 anos;11754
Indicador  3.4.1;1755;7.05;14;Roraima;11754;2020;6794;Total;1153;65 a 69 anos;11754
Indicador  3.4.1;1755;17.53;14;Roraima;11754;2020;4;Homens;56742;30 a 69 anos;11754
Indicador  3.4.1;1755;0.13;14;Roraima;11754;2020;4;Homens;1146;30 a 34 anos;11754
Indicador  3.4.1;1755;0.14;14;Roraima;11754;2020;4;Homens;1147;35 a 39 anos;11754
Indicador  3.4.1;1755;0.63;14;Roraima;11754;2020;4;Homens;1148;40 a 44 anos;11754
Indicador  3.4.1;1755;1.15;14;Roraima;11754;2020;4;Homens;1149;45 a 49 anos;11754
Indicador  3.4.1;1755;1.53;14;Roraima;11754;2020;4;Homens;1150;50 a 54 anos;11754
Indicador  3.4.1;1755;2.77;14;Roraima;11754;2020;4;Homens;1151;55 a 59 anos;11754
Indicador  3.4.1;1755;4.73;14;Roraima;11754;2020;4;Homens;1152;60 a 64 anos;11754
Indicador  3.4.1;1755;7.70;14;Roraima;11754;2020;4;Homens;1153;65 a 69 anos;11754
Indicador  3.4.1;1755;15.28;14;Roraima;11754;2020;5;Mulheres;56742;30 a 69 anos;11754
Indicador  3.4.1;1755;0.29;14;Roraima;11754;2020;5;Mulheres;1146;30 a 34 anos;11754
Indicador  3.4.1;1755;0.41;14;Roraima;11754;2020;5;Mulheres;1147;35 a 39 anos;11754
Indicador  3.4.1;1755;0.50;14;Roraima;11754;2020;5;Mulheres;1148;40 a 44 anos;11754
Indicador  3.4.1;1755;0.76;14;Roraima;11754;2020;5;Mulheres;1149;45 a 49 anos;11754
Indicador  3.4.1;1755;1.41;14;Roraima;11754;2020;5;Mulheres;1150;50 a 54 anos;11754
Indicador  3.4.1;1755;2.38;14;Roraima;11754;2020;5;Mulheres;1151;55 a 59 anos;11754
Indicador  3.4.1;1755;4.17;14;Roraima;11754;2020;5;Mulheres;1152;60 a 64 anos;11754
Indicador  3.4.1;1755;6.33;14;Roraima;11754;2020;5;Mulheres;1153;65 a 69 anos;11754
Indicador  3.4.1;1755;15.19;14;Roraima;11754;2021;6794;Total;56742;30 a 69 anos;11754
Indicador  3.4.1;1755;0.15;14;Roraima;11754;2021;6794;Total;1146;30 a 34 anos;11754
Indicador  3.4.1;1755;0.26;14;Roraima;11754;2021;6794;Total;1147;35 a 39 anos;11754
Indicador  3.4.1;1755;0.57;14;Roraima;11754;2021;6794;Total;1148;40 a 44 anos;11754
Indicador  3.4.1;1755;0.87;14;Roraima;11754;2021;6794;Total;1149;45 a 49 anos;11754
Indicador  3.4.1;1755;1.51;14;Roraima;11754;2021;6794;Total;1150;50 a 54 anos;11754
Indicador  3.4.1;1755;2.30;14;Roraima;11754;2021;6794;Total;1151;55 a 59 anos;11754
Indicador  3.4.1;1755;3.95;14;Roraima;11754;2021;6794;Total;1152;60 a 64 anos;11754
Indicador  3.4.1;1755;6.52;14;Roraima;11754;2021;6794;Total;1153;65 a 69 anos;11754
Indicador  3.4.1;1755;17.30;14;Roraima;11754;2021;4;Homens;56742;30 a 69 anos;11754
Indicador  3.4.1;1755;0.14;14;Roraima;11754;2021;4;Homens;1146;30 a 34 anos;11754
Indicador  3.4.1;1755;0.25;14;Roraima;11754;2021;4;Homens;1147;35 a 39 anos;11754
Indicador  3.4.1;1755;0.77;14;Roraima;11754;2021;4;Homens;1148;40 a 44 anos;11754
Indicador  3.4.1;1755;0.97;14;Roraima;11754;2021;4;Homens;1149;45 a 49 anos;11754
Indicador  3.4.1;1755;1.61;14;Roraima;11754;2021;4;Homens;1150;50 a 54 anos;11754
Indicador  3.4.1;1755;2.77;14;Roraima;11754;2021;4;Homens;1151;55 a 59 anos;11754
Indicador  3.4.1;1755;3.95;14;Roraima;11754;2021;4;Homens;1152;60 a 64 anos;11754
Indicador  3.4.1;1755;8.06;14;Roraima;11754;2021;4;Homens;1153;65 a 69 anos;11754
Indicador  3.4.1;1755;12.92;14;Roraima;11754;2021;5;Mulheres;56742;30 a 69 anos;11754
Indicador  3.4.1;1755;0.17;14;Roraima;11754;2021;5;Mulheres;1146;30 a 34 anos;11754
Indicador  3.4.1;1755;0.26;14;Roraima;11754;2021;5;Mulheres;1147;35 a 39 anos;11754
Indicador  3.4.1;1755;0.35;14;Roraima;11754;2021;5;Mulheres;1148;40 a 44 anos;11754
Indicador  3.4.1;1755;0.76;14;Roraima;11754;2021;5;Mulheres;1149;45 a 49 anos;11754
Indicador  3.4.1;1755;1.40;14;Roraima;11754;2021;5;Mulheres;1150;50 a 54 anos;11754
Indicador  3.4.1;1755;1.80;14;Roraima;11754;2021;5;Mulheres;1151;55 a 59 anos;11754
Indicador  3.4.1;1755;3.95;14;Roraima;11754;2021;5;Mulheres;1152;60 a 64 anos;11754
Indicador  3.4.1;1755;4.90;14;Roraima;11754;2021;5;Mulheres;1153;65 a 69 anos;11754
Indicador  3.4.1;1755;15.08;14;Roraima;11754;2022;6794;Total;56742;30 a 69 anos;11754
Indicador  3.4.1;1755;0.15;14;Roraima;11754;2022;6794;Total;1146;30 a 34 anos;11754
Indicador  3.4.1;1755;0.38;14;Roraima;11754;2022;6794;Total;1147;35 a 39 anos;11754
Indicador  3.4.1;1755;0.49;14;Roraima;11754;2022;6794;Total;1148;40 a 44 anos;11754
Indicador  3.4.1;1755;0.63;14;Roraima;11754;2022;6794;Total;1149;45 a 49 anos;11754
Indicador  3.4.1;1755;1.52;14;Roraima;11754;2022;6794;Total;1150;50 a 54 anos;11754
Indicador  3.4.1;1755;2.44;14;Roraima;11754;2022;6794;Total;1151;55 a 59 anos;11754
Indicador  3.4.1;1755;4.34;14;Roraima;11754;2022;6794;Total;1152;60 a 64 anos;11754
Indicador  3.4.1;1755;6.06;14;Roraima;11754;2022;6794;Total;1153;65 a 69 anos;11754
Indicador  3.4.1;1755;17.27;14;Roraima;11754;2022;4;Homens;56742;30 a 69 anos;11754
Indicador  3.4.1;1755;0.07;14;Roraima;11754;2022;4;Homens;1146;30 a 34 anos;11754
Indicador  3.4.1;1755;0.34;14;Roraima;11754;2022;4;Homens;1147;35 a 39 anos;11754
Indicador  3.4.1;1755;0.40;14;Roraima;11754;2022;4;Homens;1148;40 a 44 anos;11754
Indicador  3.4.1;1755;0.64;14;Roraima;11754;2022;4;Homens;1149;45 a 49 anos;11754
Indicador  3.4.1;1755;1.53;14;Roraima;11754;2022;4;Homens;1150;50 a 54 anos;11754
Indicador  3.4.1;1755;2.54;14;Roraima;11754;2022;4;Homens;1151;55 a 59 anos;11754
Indicador  3.4.1;1755;5.75;14;Roraima;11754;2022;4;Homens;1152;60 a 64 anos;11754
Indicador  3.4.1;1755;7.19;14;Roraima;11754;2022;4;Homens;1153;65 a 69 anos;11754
Indicador  3.4.1;1755;12.76;14;Roraima;11754;2022;5;Mulheres;56742;30 a 69 anos;11754
Indicador  3.4.1;1755;0.23;14;Roraima;11754;2022;5;Mulheres;1146;30 a 34 anos;11754
Indicador  3.4.1;1755;0.44;14;Roraima;11754;2022;5;Mulheres;1147;35 a 39 anos;11754
Indicador  3.4.1;1755;0.58;14;Roraima;11754;2022;5;Mulheres;1148;40 a 44 anos;11754
Indicador  3.4.1;1755;0.62;14;Roraima;11754;2022;5;Mulheres;1149;45 a 49 anos;11754
Indicador  3.4.1;1755;1.50;14;Roraima;11754;2022;5;Mulheres;1150;50 a 54 anos;11754
Indicador  3.4.1;1755;2.33;14;Roraima;11754;2022;5;Mulheres;1151;55 a 59 anos;11754
Indicador  3.4.1;1755;2.84;14;Roraima;11754;2022;5;Mulheres;1152;60 a 64 anos;11754
Indicador  3.4.1;1755;4.90;14;Roraima;11754;2022;5;Mulheres;1153;65 a 69 anos;11754
Indicador  3.4.1;1755;13.84;15;Pará;11754;2018;6794;Total;56742;30 a 69 anos;11754
Indicador  3.4.1;1755;0.16;15;Pará;11754;2018;6794;Total;1146;30 a 34 anos;11754
Indicador  3.4.1;1755;0.27;15;Pará;11754;2018;6794;Total;1147;35 a 39 anos;11754
Indicador  3.4.1;1755;0.45;15;Pará;11754;2018;6794;Total;1148;40 a 44 anos;11754
Indicador  3.4.1;1755;0.82;15;Pará;11754;2018;6794;Total;1149;45 a 49 anos;11754
Indicador  3.4.1;1755;1.35;15;Pará;11754;2018;6794;Total;1150;50 a 54 anos;11754
Indicador  3.4.1;1755;2.18;15;Pará;11754;2018;6794;Total;1151;55 a 59 anos;11754
Indicador  3.4.1;1755;3.63;15;Pará;11754;2018;6794;Total;1152;60 a 64 anos;11754
Indicador  3.4.1;1755;5.75;15;Pará;11754;2018;6794;Total;1153;65 a 69 anos;11754
Indicador  3.4.1;1755;15.58;15;Pará;11754;2018;4;Homens;56742;30 a 69 anos;11754
Indicador  3.4.1;1755;0.15;15;Pará;11754;2018;4;Homens;1146;30 a 34 anos;11754
Indicador  3.4.1;1755;0.27;15;Pará;11754;2018;4;Homens;1147;35 a 39 anos;11754
Indicador  3.4.1;1755;0.42;15;Pará;11754;2018;4;Homens;1148;40 a 44 anos;11754
Indicador  3.4.1;1755;0.84;15;Pará;11754;2018;4;Homens;1149;45 a 49 anos;11754
Indicador  3.4.1;1755;1.41;15;Pará;11754;2018;4;Homens;1150;50 a 54 anos;11754
Indicador  3.4.1;1755;2.42;15;Pará;11754;2018;4;Homens;1151;55 a 59 anos;11754
Indicador  3.4.1;1755;4.24;15;Pará;11754;2018;4;Homens;1152;60 a 64 anos;11754
Indicador  3.4.1;1755;6.80;15;Pará;11754;2018;4;Homens;1153;65 a 69 anos;11754
Indicador  3.4.1;1755;12.07;15;Pará;11754;2018;5;Mulheres;56742;30 a 69 anos;11754
Indicador  3.4.1;1755;0.17;15;Pará;11754;2018;5;Mulheres;1146;30 a 34 anos;11754
Indicador  3.4.1;1755;0.27;15;Pará;11754;2018;5;Mulheres;1147;35 a 39 anos;11754
Indicador  3.4.1;1755;0.47;15;Pará;11754;2018;5;Mulheres;1148;40 a 44 anos;11754
Indicador  3.4.1;1755;0.80;15;Pará;11754;2018;5;Mulheres;1149;45 a 49 anos;11754
Indicador  3.4.1;1755;1.30;15;Pará;11754;2018;5;Mulheres;1150;50 a 54 anos;11754
Indicador  3.4.1;1755;1.94;15;Pará;11754;2018;5;Mulheres;1151;55 a 59 anos;11754
Indicador  3.4.1;1755;3.01;15;Pará;11754;2018;5;Mulheres;1152;60 a 64 anos;11754
Indicador  3.4.1;1755;4.71;15;Pará;11754;2018;5;Mulheres;1153;65 a 69 anos;11754
Indicador  3.4.1;1755;13.79;15;Pará;11754;2019;6794;Total;56742;30 a 69 anos;11754
Indicador  3.4.1;1755;0.15;15;Pará;11754;2019;6794;Total;1146;30 a 34 anos;11754
Indicador  3.4.1;1755;0.27;15;Pará;11754;2019;6794;Total;1147;35 a 39 anos;11754
Indicador  3.4.1;1755;0.45;15;Pará;11754;2019;6794;Total;1148;40 a 44 anos;11754
Indicador  3.4.1;1755;0.72;15;Pará;11754;2019;6794;Total;1149;45 a 49 anos;11754
Indicador  3.4.1;1755;1.26;15;Pará;11754;2019;6794;Total;1150;50 a 54 anos;11754
Indicador  3.4.1;1755;2.25;15;Pará;11754;2019;6794;Total;1151;55 a 59 anos;11754
Indicador  3.4.1;1755;3.63;15;Pará;11754;2019;6794;Total;1152;60 a 64 anos;11754
Indicador  3.4.1;1755;5.84;15;Pará;11754;2019;6794;Total;1153;65 a 69 anos;11754
Indicador  3.4.1;1755;15.82;15;Pará;11754;2019;4;Homens;56742;30 a 69 anos;11754
Indicador  3.4.1;1755;0.14;15;Pará;11754;2019;4;Homens;1146;30 a 34 anos;11754
Indicador  3.4.1;1755;0.25;15;Pará;11754;2019;4;Homens;1147;35 a 39 anos;11754
Indicador  3.4.1;1755;0.45;15;Pará;11754;2019;4;Homens;1148;40 a 44 anos;11754
Indicador  3.4.1;1755;0.75;15;Pará;11754;2019;4;Homens;1149;45 a 49 anos;11754
Indicador  3.4.1;1755;1.40;15;Pará;11754;2019;4;Homens;1150;50 a 54 anos;11754
Indicador  3.4.1;1755;2.61;15;Pará;11754;2019;4;Homens;1151;55 a 59 anos;11754
Indicador  3.4.1;1755;4.14;15;Pará;11754;2019;4;Homens;1152;60 a 64 anos;11754
Indicador  3.4.1;1755;7.08;15;Pará;11754;2019;4;Homens;1153;65 a 69 anos;11754
Indicador  3.4.1;1755;11.73;15;Pará;11754;2019;5;Mulheres;56742;30 a 69 anos;11754
Indicador  3.4.1;1755;0.14;15;Pará;11754;2019;5;Mulheres;1146;30 a 34 anos;11754
Indicador  3.4.1;1755;0.29;15;Pará;11754;2019;5;Mulheres;1147;35 a 39 anos;11754
Indicador  3.4.1;1755;0.45;15;Pará;11754;2019;5;Mulheres;1148;40 a 44 anos;11754
Indicador  3.4.1;1755;0.69;15;Pará;11754;2019;5;Mulheres;1149;45 a 49 anos;11754
Indicador  3.4.1;1755;1.12;15;Pará;11754;2019;5;Mulheres;1150;50 a 54 anos;11754
Indicador  3.4.1;1755;1.88;15;Pará;11754;2019;5;Mulheres;1151;55 a 59 anos;11754
Indicador  3.4.1;1755;3.13;15;Pará;11754;2019;5;Mulheres;1152;60 a 64 anos;11754
Indicador  3.4.1;1755;4.60;15;Pará;11754;2019;5;Mulheres;1153;65 a 69 anos;11754
Indicador  3.4.1;1755;14.40;15;Pará;11754;2020;6794;Total;56742;30 a 69 anos;11754
Indicador  3.4.1;1755;0.15;15;Pará;11754;2020;6794;Total;1146;30 a 34 anos;11754
Indicador  3.4.1;1755;0.28;15;Pará;11754;2020;6794;Total;1147;35 a 39 anos;11754
Indicador  3.4.1;1755;0.50;15;Pará;11754;2020;6794;Total;1148;40 a 44 anos;11754
Indicador  3.4.1;1755;0.77;15;Pará;11754;2020;6794;Total;1149;45 a 49 anos;11754
Indicador  3.4.1;1755;1.45;15;Pará;11754;2020;6794;Total;1150;50 a 54 anos;11754
Indicador  3.4.1;1755;2.24;15;Pará;11754;2020;6794;Total;1151;55 a 59 anos;11754
Indicador  3.4.1;1755;3.72;15;Pará;11754;2020;6794;Total;1152;60 a 64 anos;11754
Indicador  3.4.1;1755;6.12;15;Pará;11754;2020;6794;Total;1153;65 a 69 anos;11754
Indicador  3.4.1;1755;16.70;15;Pará;11754;2020;4;Homens;56742;30 a 69 anos;11754
Indicador  3.4.1;1755;0.16;15;Pará;11754;2020;4;Homens;1146;30 a 34 anos;11754
Indicador  3.4.1;1755;0.26;15;Pará;11754;2020;4;Homens;1147;35 a 39 anos;11754
Indicador  3.4.1;1755;0.48;15;Pará;11754;2020;4;Homens;1148;40 a 44 anos;11754
Indicador  3.4.1;1755;0.83;15;Pará;11754;2020;4;Homens;1149;45 a 49 anos;11754
Indicador  3.4.1;1755;1.54;15;Pará;11754;2020;4;Homens;1150;50 a 54 anos;11754
Indicador  3.4.1;1755;2.68;15;Pará;11754;2020;4;Homens;1151;55 a 59 anos;11754
Indicador  3.4.1;1755;4.38;15;Pará;11754;2020;4;Homens;1152;60 a 64 anos;11754
Indicador  3.4.1;1755;7.50;15;Pará;11754;2020;4;Homens;1153;65 a 69 anos;11754
Indicador  3.4.1;1755;12.06;15;Pará;11754;2020;5;Mulheres;56742;30 a 69 anos;11754
Indicador  3.4.1;1755;0.14;15;Pará;11754;2020;5;Mulheres;1146;30 a 34 anos;11754
Indicador  3.4.1;1755;0.30;15;Pará;11754;2020;5;Mulheres;1147;35 a 39 anos;11754
Indicador  3.4.1;1755;0.52;15;Pará;11754;2020;5;Mulheres;1148;40 a 44 anos;11754
Indicador  3.4.1;1755;0.72;15;Pará;11754;2020;5;Mulheres;1149;45 a 49 anos;11754
Indicador  3.4.1;1755;1.36;15;Pará;11754;2020;5;Mulheres;1150;50 a 54 anos;11754
Indicador  3.4.1;1755;1.80;15;Pará;11754;2020;5;Mulheres;1151;55 a 59 anos;11754
Indicador  3.4.1;1755;3.06;15;Pará;11754;2020;5;Mulheres;1152;60 a 64 anos;11754
Indicador  3.4.1;1755;4.74;15;Pará;11754;2020;5;Mulheres;1153;65 a 69 anos;11754
Indicador  3.4.1;1755;12.99;15;Pará;11754;2021;6794;Total;56742;30 a 69 anos;11754
Indicador  3.4.1;1755;0.16;15;Pará;11754;2021;6794;Total;1146;30 a 34 anos;11754
Indicador  3.4.1;1755;0.27;15;Pará;11754;2021;6794;Total;1147;35 a 39 anos;11754
Indicador  3.4.1;1755;0.47;15;Pará;11754;2021;6794;Total;1148;40 a 44 anos;11754
Indicador  3.4.1;1755;0.77;15;Pará;11754;2021;6794;Total;1149;45 a 49 anos;11754
Indicador  3.4.1;1755;1.21;15;Pará;11754;2021;6794;Total;1150;50 a 54 anos;11754
Indicador  3.4.1;1755;1.92;15;Pará;11754;2021;6794;Total;1151;55 a 59 anos;11754
Indicador  3.4.1;1755;3.41;15;Pará;11754;2021;6794;Total;1152;60 a 64 anos;11754
Indicador  3.4.1;1755;5.45;15;Pará;11754;2021;6794;Total;1153;65 a 69 anos;11754
Indicador  3.4.1;1755;14.83;15;Pará;11754;2021;4;Homens;56742;30 a 69 anos;11754
Indicador  3.4.1;1755;0.15;15;Pará;11754;2021;4;Homens;1146;30 a 34 anos;11754
Indicador  3.4.1;1755;0.27;15;Pará;11754;2021;4;Homens;1147;35 a 39 anos;11754
Indicador  3.4.1;1755;0.46;15;Pará;11754;2021;4;Homens;1148;40 a 44 anos;11754
Indicador  3.4.1;1755;0.77;15;Pará;11754;2021;4;Homens;1149;45 a 49 anos;11754
Indicador  3.4.1;1755;1.37;15;Pará;11754;2021;4;Homens;1150;50 a 54 anos;11754
Indicador  3.4.1;1755;2.20;15;Pará;11754;2021;4;Homens;1151;55 a 59 anos;11754
Indicador  3.4.1;1755;4.04;15;Pará;11754;2021;4;Homens;1152;60 a 64 anos;11754
Indicador  3.4.1;1755;6.45;15;Pará;11754;2021;4;Homens;1153;65 a 69 anos;11754
Indicador  3.4.1;1755;11.16;15;Pará;11754;2021;5;Mulheres;56742;30 a 69 anos;11754
Indicador  3.4.1;1755;0.16;15;Pará;11754;2021;5;Mulheres;1146;30 a 34 anos;11754
Indicador  3.4.1;1755;0.28;15;Pará;11754;2021;5;Mulheres;1147;35 a 39 anos;11754
Indicador  3.4.1;1755;0.47;15;Pará;11754;2021;5;Mulheres;1148;40 a 44 anos;11754
Indicador  3.4.1;1755;0.78;15;Pará;11754;2021;5;Mulheres;1149;45 a 49 anos;11754
Indicador  3.4.1;1755;1.05;15;Pará;11754;2021;5;Mulheres;1150;50 a 54 anos;11754
Indicador  3.4.1;1755;1.64;15;Pará;11754;2021;5;Mulheres;1151;55 a 59 anos;11754
Indicador  3.4.1;1755;2.80;15;Pará;11754;2021;5;Mulheres;1152;60 a 64 anos;11754
Indicador  3.4.1;1755;4.50;15;Pará;11754;2021;5;Mulheres;1153;65 a 69 anos;11754
Indicador  3.4.1;1755;12.79;15;Pará;11754;2022;6794;Total;56742;30 a 69 anos;11754
Indicador  3.4.1;1755;0.13;15;Pará;11754;2022;6794;Total;1146;30 a 34 anos;11754
Indicador  3.4.1;1755;0.26;15;Pará;11754;2022;6794;Total;1147;35 a 39 anos;11754
Indicador  3.4.1;1755;0.47;15;Pará;11754;2022;6794;Total;1148;40 a 44 anos;11754
Indicador  3.4.1;1755;0.78;15;Pará;11754;2022;6794;Total;1149;45 a 49 anos;11754
Indicador  3.4.1;1755;1.19;15;Pará;11754;2022;6794;Total;1150;50 a 54 anos;11754
Indicador  3.4.1;1755;1.92;15;Pará;11754;2022;6794;Total;1151;55 a 59 anos;11754
Indicador  3.4.1;1755;3.45;15;Pará;11754;2022;6794;Total;1152;60 a 64 anos;11754
Indicador  3.4.1;1755;5.25;15;Pará;11754;2022;6794;Total;1153;65 a 69 anos;11754
Indicador  3.4.1;1755;14.69;15;Pará;11754;2022;4;Homens;56742;30 a 69 anos;11754
Indicador  3.4.1;1755;0.12;15;Pará;11754;2022;4;Homens;1146;30 a 34 anos;11754
Indicador  3.4.1;1755;0.22;15;Pará;11754;2022;4;Homens;1147;35 a 39 anos;11754
Indicador  3.4.1;1755;0.45;15;Pará;11754;2022;4;Homens;1148;40 a 44 anos;11754
Indicador  3.4.1;1755;0.78;15;Pará;11754;2022;4;Homens;1149;45 a 49 anos;11754
Indicador  3.4.1;1755;1.31;15;Pará;11754;2022;4;Homens;1150;50 a 54 anos;11754
Indicador  3.4.1;1755;2.29;15;Pará;11754;2022;4;Homens;1151;55 a 59 anos;11754
Indicador  3.4.1;1755;4.14;15;Pará;11754;2022;4;Homens;1152;60 a 64 anos;11754
Indicador  3.4.1;1755;6.26;15;Pará;11754;2022;4;Homens;1153;65 a 69 anos;11754
Indicador  3.4.1;1755;10.91;15;Pará;11754;2022;5;Mulheres;56742;30 a 69 anos;11754
Indicador  3.4.1;1755;0.13;15;Pará;11754;2022;5;Mulheres;1146;30 a 34 anos;11754
Indicador  3.4.1;1755;0.29;15;Pará;11754;2022;5;Mulheres;1147;35 a 39 anos;11754
Indicador  3.4.1;1755;0.49;15;Pará;11754;2022;5;Mulheres;1148;40 a 44 anos;11754
Indicador  3.4.1;1755;0.79;15;Pará;11754;2022;5;Mulheres;1149;45 a 49 anos;11754
Indicador  3.4.1;1755;1.08;15;Pará;11754;2022;5;Mulheres;1150;50 a 54 anos;11754
Indicador  3.4.1;1755;1.56;15;Pará;11754;2022;5;Mulheres;1151;55 a 59 anos;11754
Indicador  3.4.1;1755;2.79;15;Pará;11754;2022;5;Mulheres;1152;60 a 64 anos;11754
Indicador  3.4.1;1755;4.29;15;Pará;11754;2022;5;Mulheres;1153;65 a 69 anos;11754
Indicador  3.4.1;1755;14.41;16;Amapá;11754;2018;6794;Total;56742;30 a 69 anos;11754
Indicador  3.4.1;1755;0.17;16;Amapá;11754;2018;6794;Total;1146;30 a 34 anos;11754
Indicador  3.4.1;1755;0.20;16;Amapá;11754;2018;6794;Total;1147;35 a 39 anos;11754
Indicador  3.4.1;1755;0.42;16;Amapá;11754;2018;6794;Total;1148;40 a 44 anos;11754
Indicador  3.4.1;1755;0.88;16;Amapá;11754;2018;6794;Total;1149;45 a 49 anos;11754
Indicador  3.4.1;1755;1.41;16;Amapá;11754;2018;6794;Total;1150;50 a 54 anos;11754
Indicador  3.4.1;1755;2.46;16;Amapá;11754;2018;6794;Total;1151;55 a 59 anos;11754
Indicador  3.4.1;1755;3.85;16;Amapá;11754;2018;6794;Total;1152;60 a 64 anos;11754
Indicador  3.4.1;1755;5.87;16;Amapá;11754;2018;6794;Total;1153;65 a 69 anos;11754
Indicador  3.4.1;1755;16.65;16;Amapá;11754;2018;4;Homens;56742;30 a 69 anos;11754
Indicador  3.4.1;1755;0.13;16;Amapá;11754;2018;4;Homens;1146;30 a 34 anos;11754
Indicador  3.4.1;1755;0.24;16;Amapá;11754;2018;4;Homens;1147;35 a 39 anos;11754
Indicador  3.4.1;1755;0.36;16;Amapá;11754;2018;4;Homens;1148;40 a 44 anos;11754
Indicador  3.4.1;1755;0.66;16;Amapá;11754;2018;4;Homens;1149;45 a 49 anos;11754
Indicador  3.4.1;1755;1.56;16;Amapá;11754;2018;4;Homens;1150;50 a 54 anos;11754
Indicador  3.4.1;1755;3.02;16;Amapá;11754;2018;4;Homens;1151;55 a 59 anos;11754
Indicador  3.4.1;1755;4.54;16;Amapá;11754;2018;4;Homens;1152;60 a 64 anos;11754
Indicador  3.4.1;1755;7.25;16;Amapá;11754;2018;4;Homens;1153;65 a 69 anos;11754
Indicador  3.4.1;1755;12.03;16;Amapá;11754;2018;5;Mulheres;56742;30 a 69 anos;11754
Indicador  3.4.1;1755;0.21;16;Amapá;11754;2018;5;Mulheres;1146;30 a 34 anos;11754
Indicador  3.4.1;1755;0.15;16;Amapá;11754;2018;5;Mulheres;1147;35 a 39 anos;11754
Indicador  3.4.1;1755;0.48;16;Amapá;11754;2018;5;Mulheres;1148;40 a 44 anos;11754
Indicador  3.4.1;1755;1.10;16;Amapá;11754;2018;5;Mulheres;1149;45 a 49 anos;11754
Indicador  3.4.1;1755;1.26;16;Amapá;11754;2018;5;Mulheres;1150;50 a 54 anos;11754
Indicador  3.4.1;1755;1.84;16;Amapá;11754;2018;5;Mulheres;1151;55 a 59 anos;11754
Indicador  3.4.1;1755;3.13;16;Amapá;11754;2018;5;Mulheres;1152;60 a 64 anos;11754
Indicador  3.4.1;1755;4.47;16;Amapá;11754;2018;5;Mulheres;1153;65 a 69 anos;11754
Indicador  3.4.1;1755;15.20;16;Amapá;11754;2019;6794;Total;56742;30 a 69 anos;11754
Indicador  3.4.1;1755;0.16;16;Amapá;11754;2019;6794;Total;1146;30 a 34 anos;11754
Indicador  3.4.1;1755;0.24;16;Amapá;11754;2019;6794;Total;1147;35 a 39 anos;11754
Indicador  3.4.1;1755;0.49;16;Amapá;11754;2019;6794;Total;1148;40 a 44 anos;11754
Indicador  3.4.1;1755;0.62;16;Amapá;11754;2019;6794;Total;1149;45 a 49 anos;11754
Indicador  3.4.1;1755;1.40;16;Amapá;11754;2019;6794;Total;1150;50 a 54 anos;11754
Indicador  3.4.1;1755;2.48;16;Amapá;11754;2019;6794;Total;1151;55 a 59 anos;11754
Indicador  3.4.1;1755;4.10;16;Amapá;11754;2019;6794;Total;1152;60 a 64 anos;11754
Indicador  3.4.1;1755;6.64;16;Amapá;11754;2019;6794;Total;1153;65 a 69 anos;11754
Indicador  3.4.1;1755;16.82;16;Amapá;11754;2019;4;Homens;56742;30 a 69 anos;11754
Indicador  3.4.1;1755;0.15;16;Amapá;11754;2019;4;Homens;1146;30 a 34 anos;11754
Indicador  3.4.1;1755;0.14;16;Amapá;11754;2019;4;Homens;1147;35 a 39 anos;11754
Indicador  3.4.1;1755;0.35;16;Amapá;11754;2019;4;Homens;1148;40 a 44 anos;11754
Indicador  3.4.1;1755;0.64;16;Amapá;11754;2019;4;Homens;1149;45 a 49 anos;11754
Indicador  3.4.1;1755;1.49;16;Amapá;11754;2019;4;Homens;1150;50 a 54 anos;11754
Indicador  3.4.1;1755;2.85;16;Amapá;11754;2019;4;Homens;1151;55 a 59 anos;11754
Indicador  3.4.1;1755;4.70;16;Amapá;11754;2019;4;Homens;1152;60 a 64 anos;11754
Indicador  3.4.1;1755;7.62;16;Amapá;11754;2019;4;Homens;1153;65 a 69 anos;11754
Indicador  3.4.1;1755;13.49;16;Amapá;11754;2019;5;Mulheres;56742;30 a 69 anos;11754
Indicador  3.4.1;1755;0.16;16;Amapá;11754;2019;5;Mulheres;1146;30 a 34 anos;11754
Indicador  3.4.1;1755;0.33;16;Amapá;11754;2019;5;Mulheres;1147;35 a 39 anos;11754
Indicador  3.4.1;1755;0.62;16;Amapá;11754;2019;5;Mulheres;1148;40 a 44 anos;11754
Indicador  3.4.1;1755;0.61;16;Amapá;11754;2019;5;Mulheres;1149;45 a 49 anos;11754
Indicador  3.4.1;1755;1.31;16;Amapá;11754;2019;5;Mulheres;1150;50 a 54 anos;11754
Indicador  3.4.1;1755;2.09;16;Amapá;11754;2019;5;Mulheres;1151;55 a 59 anos;11754
Indicador  3.4.1;1755;3.47;16;Amapá;11754;2019;5;Mulheres;1152;60 a 64 anos;11754
Indicador  3.4.1;1755;5.64;16;Amapá;11754;2019;5;Mulheres;1153;65 a 69 anos;11754
Indicador  3.4.1;1755;14.89;16;Amapá;11754;2020;6794;Total;56742;30 a 69 anos;11754
Indicador  3.4.1;1755;0.29;16;Amapá;11754;2020;6794;Total;1146;30 a 34 anos;11754
Indicador  3.4.1;1755;0.26;16;Amapá;11754;2020;6794;Total;1147;35 a 39 anos;11754
Indicador  3.4.1;1755;0.59;16;Amapá;11754;2020;6794;Total;1148;40 a 44 anos;11754
Indicador  3.4.1;1755;0.96;16;Amapá;11754;2020;6794;Total;1149;45 a 49 anos;11754
Indicador  3.4.1;1755;1.31;16;Amapá;11754;2020;6794;Total;1150;50 a 54 anos;11754
Indicador  3.4.1;1755;2.44;16;Amapá;11754;2020;6794;Total;1151;55 a 59 anos;11754
Indicador  3.4.1;1755;3.93;16;Amapá;11754;2020;6794;Total;1152;60 a 64 anos;11754
Indicador  3.4.1;1755;6.04;16;Amapá;11754;2020;6794;Total;1153;65 a 69 anos;11754
Indicador  3.4.1;1755;16.63;16;Amapá;11754;2020;4;Homens;56742;30 a 69 anos;11754
Indicador  3.4.1;1755;0.25;16;Amapá;11754;2020;4;Homens;1146;30 a 34 anos;11754
Indicador  3.4.1;1755;0.19;16;Amapá;11754;2020;4;Homens;1147;35 a 39 anos;11754
Indicador  3.4.1;1755;0.49;16;Amapá;11754;2020;4;Homens;1148;40 a 44 anos;11754
Indicador  3.4.1;1755;0.94;16;Amapá;11754;2020;4;Homens;1149;45 a 49 anos;11754
Indicador  3.4.1;1755;1.48;16;Amapá;11754;2020;4;Homens;1150;50 a 54 anos;11754
Indicador  3.4.1;1755;2.80;16;Amapá;11754;2020;4;Homens;1151;55 a 59 anos;11754
Indicador  3.4.1;1755;4.57;16;Amapá;11754;2020;4;Homens;1152;60 a 64 anos;11754
Indicador  3.4.1;1755;7.04;16;Amapá;11754;2020;4;Homens;1153;65 a 69 anos;11754
Indicador  3.4.1;1755;13.01;16;Amapá;11754;2020;5;Mulheres;56742;30 a 69 anos;11754
Indicador  3.4.1;1755;0.33;16;Amapá;11754;2020;5;Mulheres;1146;30 a 34 anos;11754
Indicador  3.4.1;1755;0.33;16;Amapá;11754;2020;5;Mulheres;1147;35 a 39 anos;11754
Indicador  3.4.1;1755;0.68;16;Amapá;11754;2020;5;Mulheres;1148;40 a 44 anos;11754
Indicador  3.4.1;1755;0.97;16;Amapá;11754;2020;5;Mulheres;1149;45 a 49 anos;11754
Indicador  3.4.1;1755;1.12;16;Amapá;11754;2020;5;Mulheres;1150;50 a 54 anos;11754
Indicador  3.4.1;1755;2.04;16;Amapá;11754;2020;5;Mulheres;1151;55 a 59 anos;11754
Indicador  3.4.1;1755;3.24;16;Amapá;11754;2020;5;Mulheres;1152;60 a 64 anos;11754
Indicador  3.4.1;1755;5.01;16;Amapá;11754;2020;5;Mulheres;1153;65 a 69 anos;11754
Indicador  3.4.1;1755;13.69;16;Amapá;11754;2021;6794;Total;56742;30 a 69 anos;11754
Indicador  3.4.1;1755;0.17;16;Amapá;11754;2021;6794;Total;1146;30 a 34 anos;11754
Indicador  3.4.1;1755;0.32;16;Amapá;11754;2021;6794;Total;1147;35 a 39 anos;11754
Indicador  3.4.1;1755;0.45;16;Amapá;11754;2021;6794;Total;1148;40 a 44 anos;11754
Indicador  3.4.1;1755;0.72;16;Amapá;11754;2021;6794;Total;1149;45 a 49 anos;11754
Indicador  3.4.1;1755;1.40;16;Amapá;11754;2021;6794;Total;1150;50 a 54 anos;11754
Indicador  3.4.1;1755;2.19;16;Amapá;11754;2021;6794;Total;1151;55 a 59 anos;11754
Indicador  3.4.1;1755;3.62;16;Amapá;11754;2021;6794;Total;1152;60 a 64 anos;11754
Indicador  3.4.1;1755;5.58;16;Amapá;11754;2021;6794;Total;1153;65 a 69 anos;11754
Indicador  3.4.1;1755;15.00;16;Amapá;11754;2021;4;Homens;56742;30 a 69 anos;11754
Indicador  3.4.1;1755;0.15;16;Amapá;11754;2021;4;Homens;1146;30 a 34 anos;11754
Indicador  3.4.1;1755;0.15;16;Amapá;11754;2021;4;Homens;1147;35 a 39 anos;11754
Indicador  3.4.1;1755;0.53;16;Amapá;11754;2021;4;Homens;1148;40 a 44 anos;11754
Indicador  3.4.1;1755;0.72;16;Amapá;11754;2021;4;Homens;1149;45 a 49 anos;11754
Indicador  3.4.1;1755;1.51;16;Amapá;11754;2021;4;Homens;1150;50 a 54 anos;11754
Indicador  3.4.1;1755;2.31;16;Amapá;11754;2021;4;Homens;1151;55 a 59 anos;11754
Indicador  3.4.1;1755;3.94;16;Amapá;11754;2021;4;Homens;1152;60 a 64 anos;11754
Indicador  3.4.1;1755;6.59;16;Amapá;11754;2021;4;Homens;1153;65 a 69 anos;11754
Indicador  3.4.1;1755;12.34;16;Amapá;11754;2021;5;Mulheres;56742;30 a 69 anos;11754
Indicador  3.4.1;1755;0.20;16;Amapá;11754;2021;5;Mulheres;1146;30 a 34 anos;11754
Indicador  3.4.1;1755;0.49;16;Amapá;11754;2021;5;Mulheres;1147;35 a 39 anos;11754
Indicador  3.4.1;1755;0.36;16;Amapá;11754;2021;5;Mulheres;1148;40 a 44 anos;11754
Indicador  3.4.1;1755;0.72;16;Amapá;11754;2021;5;Mulheres;1149;45 a 49 anos;11754
Indicador  3.4.1;1755;1.28;16;Amapá;11754;2021;5;Mulheres;1150;50 a 54 anos;11754
Indicador  3.4.1;1755;2.06;16;Amapá;11754;2021;5;Mulheres;1151;55 a 59 anos;11754
Indicador  3.4.1;1755;3.29;16;Amapá;11754;2021;5;Mulheres;1152;60 a 64 anos;11754
Indicador  3.4.1;1755;4.57;16;Amapá;11754;2021;5;Mulheres;1153;65 a 69 anos;11754
Indicador  3.4.1;1755;13.36;16;Amapá;11754;2022;6794;Total;56742;30 a 69 anos;11754
Indicador  3.4.1;1755;0.18;16;Amapá;11754;2022;6794;Total;1146;30 a 34 anos;11754
Indicador  3.4.1;1755;0.30;16;Amapá;11754;2022;6794;Total;1147;35 a 39 anos;11754
Indicador  3.4.1;1755;0.45;16;Amapá;11754;2022;6794;Total;1148;40 a 44 anos;11754
Indicador  3.4.1;1755;0.87;16;Amapá;11754;2022;6794;Total;1149;45 a 49 anos;11754
Indicador  3.4.1;1755;1.33;16;Amapá;11754;2022;6794;Total;1150;50 a 54 anos;11754
Indicador  3.4.1;1755;1.87;16;Amapá;11754;2022;6794;Total;1151;55 a 59 anos;11754
Indicador  3.4.1;1755;3.24;16;Amapá;11754;2022;6794;Total;1152;60 a 64 anos;11754
Indicador  3.4.1;1755;5.85;16;Amapá;11754;2022;6794;Total;1153;65 a 69 anos;11754
Indicador  3.4.1;1755;14.71;16;Amapá;11754;2022;4;Homens;56742;30 a 69 anos;11754
Indicador  3.4.1;1755;0.16;16;Amapá;11754;2022;4;Homens;1146;30 a 34 anos;11754
Indicador  3.4.1;1755;0.37;16;Amapá;11754;2022;4;Homens;1147;35 a 39 anos;11754
Indicador  3.4.1;1755;0.35;16;Amapá;11754;2022;4;Homens;1148;40 a 44 anos;11754
Indicador  3.4.1;1755;0.95;16;Amapá;11754;2022;4;Homens;1149;45 a 49 anos;11754
Indicador  3.4.1;1755;1.40;16;Amapá;11754;2022;4;Homens;1150;50 a 54 anos;11754
Indicador  3.4.1;1755;1.93;16;Amapá;11754;2022;4;Homens;1151;55 a 59 anos;11754
Indicador  3.4.1;1755;3.58;16;Amapá;11754;2022;4;Homens;1152;60 a 64 anos;11754
Indicador  3.4.1;1755;6.84;16;Amapá;11754;2022;4;Homens;1153;65 a 69 anos;11754
Indicador  3.4.1;1755;11.98;16;Amapá;11754;2022;5;Mulheres;56742;30 a 69 anos;11754
Indicador  3.4.1;1755;0.19;16;Amapá;11754;2022;5;Mulheres;1146;30 a 34 anos;11754
Indicador  3.4.1;1755;0.22;16;Amapá;11754;2022;5;Mulheres;1147;35 a 39 anos;11754
Indicador  3.4.1;1755;0.54;16;Amapá;11754;2022;5;Mulheres;1148;40 a 44 anos;11754
Indicador  3.4.1;1755;0.79;16;Amapá;11754;2022;5;Mulheres;1149;45 a 49 anos;11754
Indicador  3.4.1;1755;1.27;16;Amapá;11754;2022;5;Mulheres;1150;50 a 54 anos;11754
Indicador  3.4.1;1755;1.80;16;Amapá;11754;2022;5;Mulheres;1151;55 a 59 anos;11754
Indicador  3.4.1;1755;2.90;16;Amapá;11754;2022;5;Mulheres;1152;60 a 64 anos;11754
Indicador  3.4.1;1755;4.85;16;Amapá;11754;2022;5;Mulheres;1153;65 a 69 anos;11754
Indicador  3.4.1;1755;14.59;17;Tocantins;11754;2018;6794;Total;56742;30 a 69 anos;11754
Indicador  3.4.1;1755;0.22;17;Tocantins;11754;2018;6794;Total;1146;30 a 34 anos;11754
Indicador  3.4.1;1755;0.26;17;Tocantins;11754;2018;6794;Total;1147;35 a 39 anos;11754
Indicador  3.4.1;1755;0.52;17;Tocantins;11754;2018;6794;Total;1148;40 a 44 anos;11754
Indicador  3.4.1;1755;0.81;17;Tocantins;11754;2018;6794;Total;1149;45 a 49 anos;11754
Indicador  3.4.1;1755;1.55;17;Tocantins;11754;2018;6794;Total;1150;50 a 54 anos;11754
Indicador  3.4.1;1755;2.19;17;Tocantins;11754;2018;6794;Total;1151;55 a 59 anos;11754
Indicador  3.4.1;1755;3.97;17;Tocantins;11754;2018;6794;Total;1152;60 a 64 anos;11754
Indicador  3.4.1;1755;5.94;17;Tocantins;11754;2018;6794;Total;1153;65 a 69 anos;11754
Indicador  3.4.1;1755;16.29;17;Tocantins;11754;2018;4;Homens;56742;30 a 69 anos;11754
Indicador  3.4.1;1755;0.23;17;Tocantins;11754;2018;4;Homens;1146;30 a 34 anos;11754
Indicador  3.4.1;1755;0.19;17;Tocantins;11754;2018;4;Homens;1147;35 a 39 anos;11754
Indicador  3.4.1;1755;0.51;17;Tocantins;11754;2018;4;Homens;1148;40 a 44 anos;11754
Indicador  3.4.1;1755;0.87;17;Tocantins;11754;2018;4;Homens;1149;45 a 49 anos;11754
Indicador  3.4.1;1755;1.92;17;Tocantins;11754;2018;4;Homens;1150;50 a 54 anos;11754
Indicador  3.4.1;1755;2.64;17;Tocantins;11754;2018;4;Homens;1151;55 a 59 anos;11754
Indicador  3.4.1;1755;4.30;17;Tocantins;11754;2018;4;Homens;1152;60 a 64 anos;11754
Indicador  3.4.1;1755;6.72;17;Tocantins;11754;2018;4;Homens;1153;65 a 69 anos;11754
Indicador  3.4.1;1755;12.81;17;Tocantins;11754;2018;5;Mulheres;56742;30 a 69 anos;11754
Indicador  3.4.1;1755;0.21;17;Tocantins;11754;2018;5;Mulheres;1146;30 a 34 anos;11754
Indicador  3.4.1;1755;0.34;17;Tocantins;11754;2018;5;Mulheres;1147;35 a 39 anos;11754
Indicador  3.4.1;1755;0.53;17;Tocantins;11754;2018;5;Mulheres;1148;40 a 44 anos;11754
Indicador  3.4.1;1755;0.75;17;Tocantins;11754;2018;5;Mulheres;1149;45 a 49 anos;11754
Indicador  3.4.1;1755;1.18;17;Tocantins;11754;2018;5;Mulheres;1150;50 a 54 anos;11754
Indicador  3.4.1;1755;1.73;17;Tocantins;11754;2018;5;Mulheres;1151;55 a 59 anos;11754
Indicador  3.4.1;1755;3.62;17;Tocantins;11754;2018;5;Mulheres;1152;60 a 64 anos;11754
Indicador  3.4.1;1755;5.12;17;Tocantins;11754;2018;5;Mulheres;1153;65 a 69 anos;11754
Indicador  3.4.1;1755;14.40;17;Tocantins;11754;2019;6794;Total;56742;30 a 69 anos;11754
Indicador  3.4.1;1755;0.17;17;Tocantins;11754;2019;6794;Total;1146;30 a 34 anos;11754
Indicador  3.4.1;1755;0.27;17;Tocantins;11754;2019;6794;Total;1147;35 a 39 anos;11754
Indicador  3.4.1;1755;0.49;17;Tocantins;11754;2019;6794;Total;1148;40 a 44 anos;11754
Indicador  3.4.1;1755;0.88;17;Tocantins;11754;2019;6794;Total;1149;45 a 49 anos;11754
Indicador  3.4.1;1755;1.35;17;Tocantins;11754;2019;6794;Total;1150;50 a 54 anos;11754
Indicador  3.4.1;1755;2.21;17;Tocantins;11754;2019;6794;Total;1151;55 a 59 anos;11754
Indicador  3.4.1;1755;3.96;17;Tocantins;11754;2019;6794;Total;1152;60 a 64 anos;11754
Indicador  3.4.1;1755;5.91;17;Tocantins;11754;2019;6794;Total;1153;65 a 69 anos;11754
Indicador  3.4.1;1755;16.49;17;Tocantins;11754;2019;4;Homens;56742;30 a 69 anos;11754
Indicador  3.4.1;1755;0.18;17;Tocantins;11754;2019;4;Homens;1146;30 a 34 anos;11754
Indicador  3.4.1;1755;0.35;17;Tocantins;11754;2019;4;Homens;1147;35 a 39 anos;11754
Indicador  3.4.1;1755;0.48;17;Tocantins;11754;2019;4;Homens;1148;40 a 44 anos;11754
Indicador  3.4.1;1755;0.92;17;Tocantins;11754;2019;4;Homens;1149;45 a 49 anos;11754
Indicador  3.4.1;1755;1.70;17;Tocantins;11754;2019;4;Homens;1150;50 a 54 anos;11754
Indicador  3.4.1;1755;2.53;17;Tocantins;11754;2019;4;Homens;1151;55 a 59 anos;11754
Indicador  3.4.1;1755;4.60;17;Tocantins;11754;2019;4;Homens;1152;60 a 64 anos;11754
Indicador  3.4.1;1755;6.85;17;Tocantins;11754;2019;4;Homens;1153;65 a 69 anos;11754
Indicador  3.4.1;1755;12.17;17;Tocantins;11754;2019;5;Mulheres;56742;30 a 69 anos;11754
Indicador  3.4.1;1755;0.15;17;Tocantins;11754;2019;5;Mulheres;1146;30 a 34 anos;11754
Indicador  3.4.1;1755;0.20;17;Tocantins;11754;2019;5;Mulheres;1147;35 a 39 anos;11754
Indicador  3.4.1;1755;0.51;17;Tocantins;11754;2019;5;Mulheres;1148;40 a 44 anos;11754
Indicador  3.4.1;1755;0.84;17;Tocantins;11754;2019;5;Mulheres;1149;45 a 49 anos;11754
Indicador  3.4.1;1755;1.00;17;Tocantins;11754;2019;5;Mulheres;1150;50 a 54 anos;11754
Indicador  3.4.1;1755;1.88;17;Tocantins;11754;2019;5;Mulheres;1151;55 a 59 anos;11754
Indicador  3.4.1;1755;3.28;17;Tocantins;11754;2019;5;Mulheres;1152;60 a 64 anos;11754
Indicador  3.4.1;1755;4.90;17;Tocantins;11754;2019;5;Mulheres;1153;65 a 69 anos;11754
Indicador  3.4.1;1755;13.66;17;Tocantins;11754;2020;6794;Total;56742;30 a 69 anos;11754
Indicador  3.4.1;1755;0.16;17;Tocantins;11754;2020;6794;Total;1146;30 a 34 anos;11754
Indicador  3.4.1;1755;0.32;17;Tocantins;11754;2020;6794;Total;1147;35 a 39 anos;11754
Indicador  3.4.1;1755;0.42;17;Tocantins;11754;2020;6794;Total;1148;40 a 44 anos;11754
Indicador  3.4.1;1755;0.81;17;Tocantins;11754;2020;6794;Total;1149;45 a 49 anos;11754
Indicador  3.4.1;1755;1.29;17;Tocantins;11754;2020;6794;Total;1150;50 a 54 anos;11754
Indicador  3.4.1;1755;2.14;17;Tocantins;11754;2020;6794;Total;1151;55 a 59 anos;11754
Indicador  3.4.1;1755;3.52;17;Tocantins;11754;2020;6794;Total;1152;60 a 64 anos;11754
Indicador  3.4.1;1755;5.76;17;Tocantins;11754;2020;6794;Total;1153;65 a 69 anos;11754
Indicador  3.4.1;1755;15.28;17;Tocantins;11754;2020;4;Homens;56742;30 a 69 anos;11754
Indicador  3.4.1;1755;0.18;17;Tocantins;11754;2020;4;Homens;1146;30 a 34 anos;11754
Indicador  3.4.1;1755;0.31;17;Tocantins;11754;2020;4;Homens;1147;35 a 39 anos;11754
Indicador  3.4.1;1755;0.42;17;Tocantins;11754;2020;4;Homens;1148;40 a 44 anos;11754
Indicador  3.4.1;1755;0.88;17;Tocantins;11754;2020;4;Homens;1149;45 a 49 anos;11754
Indicador  3.4.1;1755;1.33;17;Tocantins;11754;2020;4;Homens;1150;50 a 54 anos;11754
Indicador  3.4.1;1755;2.41;17;Tocantins;11754;2020;4;Homens;1151;55 a 59 anos;11754
Indicador  3.4.1;1755;3.99;17;Tocantins;11754;2020;4;Homens;1152;60 a 64 anos;11754
Indicador  3.4.1;1755;6.70;17;Tocantins;11754;2020;4;Homens;1153;65 a 69 anos;11754
Indicador  3.4.1;1755;11.97;17;Tocantins;11754;2020;5;Mulheres;56742;30 a 69 anos;11754
Indicador  3.4.1;1755;0.14;17;Tocantins;11754;2020;5;Mulheres;1146;30 a 34 anos;11754
Indicador  3.4.1;1755;0.33;17;Tocantins;11754;2020;5;Mulheres;1147;35 a 39 anos;11754
Indicador  3.4.1;1755;0.41;17;Tocantins;11754;2020;5;Mulheres;1148;40 a 44 anos;11754
Indicador  3.4.1;1755;0.73;17;Tocantins;11754;2020;5;Mulheres;1149;45 a 49 anos;11754
Indicador  3.4.1;1755;1.26;17;Tocantins;11754;2020;5;Mulheres;1150;50 a 54 anos;11754
Indicador  3.4.1;1755;1.86;17;Tocantins;11754;2020;5;Mulheres;1151;55 a 59 anos;11754
Indicador  3.4.1;1755;3.04;17;Tocantins;11754;2020;5;Mulheres;1152;60 a 64 anos;11754
Indicador  3.4.1;1755;4.78;17;Tocantins;11754;2020;5;Mulheres;1153;65 a 69 anos;11754
Indicador  3.4.1;1755;14.11;17;Tocantins;11754;2021;6794;Total;56742;30 a 69 anos;11754
Indicador  3.4.1;1755;0.17;17;Tocantins;11754;2021;6794;Total;1146;30 a 34 anos;11754
Indicador  3.4.1;1755;0.30;17;Tocantins;11754;2021;6794;Total;1147;35 a 39 anos;11754
Indicador  3.4.1;1755;0.54;17;Tocantins;11754;2021;6794;Total;1148;40 a 44 anos;11754
Indicador  3.4.1;1755;1.00;17;Tocantins;11754;2021;6794;Total;1149;45 a 49 anos;11754
Indicador  3.4.1;1755;1.49;17;Tocantins;11754;2021;6794;Total;1150;50 a 54 anos;11754
Indicador  3.4.1;1755;2.03;17;Tocantins;11754;2021;6794;Total;1151;55 a 59 anos;11754
Indicador  3.4.1;1755;3.50;17;Tocantins;11754;2021;6794;Total;1152;60 a 64 anos;11754
Indicador  3.4.1;1755;5.88;17;Tocantins;11754;2021;6794;Total;1153;65 a 69 anos;11754
Indicador  3.4.1;1755;16.02;17;Tocantins;11754;2021;4;Homens;56742;30 a 69 anos;11754
Indicador  3.4.1;1755;0.20;17;Tocantins;11754;2021;4;Homens;1146;30 a 34 anos;11754
Indicador  3.4.1;1755;0.36;17;Tocantins;11754;2021;4;Homens;1147;35 a 39 anos;11754
Indicador  3.4.1;1755;0.46;17;Tocantins;11754;2021;4;Homens;1148;40 a 44 anos;11754
Indicador  3.4.1;1755;1.03;17;Tocantins;11754;2021;4;Homens;1149;45 a 49 anos;11754
Indicador  3.4.1;1755;1.59;17;Tocantins;11754;2021;4;Homens;1150;50 a 54 anos;11754
Indicador  3.4.1;1755;2.34;17;Tocantins;11754;2021;4;Homens;1151;55 a 59 anos;11754
Indicador  3.4.1;1755;4.07;17;Tocantins;11754;2021;4;Homens;1152;60 a 64 anos;11754
Indicador  3.4.1;1755;7.02;17;Tocantins;11754;2021;4;Homens;1153;65 a 69 anos;11754
Indicador  3.4.1;1755;12.15;17;Tocantins;11754;2021;5;Mulheres;56742;30 a 69 anos;11754
Indicador  3.4.1;1755;0.14;17;Tocantins;11754;2021;5;Mulheres;1146;30 a 34 anos;11754
Indicador  3.4.1;1755;0.25;17;Tocantins;11754;2021;5;Mulheres;1147;35 a 39 anos;11754
Indicador  3.4.1;1755;0.62;17;Tocantins;11754;2021;5;Mulheres;1148;40 a 44 anos;11754
Indicador  3.4.1;1755;0.97;17;Tocantins;11754;2021;5;Mulheres;1149;45 a 49 anos;11754
Indicador  3.4.1;1755;1.39;17;Tocantins;11754;2021;5;Mulheres;1150;50 a 54 anos;11754
Indicador  3.4.1;1755;1.72;17;Tocantins;11754;2021;5;Mulheres;1151;55 a 59 anos;11754
Indicador  3.4.1;1755;2.94;17;Tocantins;11754;2021;5;Mulheres;1152;60 a 64 anos;11754
Indicador  3.4.1;1755;4.75;17;Tocantins;11754;2021;5;Mulheres;1153;65 a 69 anos;11754
Indicador  3.4.1;1755;13.77;17;Tocantins;11754;2022;6794;Total;56742;30 a 69 anos;11754
Indicador  3.4.1;1755;0.18;17;Tocantins;11754;2022;6794;Total;1146;30 a 34 anos;11754
Indicador  3.4.1;1755;0.26;17;Tocantins;11754;2022;6794;Total;1147;35 a 39 anos;11754
Indicador  3.4.1;1755;0.54;17;Tocantins;11754;2022;6794;Total;1148;40 a 44 anos;11754
Indicador  3.4.1;1755;0.92;17;Tocantins;11754;2022;6794;Total;1149;45 a 49 anos;11754
Indicador  3.4.1;1755;1.44;17;Tocantins;11754;2022;6794;Total;1150;50 a 54 anos;11754
Indicador  3.4.1;1755;2.25;17;Tocantins;11754;2022;6794;Total;1151;55 a 59 anos;11754
Indicador  3.4.1;1755;3.46;17;Tocantins;11754;2022;6794;Total;1152;60 a 64 anos;11754
Indicador  3.4.1;1755;5.49;17;Tocantins;11754;2022;6794;Total;1153;65 a 69 anos;11754
Indicador  3.4.1;1755;15.62;17;Tocantins;11754;2022;4;Homens;56742;30 a 69 anos;11754
Indicador  3.4.1;1755;0.16;17;Tocantins;11754;2022;4;Homens;1146;30 a 34 anos;11754
Indicador  3.4.1;1755;0.27;17;Tocantins;11754;2022;4;Homens;1147;35 a 39 anos;11754
Indicador  3.4.1;1755;0.58;17;Tocantins;11754;2022;4;Homens;1148;40 a 44 anos;11754
Indicador  3.4.1;1755;0.98;17;Tocantins;11754;2022;4;Homens;1149;45 a 49 anos;11754
Indicador  3.4.1;1755;1.64;17;Tocantins;11754;2022;4;Homens;1150;50 a 54 anos;11754
Indicador  3.4.1;1755;2.50;17;Tocantins;11754;2022;4;Homens;1151;55 a 59 anos;11754
Indicador  3.4.1;1755;4.16;17;Tocantins;11754;2022;4;Homens;1152;60 a 64 anos;11754
Indicador  3.4.1;1755;6.34;17;Tocantins;11754;2022;4;Homens;1153;65 a 69 anos;11754
Indicador  3.4.1;1755;11.89;17;Tocantins;11754;2022;5;Mulheres;56742;30 a 69 anos;11754
Indicador  3.4.1;1755;0.19;17;Tocantins;11754;2022;5;Mulheres;1146;30 a 34 anos;11754
Indicador  3.4.1;1755;0.25;17;Tocantins;11754;2022;5;Mulheres;1147;35 a 39 anos;11754
Indicador  3.4.1;1755;0.51;17;Tocantins;11754;2022;5;Mulheres;1148;40 a 44 anos;11754
Indicador  3.4.1;1755;0.87;17;Tocantins;11754;2022;5;Mulheres;1149;45 a 49 anos;11754
Indicador  3.4.1;1755;1.23;17;Tocantins;11754;2022;5;Mulheres;1150;50 a 54 anos;11754
Indicador  3.4.1;1755;2.00;17;Tocantins;11754;2022;5;Mulheres;1151;55 a 59 anos;11754
Indicador  3.4.1;1755;2.77;17;Tocantins;11754;2022;5;Mulheres;1152;60 a 64 anos;11754
Indicador  3.4.1;1755;4.65;17;Tocantins;11754;2022;5;Mulheres;1153;65 a 69 anos;11754
Indicador  3.4.1;1755;15.42;21;Maranhão;11754;2018;6794;Total;56742;30 a 69 anos;11754
Indicador  3.4.1;1755;0.19;21;Maranhão;11754;2018;6794;Total;1146;30 a 34 anos;11754
Indicador  3.4.1;1755;0.31;21;Maranhão;11754;2018;6794;Total;1147;35 a 39 anos;11754
Indicador  3.4.1;1755;0.57;21;Maranhão;11754;2018;6794;Total;1148;40 a 44 anos;11754
Indicador  3.4.1;1755;0.91;21;Maranhão;11754;2018;6794;Total;1149;45 a 49 anos;11754
Indicador  3.4.1;1755;1.44;21;Maranhão;11754;2018;6794;Total;1150;50 a 54 anos;11754
Indicador  3.4.1;1755;2.41;21;Maranhão;11754;2018;6794;Total;1151;55 a 59 anos;11754
Indicador  3.4.1;1755;3.92;21;Maranhão;11754;2018;6794;Total;1152;60 a 64 anos;11754
Indicador  3.4.1;1755;6.65;21;Maranhão;11754;2018;6794;Total;1153;65 a 69 anos;11754
Indicador  3.4.1;1755;17.72;21;Maranhão;11754;2018;4;Homens;56742;30 a 69 anos;11754
Indicador  3.4.1;1755;0.20;21;Maranhão;11754;2018;4;Homens;1146;30 a 34 anos;11754
Indicador  3.4.1;1755;0.31;21;Maranhão;11754;2018;4;Homens;1147;35 a 39 anos;11754
Indicador  3.4.1;1755;0.59;21;Maranhão;11754;2018;4;Homens;1148;40 a 44 anos;11754
Indicador  3.4.1;1755;0.99;21;Maranhão;11754;2018;4;Homens;1149;45 a 49 anos;11754
Indicador  3.4.1;1755;1.52;21;Maranhão;11754;2018;4;Homens;1150;50 a 54 anos;11754
Indicador  3.4.1;1755;2.72;21;Maranhão;11754;2018;4;Homens;1151;55 a 59 anos;11754
Indicador  3.4.1;1755;4.46;21;Maranhão;11754;2018;4;Homens;1152;60 a 64 anos;11754
Indicador  3.4.1;1755;8.22;21;Maranhão;11754;2018;4;Homens;1153;65 a 69 anos;11754
Indicador  3.4.1;1755;13.31;21;Maranhão;11754;2018;5;Mulheres;56742;30 a 69 anos;11754
Indicador  3.4.1;1755;0.18;21;Maranhão;11754;2018;5;Mulheres;1146;30 a 34 anos;11754
Indicador  3.4.1;1755;0.32;21;Maranhão;11754;2018;5;Mulheres;1147;35 a 39 anos;11754
Indicador  3.4.1;1755;0.55;21;Maranhão;11754;2018;5;Mulheres;1148;40 a 44 anos;11754
Indicador  3.4.1;1755;0.83;21;Maranhão;11754;2018;5;Mulheres;1149;45 a 49 anos;11754
Indicador  3.4.1;1755;1.37;21;Maranhão;11754;2018;5;Mulheres;1150;50 a 54 anos;11754
Indicador  3.4.1;1755;2.13;21;Maranhão;11754;2018;5;Mulheres;1151;55 a 59 anos;11754
Indicador  3.4.1;1755;3.42;21;Maranhão;11754;2018;5;Mulheres;1152;60 a 64 anos;11754
Indicador  3.4.1;1755;5.24;21;Maranhão;11754;2018;5;Mulheres;1153;65 a 69 anos;11754
Indicador  3.4.1;1755;15.04;21;Maranhão;11754;2019;6794;Total;56742;30 a 69 anos;11754
Indicador  3.4.1;1755;0.19;21;Maranhão;11754;2019;6794;Total;1146;30 a 34 anos;11754
Indicador  3.4.1;1755;0.33;21;Maranhão;11754;2019;6794;Total;1147;35 a 39 anos;11754
Indicador  3.4.1;1755;0.52;21;Maranhão;11754;2019;6794;Total;1148;40 a 44 anos;11754
Indicador  3.4.1;1755;0.88;21;Maranhão;11754;2019;6794;Total;1149;45 a 49 anos;11754
Indicador  3.4.1;1755;1.39;21;Maranhão;11754;2019;6794;Total;1150;50 a 54 anos;11754
Indicador  3.4.1;1755;2.39;21;Maranhão;11754;2019;6794;Total;1151;55 a 59 anos;11754
Indicador  3.4.1;1755;3.77;21;Maranhão;11754;2019;6794;Total;1152;60 a 64 anos;11754
Indicador  3.4.1;1755;6.49;21;Maranhão;11754;2019;6794;Total;1153;65 a 69 anos;11754
Indicador  3.4.1;1755;17.03;21;Maranhão;11754;2019;4;Homens;56742;30 a 69 anos;11754
Indicador  3.4.1;1755;0.19;21;Maranhão;11754;2019;4;Homens;1146;30 a 34 anos;11754
Indicador  3.4.1;1755;0.35;21;Maranhão;11754;2019;4;Homens;1147;35 a 39 anos;11754
Indicador  3.4.1;1755;0.57;21;Maranhão;11754;2019;4;Homens;1148;40 a 44 anos;11754
Indicador  3.4.1;1755;0.97;21;Maranhão;11754;2019;4;Homens;1149;45 a 49 anos;11754
Indicador  3.4.1;1755;1.46;21;Maranhão;11754;2019;4;Homens;1150;50 a 54 anos;11754
Indicador  3.4.1;1755;2.75;21;Maranhão;11754;2019;4;Homens;1151;55 a 59 anos;11754
Indicador  3.4.1;1755;4.26;21;Maranhão;11754;2019;4;Homens;1152;60 a 64 anos;11754
Indicador  3.4.1;1755;7.67;21;Maranhão;11754;2019;4;Homens;1153;65 a 69 anos;11754
Indicador  3.4.1;1755;13.22;21;Maranhão;11754;2019;5;Mulheres;56742;30 a 69 anos;11754
Indicador  3.4.1;1755;0.20;21;Maranhão;11754;2019;5;Mulheres;1146;30 a 34 anos;11754
Indicador  3.4.1;1755;0.31;21;Maranhão;11754;2019;5;Mulheres;1147;35 a 39 anos;11754
Indicador  3.4.1;1755;0.47;21;Maranhão;11754;2019;5;Mulheres;1148;40 a 44 anos;11754
Indicador  3.4.1;1755;0.80;21;Maranhão;11754;2019;5;Mulheres;1149;45 a 49 anos;11754
Indicador  3.4.1;1755;1.32;21;Maranhão;11754;2019;5;Mulheres;1150;50 a 54 anos;11754
Indicador  3.4.1;1755;2.07;21;Maranhão;11754;2019;5;Mulheres;1151;55 a 59 anos;11754
Indicador  3.4.1;1755;3.33;21;Maranhão;11754;2019;5;Mulheres;1152;60 a 64 anos;11754
Indicador  3.4.1;1755;5.44;21;Maranhão;11754;2019;5;Mulheres;1153;65 a 69 anos;11754
Indicador  3.4.1;1755;15.88;21;Maranhão;11754;2020;6794;Total;56742;30 a 69 anos;11754
Indicador  3.4.1;1755;0.22;21;Maranhão;11754;2020;6794;Total;1146;30 a 34 anos;11754
Indicador  3.4.1;1755;0.33;21;Maranhão;11754;2020;6794;Total;1147;35 a 39 anos;11754
Indicador  3.4.1;1755;0.55;21;Maranhão;11754;2020;6794;Total;1148;40 a 44 anos;11754
Indicador  3.4.1;1755;0.94;21;Maranhão;11754;2020;6794;Total;1149;45 a 49 anos;11754
Indicador  3.4.1;1755;1.62;21;Maranhão;11754;2020;6794;Total;1150;50 a 54 anos;11754
Indicador  3.4.1;1755;2.60;21;Maranhão;11754;2020;6794;Total;1151;55 a 59 anos;11754
Indicador  3.4.1;1755;4.10;21;Maranhão;11754;2020;6794;Total;1152;60 a 64 anos;11754
Indicador  3.4.1;1755;6.58;21;Maranhão;11754;2020;6794;Total;1153;65 a 69 anos;11754
Indicador  3.4.1;1755;18.22;21;Maranhão;11754;2020;4;Homens;56742;30 a 69 anos;11754
Indicador  3.4.1;1755;0.25;21;Maranhão;11754;2020;4;Homens;1146;30 a 34 anos;11754
Indicador  3.4.1;1755;0.37;21;Maranhão;11754;2020;4;Homens;1147;35 a 39 anos;11754
Indicador  3.4.1;1755;0.57;21;Maranhão;11754;2020;4;Homens;1148;40 a 44 anos;11754
Indicador  3.4.1;1755;0.99;21;Maranhão;11754;2020;4;Homens;1149;45 a 49 anos;11754
Indicador  3.4.1;1755;1.78;21;Maranhão;11754;2020;4;Homens;1150;50 a 54 anos;11754
Indicador  3.4.1;1755;2.93;21;Maranhão;11754;2020;4;Homens;1151;55 a 59 anos;11754
Indicador  3.4.1;1755;4.90;21;Maranhão;11754;2020;4;Homens;1152;60 a 64 anos;11754
Indicador  3.4.1;1755;7.82;21;Maranhão;11754;2020;4;Homens;1153;65 a 69 anos;11754
Indicador  3.4.1;1755;13.74;21;Maranhão;11754;2020;5;Mulheres;56742;30 a 69 anos;11754
Indicador  3.4.1;1755;0.19;21;Maranhão;11754;2020;5;Mulheres;1146;30 a 34 anos;11754
Indicador  3.4.1;1755;0.30;21;Maranhão;11754;2020;5;Mulheres;1147;35 a 39 anos;11754
Indicador  3.4.1;1755;0.54;21;Maranhão;11754;2020;5;Mulheres;1148;40 a 44 anos;11754
Indicador  3.4.1;1755;0.88;21;Maranhão;11754;2020;5;Mulheres;1149;45 a 49 anos;11754
Indicador  3.4.1;1755;1.48;21;Maranhão;11754;2020;5;Mulheres;1150;50 a 54 anos;11754
Indicador  3.4.1;1755;2.30;21;Maranhão;11754;2020;5;Mulheres;1151;55 a 59 anos;11754
Indicador  3.4.1;1755;3.36;21;Maranhão;11754;2020;5;Mulheres;1152;60 a 64 anos;11754
Indicador  3.4.1;1755;5.47;21;Maranhão;11754;2020;5;Mulheres;1153;65 a 69 anos;11754
Indicador  3.4.1;1755;14.22;21;Maranhão;11754;2021;6794;Total;56742;30 a 69 anos;11754
Indicador  3.4.1;1755;0.19;21;Maranhão;11754;2021;6794;Total;1146;30 a 34 anos;11754
Indicador  3.4.1;1755;0.33;21;Maranhão;11754;2021;6794;Total;1147;35 a 39 anos;11754
Indicador  3.4.1;1755;0.61;21;Maranhão;11754;2021;6794;Total;1148;40 a 44 anos;11754
Indicador  3.4.1;1755;0.91;21;Maranhão;11754;2021;6794;Total;1149;45 a 49 anos;11754
Indicador  3.4.1;1755;1.49;21;Maranhão;11754;2021;6794;Total;1150;50 a 54 anos;11754
Indicador  3.4.1;1755;2.27;21;Maranhão;11754;2021;6794;Total;1151;55 a 59 anos;11754
Indicador  3.4.1;1755;3.58;21;Maranhão;11754;2021;6794;Total;1152;60 a 64 anos;11754
Indicador  3.4.1;1755;5.68;21;Maranhão;11754;2021;6794;Total;1153;65 a 69 anos;11754
Indicador  3.4.1;1755;16.73;21;Maranhão;11754;2021;4;Homens;56742;30 a 69 anos;11754
Indicador  3.4.1;1755;0.21;21;Maranhão;11754;2021;4;Homens;1146;30 a 34 anos;11754
Indicador  3.4.1;1755;0.39;21;Maranhão;11754;2021;4;Homens;1147;35 a 39 anos;11754
Indicador  3.4.1;1755;0.65;21;Maranhão;11754;2021;4;Homens;1148;40 a 44 anos;11754
Indicador  3.4.1;1755;1.06;21;Maranhão;11754;2021;4;Homens;1149;45 a 49 anos;11754
Indicador  3.4.1;1755;1.67;21;Maranhão;11754;2021;4;Homens;1150;50 a 54 anos;11754
Indicador  3.4.1;1755;2.61;21;Maranhão;11754;2021;4;Homens;1151;55 a 59 anos;11754
Indicador  3.4.1;1755;4.32;21;Maranhão;11754;2021;4;Homens;1152;60 a 64 anos;11754
Indicador  3.4.1;1755;6.98;21;Maranhão;11754;2021;4;Homens;1153;65 a 69 anos;11754
Indicador  3.4.1;1755;11.98;21;Maranhão;11754;2021;5;Mulheres;56742;30 a 69 anos;11754
Indicador  3.4.1;1755;0.17;21;Maranhão;11754;2021;5;Mulheres;1146;30 a 34 anos;11754
Indicador  3.4.1;1755;0.28;21;Maranhão;11754;2021;5;Mulheres;1147;35 a 39 anos;11754
Indicador  3.4.1;1755;0.57;21;Maranhão;11754;2021;5;Mulheres;1148;40 a 44 anos;11754
Indicador  3.4.1;1755;0.77;21;Maranhão;11754;2021;5;Mulheres;1149;45 a 49 anos;11754
Indicador  3.4.1;1755;1.33;21;Maranhão;11754;2021;5;Mulheres;1150;50 a 54 anos;11754
Indicador  3.4.1;1755;1.97;21;Maranhão;11754;2021;5;Mulheres;1151;55 a 59 anos;11754
Indicador  3.4.1;1755;2.92;21;Maranhão;11754;2021;5;Mulheres;1152;60 a 64 anos;11754
Indicador  3.4.1;1755;4.57;21;Maranhão;11754;2021;5;Mulheres;1153;65 a 69 anos;11754
Indicador  3.4.1;1755;14.43;21;Maranhão;11754;2022;6794;Total;56742;30 a 69 anos;11754
Indicador  3.4.1;1755;0.19;21;Maranhão;11754;2022;6794;Total;1146;30 a 34 anos;11754
Indicador  3.4.1;1755;0.34;21;Maranhão;11754;2022;6794;Total;1147;35 a 39 anos;11754
Indicador  3.4.1;1755;0.59;21;Maranhão;11754;2022;6794;Total;1148;40 a 44 anos;11754
Indicador  3.4.1;1755;0.87;21;Maranhão;11754;2022;6794;Total;1149;45 a 49 anos;11754
Indicador  3.4.1;1755;1.44;21;Maranhão;11754;2022;6794;Total;1150;50 a 54 anos;11754
Indicador  3.4.1;1755;2.42;21;Maranhão;11754;2022;6794;Total;1151;55 a 59 anos;11754
Indicador  3.4.1;1755;3.72;21;Maranhão;11754;2022;6794;Total;1152;60 a 64 anos;11754
Indicador  3.4.1;1755;5.74;21;Maranhão;11754;2022;6794;Total;1153;65 a 69 anos;11754
Indicador  3.4.1;1755;16.70;21;Maranhão;11754;2022;4;Homens;56742;30 a 69 anos;11754
Indicador  3.4.1;1755;0.22;21;Maranhão;11754;2022;4;Homens;1146;30 a 34 anos;11754
Indicador  3.4.1;1755;0.38;21;Maranhão;11754;2022;4;Homens;1147;35 a 39 anos;11754
Indicador  3.4.1;1755;0.64;21;Maranhão;11754;2022;4;Homens;1148;40 a 44 anos;11754
Indicador  3.4.1;1755;0.96;21;Maranhão;11754;2022;4;Homens;1149;45 a 49 anos;11754
Indicador  3.4.1;1755;1.57;21;Maranhão;11754;2022;4;Homens;1150;50 a 54 anos;11754
Indicador  3.4.1;1755;2.75;21;Maranhão;11754;2022;4;Homens;1151;55 a 59 anos;11754
Indicador  3.4.1;1755;4.47;21;Maranhão;11754;2022;4;Homens;1152;60 a 64 anos;11754
Indicador  3.4.1;1755;6.87;21;Maranhão;11754;2022;4;Homens;1153;65 a 69 anos;11754
Indicador  3.4.1;1755;12.41;21;Maranhão;11754;2022;5;Mulheres;56742;30 a 69 anos;11754
Indicador  3.4.1;1755;0.16;21;Maranhão;11754;2022;5;Mulheres;1146;30 a 34 anos;11754
Indicador  3.4.1;1755;0.32;21;Maranhão;11754;2022;5;Mulheres;1147;35 a 39 anos;11754
Indicador  3.4.1;1755;0.53;21;Maranhão;11754;2022;5;Mulheres;1148;40 a 44 anos;11754
Indicador  3.4.1;1755;0.79;21;Maranhão;11754;2022;5;Mulheres;1149;45 a 49 anos;11754
Indicador  3.4.1;1755;1.31;21;Maranhão;11754;2022;5;Mulheres;1150;50 a 54 anos;11754
Indicador  3.4.1;1755;2.12;21;Maranhão;11754;2022;5;Mulheres;1151;55 a 59 anos;11754
Indicador  3.4.1;1755;3.06;21;Maranhão;11754;2022;5;Mulheres;1152;60 a 64 anos;11754
Indicador  3.4.1;1755;4.77;21;Maranhão;11754;2022;5;Mulheres;1153;65 a 69 anos;11754
Indicador  3.4.1;1755;14.57;22;Piauí;11754;2018;6794;Total;56742;30 a 69 anos;11754
Indicador  3.4.1;1755;0.17;22;Piauí;11754;2018;6794;Total;1146;30 a 34 anos;11754
Indicador  3.4.1;1755;0.33;22;Piauí;11754;2018;6794;Total;1147;35 a 39 anos;11754
Indicador  3.4.1;1755;0.54;22;Piauí;11754;2018;6794;Total;1148;40 a 44 anos;11754
Indicador  3.4.1;1755;0.88;22;Piauí;11754;2018;6794;Total;1149;45 a 49 anos;11754
Indicador  3.4.1;1755;1.46;22;Piauí;11754;2018;6794;Total;1150;50 a 54 anos;11754
Indicador  3.4.1;1755;2.29;22;Piauí;11754;2018;6794;Total;1151;55 a 59 anos;11754
Indicador  3.4.1;1755;3.67;22;Piauí;11754;2018;6794;Total;1152;60 a 64 anos;11754
Indicador  3.4.1;1755;6.10;22;Piauí;11754;2018;6794;Total;1153;65 a 69 anos;11754
Indicador  3.4.1;1755;17.53;22;Piauí;11754;2018;4;Homens;56742;30 a 69 anos;11754
Indicador  3.4.1;1755;0.17;22;Piauí;11754;2018;4;Homens;1146;30 a 34 anos;11754
Indicador  3.4.1;1755;0.39;22;Piauí;11754;2018;4;Homens;1147;35 a 39 anos;11754
Indicador  3.4.1;1755;0.58;22;Piauí;11754;2018;4;Homens;1148;40 a 44 anos;11754
Indicador  3.4.1;1755;1.16;22;Piauí;11754;2018;4;Homens;1149;45 a 49 anos;11754
Indicador  3.4.1;1755;1.69;22;Piauí;11754;2018;4;Homens;1150;50 a 54 anos;11754
Indicador  3.4.1;1755;2.69;22;Piauí;11754;2018;4;Homens;1151;55 a 59 anos;11754
Indicador  3.4.1;1755;4.47;22;Piauí;11754;2018;4;Homens;1152;60 a 64 anos;11754
Indicador  3.4.1;1755;7.64;22;Piauí;11754;2018;4;Homens;1153;65 a 69 anos;11754
Indicador  3.4.1;1755;12.01;22;Piauí;11754;2018;5;Mulheres;56742;30 a 69 anos;11754
Indicador  3.4.1;1755;0.17;22;Piauí;11754;2018;5;Mulheres;1146;30 a 34 anos;11754
Indicador  3.4.1;1755;0.28;22;Piauí;11754;2018;5;Mulheres;1147;35 a 39 anos;11754
Indicador  3.4.1;1755;0.51;22;Piauí;11754;2018;5;Mulheres;1148;40 a 44 anos;11754
Indicador  3.4.1;1755;0.62;22;Piauí;11754;2018;5;Mulheres;1149;45 a 49 anos;11754
Indicador  3.4.1;1755;1.25;22;Piauí;11754;2018;5;Mulheres;1150;50 a 54 anos;11754
Indicador  3.4.1;1755;1.95;22;Piauí;11754;2018;5;Mulheres;1151;55 a 59 anos;11754
Indicador  3.4.1;1755;2.99;22;Piauí;11754;2018;5;Mulheres;1152;60 a 64 anos;11754
Indicador  3.4.1;1755;4.84;22;Piauí;11754;2018;5;Mulheres;1153;65 a 69 anos;11754
Indicador  3.4.1;1755;14.79;22;Piauí;11754;2019;6794;Total;56742;30 a 69 anos;11754
Indicador  3.4.1;1755;0.16;22;Piauí;11754;2019;6794;Total;1146;30 a 34 anos;11754
Indicador  3.4.1;1755;0.34;22;Piauí;11754;2019;6794;Total;1147;35 a 39 anos;11754
Indicador  3.4.1;1755;0.56;22;Piauí;11754;2019;6794;Total;1148;40 a 44 anos;11754
Indicador  3.4.1;1755;0.90;22;Piauí;11754;2019;6794;Total;1149;45 a 49 anos;11754
Indicador  3.4.1;1755;1.48;22;Piauí;11754;2019;6794;Total;1150;50 a 54 anos;11754
Indicador  3.4.1;1755;2.21;22;Piauí;11754;2019;6794;Total;1151;55 a 59 anos;11754
Indicador  3.4.1;1755;3.74;22;Piauí;11754;2019;6794;Total;1152;60 a 64 anos;11754
Indicador  3.4.1;1755;6.29;22;Piauí;11754;2019;6794;Total;1153;65 a 69 anos;11754
Indicador  3.4.1;1755;17.40;22;Piauí;11754;2019;4;Homens;56742;30 a 69 anos;11754
Indicador  3.4.1;1755;0.19;22;Piauí;11754;2019;4;Homens;1146;30 a 34 anos;11754
Indicador  3.4.1;1755;0.41;22;Piauí;11754;2019;4;Homens;1147;35 a 39 anos;11754
Indicador  3.4.1;1755;0.63;22;Piauí;11754;2019;4;Homens;1148;40 a 44 anos;11754
Indicador  3.4.1;1755;0.99;22;Piauí;11754;2019;4;Homens;1149;45 a 49 anos;11754
Indicador  3.4.1;1755;1.66;22;Piauí;11754;2019;4;Homens;1150;50 a 54 anos;11754
Indicador  3.4.1;1755;2.65;22;Piauí;11754;2019;4;Homens;1151;55 a 59 anos;11754
Indicador  3.4.1;1755;4.59;22;Piauí;11754;2019;4;Homens;1152;60 a 64 anos;11754
Indicador  3.4.1;1755;7.52;22;Piauí;11754;2019;4;Homens;1153;65 a 69 anos;11754
Indicador  3.4.1;1755;12.55;22;Piauí;11754;2019;5;Mulheres;56742;30 a 69 anos;11754
Indicador  3.4.1;1755;0.14;22;Piauí;11754;2019;5;Mulheres;1146;30 a 34 anos;11754
Indicador  3.4.1;1755;0.28;22;Piauí;11754;2019;5;Mulheres;1147;35 a 39 anos;11754
Indicador  3.4.1;1755;0.50;22;Piauí;11754;2019;5;Mulheres;1148;40 a 44 anos;11754
Indicador  3.4.1;1755;0.82;22;Piauí;11754;2019;5;Mulheres;1149;45 a 49 anos;11754
Indicador  3.4.1;1755;1.32;22;Piauí;11754;2019;5;Mulheres;1150;50 a 54 anos;11754
Indicador  3.4.1;1755;1.82;22;Piauí;11754;2019;5;Mulheres;1151;55 a 59 anos;11754
Indicador  3.4.1;1755;3.03;22;Piauí;11754;2019;5;Mulheres;1152;60 a 64 anos;11754
Indicador  3.4.1;1755;5.28;22;Piauí;11754;2019;5;Mulheres;1153;65 a 69 anos;11754
Indicador  3.4.1;1755;14.49;22;Piauí;11754;2020;6794;Total;56742;30 a 69 anos;11754
Indicador  3.4.1;1755;0.18;22;Piauí;11754;2020;6794;Total;1146;30 a 34 anos;11754
Indicador  3.4.1;1755;0.30;22;Piauí;11754;2020;6794;Total;1147;35 a 39 anos;11754
Indicador  3.4.1;1755;0.53;22;Piauí;11754;2020;6794;Total;1148;40 a 44 anos;11754
Indicador  3.4.1;1755;1.01;22;Piauí;11754;2020;6794;Total;1149;45 a 49 anos;11754
Indicador  3.4.1;1755;1.47;22;Piauí;11754;2020;6794;Total;1150;50 a 54 anos;11754
Indicador  3.4.1;1755;2.21;22;Piauí;11754;2020;6794;Total;1151;55 a 59 anos;11754
Indicador  3.4.1;1755;3.79;22;Piauí;11754;2020;6794;Total;1152;60 a 64 anos;11754
Indicador  3.4.1;1755;5.86;22;Piauí;11754;2020;6794;Total;1153;65 a 69 anos;11754
Indicador  3.4.1;1755;17.94;22;Piauí;11754;2020;4;Homens;56742;30 a 69 anos;11754
Indicador  3.4.1;1755;0.20;22;Piauí;11754;2020;4;Homens;1146;30 a 34 anos;11754
Indicador  3.4.1;1755;0.34;22;Piauí;11754;2020;4;Homens;1147;35 a 39 anos;11754
Indicador  3.4.1;1755;0.53;22;Piauí;11754;2020;4;Homens;1148;40 a 44 anos;11754
Indicador  3.4.1;1755;1.16;22;Piauí;11754;2020;4;Homens;1149;45 a 49 anos;11754
Indicador  3.4.1;1755;1.77;22;Piauí;11754;2020;4;Homens;1150;50 a 54 anos;11754
Indicador  3.4.1;1755;2.90;22;Piauí;11754;2020;4;Homens;1151;55 a 59 anos;11754
Indicador  3.4.1;1755;4.69;22;Piauí;11754;2020;4;Homens;1152;60 a 64 anos;11754
Indicador  3.4.1;1755;7.69;22;Piauí;11754;2020;4;Homens;1153;65 a 69 anos;11754
Indicador  3.4.1;1755;11.53;22;Piauí;11754;2020;5;Mulheres;56742;30 a 69 anos;11754
Indicador  3.4.1;1755;0.16;22;Piauí;11754;2020;5;Mulheres;1146;30 a 34 anos;11754
Indicador  3.4.1;1755;0.28;22;Piauí;11754;2020;5;Mulheres;1147;35 a 39 anos;11754
Indicador  3.4.1;1755;0.54;22;Piauí;11754;2020;5;Mulheres;1148;40 a 44 anos;11754
Indicador  3.4.1;1755;0.87;22;Piauí;11754;2020;5;Mulheres;1149;45 a 49 anos;11754
Indicador  3.4.1;1755;1.21;22;Piauí;11754;2020;5;Mulheres;1150;50 a 54 anos;11754
Indicador  3.4.1;1755;1.61;22;Piauí;11754;2020;5;Mulheres;1151;55 a 59 anos;11754
Indicador  3.4.1;1755;3.03;22;Piauí;11754;2020;5;Mulheres;1152;60 a 64 anos;11754
Indicador  3.4.1;1755;4.37;22;Piauí;11754;2020;5;Mulheres;1153;65 a 69 anos;11754
Indicador  3.4.1;1755;13.82;22;Piauí;11754;2021;6794;Total;56742;30 a 69 anos;11754
Indicador  3.4.1;1755;0.18;22;Piauí;11754;2021;6794;Total;1146;30 a 34 anos;11754
Indicador  3.4.1;1755;0.33;22;Piauí;11754;2021;6794;Total;1147;35 a 39 anos;11754
Indicador  3.4.1;1755;0.63;22;Piauí;11754;2021;6794;Total;1148;40 a 44 anos;11754
Indicador  3.4.1;1755;0.91;22;Piauí;11754;2021;6794;Total;1149;45 a 49 anos;11754
Indicador  3.4.1;1755;1.40;22;Piauí;11754;2021;6794;Total;1150;50 a 54 anos;11754
Indicador  3.4.1;1755;2.30;22;Piauí;11754;2021;6794;Total;1151;55 a 59 anos;11754
Indicador  3.4.1;1755;3.55;22;Piauí;11754;2021;6794;Total;1152;60 a 64 anos;11754
Indicador  3.4.1;1755;5.33;22;Piauí;11754;2021;6794;Total;1153;65 a 69 anos;11754
Indicador  3.4.1;1755;16.63;22;Piauí;11754;2021;4;Homens;56742;30 a 69 anos;11754
Indicador  3.4.1;1755;0.18;22;Piauí;11754;2021;4;Homens;1146;30 a 34 anos;11754
Indicador  3.4.1;1755;0.39;22;Piauí;11754;2021;4;Homens;1147;35 a 39 anos;11754
Indicador  3.4.1;1755;0.60;22;Piauí;11754;2021;4;Homens;1148;40 a 44 anos;11754
Indicador  3.4.1;1755;0.94;22;Piauí;11754;2021;4;Homens;1149;45 a 49 anos;11754
Indicador  3.4.1;1755;1.65;22;Piauí;11754;2021;4;Homens;1150;50 a 54 anos;11754
Indicador  3.4.1;1755;2.85;22;Piauí;11754;2021;4;Homens;1151;55 a 59 anos;11754
Indicador  3.4.1;1755;4.42;22;Piauí;11754;2021;4;Homens;1152;60 a 64 anos;11754
Indicador  3.4.1;1755;6.75;22;Piauí;11754;2021;4;Homens;1153;65 a 69 anos;11754
Indicador  3.4.1;1755;11.45;22;Piauí;11754;2021;5;Mulheres;56742;30 a 69 anos;11754
Indicador  3.4.1;1755;0.17;22;Piauí;11754;2021;5;Mulheres;1146;30 a 34 anos;11754
Indicador  3.4.1;1755;0.27;22;Piauí;11754;2021;5;Mulheres;1147;35 a 39 anos;11754
Indicador  3.4.1;1755;0.65;22;Piauí;11754;2021;5;Mulheres;1148;40 a 44 anos;11754
Indicador  3.4.1;1755;0.88;22;Piauí;11754;2021;5;Mulheres;1149;45 a 49 anos;11754
Indicador  3.4.1;1755;1.17;22;Piauí;11754;2021;5;Mulheres;1150;50 a 54 anos;11754
Indicador  3.4.1;1755;1.83;22;Piauí;11754;2021;5;Mulheres;1151;55 a 59 anos;11754
Indicador  3.4.1;1755;2.82;22;Piauí;11754;2021;5;Mulheres;1152;60 a 64 anos;11754
Indicador  3.4.1;1755;4.19;22;Piauí;11754;2021;5;Mulheres;1153;65 a 69 anos;11754
Indicador  3.4.1;1755;14.35;22;Piauí;11754;2022;6794;Total;56742;30 a 69 anos;11754
Indicador  3.4.1;1755;0.18;22;Piauí;11754;2022;6794;Total;1146;30 a 34 anos;11754
Indicador  3.4.1;1755;0.32;22;Piauí;11754;2022;6794;Total;1147;35 a 39 anos;11754
Indicador  3.4.1;1755;0.65;22;Piauí;11754;2022;6794;Total;1148;40 a 44 anos;11754
Indicador  3.4.1;1755;0.97;22;Piauí;11754;2022;6794;Total;1149;45 a 49 anos;11754
Indicador  3.4.1;1755;1.50;22;Piauí;11754;2022;6794;Total;1150;50 a 54 anos;11754
Indicador  3.4.1;1755;2.47;22;Piauí;11754;2022;6794;Total;1151;55 a 59 anos;11754
Indicador  3.4.1;1755;3.66;22;Piauí;11754;2022;6794;Total;1152;60 a 64 anos;11754
Indicador  3.4.1;1755;5.48;22;Piauí;11754;2022;6794;Total;1153;65 a 69 anos;11754
Indicador  3.4.1;1755;17.54;22;Piauí;11754;2022;4;Homens;56742;30 a 69 anos;11754
Indicador  3.4.1;1755;0.21;22;Piauí;11754;2022;4;Homens;1146;30 a 34 anos;11754
Indicador  3.4.1;1755;0.35;22;Piauí;11754;2022;4;Homens;1147;35 a 39 anos;11754
Indicador  3.4.1;1755;0.74;22;Piauí;11754;2022;4;Homens;1148;40 a 44 anos;11754
Indicador  3.4.1;1755;1.10;22;Piauí;11754;2022;4;Homens;1149;45 a 49 anos;11754
Indicador  3.4.1;1755;1.76;22;Piauí;11754;2022;4;Homens;1150;50 a 54 anos;11754
Indicador  3.4.1;1755;3.00;22;Piauí;11754;2022;4;Homens;1151;55 a 59 anos;11754
Indicador  3.4.1;1755;4.70;22;Piauí;11754;2022;4;Homens;1152;60 a 64 anos;11754
Indicador  3.4.1;1755;6.99;22;Piauí;11754;2022;4;Homens;1153;65 a 69 anos;11754
Indicador  3.4.1;1755;11.64;22;Piauí;11754;2022;5;Mulheres;56742;30 a 69 anos;11754
Indicador  3.4.1;1755;0.15;22;Piauí;11754;2022;5;Mulheres;1146;30 a 34 anos;11754
Indicador  3.4.1;1755;0.30;22;Piauí;11754;2022;5;Mulheres;1147;35 a 39 anos;11754
Indicador  3.4.1;1755;0.56;22;Piauí;11754;2022;5;Mulheres;1148;40 a 44 anos;11754
Indicador  3.4.1;1755;0.85;22;Piauí;11754;2022;5;Mulheres;1149;45 a 49 anos;11754
Indicador  3.4.1;1755;1.27;22;Piauí;11754;2022;5;Mulheres;1150;50 a 54 anos;11754
Indicador  3.4.1;1755;2.00;22;Piauí;11754;2022;5;Mulheres;1151;55 a 59 anos;11754
Indicador  3.4.1;1755;2.79;22;Piauí;11754;2022;5;Mulheres;1152;60 a 64 anos;11754
Indicador  3.4.1;1755;4.29;22;Piauí;11754;2022;5;Mulheres;1153;65 a 69 anos;11754
Indicador  3.4.1;1755;14.23;23;Ceará;11754;2018;6794;Total;56742;30 a 69 anos;11754
Indicador  3.4.1;1755;0.17;23;Ceará;11754;2018;6794;Total;1146;30 a 34 anos;11754
Indicador  3.4.1;1755;0.34;23;Ceará;11754;2018;6794;Total;1147;35 a 39 anos;11754
Indicador  3.4.1;1755;0.54;23;Ceará;11754;2018;6794;Total;1148;40 a 44 anos;11754
Indicador  3.4.1;1755;0.85;23;Ceará;11754;2018;6794;Total;1149;45 a 49 anos;11754
Indicador  3.4.1;1755;1.41;23;Ceará;11754;2018;6794;Total;1150;50 a 54 anos;11754
Indicador  3.4.1;1755;2.21;23;Ceará;11754;2018;6794;Total;1151;55 a 59 anos;11754
Indicador  3.4.1;1755;3.73;23;Ceará;11754;2018;6794;Total;1152;60 a 64 anos;11754
Indicador  3.4.1;1755;5.81;23;Ceará;11754;2018;6794;Total;1153;65 a 69 anos;11754
Indicador  3.4.1;1755;16.62;23;Ceará;11754;2018;4;Homens;56742;30 a 69 anos;11754
Indicador  3.4.1;1755;0.18;23;Ceará;11754;2018;4;Homens;1146;30 a 34 anos;11754
Indicador  3.4.1;1755;0.35;23;Ceará;11754;2018;4;Homens;1147;35 a 39 anos;11754
Indicador  3.4.1;1755;0.57;23;Ceará;11754;2018;4;Homens;1148;40 a 44 anos;11754
Indicador  3.4.1;1755;0.95;23;Ceará;11754;2018;4;Homens;1149;45 a 49 anos;11754
Indicador  3.4.1;1755;1.62;23;Ceará;11754;2018;4;Homens;1150;50 a 54 anos;11754
Indicador  3.4.1;1755;2.69;23;Ceará;11754;2018;4;Homens;1151;55 a 59 anos;11754
Indicador  3.4.1;1755;4.64;23;Ceará;11754;2018;4;Homens;1152;60 a 64 anos;11754
Indicador  3.4.1;1755;6.77;23;Ceará;11754;2018;4;Homens;1153;65 a 69 anos;11754
Indicador  3.4.1;1755;12.16;23;Ceará;11754;2018;5;Mulheres;56742;30 a 69 anos;11754
Indicador  3.4.1;1755;0.15;23;Ceará;11754;2018;5;Mulheres;1146;30 a 34 anos;11754
Indicador  3.4.1;1755;0.32;23;Ceará;11754;2018;5;Mulheres;1147;35 a 39 anos;11754
Indicador  3.4.1;1755;0.51;23;Ceará;11754;2018;5;Mulheres;1148;40 a 44 anos;11754
Indicador  3.4.1;1755;0.77;23;Ceará;11754;2018;5;Mulheres;1149;45 a 49 anos;11754
Indicador  3.4.1;1755;1.22;23;Ceará;11754;2018;5;Mulheres;1150;50 a 54 anos;11754
Indicador  3.4.1;1755;1.80;23;Ceará;11754;2018;5;Mulheres;1151;55 a 59 anos;11754
Indicador  3.4.1;1755;2.97;23;Ceará;11754;2018;5;Mulheres;1152;60 a 64 anos;11754
Indicador  3.4.1;1755;5.02;23;Ceará;11754;2018;5;Mulheres;1153;65 a 69 anos;11754
Indicador  3.4.1;1755;14.18;23;Ceará;11754;2019;6794;Total;56742;30 a 69 anos;11754
Indicador  3.4.1;1755;0.17;23;Ceará;11754;2019;6794;Total;1146;30 a 34 anos;11754
Indicador  3.4.1;1755;0.30;23;Ceará;11754;2019;6794;Total;1147;35 a 39 anos;11754
Indicador  3.4.1;1755;0.50;23;Ceará;11754;2019;6794;Total;1148;40 a 44 anos;11754
Indicador  3.4.1;1755;0.84;23;Ceará;11754;2019;6794;Total;1149;45 a 49 anos;11754
Indicador  3.4.1;1755;1.39;23;Ceará;11754;2019;6794;Total;1150;50 a 54 anos;11754
Indicador  3.4.1;1755;2.29;23;Ceará;11754;2019;6794;Total;1151;55 a 59 anos;11754
Indicador  3.4.1;1755;3.74;23;Ceará;11754;2019;6794;Total;1152;60 a 64 anos;11754
Indicador  3.4.1;1755;5.78;23;Ceará;11754;2019;6794;Total;1153;65 a 69 anos;11754
Indicador  3.4.1;1755;16.98;23;Ceará;11754;2019;4;Homens;56742;30 a 69 anos;11754
Indicador  3.4.1;1755;0.18;23;Ceará;11754;2019;4;Homens;1146;30 a 34 anos;11754
Indicador  3.4.1;1755;0.32;23;Ceará;11754;2019;4;Homens;1147;35 a 39 anos;11754
Indicador  3.4.1;1755;0.57;23;Ceará;11754;2019;4;Homens;1148;40 a 44 anos;11754
Indicador  3.4.1;1755;0.99;23;Ceará;11754;2019;4;Homens;1149;45 a 49 anos;11754
Indicador  3.4.1;1755;1.69;23;Ceará;11754;2019;4;Homens;1150;50 a 54 anos;11754
Indicador  3.4.1;1755;2.77;23;Ceará;11754;2019;4;Homens;1151;55 a 59 anos;11754
Indicador  3.4.1;1755;4.63;23;Ceará;11754;2019;4;Homens;1152;60 a 64 anos;11754
Indicador  3.4.1;1755;7.03;23;Ceará;11754;2019;4;Homens;1153;65 a 69 anos;11754
Indicador  3.4.1;1755;11.76;23;Ceará;11754;2019;5;Mulheres;56742;30 a 69 anos;11754
Indicador  3.4.1;1755;0.15;23;Ceará;11754;2019;5;Mulheres;1146;30 a 34 anos;11754
Indicador  3.4.1;1755;0.28;23;Ceará;11754;2019;5;Mulheres;1147;35 a 39 anos;11754
Indicador  3.4.1;1755;0.44;23;Ceará;11754;2019;5;Mulheres;1148;40 a 44 anos;11754
Indicador  3.4.1;1755;0.71;23;Ceará;11754;2019;5;Mulheres;1149;45 a 49 anos;11754
Indicador  3.4.1;1755;1.12;23;Ceará;11754;2019;5;Mulheres;1150;50 a 54 anos;11754
Indicador  3.4.1;1755;1.88;23;Ceará;11754;2019;5;Mulheres;1151;55 a 59 anos;11754
Indicador  3.4.1;1755;3.00;23;Ceará;11754;2019;5;Mulheres;1152;60 a 64 anos;11754
Indicador  3.4.1;1755;4.75;23;Ceará;11754;2019;5;Mulheres;1153;65 a 69 anos;11754
Indicador  3.4.1;1755;13.66;23;Ceará;11754;2020;6794;Total;56742;30 a 69 anos;11754
Indicador  3.4.1;1755;0.16;23;Ceará;11754;2020;6794;Total;1146;30 a 34 anos;11754
Indicador  3.4.1;1755;0.27;23;Ceará;11754;2020;6794;Total;1147;35 a 39 anos;11754
Indicador  3.4.1;1755;0.50;23;Ceará;11754;2020;6794;Total;1148;40 a 44 anos;11754
Indicador  3.4.1;1755;0.84;23;Ceará;11754;2020;6794;Total;1149;45 a 49 anos;11754
Indicador  3.4.1;1755;1.41;23;Ceará;11754;2020;6794;Total;1150;50 a 54 anos;11754
Indicador  3.4.1;1755;2.26;23;Ceará;11754;2020;6794;Total;1151;55 a 59 anos;11754
Indicador  3.4.1;1755;3.43;23;Ceará;11754;2020;6794;Total;1152;60 a 64 anos;11754
Indicador  3.4.1;1755;5.55;23;Ceará;11754;2020;6794;Total;1153;65 a 69 anos;11754
Indicador  3.4.1;1755;16.07;23;Ceará;11754;2020;4;Homens;56742;30 a 69 anos;11754
Indicador  3.4.1;1755;0.18;23;Ceará;11754;2020;4;Homens;1146;30 a 34 anos;11754
Indicador  3.4.1;1755;0.27;23;Ceará;11754;2020;4;Homens;1147;35 a 39 anos;11754
Indicador  3.4.1;1755;0.57;23;Ceará;11754;2020;4;Homens;1148;40 a 44 anos;11754
Indicador  3.4.1;1755;0.89;23;Ceará;11754;2020;4;Homens;1149;45 a 49 anos;11754
Indicador  3.4.1;1755;1.63;23;Ceará;11754;2020;4;Homens;1150;50 a 54 anos;11754
Indicador  3.4.1;1755;2.73;23;Ceará;11754;2020;4;Homens;1151;55 a 59 anos;11754
Indicador  3.4.1;1755;4.13;23;Ceará;11754;2020;4;Homens;1152;60 a 64 anos;11754
Indicador  3.4.1;1755;6.74;23;Ceará;11754;2020;4;Homens;1153;65 a 69 anos;11754
Indicador  3.4.1;1755;11.57;23;Ceará;11754;2020;5;Mulheres;56742;30 a 69 anos;11754
Indicador  3.4.1;1755;0.15;23;Ceará;11754;2020;5;Mulheres;1146;30 a 34 anos;11754
Indicador  3.4.1;1755;0.27;23;Ceará;11754;2020;5;Mulheres;1147;35 a 39 anos;11754
Indicador  3.4.1;1755;0.44;23;Ceará;11754;2020;5;Mulheres;1148;40 a 44 anos;11754
Indicador  3.4.1;1755;0.79;23;Ceará;11754;2020;5;Mulheres;1149;45 a 49 anos;11754
Indicador  3.4.1;1755;1.20;23;Ceará;11754;2020;5;Mulheres;1150;50 a 54 anos;11754
Indicador  3.4.1;1755;1.83;23;Ceará;11754;2020;5;Mulheres;1151;55 a 59 anos;11754
Indicador  3.4.1;1755;2.85;23;Ceará;11754;2020;5;Mulheres;1152;60 a 64 anos;11754
Indicador  3.4.1;1755;4.58;23;Ceará;11754;2020;5;Mulheres;1153;65 a 69 anos;11754
Indicador  3.4.1;1755;13.01;23;Ceará;11754;2021;6794;Total;56742;30 a 69 anos;11754
Indicador  3.4.1;1755;0.17;23;Ceará;11754;2021;6794;Total;1146;30 a 34 anos;11754
Indicador  3.4.1;1755;0.30;23;Ceará;11754;2021;6794;Total;1147;35 a 39 anos;11754
Indicador  3.4.1;1755;0.51;23;Ceará;11754;2021;6794;Total;1148;40 a 44 anos;11754
Indicador  3.4.1;1755;0.84;23;Ceará;11754;2021;6794;Total;1149;45 a 49 anos;11754
Indicador  3.4.1;1755;1.37;23;Ceará;11754;2021;6794;Total;1150;50 a 54 anos;11754
Indicador  3.4.1;1755;2.20;23;Ceará;11754;2021;6794;Total;1151;55 a 59 anos;11754
Indicador  3.4.1;1755;3.40;23;Ceará;11754;2021;6794;Total;1152;60 a 64 anos;11754
Indicador  3.4.1;1755;4.92;23;Ceará;11754;2021;6794;Total;1153;65 a 69 anos;11754
Indicador  3.4.1;1755;15.34;23;Ceará;11754;2021;4;Homens;56742;30 a 69 anos;11754
Indicador  3.4.1;1755;0.20;23;Ceará;11754;2021;4;Homens;1146;30 a 34 anos;11754
Indicador  3.4.1;1755;0.31;23;Ceará;11754;2021;4;Homens;1147;35 a 39 anos;11754
Indicador  3.4.1;1755;0.53;23;Ceará;11754;2021;4;Homens;1148;40 a 44 anos;11754
Indicador  3.4.1;1755;0.97;23;Ceará;11754;2021;4;Homens;1149;45 a 49 anos;11754
Indicador  3.4.1;1755;1.60;23;Ceará;11754;2021;4;Homens;1150;50 a 54 anos;11754
Indicador  3.4.1;1755;2.54;23;Ceará;11754;2021;4;Homens;1151;55 a 59 anos;11754
Indicador  3.4.1;1755;4.11;23;Ceará;11754;2021;4;Homens;1152;60 a 64 anos;11754
Indicador  3.4.1;1755;6.06;23;Ceará;11754;2021;4;Homens;1153;65 a 69 anos;11754
Indicador  3.4.1;1755;11.03;23;Ceará;11754;2021;5;Mulheres;56742;30 a 69 anos;11754
Indicador  3.4.1;1755;0.14;23;Ceará;11754;2021;5;Mulheres;1146;30 a 34 anos;11754
Indicador  3.4.1;1755;0.30;23;Ceará;11754;2021;5;Mulheres;1147;35 a 39 anos;11754
Indicador  3.4.1;1755;0.48;23;Ceará;11754;2021;5;Mulheres;1148;40 a 44 anos;11754
Indicador  3.4.1;1755;0.72;23;Ceará;11754;2021;5;Mulheres;1149;45 a 49 anos;11754
Indicador  3.4.1;1755;1.17;23;Ceará;11754;2021;5;Mulheres;1150;50 a 54 anos;11754
Indicador  3.4.1;1755;1.89;23;Ceará;11754;2021;5;Mulheres;1151;55 a 59 anos;11754
Indicador  3.4.1;1755;2.81;23;Ceará;11754;2021;5;Mulheres;1152;60 a 64 anos;11754
Indicador  3.4.1;1755;4.01;23;Ceará;11754;2021;5;Mulheres;1153;65 a 69 anos;11754
Indicador  3.4.1;1755;13.19;23;Ceará;11754;2022;6794;Total;56742;30 a 69 anos;11754
Indicador  3.4.1;1755;0.16;23;Ceará;11754;2022;6794;Total;1146;30 a 34 anos;11754
Indicador  3.4.1;1755;0.28;23;Ceará;11754;2022;6794;Total;1147;35 a 39 anos;11754
Indicador  3.4.1;1755;0.52;23;Ceará;11754;2022;6794;Total;1148;40 a 44 anos;11754
Indicador  3.4.1;1755;0.89;23;Ceará;11754;2022;6794;Total;1149;45 a 49 anos;11754
Indicador  3.4.1;1755;1.36;23;Ceará;11754;2022;6794;Total;1150;50 a 54 anos;11754
Indicador  3.4.1;1755;2.18;23;Ceará;11754;2022;6794;Total;1151;55 a 59 anos;11754
Indicador  3.4.1;1755;3.30;23;Ceará;11754;2022;6794;Total;1152;60 a 64 anos;11754
Indicador  3.4.1;1755;5.22;23;Ceará;11754;2022;6794;Total;1153;65 a 69 anos;11754
Indicador  3.4.1;1755;15.80;23;Ceará;11754;2022;4;Homens;56742;30 a 69 anos;11754
Indicador  3.4.1;1755;0.19;23;Ceará;11754;2022;4;Homens;1146;30 a 34 anos;11754
Indicador  3.4.1;1755;0.32;23;Ceará;11754;2022;4;Homens;1147;35 a 39 anos;11754
Indicador  3.4.1;1755;0.54;23;Ceará;11754;2022;4;Homens;1148;40 a 44 anos;11754
Indicador  3.4.1;1755;0.99;23;Ceará;11754;2022;4;Homens;1149;45 a 49 anos;11754
Indicador  3.4.1;1755;1.61;23;Ceará;11754;2022;4;Homens;1150;50 a 54 anos;11754
Indicador  3.4.1;1755;2.67;23;Ceará;11754;2022;4;Homens;1151;55 a 59 anos;11754
Indicador  3.4.1;1755;4.13;23;Ceará;11754;2022;4;Homens;1152;60 a 64 anos;11754
Indicador  3.4.1;1755;6.40;23;Ceará;11754;2022;4;Homens;1153;65 a 69 anos;11754
Indicador  3.4.1;1755;10.96;23;Ceará;11754;2022;5;Mulheres;56742;30 a 69 anos;11754
Indicador  3.4.1;1755;0.13;23;Ceará;11754;2022;5;Mulheres;1146;30 a 34 anos;11754
Indicador  3.4.1;1755;0.25;23;Ceará;11754;2022;5;Mulheres;1147;35 a 39 anos;11754
Indicador  3.4.1;1755;0.50;23;Ceará;11754;2022;5;Mulheres;1148;40 a 44 anos;11754
Indicador  3.4.1;1755;0.81;23;Ceará;11754;2022;5;Mulheres;1149;45 a 49 anos;11754
Indicador  3.4.1;1755;1.15;23;Ceará;11754;2022;5;Mulheres;1150;50 a 54 anos;11754
Indicador  3.4.1;1755;1.75;23;Ceará;11754;2022;5;Mulheres;1151;55 a 59 anos;11754
Indicador  3.4.1;1755;2.60;23;Ceará;11754;2022;5;Mulheres;1152;60 a 64 anos;11754
Indicador  3.4.1;1755;4.28;23;Ceará;11754;2022;5;Mulheres;1153;65 a 69 anos;11754
Indicador  3.4.1;1755;14.83;24;Rio Grande do Norte;11754;2018;6794;Total;56742;30 a 69 anos;11754
Indicador  3.4.1;1755;0.16;24;Rio Grande do Norte;11754;2018;6794;Total;1146;30 a 34 anos;11754
Indicador  3.4.1;1755;0.31;24;Rio Grande do Norte;11754;2018;6794;Total;1147;35 a 39 anos;11754
Indicador  3.4.1;1755;0.53;24;Rio Grande do Norte;11754;2018;6794;Total;1148;40 a 44 anos;11754
Indicador  3.4.1;1755;0.88;24;Rio Grande do Norte;11754;2018;6794;Total;1149;45 a 49 anos;11754
Indicador  3.4.1;1755;1.49;24;Rio Grande do Norte;11754;2018;6794;Total;1150;50 a 54 anos;11754
Indicador  3.4.1;1755;2.34;24;Rio Grande do Norte;11754;2018;6794;Total;1151;55 a 59 anos;11754
Indicador  3.4.1;1755;4.03;24;Rio Grande do Norte;11754;2018;6794;Total;1152;60 a 64 anos;11754
Indicador  3.4.1;1755;5.99;24;Rio Grande do Norte;11754;2018;6794;Total;1153;65 a 69 anos;11754
Indicador  3.4.1;1755;17.43;24;Rio Grande do Norte;11754;2018;4;Homens;56742;30 a 69 anos;11754
Indicador  3.4.1;1755;0.18;24;Rio Grande do Norte;11754;2018;4;Homens;1146;30 a 34 anos;11754
Indicador  3.4.1;1755;0.32;24;Rio Grande do Norte;11754;2018;4;Homens;1147;35 a 39 anos;11754
Indicador  3.4.1;1755;0.52;24;Rio Grande do Norte;11754;2018;4;Homens;1148;40 a 44 anos;11754
Indicador  3.4.1;1755;0.97;24;Rio Grande do Norte;11754;2018;4;Homens;1149;45 a 49 anos;11754
Indicador  3.4.1;1755;1.69;24;Rio Grande do Norte;11754;2018;4;Homens;1150;50 a 54 anos;11754
Indicador  3.4.1;1755;2.86;24;Rio Grande do Norte;11754;2018;4;Homens;1151;55 a 59 anos;11754
Indicador  3.4.1;1755;4.80;24;Rio Grande do Norte;11754;2018;4;Homens;1152;60 a 64 anos;11754
Indicador  3.4.1;1755;7.34;24;Rio Grande do Norte;11754;2018;4;Homens;1153;65 a 69 anos;11754
Indicador  3.4.1;1755;12.58;24;Rio Grande do Norte;11754;2018;5;Mulheres;56742;30 a 69 anos;11754
Indicador  3.4.1;1755;0.15;24;Rio Grande do Norte;11754;2018;5;Mulheres;1146;30 a 34 anos;11754
Indicador  3.4.1;1755;0.29;24;Rio Grande do Norte;11754;2018;5;Mulheres;1147;35 a 39 anos;11754
Indicador  3.4.1;1755;0.55;24;Rio Grande do Norte;11754;2018;5;Mulheres;1148;40 a 44 anos;11754
Indicador  3.4.1;1755;0.80;24;Rio Grande do Norte;11754;2018;5;Mulheres;1149;45 a 49 anos;11754
Indicador  3.4.1;1755;1.31;24;Rio Grande do Norte;11754;2018;5;Mulheres;1150;50 a 54 anos;11754
Indicador  3.4.1;1755;1.88;24;Rio Grande do Norte;11754;2018;5;Mulheres;1151;55 a 59 anos;11754
Indicador  3.4.1;1755;3.37;24;Rio Grande do Norte;11754;2018;5;Mulheres;1152;60 a 64 anos;11754
Indicador  3.4.1;1755;4.89;24;Rio Grande do Norte;11754;2018;5;Mulheres;1153;65 a 69 anos;11754
Indicador  3.4.1;1755;15.08;24;Rio Grande do Norte;11754;2019;6794;Total;56742;30 a 69 anos;11754
Indicador  3.4.1;1755;0.18;24;Rio Grande do Norte;11754;2019;6794;Total;1146;30 a 34 anos;11754
Indicador  3.4.1;1755;0.26;24;Rio Grande do Norte;11754;2019;6794;Total;1147;35 a 39 anos;11754
Indicador  3.4.1;1755;0.49;24;Rio Grande do Norte;11754;2019;6794;Total;1148;40 a 44 anos;11754
Indicador  3.4.1;1755;0.96;24;Rio Grande do Norte;11754;2019;6794;Total;1149;45 a 49 anos;11754
Indicador  3.4.1;1755;1.57;24;Rio Grande do Norte;11754;2019;6794;Total;1150;50 a 54 anos;11754
Indicador  3.4.1;1755;2.41;24;Rio Grande do Norte;11754;2019;6794;Total;1151;55 a 59 anos;11754
Indicador  3.4.1;1755;3.93;24;Rio Grande do Norte;11754;2019;6794;Total;1152;60 a 64 anos;11754
Indicador  3.4.1;1755;6.21;24;Rio Grande do Norte;11754;2019;6794;Total;1153;65 a 69 anos;11754
Indicador  3.4.1;1755;17.95;24;Rio Grande do Norte;11754;2019;4;Homens;56742;30 a 69 anos;11754
Indicador  3.4.1;1755;0.19;24;Rio Grande do Norte;11754;2019;4;Homens;1146;30 a 34 anos;11754
Indicador  3.4.1;1755;0.27;24;Rio Grande do Norte;11754;2019;4;Homens;1147;35 a 39 anos;11754
Indicador  3.4.1;1755;0.53;24;Rio Grande do Norte;11754;2019;4;Homens;1148;40 a 44 anos;11754
Indicador  3.4.1;1755;1.11;24;Rio Grande do Norte;11754;2019;4;Homens;1149;45 a 49 anos;11754
Indicador  3.4.1;1755;1.81;24;Rio Grande do Norte;11754;2019;4;Homens;1150;50 a 54 anos;11754
Indicador  3.4.1;1755;2.93;24;Rio Grande do Norte;11754;2019;4;Homens;1151;55 a 59 anos;11754
Indicador  3.4.1;1755;4.76;24;Rio Grande do Norte;11754;2019;4;Homens;1152;60 a 64 anos;11754
Indicador  3.4.1;1755;7.68;24;Rio Grande do Norte;11754;2019;4;Homens;1153;65 a 69 anos;11754
Indicador  3.4.1;1755;12.59;24;Rio Grande do Norte;11754;2019;5;Mulheres;56742;30 a 69 anos;11754
Indicador  3.4.1;1755;0.17;24;Rio Grande do Norte;11754;2019;5;Mulheres;1146;30 a 34 anos;11754
Indicador  3.4.1;1755;0.26;24;Rio Grande do Norte;11754;2019;5;Mulheres;1147;35 a 39 anos;11754
Indicador  3.4.1;1755;0.46;24;Rio Grande do Norte;11754;2019;5;Mulheres;1148;40 a 44 anos;11754
Indicador  3.4.1;1755;0.83;24;Rio Grande do Norte;11754;2019;5;Mulheres;1149;45 a 49 anos;11754
Indicador  3.4.1;1755;1.34;24;Rio Grande do Norte;11754;2019;5;Mulheres;1150;50 a 54 anos;11754
Indicador  3.4.1;1755;1.95;24;Rio Grande do Norte;11754;2019;5;Mulheres;1151;55 a 59 anos;11754
Indicador  3.4.1;1755;3.21;24;Rio Grande do Norte;11754;2019;5;Mulheres;1152;60 a 64 anos;11754
Indicador  3.4.1;1755;5.02;24;Rio Grande do Norte;11754;2019;5;Mulheres;1153;65 a 69 anos;11754
Indicador  3.4.1;1755;14.15;24;Rio Grande do Norte;11754;2020;6794;Total;56742;30 a 69 anos;11754
Indicador  3.4.1;1755;0.17;24;Rio Grande do Norte;11754;2020;6794;Total;1146;30 a 34 anos;11754
Indicador  3.4.1;1755;0.29;24;Rio Grande do Norte;11754;2020;6794;Total;1147;35 a 39 anos;11754
Indicador  3.4.1;1755;0.51;24;Rio Grande do Norte;11754;2020;6794;Total;1148;40 a 44 anos;11754
Indicador  3.4.1;1755;0.89;24;Rio Grande do Norte;11754;2020;6794;Total;1149;45 a 49 anos;11754
Indicador  3.4.1;1755;1.53;24;Rio Grande do Norte;11754;2020;6794;Total;1150;50 a 54 anos;11754
Indicador  3.4.1;1755;2.39;24;Rio Grande do Norte;11754;2020;6794;Total;1151;55 a 59 anos;11754
Indicador  3.4.1;1755;3.73;24;Rio Grande do Norte;11754;2020;6794;Total;1152;60 a 64 anos;11754
Indicador  3.4.1;1755;5.48;24;Rio Grande do Norte;11754;2020;6794;Total;1153;65 a 69 anos;11754
Indicador  3.4.1;1755;16.74;24;Rio Grande do Norte;11754;2020;4;Homens;56742;30 a 69 anos;11754
Indicador  3.4.1;1755;0.18;24;Rio Grande do Norte;11754;2020;4;Homens;1146;30 a 34 anos;11754
Indicador  3.4.1;1755;0.32;24;Rio Grande do Norte;11754;2020;4;Homens;1147;35 a 39 anos;11754
Indicador  3.4.1;1755;0.53;24;Rio Grande do Norte;11754;2020;4;Homens;1148;40 a 44 anos;11754
Indicador  3.4.1;1755;0.94;24;Rio Grande do Norte;11754;2020;4;Homens;1149;45 a 49 anos;11754
Indicador  3.4.1;1755;1.87;24;Rio Grande do Norte;11754;2020;4;Homens;1150;50 a 54 anos;11754
Indicador  3.4.1;1755;2.86;24;Rio Grande do Norte;11754;2020;4;Homens;1151;55 a 59 anos;11754
Indicador  3.4.1;1755;4.47;24;Rio Grande do Norte;11754;2020;4;Homens;1152;60 a 64 anos;11754
Indicador  3.4.1;1755;6.74;24;Rio Grande do Norte;11754;2020;4;Homens;1153;65 a 69 anos;11754
Indicador  3.4.1;1755;11.87;24;Rio Grande do Norte;11754;2020;5;Mulheres;56742;30 a 69 anos;11754
Indicador  3.4.1;1755;0.16;24;Rio Grande do Norte;11754;2020;5;Mulheres;1146;30 a 34 anos;11754
Indicador  3.4.1;1755;0.26;24;Rio Grande do Norte;11754;2020;5;Mulheres;1147;35 a 39 anos;11754
Indicador  3.4.1;1755;0.48;24;Rio Grande do Norte;11754;2020;5;Mulheres;1148;40 a 44 anos;11754
Indicador  3.4.1;1755;0.84;24;Rio Grande do Norte;11754;2020;5;Mulheres;1149;45 a 49 anos;11754
Indicador  3.4.1;1755;1.21;24;Rio Grande do Norte;11754;2020;5;Mulheres;1150;50 a 54 anos;11754
Indicador  3.4.1;1755;1.96;24;Rio Grande do Norte;11754;2020;5;Mulheres;1151;55 a 59 anos;11754
Indicador  3.4.1;1755;3.09;24;Rio Grande do Norte;11754;2020;5;Mulheres;1152;60 a 64 anos;11754
Indicador  3.4.1;1755;4.45;24;Rio Grande do Norte;11754;2020;5;Mulheres;1153;65 a 69 anos;11754
Indicador  3.4.1;1755;13.56;24;Rio Grande do Norte;11754;2021;6794;Total;56742;30 a 69 anos;11754
Indicador  3.4.1;1755;0.16;24;Rio Grande do Norte;11754;2021;6794;Total;1146;30 a 34 anos;11754
Indicador  3.4.1;1755;0.27;24;Rio Grande do Norte;11754;2021;6794;Total;1147;35 a 39 anos;11754
Indicador  3.4.1;1755;0.53;24;Rio Grande do Norte;11754;2021;6794;Total;1148;40 a 44 anos;11754
Indicador  3.4.1;1755;0.77;24;Rio Grande do Norte;11754;2021;6794;Total;1149;45 a 49 anos;11754
Indicador  3.4.1;1755;1.40;24;Rio Grande do Norte;11754;2021;6794;Total;1150;50 a 54 anos;11754
Indicador  3.4.1;1755;2.28;24;Rio Grande do Norte;11754;2021;6794;Total;1151;55 a 59 anos;11754
Indicador  3.4.1;1755;3.56;24;Rio Grande do Norte;11754;2021;6794;Total;1152;60 a 64 anos;11754
Indicador  3.4.1;1755;5.34;24;Rio Grande do Norte;11754;2021;6794;Total;1153;65 a 69 anos;11754
Indicador  3.4.1;1755;16.15;24;Rio Grande do Norte;11754;2021;4;Homens;56742;30 a 69 anos;11754
Indicador  3.4.1;1755;0.19;24;Rio Grande do Norte;11754;2021;4;Homens;1146;30 a 34 anos;11754
Indicador  3.4.1;1755;0.28;24;Rio Grande do Norte;11754;2021;4;Homens;1147;35 a 39 anos;11754
Indicador  3.4.1;1755;0.57;24;Rio Grande do Norte;11754;2021;4;Homens;1148;40 a 44 anos;11754
Indicador  3.4.1;1755;0.87;24;Rio Grande do Norte;11754;2021;4;Homens;1149;45 a 49 anos;11754
Indicador  3.4.1;1755;1.71;24;Rio Grande do Norte;11754;2021;4;Homens;1150;50 a 54 anos;11754
Indicador  3.4.1;1755;2.67;24;Rio Grande do Norte;11754;2021;4;Homens;1151;55 a 59 anos;11754
Indicador  3.4.1;1755;4.25;24;Rio Grande do Norte;11754;2021;4;Homens;1152;60 a 64 anos;11754
Indicador  3.4.1;1755;6.70;24;Rio Grande do Norte;11754;2021;4;Homens;1153;65 a 69 anos;11754
Indicador  3.4.1;1755;11.34;24;Rio Grande do Norte;11754;2021;5;Mulheres;56742;30 a 69 anos;11754
Indicador  3.4.1;1755;0.14;24;Rio Grande do Norte;11754;2021;5;Mulheres;1146;30 a 34 anos;11754
Indicador  3.4.1;1755;0.26;24;Rio Grande do Norte;11754;2021;5;Mulheres;1147;35 a 39 anos;11754
Indicador  3.4.1;1755;0.49;24;Rio Grande do Norte;11754;2021;5;Mulheres;1148;40 a 44 anos;11754
Indicador  3.4.1;1755;0.68;24;Rio Grande do Norte;11754;2021;5;Mulheres;1149;45 a 49 anos;11754
Indicador  3.4.1;1755;1.12;24;Rio Grande do Norte;11754;2021;5;Mulheres;1150;50 a 54 anos;11754
Indicador  3.4.1;1755;1.94;24;Rio Grande do Norte;11754;2021;5;Mulheres;1151;55 a 59 anos;11754
Indicador  3.4.1;1755;2.97;24;Rio Grande do Norte;11754;2021;5;Mulheres;1152;60 a 64 anos;11754
Indicador  3.4.1;1755;4.27;24;Rio Grande do Norte;11754;2021;5;Mulheres;1153;65 a 69 anos;11754
Indicador  3.4.1;1755;13.96;24;Rio Grande do Norte;11754;2022;6794;Total;56742;30 a 69 anos;11754
Indicador  3.4.1;1755;0.19;24;Rio Grande do Norte;11754;2022;6794;Total;1146;30 a 34 anos;11754
Indicador  3.4.1;1755;0.32;24;Rio Grande do Norte;11754;2022;6794;Total;1147;35 a 39 anos;11754
Indicador  3.4.1;1755;0.48;24;Rio Grande do Norte;11754;2022;6794;Total;1148;40 a 44 anos;11754
Indicador  3.4.1;1755;0.91;24;Rio Grande do Norte;11754;2022;6794;Total;1149;45 a 49 anos;11754
Indicador  3.4.1;1755;1.44;24;Rio Grande do Norte;11754;2022;6794;Total;1150;50 a 54 anos;11754
Indicador  3.4.1;1755;2.36;24;Rio Grande do Norte;11754;2022;6794;Total;1151;55 a 59 anos;11754
Indicador  3.4.1;1755;3.55;24;Rio Grande do Norte;11754;2022;6794;Total;1152;60 a 64 anos;11754
Indicador  3.4.1;1755;5.52;24;Rio Grande do Norte;11754;2022;6794;Total;1153;65 a 69 anos;11754
Indicador  3.4.1;1755;16.73;24;Rio Grande do Norte;11754;2022;4;Homens;56742;30 a 69 anos;11754
Indicador  3.4.1;1755;0.20;24;Rio Grande do Norte;11754;2022;4;Homens;1146;30 a 34 anos;11754
Indicador  3.4.1;1755;0.34;24;Rio Grande do Norte;11754;2022;4;Homens;1147;35 a 39 anos;11754
Indicador  3.4.1;1755;0.51;24;Rio Grande do Norte;11754;2022;4;Homens;1148;40 a 44 anos;11754
Indicador  3.4.1;1755;0.97;24;Rio Grande do Norte;11754;2022;4;Homens;1149;45 a 49 anos;11754
Indicador  3.4.1;1755;1.70;24;Rio Grande do Norte;11754;2022;4;Homens;1150;50 a 54 anos;11754
Indicador  3.4.1;1755;2.86;24;Rio Grande do Norte;11754;2022;4;Homens;1151;55 a 59 anos;11754
Indicador  3.4.1;1755;4.31;24;Rio Grande do Norte;11754;2022;4;Homens;1152;60 a 64 anos;11754
Indicador  3.4.1;1755;6.99;24;Rio Grande do Norte;11754;2022;4;Homens;1153;65 a 69 anos;11754
Indicador  3.4.1;1755;11.59;24;Rio Grande do Norte;11754;2022;5;Mulheres;56742;30 a 69 anos;11754
Indicador  3.4.1;1755;0.17;24;Rio Grande do Norte;11754;2022;5;Mulheres;1146;30 a 34 anos;11754
Indicador  3.4.1;1755;0.31;24;Rio Grande do Norte;11754;2022;5;Mulheres;1147;35 a 39 anos;11754
Indicador  3.4.1;1755;0.46;24;Rio Grande do Norte;11754;2022;5;Mulheres;1148;40 a 44 anos;11754
Indicador  3.4.1;1755;0.85;24;Rio Grande do Norte;11754;2022;5;Mulheres;1149;45 a 49 anos;11754
Indicador  3.4.1;1755;1.22;24;Rio Grande do Norte;11754;2022;5;Mulheres;1150;50 a 54 anos;11754
Indicador  3.4.1;1755;1.91;24;Rio Grande do Norte;11754;2022;5;Mulheres;1151;55 a 59 anos;11754
Indicador  3.4.1;1755;2.90;24;Rio Grande do Norte;11754;2022;5;Mulheres;1152;60 a 64 anos;11754
Indicador  3.4.1;1755;4.33;24;Rio Grande do Norte;11754;2022;5;Mulheres;1153;65 a 69 anos;11754
Indicador  3.4.1;1755;15.32;25;Paraíba;11754;2018;6794;Total;56742;30 a 69 anos;11754
Indicador  3.4.1;1755;0.18;25;Paraíba;11754;2018;6794;Total;1146;30 a 34 anos;11754
Indicador  3.4.1;1755;0.31;25;Paraíba;11754;2018;6794;Total;1147;35 a 39 anos;11754
Indicador  3.4.1;1755;0.64;25;Paraíba;11754;2018;6794;Total;1148;40 a 44 anos;11754
Indicador  3.4.1;1755;0.98;25;Paraíba;11754;2018;6794;Total;1149;45 a 49 anos;11754
Indicador  3.4.1;1755;1.60;25;Paraíba;11754;2018;6794;Total;1150;50 a 54 anos;11754
Indicador  3.4.1;1755;2.46;25;Paraíba;11754;2018;6794;Total;1151;55 a 59 anos;11754
Indicador  3.4.1;1755;4.09;25;Paraíba;11754;2018;6794;Total;1152;60 a 64 anos;11754
Indicador  3.4.1;1755;6.03;25;Paraíba;11754;2018;6794;Total;1153;65 a 69 anos;11754
Indicador  3.4.1;1755;18.29;25;Paraíba;11754;2018;4;Homens;56742;30 a 69 anos;11754
Indicador  3.4.1;1755;0.20;25;Paraíba;11754;2018;4;Homens;1146;30 a 34 anos;11754
Indicador  3.4.1;1755;0.34;25;Paraíba;11754;2018;4;Homens;1147;35 a 39 anos;11754
Indicador  3.4.1;1755;0.66;25;Paraíba;11754;2018;4;Homens;1148;40 a 44 anos;11754
Indicador  3.4.1;1755;1.15;25;Paraíba;11754;2018;4;Homens;1149;45 a 49 anos;11754
Indicador  3.4.1;1755;1.85;25;Paraíba;11754;2018;4;Homens;1150;50 a 54 anos;11754
Indicador  3.4.1;1755;2.93;25;Paraíba;11754;2018;4;Homens;1151;55 a 59 anos;11754
Indicador  3.4.1;1755;5.01;25;Paraíba;11754;2018;4;Homens;1152;60 a 64 anos;11754
Indicador  3.4.1;1755;7.55;25;Paraíba;11754;2018;4;Homens;1153;65 a 69 anos;11754
Indicador  3.4.1;1755;12.81;25;Paraíba;11754;2018;5;Mulheres;56742;30 a 69 anos;11754
Indicador  3.4.1;1755;0.16;25;Paraíba;11754;2018;5;Mulheres;1146;30 a 34 anos;11754
Indicador  3.4.1;1755;0.28;25;Paraíba;11754;2018;5;Mulheres;1147;35 a 39 anos;11754
Indicador  3.4.1;1755;0.63;25;Paraíba;11754;2018;5;Mulheres;1148;40 a 44 anos;11754
Indicador  3.4.1;1755;0.83;25;Paraíba;11754;2018;5;Mulheres;1149;45 a 49 anos;11754
Indicador  3.4.1;1755;1.38;25;Paraíba;11754;2018;5;Mulheres;1150;50 a 54 anos;11754
Indicador  3.4.1;1755;2.04;25;Paraíba;11754;2018;5;Mulheres;1151;55 a 59 anos;11754
Indicador  3.4.1;1755;3.33;25;Paraíba;11754;2018;5;Mulheres;1152;60 a 64 anos;11754
Indicador  3.4.1;1755;4.83;25;Paraíba;11754;2018;5;Mulheres;1153;65 a 69 anos;11754
Indicador  3.4.1;1755;15.84;25;Paraíba;11754;2019;6794;Total;56742;30 a 69 anos;11754
Indicador  3.4.1;1755;0.21;25;Paraíba;11754;2019;6794;Total;1146;30 a 34 anos;11754
Indicador  3.4.1;1755;0.36;25;Paraíba;11754;2019;6794;Total;1147;35 a 39 anos;11754
Indicador  3.4.1;1755;0.57;25;Paraíba;11754;2019;6794;Total;1148;40 a 44 anos;11754
Indicador  3.4.1;1755;1.06;25;Paraíba;11754;2019;6794;Total;1149;45 a 49 anos;11754
Indicador  3.4.1;1755;1.65;25;Paraíba;11754;2019;6794;Total;1150;50 a 54 anos;11754
Indicador  3.4.1;1755;2.41;25;Paraíba;11754;2019;6794;Total;1151;55 a 59 anos;11754
Indicador  3.4.1;1755;4.17;25;Paraíba;11754;2019;6794;Total;1152;60 a 64 anos;11754
Indicador  3.4.1;1755;6.45;25;Paraíba;11754;2019;6794;Total;1153;65 a 69 anos;11754
Indicador  3.4.1;1755;18.66;25;Paraíba;11754;2019;4;Homens;56742;30 a 69 anos;11754
Indicador  3.4.1;1755;0.23;25;Paraíba;11754;2019;4;Homens;1146;30 a 34 anos;11754
Indicador  3.4.1;1755;0.40;25;Paraíba;11754;2019;4;Homens;1147;35 a 39 anos;11754
Indicador  3.4.1;1755;0.62;25;Paraíba;11754;2019;4;Homens;1148;40 a 44 anos;11754
Indicador  3.4.1;1755;1.16;25;Paraíba;11754;2019;4;Homens;1149;45 a 49 anos;11754
Indicador  3.4.1;1755;2.04;25;Paraíba;11754;2019;4;Homens;1150;50 a 54 anos;11754
Indicador  3.4.1;1755;2.92;25;Paraíba;11754;2019;4;Homens;1151;55 a 59 anos;11754
Indicador  3.4.1;1755;5.24;25;Paraíba;11754;2019;4;Homens;1152;60 a 64 anos;11754
Indicador  3.4.1;1755;7.53;25;Paraíba;11754;2019;4;Homens;1153;65 a 69 anos;11754
Indicador  3.4.1;1755;13.43;25;Paraíba;11754;2019;5;Mulheres;56742;30 a 69 anos;11754
Indicador  3.4.1;1755;0.19;25;Paraíba;11754;2019;5;Mulheres;1146;30 a 34 anos;11754
Indicador  3.4.1;1755;0.33;25;Paraíba;11754;2019;5;Mulheres;1147;35 a 39 anos;11754
Indicador  3.4.1;1755;0.52;25;Paraíba;11754;2019;5;Mulheres;1148;40 a 44 anos;11754
Indicador  3.4.1;1755;0.97;25;Paraíba;11754;2019;5;Mulheres;1149;45 a 49 anos;11754
Indicador  3.4.1;1755;1.30;25;Paraíba;11754;2019;5;Mulheres;1150;50 a 54 anos;11754
Indicador  3.4.1;1755;1.97;25;Paraíba;11754;2019;5;Mulheres;1151;55 a 59 anos;11754
Indicador  3.4.1;1755;3.28;25;Paraíba;11754;2019;5;Mulheres;1152;60 a 64 anos;11754
Indicador  3.4.1;1755;5.61;25;Paraíba;11754;2019;5;Mulheres;1153;65 a 69 anos;11754
Indicador  3.4.1;1755;14.93;25;Paraíba;11754;2020;6794;Total;56742;30 a 69 anos;11754
Indicador  3.4.1;1755;0.21;25;Paraíba;11754;2020;6794;Total;1146;30 a 34 anos;11754
Indicador  3.4.1;1755;0.27;25;Paraíba;11754;2020;6794;Total;1147;35 a 39 anos;11754
Indicador  3.4.1;1755;0.52;25;Paraíba;11754;2020;6794;Total;1148;40 a 44 anos;11754
Indicador  3.4.1;1755;0.96;25;Paraíba;11754;2020;6794;Total;1149;45 a 49 anos;11754
Indicador  3.4.1;1755;1.70;25;Paraíba;11754;2020;6794;Total;1150;50 a 54 anos;11754
Indicador  3.4.1;1755;2.52;25;Paraíba;11754;2020;6794;Total;1151;55 a 59 anos;11754
Indicador  3.4.1;1755;3.83;25;Paraíba;11754;2020;6794;Total;1152;60 a 64 anos;11754
Indicador  3.4.1;1755;5.86;25;Paraíba;11754;2020;6794;Total;1153;65 a 69 anos;11754
Indicador  3.4.1;1755;17.85;25;Paraíba;11754;2020;4;Homens;56742;30 a 69 anos;11754
Indicador  3.4.1;1755;0.25;25;Paraíba;11754;2020;4;Homens;1146;30 a 34 anos;11754
Indicador  3.4.1;1755;0.27;25;Paraíba;11754;2020;4;Homens;1147;35 a 39 anos;11754
Indicador  3.4.1;1755;0.57;25;Paraíba;11754;2020;4;Homens;1148;40 a 44 anos;11754
Indicador  3.4.1;1755;1.07;25;Paraíba;11754;2020;4;Homens;1149;45 a 49 anos;11754
Indicador  3.4.1;1755;1.97;25;Paraíba;11754;2020;4;Homens;1150;50 a 54 anos;11754
Indicador  3.4.1;1755;3.17;25;Paraíba;11754;2020;4;Homens;1151;55 a 59 anos;11754
Indicador  3.4.1;1755;4.67;25;Paraíba;11754;2020;4;Homens;1152;60 a 64 anos;11754
Indicador  3.4.1;1755;7.23;25;Paraíba;11754;2020;4;Homens;1153;65 a 69 anos;11754
Indicador  3.4.1;1755;12.44;25;Paraíba;11754;2020;5;Mulheres;56742;30 a 69 anos;11754
Indicador  3.4.1;1755;0.17;25;Paraíba;11754;2020;5;Mulheres;1146;30 a 34 anos;11754
Indicador  3.4.1;1755;0.26;25;Paraíba;11754;2020;5;Mulheres;1147;35 a 39 anos;11754
Indicador  3.4.1;1755;0.48;25;Paraíba;11754;2020;5;Mulheres;1148;40 a 44 anos;11754
Indicador  3.4.1;1755;0.87;25;Paraíba;11754;2020;5;Mulheres;1149;45 a 49 anos;11754
Indicador  3.4.1;1755;1.46;25;Paraíba;11754;2020;5;Mulheres;1150;50 a 54 anos;11754
Indicador  3.4.1;1755;1.95;25;Paraíba;11754;2020;5;Mulheres;1151;55 a 59 anos;11754
Indicador  3.4.1;1755;3.12;25;Paraíba;11754;2020;5;Mulheres;1152;60 a 64 anos;11754
Indicador  3.4.1;1755;4.77;25;Paraíba;11754;2020;5;Mulheres;1153;65 a 69 anos;11754
Indicador  3.4.1;1755;14.88;25;Paraíba;11754;2021;6794;Total;56742;30 a 69 anos;11754
Indicador  3.4.1;1755;0.20;25;Paraíba;11754;2021;6794;Total;1146;30 a 34 anos;11754
Indicador  3.4.1;1755;0.32;25;Paraíba;11754;2021;6794;Total;1147;35 a 39 anos;11754
Indicador  3.4.1;1755;0.61;25;Paraíba;11754;2021;6794;Total;1148;40 a 44 anos;11754
Indicador  3.4.1;1755;0.97;25;Paraíba;11754;2021;6794;Total;1149;45 a 49 anos;11754
Indicador  3.4.1;1755;1.70;25;Paraíba;11754;2021;6794;Total;1150;50 a 54 anos;11754
Indicador  3.4.1;1755;2.45;25;Paraíba;11754;2021;6794;Total;1151;55 a 59 anos;11754
Indicador  3.4.1;1755;3.85;25;Paraíba;11754;2021;6794;Total;1152;60 a 64 anos;11754
Indicador  3.4.1;1755;5.71;25;Paraíba;11754;2021;6794;Total;1153;65 a 69 anos;11754
Indicador  3.4.1;1755;17.76;25;Paraíba;11754;2021;4;Homens;56742;30 a 69 anos;11754
Indicador  3.4.1;1755;0.24;25;Paraíba;11754;2021;4;Homens;1146;30 a 34 anos;11754
Indicador  3.4.1;1755;0.36;25;Paraíba;11754;2021;4;Homens;1147;35 a 39 anos;11754
Indicador  3.4.1;1755;0.68;25;Paraíba;11754;2021;4;Homens;1148;40 a 44 anos;11754
Indicador  3.4.1;1755;1.02;25;Paraíba;11754;2021;4;Homens;1149;45 a 49 anos;11754
Indicador  3.4.1;1755;1.90;25;Paraíba;11754;2021;4;Homens;1150;50 a 54 anos;11754
Indicador  3.4.1;1755;3.06;25;Paraíba;11754;2021;4;Homens;1151;55 a 59 anos;11754
Indicador  3.4.1;1755;4.90;25;Paraíba;11754;2021;4;Homens;1152;60 a 64 anos;11754
Indicador  3.4.1;1755;6.94;25;Paraíba;11754;2021;4;Homens;1153;65 a 69 anos;11754
Indicador  3.4.1;1755;12.43;25;Paraíba;11754;2021;5;Mulheres;56742;30 a 69 anos;11754
Indicador  3.4.1;1755;0.17;25;Paraíba;11754;2021;5;Mulheres;1146;30 a 34 anos;11754
Indicador  3.4.1;1755;0.29;25;Paraíba;11754;2021;5;Mulheres;1147;35 a 39 anos;11754
Indicador  3.4.1;1755;0.55;25;Paraíba;11754;2021;5;Mulheres;1148;40 a 44 anos;11754
Indicador  3.4.1;1755;0.92;25;Paraíba;11754;2021;5;Mulheres;1149;45 a 49 anos;11754
Indicador  3.4.1;1755;1.52;25;Paraíba;11754;2021;5;Mulheres;1150;50 a 54 anos;11754
Indicador  3.4.1;1755;1.91;25;Paraíba;11754;2021;5;Mulheres;1151;55 a 59 anos;11754
Indicador  3.4.1;1755;2.97;25;Paraíba;11754;2021;5;Mulheres;1152;60 a 64 anos;11754
Indicador  3.4.1;1755;4.74;25;Paraíba;11754;2021;5;Mulheres;1153;65 a 69 anos;11754
Indicador  3.4.1;1755;15.21;25;Paraíba;11754;2022;6794;Total;56742;30 a 69 anos;11754
Indicador  3.4.1;1755;0.20;25;Paraíba;11754;2022;6794;Total;1146;30 a 34 anos;11754
Indicador  3.4.1;1755;0.33;25;Paraíba;11754;2022;6794;Total;1147;35 a 39 anos;11754
Indicador  3.4.1;1755;0.62;25;Paraíba;11754;2022;6794;Total;1148;40 a 44 anos;11754
Indicador  3.4.1;1755;0.97;25;Paraíba;11754;2022;6794;Total;1149;45 a 49 anos;11754
Indicador  3.4.1;1755;1.54;25;Paraíba;11754;2022;6794;Total;1150;50 a 54 anos;11754
Indicador  3.4.1;1755;2.60;25;Paraíba;11754;2022;6794;Total;1151;55 a 59 anos;11754
Indicador  3.4.1;1755;3.76;25;Paraíba;11754;2022;6794;Total;1152;60 a 64 anos;11754
Indicador  3.4.1;1755;6.16;25;Paraíba;11754;2022;6794;Total;1153;65 a 69 anos;11754
Indicador  3.4.1;1755;18.35;25;Paraíba;11754;2022;4;Homens;56742;30 a 69 anos;11754
Indicador  3.4.1;1755;0.22;25;Paraíba;11754;2022;4;Homens;1146;30 a 34 anos;11754
Indicador  3.4.1;1755;0.37;25;Paraíba;11754;2022;4;Homens;1147;35 a 39 anos;11754
Indicador  3.4.1;1755;0.76;25;Paraíba;11754;2022;4;Homens;1148;40 a 44 anos;11754
Indicador  3.4.1;1755;1.13;25;Paraíba;11754;2022;4;Homens;1149;45 a 49 anos;11754
Indicador  3.4.1;1755;1.85;25;Paraíba;11754;2022;4;Homens;1150;50 a 54 anos;11754
Indicador  3.4.1;1755;3.16;25;Paraíba;11754;2022;4;Homens;1151;55 a 59 anos;11754
Indicador  3.4.1;1755;4.65;25;Paraíba;11754;2022;4;Homens;1152;60 a 64 anos;11754
Indicador  3.4.1;1755;7.64;25;Paraíba;11754;2022;4;Homens;1153;65 a 69 anos;11754
Indicador  3.4.1;1755;12.53;25;Paraíba;11754;2022;5;Mulheres;56742;30 a 69 anos;11754
Indicador  3.4.1;1755;0.19;25;Paraíba;11754;2022;5;Mulheres;1146;30 a 34 anos;11754
Indicador  3.4.1;1755;0.29;25;Paraíba;11754;2022;5;Mulheres;1147;35 a 39 anos;11754
Indicador  3.4.1;1755;0.50;25;Paraíba;11754;2022;5;Mulheres;1148;40 a 44 anos;11754
Indicador  3.4.1;1755;0.82;25;Paraíba;11754;2022;5;Mulheres;1149;45 a 49 anos;11754
Indicador  3.4.1;1755;1.27;25;Paraíba;11754;2022;5;Mulheres;1150;50 a 54 anos;11754
Indicador  3.4.1;1755;2.10;25;Paraíba;11754;2022;5;Mulheres;1151;55 a 59 anos;11754
Indicador  3.4.1;1755;3.02;25;Paraíba;11754;2022;5;Mulheres;1152;60 a 64 anos;11754
Indicador  3.4.1;1755;4.98;25;Paraíba;11754;2022;5;Mulheres;1153;65 a 69 anos;11754
Indicador  3.4.1;1755;16.95;26;Pernambuco;11754;2018;6794;Total;56742;30 a 69 anos;11754
Indicador  3.4.1;1755;0.21;26;Pernambuco;11754;2018;6794;Total;1146;30 a 34 anos;11754
Indicador  3.4.1;1755;0.35;26;Pernambuco;11754;2018;6794;Total;1147;35 a 39 anos;11754
Indicador  3.4.1;1755;0.60;26;Pernambuco;11754;2018;6794;Total;1148;40 a 44 anos;11754
Indicador  3.4.1;1755;1.06;26;Pernambuco;11754;2018;6794;Total;1149;45 a 49 anos;11754
Indicador  3.4.1;1755;1.87;26;Pernambuco;11754;2018;6794;Total;1150;50 a 54 anos;11754
Indicador  3.4.1;1755;2.76;26;Pernambuco;11754;2018;6794;Total;1151;55 a 59 anos;11754
Indicador  3.4.1;1755;4.46;26;Pernambuco;11754;2018;6794;Total;1152;60 a 64 anos;11754
Indicador  3.4.1;1755;6.83;26;Pernambuco;11754;2018;6794;Total;1153;65 a 69 anos;11754
Indicador  3.4.1;1755;20.28;26;Pernambuco;11754;2018;4;Homens;56742;30 a 69 anos;11754
Indicador  3.4.1;1755;0.26;26;Pernambuco;11754;2018;4;Homens;1146;30 a 34 anos;11754
Indicador  3.4.1;1755;0.39;26;Pernambuco;11754;2018;4;Homens;1147;35 a 39 anos;11754
Indicador  3.4.1;1755;0.67;26;Pernambuco;11754;2018;4;Homens;1148;40 a 44 anos;11754
Indicador  3.4.1;1755;1.20;26;Pernambuco;11754;2018;4;Homens;1149;45 a 49 anos;11754
Indicador  3.4.1;1755;2.18;26;Pernambuco;11754;2018;4;Homens;1150;50 a 54 anos;11754
Indicador  3.4.1;1755;3.42;26;Pernambuco;11754;2018;4;Homens;1151;55 a 59 anos;11754
Indicador  3.4.1;1755;5.50;26;Pernambuco;11754;2018;4;Homens;1152;60 a 64 anos;11754
Indicador  3.4.1;1755;8.41;26;Pernambuco;11754;2018;4;Homens;1153;65 a 69 anos;11754
Indicador  3.4.1;1755;14.18;26;Pernambuco;11754;2018;5;Mulheres;56742;30 a 69 anos;11754
Indicador  3.4.1;1755;0.17;26;Pernambuco;11754;2018;5;Mulheres;1146;30 a 34 anos;11754
Indicador  3.4.1;1755;0.32;26;Pernambuco;11754;2018;5;Mulheres;1147;35 a 39 anos;11754
Indicador  3.4.1;1755;0.54;26;Pernambuco;11754;2018;5;Mulheres;1148;40 a 44 anos;11754
Indicador  3.4.1;1755;0.93;26;Pernambuco;11754;2018;5;Mulheres;1149;45 a 49 anos;11754
Indicador  3.4.1;1755;1.61;26;Pernambuco;11754;2018;5;Mulheres;1150;50 a 54 anos;11754
Indicador  3.4.1;1755;2.21;26;Pernambuco;11754;2018;5;Mulheres;1151;55 a 59 anos;11754
Indicador  3.4.1;1755;3.61;26;Pernambuco;11754;2018;5;Mulheres;1152;60 a 64 anos;11754
Indicador  3.4.1;1755;5.62;26;Pernambuco;11754;2018;5;Mulheres;1153;65 a 69 anos;11754
Indicador  3.4.1;1755;16.97;26;Pernambuco;11754;2019;6794;Total;56742;30 a 69 anos;11754
Indicador  3.4.1;1755;0.22;26;Pernambuco;11754;2019;6794;Total;1146;30 a 34 anos;11754
Indicador  3.4.1;1755;0.35;26;Pernambuco;11754;2019;6794;Total;1147;35 a 39 anos;11754
Indicador  3.4.1;1755;0.64;26;Pernambuco;11754;2019;6794;Total;1148;40 a 44 anos;11754
Indicador  3.4.1;1755;1.01;26;Pernambuco;11754;2019;6794;Total;1149;45 a 49 anos;11754
Indicador  3.4.1;1755;1.83;26;Pernambuco;11754;2019;6794;Total;1150;50 a 54 anos;11754
Indicador  3.4.1;1755;2.87;26;Pernambuco;11754;2019;6794;Total;1151;55 a 59 anos;11754
Indicador  3.4.1;1755;4.39;26;Pernambuco;11754;2019;6794;Total;1152;60 a 64 anos;11754
Indicador  3.4.1;1755;6.88;26;Pernambuco;11754;2019;6794;Total;1153;65 a 69 anos;11754
Indicador  3.4.1;1755;20.13;26;Pernambuco;11754;2019;4;Homens;56742;30 a 69 anos;11754
Indicador  3.4.1;1755;0.25;26;Pernambuco;11754;2019;4;Homens;1146;30 a 34 anos;11754
Indicador  3.4.1;1755;0.37;26;Pernambuco;11754;2019;4;Homens;1147;35 a 39 anos;11754
Indicador  3.4.1;1755;0.69;26;Pernambuco;11754;2019;4;Homens;1148;40 a 44 anos;11754
Indicador  3.4.1;1755;1.14;26;Pernambuco;11754;2019;4;Homens;1149;45 a 49 anos;11754
Indicador  3.4.1;1755;2.19;26;Pernambuco;11754;2019;4;Homens;1150;50 a 54 anos;11754
Indicador  3.4.1;1755;3.41;26;Pernambuco;11754;2019;4;Homens;1151;55 a 59 anos;11754
Indicador  3.4.1;1755;5.43;26;Pernambuco;11754;2019;4;Homens;1152;60 a 64 anos;11754
Indicador  3.4.1;1755;8.36;26;Pernambuco;11754;2019;4;Homens;1153;65 a 69 anos;11754
Indicador  3.4.1;1755;14.34;26;Pernambuco;11754;2019;5;Mulheres;56742;30 a 69 anos;11754
Indicador  3.4.1;1755;0.19;26;Pernambuco;11754;2019;5;Mulheres;1146;30 a 34 anos;11754
Indicador  3.4.1;1755;0.33;26;Pernambuco;11754;2019;5;Mulheres;1147;35 a 39 anos;11754
Indicador  3.4.1;1755;0.59;26;Pernambuco;11754;2019;5;Mulheres;1148;40 a 44 anos;11754
Indicador  3.4.1;1755;0.90;26;Pernambuco;11754;2019;5;Mulheres;1149;45 a 49 anos;11754
Indicador  3.4.1;1755;1.52;26;Pernambuco;11754;2019;5;Mulheres;1150;50 a 54 anos;11754
Indicador  3.4.1;1755;2.41;26;Pernambuco;11754;2019;5;Mulheres;1151;55 a 59 anos;11754
Indicador  3.4.1;1755;3.52;26;Pernambuco;11754;2019;5;Mulheres;1152;60 a 64 anos;11754
Indicador  3.4.1;1755;5.74;26;Pernambuco;11754;2019;5;Mulheres;1153;65 a 69 anos;11754
Indicador  3.4.1;1755;16.38;26;Pernambuco;11754;2020;6794;Total;56742;30 a 69 anos;11754
Indicador  3.4.1;1755;0.17;26;Pernambuco;11754;2020;6794;Total;1146;30 a 34 anos;11754
Indicador  3.4.1;1755;0.30;26;Pernambuco;11754;2020;6794;Total;1147;35 a 39 anos;11754
Indicador  3.4.1;1755;0.59;26;Pernambuco;11754;2020;6794;Total;1148;40 a 44 anos;11754
Indicador  3.4.1;1755;0.99;26;Pernambuco;11754;2020;6794;Total;1149;45 a 49 anos;11754
Indicador  3.4.1;1755;1.74;26;Pernambuco;11754;2020;6794;Total;1150;50 a 54 anos;11754
Indicador  3.4.1;1755;2.71;26;Pernambuco;11754;2020;6794;Total;1151;55 a 59 anos;11754
Indicador  3.4.1;1755;4.34;26;Pernambuco;11754;2020;6794;Total;1152;60 a 64 anos;11754
Indicador  3.4.1;1755;6.66;26;Pernambuco;11754;2020;6794;Total;1153;65 a 69 anos;11754
Indicador  3.4.1;1755;19.21;26;Pernambuco;11754;2020;4;Homens;56742;30 a 69 anos;11754
Indicador  3.4.1;1755;0.19;26;Pernambuco;11754;2020;4;Homens;1146;30 a 34 anos;11754
Indicador  3.4.1;1755;0.34;26;Pernambuco;11754;2020;4;Homens;1147;35 a 39 anos;11754
Indicador  3.4.1;1755;0.58;26;Pernambuco;11754;2020;4;Homens;1148;40 a 44 anos;11754
Indicador  3.4.1;1755;1.07;26;Pernambuco;11754;2020;4;Homens;1149;45 a 49 anos;11754
Indicador  3.4.1;1755;1.95;26;Pernambuco;11754;2020;4;Homens;1150;50 a 54 anos;11754
Indicador  3.4.1;1755;3.17;26;Pernambuco;11754;2020;4;Homens;1151;55 a 59 anos;11754
Indicador  3.4.1;1755;5.23;26;Pernambuco;11754;2020;4;Homens;1152;60 a 64 anos;11754
Indicador  3.4.1;1755;8.23;26;Pernambuco;11754;2020;4;Homens;1153;65 a 69 anos;11754
Indicador  3.4.1;1755;14.03;26;Pernambuco;11754;2020;5;Mulheres;56742;30 a 69 anos;11754
Indicador  3.4.1;1755;0.16;26;Pernambuco;11754;2020;5;Mulheres;1146;30 a 34 anos;11754
Indicador  3.4.1;1755;0.27;26;Pernambuco;11754;2020;5;Mulheres;1147;35 a 39 anos;11754
Indicador  3.4.1;1755;0.60;26;Pernambuco;11754;2020;5;Mulheres;1148;40 a 44 anos;11754
Indicador  3.4.1;1755;0.92;26;Pernambuco;11754;2020;5;Mulheres;1149;45 a 49 anos;11754
Indicador  3.4.1;1755;1.55;26;Pernambuco;11754;2020;5;Mulheres;1150;50 a 54 anos;11754
Indicador  3.4.1;1755;2.32;26;Pernambuco;11754;2020;5;Mulheres;1151;55 a 59 anos;11754
Indicador  3.4.1;1755;3.60;26;Pernambuco;11754;2020;5;Mulheres;1152;60 a 64 anos;11754
Indicador  3.4.1;1755;5.44;26;Pernambuco;11754;2020;5;Mulheres;1153;65 a 69 anos;11754
Indicador  3.4.1;1755;16.08;26;Pernambuco;11754;2021;6794;Total;56742;30 a 69 anos;11754
Indicador  3.4.1;1755;0.19;26;Pernambuco;11754;2021;6794;Total;1146;30 a 34 anos;11754
Indicador  3.4.1;1755;0.34;26;Pernambuco;11754;2021;6794;Total;1147;35 a 39 anos;11754
Indicador  3.4.1;1755;0.61;26;Pernambuco;11754;2021;6794;Total;1148;40 a 44 anos;11754
Indicador  3.4.1;1755;1.01;26;Pernambuco;11754;2021;6794;Total;1149;45 a 49 anos;11754
Indicador  3.4.1;1755;1.72;26;Pernambuco;11754;2021;6794;Total;1150;50 a 54 anos;11754
Indicador  3.4.1;1755;2.70;26;Pernambuco;11754;2021;6794;Total;1151;55 a 59 anos;11754
Indicador  3.4.1;1755;4.24;26;Pernambuco;11754;2021;6794;Total;1152;60 a 64 anos;11754
Indicador  3.4.1;1755;6.36;26;Pernambuco;11754;2021;6794;Total;1153;65 a 69 anos;11754
Indicador  3.4.1;1755;18.90;26;Pernambuco;11754;2021;4;Homens;56742;30 a 69 anos;11754
Indicador  3.4.1;1755;0.20;26;Pernambuco;11754;2021;4;Homens;1146;30 a 34 anos;11754
Indicador  3.4.1;1755;0.37;26;Pernambuco;11754;2021;4;Homens;1147;35 a 39 anos;11754
Indicador  3.4.1;1755;0.71;26;Pernambuco;11754;2021;4;Homens;1148;40 a 44 anos;11754
Indicador  3.4.1;1755;1.07;26;Pernambuco;11754;2021;4;Homens;1149;45 a 49 anos;11754
Indicador  3.4.1;1755;1.93;26;Pernambuco;11754;2021;4;Homens;1150;50 a 54 anos;11754
Indicador  3.4.1;1755;3.11;26;Pernambuco;11754;2021;4;Homens;1151;55 a 59 anos;11754
Indicador  3.4.1;1755;5.15;26;Pernambuco;11754;2021;4;Homens;1152;60 a 64 anos;11754
Indicador  3.4.1;1755;7.86;26;Pernambuco;11754;2021;4;Homens;1153;65 a 69 anos;11754
Indicador  3.4.1;1755;13.78;26;Pernambuco;11754;2021;5;Mulheres;56742;30 a 69 anos;11754
Indicador  3.4.1;1755;0.19;26;Pernambuco;11754;2021;5;Mulheres;1146;30 a 34 anos;11754
Indicador  3.4.1;1755;0.31;26;Pernambuco;11754;2021;5;Mulheres;1147;35 a 39 anos;11754
Indicador  3.4.1;1755;0.52;26;Pernambuco;11754;2021;5;Mulheres;1148;40 a 44 anos;11754
Indicador  3.4.1;1755;0.95;26;Pernambuco;11754;2021;5;Mulheres;1149;45 a 49 anos;11754
Indicador  3.4.1;1755;1.53;26;Pernambuco;11754;2021;5;Mulheres;1150;50 a 54 anos;11754
Indicador  3.4.1;1755;2.36;26;Pernambuco;11754;2021;5;Mulheres;1151;55 a 59 anos;11754
Indicador  3.4.1;1755;3.50;26;Pernambuco;11754;2021;5;Mulheres;1152;60 a 64 anos;11754
Indicador  3.4.1;1755;5.22;26;Pernambuco;11754;2021;5;Mulheres;1153;65 a 69 anos;11754
Indicador  3.4.1;1755;15.29;26;Pernambuco;11754;2022;6794;Total;56742;30 a 69 anos;11754
Indicador  3.4.1;1755;0.18;26;Pernambuco;11754;2022;6794;Total;1146;30 a 34 anos;11754
Indicador  3.4.1;1755;0.30;26;Pernambuco;11754;2022;6794;Total;1147;35 a 39 anos;11754
Indicador  3.4.1;1755;0.58;26;Pernambuco;11754;2022;6794;Total;1148;40 a 44 anos;11754
Indicador  3.4.1;1755;1.00;26;Pernambuco;11754;2022;6794;Total;1149;45 a 49 anos;11754
Indicador  3.4.1;1755;1.59;26;Pernambuco;11754;2022;6794;Total;1150;50 a 54 anos;11754
Indicador  3.4.1;1755;2.50;26;Pernambuco;11754;2022;6794;Total;1151;55 a 59 anos;11754
Indicador  3.4.1;1755;4.03;26;Pernambuco;11754;2022;6794;Total;1152;60 a 64 anos;11754
Indicador  3.4.1;1755;6.09;26;Pernambuco;11754;2022;6794;Total;1153;65 a 69 anos;11754
Indicador  3.4.1;1755;18.17;26;Pernambuco;11754;2022;4;Homens;56742;30 a 69 anos;11754
Indicador  3.4.1;1755;0.18;26;Pernambuco;11754;2022;4;Homens;1146;30 a 34 anos;11754
Indicador  3.4.1;1755;0.31;26;Pernambuco;11754;2022;4;Homens;1147;35 a 39 anos;11754
Indicador  3.4.1;1755;0.62;26;Pernambuco;11754;2022;4;Homens;1148;40 a 44 anos;11754
Indicador  3.4.1;1755;1.13;26;Pernambuco;11754;2022;4;Homens;1149;45 a 49 anos;11754
Indicador  3.4.1;1755;1.79;26;Pernambuco;11754;2022;4;Homens;1150;50 a 54 anos;11754
Indicador  3.4.1;1755;3.04;26;Pernambuco;11754;2022;4;Homens;1151;55 a 59 anos;11754
Indicador  3.4.1;1755;4.93;26;Pernambuco;11754;2022;4;Homens;1152;60 a 64 anos;11754
Indicador  3.4.1;1755;7.56;26;Pernambuco;11754;2022;4;Homens;1153;65 a 69 anos;11754
Indicador  3.4.1;1755;12.91;26;Pernambuco;11754;2022;5;Mulheres;56742;30 a 69 anos;11754
Indicador  3.4.1;1755;0.17;26;Pernambuco;11754;2022;5;Mulheres;1146;30 a 34 anos;11754
Indicador  3.4.1;1755;0.29;26;Pernambuco;11754;2022;5;Mulheres;1147;35 a 39 anos;11754
Indicador  3.4.1;1755;0.54;26;Pernambuco;11754;2022;5;Mulheres;1148;40 a 44 anos;11754
Indicador  3.4.1;1755;0.88;26;Pernambuco;11754;2022;5;Mulheres;1149;45 a 49 anos;11754
Indicador  3.4.1;1755;1.41;26;Pernambuco;11754;2022;5;Mulheres;1150;50 a 54 anos;11754
Indicador  3.4.1;1755;2.05;26;Pernambuco;11754;2022;5;Mulheres;1151;55 a 59 anos;11754
Indicador  3.4.1;1755;3.30;26;Pernambuco;11754;2022;5;Mulheres;1152;60 a 64 anos;11754
Indicador  3.4.1;1755;4.96;26;Pernambuco;11754;2022;5;Mulheres;1153;65 a 69 anos;11754
Indicador  3.4.1;1755;17.09;27;Alagoas;11754;2018;6794;Total;56742;30 a 69 anos;11754
Indicador  3.4.1;1755;0.18;27;Alagoas;11754;2018;6794;Total;1146;30 a 34 anos;11754
Indicador  3.4.1;1755;0.33;27;Alagoas;11754;2018;6794;Total;1147;35 a 39 anos;11754
Indicador  3.4.1;1755;0.52;27;Alagoas;11754;2018;6794;Total;1148;40 a 44 anos;11754
Indicador  3.4.1;1755;1.05;27;Alagoas;11754;2018;6794;Total;1149;45 a 49 anos;11754
Indicador  3.4.1;1755;1.81;27;Alagoas;11754;2018;6794;Total;1150;50 a 54 anos;11754
Indicador  3.4.1;1755;2.93;27;Alagoas;11754;2018;6794;Total;1151;55 a 59 anos;11754
Indicador  3.4.1;1755;4.76;27;Alagoas;11754;2018;6794;Total;1152;60 a 64 anos;11754
Indicador  3.4.1;1755;6.72;27;Alagoas;11754;2018;6794;Total;1153;65 a 69 anos;11754
Indicador  3.4.1;1755;19.28;27;Alagoas;11754;2018;4;Homens;56742;30 a 69 anos;11754
Indicador  3.4.1;1755;0.18;27;Alagoas;11754;2018;4;Homens;1146;30 a 34 anos;11754
Indicador  3.4.1;1755;0.30;27;Alagoas;11754;2018;4;Homens;1147;35 a 39 anos;11754
Indicador  3.4.1;1755;0.56;27;Alagoas;11754;2018;4;Homens;1148;40 a 44 anos;11754
Indicador  3.4.1;1755;1.09;27;Alagoas;11754;2018;4;Homens;1149;45 a 49 anos;11754
Indicador  3.4.1;1755;1.99;27;Alagoas;11754;2018;4;Homens;1150;50 a 54 anos;11754
Indicador  3.4.1;1755;3.31;27;Alagoas;11754;2018;4;Homens;1151;55 a 59 anos;11754
Indicador  3.4.1;1755;5.51;27;Alagoas;11754;2018;4;Homens;1152;60 a 64 anos;11754
Indicador  3.4.1;1755;7.91;27;Alagoas;11754;2018;4;Homens;1153;65 a 69 anos;11754
Indicador  3.4.1;1755;15.20;27;Alagoas;11754;2018;5;Mulheres;56742;30 a 69 anos;11754
Indicador  3.4.1;1755;0.18;27;Alagoas;11754;2018;5;Mulheres;1146;30 a 34 anos;11754
Indicador  3.4.1;1755;0.36;27;Alagoas;11754;2018;5;Mulheres;1147;35 a 39 anos;11754
Indicador  3.4.1;1755;0.49;27;Alagoas;11754;2018;5;Mulheres;1148;40 a 44 anos;11754
Indicador  3.4.1;1755;1.01;27;Alagoas;11754;2018;5;Mulheres;1149;45 a 49 anos;11754
Indicador  3.4.1;1755;1.66;27;Alagoas;11754;2018;5;Mulheres;1150;50 a 54 anos;11754
Indicador  3.4.1;1755;2.61;27;Alagoas;11754;2018;5;Mulheres;1151;55 a 59 anos;11754
Indicador  3.4.1;1755;4.12;27;Alagoas;11754;2018;5;Mulheres;1152;60 a 64 anos;11754
Indicador  3.4.1;1755;5.73;27;Alagoas;11754;2018;5;Mulheres;1153;65 a 69 anos;11754
Indicador  3.4.1;1755;17.37;27;Alagoas;11754;2019;6794;Total;56742;30 a 69 anos;11754
Indicador  3.4.1;1755;0.17;27;Alagoas;11754;2019;6794;Total;1146;30 a 34 anos;11754
Indicador  3.4.1;1755;0.32;27;Alagoas;11754;2019;6794;Total;1147;35 a 39 anos;11754
Indicador  3.4.1;1755;0.58;27;Alagoas;11754;2019;6794;Total;1148;40 a 44 anos;11754
Indicador  3.4.1;1755;1.04;27;Alagoas;11754;2019;6794;Total;1149;45 a 49 anos;11754
Indicador  3.4.1;1755;1.75;27;Alagoas;11754;2019;6794;Total;1150;50 a 54 anos;11754
Indicador  3.4.1;1755;2.74;27;Alagoas;11754;2019;6794;Total;1151;55 a 59 anos;11754
Indicador  3.4.1;1755;4.55;27;Alagoas;11754;2019;6794;Total;1152;60 a 64 anos;11754
Indicador  3.4.1;1755;7.47;27;Alagoas;11754;2019;6794;Total;1153;65 a 69 anos;11754
Indicador  3.4.1;1755;19.29;27;Alagoas;11754;2019;4;Homens;56742;30 a 69 anos;11754
Indicador  3.4.1;1755;0.23;27;Alagoas;11754;2019;4;Homens;1146;30 a 34 anos;11754
Indicador  3.4.1;1755;0.35;27;Alagoas;11754;2019;4;Homens;1147;35 a 39 anos;11754
Indicador  3.4.1;1755;0.54;27;Alagoas;11754;2019;4;Homens;1148;40 a 44 anos;11754
Indicador  3.4.1;1755;1.14;27;Alagoas;11754;2019;4;Homens;1149;45 a 49 anos;11754
Indicador  3.4.1;1755;1.96;27;Alagoas;11754;2019;4;Homens;1150;50 a 54 anos;11754
Indicador  3.4.1;1755;3.19;27;Alagoas;11754;2019;4;Homens;1151;55 a 59 anos;11754
Indicador  3.4.1;1755;5.04;27;Alagoas;11754;2019;4;Homens;1152;60 a 64 anos;11754
Indicador  3.4.1;1755;8.40;27;Alagoas;11754;2019;4;Homens;1153;65 a 69 anos;11754
Indicador  3.4.1;1755;15.73;27;Alagoas;11754;2019;5;Mulheres;56742;30 a 69 anos;11754
Indicador  3.4.1;1755;0.13;27;Alagoas;11754;2019;5;Mulheres;1146;30 a 34 anos;11754
Indicador  3.4.1;1755;0.30;27;Alagoas;11754;2019;5;Mulheres;1147;35 a 39 anos;11754
Indicador  3.4.1;1755;0.61;27;Alagoas;11754;2019;5;Mulheres;1148;40 a 44 anos;11754
Indicador  3.4.1;1755;0.95;27;Alagoas;11754;2019;5;Mulheres;1149;45 a 49 anos;11754
Indicador  3.4.1;1755;1.57;27;Alagoas;11754;2019;5;Mulheres;1150;50 a 54 anos;11754
Indicador  3.4.1;1755;2.36;27;Alagoas;11754;2019;5;Mulheres;1151;55 a 59 anos;11754
Indicador  3.4.1;1755;4.13;27;Alagoas;11754;2019;5;Mulheres;1152;60 a 64 anos;11754
Indicador  3.4.1;1755;6.70;27;Alagoas;11754;2019;5;Mulheres;1153;65 a 69 anos;11754
Indicador  3.4.1;1755;16.40;27;Alagoas;11754;2020;6794;Total;56742;30 a 69 anos;11754
Indicador  3.4.1;1755;0.18;27;Alagoas;11754;2020;6794;Total;1146;30 a 34 anos;11754
Indicador  3.4.1;1755;0.28;27;Alagoas;11754;2020;6794;Total;1147;35 a 39 anos;11754
Indicador  3.4.1;1755;0.57;27;Alagoas;11754;2020;6794;Total;1148;40 a 44 anos;11754
Indicador  3.4.1;1755;0.99;27;Alagoas;11754;2020;6794;Total;1149;45 a 49 anos;11754
Indicador  3.4.1;1755;1.67;27;Alagoas;11754;2020;6794;Total;1150;50 a 54 anos;11754
Indicador  3.4.1;1755;2.80;27;Alagoas;11754;2020;6794;Total;1151;55 a 59 anos;11754
Indicador  3.4.1;1755;4.39;27;Alagoas;11754;2020;6794;Total;1152;60 a 64 anos;11754
Indicador  3.4.1;1755;6.63;27;Alagoas;11754;2020;6794;Total;1153;65 a 69 anos;11754
Indicador  3.4.1;1755;18.52;27;Alagoas;11754;2020;4;Homens;56742;30 a 69 anos;11754
Indicador  3.4.1;1755;0.21;27;Alagoas;11754;2020;4;Homens;1146;30 a 34 anos;11754
Indicador  3.4.1;1755;0.31;27;Alagoas;11754;2020;4;Homens;1147;35 a 39 anos;11754
Indicador  3.4.1;1755;0.58;27;Alagoas;11754;2020;4;Homens;1148;40 a 44 anos;11754
Indicador  3.4.1;1755;1.01;27;Alagoas;11754;2020;4;Homens;1149;45 a 49 anos;11754
Indicador  3.4.1;1755;1.80;27;Alagoas;11754;2020;4;Homens;1150;50 a 54 anos;11754
Indicador  3.4.1;1755;3.19;27;Alagoas;11754;2020;4;Homens;1151;55 a 59 anos;11754
Indicador  3.4.1;1755;4.97;27;Alagoas;11754;2020;4;Homens;1152;60 a 64 anos;11754
Indicador  3.4.1;1755;7.87;27;Alagoas;11754;2020;4;Homens;1153;65 a 69 anos;11754
Indicador  3.4.1;1755;14.58;27;Alagoas;11754;2020;5;Mulheres;56742;30 a 69 anos;11754
Indicador  3.4.1;1755;0.16;27;Alagoas;11754;2020;5;Mulheres;1146;30 a 34 anos;11754
Indicador  3.4.1;1755;0.25;27;Alagoas;11754;2020;5;Mulheres;1147;35 a 39 anos;11754
Indicador  3.4.1;1755;0.56;27;Alagoas;11754;2020;5;Mulheres;1148;40 a 44 anos;11754
Indicador  3.4.1;1755;0.97;27;Alagoas;11754;2020;5;Mulheres;1149;45 a 49 anos;11754
Indicador  3.4.1;1755;1.56;27;Alagoas;11754;2020;5;Mulheres;1150;50 a 54 anos;11754
Indicador  3.4.1;1755;2.47;27;Alagoas;11754;2020;5;Mulheres;1151;55 a 59 anos;11754
Indicador  3.4.1;1755;3.90;27;Alagoas;11754;2020;5;Mulheres;1152;60 a 64 anos;11754
Indicador  3.4.1;1755;5.60;27;Alagoas;11754;2020;5;Mulheres;1153;65 a 69 anos;11754
Indicador  3.4.1;1755;16.48;27;Alagoas;11754;2021;6794;Total;56742;30 a 69 anos;11754
Indicador  3.4.1;1755;0.20;27;Alagoas;11754;2021;6794;Total;1146;30 a 34 anos;11754
Indicador  3.4.1;1755;0.34;27;Alagoas;11754;2021;6794;Total;1147;35 a 39 anos;11754
Indicador  3.4.1;1755;0.55;27;Alagoas;11754;2021;6794;Total;1148;40 a 44 anos;11754
Indicador  3.4.1;1755;0.99;27;Alagoas;11754;2021;6794;Total;1149;45 a 49 anos;11754
Indicador  3.4.1;1755;1.63;27;Alagoas;11754;2021;6794;Total;1150;50 a 54 anos;11754
Indicador  3.4.1;1755;2.77;27;Alagoas;11754;2021;6794;Total;1151;55 a 59 anos;11754
Indicador  3.4.1;1755;4.31;27;Alagoas;11754;2021;6794;Total;1152;60 a 64 anos;11754
Indicador  3.4.1;1755;6.81;27;Alagoas;11754;2021;6794;Total;1153;65 a 69 anos;11754
Indicador  3.4.1;1755;19.33;27;Alagoas;11754;2021;4;Homens;56742;30 a 69 anos;11754
Indicador  3.4.1;1755;0.26;27;Alagoas;11754;2021;4;Homens;1146;30 a 34 anos;11754
Indicador  3.4.1;1755;0.37;27;Alagoas;11754;2021;4;Homens;1147;35 a 39 anos;11754
Indicador  3.4.1;1755;0.59;27;Alagoas;11754;2021;4;Homens;1148;40 a 44 anos;11754
Indicador  3.4.1;1755;1.17;27;Alagoas;11754;2021;4;Homens;1149;45 a 49 anos;11754
Indicador  3.4.1;1755;1.78;27;Alagoas;11754;2021;4;Homens;1150;50 a 54 anos;11754
Indicador  3.4.1;1755;3.05;27;Alagoas;11754;2021;4;Homens;1151;55 a 59 anos;11754
Indicador  3.4.1;1755;5.05;27;Alagoas;11754;2021;4;Homens;1152;60 a 64 anos;11754
Indicador  3.4.1;1755;8.61;27;Alagoas;11754;2021;4;Homens;1153;65 a 69 anos;11754
Indicador  3.4.1;1755;14.14;27;Alagoas;11754;2021;5;Mulheres;56742;30 a 69 anos;11754
Indicador  3.4.1;1755;0.14;27;Alagoas;11754;2021;5;Mulheres;1146;30 a 34 anos;11754
Indicador  3.4.1;1755;0.32;27;Alagoas;11754;2021;5;Mulheres;1147;35 a 39 anos;11754
Indicador  3.4.1;1755;0.52;27;Alagoas;11754;2021;5;Mulheres;1148;40 a 44 anos;11754
Indicador  3.4.1;1755;0.83;27;Alagoas;11754;2021;5;Mulheres;1149;45 a 49 anos;11754
Indicador  3.4.1;1755;1.51;27;Alagoas;11754;2021;5;Mulheres;1150;50 a 54 anos;11754
Indicador  3.4.1;1755;2.54;27;Alagoas;11754;2021;5;Mulheres;1151;55 a 59 anos;11754
Indicador  3.4.1;1755;3.71;27;Alagoas;11754;2021;5;Mulheres;1152;60 a 64 anos;11754
Indicador  3.4.1;1755;5.39;27;Alagoas;11754;2021;5;Mulheres;1153;65 a 69 anos;11754
Indicador  3.4.1;1755;16.74;27;Alagoas;11754;2022;6794;Total;56742;30 a 69 anos;11754
Indicador  3.4.1;1755;0.22;27;Alagoas;11754;2022;6794;Total;1146;30 a 34 anos;11754
Indicador  3.4.1;1755;0.33;27;Alagoas;11754;2022;6794;Total;1147;35 a 39 anos;11754
Indicador  3.4.1;1755;0.57;27;Alagoas;11754;2022;6794;Total;1148;40 a 44 anos;11754
Indicador  3.4.1;1755;1.02;27;Alagoas;11754;2022;6794;Total;1149;45 a 49 anos;11754
Indicador  3.4.1;1755;1.65;27;Alagoas;11754;2022;6794;Total;1150;50 a 54 anos;11754
Indicador  3.4.1;1755;2.81;27;Alagoas;11754;2022;6794;Total;1151;55 a 59 anos;11754
Indicador  3.4.1;1755;4.38;27;Alagoas;11754;2022;6794;Total;1152;60 a 64 anos;11754
Indicador  3.4.1;1755;6.92;27;Alagoas;11754;2022;6794;Total;1153;65 a 69 anos;11754
Indicador  3.4.1;1755;19.44;27;Alagoas;11754;2022;4;Homens;56742;30 a 69 anos;11754
Indicador  3.4.1;1755;0.25;27;Alagoas;11754;2022;4;Homens;1146;30 a 34 anos;11754
Indicador  3.4.1;1755;0.37;27;Alagoas;11754;2022;4;Homens;1147;35 a 39 anos;11754
Indicador  3.4.1;1755;0.55;27;Alagoas;11754;2022;4;Homens;1148;40 a 44 anos;11754
Indicador  3.4.1;1755;1.12;27;Alagoas;11754;2022;4;Homens;1149;45 a 49 anos;11754
Indicador  3.4.1;1755;1.77;27;Alagoas;11754;2022;4;Homens;1150;50 a 54 anos;11754
Indicador  3.4.1;1755;3.45;27;Alagoas;11754;2022;4;Homens;1151;55 a 59 anos;11754
Indicador  3.4.1;1755;5.07;27;Alagoas;11754;2022;4;Homens;1152;60 a 64 anos;11754
Indicador  3.4.1;1755;8.45;27;Alagoas;11754;2022;4;Homens;1153;65 a 69 anos;11754
Indicador  3.4.1;1755;14.50;27;Alagoas;11754;2022;5;Mulheres;56742;30 a 69 anos;11754
Indicador  3.4.1;1755;0.20;27;Alagoas;11754;2022;5;Mulheres;1146;30 a 34 anos;11754
Indicador  3.4.1;1755;0.30;27;Alagoas;11754;2022;5;Mulheres;1147;35 a 39 anos;11754
Indicador  3.4.1;1755;0.59;27;Alagoas;11754;2022;5;Mulheres;1148;40 a 44 anos;11754
Indicador  3.4.1;1755;0.94;27;Alagoas;11754;2022;5;Mulheres;1149;45 a 49 anos;11754
Indicador  3.4.1;1755;1.55;27;Alagoas;11754;2022;5;Mulheres;1150;50 a 54 anos;11754
Indicador  3.4.1;1755;2.26;27;Alagoas;11754;2022;5;Mulheres;1151;55 a 59 anos;11754
Indicador  3.4.1;1755;3.82;27;Alagoas;11754;2022;5;Mulheres;1152;60 a 64 anos;11754
Indicador  3.4.1;1755;5.72;27;Alagoas;11754;2022;5;Mulheres;1153;65 a 69 anos;11754
Indicador  3.4.1;1755;14.12;28;Sergipe;11754;2018;6794;Total;56742;30 a 69 anos;11754
Indicador  3.4.1;1755;0.20;28;Sergipe;11754;2018;6794;Total;1146;30 a 34 anos;11754
Indicador  3.4.1;1755;0.30;28;Sergipe;11754;2018;6794;Total;1147;35 a 39 anos;11754
Indicador  3.4.1;1755;0.47;28;Sergipe;11754;2018;6794;Total;1148;40 a 44 anos;11754
Indicador  3.4.1;1755;0.77;28;Sergipe;11754;2018;6794;Total;1149;45 a 49 anos;11754
Indicador  3.4.1;1755;1.36;28;Sergipe;11754;2018;6794;Total;1150;50 a 54 anos;11754
Indicador  3.4.1;1755;2.34;28;Sergipe;11754;2018;6794;Total;1151;55 a 59 anos;11754
Indicador  3.4.1;1755;3.92;28;Sergipe;11754;2018;6794;Total;1152;60 a 64 anos;11754
Indicador  3.4.1;1755;5.58;28;Sergipe;11754;2018;6794;Total;1153;65 a 69 anos;11754
Indicador  3.4.1;1755;16.00;28;Sergipe;11754;2018;4;Homens;56742;30 a 69 anos;11754
Indicador  3.4.1;1755;0.18;28;Sergipe;11754;2018;4;Homens;1146;30 a 34 anos;11754
Indicador  3.4.1;1755;0.32;28;Sergipe;11754;2018;4;Homens;1147;35 a 39 anos;11754
Indicador  3.4.1;1755;0.50;28;Sergipe;11754;2018;4;Homens;1148;40 a 44 anos;11754
Indicador  3.4.1;1755;0.81;28;Sergipe;11754;2018;4;Homens;1149;45 a 49 anos;11754
Indicador  3.4.1;1755;1.48;28;Sergipe;11754;2018;4;Homens;1150;50 a 54 anos;11754
Indicador  3.4.1;1755;2.66;28;Sergipe;11754;2018;4;Homens;1151;55 a 59 anos;11754
Indicador  3.4.1;1755;4.24;28;Sergipe;11754;2018;4;Homens;1152;60 a 64 anos;11754
Indicador  3.4.1;1755;6.84;28;Sergipe;11754;2018;4;Homens;1153;65 a 69 anos;11754
Indicador  3.4.1;1755;12.49;28;Sergipe;11754;2018;5;Mulheres;56742;30 a 69 anos;11754
Indicador  3.4.1;1755;0.21;28;Sergipe;11754;2018;5;Mulheres;1146;30 a 34 anos;11754
Indicador  3.4.1;1755;0.29;28;Sergipe;11754;2018;5;Mulheres;1147;35 a 39 anos;11754
Indicador  3.4.1;1755;0.44;28;Sergipe;11754;2018;5;Mulheres;1148;40 a 44 anos;11754
Indicador  3.4.1;1755;0.74;28;Sergipe;11754;2018;5;Mulheres;1149;45 a 49 anos;11754
Indicador  3.4.1;1755;1.24;28;Sergipe;11754;2018;5;Mulheres;1150;50 a 54 anos;11754
Indicador  3.4.1;1755;2.07;28;Sergipe;11754;2018;5;Mulheres;1151;55 a 59 anos;11754
Indicador  3.4.1;1755;3.64;28;Sergipe;11754;2018;5;Mulheres;1152;60 a 64 anos;11754
Indicador  3.4.1;1755;4.52;28;Sergipe;11754;2018;5;Mulheres;1153;65 a 69 anos;11754
Indicador  3.4.1;1755;13.90;28;Sergipe;11754;2019;6794;Total;56742;30 a 69 anos;11754
Indicador  3.4.1;1755;0.14;28;Sergipe;11754;2019;6794;Total;1146;30 a 34 anos;11754
Indicador  3.4.1;1755;0.28;28;Sergipe;11754;2019;6794;Total;1147;35 a 39 anos;11754
Indicador  3.4.1;1755;0.48;28;Sergipe;11754;2019;6794;Total;1148;40 a 44 anos;11754
Indicador  3.4.1;1755;0.82;28;Sergipe;11754;2019;6794;Total;1149;45 a 49 anos;11754
Indicador  3.4.1;1755;1.40;28;Sergipe;11754;2019;6794;Total;1150;50 a 54 anos;11754
Indicador  3.4.1;1755;2.03;28;Sergipe;11754;2019;6794;Total;1151;55 a 59 anos;11754
Indicador  3.4.1;1755;3.63;28;Sergipe;11754;2019;6794;Total;1152;60 a 64 anos;11754
Indicador  3.4.1;1755;5.90;28;Sergipe;11754;2019;6794;Total;1153;65 a 69 anos;11754
Indicador  3.4.1;1755;15.93;28;Sergipe;11754;2019;4;Homens;56742;30 a 69 anos;11754
Indicador  3.4.1;1755;0.09;28;Sergipe;11754;2019;4;Homens;1146;30 a 34 anos;11754
Indicador  3.4.1;1755;0.31;28;Sergipe;11754;2019;4;Homens;1147;35 a 39 anos;11754
Indicador  3.4.1;1755;0.50;28;Sergipe;11754;2019;4;Homens;1148;40 a 44 anos;11754
Indicador  3.4.1;1755;0.90;28;Sergipe;11754;2019;4;Homens;1149;45 a 49 anos;11754
Indicador  3.4.1;1755;1.50;28;Sergipe;11754;2019;4;Homens;1150;50 a 54 anos;11754
Indicador  3.4.1;1755;2.48;28;Sergipe;11754;2019;4;Homens;1151;55 a 59 anos;11754
Indicador  3.4.1;1755;4.18;28;Sergipe;11754;2019;4;Homens;1152;60 a 64 anos;11754
Indicador  3.4.1;1755;6.99;28;Sergipe;11754;2019;4;Homens;1153;65 a 69 anos;11754
Indicador  3.4.1;1755;12.15;28;Sergipe;11754;2019;5;Mulheres;56742;30 a 69 anos;11754
Indicador  3.4.1;1755;0.19;28;Sergipe;11754;2019;5;Mulheres;1146;30 a 34 anos;11754
Indicador  3.4.1;1755;0.26;28;Sergipe;11754;2019;5;Mulheres;1147;35 a 39 anos;11754
Indicador  3.4.1;1755;0.46;28;Sergipe;11754;2019;5;Mulheres;1148;40 a 44 anos;11754
Indicador  3.4.1;1755;0.74;28;Sergipe;11754;2019;5;Mulheres;1149;45 a 49 anos;11754
Indicador  3.4.1;1755;1.31;28;Sergipe;11754;2019;5;Mulheres;1150;50 a 54 anos;11754
Indicador  3.4.1;1755;1.64;28;Sergipe;11754;2019;5;Mulheres;1151;55 a 59 anos;11754
Indicador  3.4.1;1755;3.15;28;Sergipe;11754;2019;5;Mulheres;1152;60 a 64 anos;11754
Indicador  3.4.1;1755;4.99;28;Sergipe;11754;2019;5;Mulheres;1153;65 a 69 anos;11754
Indicador  3.4.1;1755;13.97;28;Sergipe;11754;2020;6794;Total;56742;30 a 69 anos;11754
Indicador  3.4.1;1755;0.12;28;Sergipe;11754;2020;6794;Total;1146;30 a 34 anos;11754
Indicador  3.4.1;1755;0.21;28;Sergipe;11754;2020;6794;Total;1147;35 a 39 anos;11754
Indicador  3.4.1;1755;0.42;28;Sergipe;11754;2020;6794;Total;1148;40 a 44 anos;11754
Indicador  3.4.1;1755;0.83;28;Sergipe;11754;2020;6794;Total;1149;45 a 49 anos;11754
Indicador  3.4.1;1755;1.47;28;Sergipe;11754;2020;6794;Total;1150;50 a 54 anos;11754
Indicador  3.4.1;1755;2.43;28;Sergipe;11754;2020;6794;Total;1151;55 a 59 anos;11754
Indicador  3.4.1;1755;3.80;28;Sergipe;11754;2020;6794;Total;1152;60 a 64 anos;11754
Indicador  3.4.1;1755;5.49;28;Sergipe;11754;2020;6794;Total;1153;65 a 69 anos;11754
Indicador  3.4.1;1755;16.22;28;Sergipe;11754;2020;4;Homens;56742;30 a 69 anos;11754
Indicador  3.4.1;1755;0.14;28;Sergipe;11754;2020;4;Homens;1146;30 a 34 anos;11754
Indicador  3.4.1;1755;0.22;28;Sergipe;11754;2020;4;Homens;1147;35 a 39 anos;11754
Indicador  3.4.1;1755;0.38;28;Sergipe;11754;2020;4;Homens;1148;40 a 44 anos;11754
Indicador  3.4.1;1755;0.88;28;Sergipe;11754;2020;4;Homens;1149;45 a 49 anos;11754
Indicador  3.4.1;1755;1.61;28;Sergipe;11754;2020;4;Homens;1150;50 a 54 anos;11754
Indicador  3.4.1;1755;2.87;28;Sergipe;11754;2020;4;Homens;1151;55 a 59 anos;11754
Indicador  3.4.1;1755;4.43;28;Sergipe;11754;2020;4;Homens;1152;60 a 64 anos;11754
Indicador  3.4.1;1755;6.77;28;Sergipe;11754;2020;4;Homens;1153;65 a 69 anos;11754
Indicador  3.4.1;1755;12.00;28;Sergipe;11754;2020;5;Mulheres;56742;30 a 69 anos;11754
Indicador  3.4.1;1755;0.09;28;Sergipe;11754;2020;5;Mulheres;1146;30 a 34 anos;11754
Indicador  3.4.1;1755;0.21;28;Sergipe;11754;2020;5;Mulheres;1147;35 a 39 anos;11754
Indicador  3.4.1;1755;0.46;28;Sergipe;11754;2020;5;Mulheres;1148;40 a 44 anos;11754
Indicador  3.4.1;1755;0.78;28;Sergipe;11754;2020;5;Mulheres;1149;45 a 49 anos;11754
Indicador  3.4.1;1755;1.33;28;Sergipe;11754;2020;5;Mulheres;1150;50 a 54 anos;11754
Indicador  3.4.1;1755;2.04;28;Sergipe;11754;2020;5;Mulheres;1151;55 a 59 anos;11754
Indicador  3.4.1;1755;3.24;28;Sergipe;11754;2020;5;Mulheres;1152;60 a 64 anos;11754
Indicador  3.4.1;1755;4.42;28;Sergipe;11754;2020;5;Mulheres;1153;65 a 69 anos;11754
Indicador  3.4.1;1755;12.97;28;Sergipe;11754;2021;6794;Total;56742;30 a 69 anos;11754
Indicador  3.4.1;1755;0.11;28;Sergipe;11754;2021;6794;Total;1146;30 a 34 anos;11754
Indicador  3.4.1;1755;0.23;28;Sergipe;11754;2021;6794;Total;1147;35 a 39 anos;11754
Indicador  3.4.1;1755;0.49;28;Sergipe;11754;2021;6794;Total;1148;40 a 44 anos;11754
Indicador  3.4.1;1755;0.86;28;Sergipe;11754;2021;6794;Total;1149;45 a 49 anos;11754
Indicador  3.4.1;1755;1.26;28;Sergipe;11754;2021;6794;Total;1150;50 a 54 anos;11754
Indicador  3.4.1;1755;2.20;28;Sergipe;11754;2021;6794;Total;1151;55 a 59 anos;11754
Indicador  3.4.1;1755;3.43;28;Sergipe;11754;2021;6794;Total;1152;60 a 64 anos;11754
Indicador  3.4.1;1755;5.08;28;Sergipe;11754;2021;6794;Total;1153;65 a 69 anos;11754
Indicador  3.4.1;1755;15.48;28;Sergipe;11754;2021;4;Homens;56742;30 a 69 anos;11754
Indicador  3.4.1;1755;0.08;28;Sergipe;11754;2021;4;Homens;1146;30 a 34 anos;11754
Indicador  3.4.1;1755;0.19;28;Sergipe;11754;2021;4;Homens;1147;35 a 39 anos;11754
Indicador  3.4.1;1755;0.58;28;Sergipe;11754;2021;4;Homens;1148;40 a 44 anos;11754
Indicador  3.4.1;1755;0.97;28;Sergipe;11754;2021;4;Homens;1149;45 a 49 anos;11754
Indicador  3.4.1;1755;1.47;28;Sergipe;11754;2021;4;Homens;1150;50 a 54 anos;11754
Indicador  3.4.1;1755;2.56;28;Sergipe;11754;2021;4;Homens;1151;55 a 59 anos;11754
Indicador  3.4.1;1755;4.24;28;Sergipe;11754;2021;4;Homens;1152;60 a 64 anos;11754
Indicador  3.4.1;1755;6.38;28;Sergipe;11754;2021;4;Homens;1153;65 a 69 anos;11754
Indicador  3.4.1;1755;10.85;28;Sergipe;11754;2021;5;Mulheres;56742;30 a 69 anos;11754
Indicador  3.4.1;1755;0.14;28;Sergipe;11754;2021;5;Mulheres;1146;30 a 34 anos;11754
Indicador  3.4.1;1755;0.27;28;Sergipe;11754;2021;5;Mulheres;1147;35 a 39 anos;11754
Indicador  3.4.1;1755;0.42;28;Sergipe;11754;2021;5;Mulheres;1148;40 a 44 anos;11754
Indicador  3.4.1;1755;0.76;28;Sergipe;11754;2021;5;Mulheres;1149;45 a 49 anos;11754
Indicador  3.4.1;1755;1.09;28;Sergipe;11754;2021;5;Mulheres;1150;50 a 54 anos;11754
Indicador  3.4.1;1755;1.89;28;Sergipe;11754;2021;5;Mulheres;1151;55 a 59 anos;11754
Indicador  3.4.1;1755;2.75;28;Sergipe;11754;2021;5;Mulheres;1152;60 a 64 anos;11754
Indicador  3.4.1;1755;4.03;28;Sergipe;11754;2021;5;Mulheres;1153;65 a 69 anos;11754
Indicador  3.4.1;1755;13.15;28;Sergipe;11754;2022;6794;Total;56742;30 a 69 anos;11754
Indicador  3.4.1;1755;0.17;28;Sergipe;11754;2022;6794;Total;1146;30 a 34 anos;11754
Indicador  3.4.1;1755;0.28;28;Sergipe;11754;2022;6794;Total;1147;35 a 39 anos;11754
Indicador  3.4.1;1755;0.49;28;Sergipe;11754;2022;6794;Total;1148;40 a 44 anos;11754
Indicador  3.4.1;1755;0.80;28;Sergipe;11754;2022;6794;Total;1149;45 a 49 anos;11754
Indicador  3.4.1;1755;1.27;28;Sergipe;11754;2022;6794;Total;1150;50 a 54 anos;11754
Indicador  3.4.1;1755;2.11;28;Sergipe;11754;2022;6794;Total;1151;55 a 59 anos;11754
Indicador  3.4.1;1755;3.46;28;Sergipe;11754;2022;6794;Total;1152;60 a 64 anos;11754
Indicador  3.4.1;1755;5.28;28;Sergipe;11754;2022;6794;Total;1153;65 a 69 anos;11754
Indicador  3.4.1;1755;16.02;28;Sergipe;11754;2022;4;Homens;56742;30 a 69 anos;11754
Indicador  3.4.1;1755;0.21;28;Sergipe;11754;2022;4;Homens;1146;30 a 34 anos;11754
Indicador  3.4.1;1755;0.20;28;Sergipe;11754;2022;4;Homens;1147;35 a 39 anos;11754
Indicador  3.4.1;1755;0.51;28;Sergipe;11754;2022;4;Homens;1148;40 a 44 anos;11754
Indicador  3.4.1;1755;0.76;28;Sergipe;11754;2022;4;Homens;1149;45 a 49 anos;11754
Indicador  3.4.1;1755;1.50;28;Sergipe;11754;2022;4;Homens;1150;50 a 54 anos;11754
Indicador  3.4.1;1755;2.48;28;Sergipe;11754;2022;4;Homens;1151;55 a 59 anos;11754
Indicador  3.4.1;1755;4.52;28;Sergipe;11754;2022;4;Homens;1152;60 a 64 anos;11754
Indicador  3.4.1;1755;6.89;28;Sergipe;11754;2022;4;Homens;1153;65 a 69 anos;11754
Indicador  3.4.1;1755;10.72;28;Sergipe;11754;2022;5;Mulheres;56742;30 a 69 anos;11754
Indicador  3.4.1;1755;0.13;28;Sergipe;11754;2022;5;Mulheres;1146;30 a 34 anos;11754
Indicador  3.4.1;1755;0.35;28;Sergipe;11754;2022;5;Mulheres;1147;35 a 39 anos;11754
Indicador  3.4.1;1755;0.47;28;Sergipe;11754;2022;5;Mulheres;1148;40 a 44 anos;11754
Indicador  3.4.1;1755;0.83;28;Sergipe;11754;2022;5;Mulheres;1149;45 a 49 anos;11754
Indicador  3.4.1;1755;1.08;28;Sergipe;11754;2022;5;Mulheres;1150;50 a 54 anos;11754
Indicador  3.4.1;1755;1.80;28;Sergipe;11754;2022;5;Mulheres;1151;55 a 59 anos;11754
Indicador  3.4.1;1755;2.58;28;Sergipe;11754;2022;5;Mulheres;1152;60 a 64 anos;11754
Indicador  3.4.1;1755;3.97;28;Sergipe;11754;2022;5;Mulheres;1153;65 a 69 anos;11754
Indicador  3.4.1;1755;13.68;29;Bahia;11754;2018;6794;Total;56742;30 a 69 anos;11754
Indicador  3.4.1;1755;0.18;29;Bahia;11754;2018;6794;Total;1146;30 a 34 anos;11754
Indicador  3.4.1;1755;0.30;29;Bahia;11754;2018;6794;Total;1147;35 a 39 anos;11754
Indicador  3.4.1;1755;0.55;29;Bahia;11754;2018;6794;Total;1148;40 a 44 anos;11754
Indicador  3.4.1;1755;0.88;29;Bahia;11754;2018;6794;Total;1149;45 a 49 anos;11754
Indicador  3.4.1;1755;1.44;29;Bahia;11754;2018;6794;Total;1150;50 a 54 anos;11754
Indicador  3.4.1;1755;2.24;29;Bahia;11754;2018;6794;Total;1151;55 a 59 anos;11754
Indicador  3.4.1;1755;3.42;29;Bahia;11754;2018;6794;Total;1152;60 a 64 anos;11754
Indicador  3.4.1;1755;5.45;29;Bahia;11754;2018;6794;Total;1153;65 a 69 anos;11754
Indicador  3.4.1;1755;15.80;29;Bahia;11754;2018;4;Homens;56742;30 a 69 anos;11754
Indicador  3.4.1;1755;0.19;29;Bahia;11754;2018;4;Homens;1146;30 a 34 anos;11754
Indicador  3.4.1;1755;0.27;29;Bahia;11754;2018;4;Homens;1147;35 a 39 anos;11754
Indicador  3.4.1;1755;0.55;29;Bahia;11754;2018;4;Homens;1148;40 a 44 anos;11754
Indicador  3.4.1;1755;0.92;29;Bahia;11754;2018;4;Homens;1149;45 a 49 anos;11754
Indicador  3.4.1;1755;1.69;29;Bahia;11754;2018;4;Homens;1150;50 a 54 anos;11754
Indicador  3.4.1;1755;2.66;29;Bahia;11754;2018;4;Homens;1151;55 a 59 anos;11754
Indicador  3.4.1;1755;3.98;29;Bahia;11754;2018;4;Homens;1152;60 a 64 anos;11754
Indicador  3.4.1;1755;6.57;29;Bahia;11754;2018;4;Homens;1153;65 a 69 anos;11754
Indicador  3.4.1;1755;11.76;29;Bahia;11754;2018;5;Mulheres;56742;30 a 69 anos;11754
Indicador  3.4.1;1755;0.16;29;Bahia;11754;2018;5;Mulheres;1146;30 a 34 anos;11754
Indicador  3.4.1;1755;0.32;29;Bahia;11754;2018;5;Mulheres;1147;35 a 39 anos;11754
Indicador  3.4.1;1755;0.54;29;Bahia;11754;2018;5;Mulheres;1148;40 a 44 anos;11754
Indicador  3.4.1;1755;0.85;29;Bahia;11754;2018;5;Mulheres;1149;45 a 49 anos;11754
Indicador  3.4.1;1755;1.22;29;Bahia;11754;2018;5;Mulheres;1150;50 a 54 anos;11754
Indicador  3.4.1;1755;1.86;29;Bahia;11754;2018;5;Mulheres;1151;55 a 59 anos;11754
Indicador  3.4.1;1755;2.91;29;Bahia;11754;2018;5;Mulheres;1152;60 a 64 anos;11754
Indicador  3.4.1;1755;4.47;29;Bahia;11754;2018;5;Mulheres;1153;65 a 69 anos;11754
Indicador  3.4.1;1755;13.33;29;Bahia;11754;2019;6794;Total;56742;30 a 69 anos;11754
Indicador  3.4.1;1755;0.16;29;Bahia;11754;2019;6794;Total;1146;30 a 34 anos;11754
Indicador  3.4.1;1755;0.28;29;Bahia;11754;2019;6794;Total;1147;35 a 39 anos;11754
Indicador  3.4.1;1755;0.50;29;Bahia;11754;2019;6794;Total;1148;40 a 44 anos;11754
Indicador  3.4.1;1755;0.81;29;Bahia;11754;2019;6794;Total;1149;45 a 49 anos;11754
Indicador  3.4.1;1755;1.39;29;Bahia;11754;2019;6794;Total;1150;50 a 54 anos;11754
Indicador  3.4.1;1755;2.23;29;Bahia;11754;2019;6794;Total;1151;55 a 59 anos;11754
Indicador  3.4.1;1755;3.48;29;Bahia;11754;2019;6794;Total;1152;60 a 64 anos;11754
Indicador  3.4.1;1755;5.21;29;Bahia;11754;2019;6794;Total;1153;65 a 69 anos;11754
Indicador  3.4.1;1755;15.41;29;Bahia;11754;2019;4;Homens;56742;30 a 69 anos;11754
Indicador  3.4.1;1755;0.17;29;Bahia;11754;2019;4;Homens;1146;30 a 34 anos;11754
Indicador  3.4.1;1755;0.28;29;Bahia;11754;2019;4;Homens;1147;35 a 39 anos;11754
Indicador  3.4.1;1755;0.48;29;Bahia;11754;2019;4;Homens;1148;40 a 44 anos;11754
Indicador  3.4.1;1755;0.90;29;Bahia;11754;2019;4;Homens;1149;45 a 49 anos;11754
Indicador  3.4.1;1755;1.54;29;Bahia;11754;2019;4;Homens;1150;50 a 54 anos;11754
Indicador  3.4.1;1755;2.70;29;Bahia;11754;2019;4;Homens;1151;55 a 59 anos;11754
Indicador  3.4.1;1755;4.14;29;Bahia;11754;2019;4;Homens;1152;60 a 64 anos;11754
Indicador  3.4.1;1755;6.18;29;Bahia;11754;2019;4;Homens;1153;65 a 69 anos;11754
Indicador  3.4.1;1755;11.45;29;Bahia;11754;2019;5;Mulheres;56742;30 a 69 anos;11754
Indicador  3.4.1;1755;0.16;29;Bahia;11754;2019;5;Mulheres;1146;30 a 34 anos;11754
Indicador  3.4.1;1755;0.28;29;Bahia;11754;2019;5;Mulheres;1147;35 a 39 anos;11754
Indicador  3.4.1;1755;0.52;29;Bahia;11754;2019;5;Mulheres;1148;40 a 44 anos;11754
Indicador  3.4.1;1755;0.72;29;Bahia;11754;2019;5;Mulheres;1149;45 a 49 anos;11754
Indicador  3.4.1;1755;1.25;29;Bahia;11754;2019;5;Mulheres;1150;50 a 54 anos;11754
Indicador  3.4.1;1755;1.81;29;Bahia;11754;2019;5;Mulheres;1151;55 a 59 anos;11754
Indicador  3.4.1;1755;2.88;29;Bahia;11754;2019;5;Mulheres;1152;60 a 64 anos;11754
Indicador  3.4.1;1755;4.36;29;Bahia;11754;2019;5;Mulheres;1153;65 a 69 anos;11754
Indicador  3.4.1;1755;13.42;29;Bahia;11754;2020;6794;Total;56742;30 a 69 anos;11754
Indicador  3.4.1;1755;0.17;29;Bahia;11754;2020;6794;Total;1146;30 a 34 anos;11754
Indicador  3.4.1;1755;0.27;29;Bahia;11754;2020;6794;Total;1147;35 a 39 anos;11754
Indicador  3.4.1;1755;0.49;29;Bahia;11754;2020;6794;Total;1148;40 a 44 anos;11754
Indicador  3.4.1;1755;0.85;29;Bahia;11754;2020;6794;Total;1149;45 a 49 anos;11754
Indicador  3.4.1;1755;1.36;29;Bahia;11754;2020;6794;Total;1150;50 a 54 anos;11754
Indicador  3.4.1;1755;2.22;29;Bahia;11754;2020;6794;Total;1151;55 a 59 anos;11754
Indicador  3.4.1;1755;3.51;29;Bahia;11754;2020;6794;Total;1152;60 a 64 anos;11754
Indicador  3.4.1;1755;5.30;29;Bahia;11754;2020;6794;Total;1153;65 a 69 anos;11754
Indicador  3.4.1;1755;15.54;29;Bahia;11754;2020;4;Homens;56742;30 a 69 anos;11754
Indicador  3.4.1;1755;0.16;29;Bahia;11754;2020;4;Homens;1146;30 a 34 anos;11754
Indicador  3.4.1;1755;0.27;29;Bahia;11754;2020;4;Homens;1147;35 a 39 anos;11754
Indicador  3.4.1;1755;0.49;29;Bahia;11754;2020;4;Homens;1148;40 a 44 anos;11754
Indicador  3.4.1;1755;0.89;29;Bahia;11754;2020;4;Homens;1149;45 a 49 anos;11754
Indicador  3.4.1;1755;1.48;29;Bahia;11754;2020;4;Homens;1150;50 a 54 anos;11754
Indicador  3.4.1;1755;2.56;29;Bahia;11754;2020;4;Homens;1151;55 a 59 anos;11754
Indicador  3.4.1;1755;4.21;29;Bahia;11754;2020;4;Homens;1152;60 a 64 anos;11754
Indicador  3.4.1;1755;6.47;29;Bahia;11754;2020;4;Homens;1153;65 a 69 anos;11754
Indicador  3.4.1;1755;11.49;29;Bahia;11754;2020;5;Mulheres;56742;30 a 69 anos;11754
Indicador  3.4.1;1755;0.18;29;Bahia;11754;2020;5;Mulheres;1146;30 a 34 anos;11754
Indicador  3.4.1;1755;0.27;29;Bahia;11754;2020;5;Mulheres;1147;35 a 39 anos;11754
Indicador  3.4.1;1755;0.50;29;Bahia;11754;2020;5;Mulheres;1148;40 a 44 anos;11754
Indicador  3.4.1;1755;0.80;29;Bahia;11754;2020;5;Mulheres;1149;45 a 49 anos;11754
Indicador  3.4.1;1755;1.25;29;Bahia;11754;2020;5;Mulheres;1150;50 a 54 anos;11754
Indicador  3.4.1;1755;1.90;29;Bahia;11754;2020;5;Mulheres;1151;55 a 59 anos;11754
Indicador  3.4.1;1755;2.87;29;Bahia;11754;2020;5;Mulheres;1152;60 a 64 anos;11754
Indicador  3.4.1;1755;4.26;29;Bahia;11754;2020;5;Mulheres;1153;65 a 69 anos;11754
Indicador  3.4.1;1755;13.38;29;Bahia;11754;2021;6794;Total;56742;30 a 69 anos;11754
Indicador  3.4.1;1755;0.16;29;Bahia;11754;2021;6794;Total;1146;30 a 34 anos;11754
Indicador  3.4.1;1755;0.27;29;Bahia;11754;2021;6794;Total;1147;35 a 39 anos;11754
Indicador  3.4.1;1755;0.55;29;Bahia;11754;2021;6794;Total;1148;40 a 44 anos;11754
Indicador  3.4.1;1755;0.88;29;Bahia;11754;2021;6794;Total;1149;45 a 49 anos;11754
Indicador  3.4.1;1755;1.45;29;Bahia;11754;2021;6794;Total;1150;50 a 54 anos;11754
Indicador  3.4.1;1755;2.22;29;Bahia;11754;2021;6794;Total;1151;55 a 59 anos;11754
Indicador  3.4.1;1755;3.50;29;Bahia;11754;2021;6794;Total;1152;60 a 64 anos;11754
Indicador  3.4.1;1755;5.08;29;Bahia;11754;2021;6794;Total;1153;65 a 69 anos;11754
Indicador  3.4.1;1755;15.70;29;Bahia;11754;2021;4;Homens;56742;30 a 69 anos;11754
Indicador  3.4.1;1755;0.16;29;Bahia;11754;2021;4;Homens;1146;30 a 34 anos;11754
Indicador  3.4.1;1755;0.27;29;Bahia;11754;2021;4;Homens;1147;35 a 39 anos;11754
Indicador  3.4.1;1755;0.58;29;Bahia;11754;2021;4;Homens;1148;40 a 44 anos;11754
Indicador  3.4.1;1755;0.94;29;Bahia;11754;2021;4;Homens;1149;45 a 49 anos;11754
Indicador  3.4.1;1755;1.65;29;Bahia;11754;2021;4;Homens;1150;50 a 54 anos;11754
Indicador  3.4.1;1755;2.63;29;Bahia;11754;2021;4;Homens;1151;55 a 59 anos;11754
Indicador  3.4.1;1755;4.22;29;Bahia;11754;2021;4;Homens;1152;60 a 64 anos;11754
Indicador  3.4.1;1755;6.28;29;Bahia;11754;2021;4;Homens;1153;65 a 69 anos;11754
Indicador  3.4.1;1755;11.34;29;Bahia;11754;2021;5;Mulheres;56742;30 a 69 anos;11754
Indicador  3.4.1;1755;0.17;29;Bahia;11754;2021;5;Mulheres;1146;30 a 34 anos;11754
Indicador  3.4.1;1755;0.27;29;Bahia;11754;2021;5;Mulheres;1147;35 a 39 anos;11754
Indicador  3.4.1;1755;0.53;29;Bahia;11754;2021;5;Mulheres;1148;40 a 44 anos;11754
Indicador  3.4.1;1755;0.82;29;Bahia;11754;2021;5;Mulheres;1149;45 a 49 anos;11754
Indicador  3.4.1;1755;1.28;29;Bahia;11754;2021;5;Mulheres;1150;50 a 54 anos;11754
Indicador  3.4.1;1755;1.86;29;Bahia;11754;2021;5;Mulheres;1151;55 a 59 anos;11754
Indicador  3.4.1;1755;2.87;29;Bahia;11754;2021;5;Mulheres;1152;60 a 64 anos;11754
Indicador  3.4.1;1755;4.08;29;Bahia;11754;2021;5;Mulheres;1153;65 a 69 anos;11754
Indicador  3.4.1;1755;13.46;29;Bahia;11754;2022;6794;Total;56742;30 a 69 anos;11754
Indicador  3.4.1;1755;0.18;29;Bahia;11754;2022;6794;Total;1146;30 a 34 anos;11754
Indicador  3.4.1;1755;0.29;29;Bahia;11754;2022;6794;Total;1147;35 a 39 anos;11754
Indicador  3.4.1;1755;0.54;29;Bahia;11754;2022;6794;Total;1148;40 a 44 anos;11754
Indicador  3.4.1;1755;0.89;29;Bahia;11754;2022;6794;Total;1149;45 a 49 anos;11754
Indicador  3.4.1;1755;1.39;29;Bahia;11754;2022;6794;Total;1150;50 a 54 anos;11754
Indicador  3.4.1;1755;2.24;29;Bahia;11754;2022;6794;Total;1151;55 a 59 anos;11754
Indicador  3.4.1;1755;3.51;29;Bahia;11754;2022;6794;Total;1152;60 a 64 anos;11754
Indicador  3.4.1;1755;5.16;29;Bahia;11754;2022;6794;Total;1153;65 a 69 anos;11754
Indicador  3.4.1;1755;16.04;29;Bahia;11754;2022;4;Homens;56742;30 a 69 anos;11754
Indicador  3.4.1;1755;0.20;29;Bahia;11754;2022;4;Homens;1146;30 a 34 anos;11754
Indicador  3.4.1;1755;0.27;29;Bahia;11754;2022;4;Homens;1147;35 a 39 anos;11754
Indicador  3.4.1;1755;0.59;29;Bahia;11754;2022;4;Homens;1148;40 a 44 anos;11754
Indicador  3.4.1;1755;0.97;29;Bahia;11754;2022;4;Homens;1149;45 a 49 anos;11754
Indicador  3.4.1;1755;1.64;29;Bahia;11754;2022;4;Homens;1150;50 a 54 anos;11754
Indicador  3.4.1;1755;2.65;29;Bahia;11754;2022;4;Homens;1151;55 a 59 anos;11754
Indicador  3.4.1;1755;4.36;29;Bahia;11754;2022;4;Homens;1152;60 a 64 anos;11754
Indicador  3.4.1;1755;6.43;29;Bahia;11754;2022;4;Homens;1153;65 a 69 anos;11754
Indicador  3.4.1;1755;11.19;29;Bahia;11754;2022;5;Mulheres;56742;30 a 69 anos;11754
Indicador  3.4.1;1755;0.16;29;Bahia;11754;2022;5;Mulheres;1146;30 a 34 anos;11754
Indicador  3.4.1;1755;0.32;29;Bahia;11754;2022;5;Mulheres;1147;35 a 39 anos;11754
Indicador  3.4.1;1755;0.50;29;Bahia;11754;2022;5;Mulheres;1148;40 a 44 anos;11754
Indicador  3.4.1;1755;0.82;29;Bahia;11754;2022;5;Mulheres;1149;45 a 49 anos;11754
Indicador  3.4.1;1755;1.16;29;Bahia;11754;2022;5;Mulheres;1150;50 a 54 anos;11754
Indicador  3.4.1;1755;1.88;29;Bahia;11754;2022;5;Mulheres;1151;55 a 59 anos;11754
Indicador  3.4.1;1755;2.77;29;Bahia;11754;2022;5;Mulheres;1152;60 a 64 anos;11754
Indicador  3.4.1;1755;4.11;29;Bahia;11754;2022;5;Mulheres;1153;65 a 69 anos;11754
Indicador  3.4.1;1755;13.54;31;Minas Gerais;11754;2018;6794;Total;56742;30 a 69 anos;11754
Indicador  3.4.1;1755;0.15;31;Minas Gerais;11754;2018;6794;Total;1146;30 a 34 anos;11754
Indicador  3.4.1;1755;0.26;31;Minas Gerais;11754;2018;6794;Total;1147;35 a 39 anos;11754
Indicador  3.4.1;1755;0.47;31;Minas Gerais;11754;2018;6794;Total;1148;40 a 44 anos;11754
Indicador  3.4.1;1755;0.85;31;Minas Gerais;11754;2018;6794;Total;1149;45 a 49 anos;11754
Indicador  3.4.1;1755;1.41;31;Minas Gerais;11754;2018;6794;Total;1150;50 a 54 anos;11754
Indicador  3.4.1;1755;2.23;31;Minas Gerais;11754;2018;6794;Total;1151;55 a 59 anos;11754
Indicador  3.4.1;1755;3.65;31;Minas Gerais;11754;2018;6794;Total;1152;60 a 64 anos;11754
Indicador  3.4.1;1755;5.28;31;Minas Gerais;11754;2018;6794;Total;1153;65 a 69 anos;11754
Indicador  3.4.1;1755;16.21;31;Minas Gerais;11754;2018;4;Homens;56742;30 a 69 anos;11754
Indicador  3.4.1;1755;0.15;31;Minas Gerais;11754;2018;4;Homens;1146;30 a 34 anos;11754
Indicador  3.4.1;1755;0.28;31;Minas Gerais;11754;2018;4;Homens;1147;35 a 39 anos;11754
Indicador  3.4.1;1755;0.51;31;Minas Gerais;11754;2018;4;Homens;1148;40 a 44 anos;11754
Indicador  3.4.1;1755;0.97;31;Minas Gerais;11754;2018;4;Homens;1149;45 a 49 anos;11754
Indicador  3.4.1;1755;1.66;31;Minas Gerais;11754;2018;4;Homens;1150;50 a 54 anos;11754
Indicador  3.4.1;1755;2.71;31;Minas Gerais;11754;2018;4;Homens;1151;55 a 59 anos;11754
Indicador  3.4.1;1755;4.53;31;Minas Gerais;11754;2018;4;Homens;1152;60 a 64 anos;11754
Indicador  3.4.1;1755;6.51;31;Minas Gerais;11754;2018;4;Homens;1153;65 a 69 anos;11754
Indicador  3.4.1;1755;11.06;31;Minas Gerais;11754;2018;5;Mulheres;56742;30 a 69 anos;11754
Indicador  3.4.1;1755;0.15;31;Minas Gerais;11754;2018;5;Mulheres;1146;30 a 34 anos;11754
Indicador  3.4.1;1755;0.25;31;Minas Gerais;11754;2018;5;Mulheres;1147;35 a 39 anos;11754
Indicador  3.4.1;1755;0.43;31;Minas Gerais;11754;2018;5;Mulheres;1148;40 a 44 anos;11754
Indicador  3.4.1;1755;0.74;31;Minas Gerais;11754;2018;5;Mulheres;1149;45 a 49 anos;11754
Indicador  3.4.1;1755;1.18;31;Minas Gerais;11754;2018;5;Mulheres;1150;50 a 54 anos;11754
Indicador  3.4.1;1755;1.79;31;Minas Gerais;11754;2018;5;Mulheres;1151;55 a 59 anos;11754
Indicador  3.4.1;1755;2.84;31;Minas Gerais;11754;2018;5;Mulheres;1152;60 a 64 anos;11754
Indicador  3.4.1;1755;4.18;31;Minas Gerais;11754;2018;5;Mulheres;1153;65 a 69 anos;11754
Indicador  3.4.1;1755;13.56;31;Minas Gerais;11754;2019;6794;Total;56742;30 a 69 anos;11754
Indicador  3.4.1;1755;0.15;31;Minas Gerais;11754;2019;6794;Total;1146;30 a 34 anos;11754
Indicador  3.4.1;1755;0.28;31;Minas Gerais;11754;2019;6794;Total;1147;35 a 39 anos;11754
Indicador  3.4.1;1755;0.47;31;Minas Gerais;11754;2019;6794;Total;1148;40 a 44 anos;11754
Indicador  3.4.1;1755;0.85;31;Minas Gerais;11754;2019;6794;Total;1149;45 a 49 anos;11754
Indicador  3.4.1;1755;1.43;31;Minas Gerais;11754;2019;6794;Total;1150;50 a 54 anos;11754
Indicador  3.4.1;1755;2.22;31;Minas Gerais;11754;2019;6794;Total;1151;55 a 59 anos;11754
Indicador  3.4.1;1755;3.54;31;Minas Gerais;11754;2019;6794;Total;1152;60 a 64 anos;11754
Indicador  3.4.1;1755;5.37;31;Minas Gerais;11754;2019;6794;Total;1153;65 a 69 anos;11754
Indicador  3.4.1;1755;16.04;31;Minas Gerais;11754;2019;4;Homens;56742;30 a 69 anos;11754
Indicador  3.4.1;1755;0.15;31;Minas Gerais;11754;2019;4;Homens;1146;30 a 34 anos;11754
Indicador  3.4.1;1755;0.29;31;Minas Gerais;11754;2019;4;Homens;1147;35 a 39 anos;11754
Indicador  3.4.1;1755;0.51;31;Minas Gerais;11754;2019;4;Homens;1148;40 a 44 anos;11754
Indicador  3.4.1;1755;0.91;31;Minas Gerais;11754;2019;4;Homens;1149;45 a 49 anos;11754
Indicador  3.4.1;1755;1.69;31;Minas Gerais;11754;2019;4;Homens;1150;50 a 54 anos;11754
Indicador  3.4.1;1755;2.64;31;Minas Gerais;11754;2019;4;Homens;1151;55 a 59 anos;11754
Indicador  3.4.1;1755;4.21;31;Minas Gerais;11754;2019;4;Homens;1152;60 a 64 anos;11754
Indicador  3.4.1;1755;6.70;31;Minas Gerais;11754;2019;4;Homens;1153;65 a 69 anos;11754
Indicador  3.4.1;1755;11.26;31;Minas Gerais;11754;2019;5;Mulheres;56742;30 a 69 anos;11754
Indicador  3.4.1;1755;0.14;31;Minas Gerais;11754;2019;5;Mulheres;1146;30 a 34 anos;11754
Indicador  3.4.1;1755;0.28;31;Minas Gerais;11754;2019;5;Mulheres;1147;35 a 39 anos;11754
Indicador  3.4.1;1755;0.43;31;Minas Gerais;11754;2019;5;Mulheres;1148;40 a 44 anos;11754
Indicador  3.4.1;1755;0.78;31;Minas Gerais;11754;2019;5;Mulheres;1149;45 a 49 anos;11754
Indicador  3.4.1;1755;1.18;31;Minas Gerais;11754;2019;5;Mulheres;1150;50 a 54 anos;11754
Indicador  3.4.1;1755;1.84;31;Minas Gerais;11754;2019;5;Mulheres;1151;55 a 59 anos;11754
Indicador  3.4.1;1755;2.93;31;Minas Gerais;11754;2019;5;Mulheres;1152;60 a 64 anos;11754
Indicador  3.4.1;1755;4.20;31;Minas Gerais;11754;2019;5;Mulheres;1153;65 a 69 anos;11754
Indicador  3.4.1;1755;13.32;31;Minas Gerais;11754;2020;6794;Total;56742;30 a 69 anos;11754
Indicador  3.4.1;1755;0.16;31;Minas Gerais;11754;2020;6794;Total;1146;30 a 34 anos;11754
Indicador  3.4.1;1755;0.28;31;Minas Gerais;11754;2020;6794;Total;1147;35 a 39 anos;11754
Indicador  3.4.1;1755;0.46;31;Minas Gerais;11754;2020;6794;Total;1148;40 a 44 anos;11754
Indicador  3.4.1;1755;0.85;31;Minas Gerais;11754;2020;6794;Total;1149;45 a 49 anos;11754
Indicador  3.4.1;1755;1.42;31;Minas Gerais;11754;2020;6794;Total;1150;50 a 54 anos;11754
Indicador  3.4.1;1755;2.21;31;Minas Gerais;11754;2020;6794;Total;1151;55 a 59 anos;11754
Indicador  3.4.1;1755;3.47;31;Minas Gerais;11754;2020;6794;Total;1152;60 a 64 anos;11754
Indicador  3.4.1;1755;5.22;31;Minas Gerais;11754;2020;6794;Total;1153;65 a 69 anos;11754
Indicador  3.4.1;1755;15.77;31;Minas Gerais;11754;2020;4;Homens;56742;30 a 69 anos;11754
Indicador  3.4.1;1755;0.15;31;Minas Gerais;11754;2020;4;Homens;1146;30 a 34 anos;11754
Indicador  3.4.1;1755;0.28;31;Minas Gerais;11754;2020;4;Homens;1147;35 a 39 anos;11754
Indicador  3.4.1;1755;0.46;31;Minas Gerais;11754;2020;4;Homens;1148;40 a 44 anos;11754
Indicador  3.4.1;1755;0.93;31;Minas Gerais;11754;2020;4;Homens;1149;45 a 49 anos;11754
Indicador  3.4.1;1755;1.61;31;Minas Gerais;11754;2020;4;Homens;1150;50 a 54 anos;11754
Indicador  3.4.1;1755;2.66;31;Minas Gerais;11754;2020;4;Homens;1151;55 a 59 anos;11754
Indicador  3.4.1;1755;4.21;31;Minas Gerais;11754;2020;4;Homens;1152;60 a 64 anos;11754
Indicador  3.4.1;1755;6.50;31;Minas Gerais;11754;2020;4;Homens;1153;65 a 69 anos;11754
Indicador  3.4.1;1755;11.04;31;Minas Gerais;11754;2020;5;Mulheres;56742;30 a 69 anos;11754
Indicador  3.4.1;1755;0.16;31;Minas Gerais;11754;2020;5;Mulheres;1146;30 a 34 anos;11754
Indicador  3.4.1;1755;0.28;31;Minas Gerais;11754;2020;5;Mulheres;1147;35 a 39 anos;11754
Indicador  3.4.1;1755;0.45;31;Minas Gerais;11754;2020;5;Mulheres;1148;40 a 44 anos;11754
Indicador  3.4.1;1755;0.77;31;Minas Gerais;11754;2020;5;Mulheres;1149;45 a 49 anos;11754
Indicador  3.4.1;1755;1.23;31;Minas Gerais;11754;2020;5;Mulheres;1150;50 a 54 anos;11754
Indicador  3.4.1;1755;1.78;31;Minas Gerais;11754;2020;5;Mulheres;1151;55 a 59 anos;11754
Indicador  3.4.1;1755;2.80;31;Minas Gerais;11754;2020;5;Mulheres;1152;60 a 64 anos;11754
Indicador  3.4.1;1755;4.07;31;Minas Gerais;11754;2020;5;Mulheres;1153;65 a 69 anos;11754
Indicador  3.4.1;1755;13.21;31;Minas Gerais;11754;2021;6794;Total;56742;30 a 69 anos;11754
Indicador  3.4.1;1755;0.15;31;Minas Gerais;11754;2021;6794;Total;1146;30 a 34 anos;11754
Indicador  3.4.1;1755;0.28;31;Minas Gerais;11754;2021;6794;Total;1147;35 a 39 anos;11754
Indicador  3.4.1;1755;0.50;31;Minas Gerais;11754;2021;6794;Total;1148;40 a 44 anos;11754
Indicador  3.4.1;1755;0.87;31;Minas Gerais;11754;2021;6794;Total;1149;45 a 49 anos;11754
Indicador  3.4.1;1755;1.37;31;Minas Gerais;11754;2021;6794;Total;1150;50 a 54 anos;11754
Indicador  3.4.1;1755;2.21;31;Minas Gerais;11754;2021;6794;Total;1151;55 a 59 anos;11754
Indicador  3.4.1;1755;3.48;31;Minas Gerais;11754;2021;6794;Total;1152;60 a 64 anos;11754
Indicador  3.4.1;1755;5.08;31;Minas Gerais;11754;2021;6794;Total;1153;65 a 69 anos;11754
Indicador  3.4.1;1755;15.83;31;Minas Gerais;11754;2021;4;Homens;56742;30 a 69 anos;11754
Indicador  3.4.1;1755;0.16;31;Minas Gerais;11754;2021;4;Homens;1146;30 a 34 anos;11754
Indicador  3.4.1;1755;0.29;31;Minas Gerais;11754;2021;4;Homens;1147;35 a 39 anos;11754
Indicador  3.4.1;1755;0.53;31;Minas Gerais;11754;2021;4;Homens;1148;40 a 44 anos;11754
Indicador  3.4.1;1755;0.98;31;Minas Gerais;11754;2021;4;Homens;1149;45 a 49 anos;11754
Indicador  3.4.1;1755;1.59;31;Minas Gerais;11754;2021;4;Homens;1150;50 a 54 anos;11754
Indicador  3.4.1;1755;2.68;31;Minas Gerais;11754;2021;4;Homens;1151;55 a 59 anos;11754
Indicador  3.4.1;1755;4.30;31;Minas Gerais;11754;2021;4;Homens;1152;60 a 64 anos;11754
Indicador  3.4.1;1755;6.34;31;Minas Gerais;11754;2021;4;Homens;1153;65 a 69 anos;11754
Indicador  3.4.1;1755;10.80;31;Minas Gerais;11754;2021;5;Mulheres;56742;30 a 69 anos;11754
Indicador  3.4.1;1755;0.14;31;Minas Gerais;11754;2021;5;Mulheres;1146;30 a 34 anos;11754
Indicador  3.4.1;1755;0.26;31;Minas Gerais;11754;2021;5;Mulheres;1147;35 a 39 anos;11754
Indicador  3.4.1;1755;0.47;31;Minas Gerais;11754;2021;5;Mulheres;1148;40 a 44 anos;11754
Indicador  3.4.1;1755;0.77;31;Minas Gerais;11754;2021;5;Mulheres;1149;45 a 49 anos;11754
Indicador  3.4.1;1755;1.17;31;Minas Gerais;11754;2021;5;Mulheres;1150;50 a 54 anos;11754
Indicador  3.4.1;1755;1.78;31;Minas Gerais;11754;2021;5;Mulheres;1151;55 a 59 anos;11754
Indicador  3.4.1;1755;2.73;31;Minas Gerais;11754;2021;5;Mulheres;1152;60 a 64 anos;11754
Indicador  3.4.1;1755;3.97;31;Minas Gerais;11754;2021;5;Mulheres;1153;65 a 69 anos;11754
Indicador  3.4.1;1755;13.25;31;Minas Gerais;11754;2022;6794;Total;56742;30 a 69 anos;11754
Indicador  3.4.1;1755;0.15;31;Minas Gerais;11754;2022;6794;Total;1146;30 a 34 anos;11754
Indicador  3.4.1;1755;0.27;31;Minas Gerais;11754;2022;6794;Total;1147;35 a 39 anos;11754
Indicador  3.4.1;1755;0.49;31;Minas Gerais;11754;2022;6794;Total;1148;40 a 44 anos;11754
Indicador  3.4.1;1755;0.83;31;Minas Gerais;11754;2022;6794;Total;1149;45 a 49 anos;11754
Indicador  3.4.1;1755;1.36;31;Minas Gerais;11754;2022;6794;Total;1150;50 a 54 anos;11754
Indicador  3.4.1;1755;2.22;31;Minas Gerais;11754;2022;6794;Total;1151;55 a 59 anos;11754
Indicador  3.4.1;1755;3.44;31;Minas Gerais;11754;2022;6794;Total;1152;60 a 64 anos;11754
Indicador  3.4.1;1755;5.20;31;Minas Gerais;11754;2022;6794;Total;1153;65 a 69 anos;11754
Indicador  3.4.1;1755;15.75;31;Minas Gerais;11754;2022;4;Homens;56742;30 a 69 anos;11754
Indicador  3.4.1;1755;0.15;31;Minas Gerais;11754;2022;4;Homens;1146;30 a 34 anos;11754
Indicador  3.4.1;1755;0.28;31;Minas Gerais;11754;2022;4;Homens;1147;35 a 39 anos;11754
Indicador  3.4.1;1755;0.51;31;Minas Gerais;11754;2022;4;Homens;1148;40 a 44 anos;11754
Indicador  3.4.1;1755;0.96;31;Minas Gerais;11754;2022;4;Homens;1149;45 a 49 anos;11754
Indicador  3.4.1;1755;1.64;31;Minas Gerais;11754;2022;4;Homens;1150;50 a 54 anos;11754
Indicador  3.4.1;1755;2.71;31;Minas Gerais;11754;2022;4;Homens;1151;55 a 59 anos;11754
Indicador  3.4.1;1755;4.20;31;Minas Gerais;11754;2022;4;Homens;1152;60 a 64 anos;11754
Indicador  3.4.1;1755;6.34;31;Minas Gerais;11754;2022;4;Homens;1153;65 a 69 anos;11754
Indicador  3.4.1;1755;10.94;31;Minas Gerais;11754;2022;5;Mulheres;56742;30 a 69 anos;11754
Indicador  3.4.1;1755;0.15;31;Minas Gerais;11754;2022;5;Mulheres;1146;30 a 34 anos;11754
Indicador  3.4.1;1755;0.26;31;Minas Gerais;11754;2022;5;Mulheres;1147;35 a 39 anos;11754
Indicador  3.4.1;1755;0.48;31;Minas Gerais;11754;2022;5;Mulheres;1148;40 a 44 anos;11754
Indicador  3.4.1;1755;0.71;31;Minas Gerais;11754;2022;5;Mulheres;1149;45 a 49 anos;11754
Indicador  3.4.1;1755;1.09;31;Minas Gerais;11754;2022;5;Mulheres;1150;50 a 54 anos;11754
Indicador  3.4.1;1755;1.78;31;Minas Gerais;11754;2022;5;Mulheres;1151;55 a 59 anos;11754
Indicador  3.4.1;1755;2.76;31;Minas Gerais;11754;2022;5;Mulheres;1152;60 a 64 anos;11754
Indicador  3.4.1;1755;4.19;31;Minas Gerais;11754;2022;5;Mulheres;1153;65 a 69 anos;11754
Indicador  3.4.1;1755;14.60;32;Espírito Santo;11754;2018;6794;Total;56742;30 a 69 anos;11754
Indicador  3.4.1;1755;0.14;32;Espírito Santo;11754;2018;6794;Total;1146;30 a 34 anos;11754
Indicador  3.4.1;1755;0.32;32;Espírito Santo;11754;2018;6794;Total;1147;35 a 39 anos;11754
Indicador  3.4.1;1755;0.51;32;Espírito Santo;11754;2018;6794;Total;1148;40 a 44 anos;11754
Indicador  3.4.1;1755;0.90;32;Espírito Santo;11754;2018;6794;Total;1149;45 a 49 anos;11754
Indicador  3.4.1;1755;1.63;32;Espírito Santo;11754;2018;6794;Total;1150;50 a 54 anos;11754
Indicador  3.4.1;1755;2.47;32;Espírito Santo;11754;2018;6794;Total;1151;55 a 59 anos;11754
Indicador  3.4.1;1755;3.87;32;Espírito Santo;11754;2018;6794;Total;1152;60 a 64 anos;11754
Indicador  3.4.1;1755;5.65;32;Espírito Santo;11754;2018;6794;Total;1153;65 a 69 anos;11754
Indicador  3.4.1;1755;17.62;32;Espírito Santo;11754;2018;4;Homens;56742;30 a 69 anos;11754
Indicador  3.4.1;1755;0.12;32;Espírito Santo;11754;2018;4;Homens;1146;30 a 34 anos;11754
Indicador  3.4.1;1755;0.30;32;Espírito Santo;11754;2018;4;Homens;1147;35 a 39 anos;11754
Indicador  3.4.1;1755;0.54;32;Espírito Santo;11754;2018;4;Homens;1148;40 a 44 anos;11754
Indicador  3.4.1;1755;1.04;32;Espírito Santo;11754;2018;4;Homens;1149;45 a 49 anos;11754
Indicador  3.4.1;1755;1.95;32;Espírito Santo;11754;2018;4;Homens;1150;50 a 54 anos;11754
Indicador  3.4.1;1755;3.08;32;Espírito Santo;11754;2018;4;Homens;1151;55 a 59 anos;11754
Indicador  3.4.1;1755;4.97;32;Espírito Santo;11754;2018;4;Homens;1152;60 a 64 anos;11754
Indicador  3.4.1;1755;6.92;32;Espírito Santo;11754;2018;4;Homens;1153;65 a 69 anos;11754
Indicador  3.4.1;1755;11.72;32;Espírito Santo;11754;2018;5;Mulheres;56742;30 a 69 anos;11754
Indicador  3.4.1;1755;0.15;32;Espírito Santo;11754;2018;5;Mulheres;1146;30 a 34 anos;11754
Indicador  3.4.1;1755;0.33;32;Espírito Santo;11754;2018;5;Mulheres;1147;35 a 39 anos;11754
Indicador  3.4.1;1755;0.47;32;Espírito Santo;11754;2018;5;Mulheres;1148;40 a 44 anos;11754
Indicador  3.4.1;1755;0.77;32;Espírito Santo;11754;2018;5;Mulheres;1149;45 a 49 anos;11754
Indicador  3.4.1;1755;1.33;32;Espírito Santo;11754;2018;5;Mulheres;1150;50 a 54 anos;11754
Indicador  3.4.1;1755;1.91;32;Espírito Santo;11754;2018;5;Mulheres;1151;55 a 59 anos;11754
Indicador  3.4.1;1755;2.83;32;Espírito Santo;11754;2018;5;Mulheres;1152;60 a 64 anos;11754
Indicador  3.4.1;1755;4.50;32;Espírito Santo;11754;2018;5;Mulheres;1153;65 a 69 anos;11754
Indicador  3.4.1;1755;14.86;32;Espírito Santo;11754;2019;6794;Total;56742;30 a 69 anos;11754
Indicador  3.4.1;1755;0.14;32;Espírito Santo;11754;2019;6794;Total;1146;30 a 34 anos;11754
Indicador  3.4.1;1755;0.27;32;Espírito Santo;11754;2019;6794;Total;1147;35 a 39 anos;11754
Indicador  3.4.1;1755;0.58;32;Espírito Santo;11754;2019;6794;Total;1148;40 a 44 anos;11754
Indicador  3.4.1;1755;0.90;32;Espírito Santo;11754;2019;6794;Total;1149;45 a 49 anos;11754
Indicador  3.4.1;1755;1.51;32;Espírito Santo;11754;2019;6794;Total;1150;50 a 54 anos;11754
Indicador  3.4.1;1755;2.52;32;Espírito Santo;11754;2019;6794;Total;1151;55 a 59 anos;11754
Indicador  3.4.1;1755;3.95;32;Espírito Santo;11754;2019;6794;Total;1152;60 a 64 anos;11754
Indicador  3.4.1;1755;5.90;32;Espírito Santo;11754;2019;6794;Total;1153;65 a 69 anos;11754
Indicador  3.4.1;1755;17.87;32;Espírito Santo;11754;2019;4;Homens;56742;30 a 69 anos;11754
Indicador  3.4.1;1755;0.15;32;Espírito Santo;11754;2019;4;Homens;1146;30 a 34 anos;11754
Indicador  3.4.1;1755;0.25;32;Espírito Santo;11754;2019;4;Homens;1147;35 a 39 anos;11754
Indicador  3.4.1;1755;0.65;32;Espírito Santo;11754;2019;4;Homens;1148;40 a 44 anos;11754
Indicador  3.4.1;1755;1.01;32;Espírito Santo;11754;2019;4;Homens;1149;45 a 49 anos;11754
Indicador  3.4.1;1755;1.70;32;Espírito Santo;11754;2019;4;Homens;1150;50 a 54 anos;11754
Indicador  3.4.1;1755;3.11;32;Espírito Santo;11754;2019;4;Homens;1151;55 a 59 anos;11754
Indicador  3.4.1;1755;4.97;32;Espírito Santo;11754;2019;4;Homens;1152;60 a 64 anos;11754
Indicador  3.4.1;1755;7.35;32;Espírito Santo;11754;2019;4;Homens;1153;65 a 69 anos;11754
Indicador  3.4.1;1755;11.99;32;Espírito Santo;11754;2019;5;Mulheres;56742;30 a 69 anos;11754
Indicador  3.4.1;1755;0.13;32;Espírito Santo;11754;2019;5;Mulheres;1146;30 a 34 anos;11754
Indicador  3.4.1;1755;0.29;32;Espírito Santo;11754;2019;5;Mulheres;1147;35 a 39 anos;11754
Indicador  3.4.1;1755;0.52;32;Espírito Santo;11754;2019;5;Mulheres;1148;40 a 44 anos;11754
Indicador  3.4.1;1755;0.79;32;Espírito Santo;11754;2019;5;Mulheres;1149;45 a 49 anos;11754
Indicador  3.4.1;1755;1.32;32;Espírito Santo;11754;2019;5;Mulheres;1150;50 a 54 anos;11754
Indicador  3.4.1;1755;1.98;32;Espírito Santo;11754;2019;5;Mulheres;1151;55 a 59 anos;11754
Indicador  3.4.1;1755;2.98;32;Espírito Santo;11754;2019;5;Mulheres;1152;60 a 64 anos;11754
Indicador  3.4.1;1755;4.58;32;Espírito Santo;11754;2019;5;Mulheres;1153;65 a 69 anos;11754
Indicador  3.4.1;1755;14.39;32;Espírito Santo;11754;2020;6794;Total;56742;30 a 69 anos;11754
Indicador  3.4.1;1755;0.14;32;Espírito Santo;11754;2020;6794;Total;1146;30 a 34 anos;11754
Indicador  3.4.1;1755;0.29;32;Espírito Santo;11754;2020;6794;Total;1147;35 a 39 anos;11754
Indicador  3.4.1;1755;0.51;32;Espírito Santo;11754;2020;6794;Total;1148;40 a 44 anos;11754
Indicador  3.4.1;1755;0.88;32;Espírito Santo;11754;2020;6794;Total;1149;45 a 49 anos;11754
Indicador  3.4.1;1755;1.58;32;Espírito Santo;11754;2020;6794;Total;1150;50 a 54 anos;11754
Indicador  3.4.1;1755;2.30;32;Espírito Santo;11754;2020;6794;Total;1151;55 a 59 anos;11754
Indicador  3.4.1;1755;3.96;32;Espírito Santo;11754;2020;6794;Total;1152;60 a 64 anos;11754
Indicador  3.4.1;1755;5.60;32;Espírito Santo;11754;2020;6794;Total;1153;65 a 69 anos;11754
Indicador  3.4.1;1755;16.94;32;Espírito Santo;11754;2020;4;Homens;56742;30 a 69 anos;11754
Indicador  3.4.1;1755;0.14;32;Espírito Santo;11754;2020;4;Homens;1146;30 a 34 anos;11754
Indicador  3.4.1;1755;0.28;32;Espírito Santo;11754;2020;4;Homens;1147;35 a 39 anos;11754
Indicador  3.4.1;1755;0.49;32;Espírito Santo;11754;2020;4;Homens;1148;40 a 44 anos;11754
Indicador  3.4.1;1755;0.92;32;Espírito Santo;11754;2020;4;Homens;1149;45 a 49 anos;11754
Indicador  3.4.1;1755;1.87;32;Espírito Santo;11754;2020;4;Homens;1150;50 a 54 anos;11754
Indicador  3.4.1;1755;2.74;32;Espírito Santo;11754;2020;4;Homens;1151;55 a 59 anos;11754
Indicador  3.4.1;1755;4.79;32;Espírito Santo;11754;2020;4;Homens;1152;60 a 64 anos;11754
Indicador  3.4.1;1755;6.90;32;Espírito Santo;11754;2020;4;Homens;1153;65 a 69 anos;11754
Indicador  3.4.1;1755;11.93;32;Espírito Santo;11754;2020;5;Mulheres;56742;30 a 69 anos;11754
Indicador  3.4.1;1755;0.13;32;Espírito Santo;11754;2020;5;Mulheres;1146;30 a 34 anos;11754
Indicador  3.4.1;1755;0.30;32;Espírito Santo;11754;2020;5;Mulheres;1147;35 a 39 anos;11754
Indicador  3.4.1;1755;0.53;32;Espírito Santo;11754;2020;5;Mulheres;1148;40 a 44 anos;11754
Indicador  3.4.1;1755;0.83;32;Espírito Santo;11754;2020;5;Mulheres;1149;45 a 49 anos;11754
Indicador  3.4.1;1755;1.29;32;Espírito Santo;11754;2020;5;Mulheres;1150;50 a 54 anos;11754
Indicador  3.4.1;1755;1.88;32;Espírito Santo;11754;2020;5;Mulheres;1151;55 a 59 anos;11754
Indicador  3.4.1;1755;3.18;32;Espírito Santo;11754;2020;5;Mulheres;1152;60 a 64 anos;11754
Indicador  3.4.1;1755;4.39;32;Espírito Santo;11754;2020;5;Mulheres;1153;65 a 69 anos;11754
Indicador  3.4.1;1755;14.13;32;Espírito Santo;11754;2021;6794;Total;56742;30 a 69 anos;11754
Indicador  3.4.1;1755;0.14;32;Espírito Santo;11754;2021;6794;Total;1146;30 a 34 anos;11754
Indicador  3.4.1;1755;0.28;32;Espírito Santo;11754;2021;6794;Total;1147;35 a 39 anos;11754
Indicador  3.4.1;1755;0.48;32;Espírito Santo;11754;2021;6794;Total;1148;40 a 44 anos;11754
Indicador  3.4.1;1755;0.89;32;Espírito Santo;11754;2021;6794;Total;1149;45 a 49 anos;11754
Indicador  3.4.1;1755;1.41;32;Espírito Santo;11754;2021;6794;Total;1150;50 a 54 anos;11754
Indicador  3.4.1;1755;2.43;32;Espírito Santo;11754;2021;6794;Total;1151;55 a 59 anos;11754
Indicador  3.4.1;1755;3.67;32;Espírito Santo;11754;2021;6794;Total;1152;60 a 64 anos;11754
Indicador  3.4.1;1755;5.64;32;Espírito Santo;11754;2021;6794;Total;1153;65 a 69 anos;11754
Indicador  3.4.1;1755;16.80;32;Espírito Santo;11754;2021;4;Homens;56742;30 a 69 anos;11754
Indicador  3.4.1;1755;0.15;32;Espírito Santo;11754;2021;4;Homens;1146;30 a 34 anos;11754
Indicador  3.4.1;1755;0.23;32;Espírito Santo;11754;2021;4;Homens;1147;35 a 39 anos;11754
Indicador  3.4.1;1755;0.43;32;Espírito Santo;11754;2021;4;Homens;1148;40 a 44 anos;11754
Indicador  3.4.1;1755;1.03;32;Espírito Santo;11754;2021;4;Homens;1149;45 a 49 anos;11754
Indicador  3.4.1;1755;1.70;32;Espírito Santo;11754;2021;4;Homens;1150;50 a 54 anos;11754
Indicador  3.4.1;1755;2.99;32;Espírito Santo;11754;2021;4;Homens;1151;55 a 59 anos;11754
Indicador  3.4.1;1755;4.39;32;Espírito Santo;11754;2021;4;Homens;1152;60 a 64 anos;11754
Indicador  3.4.1;1755;7.05;32;Espírito Santo;11754;2021;4;Homens;1153;65 a 69 anos;11754
Indicador  3.4.1;1755;11.66;32;Espírito Santo;11754;2021;5;Mulheres;56742;30 a 69 anos;11754
Indicador  3.4.1;1755;0.13;32;Espírito Santo;11754;2021;5;Mulheres;1146;30 a 34 anos;11754
Indicador  3.4.1;1755;0.32;32;Espírito Santo;11754;2021;5;Mulheres;1147;35 a 39 anos;11754
Indicador  3.4.1;1755;0.53;32;Espírito Santo;11754;2021;5;Mulheres;1148;40 a 44 anos;11754
Indicador  3.4.1;1755;0.76;32;Espírito Santo;11754;2021;5;Mulheres;1149;45 a 49 anos;11754
Indicador  3.4.1;1755;1.14;32;Espírito Santo;11754;2021;5;Mulheres;1150;50 a 54 anos;11754
Indicador  3.4.1;1755;1.91;32;Espírito Santo;11754;2021;5;Mulheres;1151;55 a 59 anos;11754
Indicador  3.4.1;1755;3.03;32;Espírito Santo;11754;2021;5;Mulheres;1152;60 a 64 anos;11754
Indicador  3.4.1;1755;4.39;32;Espírito Santo;11754;2021;5;Mulheres;1153;65 a 69 anos;11754
Indicador  3.4.1;1755;14.18;32;Espírito Santo;11754;2022;6794;Total;56742;30 a 69 anos;11754
Indicador  3.4.1;1755;0.16;32;Espírito Santo;11754;2022;6794;Total;1146;30 a 34 anos;11754
Indicador  3.4.1;1755;0.29;32;Espírito Santo;11754;2022;6794;Total;1147;35 a 39 anos;11754
Indicador  3.4.1;1755;0.52;32;Espírito Santo;11754;2022;6794;Total;1148;40 a 44 anos;11754
Indicador  3.4.1;1755;0.92;32;Espírito Santo;11754;2022;6794;Total;1149;45 a 49 anos;11754
Indicador  3.4.1;1755;1.40;32;Espírito Santo;11754;2022;6794;Total;1150;50 a 54 anos;11754
Indicador  3.4.1;1755;2.31;32;Espírito Santo;11754;2022;6794;Total;1151;55 a 59 anos;11754
Indicador  3.4.1;1755;3.82;32;Espírito Santo;11754;2022;6794;Total;1152;60 a 64 anos;11754
Indicador  3.4.1;1755;5.60;32;Espírito Santo;11754;2022;6794;Total;1153;65 a 69 anos;11754
Indicador  3.4.1;1755;17.19;32;Espírito Santo;11754;2022;4;Homens;56742;30 a 69 anos;11754
Indicador  3.4.1;1755;0.16;32;Espírito Santo;11754;2022;4;Homens;1146;30 a 34 anos;11754
Indicador  3.4.1;1755;0.28;32;Espírito Santo;11754;2022;4;Homens;1147;35 a 39 anos;11754
Indicador  3.4.1;1755;0.53;32;Espírito Santo;11754;2022;4;Homens;1148;40 a 44 anos;11754
Indicador  3.4.1;1755;1.05;32;Espírito Santo;11754;2022;4;Homens;1149;45 a 49 anos;11754
Indicador  3.4.1;1755;1.65;32;Espírito Santo;11754;2022;4;Homens;1150;50 a 54 anos;11754
Indicador  3.4.1;1755;2.89;32;Espírito Santo;11754;2022;4;Homens;1151;55 a 59 anos;11754
Indicador  3.4.1;1755;4.71;32;Espírito Santo;11754;2022;4;Homens;1152;60 a 64 anos;11754
Indicador  3.4.1;1755;7.15;32;Espírito Santo;11754;2022;4;Homens;1153;65 a 69 anos;11754
Indicador  3.4.1;1755;11.39;32;Espírito Santo;11754;2022;5;Mulheres;56742;30 a 69 anos;11754
Indicador  3.4.1;1755;0.15;32;Espírito Santo;11754;2022;5;Mulheres;1146;30 a 34 anos;11754
Indicador  3.4.1;1755;0.29;32;Espírito Santo;11754;2022;5;Mulheres;1147;35 a 39 anos;11754
Indicador  3.4.1;1755;0.52;32;Espírito Santo;11754;2022;5;Mulheres;1148;40 a 44 anos;11754
Indicador  3.4.1;1755;0.79;32;Espírito Santo;11754;2022;5;Mulheres;1149;45 a 49 anos;11754
Indicador  3.4.1;1755;1.16;32;Espírito Santo;11754;2022;5;Mulheres;1150;50 a 54 anos;11754
Indicador  3.4.1;1755;1.77;32;Espírito Santo;11754;2022;5;Mulheres;1151;55 a 59 anos;11754
Indicador  3.4.1;1755;3.02;32;Espírito Santo;11754;2022;5;Mulheres;1152;60 a 64 anos;11754
Indicador  3.4.1;1755;4.22;32;Espírito Santo;11754;2022;5;Mulheres;1153;65 a 69 anos;11754
Indicador  3.4.1;1755;17.15;33;Rio de Janeiro;11754;2018;6794;Total;56742;30 a 69 anos;11754
Indicador  3.4.1;1755;0.20;33;Rio de Janeiro;11754;2018;6794;Total;1146;30 a 34 anos;11754
Indicador  3.4.1;1755;0.36;33;Rio de Janeiro;11754;2018;6794;Total;1147;35 a 39 anos;11754
Indicador  3.4.1;1755;0.61;33;Rio de Janeiro;11754;2018;6794;Total;1148;40 a 44 anos;11754
Indicador  3.4.1;1755;1.06;33;Rio de Janeiro;11754;2018;6794;Total;1149;45 a 49 anos;11754
Indicador  3.4.1;1755;1.77;33;Rio de Janeiro;11754;2018;6794;Total;1150;50 a 54 anos;11754
Indicador  3.4.1;1755;2.98;33;Rio de Janeiro;11754;2018;6794;Total;1151;55 a 59 anos;11754
Indicador  3.4.1;1755;4.68;33;Rio de Janeiro;11754;2018;6794;Total;1152;60 a 64 anos;11754
Indicador  3.4.1;1755;6.74;33;Rio de Janeiro;11754;2018;6794;Total;1153;65 a 69 anos;11754
Indicador  3.4.1;1755;20.33;33;Rio de Janeiro;11754;2018;4;Homens;56742;30 a 69 anos;11754
Indicador  3.4.1;1755;0.18;33;Rio de Janeiro;11754;2018;4;Homens;1146;30 a 34 anos;11754
Indicador  3.4.1;1755;0.35;33;Rio de Janeiro;11754;2018;4;Homens;1147;35 a 39 anos;11754
Indicador  3.4.1;1755;0.62;33;Rio de Janeiro;11754;2018;4;Homens;1148;40 a 44 anos;11754
Indicador  3.4.1;1755;1.13;33;Rio de Janeiro;11754;2018;4;Homens;1149;45 a 49 anos;11754
Indicador  3.4.1;1755;2.08;33;Rio de Janeiro;11754;2018;4;Homens;1150;50 a 54 anos;11754
Indicador  3.4.1;1755;3.61;33;Rio de Janeiro;11754;2018;4;Homens;1151;55 a 59 anos;11754
Indicador  3.4.1;1755;5.71;33;Rio de Janeiro;11754;2018;4;Homens;1152;60 a 64 anos;11754
Indicador  3.4.1;1755;8.41;33;Rio de Janeiro;11754;2018;4;Homens;1153;65 a 69 anos;11754
Indicador  3.4.1;1755;14.50;33;Rio de Janeiro;11754;2018;5;Mulheres;56742;30 a 69 anos;11754
Indicador  3.4.1;1755;0.21;33;Rio de Janeiro;11754;2018;5;Mulheres;1146;30 a 34 anos;11754
Indicador  3.4.1;1755;0.37;33;Rio de Janeiro;11754;2018;5;Mulheres;1147;35 a 39 anos;11754
Indicador  3.4.1;1755;0.60;33;Rio de Janeiro;11754;2018;5;Mulheres;1148;40 a 44 anos;11754
Indicador  3.4.1;1755;1.00;33;Rio de Janeiro;11754;2018;5;Mulheres;1149;45 a 49 anos;11754
Indicador  3.4.1;1755;1.49;33;Rio de Janeiro;11754;2018;5;Mulheres;1150;50 a 54 anos;11754
Indicador  3.4.1;1755;2.45;33;Rio de Janeiro;11754;2018;5;Mulheres;1151;55 a 59 anos;11754
Indicador  3.4.1;1755;3.83;33;Rio de Janeiro;11754;2018;5;Mulheres;1152;60 a 64 anos;11754
Indicador  3.4.1;1755;5.44;33;Rio de Janeiro;11754;2018;5;Mulheres;1153;65 a 69 anos;11754
Indicador  3.4.1;1755;16.72;33;Rio de Janeiro;11754;2019;6794;Total;56742;30 a 69 anos;11754
Indicador  3.4.1;1755;0.21;33;Rio de Janeiro;11754;2019;6794;Total;1146;30 a 34 anos;11754
Indicador  3.4.1;1755;0.35;33;Rio de Janeiro;11754;2019;6794;Total;1147;35 a 39 anos;11754
Indicador  3.4.1;1755;0.61;33;Rio de Janeiro;11754;2019;6794;Total;1148;40 a 44 anos;11754
Indicador  3.4.1;1755;1.06;33;Rio de Janeiro;11754;2019;6794;Total;1149;45 a 49 anos;11754
Indicador  3.4.1;1755;1.75;33;Rio de Janeiro;11754;2019;6794;Total;1150;50 a 54 anos;11754
Indicador  3.4.1;1755;2.79;33;Rio de Janeiro;11754;2019;6794;Total;1151;55 a 59 anos;11754
Indicador  3.4.1;1755;4.54;33;Rio de Janeiro;11754;2019;6794;Total;1152;60 a 64 anos;11754
Indicador  3.4.1;1755;6.60;33;Rio de Janeiro;11754;2019;6794;Total;1153;65 a 69 anos;11754
Indicador  3.4.1;1755;19.78;33;Rio de Janeiro;11754;2019;4;Homens;56742;30 a 69 anos;11754
Indicador  3.4.1;1755;0.20;33;Rio de Janeiro;11754;2019;4;Homens;1146;30 a 34 anos;11754
Indicador  3.4.1;1755;0.34;33;Rio de Janeiro;11754;2019;4;Homens;1147;35 a 39 anos;11754
Indicador  3.4.1;1755;0.62;33;Rio de Janeiro;11754;2019;4;Homens;1148;40 a 44 anos;11754
Indicador  3.4.1;1755;1.12;33;Rio de Janeiro;11754;2019;4;Homens;1149;45 a 49 anos;11754
Indicador  3.4.1;1755;2.00;33;Rio de Janeiro;11754;2019;4;Homens;1150;50 a 54 anos;11754
Indicador  3.4.1;1755;3.28;33;Rio de Janeiro;11754;2019;4;Homens;1151;55 a 59 anos;11754
Indicador  3.4.1;1755;5.54;33;Rio de Janeiro;11754;2019;4;Homens;1152;60 a 64 anos;11754
Indicador  3.4.1;1755;8.33;33;Rio de Janeiro;11754;2019;4;Homens;1153;65 a 69 anos;11754
Indicador  3.4.1;1755;14.16;33;Rio de Janeiro;11754;2019;5;Mulheres;56742;30 a 69 anos;11754
Indicador  3.4.1;1755;0.22;33;Rio de Janeiro;11754;2019;5;Mulheres;1146;30 a 34 anos;11754
Indicador  3.4.1;1755;0.35;33;Rio de Janeiro;11754;2019;5;Mulheres;1147;35 a 39 anos;11754
Indicador  3.4.1;1755;0.60;33;Rio de Janeiro;11754;2019;5;Mulheres;1148;40 a 44 anos;11754
Indicador  3.4.1;1755;1.00;33;Rio de Janeiro;11754;2019;5;Mulheres;1149;45 a 49 anos;11754
Indicador  3.4.1;1755;1.53;33;Rio de Janeiro;11754;2019;5;Mulheres;1150;50 a 54 anos;11754
Indicador  3.4.1;1755;2.37;33;Rio de Janeiro;11754;2019;5;Mulheres;1151;55 a 59 anos;11754
Indicador  3.4.1;1755;3.70;33;Rio de Janeiro;11754;2019;5;Mulheres;1152;60 a 64 anos;11754
Indicador  3.4.1;1755;5.23;33;Rio de Janeiro;11754;2019;5;Mulheres;1153;65 a 69 anos;11754
Indicador  3.4.1;1755;16.02;33;Rio de Janeiro;11754;2020;6794;Total;56742;30 a 69 anos;11754
Indicador  3.4.1;1755;0.24;33;Rio de Janeiro;11754;2020;6794;Total;1146;30 a 34 anos;11754
Indicador  3.4.1;1755;0.34;33;Rio de Janeiro;11754;2020;6794;Total;1147;35 a 39 anos;11754
Indicador  3.4.1;1755;0.63;33;Rio de Janeiro;11754;2020;6794;Total;1148;40 a 44 anos;11754
Indicador  3.4.1;1755;1.02;33;Rio de Janeiro;11754;2020;6794;Total;1149;45 a 49 anos;11754
Indicador  3.4.1;1755;1.74;33;Rio de Janeiro;11754;2020;6794;Total;1150;50 a 54 anos;11754
Indicador  3.4.1;1755;2.65;33;Rio de Janeiro;11754;2020;6794;Total;1151;55 a 59 anos;11754
Indicador  3.4.1;1755;4.22;33;Rio de Janeiro;11754;2020;6794;Total;1152;60 a 64 anos;11754
Indicador  3.4.1;1755;6.27;33;Rio de Janeiro;11754;2020;6794;Total;1153;65 a 69 anos;11754
Indicador  3.4.1;1755;18.72;33;Rio de Janeiro;11754;2020;4;Homens;56742;30 a 69 anos;11754
Indicador  3.4.1;1755;0.23;33;Rio de Janeiro;11754;2020;4;Homens;1146;30 a 34 anos;11754
Indicador  3.4.1;1755;0.32;33;Rio de Janeiro;11754;2020;4;Homens;1147;35 a 39 anos;11754
Indicador  3.4.1;1755;0.61;33;Rio de Janeiro;11754;2020;4;Homens;1148;40 a 44 anos;11754
Indicador  3.4.1;1755;1.04;33;Rio de Janeiro;11754;2020;4;Homens;1149;45 a 49 anos;11754
Indicador  3.4.1;1755;1.92;33;Rio de Janeiro;11754;2020;4;Homens;1150;50 a 54 anos;11754
Indicador  3.4.1;1755;3.15;33;Rio de Janeiro;11754;2020;4;Homens;1151;55 a 59 anos;11754
Indicador  3.4.1;1755;5.12;33;Rio de Janeiro;11754;2020;4;Homens;1152;60 a 64 anos;11754
Indicador  3.4.1;1755;7.80;33;Rio de Janeiro;11754;2020;4;Homens;1153;65 a 69 anos;11754
Indicador  3.4.1;1755;13.75;33;Rio de Janeiro;11754;2020;5;Mulheres;56742;30 a 69 anos;11754
Indicador  3.4.1;1755;0.25;33;Rio de Janeiro;11754;2020;5;Mulheres;1146;30 a 34 anos;11754
Indicador  3.4.1;1755;0.37;33;Rio de Janeiro;11754;2020;5;Mulheres;1147;35 a 39 anos;11754
Indicador  3.4.1;1755;0.65;33;Rio de Janeiro;11754;2020;5;Mulheres;1148;40 a 44 anos;11754
Indicador  3.4.1;1755;1.01;33;Rio de Janeiro;11754;2020;5;Mulheres;1149;45 a 49 anos;11754
Indicador  3.4.1;1755;1.57;33;Rio de Janeiro;11754;2020;5;Mulheres;1150;50 a 54 anos;11754
Indicador  3.4.1;1755;2.20;33;Rio de Janeiro;11754;2020;5;Mulheres;1151;55 a 59 anos;11754
Indicador  3.4.1;1755;3.46;33;Rio de Janeiro;11754;2020;5;Mulheres;1152;60 a 64 anos;11754
Indicador  3.4.1;1755;5.05;33;Rio de Janeiro;11754;2020;5;Mulheres;1153;65 a 69 anos;11754
Indicador  3.4.1;1755;15.74;33;Rio de Janeiro;11754;2021;6794;Total;56742;30 a 69 anos;11754
Indicador  3.4.1;1755;0.19;33;Rio de Janeiro;11754;2021;6794;Total;1146;30 a 34 anos;11754
Indicador  3.4.1;1755;0.35;33;Rio de Janeiro;11754;2021;6794;Total;1147;35 a 39 anos;11754
Indicador  3.4.1;1755;0.60;33;Rio de Janeiro;11754;2021;6794;Total;1148;40 a 44 anos;11754
Indicador  3.4.1;1755;1.00;33;Rio de Janeiro;11754;2021;6794;Total;1149;45 a 49 anos;11754
Indicador  3.4.1;1755;1.58;33;Rio de Janeiro;11754;2021;6794;Total;1150;50 a 54 anos;11754
Indicador  3.4.1;1755;2.74;33;Rio de Janeiro;11754;2021;6794;Total;1151;55 a 59 anos;11754
Indicador  3.4.1;1755;4.18;33;Rio de Janeiro;11754;2021;6794;Total;1152;60 a 64 anos;11754
Indicador  3.4.1;1755;6.14;33;Rio de Janeiro;11754;2021;6794;Total;1153;65 a 69 anos;11754
Indicador  3.4.1;1755;18.53;33;Rio de Janeiro;11754;2021;4;Homens;56742;30 a 69 anos;11754
Indicador  3.4.1;1755;0.20;33;Rio de Janeiro;11754;2021;4;Homens;1146;30 a 34 anos;11754
Indicador  3.4.1;1755;0.33;33;Rio de Janeiro;11754;2021;4;Homens;1147;35 a 39 anos;11754
Indicador  3.4.1;1755;0.61;33;Rio de Janeiro;11754;2021;4;Homens;1148;40 a 44 anos;11754
Indicador  3.4.1;1755;1.09;33;Rio de Janeiro;11754;2021;4;Homens;1149;45 a 49 anos;11754
Indicador  3.4.1;1755;1.79;33;Rio de Janeiro;11754;2021;4;Homens;1150;50 a 54 anos;11754
Indicador  3.4.1;1755;3.23;33;Rio de Janeiro;11754;2021;4;Homens;1151;55 a 59 anos;11754
Indicador  3.4.1;1755;5.06;33;Rio de Janeiro;11754;2021;4;Homens;1152;60 a 64 anos;11754
Indicador  3.4.1;1755;7.67;33;Rio de Janeiro;11754;2021;4;Homens;1153;65 a 69 anos;11754
Indicador  3.4.1;1755;13.44;33;Rio de Janeiro;11754;2021;5;Mulheres;56742;30 a 69 anos;11754
Indicador  3.4.1;1755;0.18;33;Rio de Janeiro;11754;2021;5;Mulheres;1146;30 a 34 anos;11754
Indicador  3.4.1;1755;0.37;33;Rio de Janeiro;11754;2021;5;Mulheres;1147;35 a 39 anos;11754
Indicador  3.4.1;1755;0.60;33;Rio de Janeiro;11754;2021;5;Mulheres;1148;40 a 44 anos;11754
Indicador  3.4.1;1755;0.93;33;Rio de Janeiro;11754;2021;5;Mulheres;1149;45 a 49 anos;11754
Indicador  3.4.1;1755;1.39;33;Rio de Janeiro;11754;2021;5;Mulheres;1150;50 a 54 anos;11754
Indicador  3.4.1;1755;2.33;33;Rio de Janeiro;11754;2021;5;Mulheres;1151;55 a 59 anos;11754
Indicador  3.4.1;1755;3.46;33;Rio de Janeiro;11754;2021;5;Mulheres;1152;60 a 64 anos;11754
Indicador  3.4.1;1755;4.94;33;Rio de Janeiro;11754;2021;5;Mulheres;1153;65 a 69 anos;11754
Indicador  3.4.1;1755;15.24;33;Rio de Janeiro;11754;2022;6794;Total;56742;30 a 69 anos;11754
Indicador  3.4.1;1755;0.20;33;Rio de Janeiro;11754;2022;6794;Total;1146;30 a 34 anos;11754
Indicador  3.4.1;1755;0.35;33;Rio de Janeiro;11754;2022;6794;Total;1147;35 a 39 anos;11754
Indicador  3.4.1;1755;0.59;33;Rio de Janeiro;11754;2022;6794;Total;1148;40 a 44 anos;11754
Indicador  3.4.1;1755;0.94;33;Rio de Janeiro;11754;2022;6794;Total;1149;45 a 49 anos;11754
Indicador  3.4.1;1755;1.53;33;Rio de Janeiro;11754;2022;6794;Total;1150;50 a 54 anos;11754
Indicador  3.4.1;1755;2.59;33;Rio de Janeiro;11754;2022;6794;Total;1151;55 a 59 anos;11754
Indicador  3.4.1;1755;3.98;33;Rio de Janeiro;11754;2022;6794;Total;1152;60 a 64 anos;11754
Indicador  3.4.1;1755;6.04;33;Rio de Janeiro;11754;2022;6794;Total;1153;65 a 69 anos;11754
Indicador  3.4.1;1755;17.90;33;Rio de Janeiro;11754;2022;4;Homens;56742;30 a 69 anos;11754
Indicador  3.4.1;1755;0.19;33;Rio de Janeiro;11754;2022;4;Homens;1146;30 a 34 anos;11754
Indicador  3.4.1;1755;0.32;33;Rio de Janeiro;11754;2022;4;Homens;1147;35 a 39 anos;11754
Indicador  3.4.1;1755;0.58;33;Rio de Janeiro;11754;2022;4;Homens;1148;40 a 44 anos;11754
Indicador  3.4.1;1755;0.95;33;Rio de Janeiro;11754;2022;4;Homens;1149;45 a 49 anos;11754
Indicador  3.4.1;1755;1.70;33;Rio de Janeiro;11754;2022;4;Homens;1150;50 a 54 anos;11754
Indicador  3.4.1;1755;3.09;33;Rio de Janeiro;11754;2022;4;Homens;1151;55 a 59 anos;11754
Indicador  3.4.1;1755;4.85;33;Rio de Janeiro;11754;2022;4;Homens;1152;60 a 64 anos;11754
Indicador  3.4.1;1755;7.54;33;Rio de Janeiro;11754;2022;4;Homens;1153;65 a 69 anos;11754
Indicador  3.4.1;1755;13.06;33;Rio de Janeiro;11754;2022;5;Mulheres;56742;30 a 69 anos;11754
Indicador  3.4.1;1755;0.20;33;Rio de Janeiro;11754;2022;5;Mulheres;1146;30 a 34 anos;11754
Indicador  3.4.1;1755;0.37;33;Rio de Janeiro;11754;2022;5;Mulheres;1147;35 a 39 anos;11754
Indicador  3.4.1;1755;0.60;33;Rio de Janeiro;11754;2022;5;Mulheres;1148;40 a 44 anos;11754
Indicador  3.4.1;1755;0.94;33;Rio de Janeiro;11754;2022;5;Mulheres;1149;45 a 49 anos;11754
Indicador  3.4.1;1755;1.38;33;Rio de Janeiro;11754;2022;5;Mulheres;1150;50 a 54 anos;11754
Indicador  3.4.1;1755;2.15;33;Rio de Janeiro;11754;2022;5;Mulheres;1151;55 a 59 anos;11754
Indicador  3.4.1;1755;3.27;33;Rio de Janeiro;11754;2022;5;Mulheres;1152;60 a 64 anos;11754
Indicador  3.4.1;1755;4.88;33;Rio de Janeiro;11754;2022;5;Mulheres;1153;65 a 69 anos;11754
Indicador  3.4.1;1755;15.39;35;São Paulo;11754;2018;6794;Total;56742;30 a 69 anos;11754
Indicador  3.4.1;1755;0.17;35;São Paulo;11754;2018;6794;Total;1146;30 a 34 anos;11754
Indicador  3.4.1;1755;0.31;35;São Paulo;11754;2018;6794;Total;1147;35 a 39 anos;11754
Indicador  3.4.1;1755;0.51;35;São Paulo;11754;2018;6794;Total;1148;40 a 44 anos;11754
Indicador  3.4.1;1755;0.92;35;São Paulo;11754;2018;6794;Total;1149;45 a 49 anos;11754
Indicador  3.4.1;1755;1.63;35;São Paulo;11754;2018;6794;Total;1150;50 a 54 anos;11754
Indicador  3.4.1;1755;2.63;35;São Paulo;11754;2018;6794;Total;1151;55 a 59 anos;11754
Indicador  3.4.1;1755;4.14;35;São Paulo;11754;2018;6794;Total;1152;60 a 64 anos;11754
Indicador  3.4.1;1755;6.07;35;São Paulo;11754;2018;6794;Total;1153;65 a 69 anos;11754
Indicador  3.4.1;1755;18.79;35;São Paulo;11754;2018;4;Homens;56742;30 a 69 anos;11754
Indicador  3.4.1;1755;0.18;35;São Paulo;11754;2018;4;Homens;1146;30 a 34 anos;11754
Indicador  3.4.1;1755;0.32;35;São Paulo;11754;2018;4;Homens;1147;35 a 39 anos;11754
Indicador  3.4.1;1755;0.56;35;São Paulo;11754;2018;4;Homens;1148;40 a 44 anos;11754
Indicador  3.4.1;1755;1.04;35;São Paulo;11754;2018;4;Homens;1149;45 a 49 anos;11754
Indicador  3.4.1;1755;2.00;35;São Paulo;11754;2018;4;Homens;1150;50 a 54 anos;11754
Indicador  3.4.1;1755;3.32;35;São Paulo;11754;2018;4;Homens;1151;55 a 59 anos;11754
Indicador  3.4.1;1755;5.26;35;São Paulo;11754;2018;4;Homens;1152;60 a 64 anos;11754
Indicador  3.4.1;1755;7.61;35;São Paulo;11754;2018;4;Homens;1153;65 a 69 anos;11754
Indicador  3.4.1;1755;12.34;35;São Paulo;11754;2018;5;Mulheres;56742;30 a 69 anos;11754
Indicador  3.4.1;1755;0.15;35;São Paulo;11754;2018;5;Mulheres;1146;30 a 34 anos;11754
Indicador  3.4.1;1755;0.29;35;São Paulo;11754;2018;5;Mulheres;1147;35 a 39 anos;11754
Indicador  3.4.1;1755;0.46;35;São Paulo;11754;2018;5;Mulheres;1148;40 a 44 anos;11754
Indicador  3.4.1;1755;0.81;35;São Paulo;11754;2018;5;Mulheres;1149;45 a 49 anos;11754
Indicador  3.4.1;1755;1.30;35;São Paulo;11754;2018;5;Mulheres;1150;50 a 54 anos;11754
Indicador  3.4.1;1755;2.02;35;São Paulo;11754;2018;5;Mulheres;1151;55 a 59 anos;11754
Indicador  3.4.1;1755;3.16;35;São Paulo;11754;2018;5;Mulheres;1152;60 a 64 anos;11754
Indicador  3.4.1;1755;4.77;35;São Paulo;11754;2018;5;Mulheres;1153;65 a 69 anos;11754
Indicador  3.4.1;1755;15.32;35;São Paulo;11754;2019;6794;Total;56742;30 a 69 anos;11754
Indicador  3.4.1;1755;0.18;35;São Paulo;11754;2019;6794;Total;1146;30 a 34 anos;11754
Indicador  3.4.1;1755;0.29;35;São Paulo;11754;2019;6794;Total;1147;35 a 39 anos;11754
Indicador  3.4.1;1755;0.54;35;São Paulo;11754;2019;6794;Total;1148;40 a 44 anos;11754
Indicador  3.4.1;1755;0.92;35;São Paulo;11754;2019;6794;Total;1149;45 a 49 anos;11754
Indicador  3.4.1;1755;1.59;35;São Paulo;11754;2019;6794;Total;1150;50 a 54 anos;11754
Indicador  3.4.1;1755;2.62;35;São Paulo;11754;2019;6794;Total;1151;55 a 59 anos;11754
Indicador  3.4.1;1755;4.12;35;São Paulo;11754;2019;6794;Total;1152;60 a 64 anos;11754
Indicador  3.4.1;1755;6.03;35;São Paulo;11754;2019;6794;Total;1153;65 a 69 anos;11754
Indicador  3.4.1;1755;18.71;35;São Paulo;11754;2019;4;Homens;56742;30 a 69 anos;11754
Indicador  3.4.1;1755;0.19;35;São Paulo;11754;2019;4;Homens;1146;30 a 34 anos;11754
Indicador  3.4.1;1755;0.31;35;São Paulo;11754;2019;4;Homens;1147;35 a 39 anos;11754
Indicador  3.4.1;1755;0.58;35;São Paulo;11754;2019;4;Homens;1148;40 a 44 anos;11754
Indicador  3.4.1;1755;1.07;35;São Paulo;11754;2019;4;Homens;1149;45 a 49 anos;11754
Indicador  3.4.1;1755;1.96;35;São Paulo;11754;2019;4;Homens;1150;50 a 54 anos;11754
Indicador  3.4.1;1755;3.35;35;São Paulo;11754;2019;4;Homens;1151;55 a 59 anos;11754
Indicador  3.4.1;1755;5.19;35;São Paulo;11754;2019;4;Homens;1152;60 a 64 anos;11754
Indicador  3.4.1;1755;7.55;35;São Paulo;11754;2019;4;Homens;1153;65 a 69 anos;11754
Indicador  3.4.1;1755;12.27;35;São Paulo;11754;2019;5;Mulheres;56742;30 a 69 anos;11754
Indicador  3.4.1;1755;0.17;35;São Paulo;11754;2019;5;Mulheres;1146;30 a 34 anos;11754
Indicador  3.4.1;1755;0.27;35;São Paulo;11754;2019;5;Mulheres;1147;35 a 39 anos;11754
Indicador  3.4.1;1755;0.50;35;São Paulo;11754;2019;5;Mulheres;1148;40 a 44 anos;11754
Indicador  3.4.1;1755;0.79;35;São Paulo;11754;2019;5;Mulheres;1149;45 a 49 anos;11754
Indicador  3.4.1;1755;1.25;35;São Paulo;11754;2019;5;Mulheres;1150;50 a 54 anos;11754
Indicador  3.4.1;1755;1.99;35;São Paulo;11754;2019;5;Mulheres;1151;55 a 59 anos;11754
Indicador  3.4.1;1755;3.18;35;São Paulo;11754;2019;5;Mulheres;1152;60 a 64 anos;11754
Indicador  3.4.1;1755;4.74;35;São Paulo;11754;2019;5;Mulheres;1153;65 a 69 anos;11754
Indicador  3.4.1;1755;14.73;35;São Paulo;11754;2020;6794;Total;56742;30 a 69 anos;11754
Indicador  3.4.1;1755;0.20;35;São Paulo;11754;2020;6794;Total;1146;30 a 34 anos;11754
Indicador  3.4.1;1755;0.32;35;São Paulo;11754;2020;6794;Total;1147;35 a 39 anos;11754
Indicador  3.4.1;1755;0.55;35;São Paulo;11754;2020;6794;Total;1148;40 a 44 anos;11754
Indicador  3.4.1;1755;0.91;35;São Paulo;11754;2020;6794;Total;1149;45 a 49 anos;11754
Indicador  3.4.1;1755;1.52;35;São Paulo;11754;2020;6794;Total;1150;50 a 54 anos;11754
Indicador  3.4.1;1755;2.46;35;São Paulo;11754;2020;6794;Total;1151;55 a 59 anos;11754
Indicador  3.4.1;1755;3.91;35;São Paulo;11754;2020;6794;Total;1152;60 a 64 anos;11754
Indicador  3.4.1;1755;5.77;35;São Paulo;11754;2020;6794;Total;1153;65 a 69 anos;11754
Indicador  3.4.1;1755;17.81;35;São Paulo;11754;2020;4;Homens;56742;30 a 69 anos;11754
Indicador  3.4.1;1755;0.22;35;São Paulo;11754;2020;4;Homens;1146;30 a 34 anos;11754
Indicador  3.4.1;1755;0.35;35;São Paulo;11754;2020;4;Homens;1147;35 a 39 anos;11754
Indicador  3.4.1;1755;0.58;35;São Paulo;11754;2020;4;Homens;1148;40 a 44 anos;11754
Indicador  3.4.1;1755;1.01;35;São Paulo;11754;2020;4;Homens;1149;45 a 49 anos;11754
Indicador  3.4.1;1755;1.84;35;São Paulo;11754;2020;4;Homens;1150;50 a 54 anos;11754
Indicador  3.4.1;1755;3.02;35;São Paulo;11754;2020;4;Homens;1151;55 a 59 anos;11754
Indicador  3.4.1;1755;4.86;35;São Paulo;11754;2020;4;Homens;1152;60 a 64 anos;11754
Indicador  3.4.1;1755;7.26;35;São Paulo;11754;2020;4;Homens;1153;65 a 69 anos;11754
Indicador  3.4.1;1755;11.93;35;São Paulo;11754;2020;5;Mulheres;56742;30 a 69 anos;11754
Indicador  3.4.1;1755;0.18;35;São Paulo;11754;2020;5;Mulheres;1146;30 a 34 anos;11754
Indicador  3.4.1;1755;0.28;35;São Paulo;11754;2020;5;Mulheres;1147;35 a 39 anos;11754
Indicador  3.4.1;1755;0.51;35;São Paulo;11754;2020;5;Mulheres;1148;40 a 44 anos;11754
Indicador  3.4.1;1755;0.81;35;São Paulo;11754;2020;5;Mulheres;1149;45 a 49 anos;11754
Indicador  3.4.1;1755;1.22;35;São Paulo;11754;2020;5;Mulheres;1150;50 a 54 anos;11754
Indicador  3.4.1;1755;1.95;35;São Paulo;11754;2020;5;Mulheres;1151;55 a 59 anos;11754
Indicador  3.4.1;1755;3.06;35;São Paulo;11754;2020;5;Mulheres;1152;60 a 64 anos;11754
Indicador  3.4.1;1755;4.49;35;São Paulo;11754;2020;5;Mulheres;1153;65 a 69 anos;11754
Indicador  3.4.1;1755;14.91;35;São Paulo;11754;2021;6794;Total;56742;30 a 69 anos;11754
Indicador  3.4.1;1755;0.19;35;São Paulo;11754;2021;6794;Total;1146;30 a 34 anos;11754
Indicador  3.4.1;1755;0.32;35;São Paulo;11754;2021;6794;Total;1147;35 a 39 anos;11754
Indicador  3.4.1;1755;0.54;35;São Paulo;11754;2021;6794;Total;1148;40 a 44 anos;11754
Indicador  3.4.1;1755;0.93;35;São Paulo;11754;2021;6794;Total;1149;45 a 49 anos;11754
Indicador  3.4.1;1755;1.51;35;São Paulo;11754;2021;6794;Total;1150;50 a 54 anos;11754
Indicador  3.4.1;1755;2.52;35;São Paulo;11754;2021;6794;Total;1151;55 a 59 anos;11754
Indicador  3.4.1;1755;3.87;35;São Paulo;11754;2021;6794;Total;1152;60 a 64 anos;11754
Indicador  3.4.1;1755;5.95;35;São Paulo;11754;2021;6794;Total;1153;65 a 69 anos;11754
Indicador  3.4.1;1755;18.32;35;São Paulo;11754;2021;4;Homens;56742;30 a 69 anos;11754
Indicador  3.4.1;1755;0.19;35;São Paulo;11754;2021;4;Homens;1146;30 a 34 anos;11754
Indicador  3.4.1;1755;0.34;35;São Paulo;11754;2021;4;Homens;1147;35 a 39 anos;11754
Indicador  3.4.1;1755;0.60;35;São Paulo;11754;2021;4;Homens;1148;40 a 44 anos;11754
Indicador  3.4.1;1755;1.07;35;São Paulo;11754;2021;4;Homens;1149;45 a 49 anos;11754
Indicador  3.4.1;1755;1.82;35;São Paulo;11754;2021;4;Homens;1150;50 a 54 anos;11754
Indicador  3.4.1;1755;3.13;35;São Paulo;11754;2021;4;Homens;1151;55 a 59 anos;11754
Indicador  3.4.1;1755;4.98;35;São Paulo;11754;2021;4;Homens;1152;60 a 64 anos;11754
Indicador  3.4.1;1755;7.60;35;São Paulo;11754;2021;4;Homens;1153;65 a 69 anos;11754
Indicador  3.4.1;1755;11.90;35;São Paulo;11754;2021;5;Mulheres;56742;30 a 69 anos;11754
Indicador  3.4.1;1755;0.18;35;São Paulo;11754;2021;5;Mulheres;1146;30 a 34 anos;11754
Indicador  3.4.1;1755;0.30;35;São Paulo;11754;2021;5;Mulheres;1147;35 a 39 anos;11754
Indicador  3.4.1;1755;0.49;35;São Paulo;11754;2021;5;Mulheres;1148;40 a 44 anos;11754
Indicador  3.4.1;1755;0.81;35;São Paulo;11754;2021;5;Mulheres;1149;45 a 49 anos;11754
Indicador  3.4.1;1755;1.23;35;São Paulo;11754;2021;5;Mulheres;1150;50 a 54 anos;11754
Indicador  3.4.1;1755;1.98;35;São Paulo;11754;2021;5;Mulheres;1151;55 a 59 anos;11754
Indicador  3.4.1;1755;2.93;35;São Paulo;11754;2021;5;Mulheres;1152;60 a 64 anos;11754
Indicador  3.4.1;1755;4.58;35;São Paulo;11754;2021;5;Mulheres;1153;65 a 69 anos;11754
Indicador  3.4.1;1755;14.92;35;São Paulo;11754;2022;6794;Total;56742;30 a 69 anos;11754
Indicador  3.4.1;1755;0.21;35;São Paulo;11754;2022;6794;Total;1146;30 a 34 anos;11754
Indicador  3.4.1;1755;0.32;35;São Paulo;11754;2022;6794;Total;1147;35 a 39 anos;11754
Indicador  3.4.1;1755;0.56;35;São Paulo;11754;2022;6794;Total;1148;40 a 44 anos;11754
Indicador  3.4.1;1755;0.93;35;São Paulo;11754;2022;6794;Total;1149;45 a 49 anos;11754
Indicador  3.4.1;1755;1.52;35;São Paulo;11754;2022;6794;Total;1150;50 a 54 anos;11754
Indicador  3.4.1;1755;2.46;35;São Paulo;11754;2022;6794;Total;1151;55 a 59 anos;11754
Indicador  3.4.1;1755;3.87;35;São Paulo;11754;2022;6794;Total;1152;60 a 64 anos;11754
Indicador  3.4.1;1755;5.96;35;São Paulo;11754;2022;6794;Total;1153;65 a 69 anos;11754
Indicador  3.4.1;1755;18.29;35;São Paulo;11754;2022;4;Homens;56742;30 a 69 anos;11754
Indicador  3.4.1;1755;0.22;35;São Paulo;11754;2022;4;Homens;1146;30 a 34 anos;11754
Indicador  3.4.1;1755;0.35;35;São Paulo;11754;2022;4;Homens;1147;35 a 39 anos;11754
Indicador  3.4.1;1755;0.63;35;São Paulo;11754;2022;4;Homens;1148;40 a 44 anos;11754
Indicador  3.4.1;1755;1.06;35;São Paulo;11754;2022;4;Homens;1149;45 a 49 anos;11754
Indicador  3.4.1;1755;1.83;35;São Paulo;11754;2022;4;Homens;1150;50 a 54 anos;11754
Indicador  3.4.1;1755;3.10;35;São Paulo;11754;2022;4;Homens;1151;55 a 59 anos;11754
Indicador  3.4.1;1755;4.93;35;São Paulo;11754;2022;4;Homens;1152;60 a 64 anos;11754
Indicador  3.4.1;1755;7.58;35;São Paulo;11754;2022;4;Homens;1153;65 a 69 anos;11754
Indicador  3.4.1;1755;11.93;35;São Paulo;11754;2022;5;Mulheres;56742;30 a 69 anos;11754
Indicador  3.4.1;1755;0.19;35;São Paulo;11754;2022;5;Mulheres;1146;30 a 34 anos;11754
Indicador  3.4.1;1755;0.30;35;São Paulo;11754;2022;5;Mulheres;1147;35 a 39 anos;11754
Indicador  3.4.1;1755;0.50;35;São Paulo;11754;2022;5;Mulheres;1148;40 a 44 anos;11754
Indicador  3.4.1;1755;0.81;35;São Paulo;11754;2022;5;Mulheres;1149;45 a 49 anos;11754
Indicador  3.4.1;1755;1.23;35;São Paulo;11754;2022;5;Mulheres;1150;50 a 54 anos;11754
Indicador  3.4.1;1755;1.90;35;São Paulo;11754;2022;5;Mulheres;1151;55 a 59 anos;11754
Indicador  3.4.1;1755;2.97;35;São Paulo;11754;2022;5;Mulheres;1152;60 a 64 anos;11754
Indicador  3.4.1;1755;4.62;35;São Paulo;11754;2022;5;Mulheres;1153;65 a 69 anos;11754
Indicador  3.4.1;1755;15.39;41;Paraná;11754;2018;6794;Total;56742;30 a 69 anos;11754
Indicador  3.4.1;1755;0.18;41;Paraná;11754;2018;6794;Total;1146;30 a 34 anos;11754
Indicador  3.4.1;1755;0.31;41;Paraná;11754;2018;6794;Total;1147;35 a 39 anos;11754
Indicador  3.4.1;1755;0.50;41;Paraná;11754;2018;6794;Total;1148;40 a 44 anos;11754
Indicador  3.4.1;1755;0.90;41;Paraná;11754;2018;6794;Total;1149;45 a 49 anos;11754
Indicador  3.4.1;1755;1.49;41;Paraná;11754;2018;6794;Total;1150;50 a 54 anos;11754
Indicador  3.4.1;1755;2.48;41;Paraná;11754;2018;6794;Total;1151;55 a 59 anos;11754
Indicador  3.4.1;1755;4.20;41;Paraná;11754;2018;6794;Total;1152;60 a 64 anos;11754
Indicador  3.4.1;1755;6.31;41;Paraná;11754;2018;6794;Total;1153;65 a 69 anos;11754
Indicador  3.4.1;1755;18.50;41;Paraná;11754;2018;4;Homens;56742;30 a 69 anos;11754
Indicador  3.4.1;1755;0.19;41;Paraná;11754;2018;4;Homens;1146;30 a 34 anos;11754
Indicador  3.4.1;1755;0.29;41;Paraná;11754;2018;4;Homens;1147;35 a 39 anos;11754
Indicador  3.4.1;1755;0.50;41;Paraná;11754;2018;4;Homens;1148;40 a 44 anos;11754
Indicador  3.4.1;1755;1.03;41;Paraná;11754;2018;4;Homens;1149;45 a 49 anos;11754
Indicador  3.4.1;1755;1.76;41;Paraná;11754;2018;4;Homens;1150;50 a 54 anos;11754
Indicador  3.4.1;1755;3.07;41;Paraná;11754;2018;4;Homens;1151;55 a 59 anos;11754
Indicador  3.4.1;1755;5.17;41;Paraná;11754;2018;4;Homens;1152;60 a 64 anos;11754
Indicador  3.4.1;1755;7.91;41;Paraná;11754;2018;4;Homens;1153;65 a 69 anos;11754
Indicador  3.4.1;1755;12.54;41;Paraná;11754;2018;5;Mulheres;56742;30 a 69 anos;11754
Indicador  3.4.1;1755;0.17;41;Paraná;11754;2018;5;Mulheres;1146;30 a 34 anos;11754
Indicador  3.4.1;1755;0.33;41;Paraná;11754;2018;5;Mulheres;1147;35 a 39 anos;11754
Indicador  3.4.1;1755;0.49;41;Paraná;11754;2018;5;Mulheres;1148;40 a 44 anos;11754
Indicador  3.4.1;1755;0.78;41;Paraná;11754;2018;5;Mulheres;1149;45 a 49 anos;11754
Indicador  3.4.1;1755;1.24;41;Paraná;11754;2018;5;Mulheres;1150;50 a 54 anos;11754
Indicador  3.4.1;1755;1.95;41;Paraná;11754;2018;5;Mulheres;1151;55 a 59 anos;11754
Indicador  3.4.1;1755;3.32;41;Paraná;11754;2018;5;Mulheres;1152;60 a 64 anos;11754
Indicador  3.4.1;1755;4.91;41;Paraná;11754;2018;5;Mulheres;1153;65 a 69 anos;11754
Indicador  3.4.1;1755;14.81;41;Paraná;11754;2019;6794;Total;56742;30 a 69 anos;11754
Indicador  3.4.1;1755;0.15;41;Paraná;11754;2019;6794;Total;1146;30 a 34 anos;11754
Indicador  3.4.1;1755;0.28;41;Paraná;11754;2019;6794;Total;1147;35 a 39 anos;11754
Indicador  3.4.1;1755;0.45;41;Paraná;11754;2019;6794;Total;1148;40 a 44 anos;11754
Indicador  3.4.1;1755;0.85;41;Paraná;11754;2019;6794;Total;1149;45 a 49 anos;11754
Indicador  3.4.1;1755;1.47;41;Paraná;11754;2019;6794;Total;1150;50 a 54 anos;11754
Indicador  3.4.1;1755;2.45;41;Paraná;11754;2019;6794;Total;1151;55 a 59 anos;11754
Indicador  3.4.1;1755;4.02;41;Paraná;11754;2019;6794;Total;1152;60 a 64 anos;11754
Indicador  3.4.1;1755;6.03;41;Paraná;11754;2019;6794;Total;1153;65 a 69 anos;11754
Indicador  3.4.1;1755;17.79;41;Paraná;11754;2019;4;Homens;56742;30 a 69 anos;11754
Indicador  3.4.1;1755;0.14;41;Paraná;11754;2019;4;Homens;1146;30 a 34 anos;11754
Indicador  3.4.1;1755;0.27;41;Paraná;11754;2019;4;Homens;1147;35 a 39 anos;11754
Indicador  3.4.1;1755;0.48;41;Paraná;11754;2019;4;Homens;1148;40 a 44 anos;11754
Indicador  3.4.1;1755;0.92;41;Paraná;11754;2019;4;Homens;1149;45 a 49 anos;11754
Indicador  3.4.1;1755;1.76;41;Paraná;11754;2019;4;Homens;1150;50 a 54 anos;11754
Indicador  3.4.1;1755;3.04;41;Paraná;11754;2019;4;Homens;1151;55 a 59 anos;11754
Indicador  3.4.1;1755;5.09;41;Paraná;11754;2019;4;Homens;1152;60 a 64 anos;11754
Indicador  3.4.1;1755;7.40;41;Paraná;11754;2019;4;Homens;1153;65 a 69 anos;11754
Indicador  3.4.1;1755;12.09;41;Paraná;11754;2019;5;Mulheres;56742;30 a 69 anos;11754
Indicador  3.4.1;1755;0.16;41;Paraná;11754;2019;5;Mulheres;1146;30 a 34 anos;11754
Indicador  3.4.1;1755;0.28;41;Paraná;11754;2019;5;Mulheres;1147;35 a 39 anos;11754
Indicador  3.4.1;1755;0.43;41;Paraná;11754;2019;5;Mulheres;1148;40 a 44 anos;11754
Indicador  3.4.1;1755;0.79;41;Paraná;11754;2019;5;Mulheres;1149;45 a 49 anos;11754
Indicador  3.4.1;1755;1.20;41;Paraná;11754;2019;5;Mulheres;1150;50 a 54 anos;11754
Indicador  3.4.1;1755;1.91;41;Paraná;11754;2019;5;Mulheres;1151;55 a 59 anos;11754
Indicador  3.4.1;1755;3.07;41;Paraná;11754;2019;5;Mulheres;1152;60 a 64 anos;11754
Indicador  3.4.1;1755;4.83;41;Paraná;11754;2019;5;Mulheres;1153;65 a 69 anos;11754
Indicador  3.4.1;1755;14.48;41;Paraná;11754;2020;6794;Total;56742;30 a 69 anos;11754
Indicador  3.4.1;1755;0.15;41;Paraná;11754;2020;6794;Total;1146;30 a 34 anos;11754
Indicador  3.4.1;1755;0.28;41;Paraná;11754;2020;6794;Total;1147;35 a 39 anos;11754
Indicador  3.4.1;1755;0.48;41;Paraná;11754;2020;6794;Total;1148;40 a 44 anos;11754
Indicador  3.4.1;1755;0.83;41;Paraná;11754;2020;6794;Total;1149;45 a 49 anos;11754
Indicador  3.4.1;1755;1.42;41;Paraná;11754;2020;6794;Total;1150;50 a 54 anos;11754
Indicador  3.4.1;1755;2.42;41;Paraná;11754;2020;6794;Total;1151;55 a 59 anos;11754
Indicador  3.4.1;1755;3.85;41;Paraná;11754;2020;6794;Total;1152;60 a 64 anos;11754
Indicador  3.4.1;1755;5.92;41;Paraná;11754;2020;6794;Total;1153;65 a 69 anos;11754
Indicador  3.4.1;1755;17.58;41;Paraná;11754;2020;4;Homens;56742;30 a 69 anos;11754
Indicador  3.4.1;1755;0.15;41;Paraná;11754;2020;4;Homens;1146;30 a 34 anos;11754
Indicador  3.4.1;1755;0.26;41;Paraná;11754;2020;4;Homens;1147;35 a 39 anos;11754
Indicador  3.4.1;1755;0.51;41;Paraná;11754;2020;4;Homens;1148;40 a 44 anos;11754
Indicador  3.4.1;1755;0.92;41;Paraná;11754;2020;4;Homens;1149;45 a 49 anos;11754
Indicador  3.4.1;1755;1.71;41;Paraná;11754;2020;4;Homens;1150;50 a 54 anos;11754
Indicador  3.4.1;1755;3.03;41;Paraná;11754;2020;4;Homens;1151;55 a 59 anos;11754
Indicador  3.4.1;1755;4.83;41;Paraná;11754;2020;4;Homens;1152;60 a 64 anos;11754
Indicador  3.4.1;1755;7.44;41;Paraná;11754;2020;4;Homens;1153;65 a 69 anos;11754
Indicador  3.4.1;1755;11.64;41;Paraná;11754;2020;5;Mulheres;56742;30 a 69 anos;11754
Indicador  3.4.1;1755;0.15;41;Paraná;11754;2020;5;Mulheres;1146;30 a 34 anos;11754
Indicador  3.4.1;1755;0.30;41;Paraná;11754;2020;5;Mulheres;1147;35 a 39 anos;11754
Indicador  3.4.1;1755;0.45;41;Paraná;11754;2020;5;Mulheres;1148;40 a 44 anos;11754
Indicador  3.4.1;1755;0.74;41;Paraná;11754;2020;5;Mulheres;1149;45 a 49 anos;11754
Indicador  3.4.1;1755;1.15;41;Paraná;11754;2020;5;Mulheres;1150;50 a 54 anos;11754
Indicador  3.4.1;1755;1.87;41;Paraná;11754;2020;5;Mulheres;1151;55 a 59 anos;11754
Indicador  3.4.1;1755;2.96;41;Paraná;11754;2020;5;Mulheres;1152;60 a 64 anos;11754
Indicador  3.4.1;1755;4.58;41;Paraná;11754;2020;5;Mulheres;1153;65 a 69 anos;11754
Indicador  3.4.1;1755;14.69;41;Paraná;11754;2021;6794;Total;56742;30 a 69 anos;11754
Indicador  3.4.1;1755;0.16;41;Paraná;11754;2021;6794;Total;1146;30 a 34 anos;11754
Indicador  3.4.1;1755;0.29;41;Paraná;11754;2021;6794;Total;1147;35 a 39 anos;11754
Indicador  3.4.1;1755;0.50;41;Paraná;11754;2021;6794;Total;1148;40 a 44 anos;11754
Indicador  3.4.1;1755;0.90;41;Paraná;11754;2021;6794;Total;1149;45 a 49 anos;11754
Indicador  3.4.1;1755;1.39;41;Paraná;11754;2021;6794;Total;1150;50 a 54 anos;11754
Indicador  3.4.1;1755;2.37;41;Paraná;11754;2021;6794;Total;1151;55 a 59 anos;11754
Indicador  3.4.1;1755;3.92;41;Paraná;11754;2021;6794;Total;1152;60 a 64 anos;11754
Indicador  3.4.1;1755;6.05;41;Paraná;11754;2021;6794;Total;1153;65 a 69 anos;11754
Indicador  3.4.1;1755;17.66;41;Paraná;11754;2021;4;Homens;56742;30 a 69 anos;11754
Indicador  3.4.1;1755;0.17;41;Paraná;11754;2021;4;Homens;1146;30 a 34 anos;11754
Indicador  3.4.1;1755;0.30;41;Paraná;11754;2021;4;Homens;1147;35 a 39 anos;11754
Indicador  3.4.1;1755;0.53;41;Paraná;11754;2021;4;Homens;1148;40 a 44 anos;11754
Indicador  3.4.1;1755;0.98;41;Paraná;11754;2021;4;Homens;1149;45 a 49 anos;11754
Indicador  3.4.1;1755;1.68;41;Paraná;11754;2021;4;Homens;1150;50 a 54 anos;11754
Indicador  3.4.1;1755;2.88;41;Paraná;11754;2021;4;Homens;1151;55 a 59 anos;11754
Indicador  3.4.1;1755;4.91;41;Paraná;11754;2021;4;Homens;1152;60 a 64 anos;11754
Indicador  3.4.1;1755;7.50;41;Paraná;11754;2021;4;Homens;1153;65 a 69 anos;11754
Indicador  3.4.1;1755;12.03;41;Paraná;11754;2021;5;Mulheres;56742;30 a 69 anos;11754
Indicador  3.4.1;1755;0.16;41;Paraná;11754;2021;5;Mulheres;1146;30 a 34 anos;11754
Indicador  3.4.1;1755;0.27;41;Paraná;11754;2021;5;Mulheres;1147;35 a 39 anos;11754
Indicador  3.4.1;1755;0.47;41;Paraná;11754;2021;5;Mulheres;1148;40 a 44 anos;11754
Indicador  3.4.1;1755;0.83;41;Paraná;11754;2021;5;Mulheres;1149;45 a 49 anos;11754
Indicador  3.4.1;1755;1.12;41;Paraná;11754;2021;5;Mulheres;1150;50 a 54 anos;11754
Indicador  3.4.1;1755;1.91;41;Paraná;11754;2021;5;Mulheres;1151;55 a 59 anos;11754
Indicador  3.4.1;1755;3.04;41;Paraná;11754;2021;5;Mulheres;1152;60 a 64 anos;11754
Indicador  3.4.1;1755;4.81;41;Paraná;11754;2021;5;Mulheres;1153;65 a 69 anos;11754
Indicador  3.4.1;1755;14.87;41;Paraná;11754;2022;6794;Total;56742;30 a 69 anos;11754
Indicador  3.4.1;1755;0.17;41;Paraná;11754;2022;6794;Total;1146;30 a 34 anos;11754
Indicador  3.4.1;1755;0.30;41;Paraná;11754;2022;6794;Total;1147;35 a 39 anos;11754
Indicador  3.4.1;1755;0.53;41;Paraná;11754;2022;6794;Total;1148;40 a 44 anos;11754
Indicador  3.4.1;1755;0.89;41;Paraná;11754;2022;6794;Total;1149;45 a 49 anos;11754
Indicador  3.4.1;1755;1.44;41;Paraná;11754;2022;6794;Total;1150;50 a 54 anos;11754
Indicador  3.4.1;1755;2.41;41;Paraná;11754;2022;6794;Total;1151;55 a 59 anos;11754
Indicador  3.4.1;1755;3.84;41;Paraná;11754;2022;6794;Total;1152;60 a 64 anos;11754
Indicador  3.4.1;1755;6.20;41;Paraná;11754;2022;6794;Total;1153;65 a 69 anos;11754
Indicador  3.4.1;1755;17.79;41;Paraná;11754;2022;4;Homens;56742;30 a 69 anos;11754
Indicador  3.4.1;1755;0.17;41;Paraná;11754;2022;4;Homens;1146;30 a 34 anos;11754
Indicador  3.4.1;1755;0.28;41;Paraná;11754;2022;4;Homens;1147;35 a 39 anos;11754
Indicador  3.4.1;1755;0.57;41;Paraná;11754;2022;4;Homens;1148;40 a 44 anos;11754
Indicador  3.4.1;1755;0.98;41;Paraná;11754;2022;4;Homens;1149;45 a 49 anos;11754
Indicador  3.4.1;1755;1.69;41;Paraná;11754;2022;4;Homens;1150;50 a 54 anos;11754
Indicador  3.4.1;1755;3.01;41;Paraná;11754;2022;4;Homens;1151;55 a 59 anos;11754
Indicador  3.4.1;1755;4.76;41;Paraná;11754;2022;4;Homens;1152;60 a 64 anos;11754
Indicador  3.4.1;1755;7.62;41;Paraná;11754;2022;4;Homens;1153;65 a 69 anos;11754
Indicador  3.4.1;1755;12.25;41;Paraná;11754;2022;5;Mulheres;56742;30 a 69 anos;11754
Indicador  3.4.1;1755;0.17;41;Paraná;11754;2022;5;Mulheres;1146;30 a 34 anos;11754
Indicador  3.4.1;1755;0.32;41;Paraná;11754;2022;5;Mulheres;1147;35 a 39 anos;11754
Indicador  3.4.1;1755;0.49;41;Paraná;11754;2022;5;Mulheres;1148;40 a 44 anos;11754
Indicador  3.4.1;1755;0.81;41;Paraná;11754;2022;5;Mulheres;1149;45 a 49 anos;11754
Indicador  3.4.1;1755;1.21;41;Paraná;11754;2022;5;Mulheres;1150;50 a 54 anos;11754
Indicador  3.4.1;1755;1.86;41;Paraná;11754;2022;5;Mulheres;1151;55 a 59 anos;11754
Indicador  3.4.1;1755;3.03;41;Paraná;11754;2022;5;Mulheres;1152;60 a 64 anos;11754
Indicador  3.4.1;1755;4.98;41;Paraná;11754;2022;5;Mulheres;1153;65 a 69 anos;11754
Indicador  3.4.1;1755;14.56;42;Santa Catarina;11754;2018;6794;Total;56742;30 a 69 anos;11754
Indicador  3.4.1;1755;0.15;42;Santa Catarina;11754;2018;6794;Total;1146;30 a 34 anos;11754
Indicador  3.4.1;1755;0.27;42;Santa Catarina;11754;2018;6794;Total;1147;35 a 39 anos;11754
Indicador  3.4.1;1755;0.48;42;Santa Catarina;11754;2018;6794;Total;1148;40 a 44 anos;11754
Indicador  3.4.1;1755;0.84;42;Santa Catarina;11754;2018;6794;Total;1149;45 a 49 anos;11754
Indicador  3.4.1;1755;1.48;42;Santa Catarina;11754;2018;6794;Total;1150;50 a 54 anos;11754
Indicador  3.4.1;1755;2.31;42;Santa Catarina;11754;2018;6794;Total;1151;55 a 59 anos;11754
Indicador  3.4.1;1755;3.89;42;Santa Catarina;11754;2018;6794;Total;1152;60 a 64 anos;11754
Indicador  3.4.1;1755;6.01;42;Santa Catarina;11754;2018;6794;Total;1153;65 a 69 anos;11754
Indicador  3.4.1;1755;17.65;42;Santa Catarina;11754;2018;4;Homens;56742;30 a 69 anos;11754
Indicador  3.4.1;1755;0.15;42;Santa Catarina;11754;2018;4;Homens;1146;30 a 34 anos;11754
Indicador  3.4.1;1755;0.24;42;Santa Catarina;11754;2018;4;Homens;1147;35 a 39 anos;11754
Indicador  3.4.1;1755;0.47;42;Santa Catarina;11754;2018;4;Homens;1148;40 a 44 anos;11754
Indicador  3.4.1;1755;0.92;42;Santa Catarina;11754;2018;4;Homens;1149;45 a 49 anos;11754
Indicador  3.4.1;1755;1.76;42;Santa Catarina;11754;2018;4;Homens;1150;50 a 54 anos;11754
Indicador  3.4.1;1755;2.82;42;Santa Catarina;11754;2018;4;Homens;1151;55 a 59 anos;11754
Indicador  3.4.1;1755;4.92;42;Santa Catarina;11754;2018;4;Homens;1152;60 a 64 anos;11754
Indicador  3.4.1;1755;7.65;42;Santa Catarina;11754;2018;4;Homens;1153;65 a 69 anos;11754
Indicador  3.4.1;1755;11.60;42;Santa Catarina;11754;2018;5;Mulheres;56742;30 a 69 anos;11754
Indicador  3.4.1;1755;0.15;42;Santa Catarina;11754;2018;5;Mulheres;1146;30 a 34 anos;11754
Indicador  3.4.1;1755;0.29;42;Santa Catarina;11754;2018;5;Mulheres;1147;35 a 39 anos;11754
Indicador  3.4.1;1755;0.49;42;Santa Catarina;11754;2018;5;Mulheres;1148;40 a 44 anos;11754
Indicador  3.4.1;1755;0.76;42;Santa Catarina;11754;2018;5;Mulheres;1149;45 a 49 anos;11754
Indicador  3.4.1;1755;1.22;42;Santa Catarina;11754;2018;5;Mulheres;1150;50 a 54 anos;11754
Indicador  3.4.1;1755;1.82;42;Santa Catarina;11754;2018;5;Mulheres;1151;55 a 59 anos;11754
Indicador  3.4.1;1755;2.90;42;Santa Catarina;11754;2018;5;Mulheres;1152;60 a 64 anos;11754
Indicador  3.4.1;1755;4.52;42;Santa Catarina;11754;2018;5;Mulheres;1153;65 a 69 anos;11754
Indicador  3.4.1;1755;14.31;42;Santa Catarina;11754;2019;6794;Total;56742;30 a 69 anos;11754
Indicador  3.4.1;1755;0.16;42;Santa Catarina;11754;2019;6794;Total;1146;30 a 34 anos;11754
Indicador  3.4.1;1755;0.24;42;Santa Catarina;11754;2019;6794;Total;1147;35 a 39 anos;11754
Indicador  3.4.1;1755;0.45;42;Santa Catarina;11754;2019;6794;Total;1148;40 a 44 anos;11754
Indicador  3.4.1;1755;0.75;42;Santa Catarina;11754;2019;6794;Total;1149;45 a 49 anos;11754
Indicador  3.4.1;1755;1.40;42;Santa Catarina;11754;2019;6794;Total;1150;50 a 54 anos;11754
Indicador  3.4.1;1755;2.35;42;Santa Catarina;11754;2019;6794;Total;1151;55 a 59 anos;11754
Indicador  3.4.1;1755;3.84;42;Santa Catarina;11754;2019;6794;Total;1152;60 a 64 anos;11754
Indicador  3.4.1;1755;5.96;42;Santa Catarina;11754;2019;6794;Total;1153;65 a 69 anos;11754
Indicador  3.4.1;1755;17.10;42;Santa Catarina;11754;2019;4;Homens;56742;30 a 69 anos;11754
Indicador  3.4.1;1755;0.16;42;Santa Catarina;11754;2019;4;Homens;1146;30 a 34 anos;11754
Indicador  3.4.1;1755;0.21;42;Santa Catarina;11754;2019;4;Homens;1147;35 a 39 anos;11754
Indicador  3.4.1;1755;0.45;42;Santa Catarina;11754;2019;4;Homens;1148;40 a 44 anos;11754
Indicador  3.4.1;1755;0.80;42;Santa Catarina;11754;2019;4;Homens;1149;45 a 49 anos;11754
Indicador  3.4.1;1755;1.63;42;Santa Catarina;11754;2019;4;Homens;1150;50 a 54 anos;11754
Indicador  3.4.1;1755;2.88;42;Santa Catarina;11754;2019;4;Homens;1151;55 a 59 anos;11754
Indicador  3.4.1;1755;4.71;42;Santa Catarina;11754;2019;4;Homens;1152;60 a 64 anos;11754
Indicador  3.4.1;1755;7.45;42;Santa Catarina;11754;2019;4;Homens;1153;65 a 69 anos;11754
Indicador  3.4.1;1755;11.65;42;Santa Catarina;11754;2019;5;Mulheres;56742;30 a 69 anos;11754
Indicador  3.4.1;1755;0.16;42;Santa Catarina;11754;2019;5;Mulheres;1146;30 a 34 anos;11754
Indicador  3.4.1;1755;0.26;42;Santa Catarina;11754;2019;5;Mulheres;1147;35 a 39 anos;11754
Indicador  3.4.1;1755;0.44;42;Santa Catarina;11754;2019;5;Mulheres;1148;40 a 44 anos;11754
Indicador  3.4.1;1755;0.70;42;Santa Catarina;11754;2019;5;Mulheres;1149;45 a 49 anos;11754
Indicador  3.4.1;1755;1.19;42;Santa Catarina;11754;2019;5;Mulheres;1150;50 a 54 anos;11754
Indicador  3.4.1;1755;1.85;42;Santa Catarina;11754;2019;5;Mulheres;1151;55 a 59 anos;11754
Indicador  3.4.1;1755;3.00;42;Santa Catarina;11754;2019;5;Mulheres;1152;60 a 64 anos;11754
Indicador  3.4.1;1755;4.60;42;Santa Catarina;11754;2019;5;Mulheres;1153;65 a 69 anos;11754
Indicador  3.4.1;1755;13.72;42;Santa Catarina;11754;2020;6794;Total;56742;30 a 69 anos;11754
Indicador  3.4.1;1755;0.13;42;Santa Catarina;11754;2020;6794;Total;1146;30 a 34 anos;11754
Indicador  3.4.1;1755;0.28;42;Santa Catarina;11754;2020;6794;Total;1147;35 a 39 anos;11754
Indicador  3.4.1;1755;0.43;42;Santa Catarina;11754;2020;6794;Total;1148;40 a 44 anos;11754
Indicador  3.4.1;1755;0.83;42;Santa Catarina;11754;2020;6794;Total;1149;45 a 49 anos;11754
Indicador  3.4.1;1755;1.42;42;Santa Catarina;11754;2020;6794;Total;1150;50 a 54 anos;11754
Indicador  3.4.1;1755;2.27;42;Santa Catarina;11754;2020;6794;Total;1151;55 a 59 anos;11754
Indicador  3.4.1;1755;3.63;42;Santa Catarina;11754;2020;6794;Total;1152;60 a 64 anos;11754
Indicador  3.4.1;1755;5.50;42;Santa Catarina;11754;2020;6794;Total;1153;65 a 69 anos;11754
Indicador  3.4.1;1755;16.52;42;Santa Catarina;11754;2020;4;Homens;56742;30 a 69 anos;11754
Indicador  3.4.1;1755;0.12;42;Santa Catarina;11754;2020;4;Homens;1146;30 a 34 anos;11754
Indicador  3.4.1;1755;0.25;42;Santa Catarina;11754;2020;4;Homens;1147;35 a 39 anos;11754
Indicador  3.4.1;1755;0.43;42;Santa Catarina;11754;2020;4;Homens;1148;40 a 44 anos;11754
Indicador  3.4.1;1755;0.91;42;Santa Catarina;11754;2020;4;Homens;1149;45 a 49 anos;11754
Indicador  3.4.1;1755;1.69;42;Santa Catarina;11754;2020;4;Homens;1150;50 a 54 anos;11754
Indicador  3.4.1;1755;2.74;42;Santa Catarina;11754;2020;4;Homens;1151;55 a 59 anos;11754
Indicador  3.4.1;1755;4.50;42;Santa Catarina;11754;2020;4;Homens;1152;60 a 64 anos;11754
Indicador  3.4.1;1755;7.01;42;Santa Catarina;11754;2020;4;Homens;1153;65 a 69 anos;11754
Indicador  3.4.1;1755;11.03;42;Santa Catarina;11754;2020;5;Mulheres;56742;30 a 69 anos;11754
Indicador  3.4.1;1755;0.15;42;Santa Catarina;11754;2020;5;Mulheres;1146;30 a 34 anos;11754
Indicador  3.4.1;1755;0.31;42;Santa Catarina;11754;2020;5;Mulheres;1147;35 a 39 anos;11754
Indicador  3.4.1;1755;0.43;42;Santa Catarina;11754;2020;5;Mulheres;1148;40 a 44 anos;11754
Indicador  3.4.1;1755;0.74;42;Santa Catarina;11754;2020;5;Mulheres;1149;45 a 49 anos;11754
Indicador  3.4.1;1755;1.16;42;Santa Catarina;11754;2020;5;Mulheres;1150;50 a 54 anos;11754
Indicador  3.4.1;1755;1.83;42;Santa Catarina;11754;2020;5;Mulheres;1151;55 a 59 anos;11754
Indicador  3.4.1;1755;2.81;42;Santa Catarina;11754;2020;5;Mulheres;1152;60 a 64 anos;11754
Indicador  3.4.1;1755;4.10;42;Santa Catarina;11754;2020;5;Mulheres;1153;65 a 69 anos;11754
Indicador  3.4.1;1755;14.24;42;Santa Catarina;11754;2021;6794;Total;56742;30 a 69 anos;11754
Indicador  3.4.1;1755;0.16;42;Santa Catarina;11754;2021;6794;Total;1146;30 a 34 anos;11754
Indicador  3.4.1;1755;0.22;42;Santa Catarina;11754;2021;6794;Total;1147;35 a 39 anos;11754
Indicador  3.4.1;1755;0.48;42;Santa Catarina;11754;2021;6794;Total;1148;40 a 44 anos;11754
Indicador  3.4.1;1755;0.85;42;Santa Catarina;11754;2021;6794;Total;1149;45 a 49 anos;11754
Indicador  3.4.1;1755;1.36;42;Santa Catarina;11754;2021;6794;Total;1150;50 a 54 anos;11754
Indicador  3.4.1;1755;2.45;42;Santa Catarina;11754;2021;6794;Total;1151;55 a 59 anos;11754
Indicador  3.4.1;1755;3.66;42;Santa Catarina;11754;2021;6794;Total;1152;60 a 64 anos;11754
Indicador  3.4.1;1755;5.88;42;Santa Catarina;11754;2021;6794;Total;1153;65 a 69 anos;11754
Indicador  3.4.1;1755;17.22;42;Santa Catarina;11754;2021;4;Homens;56742;30 a 69 anos;11754
Indicador  3.4.1;1755;0.16;42;Santa Catarina;11754;2021;4;Homens;1146;30 a 34 anos;11754
Indicador  3.4.1;1755;0.20;42;Santa Catarina;11754;2021;4;Homens;1147;35 a 39 anos;11754
Indicador  3.4.1;1755;0.49;42;Santa Catarina;11754;2021;4;Homens;1148;40 a 44 anos;11754
Indicador  3.4.1;1755;0.97;42;Santa Catarina;11754;2021;4;Homens;1149;45 a 49 anos;11754
Indicador  3.4.1;1755;1.51;42;Santa Catarina;11754;2021;4;Homens;1150;50 a 54 anos;11754
Indicador  3.4.1;1755;3.04;42;Santa Catarina;11754;2021;4;Homens;1151;55 a 59 anos;11754
Indicador  3.4.1;1755;4.68;42;Santa Catarina;11754;2021;4;Homens;1152;60 a 64 anos;11754
Indicador  3.4.1;1755;7.39;42;Santa Catarina;11754;2021;4;Homens;1153;65 a 69 anos;11754
Indicador  3.4.1;1755;11.45;42;Santa Catarina;11754;2021;5;Mulheres;56742;30 a 69 anos;11754
Indicador  3.4.1;1755;0.17;42;Santa Catarina;11754;2021;5;Mulheres;1146;30 a 34 anos;11754
Indicador  3.4.1;1755;0.24;42;Santa Catarina;11754;2021;5;Mulheres;1147;35 a 39 anos;11754
Indicador  3.4.1;1755;0.47;42;Santa Catarina;11754;2021;5;Mulheres;1148;40 a 44 anos;11754
Indicador  3.4.1;1755;0.73;42;Santa Catarina;11754;2021;5;Mulheres;1149;45 a 49 anos;11754
Indicador  3.4.1;1755;1.22;42;Santa Catarina;11754;2021;5;Mulheres;1150;50 a 54 anos;11754
Indicador  3.4.1;1755;1.89;42;Santa Catarina;11754;2021;5;Mulheres;1151;55 a 59 anos;11754
Indicador  3.4.1;1755;2.73;42;Santa Catarina;11754;2021;5;Mulheres;1152;60 a 64 anos;11754
Indicador  3.4.1;1755;4.53;42;Santa Catarina;11754;2021;5;Mulheres;1153;65 a 69 anos;11754
Indicador  3.4.1;1755;14.31;42;Santa Catarina;11754;2022;6794;Total;56742;30 a 69 anos;11754
Indicador  3.4.1;1755;0.17;42;Santa Catarina;11754;2022;6794;Total;1146;30 a 34 anos;11754
Indicador  3.4.1;1755;0.26;42;Santa Catarina;11754;2022;6794;Total;1147;35 a 39 anos;11754
Indicador  3.4.1;1755;0.51;42;Santa Catarina;11754;2022;6794;Total;1148;40 a 44 anos;11754
Indicador  3.4.1;1755;0.80;42;Santa Catarina;11754;2022;6794;Total;1149;45 a 49 anos;11754
Indicador  3.4.1;1755;1.51;42;Santa Catarina;11754;2022;6794;Total;1150;50 a 54 anos;11754
Indicador  3.4.1;1755;2.34;42;Santa Catarina;11754;2022;6794;Total;1151;55 a 59 anos;11754
Indicador  3.4.1;1755;3.80;42;Santa Catarina;11754;2022;6794;Total;1152;60 a 64 anos;11754
Indicador  3.4.1;1755;5.76;42;Santa Catarina;11754;2022;6794;Total;1153;65 a 69 anos;11754
Indicador  3.4.1;1755;17.25;42;Santa Catarina;11754;2022;4;Homens;56742;30 a 69 anos;11754
Indicador  3.4.1;1755;0.15;42;Santa Catarina;11754;2022;4;Homens;1146;30 a 34 anos;11754
Indicador  3.4.1;1755;0.24;42;Santa Catarina;11754;2022;4;Homens;1147;35 a 39 anos;11754
Indicador  3.4.1;1755;0.51;42;Santa Catarina;11754;2022;4;Homens;1148;40 a 44 anos;11754
Indicador  3.4.1;1755;0.87;42;Santa Catarina;11754;2022;4;Homens;1149;45 a 49 anos;11754
Indicador  3.4.1;1755;1.79;42;Santa Catarina;11754;2022;4;Homens;1150;50 a 54 anos;11754
Indicador  3.4.1;1755;2.92;42;Santa Catarina;11754;2022;4;Homens;1151;55 a 59 anos;11754
Indicador  3.4.1;1755;4.80;42;Santa Catarina;11754;2022;4;Homens;1152;60 a 64 anos;11754
Indicador  3.4.1;1755;7.19;42;Santa Catarina;11754;2022;4;Homens;1153;65 a 69 anos;11754
Indicador  3.4.1;1755;11.55;42;Santa Catarina;11754;2022;5;Mulheres;56742;30 a 69 anos;11754
Indicador  3.4.1;1755;0.19;42;Santa Catarina;11754;2022;5;Mulheres;1146;30 a 34 anos;11754
Indicador  3.4.1;1755;0.28;42;Santa Catarina;11754;2022;5;Mulheres;1147;35 a 39 anos;11754
Indicador  3.4.1;1755;0.51;42;Santa Catarina;11754;2022;5;Mulheres;1148;40 a 44 anos;11754
Indicador  3.4.1;1755;0.73;42;Santa Catarina;11754;2022;5;Mulheres;1149;45 a 49 anos;11754
Indicador  3.4.1;1755;1.23;42;Santa Catarina;11754;2022;5;Mulheres;1150;50 a 54 anos;11754
Indicador  3.4.1;1755;1.79;42;Santa Catarina;11754;2022;5;Mulheres;1151;55 a 59 anos;11754
Indicador  3.4.1;1755;2.89;42;Santa Catarina;11754;2022;5;Mulheres;1152;60 a 64 anos;11754
Indicador  3.4.1;1755;4.48;42;Santa Catarina;11754;2022;5;Mulheres;1153;65 a 69 anos;11754
Indicador  3.4.1;1755;15.66;43;Rio Grande do Sul;11754;2018;6794;Total;56742;30 a 69 anos;11754
Indicador  3.4.1;1755;0.15;43;Rio Grande do Sul;11754;2018;6794;Total;1146;30 a 34 anos;11754
Indicador  3.4.1;1755;0.25;43;Rio Grande do Sul;11754;2018;6794;Total;1147;35 a 39 anos;11754
Indicador  3.4.1;1755;0.49;43;Rio Grande do Sul;11754;2018;6794;Total;1148;40 a 44 anos;11754
Indicador  3.4.1;1755;0.93;43;Rio Grande do Sul;11754;2018;6794;Total;1149;45 a 49 anos;11754
Indicador  3.4.1;1755;1.57;43;Rio Grande do Sul;11754;2018;6794;Total;1150;50 a 54 anos;11754
Indicador  3.4.1;1755;2.60;43;Rio Grande do Sul;11754;2018;6794;Total;1151;55 a 59 anos;11754
Indicador  3.4.1;1755;4.19;43;Rio Grande do Sul;11754;2018;6794;Total;1152;60 a 64 anos;11754
Indicador  3.4.1;1755;6.50;43;Rio Grande do Sul;11754;2018;6794;Total;1153;65 a 69 anos;11754
Indicador  3.4.1;1755;19.05;43;Rio Grande do Sul;11754;2018;4;Homens;56742;30 a 69 anos;11754
Indicador  3.4.1;1755;0.14;43;Rio Grande do Sul;11754;2018;4;Homens;1146;30 a 34 anos;11754
Indicador  3.4.1;1755;0.24;43;Rio Grande do Sul;11754;2018;4;Homens;1147;35 a 39 anos;11754
Indicador  3.4.1;1755;0.50;43;Rio Grande do Sul;11754;2018;4;Homens;1148;40 a 44 anos;11754
Indicador  3.4.1;1755;0.97;43;Rio Grande do Sul;11754;2018;4;Homens;1149;45 a 49 anos;11754
Indicador  3.4.1;1755;1.85;43;Rio Grande do Sul;11754;2018;4;Homens;1150;50 a 54 anos;11754
Indicador  3.4.1;1755;3.25;43;Rio Grande do Sul;11754;2018;4;Homens;1151;55 a 59 anos;11754
Indicador  3.4.1;1755;5.30;43;Rio Grande do Sul;11754;2018;4;Homens;1152;60 a 64 anos;11754
Indicador  3.4.1;1755;8.30;43;Rio Grande do Sul;11754;2018;4;Homens;1153;65 a 69 anos;11754
Indicador  3.4.1;1755;12.55;43;Rio Grande do Sul;11754;2018;5;Mulheres;56742;30 a 69 anos;11754
Indicador  3.4.1;1755;0.15;43;Rio Grande do Sul;11754;2018;5;Mulheres;1146;30 a 34 anos;11754
Indicador  3.4.1;1755;0.26;43;Rio Grande do Sul;11754;2018;5;Mulheres;1147;35 a 39 anos;11754
Indicador  3.4.1;1755;0.48;43;Rio Grande do Sul;11754;2018;5;Mulheres;1148;40 a 44 anos;11754
Indicador  3.4.1;1755;0.88;43;Rio Grande do Sul;11754;2018;5;Mulheres;1149;45 a 49 anos;11754
Indicador  3.4.1;1755;1.30;43;Rio Grande do Sul;11754;2018;5;Mulheres;1150;50 a 54 anos;11754
Indicador  3.4.1;1755;2.00;43;Rio Grande do Sul;11754;2018;5;Mulheres;1151;55 a 59 anos;11754
Indicador  3.4.1;1755;3.19;43;Rio Grande do Sul;11754;2018;5;Mulheres;1152;60 a 64 anos;11754
Indicador  3.4.1;1755;4.93;43;Rio Grande do Sul;11754;2018;5;Mulheres;1153;65 a 69 anos;11754
Indicador  3.4.1;1755;15.44;43;Rio Grande do Sul;11754;2019;6794;Total;56742;30 a 69 anos;11754
Indicador  3.4.1;1755;0.16;43;Rio Grande do Sul;11754;2019;6794;Total;1146;30 a 34 anos;11754
Indicador  3.4.1;1755;0.27;43;Rio Grande do Sul;11754;2019;6794;Total;1147;35 a 39 anos;11754
Indicador  3.4.1;1755;0.50;43;Rio Grande do Sul;11754;2019;6794;Total;1148;40 a 44 anos;11754
Indicador  3.4.1;1755;0.85;43;Rio Grande do Sul;11754;2019;6794;Total;1149;45 a 49 anos;11754
Indicador  3.4.1;1755;1.50;43;Rio Grande do Sul;11754;2019;6794;Total;1150;50 a 54 anos;11754
Indicador  3.4.1;1755;2.54;43;Rio Grande do Sul;11754;2019;6794;Total;1151;55 a 59 anos;11754
Indicador  3.4.1;1755;4.25;43;Rio Grande do Sul;11754;2019;6794;Total;1152;60 a 64 anos;11754
Indicador  3.4.1;1755;6.37;43;Rio Grande do Sul;11754;2019;6794;Total;1153;65 a 69 anos;11754
Indicador  3.4.1;1755;18.36;43;Rio Grande do Sul;11754;2019;4;Homens;56742;30 a 69 anos;11754
Indicador  3.4.1;1755;0.15;43;Rio Grande do Sul;11754;2019;4;Homens;1146;30 a 34 anos;11754
Indicador  3.4.1;1755;0.25;43;Rio Grande do Sul;11754;2019;4;Homens;1147;35 a 39 anos;11754
Indicador  3.4.1;1755;0.47;43;Rio Grande do Sul;11754;2019;4;Homens;1148;40 a 44 anos;11754
Indicador  3.4.1;1755;0.85;43;Rio Grande do Sul;11754;2019;4;Homens;1149;45 a 49 anos;11754
Indicador  3.4.1;1755;1.70;43;Rio Grande do Sul;11754;2019;4;Homens;1150;50 a 54 anos;11754
Indicador  3.4.1;1755;3.11;43;Rio Grande do Sul;11754;2019;4;Homens;1151;55 a 59 anos;11754
Indicador  3.4.1;1755;5.28;43;Rio Grande do Sul;11754;2019;4;Homens;1152;60 a 64 anos;11754
Indicador  3.4.1;1755;7.92;43;Rio Grande do Sul;11754;2019;4;Homens;1153;65 a 69 anos;11754
Indicador  3.4.1;1755;12.81;43;Rio Grande do Sul;11754;2019;5;Mulheres;56742;30 a 69 anos;11754
Indicador  3.4.1;1755;0.16;43;Rio Grande do Sul;11754;2019;5;Mulheres;1146;30 a 34 anos;11754
Indicador  3.4.1;1755;0.28;43;Rio Grande do Sul;11754;2019;5;Mulheres;1147;35 a 39 anos;11754
Indicador  3.4.1;1755;0.53;43;Rio Grande do Sul;11754;2019;5;Mulheres;1148;40 a 44 anos;11754
Indicador  3.4.1;1755;0.84;43;Rio Grande do Sul;11754;2019;5;Mulheres;1149;45 a 49 anos;11754
Indicador  3.4.1;1755;1.31;43;Rio Grande do Sul;11754;2019;5;Mulheres;1150;50 a 54 anos;11754
Indicador  3.4.1;1755;2.01;43;Rio Grande do Sul;11754;2019;5;Mulheres;1151;55 a 59 anos;11754
Indicador  3.4.1;1755;3.33;43;Rio Grande do Sul;11754;2019;5;Mulheres;1152;60 a 64 anos;11754
Indicador  3.4.1;1755;5.03;43;Rio Grande do Sul;11754;2019;5;Mulheres;1153;65 a 69 anos;11754
Indicador  3.4.1;1755;14.31;43;Rio Grande do Sul;11754;2020;6794;Total;56742;30 a 69 anos;11754
Indicador  3.4.1;1755;0.16;43;Rio Grande do Sul;11754;2020;6794;Total;1146;30 a 34 anos;11754
Indicador  3.4.1;1755;0.25;43;Rio Grande do Sul;11754;2020;6794;Total;1147;35 a 39 anos;11754
Indicador  3.4.1;1755;0.46;43;Rio Grande do Sul;11754;2020;6794;Total;1148;40 a 44 anos;11754
Indicador  3.4.1;1755;0.84;43;Rio Grande do Sul;11754;2020;6794;Total;1149;45 a 49 anos;11754
Indicador  3.4.1;1755;1.43;43;Rio Grande do Sul;11754;2020;6794;Total;1150;50 a 54 anos;11754
Indicador  3.4.1;1755;2.30;43;Rio Grande do Sul;11754;2020;6794;Total;1151;55 a 59 anos;11754
Indicador  3.4.1;1755;3.93;43;Rio Grande do Sul;11754;2020;6794;Total;1152;60 a 64 anos;11754
Indicador  3.4.1;1755;5.78;43;Rio Grande do Sul;11754;2020;6794;Total;1153;65 a 69 anos;11754
Indicador  3.4.1;1755;17.19;43;Rio Grande do Sul;11754;2020;4;Homens;56742;30 a 69 anos;11754
Indicador  3.4.1;1755;0.14;43;Rio Grande do Sul;11754;2020;4;Homens;1146;30 a 34 anos;11754
Indicador  3.4.1;1755;0.23;43;Rio Grande do Sul;11754;2020;4;Homens;1147;35 a 39 anos;11754
Indicador  3.4.1;1755;0.45;43;Rio Grande do Sul;11754;2020;4;Homens;1148;40 a 44 anos;11754
Indicador  3.4.1;1755;0.91;43;Rio Grande do Sul;11754;2020;4;Homens;1149;45 a 49 anos;11754
Indicador  3.4.1;1755;1.61;43;Rio Grande do Sul;11754;2020;4;Homens;1150;50 a 54 anos;11754
Indicador  3.4.1;1755;2.76;43;Rio Grande do Sul;11754;2020;4;Homens;1151;55 a 59 anos;11754
Indicador  3.4.1;1755;4.89;43;Rio Grande do Sul;11754;2020;4;Homens;1152;60 a 64 anos;11754
Indicador  3.4.1;1755;7.41;43;Rio Grande do Sul;11754;2020;4;Homens;1153;65 a 69 anos;11754
Indicador  3.4.1;1755;11.70;43;Rio Grande do Sul;11754;2020;5;Mulheres;56742;30 a 69 anos;11754
Indicador  3.4.1;1755;0.18;43;Rio Grande do Sul;11754;2020;5;Mulheres;1146;30 a 34 anos;11754
Indicador  3.4.1;1755;0.27;43;Rio Grande do Sul;11754;2020;5;Mulheres;1147;35 a 39 anos;11754
Indicador  3.4.1;1755;0.48;43;Rio Grande do Sul;11754;2020;5;Mulheres;1148;40 a 44 anos;11754
Indicador  3.4.1;1755;0.77;43;Rio Grande do Sul;11754;2020;5;Mulheres;1149;45 a 49 anos;11754
Indicador  3.4.1;1755;1.25;43;Rio Grande do Sul;11754;2020;5;Mulheres;1150;50 a 54 anos;11754
Indicador  3.4.1;1755;1.87;43;Rio Grande do Sul;11754;2020;5;Mulheres;1151;55 a 59 anos;11754
Indicador  3.4.1;1755;3.07;43;Rio Grande do Sul;11754;2020;5;Mulheres;1152;60 a 64 anos;11754
Indicador  3.4.1;1755;4.37;43;Rio Grande do Sul;11754;2020;5;Mulheres;1153;65 a 69 anos;11754
Indicador  3.4.1;1755;14.64;43;Rio Grande do Sul;11754;2021;6794;Total;56742;30 a 69 anos;11754
Indicador  3.4.1;1755;0.16;43;Rio Grande do Sul;11754;2021;6794;Total;1146;30 a 34 anos;11754
Indicador  3.4.1;1755;0.29;43;Rio Grande do Sul;11754;2021;6794;Total;1147;35 a 39 anos;11754
Indicador  3.4.1;1755;0.47;43;Rio Grande do Sul;11754;2021;6794;Total;1148;40 a 44 anos;11754
Indicador  3.4.1;1755;0.89;43;Rio Grande do Sul;11754;2021;6794;Total;1149;45 a 49 anos;11754
Indicador  3.4.1;1755;1.43;43;Rio Grande do Sul;11754;2021;6794;Total;1150;50 a 54 anos;11754
Indicador  3.4.1;1755;2.42;43;Rio Grande do Sul;11754;2021;6794;Total;1151;55 a 59 anos;11754
Indicador  3.4.1;1755;3.93;43;Rio Grande do Sul;11754;2021;6794;Total;1152;60 a 64 anos;11754
Indicador  3.4.1;1755;5.94;43;Rio Grande do Sul;11754;2021;6794;Total;1153;65 a 69 anos;11754
Indicador  3.4.1;1755;17.62;43;Rio Grande do Sul;11754;2021;4;Homens;56742;30 a 69 anos;11754
Indicador  3.4.1;1755;0.15;43;Rio Grande do Sul;11754;2021;4;Homens;1146;30 a 34 anos;11754
Indicador  3.4.1;1755;0.28;43;Rio Grande do Sul;11754;2021;4;Homens;1147;35 a 39 anos;11754
Indicador  3.4.1;1755;0.45;43;Rio Grande do Sul;11754;2021;4;Homens;1148;40 a 44 anos;11754
Indicador  3.4.1;1755;0.96;43;Rio Grande do Sul;11754;2021;4;Homens;1149;45 a 49 anos;11754
Indicador  3.4.1;1755;1.64;43;Rio Grande do Sul;11754;2021;4;Homens;1150;50 a 54 anos;11754
Indicador  3.4.1;1755;2.94;43;Rio Grande do Sul;11754;2021;4;Homens;1151;55 a 59 anos;11754
Indicador  3.4.1;1755;4.94;43;Rio Grande do Sul;11754;2021;4;Homens;1152;60 a 64 anos;11754
Indicador  3.4.1;1755;7.54;43;Rio Grande do Sul;11754;2021;4;Homens;1153;65 a 69 anos;11754
Indicador  3.4.1;1755;11.97;43;Rio Grande do Sul;11754;2021;5;Mulheres;56742;30 a 69 anos;11754
Indicador  3.4.1;1755;0.17;43;Rio Grande do Sul;11754;2021;5;Mulheres;1146;30 a 34 anos;11754
Indicador  3.4.1;1755;0.29;43;Rio Grande do Sul;11754;2021;5;Mulheres;1147;35 a 39 anos;11754
Indicador  3.4.1;1755;0.49;43;Rio Grande do Sul;11754;2021;5;Mulheres;1148;40 a 44 anos;11754
Indicador  3.4.1;1755;0.83;43;Rio Grande do Sul;11754;2021;5;Mulheres;1149;45 a 49 anos;11754
Indicador  3.4.1;1755;1.23;43;Rio Grande do Sul;11754;2021;5;Mulheres;1150;50 a 54 anos;11754
Indicador  3.4.1;1755;1.94;43;Rio Grande do Sul;11754;2021;5;Mulheres;1151;55 a 59 anos;11754
Indicador  3.4.1;1755;3.05;43;Rio Grande do Sul;11754;2021;5;Mulheres;1152;60 a 64 anos;11754
Indicador  3.4.1;1755;4.57;43;Rio Grande do Sul;11754;2021;5;Mulheres;1153;65 a 69 anos;11754
Indicador  3.4.1;1755;15.17;43;Rio Grande do Sul;11754;2022;6794;Total;56742;30 a 69 anos;11754
Indicador  3.4.1;1755;0.15;43;Rio Grande do Sul;11754;2022;6794;Total;1146;30 a 34 anos;11754
Indicador  3.4.1;1755;0.27;43;Rio Grande do Sul;11754;2022;6794;Total;1147;35 a 39 anos;11754
Indicador  3.4.1;1755;0.54;43;Rio Grande do Sul;11754;2022;6794;Total;1148;40 a 44 anos;11754
Indicador  3.4.1;1755;0.93;43;Rio Grande do Sul;11754;2022;6794;Total;1149;45 a 49 anos;11754
Indicador  3.4.1;1755;1.53;43;Rio Grande do Sul;11754;2022;6794;Total;1150;50 a 54 anos;11754
Indicador  3.4.1;1755;2.55;43;Rio Grande do Sul;11754;2022;6794;Total;1151;55 a 59 anos;11754
Indicador  3.4.1;1755;4.00;43;Rio Grande do Sul;11754;2022;6794;Total;1152;60 a 64 anos;11754
Indicador  3.4.1;1755;6.16;43;Rio Grande do Sul;11754;2022;6794;Total;1153;65 a 69 anos;11754
Indicador  3.4.1;1755;18.22;43;Rio Grande do Sul;11754;2022;4;Homens;56742;30 a 69 anos;11754
Indicador  3.4.1;1755;0.14;43;Rio Grande do Sul;11754;2022;4;Homens;1146;30 a 34 anos;11754
Indicador  3.4.1;1755;0.24;43;Rio Grande do Sul;11754;2022;4;Homens;1147;35 a 39 anos;11754
Indicador  3.4.1;1755;0.53;43;Rio Grande do Sul;11754;2022;4;Homens;1148;40 a 44 anos;11754
Indicador  3.4.1;1755;0.97;43;Rio Grande do Sul;11754;2022;4;Homens;1149;45 a 49 anos;11754
Indicador  3.4.1;1755;1.73;43;Rio Grande do Sul;11754;2022;4;Homens;1150;50 a 54 anos;11754
Indicador  3.4.1;1755;3.07;43;Rio Grande do Sul;11754;2022;4;Homens;1151;55 a 59 anos;11754
Indicador  3.4.1;1755;5.03;43;Rio Grande do Sul;11754;2022;4;Homens;1152;60 a 64 anos;11754
Indicador  3.4.1;1755;7.87;43;Rio Grande do Sul;11754;2022;4;Homens;1153;65 a 69 anos;11754
Indicador  3.4.1;1755;12.43;43;Rio Grande do Sul;11754;2022;5;Mulheres;56742;30 a 69 anos;11754
Indicador  3.4.1;1755;0.15;43;Rio Grande do Sul;11754;2022;5;Mulheres;1146;30 a 34 anos;11754
Indicador  3.4.1;1755;0.29;43;Rio Grande do Sul;11754;2022;5;Mulheres;1147;35 a 39 anos;11754
Indicador  3.4.1;1755;0.55;43;Rio Grande do Sul;11754;2022;5;Mulheres;1148;40 a 44 anos;11754
Indicador  3.4.1;1755;0.89;43;Rio Grande do Sul;11754;2022;5;Mulheres;1149;45 a 49 anos;11754
Indicador  3.4.1;1755;1.33;43;Rio Grande do Sul;11754;2022;5;Mulheres;1150;50 a 54 anos;11754
Indicador  3.4.1;1755;2.07;43;Rio Grande do Sul;11754;2022;5;Mulheres;1151;55 a 59 anos;11754
Indicador  3.4.1;1755;3.09;43;Rio Grande do Sul;11754;2022;5;Mulheres;1152;60 a 64 anos;11754
Indicador  3.4.1;1755;4.69;43;Rio Grande do Sul;11754;2022;5;Mulheres;1153;65 a 69 anos;11754
Indicador  3.4.1;1755;17.03;50;Mato Grosso do Sul;11754;2018;6794;Total;56742;30 a 69 anos;11754
Indicador  3.4.1;1755;0.15;50;Mato Grosso do Sul;11754;2018;6794;Total;1146;30 a 34 anos;11754
Indicador  3.4.1;1755;0.33;50;Mato Grosso do Sul;11754;2018;6794;Total;1147;35 a 39 anos;11754
Indicador  3.4.1;1755;0.59;50;Mato Grosso do Sul;11754;2018;6794;Total;1148;40 a 44 anos;11754
Indicador  3.4.1;1755;0.96;50;Mato Grosso do Sul;11754;2018;6794;Total;1149;45 a 49 anos;11754
Indicador  3.4.1;1755;1.74;50;Mato Grosso do Sul;11754;2018;6794;Total;1150;50 a 54 anos;11754
Indicador  3.4.1;1755;2.61;50;Mato Grosso do Sul;11754;2018;6794;Total;1151;55 a 59 anos;11754
Indicador  3.4.1;1755;4.68;50;Mato Grosso do Sul;11754;2018;6794;Total;1152;60 a 64 anos;11754
Indicador  3.4.1;1755;7.18;50;Mato Grosso do Sul;11754;2018;6794;Total;1153;65 a 69 anos;11754
Indicador  3.4.1;1755;20.20;50;Mato Grosso do Sul;11754;2018;4;Homens;56742;30 a 69 anos;11754
Indicador  3.4.1;1755;0.15;50;Mato Grosso do Sul;11754;2018;4;Homens;1146;30 a 34 anos;11754
Indicador  3.4.1;1755;0.32;50;Mato Grosso do Sul;11754;2018;4;Homens;1147;35 a 39 anos;11754
Indicador  3.4.1;1755;0.64;50;Mato Grosso do Sul;11754;2018;4;Homens;1148;40 a 44 anos;11754
Indicador  3.4.1;1755;1.15;50;Mato Grosso do Sul;11754;2018;4;Homens;1149;45 a 49 anos;11754
Indicador  3.4.1;1755;2.03;50;Mato Grosso do Sul;11754;2018;4;Homens;1150;50 a 54 anos;11754
Indicador  3.4.1;1755;3.20;50;Mato Grosso do Sul;11754;2018;4;Homens;1151;55 a 59 anos;11754
Indicador  3.4.1;1755;5.65;50;Mato Grosso do Sul;11754;2018;4;Homens;1152;60 a 64 anos;11754
Indicador  3.4.1;1755;8.77;50;Mato Grosso do Sul;11754;2018;4;Homens;1153;65 a 69 anos;11754
Indicador  3.4.1;1755;14.03;50;Mato Grosso do Sul;11754;2018;5;Mulheres;56742;30 a 69 anos;11754
Indicador  3.4.1;1755;0.16;50;Mato Grosso do Sul;11754;2018;5;Mulheres;1146;30 a 34 anos;11754
Indicador  3.4.1;1755;0.33;50;Mato Grosso do Sul;11754;2018;5;Mulheres;1147;35 a 39 anos;11754
Indicador  3.4.1;1755;0.53;50;Mato Grosso do Sul;11754;2018;5;Mulheres;1148;40 a 44 anos;11754
Indicador  3.4.1;1755;0.77;50;Mato Grosso do Sul;11754;2018;5;Mulheres;1149;45 a 49 anos;11754
Indicador  3.4.1;1755;1.46;50;Mato Grosso do Sul;11754;2018;5;Mulheres;1150;50 a 54 anos;11754
Indicador  3.4.1;1755;2.06;50;Mato Grosso do Sul;11754;2018;5;Mulheres;1151;55 a 59 anos;11754
Indicador  3.4.1;1755;3.79;50;Mato Grosso do Sul;11754;2018;5;Mulheres;1152;60 a 64 anos;11754
Indicador  3.4.1;1755;5.74;50;Mato Grosso do Sul;11754;2018;5;Mulheres;1153;65 a 69 anos;11754
Indicador  3.4.1;1755;15.68;50;Mato Grosso do Sul;11754;2019;6794;Total;56742;30 a 69 anos;11754
Indicador  3.4.1;1755;0.19;50;Mato Grosso do Sul;11754;2019;6794;Total;1146;30 a 34 anos;11754
Indicador  3.4.1;1755;0.35;50;Mato Grosso do Sul;11754;2019;6794;Total;1147;35 a 39 anos;11754
Indicador  3.4.1;1755;0.55;50;Mato Grosso do Sul;11754;2019;6794;Total;1148;40 a 44 anos;11754
Indicador  3.4.1;1755;0.90;50;Mato Grosso do Sul;11754;2019;6794;Total;1149;45 a 49 anos;11754
Indicador  3.4.1;1755;1.73;50;Mato Grosso do Sul;11754;2019;6794;Total;1150;50 a 54 anos;11754
Indicador  3.4.1;1755;2.45;50;Mato Grosso do Sul;11754;2019;6794;Total;1151;55 a 59 anos;11754
Indicador  3.4.1;1755;4.10;50;Mato Grosso do Sul;11754;2019;6794;Total;1152;60 a 64 anos;11754
Indicador  3.4.1;1755;6.43;50;Mato Grosso do Sul;11754;2019;6794;Total;1153;65 a 69 anos;11754
Indicador  3.4.1;1755;18.73;50;Mato Grosso do Sul;11754;2019;4;Homens;56742;30 a 69 anos;11754
Indicador  3.4.1;1755;0.16;50;Mato Grosso do Sul;11754;2019;4;Homens;1146;30 a 34 anos;11754
Indicador  3.4.1;1755;0.33;50;Mato Grosso do Sul;11754;2019;4;Homens;1147;35 a 39 anos;11754
Indicador  3.4.1;1755;0.57;50;Mato Grosso do Sul;11754;2019;4;Homens;1148;40 a 44 anos;11754
Indicador  3.4.1;1755;0.97;50;Mato Grosso do Sul;11754;2019;4;Homens;1149;45 a 49 anos;11754
Indicador  3.4.1;1755;2.06;50;Mato Grosso do Sul;11754;2019;4;Homens;1150;50 a 54 anos;11754
Indicador  3.4.1;1755;3.02;50;Mato Grosso do Sul;11754;2019;4;Homens;1151;55 a 59 anos;11754
Indicador  3.4.1;1755;5.18;50;Mato Grosso do Sul;11754;2019;4;Homens;1152;60 a 64 anos;11754
Indicador  3.4.1;1755;7.91;50;Mato Grosso do Sul;11754;2019;4;Homens;1153;65 a 69 anos;11754
Indicador  3.4.1;1755;12.81;50;Mato Grosso do Sul;11754;2019;5;Mulheres;56742;30 a 69 anos;11754
Indicador  3.4.1;1755;0.23;50;Mato Grosso do Sul;11754;2019;5;Mulheres;1146;30 a 34 anos;11754
Indicador  3.4.1;1755;0.37;50;Mato Grosso do Sul;11754;2019;5;Mulheres;1147;35 a 39 anos;11754
Indicador  3.4.1;1755;0.52;50;Mato Grosso do Sul;11754;2019;5;Mulheres;1148;40 a 44 anos;11754
Indicador  3.4.1;1755;0.83;50;Mato Grosso do Sul;11754;2019;5;Mulheres;1149;45 a 49 anos;11754
Indicador  3.4.1;1755;1.41;50;Mato Grosso do Sul;11754;2019;5;Mulheres;1150;50 a 54 anos;11754
Indicador  3.4.1;1755;1.92;50;Mato Grosso do Sul;11754;2019;5;Mulheres;1151;55 a 59 anos;11754
Indicador  3.4.1;1755;3.10;50;Mato Grosso do Sul;11754;2019;5;Mulheres;1152;60 a 64 anos;11754
Indicador  3.4.1;1755;5.09;50;Mato Grosso do Sul;11754;2019;5;Mulheres;1153;65 a 69 anos;11754
Indicador  3.4.1;1755;15.40;50;Mato Grosso do Sul;11754;2020;6794;Total;56742;30 a 69 anos;11754
Indicador  3.4.1;1755;0.22;50;Mato Grosso do Sul;11754;2020;6794;Total;1146;30 a 34 anos;11754
Indicador  3.4.1;1755;0.38;50;Mato Grosso do Sul;11754;2020;6794;Total;1147;35 a 39 anos;11754
Indicador  3.4.1;1755;0.59;50;Mato Grosso do Sul;11754;2020;6794;Total;1148;40 a 44 anos;11754
Indicador  3.4.1;1755;0.89;50;Mato Grosso do Sul;11754;2020;6794;Total;1149;45 a 49 anos;11754
Indicador  3.4.1;1755;1.51;50;Mato Grosso do Sul;11754;2020;6794;Total;1150;50 a 54 anos;11754
Indicador  3.4.1;1755;2.51;50;Mato Grosso do Sul;11754;2020;6794;Total;1151;55 a 59 anos;11754
Indicador  3.4.1;1755;4.11;50;Mato Grosso do Sul;11754;2020;6794;Total;1152;60 a 64 anos;11754
Indicador  3.4.1;1755;6.17;50;Mato Grosso do Sul;11754;2020;6794;Total;1153;65 a 69 anos;11754
Indicador  3.4.1;1755;18.66;50;Mato Grosso do Sul;11754;2020;4;Homens;56742;30 a 69 anos;11754
Indicador  3.4.1;1755;0.24;50;Mato Grosso do Sul;11754;2020;4;Homens;1146;30 a 34 anos;11754
Indicador  3.4.1;1755;0.39;50;Mato Grosso do Sul;11754;2020;4;Homens;1147;35 a 39 anos;11754
Indicador  3.4.1;1755;0.57;50;Mato Grosso do Sul;11754;2020;4;Homens;1148;40 a 44 anos;11754
Indicador  3.4.1;1755;1.10;50;Mato Grosso do Sul;11754;2020;4;Homens;1149;45 a 49 anos;11754
Indicador  3.4.1;1755;1.84;50;Mato Grosso do Sul;11754;2020;4;Homens;1150;50 a 54 anos;11754
Indicador  3.4.1;1755;3.02;50;Mato Grosso do Sul;11754;2020;4;Homens;1151;55 a 59 anos;11754
Indicador  3.4.1;1755;5.24;50;Mato Grosso do Sul;11754;2020;4;Homens;1152;60 a 64 anos;11754
Indicador  3.4.1;1755;7.72;50;Mato Grosso do Sul;11754;2020;4;Homens;1153;65 a 69 anos;11754
Indicador  3.4.1;1755;12.30;50;Mato Grosso do Sul;11754;2020;5;Mulheres;56742;30 a 69 anos;11754
Indicador  3.4.1;1755;0.19;50;Mato Grosso do Sul;11754;2020;5;Mulheres;1146;30 a 34 anos;11754
Indicador  3.4.1;1755;0.36;50;Mato Grosso do Sul;11754;2020;5;Mulheres;1147;35 a 39 anos;11754
Indicador  3.4.1;1755;0.61;50;Mato Grosso do Sul;11754;2020;5;Mulheres;1148;40 a 44 anos;11754
Indicador  3.4.1;1755;0.68;50;Mato Grosso do Sul;11754;2020;5;Mulheres;1149;45 a 49 anos;11754
Indicador  3.4.1;1755;1.19;50;Mato Grosso do Sul;11754;2020;5;Mulheres;1150;50 a 54 anos;11754
Indicador  3.4.1;1755;2.03;50;Mato Grosso do Sul;11754;2020;5;Mulheres;1151;55 a 59 anos;11754
Indicador  3.4.1;1755;3.08;50;Mato Grosso do Sul;11754;2020;5;Mulheres;1152;60 a 64 anos;11754
Indicador  3.4.1;1755;4.78;50;Mato Grosso do Sul;11754;2020;5;Mulheres;1153;65 a 69 anos;11754
Indicador  3.4.1;1755;15.77;50;Mato Grosso do Sul;11754;2021;6794;Total;56742;30 a 69 anos;11754
Indicador  3.4.1;1755;0.24;50;Mato Grosso do Sul;11754;2021;6794;Total;1146;30 a 34 anos;11754
Indicador  3.4.1;1755;0.31;50;Mato Grosso do Sul;11754;2021;6794;Total;1147;35 a 39 anos;11754
Indicador  3.4.1;1755;0.67;50;Mato Grosso do Sul;11754;2021;6794;Total;1148;40 a 44 anos;11754
Indicador  3.4.1;1755;1.03;50;Mato Grosso do Sul;11754;2021;6794;Total;1149;45 a 49 anos;11754
Indicador  3.4.1;1755;1.62;50;Mato Grosso do Sul;11754;2021;6794;Total;1150;50 a 54 anos;11754
Indicador  3.4.1;1755;2.58;50;Mato Grosso do Sul;11754;2021;6794;Total;1151;55 a 59 anos;11754
Indicador  3.4.1;1755;4.20;50;Mato Grosso do Sul;11754;2021;6794;Total;1152;60 a 64 anos;11754
Indicador  3.4.1;1755;6.17;50;Mato Grosso do Sul;11754;2021;6794;Total;1153;65 a 69 anos;11754
Indicador  3.4.1;1755;19.14;50;Mato Grosso do Sul;11754;2021;4;Homens;56742;30 a 69 anos;11754
Indicador  3.4.1;1755;0.22;50;Mato Grosso do Sul;11754;2021;4;Homens;1146;30 a 34 anos;11754
Indicador  3.4.1;1755;0.30;50;Mato Grosso do Sul;11754;2021;4;Homens;1147;35 a 39 anos;11754
Indicador  3.4.1;1755;0.76;50;Mato Grosso do Sul;11754;2021;4;Homens;1148;40 a 44 anos;11754
Indicador  3.4.1;1755;1.02;50;Mato Grosso do Sul;11754;2021;4;Homens;1149;45 a 49 anos;11754
Indicador  3.4.1;1755;2.10;50;Mato Grosso do Sul;11754;2021;4;Homens;1150;50 a 54 anos;11754
Indicador  3.4.1;1755;3.17;50;Mato Grosso do Sul;11754;2021;4;Homens;1151;55 a 59 anos;11754
Indicador  3.4.1;1755;5.31;50;Mato Grosso do Sul;11754;2021;4;Homens;1152;60 a 64 anos;11754
Indicador  3.4.1;1755;7.80;50;Mato Grosso do Sul;11754;2021;4;Homens;1153;65 a 69 anos;11754
Indicador  3.4.1;1755;12.61;50;Mato Grosso do Sul;11754;2021;5;Mulheres;56742;30 a 69 anos;11754
Indicador  3.4.1;1755;0.25;50;Mato Grosso do Sul;11754;2021;5;Mulheres;1146;30 a 34 anos;11754
Indicador  3.4.1;1755;0.32;50;Mato Grosso do Sul;11754;2021;5;Mulheres;1147;35 a 39 anos;11754
Indicador  3.4.1;1755;0.59;50;Mato Grosso do Sul;11754;2021;5;Mulheres;1148;40 a 44 anos;11754
Indicador  3.4.1;1755;1.05;50;Mato Grosso do Sul;11754;2021;5;Mulheres;1149;45 a 49 anos;11754
Indicador  3.4.1;1755;1.15;50;Mato Grosso do Sul;11754;2021;5;Mulheres;1150;50 a 54 anos;11754
Indicador  3.4.1;1755;2.04;50;Mato Grosso do Sul;11754;2021;5;Mulheres;1151;55 a 59 anos;11754
Indicador  3.4.1;1755;3.18;50;Mato Grosso do Sul;11754;2021;5;Mulheres;1152;60 a 64 anos;11754
Indicador  3.4.1;1755;4.71;50;Mato Grosso do Sul;11754;2021;5;Mulheres;1153;65 a 69 anos;11754
Indicador  3.4.1;1755;15.61;50;Mato Grosso do Sul;11754;2022;6794;Total;56742;30 a 69 anos;11754
Indicador  3.4.1;1755;0.23;50;Mato Grosso do Sul;11754;2022;6794;Total;1146;30 a 34 anos;11754
Indicador  3.4.1;1755;0.34;50;Mato Grosso do Sul;11754;2022;6794;Total;1147;35 a 39 anos;11754
Indicador  3.4.1;1755;0.52;50;Mato Grosso do Sul;11754;2022;6794;Total;1148;40 a 44 anos;11754
Indicador  3.4.1;1755;0.98;50;Mato Grosso do Sul;11754;2022;6794;Total;1149;45 a 49 anos;11754
Indicador  3.4.1;1755;1.63;50;Mato Grosso do Sul;11754;2022;6794;Total;1150;50 a 54 anos;11754
Indicador  3.4.1;1755;2.51;50;Mato Grosso do Sul;11754;2022;6794;Total;1151;55 a 59 anos;11754
Indicador  3.4.1;1755;4.16;50;Mato Grosso do Sul;11754;2022;6794;Total;1152;60 a 64 anos;11754
Indicador  3.4.1;1755;6.25;50;Mato Grosso do Sul;11754;2022;6794;Total;1153;65 a 69 anos;11754
Indicador  3.4.1;1755;19.01;50;Mato Grosso do Sul;11754;2022;4;Homens;56742;30 a 69 anos;11754
Indicador  3.4.1;1755;0.20;50;Mato Grosso do Sul;11754;2022;4;Homens;1146;30 a 34 anos;11754
Indicador  3.4.1;1755;0.33;50;Mato Grosso do Sul;11754;2022;4;Homens;1147;35 a 39 anos;11754
Indicador  3.4.1;1755;0.53;50;Mato Grosso do Sul;11754;2022;4;Homens;1148;40 a 44 anos;11754
Indicador  3.4.1;1755;1.17;50;Mato Grosso do Sul;11754;2022;4;Homens;1149;45 a 49 anos;11754
Indicador  3.4.1;1755;2.00;50;Mato Grosso do Sul;11754;2022;4;Homens;1150;50 a 54 anos;11754
Indicador  3.4.1;1755;3.18;50;Mato Grosso do Sul;11754;2022;4;Homens;1151;55 a 59 anos;11754
Indicador  3.4.1;1755;5.32;50;Mato Grosso do Sul;11754;2022;4;Homens;1152;60 a 64 anos;11754
Indicador  3.4.1;1755;7.80;50;Mato Grosso do Sul;11754;2022;4;Homens;1153;65 a 69 anos;11754
Indicador  3.4.1;1755;12.42;50;Mato Grosso do Sul;11754;2022;5;Mulheres;56742;30 a 69 anos;11754
Indicador  3.4.1;1755;0.27;50;Mato Grosso do Sul;11754;2022;5;Mulheres;1146;30 a 34 anos;11754
Indicador  3.4.1;1755;0.35;50;Mato Grosso do Sul;11754;2022;5;Mulheres;1147;35 a 39 anos;11754
Indicador  3.4.1;1755;0.51;50;Mato Grosso do Sul;11754;2022;5;Mulheres;1148;40 a 44 anos;11754
Indicador  3.4.1;1755;0.81;50;Mato Grosso do Sul;11754;2022;5;Mulheres;1149;45 a 49 anos;11754
Indicador  3.4.1;1755;1.28;50;Mato Grosso do Sul;11754;2022;5;Mulheres;1150;50 a 54 anos;11754
Indicador  3.4.1;1755;1.88;50;Mato Grosso do Sul;11754;2022;5;Mulheres;1151;55 a 59 anos;11754
Indicador  3.4.1;1755;3.11;50;Mato Grosso do Sul;11754;2022;5;Mulheres;1152;60 a 64 anos;11754
Indicador  3.4.1;1755;4.86;50;Mato Grosso do Sul;11754;2022;5;Mulheres;1153;65 a 69 anos;11754
Indicador  3.4.1;1755;14.89;51;Mato Grosso;11754;2018;6794;Total;56742;30 a 69 anos;11754
Indicador  3.4.1;1755;0.13;51;Mato Grosso;11754;2018;6794;Total;1146;30 a 34 anos;11754
Indicador  3.4.1;1755;0.30;51;Mato Grosso;11754;2018;6794;Total;1147;35 a 39 anos;11754
Indicador  3.4.1;1755;0.50;51;Mato Grosso;11754;2018;6794;Total;1148;40 a 44 anos;11754
Indicador  3.4.1;1755;0.79;51;Mato Grosso;11754;2018;6794;Total;1149;45 a 49 anos;11754
Indicador  3.4.1;1755;1.44;51;Mato Grosso;11754;2018;6794;Total;1150;50 a 54 anos;11754
Indicador  3.4.1;1755;2.30;51;Mato Grosso;11754;2018;6794;Total;1151;55 a 59 anos;11754
Indicador  3.4.1;1755;4.14;51;Mato Grosso;11754;2018;6794;Total;1152;60 a 64 anos;11754
Indicador  3.4.1;1755;6.19;51;Mato Grosso;11754;2018;6794;Total;1153;65 a 69 anos;11754
Indicador  3.4.1;1755;17.35;51;Mato Grosso;11754;2018;4;Homens;56742;30 a 69 anos;11754
Indicador  3.4.1;1755;0.15;51;Mato Grosso;11754;2018;4;Homens;1146;30 a 34 anos;11754
Indicador  3.4.1;1755;0.31;51;Mato Grosso;11754;2018;4;Homens;1147;35 a 39 anos;11754
Indicador  3.4.1;1755;0.48;51;Mato Grosso;11754;2018;4;Homens;1148;40 a 44 anos;11754
Indicador  3.4.1;1755;0.79;51;Mato Grosso;11754;2018;4;Homens;1149;45 a 49 anos;11754
Indicador  3.4.1;1755;1.67;51;Mato Grosso;11754;2018;4;Homens;1150;50 a 54 anos;11754
Indicador  3.4.1;1755;2.94;51;Mato Grosso;11754;2018;4;Homens;1151;55 a 59 anos;11754
Indicador  3.4.1;1755;5.21;51;Mato Grosso;11754;2018;4;Homens;1152;60 a 64 anos;11754
Indicador  3.4.1;1755;7.04;51;Mato Grosso;11754;2018;4;Homens;1153;65 a 69 anos;11754
Indicador  3.4.1;1755;12.25;51;Mato Grosso;11754;2018;5;Mulheres;56742;30 a 69 anos;11754
Indicador  3.4.1;1755;0.11;51;Mato Grosso;11754;2018;5;Mulheres;1146;30 a 34 anos;11754
Indicador  3.4.1;1755;0.30;51;Mato Grosso;11754;2018;5;Mulheres;1147;35 a 39 anos;11754
Indicador  3.4.1;1755;0.51;51;Mato Grosso;11754;2018;5;Mulheres;1148;40 a 44 anos;11754
Indicador  3.4.1;1755;0.79;51;Mato Grosso;11754;2018;5;Mulheres;1149;45 a 49 anos;11754
Indicador  3.4.1;1755;1.20;51;Mato Grosso;11754;2018;5;Mulheres;1150;50 a 54 anos;11754
Indicador  3.4.1;1755;1.62;51;Mato Grosso;11754;2018;5;Mulheres;1151;55 a 59 anos;11754
Indicador  3.4.1;1755;3.01;51;Mato Grosso;11754;2018;5;Mulheres;1152;60 a 64 anos;11754
Indicador  3.4.1;1755;5.31;51;Mato Grosso;11754;2018;5;Mulheres;1153;65 a 69 anos;11754
Indicador  3.4.1;1755;14.54;51;Mato Grosso;11754;2019;6794;Total;56742;30 a 69 anos;11754
Indicador  3.4.1;1755;0.15;51;Mato Grosso;11754;2019;6794;Total;1146;30 a 34 anos;11754
Indicador  3.4.1;1755;0.27;51;Mato Grosso;11754;2019;6794;Total;1147;35 a 39 anos;11754
Indicador  3.4.1;1755;0.54;51;Mato Grosso;11754;2019;6794;Total;1148;40 a 44 anos;11754
Indicador  3.4.1;1755;0.83;51;Mato Grosso;11754;2019;6794;Total;1149;45 a 49 anos;11754
Indicador  3.4.1;1755;1.45;51;Mato Grosso;11754;2019;6794;Total;1150;50 a 54 anos;11754
Indicador  3.4.1;1755;2.23;51;Mato Grosso;11754;2019;6794;Total;1151;55 a 59 anos;11754
Indicador  3.4.1;1755;3.89;51;Mato Grosso;11754;2019;6794;Total;1152;60 a 64 anos;11754
Indicador  3.4.1;1755;6.05;51;Mato Grosso;11754;2019;6794;Total;1153;65 a 69 anos;11754
Indicador  3.4.1;1755;17.20;51;Mato Grosso;11754;2019;4;Homens;56742;30 a 69 anos;11754
Indicador  3.4.1;1755;0.15;51;Mato Grosso;11754;2019;4;Homens;1146;30 a 34 anos;11754
Indicador  3.4.1;1755;0.25;51;Mato Grosso;11754;2019;4;Homens;1147;35 a 39 anos;11754
Indicador  3.4.1;1755;0.59;51;Mato Grosso;11754;2019;4;Homens;1148;40 a 44 anos;11754
Indicador  3.4.1;1755;0.88;51;Mato Grosso;11754;2019;4;Homens;1149;45 a 49 anos;11754
Indicador  3.4.1;1755;1.60;51;Mato Grosso;11754;2019;4;Homens;1150;50 a 54 anos;11754
Indicador  3.4.1;1755;2.70;51;Mato Grosso;11754;2019;4;Homens;1151;55 a 59 anos;11754
Indicador  3.4.1;1755;4.71;51;Mato Grosso;11754;2019;4;Homens;1152;60 a 64 anos;11754
Indicador  3.4.1;1755;7.52;51;Mato Grosso;11754;2019;4;Homens;1153;65 a 69 anos;11754
Indicador  3.4.1;1755;11.71;51;Mato Grosso;11754;2019;5;Mulheres;56742;30 a 69 anos;11754
Indicador  3.4.1;1755;0.15;51;Mato Grosso;11754;2019;5;Mulheres;1146;30 a 34 anos;11754
Indicador  3.4.1;1755;0.28;51;Mato Grosso;11754;2019;5;Mulheres;1147;35 a 39 anos;11754
Indicador  3.4.1;1755;0.49;51;Mato Grosso;11754;2019;5;Mulheres;1148;40 a 44 anos;11754
Indicador  3.4.1;1755;0.78;51;Mato Grosso;11754;2019;5;Mulheres;1149;45 a 49 anos;11754
Indicador  3.4.1;1755;1.29;51;Mato Grosso;11754;2019;5;Mulheres;1150;50 a 54 anos;11754
Indicador  3.4.1;1755;1.75;51;Mato Grosso;11754;2019;5;Mulheres;1151;55 a 59 anos;11754
Indicador  3.4.1;1755;3.02;51;Mato Grosso;11754;2019;5;Mulheres;1152;60 a 64 anos;11754
Indicador  3.4.1;1755;4.51;51;Mato Grosso;11754;2019;5;Mulheres;1153;65 a 69 anos;11754
Indicador  3.4.1;1755;14.07;51;Mato Grosso;11754;2020;6794;Total;56742;30 a 69 anos;11754
Indicador  3.4.1;1755;0.16;51;Mato Grosso;11754;2020;6794;Total;1146;30 a 34 anos;11754
Indicador  3.4.1;1755;0.28;51;Mato Grosso;11754;2020;6794;Total;1147;35 a 39 anos;11754
Indicador  3.4.1;1755;0.47;51;Mato Grosso;11754;2020;6794;Total;1148;40 a 44 anos;11754
Indicador  3.4.1;1755;0.76;51;Mato Grosso;11754;2020;6794;Total;1149;45 a 49 anos;11754
Indicador  3.4.1;1755;1.29;51;Mato Grosso;11754;2020;6794;Total;1150;50 a 54 anos;11754
Indicador  3.4.1;1755;2.19;51;Mato Grosso;11754;2020;6794;Total;1151;55 a 59 anos;11754
Indicador  3.4.1;1755;3.46;51;Mato Grosso;11754;2020;6794;Total;1152;60 a 64 anos;11754
Indicador  3.4.1;1755;6.26;51;Mato Grosso;11754;2020;6794;Total;1153;65 a 69 anos;11754
Indicador  3.4.1;1755;16.25;51;Mato Grosso;11754;2020;4;Homens;56742;30 a 69 anos;11754
Indicador  3.4.1;1755;0.16;51;Mato Grosso;11754;2020;4;Homens;1146;30 a 34 anos;11754
Indicador  3.4.1;1755;0.28;51;Mato Grosso;11754;2020;4;Homens;1147;35 a 39 anos;11754
Indicador  3.4.1;1755;0.45;51;Mato Grosso;11754;2020;4;Homens;1148;40 a 44 anos;11754
Indicador  3.4.1;1755;0.88;51;Mato Grosso;11754;2020;4;Homens;1149;45 a 49 anos;11754
Indicador  3.4.1;1755;1.43;51;Mato Grosso;11754;2020;4;Homens;1150;50 a 54 anos;11754
Indicador  3.4.1;1755;2.64;51;Mato Grosso;11754;2020;4;Homens;1151;55 a 59 anos;11754
Indicador  3.4.1;1755;4.10;51;Mato Grosso;11754;2020;4;Homens;1152;60 a 64 anos;11754
Indicador  3.4.1;1755;7.38;51;Mato Grosso;11754;2020;4;Homens;1153;65 a 69 anos;11754
Indicador  3.4.1;1755;11.77;51;Mato Grosso;11754;2020;5;Mulheres;56742;30 a 69 anos;11754
Indicador  3.4.1;1755;0.16;51;Mato Grosso;11754;2020;5;Mulheres;1146;30 a 34 anos;11754
Indicador  3.4.1;1755;0.28;51;Mato Grosso;11754;2020;5;Mulheres;1147;35 a 39 anos;11754
Indicador  3.4.1;1755;0.49;51;Mato Grosso;11754;2020;5;Mulheres;1148;40 a 44 anos;11754
Indicador  3.4.1;1755;0.64;51;Mato Grosso;11754;2020;5;Mulheres;1149;45 a 49 anos;11754
Indicador  3.4.1;1755;1.15;51;Mato Grosso;11754;2020;5;Mulheres;1150;50 a 54 anos;11754
Indicador  3.4.1;1755;1.71;51;Mato Grosso;11754;2020;5;Mulheres;1151;55 a 59 anos;11754
Indicador  3.4.1;1755;2.80;51;Mato Grosso;11754;2020;5;Mulheres;1152;60 a 64 anos;11754
Indicador  3.4.1;1755;5.09;51;Mato Grosso;11754;2020;5;Mulheres;1153;65 a 69 anos;11754
Indicador  3.4.1;1755;13.57;51;Mato Grosso;11754;2021;6794;Total;56742;30 a 69 anos;11754
Indicador  3.4.1;1755;0.17;51;Mato Grosso;11754;2021;6794;Total;1146;30 a 34 anos;11754
Indicador  3.4.1;1755;0.31;51;Mato Grosso;11754;2021;6794;Total;1147;35 a 39 anos;11754
Indicador  3.4.1;1755;0.50;51;Mato Grosso;11754;2021;6794;Total;1148;40 a 44 anos;11754
Indicador  3.4.1;1755;0.80;51;Mato Grosso;11754;2021;6794;Total;1149;45 a 49 anos;11754
Indicador  3.4.1;1755;1.35;51;Mato Grosso;11754;2021;6794;Total;1150;50 a 54 anos;11754
Indicador  3.4.1;1755;2.19;51;Mato Grosso;11754;2021;6794;Total;1151;55 a 59 anos;11754
Indicador  3.4.1;1755;3.33;51;Mato Grosso;11754;2021;6794;Total;1152;60 a 64 anos;11754
Indicador  3.4.1;1755;5.67;51;Mato Grosso;11754;2021;6794;Total;1153;65 a 69 anos;11754
Indicador  3.4.1;1755;15.99;51;Mato Grosso;11754;2021;4;Homens;56742;30 a 69 anos;11754
Indicador  3.4.1;1755;0.19;51;Mato Grosso;11754;2021;4;Homens;1146;30 a 34 anos;11754
Indicador  3.4.1;1755;0.33;51;Mato Grosso;11754;2021;4;Homens;1147;35 a 39 anos;11754
Indicador  3.4.1;1755;0.49;51;Mato Grosso;11754;2021;4;Homens;1148;40 a 44 anos;11754
Indicador  3.4.1;1755;0.88;51;Mato Grosso;11754;2021;4;Homens;1149;45 a 49 anos;11754
Indicador  3.4.1;1755;1.63;51;Mato Grosso;11754;2021;4;Homens;1150;50 a 54 anos;11754
Indicador  3.4.1;1755;2.65;51;Mato Grosso;11754;2021;4;Homens;1151;55 a 59 anos;11754
Indicador  3.4.1;1755;4.01;51;Mato Grosso;11754;2021;4;Homens;1152;60 a 64 anos;11754
Indicador  3.4.1;1755;6.86;51;Mato Grosso;11754;2021;4;Homens;1153;65 a 69 anos;11754
Indicador  3.4.1;1755;11.05;51;Mato Grosso;11754;2021;5;Mulheres;56742;30 a 69 anos;11754
Indicador  3.4.1;1755;0.14;51;Mato Grosso;11754;2021;5;Mulheres;1146;30 a 34 anos;11754
Indicador  3.4.1;1755;0.28;51;Mato Grosso;11754;2021;5;Mulheres;1147;35 a 39 anos;11754
Indicador  3.4.1;1755;0.51;51;Mato Grosso;11754;2021;5;Mulheres;1148;40 a 44 anos;11754
Indicador  3.4.1;1755;0.72;51;Mato Grosso;11754;2021;5;Mulheres;1149;45 a 49 anos;11754
Indicador  3.4.1;1755;1.06;51;Mato Grosso;11754;2021;5;Mulheres;1150;50 a 54 anos;11754
Indicador  3.4.1;1755;1.72;51;Mato Grosso;11754;2021;5;Mulheres;1151;55 a 59 anos;11754
Indicador  3.4.1;1755;2.64;51;Mato Grosso;11754;2021;5;Mulheres;1152;60 a 64 anos;11754
Indicador  3.4.1;1755;4.46;51;Mato Grosso;11754;2021;5;Mulheres;1153;65 a 69 anos;11754
Indicador  3.4.1;1755;13.81;51;Mato Grosso;11754;2022;6794;Total;56742;30 a 69 anos;11754
Indicador  3.4.1;1755;0.16;51;Mato Grosso;11754;2022;6794;Total;1146;30 a 34 anos;11754
Indicador  3.4.1;1755;0.28;51;Mato Grosso;11754;2022;6794;Total;1147;35 a 39 anos;11754
Indicador  3.4.1;1755;0.53;51;Mato Grosso;11754;2022;6794;Total;1148;40 a 44 anos;11754
Indicador  3.4.1;1755;0.82;51;Mato Grosso;11754;2022;6794;Total;1149;45 a 49 anos;11754
Indicador  3.4.1;1755;1.34;51;Mato Grosso;11754;2022;6794;Total;1150;50 a 54 anos;11754
Indicador  3.4.1;1755;2.20;51;Mato Grosso;11754;2022;6794;Total;1151;55 a 59 anos;11754
Indicador  3.4.1;1755;3.60;51;Mato Grosso;11754;2022;6794;Total;1152;60 a 64 anos;11754
Indicador  3.4.1;1755;5.66;51;Mato Grosso;11754;2022;6794;Total;1153;65 a 69 anos;11754
Indicador  3.4.1;1755;16.23;51;Mato Grosso;11754;2022;4;Homens;56742;30 a 69 anos;11754
Indicador  3.4.1;1755;0.20;51;Mato Grosso;11754;2022;4;Homens;1146;30 a 34 anos;11754
Indicador  3.4.1;1755;0.27;51;Mato Grosso;11754;2022;4;Homens;1147;35 a 39 anos;11754
Indicador  3.4.1;1755;0.57;51;Mato Grosso;11754;2022;4;Homens;1148;40 a 44 anos;11754
Indicador  3.4.1;1755;0.89;51;Mato Grosso;11754;2022;4;Homens;1149;45 a 49 anos;11754
Indicador  3.4.1;1755;1.59;51;Mato Grosso;11754;2022;4;Homens;1150;50 a 54 anos;11754
Indicador  3.4.1;1755;2.63;51;Mato Grosso;11754;2022;4;Homens;1151;55 a 59 anos;11754
Indicador  3.4.1;1755;4.41;51;Mato Grosso;11754;2022;4;Homens;1152;60 a 64 anos;11754
Indicador  3.4.1;1755;6.75;51;Mato Grosso;11754;2022;4;Homens;1153;65 a 69 anos;11754
Indicador  3.4.1;1755;11.32;51;Mato Grosso;11754;2022;5;Mulheres;56742;30 a 69 anos;11754
Indicador  3.4.1;1755;0.12;51;Mato Grosso;11754;2022;5;Mulheres;1146;30 a 34 anos;11754
Indicador  3.4.1;1755;0.29;51;Mato Grosso;11754;2022;5;Mulheres;1147;35 a 39 anos;11754
Indicador  3.4.1;1755;0.48;51;Mato Grosso;11754;2022;5;Mulheres;1148;40 a 44 anos;11754
Indicador  3.4.1;1755;0.76;51;Mato Grosso;11754;2022;5;Mulheres;1149;45 a 49 anos;11754
Indicador  3.4.1;1755;1.10;51;Mato Grosso;11754;2022;5;Mulheres;1150;50 a 54 anos;11754
Indicador  3.4.1;1755;1.76;51;Mato Grosso;11754;2022;5;Mulheres;1151;55 a 59 anos;11754
Indicador  3.4.1;1755;2.78;51;Mato Grosso;11754;2022;5;Mulheres;1152;60 a 64 anos;11754
Indicador  3.4.1;1755;4.55;51;Mato Grosso;11754;2022;5;Mulheres;1153;65 a 69 anos;11754
Indicador  3.4.1;1755;15.31;52;Goiás;11754;2018;6794;Total;56742;30 a 69 anos;11754
Indicador  3.4.1;1755;0.18;52;Goiás;11754;2018;6794;Total;1146;30 a 34 anos;11754
Indicador  3.4.1;1755;0.32;52;Goiás;11754;2018;6794;Total;1147;35 a 39 anos;11754
Indicador  3.4.1;1755;0.52;52;Goiás;11754;2018;6794;Total;1148;40 a 44 anos;11754
Indicador  3.4.1;1755;0.91;52;Goiás;11754;2018;6794;Total;1149;45 a 49 anos;11754
Indicador  3.4.1;1755;1.47;52;Goiás;11754;2018;6794;Total;1150;50 a 54 anos;11754
Indicador  3.4.1;1755;2.44;52;Goiás;11754;2018;6794;Total;1151;55 a 59 anos;11754
Indicador  3.4.1;1755;4.30;52;Goiás;11754;2018;6794;Total;1152;60 a 64 anos;11754
Indicador  3.4.1;1755;6.16;52;Goiás;11754;2018;6794;Total;1153;65 a 69 anos;11754
Indicador  3.4.1;1755;17.79;52;Goiás;11754;2018;4;Homens;56742;30 a 69 anos;11754
Indicador  3.4.1;1755;0.20;52;Goiás;11754;2018;4;Homens;1146;30 a 34 anos;11754
Indicador  3.4.1;1755;0.34;52;Goiás;11754;2018;4;Homens;1147;35 a 39 anos;11754
Indicador  3.4.1;1755;0.51;52;Goiás;11754;2018;4;Homens;1148;40 a 44 anos;11754
Indicador  3.4.1;1755;0.94;52;Goiás;11754;2018;4;Homens;1149;45 a 49 anos;11754
Indicador  3.4.1;1755;1.75;52;Goiás;11754;2018;4;Homens;1150;50 a 54 anos;11754
Indicador  3.4.1;1755;2.74;52;Goiás;11754;2018;4;Homens;1151;55 a 59 anos;11754
Indicador  3.4.1;1755;5.32;52;Goiás;11754;2018;4;Homens;1152;60 a 64 anos;11754
Indicador  3.4.1;1755;7.31;52;Goiás;11754;2018;4;Homens;1153;65 a 69 anos;11754
Indicador  3.4.1;1755;12.99;52;Goiás;11754;2018;5;Mulheres;56742;30 a 69 anos;11754
Indicador  3.4.1;1755;0.17;52;Goiás;11754;2018;5;Mulheres;1146;30 a 34 anos;11754
Indicador  3.4.1;1755;0.29;52;Goiás;11754;2018;5;Mulheres;1147;35 a 39 anos;11754
Indicador  3.4.1;1755;0.53;52;Goiás;11754;2018;5;Mulheres;1148;40 a 44 anos;11754
Indicador  3.4.1;1755;0.87;52;Goiás;11754;2018;5;Mulheres;1149;45 a 49 anos;11754
Indicador  3.4.1;1755;1.21;52;Goiás;11754;2018;5;Mulheres;1150;50 a 54 anos;11754
Indicador  3.4.1;1755;2.15;52;Goiás;11754;2018;5;Mulheres;1151;55 a 59 anos;11754
Indicador  3.4.1;1755;3.36;52;Goiás;11754;2018;5;Mulheres;1152;60 a 64 anos;11754
Indicador  3.4.1;1755;5.10;52;Goiás;11754;2018;5;Mulheres;1153;65 a 69 anos;11754
Indicador  3.4.1;1755;15.14;52;Goiás;11754;2019;6794;Total;56742;30 a 69 anos;11754
Indicador  3.4.1;1755;0.15;52;Goiás;11754;2019;6794;Total;1146;30 a 34 anos;11754
Indicador  3.4.1;1755;0.28;52;Goiás;11754;2019;6794;Total;1147;35 a 39 anos;11754
Indicador  3.4.1;1755;0.50;52;Goiás;11754;2019;6794;Total;1148;40 a 44 anos;11754
Indicador  3.4.1;1755;0.88;52;Goiás;11754;2019;6794;Total;1149;45 a 49 anos;11754
Indicador  3.4.1;1755;1.49;52;Goiás;11754;2019;6794;Total;1150;50 a 54 anos;11754
Indicador  3.4.1;1755;2.45;52;Goiás;11754;2019;6794;Total;1151;55 a 59 anos;11754
Indicador  3.4.1;1755;4.10;52;Goiás;11754;2019;6794;Total;1152;60 a 64 anos;11754
Indicador  3.4.1;1755;6.22;52;Goiás;11754;2019;6794;Total;1153;65 a 69 anos;11754
Indicador  3.4.1;1755;17.86;52;Goiás;11754;2019;4;Homens;56742;30 a 69 anos;11754
Indicador  3.4.1;1755;0.15;52;Goiás;11754;2019;4;Homens;1146;30 a 34 anos;11754
Indicador  3.4.1;1755;0.29;52;Goiás;11754;2019;4;Homens;1147;35 a 39 anos;11754
Indicador  3.4.1;1755;0.56;52;Goiás;11754;2019;4;Homens;1148;40 a 44 anos;11754
Indicador  3.4.1;1755;0.94;52;Goiás;11754;2019;4;Homens;1149;45 a 49 anos;11754
Indicador  3.4.1;1755;1.75;52;Goiás;11754;2019;4;Homens;1150;50 a 54 anos;11754
Indicador  3.4.1;1755;3.03;52;Goiás;11754;2019;4;Homens;1151;55 a 59 anos;11754
Indicador  3.4.1;1755;4.97;52;Goiás;11754;2019;4;Homens;1152;60 a 64 anos;11754
Indicador  3.4.1;1755;7.49;52;Goiás;11754;2019;4;Homens;1153;65 a 69 anos;11754
Indicador  3.4.1;1755;12.60;52;Goiás;11754;2019;5;Mulheres;56742;30 a 69 anos;11754
Indicador  3.4.1;1755;0.15;52;Goiás;11754;2019;5;Mulheres;1146;30 a 34 anos;11754
Indicador  3.4.1;1755;0.28;52;Goiás;11754;2019;5;Mulheres;1147;35 a 39 anos;11754
Indicador  3.4.1;1755;0.45;52;Goiás;11754;2019;5;Mulheres;1148;40 a 44 anos;11754
Indicador  3.4.1;1755;0.83;52;Goiás;11754;2019;5;Mulheres;1149;45 a 49 anos;11754
Indicador  3.4.1;1755;1.24;52;Goiás;11754;2019;5;Mulheres;1150;50 a 54 anos;11754
Indicador  3.4.1;1755;1.92;52;Goiás;11754;2019;5;Mulheres;1151;55 a 59 anos;11754
Indicador  3.4.1;1755;3.31;52;Goiás;11754;2019;5;Mulheres;1152;60 a 64 anos;11754
Indicador  3.4.1;1755;5.07;52;Goiás;11754;2019;5;Mulheres;1153;65 a 69 anos;11754
Indicador  3.4.1;1755;14.69;52;Goiás;11754;2020;6794;Total;56742;30 a 69 anos;11754
Indicador  3.4.1;1755;0.18;52;Goiás;11754;2020;6794;Total;1146;30 a 34 anos;11754
Indicador  3.4.1;1755;0.29;52;Goiás;11754;2020;6794;Total;1147;35 a 39 anos;11754
Indicador  3.4.1;1755;0.53;52;Goiás;11754;2020;6794;Total;1148;40 a 44 anos;11754
Indicador  3.4.1;1755;0.89;52;Goiás;11754;2020;6794;Total;1149;45 a 49 anos;11754
Indicador  3.4.1;1755;1.50;52;Goiás;11754;2020;6794;Total;1150;50 a 54 anos;11754
Indicador  3.4.1;1755;2.35;52;Goiás;11754;2020;6794;Total;1151;55 a 59 anos;11754
Indicador  3.4.1;1755;3.91;52;Goiás;11754;2020;6794;Total;1152;60 a 64 anos;11754
Indicador  3.4.1;1755;5.95;52;Goiás;11754;2020;6794;Total;1153;65 a 69 anos;11754
Indicador  3.4.1;1755;17.14;52;Goiás;11754;2020;4;Homens;56742;30 a 69 anos;11754
Indicador  3.4.1;1755;0.18;52;Goiás;11754;2020;4;Homens;1146;30 a 34 anos;11754
Indicador  3.4.1;1755;0.26;52;Goiás;11754;2020;4;Homens;1147;35 a 39 anos;11754
Indicador  3.4.1;1755;0.55;52;Goiás;11754;2020;4;Homens;1148;40 a 44 anos;11754
Indicador  3.4.1;1755;1.02;52;Goiás;11754;2020;4;Homens;1149;45 a 49 anos;11754
Indicador  3.4.1;1755;1.77;52;Goiás;11754;2020;4;Homens;1150;50 a 54 anos;11754
Indicador  3.4.1;1755;2.76;52;Goiás;11754;2020;4;Homens;1151;55 a 59 anos;11754
Indicador  3.4.1;1755;4.75;52;Goiás;11754;2020;4;Homens;1152;60 a 64 anos;11754
Indicador  3.4.1;1755;7.08;52;Goiás;11754;2020;4;Homens;1153;65 a 69 anos;11754
Indicador  3.4.1;1755;12.41;52;Goiás;11754;2020;5;Mulheres;56742;30 a 69 anos;11754
Indicador  3.4.1;1755;0.17;52;Goiás;11754;2020;5;Mulheres;1146;30 a 34 anos;11754
Indicador  3.4.1;1755;0.33;52;Goiás;11754;2020;5;Mulheres;1147;35 a 39 anos;11754
Indicador  3.4.1;1755;0.50;52;Goiás;11754;2020;5;Mulheres;1148;40 a 44 anos;11754
Indicador  3.4.1;1755;0.76;52;Goiás;11754;2020;5;Mulheres;1149;45 a 49 anos;11754
Indicador  3.4.1;1755;1.24;52;Goiás;11754;2020;5;Mulheres;1150;50 a 54 anos;11754
Indicador  3.4.1;1755;1.98;52;Goiás;11754;2020;5;Mulheres;1151;55 a 59 anos;11754
Indicador  3.4.1;1755;3.14;52;Goiás;11754;2020;5;Mulheres;1152;60 a 64 anos;11754
Indicador  3.4.1;1755;4.93;52;Goiás;11754;2020;5;Mulheres;1153;65 a 69 anos;11754
Indicador  3.4.1;1755;14.81;52;Goiás;11754;2021;6794;Total;56742;30 a 69 anos;11754
Indicador  3.4.1;1755;0.18;52;Goiás;11754;2021;6794;Total;1146;30 a 34 anos;11754
Indicador  3.4.1;1755;0.32;52;Goiás;11754;2021;6794;Total;1147;35 a 39 anos;11754
Indicador  3.4.1;1755;0.53;52;Goiás;11754;2021;6794;Total;1148;40 a 44 anos;11754
Indicador  3.4.1;1755;0.90;52;Goiás;11754;2021;6794;Total;1149;45 a 49 anos;11754
Indicador  3.4.1;1755;1.56;52;Goiás;11754;2021;6794;Total;1150;50 a 54 anos;11754
Indicador  3.4.1;1755;2.38;52;Goiás;11754;2021;6794;Total;1151;55 a 59 anos;11754
Indicador  3.4.1;1755;3.79;52;Goiás;11754;2021;6794;Total;1152;60 a 64 anos;11754
Indicador  3.4.1;1755;6.06;52;Goiás;11754;2021;6794;Total;1153;65 a 69 anos;11754
Indicador  3.4.1;1755;17.80;52;Goiás;11754;2021;4;Homens;56742;30 a 69 anos;11754
Indicador  3.4.1;1755;0.20;52;Goiás;11754;2021;4;Homens;1146;30 a 34 anos;11754
Indicador  3.4.1;1755;0.32;52;Goiás;11754;2021;4;Homens;1147;35 a 39 anos;11754
Indicador  3.4.1;1755;0.58;52;Goiás;11754;2021;4;Homens;1148;40 a 44 anos;11754
Indicador  3.4.1;1755;1.03;52;Goiás;11754;2021;4;Homens;1149;45 a 49 anos;11754
Indicador  3.4.1;1755;1.87;52;Goiás;11754;2021;4;Homens;1150;50 a 54 anos;11754
Indicador  3.4.1;1755;2.86;52;Goiás;11754;2021;4;Homens;1151;55 a 59 anos;11754
Indicador  3.4.1;1755;4.85;52;Goiás;11754;2021;4;Homens;1152;60 a 64 anos;11754
Indicador  3.4.1;1755;7.41;52;Goiás;11754;2021;4;Homens;1153;65 a 69 anos;11754
Indicador  3.4.1;1755;12.04;52;Goiás;11754;2021;5;Mulheres;56742;30 a 69 anos;11754
Indicador  3.4.1;1755;0.16;52;Goiás;11754;2021;5;Mulheres;1146;30 a 34 anos;11754
Indicador  3.4.1;1755;0.33;52;Goiás;11754;2021;5;Mulheres;1147;35 a 39 anos;11754
Indicador  3.4.1;1755;0.48;52;Goiás;11754;2021;5;Mulheres;1148;40 a 44 anos;11754
Indicador  3.4.1;1755;0.77;52;Goiás;11754;2021;5;Mulheres;1149;45 a 49 anos;11754
Indicador  3.4.1;1755;1.27;52;Goiás;11754;2021;5;Mulheres;1150;50 a 54 anos;11754
Indicador  3.4.1;1755;1.93;52;Goiás;11754;2021;5;Mulheres;1151;55 a 59 anos;11754
Indicador  3.4.1;1755;2.82;52;Goiás;11754;2021;5;Mulheres;1152;60 a 64 anos;11754
Indicador  3.4.1;1755;4.87;52;Goiás;11754;2021;5;Mulheres;1153;65 a 69 anos;11754
Indicador  3.4.1;1755;14.63;52;Goiás;11754;2022;6794;Total;56742;30 a 69 anos;11754
Indicador  3.4.1;1755;0.18;52;Goiás;11754;2022;6794;Total;1146;30 a 34 anos;11754
Indicador  3.4.1;1755;0.30;52;Goiás;11754;2022;6794;Total;1147;35 a 39 anos;11754
Indicador  3.4.1;1755;0.53;52;Goiás;11754;2022;6794;Total;1148;40 a 44 anos;11754
Indicador  3.4.1;1755;0.89;52;Goiás;11754;2022;6794;Total;1149;45 a 49 anos;11754
Indicador  3.4.1;1755;1.50;52;Goiás;11754;2022;6794;Total;1150;50 a 54 anos;11754
Indicador  3.4.1;1755;2.34;52;Goiás;11754;2022;6794;Total;1151;55 a 59 anos;11754
Indicador  3.4.1;1755;3.89;52;Goiás;11754;2022;6794;Total;1152;60 a 64 anos;11754
Indicador  3.4.1;1755;5.90;52;Goiás;11754;2022;6794;Total;1153;65 a 69 anos;11754
Indicador  3.4.1;1755;17.25;52;Goiás;11754;2022;4;Homens;56742;30 a 69 anos;11754
Indicador  3.4.1;1755;0.19;52;Goiás;11754;2022;4;Homens;1146;30 a 34 anos;11754
Indicador  3.4.1;1755;0.30;52;Goiás;11754;2022;4;Homens;1147;35 a 39 anos;11754
Indicador  3.4.1;1755;0.55;52;Goiás;11754;2022;4;Homens;1148;40 a 44 anos;11754
Indicador  3.4.1;1755;0.98;52;Goiás;11754;2022;4;Homens;1149;45 a 49 anos;11754
Indicador  3.4.1;1755;1.74;52;Goiás;11754;2022;4;Homens;1150;50 a 54 anos;11754
Indicador  3.4.1;1755;2.86;52;Goiás;11754;2022;4;Homens;1151;55 a 59 anos;11754
Indicador  3.4.1;1755;4.70;52;Goiás;11754;2022;4;Homens;1152;60 a 64 anos;11754
Indicador  3.4.1;1755;7.17;52;Goiás;11754;2022;4;Homens;1153;65 a 69 anos;11754
Indicador  3.4.1;1755;12.22;52;Goiás;11754;2022;5;Mulheres;56742;30 a 69 anos;11754
Indicador  3.4.1;1755;0.16;52;Goiás;11754;2022;5;Mulheres;1146;30 a 34 anos;11754
Indicador  3.4.1;1755;0.29;52;Goiás;11754;2022;5;Mulheres;1147;35 a 39 anos;11754
Indicador  3.4.1;1755;0.51;52;Goiás;11754;2022;5;Mulheres;1148;40 a 44 anos;11754
Indicador  3.4.1;1755;0.81;52;Goiás;11754;2022;5;Mulheres;1149;45 a 49 anos;11754
Indicador  3.4.1;1755;1.27;52;Goiás;11754;2022;5;Mulheres;1150;50 a 54 anos;11754
Indicador  3.4.1;1755;1.86;52;Goiás;11754;2022;5;Mulheres;1151;55 a 59 anos;11754
Indicador  3.4.1;1755;3.16;52;Goiás;11754;2022;5;Mulheres;1152;60 a 64 anos;11754
Indicador  3.4.1;1755;4.77;52;Goiás;11754;2022;5;Mulheres;1153;65 a 69 anos;11754
Indicador  3.4.1;1755;11.64;53;Distrito Federal;11754;2018;6794;Total;56742;30 a 69 anos;11754
Indicador  3.4.1;1755;0.13;53;Distrito Federal;11754;2018;6794;Total;1146;30 a 34 anos;11754
Indicador  3.4.1;1755;0.25;53;Distrito Federal;11754;2018;6794;Total;1147;35 a 39 anos;11754
Indicador  3.4.1;1755;0.37;53;Distrito Federal;11754;2018;6794;Total;1148;40 a 44 anos;11754
Indicador  3.4.1;1755;0.72;53;Distrito Federal;11754;2018;6794;Total;1149;45 a 49 anos;11754
Indicador  3.4.1;1755;1.15;53;Distrito Federal;11754;2018;6794;Total;1150;50 a 54 anos;11754
Indicador  3.4.1;1755;1.81;53;Distrito Federal;11754;2018;6794;Total;1151;55 a 59 anos;11754
Indicador  3.4.1;1755;3.10;53;Distrito Federal;11754;2018;6794;Total;1152;60 a 64 anos;11754
Indicador  3.4.1;1755;4.65;53;Distrito Federal;11754;2018;6794;Total;1153;65 a 69 anos;11754
Indicador  3.4.1;1755;13.73;53;Distrito Federal;11754;2018;4;Homens;56742;30 a 69 anos;11754
Indicador  3.4.1;1755;0.10;53;Distrito Federal;11754;2018;4;Homens;1146;30 a 34 anos;11754
Indicador  3.4.1;1755;0.27;53;Distrito Federal;11754;2018;4;Homens;1147;35 a 39 anos;11754
Indicador  3.4.1;1755;0.41;53;Distrito Federal;11754;2018;4;Homens;1148;40 a 44 anos;11754
Indicador  3.4.1;1755;0.77;53;Distrito Federal;11754;2018;4;Homens;1149;45 a 49 anos;11754
Indicador  3.4.1;1755;1.35;53;Distrito Federal;11754;2018;4;Homens;1150;50 a 54 anos;11754
Indicador  3.4.1;1755;2.22;53;Distrito Federal;11754;2018;4;Homens;1151;55 a 59 anos;11754
Indicador  3.4.1;1755;3.73;53;Distrito Federal;11754;2018;4;Homens;1152;60 a 64 anos;11754
Indicador  3.4.1;1755;5.65;53;Distrito Federal;11754;2018;4;Homens;1153;65 a 69 anos;11754
Indicador  3.4.1;1755;9.98;53;Distrito Federal;11754;2018;5;Mulheres;56742;30 a 69 anos;11754
Indicador  3.4.1;1755;0.15;53;Distrito Federal;11754;2018;5;Mulheres;1146;30 a 34 anos;11754
Indicador  3.4.1;1755;0.23;53;Distrito Federal;11754;2018;5;Mulheres;1147;35 a 39 anos;11754
Indicador  3.4.1;1755;0.34;53;Distrito Federal;11754;2018;5;Mulheres;1148;40 a 44 anos;11754
Indicador  3.4.1;1755;0.66;53;Distrito Federal;11754;2018;5;Mulheres;1149;45 a 49 anos;11754
Indicador  3.4.1;1755;0.98;53;Distrito Federal;11754;2018;5;Mulheres;1150;50 a 54 anos;11754
Indicador  3.4.1;1755;1.48;53;Distrito Federal;11754;2018;5;Mulheres;1151;55 a 59 anos;11754
Indicador  3.4.1;1755;2.62;53;Distrito Federal;11754;2018;5;Mulheres;1152;60 a 64 anos;11754
Indicador  3.4.1;1755;3.91;53;Distrito Federal;11754;2018;5;Mulheres;1153;65 a 69 anos;11754
Indicador  3.4.1;1755;11.46;53;Distrito Federal;11754;2019;6794;Total;56742;30 a 69 anos;11754
Indicador  3.4.1;1755;0.10;53;Distrito Federal;11754;2019;6794;Total;1146;30 a 34 anos;11754
Indicador  3.4.1;1755;0.25;53;Distrito Federal;11754;2019;6794;Total;1147;35 a 39 anos;11754
Indicador  3.4.1;1755;0.36;53;Distrito Federal;11754;2019;6794;Total;1148;40 a 44 anos;11754
Indicador  3.4.1;1755;0.68;53;Distrito Federal;11754;2019;6794;Total;1149;45 a 49 anos;11754
Indicador  3.4.1;1755;1.17;53;Distrito Federal;11754;2019;6794;Total;1150;50 a 54 anos;11754
Indicador  3.4.1;1755;1.81;53;Distrito Federal;11754;2019;6794;Total;1151;55 a 59 anos;11754
Indicador  3.4.1;1755;3.20;53;Distrito Federal;11754;2019;6794;Total;1152;60 a 64 anos;11754
Indicador  3.4.1;1755;4.42;53;Distrito Federal;11754;2019;6794;Total;1153;65 a 69 anos;11754
Indicador  3.4.1;1755;14.22;53;Distrito Federal;11754;2019;4;Homens;56742;30 a 69 anos;11754
Indicador  3.4.1;1755;0.11;53;Distrito Federal;11754;2019;4;Homens;1146;30 a 34 anos;11754
Indicador  3.4.1;1755;0.25;53;Distrito Federal;11754;2019;4;Homens;1147;35 a 39 anos;11754
Indicador  3.4.1;1755;0.42;53;Distrito Federal;11754;2019;4;Homens;1148;40 a 44 anos;11754
Indicador  3.4.1;1755;0.77;53;Distrito Federal;11754;2019;4;Homens;1149;45 a 49 anos;11754
Indicador  3.4.1;1755;1.37;53;Distrito Federal;11754;2019;4;Homens;1150;50 a 54 anos;11754
Indicador  3.4.1;1755;2.20;53;Distrito Federal;11754;2019;4;Homens;1151;55 a 59 anos;11754
Indicador  3.4.1;1755;4.03;53;Distrito Federal;11754;2019;4;Homens;1152;60 a 64 anos;11754
Indicador  3.4.1;1755;5.88;53;Distrito Federal;11754;2019;4;Homens;1153;65 a 69 anos;11754
Indicador  3.4.1;1755;9.27;53;Distrito Federal;11754;2019;5;Mulheres;56742;30 a 69 anos;11754
Indicador  3.4.1;1755;0.10;53;Distrito Federal;11754;2019;5;Mulheres;1146;30 a 34 anos;11754
Indicador  3.4.1;1755;0.25;53;Distrito Federal;11754;2019;5;Mulheres;1147;35 a 39 anos;11754
Indicador  3.4.1;1755;0.31;53;Distrito Federal;11754;2019;5;Mulheres;1148;40 a 44 anos;11754
Indicador  3.4.1;1755;0.60;53;Distrito Federal;11754;2019;5;Mulheres;1149;45 a 49 anos;11754
Indicador  3.4.1;1755;1.00;53;Distrito Federal;11754;2019;5;Mulheres;1150;50 a 54 anos;11754
Indicador  3.4.1;1755;1.48;53;Distrito Federal;11754;2019;5;Mulheres;1151;55 a 59 anos;11754
Indicador  3.4.1;1755;2.55;53;Distrito Federal;11754;2019;5;Mulheres;1152;60 a 64 anos;11754
Indicador  3.4.1;1755;3.33;53;Distrito Federal;11754;2019;5;Mulheres;1153;65 a 69 anos;11754
Indicador  3.4.1;1755;11.21;53;Distrito Federal;11754;2020;6794;Total;56742;30 a 69 anos;11754
Indicador  3.4.1;1755;0.11;53;Distrito Federal;11754;2020;6794;Total;1146;30 a 34 anos;11754
Indicador  3.4.1;1755;0.18;53;Distrito Federal;11754;2020;6794;Total;1147;35 a 39 anos;11754
Indicador  3.4.1;1755;0.42;53;Distrito Federal;11754;2020;6794;Total;1148;40 a 44 anos;11754
Indicador  3.4.1;1755;0.60;53;Distrito Federal;11754;2020;6794;Total;1149;45 a 49 anos;11754
Indicador  3.4.1;1755;1.01;53;Distrito Federal;11754;2020;6794;Total;1150;50 a 54 anos;11754
Indicador  3.4.1;1755;1.86;53;Distrito Federal;11754;2020;6794;Total;1151;55 a 59 anos;11754
Indicador  3.4.1;1755;3.06;53;Distrito Federal;11754;2020;6794;Total;1152;60 a 64 anos;11754
Indicador  3.4.1;1755;4.48;53;Distrito Federal;11754;2020;6794;Total;1153;65 a 69 anos;11754
Indicador  3.4.1;1755;14.00;53;Distrito Federal;11754;2020;4;Homens;56742;30 a 69 anos;11754
Indicador  3.4.1;1755;0.12;53;Distrito Federal;11754;2020;4;Homens;1146;30 a 34 anos;11754
Indicador  3.4.1;1755;0.19;53;Distrito Federal;11754;2020;4;Homens;1147;35 a 39 anos;11754
Indicador  3.4.1;1755;0.47;53;Distrito Federal;11754;2020;4;Homens;1148;40 a 44 anos;11754
Indicador  3.4.1;1755;0.72;53;Distrito Federal;11754;2020;4;Homens;1149;45 a 49 anos;11754
Indicador  3.4.1;1755;1.22;53;Distrito Federal;11754;2020;4;Homens;1150;50 a 54 anos;11754
Indicador  3.4.1;1755;2.28;53;Distrito Federal;11754;2020;4;Homens;1151;55 a 59 anos;11754
Indicador  3.4.1;1755;3.92;53;Distrito Federal;11754;2020;4;Homens;1152;60 a 64 anos;11754
Indicador  3.4.1;1755;5.86;53;Distrito Federal;11754;2020;4;Homens;1153;65 a 69 anos;11754
Indicador  3.4.1;1755;9.05;53;Distrito Federal;11754;2020;5;Mulheres;56742;30 a 69 anos;11754
Indicador  3.4.1;1755;0.11;53;Distrito Federal;11754;2020;5;Mulheres;1146;30 a 34 anos;11754
Indicador  3.4.1;1755;0.17;53;Distrito Federal;11754;2020;5;Mulheres;1147;35 a 39 anos;11754
Indicador  3.4.1;1755;0.37;53;Distrito Federal;11754;2020;5;Mulheres;1148;40 a 44 anos;11754
Indicador  3.4.1;1755;0.50;53;Distrito Federal;11754;2020;5;Mulheres;1149;45 a 49 anos;11754
Indicador  3.4.1;1755;0.85;53;Distrito Federal;11754;2020;5;Mulheres;1150;50 a 54 anos;11754
Indicador  3.4.1;1755;1.53;53;Distrito Federal;11754;2020;5;Mulheres;1151;55 a 59 anos;11754
Indicador  3.4.1;1755;2.39;53;Distrito Federal;11754;2020;5;Mulheres;1152;60 a 64 anos;11754
Indicador  3.4.1;1755;3.46;53;Distrito Federal;11754;2020;5;Mulheres;1153;65 a 69 anos;11754
Indicador  3.4.1;1755;10.98;53;Distrito Federal;11754;2021;6794;Total;56742;30 a 69 anos;11754
Indicador  3.4.1;1755;0.13;53;Distrito Federal;11754;2021;6794;Total;1146;30 a 34 anos;11754
Indicador  3.4.1;1755;0.22;53;Distrito Federal;11754;2021;6794;Total;1147;35 a 39 anos;11754
Indicador  3.4.1;1755;0.38;53;Distrito Federal;11754;2021;6794;Total;1148;40 a 44 anos;11754
Indicador  3.4.1;1755;0.67;53;Distrito Federal;11754;2021;6794;Total;1149;45 a 49 anos;11754
Indicador  3.4.1;1755;1.08;53;Distrito Federal;11754;2021;6794;Total;1150;50 a 54 anos;11754
Indicador  3.4.1;1755;1.69;53;Distrito Federal;11754;2021;6794;Total;1151;55 a 59 anos;11754
Indicador  3.4.1;1755;3.13;53;Distrito Federal;11754;2021;6794;Total;1152;60 a 64 anos;11754
Indicador  3.4.1;1755;4.16;53;Distrito Federal;11754;2021;6794;Total;1153;65 a 69 anos;11754
Indicador  3.4.1;1755;13.25;53;Distrito Federal;11754;2021;4;Homens;56742;30 a 69 anos;11754
Indicador  3.4.1;1755;0.16;53;Distrito Federal;11754;2021;4;Homens;1146;30 a 34 anos;11754
Indicador  3.4.1;1755;0.25;53;Distrito Federal;11754;2021;4;Homens;1147;35 a 39 anos;11754
Indicador  3.4.1;1755;0.43;53;Distrito Federal;11754;2021;4;Homens;1148;40 a 44 anos;11754
Indicador  3.4.1;1755;0.67;53;Distrito Federal;11754;2021;4;Homens;1149;45 a 49 anos;11754
Indicador  3.4.1;1755;1.33;53;Distrito Federal;11754;2021;4;Homens;1150;50 a 54 anos;11754
Indicador  3.4.1;1755;2.10;53;Distrito Federal;11754;2021;4;Homens;1151;55 a 59 anos;11754
Indicador  3.4.1;1755;3.93;53;Distrito Federal;11754;2021;4;Homens;1152;60 a 64 anos;11754
Indicador  3.4.1;1755;5.10;53;Distrito Federal;11754;2021;4;Homens;1153;65 a 69 anos;11754
Indicador  3.4.1;1755;9.11;53;Distrito Federal;11754;2021;5;Mulheres;56742;30 a 69 anos;11754
Indicador  3.4.1;1755;0.10;53;Distrito Federal;11754;2021;5;Mulheres;1146;30 a 34 anos;11754
Indicador  3.4.1;1755;0.20;53;Distrito Federal;11754;2021;5;Mulheres;1147;35 a 39 anos;11754
Indicador  3.4.1;1755;0.33;53;Distrito Federal;11754;2021;5;Mulheres;1148;40 a 44 anos;11754
Indicador  3.4.1;1755;0.66;53;Distrito Federal;11754;2021;5;Mulheres;1149;45 a 49 anos;11754
Indicador  3.4.1;1755;0.87;53;Distrito Federal;11754;2021;5;Mulheres;1150;50 a 54 anos;11754
Indicador  3.4.1;1755;1.35;53;Distrito Federal;11754;2021;5;Mulheres;1151;55 a 59 anos;11754
Indicador  3.4.1;1755;2.49;53;Distrito Federal;11754;2021;5;Mulheres;1152;60 a 64 anos;11754
Indicador  3.4.1;1755;3.44;53;Distrito Federal;11754;2021;5;Mulheres;1153;65 a 69 anos;11754
Indicador  3.4.1;1755;10.41;53;Distrito Federal;11754;2022;6794;Total;56742;30 a 69 anos;11754
Indicador  3.4.1;1755;0.12;53;Distrito Federal;11754;2022;6794;Total;1146;30 a 34 anos;11754
Indicador  3.4.1;1755;0.21;53;Distrito Federal;11754;2022;6794;Total;1147;35 a 39 anos;11754
Indicador  3.4.1;1755;0.40;53;Distrito Federal;11754;2022;6794;Total;1148;40 a 44 anos;11754
Indicador  3.4.1;1755;0.64;53;Distrito Federal;11754;2022;6794;Total;1149;45 a 49 anos;11754
Indicador  3.4.1;1755;1.06;53;Distrito Federal;11754;2022;6794;Total;1150;50 a 54 anos;11754
Indicador  3.4.1;1755;1.69;53;Distrito Federal;11754;2022;6794;Total;1151;55 a 59 anos;11754
Indicador  3.4.1;1755;2.73;53;Distrito Federal;11754;2022;6794;Total;1152;60 a 64 anos;11754
Indicador  3.4.1;1755;4.00;53;Distrito Federal;11754;2022;6794;Total;1153;65 a 69 anos;11754
Indicador  3.4.1;1755;12.46;53;Distrito Federal;11754;2022;4;Homens;56742;30 a 69 anos;11754
Indicador  3.4.1;1755;0.11;53;Distrito Federal;11754;2022;4;Homens;1146;30 a 34 anos;11754
Indicador  3.4.1;1755;0.21;53;Distrito Federal;11754;2022;4;Homens;1147;35 a 39 anos;11754
Indicador  3.4.1;1755;0.40;53;Distrito Federal;11754;2022;4;Homens;1148;40 a 44 anos;11754
Indicador  3.4.1;1755;0.65;53;Distrito Federal;11754;2022;4;Homens;1149;45 a 49 anos;11754
Indicador  3.4.1;1755;1.17;53;Distrito Federal;11754;2022;4;Homens;1150;50 a 54 anos;11754
Indicador  3.4.1;1755;2.16;53;Distrito Federal;11754;2022;4;Homens;1151;55 a 59 anos;11754
Indicador  3.4.1;1755;3.30;53;Distrito Federal;11754;2022;4;Homens;1152;60 a 64 anos;11754
Indicador  3.4.1;1755;5.08;53;Distrito Federal;11754;2022;4;Homens;1153;65 a 69 anos;11754
Indicador  3.4.1;1755;8.74;53;Distrito Federal;11754;2022;5;Mulheres;56742;30 a 69 anos;11754
Indicador  3.4.1;1755;0.13;53;Distrito Federal;11754;2022;5;Mulheres;1146;30 a 34 anos;11754
Indicador  3.4.1;1755;0.19;53;Distrito Federal;11754;2022;5;Mulheres;1147;35 a 39 anos;11754
Indicador  3.4.1;1755;0.39;53;Distrito Federal;11754;2022;5;Mulheres;1148;40 a 44 anos;11754
Indicador  3.4.1;1755;0.63;53;Distrito Federal;11754;2022;5;Mulheres;1149;45 a 49 anos;11754
Indicador  3.4.1;1755;0.95;53;Distrito Federal;11754;2022;5;Mulheres;1150;50 a 54 anos;11754
Indicador  3.4.1;1755;1.29;53;Distrito Federal;11754;2022;5;Mulheres;1151;55 a 59 anos;11754
Indicador  3.4.1;1755;2.28;53;Distrito Federal;11754;2022;5;Mulheres;1152;60 a 64 anos;11754
Indicador  3.4.1;1755;3.16;53;Distrito Federal;11754;2022;5;Mulheres;1153;65 a 69 anos;11754
Indicador  3.4.1;1706;303776;1;Brasil;12948;2018;6794;Total;56742;30 a 69 anos;12948
Indicador  3.4.1;1706;5836;1;Brasil;12948;2018;6794;Total;1146;30 a 34 anos;12948
Indicador  3.4.1;1706;10068;1;Brasil;12948;2018;6794;Total;1147;35 a 39 anos;12948
Indicador  3.4.1;1706;15416;1;Brasil;12948;2018;6794;Total;1148;40 a 44 anos;12948
Indicador  3.4.1;1706;24245;1;Brasil;12948;2018;6794;Total;1149;45 a 49 anos;12948
Indicador  3.4.1;1706;38440;1;Brasil;12948;2018;6794;Total;1150;50 a 54 anos;12948
Indicador  3.4.1;1706;54245;1;Brasil;12948;2018;6794;Total;1151;55 a 59 anos;12948
Indicador  3.4.1;1706;71955;1;Brasil;12948;2018;6794;Total;1152;60 a 64 anos;12948
Indicador  3.4.1;1706;83571;1;Brasil;12948;2018;6794;Total;1153;65 a 69 anos;12948
Indicador  3.4.1;1706;170799;1;Brasil;12948;2018;4;Homens;56742;30 a 69 anos;12948
Indicador  3.4.1;1706;2982;1;Brasil;12948;2018;4;Homens;1146;30 a 34 anos;12948
Indicador  3.4.1;1706;4969;1;Brasil;12948;2018;4;Homens;1147;35 a 39 anos;12948
Indicador  3.4.1;1706;7801;1;Brasil;12948;2018;4;Homens;1148;40 a 44 anos;12948
Indicador  3.4.1;1706;12851;1;Brasil;12948;2018;4;Homens;1149;45 a 49 anos;12948
Indicador  3.4.1;1706;21606;1;Brasil;12948;2018;4;Homens;1150;50 a 54 anos;12948
Indicador  3.4.1;1706;31219;1;Brasil;12948;2018;4;Homens;1151;55 a 59 anos;12948
Indicador  3.4.1;1706;41775;1;Brasil;12948;2018;4;Homens;1152;60 a 64 anos;12948
Indicador  3.4.1;1706;47596;1;Brasil;12948;2018;4;Homens;1153;65 a 69 anos;12948
Indicador  3.4.1;1706;132942;1;Brasil;12948;2018;5;Mulheres;56742;30 a 69 anos;12948
Indicador  3.4.1;1706;2853;1;Brasil;12948;2018;5;Mulheres;1146;30 a 34 anos;12948
Indicador  3.4.1;1706;5099;1;Brasil;12948;2018;5;Mulheres;1147;35 a 39 anos;12948
Indicador  3.4.1;1706;7610;1;Brasil;12948;2018;5;Mulheres;1148;40 a 44 anos;12948
Indicador  3.4.1;1706;11394;1;Brasil;12948;2018;5;Mulheres;1149;45 a 49 anos;12948
Indicador  3.4.1;1706;16829;1;Brasil;12948;2018;5;Mulheres;1150;50 a 54 anos;12948
Indicador  3.4.1;1706;23019;1;Brasil;12948;2018;5;Mulheres;1151;55 a 59 anos;12948
Indicador  3.4.1;1706;30175;1;Brasil;12948;2018;5;Mulheres;1152;60 a 64 anos;12948
Indicador  3.4.1;1706;35963;1;Brasil;12948;2018;5;Mulheres;1153;65 a 69 anos;12948
Indicador  3.4.1;1706;308511;1;Brasil;12948;2019;6794;Total;56742;30 a 69 anos;12948
Indicador  3.4.1;1706;5871;1;Brasil;12948;2019;6794;Total;1146;30 a 34 anos;12948
Indicador  3.4.1;1706;9907;1;Brasil;12948;2019;6794;Total;1147;35 a 39 anos;12948
Indicador  3.4.1;1706;15899;1;Brasil;12948;2019;6794;Total;1148;40 a 44 anos;12948
Indicador  3.4.1;1706;23934;1;Brasil;12948;2019;6794;Total;1149;45 a 49 anos;12948
Indicador  3.4.1;1706;38106;1;Brasil;12948;2019;6794;Total;1150;50 a 54 anos;12948
Indicador  3.4.1;1706;55056;1;Brasil;12948;2019;6794;Total;1151;55 a 59 anos;12948
Indicador  3.4.1;1706;73292;1;Brasil;12948;2019;6794;Total;1152;60 a 64 anos;12948
Indicador  3.4.1;1706;86446;1;Brasil;12948;2019;6794;Total;1153;65 a 69 anos;12948
Indicador  3.4.1;1706;173207;1;Brasil;12948;2019;4;Homens;56742;30 a 69 anos;12948
Indicador  3.4.1;1706;2977;1;Brasil;12948;2019;4;Homens;1146;30 a 34 anos;12948
Indicador  3.4.1;1706;4925;1;Brasil;12948;2019;4;Homens;1147;35 a 39 anos;12948
Indicador  3.4.1;1706;8076;1;Brasil;12948;2019;4;Homens;1148;40 a 44 anos;12948
Indicador  3.4.1;1706;12673;1;Brasil;12948;2019;4;Homens;1149;45 a 49 anos;12948
Indicador  3.4.1;1706;21397;1;Brasil;12948;2019;4;Homens;1150;50 a 54 anos;12948
Indicador  3.4.1;1706;31663;1;Brasil;12948;2019;4;Homens;1151;55 a 59 anos;12948
Indicador  3.4.1;1706;42343;1;Brasil;12948;2019;4;Homens;1152;60 a 64 anos;12948
Indicador  3.4.1;1706;49153;1;Brasil;12948;2019;4;Homens;1153;65 a 69 anos;12948
Indicador  3.4.1;1706;135292;1;Brasil;12948;2019;5;Mulheres;56742;30 a 69 anos;12948
Indicador  3.4.1;1706;2892;1;Brasil;12948;2019;5;Mulheres;1146;30 a 34 anos;12948
Indicador  3.4.1;1706;4982;1;Brasil;12948;2019;5;Mulheres;1147;35 a 39 anos;12948
Indicador  3.4.1;1706;7821;1;Brasil;12948;2019;5;Mulheres;1148;40 a 44 anos;12948
Indicador  3.4.1;1706;11260;1;Brasil;12948;2019;5;Mulheres;1149;45 a 49 anos;12948
Indicador  3.4.1;1706;16708;1;Brasil;12948;2019;5;Mulheres;1150;50 a 54 anos;12948
Indicador  3.4.1;1706;23393;1;Brasil;12948;2019;5;Mulheres;1151;55 a 59 anos;12948
Indicador  3.4.1;1706;30947;1;Brasil;12948;2019;5;Mulheres;1152;60 a 64 anos;12948
Indicador  3.4.1;1706;37289;1;Brasil;12948;2019;5;Mulheres;1153;65 a 69 anos;12948
Indicador  3.4.1;1706;307663;1;Brasil;12948;2020;6794;Total;56742;30 a 69 anos;12948
Indicador  3.4.1;1706;6056;1;Brasil;12948;2020;6794;Total;1146;30 a 34 anos;12948
Indicador  3.4.1;1706;10232;1;Brasil;12948;2020;6794;Total;1147;35 a 39 anos;12948
Indicador  3.4.1;1706;16195;1;Brasil;12948;2020;6794;Total;1148;40 a 44 anos;12948
Indicador  3.4.1;1706;24303;1;Brasil;12948;2020;6794;Total;1149;45 a 49 anos;12948
Indicador  3.4.1;1706;37557;1;Brasil;12948;2020;6794;Total;1150;50 a 54 anos;12948
Indicador  3.4.1;1706;54504;1;Brasil;12948;2020;6794;Total;1151;55 a 59 anos;12948
Indicador  3.4.1;1706;72652;1;Brasil;12948;2020;6794;Total;1152;60 a 64 anos;12948
Indicador  3.4.1;1706;86164;1;Brasil;12948;2020;6794;Total;1153;65 a 69 anos;12948
Indicador  3.4.1;1706;173176;1;Brasil;12948;2020;4;Homens;56742;30 a 69 anos;12948
Indicador  3.4.1;1706;3118;1;Brasil;12948;2020;4;Homens;1146;30 a 34 anos;12948
Indicador  3.4.1;1706;5162;1;Brasil;12948;2020;4;Homens;1147;35 a 39 anos;12948
Indicador  3.4.1;1706;8151;1;Brasil;12948;2020;4;Homens;1148;40 a 44 anos;12948
Indicador  3.4.1;1706;12941;1;Brasil;12948;2020;4;Homens;1149;45 a 49 anos;12948
Indicador  3.4.1;1706;21021;1;Brasil;12948;2020;4;Homens;1150;50 a 54 anos;12948
Indicador  3.4.1;1706;31418;1;Brasil;12948;2020;4;Homens;1151;55 a 59 anos;12948
Indicador  3.4.1;1706;41846;1;Brasil;12948;2020;4;Homens;1152;60 a 64 anos;12948
Indicador  3.4.1;1706;49519;1;Brasil;12948;2020;4;Homens;1153;65 a 69 anos;12948
Indicador  3.4.1;1706;134475;1;Brasil;12948;2020;5;Mulheres;56742;30 a 69 anos;12948
Indicador  3.4.1;1706;2938;1;Brasil;12948;2020;5;Mulheres;1146;30 a 34 anos;12948
Indicador  3.4.1;1706;5069;1;Brasil;12948;2020;5;Mulheres;1147;35 a 39 anos;12948
Indicador  3.4.1;1706;8043;1;Brasil;12948;2020;5;Mulheres;1148;40 a 44 anos;12948
Indicador  3.4.1;1706;11362;1;Brasil;12948;2020;5;Mulheres;1149;45 a 49 anos;12948
Indicador  3.4.1;1706;16534;1;Brasil;12948;2020;5;Mulheres;1150;50 a 54 anos;12948
Indicador  3.4.1;1706;23083;1;Brasil;12948;2020;5;Mulheres;1151;55 a 59 anos;12948
Indicador  3.4.1;1706;30802;1;Brasil;12948;2020;5;Mulheres;1152;60 a 64 anos;12948
Indicador  3.4.1;1706;36644;1;Brasil;12948;2020;5;Mulheres;1153;65 a 69 anos;12948
Indicador  3.4.1;1706;315989;1;Brasil;12948;2021;6794;Total;56742;30 a 69 anos;12948
Indicador  3.4.1;1706;5934;1;Brasil;12948;2021;6794;Total;1146;30 a 34 anos;12948
Indicador  3.4.1;1706;10261;1;Brasil;12948;2021;6794;Total;1147;35 a 39 anos;12948
Indicador  3.4.1;1706;16984;1;Brasil;12948;2021;6794;Total;1148;40 a 44 anos;12948
Indicador  3.4.1;1706;25254;1;Brasil;12948;2021;6794;Total;1149;45 a 49 anos;12948
Indicador  3.4.1;1706;37529;1;Brasil;12948;2021;6794;Total;1150;50 a 54 anos;12948
Indicador  3.4.1;1706;55741;1;Brasil;12948;2021;6794;Total;1151;55 a 59 anos;12948
Indicador  3.4.1;1706;74373;1;Brasil;12948;2021;6794;Total;1152;60 a 64 anos;12948
Indicador  3.4.1;1706;89913;1;Brasil;12948;2021;6794;Total;1153;65 a 69 anos;12948
Indicador  3.4.1;1706;177476;1;Brasil;12948;2021;4;Homens;56742;30 a 69 anos;12948
Indicador  3.4.1;1706;3079;1;Brasil;12948;2021;4;Homens;1146;30 a 34 anos;12948
Indicador  3.4.1;1706;5164;1;Brasil;12948;2021;4;Homens;1147;35 a 39 anos;12948
Indicador  3.4.1;1706;8739;1;Brasil;12948;2021;4;Homens;1148;40 a 44 anos;12948
Indicador  3.4.1;1706;13445;1;Brasil;12948;2021;4;Homens;1149;45 a 49 anos;12948
Indicador  3.4.1;1706;20960;1;Brasil;12948;2021;4;Homens;1150;50 a 54 anos;12948
Indicador  3.4.1;1706;31728;1;Brasil;12948;2021;4;Homens;1151;55 a 59 anos;12948
Indicador  3.4.1;1706;42993;1;Brasil;12948;2021;4;Homens;1152;60 a 64 anos;12948
Indicador  3.4.1;1706;51368;1;Brasil;12948;2021;4;Homens;1153;65 a 69 anos;12948
Indicador  3.4.1;1706;138495;1;Brasil;12948;2021;5;Mulheres;56742;30 a 69 anos;12948
Indicador  3.4.1;1706;2853;1;Brasil;12948;2021;5;Mulheres;1146;30 a 34 anos;12948
Indicador  3.4.1;1706;5095;1;Brasil;12948;2021;5;Mulheres;1147;35 a 39 anos;12948
Indicador  3.4.1;1706;8244;1;Brasil;12948;2021;5;Mulheres;1148;40 a 44 anos;12948
Indicador  3.4.1;1706;11808;1;Brasil;12948;2021;5;Mulheres;1149;45 a 49 anos;12948
Indicador  3.4.1;1706;16567;1;Brasil;12948;2021;5;Mulheres;1150;50 a 54 anos;12948
Indicador  3.4.1;1706;24011;1;Brasil;12948;2021;5;Mulheres;1151;55 a 59 anos;12948
Indicador  3.4.1;1706;31376;1;Brasil;12948;2021;5;Mulheres;1152;60 a 64 anos;12948
Indicador  3.4.1;1706;38541;1;Brasil;12948;2021;5;Mulheres;1153;65 a 69 anos;12948
Indicador  3.4.1;1706;322985;1;Brasil;12948;2022;6794;Total;56742;30 a 69 anos;12948
Indicador  3.4.1;1706;6046;1;Brasil;12948;2022;6794;Total;1146;30 a 34 anos;12948
Indicador  3.4.1;1706;10272;1;Brasil;12948;2022;6794;Total;1147;35 a 39 anos;12948
Indicador  3.4.1;1706;17529;1;Brasil;12948;2022;6794;Total;1148;40 a 44 anos;12948
Indicador  3.4.1;1706;25562;1;Brasil;12948;2022;6794;Total;1149;45 a 49 anos;12948
Indicador  3.4.1;1706;37594;1;Brasil;12948;2022;6794;Total;1150;50 a 54 anos;12948
Indicador  3.4.1;1706;56184;1;Brasil;12948;2022;6794;Total;1151;55 a 59 anos;12948
Indicador  3.4.1;1706;76098;1;Brasil;12948;2022;6794;Total;1152;60 a 64 anos;12948
Indicador  3.4.1;1706;93700;1;Brasil;12948;2022;6794;Total;1153;65 a 69 anos;12948
Indicador  3.4.1;1706;181478;1;Brasil;12948;2022;4;Homens;56742;30 a 69 anos;12948
Indicador  3.4.1;1706;3141;1;Brasil;12948;2022;4;Homens;1146;30 a 34 anos;12948
Indicador  3.4.1;1706;5079;1;Brasil;12948;2022;4;Homens;1147;35 a 39 anos;12948
Indicador  3.4.1;1706;8952;1;Brasil;12948;2022;4;Homens;1148;40 a 44 anos;12948
Indicador  3.4.1;1706;13533;1;Brasil;12948;2022;4;Homens;1149;45 a 49 anos;12948
Indicador  3.4.1;1706;21040;1;Brasil;12948;2022;4;Homens;1150;50 a 54 anos;12948
Indicador  3.4.1;1706;32445;1;Brasil;12948;2022;4;Homens;1151;55 a 59 anos;12948
Indicador  3.4.1;1706;43947;1;Brasil;12948;2022;4;Homens;1152;60 a 64 anos;12948
Indicador  3.4.1;1706;53341;1;Brasil;12948;2022;4;Homens;1153;65 a 69 anos;12948
Indicador  3.4.1;1706;141493;1;Brasil;12948;2022;5;Mulheres;56742;30 a 69 anos;12948
Indicador  3.4.1;1706;2905;1;Brasil;12948;2022;5;Mulheres;1146;30 a 34 anos;12948
Indicador  3.4.1;1706;5192;1;Brasil;12948;2022;5;Mulheres;1147;35 a 39 anos;12948
Indicador  3.4.1;1706;8577;1;Brasil;12948;2022;5;Mulheres;1148;40 a 44 anos;12948
Indicador  3.4.1;1706;12028;1;Brasil;12948;2022;5;Mulheres;1149;45 a 49 anos;12948
Indicador  3.4.1;1706;16553;1;Brasil;12948;2022;5;Mulheres;1150;50 a 54 anos;12948
Indicador  3.4.1;1706;23738;1;Brasil;12948;2022;5;Mulheres;1151;55 a 59 anos;12948
Indicador  3.4.1;1706;32149;1;Brasil;12948;2022;5;Mulheres;1152;60 a 64 anos;12948
Indicador  3.4.1;1706;40351;1;Brasil;12948;2022;5;Mulheres;1153;65 a 69 anos;12948
Indicador  3.4.1;1706;1901;11;Rondônia;12948;2018;6794;Total;56742;30 a 69 anos;12948
Indicador  3.4.1;1706;38;11;Rondônia;12948;2018;6794;Total;1146;30 a 34 anos;12948
Indicador  3.4.1;1706;72;11;Rondônia;12948;2018;6794;Total;1147;35 a 39 anos;12948
Indicador  3.4.1;1706;97;11;Rondônia;12948;2018;6794;Total;1148;40 a 44 anos;12948
Indicador  3.4.1;1706;177;11;Rondônia;12948;2018;6794;Total;1149;45 a 49 anos;12948
Indicador  3.4.1;1706;271;11;Rondônia;12948;2018;6794;Total;1150;50 a 54 anos;12948
Indicador  3.4.1;1706;329;11;Rondônia;12948;2018;6794;Total;1151;55 a 59 anos;12948
Indicador  3.4.1;1706;425;11;Rondônia;12948;2018;6794;Total;1152;60 a 64 anos;12948
Indicador  3.4.1;1706;492;11;Rondônia;12948;2018;6794;Total;1153;65 a 69 anos;12948
Indicador  3.4.1;1706;1125;11;Rondônia;12948;2018;4;Homens;56742;30 a 69 anos;12948
Indicador  3.4.1;1706;19;11;Rondônia;12948;2018;4;Homens;1146;30 a 34 anos;12948
Indicador  3.4.1;1706;31;11;Rondônia;12948;2018;4;Homens;1147;35 a 39 anos;12948
Indicador  3.4.1;1706;52;11;Rondônia;12948;2018;4;Homens;1148;40 a 44 anos;12948
Indicador  3.4.1;1706;109;11;Rondônia;12948;2018;4;Homens;1149;45 a 49 anos;12948
Indicador  3.4.1;1706;162;11;Rondônia;12948;2018;4;Homens;1150;50 a 54 anos;12948
Indicador  3.4.1;1706;209;11;Rondônia;12948;2018;4;Homens;1151;55 a 59 anos;12948
Indicador  3.4.1;1706;248;11;Rondônia;12948;2018;4;Homens;1152;60 a 64 anos;12948
Indicador  3.4.1;1706;295;11;Rondônia;12948;2018;4;Homens;1153;65 a 69 anos;12948
Indicador  3.4.1;1706;775;11;Rondônia;12948;2018;5;Mulheres;56742;30 a 69 anos;12948
Indicador  3.4.1;1706;19;11;Rondônia;12948;2018;5;Mulheres;1146;30 a 34 anos;12948
Indicador  3.4.1;1706;41;11;Rondônia;12948;2018;5;Mulheres;1147;35 a 39 anos;12948
Indicador  3.4.1;1706;45;11;Rondônia;12948;2018;5;Mulheres;1148;40 a 44 anos;12948
Indicador  3.4.1;1706;68;11;Rondônia;12948;2018;5;Mulheres;1149;45 a 49 anos;12948
Indicador  3.4.1;1706;108;11;Rondônia;12948;2018;5;Mulheres;1150;50 a 54 anos;12948
Indicador  3.4.1;1706;120;11;Rondônia;12948;2018;5;Mulheres;1151;55 a 59 anos;12948
Indicador  3.4.1;1706;177;11;Rondônia;12948;2018;5;Mulheres;1152;60 a 64 anos;12948
Indicador  3.4.1;1706;197;11;Rondônia;12948;2018;5;Mulheres;1153;65 a 69 anos;12948
Indicador  3.4.1;1706;1969;11;Rondônia;12948;2019;6794;Total;56742;30 a 69 anos;12948
Indicador  3.4.1;1706;57;11;Rondônia;12948;2019;6794;Total;1146;30 a 34 anos;12948
Indicador  3.4.1;1706;74;11;Rondônia;12948;2019;6794;Total;1147;35 a 39 anos;12948
Indicador  3.4.1;1706;117;11;Rondônia;12948;2019;6794;Total;1148;40 a 44 anos;12948
Indicador  3.4.1;1706;146;11;Rondônia;12948;2019;6794;Total;1149;45 a 49 anos;12948
Indicador  3.4.1;1706;246;11;Rondônia;12948;2019;6794;Total;1150;50 a 54 anos;12948
Indicador  3.4.1;1706;368;11;Rondônia;12948;2019;6794;Total;1151;55 a 59 anos;12948
Indicador  3.4.1;1706;429;11;Rondônia;12948;2019;6794;Total;1152;60 a 64 anos;12948
Indicador  3.4.1;1706;532;11;Rondônia;12948;2019;6794;Total;1153;65 a 69 anos;12948
Indicador  3.4.1;1706;1091;11;Rondônia;12948;2019;4;Homens;56742;30 a 69 anos;12948
Indicador  3.4.1;1706;28;11;Rondônia;12948;2019;4;Homens;1146;30 a 34 anos;12948
Indicador  3.4.1;1706;27;11;Rondônia;12948;2019;4;Homens;1147;35 a 39 anos;12948
Indicador  3.4.1;1706;59;11;Rondônia;12948;2019;4;Homens;1148;40 a 44 anos;12948
Indicador  3.4.1;1706;81;11;Rondônia;12948;2019;4;Homens;1149;45 a 49 anos;12948
Indicador  3.4.1;1706;133;11;Rondônia;12948;2019;4;Homens;1150;50 a 54 anos;12948
Indicador  3.4.1;1706;219;11;Rondônia;12948;2019;4;Homens;1151;55 a 59 anos;12948
Indicador  3.4.1;1706;241;11;Rondônia;12948;2019;4;Homens;1152;60 a 64 anos;12948
Indicador  3.4.1;1706;303;11;Rondônia;12948;2019;4;Homens;1153;65 a 69 anos;12948
Indicador  3.4.1;1706;876;11;Rondônia;12948;2019;5;Mulheres;56742;30 a 69 anos;12948
Indicador  3.4.1;1706;29;11;Rondônia;12948;2019;5;Mulheres;1146;30 a 34 anos;12948
Indicador  3.4.1;1706;47;11;Rondônia;12948;2019;5;Mulheres;1147;35 a 39 anos;12948
Indicador  3.4.1;1706;57;11;Rondônia;12948;2019;5;Mulheres;1148;40 a 44 anos;12948
Indicador  3.4.1;1706;65;11;Rondônia;12948;2019;5;Mulheres;1149;45 a 49 anos;12948
Indicador  3.4.1;1706;113;11;Rondônia;12948;2019;5;Mulheres;1150;50 a 54 anos;12948
Indicador  3.4.1;1706;149;11;Rondônia;12948;2019;5;Mulheres;1151;55 a 59 anos;12948
Indicador  3.4.1;1706;188;11;Rondônia;12948;2019;5;Mulheres;1152;60 a 64 anos;12948
Indicador  3.4.1;1706;228;11;Rondônia;12948;2019;5;Mulheres;1153;65 a 69 anos;12948
Indicador  3.4.1;1706;1984;11;Rondônia;12948;2020;6794;Total;56742;30 a 69 anos;12948
Indicador  3.4.1;1706;52;11;Rondônia;12948;2020;6794;Total;1146;30 a 34 anos;12948
Indicador  3.4.1;1706;70;11;Rondônia;12948;2020;6794;Total;1147;35 a 39 anos;12948
Indicador  3.4.1;1706;92;11;Rondônia;12948;2020;6794;Total;1148;40 a 44 anos;12948
Indicador  3.4.1;1706;177;11;Rondônia;12948;2020;6794;Total;1149;45 a 49 anos;12948
Indicador  3.4.1;1706;245;11;Rondônia;12948;2020;6794;Total;1150;50 a 54 anos;12948
Indicador  3.4.1;1706;377;11;Rondônia;12948;2020;6794;Total;1151;55 a 59 anos;12948
Indicador  3.4.1;1706;452;11;Rondônia;12948;2020;6794;Total;1152;60 a 64 anos;12948
Indicador  3.4.1;1706;519;11;Rondônia;12948;2020;6794;Total;1153;65 a 69 anos;12948
Indicador  3.4.1;1706;1156;11;Rondônia;12948;2020;4;Homens;56742;30 a 69 anos;12948
Indicador  3.4.1;1706;27;11;Rondônia;12948;2020;4;Homens;1146;30 a 34 anos;12948
Indicador  3.4.1;1706;42;11;Rondônia;12948;2020;4;Homens;1147;35 a 39 anos;12948
Indicador  3.4.1;1706;52;11;Rondônia;12948;2020;4;Homens;1148;40 a 44 anos;12948
Indicador  3.4.1;1706;92;11;Rondônia;12948;2020;4;Homens;1149;45 a 49 anos;12948
Indicador  3.4.1;1706;141;11;Rondônia;12948;2020;4;Homens;1150;50 a 54 anos;12948
Indicador  3.4.1;1706;225;11;Rondônia;12948;2020;4;Homens;1151;55 a 59 anos;12948
Indicador  3.4.1;1706;264;11;Rondônia;12948;2020;4;Homens;1152;60 a 64 anos;12948
Indicador  3.4.1;1706;313;11;Rondônia;12948;2020;4;Homens;1153;65 a 69 anos;12948
Indicador  3.4.1;1706;828;11;Rondônia;12948;2020;5;Mulheres;56742;30 a 69 anos;12948
Indicador  3.4.1;1706;25;11;Rondônia;12948;2020;5;Mulheres;1146;30 a 34 anos;12948
Indicador  3.4.1;1706;28;11;Rondônia;12948;2020;5;Mulheres;1147;35 a 39 anos;12948
Indicador  3.4.1;1706;40;11;Rondônia;12948;2020;5;Mulheres;1148;40 a 44 anos;12948
Indicador  3.4.1;1706;85;11;Rondônia;12948;2020;5;Mulheres;1149;45 a 49 anos;12948
Indicador  3.4.1;1706;104;11;Rondônia;12948;2020;5;Mulheres;1150;50 a 54 anos;12948
Indicador  3.4.1;1706;152;11;Rondônia;12948;2020;5;Mulheres;1151;55 a 59 anos;12948
Indicador  3.4.1;1706;188;11;Rondônia;12948;2020;5;Mulheres;1152;60 a 64 anos;12948
Indicador  3.4.1;1706;206;11;Rondônia;12948;2020;5;Mulheres;1153;65 a 69 anos;12948
Indicador  3.4.1;1706;2113;11;Rondônia;12948;2021;6794;Total;56742;30 a 69 anos;12948
Indicador  3.4.1;1706;56;11;Rondônia;12948;2021;6794;Total;1146;30 a 34 anos;12948
Indicador  3.4.1;1706;61;11;Rondônia;12948;2021;6794;Total;1147;35 a 39 anos;12948
Indicador  3.4.1;1706;109;11;Rondônia;12948;2021;6794;Total;1148;40 a 44 anos;12948
Indicador  3.4.1;1706;188;11;Rondônia;12948;2021;6794;Total;1149;45 a 49 anos;12948
Indicador  3.4.1;1706;292;11;Rondônia;12948;2021;6794;Total;1150;50 a 54 anos;12948
Indicador  3.4.1;1706;352;11;Rondônia;12948;2021;6794;Total;1151;55 a 59 anos;12948
Indicador  3.4.1;1706;469;11;Rondônia;12948;2021;6794;Total;1152;60 a 64 anos;12948
Indicador  3.4.1;1706;586;11;Rondônia;12948;2021;6794;Total;1153;65 a 69 anos;12948
Indicador  3.4.1;1706;1266;11;Rondônia;12948;2021;4;Homens;56742;30 a 69 anos;12948
Indicador  3.4.1;1706;33;11;Rondônia;12948;2021;4;Homens;1146;30 a 34 anos;12948
Indicador  3.4.1;1706;30;11;Rondônia;12948;2021;4;Homens;1147;35 a 39 anos;12948
Indicador  3.4.1;1706;71;11;Rondônia;12948;2021;4;Homens;1148;40 a 44 anos;12948
Indicador  3.4.1;1706;102;11;Rondônia;12948;2021;4;Homens;1149;45 a 49 anos;12948
Indicador  3.4.1;1706;171;11;Rondônia;12948;2021;4;Homens;1150;50 a 54 anos;12948
Indicador  3.4.1;1706;221;11;Rondônia;12948;2021;4;Homens;1151;55 a 59 anos;12948
Indicador  3.4.1;1706;292;11;Rondônia;12948;2021;4;Homens;1152;60 a 64 anos;12948
Indicador  3.4.1;1706;346;11;Rondônia;12948;2021;4;Homens;1153;65 a 69 anos;12948
Indicador  3.4.1;1706;847;11;Rondônia;12948;2021;5;Mulheres;56742;30 a 69 anos;12948
Indicador  3.4.1;1706;23;11;Rondônia;12948;2021;5;Mulheres;1146;30 a 34 anos;12948
Indicador  3.4.1;1706;31;11;Rondônia;12948;2021;5;Mulheres;1147;35 a 39 anos;12948
Indicador  3.4.1;1706;38;11;Rondônia;12948;2021;5;Mulheres;1148;40 a 44 anos;12948
Indicador  3.4.1;1706;86;11;Rondônia;12948;2021;5;Mulheres;1149;45 a 49 anos;12948
Indicador  3.4.1;1706;121;11;Rondônia;12948;2021;5;Mulheres;1150;50 a 54 anos;12948
Indicador  3.4.1;1706;131;11;Rondônia;12948;2021;5;Mulheres;1151;55 a 59 anos;12948
Indicador  3.4.1;1706;177;11;Rondônia;12948;2021;5;Mulheres;1152;60 a 64 anos;12948
Indicador  3.4.1;1706;240;11;Rondônia;12948;2021;5;Mulheres;1153;65 a 69 anos;12948
Indicador  3.4.1;1706;2100;11;Rondônia;12948;2022;6794;Total;56742;30 a 69 anos;12948
Indicador  3.4.1;1706;51;11;Rondônia;12948;2022;6794;Total;1146;30 a 34 anos;12948
Indicador  3.4.1;1706;72;11;Rondônia;12948;2022;6794;Total;1147;35 a 39 anos;12948
Indicador  3.4.1;1706;124;11;Rondônia;12948;2022;6794;Total;1148;40 a 44 anos;12948
Indicador  3.4.1;1706;185;11;Rondônia;12948;2022;6794;Total;1149;45 a 49 anos;12948
Indicador  3.4.1;1706;255;11;Rondônia;12948;2022;6794;Total;1150;50 a 54 anos;12948
Indicador  3.4.1;1706;375;11;Rondônia;12948;2022;6794;Total;1151;55 a 59 anos;12948
Indicador  3.4.1;1706;502;11;Rondônia;12948;2022;6794;Total;1152;60 a 64 anos;12948
Indicador  3.4.1;1706;536;11;Rondônia;12948;2022;6794;Total;1153;65 a 69 anos;12948
Indicador  3.4.1;1706;1198;11;Rondônia;12948;2022;4;Homens;56742;30 a 69 anos;12948
Indicador  3.4.1;1706;19;11;Rondônia;12948;2022;4;Homens;1146;30 a 34 anos;12948
Indicador  3.4.1;1706;32;11;Rondônia;12948;2022;4;Homens;1147;35 a 39 anos;12948
Indicador  3.4.1;1706;43;11;Rondônia;12948;2022;4;Homens;1148;40 a 44 anos;12948
Indicador  3.4.1;1706;88;11;Rondônia;12948;2022;4;Homens;1149;45 a 49 anos;12948
Indicador  3.4.1;1706;146;11;Rondônia;12948;2022;4;Homens;1150;50 a 54 anos;12948
Indicador  3.4.1;1706;230;11;Rondônia;12948;2022;4;Homens;1151;55 a 59 anos;12948
Indicador  3.4.1;1706;319;11;Rondônia;12948;2022;4;Homens;1152;60 a 64 anos;12948
Indicador  3.4.1;1706;321;11;Rondônia;12948;2022;4;Homens;1153;65 a 69 anos;12948
Indicador  3.4.1;1706;902;11;Rondônia;12948;2022;5;Mulheres;56742;30 a 69 anos;12948
Indicador  3.4.1;1706;32;11;Rondônia;12948;2022;5;Mulheres;1146;30 a 34 anos;12948
Indicador  3.4.1;1706;40;11;Rondônia;12948;2022;5;Mulheres;1147;35 a 39 anos;12948
Indicador  3.4.1;1706;81;11;Rondônia;12948;2022;5;Mulheres;1148;40 a 44 anos;12948
Indicador  3.4.1;1706;97;11;Rondônia;12948;2022;5;Mulheres;1149;45 a 49 anos;12948
Indicador  3.4.1;1706;109;11;Rondônia;12948;2022;5;Mulheres;1150;50 a 54 anos;12948
Indicador  3.4.1;1706;145;11;Rondônia;12948;2022;5;Mulheres;1151;55 a 59 anos;12948
Indicador  3.4.1;1706;183;11;Rondônia;12948;2022;5;Mulheres;1152;60 a 64 anos;12948
Indicador  3.4.1;1706;215;11;Rondônia;12948;2022;5;Mulheres;1153;65 a 69 anos;12948
Indicador  3.4.1;1706;913;12;Acre;12948;2018;6794;Total;56742;30 a 69 anos;12948
Indicador  3.4.1;1706;19;12;Acre;12948;2018;6794;Total;1146;30 a 34 anos;12948
Indicador  3.4.1;1706;46;12;Acre;12948;2018;6794;Total;1147;35 a 39 anos;12948
Indicador  3.4.1;1706;54;12;Acre;12948;2018;6794;Total;1148;40 a 44 anos;12948
Indicador  3.4.1;1706;95;12;Acre;12948;2018;6794;Total;1149;45 a 49 anos;12948
Indicador  3.4.1;1706;127;12;Acre;12948;2018;6794;Total;1150;50 a 54 anos;12948
Indicador  3.4.1;1706;139;12;Acre;12948;2018;6794;Total;1151;55 a 59 anos;12948
Indicador  3.4.1;1706;196;12;Acre;12948;2018;6794;Total;1152;60 a 64 anos;12948
Indicador  3.4.1;1706;237;12;Acre;12948;2018;6794;Total;1153;65 a 69 anos;12948
Indicador  3.4.1;1706;507;12;Acre;12948;2018;4;Homens;56742;30 a 69 anos;12948
Indicador  3.4.1;1706;13;12;Acre;12948;2018;4;Homens;1146;30 a 34 anos;12948
Indicador  3.4.1;1706;27;12;Acre;12948;2018;4;Homens;1147;35 a 39 anos;12948
Indicador  3.4.1;1706;22;12;Acre;12948;2018;4;Homens;1148;40 a 44 anos;12948
Indicador  3.4.1;1706;48;12;Acre;12948;2018;4;Homens;1149;45 a 49 anos;12948
Indicador  3.4.1;1706;71;12;Acre;12948;2018;4;Homens;1150;50 a 54 anos;12948
Indicador  3.4.1;1706;80;12;Acre;12948;2018;4;Homens;1151;55 a 59 anos;12948
Indicador  3.4.1;1706;113;12;Acre;12948;2018;4;Homens;1152;60 a 64 anos;12948
Indicador  3.4.1;1706;133;12;Acre;12948;2018;4;Homens;1153;65 a 69 anos;12948
Indicador  3.4.1;1706;406;12;Acre;12948;2018;5;Mulheres;56742;30 a 69 anos;12948
Indicador  3.4.1;1706;6;12;Acre;12948;2018;5;Mulheres;1146;30 a 34 anos;12948
Indicador  3.4.1;1706;19;12;Acre;12948;2018;5;Mulheres;1147;35 a 39 anos;12948
Indicador  3.4.1;1706;32;12;Acre;12948;2018;5;Mulheres;1148;40 a 44 anos;12948
Indicador  3.4.1;1706;47;12;Acre;12948;2018;5;Mulheres;1149;45 a 49 anos;12948
Indicador  3.4.1;1706;56;12;Acre;12948;2018;5;Mulheres;1150;50 a 54 anos;12948
Indicador  3.4.1;1706;59;12;Acre;12948;2018;5;Mulheres;1151;55 a 59 anos;12948
Indicador  3.4.1;1706;83;12;Acre;12948;2018;5;Mulheres;1152;60 a 64 anos;12948
Indicador  3.4.1;1706;104;12;Acre;12948;2018;5;Mulheres;1153;65 a 69 anos;12948
Indicador  3.4.1;1706;872;12;Acre;12948;2019;6794;Total;56742;30 a 69 anos;12948
Indicador  3.4.1;1706;25;12;Acre;12948;2019;6794;Total;1146;30 a 34 anos;12948
Indicador  3.4.1;1706;41;12;Acre;12948;2019;6794;Total;1147;35 a 39 anos;12948
Indicador  3.4.1;1706;53;12;Acre;12948;2019;6794;Total;1148;40 a 44 anos;12948
Indicador  3.4.1;1706;88;12;Acre;12948;2019;6794;Total;1149;45 a 49 anos;12948
Indicador  3.4.1;1706;119;12;Acre;12948;2019;6794;Total;1150;50 a 54 anos;12948
Indicador  3.4.1;1706;136;12;Acre;12948;2019;6794;Total;1151;55 a 59 anos;12948
Indicador  3.4.1;1706;197;12;Acre;12948;2019;6794;Total;1152;60 a 64 anos;12948
Indicador  3.4.1;1706;213;12;Acre;12948;2019;6794;Total;1153;65 a 69 anos;12948
Indicador  3.4.1;1706;479;12;Acre;12948;2019;4;Homens;56742;30 a 69 anos;12948
Indicador  3.4.1;1706;11;12;Acre;12948;2019;4;Homens;1146;30 a 34 anos;12948
Indicador  3.4.1;1706;19;12;Acre;12948;2019;4;Homens;1147;35 a 39 anos;12948
Indicador  3.4.1;1706;27;12;Acre;12948;2019;4;Homens;1148;40 a 44 anos;12948
Indicador  3.4.1;1706;46;12;Acre;12948;2019;4;Homens;1149;45 a 49 anos;12948
Indicador  3.4.1;1706;71;12;Acre;12948;2019;4;Homens;1150;50 a 54 anos;12948
Indicador  3.4.1;1706;68;12;Acre;12948;2019;4;Homens;1151;55 a 59 anos;12948
Indicador  3.4.1;1706;120;12;Acre;12948;2019;4;Homens;1152;60 a 64 anos;12948
Indicador  3.4.1;1706;117;12;Acre;12948;2019;4;Homens;1153;65 a 69 anos;12948
Indicador  3.4.1;1706;393;12;Acre;12948;2019;5;Mulheres;56742;30 a 69 anos;12948
Indicador  3.4.1;1706;14;12;Acre;12948;2019;5;Mulheres;1146;30 a 34 anos;12948
Indicador  3.4.1;1706;22;12;Acre;12948;2019;5;Mulheres;1147;35 a 39 anos;12948
Indicador  3.4.1;1706;26;12;Acre;12948;2019;5;Mulheres;1148;40 a 44 anos;12948
Indicador  3.4.1;1706;42;12;Acre;12948;2019;5;Mulheres;1149;45 a 49 anos;12948
Indicador  3.4.1;1706;48;12;Acre;12948;2019;5;Mulheres;1150;50 a 54 anos;12948
Indicador  3.4.1;1706;68;12;Acre;12948;2019;5;Mulheres;1151;55 a 59 anos;12948
Indicador  3.4.1;1706;77;12;Acre;12948;2019;5;Mulheres;1152;60 a 64 anos;12948
Indicador  3.4.1;1706;96;12;Acre;12948;2019;5;Mulheres;1153;65 a 69 anos;12948
Indicador  3.4.1;1706;809;12;Acre;12948;2020;6794;Total;56742;30 a 69 anos;12948
Indicador  3.4.1;1706;26;12;Acre;12948;2020;6794;Total;1146;30 a 34 anos;12948
Indicador  3.4.1;1706;38;12;Acre;12948;2020;6794;Total;1147;35 a 39 anos;12948
Indicador  3.4.1;1706;46;12;Acre;12948;2020;6794;Total;1148;40 a 44 anos;12948
Indicador  3.4.1;1706;80;12;Acre;12948;2020;6794;Total;1149;45 a 49 anos;12948
Indicador  3.4.1;1706;114;12;Acre;12948;2020;6794;Total;1150;50 a 54 anos;12948
Indicador  3.4.1;1706;114;12;Acre;12948;2020;6794;Total;1151;55 a 59 anos;12948
Indicador  3.4.1;1706;173;12;Acre;12948;2020;6794;Total;1152;60 a 64 anos;12948
Indicador  3.4.1;1706;218;12;Acre;12948;2020;6794;Total;1153;65 a 69 anos;12948
Indicador  3.4.1;1706;431;12;Acre;12948;2020;4;Homens;56742;30 a 69 anos;12948
Indicador  3.4.1;1706;13;12;Acre;12948;2020;4;Homens;1146;30 a 34 anos;12948
Indicador  3.4.1;1706;17;12;Acre;12948;2020;4;Homens;1147;35 a 39 anos;12948
Indicador  3.4.1;1706;23;12;Acre;12948;2020;4;Homens;1148;40 a 44 anos;12948
Indicador  3.4.1;1706;44;12;Acre;12948;2020;4;Homens;1149;45 a 49 anos;12948
Indicador  3.4.1;1706;59;12;Acre;12948;2020;4;Homens;1150;50 a 54 anos;12948
Indicador  3.4.1;1706;61;12;Acre;12948;2020;4;Homens;1151;55 a 59 anos;12948
Indicador  3.4.1;1706;97;12;Acre;12948;2020;4;Homens;1152;60 a 64 anos;12948
Indicador  3.4.1;1706;117;12;Acre;12948;2020;4;Homens;1153;65 a 69 anos;12948
Indicador  3.4.1;1706;378;12;Acre;12948;2020;5;Mulheres;56742;30 a 69 anos;12948
Indicador  3.4.1;1706;13;12;Acre;12948;2020;5;Mulheres;1146;30 a 34 anos;12948
Indicador  3.4.1;1706;21;12;Acre;12948;2020;5;Mulheres;1147;35 a 39 anos;12948
Indicador  3.4.1;1706;23;12;Acre;12948;2020;5;Mulheres;1148;40 a 44 anos;12948
Indicador  3.4.1;1706;36;12;Acre;12948;2020;5;Mulheres;1149;45 a 49 anos;12948
Indicador  3.4.1;1706;55;12;Acre;12948;2020;5;Mulheres;1150;50 a 54 anos;12948
Indicador  3.4.1;1706;53;12;Acre;12948;2020;5;Mulheres;1151;55 a 59 anos;12948
Indicador  3.4.1;1706;76;12;Acre;12948;2020;5;Mulheres;1152;60 a 64 anos;12948
Indicador  3.4.1;1706;101;12;Acre;12948;2020;5;Mulheres;1153;65 a 69 anos;12948
Indicador  3.4.1;1706;865;12;Acre;12948;2021;6794;Total;56742;30 a 69 anos;12948
Indicador  3.4.1;1706;21;12;Acre;12948;2021;6794;Total;1146;30 a 34 anos;12948
Indicador  3.4.1;1706;41;12;Acre;12948;2021;6794;Total;1147;35 a 39 anos;12948
Indicador  3.4.1;1706;73;12;Acre;12948;2021;6794;Total;1148;40 a 44 anos;12948
Indicador  3.4.1;1706;94;12;Acre;12948;2021;6794;Total;1149;45 a 49 anos;12948
Indicador  3.4.1;1706;126;12;Acre;12948;2021;6794;Total;1150;50 a 54 anos;12948
Indicador  3.4.1;1706;153;12;Acre;12948;2021;6794;Total;1151;55 a 59 anos;12948
Indicador  3.4.1;1706;167;12;Acre;12948;2021;6794;Total;1152;60 a 64 anos;12948
Indicador  3.4.1;1706;190;12;Acre;12948;2021;6794;Total;1153;65 a 69 anos;12948
Indicador  3.4.1;1706;482;12;Acre;12948;2021;4;Homens;56742;30 a 69 anos;12948
Indicador  3.4.1;1706;10;12;Acre;12948;2021;4;Homens;1146;30 a 34 anos;12948
Indicador  3.4.1;1706;19;12;Acre;12948;2021;4;Homens;1147;35 a 39 anos;12948
Indicador  3.4.1;1706;36;12;Acre;12948;2021;4;Homens;1148;40 a 44 anos;12948
Indicador  3.4.1;1706;49;12;Acre;12948;2021;4;Homens;1149;45 a 49 anos;12948
Indicador  3.4.1;1706;63;12;Acre;12948;2021;4;Homens;1150;50 a 54 anos;12948
Indicador  3.4.1;1706;91;12;Acre;12948;2021;4;Homens;1151;55 a 59 anos;12948
Indicador  3.4.1;1706;103;12;Acre;12948;2021;4;Homens;1152;60 a 64 anos;12948
Indicador  3.4.1;1706;111;12;Acre;12948;2021;4;Homens;1153;65 a 69 anos;12948
Indicador  3.4.1;1706;382;12;Acre;12948;2021;5;Mulheres;56742;30 a 69 anos;12948
Indicador  3.4.1;1706;11;12;Acre;12948;2021;5;Mulheres;1146;30 a 34 anos;12948
Indicador  3.4.1;1706;22;12;Acre;12948;2021;5;Mulheres;1147;35 a 39 anos;12948
Indicador  3.4.1;1706;37;12;Acre;12948;2021;5;Mulheres;1148;40 a 44 anos;12948
Indicador  3.4.1;1706;45;12;Acre;12948;2021;5;Mulheres;1149;45 a 49 anos;12948
Indicador  3.4.1;1706;62;12;Acre;12948;2021;5;Mulheres;1150;50 a 54 anos;12948
Indicador  3.4.1;1706;62;12;Acre;12948;2021;5;Mulheres;1151;55 a 59 anos;12948
Indicador  3.4.1;1706;64;12;Acre;12948;2021;5;Mulheres;1152;60 a 64 anos;12948
Indicador  3.4.1;1706;79;12;Acre;12948;2021;5;Mulheres;1153;65 a 69 anos;12948
Indicador  3.4.1;1706;867;12;Acre;12948;2022;6794;Total;56742;30 a 69 anos;12948
Indicador  3.4.1;1706;20;12;Acre;12948;2022;6794;Total;1146;30 a 34 anos;12948
Indicador  3.4.1;1706;26;12;Acre;12948;2022;6794;Total;1147;35 a 39 anos;12948
Indicador  3.4.1;1706;50;12;Acre;12948;2022;6794;Total;1148;40 a 44 anos;12948
Indicador  3.4.1;1706;68;12;Acre;12948;2022;6794;Total;1149;45 a 49 anos;12948
Indicador  3.4.1;1706;101;12;Acre;12948;2022;6794;Total;1150;50 a 54 anos;12948
Indicador  3.4.1;1706;178;12;Acre;12948;2022;6794;Total;1151;55 a 59 anos;12948
Indicador  3.4.1;1706;193;12;Acre;12948;2022;6794;Total;1152;60 a 64 anos;12948
Indicador  3.4.1;1706;231;12;Acre;12948;2022;6794;Total;1153;65 a 69 anos;12948
Indicador  3.4.1;1706;465;12;Acre;12948;2022;4;Homens;56742;30 a 69 anos;12948
Indicador  3.4.1;1706;10;12;Acre;12948;2022;4;Homens;1146;30 a 34 anos;12948
Indicador  3.4.1;1706;12;12;Acre;12948;2022;4;Homens;1147;35 a 39 anos;12948
Indicador  3.4.1;1706;22;12;Acre;12948;2022;4;Homens;1148;40 a 44 anos;12948
Indicador  3.4.1;1706;41;12;Acre;12948;2022;4;Homens;1149;45 a 49 anos;12948
Indicador  3.4.1;1706;55;12;Acre;12948;2022;4;Homens;1150;50 a 54 anos;12948
Indicador  3.4.1;1706;94;12;Acre;12948;2022;4;Homens;1151;55 a 59 anos;12948
Indicador  3.4.1;1706;114;12;Acre;12948;2022;4;Homens;1152;60 a 64 anos;12948
Indicador  3.4.1;1706;117;12;Acre;12948;2022;4;Homens;1153;65 a 69 anos;12948
Indicador  3.4.1;1706;402;12;Acre;12948;2022;5;Mulheres;56742;30 a 69 anos;12948
Indicador  3.4.1;1706;10;12;Acre;12948;2022;5;Mulheres;1146;30 a 34 anos;12948
Indicador  3.4.1;1706;14;12;Acre;12948;2022;5;Mulheres;1147;35 a 39 anos;12948
Indicador  3.4.1;1706;28;12;Acre;12948;2022;5;Mulheres;1148;40 a 44 anos;12948
Indicador  3.4.1;1706;27;12;Acre;12948;2022;5;Mulheres;1149;45 a 49 anos;12948
Indicador  3.4.1;1706;46;12;Acre;12948;2022;5;Mulheres;1150;50 a 54 anos;12948
Indicador  3.4.1;1706;84;12;Acre;12948;2022;5;Mulheres;1151;55 a 59 anos;12948
Indicador  3.4.1;1706;79;12;Acre;12948;2022;5;Mulheres;1152;60 a 64 anos;12948
Indicador  3.4.1;1706;114;12;Acre;12948;2022;5;Mulheres;1153;65 a 69 anos;12948
Indicador  3.4.1;1706;3591;13;Amazonas;12948;2018;6794;Total;56742;30 a 69 anos;12948
Indicador  3.4.1;1706;104;13;Amazonas;12948;2018;6794;Total;1146;30 a 34 anos;12948
Indicador  3.4.1;1706;159;13;Amazonas;12948;2018;6794;Total;1147;35 a 39 anos;12948
Indicador  3.4.1;1706;233;13;Amazonas;12948;2018;6794;Total;1148;40 a 44 anos;12948
Indicador  3.4.1;1706;329;13;Amazonas;12948;2018;6794;Total;1149;45 a 49 anos;12948
Indicador  3.4.1;1706;461;13;Amazonas;12948;2018;6794;Total;1150;50 a 54 anos;12948
Indicador  3.4.1;1706;625;13;Amazonas;12948;2018;6794;Total;1151;55 a 59 anos;12948
Indicador  3.4.1;1706;788;13;Amazonas;12948;2018;6794;Total;1152;60 a 64 anos;12948
Indicador  3.4.1;1706;892;13;Amazonas;12948;2018;6794;Total;1153;65 a 69 anos;12948
Indicador  3.4.1;1706;1931;13;Amazonas;12948;2018;4;Homens;56742;30 a 69 anos;12948
Indicador  3.4.1;1706;52;13;Amazonas;12948;2018;4;Homens;1146;30 a 34 anos;12948
Indicador  3.4.1;1706;60;13;Amazonas;12948;2018;4;Homens;1147;35 a 39 anos;12948
Indicador  3.4.1;1706;107;13;Amazonas;12948;2018;4;Homens;1148;40 a 44 anos;12948
Indicador  3.4.1;1706;143;13;Amazonas;12948;2018;4;Homens;1149;45 a 49 anos;12948
Indicador  3.4.1;1706;256;13;Amazonas;12948;2018;4;Homens;1150;50 a 54 anos;12948
Indicador  3.4.1;1706;361;13;Amazonas;12948;2018;4;Homens;1151;55 a 59 anos;12948
Indicador  3.4.1;1706;445;13;Amazonas;12948;2018;4;Homens;1152;60 a 64 anos;12948
Indicador  3.4.1;1706;507;13;Amazonas;12948;2018;4;Homens;1153;65 a 69 anos;12948
Indicador  3.4.1;1706;1660;13;Amazonas;12948;2018;5;Mulheres;56742;30 a 69 anos;12948
Indicador  3.4.1;1706;52;13;Amazonas;12948;2018;5;Mulheres;1146;30 a 34 anos;12948
Indicador  3.4.1;1706;99;13;Amazonas;12948;2018;5;Mulheres;1147;35 a 39 anos;12948
Indicador  3.4.1;1706;126;13;Amazonas;12948;2018;5;Mulheres;1148;40 a 44 anos;12948
Indicador  3.4.1;1706;186;13;Amazonas;12948;2018;5;Mulheres;1149;45 a 49 anos;12948
Indicador  3.4.1;1706;205;13;Amazonas;12948;2018;5;Mulheres;1150;50 a 54 anos;12948
Indicador  3.4.1;1706;264;13;Amazonas;12948;2018;5;Mulheres;1151;55 a 59 anos;12948
Indicador  3.4.1;1706;343;13;Amazonas;12948;2018;5;Mulheres;1152;60 a 64 anos;12948
Indicador  3.4.1;1706;385;13;Amazonas;12948;2018;5;Mulheres;1153;65 a 69 anos;12948
Indicador  3.4.1;1706;3751;13;Amazonas;12948;2019;6794;Total;56742;30 a 69 anos;12948
Indicador  3.4.1;1706;100;13;Amazonas;12948;2019;6794;Total;1146;30 a 34 anos;12948
Indicador  3.4.1;1706;166;13;Amazonas;12948;2019;6794;Total;1147;35 a 39 anos;12948
Indicador  3.4.1;1706;279;13;Amazonas;12948;2019;6794;Total;1148;40 a 44 anos;12948
Indicador  3.4.1;1706;344;13;Amazonas;12948;2019;6794;Total;1149;45 a 49 anos;12948
Indicador  3.4.1;1706;443;13;Amazonas;12948;2019;6794;Total;1150;50 a 54 anos;12948
Indicador  3.4.1;1706;658;13;Amazonas;12948;2019;6794;Total;1151;55 a 59 anos;12948
Indicador  3.4.1;1706;819;13;Amazonas;12948;2019;6794;Total;1152;60 a 64 anos;12948
Indicador  3.4.1;1706;942;13;Amazonas;12948;2019;6794;Total;1153;65 a 69 anos;12948
Indicador  3.4.1;1706;2033;13;Amazonas;12948;2019;4;Homens;56742;30 a 69 anos;12948
Indicador  3.4.1;1706;40;13;Amazonas;12948;2019;4;Homens;1146;30 a 34 anos;12948
Indicador  3.4.1;1706;75;13;Amazonas;12948;2019;4;Homens;1147;35 a 39 anos;12948
Indicador  3.4.1;1706;123;13;Amazonas;12948;2019;4;Homens;1148;40 a 44 anos;12948
Indicador  3.4.1;1706;174;13;Amazonas;12948;2019;4;Homens;1149;45 a 49 anos;12948
Indicador  3.4.1;1706;234;13;Amazonas;12948;2019;4;Homens;1150;50 a 54 anos;12948
Indicador  3.4.1;1706;370;13;Amazonas;12948;2019;4;Homens;1151;55 a 59 anos;12948
Indicador  3.4.1;1706;487;13;Amazonas;12948;2019;4;Homens;1152;60 a 64 anos;12948
Indicador  3.4.1;1706;530;13;Amazonas;12948;2019;4;Homens;1153;65 a 69 anos;12948
Indicador  3.4.1;1706;1718;13;Amazonas;12948;2019;5;Mulheres;56742;30 a 69 anos;12948
Indicador  3.4.1;1706;60;13;Amazonas;12948;2019;5;Mulheres;1146;30 a 34 anos;12948
Indicador  3.4.1;1706;91;13;Amazonas;12948;2019;5;Mulheres;1147;35 a 39 anos;12948
Indicador  3.4.1;1706;156;13;Amazonas;12948;2019;5;Mulheres;1148;40 a 44 anos;12948
Indicador  3.4.1;1706;170;13;Amazonas;12948;2019;5;Mulheres;1149;45 a 49 anos;12948
Indicador  3.4.1;1706;209;13;Amazonas;12948;2019;5;Mulheres;1150;50 a 54 anos;12948
Indicador  3.4.1;1706;288;13;Amazonas;12948;2019;5;Mulheres;1151;55 a 59 anos;12948
Indicador  3.4.1;1706;332;13;Amazonas;12948;2019;5;Mulheres;1152;60 a 64 anos;12948
Indicador  3.4.1;1706;412;13;Amazonas;12948;2019;5;Mulheres;1153;65 a 69 anos;12948
Indicador  3.4.1;1706;3836;13;Amazonas;12948;2020;6794;Total;56742;30 a 69 anos;12948
Indicador  3.4.1;1706;108;13;Amazonas;12948;2020;6794;Total;1146;30 a 34 anos;12948
Indicador  3.4.1;1706;173;13;Amazonas;12948;2020;6794;Total;1147;35 a 39 anos;12948
Indicador  3.4.1;1706;275;13;Amazonas;12948;2020;6794;Total;1148;40 a 44 anos;12948
Indicador  3.4.1;1706;367;13;Amazonas;12948;2020;6794;Total;1149;45 a 49 anos;12948
Indicador  3.4.1;1706;474;13;Amazonas;12948;2020;6794;Total;1150;50 a 54 anos;12948
Indicador  3.4.1;1706;676;13;Amazonas;12948;2020;6794;Total;1151;55 a 59 anos;12948
Indicador  3.4.1;1706;832;13;Amazonas;12948;2020;6794;Total;1152;60 a 64 anos;12948
Indicador  3.4.1;1706;931;13;Amazonas;12948;2020;6794;Total;1153;65 a 69 anos;12948
Indicador  3.4.1;1706;2062;13;Amazonas;12948;2020;4;Homens;56742;30 a 69 anos;12948
Indicador  3.4.1;1706;42;13;Amazonas;12948;2020;4;Homens;1146;30 a 34 anos;12948
Indicador  3.4.1;1706;86;13;Amazonas;12948;2020;4;Homens;1147;35 a 39 anos;12948
Indicador  3.4.1;1706;119;13;Amazonas;12948;2020;4;Homens;1148;40 a 44 anos;12948
Indicador  3.4.1;1706;173;13;Amazonas;12948;2020;4;Homens;1149;45 a 49 anos;12948
Indicador  3.4.1;1706;253;13;Amazonas;12948;2020;4;Homens;1150;50 a 54 anos;12948
Indicador  3.4.1;1706;381;13;Amazonas;12948;2020;4;Homens;1151;55 a 59 anos;12948
Indicador  3.4.1;1706;474;13;Amazonas;12948;2020;4;Homens;1152;60 a 64 anos;12948
Indicador  3.4.1;1706;534;13;Amazonas;12948;2020;4;Homens;1153;65 a 69 anos;12948
Indicador  3.4.1;1706;1774;13;Amazonas;12948;2020;5;Mulheres;56742;30 a 69 anos;12948
Indicador  3.4.1;1706;66;13;Amazonas;12948;2020;5;Mulheres;1146;30 a 34 anos;12948
Indicador  3.4.1;1706;87;13;Amazonas;12948;2020;5;Mulheres;1147;35 a 39 anos;12948
Indicador  3.4.1;1706;156;13;Amazonas;12948;2020;5;Mulheres;1148;40 a 44 anos;12948
Indicador  3.4.1;1706;194;13;Amazonas;12948;2020;5;Mulheres;1149;45 a 49 anos;12948
Indicador  3.4.1;1706;221;13;Amazonas;12948;2020;5;Mulheres;1150;50 a 54 anos;12948
Indicador  3.4.1;1706;295;13;Amazonas;12948;2020;5;Mulheres;1151;55 a 59 anos;12948
Indicador  3.4.1;1706;358;13;Amazonas;12948;2020;5;Mulheres;1152;60 a 64 anos;12948
Indicador  3.4.1;1706;397;13;Amazonas;12948;2020;5;Mulheres;1153;65 a 69 anos;12948
Indicador  3.4.1;1706;4067;13;Amazonas;12948;2021;6794;Total;56742;30 a 69 anos;12948
Indicador  3.4.1;1706;95;13;Amazonas;12948;2021;6794;Total;1146;30 a 34 anos;12948
Indicador  3.4.1;1706;188;13;Amazonas;12948;2021;6794;Total;1147;35 a 39 anos;12948
Indicador  3.4.1;1706;254;13;Amazonas;12948;2021;6794;Total;1148;40 a 44 anos;12948
Indicador  3.4.1;1706;385;13;Amazonas;12948;2021;6794;Total;1149;45 a 49 anos;12948
Indicador  3.4.1;1706;504;13;Amazonas;12948;2021;6794;Total;1150;50 a 54 anos;12948
Indicador  3.4.1;1706;727;13;Amazonas;12948;2021;6794;Total;1151;55 a 59 anos;12948
Indicador  3.4.1;1706;888;13;Amazonas;12948;2021;6794;Total;1152;60 a 64 anos;12948
Indicador  3.4.1;1706;1026;13;Amazonas;12948;2021;6794;Total;1153;65 a 69 anos;12948
Indicador  3.4.1;1706;2233;13;Amazonas;12948;2021;4;Homens;56742;30 a 69 anos;12948
Indicador  3.4.1;1706;42;13;Amazonas;12948;2021;4;Homens;1146;30 a 34 anos;12948
Indicador  3.4.1;1706;88;13;Amazonas;12948;2021;4;Homens;1147;35 a 39 anos;12948
Indicador  3.4.1;1706;124;13;Amazonas;12948;2021;4;Homens;1148;40 a 44 anos;12948
Indicador  3.4.1;1706;178;13;Amazonas;12948;2021;4;Homens;1149;45 a 49 anos;12948
Indicador  3.4.1;1706;279;13;Amazonas;12948;2021;4;Homens;1150;50 a 54 anos;12948
Indicador  3.4.1;1706;409;13;Amazonas;12948;2021;4;Homens;1151;55 a 59 anos;12948
Indicador  3.4.1;1706;518;13;Amazonas;12948;2021;4;Homens;1152;60 a 64 anos;12948
Indicador  3.4.1;1706;595;13;Amazonas;12948;2021;4;Homens;1153;65 a 69 anos;12948
Indicador  3.4.1;1706;1834;13;Amazonas;12948;2021;5;Mulheres;56742;30 a 69 anos;12948
Indicador  3.4.1;1706;53;13;Amazonas;12948;2021;5;Mulheres;1146;30 a 34 anos;12948
Indicador  3.4.1;1706;100;13;Amazonas;12948;2021;5;Mulheres;1147;35 a 39 anos;12948
Indicador  3.4.1;1706;130;13;Amazonas;12948;2021;5;Mulheres;1148;40 a 44 anos;12948
Indicador  3.4.1;1706;207;13;Amazonas;12948;2021;5;Mulheres;1149;45 a 49 anos;12948
Indicador  3.4.1;1706;225;13;Amazonas;12948;2021;5;Mulheres;1150;50 a 54 anos;12948
Indicador  3.4.1;1706;318;13;Amazonas;12948;2021;5;Mulheres;1151;55 a 59 anos;12948
Indicador  3.4.1;1706;370;13;Amazonas;12948;2021;5;Mulheres;1152;60 a 64 anos;12948
Indicador  3.4.1;1706;431;13;Amazonas;12948;2021;5;Mulheres;1153;65 a 69 anos;12948
Indicador  3.4.1;1706;4005;13;Amazonas;12948;2022;6794;Total;56742;30 a 69 anos;12948
Indicador  3.4.1;1706;94;13;Amazonas;12948;2022;6794;Total;1146;30 a 34 anos;12948
Indicador  3.4.1;1706;152;13;Amazonas;12948;2022;6794;Total;1147;35 a 39 anos;12948
Indicador  3.4.1;1706;299;13;Amazonas;12948;2022;6794;Total;1148;40 a 44 anos;12948
Indicador  3.4.1;1706;364;13;Amazonas;12948;2022;6794;Total;1149;45 a 49 anos;12948
Indicador  3.4.1;1706;503;13;Amazonas;12948;2022;6794;Total;1150;50 a 54 anos;12948
Indicador  3.4.1;1706;702;13;Amazonas;12948;2022;6794;Total;1151;55 a 59 anos;12948
Indicador  3.4.1;1706;839;13;Amazonas;12948;2022;6794;Total;1152;60 a 64 anos;12948
Indicador  3.4.1;1706;1052;13;Amazonas;12948;2022;6794;Total;1153;65 a 69 anos;12948
Indicador  3.4.1;1706;2167;13;Amazonas;12948;2022;4;Homens;56742;30 a 69 anos;12948
Indicador  3.4.1;1706;52;13;Amazonas;12948;2022;4;Homens;1146;30 a 34 anos;12948
Indicador  3.4.1;1706;61;13;Amazonas;12948;2022;4;Homens;1147;35 a 39 anos;12948
Indicador  3.4.1;1706;123;13;Amazonas;12948;2022;4;Homens;1148;40 a 44 anos;12948
Indicador  3.4.1;1706;182;13;Amazonas;12948;2022;4;Homens;1149;45 a 49 anos;12948
Indicador  3.4.1;1706;275;13;Amazonas;12948;2022;4;Homens;1150;50 a 54 anos;12948
Indicador  3.4.1;1706;373;13;Amazonas;12948;2022;4;Homens;1151;55 a 59 anos;12948
Indicador  3.4.1;1706;482;13;Amazonas;12948;2022;4;Homens;1152;60 a 64 anos;12948
Indicador  3.4.1;1706;619;13;Amazonas;12948;2022;4;Homens;1153;65 a 69 anos;12948
Indicador  3.4.1;1706;1838;13;Amazonas;12948;2022;5;Mulheres;56742;30 a 69 anos;12948
Indicador  3.4.1;1706;42;13;Amazonas;12948;2022;5;Mulheres;1146;30 a 34 anos;12948
Indicador  3.4.1;1706;91;13;Amazonas;12948;2022;5;Mulheres;1147;35 a 39 anos;12948
Indicador  3.4.1;1706;176;13;Amazonas;12948;2022;5;Mulheres;1148;40 a 44 anos;12948
Indicador  3.4.1;1706;182;13;Amazonas;12948;2022;5;Mulheres;1149;45 a 49 anos;12948
Indicador  3.4.1;1706;228;13;Amazonas;12948;2022;5;Mulheres;1150;50 a 54 anos;12948
Indicador  3.4.1;1706;329;13;Amazonas;12948;2022;5;Mulheres;1151;55 a 59 anos;12948
Indicador  3.4.1;1706;357;13;Amazonas;12948;2022;5;Mulheres;1152;60 a 64 anos;12948
Indicador  3.4.1;1706;433;13;Amazonas;12948;2022;5;Mulheres;1153;65 a 69 anos;12948
Indicador  3.4.1;1706;596;14;Roraima;12948;2018;6794;Total;56742;30 a 69 anos;12948
Indicador  3.4.1;1706;23;14;Roraima;12948;2018;6794;Total;1146;30 a 34 anos;12948
Indicador  3.4.1;1706;18;14;Roraima;12948;2018;6794;Total;1147;35 a 39 anos;12948
Indicador  3.4.1;1706;36;14;Roraima;12948;2018;6794;Total;1148;40 a 44 anos;12948
Indicador  3.4.1;1706;50;14;Roraima;12948;2018;6794;Total;1149;45 a 49 anos;12948
Indicador  3.4.1;1706;75;14;Roraima;12948;2018;6794;Total;1150;50 a 54 anos;12948
Indicador  3.4.1;1706;114;14;Roraima;12948;2018;6794;Total;1151;55 a 59 anos;12948
Indicador  3.4.1;1706;136;14;Roraima;12948;2018;6794;Total;1152;60 a 64 anos;12948
Indicador  3.4.1;1706;144;14;Roraima;12948;2018;6794;Total;1153;65 a 69 anos;12948
Indicador  3.4.1;1706;332;14;Roraima;12948;2018;4;Homens;56742;30 a 69 anos;12948
Indicador  3.4.1;1706;9;14;Roraima;12948;2018;4;Homens;1146;30 a 34 anos;12948
Indicador  3.4.1;1706;6;14;Roraima;12948;2018;4;Homens;1147;35 a 39 anos;12948
Indicador  3.4.1;1706;17;14;Roraima;12948;2018;4;Homens;1148;40 a 44 anos;12948
Indicador  3.4.1;1706;28;14;Roraima;12948;2018;4;Homens;1149;45 a 49 anos;12948
Indicador  3.4.1;1706;38;14;Roraima;12948;2018;4;Homens;1150;50 a 54 anos;12948
Indicador  3.4.1;1706;63;14;Roraima;12948;2018;4;Homens;1151;55 a 59 anos;12948
Indicador  3.4.1;1706;80;14;Roraima;12948;2018;4;Homens;1152;60 a 64 anos;12948
Indicador  3.4.1;1706;91;14;Roraima;12948;2018;4;Homens;1153;65 a 69 anos;12948
Indicador  3.4.1;1706;264;14;Roraima;12948;2018;5;Mulheres;56742;30 a 69 anos;12948
Indicador  3.4.1;1706;14;14;Roraima;12948;2018;5;Mulheres;1146;30 a 34 anos;12948
Indicador  3.4.1;1706;12;14;Roraima;12948;2018;5;Mulheres;1147;35 a 39 anos;12948
Indicador  3.4.1;1706;19;14;Roraima;12948;2018;5;Mulheres;1148;40 a 44 anos;12948
Indicador  3.4.1;1706;22;14;Roraima;12948;2018;5;Mulheres;1149;45 a 49 anos;12948
Indicador  3.4.1;1706;37;14;Roraima;12948;2018;5;Mulheres;1150;50 a 54 anos;12948
Indicador  3.4.1;1706;51;14;Roraima;12948;2018;5;Mulheres;1151;55 a 59 anos;12948
Indicador  3.4.1;1706;56;14;Roraima;12948;2018;5;Mulheres;1152;60 a 64 anos;12948
Indicador  3.4.1;1706;53;14;Roraima;12948;2018;5;Mulheres;1153;65 a 69 anos;12948
Indicador  3.4.1;1706;631;14;Roraima;12948;2019;6794;Total;56742;30 a 69 anos;12948
Indicador  3.4.1;1706;16;14;Roraima;12948;2019;6794;Total;1146;30 a 34 anos;12948
Indicador  3.4.1;1706;29;14;Roraima;12948;2019;6794;Total;1147;35 a 39 anos;12948
Indicador  3.4.1;1706;53;14;Roraima;12948;2019;6794;Total;1148;40 a 44 anos;12948
Indicador  3.4.1;1706;48;14;Roraima;12948;2019;6794;Total;1149;45 a 49 anos;12948
Indicador  3.4.1;1706;77;14;Roraima;12948;2019;6794;Total;1150;50 a 54 anos;12948
Indicador  3.4.1;1706;126;14;Roraima;12948;2019;6794;Total;1151;55 a 59 anos;12948
Indicador  3.4.1;1706;125;14;Roraima;12948;2019;6794;Total;1152;60 a 64 anos;12948
Indicador  3.4.1;1706;157;14;Roraima;12948;2019;6794;Total;1153;65 a 69 anos;12948
Indicador  3.4.1;1706;390;14;Roraima;12948;2019;4;Homens;56742;30 a 69 anos;12948
Indicador  3.4.1;1706;8;14;Roraima;12948;2019;4;Homens;1146;30 a 34 anos;12948
Indicador  3.4.1;1706;10;14;Roraima;12948;2019;4;Homens;1147;35 a 39 anos;12948
Indicador  3.4.1;1706;26;14;Roraima;12948;2019;4;Homens;1148;40 a 44 anos;12948
Indicador  3.4.1;1706;26;14;Roraima;12948;2019;4;Homens;1149;45 a 49 anos;12948
Indicador  3.4.1;1706;49;14;Roraima;12948;2019;4;Homens;1150;50 a 54 anos;12948
Indicador  3.4.1;1706;77;14;Roraima;12948;2019;4;Homens;1151;55 a 59 anos;12948
Indicador  3.4.1;1706;93;14;Roraima;12948;2019;4;Homens;1152;60 a 64 anos;12948
Indicador  3.4.1;1706;101;14;Roraima;12948;2019;4;Homens;1153;65 a 69 anos;12948
Indicador  3.4.1;1706;241;14;Roraima;12948;2019;5;Mulheres;56742;30 a 69 anos;12948
Indicador  3.4.1;1706;8;14;Roraima;12948;2019;5;Mulheres;1146;30 a 34 anos;12948
Indicador  3.4.1;1706;19;14;Roraima;12948;2019;5;Mulheres;1147;35 a 39 anos;12948
Indicador  3.4.1;1706;27;14;Roraima;12948;2019;5;Mulheres;1148;40 a 44 anos;12948
Indicador  3.4.1;1706;22;14;Roraima;12948;2019;5;Mulheres;1149;45 a 49 anos;12948
Indicador  3.4.1;1706;28;14;Roraima;12948;2019;5;Mulheres;1150;50 a 54 anos;12948
Indicador  3.4.1;1706;49;14;Roraima;12948;2019;5;Mulheres;1151;55 a 59 anos;12948
Indicador  3.4.1;1706;32;14;Roraima;12948;2019;5;Mulheres;1152;60 a 64 anos;12948
Indicador  3.4.1;1706;56;14;Roraima;12948;2019;5;Mulheres;1153;65 a 69 anos;12948
Indicador  3.4.1;1706;600;14;Roraima;12948;2020;6794;Total;56742;30 a 69 anos;12948
Indicador  3.4.1;1706;19;14;Roraima;12948;2020;6794;Total;1146;30 a 34 anos;12948
Indicador  3.4.1;1706;23;14;Roraima;12948;2020;6794;Total;1147;35 a 39 anos;12948
Indicador  3.4.1;1706;39;14;Roraima;12948;2020;6794;Total;1148;40 a 44 anos;12948
Indicador  3.4.1;1706;55;14;Roraima;12948;2020;6794;Total;1149;45 a 49 anos;12948
Indicador  3.4.1;1706;71;14;Roraima;12948;2020;6794;Total;1150;50 a 54 anos;12948
Indicador  3.4.1;1706;103;14;Roraima;12948;2020;6794;Total;1151;55 a 59 anos;12948
Indicador  3.4.1;1706;137;14;Roraima;12948;2020;6794;Total;1152;60 a 64 anos;12948
Indicador  3.4.1;1706;153;14;Roraima;12948;2020;6794;Total;1153;65 a 69 anos;12948
Indicador  3.4.1;1706;326;14;Roraima;12948;2020;4;Homens;56742;30 a 69 anos;12948
Indicador  3.4.1;1706;6;14;Roraima;12948;2020;4;Homens;1146;30 a 34 anos;12948
Indicador  3.4.1;1706;6;14;Roraima;12948;2020;4;Homens;1147;35 a 39 anos;12948
Indicador  3.4.1;1706;22;14;Roraima;12948;2020;4;Homens;1148;40 a 44 anos;12948
Indicador  3.4.1;1706;34;14;Roraima;12948;2020;4;Homens;1149;45 a 49 anos;12948
Indicador  3.4.1;1706;39;14;Roraima;12948;2020;4;Homens;1150;50 a 54 anos;12948
Indicador  3.4.1;1706;57;14;Roraima;12948;2020;4;Homens;1151;55 a 59 anos;12948
Indicador  3.4.1;1706;74;14;Roraima;12948;2020;4;Homens;1152;60 a 64 anos;12948
Indicador  3.4.1;1706;88;14;Roraima;12948;2020;4;Homens;1153;65 a 69 anos;12948
Indicador  3.4.1;1706;274;14;Roraima;12948;2020;5;Mulheres;56742;30 a 69 anos;12948
Indicador  3.4.1;1706;13;14;Roraima;12948;2020;5;Mulheres;1146;30 a 34 anos;12948
Indicador  3.4.1;1706;17;14;Roraima;12948;2020;5;Mulheres;1147;35 a 39 anos;12948
Indicador  3.4.1;1706;17;14;Roraima;12948;2020;5;Mulheres;1148;40 a 44 anos;12948
Indicador  3.4.1;1706;21;14;Roraima;12948;2020;5;Mulheres;1149;45 a 49 anos;12948
Indicador  3.4.1;1706;32;14;Roraima;12948;2020;5;Mulheres;1150;50 a 54 anos;12948
Indicador  3.4.1;1706;46;14;Roraima;12948;2020;5;Mulheres;1151;55 a 59 anos;12948
Indicador  3.4.1;1706;63;14;Roraima;12948;2020;5;Mulheres;1152;60 a 64 anos;12948
Indicador  3.4.1;1706;65;14;Roraima;12948;2020;5;Mulheres;1153;65 a 69 anos;12948
Indicador  3.4.1;1706;668;14;Roraima;12948;2021;6794;Total;56742;30 a 69 anos;12948
Indicador  3.4.1;1706;19;14;Roraima;12948;2021;6794;Total;1146;30 a 34 anos;12948
Indicador  3.4.1;1706;29;14;Roraima;12948;2021;6794;Total;1147;35 a 39 anos;12948
Indicador  3.4.1;1706;54;14;Roraima;12948;2021;6794;Total;1148;40 a 44 anos;12948
Indicador  3.4.1;1706;64;14;Roraima;12948;2021;6794;Total;1149;45 a 49 anos;12948
Indicador  3.4.1;1706;88;14;Roraima;12948;2021;6794;Total;1150;50 a 54 anos;12948
Indicador  3.4.1;1706;107;14;Roraima;12948;2021;6794;Total;1151;55 a 59 anos;12948
Indicador  3.4.1;1706;141;14;Roraima;12948;2021;6794;Total;1152;60 a 64 anos;12948
Indicador  3.4.1;1706;166;14;Roraima;12948;2021;6794;Total;1153;65 a 69 anos;12948
Indicador  3.4.1;1706;392;14;Roraima;12948;2021;4;Homens;56742;30 a 69 anos;12948
Indicador  3.4.1;1706;9;14;Roraima;12948;2021;4;Homens;1146;30 a 34 anos;12948
Indicador  3.4.1;1706;15;14;Roraima;12948;2021;4;Homens;1147;35 a 39 anos;12948
Indicador  3.4.1;1706;38;14;Roraima;12948;2021;4;Homens;1148;40 a 44 anos;12948
Indicador  3.4.1;1706;37;14;Roraima;12948;2021;4;Homens;1149;45 a 49 anos;12948
Indicador  3.4.1;1706;49;14;Roraima;12948;2021;4;Homens;1150;50 a 54 anos;12948
Indicador  3.4.1;1706;67;14;Roraima;12948;2021;4;Homens;1151;55 a 59 anos;12948
Indicador  3.4.1;1706;72;14;Roraima;12948;2021;4;Homens;1152;60 a 64 anos;12948
Indicador  3.4.1;1706;105;14;Roraima;12948;2021;4;Homens;1153;65 a 69 anos;12948
Indicador  3.4.1;1706;276;14;Roraima;12948;2021;5;Mulheres;56742;30 a 69 anos;12948
Indicador  3.4.1;1706;10;14;Roraima;12948;2021;5;Mulheres;1146;30 a 34 anos;12948
Indicador  3.4.1;1706;14;14;Roraima;12948;2021;5;Mulheres;1147;35 a 39 anos;12948
Indicador  3.4.1;1706;16;14;Roraima;12948;2021;5;Mulheres;1148;40 a 44 anos;12948
Indicador  3.4.1;1706;27;14;Roraima;12948;2021;5;Mulheres;1149;45 a 49 anos;12948
Indicador  3.4.1;1706;39;14;Roraima;12948;2021;5;Mulheres;1150;50 a 54 anos;12948
Indicador  3.4.1;1706;40;14;Roraima;12948;2021;5;Mulheres;1151;55 a 59 anos;12948
Indicador  3.4.1;1706;69;14;Roraima;12948;2021;5;Mulheres;1152;60 a 64 anos;12948
Indicador  3.4.1;1706;61;14;Roraima;12948;2021;5;Mulheres;1153;65 a 69 anos;12948
Indicador  3.4.1;1706;700;14;Roraima;12948;2022;6794;Total;56742;30 a 69 anos;12948
Indicador  3.4.1;1706;19;14;Roraima;12948;2022;6794;Total;1146;30 a 34 anos;12948
Indicador  3.4.1;1706;45;14;Roraima;12948;2022;6794;Total;1147;35 a 39 anos;12948
Indicador  3.4.1;1706;49;14;Roraima;12948;2022;6794;Total;1148;40 a 44 anos;12948
Indicador  3.4.1;1706;49;14;Roraima;12948;2022;6794;Total;1149;45 a 49 anos;12948
Indicador  3.4.1;1706;93;14;Roraima;12948;2022;6794;Total;1150;50 a 54 anos;12948
Indicador  3.4.1;1706;118;14;Roraima;12948;2022;6794;Total;1151;55 a 59 anos;12948
Indicador  3.4.1;1706;164;14;Roraima;12948;2022;6794;Total;1152;60 a 64 anos;12948
Indicador  3.4.1;1706;163;14;Roraima;12948;2022;6794;Total;1153;65 a 69 anos;12948
Indicador  3.4.1;1706;396;14;Roraima;12948;2022;4;Homens;56742;30 a 69 anos;12948
Indicador  3.4.1;1706;5;14;Roraima;12948;2022;4;Homens;1146;30 a 34 anos;12948
Indicador  3.4.1;1706;21;14;Roraima;12948;2022;4;Homens;1147;35 a 39 anos;12948
Indicador  3.4.1;1706;21;14;Roraima;12948;2022;4;Homens;1148;40 a 44 anos;12948
Indicador  3.4.1;1706;26;14;Roraima;12948;2022;4;Homens;1149;45 a 49 anos;12948
Indicador  3.4.1;1706;49;14;Roraima;12948;2022;4;Homens;1150;50 a 54 anos;12948
Indicador  3.4.1;1706;64;14;Roraima;12948;2022;4;Homens;1151;55 a 59 anos;12948
Indicador  3.4.1;1706;112;14;Roraima;12948;2022;4;Homens;1152;60 a 64 anos;12948
Indicador  3.4.1;1706;98;14;Roraima;12948;2022;4;Homens;1153;65 a 69 anos;12948
Indicador  3.4.1;1706;304;14;Roraima;12948;2022;5;Mulheres;56742;30 a 69 anos;12948
Indicador  3.4.1;1706;14;14;Roraima;12948;2022;5;Mulheres;1146;30 a 34 anos;12948
Indicador  3.4.1;1706;24;14;Roraima;12948;2022;5;Mulheres;1147;35 a 39 anos;12948
Indicador  3.4.1;1706;28;14;Roraima;12948;2022;5;Mulheres;1148;40 a 44 anos;12948
Indicador  3.4.1;1706;23;14;Roraima;12948;2022;5;Mulheres;1149;45 a 49 anos;12948
Indicador  3.4.1;1706;44;14;Roraima;12948;2022;5;Mulheres;1150;50 a 54 anos;12948
Indicador  3.4.1;1706;54;14;Roraima;12948;2022;5;Mulheres;1151;55 a 59 anos;12948
Indicador  3.4.1;1706;52;14;Roraima;12948;2022;5;Mulheres;1152;60 a 64 anos;12948
Indicador  3.4.1;1706;65;14;Roraima;12948;2022;5;Mulheres;1153;65 a 69 anos;12948
Indicador  3.4.1;1706;8173;15;Pará;12948;2018;6794;Total;56742;30 a 69 anos;12948
Indicador  3.4.1;1706;230;15;Pará;12948;2018;6794;Total;1146;30 a 34 anos;12948
Indicador  3.4.1;1706;362;15;Pará;12948;2018;6794;Total;1147;35 a 39 anos;12948
Indicador  3.4.1;1706;504;15;Pará;12948;2018;6794;Total;1148;40 a 44 anos;12948
Indicador  3.4.1;1706;775;15;Pará;12948;2018;6794;Total;1149;45 a 49 anos;12948
Indicador  3.4.1;1706;1054;15;Pará;12948;2018;6794;Total;1150;50 a 54 anos;12948
Indicador  3.4.1;1706;1367;15;Pará;12948;2018;6794;Total;1151;55 a 59 anos;12948
Indicador  3.4.1;1706;1800;15;Pará;12948;2018;6794;Total;1152;60 a 64 anos;12948
Indicador  3.4.1;1706;2081;15;Pará;12948;2018;6794;Total;1153;65 a 69 anos;12948
Indicador  3.4.1;1706;4520;15;Pará;12948;2018;4;Homens;56742;30 a 69 anos;12948
Indicador  3.4.1;1706;108;15;Pará;12948;2018;4;Homens;1146;30 a 34 anos;12948
Indicador  3.4.1;1706;180;15;Pará;12948;2018;4;Homens;1147;35 a 39 anos;12948
Indicador  3.4.1;1706;239;15;Pará;12948;2018;4;Homens;1148;40 a 44 anos;12948
Indicador  3.4.1;1706;398;15;Pará;12948;2018;4;Homens;1149;45 a 49 anos;12948
Indicador  3.4.1;1706;553;15;Pará;12948;2018;4;Homens;1150;50 a 54 anos;12948
Indicador  3.4.1;1706;758;15;Pará;12948;2018;4;Homens;1151;55 a 59 anos;12948
Indicador  3.4.1;1706;1059;15;Pará;12948;2018;4;Homens;1152;60 a 64 anos;12948
Indicador  3.4.1;1706;1225;15;Pará;12948;2018;4;Homens;1153;65 a 69 anos;12948
Indicador  3.4.1;1706;3652;15;Pará;12948;2018;5;Mulheres;56742;30 a 69 anos;12948
Indicador  3.4.1;1706;122;15;Pará;12948;2018;5;Mulheres;1146;30 a 34 anos;12948
Indicador  3.4.1;1706;182;15;Pará;12948;2018;5;Mulheres;1147;35 a 39 anos;12948
Indicador  3.4.1;1706;265;15;Pará;12948;2018;5;Mulheres;1148;40 a 44 anos;12948
Indicador  3.4.1;1706;377;15;Pará;12948;2018;5;Mulheres;1149;45 a 49 anos;12948
Indicador  3.4.1;1706;501;15;Pará;12948;2018;5;Mulheres;1150;50 a 54 anos;12948
Indicador  3.4.1;1706;609;15;Pará;12948;2018;5;Mulheres;1151;55 a 59 anos;12948
Indicador  3.4.1;1706;741;15;Pará;12948;2018;5;Mulheres;1152;60 a 64 anos;12948
Indicador  3.4.1;1706;855;15;Pará;12948;2018;5;Mulheres;1153;65 a 69 anos;12948
Indicador  3.4.1;1706;8364;15;Pará;12948;2019;6794;Total;56742;30 a 69 anos;12948
Indicador  3.4.1;1706;211;15;Pará;12948;2019;6794;Total;1146;30 a 34 anos;12948
Indicador  3.4.1;1706;368;15;Pará;12948;2019;6794;Total;1147;35 a 39 anos;12948
Indicador  3.4.1;1706;523;15;Pará;12948;2019;6794;Total;1148;40 a 44 anos;12948
Indicador  3.4.1;1706;697;15;Pará;12948;2019;6794;Total;1149;45 a 49 anos;12948
Indicador  3.4.1;1706;1016;15;Pará;12948;2019;6794;Total;1150;50 a 54 anos;12948
Indicador  3.4.1;1706;1451;15;Pará;12948;2019;6794;Total;1151;55 a 59 anos;12948
Indicador  3.4.1;1706;1870;15;Pará;12948;2019;6794;Total;1152;60 a 64 anos;12948
Indicador  3.4.1;1706;2228;15;Pará;12948;2019;6794;Total;1153;65 a 69 anos;12948
Indicador  3.4.1;1706;4725;15;Pará;12948;2019;4;Homens;56742;30 a 69 anos;12948
Indicador  3.4.1;1706;104;15;Pará;12948;2019;4;Homens;1146;30 a 34 anos;12948
Indicador  3.4.1;1706;170;15;Pará;12948;2019;4;Homens;1147;35 a 39 anos;12948
Indicador  3.4.1;1706;260;15;Pará;12948;2019;4;Homens;1148;40 a 44 anos;12948
Indicador  3.4.1;1706;364;15;Pará;12948;2019;4;Homens;1149;45 a 49 anos;12948
Indicador  3.4.1;1706;567;15;Pará;12948;2019;4;Homens;1150;50 a 54 anos;12948
Indicador  3.4.1;1706;843;15;Pará;12948;2019;4;Homens;1151;55 a 59 anos;12948
Indicador  3.4.1;1706;1069;15;Pará;12948;2019;4;Homens;1152;60 a 64 anos;12948
Indicador  3.4.1;1706;1348;15;Pará;12948;2019;4;Homens;1153;65 a 69 anos;12948
Indicador  3.4.1;1706;3638;15;Pará;12948;2019;5;Mulheres;56742;30 a 69 anos;12948
Indicador  3.4.1;1706;106;15;Pará;12948;2019;5;Mulheres;1146;30 a 34 anos;12948
Indicador  3.4.1;1706;198;15;Pará;12948;2019;5;Mulheres;1147;35 a 39 anos;12948
Indicador  3.4.1;1706;263;15;Pará;12948;2019;5;Mulheres;1148;40 a 44 anos;12948
Indicador  3.4.1;1706;333;15;Pará;12948;2019;5;Mulheres;1149;45 a 49 anos;12948
Indicador  3.4.1;1706;449;15;Pará;12948;2019;5;Mulheres;1150;50 a 54 anos;12948
Indicador  3.4.1;1706;608;15;Pará;12948;2019;5;Mulheres;1151;55 a 59 anos;12948
Indicador  3.4.1;1706;801;15;Pará;12948;2019;5;Mulheres;1152;60 a 64 anos;12948
Indicador  3.4.1;1706;880;15;Pará;12948;2019;5;Mulheres;1153;65 a 69 anos;12948
Indicador  3.4.1;1706;9071;15;Pará;12948;2020;6794;Total;56742;30 a 69 anos;12948
Indicador  3.4.1;1706;220;15;Pará;12948;2020;6794;Total;1146;30 a 34 anos;12948
Indicador  3.4.1;1706;390;15;Pará;12948;2020;6794;Total;1147;35 a 39 anos;12948
Indicador  3.4.1;1706;583;15;Pará;12948;2020;6794;Total;1148;40 a 44 anos;12948
Indicador  3.4.1;1706;762;15;Pará;12948;2020;6794;Total;1149;45 a 49 anos;12948
Indicador  3.4.1;1706;1176;15;Pará;12948;2020;6794;Total;1150;50 a 54 anos;12948
Indicador  3.4.1;1706;1494;15;Pará;12948;2020;6794;Total;1151;55 a 59 anos;12948
Indicador  3.4.1;1706;1987;15;Pará;12948;2020;6794;Total;1152;60 a 64 anos;12948
Indicador  3.4.1;1706;2459;15;Pará;12948;2020;6794;Total;1153;65 a 69 anos;12948
Indicador  3.4.1;1706;5198;15;Pará;12948;2020;4;Homens;56742;30 a 69 anos;12948
Indicador  3.4.1;1706;118;15;Pará;12948;2020;4;Homens;1146;30 a 34 anos;12948
Indicador  3.4.1;1706;180;15;Pará;12948;2020;4;Homens;1147;35 a 39 anos;12948
Indicador  3.4.1;1706;281;15;Pará;12948;2020;4;Homens;1148;40 a 44 anos;12948
Indicador  3.4.1;1706;411;15;Pará;12948;2020;4;Homens;1149;45 a 49 anos;12948
Indicador  3.4.1;1706;629;15;Pará;12948;2020;4;Homens;1150;50 a 54 anos;12948
Indicador  3.4.1;1706;903;15;Pará;12948;2020;4;Homens;1151;55 a 59 anos;12948
Indicador  3.4.1;1706;1173;15;Pará;12948;2020;4;Homens;1152;60 a 64 anos;12948
Indicador  3.4.1;1706;1503;15;Pará;12948;2020;4;Homens;1153;65 a 69 anos;12948
Indicador  3.4.1;1706;3873;15;Pará;12948;2020;5;Mulheres;56742;30 a 69 anos;12948
Indicador  3.4.1;1706;102;15;Pará;12948;2020;5;Mulheres;1146;30 a 34 anos;12948
Indicador  3.4.1;1706;210;15;Pará;12948;2020;5;Mulheres;1147;35 a 39 anos;12948
Indicador  3.4.1;1706;302;15;Pará;12948;2020;5;Mulheres;1148;40 a 44 anos;12948
Indicador  3.4.1;1706;351;15;Pará;12948;2020;5;Mulheres;1149;45 a 49 anos;12948
Indicador  3.4.1;1706;547;15;Pará;12948;2020;5;Mulheres;1150;50 a 54 anos;12948
Indicador  3.4.1;1706;591;15;Pará;12948;2020;5;Mulheres;1151;55 a 59 anos;12948
Indicador  3.4.1;1706;814;15;Pará;12948;2020;5;Mulheres;1152;60 a 64 anos;12948
Indicador  3.4.1;1706;956;15;Pará;12948;2020;5;Mulheres;1153;65 a 69 anos;12948
Indicador  3.4.1;1706;8603;15;Pará;12948;2021;6794;Total;56742;30 a 69 anos;12948
Indicador  3.4.1;1706;229;15;Pará;12948;2021;6794;Total;1146;30 a 34 anos;12948
Indicador  3.4.1;1706;382;15;Pará;12948;2021;6794;Total;1147;35 a 39 anos;12948
Indicador  3.4.1;1706;580;15;Pará;12948;2021;6794;Total;1148;40 a 44 anos;12948
Indicador  3.4.1;1706;801;15;Pará;12948;2021;6794;Total;1149;45 a 49 anos;12948
Indicador  3.4.1;1706;1044;15;Pará;12948;2021;6794;Total;1150;50 a 54 anos;12948
Indicador  3.4.1;1706;1326;15;Pará;12948;2021;6794;Total;1151;55 a 59 anos;12948
Indicador  3.4.1;1706;1903;15;Pará;12948;2021;6794;Total;1152;60 a 64 anos;12948
Indicador  3.4.1;1706;2338;15;Pará;12948;2021;6794;Total;1153;65 a 69 anos;12948
Indicador  3.4.1;1706;4796;15;Pará;12948;2021;4;Homens;56742;30 a 69 anos;12948
Indicador  3.4.1;1706;112;15;Pará;12948;2021;4;Homens;1146;30 a 34 anos;12948
Indicador  3.4.1;1706;185;15;Pará;12948;2021;4;Homens;1147;35 a 39 anos;12948
Indicador  3.4.1;1706;286;15;Pará;12948;2021;4;Homens;1148;40 a 44 anos;12948
Indicador  3.4.1;1706;398;15;Pará;12948;2021;4;Homens;1149;45 a 49 anos;12948
Indicador  3.4.1;1706;591;15;Pará;12948;2021;4;Homens;1150;50 a 54 anos;12948
Indicador  3.4.1;1706;758;15;Pará;12948;2021;4;Homens;1151;55 a 59 anos;12948
Indicador  3.4.1;1706;1115;15;Pará;12948;2021;4;Homens;1152;60 a 64 anos;12948
Indicador  3.4.1;1706;1351;15;Pará;12948;2021;4;Homens;1153;65 a 69 anos;12948
Indicador  3.4.1;1706;3806;15;Pará;12948;2021;5;Mulheres;56742;30 a 69 anos;12948
Indicador  3.4.1;1706;117;15;Pará;12948;2021;5;Mulheres;1146;30 a 34 anos;12948
Indicador  3.4.1;1706;197;15;Pará;12948;2021;5;Mulheres;1147;35 a 39 anos;12948
Indicador  3.4.1;1706;294;15;Pará;12948;2021;5;Mulheres;1148;40 a 44 anos;12948
Indicador  3.4.1;1706;403;15;Pará;12948;2021;5;Mulheres;1149;45 a 49 anos;12948
Indicador  3.4.1;1706;453;15;Pará;12948;2021;5;Mulheres;1150;50 a 54 anos;12948
Indicador  3.4.1;1706;567;15;Pará;12948;2021;5;Mulheres;1151;55 a 59 anos;12948
Indicador  3.4.1;1706;788;15;Pará;12948;2021;5;Mulheres;1152;60 a 64 anos;12948
Indicador  3.4.1;1706;987;15;Pará;12948;2021;5;Mulheres;1153;65 a 69 anos;12948
Indicador  3.4.1;1706;8745;15;Pará;12948;2022;6794;Total;56742;30 a 69 anos;12948
Indicador  3.4.1;1706;186;15;Pará;12948;2022;6794;Total;1146;30 a 34 anos;12948
Indicador  3.4.1;1706;364;15;Pará;12948;2022;6794;Total;1147;35 a 39 anos;12948
Indicador  3.4.1;1706;597;15;Pará;12948;2022;6794;Total;1148;40 a 44 anos;12948
Indicador  3.4.1;1706;837;15;Pará;12948;2022;6794;Total;1149;45 a 49 anos;12948
Indicador  3.4.1;1706;1056;15;Pará;12948;2022;6794;Total;1150;50 a 54 anos;12948
Indicador  3.4.1;1706;1379;15;Pará;12948;2022;6794;Total;1151;55 a 59 anos;12948
Indicador  3.4.1;1706;1984;15;Pará;12948;2022;6794;Total;1152;60 a 64 anos;12948
Indicador  3.4.1;1706;2342;15;Pará;12948;2022;6794;Total;1153;65 a 69 anos;12948
Indicador  3.4.1;1706;4874;15;Pará;12948;2022;4;Homens;56742;30 a 69 anos;12948
Indicador  3.4.1;1706;91;15;Pará;12948;2022;4;Homens;1146;30 a 34 anos;12948
Indicador  3.4.1;1706;154;15;Pará;12948;2022;4;Homens;1147;35 a 39 anos;12948
Indicador  3.4.1;1706;282;15;Pará;12948;2022;4;Homens;1148;40 a 44 anos;12948
Indicador  3.4.1;1706;413;15;Pará;12948;2022;4;Homens;1149;45 a 49 anos;12948
Indicador  3.4.1;1706;578;15;Pará;12948;2022;4;Homens;1150;50 a 54 anos;12948
Indicador  3.4.1;1706;819;15;Pará;12948;2022;4;Homens;1151;55 a 59 anos;12948
Indicador  3.4.1;1706;1174;15;Pará;12948;2022;4;Homens;1152;60 a 64 anos;12948
Indicador  3.4.1;1706;1363;15;Pará;12948;2022;4;Homens;1153;65 a 69 anos;12948
Indicador  3.4.1;1706;3871;15;Pará;12948;2022;5;Mulheres;56742;30 a 69 anos;12948
Indicador  3.4.1;1706;95;15;Pará;12948;2022;5;Mulheres;1146;30 a 34 anos;12948
Indicador  3.4.1;1706;210;15;Pará;12948;2022;5;Mulheres;1147;35 a 39 anos;12948
Indicador  3.4.1;1706;315;15;Pará;12948;2022;5;Mulheres;1148;40 a 44 anos;12948
Indicador  3.4.1;1706;424;15;Pará;12948;2022;5;Mulheres;1149;45 a 49 anos;12948
Indicador  3.4.1;1706;478;15;Pará;12948;2022;5;Mulheres;1150;50 a 54 anos;12948
Indicador  3.4.1;1706;560;15;Pará;12948;2022;5;Mulheres;1151;55 a 59 anos;12948
Indicador  3.4.1;1706;810;15;Pará;12948;2022;5;Mulheres;1152;60 a 64 anos;12948
Indicador  3.4.1;1706;979;15;Pará;12948;2022;5;Mulheres;1153;65 a 69 anos;12948
Indicador  3.4.1;1706;694;16;Amapá;12948;2018;6794;Total;56742;30 a 69 anos;12948
Indicador  3.4.1;1706;24;16;Amapá;12948;2018;6794;Total;1146;30 a 34 anos;12948
Indicador  3.4.1;1706;25;16;Amapá;12948;2018;6794;Total;1147;35 a 39 anos;12948
Indicador  3.4.1;1706;45;16;Amapá;12948;2018;6794;Total;1148;40 a 44 anos;12948
Indicador  3.4.1;1706;77;16;Amapá;12948;2018;6794;Total;1149;45 a 49 anos;12948
Indicador  3.4.1;1706;96;16;Amapá;12948;2018;6794;Total;1150;50 a 54 anos;12948
Indicador  3.4.1;1706;129;16;Amapá;12948;2018;6794;Total;1151;55 a 59 anos;12948
Indicador  3.4.1;1706;147;16;Amapá;12948;2018;6794;Total;1152;60 a 64 anos;12948
Indicador  3.4.1;1706;151;16;Amapá;12948;2018;6794;Total;1153;65 a 69 anos;12948
Indicador  3.4.1;1706;390;16;Amapá;12948;2018;4;Homens;56742;30 a 69 anos;12948
Indicador  3.4.1;1706;9;16;Amapá;12948;2018;4;Homens;1146;30 a 34 anos;12948
Indicador  3.4.1;1706;15;16;Amapá;12948;2018;4;Homens;1147;35 a 39 anos;12948
Indicador  3.4.1;1706;19;16;Amapá;12948;2018;4;Homens;1148;40 a 44 anos;12948
Indicador  3.4.1;1706;29;16;Amapá;12948;2018;4;Homens;1149;45 a 49 anos;12948
Indicador  3.4.1;1706;54;16;Amapá;12948;2018;4;Homens;1150;50 a 54 anos;12948
Indicador  3.4.1;1706;81;16;Amapá;12948;2018;4;Homens;1151;55 a 59 anos;12948
Indicador  3.4.1;1706;89;16;Amapá;12948;2018;4;Homens;1152;60 a 64 anos;12948
Indicador  3.4.1;1706;94;16;Amapá;12948;2018;4;Homens;1153;65 a 69 anos;12948
Indicador  3.4.1;1706;303;16;Amapá;12948;2018;5;Mulheres;56742;30 a 69 anos;12948
Indicador  3.4.1;1706;15;16;Amapá;12948;2018;5;Mulheres;1146;30 a 34 anos;12948
Indicador  3.4.1;1706;10;16;Amapá;12948;2018;5;Mulheres;1147;35 a 39 anos;12948
Indicador  3.4.1;1706;26;16;Amapá;12948;2018;5;Mulheres;1148;40 a 44 anos;12948
Indicador  3.4.1;1706;48;16;Amapá;12948;2018;5;Mulheres;1149;45 a 49 anos;12948
Indicador  3.4.1;1706;42;16;Amapá;12948;2018;5;Mulheres;1150;50 a 54 anos;12948
Indicador  3.4.1;1706;47;16;Amapá;12948;2018;5;Mulheres;1151;55 a 59 anos;12948
Indicador  3.4.1;1706;58;16;Amapá;12948;2018;5;Mulheres;1152;60 a 64 anos;12948
Indicador  3.4.1;1706;57;16;Amapá;12948;2018;5;Mulheres;1153;65 a 69 anos;12948
Indicador  3.4.1;1706;752;16;Amapá;12948;2019;6794;Total;56742;30 a 69 anos;12948
Indicador  3.4.1;1706;23;16;Amapá;12948;2019;6794;Total;1146;30 a 34 anos;12948
Indicador  3.4.1;1706;31;16;Amapá;12948;2019;6794;Total;1147;35 a 39 anos;12948
Indicador  3.4.1;1706;54;16;Amapá;12948;2019;6794;Total;1148;40 a 44 anos;12948
Indicador  3.4.1;1706;57;16;Amapá;12948;2019;6794;Total;1149;45 a 49 anos;12948
Indicador  3.4.1;1706;100;16;Amapá;12948;2019;6794;Total;1150;50 a 54 anos;12948
Indicador  3.4.1;1706;136;16;Amapá;12948;2019;6794;Total;1151;55 a 59 anos;12948
Indicador  3.4.1;1706;166;16;Amapá;12948;2019;6794;Total;1152;60 a 64 anos;12948
Indicador  3.4.1;1706;185;16;Amapá;12948;2019;6794;Total;1153;65 a 69 anos;12948
Indicador  3.4.1;1706;407;16;Amapá;12948;2019;4;Homens;56742;30 a 69 anos;12948
Indicador  3.4.1;1706;11;16;Amapá;12948;2019;4;Homens;1146;30 a 34 anos;12948
Indicador  3.4.1;1706;9;16;Amapá;12948;2019;4;Homens;1147;35 a 39 anos;12948
Indicador  3.4.1;1706;19;16;Amapá;12948;2019;4;Homens;1148;40 a 44 anos;12948
Indicador  3.4.1;1706;29;16;Amapá;12948;2019;4;Homens;1149;45 a 49 anos;12948
Indicador  3.4.1;1706;54;16;Amapá;12948;2019;4;Homens;1150;50 a 54 anos;12948
Indicador  3.4.1;1706;80;16;Amapá;12948;2019;4;Homens;1151;55 a 59 anos;12948
Indicador  3.4.1;1706;98;16;Amapá;12948;2019;4;Homens;1152;60 a 64 anos;12948
Indicador  3.4.1;1706;107;16;Amapá;12948;2019;4;Homens;1153;65 a 69 anos;12948
Indicador  3.4.1;1706;345;16;Amapá;12948;2019;5;Mulheres;56742;30 a 69 anos;12948
Indicador  3.4.1;1706;12;16;Amapá;12948;2019;5;Mulheres;1146;30 a 34 anos;12948
Indicador  3.4.1;1706;22;16;Amapá;12948;2019;5;Mulheres;1147;35 a 39 anos;12948
Indicador  3.4.1;1706;35;16;Amapá;12948;2019;5;Mulheres;1148;40 a 44 anos;12948
Indicador  3.4.1;1706;28;16;Amapá;12948;2019;5;Mulheres;1149;45 a 49 anos;12948
Indicador  3.4.1;1706;46;16;Amapá;12948;2019;5;Mulheres;1150;50 a 54 anos;12948
Indicador  3.4.1;1706;56;16;Amapá;12948;2019;5;Mulheres;1151;55 a 59 anos;12948
Indicador  3.4.1;1706;68;16;Amapá;12948;2019;5;Mulheres;1152;60 a 64 anos;12948
Indicador  3.4.1;1706;78;16;Amapá;12948;2019;5;Mulheres;1153;65 a 69 anos;12948
Indicador  3.4.1;1706;808;16;Amapá;12948;2020;6794;Total;56742;30 a 69 anos;12948
Indicador  3.4.1;1706;39;16;Amapá;12948;2020;6794;Total;1146;30 a 34 anos;12948
Indicador  3.4.1;1706;33;16;Amapá;12948;2020;6794;Total;1147;35 a 39 anos;12948
Indicador  3.4.1;1706;63;16;Amapá;12948;2020;6794;Total;1148;40 a 44 anos;12948
Indicador  3.4.1;1706;89;16;Amapá;12948;2020;6794;Total;1149;45 a 49 anos;12948
Indicador  3.4.1;1706;96;16;Amapá;12948;2020;6794;Total;1150;50 a 54 anos;12948
Indicador  3.4.1;1706;140;16;Amapá;12948;2020;6794;Total;1151;55 a 59 anos;12948
Indicador  3.4.1;1706;168;16;Amapá;12948;2020;6794;Total;1152;60 a 64 anos;12948
Indicador  3.4.1;1706;180;16;Amapá;12948;2020;6794;Total;1153;65 a 69 anos;12948
Indicador  3.4.1;1706;449;16;Amapá;12948;2020;4;Homens;56742;30 a 69 anos;12948
Indicador  3.4.1;1706;17;16;Amapá;12948;2020;4;Homens;1146;30 a 34 anos;12948
Indicador  3.4.1;1706;12;16;Amapá;12948;2020;4;Homens;1147;35 a 39 anos;12948
Indicador  3.4.1;1706;26;16;Amapá;12948;2020;4;Homens;1148;40 a 44 anos;12948
Indicador  3.4.1;1706;45;16;Amapá;12948;2020;4;Homens;1149;45 a 49 anos;12948
Indicador  3.4.1;1706;57;16;Amapá;12948;2020;4;Homens;1150;50 a 54 anos;12948
Indicador  3.4.1;1706;85;16;Amapá;12948;2020;4;Homens;1151;55 a 59 anos;12948
Indicador  3.4.1;1706;101;16;Amapá;12948;2020;4;Homens;1152;60 a 64 anos;12948
Indicador  3.4.1;1706;106;16;Amapá;12948;2020;4;Homens;1153;65 a 69 anos;12948
Indicador  3.4.1;1706;359;16;Amapá;12948;2020;5;Mulheres;56742;30 a 69 anos;12948
Indicador  3.4.1;1706;22;16;Amapá;12948;2020;5;Mulheres;1146;30 a 34 anos;12948
Indicador  3.4.1;1706;21;16;Amapá;12948;2020;5;Mulheres;1147;35 a 39 anos;12948
Indicador  3.4.1;1706;37;16;Amapá;12948;2020;5;Mulheres;1148;40 a 44 anos;12948
Indicador  3.4.1;1706;44;16;Amapá;12948;2020;5;Mulheres;1149;45 a 49 anos;12948
Indicador  3.4.1;1706;39;16;Amapá;12948;2020;5;Mulheres;1150;50 a 54 anos;12948
Indicador  3.4.1;1706;55;16;Amapá;12948;2020;5;Mulheres;1151;55 a 59 anos;12948
Indicador  3.4.1;1706;67;16;Amapá;12948;2020;5;Mulheres;1152;60 a 64 anos;12948
Indicador  3.4.1;1706;74;16;Amapá;12948;2020;5;Mulheres;1153;65 a 69 anos;12948
Indicador  3.4.1;1706;789;16;Amapá;12948;2021;6794;Total;56742;30 a 69 anos;12948
Indicador  3.4.1;1706;26;16;Amapá;12948;2021;6794;Total;1146;30 a 34 anos;12948
Indicador  3.4.1;1706;45;16;Amapá;12948;2021;6794;Total;1147;35 a 39 anos;12948
Indicador  3.4.1;1706;53;16;Amapá;12948;2021;6794;Total;1148;40 a 44 anos;12948
Indicador  3.4.1;1706;71;16;Amapá;12948;2021;6794;Total;1149;45 a 49 anos;12948
Indicador  3.4.1;1706;110;16;Amapá;12948;2021;6794;Total;1150;50 a 54 anos;12948
Indicador  3.4.1;1706;132;16;Amapá;12948;2021;6794;Total;1151;55 a 59 anos;12948
Indicador  3.4.1;1706;168;16;Amapá;12948;2021;6794;Total;1152;60 a 64 anos;12948
Indicador  3.4.1;1706;184;16;Amapá;12948;2021;6794;Total;1153;65 a 69 anos;12948
Indicador  3.4.1;1706;420;16;Amapá;12948;2021;4;Homens;56742;30 a 69 anos;12948
Indicador  3.4.1;1706;11;16;Amapá;12948;2021;4;Homens;1146;30 a 34 anos;12948
Indicador  3.4.1;1706;10;16;Amapá;12948;2021;4;Homens;1147;35 a 39 anos;12948
Indicador  3.4.1;1706;31;16;Amapá;12948;2021;4;Homens;1148;40 a 44 anos;12948
Indicador  3.4.1;1706;35;16;Amapá;12948;2021;4;Homens;1149;45 a 49 anos;12948
Indicador  3.4.1;1706;60;16;Amapá;12948;2021;4;Homens;1150;50 a 54 anos;12948
Indicador  3.4.1;1706;71;16;Amapá;12948;2021;4;Homens;1151;55 a 59 anos;12948
Indicador  3.4.1;1706;93;16;Amapá;12948;2021;4;Homens;1152;60 a 64 anos;12948
Indicador  3.4.1;1706;109;16;Amapá;12948;2021;4;Homens;1153;65 a 69 anos;12948
Indicador  3.4.1;1706;369;16;Amapá;12948;2021;5;Mulheres;56742;30 a 69 anos;12948
Indicador  3.4.1;1706;15;16;Amapá;12948;2021;5;Mulheres;1146;30 a 34 anos;12948
Indicador  3.4.1;1706;35;16;Amapá;12948;2021;5;Mulheres;1147;35 a 39 anos;12948
Indicador  3.4.1;1706;22;16;Amapá;12948;2021;5;Mulheres;1148;40 a 44 anos;12948
Indicador  3.4.1;1706;36;16;Amapá;12948;2021;5;Mulheres;1149;45 a 49 anos;12948
Indicador  3.4.1;1706;50;16;Amapá;12948;2021;5;Mulheres;1150;50 a 54 anos;12948
Indicador  3.4.1;1706;61;16;Amapá;12948;2021;5;Mulheres;1151;55 a 59 anos;12948
Indicador  3.4.1;1706;75;16;Amapá;12948;2021;5;Mulheres;1152;60 a 64 anos;12948
Indicador  3.4.1;1706;75;16;Amapá;12948;2021;5;Mulheres;1153;65 a 69 anos;12948
Indicador  3.4.1;1706;804;16;Amapá;12948;2022;6794;Total;56742;30 a 69 anos;12948
Indicador  3.4.1;1706;27;16;Amapá;12948;2022;6794;Total;1146;30 a 34 anos;12948
Indicador  3.4.1;1706;42;16;Amapá;12948;2022;6794;Total;1147;35 a 39 anos;12948
Indicador  3.4.1;1706;55;16;Amapá;12948;2022;6794;Total;1148;40 a 44 anos;12948
Indicador  3.4.1;1706;89;16;Amapá;12948;2022;6794;Total;1149;45 a 49 anos;12948
Indicador  3.4.1;1706;110;16;Amapá;12948;2022;6794;Total;1150;50 a 54 anos;12948
Indicador  3.4.1;1706;118;16;Amapá;12948;2022;6794;Total;1151;55 a 59 anos;12948
Indicador  3.4.1;1706;157;16;Amapá;12948;2022;6794;Total;1152;60 a 64 anos;12948
Indicador  3.4.1;1706;206;16;Amapá;12948;2022;6794;Total;1153;65 a 69 anos;12948
Indicador  3.4.1;1706;436;16;Amapá;12948;2022;4;Homens;56742;30 a 69 anos;12948
Indicador  3.4.1;1706;12;16;Amapá;12948;2022;4;Homens;1146;30 a 34 anos;12948
Indicador  3.4.1;1706;26;16;Amapá;12948;2022;4;Homens;1147;35 a 39 anos;12948
Indicador  3.4.1;1706;21;16;Amapá;12948;2022;4;Homens;1148;40 a 44 anos;12948
Indicador  3.4.1;1706;48;16;Amapá;12948;2022;4;Homens;1149;45 a 49 anos;12948
Indicador  3.4.1;1706;58;16;Amapá;12948;2022;4;Homens;1150;50 a 54 anos;12948
Indicador  3.4.1;1706;62;16;Amapá;12948;2022;4;Homens;1151;55 a 59 anos;12948
Indicador  3.4.1;1706;88;16;Amapá;12948;2022;4;Homens;1152;60 a 64 anos;12948
Indicador  3.4.1;1706;121;16;Amapá;12948;2022;4;Homens;1153;65 a 69 anos;12948
Indicador  3.4.1;1706;368;16;Amapá;12948;2022;5;Mulheres;56742;30 a 69 anos;12948
Indicador  3.4.1;1706;15;16;Amapá;12948;2022;5;Mulheres;1146;30 a 34 anos;12948
Indicador  3.4.1;1706;16;16;Amapá;12948;2022;5;Mulheres;1147;35 a 39 anos;12948
Indicador  3.4.1;1706;34;16;Amapá;12948;2022;5;Mulheres;1148;40 a 44 anos;12948
Indicador  3.4.1;1706;41;16;Amapá;12948;2022;5;Mulheres;1149;45 a 49 anos;12948
Indicador  3.4.1;1706;52;16;Amapá;12948;2022;5;Mulheres;1150;50 a 54 anos;12948
Indicador  3.4.1;1706;56;16;Amapá;12948;2022;5;Mulheres;1151;55 a 59 anos;12948
Indicador  3.4.1;1706;69;16;Amapá;12948;2022;5;Mulheres;1152;60 a 64 anos;12948
Indicador  3.4.1;1706;85;16;Amapá;12948;2022;5;Mulheres;1153;65 a 69 anos;12948
Indicador  3.4.1;1706;1748;17;Tocantins;12948;2018;6794;Total;56742;30 a 69 anos;12948
Indicador  3.4.1;1706;57;17;Tocantins;12948;2018;6794;Total;1146;30 a 34 anos;12948
Indicador  3.4.1;1706;65;17;Tocantins;12948;2018;6794;Total;1147;35 a 39 anos;12948
Indicador  3.4.1;1706;112;17;Tocantins;12948;2018;6794;Total;1148;40 a 44 anos;12948
Indicador  3.4.1;1706;147;17;Tocantins;12948;2018;6794;Total;1149;45 a 49 anos;12948
Indicador  3.4.1;1706;244;17;Tocantins;12948;2018;6794;Total;1150;50 a 54 anos;12948
Indicador  3.4.1;1706;279;17;Tocantins;12948;2018;6794;Total;1151;55 a 59 anos;12948
Indicador  3.4.1;1706;394;17;Tocantins;12948;2018;6794;Total;1152;60 a 64 anos;12948
Indicador  3.4.1;1706;450;17;Tocantins;12948;2018;6794;Total;1153;65 a 69 anos;12948
Indicador  3.4.1;1706;987;17;Tocantins;12948;2018;4;Homens;56742;30 a 69 anos;12948
Indicador  3.4.1;1706;30;17;Tocantins;12948;2018;4;Homens;1146;30 a 34 anos;12948
Indicador  3.4.1;1706;23;17;Tocantins;12948;2018;4;Homens;1147;35 a 39 anos;12948
Indicador  3.4.1;1706;55;17;Tocantins;12948;2018;4;Homens;1148;40 a 44 anos;12948
Indicador  3.4.1;1706;80;17;Tocantins;12948;2018;4;Homens;1149;45 a 49 anos;12948
Indicador  3.4.1;1706;152;17;Tocantins;12948;2018;4;Homens;1150;50 a 54 anos;12948
Indicador  3.4.1;1706;170;17;Tocantins;12948;2018;4;Homens;1151;55 a 59 anos;12948
Indicador  3.4.1;1706;217;17;Tocantins;12948;2018;4;Homens;1152;60 a 64 anos;12948
Indicador  3.4.1;1706;260;17;Tocantins;12948;2018;4;Homens;1153;65 a 69 anos;12948
Indicador  3.4.1;1706;761;17;Tocantins;12948;2018;5;Mulheres;56742;30 a 69 anos;12948
Indicador  3.4.1;1706;27;17;Tocantins;12948;2018;5;Mulheres;1146;30 a 34 anos;12948
Indicador  3.4.1;1706;42;17;Tocantins;12948;2018;5;Mulheres;1147;35 a 39 anos;12948
Indicador  3.4.1;1706;57;17;Tocantins;12948;2018;5;Mulheres;1148;40 a 44 anos;12948
Indicador  3.4.1;1706;67;17;Tocantins;12948;2018;5;Mulheres;1149;45 a 49 anos;12948
Indicador  3.4.1;1706;92;17;Tocantins;12948;2018;5;Mulheres;1150;50 a 54 anos;12948
Indicador  3.4.1;1706;109;17;Tocantins;12948;2018;5;Mulheres;1151;55 a 59 anos;12948
Indicador  3.4.1;1706;177;17;Tocantins;12948;2018;5;Mulheres;1152;60 a 64 anos;12948
Indicador  3.4.1;1706;190;17;Tocantins;12948;2018;5;Mulheres;1153;65 a 69 anos;12948
Indicador  3.4.1;1706;1772;17;Tocantins;12948;2019;6794;Total;56742;30 a 69 anos;12948
Indicador  3.4.1;1706;44;17;Tocantins;12948;2019;6794;Total;1146;30 a 34 anos;12948
Indicador  3.4.1;1706;68;17;Tocantins;12948;2019;6794;Total;1147;35 a 39 anos;12948
Indicador  3.4.1;1706;110;17;Tocantins;12948;2019;6794;Total;1148;40 a 44 anos;12948
Indicador  3.4.1;1706;163;17;Tocantins;12948;2019;6794;Total;1149;45 a 49 anos;12948
Indicador  3.4.1;1706;219;17;Tocantins;12948;2019;6794;Total;1150;50 a 54 anos;12948
Indicador  3.4.1;1706;292;17;Tocantins;12948;2019;6794;Total;1151;55 a 59 anos;12948
Indicador  3.4.1;1706;408;17;Tocantins;12948;2019;6794;Total;1152;60 a 64 anos;12948
Indicador  3.4.1;1706;468;17;Tocantins;12948;2019;6794;Total;1153;65 a 69 anos;12948
Indicador  3.4.1;1706;1030;17;Tocantins;12948;2019;4;Homens;56742;30 a 69 anos;12948
Indicador  3.4.1;1706;24;17;Tocantins;12948;2019;4;Homens;1146;30 a 34 anos;12948
Indicador  3.4.1;1706;43;17;Tocantins;12948;2019;4;Homens;1147;35 a 39 anos;12948
Indicador  3.4.1;1706;53;17;Tocantins;12948;2019;4;Homens;1148;40 a 44 anos;12948
Indicador  3.4.1;1706;86;17;Tocantins;12948;2019;4;Homens;1149;45 a 49 anos;12948
Indicador  3.4.1;1706;138;17;Tocantins;12948;2019;4;Homens;1150;50 a 54 anos;12948
Indicador  3.4.1;1706;169;17;Tocantins;12948;2019;4;Homens;1151;55 a 59 anos;12948
Indicador  3.4.1;1706;240;17;Tocantins;12948;2019;4;Homens;1152;60 a 64 anos;12948
Indicador  3.4.1;1706;277;17;Tocantins;12948;2019;4;Homens;1153;65 a 69 anos;12948
Indicador  3.4.1;1706;740;17;Tocantins;12948;2019;5;Mulheres;56742;30 a 69 anos;12948
Indicador  3.4.1;1706;20;17;Tocantins;12948;2019;5;Mulheres;1146;30 a 34 anos;12948
Indicador  3.4.1;1706;25;17;Tocantins;12948;2019;5;Mulheres;1147;35 a 39 anos;12948
Indicador  3.4.1;1706;57;17;Tocantins;12948;2019;5;Mulheres;1148;40 a 44 anos;12948
Indicador  3.4.1;1706;77;17;Tocantins;12948;2019;5;Mulheres;1149;45 a 49 anos;12948
Indicador  3.4.1;1706;81;17;Tocantins;12948;2019;5;Mulheres;1150;50 a 54 anos;12948
Indicador  3.4.1;1706;123;17;Tocantins;12948;2019;5;Mulheres;1151;55 a 59 anos;12948
Indicador  3.4.1;1706;167;17;Tocantins;12948;2019;5;Mulheres;1152;60 a 64 anos;12948
Indicador  3.4.1;1706;190;17;Tocantins;12948;2019;5;Mulheres;1153;65 a 69 anos;12948
Indicador  3.4.1;1706;1724;17;Tocantins;12948;2020;6794;Total;56742;30 a 69 anos;12948
Indicador  3.4.1;1706;43;17;Tocantins;12948;2020;6794;Total;1146;30 a 34 anos;12948
Indicador  3.4.1;1706;85;17;Tocantins;12948;2020;6794;Total;1147;35 a 39 anos;12948
Indicador  3.4.1;1706;95;17;Tocantins;12948;2020;6794;Total;1148;40 a 44 anos;12948
Indicador  3.4.1;1706;151;17;Tocantins;12948;2020;6794;Total;1149;45 a 49 anos;12948
Indicador  3.4.1;1706;210;17;Tocantins;12948;2020;6794;Total;1150;50 a 54 anos;12948
Indicador  3.4.1;1706;288;17;Tocantins;12948;2020;6794;Total;1151;55 a 59 anos;12948
Indicador  3.4.1;1706;376;17;Tocantins;12948;2020;6794;Total;1152;60 a 64 anos;12948
Indicador  3.4.1;1706;476;17;Tocantins;12948;2020;6794;Total;1153;65 a 69 anos;12948
Indicador  3.4.1;1706;970;17;Tocantins;12948;2020;4;Homens;56742;30 a 69 anos;12948
Indicador  3.4.1;1706;24;17;Tocantins;12948;2020;4;Homens;1146;30 a 34 anos;12948
Indicador  3.4.1;1706;42;17;Tocantins;12948;2020;4;Homens;1147;35 a 39 anos;12948
Indicador  3.4.1;1706;49;17;Tocantins;12948;2020;4;Homens;1148;40 a 44 anos;12948
Indicador  3.4.1;1706;84;17;Tocantins;12948;2020;4;Homens;1149;45 a 49 anos;12948
Indicador  3.4.1;1706;109;17;Tocantins;12948;2020;4;Homens;1150;50 a 54 anos;12948
Indicador  3.4.1;1706;165;17;Tocantins;12948;2020;4;Homens;1151;55 a 59 anos;12948
Indicador  3.4.1;1706;215;17;Tocantins;12948;2020;4;Homens;1152;60 a 64 anos;12948
Indicador  3.4.1;1706;282;17;Tocantins;12948;2020;4;Homens;1153;65 a 69 anos;12948
Indicador  3.4.1;1706;754;17;Tocantins;12948;2020;5;Mulheres;56742;30 a 69 anos;12948
Indicador  3.4.1;1706;19;17;Tocantins;12948;2020;5;Mulheres;1146;30 a 34 anos;12948
Indicador  3.4.1;1706;43;17;Tocantins;12948;2020;5;Mulheres;1147;35 a 39 anos;12948
Indicador  3.4.1;1706;46;17;Tocantins;12948;2020;5;Mulheres;1148;40 a 44 anos;12948
Indicador  3.4.1;1706;67;17;Tocantins;12948;2020;5;Mulheres;1149;45 a 49 anos;12948
Indicador  3.4.1;1706;101;17;Tocantins;12948;2020;5;Mulheres;1150;50 a 54 anos;12948
Indicador  3.4.1;1706;123;17;Tocantins;12948;2020;5;Mulheres;1151;55 a 59 anos;12948
Indicador  3.4.1;1706;161;17;Tocantins;12948;2020;5;Mulheres;1152;60 a 64 anos;12948
Indicador  3.4.1;1706;194;17;Tocantins;12948;2020;5;Mulheres;1153;65 a 69 anos;12948
Indicador  3.4.1;1706;1915;17;Tocantins;12948;2021;6794;Total;56742;30 a 69 anos;12948
Indicador  3.4.1;1706;44;17;Tocantins;12948;2021;6794;Total;1146;30 a 34 anos;12948
Indicador  3.4.1;1706;77;17;Tocantins;12948;2021;6794;Total;1147;35 a 39 anos;12948
Indicador  3.4.1;1706;128;17;Tocantins;12948;2021;6794;Total;1148;40 a 44 anos;12948
Indicador  3.4.1;1706;197;17;Tocantins;12948;2021;6794;Total;1149;45 a 49 anos;12948
Indicador  3.4.1;1706;254;17;Tocantins;12948;2021;6794;Total;1150;50 a 54 anos;12948
Indicador  3.4.1;1706;288;17;Tocantins;12948;2021;6794;Total;1151;55 a 59 anos;12948
Indicador  3.4.1;1706;398;17;Tocantins;12948;2021;6794;Total;1152;60 a 64 anos;12948
Indicador  3.4.1;1706;529;17;Tocantins;12948;2021;6794;Total;1153;65 a 69 anos;12948
Indicador  3.4.1;1706;1077;17;Tocantins;12948;2021;4;Homens;56742;30 a 69 anos;12948
Indicador  3.4.1;1706;26;17;Tocantins;12948;2021;4;Homens;1146;30 a 34 anos;12948
Indicador  3.4.1;1706;45;17;Tocantins;12948;2021;4;Homens;1147;35 a 39 anos;12948
Indicador  3.4.1;1706;54;17;Tocantins;12948;2021;4;Homens;1148;40 a 44 anos;12948
Indicador  3.4.1;1706;102;17;Tocantins;12948;2021;4;Homens;1149;45 a 49 anos;12948
Indicador  3.4.1;1706;136;17;Tocantins;12948;2021;4;Homens;1150;50 a 54 anos;12948
Indicador  3.4.1;1706;167;17;Tocantins;12948;2021;4;Homens;1151;55 a 59 anos;12948
Indicador  3.4.1;1706;231;17;Tocantins;12948;2021;4;Homens;1152;60 a 64 anos;12948
Indicador  3.4.1;1706;316;17;Tocantins;12948;2021;4;Homens;1153;65 a 69 anos;12948
Indicador  3.4.1;1706;838;17;Tocantins;12948;2021;5;Mulheres;56742;30 a 69 anos;12948
Indicador  3.4.1;1706;18;17;Tocantins;12948;2021;5;Mulheres;1146;30 a 34 anos;12948
Indicador  3.4.1;1706;32;17;Tocantins;12948;2021;5;Mulheres;1147;35 a 39 anos;12948
Indicador  3.4.1;1706;74;17;Tocantins;12948;2021;5;Mulheres;1148;40 a 44 anos;12948
Indicador  3.4.1;1706;95;17;Tocantins;12948;2021;5;Mulheres;1149;45 a 49 anos;12948
Indicador  3.4.1;1706;118;17;Tocantins;12948;2021;5;Mulheres;1150;50 a 54 anos;12948
Indicador  3.4.1;1706;121;17;Tocantins;12948;2021;5;Mulheres;1151;55 a 59 anos;12948
Indicador  3.4.1;1706;167;17;Tocantins;12948;2021;5;Mulheres;1152;60 a 64 anos;12948
Indicador  3.4.1;1706;213;17;Tocantins;12948;2021;5;Mulheres;1153;65 a 69 anos;12948
Indicador  3.4.1;1706;1933;17;Tocantins;12948;2022;6794;Total;56742;30 a 69 anos;12948
Indicador  3.4.1;1706;47;17;Tocantins;12948;2022;6794;Total;1146;30 a 34 anos;12948
Indicador  3.4.1;1706;68;17;Tocantins;12948;2022;6794;Total;1147;35 a 39 anos;12948
Indicador  3.4.1;1706;131;17;Tocantins;12948;2022;6794;Total;1148;40 a 44 anos;12948
Indicador  3.4.1;1706;189;17;Tocantins;12948;2022;6794;Total;1149;45 a 49 anos;12948
Indicador  3.4.1;1706;249;17;Tocantins;12948;2022;6794;Total;1150;50 a 54 anos;12948
Indicador  3.4.1;1706;331;17;Tocantins;12948;2022;6794;Total;1151;55 a 59 anos;12948
Indicador  3.4.1;1706;408;17;Tocantins;12948;2022;6794;Total;1152;60 a 64 anos;12948
Indicador  3.4.1;1706;510;17;Tocantins;12948;2022;6794;Total;1153;65 a 69 anos;12948
Indicador  3.4.1;1706;1090;17;Tocantins;12948;2022;4;Homens;56742;30 a 69 anos;12948
Indicador  3.4.1;1706;21;17;Tocantins;12948;2022;4;Homens;1146;30 a 34 anos;12948
Indicador  3.4.1;1706;35;17;Tocantins;12948;2022;4;Homens;1147;35 a 39 anos;12948
Indicador  3.4.1;1706;69;17;Tocantins;12948;2022;4;Homens;1148;40 a 44 anos;12948
Indicador  3.4.1;1706;100;17;Tocantins;12948;2022;4;Homens;1149;45 a 49 anos;12948
Indicador  3.4.1;1706;143;17;Tocantins;12948;2022;4;Homens;1150;50 a 54 anos;12948
Indicador  3.4.1;1706;184;17;Tocantins;12948;2022;4;Homens;1151;55 a 59 anos;12948
Indicador  3.4.1;1706;245;17;Tocantins;12948;2022;4;Homens;1152;60 a 64 anos;12948
Indicador  3.4.1;1706;293;17;Tocantins;12948;2022;4;Homens;1153;65 a 69 anos;12948
Indicador  3.4.1;1706;843;17;Tocantins;12948;2022;5;Mulheres;56742;30 a 69 anos;12948
Indicador  3.4.1;1706;26;17;Tocantins;12948;2022;5;Mulheres;1146;30 a 34 anos;12948
Indicador  3.4.1;1706;33;17;Tocantins;12948;2022;5;Mulheres;1147;35 a 39 anos;12948
Indicador  3.4.1;1706;62;17;Tocantins;12948;2022;5;Mulheres;1148;40 a 44 anos;12948
Indicador  3.4.1;1706;89;17;Tocantins;12948;2022;5;Mulheres;1149;45 a 49 anos;12948
Indicador  3.4.1;1706;106;17;Tocantins;12948;2022;5;Mulheres;1150;50 a 54 anos;12948
Indicador  3.4.1;1706;147;17;Tocantins;12948;2022;5;Mulheres;1151;55 a 59 anos;12948
Indicador  3.4.1;1706;163;17;Tocantins;12948;2022;5;Mulheres;1152;60 a 64 anos;12948
Indicador  3.4.1;1706;217;17;Tocantins;12948;2022;5;Mulheres;1153;65 a 69 anos;12948
Indicador  3.4.1;1706;7620;21;Maranhão;12948;2018;6794;Total;56742;30 a 69 anos;12948
Indicador  3.4.1;1706;222;21;Maranhão;12948;2018;6794;Total;1146;30 a 34 anos;12948
Indicador  3.4.1;1706;331;21;Maranhão;12948;2018;6794;Total;1147;35 a 39 anos;12948
Indicador  3.4.1;1706;501;21;Maranhão;12948;2018;6794;Total;1148;40 a 44 anos;12948
Indicador  3.4.1;1706;662;21;Maranhão;12948;2018;6794;Total;1149;45 a 49 anos;12948
Indicador  3.4.1;1706;920;21;Maranhão;12948;2018;6794;Total;1150;50 a 54 anos;12948
Indicador  3.4.1;1706;1278;21;Maranhão;12948;2018;6794;Total;1151;55 a 59 anos;12948
Indicador  3.4.1;1706;1607;21;Maranhão;12948;2018;6794;Total;1152;60 a 64 anos;12948
Indicador  3.4.1;1706;2099;21;Maranhão;12948;2018;6794;Total;1153;65 a 69 anos;12948
Indicador  3.4.1;1706;4115;21;Maranhão;12948;2018;4;Homens;56742;30 a 69 anos;12948
Indicador  3.4.1;1706;111;21;Maranhão;12948;2018;4;Homens;1146;30 a 34 anos;12948
Indicador  3.4.1;1706;157;21;Maranhão;12948;2018;4;Homens;1147;35 a 39 anos;12948
Indicador  3.4.1;1706;251;21;Maranhão;12948;2018;4;Homens;1148;40 a 44 anos;12948
Indicador  3.4.1;1706;349;21;Maranhão;12948;2018;4;Homens;1149;45 a 49 anos;12948
Indicador  3.4.1;1706;464;21;Maranhão;12948;2018;4;Homens;1150;50 a 54 anos;12948
Indicador  3.4.1;1706;685;21;Maranhão;12948;2018;4;Homens;1151;55 a 59 anos;12948
Indicador  3.4.1;1706;871;21;Maranhão;12948;2018;4;Homens;1152;60 a 64 anos;12948
Indicador  3.4.1;1706;1227;21;Maranhão;12948;2018;4;Homens;1153;65 a 69 anos;12948
Indicador  3.4.1;1706;3504;21;Maranhão;12948;2018;5;Mulheres;56742;30 a 69 anos;12948
Indicador  3.4.1;1706;111;21;Maranhão;12948;2018;5;Mulheres;1146;30 a 34 anos;12948
Indicador  3.4.1;1706;174;21;Maranhão;12948;2018;5;Mulheres;1147;35 a 39 anos;12948
Indicador  3.4.1;1706;250;21;Maranhão;12948;2018;5;Mulheres;1148;40 a 44 anos;12948
Indicador  3.4.1;1706;313;21;Maranhão;12948;2018;5;Mulheres;1149;45 a 49 anos;12948
Indicador  3.4.1;1706;456;21;Maranhão;12948;2018;5;Mulheres;1150;50 a 54 anos;12948
Indicador  3.4.1;1706;593;21;Maranhão;12948;2018;5;Mulheres;1151;55 a 59 anos;12948
Indicador  3.4.1;1706;735;21;Maranhão;12948;2018;5;Mulheres;1152;60 a 64 anos;12948
Indicador  3.4.1;1706;872;21;Maranhão;12948;2018;5;Mulheres;1153;65 a 69 anos;12948
Indicador  3.4.1;1706;7641;21;Maranhão;12948;2019;6794;Total;56742;30 a 69 anos;12948
Indicador  3.4.1;1706;227;21;Maranhão;12948;2019;6794;Total;1146;30 a 34 anos;12948
Indicador  3.4.1;1706;354;21;Maranhão;12948;2019;6794;Total;1147;35 a 39 anos;12948
Indicador  3.4.1;1706;477;21;Maranhão;12948;2019;6794;Total;1148;40 a 44 anos;12948
Indicador  3.4.1;1706;656;21;Maranhão;12948;2019;6794;Total;1149;45 a 49 anos;12948
Indicador  3.4.1;1706;906;21;Maranhão;12948;2019;6794;Total;1150;50 a 54 anos;12948
Indicador  3.4.1;1706;1304;21;Maranhão;12948;2019;6794;Total;1151;55 a 59 anos;12948
Indicador  3.4.1;1706;1589;21;Maranhão;12948;2019;6794;Total;1152;60 a 64 anos;12948
Indicador  3.4.1;1706;2128;21;Maranhão;12948;2019;6794;Total;1153;65 a 69 anos;12948
Indicador  3.4.1;1706;4094;21;Maranhão;12948;2019;4;Homens;56742;30 a 69 anos;12948
Indicador  3.4.1;1706;108;21;Maranhão;12948;2019;4;Homens;1146;30 a 34 anos;12948
Indicador  3.4.1;1706;181;21;Maranhão;12948;2019;4;Homens;1147;35 a 39 anos;12948
Indicador  3.4.1;1706;253;21;Maranhão;12948;2019;4;Homens;1148;40 a 44 anos;12948
Indicador  3.4.1;1706;348;21;Maranhão;12948;2019;4;Homens;1149;45 a 49 anos;12948
Indicador  3.4.1;1706;456;21;Maranhão;12948;2019;4;Homens;1150;50 a 54 anos;12948
Indicador  3.4.1;1706;710;21;Maranhão;12948;2019;4;Homens;1151;55 a 59 anos;12948
Indicador  3.4.1;1706;853;21;Maranhão;12948;2019;4;Homens;1152;60 a 64 anos;12948
Indicador  3.4.1;1706;1185;21;Maranhão;12948;2019;4;Homens;1153;65 a 69 anos;12948
Indicador  3.4.1;1706;3547;21;Maranhão;12948;2019;5;Mulheres;56742;30 a 69 anos;12948
Indicador  3.4.1;1706;119;21;Maranhão;12948;2019;5;Mulheres;1146;30 a 34 anos;12948
Indicador  3.4.1;1706;173;21;Maranhão;12948;2019;5;Mulheres;1147;35 a 39 anos;12948
Indicador  3.4.1;1706;224;21;Maranhão;12948;2019;5;Mulheres;1148;40 a 44 anos;12948
Indicador  3.4.1;1706;308;21;Maranhão;12948;2019;5;Mulheres;1149;45 a 49 anos;12948
Indicador  3.4.1;1706;450;21;Maranhão;12948;2019;5;Mulheres;1150;50 a 54 anos;12948
Indicador  3.4.1;1706;594;21;Maranhão;12948;2019;5;Mulheres;1151;55 a 59 anos;12948
Indicador  3.4.1;1706;736;21;Maranhão;12948;2019;5;Mulheres;1152;60 a 64 anos;12948
Indicador  3.4.1;1706;943;21;Maranhão;12948;2019;5;Mulheres;1153;65 a 69 anos;12948
Indicador  3.4.1;1706;8316;21;Maranhão;12948;2020;6794;Total;56742;30 a 69 anos;12948
Indicador  3.4.1;1706;257;21;Maranhão;12948;2020;6794;Total;1146;30 a 34 anos;12948
Indicador  3.4.1;1706;393;21;Maranhão;12948;2020;6794;Total;1147;35 a 39 anos;12948
Indicador  3.4.1;1706;530;21;Maranhão;12948;2020;6794;Total;1148;40 a 44 anos;12948
Indicador  3.4.1;1706;698;21;Maranhão;12948;2020;6794;Total;1149;45 a 49 anos;12948
Indicador  3.4.1;1706;1024;21;Maranhão;12948;2020;6794;Total;1150;50 a 54 anos;12948
Indicador  3.4.1;1706;1399;21;Maranhão;12948;2020;6794;Total;1151;55 a 59 anos;12948
Indicador  3.4.1;1706;1779;21;Maranhão;12948;2020;6794;Total;1152;60 a 64 anos;12948
Indicador  3.4.1;1706;2236;21;Maranhão;12948;2020;6794;Total;1153;65 a 69 anos;12948
Indicador  3.4.1;1706;4540;21;Maranhão;12948;2020;4;Homens;56742;30 a 69 anos;12948
Indicador  3.4.1;1706;143;21;Maranhão;12948;2020;4;Homens;1146;30 a 34 anos;12948
Indicador  3.4.1;1706;211;21;Maranhão;12948;2020;4;Homens;1147;35 a 39 anos;12948
Indicador  3.4.1;1706;266;21;Maranhão;12948;2020;4;Homens;1148;40 a 44 anos;12948
Indicador  3.4.1;1706;360;21;Maranhão;12948;2020;4;Homens;1149;45 a 49 anos;12948
Indicador  3.4.1;1706;542;21;Maranhão;12948;2020;4;Homens;1150;50 a 54 anos;12948
Indicador  3.4.1;1706;755;21;Maranhão;12948;2020;4;Homens;1151;55 a 59 anos;12948
Indicador  3.4.1;1706;1012;21;Maranhão;12948;2020;4;Homens;1152;60 a 64 anos;12948
Indicador  3.4.1;1706;1251;21;Maranhão;12948;2020;4;Homens;1153;65 a 69 anos;12948
Indicador  3.4.1;1706;3776;21;Maranhão;12948;2020;5;Mulheres;56742;30 a 69 anos;12948
Indicador  3.4.1;1706;114;21;Maranhão;12948;2020;5;Mulheres;1146;30 a 34 anos;12948
Indicador  3.4.1;1706;182;21;Maranhão;12948;2020;5;Mulheres;1147;35 a 39 anos;12948
Indicador  3.4.1;1706;264;21;Maranhão;12948;2020;5;Mulheres;1148;40 a 44 anos;12948
Indicador  3.4.1;1706;338;21;Maranhão;12948;2020;5;Mulheres;1149;45 a 49 anos;12948
Indicador  3.4.1;1706;482;21;Maranhão;12948;2020;5;Mulheres;1150;50 a 54 anos;12948
Indicador  3.4.1;1706;644;21;Maranhão;12948;2020;5;Mulheres;1151;55 a 59 anos;12948
Indicador  3.4.1;1706;767;21;Maranhão;12948;2020;5;Mulheres;1152;60 a 64 anos;12948
Indicador  3.4.1;1706;985;21;Maranhão;12948;2020;5;Mulheres;1153;65 a 69 anos;12948
Indicador  3.4.1;1706;8049;21;Maranhão;12948;2021;6794;Total;56742;30 a 69 anos;12948
Indicador  3.4.1;1706;224;21;Maranhão;12948;2021;6794;Total;1146;30 a 34 anos;12948
Indicador  3.4.1;1706;373;21;Maranhão;12948;2021;6794;Total;1147;35 a 39 anos;12948
Indicador  3.4.1;1706;595;21;Maranhão;12948;2021;6794;Total;1148;40 a 44 anos;12948
Indicador  3.4.1;1706;718;21;Maranhão;12948;2021;6794;Total;1149;45 a 49 anos;12948
Indicador  3.4.1;1706;1014;21;Maranhão;12948;2021;6794;Total;1150;50 a 54 anos;12948
Indicador  3.4.1;1706;1302;21;Maranhão;12948;2021;6794;Total;1151;55 a 59 anos;12948
Indicador  3.4.1;1706;1673;21;Maranhão;12948;2021;6794;Total;1152;60 a 64 anos;12948
Indicador  3.4.1;1706;2150;21;Maranhão;12948;2021;6794;Total;1153;65 a 69 anos;12948
Indicador  3.4.1;1706;4456;21;Maranhão;12948;2021;4;Homens;56742;30 a 69 anos;12948
Indicador  3.4.1;1706;121;21;Maranhão;12948;2021;4;Homens;1146;30 a 34 anos;12948
Indicador  3.4.1;1706;209;21;Maranhão;12948;2021;4;Homens;1147;35 a 39 anos;12948
Indicador  3.4.1;1706;305;21;Maranhão;12948;2021;4;Homens;1148;40 a 44 anos;12948
Indicador  3.4.1;1706;403;21;Maranhão;12948;2021;4;Homens;1149;45 a 49 anos;12948
Indicador  3.4.1;1706;544;21;Maranhão;12948;2021;4;Homens;1150;50 a 54 anos;12948
Indicador  3.4.1;1706;709;21;Maranhão;12948;2021;4;Homens;1151;55 a 59 anos;12948
Indicador  3.4.1;1706;947;21;Maranhão;12948;2021;4;Homens;1152;60 a 64 anos;12948
Indicador  3.4.1;1706;1218;21;Maranhão;12948;2021;4;Homens;1153;65 a 69 anos;12948
Indicador  3.4.1;1706;3592;21;Maranhão;12948;2021;5;Mulheres;56742;30 a 69 anos;12948
Indicador  3.4.1;1706;102;21;Maranhão;12948;2021;5;Mulheres;1146;30 a 34 anos;12948
Indicador  3.4.1;1706;164;21;Maranhão;12948;2021;5;Mulheres;1147;35 a 39 anos;12948
Indicador  3.4.1;1706;290;21;Maranhão;12948;2021;5;Mulheres;1148;40 a 44 anos;12948
Indicador  3.4.1;1706;315;21;Maranhão;12948;2021;5;Mulheres;1149;45 a 49 anos;12948
Indicador  3.4.1;1706;470;21;Maranhão;12948;2021;5;Mulheres;1150;50 a 54 anos;12948
Indicador  3.4.1;1706;593;21;Maranhão;12948;2021;5;Mulheres;1151;55 a 59 anos;12948
Indicador  3.4.1;1706;726;21;Maranhão;12948;2021;5;Mulheres;1152;60 a 64 anos;12948
Indicador  3.4.1;1706;932;21;Maranhão;12948;2021;5;Mulheres;1153;65 a 69 anos;12948
Indicador  3.4.1;1706;8339;21;Maranhão;12948;2022;6794;Total;56742;30 a 69 anos;12948
Indicador  3.4.1;1706;220;21;Maranhão;12948;2022;6794;Total;1146;30 a 34 anos;12948
Indicador  3.4.1;1706;390;21;Maranhão;12948;2022;6794;Total;1147;35 a 39 anos;12948
Indicador  3.4.1;1706;593;21;Maranhão;12948;2022;6794;Total;1148;40 a 44 anos;12948
Indicador  3.4.1;1706;713;21;Maranhão;12948;2022;6794;Total;1149;45 a 49 anos;12948
Indicador  3.4.1;1706;989;21;Maranhão;12948;2022;6794;Total;1150;50 a 54 anos;12948
Indicador  3.4.1;1706;1423;21;Maranhão;12948;2022;6794;Total;1151;55 a 59 anos;12948
Indicador  3.4.1;1706;1789;21;Maranhão;12948;2022;6794;Total;1152;60 a 64 anos;12948
Indicador  3.4.1;1706;2222;21;Maranhão;12948;2022;6794;Total;1153;65 a 69 anos;12948
Indicador  3.4.1;1706;4536;21;Maranhão;12948;2022;4;Homens;56742;30 a 69 anos;12948
Indicador  3.4.1;1706;126;21;Maranhão;12948;2022;4;Homens;1146;30 a 34 anos;12948
Indicador  3.4.1;1706;204;21;Maranhão;12948;2022;4;Homens;1147;35 a 39 anos;12948
Indicador  3.4.1;1706;312;21;Maranhão;12948;2022;4;Homens;1148;40 a 44 anos;12948
Indicador  3.4.1;1706;378;21;Maranhão;12948;2022;4;Homens;1149;45 a 49 anos;12948
Indicador  3.4.1;1706;519;21;Maranhão;12948;2022;4;Homens;1150;50 a 54 anos;12948
Indicador  3.4.1;1706;767;21;Maranhão;12948;2022;4;Homens;1151;55 a 59 anos;12948
Indicador  3.4.1;1706;1007;21;Maranhão;12948;2022;4;Homens;1152;60 a 64 anos;12948
Indicador  3.4.1;1706;1223;21;Maranhão;12948;2022;4;Homens;1153;65 a 69 anos;12948
Indicador  3.4.1;1706;3803;21;Maranhão;12948;2022;5;Mulheres;56742;30 a 69 anos;12948
Indicador  3.4.1;1706;94;21;Maranhão;12948;2022;5;Mulheres;1146;30 a 34 anos;12948
Indicador  3.4.1;1706;186;21;Maranhão;12948;2022;5;Mulheres;1147;35 a 39 anos;12948
Indicador  3.4.1;1706;281;21;Maranhão;12948;2022;5;Mulheres;1148;40 a 44 anos;12948
Indicador  3.4.1;1706;335;21;Maranhão;12948;2022;5;Mulheres;1149;45 a 49 anos;12948
Indicador  3.4.1;1706;470;21;Maranhão;12948;2022;5;Mulheres;1150;50 a 54 anos;12948
Indicador  3.4.1;1706;656;21;Maranhão;12948;2022;5;Mulheres;1151;55 a 59 anos;12948
Indicador  3.4.1;1706;782;21;Maranhão;12948;2022;5;Mulheres;1152;60 a 64 anos;12948
Indicador  3.4.1;1706;999;21;Maranhão;12948;2022;5;Mulheres;1153;65 a 69 anos;12948
Indicador  3.4.1;1706;4041;22;Piauí;12948;2018;6794;Total;56742;30 a 69 anos;12948
Indicador  3.4.1;1706;89;22;Piauí;12948;2018;6794;Total;1146;30 a 34 anos;12948
Indicador  3.4.1;1706;168;22;Piauí;12948;2018;6794;Total;1147;35 a 39 anos;12948
Indicador  3.4.1;1706;241;22;Piauí;12948;2018;6794;Total;1148;40 a 44 anos;12948
Indicador  3.4.1;1706;338;22;Piauí;12948;2018;6794;Total;1149;45 a 49 anos;12948
Indicador  3.4.1;1706;514;22;Piauí;12948;2018;6794;Total;1150;50 a 54 anos;12948
Indicador  3.4.1;1706;696;22;Piauí;12948;2018;6794;Total;1151;55 a 59 anos;12948
Indicador  3.4.1;1706;864;22;Piauí;12948;2018;6794;Total;1152;60 a 64 anos;12948
Indicador  3.4.1;1706;1131;22;Piauí;12948;2018;6794;Total;1153;65 a 69 anos;12948
Indicador  3.4.1;1706;2253;22;Piauí;12948;2018;4;Homens;56742;30 a 69 anos;12948
Indicador  3.4.1;1706;43;22;Piauí;12948;2018;4;Homens;1146;30 a 34 anos;12948
Indicador  3.4.1;1706;94;22;Piauí;12948;2018;4;Homens;1147;35 a 39 anos;12948
Indicador  3.4.1;1706;123;22;Piauí;12948;2018;4;Homens;1148;40 a 44 anos;12948
Indicador  3.4.1;1706;213;22;Piauí;12948;2018;4;Homens;1149;45 a 49 anos;12948
Indicador  3.4.1;1706;282;22;Piauí;12948;2018;4;Homens;1150;50 a 54 anos;12948
Indicador  3.4.1;1706;379;22;Piauí;12948;2018;4;Homens;1151;55 a 59 anos;12948
Indicador  3.4.1;1706;480;22;Piauí;12948;2018;4;Homens;1152;60 a 64 anos;12948
Indicador  3.4.1;1706;639;22;Piauí;12948;2018;4;Homens;1153;65 a 69 anos;12948
Indicador  3.4.1;1706;1788;22;Piauí;12948;2018;5;Mulheres;56742;30 a 69 anos;12948
Indicador  3.4.1;1706;46;22;Piauí;12948;2018;5;Mulheres;1146;30 a 34 anos;12948
Indicador  3.4.1;1706;74;22;Piauí;12948;2018;5;Mulheres;1147;35 a 39 anos;12948
Indicador  3.4.1;1706;118;22;Piauí;12948;2018;5;Mulheres;1148;40 a 44 anos;12948
Indicador  3.4.1;1706;125;22;Piauí;12948;2018;5;Mulheres;1149;45 a 49 anos;12948
Indicador  3.4.1;1706;232;22;Piauí;12948;2018;5;Mulheres;1150;50 a 54 anos;12948
Indicador  3.4.1;1706;317;22;Piauí;12948;2018;5;Mulheres;1151;55 a 59 anos;12948
Indicador  3.4.1;1706;384;22;Piauí;12948;2018;5;Mulheres;1152;60 a 64 anos;12948
Indicador  3.4.1;1706;492;22;Piauí;12948;2018;5;Mulheres;1153;65 a 69 anos;12948
Indicador  3.4.1;1706;4196;22;Piauí;12948;2019;6794;Total;56742;30 a 69 anos;12948
Indicador  3.4.1;1706;87;22;Piauí;12948;2019;6794;Total;1146;30 a 34 anos;12948
Indicador  3.4.1;1706;174;22;Piauí;12948;2019;6794;Total;1147;35 a 39 anos;12948
Indicador  3.4.1;1706;258;22;Piauí;12948;2019;6794;Total;1148;40 a 44 anos;12948
Indicador  3.4.1;1706;348;22;Piauí;12948;2019;6794;Total;1149;45 a 49 anos;12948
Indicador  3.4.1;1706;530;22;Piauí;12948;2019;6794;Total;1150;50 a 54 anos;12948
Indicador  3.4.1;1706;686;22;Piauí;12948;2019;6794;Total;1151;55 a 59 anos;12948
Indicador  3.4.1;1706;908;22;Piauí;12948;2019;6794;Total;1152;60 a 64 anos;12948
Indicador  3.4.1;1706;1205;22;Piauí;12948;2019;6794;Total;1153;65 a 69 anos;12948
Indicador  3.4.1;1706;2285;22;Piauí;12948;2019;4;Homens;56742;30 a 69 anos;12948
Indicador  3.4.1;1706;48;22;Piauí;12948;2019;4;Homens;1146;30 a 34 anos;12948
Indicador  3.4.1;1706;100;22;Piauí;12948;2019;4;Homens;1147;35 a 39 anos;12948
Indicador  3.4.1;1706;138;22;Piauí;12948;2019;4;Homens;1148;40 a 44 anos;12948
Indicador  3.4.1;1706;182;22;Piauí;12948;2019;4;Homens;1149;45 a 49 anos;12948
Indicador  3.4.1;1706;281;22;Piauí;12948;2019;4;Homens;1150;50 a 54 anos;12948
Indicador  3.4.1;1706;383;22;Piauí;12948;2019;4;Homens;1151;55 a 59 anos;12948
Indicador  3.4.1;1706;507;22;Piauí;12948;2019;4;Homens;1152;60 a 64 anos;12948
Indicador  3.4.1;1706;646;22;Piauí;12948;2019;4;Homens;1153;65 a 69 anos;12948
Indicador  3.4.1;1706;1910;22;Piauí;12948;2019;5;Mulheres;56742;30 a 69 anos;12948
Indicador  3.4.1;1706;39;22;Piauí;12948;2019;5;Mulheres;1146;30 a 34 anos;12948
Indicador  3.4.1;1706;74;22;Piauí;12948;2019;5;Mulheres;1147;35 a 39 anos;12948
Indicador  3.4.1;1706;120;22;Piauí;12948;2019;5;Mulheres;1148;40 a 44 anos;12948
Indicador  3.4.1;1706;166;22;Piauí;12948;2019;5;Mulheres;1149;45 a 49 anos;12948
Indicador  3.4.1;1706;249;22;Piauí;12948;2019;5;Mulheres;1150;50 a 54 anos;12948
Indicador  3.4.1;1706;303;22;Piauí;12948;2019;5;Mulheres;1151;55 a 59 anos;12948
Indicador  3.4.1;1706;401;22;Piauí;12948;2019;5;Mulheres;1152;60 a 64 anos;12948
Indicador  3.4.1;1706;558;22;Piauí;12948;2019;5;Mulheres;1153;65 a 69 anos;12948
Indicador  3.4.1;1706;4209;22;Piauí;12948;2020;6794;Total;56742;30 a 69 anos;12948
Indicador  3.4.1;1706;98;22;Piauí;12948;2020;6794;Total;1146;30 a 34 anos;12948
Indicador  3.4.1;1706;173;22;Piauí;12948;2020;6794;Total;1147;35 a 39 anos;12948
Indicador  3.4.1;1706;258;22;Piauí;12948;2020;6794;Total;1148;40 a 44 anos;12948
Indicador  3.4.1;1706;388;22;Piauí;12948;2020;6794;Total;1149;45 a 49 anos;12948
Indicador  3.4.1;1706;510;22;Piauí;12948;2020;6794;Total;1150;50 a 54 anos;12948
Indicador  3.4.1;1706;680;22;Piauí;12948;2020;6794;Total;1151;55 a 59 anos;12948
Indicador  3.4.1;1706;947;22;Piauí;12948;2020;6794;Total;1152;60 a 64 anos;12948
Indicador  3.4.1;1706;1155;22;Piauí;12948;2020;6794;Total;1153;65 a 69 anos;12948
Indicador  3.4.1;1706;2399;22;Piauí;12948;2020;4;Homens;56742;30 a 69 anos;12948
Indicador  3.4.1;1706;53;22;Piauí;12948;2020;4;Homens;1146;30 a 34 anos;12948
Indicador  3.4.1;1706;93;22;Piauí;12948;2020;4;Homens;1147;35 a 39 anos;12948
Indicador  3.4.1;1706;124;22;Piauí;12948;2020;4;Homens;1148;40 a 44 anos;12948
Indicador  3.4.1;1706;213;22;Piauí;12948;2020;4;Homens;1149;45 a 49 anos;12948
Indicador  3.4.1;1706;288;22;Piauí;12948;2020;4;Homens;1150;50 a 54 anos;12948
Indicador  3.4.1;1706;415;22;Piauí;12948;2020;4;Homens;1151;55 a 59 anos;12948
Indicador  3.4.1;1706;534;22;Piauí;12948;2020;4;Homens;1152;60 a 64 anos;12948
Indicador  3.4.1;1706;679;22;Piauí;12948;2020;4;Homens;1153;65 a 69 anos;12948
Indicador  3.4.1;1706;1810;22;Piauí;12948;2020;5;Mulheres;56742;30 a 69 anos;12948
Indicador  3.4.1;1706;45;22;Piauí;12948;2020;5;Mulheres;1146;30 a 34 anos;12948
Indicador  3.4.1;1706;80;22;Piauí;12948;2020;5;Mulheres;1147;35 a 39 anos;12948
Indicador  3.4.1;1706;134;22;Piauí;12948;2020;5;Mulheres;1148;40 a 44 anos;12948
Indicador  3.4.1;1706;175;22;Piauí;12948;2020;5;Mulheres;1149;45 a 49 anos;12948
Indicador  3.4.1;1706;222;22;Piauí;12948;2020;5;Mulheres;1150;50 a 54 anos;12948
Indicador  3.4.1;1706;265;22;Piauí;12948;2020;5;Mulheres;1151;55 a 59 anos;12948
Indicador  3.4.1;1706;413;22;Piauí;12948;2020;5;Mulheres;1152;60 a 64 anos;12948
Indicador  3.4.1;1706;476;22;Piauí;12948;2020;5;Mulheres;1153;65 a 69 anos;12948
Indicador  3.4.1;1706;4305;22;Piauí;12948;2021;6794;Total;56742;30 a 69 anos;12948
Indicador  3.4.1;1706;92;22;Piauí;12948;2021;6794;Total;1146;30 a 34 anos;12948
Indicador  3.4.1;1706;167;22;Piauí;12948;2021;6794;Total;1147;35 a 39 anos;12948
Indicador  3.4.1;1706;301;22;Piauí;12948;2021;6794;Total;1148;40 a 44 anos;12948
Indicador  3.4.1;1706;370;22;Piauí;12948;2021;6794;Total;1149;45 a 49 anos;12948
Indicador  3.4.1;1706;512;22;Piauí;12948;2021;6794;Total;1150;50 a 54 anos;12948
Indicador  3.4.1;1706;749;22;Piauí;12948;2021;6794;Total;1151;55 a 59 anos;12948
Indicador  3.4.1;1706;955;22;Piauí;12948;2021;6794;Total;1152;60 a 64 anos;12948
Indicador  3.4.1;1706;1159;22;Piauí;12948;2021;6794;Total;1153;65 a 69 anos;12948
Indicador  3.4.1;1706;2364;22;Piauí;12948;2021;4;Homens;56742;30 a 69 anos;12948
Indicador  3.4.1;1706;45;22;Piauí;12948;2021;4;Homens;1146;30 a 34 anos;12948
Indicador  3.4.1;1706;95;22;Piauí;12948;2021;4;Homens;1147;35 a 39 anos;12948
Indicador  3.4.1;1706;136;22;Piauí;12948;2021;4;Homens;1148;40 a 44 anos;12948
Indicador  3.4.1;1706;182;22;Piauí;12948;2021;4;Homens;1149;45 a 49 anos;12948
Indicador  3.4.1;1706;285;22;Piauí;12948;2021;4;Homens;1150;50 a 54 anos;12948
Indicador  3.4.1;1706;430;22;Piauí;12948;2021;4;Homens;1151;55 a 59 anos;12948
Indicador  3.4.1;1706;540;22;Piauí;12948;2021;4;Homens;1152;60 a 64 anos;12948
Indicador  3.4.1;1706;651;22;Piauí;12948;2021;4;Homens;1153;65 a 69 anos;12948
Indicador  3.4.1;1706;1941;22;Piauí;12948;2021;5;Mulheres;56742;30 a 69 anos;12948
Indicador  3.4.1;1706;47;22;Piauí;12948;2021;5;Mulheres;1146;30 a 34 anos;12948
Indicador  3.4.1;1706;72;22;Piauí;12948;2021;5;Mulheres;1147;35 a 39 anos;12948
Indicador  3.4.1;1706;165;22;Piauí;12948;2021;5;Mulheres;1148;40 a 44 anos;12948
Indicador  3.4.1;1706;188;22;Piauí;12948;2021;5;Mulheres;1149;45 a 49 anos;12948
Indicador  3.4.1;1706;227;22;Piauí;12948;2021;5;Mulheres;1150;50 a 54 anos;12948
Indicador  3.4.1;1706;319;22;Piauí;12948;2021;5;Mulheres;1151;55 a 59 anos;12948
Indicador  3.4.1;1706;415;22;Piauí;12948;2021;5;Mulheres;1152;60 a 64 anos;12948
Indicador  3.4.1;1706;508;22;Piauí;12948;2021;5;Mulheres;1153;65 a 69 anos;12948
Indicador  3.4.1;1706;4585;22;Piauí;12948;2022;6794;Total;56742;30 a 69 anos;12948
Indicador  3.4.1;1706;91;22;Piauí;12948;2022;6794;Total;1146;30 a 34 anos;12948
Indicador  3.4.1;1706;166;22;Piauí;12948;2022;6794;Total;1147;35 a 39 anos;12948
Indicador  3.4.1;1706;314;22;Piauí;12948;2022;6794;Total;1148;40 a 44 anos;12948
Indicador  3.4.1;1706;406;22;Piauí;12948;2022;6794;Total;1149;45 a 49 anos;12948
Indicador  3.4.1;1706;555;22;Piauí;12948;2022;6794;Total;1150;50 a 54 anos;12948
Indicador  3.4.1;1706;818;22;Piauí;12948;2022;6794;Total;1151;55 a 59 anos;12948
Indicador  3.4.1;1706;1013;22;Piauí;12948;2022;6794;Total;1152;60 a 64 anos;12948
Indicador  3.4.1;1706;1222;22;Piauí;12948;2022;6794;Total;1153;65 a 69 anos;12948
Indicador  3.4.1;1706;2575;22;Piauí;12948;2022;4;Homens;56742;30 a 69 anos;12948
Indicador  3.4.1;1706;52;22;Piauí;12948;2022;4;Homens;1146;30 a 34 anos;12948
Indicador  3.4.1;1706;85;22;Piauí;12948;2022;4;Homens;1147;35 a 39 anos;12948
Indicador  3.4.1;1706;170;22;Piauí;12948;2022;4;Homens;1148;40 a 44 anos;12948
Indicador  3.4.1;1706;218;22;Piauí;12948;2022;4;Homens;1149;45 a 49 anos;12948
Indicador  3.4.1;1706;307;22;Piauí;12948;2022;4;Homens;1150;50 a 54 anos;12948
Indicador  3.4.1;1706;463;22;Piauí;12948;2022;4;Homens;1151;55 a 59 anos;12948
Indicador  3.4.1;1706;591;22;Piauí;12948;2022;4;Homens;1152;60 a 64 anos;12948
Indicador  3.4.1;1706;689;22;Piauí;12948;2022;4;Homens;1153;65 a 69 anos;12948
Indicador  3.4.1;1706;2010;22;Piauí;12948;2022;5;Mulheres;56742;30 a 69 anos;12948
Indicador  3.4.1;1706;39;22;Piauí;12948;2022;5;Mulheres;1146;30 a 34 anos;12948
Indicador  3.4.1;1706;81;22;Piauí;12948;2022;5;Mulheres;1147;35 a 39 anos;12948
Indicador  3.4.1;1706;144;22;Piauí;12948;2022;5;Mulheres;1148;40 a 44 anos;12948
Indicador  3.4.1;1706;188;22;Piauí;12948;2022;5;Mulheres;1149;45 a 49 anos;12948
Indicador  3.4.1;1706;248;22;Piauí;12948;2022;5;Mulheres;1150;50 a 54 anos;12948
Indicador  3.4.1;1706;355;22;Piauí;12948;2022;5;Mulheres;1151;55 a 59 anos;12948
Indicador  3.4.1;1706;422;22;Piauí;12948;2022;5;Mulheres;1152;60 a 64 anos;12948
Indicador  3.4.1;1706;533;22;Piauí;12948;2022;5;Mulheres;1153;65 a 69 anos;12948
Indicador  3.4.1;1706;10970;23;Ceará;12948;2018;6794;Total;56742;30 a 69 anos;12948
Indicador  3.4.1;1706;260;23;Ceará;12948;2018;6794;Total;1146;30 a 34 anos;12948
Indicador  3.4.1;1706;470;23;Ceará;12948;2018;6794;Total;1147;35 a 39 anos;12948
Indicador  3.4.1;1706;661;23;Ceará;12948;2018;6794;Total;1148;40 a 44 anos;12948
Indicador  3.4.1;1706;936;23;Ceará;12948;2018;6794;Total;1149;45 a 49 anos;12948
Indicador  3.4.1;1706;1432;23;Ceará;12948;2018;6794;Total;1150;50 a 54 anos;12948
Indicador  3.4.1;1706;1867;23;Ceará;12948;2018;6794;Total;1151;55 a 59 anos;12948
Indicador  3.4.1;1706;2351;23;Ceará;12948;2018;6794;Total;1152;60 a 64 anos;12948
Indicador  3.4.1;1706;2993;23;Ceará;12948;2018;6794;Total;1153;65 a 69 anos;12948
Indicador  3.4.1;1706;5935;23;Ceará;12948;2018;4;Homens;56742;30 a 69 anos;12948
Indicador  3.4.1;1706;138;23;Ceará;12948;2018;4;Homens;1146;30 a 34 anos;12948
Indicador  3.4.1;1706;238;23;Ceará;12948;2018;4;Homens;1147;35 a 39 anos;12948
Indicador  3.4.1;1706;333;23;Ceará;12948;2018;4;Homens;1148;40 a 44 anos;12948
Indicador  3.4.1;1706;492;23;Ceará;12948;2018;4;Homens;1149;45 a 49 anos;12948
Indicador  3.4.1;1706;776;23;Ceará;12948;2018;4;Homens;1150;50 a 54 anos;12948
Indicador  3.4.1;1706;1055;23;Ceará;12948;2018;4;Homens;1151;55 a 59 anos;12948
Indicador  3.4.1;1706;1333;23;Ceará;12948;2018;4;Homens;1152;60 a 64 anos;12948
Indicador  3.4.1;1706;1570;23;Ceará;12948;2018;4;Homens;1153;65 a 69 anos;12948
Indicador  3.4.1;1706;5035;23;Ceará;12948;2018;5;Mulheres;56742;30 a 69 anos;12948
Indicador  3.4.1;1706;122;23;Ceará;12948;2018;5;Mulheres;1146;30 a 34 anos;12948
Indicador  3.4.1;1706;232;23;Ceará;12948;2018;5;Mulheres;1147;35 a 39 anos;12948
Indicador  3.4.1;1706;328;23;Ceará;12948;2018;5;Mulheres;1148;40 a 44 anos;12948
Indicador  3.4.1;1706;444;23;Ceará;12948;2018;5;Mulheres;1149;45 a 49 anos;12948
Indicador  3.4.1;1706;656;23;Ceará;12948;2018;5;Mulheres;1150;50 a 54 anos;12948
Indicador  3.4.1;1706;812;23;Ceará;12948;2018;5;Mulheres;1151;55 a 59 anos;12948
Indicador  3.4.1;1706;1018;23;Ceará;12948;2018;5;Mulheres;1152;60 a 64 anos;12948
Indicador  3.4.1;1706;1423;23;Ceará;12948;2018;5;Mulheres;1153;65 a 69 anos;12948
Indicador  3.4.1;1706;11186;23;Ceará;12948;2019;6794;Total;56742;30 a 69 anos;12948
Indicador  3.4.1;1706;259;23;Ceará;12948;2019;6794;Total;1146;30 a 34 anos;12948
Indicador  3.4.1;1706;424;23;Ceará;12948;2019;6794;Total;1147;35 a 39 anos;12948
Indicador  3.4.1;1706;634;23;Ceará;12948;2019;6794;Total;1148;40 a 44 anos;12948
Indicador  3.4.1;1706;934;23;Ceará;12948;2019;6794;Total;1149;45 a 49 anos;12948
Indicador  3.4.1;1706;1428;23;Ceará;12948;2019;6794;Total;1150;50 a 54 anos;12948
Indicador  3.4.1;1706;2023;23;Ceará;12948;2019;6794;Total;1151;55 a 59 anos;12948
Indicador  3.4.1;1706;2434;23;Ceará;12948;2019;6794;Total;1152;60 a 64 anos;12948
Indicador  3.4.1;1706;3050;23;Ceará;12948;2019;6794;Total;1153;65 a 69 anos;12948
Indicador  3.4.1;1706;6227;23;Ceará;12948;2019;4;Homens;56742;30 a 69 anos;12948
Indicador  3.4.1;1706;139;23;Ceará;12948;2019;4;Homens;1146;30 a 34 anos;12948
Indicador  3.4.1;1706;222;23;Ceará;12948;2019;4;Homens;1147;35 a 39 anos;12948
Indicador  3.4.1;1706;342;23;Ceará;12948;2019;4;Homens;1148;40 a 44 anos;12948
Indicador  3.4.1;1706;519;23;Ceará;12948;2019;4;Homens;1149;45 a 49 anos;12948
Indicador  3.4.1;1706;819;23;Ceará;12948;2019;4;Homens;1150;50 a 54 anos;12948
Indicador  3.4.1;1706;1139;23;Ceará;12948;2019;4;Homens;1151;55 a 59 anos;12948
Indicador  3.4.1;1706;1375;23;Ceará;12948;2019;4;Homens;1152;60 a 64 anos;12948
Indicador  3.4.1;1706;1672;23;Ceará;12948;2019;4;Homens;1153;65 a 69 anos;12948
Indicador  3.4.1;1706;4959;23;Ceará;12948;2019;5;Mulheres;56742;30 a 69 anos;12948
Indicador  3.4.1;1706;120;23;Ceará;12948;2019;5;Mulheres;1146;30 a 34 anos;12948
Indicador  3.4.1;1706;202;23;Ceará;12948;2019;5;Mulheres;1147;35 a 39 anos;12948
Indicador  3.4.1;1706;292;23;Ceará;12948;2019;5;Mulheres;1148;40 a 44 anos;12948
Indicador  3.4.1;1706;415;23;Ceará;12948;2019;5;Mulheres;1149;45 a 49 anos;12948
Indicador  3.4.1;1706;609;23;Ceará;12948;2019;5;Mulheres;1150;50 a 54 anos;12948
Indicador  3.4.1;1706;884;23;Ceará;12948;2019;5;Mulheres;1151;55 a 59 anos;12948
Indicador  3.4.1;1706;1059;23;Ceará;12948;2019;5;Mulheres;1152;60 a 64 anos;12948
Indicador  3.4.1;1706;1378;23;Ceará;12948;2019;5;Mulheres;1153;65 a 69 anos;12948
Indicador  3.4.1;1706;10972;23;Ceará;12948;2020;6794;Total;56742;30 a 69 anos;12948
Indicador  3.4.1;1706;255;23;Ceará;12948;2020;6794;Total;1146;30 a 34 anos;12948
Indicador  3.4.1;1706;411;23;Ceará;12948;2020;6794;Total;1147;35 a 39 anos;12948
Indicador  3.4.1;1706;647;23;Ceará;12948;2020;6794;Total;1148;40 a 44 anos;12948
Indicador  3.4.1;1706;922;23;Ceará;12948;2020;6794;Total;1149;45 a 49 anos;12948
Indicador  3.4.1;1706;1412;23;Ceará;12948;2020;6794;Total;1150;50 a 54 anos;12948
Indicador  3.4.1;1706;2001;23;Ceará;12948;2020;6794;Total;1151;55 a 59 anos;12948
Indicador  3.4.1;1706;2320;23;Ceará;12948;2020;6794;Total;1152;60 a 64 anos;12948
Indicador  3.4.1;1706;3004;23;Ceará;12948;2020;6794;Total;1153;65 a 69 anos;12948
Indicador  3.4.1;1706;6000;23;Ceará;12948;2020;4;Homens;56742;30 a 69 anos;12948
Indicador  3.4.1;1706;135;23;Ceará;12948;2020;4;Homens;1146;30 a 34 anos;12948
Indicador  3.4.1;1706;201;23;Ceará;12948;2020;4;Homens;1147;35 a 39 anos;12948
Indicador  3.4.1;1706;355;23;Ceará;12948;2020;4;Homens;1148;40 a 44 anos;12948
Indicador  3.4.1;1706;467;23;Ceará;12948;2020;4;Homens;1149;45 a 49 anos;12948
Indicador  3.4.1;1706;777;23;Ceará;12948;2020;4;Homens;1150;50 a 54 anos;12948
Indicador  3.4.1;1706;1149;23;Ceará;12948;2020;4;Homens;1151;55 a 59 anos;12948
Indicador  3.4.1;1706;1276;23;Ceará;12948;2020;4;Homens;1152;60 a 64 anos;12948
Indicador  3.4.1;1706;1640;23;Ceará;12948;2020;4;Homens;1153;65 a 69 anos;12948
Indicador  3.4.1;1706;4972;23;Ceará;12948;2020;5;Mulheres;56742;30 a 69 anos;12948
Indicador  3.4.1;1706;120;23;Ceará;12948;2020;5;Mulheres;1146;30 a 34 anos;12948
Indicador  3.4.1;1706;210;23;Ceará;12948;2020;5;Mulheres;1147;35 a 39 anos;12948
Indicador  3.4.1;1706;292;23;Ceará;12948;2020;5;Mulheres;1148;40 a 44 anos;12948
Indicador  3.4.1;1706;455;23;Ceará;12948;2020;5;Mulheres;1149;45 a 49 anos;12948
Indicador  3.4.1;1706;635;23;Ceará;12948;2020;5;Mulheres;1150;50 a 54 anos;12948
Indicador  3.4.1;1706;852;23;Ceará;12948;2020;5;Mulheres;1151;55 a 59 anos;12948
Indicador  3.4.1;1706;1044;23;Ceará;12948;2020;5;Mulheres;1152;60 a 64 anos;12948
Indicador  3.4.1;1706;1364;23;Ceará;12948;2020;5;Mulheres;1153;65 a 69 anos;12948
Indicador  3.4.1;1706;11198;23;Ceará;12948;2021;6794;Total;56742;30 a 69 anos;12948
Indicador  3.4.1;1706;268;23;Ceará;12948;2021;6794;Total;1146;30 a 34 anos;12948
Indicador  3.4.1;1706;448;23;Ceará;12948;2021;6794;Total;1147;35 a 39 anos;12948
Indicador  3.4.1;1706;668;23;Ceará;12948;2021;6794;Total;1148;40 a 44 anos;12948
Indicador  3.4.1;1706;964;23;Ceará;12948;2021;6794;Total;1149;45 a 49 anos;12948
Indicador  3.4.1;1706;1445;23;Ceará;12948;2021;6794;Total;1150;50 a 54 anos;12948
Indicador  3.4.1;1706;2066;23;Ceará;12948;2021;6794;Total;1151;55 a 59 anos;12948
Indicador  3.4.1;1706;2487;23;Ceará;12948;2021;6794;Total;1152;60 a 64 anos;12948
Indicador  3.4.1;1706;2852;23;Ceará;12948;2021;6794;Total;1153;65 a 69 anos;12948
Indicador  3.4.1;1706;6069;23;Ceará;12948;2021;4;Homens;56742;30 a 69 anos;12948
Indicador  3.4.1;1706;151;23;Ceará;12948;2021;4;Homens;1146;30 a 34 anos;12948
Indicador  3.4.1;1706;222;23;Ceará;12948;2021;4;Homens;1147;35 a 39 anos;12948
Indicador  3.4.1;1706;335;23;Ceará;12948;2021;4;Homens;1148;40 a 44 anos;12948
Indicador  3.4.1;1706;528;23;Ceará;12948;2021;4;Homens;1149;45 a 49 anos;12948
Indicador  3.4.1;1706;790;23;Ceará;12948;2021;4;Homens;1150;50 a 54 anos;12948
Indicador  3.4.1;1706;1117;23;Ceará;12948;2021;4;Homens;1151;55 a 59 anos;12948
Indicador  3.4.1;1706;1365;23;Ceará;12948;2021;4;Homens;1152;60 a 64 anos;12948
Indicador  3.4.1;1706;1561;23;Ceará;12948;2021;4;Homens;1153;65 a 69 anos;12948
Indicador  3.4.1;1706;5129;23;Ceará;12948;2021;5;Mulheres;56742;30 a 69 anos;12948
Indicador  3.4.1;1706;117;23;Ceará;12948;2021;5;Mulheres;1146;30 a 34 anos;12948
Indicador  3.4.1;1706;226;23;Ceará;12948;2021;5;Mulheres;1147;35 a 39 anos;12948
Indicador  3.4.1;1706;333;23;Ceará;12948;2021;5;Mulheres;1148;40 a 44 anos;12948
Indicador  3.4.1;1706;436;23;Ceará;12948;2021;5;Mulheres;1149;45 a 49 anos;12948
Indicador  3.4.1;1706;655;23;Ceará;12948;2021;5;Mulheres;1150;50 a 54 anos;12948
Indicador  3.4.1;1706;949;23;Ceará;12948;2021;5;Mulheres;1151;55 a 59 anos;12948
Indicador  3.4.1;1706;1122;23;Ceará;12948;2021;5;Mulheres;1152;60 a 64 anos;12948
Indicador  3.4.1;1706;1291;23;Ceará;12948;2021;5;Mulheres;1153;65 a 69 anos;12948
Indicador  3.4.1;1706;11590;23;Ceará;12948;2022;6794;Total;56742;30 a 69 anos;12948
Indicador  3.4.1;1706;247;23;Ceará;12948;2022;6794;Total;1146;30 a 34 anos;12948
Indicador  3.4.1;1706;421;23;Ceará;12948;2022;6794;Total;1147;35 a 39 anos;12948
Indicador  3.4.1;1706;702;23;Ceará;12948;2022;6794;Total;1148;40 a 44 anos;12948
Indicador  3.4.1;1706;1044;23;Ceará;12948;2022;6794;Total;1149;45 a 49 anos;12948
Indicador  3.4.1;1706;1445;23;Ceará;12948;2022;6794;Total;1150;50 a 54 anos;12948
Indicador  3.4.1;1706;2100;23;Ceará;12948;2022;6794;Total;1151;55 a 59 anos;12948
Indicador  3.4.1;1706;2529;23;Ceará;12948;2022;6794;Total;1152;60 a 64 anos;12948
Indicador  3.4.1;1706;3102;23;Ceará;12948;2022;6794;Total;1153;65 a 69 anos;12948
Indicador  3.4.1;1706;6402;23;Ceará;12948;2022;4;Homens;56742;30 a 69 anos;12948
Indicador  3.4.1;1706;142;23;Ceará;12948;2022;4;Homens;1146;30 a 34 anos;12948
Indicador  3.4.1;1706;229;23;Ceará;12948;2022;4;Homens;1147;35 a 39 anos;12948
Indicador  3.4.1;1706;350;23;Ceará;12948;2022;4;Homens;1148;40 a 44 anos;12948
Indicador  3.4.1;1706;547;23;Ceará;12948;2022;4;Homens;1149;45 a 49 anos;12948
Indicador  3.4.1;1706;799;23;Ceará;12948;2022;4;Homens;1150;50 a 54 anos;12948
Indicador  3.4.1;1706;1202;23;Ceará;12948;2022;4;Homens;1151;55 a 59 anos;12948
Indicador  3.4.1;1706;1445;23;Ceará;12948;2022;4;Homens;1152;60 a 64 anos;12948
Indicador  3.4.1;1706;1688;23;Ceará;12948;2022;4;Homens;1153;65 a 69 anos;12948
Indicador  3.4.1;1706;5188;23;Ceará;12948;2022;5;Mulheres;56742;30 a 69 anos;12948
Indicador  3.4.1;1706;105;23;Ceará;12948;2022;5;Mulheres;1146;30 a 34 anos;12948
Indicador  3.4.1;1706;192;23;Ceará;12948;2022;5;Mulheres;1147;35 a 39 anos;12948
Indicador  3.4.1;1706;352;23;Ceará;12948;2022;5;Mulheres;1148;40 a 44 anos;12948
Indicador  3.4.1;1706;497;23;Ceará;12948;2022;5;Mulheres;1149;45 a 49 anos;12948
Indicador  3.4.1;1706;646;23;Ceará;12948;2022;5;Mulheres;1150;50 a 54 anos;12948
Indicador  3.4.1;1706;898;23;Ceará;12948;2022;5;Mulheres;1151;55 a 59 anos;12948
Indicador  3.4.1;1706;1084;23;Ceará;12948;2022;5;Mulheres;1152;60 a 64 anos;12948
Indicador  3.4.1;1706;1414;23;Ceará;12948;2022;5;Mulheres;1153;65 a 69 anos;12948
Indicador  3.4.1;1706;4524;24;Rio Grande do Norte;12948;2018;6794;Total;56742;30 a 69 anos;12948
Indicador  3.4.1;1706;100;24;Rio Grande do Norte;12948;2018;6794;Total;1146;30 a 34 anos;12948
Indicador  3.4.1;1706;169;24;Rio Grande do Norte;12948;2018;6794;Total;1147;35 a 39 anos;12948
Indicador  3.4.1;1706;257;24;Rio Grande do Norte;12948;2018;6794;Total;1148;40 a 44 anos;12948
Indicador  3.4.1;1706;388;24;Rio Grande do Norte;12948;2018;6794;Total;1149;45 a 49 anos;12948
Indicador  3.4.1;1706;617;24;Rio Grande do Norte;12948;2018;6794;Total;1150;50 a 54 anos;12948
Indicador  3.4.1;1706;799;24;Rio Grande do Norte;12948;2018;6794;Total;1151;55 a 59 anos;12948
Indicador  3.4.1;1706;999;24;Rio Grande do Norte;12948;2018;6794;Total;1152;60 a 64 anos;12948
Indicador  3.4.1;1706;1195;24;Rio Grande do Norte;12948;2018;6794;Total;1153;65 a 69 anos;12948
Indicador  3.4.1;1706;2460;24;Rio Grande do Norte;12948;2018;4;Homens;56742;30 a 69 anos;12948
Indicador  3.4.1;1706;53;24;Rio Grande do Norte;12948;2018;4;Homens;1146;30 a 34 anos;12948
Indicador  3.4.1;1706;88;24;Rio Grande do Norte;12948;2018;4;Homens;1147;35 a 39 anos;12948
Indicador  3.4.1;1706;121;24;Rio Grande do Norte;12948;2018;4;Homens;1148;40 a 44 anos;12948
Indicador  3.4.1;1706;204;24;Rio Grande do Norte;12948;2018;4;Homens;1149;45 a 49 anos;12948
Indicador  3.4.1;1706;332;24;Rio Grande do Norte;12948;2018;4;Homens;1150;50 a 54 anos;12948
Indicador  3.4.1;1706;457;24;Rio Grande do Norte;12948;2018;4;Homens;1151;55 a 59 anos;12948
Indicador  3.4.1;1706;549;24;Rio Grande do Norte;12948;2018;4;Homens;1152;60 a 64 anos;12948
Indicador  3.4.1;1706;656;24;Rio Grande do Norte;12948;2018;4;Homens;1153;65 a 69 anos;12948
Indicador  3.4.1;1706;2063;24;Rio Grande do Norte;12948;2018;5;Mulheres;56742;30 a 69 anos;12948
Indicador  3.4.1;1706;47;24;Rio Grande do Norte;12948;2018;5;Mulheres;1146;30 a 34 anos;12948
Indicador  3.4.1;1706;81;24;Rio Grande do Norte;12948;2018;5;Mulheres;1147;35 a 39 anos;12948
Indicador  3.4.1;1706;136;24;Rio Grande do Norte;12948;2018;5;Mulheres;1148;40 a 44 anos;12948
Indicador  3.4.1;1706;184;24;Rio Grande do Norte;12948;2018;5;Mulheres;1149;45 a 49 anos;12948
Indicador  3.4.1;1706;285;24;Rio Grande do Norte;12948;2018;5;Mulheres;1150;50 a 54 anos;12948
Indicador  3.4.1;1706;341;24;Rio Grande do Norte;12948;2018;5;Mulheres;1151;55 a 59 anos;12948
Indicador  3.4.1;1706;450;24;Rio Grande do Norte;12948;2018;5;Mulheres;1152;60 a 64 anos;12948
Indicador  3.4.1;1706;539;24;Rio Grande do Norte;12948;2018;5;Mulheres;1153;65 a 69 anos;12948
Indicador  3.4.1;1706;4736;24;Rio Grande do Norte;12948;2019;6794;Total;56742;30 a 69 anos;12948
Indicador  3.4.1;1706;112;24;Rio Grande do Norte;12948;2019;6794;Total;1146;30 a 34 anos;12948
Indicador  3.4.1;1706;148;24;Rio Grande do Norte;12948;2019;6794;Total;1147;35 a 39 anos;12948
Indicador  3.4.1;1706;244;24;Rio Grande do Norte;12948;2019;6794;Total;1148;40 a 44 anos;12948
Indicador  3.4.1;1706;425;24;Rio Grande do Norte;12948;2019;6794;Total;1149;45 a 49 anos;12948
Indicador  3.4.1;1706;659;24;Rio Grande do Norte;12948;2019;6794;Total;1150;50 a 54 anos;12948
Indicador  3.4.1;1706;864;24;Rio Grande do Norte;12948;2019;6794;Total;1151;55 a 59 anos;12948
Indicador  3.4.1;1706;1023;24;Rio Grande do Norte;12948;2019;6794;Total;1152;60 a 64 anos;12948
Indicador  3.4.1;1706;1261;24;Rio Grande do Norte;12948;2019;6794;Total;1153;65 a 69 anos;12948
Indicador  3.4.1;1706;2621;24;Rio Grande do Norte;12948;2019;4;Homens;56742;30 a 69 anos;12948
Indicador  3.4.1;1706;58;24;Rio Grande do Norte;12948;2019;4;Homens;1146;30 a 34 anos;12948
Indicador  3.4.1;1706;74;24;Rio Grande do Norte;12948;2019;4;Homens;1147;35 a 39 anos;12948
Indicador  3.4.1;1706;128;24;Rio Grande do Norte;12948;2019;4;Homens;1148;40 a 44 anos;12948
Indicador  3.4.1;1706;234;24;Rio Grande do Norte;12948;2019;4;Homens;1149;45 a 49 anos;12948
Indicador  3.4.1;1706;362;24;Rio Grande do Norte;12948;2019;4;Homens;1150;50 a 54 anos;12948
Indicador  3.4.1;1706;492;24;Rio Grande do Norte;12948;2019;4;Homens;1151;55 a 59 anos;12948
Indicador  3.4.1;1706;574;24;Rio Grande do Norte;12948;2019;4;Homens;1152;60 a 64 anos;12948
Indicador  3.4.1;1706;699;24;Rio Grande do Norte;12948;2019;4;Homens;1153;65 a 69 anos;12948
Indicador  3.4.1;1706;2115;24;Rio Grande do Norte;12948;2019;5;Mulheres;56742;30 a 69 anos;12948
Indicador  3.4.1;1706;54;24;Rio Grande do Norte;12948;2019;5;Mulheres;1146;30 a 34 anos;12948
Indicador  3.4.1;1706;74;24;Rio Grande do Norte;12948;2019;5;Mulheres;1147;35 a 39 anos;12948
Indicador  3.4.1;1706;116;24;Rio Grande do Norte;12948;2019;5;Mulheres;1148;40 a 44 anos;12948
Indicador  3.4.1;1706;191;24;Rio Grande do Norte;12948;2019;5;Mulheres;1149;45 a 49 anos;12948
Indicador  3.4.1;1706;297;24;Rio Grande do Norte;12948;2019;5;Mulheres;1150;50 a 54 anos;12948
Indicador  3.4.1;1706;372;24;Rio Grande do Norte;12948;2019;5;Mulheres;1151;55 a 59 anos;12948
Indicador  3.4.1;1706;449;24;Rio Grande do Norte;12948;2019;5;Mulheres;1152;60 a 64 anos;12948
Indicador  3.4.1;1706;562;24;Rio Grande do Norte;12948;2019;5;Mulheres;1153;65 a 69 anos;12948
Indicador  3.4.1;1706;4618;24;Rio Grande do Norte;12948;2020;6794;Total;56742;30 a 69 anos;12948
Indicador  3.4.1;1706;103;24;Rio Grande do Norte;12948;2020;6794;Total;1146;30 a 34 anos;12948
Indicador  3.4.1;1706;176;24;Rio Grande do Norte;12948;2020;6794;Total;1147;35 a 39 anos;12948
Indicador  3.4.1;1706;262;24;Rio Grande do Norte;12948;2020;6794;Total;1148;40 a 44 anos;12948
Indicador  3.4.1;1706;396;24;Rio Grande do Norte;12948;2020;6794;Total;1149;45 a 49 anos;12948
Indicador  3.4.1;1706;638;24;Rio Grande do Norte;12948;2020;6794;Total;1150;50 a 54 anos;12948
Indicador  3.4.1;1706;881;24;Rio Grande do Norte;12948;2020;6794;Total;1151;55 a 59 anos;12948
Indicador  3.4.1;1706;1024;24;Rio Grande do Norte;12948;2020;6794;Total;1152;60 a 64 anos;12948
Indicador  3.4.1;1706;1138;24;Rio Grande do Norte;12948;2020;6794;Total;1153;65 a 69 anos;12948
Indicador  3.4.1;1706;2570;24;Rio Grande do Norte;12948;2020;4;Homens;56742;30 a 69 anos;12948
Indicador  3.4.1;1706;55;24;Rio Grande do Norte;12948;2020;4;Homens;1146;30 a 34 anos;12948
Indicador  3.4.1;1706;97;24;Rio Grande do Norte;12948;2020;4;Homens;1147;35 a 39 anos;12948
Indicador  3.4.1;1706;136;24;Rio Grande do Norte;12948;2020;4;Homens;1148;40 a 44 anos;12948
Indicador  3.4.1;1706;205;24;Rio Grande do Norte;12948;2020;4;Homens;1149;45 a 49 anos;12948
Indicador  3.4.1;1706;377;24;Rio Grande do Norte;12948;2020;4;Homens;1150;50 a 54 anos;12948
Indicador  3.4.1;1706;503;24;Rio Grande do Norte;12948;2020;4;Homens;1151;55 a 59 anos;12948
Indicador  3.4.1;1706;569;24;Rio Grande do Norte;12948;2020;4;Homens;1152;60 a 64 anos;12948
Indicador  3.4.1;1706;628;24;Rio Grande do Norte;12948;2020;4;Homens;1153;65 a 69 anos;12948
Indicador  3.4.1;1706;2048;24;Rio Grande do Norte;12948;2020;5;Mulheres;56742;30 a 69 anos;12948
Indicador  3.4.1;1706;48;24;Rio Grande do Norte;12948;2020;5;Mulheres;1146;30 a 34 anos;12948
Indicador  3.4.1;1706;79;24;Rio Grande do Norte;12948;2020;5;Mulheres;1147;35 a 39 anos;12948
Indicador  3.4.1;1706;126;24;Rio Grande do Norte;12948;2020;5;Mulheres;1148;40 a 44 anos;12948
Indicador  3.4.1;1706;191;24;Rio Grande do Norte;12948;2020;5;Mulheres;1149;45 a 49 anos;12948
Indicador  3.4.1;1706;261;24;Rio Grande do Norte;12948;2020;5;Mulheres;1150;50 a 54 anos;12948
Indicador  3.4.1;1706;378;24;Rio Grande do Norte;12948;2020;5;Mulheres;1151;55 a 59 anos;12948
Indicador  3.4.1;1706;455;24;Rio Grande do Norte;12948;2020;5;Mulheres;1152;60 a 64 anos;12948
Indicador  3.4.1;1706;510;24;Rio Grande do Norte;12948;2020;5;Mulheres;1153;65 a 69 anos;12948
Indicador  3.4.1;1706;4579;24;Rio Grande do Norte;12948;2021;6794;Total;56742;30 a 69 anos;12948
Indicador  3.4.1;1706;100;24;Rio Grande do Norte;12948;2021;6794;Total;1146;30 a 34 anos;12948
Indicador  3.4.1;1706;160;24;Rio Grande do Norte;12948;2021;6794;Total;1147;35 a 39 anos;12948
Indicador  3.4.1;1706;276;24;Rio Grande do Norte;12948;2021;6794;Total;1148;40 a 44 anos;12948
Indicador  3.4.1;1706;350;24;Rio Grande do Norte;12948;2021;6794;Total;1149;45 a 49 anos;12948
Indicador  3.4.1;1706;601;24;Rio Grande do Norte;12948;2021;6794;Total;1150;50 a 54 anos;12948
Indicador  3.4.1;1706;877;24;Rio Grande do Norte;12948;2021;6794;Total;1151;55 a 59 anos;12948
Indicador  3.4.1;1706;1046;24;Rio Grande do Norte;12948;2021;6794;Total;1152;60 a 64 anos;12948
Indicador  3.4.1;1706;1169;24;Rio Grande do Norte;12948;2021;6794;Total;1153;65 a 69 anos;12948
Indicador  3.4.1;1706;2524;24;Rio Grande do Norte;12948;2021;4;Homens;56742;30 a 69 anos;12948
Indicador  3.4.1;1706;58;24;Rio Grande do Norte;12948;2021;4;Homens;1146;30 a 34 anos;12948
Indicador  3.4.1;1706;80;24;Rio Grande do Norte;12948;2021;4;Homens;1147;35 a 39 anos;12948
Indicador  3.4.1;1706;144;24;Rio Grande do Norte;12948;2021;4;Homens;1148;40 a 44 anos;12948
Indicador  3.4.1;1706;189;24;Rio Grande do Norte;12948;2021;4;Homens;1149;45 a 49 anos;12948
Indicador  3.4.1;1706;349;24;Rio Grande do Norte;12948;2021;4;Homens;1150;50 a 54 anos;12948
Indicador  3.4.1;1706;482;24;Rio Grande do Norte;12948;2021;4;Homens;1151;55 a 59 anos;12948
Indicador  3.4.1;1706;573;24;Rio Grande do Norte;12948;2021;4;Homens;1152;60 a 64 anos;12948
Indicador  3.4.1;1706;649;24;Rio Grande do Norte;12948;2021;4;Homens;1153;65 a 69 anos;12948
Indicador  3.4.1;1706;2054;24;Rio Grande do Norte;12948;2021;5;Mulheres;56742;30 a 69 anos;12948
Indicador  3.4.1;1706;42;24;Rio Grande do Norte;12948;2021;5;Mulheres;1146;30 a 34 anos;12948
Indicador  3.4.1;1706;79;24;Rio Grande do Norte;12948;2021;5;Mulheres;1147;35 a 39 anos;12948
Indicador  3.4.1;1706;132;24;Rio Grande do Norte;12948;2021;5;Mulheres;1148;40 a 44 anos;12948
Indicador  3.4.1;1706;161;24;Rio Grande do Norte;12948;2021;5;Mulheres;1149;45 a 49 anos;12948
Indicador  3.4.1;1706;252;24;Rio Grande do Norte;12948;2021;5;Mulheres;1150;50 a 54 anos;12948
Indicador  3.4.1;1706;395;24;Rio Grande do Norte;12948;2021;5;Mulheres;1151;55 a 59 anos;12948
Indicador  3.4.1;1706;473;24;Rio Grande do Norte;12948;2021;5;Mulheres;1152;60 a 64 anos;12948
Indicador  3.4.1;1706;520;24;Rio Grande do Norte;12948;2021;5;Mulheres;1153;65 a 69 anos;12948
Indicador  3.4.1;1706;4899;24;Rio Grande do Norte;12948;2022;6794;Total;56742;30 a 69 anos;12948
Indicador  3.4.1;1706;113;24;Rio Grande do Norte;12948;2022;6794;Total;1146;30 a 34 anos;12948
Indicador  3.4.1;1706;194;24;Rio Grande do Norte;12948;2022;6794;Total;1147;35 a 39 anos;12948
Indicador  3.4.1;1706;258;24;Rio Grande do Norte;12948;2022;6794;Total;1148;40 a 44 anos;12948
Indicador  3.4.1;1706;422;24;Rio Grande do Norte;12948;2022;6794;Total;1149;45 a 49 anos;12948
Indicador  3.4.1;1706;622;24;Rio Grande do Norte;12948;2022;6794;Total;1150;50 a 54 anos;12948
Indicador  3.4.1;1706;931;24;Rio Grande do Norte;12948;2022;6794;Total;1151;55 a 59 anos;12948
Indicador  3.4.1;1706;1104;24;Rio Grande do Norte;12948;2022;6794;Total;1152;60 a 64 anos;12948
Indicador  3.4.1;1706;1255;24;Rio Grande do Norte;12948;2022;6794;Total;1153;65 a 69 anos;12948
Indicador  3.4.1;1706;2713;24;Rio Grande do Norte;12948;2022;4;Homens;56742;30 a 69 anos;12948
Indicador  3.4.1;1706;62;24;Rio Grande do Norte;12948;2022;4;Homens;1146;30 a 34 anos;12948
Indicador  3.4.1;1706;101;24;Rio Grande do Norte;12948;2022;4;Homens;1147;35 a 39 anos;12948
Indicador  3.4.1;1706;132;24;Rio Grande do Norte;12948;2022;4;Homens;1148;40 a 44 anos;12948
Indicador  3.4.1;1706;216;24;Rio Grande do Norte;12948;2022;4;Homens;1149;45 a 49 anos;12948
Indicador  3.4.1;1706;347;24;Rio Grande do Norte;12948;2022;4;Homens;1150;50 a 54 anos;12948
Indicador  3.4.1;1706;532;24;Rio Grande do Norte;12948;2022;4;Homens;1151;55 a 59 anos;12948
Indicador  3.4.1;1706;616;24;Rio Grande do Norte;12948;2022;4;Homens;1152;60 a 64 anos;12948
Indicador  3.4.1;1706;707;24;Rio Grande do Norte;12948;2022;4;Homens;1153;65 a 69 anos;12948
Indicador  3.4.1;1706;2186;24;Rio Grande do Norte;12948;2022;5;Mulheres;56742;30 a 69 anos;12948
Indicador  3.4.1;1706;51;24;Rio Grande do Norte;12948;2022;5;Mulheres;1146;30 a 34 anos;12948
Indicador  3.4.1;1706;93;24;Rio Grande do Norte;12948;2022;5;Mulheres;1147;35 a 39 anos;12948
Indicador  3.4.1;1706;126;24;Rio Grande do Norte;12948;2022;5;Mulheres;1148;40 a 44 anos;12948
Indicador  3.4.1;1706;206;24;Rio Grande do Norte;12948;2022;5;Mulheres;1149;45 a 49 anos;12948
Indicador  3.4.1;1706;275;24;Rio Grande do Norte;12948;2022;5;Mulheres;1150;50 a 54 anos;12948
Indicador  3.4.1;1706;399;24;Rio Grande do Norte;12948;2022;5;Mulheres;1151;55 a 59 anos;12948
Indicador  3.4.1;1706;488;24;Rio Grande do Norte;12948;2022;5;Mulheres;1152;60 a 64 anos;12948
Indicador  3.4.1;1706;548;24;Rio Grande do Norte;12948;2022;5;Mulheres;1153;65 a 69 anos;12948
Indicador  3.4.1;1706;5492;25;Paraíba;12948;2018;6794;Total;56742;30 a 69 anos;12948
Indicador  3.4.1;1706;116;25;Paraíba;12948;2018;6794;Total;1146;30 a 34 anos;12948
Indicador  3.4.1;1706;193;25;Paraíba;12948;2018;6794;Total;1147;35 a 39 anos;12948
Indicador  3.4.1;1706;361;25;Paraíba;12948;2018;6794;Total;1148;40 a 44 anos;12948
Indicador  3.4.1;1706;490;25;Paraíba;12948;2018;6794;Total;1149;45 a 49 anos;12948
Indicador  3.4.1;1706;735;25;Paraíba;12948;2018;6794;Total;1150;50 a 54 anos;12948
Indicador  3.4.1;1706;938;25;Paraíba;12948;2018;6794;Total;1151;55 a 59 anos;12948
Indicador  3.4.1;1706;1193;25;Paraíba;12948;2018;6794;Total;1152;60 a 64 anos;12948
Indicador  3.4.1;1706;1466;25;Paraíba;12948;2018;6794;Total;1153;65 a 69 anos;12948
Indicador  3.4.1;1706;3001;25;Paraíba;12948;2018;4;Homens;56742;30 a 69 anos;12948
Indicador  3.4.1;1706;63;25;Paraíba;12948;2018;4;Homens;1146;30 a 34 anos;12948
Indicador  3.4.1;1706;102;25;Paraíba;12948;2018;4;Homens;1147;35 a 39 anos;12948
Indicador  3.4.1;1706;176;25;Paraíba;12948;2018;4;Homens;1148;40 a 44 anos;12948
Indicador  3.4.1;1706;272;25;Paraíba;12948;2018;4;Homens;1149;45 a 49 anos;12948
Indicador  3.4.1;1706;398;25;Paraíba;12948;2018;4;Homens;1150;50 a 54 anos;12948
Indicador  3.4.1;1706;519;25;Paraíba;12948;2018;4;Homens;1151;55 a 59 anos;12948
Indicador  3.4.1;1706;660;25;Paraíba;12948;2018;4;Homens;1152;60 a 64 anos;12948
Indicador  3.4.1;1706;811;25;Paraíba;12948;2018;4;Homens;1153;65 a 69 anos;12948
Indicador  3.4.1;1706;2490;25;Paraíba;12948;2018;5;Mulheres;56742;30 a 69 anos;12948
Indicador  3.4.1;1706;53;25;Paraíba;12948;2018;5;Mulheres;1146;30 a 34 anos;12948
Indicador  3.4.1;1706;91;25;Paraíba;12948;2018;5;Mulheres;1147;35 a 39 anos;12948
Indicador  3.4.1;1706;185;25;Paraíba;12948;2018;5;Mulheres;1148;40 a 44 anos;12948
Indicador  3.4.1;1706;218;25;Paraíba;12948;2018;5;Mulheres;1149;45 a 49 anos;12948
Indicador  3.4.1;1706;336;25;Paraíba;12948;2018;5;Mulheres;1150;50 a 54 anos;12948
Indicador  3.4.1;1706;419;25;Paraíba;12948;2018;5;Mulheres;1151;55 a 59 anos;12948
Indicador  3.4.1;1706;533;25;Paraíba;12948;2018;5;Mulheres;1152;60 a 64 anos;12948
Indicador  3.4.1;1706;655;25;Paraíba;12948;2018;5;Mulheres;1153;65 a 69 anos;12948
Indicador  3.4.1;1706;5807;25;Paraíba;12948;2019;6794;Total;56742;30 a 69 anos;12948
Indicador  3.4.1;1706;136;25;Paraíba;12948;2019;6794;Total;1146;30 a 34 anos;12948
Indicador  3.4.1;1706;229;25;Paraíba;12948;2019;6794;Total;1147;35 a 39 anos;12948
Indicador  3.4.1;1706;327;25;Paraíba;12948;2019;6794;Total;1148;40 a 44 anos;12948
Indicador  3.4.1;1706;534;25;Paraíba;12948;2019;6794;Total;1149;45 a 49 anos;12948
Indicador  3.4.1;1706;769;25;Paraíba;12948;2019;6794;Total;1150;50 a 54 anos;12948
Indicador  3.4.1;1706;956;25;Paraíba;12948;2019;6794;Total;1151;55 a 59 anos;12948
Indicador  3.4.1;1706;1257;25;Paraíba;12948;2019;6794;Total;1152;60 a 64 anos;12948
Indicador  3.4.1;1706;1599;25;Paraíba;12948;2019;6794;Total;1153;65 a 69 anos;12948
Indicador  3.4.1;1706;3163;25;Paraíba;12948;2019;4;Homens;56742;30 a 69 anos;12948
Indicador  3.4.1;1706;72;25;Paraíba;12948;2019;4;Homens;1146;30 a 34 anos;12948
Indicador  3.4.1;1706;121;25;Paraíba;12948;2019;4;Homens;1147;35 a 39 anos;12948
Indicador  3.4.1;1706;171;25;Paraíba;12948;2019;4;Homens;1148;40 a 44 anos;12948
Indicador  3.4.1;1706;276;25;Paraíba;12948;2019;4;Homens;1149;45 a 49 anos;12948
Indicador  3.4.1;1706;447;25;Paraíba;12948;2019;4;Homens;1150;50 a 54 anos;12948
Indicador  3.4.1;1706;538;25;Paraíba;12948;2019;4;Homens;1151;55 a 59 anos;12948
Indicador  3.4.1;1706;717;25;Paraíba;12948;2019;4;Homens;1152;60 a 64 anos;12948
Indicador  3.4.1;1706;821;25;Paraíba;12948;2019;4;Homens;1153;65 a 69 anos;12948
Indicador  3.4.1;1706;2644;25;Paraíba;12948;2019;5;Mulheres;56742;30 a 69 anos;12948
Indicador  3.4.1;1706;64;25;Paraíba;12948;2019;5;Mulheres;1146;30 a 34 anos;12948
Indicador  3.4.1;1706;108;25;Paraíba;12948;2019;5;Mulheres;1147;35 a 39 anos;12948
Indicador  3.4.1;1706;156;25;Paraíba;12948;2019;5;Mulheres;1148;40 a 44 anos;12948
Indicador  3.4.1;1706;258;25;Paraíba;12948;2019;5;Mulheres;1149;45 a 49 anos;12948
Indicador  3.4.1;1706;322;25;Paraíba;12948;2019;5;Mulheres;1150;50 a 54 anos;12948
Indicador  3.4.1;1706;418;25;Paraíba;12948;2019;5;Mulheres;1151;55 a 59 anos;12948
Indicador  3.4.1;1706;540;25;Paraíba;12948;2019;5;Mulheres;1152;60 a 64 anos;12948
Indicador  3.4.1;1706;778;25;Paraíba;12948;2019;5;Mulheres;1153;65 a 69 anos;12948
Indicador  3.4.1;1706;5591;25;Paraíba;12948;2020;6794;Total;56742;30 a 69 anos;12948
Indicador  3.4.1;1706;142;25;Paraíba;12948;2020;6794;Total;1146;30 a 34 anos;12948
Indicador  3.4.1;1706;188;25;Paraíba;12948;2020;6794;Total;1147;35 a 39 anos;12948
Indicador  3.4.1;1706;317;25;Paraíba;12948;2020;6794;Total;1148;40 a 44 anos;12948
Indicador  3.4.1;1706;484;25;Paraíba;12948;2020;6794;Total;1149;45 a 49 anos;12948
Indicador  3.4.1;1706;777;25;Paraíba;12948;2020;6794;Total;1150;50 a 54 anos;12948
Indicador  3.4.1;1706;1013;25;Paraíba;12948;2020;6794;Total;1151;55 a 59 anos;12948
Indicador  3.4.1;1706;1193;25;Paraíba;12948;2020;6794;Total;1152;60 a 64 anos;12948
Indicador  3.4.1;1706;1477;25;Paraíba;12948;2020;6794;Total;1153;65 a 69 anos;12948
Indicador  3.4.1;1706;3080;25;Paraíba;12948;2020;4;Homens;56742;30 a 69 anos;12948
Indicador  3.4.1;1706;82;25;Paraíba;12948;2020;4;Homens;1146;30 a 34 anos;12948
Indicador  3.4.1;1706;93;25;Paraíba;12948;2020;4;Homens;1147;35 a 39 anos;12948
Indicador  3.4.1;1706;166;25;Paraíba;12948;2020;4;Homens;1148;40 a 44 anos;12948
Indicador  3.4.1;1706;255;25;Paraíba;12948;2020;4;Homens;1149;45 a 49 anos;12948
Indicador  3.4.1;1706;421;25;Paraíba;12948;2020;4;Homens;1150;50 a 54 anos;12948
Indicador  3.4.1;1706;596;25;Paraíba;12948;2020;4;Homens;1151;55 a 59 anos;12948
Indicador  3.4.1;1706;663;25;Paraíba;12948;2020;4;Homens;1152;60 a 64 anos;12948
Indicador  3.4.1;1706;804;25;Paraíba;12948;2020;4;Homens;1153;65 a 69 anos;12948
Indicador  3.4.1;1706;2511;25;Paraíba;12948;2020;5;Mulheres;56742;30 a 69 anos;12948
Indicador  3.4.1;1706;60;25;Paraíba;12948;2020;5;Mulheres;1146;30 a 34 anos;12948
Indicador  3.4.1;1706;95;25;Paraíba;12948;2020;5;Mulheres;1147;35 a 39 anos;12948
Indicador  3.4.1;1706;151;25;Paraíba;12948;2020;5;Mulheres;1148;40 a 44 anos;12948
Indicador  3.4.1;1706;229;25;Paraíba;12948;2020;5;Mulheres;1149;45 a 49 anos;12948
Indicador  3.4.1;1706;356;25;Paraíba;12948;2020;5;Mulheres;1150;50 a 54 anos;12948
Indicador  3.4.1;1706;417;25;Paraíba;12948;2020;5;Mulheres;1151;55 a 59 anos;12948
Indicador  3.4.1;1706;530;25;Paraíba;12948;2020;5;Mulheres;1152;60 a 64 anos;12948
Indicador  3.4.1;1706;673;25;Paraíba;12948;2020;5;Mulheres;1153;65 a 69 anos;12948
Indicador  3.4.1;1706;5903;25;Paraíba;12948;2021;6794;Total;56742;30 a 69 anos;12948
Indicador  3.4.1;1706;131;25;Paraíba;12948;2021;6794;Total;1146;30 a 34 anos;12948
Indicador  3.4.1;1706;207;25;Paraíba;12948;2021;6794;Total;1147;35 a 39 anos;12948
Indicador  3.4.1;1706;367;25;Paraíba;12948;2021;6794;Total;1148;40 a 44 anos;12948
Indicador  3.4.1;1706;505;25;Paraíba;12948;2021;6794;Total;1149;45 a 49 anos;12948
Indicador  3.4.1;1706;816;25;Paraíba;12948;2021;6794;Total;1150;50 a 54 anos;12948
Indicador  3.4.1;1706;1034;25;Paraíba;12948;2021;6794;Total;1151;55 a 59 anos;12948
Indicador  3.4.1;1706;1292;25;Paraíba;12948;2021;6794;Total;1152;60 a 64 anos;12948
Indicador  3.4.1;1706;1551;25;Paraíba;12948;2021;6794;Total;1153;65 a 69 anos;12948
Indicador  3.4.1;1706;3239;25;Paraíba;12948;2021;4;Homens;56742;30 a 69 anos;12948
Indicador  3.4.1;1706;75;25;Paraíba;12948;2021;4;Homens;1146;30 a 34 anos;12948
Indicador  3.4.1;1706;110;25;Paraíba;12948;2021;4;Homens;1147;35 a 39 anos;12948
Indicador  3.4.1;1706;194;25;Paraíba;12948;2021;4;Homens;1148;40 a 44 anos;12948
Indicador  3.4.1;1706;253;25;Paraíba;12948;2021;4;Homens;1149;45 a 49 anos;12948
Indicador  3.4.1;1706;428;25;Paraíba;12948;2021;4;Homens;1150;50 a 54 anos;12948
Indicador  3.4.1;1706;602;25;Paraíba;12948;2021;4;Homens;1151;55 a 59 anos;12948
Indicador  3.4.1;1706;747;25;Paraíba;12948;2021;4;Homens;1152;60 a 64 anos;12948
Indicador  3.4.1;1706;830;25;Paraíba;12948;2021;4;Homens;1153;65 a 69 anos;12948
Indicador  3.4.1;1706;2663;25;Paraíba;12948;2021;5;Mulheres;56742;30 a 69 anos;12948
Indicador  3.4.1;1706;56;25;Paraíba;12948;2021;5;Mulheres;1146;30 a 34 anos;12948
Indicador  3.4.1;1706;97;25;Paraíba;12948;2021;5;Mulheres;1147;35 a 39 anos;12948
Indicador  3.4.1;1706;173;25;Paraíba;12948;2021;5;Mulheres;1148;40 a 44 anos;12948
Indicador  3.4.1;1706;252;25;Paraíba;12948;2021;5;Mulheres;1149;45 a 49 anos;12948
Indicador  3.4.1;1706;387;25;Paraíba;12948;2021;5;Mulheres;1150;50 a 54 anos;12948
Indicador  3.4.1;1706;432;25;Paraíba;12948;2021;5;Mulheres;1151;55 a 59 anos;12948
Indicador  3.4.1;1706;545;25;Paraíba;12948;2021;5;Mulheres;1152;60 a 64 anos;12948
Indicador  3.4.1;1706;721;25;Paraíba;12948;2021;5;Mulheres;1153;65 a 69 anos;12948
Indicador  3.4.1;1706;6138;25;Paraíba;12948;2022;6794;Total;56742;30 a 69 anos;12948
Indicador  3.4.1;1706;131;25;Paraíba;12948;2022;6794;Total;1146;30 a 34 anos;12948
Indicador  3.4.1;1706;209;25;Paraíba;12948;2022;6794;Total;1147;35 a 39 anos;12948
Indicador  3.4.1;1706;379;25;Paraíba;12948;2022;6794;Total;1148;40 a 44 anos;12948
Indicador  3.4.1;1706;518;25;Paraíba;12948;2022;6794;Total;1149;45 a 49 anos;12948
Indicador  3.4.1;1706;746;25;Paraíba;12948;2022;6794;Total;1150;50 a 54 anos;12948
Indicador  3.4.1;1706;1127;25;Paraíba;12948;2022;6794;Total;1151;55 a 59 anos;12948
Indicador  3.4.1;1706;1316;25;Paraíba;12948;2022;6794;Total;1152;60 a 64 anos;12948
Indicador  3.4.1;1706;1712;25;Paraíba;12948;2022;6794;Total;1153;65 a 69 anos;12948
Indicador  3.4.1;1706;3424;25;Paraíba;12948;2022;4;Homens;56742;30 a 69 anos;12948
Indicador  3.4.1;1706;68;25;Paraíba;12948;2022;4;Homens;1146;30 a 34 anos;12948
Indicador  3.4.1;1706;113;25;Paraíba;12948;2022;4;Homens;1147;35 a 39 anos;12948
Indicador  3.4.1;1706;220;25;Paraíba;12948;2022;4;Homens;1148;40 a 44 anos;12948
Indicador  3.4.1;1706;286;25;Paraíba;12948;2022;4;Homens;1149;45 a 49 anos;12948
Indicador  3.4.1;1706;419;25;Paraíba;12948;2022;4;Homens;1150;50 a 54 anos;12948
Indicador  3.4.1;1706;638;25;Paraíba;12948;2022;4;Homens;1151;55 a 59 anos;12948
Indicador  3.4.1;1706;741;25;Paraíba;12948;2022;4;Homens;1152;60 a 64 anos;12948
Indicador  3.4.1;1706;939;25;Paraíba;12948;2022;4;Homens;1153;65 a 69 anos;12948
Indicador  3.4.1;1706;2714;25;Paraíba;12948;2022;5;Mulheres;56742;30 a 69 anos;12948
Indicador  3.4.1;1706;63;25;Paraíba;12948;2022;5;Mulheres;1146;30 a 34 anos;12948
Indicador  3.4.1;1706;96;25;Paraíba;12948;2022;5;Mulheres;1147;35 a 39 anos;12948
Indicador  3.4.1;1706;159;25;Paraíba;12948;2022;5;Mulheres;1148;40 a 44 anos;12948
Indicador  3.4.1;1706;232;25;Paraíba;12948;2022;5;Mulheres;1149;45 a 49 anos;12948
Indicador  3.4.1;1706;327;25;Paraíba;12948;2022;5;Mulheres;1150;50 a 54 anos;12948
Indicador  3.4.1;1706;489;25;Paraíba;12948;2022;5;Mulheres;1151;55 a 59 anos;12948
Indicador  3.4.1;1706;575;25;Paraíba;12948;2022;5;Mulheres;1152;60 a 64 anos;12948
Indicador  3.4.1;1706;773;25;Paraíba;12948;2022;5;Mulheres;1153;65 a 69 anos;12948
Indicador  3.4.1;1706;14432;26;Pernambuco;12948;2018;6794;Total;56742;30 a 69 anos;12948
Indicador  3.4.1;1706;334;26;Pernambuco;12948;2018;6794;Total;1146;30 a 34 anos;12948
Indicador  3.4.1;1706;525;26;Pernambuco;12948;2018;6794;Total;1147;35 a 39 anos;12948
Indicador  3.4.1;1706;812;26;Pernambuco;12948;2018;6794;Total;1148;40 a 44 anos;12948
Indicador  3.4.1;1706;1268;26;Pernambuco;12948;2018;6794;Total;1149;45 a 49 anos;12948
Indicador  3.4.1;1706;2007;26;Pernambuco;12948;2018;6794;Total;1150;50 a 54 anos;12948
Indicador  3.4.1;1706;2486;26;Pernambuco;12948;2018;6794;Total;1151;55 a 59 anos;12948
Indicador  3.4.1;1706;3158;26;Pernambuco;12948;2018;6794;Total;1152;60 a 64 anos;12948
Indicador  3.4.1;1706;3842;26;Pernambuco;12948;2018;6794;Total;1153;65 a 69 anos;12948
Indicador  3.4.1;1706;7855;26;Pernambuco;12948;2018;4;Homens;56742;30 a 69 anos;12948
Indicador  3.4.1;1706;195;26;Pernambuco;12948;2018;4;Homens;1146;30 a 34 anos;12948
Indicador  3.4.1;1706;275;26;Pernambuco;12948;2018;4;Homens;1147;35 a 39 anos;12948
Indicador  3.4.1;1706;426;26;Pernambuco;12948;2018;4;Homens;1148;40 a 44 anos;12948
Indicador  3.4.1;1706;670;26;Pernambuco;12948;2018;4;Homens;1149;45 a 49 anos;12948
Indicador  3.4.1;1706;1077;26;Pernambuco;12948;2018;4;Homens;1150;50 a 54 anos;12948
Indicador  3.4.1;1706;1403;26;Pernambuco;12948;2018;4;Homens;1151;55 a 59 anos;12948
Indicador  3.4.1;1706;1752;26;Pernambuco;12948;2018;4;Homens;1152;60 a 64 anos;12948
Indicador  3.4.1;1706;2057;26;Pernambuco;12948;2018;4;Homens;1153;65 a 69 anos;12948
Indicador  3.4.1;1706;6577;26;Pernambuco;12948;2018;5;Mulheres;56742;30 a 69 anos;12948
Indicador  3.4.1;1706;139;26;Pernambuco;12948;2018;5;Mulheres;1146;30 a 34 anos;12948
Indicador  3.4.1;1706;250;26;Pernambuco;12948;2018;5;Mulheres;1147;35 a 39 anos;12948
Indicador  3.4.1;1706;386;26;Pernambuco;12948;2018;5;Mulheres;1148;40 a 44 anos;12948
Indicador  3.4.1;1706;598;26;Pernambuco;12948;2018;5;Mulheres;1149;45 a 49 anos;12948
Indicador  3.4.1;1706;930;26;Pernambuco;12948;2018;5;Mulheres;1150;50 a 54 anos;12948
Indicador  3.4.1;1706;1083;26;Pernambuco;12948;2018;5;Mulheres;1151;55 a 59 anos;12948
Indicador  3.4.1;1706;1406;26;Pernambuco;12948;2018;5;Mulheres;1152;60 a 64 anos;12948
Indicador  3.4.1;1706;1785;26;Pernambuco;12948;2018;5;Mulheres;1153;65 a 69 anos;12948
Indicador  3.4.1;1706;14835;26;Pernambuco;12948;2019;6794;Total;56742;30 a 69 anos;12948
Indicador  3.4.1;1706;341;26;Pernambuco;12948;2019;6794;Total;1146;30 a 34 anos;12948
Indicador  3.4.1;1706;522;26;Pernambuco;12948;2019;6794;Total;1147;35 a 39 anos;12948
Indicador  3.4.1;1706;876;26;Pernambuco;12948;2019;6794;Total;1148;40 a 44 anos;12948
Indicador  3.4.1;1706;1236;26;Pernambuco;12948;2019;6794;Total;1149;45 a 49 anos;12948
Indicador  3.4.1;1706;1999;26;Pernambuco;12948;2019;6794;Total;1150;50 a 54 anos;12948
Indicador  3.4.1;1706;2665;26;Pernambuco;12948;2019;6794;Total;1151;55 a 59 anos;12948
Indicador  3.4.1;1706;3213;26;Pernambuco;12948;2019;6794;Total;1152;60 a 64 anos;12948
Indicador  3.4.1;1706;3983;26;Pernambuco;12948;2019;6794;Total;1153;65 a 69 anos;12948
Indicador  3.4.1;1706;8008;26;Pernambuco;12948;2019;4;Homens;56742;30 a 69 anos;12948
Indicador  3.4.1;1706;190;26;Pernambuco;12948;2019;4;Homens;1146;30 a 34 anos;12948
Indicador  3.4.1;1706;267;26;Pernambuco;12948;2019;4;Homens;1147;35 a 39 anos;12948
Indicador  3.4.1;1706;448;26;Pernambuco;12948;2019;4;Homens;1148;40 a 44 anos;12948
Indicador  3.4.1;1706;650;26;Pernambuco;12948;2019;4;Homens;1149;45 a 49 anos;12948
Indicador  3.4.1;1706;1105;26;Pernambuco;12948;2019;4;Homens;1150;50 a 54 anos;12948
Indicador  3.4.1;1706;1445;26;Pernambuco;12948;2019;4;Homens;1151;55 a 59 anos;12948
Indicador  3.4.1;1706;1798;26;Pernambuco;12948;2019;4;Homens;1152;60 a 64 anos;12948
Indicador  3.4.1;1706;2105;26;Pernambuco;12948;2019;4;Homens;1153;65 a 69 anos;12948
Indicador  3.4.1;1706;6827;26;Pernambuco;12948;2019;5;Mulheres;56742;30 a 69 anos;12948
Indicador  3.4.1;1706;151;26;Pernambuco;12948;2019;5;Mulheres;1146;30 a 34 anos;12948
Indicador  3.4.1;1706;255;26;Pernambuco;12948;2019;5;Mulheres;1147;35 a 39 anos;12948
Indicador  3.4.1;1706;428;26;Pernambuco;12948;2019;5;Mulheres;1148;40 a 44 anos;12948
Indicador  3.4.1;1706;586;26;Pernambuco;12948;2019;5;Mulheres;1149;45 a 49 anos;12948
Indicador  3.4.1;1706;894;26;Pernambuco;12948;2019;5;Mulheres;1150;50 a 54 anos;12948
Indicador  3.4.1;1706;1220;26;Pernambuco;12948;2019;5;Mulheres;1151;55 a 59 anos;12948
Indicador  3.4.1;1706;1415;26;Pernambuco;12948;2019;5;Mulheres;1152;60 a 64 anos;12948
Indicador  3.4.1;1706;1878;26;Pernambuco;12948;2019;5;Mulheres;1153;65 a 69 anos;12948
Indicador  3.4.1;1706;14572;26;Pernambuco;12948;2020;6794;Total;56742;30 a 69 anos;12948
Indicador  3.4.1;1706;271;26;Pernambuco;12948;2020;6794;Total;1146;30 a 34 anos;12948
Indicador  3.4.1;1706;485;26;Pernambuco;12948;2020;6794;Total;1147;35 a 39 anos;12948
Indicador  3.4.1;1706;844;26;Pernambuco;12948;2020;6794;Total;1148;40 a 44 anos;12948
Indicador  3.4.1;1706;1229;26;Pernambuco;12948;2020;6794;Total;1149;45 a 49 anos;12948
Indicador  3.4.1;1706;1898;26;Pernambuco;12948;2020;6794;Total;1150;50 a 54 anos;12948
Indicador  3.4.1;1706;2581;26;Pernambuco;12948;2020;6794;Total;1151;55 a 59 anos;12948
Indicador  3.4.1;1706;3294;26;Pernambuco;12948;2020;6794;Total;1152;60 a 64 anos;12948
Indicador  3.4.1;1706;3970;26;Pernambuco;12948;2020;6794;Total;1153;65 a 69 anos;12948
Indicador  3.4.1;1706;7767;26;Pernambuco;12948;2020;4;Homens;56742;30 a 69 anos;12948
Indicador  3.4.1;1706;142;26;Pernambuco;12948;2020;4;Homens;1146;30 a 34 anos;12948
Indicador  3.4.1;1706;265;26;Pernambuco;12948;2020;4;Homens;1147;35 a 39 anos;12948
Indicador  3.4.1;1706;399;26;Pernambuco;12948;2020;4;Homens;1148;40 a 44 anos;12948
Indicador  3.4.1;1706;630;26;Pernambuco;12948;2020;4;Homens;1149;45 a 49 anos;12948
Indicador  3.4.1;1706;994;26;Pernambuco;12948;2020;4;Homens;1150;50 a 54 anos;12948
Indicador  3.4.1;1706;1396;26;Pernambuco;12948;2020;4;Homens;1151;55 a 59 anos;12948
Indicador  3.4.1;1706;1799;26;Pernambuco;12948;2020;4;Homens;1152;60 a 64 anos;12948
Indicador  3.4.1;1706;2142;26;Pernambuco;12948;2020;4;Homens;1153;65 a 69 anos;12948
Indicador  3.4.1;1706;6804;26;Pernambuco;12948;2020;5;Mulheres;56742;30 a 69 anos;12948
Indicador  3.4.1;1706;129;26;Pernambuco;12948;2020;5;Mulheres;1146;30 a 34 anos;12948
Indicador  3.4.1;1706;220;26;Pernambuco;12948;2020;5;Mulheres;1147;35 a 39 anos;12948
Indicador  3.4.1;1706;445;26;Pernambuco;12948;2020;5;Mulheres;1148;40 a 44 anos;12948
Indicador  3.4.1;1706;599;26;Pernambuco;12948;2020;5;Mulheres;1149;45 a 49 anos;12948
Indicador  3.4.1;1706;904;26;Pernambuco;12948;2020;5;Mulheres;1150;50 a 54 anos;12948
Indicador  3.4.1;1706;1184;26;Pernambuco;12948;2020;5;Mulheres;1151;55 a 59 anos;12948
Indicador  3.4.1;1706;1495;26;Pernambuco;12948;2020;5;Mulheres;1152;60 a 64 anos;12948
Indicador  3.4.1;1706;1828;26;Pernambuco;12948;2020;5;Mulheres;1153;65 a 69 anos;12948
Indicador  3.4.1;1706;15003;26;Pernambuco;12948;2021;6794;Total;56742;30 a 69 anos;12948
Indicador  3.4.1;1706;298;26;Pernambuco;12948;2021;6794;Total;1146;30 a 34 anos;12948
Indicador  3.4.1;1706;513;26;Pernambuco;12948;2021;6794;Total;1147;35 a 39 anos;12948
Indicador  3.4.1;1706;870;26;Pernambuco;12948;2021;6794;Total;1148;40 a 44 anos;12948
Indicador  3.4.1;1706;1276;26;Pernambuco;12948;2021;6794;Total;1149;45 a 49 anos;12948
Indicador  3.4.1;1706;1951;26;Pernambuco;12948;2021;6794;Total;1150;50 a 54 anos;12948
Indicador  3.4.1;1706;2658;26;Pernambuco;12948;2021;6794;Total;1151;55 a 59 anos;12948
Indicador  3.4.1;1706;3402;26;Pernambuco;12948;2021;6794;Total;1152;60 a 64 anos;12948
Indicador  3.4.1;1706;4035;26;Pernambuco;12948;2021;6794;Total;1153;65 a 69 anos;12948
Indicador  3.4.1;1706;7938;26;Pernambuco;12948;2021;4;Homens;56742;30 a 69 anos;12948
Indicador  3.4.1;1706;146;26;Pernambuco;12948;2021;4;Homens;1146;30 a 34 anos;12948
Indicador  3.4.1;1706;269;26;Pernambuco;12948;2021;4;Homens;1147;35 a 39 anos;12948
Indicador  3.4.1;1706;476;26;Pernambuco;12948;2021;4;Homens;1148;40 a 44 anos;12948
Indicador  3.4.1;1706;634;26;Pernambuco;12948;2021;4;Homens;1149;45 a 49 anos;12948
Indicador  3.4.1;1706;1013;26;Pernambuco;12948;2021;4;Homens;1150;50 a 54 anos;12948
Indicador  3.4.1;1706;1395;26;Pernambuco;12948;2021;4;Homens;1151;55 a 59 anos;12948
Indicador  3.4.1;1706;1852;26;Pernambuco;12948;2021;4;Homens;1152;60 a 64 anos;12948
Indicador  3.4.1;1706;2153;26;Pernambuco;12948;2021;4;Homens;1153;65 a 69 anos;12948
Indicador  3.4.1;1706;7062;26;Pernambuco;12948;2021;5;Mulheres;56742;30 a 69 anos;12948
Indicador  3.4.1;1706;151;26;Pernambuco;12948;2021;5;Mulheres;1146;30 a 34 anos;12948
Indicador  3.4.1;1706;244;26;Pernambuco;12948;2021;5;Mulheres;1147;35 a 39 anos;12948
Indicador  3.4.1;1706;394;26;Pernambuco;12948;2021;5;Mulheres;1148;40 a 44 anos;12948
Indicador  3.4.1;1706;642;26;Pernambuco;12948;2021;5;Mulheres;1149;45 a 49 anos;12948
Indicador  3.4.1;1706;938;26;Pernambuco;12948;2021;5;Mulheres;1150;50 a 54 anos;12948
Indicador  3.4.1;1706;1263;26;Pernambuco;12948;2021;5;Mulheres;1151;55 a 59 anos;12948
Indicador  3.4.1;1706;1549;26;Pernambuco;12948;2021;5;Mulheres;1152;60 a 64 anos;12948
Indicador  3.4.1;1706;1881;26;Pernambuco;12948;2021;5;Mulheres;1153;65 a 69 anos;12948
Indicador  3.4.1;1706;14533;26;Pernambuco;12948;2022;6794;Total;56742;30 a 69 anos;12948
Indicador  3.4.1;1706;269;26;Pernambuco;12948;2022;6794;Total;1146;30 a 34 anos;12948
Indicador  3.4.1;1706;456;26;Pernambuco;12948;2022;6794;Total;1147;35 a 39 anos;12948
Indicador  3.4.1;1706;838;26;Pernambuco;12948;2022;6794;Total;1148;40 a 44 anos;12948
Indicador  3.4.1;1706;1292;26;Pernambuco;12948;2022;6794;Total;1149;45 a 49 anos;12948
Indicador  3.4.1;1706;1830;26;Pernambuco;12948;2022;6794;Total;1150;50 a 54 anos;12948
Indicador  3.4.1;1706;2523;26;Pernambuco;12948;2022;6794;Total;1151;55 a 59 anos;12948
Indicador  3.4.1;1706;3345;26;Pernambuco;12948;2022;6794;Total;1152;60 a 64 anos;12948
Indicador  3.4.1;1706;3980;26;Pernambuco;12948;2022;6794;Total;1153;65 a 69 anos;12948
Indicador  3.4.1;1706;7799;26;Pernambuco;12948;2022;4;Homens;56742;30 a 69 anos;12948
Indicador  3.4.1;1706;135;26;Pernambuco;12948;2022;4;Homens;1146;30 a 34 anos;12948
Indicador  3.4.1;1706;226;26;Pernambuco;12948;2022;4;Homens;1147;35 a 39 anos;12948
Indicador  3.4.1;1706;426;26;Pernambuco;12948;2022;4;Homens;1148;40 a 44 anos;12948
Indicador  3.4.1;1706;685;26;Pernambuco;12948;2022;4;Homens;1149;45 a 49 anos;12948
Indicador  3.4.1;1706;952;26;Pernambuco;12948;2022;4;Homens;1150;50 a 54 anos;12948
Indicador  3.4.1;1706;1399;26;Pernambuco;12948;2022;4;Homens;1151;55 a 59 anos;12948
Indicador  3.4.1;1706;1834;26;Pernambuco;12948;2022;4;Homens;1152;60 a 64 anos;12948
Indicador  3.4.1;1706;2142;26;Pernambuco;12948;2022;4;Homens;1153;65 a 69 anos;12948
Indicador  3.4.1;1706;6733;26;Pernambuco;12948;2022;5;Mulheres;56742;30 a 69 anos;12948
Indicador  3.4.1;1706;134;26;Pernambuco;12948;2022;5;Mulheres;1146;30 a 34 anos;12948
Indicador  3.4.1;1706;230;26;Pernambuco;12948;2022;5;Mulheres;1147;35 a 39 anos;12948
Indicador  3.4.1;1706;412;26;Pernambuco;12948;2022;5;Mulheres;1148;40 a 44 anos;12948
Indicador  3.4.1;1706;607;26;Pernambuco;12948;2022;5;Mulheres;1149;45 a 49 anos;12948
Indicador  3.4.1;1706;878;26;Pernambuco;12948;2022;5;Mulheres;1150;50 a 54 anos;12948
Indicador  3.4.1;1706;1124;26;Pernambuco;12948;2022;5;Mulheres;1151;55 a 59 anos;12948
Indicador  3.4.1;1706;1511;26;Pernambuco;12948;2022;5;Mulheres;1152;60 a 64 anos;12948
Indicador  3.4.1;1706;1837;26;Pernambuco;12948;2022;5;Mulheres;1153;65 a 69 anos;12948
Indicador  3.4.1;1706;4636;27;Alagoas;12948;2018;6794;Total;56742;30 a 69 anos;12948
Indicador  3.4.1;1706;94;27;Alagoas;12948;2018;6794;Total;1146;30 a 34 anos;12948
Indicador  3.4.1;1706;167;27;Alagoas;12948;2018;6794;Total;1147;35 a 39 anos;12948
Indicador  3.4.1;1706;235;27;Alagoas;12948;2018;6794;Total;1148;40 a 44 anos;12948
Indicador  3.4.1;1706;410;27;Alagoas;12948;2018;6794;Total;1149;45 a 49 anos;12948
Indicador  3.4.1;1706;631;27;Alagoas;12948;2018;6794;Total;1150;50 a 54 anos;12948
Indicador  3.4.1;1706;832;27;Alagoas;12948;2018;6794;Total;1151;55 a 59 anos;12948
Indicador  3.4.1;1706;1078;27;Alagoas;12948;2018;6794;Total;1152;60 a 64 anos;12948
Indicador  3.4.1;1706;1189;27;Alagoas;12948;2018;6794;Total;1153;65 a 69 anos;12948
Indicador  3.4.1;1706;2391;27;Alagoas;12948;2018;4;Homens;56742;30 a 69 anos;12948
Indicador  3.4.1;1706;43;27;Alagoas;12948;2018;4;Homens;1146;30 a 34 anos;12948
Indicador  3.4.1;1706;71;27;Alagoas;12948;2018;4;Homens;1147;35 a 39 anos;12948
Indicador  3.4.1;1706;117;27;Alagoas;12948;2018;4;Homens;1148;40 a 44 anos;12948
Indicador  3.4.1;1706;196;27;Alagoas;12948;2018;4;Homens;1149;45 a 49 anos;12948
Indicador  3.4.1;1706;320;27;Alagoas;12948;2018;4;Homens;1150;50 a 54 anos;12948
Indicador  3.4.1;1706;432;27;Alagoas;12948;2018;4;Homens;1151;55 a 59 anos;12948
Indicador  3.4.1;1706;574;27;Alagoas;12948;2018;4;Homens;1152;60 a 64 anos;12948
Indicador  3.4.1;1706;638;27;Alagoas;12948;2018;4;Homens;1153;65 a 69 anos;12948
Indicador  3.4.1;1706;2245;27;Alagoas;12948;2018;5;Mulheres;56742;30 a 69 anos;12948
Indicador  3.4.1;1706;51;27;Alagoas;12948;2018;5;Mulheres;1146;30 a 34 anos;12948
Indicador  3.4.1;1706;96;27;Alagoas;12948;2018;5;Mulheres;1147;35 a 39 anos;12948
Indicador  3.4.1;1706;118;27;Alagoas;12948;2018;5;Mulheres;1148;40 a 44 anos;12948
Indicador  3.4.1;1706;214;27;Alagoas;12948;2018;5;Mulheres;1149;45 a 49 anos;12948
Indicador  3.4.1;1706;311;27;Alagoas;12948;2018;5;Mulheres;1150;50 a 54 anos;12948
Indicador  3.4.1;1706;400;27;Alagoas;12948;2018;5;Mulheres;1151;55 a 59 anos;12948
Indicador  3.4.1;1706;504;27;Alagoas;12948;2018;5;Mulheres;1152;60 a 64 anos;12948
Indicador  3.4.1;1706;551;27;Alagoas;12948;2018;5;Mulheres;1153;65 a 69 anos;12948
Indicador  3.4.1;1706;4792;27;Alagoas;12948;2019;6794;Total;56742;30 a 69 anos;12948
Indicador  3.4.1;1706;91;27;Alagoas;12948;2019;6794;Total;1146;30 a 34 anos;12948
Indicador  3.4.1;1706;162;27;Alagoas;12948;2019;6794;Total;1147;35 a 39 anos;12948
Indicador  3.4.1;1706;265;27;Alagoas;12948;2019;6794;Total;1148;40 a 44 anos;12948
Indicador  3.4.1;1706;412;27;Alagoas;12948;2019;6794;Total;1149;45 a 49 anos;12948
Indicador  3.4.1;1706;625;27;Alagoas;12948;2019;6794;Total;1150;50 a 54 anos;12948
Indicador  3.4.1;1706;802;27;Alagoas;12948;2019;6794;Total;1151;55 a 59 anos;12948
Indicador  3.4.1;1706;1058;27;Alagoas;12948;2019;6794;Total;1152;60 a 64 anos;12948
Indicador  3.4.1;1706;1377;27;Alagoas;12948;2019;6794;Total;1153;65 a 69 anos;12948
Indicador  3.4.1;1706;2453;27;Alagoas;12948;2019;4;Homens;56742;30 a 69 anos;12948
Indicador  3.4.1;1706;55;27;Alagoas;12948;2019;4;Homens;1146;30 a 34 anos;12948
Indicador  3.4.1;1706;82;27;Alagoas;12948;2019;4;Homens;1147;35 a 39 anos;12948
Indicador  3.4.1;1706;115;27;Alagoas;12948;2019;4;Homens;1148;40 a 44 anos;12948
Indicador  3.4.1;1706;208;27;Alagoas;12948;2019;4;Homens;1149;45 a 49 anos;12948
Indicador  3.4.1;1706;323;27;Alagoas;12948;2019;4;Homens;1150;50 a 54 anos;12948
Indicador  3.4.1;1706;429;27;Alagoas;12948;2019;4;Homens;1151;55 a 59 anos;12948
Indicador  3.4.1;1706;538;27;Alagoas;12948;2019;4;Homens;1152;60 a 64 anos;12948
Indicador  3.4.1;1706;703;27;Alagoas;12948;2019;4;Homens;1153;65 a 69 anos;12948
Indicador  3.4.1;1706;2339;27;Alagoas;12948;2019;5;Mulheres;56742;30 a 69 anos;12948
Indicador  3.4.1;1706;36;27;Alagoas;12948;2019;5;Mulheres;1146;30 a 34 anos;12948
Indicador  3.4.1;1706;80;27;Alagoas;12948;2019;5;Mulheres;1147;35 a 39 anos;12948
Indicador  3.4.1;1706;150;27;Alagoas;12948;2019;5;Mulheres;1148;40 a 44 anos;12948
Indicador  3.4.1;1706;204;27;Alagoas;12948;2019;5;Mulheres;1149;45 a 49 anos;12948
Indicador  3.4.1;1706;302;27;Alagoas;12948;2019;5;Mulheres;1150;50 a 54 anos;12948
Indicador  3.4.1;1706;373;27;Alagoas;12948;2019;5;Mulheres;1151;55 a 59 anos;12948
Indicador  3.4.1;1706;520;27;Alagoas;12948;2019;5;Mulheres;1152;60 a 64 anos;12948
Indicador  3.4.1;1706;674;27;Alagoas;12948;2019;5;Mulheres;1153;65 a 69 anos;12948
Indicador  3.4.1;1706;4691;27;Alagoas;12948;2020;6794;Total;56742;30 a 69 anos;12948
Indicador  3.4.1;1706;99;27;Alagoas;12948;2020;6794;Total;1146;30 a 34 anos;12948
Indicador  3.4.1;1706;155;27;Alagoas;12948;2020;6794;Total;1147;35 a 39 anos;12948
Indicador  3.4.1;1706;278;27;Alagoas;12948;2020;6794;Total;1148;40 a 44 anos;12948
Indicador  3.4.1;1706;402;27;Alagoas;12948;2020;6794;Total;1149;45 a 49 anos;12948
Indicador  3.4.1;1706;595;27;Alagoas;12948;2020;6794;Total;1150;50 a 54 anos;12948
Indicador  3.4.1;1706;848;27;Alagoas;12948;2020;6794;Total;1151;55 a 59 anos;12948
Indicador  3.4.1;1706;1054;27;Alagoas;12948;2020;6794;Total;1152;60 a 64 anos;12948
Indicador  3.4.1;1706;1260;27;Alagoas;12948;2020;6794;Total;1153;65 a 69 anos;12948
Indicador  3.4.1;1706;2441;27;Alagoas;12948;2020;4;Homens;56742;30 a 69 anos;12948
Indicador  3.4.1;1706;54;27;Alagoas;12948;2020;4;Homens;1146;30 a 34 anos;12948
Indicador  3.4.1;1706;84;27;Alagoas;12948;2020;4;Homens;1147;35 a 39 anos;12948
Indicador  3.4.1;1706;135;27;Alagoas;12948;2020;4;Homens;1148;40 a 44 anos;12948
Indicador  3.4.1;1706;193;27;Alagoas;12948;2020;4;Homens;1149;45 a 49 anos;12948
Indicador  3.4.1;1706;299;27;Alagoas;12948;2020;4;Homens;1150;50 a 54 anos;12948
Indicador  3.4.1;1706;450;27;Alagoas;12948;2020;4;Homens;1151;55 a 59 anos;12948
Indicador  3.4.1;1706;548;27;Alagoas;12948;2020;4;Homens;1152;60 a 64 anos;12948
Indicador  3.4.1;1706;678;27;Alagoas;12948;2020;4;Homens;1153;65 a 69 anos;12948
Indicador  3.4.1;1706;2250;27;Alagoas;12948;2020;5;Mulheres;56742;30 a 69 anos;12948
Indicador  3.4.1;1706;45;27;Alagoas;12948;2020;5;Mulheres;1146;30 a 34 anos;12948
Indicador  3.4.1;1706;71;27;Alagoas;12948;2020;5;Mulheres;1147;35 a 39 anos;12948
Indicador  3.4.1;1706;143;27;Alagoas;12948;2020;5;Mulheres;1148;40 a 44 anos;12948
Indicador  3.4.1;1706;209;27;Alagoas;12948;2020;5;Mulheres;1149;45 a 49 anos;12948
Indicador  3.4.1;1706;296;27;Alagoas;12948;2020;5;Mulheres;1150;50 a 54 anos;12948
Indicador  3.4.1;1706;398;27;Alagoas;12948;2020;5;Mulheres;1151;55 a 59 anos;12948
Indicador  3.4.1;1706;506;27;Alagoas;12948;2020;5;Mulheres;1152;60 a 64 anos;12948
Indicador  3.4.1;1706;582;27;Alagoas;12948;2020;5;Mulheres;1153;65 a 69 anos;12948
Indicador  3.4.1;1706;4883;27;Alagoas;12948;2021;6794;Total;56742;30 a 69 anos;12948
Indicador  3.4.1;1706;104;27;Alagoas;12948;2021;6794;Total;1146;30 a 34 anos;12948
Indicador  3.4.1;1706;174;27;Alagoas;12948;2021;6794;Total;1147;35 a 39 anos;12948
Indicador  3.4.1;1706;264;27;Alagoas;12948;2021;6794;Total;1148;40 a 44 anos;12948
Indicador  3.4.1;1706;407;27;Alagoas;12948;2021;6794;Total;1149;45 a 49 anos;12948
Indicador  3.4.1;1706;606;27;Alagoas;12948;2021;6794;Total;1150;50 a 54 anos;12948
Indicador  3.4.1;1706;864;27;Alagoas;12948;2021;6794;Total;1151;55 a 59 anos;12948
Indicador  3.4.1;1706;1085;27;Alagoas;12948;2021;6794;Total;1152;60 a 64 anos;12948
Indicador  3.4.1;1706;1379;27;Alagoas;12948;2021;6794;Total;1153;65 a 69 anos;12948
Indicador  3.4.1;1706;2582;27;Alagoas;12948;2021;4;Homens;56742;30 a 69 anos;12948
Indicador  3.4.1;1706;64;27;Alagoas;12948;2021;4;Homens;1146;30 a 34 anos;12948
Indicador  3.4.1;1706;87;27;Alagoas;12948;2021;4;Homens;1147;35 a 39 anos;12948
Indicador  3.4.1;1706;130;27;Alagoas;12948;2021;4;Homens;1148;40 a 44 anos;12948
Indicador  3.4.1;1706;222;27;Alagoas;12948;2021;4;Homens;1149;45 a 49 anos;12948
Indicador  3.4.1;1706;302;27;Alagoas;12948;2021;4;Homens;1150;50 a 54 anos;12948
Indicador  3.4.1;1706;435;27;Alagoas;12948;2021;4;Homens;1151;55 a 59 anos;12948
Indicador  3.4.1;1706;573;27;Alagoas;12948;2021;4;Homens;1152;60 a 64 anos;12948
Indicador  3.4.1;1706;769;27;Alagoas;12948;2021;4;Homens;1153;65 a 69 anos;12948
Indicador  3.4.1;1706;2301;27;Alagoas;12948;2021;5;Mulheres;56742;30 a 69 anos;12948
Indicador  3.4.1;1706;40;27;Alagoas;12948;2021;5;Mulheres;1146;30 a 34 anos;12948
Indicador  3.4.1;1706;87;27;Alagoas;12948;2021;5;Mulheres;1147;35 a 39 anos;12948
Indicador  3.4.1;1706;134;27;Alagoas;12948;2021;5;Mulheres;1148;40 a 44 anos;12948
Indicador  3.4.1;1706;185;27;Alagoas;12948;2021;5;Mulheres;1149;45 a 49 anos;12948
Indicador  3.4.1;1706;304;27;Alagoas;12948;2021;5;Mulheres;1150;50 a 54 anos;12948
Indicador  3.4.1;1706;429;27;Alagoas;12948;2021;5;Mulheres;1151;55 a 59 anos;12948
Indicador  3.4.1;1706;512;27;Alagoas;12948;2021;5;Mulheres;1152;60 a 64 anos;12948
Indicador  3.4.1;1706;610;27;Alagoas;12948;2021;5;Mulheres;1153;65 a 69 anos;12948
Indicador  3.4.1;1706;5092;27;Alagoas;12948;2022;6794;Total;56742;30 a 69 anos;12948
Indicador  3.4.1;1706;116;27;Alagoas;12948;2022;6794;Total;1146;30 a 34 anos;12948
Indicador  3.4.1;1706;169;27;Alagoas;12948;2022;6794;Total;1147;35 a 39 anos;12948
Indicador  3.4.1;1706;275;27;Alagoas;12948;2022;6794;Total;1148;40 a 44 anos;12948
Indicador  3.4.1;1706;431;27;Alagoas;12948;2022;6794;Total;1149;45 a 49 anos;12948
Indicador  3.4.1;1706;620;27;Alagoas;12948;2022;6794;Total;1150;50 a 54 anos;12948
Indicador  3.4.1;1706;905;27;Alagoas;12948;2022;6794;Total;1151;55 a 59 anos;12948
Indicador  3.4.1;1706;1136;27;Alagoas;12948;2022;6794;Total;1152;60 a 64 anos;12948
Indicador  3.4.1;1706;1440;27;Alagoas;12948;2022;6794;Total;1153;65 a 69 anos;12948
Indicador  3.4.1;1706;2666;27;Alagoas;12948;2022;4;Homens;56742;30 a 69 anos;12948
Indicador  3.4.1;1706;61;27;Alagoas;12948;2022;4;Homens;1146;30 a 34 anos;12948
Indicador  3.4.1;1706;86;27;Alagoas;12948;2022;4;Homens;1147;35 a 39 anos;12948
Indicador  3.4.1;1706;123;27;Alagoas;12948;2022;4;Homens;1148;40 a 44 anos;12948
Indicador  3.4.1;1706;217;27;Alagoas;12948;2022;4;Homens;1149;45 a 49 anos;12948
Indicador  3.4.1;1706;303;27;Alagoas;12948;2022;4;Homens;1150;50 a 54 anos;12948
Indicador  3.4.1;1706;509;27;Alagoas;12948;2022;4;Homens;1151;55 a 59 anos;12948
Indicador  3.4.1;1706;593;27;Alagoas;12948;2022;4;Homens;1152;60 a 64 anos;12948
Indicador  3.4.1;1706;774;27;Alagoas;12948;2022;4;Homens;1153;65 a 69 anos;12948
Indicador  3.4.1;1706;2426;27;Alagoas;12948;2022;5;Mulheres;56742;30 a 69 anos;12948
Indicador  3.4.1;1706;55;27;Alagoas;12948;2022;5;Mulheres;1146;30 a 34 anos;12948
Indicador  3.4.1;1706;83;27;Alagoas;12948;2022;5;Mulheres;1147;35 a 39 anos;12948
Indicador  3.4.1;1706;152;27;Alagoas;12948;2022;5;Mulheres;1148;40 a 44 anos;12948
Indicador  3.4.1;1706;214;27;Alagoas;12948;2022;5;Mulheres;1149;45 a 49 anos;12948
Indicador  3.4.1;1706;317;27;Alagoas;12948;2022;5;Mulheres;1150;50 a 54 anos;12948
Indicador  3.4.1;1706;396;27;Alagoas;12948;2022;5;Mulheres;1151;55 a 59 anos;12948
Indicador  3.4.1;1706;543;27;Alagoas;12948;2022;5;Mulheres;1152;60 a 64 anos;12948
Indicador  3.4.1;1706;666;27;Alagoas;12948;2022;5;Mulheres;1153;65 a 69 anos;12948
Indicador  3.4.1;1706;2636;28;Sergipe;12948;2018;6794;Total;56742;30 a 69 anos;12948
Indicador  3.4.1;1706;77;28;Sergipe;12948;2018;6794;Total;1146;30 a 34 anos;12948
Indicador  3.4.1;1706;111;28;Sergipe;12948;2018;6794;Total;1147;35 a 39 anos;12948
Indicador  3.4.1;1706;150;28;Sergipe;12948;2018;6794;Total;1148;40 a 44 anos;12948
Indicador  3.4.1;1706;219;28;Sergipe;12948;2018;6794;Total;1149;45 a 49 anos;12948
Indicador  3.4.1;1706;341;28;Sergipe;12948;2018;6794;Total;1150;50 a 54 anos;12948
Indicador  3.4.1;1706;474;28;Sergipe;12948;2018;6794;Total;1151;55 a 59 anos;12948
Indicador  3.4.1;1706;604;28;Sergipe;12948;2018;6794;Total;1152;60 a 64 anos;12948
Indicador  3.4.1;1706;660;28;Sergipe;12948;2018;6794;Total;1153;65 a 69 anos;12948
Indicador  3.4.1;1706;1372;28;Sergipe;12948;2018;4;Homens;56742;30 a 69 anos;12948
Indicador  3.4.1;1706;34;28;Sergipe;12948;2018;4;Homens;1146;30 a 34 anos;12948
Indicador  3.4.1;1706;56;28;Sergipe;12948;2018;4;Homens;1147;35 a 39 anos;12948
Indicador  3.4.1;1706;75;28;Sergipe;12948;2018;4;Homens;1148;40 a 44 anos;12948
Indicador  3.4.1;1706;108;28;Sergipe;12948;2018;4;Homens;1149;45 a 49 anos;12948
Indicador  3.4.1;1706;175;28;Sergipe;12948;2018;4;Homens;1150;50 a 54 anos;12948
Indicador  3.4.1;1706;249;28;Sergipe;12948;2018;4;Homens;1151;55 a 59 anos;12948
Indicador  3.4.1;1706;305;28;Sergipe;12948;2018;4;Homens;1152;60 a 64 anos;12948
Indicador  3.4.1;1706;370;28;Sergipe;12948;2018;4;Homens;1153;65 a 69 anos;12948
Indicador  3.4.1;1706;1264;28;Sergipe;12948;2018;5;Mulheres;56742;30 a 69 anos;12948
Indicador  3.4.1;1706;43;28;Sergipe;12948;2018;5;Mulheres;1146;30 a 34 anos;12948
Indicador  3.4.1;1706;55;28;Sergipe;12948;2018;5;Mulheres;1147;35 a 39 anos;12948
Indicador  3.4.1;1706;75;28;Sergipe;12948;2018;5;Mulheres;1148;40 a 44 anos;12948
Indicador  3.4.1;1706;111;28;Sergipe;12948;2018;5;Mulheres;1149;45 a 49 anos;12948
Indicador  3.4.1;1706;166;28;Sergipe;12948;2018;5;Mulheres;1150;50 a 54 anos;12948
Indicador  3.4.1;1706;225;28;Sergipe;12948;2018;5;Mulheres;1151;55 a 59 anos;12948
Indicador  3.4.1;1706;299;28;Sergipe;12948;2018;5;Mulheres;1152;60 a 64 anos;12948
Indicador  3.4.1;1706;290;28;Sergipe;12948;2018;5;Mulheres;1153;65 a 69 anos;12948
Indicador  3.4.1;1706;2653;28;Sergipe;12948;2019;6794;Total;56742;30 a 69 anos;12948
Indicador  3.4.1;1706;56;28;Sergipe;12948;2019;6794;Total;1146;30 a 34 anos;12948
Indicador  3.4.1;1706;105;28;Sergipe;12948;2019;6794;Total;1147;35 a 39 anos;12948
Indicador  3.4.1;1706;158;28;Sergipe;12948;2019;6794;Total;1148;40 a 44 anos;12948
Indicador  3.4.1;1706;236;28;Sergipe;12948;2019;6794;Total;1149;45 a 49 anos;12948
Indicador  3.4.1;1706;363;28;Sergipe;12948;2019;6794;Total;1150;50 a 54 anos;12948
Indicador  3.4.1;1706;427;28;Sergipe;12948;2019;6794;Total;1151;55 a 59 anos;12948
Indicador  3.4.1;1706;581;28;Sergipe;12948;2019;6794;Total;1152;60 a 64 anos;12948
Indicador  3.4.1;1706;727;28;Sergipe;12948;2019;6794;Total;1153;65 a 69 anos;12948
Indicador  3.4.1;1706;1399;28;Sergipe;12948;2019;4;Homens;56742;30 a 69 anos;12948
Indicador  3.4.1;1706;18;28;Sergipe;12948;2019;4;Homens;1146;30 a 34 anos;12948
Indicador  3.4.1;1706;54;28;Sergipe;12948;2019;4;Homens;1147;35 a 39 anos;12948
Indicador  3.4.1;1706;77;28;Sergipe;12948;2019;4;Homens;1148;40 a 44 anos;12948
Indicador  3.4.1;1706;122;28;Sergipe;12948;2019;4;Homens;1149;45 a 49 anos;12948
Indicador  3.4.1;1706;182;28;Sergipe;12948;2019;4;Homens;1150;50 a 54 anos;12948
Indicador  3.4.1;1706;241;28;Sergipe;12948;2019;4;Homens;1151;55 a 59 anos;12948
Indicador  3.4.1;1706;313;28;Sergipe;12948;2019;4;Homens;1152;60 a 64 anos;12948
Indicador  3.4.1;1706;392;28;Sergipe;12948;2019;4;Homens;1153;65 a 69 anos;12948
Indicador  3.4.1;1706;1254;28;Sergipe;12948;2019;5;Mulheres;56742;30 a 69 anos;12948
Indicador  3.4.1;1706;38;28;Sergipe;12948;2019;5;Mulheres;1146;30 a 34 anos;12948
Indicador  3.4.1;1706;51;28;Sergipe;12948;2019;5;Mulheres;1147;35 a 39 anos;12948
Indicador  3.4.1;1706;81;28;Sergipe;12948;2019;5;Mulheres;1148;40 a 44 anos;12948
Indicador  3.4.1;1706;114;28;Sergipe;12948;2019;5;Mulheres;1149;45 a 49 anos;12948
Indicador  3.4.1;1706;181;28;Sergipe;12948;2019;5;Mulheres;1150;50 a 54 anos;12948
Indicador  3.4.1;1706;186;28;Sergipe;12948;2019;5;Mulheres;1151;55 a 59 anos;12948
Indicador  3.4.1;1706;268;28;Sergipe;12948;2019;5;Mulheres;1152;60 a 64 anos;12948
Indicador  3.4.1;1706;335;28;Sergipe;12948;2019;5;Mulheres;1153;65 a 69 anos;12948
Indicador  3.4.1;1706;2765;28;Sergipe;12948;2020;6794;Total;56742;30 a 69 anos;12948
Indicador  3.4.1;1706;47;28;Sergipe;12948;2020;6794;Total;1146;30 a 34 anos;12948
Indicador  3.4.1;1706;85;28;Sergipe;12948;2020;6794;Total;1147;35 a 39 anos;12948
Indicador  3.4.1;1706;146;28;Sergipe;12948;2020;6794;Total;1148;40 a 44 anos;12948
Indicador  3.4.1;1706;243;28;Sergipe;12948;2020;6794;Total;1149;45 a 49 anos;12948
Indicador  3.4.1;1706;380;28;Sergipe;12948;2020;6794;Total;1150;50 a 54 anos;12948
Indicador  3.4.1;1706;528;28;Sergipe;12948;2020;6794;Total;1151;55 a 59 anos;12948
Indicador  3.4.1;1706;634;28;Sergipe;12948;2020;6794;Total;1152;60 a 64 anos;12948
Indicador  3.4.1;1706;702;28;Sergipe;12948;2020;6794;Total;1153;65 a 69 anos;12948
Indicador  3.4.1;1706;1489;28;Sergipe;12948;2020;4;Homens;56742;30 a 69 anos;12948
Indicador  3.4.1;1706;28;28;Sergipe;12948;2020;4;Homens;1146;30 a 34 anos;12948
Indicador  3.4.1;1706;42;28;Sergipe;12948;2020;4;Homens;1147;35 a 39 anos;12948
Indicador  3.4.1;1706;64;28;Sergipe;12948;2020;4;Homens;1148;40 a 44 anos;12948
Indicador  3.4.1;1706;123;28;Sergipe;12948;2020;4;Homens;1149;45 a 49 anos;12948
Indicador  3.4.1;1706;199;28;Sergipe;12948;2020;4;Homens;1150;50 a 54 anos;12948
Indicador  3.4.1;1706;293;28;Sergipe;12948;2020;4;Homens;1151;55 a 59 anos;12948
Indicador  3.4.1;1706;346;28;Sergipe;12948;2020;4;Homens;1152;60 a 64 anos;12948
Indicador  3.4.1;1706;394;28;Sergipe;12948;2020;4;Homens;1153;65 a 69 anos;12948
Indicador  3.4.1;1706;1276;28;Sergipe;12948;2020;5;Mulheres;56742;30 a 69 anos;12948
Indicador  3.4.1;1706;19;28;Sergipe;12948;2020;5;Mulheres;1146;30 a 34 anos;12948
Indicador  3.4.1;1706;43;28;Sergipe;12948;2020;5;Mulheres;1147;35 a 39 anos;12948
Indicador  3.4.1;1706;82;28;Sergipe;12948;2020;5;Mulheres;1148;40 a 44 anos;12948
Indicador  3.4.1;1706;120;28;Sergipe;12948;2020;5;Mulheres;1149;45 a 49 anos;12948
Indicador  3.4.1;1706;181;28;Sergipe;12948;2020;5;Mulheres;1150;50 a 54 anos;12948
Indicador  3.4.1;1706;235;28;Sergipe;12948;2020;5;Mulheres;1151;55 a 59 anos;12948
Indicador  3.4.1;1706;288;28;Sergipe;12948;2020;5;Mulheres;1152;60 a 64 anos;12948
Indicador  3.4.1;1706;308;28;Sergipe;12948;2020;5;Mulheres;1153;65 a 69 anos;12948
Indicador  3.4.1;1706;2708;28;Sergipe;12948;2021;6794;Total;56742;30 a 69 anos;12948
Indicador  3.4.1;1706;44;28;Sergipe;12948;2021;6794;Total;1146;30 a 34 anos;12948
Indicador  3.4.1;1706;89;28;Sergipe;12948;2021;6794;Total;1147;35 a 39 anos;12948
Indicador  3.4.1;1706;171;28;Sergipe;12948;2021;6794;Total;1148;40 a 44 anos;12948
Indicador  3.4.1;1706;257;28;Sergipe;12948;2021;6794;Total;1149;45 a 49 anos;12948
Indicador  3.4.1;1706;342;28;Sergipe;12948;2021;6794;Total;1150;50 a 54 anos;12948
Indicador  3.4.1;1706;499;28;Sergipe;12948;2021;6794;Total;1151;55 a 59 anos;12948
Indicador  3.4.1;1706;608;28;Sergipe;12948;2021;6794;Total;1152;60 a 64 anos;12948
Indicador  3.4.1;1706;698;28;Sergipe;12948;2021;6794;Total;1153;65 a 69 anos;12948
Indicador  3.4.1;1706;1468;28;Sergipe;12948;2021;4;Homens;56742;30 a 69 anos;12948
Indicador  3.4.1;1706;16;28;Sergipe;12948;2021;4;Homens;1146;30 a 34 anos;12948
Indicador  3.4.1;1706;35;28;Sergipe;12948;2021;4;Homens;1147;35 a 39 anos;12948
Indicador  3.4.1;1706;94;28;Sergipe;12948;2021;4;Homens;1148;40 a 44 anos;12948
Indicador  3.4.1;1706;136;28;Sergipe;12948;2021;4;Homens;1149;45 a 49 anos;12948
Indicador  3.4.1;1706;185;28;Sergipe;12948;2021;4;Homens;1150;50 a 54 anos;12948
Indicador  3.4.1;1706;268;28;Sergipe;12948;2021;4;Homens;1151;55 a 59 anos;12948
Indicador  3.4.1;1706;343;28;Sergipe;12948;2021;4;Homens;1152;60 a 64 anos;12948
Indicador  3.4.1;1706;391;28;Sergipe;12948;2021;4;Homens;1153;65 a 69 anos;12948
Indicador  3.4.1;1706;1240;28;Sergipe;12948;2021;5;Mulheres;56742;30 a 69 anos;12948
Indicador  3.4.1;1706;28;28;Sergipe;12948;2021;5;Mulheres;1146;30 a 34 anos;12948
Indicador  3.4.1;1706;54;28;Sergipe;12948;2021;5;Mulheres;1147;35 a 39 anos;12948
Indicador  3.4.1;1706;77;28;Sergipe;12948;2021;5;Mulheres;1148;40 a 44 anos;12948
Indicador  3.4.1;1706;121;28;Sergipe;12948;2021;5;Mulheres;1149;45 a 49 anos;12948
Indicador  3.4.1;1706;157;28;Sergipe;12948;2021;5;Mulheres;1150;50 a 54 anos;12948
Indicador  3.4.1;1706;231;28;Sergipe;12948;2021;5;Mulheres;1151;55 a 59 anos;12948
Indicador  3.4.1;1706;265;28;Sergipe;12948;2021;5;Mulheres;1152;60 a 64 anos;12948
Indicador  3.4.1;1706;307;28;Sergipe;12948;2021;5;Mulheres;1153;65 a 69 anos;12948
Indicador  3.4.1;1706;2828;28;Sergipe;12948;2022;6794;Total;56742;30 a 69 anos;12948
Indicador  3.4.1;1706;66;28;Sergipe;12948;2022;6794;Total;1146;30 a 34 anos;12948
Indicador  3.4.1;1706;107;28;Sergipe;12948;2022;6794;Total;1147;35 a 39 anos;12948
Indicador  3.4.1;1706;172;28;Sergipe;12948;2022;6794;Total;1148;40 a 44 anos;12948
Indicador  3.4.1;1706;246;28;Sergipe;12948;2022;6794;Total;1149;45 a 49 anos;12948
Indicador  3.4.1;1706;349;28;Sergipe;12948;2022;6794;Total;1150;50 a 54 anos;12948
Indicador  3.4.1;1706;497;28;Sergipe;12948;2022;6794;Total;1151;55 a 59 anos;12948
Indicador  3.4.1;1706;640;28;Sergipe;12948;2022;6794;Total;1152;60 a 64 anos;12948
Indicador  3.4.1;1706;751;28;Sergipe;12948;2022;6794;Total;1153;65 a 69 anos;12948
Indicador  3.4.1;1706;1550;28;Sergipe;12948;2022;4;Homens;56742;30 a 69 anos;12948
Indicador  3.4.1;1706;40;28;Sergipe;12948;2022;4;Homens;1146;30 a 34 anos;12948
Indicador  3.4.1;1706;37;28;Sergipe;12948;2022;4;Homens;1147;35 a 39 anos;12948
Indicador  3.4.1;1706;85;28;Sergipe;12948;2022;4;Homens;1148;40 a 44 anos;12948
Indicador  3.4.1;1706;109;28;Sergipe;12948;2022;4;Homens;1149;45 a 49 anos;12948
Indicador  3.4.1;1706;191;28;Sergipe;12948;2022;4;Homens;1150;50 a 54 anos;12948
Indicador  3.4.1;1706;269;28;Sergipe;12948;2022;4;Homens;1151;55 a 59 anos;12948
Indicador  3.4.1;1706;381;28;Sergipe;12948;2022;4;Homens;1152;60 a 64 anos;12948
Indicador  3.4.1;1706;438;28;Sergipe;12948;2022;4;Homens;1153;65 a 69 anos;12948
Indicador  3.4.1;1706;1278;28;Sergipe;12948;2022;5;Mulheres;56742;30 a 69 anos;12948
Indicador  3.4.1;1706;26;28;Sergipe;12948;2022;5;Mulheres;1146;30 a 34 anos;12948
Indicador  3.4.1;1706;70;28;Sergipe;12948;2022;5;Mulheres;1147;35 a 39 anos;12948
Indicador  3.4.1;1706;87;28;Sergipe;12948;2022;5;Mulheres;1148;40 a 44 anos;12948
Indicador  3.4.1;1706;137;28;Sergipe;12948;2022;5;Mulheres;1149;45 a 49 anos;12948
Indicador  3.4.1;1706;158;28;Sergipe;12948;2022;5;Mulheres;1150;50 a 54 anos;12948
Indicador  3.4.1;1706;228;28;Sergipe;12948;2022;5;Mulheres;1151;55 a 59 anos;12948
Indicador  3.4.1;1706;259;28;Sergipe;12948;2022;5;Mulheres;1152;60 a 64 anos;12948
Indicador  3.4.1;1706;313;28;Sergipe;12948;2022;5;Mulheres;1153;65 a 69 anos;12948
Indicador  3.4.1;1706;18277;29;Bahia;12948;2018;6794;Total;56742;30 a 69 anos;12948
Indicador  3.4.1;1706;441;29;Bahia;12948;2018;6794;Total;1146;30 a 34 anos;12948
Indicador  3.4.1;1706;729;29;Bahia;12948;2018;6794;Total;1147;35 a 39 anos;12948
Indicador  3.4.1;1706;1166;29;Bahia;12948;2018;6794;Total;1148;40 a 44 anos;12948
Indicador  3.4.1;1706;1621;29;Bahia;12948;2018;6794;Total;1149;45 a 49 anos;12948
Indicador  3.4.1;1706;2401;29;Bahia;12948;2018;6794;Total;1150;50 a 54 anos;12948
Indicador  3.4.1;1706;3141;29;Bahia;12948;2018;6794;Total;1151;55 a 59 anos;12948
Indicador  3.4.1;1706;3956;29;Bahia;12948;2018;6794;Total;1152;60 a 64 anos;12948
Indicador  3.4.1;1706;4822;29;Bahia;12948;2018;6794;Total;1153;65 a 69 anos;12948
Indicador  3.4.1;1706;9938;29;Bahia;12948;2018;4;Homens;56742;30 a 69 anos;12948
Indicador  3.4.1;1706;229;29;Bahia;12948;2018;4;Homens;1146;30 a 34 anos;12948
Indicador  3.4.1;1706;319;29;Bahia;12948;2018;4;Homens;1147;35 a 39 anos;12948
Indicador  3.4.1;1706;568;29;Bahia;12948;2018;4;Homens;1148;40 a 44 anos;12948
Indicador  3.4.1;1706;811;29;Bahia;12948;2018;4;Homens;1149;45 a 49 anos;12948
Indicador  3.4.1;1706;1342;29;Bahia;12948;2018;4;Homens;1150;50 a 54 anos;12948
Indicador  3.4.1;1706;1766;29;Bahia;12948;2018;4;Homens;1151;55 a 59 anos;12948
Indicador  3.4.1;1706;2196;29;Bahia;12948;2018;4;Homens;1152;60 a 64 anos;12948
Indicador  3.4.1;1706;2707;29;Bahia;12948;2018;4;Homens;1153;65 a 69 anos;12948
Indicador  3.4.1;1706;8335;29;Bahia;12948;2018;5;Mulheres;56742;30 a 69 anos;12948
Indicador  3.4.1;1706;211;29;Bahia;12948;2018;5;Mulheres;1146;30 a 34 anos;12948
Indicador  3.4.1;1706;410;29;Bahia;12948;2018;5;Mulheres;1147;35 a 39 anos;12948
Indicador  3.4.1;1706;598;29;Bahia;12948;2018;5;Mulheres;1148;40 a 44 anos;12948
Indicador  3.4.1;1706;810;29;Bahia;12948;2018;5;Mulheres;1149;45 a 49 anos;12948
Indicador  3.4.1;1706;1059;29;Bahia;12948;2018;5;Mulheres;1150;50 a 54 anos;12948
Indicador  3.4.1;1706;1373;29;Bahia;12948;2018;5;Mulheres;1151;55 a 59 anos;12948
Indicador  3.4.1;1706;1760;29;Bahia;12948;2018;5;Mulheres;1152;60 a 64 anos;12948
Indicador  3.4.1;1706;2114;29;Bahia;12948;2018;5;Mulheres;1153;65 a 69 anos;12948
Indicador  3.4.1;1706;18229;29;Bahia;12948;2019;6794;Total;56742;30 a 69 anos;12948
Indicador  3.4.1;1706;401;29;Bahia;12948;2019;6794;Total;1146;30 a 34 anos;12948
Indicador  3.4.1;1706;694;29;Bahia;12948;2019;6794;Total;1147;35 a 39 anos;12948
Indicador  3.4.1;1706;1110;29;Bahia;12948;2019;6794;Total;1148;40 a 44 anos;12948
Indicador  3.4.1;1706;1505;29;Bahia;12948;2019;6794;Total;1149;45 a 49 anos;12948
Indicador  3.4.1;1706;2359;29;Bahia;12948;2019;6794;Total;1150;50 a 54 anos;12948
Indicador  3.4.1;1706;3211;29;Bahia;12948;2019;6794;Total;1151;55 a 59 anos;12948
Indicador  3.4.1;1706;4184;29;Bahia;12948;2019;6794;Total;1152;60 a 64 anos;12948
Indicador  3.4.1;1706;4765;29;Bahia;12948;2019;6794;Total;1153;65 a 69 anos;12948
Indicador  3.4.1;1706;9944;29;Bahia;12948;2019;4;Homens;56742;30 a 69 anos;12948
Indicador  3.4.1;1706;205;29;Bahia;12948;2019;4;Homens;1146;30 a 34 anos;12948
Indicador  3.4.1;1706;332;29;Bahia;12948;2019;4;Homens;1147;35 a 39 anos;12948
Indicador  3.4.1;1706;509;29;Bahia;12948;2019;4;Homens;1148;40 a 44 anos;12948
Indicador  3.4.1;1706;805;29;Bahia;12948;2019;4;Homens;1149;45 a 49 anos;12948
Indicador  3.4.1;1706;1248;29;Bahia;12948;2019;4;Homens;1150;50 a 54 anos;12948
Indicador  3.4.1;1706;1838;29;Bahia;12948;2019;4;Homens;1151;55 a 59 anos;12948
Indicador  3.4.1;1706;2374;29;Bahia;12948;2019;4;Homens;1152;60 a 64 anos;12948
Indicador  3.4.1;1706;2633;29;Bahia;12948;2019;4;Homens;1153;65 a 69 anos;12948
Indicador  3.4.1;1706;8284;29;Bahia;12948;2019;5;Mulheres;56742;30 a 69 anos;12948
Indicador  3.4.1;1706;196;29;Bahia;12948;2019;5;Mulheres;1146;30 a 34 anos;12948
Indicador  3.4.1;1706;362;29;Bahia;12948;2019;5;Mulheres;1147;35 a 39 anos;12948
Indicador  3.4.1;1706;601;29;Bahia;12948;2019;5;Mulheres;1148;40 a 44 anos;12948
Indicador  3.4.1;1706;700;29;Bahia;12948;2019;5;Mulheres;1149;45 a 49 anos;12948
Indicador  3.4.1;1706;1111;29;Bahia;12948;2019;5;Mulheres;1150;50 a 54 anos;12948
Indicador  3.4.1;1706;1373;29;Bahia;12948;2019;5;Mulheres;1151;55 a 59 anos;12948
Indicador  3.4.1;1706;1809;29;Bahia;12948;2019;5;Mulheres;1152;60 a 64 anos;12948
Indicador  3.4.1;1706;2132;29;Bahia;12948;2019;5;Mulheres;1153;65 a 69 anos;12948
Indicador  3.4.1;1706;19182;29;Bahia;12948;2020;6794;Total;56742;30 a 69 anos;12948
Indicador  3.4.1;1706;430;29;Bahia;12948;2020;6794;Total;1146;30 a 34 anos;12948
Indicador  3.4.1;1706;762;29;Bahia;12948;2020;6794;Total;1147;35 a 39 anos;12948
Indicador  3.4.1;1706;1194;29;Bahia;12948;2020;6794;Total;1148;40 a 44 anos;12948
Indicador  3.4.1;1706;1674;29;Bahia;12948;2020;6794;Total;1149;45 a 49 anos;12948
Indicador  3.4.1;1706;2376;29;Bahia;12948;2020;6794;Total;1150;50 a 54 anos;12948
Indicador  3.4.1;1706;3344;29;Bahia;12948;2020;6794;Total;1151;55 a 59 anos;12948
Indicador  3.4.1;1706;4367;29;Bahia;12948;2020;6794;Total;1152;60 a 64 anos;12948
Indicador  3.4.1;1706;5035;29;Bahia;12948;2020;6794;Total;1153;65 a 69 anos;12948
Indicador  3.4.1;1706;10520;29;Bahia;12948;2020;4;Homens;56742;30 a 69 anos;12948
Indicador  3.4.1;1706;203;29;Bahia;12948;2020;4;Homens;1146;30 a 34 anos;12948
Indicador  3.4.1;1706;371;29;Bahia;12948;2020;4;Homens;1147;35 a 39 anos;12948
Indicador  3.4.1;1706;581;29;Bahia;12948;2020;4;Homens;1148;40 a 44 anos;12948
Indicador  3.4.1;1706;863;29;Bahia;12948;2020;4;Homens;1149;45 a 49 anos;12948
Indicador  3.4.1;1706;1262;29;Bahia;12948;2020;4;Homens;1150;50 a 54 anos;12948
Indicador  3.4.1;1706;1868;29;Bahia;12948;2020;4;Homens;1151;55 a 59 anos;12948
Indicador  3.4.1;1706;2500;29;Bahia;12948;2020;4;Homens;1152;60 a 64 anos;12948
Indicador  3.4.1;1706;2872;29;Bahia;12948;2020;4;Homens;1153;65 a 69 anos;12948
Indicador  3.4.1;1706;8662;29;Bahia;12948;2020;5;Mulheres;56742;30 a 69 anos;12948
Indicador  3.4.1;1706;227;29;Bahia;12948;2020;5;Mulheres;1146;30 a 34 anos;12948
Indicador  3.4.1;1706;391;29;Bahia;12948;2020;5;Mulheres;1147;35 a 39 anos;12948
Indicador  3.4.1;1706;613;29;Bahia;12948;2020;5;Mulheres;1148;40 a 44 anos;12948
Indicador  3.4.1;1706;811;29;Bahia;12948;2020;5;Mulheres;1149;45 a 49 anos;12948
Indicador  3.4.1;1706;1114;29;Bahia;12948;2020;5;Mulheres;1150;50 a 54 anos;12948
Indicador  3.4.1;1706;1476;29;Bahia;12948;2020;5;Mulheres;1151;55 a 59 anos;12948
Indicador  3.4.1;1706;1867;29;Bahia;12948;2020;5;Mulheres;1152;60 a 64 anos;12948
Indicador  3.4.1;1706;2163;29;Bahia;12948;2020;5;Mulheres;1153;65 a 69 anos;12948
Indicador  3.4.1;1706;19434;29;Bahia;12948;2021;6794;Total;56742;30 a 69 anos;12948
Indicador  3.4.1;1706;384;29;Bahia;12948;2021;6794;Total;1146;30 a 34 anos;12948
Indicador  3.4.1;1706;676;29;Bahia;12948;2021;6794;Total;1147;35 a 39 anos;12948
Indicador  3.4.1;1706;1283;29;Bahia;12948;2021;6794;Total;1148;40 a 44 anos;12948
Indicador  3.4.1;1706;1713;29;Bahia;12948;2021;6794;Total;1149;45 a 49 anos;12948
Indicador  3.4.1;1706;2553;29;Bahia;12948;2021;6794;Total;1150;50 a 54 anos;12948
Indicador  3.4.1;1706;3366;29;Bahia;12948;2021;6794;Total;1151;55 a 59 anos;12948
Indicador  3.4.1;1706;4426;29;Bahia;12948;2021;6794;Total;1152;60 a 64 anos;12948
Indicador  3.4.1;1706;5033;29;Bahia;12948;2021;6794;Total;1153;65 a 69 anos;12948
Indicador  3.4.1;1706;10602;29;Bahia;12948;2021;4;Homens;56742;30 a 69 anos;12948
Indicador  3.4.1;1706;181;29;Bahia;12948;2021;4;Homens;1146;30 a 34 anos;12948
Indicador  3.4.1;1706;326;29;Bahia;12948;2021;4;Homens;1147;35 a 39 anos;12948
Indicador  3.4.1;1706;642;29;Bahia;12948;2021;4;Homens;1148;40 a 44 anos;12948
Indicador  3.4.1;1706;879;29;Bahia;12948;2021;4;Homens;1149;45 a 49 anos;12948
Indicador  3.4.1;1706;1377;29;Bahia;12948;2021;4;Homens;1150;50 a 54 anos;12948
Indicador  3.4.1;1706;1881;29;Bahia;12948;2021;4;Homens;1151;55 a 59 anos;12948
Indicador  3.4.1;1706;2484;29;Bahia;12948;2021;4;Homens;1152;60 a 64 anos;12948
Indicador  3.4.1;1706;2832;29;Bahia;12948;2021;4;Homens;1153;65 a 69 anos;12948
Indicador  3.4.1;1706;8831;29;Bahia;12948;2021;5;Mulheres;56742;30 a 69 anos;12948
Indicador  3.4.1;1706;203;29;Bahia;12948;2021;5;Mulheres;1146;30 a 34 anos;12948
Indicador  3.4.1;1706;350;29;Bahia;12948;2021;5;Mulheres;1147;35 a 39 anos;12948
Indicador  3.4.1;1706;641;29;Bahia;12948;2021;5;Mulheres;1148;40 a 44 anos;12948
Indicador  3.4.1;1706;834;29;Bahia;12948;2021;5;Mulheres;1149;45 a 49 anos;12948
Indicador  3.4.1;1706;1176;29;Bahia;12948;2021;5;Mulheres;1150;50 a 54 anos;12948
Indicador  3.4.1;1706;1485;29;Bahia;12948;2021;5;Mulheres;1151;55 a 59 anos;12948
Indicador  3.4.1;1706;1941;29;Bahia;12948;2021;5;Mulheres;1152;60 a 64 anos;12948
Indicador  3.4.1;1706;2201;29;Bahia;12948;2021;5;Mulheres;1153;65 a 69 anos;12948
Indicador  3.4.1;1706;20045;29;Bahia;12948;2022;6794;Total;56742;30 a 69 anos;12948
Indicador  3.4.1;1706;419;29;Bahia;12948;2022;6794;Total;1146;30 a 34 anos;12948
Indicador  3.4.1;1706;725;29;Bahia;12948;2022;6794;Total;1147;35 a 39 anos;12948
Indicador  3.4.1;1706;1287;29;Bahia;12948;2022;6794;Total;1148;40 a 44 anos;12948
Indicador  3.4.1;1706;1792;29;Bahia;12948;2022;6794;Total;1149;45 a 49 anos;12948
Indicador  3.4.1;1706;2462;29;Bahia;12948;2022;6794;Total;1150;50 a 54 anos;12948
Indicador  3.4.1;1706;3490;29;Bahia;12948;2022;6794;Total;1151;55 a 59 anos;12948
Indicador  3.4.1;1706;4562;29;Bahia;12948;2022;6794;Total;1152;60 a 64 anos;12948
Indicador  3.4.1;1706;5308;29;Bahia;12948;2022;6794;Total;1153;65 a 69 anos;12948
Indicador  3.4.1;1706;11125;29;Bahia;12948;2022;4;Homens;56742;30 a 69 anos;12948
Indicador  3.4.1;1706;227;29;Bahia;12948;2022;4;Homens;1146;30 a 34 anos;12948
Indicador  3.4.1;1706;318;29;Bahia;12948;2022;4;Homens;1147;35 a 39 anos;12948
Indicador  3.4.1;1706;672;29;Bahia;12948;2022;4;Homens;1148;40 a 44 anos;12948
Indicador  3.4.1;1706;932;29;Bahia;12948;2022;4;Homens;1149;45 a 49 anos;12948
Indicador  3.4.1;1706;1383;29;Bahia;12948;2022;4;Homens;1150;50 a 54 anos;12948
Indicador  3.4.1;1706;1946;29;Bahia;12948;2022;4;Homens;1151;55 a 59 anos;12948
Indicador  3.4.1;1706;2638;29;Bahia;12948;2022;4;Homens;1152;60 a 64 anos;12948
Indicador  3.4.1;1706;3009;29;Bahia;12948;2022;4;Homens;1153;65 a 69 anos;12948
Indicador  3.4.1;1706;8919;29;Bahia;12948;2022;5;Mulheres;56742;30 a 69 anos;12948
Indicador  3.4.1;1706;192;29;Bahia;12948;2022;5;Mulheres;1146;30 a 34 anos;12948
Indicador  3.4.1;1706;407;29;Bahia;12948;2022;5;Mulheres;1147;35 a 39 anos;12948
Indicador  3.4.1;1706;615;29;Bahia;12948;2022;5;Mulheres;1148;40 a 44 anos;12948
Indicador  3.4.1;1706;860;29;Bahia;12948;2022;5;Mulheres;1149;45 a 49 anos;12948
Indicador  3.4.1;1706;1079;29;Bahia;12948;2022;5;Mulheres;1150;50 a 54 anos;12948
Indicador  3.4.1;1706;1544;29;Bahia;12948;2022;5;Mulheres;1151;55 a 59 anos;12948
Indicador  3.4.1;1706;1923;29;Bahia;12948;2022;5;Mulheres;1152;60 a 64 anos;12948
Indicador  3.4.1;1706;2299;29;Bahia;12948;2022;5;Mulheres;1153;65 a 69 anos;12948
Indicador  3.4.1;1706;29519;31;Minas Gerais;12948;2018;6794;Total;56742;30 a 69 anos;12948
Indicador  3.4.1;1706;501;31;Minas Gerais;12948;2018;6794;Total;1146;30 a 34 anos;12948
Indicador  3.4.1;1706;873;31;Minas Gerais;12948;2018;6794;Total;1147;35 a 39 anos;12948
Indicador  3.4.1;1706;1426;31;Minas Gerais;12948;2018;6794;Total;1148;40 a 44 anos;12948
Indicador  3.4.1;1706;2354;31;Minas Gerais;12948;2018;6794;Total;1149;45 a 49 anos;12948
Indicador  3.4.1;1706;3760;31;Minas Gerais;12948;2018;6794;Total;1150;50 a 54 anos;12948
Indicador  3.4.1;1706;5377;31;Minas Gerais;12948;2018;6794;Total;1151;55 a 59 anos;12948
Indicador  3.4.1;1706;7227;31;Minas Gerais;12948;2018;6794;Total;1152;60 a 64 anos;12948
Indicador  3.4.1;1706;8001;31;Minas Gerais;12948;2018;6794;Total;1153;65 a 69 anos;12948
Indicador  3.4.1;1706;16974;31;Minas Gerais;12948;2018;4;Homens;56742;30 a 69 anos;12948
Indicador  3.4.1;1706;251;31;Minas Gerais;12948;2018;4;Homens;1146;30 a 34 anos;12948
Indicador  3.4.1;1706;457;31;Minas Gerais;12948;2018;4;Homens;1147;35 a 39 anos;12948
Indicador  3.4.1;1706;753;31;Minas Gerais;12948;2018;4;Homens;1148;40 a 44 anos;12948
Indicador  3.4.1;1706;1300;31;Minas Gerais;12948;2018;4;Homens;1149;45 a 49 anos;12948
Indicador  3.4.1;1706;2136;31;Minas Gerais;12948;2018;4;Homens;1150;50 a 54 anos;12948
Indicador  3.4.1;1706;3130;31;Minas Gerais;12948;2018;4;Homens;1151;55 a 59 anos;12948
Indicador  3.4.1;1706;4304;31;Minas Gerais;12948;2018;4;Homens;1152;60 a 64 anos;12948
Indicador  3.4.1;1706;4643;31;Minas Gerais;12948;2018;4;Homens;1153;65 a 69 anos;12948
Indicador  3.4.1;1706;12544;31;Minas Gerais;12948;2018;5;Mulheres;56742;30 a 69 anos;12948
Indicador  3.4.1;1706;250;31;Minas Gerais;12948;2018;5;Mulheres;1146;30 a 34 anos;12948
Indicador  3.4.1;1706;416;31;Minas Gerais;12948;2018;5;Mulheres;1147;35 a 39 anos;12948
Indicador  3.4.1;1706;672;31;Minas Gerais;12948;2018;5;Mulheres;1148;40 a 44 anos;12948
Indicador  3.4.1;1706;1054;31;Minas Gerais;12948;2018;5;Mulheres;1149;45 a 49 anos;12948
Indicador  3.4.1;1706;1624;31;Minas Gerais;12948;2018;5;Mulheres;1150;50 a 54 anos;12948
Indicador  3.4.1;1706;2247;31;Minas Gerais;12948;2018;5;Mulheres;1151;55 a 59 anos;12948
Indicador  3.4.1;1706;2923;31;Minas Gerais;12948;2018;5;Mulheres;1152;60 a 64 anos;12948
Indicador  3.4.1;1706;3358;31;Minas Gerais;12948;2018;5;Mulheres;1153;65 a 69 anos;12948
Indicador  3.4.1;1706;30335;31;Minas Gerais;12948;2019;6794;Total;56742;30 a 69 anos;12948
Indicador  3.4.1;1706;501;31;Minas Gerais;12948;2019;6794;Total;1146;30 a 34 anos;12948
Indicador  3.4.1;1706;956;31;Minas Gerais;12948;2019;6794;Total;1147;35 a 39 anos;12948
Indicador  3.4.1;1706;1457;31;Minas Gerais;12948;2019;6794;Total;1148;40 a 44 anos;12948
Indicador  3.4.1;1706;2348;31;Minas Gerais;12948;2019;6794;Total;1149;45 a 49 anos;12948
Indicador  3.4.1;1706;3821;31;Minas Gerais;12948;2019;6794;Total;1150;50 a 54 anos;12948
Indicador  3.4.1;1706;5477;31;Minas Gerais;12948;2019;6794;Total;1151;55 a 59 anos;12948
Indicador  3.4.1;1706;7260;31;Minas Gerais;12948;2019;6794;Total;1152;60 a 64 anos;12948
Indicador  3.4.1;1706;8515;31;Minas Gerais;12948;2019;6794;Total;1153;65 a 69 anos;12948
Indicador  3.4.1;1706;17188;31;Minas Gerais;12948;2019;4;Homens;56742;30 a 69 anos;12948
Indicador  3.4.1;1706;257;31;Minas Gerais;12948;2019;4;Homens;1146;30 a 34 anos;12948
Indicador  3.4.1;1706;477;31;Minas Gerais;12948;2019;4;Homens;1147;35 a 39 anos;12948
Indicador  3.4.1;1706;779;31;Minas Gerais;12948;2019;4;Homens;1148;40 a 44 anos;12948
Indicador  3.4.1;1706;1232;31;Minas Gerais;12948;2019;4;Homens;1149;45 a 49 anos;12948
Indicador  3.4.1;1706;2188;31;Minas Gerais;12948;2019;4;Homens;1150;50 a 54 anos;12948
Indicador  3.4.1;1706;3114;31;Minas Gerais;12948;2019;4;Homens;1151;55 a 59 anos;12948
Indicador  3.4.1;1706;4141;31;Minas Gerais;12948;2019;4;Homens;1152;60 a 64 anos;12948
Indicador  3.4.1;1706;5000;31;Minas Gerais;12948;2019;4;Homens;1153;65 a 69 anos;12948
Indicador  3.4.1;1706;13147;31;Minas Gerais;12948;2019;5;Mulheres;56742;30 a 69 anos;12948
Indicador  3.4.1;1706;244;31;Minas Gerais;12948;2019;5;Mulheres;1146;30 a 34 anos;12948
Indicador  3.4.1;1706;479;31;Minas Gerais;12948;2019;5;Mulheres;1147;35 a 39 anos;12948
Indicador  3.4.1;1706;678;31;Minas Gerais;12948;2019;5;Mulheres;1148;40 a 44 anos;12948
Indicador  3.4.1;1706;1116;31;Minas Gerais;12948;2019;5;Mulheres;1149;45 a 49 anos;12948
Indicador  3.4.1;1706;1633;31;Minas Gerais;12948;2019;5;Mulheres;1150;50 a 54 anos;12948
Indicador  3.4.1;1706;2363;31;Minas Gerais;12948;2019;5;Mulheres;1151;55 a 59 anos;12948
Indicador  3.4.1;1706;3119;31;Minas Gerais;12948;2019;5;Mulheres;1152;60 a 64 anos;12948
Indicador  3.4.1;1706;3515;31;Minas Gerais;12948;2019;5;Mulheres;1153;65 a 69 anos;12948
Indicador  3.4.1;1706;30657;31;Minas Gerais;12948;2020;6794;Total;56742;30 a 69 anos;12948
Indicador  3.4.1;1706;537;31;Minas Gerais;12948;2020;6794;Total;1146;30 a 34 anos;12948
Indicador  3.4.1;1706;1005;31;Minas Gerais;12948;2020;6794;Total;1147;35 a 39 anos;12948
Indicador  3.4.1;1706;1487;31;Minas Gerais;12948;2020;6794;Total;1148;40 a 44 anos;12948
Indicador  3.4.1;1706;2393;31;Minas Gerais;12948;2020;6794;Total;1149;45 a 49 anos;12948
Indicador  3.4.1;1706;3756;31;Minas Gerais;12948;2020;6794;Total;1150;50 a 54 anos;12948
Indicador  3.4.1;1706;5504;31;Minas Gerais;12948;2020;6794;Total;1151;55 a 59 anos;12948
Indicador  3.4.1;1706;7356;31;Minas Gerais;12948;2020;6794;Total;1152;60 a 64 anos;12948
Indicador  3.4.1;1706;8619;31;Minas Gerais;12948;2020;6794;Total;1153;65 a 69 anos;12948
Indicador  3.4.1;1706;17474;31;Minas Gerais;12948;2020;4;Homens;56742;30 a 69 anos;12948
Indicador  3.4.1;1706;265;31;Minas Gerais;12948;2020;4;Homens;1146;30 a 34 anos;12948
Indicador  3.4.1;1706;512;31;Minas Gerais;12948;2020;4;Homens;1147;35 a 39 anos;12948
Indicador  3.4.1;1706;758;31;Minas Gerais;12948;2020;4;Homens;1148;40 a 44 anos;12948
Indicador  3.4.1;1706;1294;31;Minas Gerais;12948;2020;4;Homens;1149;45 a 49 anos;12948
Indicador  3.4.1;1706;2087;31;Minas Gerais;12948;2020;4;Homens;1150;50 a 54 anos;12948
Indicador  3.4.1;1706;3216;31;Minas Gerais;12948;2020;4;Homens;1151;55 a 59 anos;12948
Indicador  3.4.1;1706;4277;31;Minas Gerais;12948;2020;4;Homens;1152;60 a 64 anos;12948
Indicador  3.4.1;1706;5065;31;Minas Gerais;12948;2020;4;Homens;1153;65 a 69 anos;12948
Indicador  3.4.1;1706;13182;31;Minas Gerais;12948;2020;5;Mulheres;56742;30 a 69 anos;12948
Indicador  3.4.1;1706;272;31;Minas Gerais;12948;2020;5;Mulheres;1146;30 a 34 anos;12948
Indicador  3.4.1;1706;493;31;Minas Gerais;12948;2020;5;Mulheres;1147;35 a 39 anos;12948
Indicador  3.4.1;1706;729;31;Minas Gerais;12948;2020;5;Mulheres;1148;40 a 44 anos;12948
Indicador  3.4.1;1706;1099;31;Minas Gerais;12948;2020;5;Mulheres;1149;45 a 49 anos;12948
Indicador  3.4.1;1706;1668;31;Minas Gerais;12948;2020;5;Mulheres;1150;50 a 54 anos;12948
Indicador  3.4.1;1706;2288;31;Minas Gerais;12948;2020;5;Mulheres;1151;55 a 59 anos;12948
Indicador  3.4.1;1706;3079;31;Minas Gerais;12948;2020;5;Mulheres;1152;60 a 64 anos;12948
Indicador  3.4.1;1706;3554;31;Minas Gerais;12948;2020;5;Mulheres;1153;65 a 69 anos;12948
Indicador  3.4.1;1706;31572;31;Minas Gerais;12948;2021;6794;Total;56742;30 a 69 anos;12948
Indicador  3.4.1;1706;516;31;Minas Gerais;12948;2021;6794;Total;1146;30 a 34 anos;12948
Indicador  3.4.1;1706;937;31;Minas Gerais;12948;2021;6794;Total;1147;35 a 39 anos;12948
Indicador  3.4.1;1706;1613;31;Minas Gerais;12948;2021;6794;Total;1148;40 a 44 anos;12948
Indicador  3.4.1;1706;2491;31;Minas Gerais;12948;2021;6794;Total;1149;45 a 49 anos;12948
Indicador  3.4.1;1706;3708;31;Minas Gerais;12948;2021;6794;Total;1150;50 a 54 anos;12948
Indicador  3.4.1;1706;5603;31;Minas Gerais;12948;2021;6794;Total;1151;55 a 59 anos;12948
Indicador  3.4.1;1706;7701;31;Minas Gerais;12948;2021;6794;Total;1152;60 a 64 anos;12948
Indicador  3.4.1;1706;9003;31;Minas Gerais;12948;2021;6794;Total;1153;65 a 69 anos;12948
Indicador  3.4.1;1706;18091;31;Minas Gerais;12948;2021;4;Homens;56742;30 a 69 anos;12948
Indicador  3.4.1;1706;279;31;Minas Gerais;12948;2021;4;Homens;1146;30 a 34 anos;12948
Indicador  3.4.1;1706;491;31;Minas Gerais;12948;2021;4;Homens;1147;35 a 39 anos;12948
Indicador  3.4.1;1706;843;31;Minas Gerais;12948;2021;4;Homens;1148;40 a 44 anos;12948
Indicador  3.4.1;1706;1365;31;Minas Gerais;12948;2021;4;Homens;1149;45 a 49 anos;12948
Indicador  3.4.1;1706;2073;31;Minas Gerais;12948;2021;4;Homens;1150;50 a 54 anos;12948
Indicador  3.4.1;1706;3250;31;Minas Gerais;12948;2021;4;Homens;1151;55 a 59 anos;12948
Indicador  3.4.1;1706;4526;31;Minas Gerais;12948;2021;4;Homens;1152;60 a 64 anos;12948
Indicador  3.4.1;1706;5264;31;Minas Gerais;12948;2021;4;Homens;1153;65 a 69 anos;12948
Indicador  3.4.1;1706;13481;31;Minas Gerais;12948;2021;5;Mulheres;56742;30 a 69 anos;12948
Indicador  3.4.1;1706;237;31;Minas Gerais;12948;2021;5;Mulheres;1146;30 a 34 anos;12948
Indicador  3.4.1;1706;446;31;Minas Gerais;12948;2021;5;Mulheres;1147;35 a 39 anos;12948
Indicador  3.4.1;1706;770;31;Minas Gerais;12948;2021;5;Mulheres;1148;40 a 44 anos;12948
Indicador  3.4.1;1706;1126;31;Minas Gerais;12948;2021;5;Mulheres;1149;45 a 49 anos;12948
Indicador  3.4.1;1706;1635;31;Minas Gerais;12948;2021;5;Mulheres;1150;50 a 54 anos;12948
Indicador  3.4.1;1706;2353;31;Minas Gerais;12948;2021;5;Mulheres;1151;55 a 59 anos;12948
Indicador  3.4.1;1706;3175;31;Minas Gerais;12948;2021;5;Mulheres;1152;60 a 64 anos;12948
Indicador  3.4.1;1706;3739;31;Minas Gerais;12948;2021;5;Mulheres;1153;65 a 69 anos;12948
Indicador  3.4.1;1706;32270;31;Minas Gerais;12948;2022;6794;Total;56742;30 a 69 anos;12948
Indicador  3.4.1;1706;514;31;Minas Gerais;12948;2022;6794;Total;1146;30 a 34 anos;12948
Indicador  3.4.1;1706;933;31;Minas Gerais;12948;2022;6794;Total;1147;35 a 39 anos;12948
Indicador  3.4.1;1706;1615;31;Minas Gerais;12948;2022;6794;Total;1148;40 a 44 anos;12948
Indicador  3.4.1;1706;2420;31;Minas Gerais;12948;2022;6794;Total;1149;45 a 49 anos;12948
Indicador  3.4.1;1706;3668;31;Minas Gerais;12948;2022;6794;Total;1150;50 a 54 anos;12948
Indicador  3.4.1;1706;5710;31;Minas Gerais;12948;2022;6794;Total;1151;55 a 59 anos;12948
Indicador  3.4.1;1706;7825;31;Minas Gerais;12948;2022;6794;Total;1152;60 a 64 anos;12948
Indicador  3.4.1;1706;9585;31;Minas Gerais;12948;2022;6794;Total;1153;65 a 69 anos;12948
Indicador  3.4.1;1706;18393;31;Minas Gerais;12948;2022;4;Homens;56742;30 a 69 anos;12948
Indicador  3.4.1;1706;255;31;Minas Gerais;12948;2022;4;Homens;1146;30 a 34 anos;12948
Indicador  3.4.1;1706;482;31;Minas Gerais;12948;2022;4;Homens;1147;35 a 39 anos;12948
Indicador  3.4.1;1706;823;31;Minas Gerais;12948;2022;4;Homens;1148;40 a 44 anos;12948
Indicador  3.4.1;1706;1362;31;Minas Gerais;12948;2022;4;Homens;1149;45 a 49 anos;12948
Indicador  3.4.1;1706;2143;31;Minas Gerais;12948;2022;4;Homens;1150;50 a 54 anos;12948
Indicador  3.4.1;1706;3331;31;Minas Gerais;12948;2022;4;Homens;1151;55 a 59 anos;12948
Indicador  3.4.1;1706;4524;31;Minas Gerais;12948;2022;4;Homens;1152;60 a 64 anos;12948
Indicador  3.4.1;1706;5473;31;Minas Gerais;12948;2022;4;Homens;1153;65 a 69 anos;12948
Indicador  3.4.1;1706;13877;31;Minas Gerais;12948;2022;5;Mulheres;56742;30 a 69 anos;12948
Indicador  3.4.1;1706;259;31;Minas Gerais;12948;2022;5;Mulheres;1146;30 a 34 anos;12948
Indicador  3.4.1;1706;451;31;Minas Gerais;12948;2022;5;Mulheres;1147;35 a 39 anos;12948
Indicador  3.4.1;1706;792;31;Minas Gerais;12948;2022;5;Mulheres;1148;40 a 44 anos;12948
Indicador  3.4.1;1706;1058;31;Minas Gerais;12948;2022;5;Mulheres;1149;45 a 49 anos;12948
Indicador  3.4.1;1706;1525;31;Minas Gerais;12948;2022;5;Mulheres;1150;50 a 54 anos;12948
Indicador  3.4.1;1706;2379;31;Minas Gerais;12948;2022;5;Mulheres;1151;55 a 59 anos;12948
Indicador  3.4.1;1706;3301;31;Minas Gerais;12948;2022;5;Mulheres;1152;60 a 64 anos;12948
Indicador  3.4.1;1706;4112;31;Minas Gerais;12948;2022;5;Mulheres;1153;65 a 69 anos;12948
Indicador  3.4.1;1706;5825;32;Espírito Santo;12948;2018;6794;Total;56742;30 a 69 anos;12948
Indicador  3.4.1;1706;92;32;Espírito Santo;12948;2018;6794;Total;1146;30 a 34 anos;12948
Indicador  3.4.1;1706;206;32;Espírito Santo;12948;2018;6794;Total;1147;35 a 39 anos;12948
Indicador  3.4.1;1706;292;32;Espírito Santo;12948;2018;6794;Total;1148;40 a 44 anos;12948
Indicador  3.4.1;1706;457;32;Espírito Santo;12948;2018;6794;Total;1149;45 a 49 anos;12948
Indicador  3.4.1;1706;783;32;Espírito Santo;12948;2018;6794;Total;1150;50 a 54 anos;12948
Indicador  3.4.1;1706;1069;32;Espírito Santo;12948;2018;6794;Total;1151;55 a 59 anos;12948
Indicador  3.4.1;1706;1411;32;Espírito Santo;12948;2018;6794;Total;1152;60 a 64 anos;12948
Indicador  3.4.1;1706;1515;32;Espírito Santo;12948;2018;6794;Total;1153;65 a 69 anos;12948
Indicador  3.4.1;1706;3406;32;Espírito Santo;12948;2018;4;Homens;56742;30 a 69 anos;12948
Indicador  3.4.1;1706;40;32;Espírito Santo;12948;2018;4;Homens;1146;30 a 34 anos;12948
Indicador  3.4.1;1706;97;32;Espírito Santo;12948;2018;4;Homens;1147;35 a 39 anos;12948
Indicador  3.4.1;1706;153;32;Espírito Santo;12948;2018;4;Homens;1148;40 a 44 anos;12948
Indicador  3.4.1;1706;256;32;Espírito Santo;12948;2018;4;Homens;1149;45 a 49 anos;12948
Indicador  3.4.1;1706;454;32;Espírito Santo;12948;2018;4;Homens;1150;50 a 54 anos;12948
Indicador  3.4.1;1706;639;32;Espírito Santo;12948;2018;4;Homens;1151;55 a 59 anos;12948
Indicador  3.4.1;1706;883;32;Espírito Santo;12948;2018;4;Homens;1152;60 a 64 anos;12948
Indicador  3.4.1;1706;884;32;Espírito Santo;12948;2018;4;Homens;1153;65 a 69 anos;12948
Indicador  3.4.1;1706;2418;32;Espírito Santo;12948;2018;5;Mulheres;56742;30 a 69 anos;12948
Indicador  3.4.1;1706;52;32;Espírito Santo;12948;2018;5;Mulheres;1146;30 a 34 anos;12948
Indicador  3.4.1;1706;109;32;Espírito Santo;12948;2018;5;Mulheres;1147;35 a 39 anos;12948
Indicador  3.4.1;1706;139;32;Espírito Santo;12948;2018;5;Mulheres;1148;40 a 44 anos;12948
Indicador  3.4.1;1706;201;32;Espírito Santo;12948;2018;5;Mulheres;1149;45 a 49 anos;12948
Indicador  3.4.1;1706;329;32;Espírito Santo;12948;2018;5;Mulheres;1150;50 a 54 anos;12948
Indicador  3.4.1;1706;429;32;Espírito Santo;12948;2018;5;Mulheres;1151;55 a 59 anos;12948
Indicador  3.4.1;1706;528;32;Espírito Santo;12948;2018;5;Mulheres;1152;60 a 64 anos;12948
Indicador  3.4.1;1706;631;32;Espírito Santo;12948;2018;5;Mulheres;1153;65 a 69 anos;12948
Indicador  3.4.1;1706;6112;32;Espírito Santo;12948;2019;6794;Total;56742;30 a 69 anos;12948
Indicador  3.4.1;1706;94;32;Espírito Santo;12948;2019;6794;Total;1146;30 a 34 anos;12948
Indicador  3.4.1;1706;180;32;Espírito Santo;12948;2019;6794;Total;1147;35 a 39 anos;12948
Indicador  3.4.1;1706;348;32;Espírito Santo;12948;2019;6794;Total;1148;40 a 44 anos;12948
Indicador  3.4.1;1706;462;32;Espírito Santo;12948;2019;6794;Total;1149;45 a 49 anos;12948
Indicador  3.4.1;1706;733;32;Espírito Santo;12948;2019;6794;Total;1150;50 a 54 anos;12948
Indicador  3.4.1;1706;1115;32;Espírito Santo;12948;2019;6794;Total;1151;55 a 59 anos;12948
Indicador  3.4.1;1706;1493;32;Espírito Santo;12948;2019;6794;Total;1152;60 a 64 anos;12948
Indicador  3.4.1;1706;1687;32;Espírito Santo;12948;2019;6794;Total;1153;65 a 69 anos;12948
Indicador  3.4.1;1706;3557;32;Espírito Santo;12948;2019;4;Homens;56742;30 a 69 anos;12948
Indicador  3.4.1;1706;50;32;Espírito Santo;12948;2019;4;Homens;1146;30 a 34 anos;12948
Indicador  3.4.1;1706;83;32;Espírito Santo;12948;2019;4;Homens;1147;35 a 39 anos;12948
Indicador  3.4.1;1706;190;32;Espírito Santo;12948;2019;4;Homens;1148;40 a 44 anos;12948
Indicador  3.4.1;1706;252;32;Espírito Santo;12948;2019;4;Homens;1149;45 a 49 anos;12948
Indicador  3.4.1;1706;401;32;Espírito Santo;12948;2019;4;Homens;1150;50 a 54 anos;12948
Indicador  3.4.1;1706;660;32;Espírito Santo;12948;2019;4;Homens;1151;55 a 59 anos;12948
Indicador  3.4.1;1706;915;32;Espírito Santo;12948;2019;4;Homens;1152;60 a 64 anos;12948
Indicador  3.4.1;1706;1006;32;Espírito Santo;12948;2019;4;Homens;1153;65 a 69 anos;12948
Indicador  3.4.1;1706;2554;32;Espírito Santo;12948;2019;5;Mulheres;56742;30 a 69 anos;12948
Indicador  3.4.1;1706;44;32;Espírito Santo;12948;2019;5;Mulheres;1146;30 a 34 anos;12948
Indicador  3.4.1;1706;97;32;Espírito Santo;12948;2019;5;Mulheres;1147;35 a 39 anos;12948
Indicador  3.4.1;1706;157;32;Espírito Santo;12948;2019;5;Mulheres;1148;40 a 44 anos;12948
Indicador  3.4.1;1706;210;32;Espírito Santo;12948;2019;5;Mulheres;1149;45 a 49 anos;12948
Indicador  3.4.1;1706;332;32;Espírito Santo;12948;2019;5;Mulheres;1150;50 a 54 anos;12948
Indicador  3.4.1;1706;455;32;Espírito Santo;12948;2019;5;Mulheres;1151;55 a 59 anos;12948
Indicador  3.4.1;1706;578;32;Espírito Santo;12948;2019;5;Mulheres;1152;60 a 64 anos;12948
Indicador  3.4.1;1706;681;32;Espírito Santo;12948;2019;5;Mulheres;1153;65 a 69 anos;12948
Indicador  3.4.1;1706;6180;32;Espírito Santo;12948;2020;6794;Total;56742;30 a 69 anos;12948
Indicador  3.4.1;1706;93;32;Espírito Santo;12948;2020;6794;Total;1146;30 a 34 anos;12948
Indicador  3.4.1;1706;202;32;Espírito Santo;12948;2020;6794;Total;1147;35 a 39 anos;12948
Indicador  3.4.1;1706;321;32;Espírito Santo;12948;2020;6794;Total;1148;40 a 44 anos;12948
Indicador  3.4.1;1706;475;32;Espírito Santo;12948;2020;6794;Total;1149;45 a 49 anos;12948
Indicador  3.4.1;1706;789;32;Espírito Santo;12948;2020;6794;Total;1150;50 a 54 anos;12948
Indicador  3.4.1;1706;1059;32;Espírito Santo;12948;2020;6794;Total;1151;55 a 59 anos;12948
Indicador  3.4.1;1706;1552;32;Espírito Santo;12948;2020;6794;Total;1152;60 a 64 anos;12948
Indicador  3.4.1;1706;1689;32;Espírito Santo;12948;2020;6794;Total;1153;65 a 69 anos;12948
Indicador  3.4.1;1706;3546;32;Espírito Santo;12948;2020;4;Homens;56742;30 a 69 anos;12948
Indicador  3.4.1;1706;50;32;Espírito Santo;12948;2020;4;Homens;1146;30 a 34 anos;12948
Indicador  3.4.1;1706;98;32;Espírito Santo;12948;2020;4;Homens;1147;35 a 39 anos;12948
Indicador  3.4.1;1706;156;32;Espírito Santo;12948;2020;4;Homens;1148;40 a 44 anos;12948
Indicador  3.4.1;1706;249;32;Espírito Santo;12948;2020;4;Homens;1149;45 a 49 anos;12948
Indicador  3.4.1;1706;463;32;Espírito Santo;12948;2020;4;Homens;1150;50 a 54 anos;12948
Indicador  3.4.1;1706;619;32;Espírito Santo;12948;2020;4;Homens;1151;55 a 59 anos;12948
Indicador  3.4.1;1706;911;32;Espírito Santo;12948;2020;4;Homens;1152;60 a 64 anos;12948
Indicador  3.4.1;1706;1000;32;Espírito Santo;12948;2020;4;Homens;1153;65 a 69 anos;12948
Indicador  3.4.1;1706;2633;32;Espírito Santo;12948;2020;5;Mulheres;56742;30 a 69 anos;12948
Indicador  3.4.1;1706;43;32;Espírito Santo;12948;2020;5;Mulheres;1146;30 a 34 anos;12948
Indicador  3.4.1;1706;104;32;Espírito Santo;12948;2020;5;Mulheres;1147;35 a 39 anos;12948
Indicador  3.4.1;1706;165;32;Espírito Santo;12948;2020;5;Mulheres;1148;40 a 44 anos;12948
Indicador  3.4.1;1706;226;32;Espírito Santo;12948;2020;5;Mulheres;1149;45 a 49 anos;12948
Indicador  3.4.1;1706;326;32;Espírito Santo;12948;2020;5;Mulheres;1150;50 a 54 anos;12948
Indicador  3.4.1;1706;440;32;Espírito Santo;12948;2020;5;Mulheres;1151;55 a 59 anos;12948
Indicador  3.4.1;1706;640;32;Espírito Santo;12948;2020;5;Mulheres;1152;60 a 64 anos;12948
Indicador  3.4.1;1706;689;32;Espírito Santo;12948;2020;5;Mulheres;1153;65 a 69 anos;12948
Indicador  3.4.1;1706;6138;32;Espírito Santo;12948;2021;6794;Total;56742;30 a 69 anos;12948
Indicador  3.4.1;1706;96;32;Espírito Santo;12948;2021;6794;Total;1146;30 a 34 anos;12948
Indicador  3.4.1;1706;188;32;Espírito Santo;12948;2021;6794;Total;1147;35 a 39 anos;12948
Indicador  3.4.1;1706;302;32;Espírito Santo;12948;2021;6794;Total;1148;40 a 44 anos;12948
Indicador  3.4.1;1706;481;32;Espírito Santo;12948;2021;6794;Total;1149;45 a 49 anos;12948
Indicador  3.4.1;1706;699;32;Espírito Santo;12948;2021;6794;Total;1150;50 a 54 anos;12948
Indicador  3.4.1;1706;1113;32;Espírito Santo;12948;2021;6794;Total;1151;55 a 59 anos;12948
Indicador  3.4.1;1706;1465;32;Espírito Santo;12948;2021;6794;Total;1152;60 a 64 anos;12948
Indicador  3.4.1;1706;1794;32;Espírito Santo;12948;2021;6794;Total;1153;65 a 69 anos;12948
Indicador  3.4.1;1706;3481;32;Espírito Santo;12948;2021;4;Homens;56742;30 a 69 anos;12948
Indicador  3.4.1;1706;52;32;Espírito Santo;12948;2021;4;Homens;1146;30 a 34 anos;12948
Indicador  3.4.1;1706;78;32;Espírito Santo;12948;2021;4;Homens;1147;35 a 39 anos;12948
Indicador  3.4.1;1706;132;32;Espírito Santo;12948;2021;4;Homens;1148;40 a 44 anos;12948
Indicador  3.4.1;1706;270;32;Espírito Santo;12948;2021;4;Homens;1149;45 a 49 anos;12948
Indicador  3.4.1;1706;408;32;Espírito Santo;12948;2021;4;Homens;1150;50 a 54 anos;12948
Indicador  3.4.1;1706;657;32;Espírito Santo;12948;2021;4;Homens;1151;55 a 59 anos;12948
Indicador  3.4.1;1706;830;32;Espírito Santo;12948;2021;4;Homens;1152;60 a 64 anos;12948
Indicador  3.4.1;1706;1054;32;Espírito Santo;12948;2021;4;Homens;1153;65 a 69 anos;12948
Indicador  3.4.1;1706;2656;32;Espírito Santo;12948;2021;5;Mulheres;56742;30 a 69 anos;12948
Indicador  3.4.1;1706;44;32;Espírito Santo;12948;2021;5;Mulheres;1146;30 a 34 anos;12948
Indicador  3.4.1;1706;110;32;Espírito Santo;12948;2021;5;Mulheres;1147;35 a 39 anos;12948
Indicador  3.4.1;1706;170;32;Espírito Santo;12948;2021;5;Mulheres;1148;40 a 44 anos;12948
Indicador  3.4.1;1706;211;32;Espírito Santo;12948;2021;5;Mulheres;1149;45 a 49 anos;12948
Indicador  3.4.1;1706;291;32;Espírito Santo;12948;2021;5;Mulheres;1150;50 a 54 anos;12948
Indicador  3.4.1;1706;456;32;Espírito Santo;12948;2021;5;Mulheres;1151;55 a 59 anos;12948
Indicador  3.4.1;1706;635;32;Espírito Santo;12948;2021;5;Mulheres;1152;60 a 64 anos;12948
Indicador  3.4.1;1706;739;32;Espírito Santo;12948;2021;5;Mulheres;1153;65 a 69 anos;12948
Indicador  3.4.1;1706;6343;32;Espírito Santo;12948;2022;6794;Total;56742;30 a 69 anos;12948
Indicador  3.4.1;1706;105;32;Espírito Santo;12948;2022;6794;Total;1146;30 a 34 anos;12948
Indicador  3.4.1;1706;194;32;Espírito Santo;12948;2022;6794;Total;1147;35 a 39 anos;12948
Indicador  3.4.1;1706;336;32;Espírito Santo;12948;2022;6794;Total;1148;40 a 44 anos;12948
Indicador  3.4.1;1706;510;32;Espírito Santo;12948;2022;6794;Total;1149;45 a 49 anos;12948
Indicador  3.4.1;1706;697;32;Espírito Santo;12948;2022;6794;Total;1150;50 a 54 anos;12948
Indicador  3.4.1;1706;1075;32;Espírito Santo;12948;2022;6794;Total;1151;55 a 59 anos;12948
Indicador  3.4.1;1706;1567;32;Espírito Santo;12948;2022;6794;Total;1152;60 a 64 anos;12948
Indicador  3.4.1;1706;1859;32;Espírito Santo;12948;2022;6794;Total;1153;65 a 69 anos;12948
Indicador  3.4.1;1706;3675;32;Espírito Santo;12948;2022;4;Homens;56742;30 a 69 anos;12948
Indicador  3.4.1;1706;54;32;Espírito Santo;12948;2022;4;Homens;1146;30 a 34 anos;12948
Indicador  3.4.1;1706;95;32;Espírito Santo;12948;2022;4;Homens;1147;35 a 39 anos;12948
Indicador  3.4.1;1706;166;32;Espírito Santo;12948;2022;4;Homens;1148;40 a 44 anos;12948
Indicador  3.4.1;1706;284;32;Espírito Santo;12948;2022;4;Homens;1149;45 a 49 anos;12948
Indicador  3.4.1;1706;397;32;Espírito Santo;12948;2022;4;Homens;1150;50 a 54 anos;12948
Indicador  3.4.1;1706;647;32;Espírito Santo;12948;2022;4;Homens;1151;55 a 59 anos;12948
Indicador  3.4.1;1706;916;32;Espírito Santo;12948;2022;4;Homens;1152;60 a 64 anos;12948
Indicador  3.4.1;1706;1116;32;Espírito Santo;12948;2022;4;Homens;1153;65 a 69 anos;12948
Indicador  3.4.1;1706;2665;32;Espírito Santo;12948;2022;5;Mulheres;56742;30 a 69 anos;12948
Indicador  3.4.1;1706;51;32;Espírito Santo;12948;2022;5;Mulheres;1146;30 a 34 anos;12948
Indicador  3.4.1;1706;99;32;Espírito Santo;12948;2022;5;Mulheres;1147;35 a 39 anos;12948
Indicador  3.4.1;1706;170;32;Espírito Santo;12948;2022;5;Mulheres;1148;40 a 44 anos;12948
Indicador  3.4.1;1706;225;32;Espírito Santo;12948;2022;5;Mulheres;1149;45 a 49 anos;12948
Indicador  3.4.1;1706;300;32;Espírito Santo;12948;2022;5;Mulheres;1150;50 a 54 anos;12948
Indicador  3.4.1;1706;428;32;Espírito Santo;12948;2022;5;Mulheres;1151;55 a 59 anos;12948
Indicador  3.4.1;1706;650;32;Espírito Santo;12948;2022;5;Mulheres;1152;60 a 64 anos;12948
Indicador  3.4.1;1706;742;32;Espírito Santo;12948;2022;5;Mulheres;1153;65 a 69 anos;12948
Indicador  3.4.1;1706;33226;33;Rio de Janeiro;12948;2018;6794;Total;56742;30 a 69 anos;12948
Indicador  3.4.1;1706;533;33;Rio de Janeiro;12948;2018;6794;Total;1146;30 a 34 anos;12948
Indicador  3.4.1;1706;980;33;Rio de Janeiro;12948;2018;6794;Total;1147;35 a 39 anos;12948
Indicador  3.4.1;1706;1537;33;Rio de Janeiro;12948;2018;6794;Total;1148;40 a 44 anos;12948
Indicador  3.4.1;1706;2441;33;Rio de Janeiro;12948;2018;6794;Total;1149;45 a 49 anos;12948
Indicador  3.4.1;1706;3914;33;Rio de Janeiro;12948;2018;6794;Total;1150;50 a 54 anos;12948
Indicador  3.4.1;1706;6172;33;Rio de Janeiro;12948;2018;6794;Total;1151;55 a 59 anos;12948
Indicador  3.4.1;1706;8269;33;Rio de Janeiro;12948;2018;6794;Total;1152;60 a 64 anos;12948
Indicador  3.4.1;1706;9380;33;Rio de Janeiro;12948;2018;6794;Total;1153;65 a 69 anos;12948
Indicador  3.4.1;1706;17961;33;Rio de Janeiro;12948;2018;4;Homens;56742;30 a 69 anos;12948
Indicador  3.4.1;1706;244;33;Rio de Janeiro;12948;2018;4;Homens;1146;30 a 34 anos;12948
Indicador  3.4.1;1706;455;33;Rio de Janeiro;12948;2018;4;Homens;1147;35 a 39 anos;12948
Indicador  3.4.1;1706;743;33;Rio de Janeiro;12948;2018;4;Homens;1148;40 a 44 anos;12948
Indicador  3.4.1;1706;1223;33;Rio de Janeiro;12948;2018;4;Homens;1149;45 a 49 anos;12948
Indicador  3.4.1;1706;2154;33;Rio de Janeiro;12948;2018;4;Homens;1150;50 a 54 anos;12948
Indicador  3.4.1;1706;3421;33;Rio de Janeiro;12948;2018;4;Homens;1151;55 a 59 anos;12948
Indicador  3.4.1;1706;4584;33;Rio de Janeiro;12948;2018;4;Homens;1152;60 a 64 anos;12948
Indicador  3.4.1;1706;5137;33;Rio de Janeiro;12948;2018;4;Homens;1153;65 a 69 anos;12948
Indicador  3.4.1;1706;15264;33;Rio de Janeiro;12948;2018;5;Mulheres;56742;30 a 69 anos;12948
Indicador  3.4.1;1706;289;33;Rio de Janeiro;12948;2018;5;Mulheres;1146;30 a 34 anos;12948
Indicador  3.4.1;1706;525;33;Rio de Janeiro;12948;2018;5;Mulheres;1147;35 a 39 anos;12948
Indicador  3.4.1;1706;794;33;Rio de Janeiro;12948;2018;5;Mulheres;1148;40 a 44 anos;12948
Indicador  3.4.1;1706;1218;33;Rio de Janeiro;12948;2018;5;Mulheres;1149;45 a 49 anos;12948
Indicador  3.4.1;1706;1760;33;Rio de Janeiro;12948;2018;5;Mulheres;1150;50 a 54 anos;12948
Indicador  3.4.1;1706;2751;33;Rio de Janeiro;12948;2018;5;Mulheres;1151;55 a 59 anos;12948
Indicador  3.4.1;1706;3685;33;Rio de Janeiro;12948;2018;5;Mulheres;1152;60 a 64 anos;12948
Indicador  3.4.1;1706;4242;33;Rio de Janeiro;12948;2018;5;Mulheres;1153;65 a 69 anos;12948
Indicador  3.4.1;1706;33014;33;Rio de Janeiro;12948;2019;6794;Total;56742;30 a 69 anos;12948
Indicador  3.4.1;1706;562;33;Rio de Janeiro;12948;2019;6794;Total;1146;30 a 34 anos;12948
Indicador  3.4.1;1706;946;33;Rio de Janeiro;12948;2019;6794;Total;1147;35 a 39 anos;12948
Indicador  3.4.1;1706;1579;33;Rio de Janeiro;12948;2019;6794;Total;1148;40 a 44 anos;12948
Indicador  3.4.1;1706;2451;33;Rio de Janeiro;12948;2019;6794;Total;1149;45 a 49 anos;12948
Indicador  3.4.1;1706;3889;33;Rio de Janeiro;12948;2019;6794;Total;1150;50 a 54 anos;12948
Indicador  3.4.1;1706;5839;33;Rio de Janeiro;12948;2019;6794;Total;1151;55 a 59 anos;12948
Indicador  3.4.1;1706;8227;33;Rio de Janeiro;12948;2019;6794;Total;1152;60 a 64 anos;12948
Indicador  3.4.1;1706;9521;33;Rio de Janeiro;12948;2019;6794;Total;1153;65 a 69 anos;12948
Indicador  3.4.1;1706;17800;33;Rio de Janeiro;12948;2019;4;Homens;56742;30 a 69 anos;12948
Indicador  3.4.1;1706;268;33;Rio de Janeiro;12948;2019;4;Homens;1146;30 a 34 anos;12948
Indicador  3.4.1;1706;452;33;Rio de Janeiro;12948;2019;4;Homens;1147;35 a 39 anos;12948
Indicador  3.4.1;1706;764;33;Rio de Janeiro;12948;2019;4;Homens;1148;40 a 44 anos;12948
Indicador  3.4.1;1706;1219;33;Rio de Janeiro;12948;2019;4;Homens;1149;45 a 49 anos;12948
Indicador  3.4.1;1706;2079;33;Rio de Janeiro;12948;2019;4;Homens;1150;50 a 54 anos;12948
Indicador  3.4.1;1706;3145;33;Rio de Janeiro;12948;2019;4;Homens;1151;55 a 59 anos;12948
Indicador  3.4.1;1706;4580;33;Rio de Janeiro;12948;2019;4;Homens;1152;60 a 64 anos;12948
Indicador  3.4.1;1706;5293;33;Rio de Janeiro;12948;2019;4;Homens;1153;65 a 69 anos;12948
Indicador  3.4.1;1706;15214;33;Rio de Janeiro;12948;2019;5;Mulheres;56742;30 a 69 anos;12948
Indicador  3.4.1;1706;294;33;Rio de Janeiro;12948;2019;5;Mulheres;1146;30 a 34 anos;12948
Indicador  3.4.1;1706;494;33;Rio de Janeiro;12948;2019;5;Mulheres;1147;35 a 39 anos;12948
Indicador  3.4.1;1706;815;33;Rio de Janeiro;12948;2019;5;Mulheres;1148;40 a 44 anos;12948
Indicador  3.4.1;1706;1232;33;Rio de Janeiro;12948;2019;5;Mulheres;1149;45 a 49 anos;12948
Indicador  3.4.1;1706;1810;33;Rio de Janeiro;12948;2019;5;Mulheres;1150;50 a 54 anos;12948
Indicador  3.4.1;1706;2694;33;Rio de Janeiro;12948;2019;5;Mulheres;1151;55 a 59 anos;12948
Indicador  3.4.1;1706;3647;33;Rio de Janeiro;12948;2019;5;Mulheres;1152;60 a 64 anos;12948
Indicador  3.4.1;1706;4228;33;Rio de Janeiro;12948;2019;5;Mulheres;1153;65 a 69 anos;12948
Indicador  3.4.1;1706;32047;33;Rio de Janeiro;12948;2020;6794;Total;56742;30 a 69 anos;12948
Indicador  3.4.1;1706;585;33;Rio de Janeiro;12948;2020;6794;Total;1146;30 a 34 anos;12948
Indicador  3.4.1;1706;905;33;Rio de Janeiro;12948;2020;6794;Total;1147;35 a 39 anos;12948
Indicador  3.4.1;1706;1600;33;Rio de Janeiro;12948;2020;6794;Total;1148;40 a 44 anos;12948
Indicador  3.4.1;1706;2393;33;Rio de Janeiro;12948;2020;6794;Total;1149;45 a 49 anos;12948
Indicador  3.4.1;1706;3797;33;Rio de Janeiro;12948;2020;6794;Total;1150;50 a 54 anos;12948
Indicador  3.4.1;1706;5581;33;Rio de Janeiro;12948;2020;6794;Total;1151;55 a 59 anos;12948
Indicador  3.4.1;1706;7822;33;Rio de Janeiro;12948;2020;6794;Total;1152;60 a 64 anos;12948
Indicador  3.4.1;1706;9364;33;Rio de Janeiro;12948;2020;6794;Total;1153;65 a 69 anos;12948
Indicador  3.4.1;1706;17261;33;Rio de Janeiro;12948;2020;4;Homens;56742;30 a 69 anos;12948
Indicador  3.4.1;1706;279;33;Rio de Janeiro;12948;2020;4;Homens;1146;30 a 34 anos;12948
Indicador  3.4.1;1706;412;33;Rio de Janeiro;12948;2020;4;Homens;1147;35 a 39 anos;12948
Indicador  3.4.1;1706;761;33;Rio de Janeiro;12948;2020;4;Homens;1148;40 a 44 anos;12948
Indicador  3.4.1;1706;1184;33;Rio de Janeiro;12948;2020;4;Homens;1149;45 a 49 anos;12948
Indicador  3.4.1;1706;2015;33;Rio de Janeiro;12948;2020;4;Homens;1150;50 a 54 anos;12948
Indicador  3.4.1;1706;3125;33;Rio de Janeiro;12948;2020;4;Homens;1151;55 a 59 anos;12948
Indicador  3.4.1;1706;4342;33;Rio de Janeiro;12948;2020;4;Homens;1152;60 a 64 anos;12948
Indicador  3.4.1;1706;5143;33;Rio de Janeiro;12948;2020;4;Homens;1153;65 a 69 anos;12948
Indicador  3.4.1;1706;14784;33;Rio de Janeiro;12948;2020;5;Mulheres;56742;30 a 69 anos;12948
Indicador  3.4.1;1706;306;33;Rio de Janeiro;12948;2020;5;Mulheres;1146;30 a 34 anos;12948
Indicador  3.4.1;1706;493;33;Rio de Janeiro;12948;2020;5;Mulheres;1147;35 a 39 anos;12948
Indicador  3.4.1;1706;838;33;Rio de Janeiro;12948;2020;5;Mulheres;1148;40 a 44 anos;12948
Indicador  3.4.1;1706;1209;33;Rio de Janeiro;12948;2020;5;Mulheres;1149;45 a 49 anos;12948
Indicador  3.4.1;1706;1782;33;Rio de Janeiro;12948;2020;5;Mulheres;1150;50 a 54 anos;12948
Indicador  3.4.1;1706;2455;33;Rio de Janeiro;12948;2020;5;Mulheres;1151;55 a 59 anos;12948
Indicador  3.4.1;1706;3480;33;Rio de Janeiro;12948;2020;5;Mulheres;1152;60 a 64 anos;12948
Indicador  3.4.1;1706;4221;33;Rio de Janeiro;12948;2020;5;Mulheres;1153;65 a 69 anos;12948
Indicador  3.4.1;1706;32353;33;Rio de Janeiro;12948;2021;6794;Total;56742;30 a 69 anos;12948
Indicador  3.4.1;1706;500;33;Rio de Janeiro;12948;2021;6794;Total;1146;30 a 34 anos;12948
Indicador  3.4.1;1706;950;33;Rio de Janeiro;12948;2021;6794;Total;1147;35 a 39 anos;12948
Indicador  3.4.1;1706;1609;33;Rio de Janeiro;12948;2021;6794;Total;1148;40 a 44 anos;12948
Indicador  3.4.1;1706;2395;33;Rio de Janeiro;12948;2021;6794;Total;1149;45 a 49 anos;12948
Indicador  3.4.1;1706;3521;33;Rio de Janeiro;12948;2021;6794;Total;1150;50 a 54 anos;12948
Indicador  3.4.1;1706;5834;33;Rio de Janeiro;12948;2021;6794;Total;1151;55 a 59 anos;12948
Indicador  3.4.1;1706;7996;33;Rio de Janeiro;12948;2021;6794;Total;1152;60 a 64 anos;12948
Indicador  3.4.1;1706;9548;33;Rio de Janeiro;12948;2021;6794;Total;1153;65 a 69 anos;12948
Indicador  3.4.1;1706;17285;33;Rio de Janeiro;12948;2021;4;Homens;56742;30 a 69 anos;12948
Indicador  3.4.1;1706;255;33;Rio de Janeiro;12948;2021;4;Homens;1146;30 a 34 anos;12948
Indicador  3.4.1;1706;431;33;Rio de Janeiro;12948;2021;4;Homens;1147;35 a 39 anos;12948
Indicador  3.4.1;1706;773;33;Rio de Janeiro;12948;2021;4;Homens;1148;40 a 44 anos;12948
Indicador  3.4.1;1706;1221;33;Rio de Janeiro;12948;2021;4;Homens;1149;45 a 49 anos;12948
Indicador  3.4.1;1706;1874;33;Rio de Janeiro;12948;2021;4;Homens;1150;50 a 54 anos;12948
Indicador  3.4.1;1706;3162;33;Rio de Janeiro;12948;2021;4;Homens;1151;55 a 59 anos;12948
Indicador  3.4.1;1706;4358;33;Rio de Janeiro;12948;2021;4;Homens;1152;60 a 64 anos;12948
Indicador  3.4.1;1706;5211;33;Rio de Janeiro;12948;2021;4;Homens;1153;65 a 69 anos;12948
Indicador  3.4.1;1706;15067;33;Rio de Janeiro;12948;2021;5;Mulheres;56742;30 a 69 anos;12948
Indicador  3.4.1;1706;245;33;Rio de Janeiro;12948;2021;5;Mulheres;1146;30 a 34 anos;12948
Indicador  3.4.1;1706;519;33;Rio de Janeiro;12948;2021;5;Mulheres;1147;35 a 39 anos;12948
Indicador  3.4.1;1706;836;33;Rio de Janeiro;12948;2021;5;Mulheres;1148;40 a 44 anos;12948
Indicador  3.4.1;1706;1174;33;Rio de Janeiro;12948;2021;5;Mulheres;1149;45 a 49 anos;12948
Indicador  3.4.1;1706;1647;33;Rio de Janeiro;12948;2021;5;Mulheres;1150;50 a 54 anos;12948
Indicador  3.4.1;1706;2672;33;Rio de Janeiro;12948;2021;5;Mulheres;1151;55 a 59 anos;12948
Indicador  3.4.1;1706;3638;33;Rio de Janeiro;12948;2021;5;Mulheres;1152;60 a 64 anos;12948
Indicador  3.4.1;1706;4336;33;Rio de Janeiro;12948;2021;5;Mulheres;1153;65 a 69 anos;12948
Indicador  3.4.1;1706;31764;33;Rio de Janeiro;12948;2022;6794;Total;56742;30 a 69 anos;12948
Indicador  3.4.1;1706;519;33;Rio de Janeiro;12948;2022;6794;Total;1146;30 a 34 anos;12948
Indicador  3.4.1;1706;934;33;Rio de Janeiro;12948;2022;6794;Total;1147;35 a 39 anos;12948
Indicador  3.4.1;1706;1593;33;Rio de Janeiro;12948;2022;6794;Total;1148;40 a 44 anos;12948
Indicador  3.4.1;1706;2296;33;Rio de Janeiro;12948;2022;6794;Total;1149;45 a 49 anos;12948
Indicador  3.4.1;1706;3426;33;Rio de Janeiro;12948;2022;6794;Total;1150;50 a 54 anos;12948
Indicador  3.4.1;1706;5527;33;Rio de Janeiro;12948;2022;6794;Total;1151;55 a 59 anos;12948
Indicador  3.4.1;1706;7747;33;Rio de Janeiro;12948;2022;6794;Total;1152;60 a 64 anos;12948
Indicador  3.4.1;1706;9722;33;Rio de Janeiro;12948;2022;6794;Total;1153;65 a 69 anos;12948
Indicador  3.4.1;1706;16912;33;Rio de Janeiro;12948;2022;4;Homens;56742;30 a 69 anos;12948
Indicador  3.4.1;1706;251;33;Rio de Janeiro;12948;2022;4;Homens;1146;30 a 34 anos;12948
Indicador  3.4.1;1706;421;33;Rio de Janeiro;12948;2022;4;Homens;1147;35 a 39 anos;12948
Indicador  3.4.1;1706;751;33;Rio de Janeiro;12948;2022;4;Homens;1148;40 a 44 anos;12948
Indicador  3.4.1;1706;1092;33;Rio de Janeiro;12948;2022;4;Homens;1149;45 a 49 anos;12948
Indicador  3.4.1;1706;1789;33;Rio de Janeiro;12948;2022;4;Homens;1150;50 a 54 anos;12948
Indicador  3.4.1;1706;3053;33;Rio de Janeiro;12948;2022;4;Homens;1151;55 a 59 anos;12948
Indicador  3.4.1;1706;4248;33;Rio de Janeiro;12948;2022;4;Homens;1152;60 a 64 anos;12948
Indicador  3.4.1;1706;5307;33;Rio de Janeiro;12948;2022;4;Homens;1153;65 a 69 anos;12948
Indicador  3.4.1;1706;14850;33;Rio de Janeiro;12948;2022;5;Mulheres;56742;30 a 69 anos;12948
Indicador  3.4.1;1706;268;33;Rio de Janeiro;12948;2022;5;Mulheres;1146;30 a 34 anos;12948
Indicador  3.4.1;1706;513;33;Rio de Janeiro;12948;2022;5;Mulheres;1147;35 a 39 anos;12948
Indicador  3.4.1;1706;842;33;Rio de Janeiro;12948;2022;5;Mulheres;1148;40 a 44 anos;12948
Indicador  3.4.1;1706;1204;33;Rio de Janeiro;12948;2022;5;Mulheres;1149;45 a 49 anos;12948
Indicador  3.4.1;1706;1637;33;Rio de Janeiro;12948;2022;5;Mulheres;1150;50 a 54 anos;12948
Indicador  3.4.1;1706;2473;33;Rio de Janeiro;12948;2022;5;Mulheres;1151;55 a 59 anos;12948
Indicador  3.4.1;1706;3499;33;Rio de Janeiro;12948;2022;5;Mulheres;1152;60 a 64 anos;12948
Indicador  3.4.1;1706;4414;33;Rio de Janeiro;12948;2022;5;Mulheres;1153;65 a 69 anos;12948
Indicador  3.4.1;1706;74267;35;São Paulo;12948;2018;6794;Total;56742;30 a 69 anos;12948
Indicador  3.4.1;1706;1286;35;São Paulo;12948;2018;6794;Total;1146;30 a 34 anos;12948
Indicador  3.4.1;1706;2312;35;São Paulo;12948;2018;6794;Total;1147;35 a 39 anos;12948
Indicador  3.4.1;1706;3449;35;São Paulo;12948;2018;6794;Total;1148;40 a 44 anos;12948
Indicador  3.4.1;1706;5631;35;São Paulo;12948;2018;6794;Total;1149;45 a 49 anos;12948
Indicador  3.4.1;1706;9355;35;São Paulo;12948;2018;6794;Total;1150;50 a 54 anos;12948
Indicador  3.4.1;1706;13545;35;São Paulo;12948;2018;6794;Total;1151;55 a 59 anos;12948
Indicador  3.4.1;1706;18115;35;São Paulo;12948;2018;6794;Total;1152;60 a 64 anos;12948
Indicador  3.4.1;1706;20574;35;São Paulo;12948;2018;6794;Total;1153;65 a 69 anos;12948
Indicador  3.4.1;1706;42816;35;São Paulo;12948;2018;4;Homens;56742;30 a 69 anos;12948
Indicador  3.4.1;1706;692;35;São Paulo;12948;2018;4;Homens;1146;30 a 34 anos;12948
Indicador  3.4.1;1706;1208;35;São Paulo;12948;2018;4;Homens;1147;35 a 39 anos;12948
Indicador  3.4.1;1706;1850;35;São Paulo;12948;2018;4;Homens;1148;40 a 44 anos;12948
Indicador  3.4.1;1706;3069;35;São Paulo;12948;2018;4;Homens;1149;45 a 49 anos;12948
Indicador  3.4.1;1706;5446;35;São Paulo;12948;2018;4;Homens;1150;50 a 54 anos;12948
Indicador  3.4.1;1706;7979;35;São Paulo;12948;2018;4;Homens;1151;55 a 59 anos;12948
Indicador  3.4.1;1706;10771;35;São Paulo;12948;2018;4;Homens;1152;60 a 64 anos;12948
Indicador  3.4.1;1706;11801;35;São Paulo;12948;2018;4;Homens;1153;65 a 69 anos;12948
Indicador  3.4.1;1706;31449;35;São Paulo;12948;2018;5;Mulheres;56742;30 a 69 anos;12948
Indicador  3.4.1;1706;594;35;São Paulo;12948;2018;5;Mulheres;1146;30 a 34 anos;12948
Indicador  3.4.1;1706;1104;35;São Paulo;12948;2018;5;Mulheres;1147;35 a 39 anos;12948
Indicador  3.4.1;1706;1599;35;São Paulo;12948;2018;5;Mulheres;1148;40 a 44 anos;12948
Indicador  3.4.1;1706;2562;35;São Paulo;12948;2018;5;Mulheres;1149;45 a 49 anos;12948
Indicador  3.4.1;1706;3909;35;São Paulo;12948;2018;5;Mulheres;1150;50 a 54 anos;12948
Indicador  3.4.1;1706;5566;35;São Paulo;12948;2018;5;Mulheres;1151;55 a 59 anos;12948
Indicador  3.4.1;1706;7343;35;São Paulo;12948;2018;5;Mulheres;1152;60 a 64 anos;12948
Indicador  3.4.1;1706;8772;35;São Paulo;12948;2018;5;Mulheres;1153;65 a 69 anos;12948
Indicador  3.4.1;1706;76041;35;São Paulo;12948;2019;6794;Total;56742;30 a 69 anos;12948
Indicador  3.4.1;1706;1381;35;São Paulo;12948;2019;6794;Total;1146;30 a 34 anos;12948
Indicador  3.4.1;1706;2230;35;São Paulo;12948;2019;6794;Total;1147;35 a 39 anos;12948
Indicador  3.4.1;1706;3765;35;São Paulo;12948;2019;6794;Total;1148;40 a 44 anos;12948
Indicador  3.4.1;1706;5742;35;São Paulo;12948;2019;6794;Total;1149;45 a 49 anos;12948
Indicador  3.4.1;1706;9213;35;São Paulo;12948;2019;6794;Total;1150;50 a 54 anos;12948
Indicador  3.4.1;1706;13748;35;São Paulo;12948;2019;6794;Total;1151;55 a 59 anos;12948
Indicador  3.4.1;1706;18633;35;São Paulo;12948;2019;6794;Total;1152;60 a 64 anos;12948
Indicador  3.4.1;1706;21329;35;São Paulo;12948;2019;6794;Total;1153;65 a 69 anos;12948
Indicador  3.4.1;1706;43912;35;São Paulo;12948;2019;4;Homens;56742;30 a 69 anos;12948
Indicador  3.4.1;1706;729;35;São Paulo;12948;2019;4;Homens;1146;30 a 34 anos;12948
Indicador  3.4.1;1706;1174;35;São Paulo;12948;2019;4;Homens;1147;35 a 39 anos;12948
Indicador  3.4.1;1706;1963;35;São Paulo;12948;2019;4;Homens;1148;40 a 44 anos;12948
Indicador  3.4.1;1706;3190;35;São Paulo;12948;2019;4;Homens;1149;45 a 49 anos;12948
Indicador  3.4.1;1706;5421;35;São Paulo;12948;2019;4;Homens;1150;50 a 54 anos;12948
Indicador  3.4.1;1706;8187;35;São Paulo;12948;2019;4;Homens;1151;55 a 59 anos;12948
Indicador  3.4.1;1706;10989;35;São Paulo;12948;2019;4;Homens;1152;60 a 64 anos;12948
Indicador  3.4.1;1706;12259;35;São Paulo;12948;2019;4;Homens;1153;65 a 69 anos;12948
Indicador  3.4.1;1706;32127;35;São Paulo;12948;2019;5;Mulheres;56742;30 a 69 anos;12948
Indicador  3.4.1;1706;651;35;São Paulo;12948;2019;5;Mulheres;1146;30 a 34 anos;12948
Indicador  3.4.1;1706;1056;35;São Paulo;12948;2019;5;Mulheres;1147;35 a 39 anos;12948
Indicador  3.4.1;1706;1802;35;São Paulo;12948;2019;5;Mulheres;1148;40 a 44 anos;12948
Indicador  3.4.1;1706;2552;35;São Paulo;12948;2019;5;Mulheres;1149;45 a 49 anos;12948
Indicador  3.4.1;1706;3792;35;São Paulo;12948;2019;5;Mulheres;1150;50 a 54 anos;12948
Indicador  3.4.1;1706;5561;35;São Paulo;12948;2019;5;Mulheres;1151;55 a 59 anos;12948
Indicador  3.4.1;1706;7644;35;São Paulo;12948;2019;5;Mulheres;1152;60 a 64 anos;12948
Indicador  3.4.1;1706;9069;35;São Paulo;12948;2019;5;Mulheres;1153;65 a 69 anos;12948
Indicador  3.4.1;1706;75315;35;São Paulo;12948;2020;6794;Total;56742;30 a 69 anos;12948
Indicador  3.4.1;1706;1470;35;São Paulo;12948;2020;6794;Total;1146;30 a 34 anos;12948
Indicador  3.4.1;1706;2403;35;São Paulo;12948;2020;6794;Total;1147;35 a 39 anos;12948
Indicador  3.4.1;1706;3854;35;São Paulo;12948;2020;6794;Total;1148;40 a 44 anos;12948
Indicador  3.4.1;1706;5836;35;São Paulo;12948;2020;6794;Total;1149;45 a 49 anos;12948
Indicador  3.4.1;1706;8988;35;São Paulo;12948;2020;6794;Total;1150;50 a 54 anos;12948
Indicador  3.4.1;1706;13331;35;São Paulo;12948;2020;6794;Total;1151;55 a 59 anos;12948
Indicador  3.4.1;1706;18183;35;São Paulo;12948;2020;6794;Total;1152;60 a 64 anos;12948
Indicador  3.4.1;1706;21250;35;São Paulo;12948;2020;6794;Total;1153;65 a 69 anos;12948
Indicador  3.4.1;1706;43387;35;São Paulo;12948;2020;4;Homens;56742;30 a 69 anos;12948
Indicador  3.4.1;1706;813;35;São Paulo;12948;2020;4;Homens;1146;30 a 34 anos;12948
Indicador  3.4.1;1706;1326;35;São Paulo;12948;2020;4;Homens;1147;35 a 39 anos;12948
Indicador  3.4.1;1706;2029;35;São Paulo;12948;2020;4;Homens;1148;40 a 44 anos;12948
Indicador  3.4.1;1706;3203;35;São Paulo;12948;2020;4;Homens;1149;45 a 49 anos;12948
Indicador  3.4.1;1706;5304;35;São Paulo;12948;2020;4;Homens;1150;50 a 54 anos;12948
Indicador  3.4.1;1706;7815;35;São Paulo;12948;2020;4;Homens;1151;55 a 59 anos;12948
Indicador  3.4.1;1706;10601;35;São Paulo;12948;2020;4;Homens;1152;60 a 64 anos;12948
Indicador  3.4.1;1706;12296;35;São Paulo;12948;2020;4;Homens;1153;65 a 69 anos;12948
Indicador  3.4.1;1706;31922;35;São Paulo;12948;2020;5;Mulheres;56742;30 a 69 anos;12948
Indicador  3.4.1;1706;657;35;São Paulo;12948;2020;5;Mulheres;1146;30 a 34 anos;12948
Indicador  3.4.1;1706;1076;35;São Paulo;12948;2020;5;Mulheres;1147;35 a 39 anos;12948
Indicador  3.4.1;1706;1825;35;São Paulo;12948;2020;5;Mulheres;1148;40 a 44 anos;12948
Indicador  3.4.1;1706;2633;35;São Paulo;12948;2020;5;Mulheres;1149;45 a 49 anos;12948
Indicador  3.4.1;1706;3683;35;São Paulo;12948;2020;5;Mulheres;1150;50 a 54 anos;12948
Indicador  3.4.1;1706;5515;35;São Paulo;12948;2020;5;Mulheres;1151;55 a 59 anos;12948
Indicador  3.4.1;1706;7580;35;São Paulo;12948;2020;5;Mulheres;1152;60 a 64 anos;12948
Indicador  3.4.1;1706;8953;35;São Paulo;12948;2020;5;Mulheres;1153;65 a 69 anos;12948
Indicador  3.4.1;1706;77505;35;São Paulo;12948;2021;6794;Total;56742;30 a 69 anos;12948
Indicador  3.4.1;1706;1420;35;São Paulo;12948;2021;6794;Total;1146;30 a 34 anos;12948
Indicador  3.4.1;1706;2461;35;São Paulo;12948;2021;6794;Total;1147;35 a 39 anos;12948
Indicador  3.4.1;1706;3940;35;São Paulo;12948;2021;6794;Total;1148;40 a 44 anos;12948
Indicador  3.4.1;1706;6014;35;São Paulo;12948;2021;6794;Total;1149;45 a 49 anos;12948
Indicador  3.4.1;1706;8944;35;São Paulo;12948;2021;6794;Total;1150;50 a 54 anos;12948
Indicador  3.4.1;1706;13649;35;São Paulo;12948;2021;6794;Total;1151;55 a 59 anos;12948
Indicador  3.4.1;1706;18367;35;São Paulo;12948;2021;6794;Total;1152;60 a 64 anos;12948
Indicador  3.4.1;1706;22710;35;São Paulo;12948;2021;6794;Total;1153;65 a 69 anos;12948
Indicador  3.4.1;1706;44636;35;São Paulo;12948;2021;4;Homens;56742;30 a 69 anos;12948
Indicador  3.4.1;1706;741;35;São Paulo;12948;2021;4;Homens;1146;30 a 34 anos;12948
Indicador  3.4.1;1706;1296;35;São Paulo;12948;2021;4;Homens;1147;35 a 39 anos;12948
Indicador  3.4.1;1706;2118;35;São Paulo;12948;2021;4;Homens;1148;40 a 44 anos;12948
Indicador  3.4.1;1706;3329;35;São Paulo;12948;2021;4;Homens;1149;45 a 49 anos;12948
Indicador  3.4.1;1706;5168;35;São Paulo;12948;2021;4;Homens;1150;50 a 54 anos;12948
Indicador  3.4.1;1706;7945;35;São Paulo;12948;2021;4;Homens;1151;55 a 59 anos;12948
Indicador  3.4.1;1706;10877;35;São Paulo;12948;2021;4;Homens;1152;60 a 64 anos;12948
Indicador  3.4.1;1706;13162;35;São Paulo;12948;2021;4;Homens;1153;65 a 69 anos;12948
Indicador  3.4.1;1706;32866;35;São Paulo;12948;2021;5;Mulheres;56742;30 a 69 anos;12948
Indicador  3.4.1;1706;679;35;São Paulo;12948;2021;5;Mulheres;1146;30 a 34 anos;12948
Indicador  3.4.1;1706;1165;35;São Paulo;12948;2021;5;Mulheres;1147;35 a 39 anos;12948
Indicador  3.4.1;1706;1822;35;São Paulo;12948;2021;5;Mulheres;1148;40 a 44 anos;12948
Indicador  3.4.1;1706;2684;35;São Paulo;12948;2021;5;Mulheres;1149;45 a 49 anos;12948
Indicador  3.4.1;1706;3776;35;São Paulo;12948;2021;5;Mulheres;1150;50 a 54 anos;12948
Indicador  3.4.1;1706;5704;35;São Paulo;12948;2021;5;Mulheres;1151;55 a 59 anos;12948
Indicador  3.4.1;1706;7488;35;São Paulo;12948;2021;5;Mulheres;1152;60 a 64 anos;12948
Indicador  3.4.1;1706;9548;35;São Paulo;12948;2021;5;Mulheres;1153;65 a 69 anos;12948
Indicador  3.4.1;1706;79389;35;São Paulo;12948;2022;6794;Total;56742;30 a 69 anos;12948
Indicador  3.4.1;1706;1551;35;São Paulo;12948;2022;6794;Total;1146;30 a 34 anos;12948
Indicador  3.4.1;1706;2507;35;São Paulo;12948;2022;6794;Total;1147;35 a 39 anos;12948
Indicador  3.4.1;1706;4164;35;São Paulo;12948;2022;6794;Total;1148;40 a 44 anos;12948
Indicador  3.4.1;1706;6117;35;São Paulo;12948;2022;6794;Total;1149;45 a 49 anos;12948
Indicador  3.4.1;1706;9078;35;São Paulo;12948;2022;6794;Total;1150;50 a 54 anos;12948
Indicador  3.4.1;1706;13524;35;São Paulo;12948;2022;6794;Total;1151;55 a 59 anos;12948
Indicador  3.4.1;1706;18801;35;São Paulo;12948;2022;6794;Total;1152;60 a 64 anos;12948
Indicador  3.4.1;1706;23647;35;São Paulo;12948;2022;6794;Total;1153;65 a 69 anos;12948
Indicador  3.4.1;1706;45722;35;São Paulo;12948;2022;4;Homens;56742;30 a 69 anos;12948
Indicador  3.4.1;1706;842;35;São Paulo;12948;2022;4;Homens;1146;30 a 34 anos;12948
Indicador  3.4.1;1706;1348;35;São Paulo;12948;2022;4;Homens;1147;35 a 39 anos;12948
Indicador  3.4.1;1706;2270;35;São Paulo;12948;2022;4;Homens;1148;40 a 44 anos;12948
Indicador  3.4.1;1706;3366;35;São Paulo;12948;2022;4;Homens;1149;45 a 49 anos;12948
Indicador  3.4.1;1706;5252;35;São Paulo;12948;2022;4;Homens;1150;50 a 54 anos;12948
Indicador  3.4.1;1706;7996;35;São Paulo;12948;2022;4;Homens;1151;55 a 59 anos;12948
Indicador  3.4.1;1706;11010;35;São Paulo;12948;2022;4;Homens;1152;60 a 64 anos;12948
Indicador  3.4.1;1706;13638;35;São Paulo;12948;2022;4;Homens;1153;65 a 69 anos;12948
Indicador  3.4.1;1706;33664;35;São Paulo;12948;2022;5;Mulheres;56742;30 a 69 anos;12948
Indicador  3.4.1;1706;709;35;São Paulo;12948;2022;5;Mulheres;1146;30 a 34 anos;12948
Indicador  3.4.1;1706;1159;35;São Paulo;12948;2022;5;Mulheres;1147;35 a 39 anos;12948
Indicador  3.4.1;1706;1894;35;São Paulo;12948;2022;5;Mulheres;1148;40 a 44 anos;12948
Indicador  3.4.1;1706;2751;35;São Paulo;12948;2022;5;Mulheres;1149;45 a 49 anos;12948
Indicador  3.4.1;1706;3826;35;São Paulo;12948;2022;5;Mulheres;1150;50 a 54 anos;12948
Indicador  3.4.1;1706;5528;35;São Paulo;12948;2022;5;Mulheres;1151;55 a 59 anos;12948
Indicador  3.4.1;1706;7791;35;São Paulo;12948;2022;5;Mulheres;1152;60 a 64 anos;12948
Indicador  3.4.1;1706;10006;35;São Paulo;12948;2022;5;Mulheres;1153;65 a 69 anos;12948
Indicador  3.4.1;1706;18064;41;Paraná;12948;2018;6794;Total;56742;30 a 69 anos;12948
Indicador  3.4.1;1706;318;41;Paraná;12948;2018;6794;Total;1146;30 a 34 anos;12948
Indicador  3.4.1;1706;537;41;Paraná;12948;2018;6794;Total;1147;35 a 39 anos;12948
Indicador  3.4.1;1706;805;41;Paraná;12948;2018;6794;Total;1148;40 a 44 anos;12948
Indicador  3.4.1;1706;1392;41;Paraná;12948;2018;6794;Total;1149;45 a 49 anos;12948
Indicador  3.4.1;1706;2191;41;Paraná;12948;2018;6794;Total;1150;50 a 54 anos;12948
Indicador  3.4.1;1706;3203;41;Paraná;12948;2018;6794;Total;1151;55 a 59 anos;12948
Indicador  3.4.1;1706;4423;41;Paraná;12948;2018;6794;Total;1152;60 a 64 anos;12948
Indicador  3.4.1;1706;5195;41;Paraná;12948;2018;6794;Total;1153;65 a 69 anos;12948
Indicador  3.4.1;1706;10315;41;Paraná;12948;2018;4;Homens;56742;30 a 69 anos;12948
Indicador  3.4.1;1706;164;41;Paraná;12948;2018;4;Homens;1146;30 a 34 anos;12948
Indicador  3.4.1;1706;245;41;Paraná;12948;2018;4;Homens;1147;35 a 39 anos;12948
Indicador  3.4.1;1706;392;41;Paraná;12948;2018;4;Homens;1148;40 a 44 anos;12948
Indicador  3.4.1;1706;773;41;Paraná;12948;2018;4;Homens;1149;45 a 49 anos;12948
Indicador  3.4.1;1706;1242;41;Paraná;12948;2018;4;Homens;1150;50 a 54 anos;12948
Indicador  3.4.1;1706;1875;41;Paraná;12948;2018;4;Homens;1151;55 a 59 anos;12948
Indicador  3.4.1;1706;2577;41;Paraná;12948;2018;4;Homens;1152;60 a 64 anos;12948
Indicador  3.4.1;1706;3047;41;Paraná;12948;2018;4;Homens;1153;65 a 69 anos;12948
Indicador  3.4.1;1706;7748;41;Paraná;12948;2018;5;Mulheres;56742;30 a 69 anos;12948
Indicador  3.4.1;1706;154;41;Paraná;12948;2018;5;Mulheres;1146;30 a 34 anos;12948
Indicador  3.4.1;1706;292;41;Paraná;12948;2018;5;Mulheres;1147;35 a 39 anos;12948
Indicador  3.4.1;1706;412;41;Paraná;12948;2018;5;Mulheres;1148;40 a 44 anos;12948
Indicador  3.4.1;1706;619;41;Paraná;12948;2018;5;Mulheres;1149;45 a 49 anos;12948
Indicador  3.4.1;1706;949;41;Paraná;12948;2018;5;Mulheres;1150;50 a 54 anos;12948
Indicador  3.4.1;1706;1328;41;Paraná;12948;2018;5;Mulheres;1151;55 a 59 anos;12948
Indicador  3.4.1;1706;1846;41;Paraná;12948;2018;5;Mulheres;1152;60 a 64 anos;12948
Indicador  3.4.1;1706;2148;41;Paraná;12948;2018;5;Mulheres;1153;65 a 69 anos;12948
Indicador  3.4.1;1706;17813;41;Paraná;12948;2019;6794;Total;56742;30 a 69 anos;12948
Indicador  3.4.1;1706;268;41;Paraná;12948;2019;6794;Total;1146;30 a 34 anos;12948
Indicador  3.4.1;1706;484;41;Paraná;12948;2019;6794;Total;1147;35 a 39 anos;12948
Indicador  3.4.1;1706;747;41;Paraná;12948;2019;6794;Total;1148;40 a 44 anos;12948
Indicador  3.4.1;1706;1322;41;Paraná;12948;2019;6794;Total;1149;45 a 49 anos;12948
Indicador  3.4.1;1706;2186;41;Paraná;12948;2019;6794;Total;1150;50 a 54 anos;12948
Indicador  3.4.1;1706;3245;41;Paraná;12948;2019;6794;Total;1151;55 a 59 anos;12948
Indicador  3.4.1;1706;4384;41;Paraná;12948;2019;6794;Total;1152;60 a 64 anos;12948
Indicador  3.4.1;1706;5177;41;Paraná;12948;2019;6794;Total;1153;65 a 69 anos;12948
Indicador  3.4.1;1706;10175;41;Paraná;12948;2019;4;Homens;56742;30 a 69 anos;12948
Indicador  3.4.1;1706;123;41;Paraná;12948;2019;4;Homens;1146;30 a 34 anos;12948
Indicador  3.4.1;1706;232;41;Paraná;12948;2019;4;Homens;1147;35 a 39 anos;12948
Indicador  3.4.1;1706;381;41;Paraná;12948;2019;4;Homens;1148;40 a 44 anos;12948
Indicador  3.4.1;1706;690;41;Paraná;12948;2019;4;Homens;1149;45 a 49 anos;12948
Indicador  3.4.1;1706;1255;41;Paraná;12948;2019;4;Homens;1150;50 a 54 anos;12948
Indicador  3.4.1;1706;1906;41;Paraná;12948;2019;4;Homens;1151;55 a 59 anos;12948
Indicador  3.4.1;1706;2623;41;Paraná;12948;2019;4;Homens;1152;60 a 64 anos;12948
Indicador  3.4.1;1706;2965;41;Paraná;12948;2019;4;Homens;1153;65 a 69 anos;12948
Indicador  3.4.1;1706;7637;41;Paraná;12948;2019;5;Mulheres;56742;30 a 69 anos;12948
Indicador  3.4.1;1706;145;41;Paraná;12948;2019;5;Mulheres;1146;30 a 34 anos;12948
Indicador  3.4.1;1706;252;41;Paraná;12948;2019;5;Mulheres;1147;35 a 39 anos;12948
Indicador  3.4.1;1706;366;41;Paraná;12948;2019;5;Mulheres;1148;40 a 44 anos;12948
Indicador  3.4.1;1706;631;41;Paraná;12948;2019;5;Mulheres;1149;45 a 49 anos;12948
Indicador  3.4.1;1706;931;41;Paraná;12948;2019;5;Mulheres;1150;50 a 54 anos;12948
Indicador  3.4.1;1706;1339;41;Paraná;12948;2019;5;Mulheres;1151;55 a 59 anos;12948
Indicador  3.4.1;1706;1761;41;Paraná;12948;2019;5;Mulheres;1152;60 a 64 anos;12948
Indicador  3.4.1;1706;2212;41;Paraná;12948;2019;5;Mulheres;1153;65 a 69 anos;12948
Indicador  3.4.1;1706;17936;41;Paraná;12948;2020;6794;Total;56742;30 a 69 anos;12948
Indicador  3.4.1;1706;274;41;Paraná;12948;2020;6794;Total;1146;30 a 34 anos;12948
Indicador  3.4.1;1706;511;41;Paraná;12948;2020;6794;Total;1147;35 a 39 anos;12948
Indicador  3.4.1;1706;801;41;Paraná;12948;2020;6794;Total;1148;40 a 44 anos;12948
Indicador  3.4.1;1706;1288;41;Paraná;12948;2020;6794;Total;1149;45 a 49 anos;12948
Indicador  3.4.1;1706;2124;41;Paraná;12948;2020;6794;Total;1150;50 a 54 anos;12948
Indicador  3.4.1;1706;3318;41;Paraná;12948;2020;6794;Total;1151;55 a 59 anos;12948
Indicador  3.4.1;1706;4334;41;Paraná;12948;2020;6794;Total;1152;60 a 64 anos;12948
Indicador  3.4.1;1706;5286;41;Paraná;12948;2020;6794;Total;1153;65 a 69 anos;12948
Indicador  3.4.1;1706;10392;41;Paraná;12948;2020;4;Homens;56742;30 a 69 anos;12948
Indicador  3.4.1;1706;138;41;Paraná;12948;2020;4;Homens;1146;30 a 34 anos;12948
Indicador  3.4.1;1706;238;41;Paraná;12948;2020;4;Homens;1147;35 a 39 anos;12948
Indicador  3.4.1;1706;420;41;Paraná;12948;2020;4;Homens;1148;40 a 44 anos;12948
Indicador  3.4.1;1706;700;41;Paraná;12948;2020;4;Homens;1149;45 a 49 anos;12948
Indicador  3.4.1;1706;1236;41;Paraná;12948;2020;4;Homens;1150;50 a 54 anos;12948
Indicador  3.4.1;1706;1983;41;Paraná;12948;2020;4;Homens;1151;55 a 59 anos;12948
Indicador  3.4.1;1706;2575;41;Paraná;12948;2020;4;Homens;1152;60 a 64 anos;12948
Indicador  3.4.1;1706;3102;41;Paraná;12948;2020;4;Homens;1153;65 a 69 anos;12948
Indicador  3.4.1;1706;7544;41;Paraná;12948;2020;5;Mulheres;56742;30 a 69 anos;12948
Indicador  3.4.1;1706;136;41;Paraná;12948;2020;5;Mulheres;1146;30 a 34 anos;12948
Indicador  3.4.1;1706;273;41;Paraná;12948;2020;5;Mulheres;1147;35 a 39 anos;12948
Indicador  3.4.1;1706;381;41;Paraná;12948;2020;5;Mulheres;1148;40 a 44 anos;12948
Indicador  3.4.1;1706;588;41;Paraná;12948;2020;5;Mulheres;1149;45 a 49 anos;12948
Indicador  3.4.1;1706;888;41;Paraná;12948;2020;5;Mulheres;1150;50 a 54 anos;12948
Indicador  3.4.1;1706;1335;41;Paraná;12948;2020;5;Mulheres;1151;55 a 59 anos;12948
Indicador  3.4.1;1706;1759;41;Paraná;12948;2020;5;Mulheres;1152;60 a 64 anos;12948
Indicador  3.4.1;1706;2184;41;Paraná;12948;2020;5;Mulheres;1153;65 a 69 anos;12948
Indicador  3.4.1;1706;18700;41;Paraná;12948;2021;6794;Total;56742;30 a 69 anos;12948
Indicador  3.4.1;1706;294;41;Paraná;12948;2021;6794;Total;1146;30 a 34 anos;12948
Indicador  3.4.1;1706;501;41;Paraná;12948;2021;6794;Total;1147;35 a 39 anos;12948
Indicador  3.4.1;1706;838;41;Paraná;12948;2021;6794;Total;1148;40 a 44 anos;12948
Indicador  3.4.1;1706;1413;41;Paraná;12948;2021;6794;Total;1149;45 a 49 anos;12948
Indicador  3.4.1;1706;2099;41;Paraná;12948;2021;6794;Total;1150;50 a 54 anos;12948
Indicador  3.4.1;1706;3293;41;Paraná;12948;2021;6794;Total;1151;55 a 59 anos;12948
Indicador  3.4.1;1706;4578;41;Paraná;12948;2021;6794;Total;1152;60 a 64 anos;12948
Indicador  3.4.1;1706;5684;41;Paraná;12948;2021;6794;Total;1153;65 a 69 anos;12948
Indicador  3.4.1;1706;10631;41;Paraná;12948;2021;4;Homens;56742;30 a 69 anos;12948
Indicador  3.4.1;1706;147;41;Paraná;12948;2021;4;Homens;1146;30 a 34 anos;12948
Indicador  3.4.1;1706;257;41;Paraná;12948;2021;4;Homens;1147;35 a 39 anos;12948
Indicador  3.4.1;1706;434;41;Paraná;12948;2021;4;Homens;1148;40 a 44 anos;12948
Indicador  3.4.1;1706;742;41;Paraná;12948;2021;4;Homens;1149;45 a 49 anos;12948
Indicador  3.4.1;1706;1220;41;Paraná;12948;2021;4;Homens;1150;50 a 54 anos;12948
Indicador  3.4.1;1706;1894;41;Paraná;12948;2021;4;Homens;1151;55 a 59 anos;12948
Indicador  3.4.1;1706;2684;41;Paraná;12948;2021;4;Homens;1152;60 a 64 anos;12948
Indicador  3.4.1;1706;3253;41;Paraná;12948;2021;4;Homens;1153;65 a 69 anos;12948
Indicador  3.4.1;1706;8068;41;Paraná;12948;2021;5;Mulheres;56742;30 a 69 anos;12948
Indicador  3.4.1;1706;147;41;Paraná;12948;2021;5;Mulheres;1146;30 a 34 anos;12948
Indicador  3.4.1;1706;244;41;Paraná;12948;2021;5;Mulheres;1147;35 a 39 anos;12948
Indicador  3.4.1;1706;403;41;Paraná;12948;2021;5;Mulheres;1148;40 a 44 anos;12948
Indicador  3.4.1;1706;671;41;Paraná;12948;2021;5;Mulheres;1149;45 a 49 anos;12948
Indicador  3.4.1;1706;879;41;Paraná;12948;2021;5;Mulheres;1150;50 a 54 anos;12948
Indicador  3.4.1;1706;1399;41;Paraná;12948;2021;5;Mulheres;1151;55 a 59 anos;12948
Indicador  3.4.1;1706;1894;41;Paraná;12948;2021;5;Mulheres;1152;60 a 64 anos;12948
Indicador  3.4.1;1706;2431;41;Paraná;12948;2021;5;Mulheres;1153;65 a 69 anos;12948
Indicador  3.4.1;1706;19390;41;Paraná;12948;2022;6794;Total;56742;30 a 69 anos;12948
Indicador  3.4.1;1706;309;41;Paraná;12948;2022;6794;Total;1146;30 a 34 anos;12948
Indicador  3.4.1;1706;528;41;Paraná;12948;2022;6794;Total;1147;35 a 39 anos;12948
Indicador  3.4.1;1706;891;41;Paraná;12948;2022;6794;Total;1148;40 a 44 anos;12948
Indicador  3.4.1;1706;1409;41;Paraná;12948;2022;6794;Total;1149;45 a 49 anos;12948
Indicador  3.4.1;1706;2188;41;Paraná;12948;2022;6794;Total;1150;50 a 54 anos;12948
Indicador  3.4.1;1706;3405;41;Paraná;12948;2022;6794;Total;1151;55 a 59 anos;12948
Indicador  3.4.1;1706;4633;41;Paraná;12948;2022;6794;Total;1152;60 a 64 anos;12948
Indicador  3.4.1;1706;6027;41;Paraná;12948;2022;6794;Total;1153;65 a 69 anos;12948
Indicador  3.4.1;1706;10976;41;Paraná;12948;2022;4;Homens;56742;30 a 69 anos;12948
Indicador  3.4.1;1706;155;41;Paraná;12948;2022;4;Homens;1146;30 a 34 anos;12948
Indicador  3.4.1;1706;244;41;Paraná;12948;2022;4;Homens;1147;35 a 39 anos;12948
Indicador  3.4.1;1706;468;41;Paraná;12948;2022;4;Homens;1148;40 a 44 anos;12948
Indicador  3.4.1;1706;750;41;Paraná;12948;2022;4;Homens;1149;45 a 49 anos;12948
Indicador  3.4.1;1706;1232;41;Paraná;12948;2022;4;Homens;1150;50 a 54 anos;12948
Indicador  3.4.1;1706;2021;41;Paraná;12948;2022;4;Homens;1151;55 a 59 anos;12948
Indicador  3.4.1;1706;2686;41;Paraná;12948;2022;4;Homens;1152;60 a 64 anos;12948
Indicador  3.4.1;1706;3420;41;Paraná;12948;2022;4;Homens;1153;65 a 69 anos;12948
Indicador  3.4.1;1706;8414;41;Paraná;12948;2022;5;Mulheres;56742;30 a 69 anos;12948
Indicador  3.4.1;1706;154;41;Paraná;12948;2022;5;Mulheres;1146;30 a 34 anos;12948
Indicador  3.4.1;1706;284;41;Paraná;12948;2022;5;Mulheres;1147;35 a 39 anos;12948
Indicador  3.4.1;1706;423;41;Paraná;12948;2022;5;Mulheres;1148;40 a 44 anos;12948
Indicador  3.4.1;1706;659;41;Paraná;12948;2022;5;Mulheres;1149;45 a 49 anos;12948
Indicador  3.4.1;1706;956;41;Paraná;12948;2022;5;Mulheres;1150;50 a 54 anos;12948
Indicador  3.4.1;1706;1384;41;Paraná;12948;2022;5;Mulheres;1151;55 a 59 anos;12948
Indicador  3.4.1;1706;1947;41;Paraná;12948;2022;5;Mulheres;1152;60 a 64 anos;12948
Indicador  3.4.1;1706;2607;41;Paraná;12948;2022;5;Mulheres;1153;65 a 69 anos;12948
Indicador  3.4.1;1706;10660;42;Santa Catarina;12948;2018;6794;Total;56742;30 a 69 anos;12948
Indicador  3.4.1;1706;186;42;Santa Catarina;12948;2018;6794;Total;1146;30 a 34 anos;12948
Indicador  3.4.1;1706;305;42;Santa Catarina;12948;2018;6794;Total;1147;35 a 39 anos;12948
Indicador  3.4.1;1706;486;42;Santa Catarina;12948;2018;6794;Total;1148;40 a 44 anos;12948
Indicador  3.4.1;1706;805;42;Santa Catarina;12948;2018;6794;Total;1149;45 a 49 anos;12948
Indicador  3.4.1;1706;1386;42;Santa Catarina;12948;2018;6794;Total;1150;50 a 54 anos;12948
Indicador  3.4.1;1706;1920;42;Santa Catarina;12948;2018;6794;Total;1151;55 a 59 anos;12948
Indicador  3.4.1;1706;2547;42;Santa Catarina;12948;2018;6794;Total;1152;60 a 64 anos;12948
Indicador  3.4.1;1706;3025;42;Santa Catarina;12948;2018;6794;Total;1153;65 a 69 anos;12948
Indicador  3.4.1;1706;6256;42;Santa Catarina;12948;2018;4;Homens;56742;30 a 69 anos;12948
Indicador  3.4.1;1706;93;42;Santa Catarina;12948;2018;4;Homens;1146;30 a 34 anos;12948
Indicador  3.4.1;1706;139;42;Santa Catarina;12948;2018;4;Homens;1147;35 a 39 anos;12948
Indicador  3.4.1;1706;236;42;Santa Catarina;12948;2018;4;Homens;1148;40 a 44 anos;12948
Indicador  3.4.1;1706;437;42;Santa Catarina;12948;2018;4;Homens;1149;45 a 49 anos;12948
Indicador  3.4.1;1706;804;42;Santa Catarina;12948;2018;4;Homens;1150;50 a 54 anos;12948
Indicador  3.4.1;1706;1137;42;Santa Catarina;12948;2018;4;Homens;1151;55 a 59 anos;12948
Indicador  3.4.1;1706;1574;42;Santa Catarina;12948;2018;4;Homens;1152;60 a 64 anos;12948
Indicador  3.4.1;1706;1836;42;Santa Catarina;12948;2018;4;Homens;1153;65 a 69 anos;12948
Indicador  3.4.1;1706;4404;42;Santa Catarina;12948;2018;5;Mulheres;56742;30 a 69 anos;12948
Indicador  3.4.1;1706;93;42;Santa Catarina;12948;2018;5;Mulheres;1146;30 a 34 anos;12948
Indicador  3.4.1;1706;166;42;Santa Catarina;12948;2018;5;Mulheres;1147;35 a 39 anos;12948
Indicador  3.4.1;1706;250;42;Santa Catarina;12948;2018;5;Mulheres;1148;40 a 44 anos;12948
Indicador  3.4.1;1706;368;42;Santa Catarina;12948;2018;5;Mulheres;1149;45 a 49 anos;12948
Indicador  3.4.1;1706;582;42;Santa Catarina;12948;2018;5;Mulheres;1150;50 a 54 anos;12948
Indicador  3.4.1;1706;783;42;Santa Catarina;12948;2018;5;Mulheres;1151;55 a 59 anos;12948
Indicador  3.4.1;1706;973;42;Santa Catarina;12948;2018;5;Mulheres;1152;60 a 64 anos;12948
Indicador  3.4.1;1706;1189;42;Santa Catarina;12948;2018;5;Mulheres;1153;65 a 69 anos;12948
Indicador  3.4.1;1706;10770;42;Santa Catarina;12948;2019;6794;Total;56742;30 a 69 anos;12948
Indicador  3.4.1;1706;196;42;Santa Catarina;12948;2019;6794;Total;1146;30 a 34 anos;12948
Indicador  3.4.1;1706;278;42;Santa Catarina;12948;2019;6794;Total;1147;35 a 39 anos;12948
Indicador  3.4.1;1706;464;42;Santa Catarina;12948;2019;6794;Total;1148;40 a 44 anos;12948
Indicador  3.4.1;1706;723;42;Santa Catarina;12948;2019;6794;Total;1149;45 a 49 anos;12948
Indicador  3.4.1;1706;1319;42;Santa Catarina;12948;2019;6794;Total;1150;50 a 54 anos;12948
Indicador  3.4.1;1706;2022;42;Santa Catarina;12948;2019;6794;Total;1151;55 a 59 anos;12948
Indicador  3.4.1;1706;2614;42;Santa Catarina;12948;2019;6794;Total;1152;60 a 64 anos;12948
Indicador  3.4.1;1706;3154;42;Santa Catarina;12948;2019;6794;Total;1153;65 a 69 anos;12948
Indicador  3.4.1;1706;6241;42;Santa Catarina;12948;2019;4;Homens;56742;30 a 69 anos;12948
Indicador  3.4.1;1706;101;42;Santa Catarina;12948;2019;4;Homens;1146;30 a 34 anos;12948
Indicador  3.4.1;1706;126;42;Santa Catarina;12948;2019;4;Homens;1147;35 a 39 anos;12948
Indicador  3.4.1;1706;232;42;Santa Catarina;12948;2019;4;Homens;1148;40 a 44 anos;12948
Indicador  3.4.1;1706;381;42;Santa Catarina;12948;2019;4;Homens;1149;45 a 49 anos;12948
Indicador  3.4.1;1706;751;42;Santa Catarina;12948;2019;4;Homens;1150;50 a 54 anos;12948
Indicador  3.4.1;1706;1199;42;Santa Catarina;12948;2019;4;Homens;1151;55 a 59 anos;12948
Indicador  3.4.1;1706;1567;42;Santa Catarina;12948;2019;4;Homens;1152;60 a 64 anos;12948
Indicador  3.4.1;1706;1884;42;Santa Catarina;12948;2019;4;Homens;1153;65 a 69 anos;12948
Indicador  3.4.1;1706;4529;42;Santa Catarina;12948;2019;5;Mulheres;56742;30 a 69 anos;12948
Indicador  3.4.1;1706;95;42;Santa Catarina;12948;2019;5;Mulheres;1146;30 a 34 anos;12948
Indicador  3.4.1;1706;152;42;Santa Catarina;12948;2019;5;Mulheres;1147;35 a 39 anos;12948
Indicador  3.4.1;1706;232;42;Santa Catarina;12948;2019;5;Mulheres;1148;40 a 44 anos;12948
Indicador  3.4.1;1706;342;42;Santa Catarina;12948;2019;5;Mulheres;1149;45 a 49 anos;12948
Indicador  3.4.1;1706;568;42;Santa Catarina;12948;2019;5;Mulheres;1150;50 a 54 anos;12948
Indicador  3.4.1;1706;823;42;Santa Catarina;12948;2019;5;Mulheres;1151;55 a 59 anos;12948
Indicador  3.4.1;1706;1047;42;Santa Catarina;12948;2019;5;Mulheres;1152;60 a 64 anos;12948
Indicador  3.4.1;1706;1270;42;Santa Catarina;12948;2019;5;Mulheres;1153;65 a 69 anos;12948
Indicador  3.4.1;1706;10669;42;Santa Catarina;12948;2020;6794;Total;56742;30 a 69 anos;12948
Indicador  3.4.1;1706;160;42;Santa Catarina;12948;2020;6794;Total;1146;30 a 34 anos;12948
Indicador  3.4.1;1706;334;42;Santa Catarina;12948;2020;6794;Total;1147;35 a 39 anos;12948
Indicador  3.4.1;1706;448;42;Santa Catarina;12948;2020;6794;Total;1148;40 a 44 anos;12948
Indicador  3.4.1;1706;791;42;Santa Catarina;12948;2020;6794;Total;1149;45 a 49 anos;12948
Indicador  3.4.1;1706;1322;42;Santa Catarina;12948;2020;6794;Total;1150;50 a 54 anos;12948
Indicador  3.4.1;1706;1993;42;Santa Catarina;12948;2020;6794;Total;1151;55 a 59 anos;12948
Indicador  3.4.1;1706;2577;42;Santa Catarina;12948;2020;6794;Total;1152;60 a 64 anos;12948
Indicador  3.4.1;1706;3044;42;Santa Catarina;12948;2020;6794;Total;1153;65 a 69 anos;12948
Indicador  3.4.1;1706;6274;42;Santa Catarina;12948;2020;4;Homens;56742;30 a 69 anos;12948
Indicador  3.4.1;1706;74;42;Santa Catarina;12948;2020;4;Homens;1146;30 a 34 anos;12948
Indicador  3.4.1;1706;151;42;Santa Catarina;12948;2020;4;Homens;1147;35 a 39 anos;12948
Indicador  3.4.1;1706;226;42;Santa Catarina;12948;2020;4;Homens;1148;40 a 44 anos;12948
Indicador  3.4.1;1706;439;42;Santa Catarina;12948;2020;4;Homens;1149;45 a 49 anos;12948
Indicador  3.4.1;1706;784;42;Santa Catarina;12948;2020;4;Homens;1150;50 a 54 anos;12948
Indicador  3.4.1;1706;1183;42;Santa Catarina;12948;2020;4;Homens;1151;55 a 59 anos;12948
Indicador  3.4.1;1706;1557;42;Santa Catarina;12948;2020;4;Homens;1152;60 a 64 anos;12948
Indicador  3.4.1;1706;1860;42;Santa Catarina;12948;2020;4;Homens;1153;65 a 69 anos;12948
Indicador  3.4.1;1706;4395;42;Santa Catarina;12948;2020;5;Mulheres;56742;30 a 69 anos;12948
Indicador  3.4.1;1706;86;42;Santa Catarina;12948;2020;5;Mulheres;1146;30 a 34 anos;12948
Indicador  3.4.1;1706;183;42;Santa Catarina;12948;2020;5;Mulheres;1147;35 a 39 anos;12948
Indicador  3.4.1;1706;222;42;Santa Catarina;12948;2020;5;Mulheres;1148;40 a 44 anos;12948
Indicador  3.4.1;1706;352;42;Santa Catarina;12948;2020;5;Mulheres;1149;45 a 49 anos;12948
Indicador  3.4.1;1706;538;42;Santa Catarina;12948;2020;5;Mulheres;1150;50 a 54 anos;12948
Indicador  3.4.1;1706;810;42;Santa Catarina;12948;2020;5;Mulheres;1151;55 a 59 anos;12948
Indicador  3.4.1;1706;1020;42;Santa Catarina;12948;2020;5;Mulheres;1152;60 a 64 anos;12948
Indicador  3.4.1;1706;1184;42;Santa Catarina;12948;2020;5;Mulheres;1153;65 a 69 anos;12948
Indicador  3.4.1;1706;11563;42;Santa Catarina;12948;2021;6794;Total;56742;30 a 69 anos;12948
Indicador  3.4.1;1706;203;42;Santa Catarina;12948;2021;6794;Total;1146;30 a 34 anos;12948
Indicador  3.4.1;1706;267;42;Santa Catarina;12948;2021;6794;Total;1147;35 a 39 anos;12948
Indicador  3.4.1;1706;529;42;Santa Catarina;12948;2021;6794;Total;1148;40 a 44 anos;12948
Indicador  3.4.1;1706;840;42;Santa Catarina;12948;2021;6794;Total;1149;45 a 49 anos;12948
Indicador  3.4.1;1706;1292;42;Santa Catarina;12948;2021;6794;Total;1150;50 a 54 anos;12948
Indicador  3.4.1;1706;2208;42;Santa Catarina;12948;2021;6794;Total;1151;55 a 59 anos;12948
Indicador  3.4.1;1706;2747;42;Santa Catarina;12948;2021;6794;Total;1152;60 a 64 anos;12948
Indicador  3.4.1;1706;3477;42;Santa Catarina;12948;2021;6794;Total;1153;65 a 69 anos;12948
Indicador  3.4.1;1706;6748;42;Santa Catarina;12948;2021;4;Homens;56742;30 a 69 anos;12948
Indicador  3.4.1;1706;101;42;Santa Catarina;12948;2021;4;Homens;1146;30 a 34 anos;12948
Indicador  3.4.1;1706;124;42;Santa Catarina;12948;2021;4;Homens;1147;35 a 39 anos;12948
Indicador  3.4.1;1706;269;42;Santa Catarina;12948;2021;4;Homens;1148;40 a 44 anos;12948
Indicador  3.4.1;1706;475;42;Santa Catarina;12948;2021;4;Homens;1149;45 a 49 anos;12948
Indicador  3.4.1;1706;703;42;Santa Catarina;12948;2021;4;Homens;1150;50 a 54 anos;12948
Indicador  3.4.1;1706;1329;42;Santa Catarina;12948;2021;4;Homens;1151;55 a 59 anos;12948
Indicador  3.4.1;1706;1683;42;Santa Catarina;12948;2021;4;Homens;1152;60 a 64 anos;12948
Indicador  3.4.1;1706;2064;42;Santa Catarina;12948;2021;4;Homens;1153;65 a 69 anos;12948
Indicador  3.4.1;1706;4815;42;Santa Catarina;12948;2021;5;Mulheres;56742;30 a 69 anos;12948
Indicador  3.4.1;1706;102;42;Santa Catarina;12948;2021;5;Mulheres;1146;30 a 34 anos;12948
Indicador  3.4.1;1706;143;42;Santa Catarina;12948;2021;5;Mulheres;1147;35 a 39 anos;12948
Indicador  3.4.1;1706;260;42;Santa Catarina;12948;2021;5;Mulheres;1148;40 a 44 anos;12948
Indicador  3.4.1;1706;365;42;Santa Catarina;12948;2021;5;Mulheres;1149;45 a 49 anos;12948
Indicador  3.4.1;1706;589;42;Santa Catarina;12948;2021;5;Mulheres;1150;50 a 54 anos;12948
Indicador  3.4.1;1706;879;42;Santa Catarina;12948;2021;5;Mulheres;1151;55 a 59 anos;12948
Indicador  3.4.1;1706;1064;42;Santa Catarina;12948;2021;5;Mulheres;1152;60 a 64 anos;12948
Indicador  3.4.1;1706;1413;42;Santa Catarina;12948;2021;5;Mulheres;1153;65 a 69 anos;12948
Indicador  3.4.1;1706;11999;42;Santa Catarina;12948;2022;6794;Total;56742;30 a 69 anos;12948
Indicador  3.4.1;1706;204;42;Santa Catarina;12948;2022;6794;Total;1146;30 a 34 anos;12948
Indicador  3.4.1;1706;320;42;Santa Catarina;12948;2022;6794;Total;1147;35 a 39 anos;12948
Indicador  3.4.1;1706;577;42;Santa Catarina;12948;2022;6794;Total;1148;40 a 44 anos;12948
Indicador  3.4.1;1706;801;42;Santa Catarina;12948;2022;6794;Total;1149;45 a 49 anos;12948
Indicador  3.4.1;1706;1435;42;Santa Catarina;12948;2022;6794;Total;1150;50 a 54 anos;12948
Indicador  3.4.1;1706;2141;42;Santa Catarina;12948;2022;6794;Total;1151;55 a 59 anos;12948
Indicador  3.4.1;1706;2976;42;Santa Catarina;12948;2022;6794;Total;1152;60 a 64 anos;12948
Indicador  3.4.1;1706;3545;42;Santa Catarina;12948;2022;6794;Total;1153;65 a 69 anos;12948
Indicador  3.4.1;1706;6990;42;Santa Catarina;12948;2022;4;Homens;56742;30 a 69 anos;12948
Indicador  3.4.1;1706;92;42;Santa Catarina;12948;2022;4;Homens;1146;30 a 34 anos;12948
Indicador  3.4.1;1706;148;42;Santa Catarina;12948;2022;4;Homens;1147;35 a 39 anos;12948
Indicador  3.4.1;1706;291;42;Santa Catarina;12948;2022;4;Homens;1148;40 a 44 anos;12948
Indicador  3.4.1;1706;430;42;Santa Catarina;12948;2022;4;Homens;1149;45 a 49 anos;12948
Indicador  3.4.1;1706;840;42;Santa Catarina;12948;2022;4;Homens;1150;50 a 54 anos;12948
Indicador  3.4.1;1706;1298;42;Santa Catarina;12948;2022;4;Homens;1151;55 a 59 anos;12948
Indicador  3.4.1;1706;1801;42;Santa Catarina;12948;2022;4;Homens;1152;60 a 64 anos;12948
Indicador  3.4.1;1706;2090;42;Santa Catarina;12948;2022;4;Homens;1153;65 a 69 anos;12948
Indicador  3.4.1;1706;5009;42;Santa Catarina;12948;2022;5;Mulheres;56742;30 a 69 anos;12948
Indicador  3.4.1;1706;112;42;Santa Catarina;12948;2022;5;Mulheres;1146;30 a 34 anos;12948
Indicador  3.4.1;1706;172;42;Santa Catarina;12948;2022;5;Mulheres;1147;35 a 39 anos;12948
Indicador  3.4.1;1706;286;42;Santa Catarina;12948;2022;5;Mulheres;1148;40 a 44 anos;12948
Indicador  3.4.1;1706;371;42;Santa Catarina;12948;2022;5;Mulheres;1149;45 a 49 anos;12948
Indicador  3.4.1;1706;595;42;Santa Catarina;12948;2022;5;Mulheres;1150;50 a 54 anos;12948
Indicador  3.4.1;1706;843;42;Santa Catarina;12948;2022;5;Mulheres;1151;55 a 59 anos;12948
Indicador  3.4.1;1706;1175;42;Santa Catarina;12948;2022;5;Mulheres;1152;60 a 64 anos;12948
Indicador  3.4.1;1706;1455;42;Santa Catarina;12948;2022;5;Mulheres;1153;65 a 69 anos;12948
Indicador  3.4.1;1706;20678;43;Rio Grande do Sul;12948;2018;6794;Total;56742;30 a 69 anos;12948
Indicador  3.4.1;1706;257;43;Rio Grande do Sul;12948;2018;6794;Total;1146;30 a 34 anos;12948
Indicador  3.4.1;1706;431;43;Rio Grande do Sul;12948;2018;6794;Total;1147;35 a 39 anos;12948
Indicador  3.4.1;1706;748;43;Rio Grande do Sul;12948;2018;6794;Total;1148;40 a 44 anos;12948
Indicador  3.4.1;1706;1360;43;Rio Grande do Sul;12948;2018;6794;Total;1149;45 a 49 anos;12948
Indicador  3.4.1;1706;2372;43;Rio Grande do Sul;12948;2018;6794;Total;1150;50 a 54 anos;12948
Indicador  3.4.1;1706;3790;43;Rio Grande do Sul;12948;2018;6794;Total;1151;55 a 59 anos;12948
Indicador  3.4.1;1706;5222;43;Rio Grande do Sul;12948;2018;6794;Total;1152;60 a 64 anos;12948
Indicador  3.4.1;1706;6498;43;Rio Grande do Sul;12948;2018;6794;Total;1153;65 a 69 anos;12948
Indicador  3.4.1;1706;11956;43;Rio Grande do Sul;12948;2018;4;Homens;56742;30 a 69 anos;12948
Indicador  3.4.1;1706;124;43;Rio Grande do Sul;12948;2018;4;Homens;1146;30 a 34 anos;12948
Indicador  3.4.1;1706;203;43;Rio Grande do Sul;12948;2018;4;Homens;1147;35 a 39 anos;12948
Indicador  3.4.1;1706;373;43;Rio Grande do Sul;12948;2018;4;Homens;1148;40 a 44 anos;12948
Indicador  3.4.1;1706;692;43;Rio Grande do Sul;12948;2018;4;Homens;1149;45 a 49 anos;12948
Indicador  3.4.1;1706;1340;43;Rio Grande do Sul;12948;2018;4;Homens;1150;50 a 54 anos;12948
Indicador  3.4.1;1706;2253;43;Rio Grande do Sul;12948;2018;4;Homens;1151;55 a 59 anos;12948
Indicador  3.4.1;1706;3127;43;Rio Grande do Sul;12948;2018;4;Homens;1152;60 a 64 anos;12948
Indicador  3.4.1;1706;3844;43;Rio Grande do Sul;12948;2018;4;Homens;1153;65 a 69 anos;12948
Indicador  3.4.1;1706;8707;43;Rio Grande do Sul;12948;2018;5;Mulheres;56742;30 a 69 anos;12948
Indicador  3.4.1;1706;133;43;Rio Grande do Sul;12948;2018;5;Mulheres;1146;30 a 34 anos;12948
Indicador  3.4.1;1706;228;43;Rio Grande do Sul;12948;2018;5;Mulheres;1147;35 a 39 anos;12948
Indicador  3.4.1;1706;374;43;Rio Grande do Sul;12948;2018;5;Mulheres;1148;40 a 44 anos;12948
Indicador  3.4.1;1706;668;43;Rio Grande do Sul;12948;2018;5;Mulheres;1149;45 a 49 anos;12948
Indicador  3.4.1;1706;1029;43;Rio Grande do Sul;12948;2018;5;Mulheres;1150;50 a 54 anos;12948
Indicador  3.4.1;1706;1535;43;Rio Grande do Sul;12948;2018;5;Mulheres;1151;55 a 59 anos;12948
Indicador  3.4.1;1706;2092;43;Rio Grande do Sul;12948;2018;5;Mulheres;1152;60 a 64 anos;12948
Indicador  3.4.1;1706;2648;43;Rio Grande do Sul;12948;2018;5;Mulheres;1153;65 a 69 anos;12948
Indicador  3.4.1;1706;20782;43;Rio Grande do Sul;12948;2019;6794;Total;56742;30 a 69 anos;12948
Indicador  3.4.1;1706;267;43;Rio Grande do Sul;12948;2019;6794;Total;1146;30 a 34 anos;12948
Indicador  3.4.1;1706;466;43;Rio Grande do Sul;12948;2019;6794;Total;1147;35 a 39 anos;12948
Indicador  3.4.1;1706;777;43;Rio Grande do Sul;12948;2019;6794;Total;1148;40 a 44 anos;12948
Indicador  3.4.1;1706;1236;43;Rio Grande do Sul;12948;2019;6794;Total;1149;45 a 49 anos;12948
Indicador  3.4.1;1706;2242;43;Rio Grande do Sul;12948;2019;6794;Total;1150;50 a 54 anos;12948
Indicador  3.4.1;1706;3752;43;Rio Grande do Sul;12948;2019;6794;Total;1151;55 a 59 anos;12948
Indicador  3.4.1;1706;5448;43;Rio Grande do Sul;12948;2019;6794;Total;1152;60 a 64 anos;12948
Indicador  3.4.1;1706;6594;43;Rio Grande do Sul;12948;2019;6794;Total;1153;65 a 69 anos;12948
Indicador  3.4.1;1706;11718;43;Rio Grande do Sul;12948;2019;4;Homens;56742;30 a 69 anos;12948
Indicador  3.4.1;1706;128;43;Rio Grande do Sul;12948;2019;4;Homens;1146;30 a 34 anos;12948
Indicador  3.4.1;1706;217;43;Rio Grande do Sul;12948;2019;4;Homens;1147;35 a 39 anos;12948
Indicador  3.4.1;1706;358;43;Rio Grande do Sul;12948;2019;4;Homens;1148;40 a 44 anos;12948
Indicador  3.4.1;1706;603;43;Rio Grande do Sul;12948;2019;4;Homens;1149;45 a 49 anos;12948
Indicador  3.4.1;1706;1222;43;Rio Grande do Sul;12948;2019;4;Homens;1150;50 a 54 anos;12948
Indicador  3.4.1;1706;2187;43;Rio Grande do Sul;12948;2019;4;Homens;1151;55 a 59 anos;12948
Indicador  3.4.1;1706;3206;43;Rio Grande do Sul;12948;2019;4;Homens;1152;60 a 64 anos;12948
Indicador  3.4.1;1706;3797;43;Rio Grande do Sul;12948;2019;4;Homens;1153;65 a 69 anos;12948
Indicador  3.4.1;1706;9064;43;Rio Grande do Sul;12948;2019;5;Mulheres;56742;30 a 69 anos;12948
Indicador  3.4.1;1706;139;43;Rio Grande do Sul;12948;2019;5;Mulheres;1146;30 a 34 anos;12948
Indicador  3.4.1;1706;249;43;Rio Grande do Sul;12948;2019;5;Mulheres;1147;35 a 39 anos;12948
Indicador  3.4.1;1706;419;43;Rio Grande do Sul;12948;2019;5;Mulheres;1148;40 a 44 anos;12948
Indicador  3.4.1;1706;633;43;Rio Grande do Sul;12948;2019;5;Mulheres;1149;45 a 49 anos;12948
Indicador  3.4.1;1706;1020;43;Rio Grande do Sul;12948;2019;5;Mulheres;1150;50 a 54 anos;12948
Indicador  3.4.1;1706;1565;43;Rio Grande do Sul;12948;2019;5;Mulheres;1151;55 a 59 anos;12948
Indicador  3.4.1;1706;2242;43;Rio Grande do Sul;12948;2019;5;Mulheres;1152;60 a 64 anos;12948
Indicador  3.4.1;1706;2797;43;Rio Grande do Sul;12948;2019;5;Mulheres;1153;65 a 69 anos;12948
Indicador  3.4.1;1706;19580;43;Rio Grande do Sul;12948;2020;6794;Total;56742;30 a 69 anos;12948
Indicador  3.4.1;1706;267;43;Rio Grande do Sul;12948;2020;6794;Total;1146;30 a 34 anos;12948
Indicador  3.4.1;1706;454;43;Rio Grande do Sul;12948;2020;6794;Total;1147;35 a 39 anos;12948
Indicador  3.4.1;1706;748;43;Rio Grande do Sul;12948;2020;6794;Total;1148;40 a 44 anos;12948
Indicador  3.4.1;1706;1227;43;Rio Grande do Sul;12948;2020;6794;Total;1149;45 a 49 anos;12948
Indicador  3.4.1;1706;2105;43;Rio Grande do Sul;12948;2020;6794;Total;1150;50 a 54 anos;12948
Indicador  3.4.1;1706;3439;43;Rio Grande do Sul;12948;2020;6794;Total;1151;55 a 59 anos;12948
Indicador  3.4.1;1706;5161;43;Rio Grande do Sul;12948;2020;6794;Total;1152;60 a 64 anos;12948
Indicador  3.4.1;1706;6179;43;Rio Grande do Sul;12948;2020;6794;Total;1153;65 a 69 anos;12948
Indicador  3.4.1;1706;11183;43;Rio Grande do Sul;12948;2020;4;Homens;56742;30 a 69 anos;12948
Indicador  3.4.1;1706;117;43;Rio Grande do Sul;12948;2020;4;Homens;1146;30 a 34 anos;12948
Indicador  3.4.1;1706;209;43;Rio Grande do Sul;12948;2020;4;Homens;1147;35 a 39 anos;12948
Indicador  3.4.1;1706;361;43;Rio Grande do Sul;12948;2020;4;Homens;1148;40 a 44 anos;12948
Indicador  3.4.1;1706;653;43;Rio Grande do Sul;12948;2020;4;Homens;1149;45 a 49 anos;12948
Indicador  3.4.1;1706;1151;43;Rio Grande do Sul;12948;2020;4;Homens;1150;50 a 54 anos;12948
Indicador  3.4.1;1706;1978;43;Rio Grande do Sul;12948;2020;4;Homens;1151;55 a 59 anos;12948
Indicador  3.4.1;1706;3040;43;Rio Grande do Sul;12948;2020;4;Homens;1152;60 a 64 anos;12948
Indicador  3.4.1;1706;3674;43;Rio Grande do Sul;12948;2020;4;Homens;1153;65 a 69 anos;12948
Indicador  3.4.1;1706;8397;43;Rio Grande do Sul;12948;2020;5;Mulheres;56742;30 a 69 anos;12948
Indicador  3.4.1;1706;150;43;Rio Grande do Sul;12948;2020;5;Mulheres;1146;30 a 34 anos;12948
Indicador  3.4.1;1706;245;43;Rio Grande do Sul;12948;2020;5;Mulheres;1147;35 a 39 anos;12948
Indicador  3.4.1;1706;387;43;Rio Grande do Sul;12948;2020;5;Mulheres;1148;40 a 44 anos;12948
Indicador  3.4.1;1706;574;43;Rio Grande do Sul;12948;2020;5;Mulheres;1149;45 a 49 anos;12948
Indicador  3.4.1;1706;954;43;Rio Grande do Sul;12948;2020;5;Mulheres;1150;50 a 54 anos;12948
Indicador  3.4.1;1706;1461;43;Rio Grande do Sul;12948;2020;5;Mulheres;1151;55 a 59 anos;12948
Indicador  3.4.1;1706;2121;43;Rio Grande do Sul;12948;2020;5;Mulheres;1152;60 a 64 anos;12948
Indicador  3.4.1;1706;2505;43;Rio Grande do Sul;12948;2020;5;Mulheres;1153;65 a 69 anos;12948
Indicador  3.4.1;1706;20436;43;Rio Grande do Sul;12948;2021;6794;Total;56742;30 a 69 anos;12948
Indicador  3.4.1;1706;270;43;Rio Grande do Sul;12948;2021;6794;Total;1146;30 a 34 anos;12948
Indicador  3.4.1;1706;500;43;Rio Grande do Sul;12948;2021;6794;Total;1147;35 a 39 anos;12948
Indicador  3.4.1;1706;762;43;Rio Grande do Sul;12948;2021;6794;Total;1148;40 a 44 anos;12948
Indicador  3.4.1;1706;1308;43;Rio Grande do Sul;12948;2021;6794;Total;1149;45 a 49 anos;12948
Indicador  3.4.1;1706;2091;43;Rio Grande do Sul;12948;2021;6794;Total;1150;50 a 54 anos;12948
Indicador  3.4.1;1706;3606;43;Rio Grande do Sul;12948;2021;6794;Total;1151;55 a 59 anos;12948
Indicador  3.4.1;1706;5294;43;Rio Grande do Sul;12948;2021;6794;Total;1152;60 a 64 anos;12948
Indicador  3.4.1;1706;6605;43;Rio Grande do Sul;12948;2021;6794;Total;1153;65 a 69 anos;12948
Indicador  3.4.1;1706;11629;43;Rio Grande do Sul;12948;2021;4;Homens;56742;30 a 69 anos;12948
Indicador  3.4.1;1706;128;43;Rio Grande do Sul;12948;2021;4;Homens;1146;30 a 34 anos;12948
Indicador  3.4.1;1706;240;43;Rio Grande do Sul;12948;2021;4;Homens;1147;35 a 39 anos;12948
Indicador  3.4.1;1706;359;43;Rio Grande do Sul;12948;2021;4;Homens;1148;40 a 44 anos;12948
Indicador  3.4.1;1706;684;43;Rio Grande do Sul;12948;2021;4;Homens;1149;45 a 49 anos;12948
Indicador  3.4.1;1706;1153;43;Rio Grande do Sul;12948;2021;4;Homens;1150;50 a 54 anos;12948
Indicador  3.4.1;1706;2082;43;Rio Grande do Sul;12948;2021;4;Homens;1151;55 a 59 anos;12948
Indicador  3.4.1;1706;3117;43;Rio Grande do Sul;12948;2021;4;Homens;1152;60 a 64 anos;12948
Indicador  3.4.1;1706;3866;43;Rio Grande do Sul;12948;2021;4;Homens;1153;65 a 69 anos;12948
Indicador  3.4.1;1706;8804;43;Rio Grande do Sul;12948;2021;5;Mulheres;56742;30 a 69 anos;12948
Indicador  3.4.1;1706;142;43;Rio Grande do Sul;12948;2021;5;Mulheres;1146;30 a 34 anos;12948
Indicador  3.4.1;1706;259;43;Rio Grande do Sul;12948;2021;5;Mulheres;1147;35 a 39 anos;12948
Indicador  3.4.1;1706;403;43;Rio Grande do Sul;12948;2021;5;Mulheres;1148;40 a 44 anos;12948
Indicador  3.4.1;1706;624;43;Rio Grande do Sul;12948;2021;5;Mulheres;1149;45 a 49 anos;12948
Indicador  3.4.1;1706;938;43;Rio Grande do Sul;12948;2021;5;Mulheres;1150;50 a 54 anos;12948
Indicador  3.4.1;1706;1523;43;Rio Grande do Sul;12948;2021;5;Mulheres;1151;55 a 59 anos;12948
Indicador  3.4.1;1706;2177;43;Rio Grande do Sul;12948;2021;5;Mulheres;1152;60 a 64 anos;12948
Indicador  3.4.1;1706;2738;43;Rio Grande do Sul;12948;2021;5;Mulheres;1153;65 a 69 anos;12948
Indicador  3.4.1;1706;21565;43;Rio Grande do Sul;12948;2022;6794;Total;56742;30 a 69 anos;12948
Indicador  3.4.1;1706;251;43;Rio Grande do Sul;12948;2022;6794;Total;1146;30 a 34 anos;12948
Indicador  3.4.1;1706;462;43;Rio Grande do Sul;12948;2022;6794;Total;1147;35 a 39 anos;12948
Indicador  3.4.1;1706;898;43;Rio Grande do Sul;12948;2022;6794;Total;1148;40 a 44 anos;12948
Indicador  3.4.1;1706;1380;43;Rio Grande do Sul;12948;2022;6794;Total;1149;45 a 49 anos;12948
Indicador  3.4.1;1706;2215;43;Rio Grande do Sul;12948;2022;6794;Total;1150;50 a 54 anos;12948
Indicador  3.4.1;1706;3786;43;Rio Grande do Sul;12948;2022;6794;Total;1151;55 a 59 anos;12948
Indicador  3.4.1;1706;5507;43;Rio Grande do Sul;12948;2022;6794;Total;1152;60 a 64 anos;12948
Indicador  3.4.1;1706;7066;43;Rio Grande do Sul;12948;2022;6794;Total;1153;65 a 69 anos;12948
Indicador  3.4.1;1706;12251;43;Rio Grande do Sul;12948;2022;4;Homens;56742;30 a 69 anos;12948
Indicador  3.4.1;1706;122;43;Rio Grande do Sul;12948;2022;4;Homens;1146;30 a 34 anos;12948
Indicador  3.4.1;1706;209;43;Rio Grande do Sul;12948;2022;4;Homens;1147;35 a 39 anos;12948
Indicador  3.4.1;1706;429;43;Rio Grande do Sul;12948;2022;4;Homens;1148;40 a 44 anos;12948
Indicador  3.4.1;1706;699;43;Rio Grande do Sul;12948;2022;4;Homens;1149;45 a 49 anos;12948
Indicador  3.4.1;1706;1209;43;Rio Grande do Sul;12948;2022;4;Homens;1150;50 a 54 anos;12948
Indicador  3.4.1;1706;2167;43;Rio Grande do Sul;12948;2022;4;Homens;1151;55 a 59 anos;12948
Indicador  3.4.1;1706;3248;43;Rio Grande do Sul;12948;2022;4;Homens;1152;60 a 64 anos;12948
Indicador  3.4.1;1706;4168;43;Rio Grande do Sul;12948;2022;4;Homens;1153;65 a 69 anos;12948
Indicador  3.4.1;1706;9314;43;Rio Grande do Sul;12948;2022;5;Mulheres;56742;30 a 69 anos;12948
Indicador  3.4.1;1706;129;43;Rio Grande do Sul;12948;2022;5;Mulheres;1146;30 a 34 anos;12948
Indicador  3.4.1;1706;253;43;Rio Grande do Sul;12948;2022;5;Mulheres;1147;35 a 39 anos;12948
Indicador  3.4.1;1706;469;43;Rio Grande do Sul;12948;2022;5;Mulheres;1148;40 a 44 anos;12948
Indicador  3.4.1;1706;681;43;Rio Grande do Sul;12948;2022;5;Mulheres;1149;45 a 49 anos;12948
Indicador  3.4.1;1706;1006;43;Rio Grande do Sul;12948;2022;5;Mulheres;1150;50 a 54 anos;12948
Indicador  3.4.1;1706;1619;43;Rio Grande do Sul;12948;2022;5;Mulheres;1151;55 a 59 anos;12948
Indicador  3.4.1;1706;2259;43;Rio Grande do Sul;12948;2022;5;Mulheres;1152;60 a 64 anos;12948
Indicador  3.4.1;1706;2898;43;Rio Grande do Sul;12948;2022;5;Mulheres;1153;65 a 69 anos;12948
Indicador  3.4.1;1706;4293;50;Mato Grosso do Sul;12948;2018;6794;Total;56742;30 a 69 anos;12948
Indicador  3.4.1;1706;69;50;Mato Grosso do Sul;12948;2018;6794;Total;1146;30 a 34 anos;12948
Indicador  3.4.1;1706;141;50;Mato Grosso do Sul;12948;2018;6794;Total;1147;35 a 39 anos;12948
Indicador  3.4.1;1706;228;50;Mato Grosso do Sul;12948;2018;6794;Total;1148;40 a 44 anos;12948
Indicador  3.4.1;1706;337;50;Mato Grosso do Sul;12948;2018;6794;Total;1149;45 a 49 anos;12948
Indicador  3.4.1;1706;565;50;Mato Grosso do Sul;12948;2018;6794;Total;1150;50 a 54 anos;12948
Indicador  3.4.1;1706;738;50;Mato Grosso do Sul;12948;2018;6794;Total;1151;55 a 59 anos;12948
Indicador  3.4.1;1706;1031;50;Mato Grosso do Sul;12948;2018;6794;Total;1152;60 a 64 anos;12948
Indicador  3.4.1;1706;1184;50;Mato Grosso do Sul;12948;2018;6794;Total;1153;65 a 69 anos;12948
Indicador  3.4.1;1706;2466;50;Mato Grosso do Sul;12948;2018;4;Homens;56742;30 a 69 anos;12948
Indicador  3.4.1;1706;34;50;Mato Grosso do Sul;12948;2018;4;Homens;1146;30 a 34 anos;12948
Indicador  3.4.1;1706;68;50;Mato Grosso do Sul;12948;2018;4;Homens;1147;35 a 39 anos;12948
Indicador  3.4.1;1706;123;50;Mato Grosso do Sul;12948;2018;4;Homens;1148;40 a 44 anos;12948
Indicador  3.4.1;1706;199;50;Mato Grosso do Sul;12948;2018;4;Homens;1149;45 a 49 anos;12948
Indicador  3.4.1;1706;321;50;Mato Grosso do Sul;12948;2018;4;Homens;1150;50 a 54 anos;12948
Indicador  3.4.1;1706;436;50;Mato Grosso do Sul;12948;2018;4;Homens;1151;55 a 59 anos;12948
Indicador  3.4.1;1706;597;50;Mato Grosso do Sul;12948;2018;4;Homens;1152;60 a 64 anos;12948
Indicador  3.4.1;1706;688;50;Mato Grosso do Sul;12948;2018;4;Homens;1153;65 a 69 anos;12948
Indicador  3.4.1;1706;1827;50;Mato Grosso do Sul;12948;2018;5;Mulheres;56742;30 a 69 anos;12948
Indicador  3.4.1;1706;35;50;Mato Grosso do Sul;12948;2018;5;Mulheres;1146;30 a 34 anos;12948
Indicador  3.4.1;1706;73;50;Mato Grosso do Sul;12948;2018;5;Mulheres;1147;35 a 39 anos;12948
Indicador  3.4.1;1706;105;50;Mato Grosso do Sul;12948;2018;5;Mulheres;1148;40 a 44 anos;12948
Indicador  3.4.1;1706;138;50;Mato Grosso do Sul;12948;2018;5;Mulheres;1149;45 a 49 anos;12948
Indicador  3.4.1;1706;244;50;Mato Grosso do Sul;12948;2018;5;Mulheres;1150;50 a 54 anos;12948
Indicador  3.4.1;1706;302;50;Mato Grosso do Sul;12948;2018;5;Mulheres;1151;55 a 59 anos;12948
Indicador  3.4.1;1706;434;50;Mato Grosso do Sul;12948;2018;5;Mulheres;1152;60 a 64 anos;12948
Indicador  3.4.1;1706;496;50;Mato Grosso do Sul;12948;2018;5;Mulheres;1153;65 a 69 anos;12948
Indicador  3.4.1;1706;4114;50;Mato Grosso do Sul;12948;2019;6794;Total;56742;30 a 69 anos;12948
Indicador  3.4.1;1706;87;50;Mato Grosso do Sul;12948;2019;6794;Total;1146;30 a 34 anos;12948
Indicador  3.4.1;1706;154;50;Mato Grosso do Sul;12948;2019;6794;Total;1147;35 a 39 anos;12948
Indicador  3.4.1;1706;217;50;Mato Grosso do Sul;12948;2019;6794;Total;1148;40 a 44 anos;12948
Indicador  3.4.1;1706;322;50;Mato Grosso do Sul;12948;2019;6794;Total;1149;45 a 49 anos;12948
Indicador  3.4.1;1706;569;50;Mato Grosso do Sul;12948;2019;6794;Total;1150;50 a 54 anos;12948
Indicador  3.4.1;1706;716;50;Mato Grosso do Sul;12948;2019;6794;Total;1151;55 a 59 anos;12948
Indicador  3.4.1;1706;938;50;Mato Grosso do Sul;12948;2019;6794;Total;1152;60 a 64 anos;12948
Indicador  3.4.1;1706;1111;50;Mato Grosso do Sul;12948;2019;6794;Total;1153;65 a 69 anos;12948
Indicador  3.4.1;1706;2358;50;Mato Grosso do Sul;12948;2019;4;Homens;56742;30 a 69 anos;12948
Indicador  3.4.1;1706;35;50;Mato Grosso do Sul;12948;2019;4;Homens;1146;30 a 34 anos;12948
Indicador  3.4.1;1706;71;50;Mato Grosso do Sul;12948;2019;4;Homens;1147;35 a 39 anos;12948
Indicador  3.4.1;1706;111;50;Mato Grosso do Sul;12948;2019;4;Homens;1148;40 a 44 anos;12948
Indicador  3.4.1;1706;170;50;Mato Grosso do Sul;12948;2019;4;Homens;1149;45 a 49 anos;12948
Indicador  3.4.1;1706;330;50;Mato Grosso do Sul;12948;2019;4;Homens;1150;50 a 54 anos;12948
Indicador  3.4.1;1706;424;50;Mato Grosso do Sul;12948;2019;4;Homens;1151;55 a 59 anos;12948
Indicador  3.4.1;1706;568;50;Mato Grosso do Sul;12948;2019;4;Homens;1152;60 a 64 anos;12948
Indicador  3.4.1;1706;649;50;Mato Grosso do Sul;12948;2019;4;Homens;1153;65 a 69 anos;12948
Indicador  3.4.1;1706;1756;50;Mato Grosso do Sul;12948;2019;5;Mulheres;56742;30 a 69 anos;12948
Indicador  3.4.1;1706;52;50;Mato Grosso do Sul;12948;2019;5;Mulheres;1146;30 a 34 anos;12948
Indicador  3.4.1;1706;83;50;Mato Grosso do Sul;12948;2019;5;Mulheres;1147;35 a 39 anos;12948
Indicador  3.4.1;1706;106;50;Mato Grosso do Sul;12948;2019;5;Mulheres;1148;40 a 44 anos;12948
Indicador  3.4.1;1706;152;50;Mato Grosso do Sul;12948;2019;5;Mulheres;1149;45 a 49 anos;12948
Indicador  3.4.1;1706;239;50;Mato Grosso do Sul;12948;2019;5;Mulheres;1150;50 a 54 anos;12948
Indicador  3.4.1;1706;292;50;Mato Grosso do Sul;12948;2019;5;Mulheres;1151;55 a 59 anos;12948
Indicador  3.4.1;1706;370;50;Mato Grosso do Sul;12948;2019;5;Mulheres;1152;60 a 64 anos;12948
Indicador  3.4.1;1706;462;50;Mato Grosso do Sul;12948;2019;5;Mulheres;1153;65 a 69 anos;12948
Indicador  3.4.1;1706;4176;50;Mato Grosso do Sul;12948;2020;6794;Total;56742;30 a 69 anos;12948
Indicador  3.4.1;1706;98;50;Mato Grosso do Sul;12948;2020;6794;Total;1146;30 a 34 anos;12948
Indicador  3.4.1;1706;172;50;Mato Grosso do Sul;12948;2020;6794;Total;1147;35 a 39 anos;12948
Indicador  3.4.1;1706;238;50;Mato Grosso do Sul;12948;2020;6794;Total;1148;40 a 44 anos;12948
Indicador  3.4.1;1706;323;50;Mato Grosso do Sul;12948;2020;6794;Total;1149;45 a 49 anos;12948
Indicador  3.4.1;1706;496;50;Mato Grosso do Sul;12948;2020;6794;Total;1150;50 a 54 anos;12948
Indicador  3.4.1;1706;748;50;Mato Grosso do Sul;12948;2020;6794;Total;1151;55 a 59 anos;12948
Indicador  3.4.1;1706;982;50;Mato Grosso do Sul;12948;2020;6794;Total;1152;60 a 64 anos;12948
Indicador  3.4.1;1706;1119;50;Mato Grosso do Sul;12948;2020;6794;Total;1153;65 a 69 anos;12948
Indicador  3.4.1;1706;2457;50;Mato Grosso do Sul;12948;2020;4;Homens;56742;30 a 69 anos;12948
Indicador  3.4.1;1706;55;50;Mato Grosso do Sul;12948;2020;4;Homens;1146;30 a 34 anos;12948
Indicador  3.4.1;1706;90;50;Mato Grosso do Sul;12948;2020;4;Homens;1147;35 a 39 anos;12948
Indicador  3.4.1;1706;115;50;Mato Grosso do Sul;12948;2020;4;Homens;1148;40 a 44 anos;12948
Indicador  3.4.1;1706;199;50;Mato Grosso do Sul;12948;2020;4;Homens;1149;45 a 49 anos;12948
Indicador  3.4.1;1706;299;50;Mato Grosso do Sul;12948;2020;4;Homens;1150;50 a 54 anos;12948
Indicador  3.4.1;1706;437;50;Mato Grosso do Sul;12948;2020;4;Homens;1151;55 a 59 anos;12948
Indicador  3.4.1;1706;599;50;Mato Grosso do Sul;12948;2020;4;Homens;1152;60 a 64 anos;12948
Indicador  3.4.1;1706;663;50;Mato Grosso do Sul;12948;2020;4;Homens;1153;65 a 69 anos;12948
Indicador  3.4.1;1706;1719;50;Mato Grosso do Sul;12948;2020;5;Mulheres;56742;30 a 69 anos;12948
Indicador  3.4.1;1706;43;50;Mato Grosso do Sul;12948;2020;5;Mulheres;1146;30 a 34 anos;12948
Indicador  3.4.1;1706;82;50;Mato Grosso do Sul;12948;2020;5;Mulheres;1147;35 a 39 anos;12948
Indicador  3.4.1;1706;123;50;Mato Grosso do Sul;12948;2020;5;Mulheres;1148;40 a 44 anos;12948
Indicador  3.4.1;1706;124;50;Mato Grosso do Sul;12948;2020;5;Mulheres;1149;45 a 49 anos;12948
Indicador  3.4.1;1706;197;50;Mato Grosso do Sul;12948;2020;5;Mulheres;1150;50 a 54 anos;12948
Indicador  3.4.1;1706;311;50;Mato Grosso do Sul;12948;2020;5;Mulheres;1151;55 a 59 anos;12948
Indicador  3.4.1;1706;383;50;Mato Grosso do Sul;12948;2020;5;Mulheres;1152;60 a 64 anos;12948
Indicador  3.4.1;1706;456;50;Mato Grosso do Sul;12948;2020;5;Mulheres;1153;65 a 69 anos;12948
Indicador  3.4.1;1706;4507;50;Mato Grosso do Sul;12948;2021;6794;Total;56742;30 a 69 anos;12948
Indicador  3.4.1;1706;106;50;Mato Grosso do Sul;12948;2021;6794;Total;1146;30 a 34 anos;12948
Indicador  3.4.1;1706;138;50;Mato Grosso do Sul;12948;2021;6794;Total;1147;35 a 39 anos;12948
Indicador  3.4.1;1706;278;50;Mato Grosso do Sul;12948;2021;6794;Total;1148;40 a 44 anos;12948
Indicador  3.4.1;1706;383;50;Mato Grosso do Sul;12948;2021;6794;Total;1149;45 a 49 anos;12948
Indicador  3.4.1;1706;545;50;Mato Grosso do Sul;12948;2021;6794;Total;1150;50 a 54 anos;12948
Indicador  3.4.1;1706;793;50;Mato Grosso do Sul;12948;2021;6794;Total;1151;55 a 59 anos;12948
Indicador  3.4.1;1706;1058;50;Mato Grosso do Sul;12948;2021;6794;Total;1152;60 a 64 anos;12948
Indicador  3.4.1;1706;1206;50;Mato Grosso do Sul;12948;2021;6794;Total;1153;65 a 69 anos;12948
Indicador  3.4.1;1706;2632;50;Mato Grosso do Sul;12948;2021;4;Homens;56742;30 a 69 anos;12948
Indicador  3.4.1;1706;51;50;Mato Grosso do Sul;12948;2021;4;Homens;1146;30 a 34 anos;12948
Indicador  3.4.1;1706;67;50;Mato Grosso do Sul;12948;2021;4;Homens;1147;35 a 39 anos;12948
Indicador  3.4.1;1706;154;50;Mato Grosso do Sul;12948;2021;4;Homens;1148;40 a 44 anos;12948
Indicador  3.4.1;1706;185;50;Mato Grosso do Sul;12948;2021;4;Homens;1149;45 a 49 anos;12948
Indicador  3.4.1;1706;346;50;Mato Grosso do Sul;12948;2021;4;Homens;1150;50 a 54 anos;12948
Indicador  3.4.1;1706;468;50;Mato Grosso do Sul;12948;2021;4;Homens;1151;55 a 59 anos;12948
Indicador  3.4.1;1706;639;50;Mato Grosso do Sul;12948;2021;4;Homens;1152;60 a 64 anos;12948
Indicador  3.4.1;1706;722;50;Mato Grosso do Sul;12948;2021;4;Homens;1153;65 a 69 anos;12948
Indicador  3.4.1;1706;1875;50;Mato Grosso do Sul;12948;2021;5;Mulheres;56742;30 a 69 anos;12948
Indicador  3.4.1;1706;55;50;Mato Grosso do Sul;12948;2021;5;Mulheres;1146;30 a 34 anos;12948
Indicador  3.4.1;1706;71;50;Mato Grosso do Sul;12948;2021;5;Mulheres;1147;35 a 39 anos;12948
Indicador  3.4.1;1706;124;50;Mato Grosso do Sul;12948;2021;5;Mulheres;1148;40 a 44 anos;12948
Indicador  3.4.1;1706;198;50;Mato Grosso do Sul;12948;2021;5;Mulheres;1149;45 a 49 anos;12948
Indicador  3.4.1;1706;199;50;Mato Grosso do Sul;12948;2021;5;Mulheres;1150;50 a 54 anos;12948
Indicador  3.4.1;1706;325;50;Mato Grosso do Sul;12948;2021;5;Mulheres;1151;55 a 59 anos;12948
Indicador  3.4.1;1706;419;50;Mato Grosso do Sul;12948;2021;5;Mulheres;1152;60 a 64 anos;12948
Indicador  3.4.1;1706;484;50;Mato Grosso do Sul;12948;2021;5;Mulheres;1153;65 a 69 anos;12948
Indicador  3.4.1;1706;4550;50;Mato Grosso do Sul;12948;2022;6794;Total;56742;30 a 69 anos;12948
Indicador  3.4.1;1706;106;50;Mato Grosso do Sul;12948;2022;6794;Total;1146;30 a 34 anos;12948
Indicador  3.4.1;1706;152;50;Mato Grosso do Sul;12948;2022;6794;Total;1147;35 a 39 anos;12948
Indicador  3.4.1;1706;218;50;Mato Grosso do Sul;12948;2022;6794;Total;1148;40 a 44 anos;12948
Indicador  3.4.1;1706;371;50;Mato Grosso do Sul;12948;2022;6794;Total;1149;45 a 49 anos;12948
Indicador  3.4.1;1706;557;50;Mato Grosso do Sul;12948;2022;6794;Total;1150;50 a 54 anos;12948
Indicador  3.4.1;1706;783;50;Mato Grosso do Sul;12948;2022;6794;Total;1151;55 a 59 anos;12948
Indicador  3.4.1;1706;1091;50;Mato Grosso do Sul;12948;2022;6794;Total;1152;60 a 64 anos;12948
Indicador  3.4.1;1706;1272;50;Mato Grosso do Sul;12948;2022;6794;Total;1153;65 a 69 anos;12948
Indicador  3.4.1;1706;2670;50;Mato Grosso do Sul;12948;2022;4;Homens;56742;30 a 69 anos;12948
Indicador  3.4.1;1706;46;50;Mato Grosso do Sul;12948;2022;4;Homens;1146;30 a 34 anos;12948
Indicador  3.4.1;1706;74;50;Mato Grosso do Sul;12948;2022;4;Homens;1147;35 a 39 anos;12948
Indicador  3.4.1;1706;109;50;Mato Grosso do Sul;12948;2022;4;Homens;1148;40 a 44 anos;12948
Indicador  3.4.1;1706;216;50;Mato Grosso do Sul;12948;2022;4;Homens;1149;45 a 49 anos;12948
Indicador  3.4.1;1706;333;50;Mato Grosso do Sul;12948;2022;4;Homens;1150;50 a 54 anos;12948
Indicador  3.4.1;1706;478;50;Mato Grosso do Sul;12948;2022;4;Homens;1151;55 a 59 anos;12948
Indicador  3.4.1;1706;664;50;Mato Grosso do Sul;12948;2022;4;Homens;1152;60 a 64 anos;12948
Indicador  3.4.1;1706;750;50;Mato Grosso do Sul;12948;2022;4;Homens;1153;65 a 69 anos;12948
Indicador  3.4.1;1706;1880;50;Mato Grosso do Sul;12948;2022;5;Mulheres;56742;30 a 69 anos;12948
Indicador  3.4.1;1706;60;50;Mato Grosso do Sul;12948;2022;5;Mulheres;1146;30 a 34 anos;12948
Indicador  3.4.1;1706;78;50;Mato Grosso do Sul;12948;2022;5;Mulheres;1147;35 a 39 anos;12948
Indicador  3.4.1;1706;109;50;Mato Grosso do Sul;12948;2022;5;Mulheres;1148;40 a 44 anos;12948
Indicador  3.4.1;1706;155;50;Mato Grosso do Sul;12948;2022;5;Mulheres;1149;45 a 49 anos;12948
Indicador  3.4.1;1706;224;50;Mato Grosso do Sul;12948;2022;5;Mulheres;1150;50 a 54 anos;12948
Indicador  3.4.1;1706;305;50;Mato Grosso do Sul;12948;2022;5;Mulheres;1151;55 a 59 anos;12948
Indicador  3.4.1;1706;427;50;Mato Grosso do Sul;12948;2022;5;Mulheres;1152;60 a 64 anos;12948
Indicador  3.4.1;1706;522;50;Mato Grosso do Sul;12948;2022;5;Mulheres;1153;65 a 69 anos;12948
Indicador  3.4.1;1706;4344;51;Mato Grosso;12948;2018;6794;Total;56742;30 a 69 anos;12948
Indicador  3.4.1;1706;77;51;Mato Grosso;12948;2018;6794;Total;1146;30 a 34 anos;12948
Indicador  3.4.1;1706;172;51;Mato Grosso;12948;2018;6794;Total;1147;35 a 39 anos;12948
Indicador  3.4.1;1706;254;51;Mato Grosso;12948;2018;6794;Total;1148;40 a 44 anos;12948
Indicador  3.4.1;1706;355;51;Mato Grosso;12948;2018;6794;Total;1149;45 a 49 anos;12948
Indicador  3.4.1;1706;573;51;Mato Grosso;12948;2018;6794;Total;1150;50 a 54 anos;12948
Indicador  3.4.1;1706;761;51;Mato Grosso;12948;2018;6794;Total;1151;55 a 59 anos;12948
Indicador  3.4.1;1706;1043;51;Mato Grosso;12948;2018;6794;Total;1152;60 a 64 anos;12948
Indicador  3.4.1;1706;1109;51;Mato Grosso;12948;2018;6794;Total;1153;65 a 69 anos;12948
Indicador  3.4.1;1706;2588;51;Mato Grosso;12948;2018;4;Homens;56742;30 a 69 anos;12948
Indicador  3.4.1;1706;45;51;Mato Grosso;12948;2018;4;Homens;1146;30 a 34 anos;12948
Indicador  3.4.1;1706;89;51;Mato Grosso;12948;2018;4;Homens;1147;35 a 39 anos;12948
Indicador  3.4.1;1706;123;51;Mato Grosso;12948;2018;4;Homens;1148;40 a 44 anos;12948
Indicador  3.4.1;1706;178;51;Mato Grosso;12948;2018;4;Homens;1149;45 a 49 anos;12948
Indicador  3.4.1;1706;338;51;Mato Grosso;12948;2018;4;Homens;1150;50 a 54 anos;12948
Indicador  3.4.1;1706;498;51;Mato Grosso;12948;2018;4;Homens;1151;55 a 59 anos;12948
Indicador  3.4.1;1706;675;51;Mato Grosso;12948;2018;4;Homens;1152;60 a 64 anos;12948
Indicador  3.4.1;1706;642;51;Mato Grosso;12948;2018;4;Homens;1153;65 a 69 anos;12948
Indicador  3.4.1;1706;1755;51;Mato Grosso;12948;2018;5;Mulheres;56742;30 a 69 anos;12948
Indicador  3.4.1;1706;32;51;Mato Grosso;12948;2018;5;Mulheres;1146;30 a 34 anos;12948
Indicador  3.4.1;1706;83;51;Mato Grosso;12948;2018;5;Mulheres;1147;35 a 39 anos;12948
Indicador  3.4.1;1706;130;51;Mato Grosso;12948;2018;5;Mulheres;1148;40 a 44 anos;12948
Indicador  3.4.1;1706;177;51;Mato Grosso;12948;2018;5;Mulheres;1149;45 a 49 anos;12948
Indicador  3.4.1;1706;235;51;Mato Grosso;12948;2018;5;Mulheres;1150;50 a 54 anos;12948
Indicador  3.4.1;1706;263;51;Mato Grosso;12948;2018;5;Mulheres;1151;55 a 59 anos;12948
Indicador  3.4.1;1706;368;51;Mato Grosso;12948;2018;5;Mulheres;1152;60 a 64 anos;12948
Indicador  3.4.1;1706;467;51;Mato Grosso;12948;2018;5;Mulheres;1153;65 a 69 anos;12948
Indicador  3.4.1;1706;4430;51;Mato Grosso;12948;2019;6794;Total;56742;30 a 69 anos;12948
Indicador  3.4.1;1706;86;51;Mato Grosso;12948;2019;6794;Total;1146;30 a 34 anos;12948
Indicador  3.4.1;1706;152;51;Mato Grosso;12948;2019;6794;Total;1147;35 a 39 anos;12948
Indicador  3.4.1;1706;282;51;Mato Grosso;12948;2019;6794;Total;1148;40 a 44 anos;12948
Indicador  3.4.1;1706;379;51;Mato Grosso;12948;2019;6794;Total;1149;45 a 49 anos;12948
Indicador  3.4.1;1706;591;51;Mato Grosso;12948;2019;6794;Total;1150;50 a 54 anos;12948
Indicador  3.4.1;1706;767;51;Mato Grosso;12948;2019;6794;Total;1151;55 a 59 anos;12948
Indicador  3.4.1;1706;1028;51;Mato Grosso;12948;2019;6794;Total;1152;60 a 64 anos;12948
Indicador  3.4.1;1706;1145;51;Mato Grosso;12948;2019;6794;Total;1153;65 a 69 anos;12948
Indicador  3.4.1;1706;2641;51;Mato Grosso;12948;2019;4;Homens;56742;30 a 69 anos;12948
Indicador  3.4.1;1706;44;51;Mato Grosso;12948;2019;4;Homens;1146;30 a 34 anos;12948
Indicador  3.4.1;1706;74;51;Mato Grosso;12948;2019;4;Homens;1147;35 a 39 anos;12948
Indicador  3.4.1;1706;155;51;Mato Grosso;12948;2019;4;Homens;1148;40 a 44 anos;12948
Indicador  3.4.1;1706;202;51;Mato Grosso;12948;2019;4;Homens;1149;45 a 49 anos;12948
Indicador  3.4.1;1706;329;51;Mato Grosso;12948;2019;4;Homens;1150;50 a 54 anos;12948
Indicador  3.4.1;1706;472;51;Mato Grosso;12948;2019;4;Homens;1151;55 a 59 anos;12948
Indicador  3.4.1;1706;639;51;Mato Grosso;12948;2019;4;Homens;1152;60 a 64 anos;12948
Indicador  3.4.1;1706;726;51;Mato Grosso;12948;2019;4;Homens;1153;65 a 69 anos;12948
Indicador  3.4.1;1706;1788;51;Mato Grosso;12948;2019;5;Mulheres;56742;30 a 69 anos;12948
Indicador  3.4.1;1706;42;51;Mato Grosso;12948;2019;5;Mulheres;1146;30 a 34 anos;12948
Indicador  3.4.1;1706;78;51;Mato Grosso;12948;2019;5;Mulheres;1147;35 a 39 anos;12948
Indicador  3.4.1;1706;127;51;Mato Grosso;12948;2019;5;Mulheres;1148;40 a 44 anos;12948
Indicador  3.4.1;1706;177;51;Mato Grosso;12948;2019;5;Mulheres;1149;45 a 49 anos;12948
Indicador  3.4.1;1706;261;51;Mato Grosso;12948;2019;5;Mulheres;1150;50 a 54 anos;12948
Indicador  3.4.1;1706;295;51;Mato Grosso;12948;2019;5;Mulheres;1151;55 a 59 anos;12948
Indicador  3.4.1;1706;389;51;Mato Grosso;12948;2019;5;Mulheres;1152;60 a 64 anos;12948
Indicador  3.4.1;1706;419;51;Mato Grosso;12948;2019;5;Mulheres;1153;65 a 69 anos;12948
Indicador  3.4.1;1706;4353;51;Mato Grosso;12948;2020;6794;Total;56742;30 a 69 anos;12948
Indicador  3.4.1;1706;92;51;Mato Grosso;12948;2020;6794;Total;1146;30 a 34 anos;12948
Indicador  3.4.1;1706;159;51;Mato Grosso;12948;2020;6794;Total;1147;35 a 39 anos;12948
Indicador  3.4.1;1706;240;51;Mato Grosso;12948;2020;6794;Total;1148;40 a 44 anos;12948
Indicador  3.4.1;1706;348;51;Mato Grosso;12948;2020;6794;Total;1149;45 a 49 anos;12948
Indicador  3.4.1;1706;529;51;Mato Grosso;12948;2020;6794;Total;1150;50 a 54 anos;12948
Indicador  3.4.1;1706;774;51;Mato Grosso;12948;2020;6794;Total;1151;55 a 59 anos;12948
Indicador  3.4.1;1706;958;51;Mato Grosso;12948;2020;6794;Total;1152;60 a 64 anos;12948
Indicador  3.4.1;1706;1253;51;Mato Grosso;12948;2020;6794;Total;1153;65 a 69 anos;12948
Indicador  3.4.1;1706;2560;51;Mato Grosso;12948;2020;4;Homens;56742;30 a 69 anos;12948
Indicador  3.4.1;1706;47;51;Mato Grosso;12948;2020;4;Homens;1146;30 a 34 anos;12948
Indicador  3.4.1;1706;81;51;Mato Grosso;12948;2020;4;Homens;1147;35 a 39 anos;12948
Indicador  3.4.1;1706;117;51;Mato Grosso;12948;2020;4;Homens;1148;40 a 44 anos;12948
Indicador  3.4.1;1706;205;51;Mato Grosso;12948;2020;4;Homens;1149;45 a 49 anos;12948
Indicador  3.4.1;1706;299;51;Mato Grosso;12948;2020;4;Homens;1150;50 a 54 anos;12948
Indicador  3.4.1;1706;480;51;Mato Grosso;12948;2020;4;Homens;1151;55 a 59 anos;12948
Indicador  3.4.1;1706;580;51;Mato Grosso;12948;2020;4;Homens;1152;60 a 64 anos;12948
Indicador  3.4.1;1706;751;51;Mato Grosso;12948;2020;4;Homens;1153;65 a 69 anos;12948
Indicador  3.4.1;1706;1793;51;Mato Grosso;12948;2020;5;Mulheres;56742;30 a 69 anos;12948
Indicador  3.4.1;1706;45;51;Mato Grosso;12948;2020;5;Mulheres;1146;30 a 34 anos;12948
Indicador  3.4.1;1706;78;51;Mato Grosso;12948;2020;5;Mulheres;1147;35 a 39 anos;12948
Indicador  3.4.1;1706;123;51;Mato Grosso;12948;2020;5;Mulheres;1148;40 a 44 anos;12948
Indicador  3.4.1;1706;143;51;Mato Grosso;12948;2020;5;Mulheres;1149;45 a 49 anos;12948
Indicador  3.4.1;1706;230;51;Mato Grosso;12948;2020;5;Mulheres;1150;50 a 54 anos;12948
Indicador  3.4.1;1706;294;51;Mato Grosso;12948;2020;5;Mulheres;1151;55 a 59 anos;12948
Indicador  3.4.1;1706;378;51;Mato Grosso;12948;2020;5;Mulheres;1152;60 a 64 anos;12948
Indicador  3.4.1;1706;502;51;Mato Grosso;12948;2020;5;Mulheres;1153;65 a 69 anos;12948
Indicador  3.4.1;1706;4502;51;Mato Grosso;12948;2021;6794;Total;56742;30 a 69 anos;12948
Indicador  3.4.1;1706;100;51;Mato Grosso;12948;2021;6794;Total;1146;30 a 34 anos;12948
Indicador  3.4.1;1706;180;51;Mato Grosso;12948;2021;6794;Total;1147;35 a 39 anos;12948
Indicador  3.4.1;1706;272;51;Mato Grosso;12948;2021;6794;Total;1148;40 a 44 anos;12948
Indicador  3.4.1;1706;381;51;Mato Grosso;12948;2021;6794;Total;1149;45 a 49 anos;12948
Indicador  3.4.1;1706;572;51;Mato Grosso;12948;2021;6794;Total;1150;50 a 54 anos;12948
Indicador  3.4.1;1706;802;51;Mato Grosso;12948;2021;6794;Total;1151;55 a 59 anos;12948
Indicador  3.4.1;1706;972;51;Mato Grosso;12948;2021;6794;Total;1152;60 a 64 anos;12948
Indicador  3.4.1;1706;1223;51;Mato Grosso;12948;2021;6794;Total;1153;65 a 69 anos;12948
Indicador  3.4.1;1706;2675;51;Mato Grosso;12948;2021;4;Homens;56742;30 a 69 anos;12948
Indicador  3.4.1;1706;58;51;Mato Grosso;12948;2021;4;Homens;1146;30 a 34 anos;12948
Indicador  3.4.1;1706;99;51;Mato Grosso;12948;2021;4;Homens;1147;35 a 39 anos;12948
Indicador  3.4.1;1706;134;51;Mato Grosso;12948;2021;4;Homens;1148;40 a 44 anos;12948
Indicador  3.4.1;1706;209;51;Mato Grosso;12948;2021;4;Homens;1149;45 a 49 anos;12948
Indicador  3.4.1;1706;348;51;Mato Grosso;12948;2021;4;Homens;1150;50 a 54 anos;12948
Indicador  3.4.1;1706;491;51;Mato Grosso;12948;2021;4;Homens;1151;55 a 59 anos;12948
Indicador  3.4.1;1706;591;51;Mato Grosso;12948;2021;4;Homens;1152;60 a 64 anos;12948
Indicador  3.4.1;1706;745;51;Mato Grosso;12948;2021;4;Homens;1153;65 a 69 anos;12948
Indicador  3.4.1;1706;1827;51;Mato Grosso;12948;2021;5;Mulheres;56742;30 a 69 anos;12948
Indicador  3.4.1;1706;42;51;Mato Grosso;12948;2021;5;Mulheres;1146;30 a 34 anos;12948
Indicador  3.4.1;1706;81;51;Mato Grosso;12948;2021;5;Mulheres;1147;35 a 39 anos;12948
Indicador  3.4.1;1706;138;51;Mato Grosso;12948;2021;5;Mulheres;1148;40 a 44 anos;12948
Indicador  3.4.1;1706;172;51;Mato Grosso;12948;2021;5;Mulheres;1149;45 a 49 anos;12948
Indicador  3.4.1;1706;224;51;Mato Grosso;12948;2021;5;Mulheres;1150;50 a 54 anos;12948
Indicador  3.4.1;1706;311;51;Mato Grosso;12948;2021;5;Mulheres;1151;55 a 59 anos;12948
Indicador  3.4.1;1706;381;51;Mato Grosso;12948;2021;5;Mulheres;1152;60 a 64 anos;12948
Indicador  3.4.1;1706;478;51;Mato Grosso;12948;2021;5;Mulheres;1153;65 a 69 anos;12948
Indicador  3.4.1;1706;4740;51;Mato Grosso;12948;2022;6794;Total;56742;30 a 69 anos;12948
Indicador  3.4.1;1706;95;51;Mato Grosso;12948;2022;6794;Total;1146;30 a 34 anos;12948
Indicador  3.4.1;1706;164;51;Mato Grosso;12948;2022;6794;Total;1147;35 a 39 anos;12948
Indicador  3.4.1;1706;290;51;Mato Grosso;12948;2022;6794;Total;1148;40 a 44 anos;12948
Indicador  3.4.1;1706;403;51;Mato Grosso;12948;2022;6794;Total;1149;45 a 49 anos;12948
Indicador  3.4.1;1706;580;51;Mato Grosso;12948;2022;6794;Total;1150;50 a 54 anos;12948
Indicador  3.4.1;1706;829;51;Mato Grosso;12948;2022;6794;Total;1151;55 a 59 anos;12948
Indicador  3.4.1;1706;1096;51;Mato Grosso;12948;2022;6794;Total;1152;60 a 64 anos;12948
Indicador  3.4.1;1706;1283;51;Mato Grosso;12948;2022;6794;Total;1153;65 a 69 anos;12948
Indicador  3.4.1;1706;2807;51;Mato Grosso;12948;2022;4;Homens;56742;30 a 69 anos;12948
Indicador  3.4.1;1706;59;51;Mato Grosso;12948;2022;4;Homens;1146;30 a 34 anos;12948
Indicador  3.4.1;1706;81;51;Mato Grosso;12948;2022;4;Homens;1147;35 a 39 anos;12948
Indicador  3.4.1;1706;159;51;Mato Grosso;12948;2022;4;Homens;1148;40 a 44 anos;12948
Indicador  3.4.1;1706;218;51;Mato Grosso;12948;2022;4;Homens;1149;45 a 49 anos;12948
Indicador  3.4.1;1706;344;51;Mato Grosso;12948;2022;4;Homens;1150;50 a 54 anos;12948
Indicador  3.4.1;1706;500;51;Mato Grosso;12948;2022;4;Homens;1151;55 a 59 anos;12948
Indicador  3.4.1;1706;677;51;Mato Grosso;12948;2022;4;Homens;1152;60 a 64 anos;12948
Indicador  3.4.1;1706;769;51;Mato Grosso;12948;2022;4;Homens;1153;65 a 69 anos;12948
Indicador  3.4.1;1706;1933;51;Mato Grosso;12948;2022;5;Mulheres;56742;30 a 69 anos;12948
Indicador  3.4.1;1706;36;51;Mato Grosso;12948;2022;5;Mulheres;1146;30 a 34 anos;12948
Indicador  3.4.1;1706;83;51;Mato Grosso;12948;2022;5;Mulheres;1147;35 a 39 anos;12948
Indicador  3.4.1;1706;131;51;Mato Grosso;12948;2022;5;Mulheres;1148;40 a 44 anos;12948
Indicador  3.4.1;1706;185;51;Mato Grosso;12948;2022;5;Mulheres;1149;45 a 49 anos;12948
Indicador  3.4.1;1706;236;51;Mato Grosso;12948;2022;5;Mulheres;1150;50 a 54 anos;12948
Indicador  3.4.1;1706;329;51;Mato Grosso;12948;2022;5;Mulheres;1151;55 a 59 anos;12948
Indicador  3.4.1;1706;419;51;Mato Grosso;12948;2022;5;Mulheres;1152;60 a 64 anos;12948
Indicador  3.4.1;1706;514;51;Mato Grosso;12948;2022;5;Mulheres;1153;65 a 69 anos;12948
Indicador  3.4.1;1706;9601;52;Goiás;12948;2018;6794;Total;56742;30 a 69 anos;12948
Indicador  3.4.1;1706;220;52;Goiás;12948;2018;6794;Total;1146;30 a 34 anos;12948
Indicador  3.4.1;1706;365;52;Goiás;12948;2018;6794;Total;1147;35 a 39 anos;12948
Indicador  3.4.1;1706;544;52;Goiás;12948;2018;6794;Total;1148;40 a 44 anos;12948
Indicador  3.4.1;1706;840;52;Goiás;12948;2018;6794;Total;1149;45 a 49 anos;12948
Indicador  3.4.1;1706;1210;52;Goiás;12948;2018;6794;Total;1150;50 a 54 anos;12948
Indicador  3.4.1;1706;1667;52;Goiás;12948;2018;6794;Total;1151;55 a 59 anos;12948
Indicador  3.4.1;1706;2299;52;Goiás;12948;2018;6794;Total;1152;60 a 64 anos;12948
Indicador  3.4.1;1706;2456;52;Goiás;12948;2018;6794;Total;1153;65 a 69 anos;12948
Indicador  3.4.1;1706;5351;52;Goiás;12948;2018;4;Homens;56742;30 a 69 anos;12948
Indicador  3.4.1;1706;120;52;Goiás;12948;2018;4;Homens;1146;30 a 34 anos;12948
Indicador  3.4.1;1706;197;52;Goiás;12948;2018;4;Homens;1147;35 a 39 anos;12948
Indicador  3.4.1;1706;261;52;Goiás;12948;2018;4;Homens;1148;40 a 44 anos;12948
Indicador  3.4.1;1706;426;52;Goiás;12948;2018;4;Homens;1149;45 a 49 anos;12948
Indicador  3.4.1;1706;699;52;Goiás;12948;2018;4;Homens;1150;50 a 54 anos;12948
Indicador  3.4.1;1706;902;52;Goiás;12948;2018;4;Homens;1151;55 a 59 anos;12948
Indicador  3.4.1;1706;1361;52;Goiás;12948;2018;4;Homens;1152;60 a 64 anos;12948
Indicador  3.4.1;1706;1385;52;Goiás;12948;2018;4;Homens;1153;65 a 69 anos;12948
Indicador  3.4.1;1706;4247;52;Goiás;12948;2018;5;Mulheres;56742;30 a 69 anos;12948
Indicador  3.4.1;1706;100;52;Goiás;12948;2018;5;Mulheres;1146;30 a 34 anos;12948
Indicador  3.4.1;1706;168;52;Goiás;12948;2018;5;Mulheres;1147;35 a 39 anos;12948
Indicador  3.4.1;1706;282;52;Goiás;12948;2018;5;Mulheres;1148;40 a 44 anos;12948
Indicador  3.4.1;1706;414;52;Goiás;12948;2018;5;Mulheres;1149;45 a 49 anos;12948
Indicador  3.4.1;1706;511;52;Goiás;12948;2018;5;Mulheres;1150;50 a 54 anos;12948
Indicador  3.4.1;1706;765;52;Goiás;12948;2018;5;Mulheres;1151;55 a 59 anos;12948
Indicador  3.4.1;1706;938;52;Goiás;12948;2018;5;Mulheres;1152;60 a 64 anos;12948
Indicador  3.4.1;1706;1069;52;Goiás;12948;2018;5;Mulheres;1153;65 a 69 anos;12948
Indicador  3.4.1;1706;9781;52;Goiás;12948;2019;6794;Total;56742;30 a 69 anos;12948
Indicador  3.4.1;1706;187;52;Goiás;12948;2019;6794;Total;1146;30 a 34 anos;12948
Indicador  3.4.1;1706;331;52;Goiás;12948;2019;6794;Total;1147;35 a 39 anos;12948
Indicador  3.4.1;1706;543;52;Goiás;12948;2019;6794;Total;1148;40 a 44 anos;12948
Indicador  3.4.1;1706;835;52;Goiás;12948;2019;6794;Total;1149;45 a 49 anos;12948
Indicador  3.4.1;1706;1259;52;Goiás;12948;2019;6794;Total;1150;50 a 54 anos;12948
Indicador  3.4.1;1706;1739;52;Goiás;12948;2019;6794;Total;1151;55 a 59 anos;12948
Indicador  3.4.1;1706;2286;52;Goiás;12948;2019;6794;Total;1152;60 a 64 anos;12948
Indicador  3.4.1;1706;2601;52;Goiás;12948;2019;6794;Total;1153;65 a 69 anos;12948
Indicador  3.4.1;1706;5551;52;Goiás;12948;2019;4;Homens;56742;30 a 69 anos;12948
Indicador  3.4.1;1706;94;52;Goiás;12948;2019;4;Homens;1146;30 a 34 anos;12948
Indicador  3.4.1;1706;166;52;Goiás;12948;2019;4;Homens;1147;35 a 39 anos;12948
Indicador  3.4.1;1706;297;52;Goiás;12948;2019;4;Homens;1148;40 a 44 anos;12948
Indicador  3.4.1;1706;433;52;Goiás;12948;2019;4;Homens;1149;45 a 49 anos;12948
Indicador  3.4.1;1706;719;52;Goiás;12948;2019;4;Homens;1150;50 a 54 anos;12948
Indicador  3.4.1;1706;1035;52;Goiás;12948;2019;4;Homens;1151;55 a 59 anos;12948
Indicador  3.4.1;1706;1322;52;Goiás;12948;2019;4;Homens;1152;60 a 64 anos;12948
Indicador  3.4.1;1706;1485;52;Goiás;12948;2019;4;Homens;1153;65 a 69 anos;12948
Indicador  3.4.1;1706;4230;52;Goiás;12948;2019;5;Mulheres;56742;30 a 69 anos;12948
Indicador  3.4.1;1706;93;52;Goiás;12948;2019;5;Mulheres;1146;30 a 34 anos;12948
Indicador  3.4.1;1706;165;52;Goiás;12948;2019;5;Mulheres;1147;35 a 39 anos;12948
Indicador  3.4.1;1706;246;52;Goiás;12948;2019;5;Mulheres;1148;40 a 44 anos;12948
Indicador  3.4.1;1706;402;52;Goiás;12948;2019;5;Mulheres;1149;45 a 49 anos;12948
Indicador  3.4.1;1706;540;52;Goiás;12948;2019;5;Mulheres;1150;50 a 54 anos;12948
Indicador  3.4.1;1706;704;52;Goiás;12948;2019;5;Mulheres;1151;55 a 59 anos;12948
Indicador  3.4.1;1706;964;52;Goiás;12948;2019;5;Mulheres;1152;60 a 64 anos;12948
Indicador  3.4.1;1706;1116;52;Goiás;12948;2019;5;Mulheres;1153;65 a 69 anos;12948
Indicador  3.4.1;1706;9842;52;Goiás;12948;2020;6794;Total;56742;30 a 69 anos;12948
Indicador  3.4.1;1706;206;52;Goiás;12948;2020;6794;Total;1146;30 a 34 anos;12948
Indicador  3.4.1;1706;343;52;Goiás;12948;2020;6794;Total;1147;35 a 39 anos;12948
Indicador  3.4.1;1706;570;52;Goiás;12948;2020;6794;Total;1148;40 a 44 anos;12948
Indicador  3.4.1;1706;844;52;Goiás;12948;2020;6794;Total;1149;45 a 49 anos;12948
Indicador  3.4.1;1706;1277;52;Goiás;12948;2020;6794;Total;1150;50 a 54 anos;12948
Indicador  3.4.1;1706;1728;52;Goiás;12948;2020;6794;Total;1151;55 a 59 anos;12948
Indicador  3.4.1;1706;2273;52;Goiás;12948;2020;6794;Total;1152;60 a 64 anos;12948
Indicador  3.4.1;1706;2601;52;Goiás;12948;2020;6794;Total;1153;65 a 69 anos;12948
Indicador  3.4.1;1706;5531;52;Goiás;12948;2020;4;Homens;56742;30 a 69 anos;12948
Indicador  3.4.1;1706;106;52;Goiás;12948;2020;4;Homens;1146;30 a 34 anos;12948
Indicador  3.4.1;1706;152;52;Goiás;12948;2020;4;Homens;1147;35 a 39 anos;12948
Indicador  3.4.1;1706;297;52;Goiás;12948;2020;4;Homens;1148;40 a 44 anos;12948
Indicador  3.4.1;1706;479;52;Goiás;12948;2020;4;Homens;1149;45 a 49 anos;12948
Indicador  3.4.1;1706;738;52;Goiás;12948;2020;4;Homens;1150;50 a 54 anos;12948
Indicador  3.4.1;1706;980;52;Goiás;12948;2020;4;Homens;1151;55 a 59 anos;12948
Indicador  3.4.1;1706;1317;52;Goiás;12948;2020;4;Homens;1152;60 a 64 anos;12948
Indicador  3.4.1;1706;1462;52;Goiás;12948;2020;4;Homens;1153;65 a 69 anos;12948
Indicador  3.4.1;1706;4310;52;Goiás;12948;2020;5;Mulheres;56742;30 a 69 anos;12948
Indicador  3.4.1;1706;100;52;Goiás;12948;2020;5;Mulheres;1146;30 a 34 anos;12948
Indicador  3.4.1;1706;191;52;Goiás;12948;2020;5;Mulheres;1147;35 a 39 anos;12948
Indicador  3.4.1;1706;273;52;Goiás;12948;2020;5;Mulheres;1148;40 a 44 anos;12948
Indicador  3.4.1;1706;365;52;Goiás;12948;2020;5;Mulheres;1149;45 a 49 anos;12948
Indicador  3.4.1;1706;539;52;Goiás;12948;2020;5;Mulheres;1150;50 a 54 anos;12948
Indicador  3.4.1;1706;748;52;Goiás;12948;2020;5;Mulheres;1151;55 a 59 anos;12948
Indicador  3.4.1;1706;955;52;Goiás;12948;2020;5;Mulheres;1152;60 a 64 anos;12948
Indicador  3.4.1;1706;1139;52;Goiás;12948;2020;5;Mulheres;1153;65 a 69 anos;12948
Indicador  3.4.1;1706;10424;52;Goiás;12948;2021;6794;Total;56742;30 a 69 anos;12948
Indicador  3.4.1;1706;225;52;Goiás;12948;2021;6794;Total;1146;30 a 34 anos;12948
Indicador  3.4.1;1706;385;52;Goiás;12948;2021;6794;Total;1147;35 a 39 anos;12948
Indicador  3.4.1;1706;595;52;Goiás;12948;2021;6794;Total;1148;40 a 44 anos;12948
Indicador  3.4.1;1706;890;52;Goiás;12948;2021;6794;Total;1149;45 a 49 anos;12948
Indicador  3.4.1;1706;1384;52;Goiás;12948;2021;6794;Total;1150;50 a 54 anos;12948
Indicador  3.4.1;1706;1799;52;Goiás;12948;2021;6794;Total;1151;55 a 59 anos;12948
Indicador  3.4.1;1706;2311;52;Goiás;12948;2021;6794;Total;1152;60 a 64 anos;12948
Indicador  3.4.1;1706;2835;52;Goiás;12948;2021;6794;Total;1153;65 a 69 anos;12948
Indicador  3.4.1;1706;6013;52;Goiás;12948;2021;4;Homens;56742;30 a 69 anos;12948
Indicador  3.4.1;1706;126;52;Goiás;12948;2021;4;Homens;1146;30 a 34 anos;12948
Indicador  3.4.1;1706;190;52;Goiás;12948;2021;4;Homens;1147;35 a 39 anos;12948
Indicador  3.4.1;1706;320;52;Goiás;12948;2021;4;Homens;1148;40 a 44 anos;12948
Indicador  3.4.1;1706;498;52;Goiás;12948;2021;4;Homens;1149;45 a 49 anos;12948
Indicador  3.4.1;1706;806;52;Goiás;12948;2021;4;Homens;1150;50 a 54 anos;12948
Indicador  3.4.1;1706;1041;52;Goiás;12948;2021;4;Homens;1151;55 a 59 anos;12948
Indicador  3.4.1;1706;1408;52;Goiás;12948;2021;4;Homens;1152;60 a 64 anos;12948
Indicador  3.4.1;1706;1624;52;Goiás;12948;2021;4;Homens;1153;65 a 69 anos;12948
Indicador  3.4.1;1706;4411;52;Goiás;12948;2021;5;Mulheres;56742;30 a 69 anos;12948
Indicador  3.4.1;1706;99;52;Goiás;12948;2021;5;Mulheres;1146;30 a 34 anos;12948
Indicador  3.4.1;1706;195;52;Goiás;12948;2021;5;Mulheres;1147;35 a 39 anos;12948
Indicador  3.4.1;1706;275;52;Goiás;12948;2021;5;Mulheres;1148;40 a 44 anos;12948
Indicador  3.4.1;1706;392;52;Goiás;12948;2021;5;Mulheres;1149;45 a 49 anos;12948
Indicador  3.4.1;1706;578;52;Goiás;12948;2021;5;Mulheres;1150;50 a 54 anos;12948
Indicador  3.4.1;1706;758;52;Goiás;12948;2021;5;Mulheres;1151;55 a 59 anos;12948
Indicador  3.4.1;1706;903;52;Goiás;12948;2021;5;Mulheres;1152;60 a 64 anos;12948
Indicador  3.4.1;1706;1211;52;Goiás;12948;2021;5;Mulheres;1153;65 a 69 anos;12948
Indicador  3.4.1;1706;10611;52;Goiás;12948;2022;6794;Total;56742;30 a 69 anos;12948
Indicador  3.4.1;1706;214;52;Goiás;12948;2022;6794;Total;1146;30 a 34 anos;12948
Indicador  3.4.1;1706;358;52;Goiás;12948;2022;6794;Total;1147;35 a 39 anos;12948
Indicador  3.4.1;1706;608;52;Goiás;12948;2022;6794;Total;1148;40 a 44 anos;12948
Indicador  3.4.1;1706;912;52;Goiás;12948;2022;6794;Total;1149;45 a 49 anos;12948
Indicador  3.4.1;1706;1350;52;Goiás;12948;2022;6794;Total;1150;50 a 54 anos;12948
Indicador  3.4.1;1706;1828;52;Goiás;12948;2022;6794;Total;1151;55 a 59 anos;12948
Indicador  3.4.1;1706;2465;52;Goiás;12948;2022;6794;Total;1152;60 a 64 anos;12948
Indicador  3.4.1;1706;2876;52;Goiás;12948;2022;6794;Total;1153;65 a 69 anos;12948
Indicador  3.4.1;1706;5983;52;Goiás;12948;2022;4;Homens;56742;30 a 69 anos;12948
Indicador  3.4.1;1706;115;52;Goiás;12948;2022;4;Homens;1146;30 a 34 anos;12948
Indicador  3.4.1;1706;180;52;Goiás;12948;2022;4;Homens;1147;35 a 39 anos;12948
Indicador  3.4.1;1706;313;52;Goiás;12948;2022;4;Homens;1148;40 a 44 anos;12948
Indicador  3.4.1;1706;489;52;Goiás;12948;2022;4;Homens;1149;45 a 49 anos;12948
Indicador  3.4.1;1706;762;52;Goiás;12948;2022;4;Homens;1150;50 a 54 anos;12948
Indicador  3.4.1;1706;1074;52;Goiás;12948;2022;4;Homens;1151;55 a 59 anos;12948
Indicador  3.4.1;1706;1414;52;Goiás;12948;2022;4;Homens;1152;60 a 64 anos;12948
Indicador  3.4.1;1706;1636;52;Goiás;12948;2022;4;Homens;1153;65 a 69 anos;12948
Indicador  3.4.1;1706;4627;52;Goiás;12948;2022;5;Mulheres;56742;30 a 69 anos;12948
Indicador  3.4.1;1706;99;52;Goiás;12948;2022;5;Mulheres;1146;30 a 34 anos;12948
Indicador  3.4.1;1706;178;52;Goiás;12948;2022;5;Mulheres;1147;35 a 39 anos;12948
Indicador  3.4.1;1706;295;52;Goiás;12948;2022;5;Mulheres;1148;40 a 44 anos;12948
Indicador  3.4.1;1706;423;52;Goiás;12948;2022;5;Mulheres;1149;45 a 49 anos;12948
Indicador  3.4.1;1706;588;52;Goiás;12948;2022;5;Mulheres;1150;50 a 54 anos;12948
Indicador  3.4.1;1706;754;52;Goiás;12948;2022;5;Mulheres;1151;55 a 59 anos;12948
Indicador  3.4.1;1706;1051;52;Goiás;12948;2022;5;Mulheres;1152;60 a 64 anos;12948
Indicador  3.4.1;1706;1239;52;Goiás;12948;2022;5;Mulheres;1153;65 a 69 anos;12948
Indicador  3.4.1;1706;3055;53;Distrito Federal;12948;2018;6794;Total;56742;30 a 69 anos;12948
Indicador  3.4.1;1706;69;53;Distrito Federal;12948;2018;6794;Total;1146;30 a 34 anos;12948
Indicador  3.4.1;1706;136;53;Distrito Federal;12948;2018;6794;Total;1147;35 a 39 anos;12948
Indicador  3.4.1;1706;182;53;Distrito Federal;12948;2018;6794;Total;1148;40 a 44 anos;12948
Indicador  3.4.1;1706;291;53;Distrito Federal;12948;2018;6794;Total;1149;45 a 49 anos;12948
Indicador  3.4.1;1706;405;53;Distrito Federal;12948;2018;6794;Total;1150;50 a 54 anos;12948
Indicador  3.4.1;1706;510;53;Distrito Federal;12948;2018;6794;Total;1151;55 a 59 anos;12948
Indicador  3.4.1;1706;672;53;Distrito Federal;12948;2018;6794;Total;1152;60 a 64 anos;12948
Indicador  3.4.1;1706;790;53;Distrito Federal;12948;2018;6794;Total;1153;65 a 69 anos;12948
Indicador  3.4.1;1706;1598;53;Distrito Federal;12948;2018;4;Homens;56742;30 a 69 anos;12948
Indicador  3.4.1;1706;26;53;Distrito Federal;12948;2018;4;Homens;1146;30 a 34 anos;12948
Indicador  3.4.1;1706;69;53;Distrito Federal;12948;2018;4;Homens;1147;35 a 39 anos;12948
Indicador  3.4.1;1706;93;53;Distrito Federal;12948;2018;4;Homens;1148;40 a 44 anos;12948
Indicador  3.4.1;1706;148;53;Distrito Federal;12948;2018;4;Homens;1149;45 a 49 anos;12948
Indicador  3.4.1;1706;220;53;Distrito Federal;12948;2018;4;Homens;1150;50 a 54 anos;12948
Indicador  3.4.1;1706;282;53;Distrito Federal;12948;2018;4;Homens;1151;55 a 59 anos;12948
Indicador  3.4.1;1706;351;53;Distrito Federal;12948;2018;4;Homens;1152;60 a 64 anos;12948
Indicador  3.4.1;1706;409;53;Distrito Federal;12948;2018;4;Homens;1153;65 a 69 anos;12948
Indicador  3.4.1;1706;1457;53;Distrito Federal;12948;2018;5;Mulheres;56742;30 a 69 anos;12948
Indicador  3.4.1;1706;43;53;Distrito Federal;12948;2018;5;Mulheres;1146;30 a 34 anos;12948
Indicador  3.4.1;1706;67;53;Distrito Federal;12948;2018;5;Mulheres;1147;35 a 39 anos;12948
Indicador  3.4.1;1706;89;53;Distrito Federal;12948;2018;5;Mulheres;1148;40 a 44 anos;12948
Indicador  3.4.1;1706;143;53;Distrito Federal;12948;2018;5;Mulheres;1149;45 a 49 anos;12948
Indicador  3.4.1;1706;185;53;Distrito Federal;12948;2018;5;Mulheres;1150;50 a 54 anos;12948
Indicador  3.4.1;1706;228;53;Distrito Federal;12948;2018;5;Mulheres;1151;55 a 59 anos;12948
Indicador  3.4.1;1706;321;53;Distrito Federal;12948;2018;5;Mulheres;1152;60 a 64 anos;12948
Indicador  3.4.1;1706;381;53;Distrito Federal;12948;2018;5;Mulheres;1153;65 a 69 anos;12948
Indicador  3.4.1;1706;3133;53;Distrito Federal;12948;2019;6794;Total;56742;30 a 69 anos;12948
Indicador  3.4.1;1706;56;53;Distrito Federal;12948;2019;6794;Total;1146;30 a 34 anos;12948
Indicador  3.4.1;1706;141;53;Distrito Federal;12948;2019;6794;Total;1147;35 a 39 anos;12948
Indicador  3.4.1;1706;182;53;Distrito Federal;12948;2019;6794;Total;1148;40 a 44 anos;12948
Indicador  3.4.1;1706;285;53;Distrito Federal;12948;2019;6794;Total;1149;45 a 49 anos;12948
Indicador  3.4.1;1706;426;53;Distrito Federal;12948;2019;6794;Total;1150;50 a 54 anos;12948
Indicador  3.4.1;1706;531;53;Distrito Federal;12948;2019;6794;Total;1151;55 a 59 anos;12948
Indicador  3.4.1;1706;720;53;Distrito Federal;12948;2019;6794;Total;1152;60 a 64 anos;12948
Indicador  3.4.1;1706;792;53;Distrito Federal;12948;2019;6794;Total;1153;65 a 69 anos;12948
Indicador  3.4.1;1706;1717;53;Distrito Federal;12948;2019;4;Homens;56742;30 a 69 anos;12948
Indicador  3.4.1;1706;29;53;Distrito Federal;12948;2019;4;Homens;1146;30 a 34 anos;12948
Indicador  3.4.1;1706;67;53;Distrito Federal;12948;2019;4;Homens;1147;35 a 39 anos;12948
Indicador  3.4.1;1706;98;53;Distrito Federal;12948;2019;4;Homens;1148;40 a 44 anos;12948
Indicador  3.4.1;1706;151;53;Distrito Federal;12948;2019;4;Homens;1149;45 a 49 anos;12948
Indicador  3.4.1;1706;233;53;Distrito Federal;12948;2019;4;Homens;1150;50 a 54 anos;12948
Indicador  3.4.1;1706;293;53;Distrito Federal;12948;2019;4;Homens;1151;55 a 59 anos;12948
Indicador  3.4.1;1706;396;53;Distrito Federal;12948;2019;4;Homens;1152;60 a 64 anos;12948
Indicador  3.4.1;1706;450;53;Distrito Federal;12948;2019;4;Homens;1153;65 a 69 anos;12948
Indicador  3.4.1;1706;1416;53;Distrito Federal;12948;2019;5;Mulheres;56742;30 a 69 anos;12948
Indicador  3.4.1;1706;27;53;Distrito Federal;12948;2019;5;Mulheres;1146;30 a 34 anos;12948
Indicador  3.4.1;1706;74;53;Distrito Federal;12948;2019;5;Mulheres;1147;35 a 39 anos;12948
Indicador  3.4.1;1706;84;53;Distrito Federal;12948;2019;5;Mulheres;1148;40 a 44 anos;12948
Indicador  3.4.1;1706;134;53;Distrito Federal;12948;2019;5;Mulheres;1149;45 a 49 anos;12948
Indicador  3.4.1;1706;193;53;Distrito Federal;12948;2019;5;Mulheres;1150;50 a 54 anos;12948
Indicador  3.4.1;1706;238;53;Distrito Federal;12948;2019;5;Mulheres;1151;55 a 59 anos;12948
Indicador  3.4.1;1706;324;53;Distrito Federal;12948;2019;5;Mulheres;1152;60 a 64 anos;12948
Indicador  3.4.1;1706;342;53;Distrito Federal;12948;2019;5;Mulheres;1153;65 a 69 anos;12948
Indicador  3.4.1;1706;3160;53;Distrito Federal;12948;2020;6794;Total;56742;30 a 69 anos;12948
Indicador  3.4.1;1706;65;53;Distrito Federal;12948;2020;6794;Total;1146;30 a 34 anos;12948
Indicador  3.4.1;1706;104;53;Distrito Federal;12948;2020;6794;Total;1147;35 a 39 anos;12948
Indicador  3.4.1;1706;219;53;Distrito Federal;12948;2020;6794;Total;1148;40 a 44 anos;12948
Indicador  3.4.1;1706;268;53;Distrito Federal;12948;2020;6794;Total;1149;45 a 49 anos;12948
Indicador  3.4.1;1706;378;53;Distrito Federal;12948;2020;6794;Total;1150;50 a 54 anos;12948
Indicador  3.4.1;1706;562;53;Distrito Federal;12948;2020;6794;Total;1151;55 a 59 anos;12948
Indicador  3.4.1;1706;717;53;Distrito Federal;12948;2020;6794;Total;1152;60 a 64 anos;12948
Indicador  3.4.1;1706;847;53;Distrito Federal;12948;2020;6794;Total;1153;65 a 69 anos;12948
Indicador  3.4.1;1706;1713;53;Distrito Federal;12948;2020;4;Homens;56742;30 a 69 anos;12948
Indicador  3.4.1;1706;32;53;Distrito Federal;12948;2020;4;Homens;1146;30 a 34 anos;12948
Indicador  3.4.1;1706;51;53;Distrito Federal;12948;2020;4;Homens;1147;35 a 39 anos;12948
Indicador  3.4.1;1706;113;53;Distrito Federal;12948;2020;4;Homens;1148;40 a 44 anos;12948
Indicador  3.4.1;1706;144;53;Distrito Federal;12948;2020;4;Homens;1149;45 a 49 anos;12948
Indicador  3.4.1;1706;199;53;Distrito Federal;12948;2020;4;Homens;1150;50 a 54 anos;12948
Indicador  3.4.1;1706;300;53;Distrito Federal;12948;2020;4;Homens;1151;55 a 59 anos;12948
Indicador  3.4.1;1706;402;53;Distrito Federal;12948;2020;4;Homens;1152;60 a 64 anos;12948
Indicador  3.4.1;1706;472;53;Distrito Federal;12948;2020;4;Homens;1153;65 a 69 anos;12948
Indicador  3.4.1;1706;1447;53;Distrito Federal;12948;2020;5;Mulheres;56742;30 a 69 anos;12948
Indicador  3.4.1;1706;33;53;Distrito Federal;12948;2020;5;Mulheres;1146;30 a 34 anos;12948
Indicador  3.4.1;1706;53;53;Distrito Federal;12948;2020;5;Mulheres;1147;35 a 39 anos;12948
Indicador  3.4.1;1706;106;53;Distrito Federal;12948;2020;5;Mulheres;1148;40 a 44 anos;12948
Indicador  3.4.1;1706;124;53;Distrito Federal;12948;2020;5;Mulheres;1149;45 a 49 anos;12948
Indicador  3.4.1;1706;179;53;Distrito Federal;12948;2020;5;Mulheres;1150;50 a 54 anos;12948
Indicador  3.4.1;1706;262;53;Distrito Federal;12948;2020;5;Mulheres;1151;55 a 59 anos;12948
Indicador  3.4.1;1706;315;53;Distrito Federal;12948;2020;5;Mulheres;1152;60 a 64 anos;12948
Indicador  3.4.1;1706;375;53;Distrito Federal;12948;2020;5;Mulheres;1153;65 a 69 anos;12948
Indicador  3.4.1;1706;3207;53;Distrito Federal;12948;2021;6794;Total;56742;30 a 69 anos;12948
Indicador  3.4.1;1706;69;53;Distrito Federal;12948;2021;6794;Total;1146;30 a 34 anos;12948
Indicador  3.4.1;1706;124;53;Distrito Federal;12948;2021;6794;Total;1147;35 a 39 anos;12948
Indicador  3.4.1;1706;200;53;Distrito Federal;12948;2021;6794;Total;1148;40 a 44 anos;12948
Indicador  3.4.1;1706;298;53;Distrito Federal;12948;2021;6794;Total;1149;45 a 49 anos;12948
Indicador  3.4.1;1706;416;53;Distrito Federal;12948;2021;6794;Total;1150;50 a 54 anos;12948
Indicador  3.4.1;1706;541;53;Distrito Federal;12948;2021;6794;Total;1151;55 a 59 anos;12948
Indicador  3.4.1;1706;776;53;Distrito Federal;12948;2021;6794;Total;1152;60 a 64 anos;12948
Indicador  3.4.1;1706;783;53;Distrito Federal;12948;2021;6794;Total;1153;65 a 69 anos;12948
Indicador  3.4.1;1706;1747;53;Distrito Federal;12948;2021;4;Homens;56742;30 a 69 anos;12948
Indicador  3.4.1;1706;41;53;Distrito Federal;12948;2021;4;Homens;1146;30 a 34 anos;12948
Indicador  3.4.1;1706;66;53;Distrito Federal;12948;2021;4;Homens;1147;35 a 39 anos;12948
Indicador  3.4.1;1706;107;53;Distrito Federal;12948;2021;4;Homens;1148;40 a 44 anos;12948
Indicador  3.4.1;1706;140;53;Distrito Federal;12948;2021;4;Homens;1149;45 a 49 anos;12948
Indicador  3.4.1;1706;239;53;Distrito Federal;12948;2021;4;Homens;1150;50 a 54 anos;12948
Indicador  3.4.1;1706;306;53;Distrito Federal;12948;2021;4;Homens;1151;55 a 59 anos;12948
Indicador  3.4.1;1706;432;53;Distrito Federal;12948;2021;4;Homens;1152;60 a 64 anos;12948
Indicador  3.4.1;1706;416;53;Distrito Federal;12948;2021;4;Homens;1153;65 a 69 anos;12948
Indicador  3.4.1;1706;1460;53;Distrito Federal;12948;2021;5;Mulheres;56742;30 a 69 anos;12948
Indicador  3.4.1;1706;28;53;Distrito Federal;12948;2021;5;Mulheres;1146;30 a 34 anos;12948
Indicador  3.4.1;1706;58;53;Distrito Federal;12948;2021;5;Mulheres;1147;35 a 39 anos;12948
Indicador  3.4.1;1706;93;53;Distrito Federal;12948;2021;5;Mulheres;1148;40 a 44 anos;12948
Indicador  3.4.1;1706;158;53;Distrito Federal;12948;2021;5;Mulheres;1149;45 a 49 anos;12948
Indicador  3.4.1;1706;177;53;Distrito Federal;12948;2021;5;Mulheres;1150;50 a 54 anos;12948
Indicador  3.4.1;1706;235;53;Distrito Federal;12948;2021;5;Mulheres;1151;55 a 59 anos;12948
Indicador  3.4.1;1706;344;53;Distrito Federal;12948;2021;5;Mulheres;1152;60 a 64 anos;12948
Indicador  3.4.1;1706;367;53;Distrito Federal;12948;2021;5;Mulheres;1153;65 a 69 anos;12948
Indicador  3.4.1;1706;3161;53;Distrito Federal;12948;2022;6794;Total;56742;30 a 69 anos;12948
Indicador  3.4.1;1706;62;53;Distrito Federal;12948;2022;6794;Total;1146;30 a 34 anos;12948
Indicador  3.4.1;1706;114;53;Distrito Federal;12948;2022;6794;Total;1147;35 a 39 anos;12948
Indicador  3.4.1;1706;216;53;Distrito Federal;12948;2022;6794;Total;1148;40 a 44 anos;12948
Indicador  3.4.1;1706;298;53;Distrito Federal;12948;2022;6794;Total;1149;45 a 49 anos;12948
Indicador  3.4.1;1706;415;53;Distrito Federal;12948;2022;6794;Total;1150;50 a 54 anos;12948
Indicador  3.4.1;1706;561;53;Distrito Federal;12948;2022;6794;Total;1151;55 a 59 anos;12948
Indicador  3.4.1;1706;709;53;Distrito Federal;12948;2022;6794;Total;1152;60 a 64 anos;12948
Indicador  3.4.1;1706;786;53;Distrito Federal;12948;2022;6794;Total;1153;65 a 69 anos;12948
Indicador  3.4.1;1706;1683;53;Distrito Federal;12948;2022;4;Homens;56742;30 a 69 anos;12948
Indicador  3.4.1;1706;27;53;Distrito Federal;12948;2022;4;Homens;1146;30 a 34 anos;12948
Indicador  3.4.1;1706;57;53;Distrito Federal;12948;2022;4;Homens;1147;35 a 39 anos;12948
Indicador  3.4.1;1706;102;53;Distrito Federal;12948;2022;4;Homens;1148;40 a 44 anos;12948
Indicador  3.4.1;1706;141;53;Distrito Federal;12948;2022;4;Homens;1149;45 a 49 anos;12948
Indicador  3.4.1;1706;215;53;Distrito Federal;12948;2022;4;Homens;1150;50 a 54 anos;12948
Indicador  3.4.1;1706;329;53;Distrito Federal;12948;2022;4;Homens;1151;55 a 59 anos;12948
Indicador  3.4.1;1706;379;53;Distrito Federal;12948;2022;4;Homens;1152;60 a 64 anos;12948
Indicador  3.4.1;1706;433;53;Distrito Federal;12948;2022;4;Homens;1153;65 a 69 anos;12948
Indicador  3.4.1;1706;1475;53;Distrito Federal;12948;2022;5;Mulheres;56742;30 a 69 anos;12948
Indicador  3.4.1;1706;35;53;Distrito Federal;12948;2022;5;Mulheres;1146;30 a 34 anos;12948
Indicador  3.4.1;1706;56;53;Distrito Federal;12948;2022;5;Mulheres;1147;35 a 39 anos;12948
Indicador  3.4.1;1706;114;53;Distrito Federal;12948;2022;5;Mulheres;1148;40 a 44 anos;12948
Indicador  3.4.1;1706;157;53;Distrito Federal;12948;2022;5;Mulheres;1149;45 a 49 anos;12948
Indicador  3.4.1;1706;199;53;Distrito Federal;12948;2022;5;Mulheres;1150;50 a 54 anos;12948
Indicador  3.4.1;1706;232;53;Distrito Federal;12948;2022;5;Mulheres;1151;55 a 59 anos;12948
Indicador  3.4.1;1706;330;53;Distrito Federal;12948;2022;5;Mulheres;1152;60 a 64 anos;12948
Indicador  3.4.1;1706;352;53;Distrito Federal;12948;2022;5;Mulheres;1153;65 a 69 anos;12948
