ID_INDICADOR;CODG_UND_MED;VLR_VAR;CODG_UND_FED;DESC_UND_FED;CODG_VAR;CODG_ANO;CODG_INF_ESC;DESC_INF_ESC;SUB_INDICADOR
Indicador  4.a.1;2;-;1;Brasil;11085;2018;41115;Total;11085
Indicador  4.a.1;2;96.3;1;Brasil;11085;2018;41116;Acesso à eletricidade;11085
Indicador  4.a.1;2;66.1;1;Brasil;11085;2018;41117;Acesso à internet;11085
Indicador  4.a.1;2;-;1;Brasil;11085;2018;41118;Computador para fins pedagógicos;11085
Indicador  4.a.1;2;29.3;1;Brasil;11085;2018;41119;Infraestrutura adaptada para alunos com deficiência;11085
Indicador  4.a.1;2;95.9;1;Brasil;11085;2018;41120;Abastecimento de água;11085
Indicador  4.a.1;2;84.3;1;Brasil;11085;2018;41121;Água Filtrada;11085
Indicador  4.a.1;2;-;1;Brasil;11085;2019;41115;Total;11085
Indicador  4.a.1;2;96.3;1;Brasil;11085;2019;41116;Acesso à eletricidade;11085
Indicador  4.a.1;2;69.4;1;Brasil;11085;2019;41117;Acesso à internet;11085
Indicador  4.a.1;2;21.5;1;Brasil;11085;2019;41118;Computador para fins pedagógicos;11085
Indicador  4.a.1;2;55.0;1;Brasil;11085;2019;41119;Infraestrutura adaptada para alunos com deficiência;11085
Indicador  4.a.1;2;96.9;1;Brasil;11085;2019;41120;Abastecimento de água;11085
Indicador  4.a.1;2;91.6;1;Brasil;11085;2019;41121;Água Filtrada;11085
Indicador  4.a.1;2;-;1;Brasil;11085;2020;41115;Total;11085
Indicador  4.a.1;2;96.6;1;Brasil;11085;2020;41116;Acesso à eletricidade;11085
Indicador  4.a.1;2;73.0;1;Brasil;11085;2020;41117;Acesso à internet;11085
Indicador  4.a.1;2;25.2;1;Brasil;11085;2020;41118;Computador para fins pedagógicos;11085
Indicador  4.a.1;2;59.3;1;Brasil;11085;2020;41119;Infraestrutura adaptada para alunos com deficiência;11085
Indicador  4.a.1;2;97.1;1;Brasil;11085;2020;41120;Abastecimento de água;11085
Indicador  4.a.1;2;92.5;1;Brasil;11085;2020;41121;Água Filtrada;11085
Indicador  4.a.1;2;-;1;Brasil;11085;2021;41115;Total;11085
Indicador  4.a.1;2;96.9;1;Brasil;11085;2021;41116;Acesso à eletricidade;11085
Indicador  4.a.1;2;76.7;1;Brasil;11085;2021;41117;Acesso à internet;11085
Indicador  4.a.1;2;28.8;1;Brasil;11085;2021;41118;Computador para fins pedagógicos;11085
Indicador  4.a.1;2;63.1;1;Brasil;11085;2021;41119;Infraestrutura adaptada para alunos com deficiência;11085
Indicador  4.a.1;2;97.0;1;Brasil;11085;2021;41120;Abastecimento de água;11085
Indicador  4.a.1;2;93.5;1;Brasil;11085;2021;41121;Água Filtrada;11085
Indicador  4.a.1;2;-;1;Brasil;11085;2022;41115;Total;11085
Indicador  4.a.1;2;97.2;1;Brasil;11085;2022;41116;Acesso à eletricidade;11085
Indicador  4.a.1;2;82.8;1;Brasil;11085;2022;41117;Acesso à internet;11085
Indicador  4.a.1;2;32.5;1;Brasil;11085;2022;41118;Computador para fins pedagógicos;11085
Indicador  4.a.1;2;65.2;1;Brasil;11085;2022;41119;Infraestrutura adaptada para alunos com deficiência;11085
Indicador  4.a.1;2;97.2;1;Brasil;11085;2022;41120;Abastecimento de água;11085
Indicador  4.a.1;2;94.2;1;Brasil;11085;2022;41121;Água Filtrada;11085
Indicador  4.a.1;2;100.0;11;Rondônia;11085;2018;41115;Total;11085
Indicador  4.a.1;2;95.8;11;Rondônia;11085;2018;41116;Acesso à eletricidade;11085
Indicador  4.a.1;2;-;11;Rondônia;11085;2018;41117;Acesso à internet;11085
Indicador  4.a.1;2;426.0;11;Rondônia;11085;2018;41118;Computador para fins pedagógicos;11085
Indicador  4.a.1;2;35.6;11;Rondônia;11085;2018;41119;Infraestrutura adaptada para alunos com deficiência;11085
Indicador  4.a.1;2;98.3;11;Rondônia;11085;2018;41120;Abastecimento de água;11085
Indicador  4.a.1;2;94.5;11;Rondônia;11085;2018;41121;Água Filtrada;11085
Indicador  4.a.1;2;100.0;11;Rondônia;11085;2019;41115;Total;11085
Indicador  4.a.1;2;94.9;11;Rondônia;11085;2019;41116;Acesso à eletricidade;11085
Indicador  4.a.1;2;19.2;11;Rondônia;11085;2019;41117;Acesso à internet;11085
Indicador  4.a.1;2;349.0;11;Rondônia;11085;2019;41118;Computador para fins pedagógicos;11085
Indicador  4.a.1;2;59.8;11;Rondônia;11085;2019;41119;Infraestrutura adaptada para alunos com deficiência;11085
Indicador  4.a.1;2;98.4;11;Rondônia;11085;2019;41120;Abastecimento de água;11085
Indicador  4.a.1;2;97.1;11;Rondônia;11085;2019;41121;Água Filtrada;11085
Indicador  4.a.1;2;100.0;11;Rondônia;11085;2020;41115;Total;11085
Indicador  4.a.1;2;95.5;11;Rondônia;11085;2020;41116;Acesso à eletricidade;11085
Indicador  4.a.1;2;23.2;11;Rondônia;11085;2020;41117;Acesso à internet;11085
Indicador  4.a.1;2;410.0;11;Rondônia;11085;2020;41118;Computador para fins pedagógicos;11085
Indicador  4.a.1;2;64.6;11;Rondônia;11085;2020;41119;Infraestrutura adaptada para alunos com deficiência;11085
Indicador  4.a.1;2;98.4;11;Rondônia;11085;2020;41120;Abastecimento de água;11085
Indicador  4.a.1;2;98.2;11;Rondônia;11085;2020;41121;Água Filtrada;11085
Indicador  4.a.1;2;100.0;11;Rondônia;11085;2021;41115;Total;11085
Indicador  4.a.1;2;95.6;11;Rondônia;11085;2021;41116;Acesso à eletricidade;11085
Indicador  4.a.1;2;25.9;11;Rondônia;11085;2021;41117;Acesso à internet;11085
Indicador  4.a.1;2;425.0;11;Rondônia;11085;2021;41118;Computador para fins pedagógicos;11085
Indicador  4.a.1;2;67.4;11;Rondônia;11085;2021;41119;Infraestrutura adaptada para alunos com deficiência;11085
Indicador  4.a.1;2;98.6;11;Rondônia;11085;2021;41120;Abastecimento de água;11085
Indicador  4.a.1;2;97.4;11;Rondônia;11085;2021;41121;Água Filtrada;11085
Indicador  4.a.1;2;100.0;11;Rondônia;11085;2022;41115;Total;11085
Indicador  4.a.1;2;96.4;11;Rondônia;11085;2022;41116;Acesso à eletricidade;11085
Indicador  4.a.1;2;29.9;11;Rondônia;11085;2022;41117;Acesso à internet;11085
Indicador  4.a.1;2;430.0;11;Rondônia;11085;2022;41118;Computador para fins pedagógicos;11085
Indicador  4.a.1;2;69.4;11;Rondônia;11085;2022;41119;Infraestrutura adaptada para alunos com deficiência;11085
Indicador  4.a.1;2;98.4;11;Rondônia;11085;2022;41120;Abastecimento de água;11085
Indicador  4.a.1;2;97.9;11;Rondônia;11085;2022;41121;Água Filtrada;11085
Indicador  4.a.1;2;100.0;12;Acre;11085;2018;41115;Total;11085
Indicador  4.a.1;2;57.0;12;Acre;11085;2018;41116;Acesso à eletricidade;11085
Indicador  4.a.1;2;-;12;Acre;11085;2018;41117;Acesso à internet;11085
Indicador  4.a.1;2;242.0;12;Acre;11085;2018;41118;Computador para fins pedagógicos;11085
Indicador  4.a.1;2;9.9;12;Acre;11085;2018;41119;Infraestrutura adaptada para alunos com deficiência;11085
Indicador  4.a.1;2;62.7;12;Acre;11085;2018;41120;Abastecimento de água;11085
Indicador  4.a.1;2;56.1;12;Acre;11085;2018;41121;Água Filtrada;11085
Indicador  4.a.1;2;100.0;12;Acre;11085;2019;41115;Total;11085
Indicador  4.a.1;2;56.1;12;Acre;11085;2019;41116;Acesso à eletricidade;11085
Indicador  4.a.1;2;2.9;12;Acre;11085;2019;41117;Acesso à internet;11085
Indicador  4.a.1;2;180.0;12;Acre;11085;2019;41118;Computador para fins pedagógicos;11085
Indicador  4.a.1;2;27.5;12;Acre;11085;2019;41119;Infraestrutura adaptada para alunos com deficiência;11085
Indicador  4.a.1;2;67.8;12;Acre;11085;2019;41120;Abastecimento de água;11085
Indicador  4.a.1;2;63.5;12;Acre;11085;2019;41121;Água Filtrada;11085
Indicador  4.a.1;2;100.0;12;Acre;11085;2020;41115;Total;11085
Indicador  4.a.1;2;57.3;12;Acre;11085;2020;41116;Acesso à eletricidade;11085
Indicador  4.a.1;2;3.7;12;Acre;11085;2020;41117;Acesso à internet;11085
Indicador  4.a.1;2;215.0;12;Acre;11085;2020;41118;Computador para fins pedagógicos;11085
Indicador  4.a.1;2;29.1;12;Acre;11085;2020;41119;Infraestrutura adaptada para alunos com deficiência;11085
Indicador  4.a.1;2;68.2;12;Acre;11085;2020;41120;Abastecimento de água;11085
Indicador  4.a.1;2;64.0;12;Acre;11085;2020;41121;Água Filtrada;11085
Indicador  4.a.1;2;100.0;12;Acre;11085;2021;41115;Total;11085
Indicador  4.a.1;2;57.8;12;Acre;11085;2021;41116;Acesso à eletricidade;11085
Indicador  4.a.1;2;4.4;12;Acre;11085;2021;41117;Acesso à internet;11085
Indicador  4.a.1;2;227.0;12;Acre;11085;2021;41118;Computador para fins pedagógicos;11085
Indicador  4.a.1;2;29.8;12;Acre;11085;2021;41119;Infraestrutura adaptada para alunos com deficiência;11085
Indicador  4.a.1;2;70.3;12;Acre;11085;2021;41120;Abastecimento de água;11085
Indicador  4.a.1;2;58.1;12;Acre;11085;2021;41121;Água Filtrada;11085
Indicador  4.a.1;2;100.0;12;Acre;11085;2022;41115;Total;11085
Indicador  4.a.1;2;57.1;12;Acre;11085;2022;41116;Acesso à eletricidade;11085
Indicador  4.a.1;2;5.5;12;Acre;11085;2022;41117;Acesso à internet;11085
Indicador  4.a.1;2;192.0;12;Acre;11085;2022;41118;Computador para fins pedagógicos;11085
Indicador  4.a.1;2;30.9;12;Acre;11085;2022;41119;Infraestrutura adaptada para alunos com deficiência;11085
Indicador  4.a.1;2;72.4;12;Acre;11085;2022;41120;Abastecimento de água;11085
Indicador  4.a.1;2;61.5;12;Acre;11085;2022;41121;Água Filtrada;11085
Indicador  4.a.1;2;100.0;13;Amazonas;11085;2018;41115;Total;11085
Indicador  4.a.1;2;73.8;13;Amazonas;11085;2018;41116;Acesso à eletricidade;11085
Indicador  4.a.1;2;-;13;Amazonas;11085;2018;41117;Acesso à internet;11085
Indicador  4.a.1;2;989.0;13;Amazonas;11085;2018;41118;Computador para fins pedagógicos;11085
Indicador  4.a.1;2;7.3;13;Amazonas;11085;2018;41119;Infraestrutura adaptada para alunos com deficiência;11085
Indicador  4.a.1;2;97.4;13;Amazonas;11085;2018;41120;Abastecimento de água;11085
Indicador  4.a.1;2;48.3;13;Amazonas;11085;2018;41121;Água Filtrada;11085
Indicador  4.a.1;2;100.0;13;Amazonas;11085;2019;41115;Total;11085
Indicador  4.a.1;2;74.2;13;Amazonas;11085;2019;41116;Acesso à eletricidade;11085
Indicador  4.a.1;2;7.0;13;Amazonas;11085;2019;41117;Acesso à internet;11085
Indicador  4.a.1;2;877.0;13;Amazonas;11085;2019;41118;Computador para fins pedagógicos;11085
Indicador  4.a.1;2;20.7;13;Amazonas;11085;2019;41119;Infraestrutura adaptada para alunos com deficiência;11085
Indicador  4.a.1;2;97.2;13;Amazonas;11085;2019;41120;Abastecimento de água;11085
Indicador  4.a.1;2;74.7;13;Amazonas;11085;2019;41121;Água Filtrada;11085
Indicador  4.a.1;2;100.0;13;Amazonas;11085;2020;41115;Total;11085
Indicador  4.a.1;2;76.0;13;Amazonas;11085;2020;41116;Acesso à eletricidade;11085
Indicador  4.a.1;2;7.4;13;Amazonas;11085;2020;41117;Acesso à internet;11085
Indicador  4.a.1;2;993.0;13;Amazonas;11085;2020;41118;Computador para fins pedagógicos;11085
Indicador  4.a.1;2;23.8;13;Amazonas;11085;2020;41119;Infraestrutura adaptada para alunos com deficiência;11085
Indicador  4.a.1;2;97.3;13;Amazonas;11085;2020;41120;Abastecimento de água;11085
Indicador  4.a.1;2;82.9;13;Amazonas;11085;2020;41121;Água Filtrada;11085
Indicador  4.a.1;2;100.0;13;Amazonas;11085;2021;41115;Total;11085
Indicador  4.a.1;2;77.7;13;Amazonas;11085;2021;41116;Acesso à eletricidade;11085
Indicador  4.a.1;2;8.0;13;Amazonas;11085;2021;41117;Acesso à internet;11085
Indicador  4.a.1;2;1030.0;13;Amazonas;11085;2021;41118;Computador para fins pedagógicos;11085
Indicador  4.a.1;2;25.2;13;Amazonas;11085;2021;41119;Infraestrutura adaptada para alunos com deficiência;11085
Indicador  4.a.1;2;97.1;13;Amazonas;11085;2021;41120;Abastecimento de água;11085
Indicador  4.a.1;2;83.6;13;Amazonas;11085;2021;41121;Água Filtrada;11085
Indicador  4.a.1;2;100.0;13;Amazonas;11085;2022;41115;Total;11085
Indicador  4.a.1;2;78.8;13;Amazonas;11085;2022;41116;Acesso à eletricidade;11085
Indicador  4.a.1;2;10.1;13;Amazonas;11085;2022;41117;Acesso à internet;11085
Indicador  4.a.1;2;1063.0;13;Amazonas;11085;2022;41118;Computador para fins pedagógicos;11085
Indicador  4.a.1;2;27.2;13;Amazonas;11085;2022;41119;Infraestrutura adaptada para alunos com deficiência;11085
Indicador  4.a.1;2;97.3;13;Amazonas;11085;2022;41120;Abastecimento de água;11085
Indicador  4.a.1;2;90.7;13;Amazonas;11085;2022;41121;Água Filtrada;11085
Indicador  4.a.1;2;100.0;14;Roraima;11085;2018;41115;Total;11085
Indicador  4.a.1;2;71.5;14;Roraima;11085;2018;41116;Acesso à eletricidade;11085
Indicador  4.a.1;2;-;14;Roraima;11085;2018;41117;Acesso à internet;11085
Indicador  4.a.1;2;118.0;14;Roraima;11085;2018;41118;Computador para fins pedagógicos;11085
Indicador  4.a.1;2;14.7;14;Roraima;11085;2018;41119;Infraestrutura adaptada para alunos com deficiência;11085
Indicador  4.a.1;2;97.2;14;Roraima;11085;2018;41120;Abastecimento de água;11085
Indicador  4.a.1;2;37.1;14;Roraima;11085;2018;41121;Água Filtrada;11085
Indicador  4.a.1;2;100.0;14;Roraima;11085;2019;41115;Total;11085
Indicador  4.a.1;2;65.9;14;Roraima;11085;2019;41116;Acesso à eletricidade;11085
Indicador  4.a.1;2;9.2;14;Roraima;11085;2019;41117;Acesso à internet;11085
Indicador  4.a.1;2;117.0;14;Roraima;11085;2019;41118;Computador para fins pedagógicos;11085
Indicador  4.a.1;2;24.5;14;Roraima;11085;2019;41119;Infraestrutura adaptada para alunos com deficiência;11085
Indicador  4.a.1;2;99.8;14;Roraima;11085;2019;41120;Abastecimento de água;11085
Indicador  4.a.1;2;53.8;14;Roraima;11085;2019;41121;Água Filtrada;11085
Indicador  4.a.1;2;100.0;14;Roraima;11085;2020;41115;Total;11085
Indicador  4.a.1;2;67.6;14;Roraima;11085;2020;41116;Acesso à eletricidade;11085
Indicador  4.a.1;2;11.9;14;Roraima;11085;2020;41117;Acesso à internet;11085
Indicador  4.a.1;2;134.0;14;Roraima;11085;2020;41118;Computador para fins pedagógicos;11085
Indicador  4.a.1;2;28.4;14;Roraima;11085;2020;41119;Infraestrutura adaptada para alunos com deficiência;11085
Indicador  4.a.1;2;99.2;14;Roraima;11085;2020;41120;Abastecimento de água;11085
Indicador  4.a.1;2;52.1;14;Roraima;11085;2020;41121;Água Filtrada;11085
Indicador  4.a.1;2;100.0;14;Roraima;11085;2021;41115;Total;11085
Indicador  4.a.1;2;72.4;14;Roraima;11085;2021;41116;Acesso à eletricidade;11085
Indicador  4.a.1;2;14.3;14;Roraima;11085;2021;41117;Acesso à internet;11085
Indicador  4.a.1;2;137.0;14;Roraima;11085;2021;41118;Computador para fins pedagógicos;11085
Indicador  4.a.1;2;31.3;14;Roraima;11085;2021;41119;Infraestrutura adaptada para alunos com deficiência;11085
Indicador  4.a.1;2;99.2;14;Roraima;11085;2021;41120;Abastecimento de água;11085
Indicador  4.a.1;2;53.2;14;Roraima;11085;2021;41121;Água Filtrada;11085
Indicador  4.a.1;2;100.0;14;Roraima;11085;2022;41115;Total;11085
Indicador  4.a.1;2;72.5;14;Roraima;11085;2022;41116;Acesso à eletricidade;11085
Indicador  4.a.1;2;14.3;14;Roraima;11085;2022;41117;Acesso à internet;11085
Indicador  4.a.1;2;158.0;14;Roraima;11085;2022;41118;Computador para fins pedagógicos;11085
Indicador  4.a.1;2;32.7;14;Roraima;11085;2022;41119;Infraestrutura adaptada para alunos com deficiência;11085
Indicador  4.a.1;2;96.1;14;Roraima;11085;2022;41120;Abastecimento de água;11085
Indicador  4.a.1;2;53.8;14;Roraima;11085;2022;41121;Água Filtrada;11085
Indicador  4.a.1;2;100.0;15;Pará;11085;2018;41115;Total;11085
Indicador  4.a.1;2;84.2;15;Pará;11085;2018;41116;Acesso à eletricidade;11085
Indicador  4.a.1;2;-;15;Pará;11085;2018;41117;Acesso à internet;11085
Indicador  4.a.1;2;2185.0;15;Pará;11085;2018;41118;Computador para fins pedagógicos;11085
Indicador  4.a.1;2;13.4;15;Pará;11085;2018;41119;Infraestrutura adaptada para alunos com deficiência;11085
Indicador  4.a.1;2;88.9;15;Pará;11085;2018;41120;Abastecimento de água;11085
Indicador  4.a.1;2;58.7;15;Pará;11085;2018;41121;Água Filtrada;11085
Indicador  4.a.1;2;100.0;15;Pará;11085;2019;41115;Total;11085
Indicador  4.a.1;2;83.5;15;Pará;11085;2019;41116;Acesso à eletricidade;11085
Indicador  4.a.1;2;4.3;15;Pará;11085;2019;41117;Acesso à internet;11085
Indicador  4.a.1;2;1667.0;15;Pará;11085;2019;41118;Computador para fins pedagógicos;11085
Indicador  4.a.1;2;34.3;15;Pará;11085;2019;41119;Infraestrutura adaptada para alunos com deficiência;11085
Indicador  4.a.1;2;92.0;15;Pará;11085;2019;41120;Abastecimento de água;11085
Indicador  4.a.1;2;74.3;15;Pará;11085;2019;41121;Água Filtrada;11085
Indicador  4.a.1;2;100.0;15;Pará;11085;2020;41115;Total;11085
Indicador  4.a.1;2;85.0;15;Pará;11085;2020;41116;Acesso à eletricidade;11085
Indicador  4.a.1;2;5.4;15;Pará;11085;2020;41117;Acesso à internet;11085
Indicador  4.a.1;2;1992.0;15;Pará;11085;2020;41118;Computador para fins pedagógicos;11085
Indicador  4.a.1;2;39.5;15;Pará;11085;2020;41119;Infraestrutura adaptada para alunos com deficiência;11085
Indicador  4.a.1;2;92.3;15;Pará;11085;2020;41120;Abastecimento de água;11085
Indicador  4.a.1;2;76.6;15;Pará;11085;2020;41121;Água Filtrada;11085
Indicador  4.a.1;2;100.0;15;Pará;11085;2021;41115;Total;11085
Indicador  4.a.1;2;86.4;15;Pará;11085;2021;41116;Acesso à eletricidade;11085
Indicador  4.a.1;2;7.6;15;Pará;11085;2021;41117;Acesso à internet;11085
Indicador  4.a.1;2;1979.0;15;Pará;11085;2021;41118;Computador para fins pedagógicos;11085
Indicador  4.a.1;2;43.8;15;Pará;11085;2021;41119;Infraestrutura adaptada para alunos com deficiência;11085
Indicador  4.a.1;2;90.5;15;Pará;11085;2021;41120;Abastecimento de água;11085
Indicador  4.a.1;2;76.4;15;Pará;11085;2021;41121;Água Filtrada;11085
Indicador  4.a.1;2;100.0;15;Pará;11085;2022;41115;Total;11085
Indicador  4.a.1;2;88.4;15;Pará;11085;2022;41116;Acesso à eletricidade;11085
Indicador  4.a.1;2;9.2;15;Pará;11085;2022;41117;Acesso à internet;11085
Indicador  4.a.1;2;1916.0;15;Pará;11085;2022;41118;Computador para fins pedagógicos;11085
Indicador  4.a.1;2;45.8;15;Pará;11085;2022;41119;Infraestrutura adaptada para alunos com deficiência;11085
Indicador  4.a.1;2;91.7;15;Pará;11085;2022;41120;Abastecimento de água;11085
Indicador  4.a.1;2;77.9;15;Pará;11085;2022;41121;Água Filtrada;11085
Indicador  4.a.1;2;100.0;16;Amapá;11085;2018;41115;Total;11085
Indicador  4.a.1;2;92.4;16;Amapá;11085;2018;41116;Acesso à eletricidade;11085
Indicador  4.a.1;2;-;16;Amapá;11085;2018;41117;Acesso à internet;11085
Indicador  4.a.1;2;228.0;16;Amapá;11085;2018;41118;Computador para fins pedagógicos;11085
Indicador  4.a.1;2;18.0;16;Amapá;11085;2018;41119;Infraestrutura adaptada para alunos com deficiência;11085
Indicador  4.a.1;2;94.7;16;Amapá;11085;2018;41120;Abastecimento de água;11085
Indicador  4.a.1;2;60.6;16;Amapá;11085;2018;41121;Água Filtrada;11085
Indicador  4.a.1;2;100.0;16;Amapá;11085;2019;41115;Total;11085
Indicador  4.a.1;2;87.1;16;Amapá;11085;2019;41116;Acesso à eletricidade;11085
Indicador  4.a.1;2;8.2;16;Amapá;11085;2019;41117;Acesso à internet;11085
Indicador  4.a.1;2;163.0;16;Amapá;11085;2019;41118;Computador para fins pedagógicos;11085
Indicador  4.a.1;2;33.3;16;Amapá;11085;2019;41119;Infraestrutura adaptada para alunos com deficiência;11085
Indicador  4.a.1;2;95.5;16;Amapá;11085;2019;41120;Abastecimento de água;11085
Indicador  4.a.1;2;83.2;16;Amapá;11085;2019;41121;Água Filtrada;11085
Indicador  4.a.1;2;100.0;16;Amapá;11085;2020;41115;Total;11085
Indicador  4.a.1;2;87.5;16;Amapá;11085;2020;41116;Acesso à eletricidade;11085
Indicador  4.a.1;2;9.1;16;Amapá;11085;2020;41117;Acesso à internet;11085
Indicador  4.a.1;2;185.0;16;Amapá;11085;2020;41118;Computador para fins pedagógicos;11085
Indicador  4.a.1;2;39.2;16;Amapá;11085;2020;41119;Infraestrutura adaptada para alunos com deficiência;11085
Indicador  4.a.1;2;95.6;16;Amapá;11085;2020;41120;Abastecimento de água;11085
Indicador  4.a.1;2;83.2;16;Amapá;11085;2020;41121;Água Filtrada;11085
Indicador  4.a.1;2;100.0;16;Amapá;11085;2021;41115;Total;11085
Indicador  4.a.1;2;88.5;16;Amapá;11085;2021;41116;Acesso à eletricidade;11085
Indicador  4.a.1;2;10.2;16;Amapá;11085;2021;41117;Acesso à internet;11085
Indicador  4.a.1;2;182.0;16;Amapá;11085;2021;41118;Computador para fins pedagógicos;11085
Indicador  4.a.1;2;43.5;16;Amapá;11085;2021;41119;Infraestrutura adaptada para alunos com deficiência;11085
Indicador  4.a.1;2;94.9;16;Amapá;11085;2021;41120;Abastecimento de água;11085
Indicador  4.a.1;2;82.4;16;Amapá;11085;2021;41121;Água Filtrada;11085
Indicador  4.a.1;2;100.0;16;Amapá;11085;2022;41115;Total;11085
Indicador  4.a.1;2;90.1;16;Amapá;11085;2022;41116;Acesso à eletricidade;11085
Indicador  4.a.1;2;9.6;16;Amapá;11085;2022;41117;Acesso à internet;11085
Indicador  4.a.1;2;202.0;16;Amapá;11085;2022;41118;Computador para fins pedagógicos;11085
Indicador  4.a.1;2;45.0;16;Amapá;11085;2022;41119;Infraestrutura adaptada para alunos com deficiência;11085
Indicador  4.a.1;2;95.0;16;Amapá;11085;2022;41120;Abastecimento de água;11085
Indicador  4.a.1;2;82.4;16;Amapá;11085;2022;41121;Água Filtrada;11085
Indicador  4.a.1;2;100.0;17;Tocantins;11085;2018;41115;Total;11085
Indicador  4.a.1;2;97.8;17;Tocantins;11085;2018;41116;Acesso à eletricidade;11085
Indicador  4.a.1;2;-;17;Tocantins;11085;2018;41117;Acesso à internet;11085
Indicador  4.a.1;2;417.0;17;Tocantins;11085;2018;41118;Computador para fins pedagógicos;11085
Indicador  4.a.1;2;31.1;17;Tocantins;11085;2018;41119;Infraestrutura adaptada para alunos com deficiência;11085
Indicador  4.a.1;2;99.3;17;Tocantins;11085;2018;41120;Abastecimento de água;11085
Indicador  4.a.1;2;96.5;17;Tocantins;11085;2018;41121;Água Filtrada;11085
Indicador  4.a.1;2;100.0;17;Tocantins;11085;2019;41115;Total;11085
Indicador  4.a.1;2;97.9;17;Tocantins;11085;2019;41116;Acesso à eletricidade;11085
Indicador  4.a.1;2;21.3;17;Tocantins;11085;2019;41117;Acesso à internet;11085
Indicador  4.a.1;2;402.0;17;Tocantins;11085;2019;41118;Computador para fins pedagógicos;11085
Indicador  4.a.1;2;60.4;17;Tocantins;11085;2019;41119;Infraestrutura adaptada para alunos com deficiência;11085
Indicador  4.a.1;2;99.5;17;Tocantins;11085;2019;41120;Abastecimento de água;11085
Indicador  4.a.1;2;94.3;17;Tocantins;11085;2019;41121;Água Filtrada;11085
Indicador  4.a.1;2;100.0;17;Tocantins;11085;2020;41115;Total;11085
Indicador  4.a.1;2;98.5;17;Tocantins;11085;2020;41116;Acesso à eletricidade;11085
Indicador  4.a.1;2;25.7;17;Tocantins;11085;2020;41117;Acesso à internet;11085
Indicador  4.a.1;2;440.0;17;Tocantins;11085;2020;41118;Computador para fins pedagógicos;11085
Indicador  4.a.1;2;65.2;17;Tocantins;11085;2020;41119;Infraestrutura adaptada para alunos com deficiência;11085
Indicador  4.a.1;2;99.5;17;Tocantins;11085;2020;41120;Abastecimento de água;11085
Indicador  4.a.1;2;94.8;17;Tocantins;11085;2020;41121;Água Filtrada;11085
Indicador  4.a.1;2;100.0;17;Tocantins;11085;2021;41115;Total;11085
Indicador  4.a.1;2;98.8;17;Tocantins;11085;2021;41116;Acesso à eletricidade;11085
Indicador  4.a.1;2;29.1;17;Tocantins;11085;2021;41117;Acesso à internet;11085
Indicador  4.a.1;2;458.0;17;Tocantins;11085;2021;41118;Computador para fins pedagógicos;11085
Indicador  4.a.1;2;71.9;17;Tocantins;11085;2021;41119;Infraestrutura adaptada para alunos com deficiência;11085
Indicador  4.a.1;2;97.9;17;Tocantins;11085;2021;41120;Abastecimento de água;11085
Indicador  4.a.1;2;94.8;17;Tocantins;11085;2021;41121;Água Filtrada;11085
Indicador  4.a.1;2;100.0;17;Tocantins;11085;2022;41115;Total;11085
Indicador  4.a.1;2;98.9;17;Tocantins;11085;2022;41116;Acesso à eletricidade;11085
Indicador  4.a.1;2;31.0;17;Tocantins;11085;2022;41117;Acesso à internet;11085
Indicador  4.a.1;2;434.0;17;Tocantins;11085;2022;41118;Computador para fins pedagógicos;11085
Indicador  4.a.1;2;73.7;17;Tocantins;11085;2022;41119;Infraestrutura adaptada para alunos com deficiência;11085
Indicador  4.a.1;2;97.9;17;Tocantins;11085;2022;41120;Abastecimento de água;11085
Indicador  4.a.1;2;92.0;17;Tocantins;11085;2022;41121;Água Filtrada;11085
Indicador  4.a.1;2;100.0;21;Maranhão;11085;2018;41115;Total;11085
Indicador  4.a.1;2;97.7;21;Maranhão;11085;2018;41116;Acesso à eletricidade;11085
Indicador  4.a.1;2;-;21;Maranhão;11085;2018;41117;Acesso à internet;11085
Indicador  4.a.1;2;2050.0;21;Maranhão;11085;2018;41118;Computador para fins pedagógicos;11085
Indicador  4.a.1;2;11.8;21;Maranhão;11085;2018;41119;Infraestrutura adaptada para alunos com deficiência;11085
Indicador  4.a.1;2;89.7;21;Maranhão;11085;2018;41120;Abastecimento de água;11085
Indicador  4.a.1;2;89.4;21;Maranhão;11085;2018;41121;Água Filtrada;11085
Indicador  4.a.1;2;100.0;21;Maranhão;11085;2019;41115;Total;11085
Indicador  4.a.1;2;98.3;21;Maranhão;11085;2019;41116;Acesso à eletricidade;11085
Indicador  4.a.1;2;3.1;21;Maranhão;11085;2019;41117;Acesso à internet;11085
Indicador  4.a.1;2;1494.0;21;Maranhão;11085;2019;41118;Computador para fins pedagógicos;11085
Indicador  4.a.1;2;35.0;21;Maranhão;11085;2019;41119;Infraestrutura adaptada para alunos com deficiência;11085
Indicador  4.a.1;2;89.8;21;Maranhão;11085;2019;41120;Abastecimento de água;11085
Indicador  4.a.1;2;90.4;21;Maranhão;11085;2019;41121;Água Filtrada;11085
Indicador  4.a.1;2;100.0;21;Maranhão;11085;2020;41115;Total;11085
Indicador  4.a.1;2;98.5;21;Maranhão;11085;2020;41116;Acesso à eletricidade;11085
Indicador  4.a.1;2;4.1;21;Maranhão;11085;2020;41117;Acesso à internet;11085
Indicador  4.a.1;2;2060.0;21;Maranhão;11085;2020;41118;Computador para fins pedagógicos;11085
Indicador  4.a.1;2;39.6;21;Maranhão;11085;2020;41119;Infraestrutura adaptada para alunos com deficiência;11085
Indicador  4.a.1;2;90.5;21;Maranhão;11085;2020;41120;Abastecimento de água;11085
Indicador  4.a.1;2;91.3;21;Maranhão;11085;2020;41121;Água Filtrada;11085
Indicador  4.a.1;2;100.0;21;Maranhão;11085;2021;41115;Total;11085
Indicador  4.a.1;2;98.9;21;Maranhão;11085;2021;41116;Acesso à eletricidade;11085
Indicador  4.a.1;2;6.4;21;Maranhão;11085;2021;41117;Acesso à internet;11085
Indicador  4.a.1;2;2464.0;21;Maranhão;11085;2021;41118;Computador para fins pedagógicos;11085
Indicador  4.a.1;2;44.7;21;Maranhão;11085;2021;41119;Infraestrutura adaptada para alunos com deficiência;11085
Indicador  4.a.1;2;90.1;21;Maranhão;11085;2021;41120;Abastecimento de água;11085
Indicador  4.a.1;2;90.0;21;Maranhão;11085;2021;41121;Água Filtrada;11085
Indicador  4.a.1;2;100.0;21;Maranhão;11085;2022;41115;Total;11085
Indicador  4.a.1;2;99.2;21;Maranhão;11085;2022;41116;Acesso à eletricidade;11085
Indicador  4.a.1;2;12.2;21;Maranhão;11085;2022;41117;Acesso à internet;11085
Indicador  4.a.1;2;2788.0;21;Maranhão;11085;2022;41118;Computador para fins pedagógicos;11085
Indicador  4.a.1;2;47.2;21;Maranhão;11085;2022;41119;Infraestrutura adaptada para alunos com deficiência;11085
Indicador  4.a.1;2;90.2;21;Maranhão;11085;2022;41120;Abastecimento de água;11085
Indicador  4.a.1;2;89.3;21;Maranhão;11085;2022;41121;Água Filtrada;11085
Indicador  4.a.1;2;100.0;22;Piauí;11085;2018;41115;Total;11085
Indicador  4.a.1;2;97.5;22;Piauí;11085;2018;41116;Acesso à eletricidade;11085
Indicador  4.a.1;2;-;22;Piauí;11085;2018;41117;Acesso à internet;11085
Indicador  4.a.1;2;1201.0;22;Piauí;11085;2018;41118;Computador para fins pedagógicos;11085
Indicador  4.a.1;2;23.6;22;Piauí;11085;2018;41119;Infraestrutura adaptada para alunos com deficiência;11085
Indicador  4.a.1;2;91.8;22;Piauí;11085;2018;41120;Abastecimento de água;11085
Indicador  4.a.1;2;93.7;22;Piauí;11085;2018;41121;Água Filtrada;11085
Indicador  4.a.1;2;100.0;22;Piauí;11085;2019;41115;Total;11085
Indicador  4.a.1;2;97.7;22;Piauí;11085;2019;41116;Acesso à eletricidade;11085
Indicador  4.a.1;2;7.5;22;Piauí;11085;2019;41117;Acesso à internet;11085
Indicador  4.a.1;2;866.0;22;Piauí;11085;2019;41118;Computador para fins pedagógicos;11085
Indicador  4.a.1;2;60.5;22;Piauí;11085;2019;41119;Infraestrutura adaptada para alunos com deficiência;11085
Indicador  4.a.1;2;92.8;22;Piauí;11085;2019;41120;Abastecimento de água;11085
Indicador  4.a.1;2;95.9;22;Piauí;11085;2019;41121;Água Filtrada;11085
Indicador  4.a.1;2;100.0;22;Piauí;11085;2020;41115;Total;11085
Indicador  4.a.1;2;98.0;22;Piauí;11085;2020;41116;Acesso à eletricidade;11085
Indicador  4.a.1;2;9.3;22;Piauí;11085;2020;41117;Acesso à internet;11085
Indicador  4.a.1;2;1101.0;22;Piauí;11085;2020;41118;Computador para fins pedagógicos;11085
Indicador  4.a.1;2;65.6;22;Piauí;11085;2020;41119;Infraestrutura adaptada para alunos com deficiência;11085
Indicador  4.a.1;2;93.5;22;Piauí;11085;2020;41120;Abastecimento de água;11085
Indicador  4.a.1;2;96.7;22;Piauí;11085;2020;41121;Água Filtrada;11085
Indicador  4.a.1;2;100.0;22;Piauí;11085;2021;41115;Total;11085
Indicador  4.a.1;2;98.4;22;Piauí;11085;2021;41116;Acesso à eletricidade;11085
Indicador  4.a.1;2;13.7;22;Piauí;11085;2021;41117;Acesso à internet;11085
Indicador  4.a.1;2;1220.0;22;Piauí;11085;2021;41118;Computador para fins pedagógicos;11085
Indicador  4.a.1;2;68.5;22;Piauí;11085;2021;41119;Infraestrutura adaptada para alunos com deficiência;11085
Indicador  4.a.1;2;94.3;22;Piauí;11085;2021;41120;Abastecimento de água;11085
Indicador  4.a.1;2;96.5;22;Piauí;11085;2021;41121;Água Filtrada;11085
Indicador  4.a.1;2;100.0;22;Piauí;11085;2022;41115;Total;11085
Indicador  4.a.1;2;98.9;22;Piauí;11085;2022;41116;Acesso à eletricidade;11085
Indicador  4.a.1;2;17.3;22;Piauí;11085;2022;41117;Acesso à internet;11085
Indicador  4.a.1;2;1295.0;22;Piauí;11085;2022;41118;Computador para fins pedagógicos;11085
Indicador  4.a.1;2;71.1;22;Piauí;11085;2022;41119;Infraestrutura adaptada para alunos com deficiência;11085
Indicador  4.a.1;2;94.6;22;Piauí;11085;2022;41120;Abastecimento de água;11085
Indicador  4.a.1;2;96.0;22;Piauí;11085;2022;41121;Água Filtrada;11085
Indicador  4.a.1;2;100.0;23;Ceará;11085;2018;41115;Total;11085
Indicador  4.a.1;2;100.0;23;Ceará;11085;2018;41116;Acesso à eletricidade;11085
Indicador  4.a.1;2;-;23;Ceará;11085;2018;41117;Acesso à internet;11085
Indicador  4.a.1;2;3067.0;23;Ceará;11085;2018;41118;Computador para fins pedagógicos;11085
Indicador  4.a.1;2;35.7;23;Ceará;11085;2018;41119;Infraestrutura adaptada para alunos com deficiência;11085
Indicador  4.a.1;2;97.1;23;Ceará;11085;2018;41120;Abastecimento de água;11085
Indicador  4.a.1;2;96.6;23;Ceará;11085;2018;41121;Água Filtrada;11085
Indicador  4.a.1;2;100.0;23;Ceará;11085;2019;41115;Total;11085
Indicador  4.a.1;2;100.0;23;Ceará;11085;2019;41116;Acesso à eletricidade;11085
Indicador  4.a.1;2;18.4;23;Ceará;11085;2019;41117;Acesso à internet;11085
Indicador  4.a.1;2;2502.0;23;Ceará;11085;2019;41118;Computador para fins pedagógicos;11085
Indicador  4.a.1;2;72.4;23;Ceará;11085;2019;41119;Infraestrutura adaptada para alunos com deficiência;11085
Indicador  4.a.1;2;98.3;23;Ceará;11085;2019;41120;Abastecimento de água;11085
Indicador  4.a.1;2;97.2;23;Ceará;11085;2019;41121;Água Filtrada;11085
Indicador  4.a.1;2;100.0;23;Ceará;11085;2020;41115;Total;11085
Indicador  4.a.1;2;100.0;23;Ceará;11085;2020;41116;Acesso à eletricidade;11085
Indicador  4.a.1;2;21.6;23;Ceará;11085;2020;41117;Acesso à internet;11085
Indicador  4.a.1;2;2957.0;23;Ceará;11085;2020;41118;Computador para fins pedagógicos;11085
Indicador  4.a.1;2;75.8;23;Ceará;11085;2020;41119;Infraestrutura adaptada para alunos com deficiência;11085
Indicador  4.a.1;2;98.8;23;Ceará;11085;2020;41120;Abastecimento de água;11085
Indicador  4.a.1;2;97.6;23;Ceará;11085;2020;41121;Água Filtrada;11085
Indicador  4.a.1;2;100.0;23;Ceará;11085;2021;41115;Total;11085
Indicador  4.a.1;2;100.0;23;Ceará;11085;2021;41116;Acesso à eletricidade;11085
Indicador  4.a.1;2;25.0;23;Ceará;11085;2021;41117;Acesso à internet;11085
Indicador  4.a.1;2;3067.0;23;Ceará;11085;2021;41118;Computador para fins pedagógicos;11085
Indicador  4.a.1;2;78.9;23;Ceará;11085;2021;41119;Infraestrutura adaptada para alunos com deficiência;11085
Indicador  4.a.1;2;98.9;23;Ceará;11085;2021;41120;Abastecimento de água;11085
Indicador  4.a.1;2;97.3;23;Ceará;11085;2021;41121;Água Filtrada;11085
Indicador  4.a.1;2;100.0;23;Ceará;11085;2022;41115;Total;11085
Indicador  4.a.1;2;100.0;23;Ceará;11085;2022;41116;Acesso à eletricidade;11085
Indicador  4.a.1;2;26.3;23;Ceará;11085;2022;41117;Acesso à internet;11085
Indicador  4.a.1;2;3289.0;23;Ceará;11085;2022;41118;Computador para fins pedagógicos;11085
Indicador  4.a.1;2;80.8;23;Ceará;11085;2022;41119;Infraestrutura adaptada para alunos com deficiência;11085
Indicador  4.a.1;2;99.4;23;Ceará;11085;2022;41120;Abastecimento de água;11085
Indicador  4.a.1;2;97.6;23;Ceará;11085;2022;41121;Água Filtrada;11085
Indicador  4.a.1;2;100.0;24;Rio Grande do Norte;11085;2018;41115;Total;11085
Indicador  4.a.1;2;99.9;24;Rio Grande do Norte;11085;2018;41116;Acesso à eletricidade;11085
Indicador  4.a.1;2;-;24;Rio Grande do Norte;11085;2018;41117;Acesso à internet;11085
Indicador  4.a.1;2;1329.0;24;Rio Grande do Norte;11085;2018;41118;Computador para fins pedagógicos;11085
Indicador  4.a.1;2;38.4;24;Rio Grande do Norte;11085;2018;41119;Infraestrutura adaptada para alunos com deficiência;11085
Indicador  4.a.1;2;98.9;24;Rio Grande do Norte;11085;2018;41120;Abastecimento de água;11085
Indicador  4.a.1;2;95.2;24;Rio Grande do Norte;11085;2018;41121;Água Filtrada;11085
Indicador  4.a.1;2;100.0;24;Rio Grande do Norte;11085;2019;41115;Total;11085
Indicador  4.a.1;2;99.9;24;Rio Grande do Norte;11085;2019;41116;Acesso à eletricidade;11085
Indicador  4.a.1;2;16.0;24;Rio Grande do Norte;11085;2019;41117;Acesso à internet;11085
Indicador  4.a.1;2;1093.0;24;Rio Grande do Norte;11085;2019;41118;Computador para fins pedagógicos;11085
Indicador  4.a.1;2;69.0;24;Rio Grande do Norte;11085;2019;41119;Infraestrutura adaptada para alunos com deficiência;11085
Indicador  4.a.1;2;98.9;24;Rio Grande do Norte;11085;2019;41120;Abastecimento de água;11085
Indicador  4.a.1;2;96.4;24;Rio Grande do Norte;11085;2019;41121;Água Filtrada;11085
Indicador  4.a.1;2;100.0;24;Rio Grande do Norte;11085;2020;41115;Total;11085
Indicador  4.a.1;2;99.9;24;Rio Grande do Norte;11085;2020;41116;Acesso à eletricidade;11085
Indicador  4.a.1;2;19.0;24;Rio Grande do Norte;11085;2020;41117;Acesso à internet;11085
Indicador  4.a.1;2;1286.0;24;Rio Grande do Norte;11085;2020;41118;Computador para fins pedagógicos;11085
Indicador  4.a.1;2;72.2;24;Rio Grande do Norte;11085;2020;41119;Infraestrutura adaptada para alunos com deficiência;11085
Indicador  4.a.1;2;98.9;24;Rio Grande do Norte;11085;2020;41120;Abastecimento de água;11085
Indicador  4.a.1;2;94.9;24;Rio Grande do Norte;11085;2020;41121;Água Filtrada;11085
Indicador  4.a.1;2;100.0;24;Rio Grande do Norte;11085;2021;41115;Total;11085
Indicador  4.a.1;2;100.0;24;Rio Grande do Norte;11085;2021;41116;Acesso à eletricidade;11085
Indicador  4.a.1;2;24.2;24;Rio Grande do Norte;11085;2021;41117;Acesso à internet;11085
Indicador  4.a.1;2;1369.0;24;Rio Grande do Norte;11085;2021;41118;Computador para fins pedagógicos;11085
Indicador  4.a.1;2;75.3;24;Rio Grande do Norte;11085;2021;41119;Infraestrutura adaptada para alunos com deficiência;11085
Indicador  4.a.1;2;99.2;24;Rio Grande do Norte;11085;2021;41120;Abastecimento de água;11085
Indicador  4.a.1;2;97.6;24;Rio Grande do Norte;11085;2021;41121;Água Filtrada;11085
Indicador  4.a.1;2;100.0;24;Rio Grande do Norte;11085;2022;41115;Total;11085
Indicador  4.a.1;2;100.0;24;Rio Grande do Norte;11085;2022;41116;Acesso à eletricidade;11085
Indicador  4.a.1;2;30.2;24;Rio Grande do Norte;11085;2022;41117;Acesso à internet;11085
Indicador  4.a.1;2;1494.0;24;Rio Grande do Norte;11085;2022;41118;Computador para fins pedagógicos;11085
Indicador  4.a.1;2;77.8;24;Rio Grande do Norte;11085;2022;41119;Infraestrutura adaptada para alunos com deficiência;11085
Indicador  4.a.1;2;99.3;24;Rio Grande do Norte;11085;2022;41120;Abastecimento de água;11085
Indicador  4.a.1;2;97.7;24;Rio Grande do Norte;11085;2022;41121;Água Filtrada;11085
Indicador  4.a.1;2;100.0;25;Paraíba;11085;2018;41115;Total;11085
Indicador  4.a.1;2;99.6;25;Paraíba;11085;2018;41116;Acesso à eletricidade;11085
Indicador  4.a.1;2;-;25;Paraíba;11085;2018;41117;Acesso à internet;11085
Indicador  4.a.1;2;1749.0;25;Paraíba;11085;2018;41118;Computador para fins pedagógicos;11085
Indicador  4.a.1;2;28.2;25;Paraíba;11085;2018;41119;Infraestrutura adaptada para alunos com deficiência;11085
Indicador  4.a.1;2;92.4;25;Paraíba;11085;2018;41120;Abastecimento de água;11085
Indicador  4.a.1;2;96.6;25;Paraíba;11085;2018;41121;Água Filtrada;11085
Indicador  4.a.1;2;100.0;25;Paraíba;11085;2019;41115;Total;11085
Indicador  4.a.1;2;99.8;25;Paraíba;11085;2019;41116;Acesso à eletricidade;11085
Indicador  4.a.1;2;10.1;25;Paraíba;11085;2019;41117;Acesso à internet;11085
Indicador  4.a.1;2;1414.0;25;Paraíba;11085;2019;41118;Computador para fins pedagógicos;11085
Indicador  4.a.1;2;65.2;25;Paraíba;11085;2019;41119;Infraestrutura adaptada para alunos com deficiência;11085
Indicador  4.a.1;2;96.6;25;Paraíba;11085;2019;41120;Abastecimento de água;11085
Indicador  4.a.1;2;98.5;25;Paraíba;11085;2019;41121;Água Filtrada;11085
Indicador  4.a.1;2;100.0;25;Paraíba;11085;2020;41115;Total;11085
Indicador  4.a.1;2;99.8;25;Paraíba;11085;2020;41116;Acesso à eletricidade;11085
Indicador  4.a.1;2;14.0;25;Paraíba;11085;2020;41117;Acesso à internet;11085
Indicador  4.a.1;2;1765.0;25;Paraíba;11085;2020;41118;Computador para fins pedagógicos;11085
Indicador  4.a.1;2;68.2;25;Paraíba;11085;2020;41119;Infraestrutura adaptada para alunos com deficiência;11085
Indicador  4.a.1;2;97.2;25;Paraíba;11085;2020;41120;Abastecimento de água;11085
Indicador  4.a.1;2;98.8;25;Paraíba;11085;2020;41121;Água Filtrada;11085
Indicador  4.a.1;2;100.0;25;Paraíba;11085;2021;41115;Total;11085
Indicador  4.a.1;2;99.9;25;Paraíba;11085;2021;41116;Acesso à eletricidade;11085
Indicador  4.a.1;2;16.6;25;Paraíba;11085;2021;41117;Acesso à internet;11085
Indicador  4.a.1;2;1858.0;25;Paraíba;11085;2021;41118;Computador para fins pedagógicos;11085
Indicador  4.a.1;2;72.1;25;Paraíba;11085;2021;41119;Infraestrutura adaptada para alunos com deficiência;11085
Indicador  4.a.1;2;97.4;25;Paraíba;11085;2021;41120;Abastecimento de água;11085
Indicador  4.a.1;2;99.0;25;Paraíba;11085;2021;41121;Água Filtrada;11085
Indicador  4.a.1;2;100.0;25;Paraíba;11085;2022;41115;Total;11085
Indicador  4.a.1;2;99.9;25;Paraíba;11085;2022;41116;Acesso à eletricidade;11085
Indicador  4.a.1;2;19.1;25;Paraíba;11085;2022;41117;Acesso à internet;11085
Indicador  4.a.1;2;1975.0;25;Paraíba;11085;2022;41118;Computador para fins pedagógicos;11085
Indicador  4.a.1;2;74.8;25;Paraíba;11085;2022;41119;Infraestrutura adaptada para alunos com deficiência;11085
Indicador  4.a.1;2;97.8;25;Paraíba;11085;2022;41120;Abastecimento de água;11085
Indicador  4.a.1;2;98.9;25;Paraíba;11085;2022;41121;Água Filtrada;11085
Indicador  4.a.1;2;100.0;26;Pernambuco;11085;2018;41115;Total;11085
Indicador  4.a.1;2;99.6;26;Pernambuco;11085;2018;41116;Acesso à eletricidade;11085
Indicador  4.a.1;2;-;26;Pernambuco;11085;2018;41117;Acesso à internet;11085
Indicador  4.a.1;2;2511.0;26;Pernambuco;11085;2018;41118;Computador para fins pedagógicos;11085
Indicador  4.a.1;2;27.6;26;Pernambuco;11085;2018;41119;Infraestrutura adaptada para alunos com deficiência;11085
Indicador  4.a.1;2;93.7;26;Pernambuco;11085;2018;41120;Abastecimento de água;11085
Indicador  4.a.1;2;91.9;26;Pernambuco;11085;2018;41121;Água Filtrada;11085
Indicador  4.a.1;2;100.0;26;Pernambuco;11085;2019;41115;Total;11085
Indicador  4.a.1;2;99.7;26;Pernambuco;11085;2019;41116;Acesso à eletricidade;11085
Indicador  4.a.1;2;11.2;26;Pernambuco;11085;2019;41117;Acesso à internet;11085
Indicador  4.a.1;2;2131.0;26;Pernambuco;11085;2019;41118;Computador para fins pedagógicos;11085
Indicador  4.a.1;2;61.3;26;Pernambuco;11085;2019;41119;Infraestrutura adaptada para alunos com deficiência;11085
Indicador  4.a.1;2;95.9;26;Pernambuco;11085;2019;41120;Abastecimento de água;11085
Indicador  4.a.1;2;94.5;26;Pernambuco;11085;2019;41121;Água Filtrada;11085
Indicador  4.a.1;2;100.0;26;Pernambuco;11085;2020;41115;Total;11085
Indicador  4.a.1;2;99.8;26;Pernambuco;11085;2020;41116;Acesso à eletricidade;11085
Indicador  4.a.1;2;13.1;26;Pernambuco;11085;2020;41117;Acesso à internet;11085
Indicador  4.a.1;2;2554.0;26;Pernambuco;11085;2020;41118;Computador para fins pedagógicos;11085
Indicador  4.a.1;2;64.4;26;Pernambuco;11085;2020;41119;Infraestrutura adaptada para alunos com deficiência;11085
Indicador  4.a.1;2;96.5;26;Pernambuco;11085;2020;41120;Abastecimento de água;11085
Indicador  4.a.1;2;95.0;26;Pernambuco;11085;2020;41121;Água Filtrada;11085
Indicador  4.a.1;2;100.0;26;Pernambuco;11085;2021;41115;Total;11085
Indicador  4.a.1;2;99.8;26;Pernambuco;11085;2021;41116;Acesso à eletricidade;11085
Indicador  4.a.1;2;17.3;26;Pernambuco;11085;2021;41117;Acesso à internet;11085
Indicador  4.a.1;2;2735.0;26;Pernambuco;11085;2021;41118;Computador para fins pedagógicos;11085
Indicador  4.a.1;2;67.5;26;Pernambuco;11085;2021;41119;Infraestrutura adaptada para alunos com deficiência;11085
Indicador  4.a.1;2;95.7;26;Pernambuco;11085;2021;41120;Abastecimento de água;11085
Indicador  4.a.1;2;93.6;26;Pernambuco;11085;2021;41121;Água Filtrada;11085
Indicador  4.a.1;2;100.0;26;Pernambuco;11085;2022;41115;Total;11085
Indicador  4.a.1;2;99.9;26;Pernambuco;11085;2022;41116;Acesso à eletricidade;11085
Indicador  4.a.1;2;23.3;26;Pernambuco;11085;2022;41117;Acesso à internet;11085
Indicador  4.a.1;2;2995.0;26;Pernambuco;11085;2022;41118;Computador para fins pedagógicos;11085
Indicador  4.a.1;2;72.5;26;Pernambuco;11085;2022;41119;Infraestrutura adaptada para alunos com deficiência;11085
Indicador  4.a.1;2;96.4;26;Pernambuco;11085;2022;41120;Abastecimento de água;11085
Indicador  4.a.1;2;94.5;26;Pernambuco;11085;2022;41121;Água Filtrada;11085
Indicador  4.a.1;2;100.0;27;Alagoas;11085;2018;41115;Total;11085
Indicador  4.a.1;2;99.8;27;Alagoas;11085;2018;41116;Acesso à eletricidade;11085
Indicador  4.a.1;2;-;27;Alagoas;11085;2018;41117;Acesso à internet;11085
Indicador  4.a.1;2;912.0;27;Alagoas;11085;2018;41118;Computador para fins pedagógicos;11085
Indicador  4.a.1;2;23.9;27;Alagoas;11085;2018;41119;Infraestrutura adaptada para alunos com deficiência;11085
Indicador  4.a.1;2;97.7;27;Alagoas;11085;2018;41120;Abastecimento de água;11085
Indicador  4.a.1;2;88.9;27;Alagoas;11085;2018;41121;Água Filtrada;11085
Indicador  4.a.1;2;100.0;27;Alagoas;11085;2019;41115;Total;11085
Indicador  4.a.1;2;100.0;27;Alagoas;11085;2019;41116;Acesso à eletricidade;11085
Indicador  4.a.1;2;9.4;27;Alagoas;11085;2019;41117;Acesso à internet;11085
Indicador  4.a.1;2;813.0;27;Alagoas;11085;2019;41118;Computador para fins pedagógicos;11085
Indicador  4.a.1;2;54.9;27;Alagoas;11085;2019;41119;Infraestrutura adaptada para alunos com deficiência;11085
Indicador  4.a.1;2;98.8;27;Alagoas;11085;2019;41120;Abastecimento de água;11085
Indicador  4.a.1;2;94.3;27;Alagoas;11085;2019;41121;Água Filtrada;11085
Indicador  4.a.1;2;100.0;27;Alagoas;11085;2020;41115;Total;11085
Indicador  4.a.1;2;100.0;27;Alagoas;11085;2020;41116;Acesso à eletricidade;11085
Indicador  4.a.1;2;11.0;27;Alagoas;11085;2020;41117;Acesso à internet;11085
Indicador  4.a.1;2;951.0;27;Alagoas;11085;2020;41118;Computador para fins pedagógicos;11085
Indicador  4.a.1;2;62.3;27;Alagoas;11085;2020;41119;Infraestrutura adaptada para alunos com deficiência;11085
Indicador  4.a.1;2;98.6;27;Alagoas;11085;2020;41120;Abastecimento de água;11085
Indicador  4.a.1;2;95.1;27;Alagoas;11085;2020;41121;Água Filtrada;11085
Indicador  4.a.1;2;100.0;27;Alagoas;11085;2021;41115;Total;11085
Indicador  4.a.1;2;100.0;27;Alagoas;11085;2021;41116;Acesso à eletricidade;11085
Indicador  4.a.1;2;15.4;27;Alagoas;11085;2021;41117;Acesso à internet;11085
Indicador  4.a.1;2;1019.0;27;Alagoas;11085;2021;41118;Computador para fins pedagógicos;11085
Indicador  4.a.1;2;69.2;27;Alagoas;11085;2021;41119;Infraestrutura adaptada para alunos com deficiência;11085
Indicador  4.a.1;2;98.1;27;Alagoas;11085;2021;41120;Abastecimento de água;11085
Indicador  4.a.1;2;95.5;27;Alagoas;11085;2021;41121;Água Filtrada;11085
Indicador  4.a.1;2;100.0;27;Alagoas;11085;2022;41115;Total;11085
Indicador  4.a.1;2;100.0;27;Alagoas;11085;2022;41116;Acesso à eletricidade;11085
Indicador  4.a.1;2;21.3;27;Alagoas;11085;2022;41117;Acesso à internet;11085
Indicador  4.a.1;2;1055.0;27;Alagoas;11085;2022;41118;Computador para fins pedagógicos;11085
Indicador  4.a.1;2;71.5;27;Alagoas;11085;2022;41119;Infraestrutura adaptada para alunos com deficiência;11085
Indicador  4.a.1;2;98.7;27;Alagoas;11085;2022;41120;Abastecimento de água;11085
Indicador  4.a.1;2;97.2;27;Alagoas;11085;2022;41121;Água Filtrada;11085
Indicador  4.a.1;2;100.0;28;Sergipe;11085;2018;41115;Total;11085
Indicador  4.a.1;2;100.0;28;Sergipe;11085;2018;41116;Acesso à eletricidade;11085
Indicador  4.a.1;2;-;28;Sergipe;11085;2018;41117;Acesso à internet;11085
Indicador  4.a.1;2;714.0;28;Sergipe;11085;2018;41118;Computador para fins pedagógicos;11085
Indicador  4.a.1;2;34.4;28;Sergipe;11085;2018;41119;Infraestrutura adaptada para alunos com deficiência;11085
Indicador  4.a.1;2;99.0;28;Sergipe;11085;2018;41120;Abastecimento de água;11085
Indicador  4.a.1;2;85.7;28;Sergipe;11085;2018;41121;Água Filtrada;11085
Indicador  4.a.1;2;100.0;28;Sergipe;11085;2019;41115;Total;11085
Indicador  4.a.1;2;100.0;28;Sergipe;11085;2019;41116;Acesso à eletricidade;11085
Indicador  4.a.1;2;15.4;28;Sergipe;11085;2019;41117;Acesso à internet;11085
Indicador  4.a.1;2;815.0;28;Sergipe;11085;2019;41118;Computador para fins pedagógicos;11085
Indicador  4.a.1;2;72.5;28;Sergipe;11085;2019;41119;Infraestrutura adaptada para alunos com deficiência;11085
Indicador  4.a.1;2;99.5;28;Sergipe;11085;2019;41120;Abastecimento de água;11085
Indicador  4.a.1;2;97.6;28;Sergipe;11085;2019;41121;Água Filtrada;11085
Indicador  4.a.1;2;100.0;28;Sergipe;11085;2020;41115;Total;11085
Indicador  4.a.1;2;100.0;28;Sergipe;11085;2020;41116;Acesso à eletricidade;11085
Indicador  4.a.1;2;22.5;28;Sergipe;11085;2020;41117;Acesso à internet;11085
Indicador  4.a.1;2;920.0;28;Sergipe;11085;2020;41118;Computador para fins pedagógicos;11085
Indicador  4.a.1;2;75.9;28;Sergipe;11085;2020;41119;Infraestrutura adaptada para alunos com deficiência;11085
Indicador  4.a.1;2;99.7;28;Sergipe;11085;2020;41120;Abastecimento de água;11085
Indicador  4.a.1;2;99.4;28;Sergipe;11085;2020;41121;Água Filtrada;11085
Indicador  4.a.1;2;100.0;28;Sergipe;11085;2021;41115;Total;11085
Indicador  4.a.1;2;100.0;28;Sergipe;11085;2021;41116;Acesso à eletricidade;11085
Indicador  4.a.1;2;28.6;28;Sergipe;11085;2021;41117;Acesso à internet;11085
Indicador  4.a.1;2;991.0;28;Sergipe;11085;2021;41118;Computador para fins pedagógicos;11085
Indicador  4.a.1;2;81.4;28;Sergipe;11085;2021;41119;Infraestrutura adaptada para alunos com deficiência;11085
Indicador  4.a.1;2;99.7;28;Sergipe;11085;2021;41120;Abastecimento de água;11085
Indicador  4.a.1;2;99.5;28;Sergipe;11085;2021;41121;Água Filtrada;11085
Indicador  4.a.1;2;100.0;28;Sergipe;11085;2022;41115;Total;11085
Indicador  4.a.1;2;100.0;28;Sergipe;11085;2022;41116;Acesso à eletricidade;11085
Indicador  4.a.1;2;33.5;28;Sergipe;11085;2022;41117;Acesso à internet;11085
Indicador  4.a.1;2;1108.0;28;Sergipe;11085;2022;41118;Computador para fins pedagógicos;11085
Indicador  4.a.1;2;84.3;28;Sergipe;11085;2022;41119;Infraestrutura adaptada para alunos com deficiência;11085
Indicador  4.a.1;2;99.8;28;Sergipe;11085;2022;41120;Abastecimento de água;11085
Indicador  4.a.1;2;99.3;28;Sergipe;11085;2022;41121;Água Filtrada;11085
Indicador  4.a.1;2;100.0;29;Bahia;11085;2018;41115;Total;11085
Indicador  4.a.1;2;97.0;29;Bahia;11085;2018;41116;Acesso à eletricidade;11085
Indicador  4.a.1;2;-;29;Bahia;11085;2018;41117;Acesso à internet;11085
Indicador  4.a.1;2;4483.0;29;Bahia;11085;2018;41118;Computador para fins pedagógicos;11085
Indicador  4.a.1;2;18.5;29;Bahia;11085;2018;41119;Infraestrutura adaptada para alunos com deficiência;11085
Indicador  4.a.1;2;94.8;29;Bahia;11085;2018;41120;Abastecimento de água;11085
Indicador  4.a.1;2;94.7;29;Bahia;11085;2018;41121;Água Filtrada;11085
Indicador  4.a.1;2;100.0;29;Bahia;11085;2019;41115;Total;11085
Indicador  4.a.1;2;97.8;29;Bahia;11085;2019;41116;Acesso à eletricidade;11085
Indicador  4.a.1;2;7.7;29;Bahia;11085;2019;41117;Acesso à internet;11085
Indicador  4.a.1;2;3682.0;29;Bahia;11085;2019;41118;Computador para fins pedagógicos;11085
Indicador  4.a.1;2;49.1;29;Bahia;11085;2019;41119;Infraestrutura adaptada para alunos com deficiência;11085
Indicador  4.a.1;2;97.1;29;Bahia;11085;2019;41120;Abastecimento de água;11085
Indicador  4.a.1;2;94.0;29;Bahia;11085;2019;41121;Água Filtrada;11085
Indicador  4.a.1;2;100.0;29;Bahia;11085;2020;41115;Total;11085
Indicador  4.a.1;2;97.9;29;Bahia;11085;2020;41116;Acesso à eletricidade;11085
Indicador  4.a.1;2;10.8;29;Bahia;11085;2020;41117;Acesso à internet;11085
Indicador  4.a.1;2;4729.0;29;Bahia;11085;2020;41118;Computador para fins pedagógicos;11085
Indicador  4.a.1;2;52.6;29;Bahia;11085;2020;41119;Infraestrutura adaptada para alunos com deficiência;11085
Indicador  4.a.1;2;97.6;29;Bahia;11085;2020;41120;Abastecimento de água;11085
Indicador  4.a.1;2;94.6;29;Bahia;11085;2020;41121;Água Filtrada;11085
Indicador  4.a.1;2;100.0;29;Bahia;11085;2021;41115;Total;11085
Indicador  4.a.1;2;98.2;29;Bahia;11085;2021;41116;Acesso à eletricidade;11085
Indicador  4.a.1;2;15.1;29;Bahia;11085;2021;41117;Acesso à internet;11085
Indicador  4.a.1;2;5123.0;29;Bahia;11085;2021;41118;Computador para fins pedagógicos;11085
Indicador  4.a.1;2;55.0;29;Bahia;11085;2021;41119;Infraestrutura adaptada para alunos com deficiência;11085
Indicador  4.a.1;2;97.8;29;Bahia;11085;2021;41120;Abastecimento de água;11085
Indicador  4.a.1;2;93.7;29;Bahia;11085;2021;41121;Água Filtrada;11085
Indicador  4.a.1;2;100.0;29;Bahia;11085;2022;41115;Total;11085
Indicador  4.a.1;2;99.0;29;Bahia;11085;2022;41116;Acesso à eletricidade;11085
Indicador  4.a.1;2;20.4;29;Bahia;11085;2022;41117;Acesso à internet;11085
Indicador  4.a.1;2;5504.0;29;Bahia;11085;2022;41118;Computador para fins pedagógicos;11085
Indicador  4.a.1;2;58.7;29;Bahia;11085;2022;41119;Infraestrutura adaptada para alunos com deficiência;11085
Indicador  4.a.1;2;97.9;29;Bahia;11085;2022;41120;Abastecimento de água;11085
Indicador  4.a.1;2;94.0;29;Bahia;11085;2022;41121;Água Filtrada;11085
Indicador  4.a.1;2;100.0;31;Minas Gerais;11085;2018;41115;Total;11085
Indicador  4.a.1;2;100.0;31;Minas Gerais;11085;2018;41116;Acesso à eletricidade;11085
Indicador  4.a.1;2;-;31;Minas Gerais;11085;2018;41117;Acesso à internet;11085
Indicador  4.a.1;2;6617.0;31;Minas Gerais;11085;2018;41118;Computador para fins pedagógicos;11085
Indicador  4.a.1;2;40.1;31;Minas Gerais;11085;2018;41119;Infraestrutura adaptada para alunos com deficiência;11085
Indicador  4.a.1;2;99.6;31;Minas Gerais;11085;2018;41120;Abastecimento de água;11085
Indicador  4.a.1;2;99.5;31;Minas Gerais;11085;2018;41121;Água Filtrada;11085
Indicador  4.a.1;2;100.0;31;Minas Gerais;11085;2019;41115;Total;11085
Indicador  4.a.1;2;100.0;31;Minas Gerais;11085;2019;41116;Acesso à eletricidade;11085
Indicador  4.a.1;2;29.5;31;Minas Gerais;11085;2019;41117;Acesso à internet;11085
Indicador  4.a.1;2;5845.0;31;Minas Gerais;11085;2019;41118;Computador para fins pedagógicos;11085
Indicador  4.a.1;2;66.9;31;Minas Gerais;11085;2019;41119;Infraestrutura adaptada para alunos com deficiência;11085
Indicador  4.a.1;2;99.7;31;Minas Gerais;11085;2019;41120;Abastecimento de água;11085
Indicador  4.a.1;2;97.8;31;Minas Gerais;11085;2019;41121;Água Filtrada;11085
Indicador  4.a.1;2;100.0;31;Minas Gerais;11085;2020;41115;Total;11085
Indicador  4.a.1;2;100.0;31;Minas Gerais;11085;2020;41116;Acesso à eletricidade;11085
Indicador  4.a.1;2;32.7;31;Minas Gerais;11085;2020;41117;Acesso à internet;11085
Indicador  4.a.1;2;6194.0;31;Minas Gerais;11085;2020;41118;Computador para fins pedagógicos;11085
Indicador  4.a.1;2;68.6;31;Minas Gerais;11085;2020;41119;Infraestrutura adaptada para alunos com deficiência;11085
Indicador  4.a.1;2;99.7;31;Minas Gerais;11085;2020;41120;Abastecimento de água;11085
Indicador  4.a.1;2;98.1;31;Minas Gerais;11085;2020;41121;Água Filtrada;11085
Indicador  4.a.1;2;100.0;31;Minas Gerais;11085;2021;41115;Total;11085
Indicador  4.a.1;2;100.0;31;Minas Gerais;11085;2021;41116;Acesso à eletricidade;11085
Indicador  4.a.1;2;35.9;31;Minas Gerais;11085;2021;41117;Acesso à internet;11085
Indicador  4.a.1;2;6343.0;31;Minas Gerais;11085;2021;41118;Computador para fins pedagógicos;11085
Indicador  4.a.1;2;72.6;31;Minas Gerais;11085;2021;41119;Infraestrutura adaptada para alunos com deficiência;11085
Indicador  4.a.1;2;99.7;31;Minas Gerais;11085;2021;41120;Abastecimento de água;11085
Indicador  4.a.1;2;98.5;31;Minas Gerais;11085;2021;41121;Água Filtrada;11085
Indicador  4.a.1;2;100.0;31;Minas Gerais;11085;2022;41115;Total;11085
Indicador  4.a.1;2;100.0;31;Minas Gerais;11085;2022;41116;Acesso à eletricidade;11085
Indicador  4.a.1;2;38.1;31;Minas Gerais;11085;2022;41117;Acesso à internet;11085
Indicador  4.a.1;2;6407.0;31;Minas Gerais;11085;2022;41118;Computador para fins pedagógicos;11085
Indicador  4.a.1;2;74.3;31;Minas Gerais;11085;2022;41119;Infraestrutura adaptada para alunos com deficiência;11085
Indicador  4.a.1;2;99.8;31;Minas Gerais;11085;2022;41120;Abastecimento de água;11085
Indicador  4.a.1;2;98.8;31;Minas Gerais;11085;2022;41121;Água Filtrada;11085
Indicador  4.a.1;2;100.0;32;Espírito Santo;11085;2018;41115;Total;11085
Indicador  4.a.1;2;99.1;32;Espírito Santo;11085;2018;41116;Acesso à eletricidade;11085
Indicador  4.a.1;2;-;32;Espírito Santo;11085;2018;41117;Acesso à internet;11085
Indicador  4.a.1;2;1208.0;32;Espírito Santo;11085;2018;41118;Computador para fins pedagógicos;11085
Indicador  4.a.1;2;36.6;32;Espírito Santo;11085;2018;41119;Infraestrutura adaptada para alunos com deficiência;11085
Indicador  4.a.1;2;96.8;32;Espírito Santo;11085;2018;41120;Abastecimento de água;11085
Indicador  4.a.1;2;99.6;32;Espírito Santo;11085;2018;41121;Água Filtrada;11085
Indicador  4.a.1;2;100.0;32;Espírito Santo;11085;2019;41115;Total;11085
Indicador  4.a.1;2;98.9;32;Espírito Santo;11085;2019;41116;Acesso à eletricidade;11085
Indicador  4.a.1;2;27.1;32;Espírito Santo;11085;2019;41117;Acesso à internet;11085
Indicador  4.a.1;2;1019.0;32;Espírito Santo;11085;2019;41118;Computador para fins pedagógicos;11085
Indicador  4.a.1;2;60.9;32;Espírito Santo;11085;2019;41119;Infraestrutura adaptada para alunos com deficiência;11085
Indicador  4.a.1;2;96.9;32;Espírito Santo;11085;2019;41120;Abastecimento de água;11085
Indicador  4.a.1;2;96.7;32;Espírito Santo;11085;2019;41121;Água Filtrada;11085
Indicador  4.a.1;2;100.0;32;Espírito Santo;11085;2020;41115;Total;11085
Indicador  4.a.1;2;99.4;32;Espírito Santo;11085;2020;41116;Acesso à eletricidade;11085
Indicador  4.a.1;2;27.7;32;Espírito Santo;11085;2020;41117;Acesso à internet;11085
Indicador  4.a.1;2;1061.0;32;Espírito Santo;11085;2020;41118;Computador para fins pedagógicos;11085
Indicador  4.a.1;2;67.0;32;Espírito Santo;11085;2020;41119;Infraestrutura adaptada para alunos com deficiência;11085
Indicador  4.a.1;2;96.4;32;Espírito Santo;11085;2020;41120;Abastecimento de água;11085
Indicador  4.a.1;2;97.4;32;Espírito Santo;11085;2020;41121;Água Filtrada;11085
Indicador  4.a.1;2;100.0;32;Espírito Santo;11085;2021;41115;Total;11085
Indicador  4.a.1;2;99.8;32;Espírito Santo;11085;2021;41116;Acesso à eletricidade;11085
Indicador  4.a.1;2;31.5;32;Espírito Santo;11085;2021;41117;Acesso à internet;11085
Indicador  4.a.1;2;1075.0;32;Espírito Santo;11085;2021;41118;Computador para fins pedagógicos;11085
Indicador  4.a.1;2;70.2;32;Espírito Santo;11085;2021;41119;Infraestrutura adaptada para alunos com deficiência;11085
Indicador  4.a.1;2;96.2;32;Espírito Santo;11085;2021;41120;Abastecimento de água;11085
Indicador  4.a.1;2;98.3;32;Espírito Santo;11085;2021;41121;Água Filtrada;11085
Indicador  4.a.1;2;100.0;32;Espírito Santo;11085;2022;41115;Total;11085
Indicador  4.a.1;2;99.8;32;Espírito Santo;11085;2022;41116;Acesso à eletricidade;11085
Indicador  4.a.1;2;37.4;32;Espírito Santo;11085;2022;41117;Acesso à internet;11085
Indicador  4.a.1;2;1168.0;32;Espírito Santo;11085;2022;41118;Computador para fins pedagógicos;11085
Indicador  4.a.1;2;75.7;32;Espírito Santo;11085;2022;41119;Infraestrutura adaptada para alunos com deficiência;11085
Indicador  4.a.1;2;98.3;32;Espírito Santo;11085;2022;41120;Abastecimento de água;11085
Indicador  4.a.1;2;98.1;32;Espírito Santo;11085;2022;41121;Água Filtrada;11085
Indicador  4.a.1;2;100.0;33;Rio de Janeiro;11085;2018;41115;Total;11085
Indicador  4.a.1;2;100.0;33;Rio de Janeiro;11085;2018;41116;Acesso à eletricidade;11085
Indicador  4.a.1;2;-;33;Rio de Janeiro;11085;2018;41117;Acesso à internet;11085
Indicador  4.a.1;2;4669.0;33;Rio de Janeiro;11085;2018;41118;Computador para fins pedagógicos;11085
Indicador  4.a.1;2;42.6;33;Rio de Janeiro;11085;2018;41119;Infraestrutura adaptada para alunos com deficiência;11085
Indicador  4.a.1;2;99.9;33;Rio de Janeiro;11085;2018;41120;Abastecimento de água;11085
Indicador  4.a.1;2;97.8;33;Rio de Janeiro;11085;2018;41121;Água Filtrada;11085
Indicador  4.a.1;2;100.0;33;Rio de Janeiro;11085;2019;41115;Total;11085
Indicador  4.a.1;2;100.0;33;Rio de Janeiro;11085;2019;41116;Acesso à eletricidade;11085
Indicador  4.a.1;2;20.1;33;Rio de Janeiro;11085;2019;41117;Acesso à internet;11085
Indicador  4.a.1;2;4119.0;33;Rio de Janeiro;11085;2019;41118;Computador para fins pedagógicos;11085
Indicador  4.a.1;2;72.5;33;Rio de Janeiro;11085;2019;41119;Infraestrutura adaptada para alunos com deficiência;11085
Indicador  4.a.1;2;99.9;33;Rio de Janeiro;11085;2019;41120;Abastecimento de água;11085
Indicador  4.a.1;2;99.0;33;Rio de Janeiro;11085;2019;41121;Água Filtrada;11085
Indicador  4.a.1;2;100.0;33;Rio de Janeiro;11085;2020;41115;Total;11085
Indicador  4.a.1;2;100.0;33;Rio de Janeiro;11085;2020;41116;Acesso à eletricidade;11085
Indicador  4.a.1;2;23.9;33;Rio de Janeiro;11085;2020;41117;Acesso à internet;11085
Indicador  4.a.1;2;4718.0;33;Rio de Janeiro;11085;2020;41118;Computador para fins pedagógicos;11085
Indicador  4.a.1;2;76.1;33;Rio de Janeiro;11085;2020;41119;Infraestrutura adaptada para alunos com deficiência;11085
Indicador  4.a.1;2;99.9;33;Rio de Janeiro;11085;2020;41120;Abastecimento de água;11085
Indicador  4.a.1;2;99.1;33;Rio de Janeiro;11085;2020;41121;Água Filtrada;11085
Indicador  4.a.1;2;100.0;33;Rio de Janeiro;11085;2021;41115;Total;11085
Indicador  4.a.1;2;100.0;33;Rio de Janeiro;11085;2021;41116;Acesso à eletricidade;11085
Indicador  4.a.1;2;27.4;33;Rio de Janeiro;11085;2021;41117;Acesso à internet;11085
Indicador  4.a.1;2;4904.0;33;Rio de Janeiro;11085;2021;41118;Computador para fins pedagógicos;11085
Indicador  4.a.1;2;78.2;33;Rio de Janeiro;11085;2021;41119;Infraestrutura adaptada para alunos com deficiência;11085
Indicador  4.a.1;2;99.9;33;Rio de Janeiro;11085;2021;41120;Abastecimento de água;11085
Indicador  4.a.1;2;99.1;33;Rio de Janeiro;11085;2021;41121;Água Filtrada;11085
Indicador  4.a.1;2;100.0;33;Rio de Janeiro;11085;2022;41115;Total;11085
Indicador  4.a.1;2;100.0;33;Rio de Janeiro;11085;2022;41116;Acesso à eletricidade;11085
Indicador  4.a.1;2;30.3;33;Rio de Janeiro;11085;2022;41117;Acesso à internet;11085
Indicador  4.a.1;2;5163.0;33;Rio de Janeiro;11085;2022;41118;Computador para fins pedagógicos;11085
Indicador  4.a.1;2;80.0;33;Rio de Janeiro;11085;2022;41119;Infraestrutura adaptada para alunos com deficiência;11085
Indicador  4.a.1;2;99.9;33;Rio de Janeiro;11085;2022;41120;Abastecimento de água;11085
Indicador  4.a.1;2;98.3;33;Rio de Janeiro;11085;2022;41121;Água Filtrada;11085
Indicador  4.a.1;2;100.0;35;São Paulo;11085;2018;41115;Total;11085
Indicador  4.a.1;2;100.0;35;São Paulo;11085;2018;41116;Acesso à eletricidade;11085
Indicador  4.a.1;2;-;35;São Paulo;11085;2018;41117;Acesso à internet;11085
Indicador  4.a.1;2;9588.0;35;São Paulo;11085;2018;41118;Computador para fins pedagógicos;11085
Indicador  4.a.1;2;21.5;35;São Paulo;11085;2018;41119;Infraestrutura adaptada para alunos com deficiência;11085
Indicador  4.a.1;2;100.0;35;São Paulo;11085;2018;41120;Abastecimento de água;11085
Indicador  4.a.1;2;99.6;35;São Paulo;11085;2018;41121;Água Filtrada;11085
Indicador  4.a.1;2;100.0;35;São Paulo;11085;2019;41115;Total;11085
Indicador  4.a.1;2;100.0;35;São Paulo;11085;2019;41116;Acesso à eletricidade;11085
Indicador  4.a.1;2;47.0;35;São Paulo;11085;2019;41117;Acesso à internet;11085
Indicador  4.a.1;2;9737.0;35;São Paulo;11085;2019;41118;Computador para fins pedagógicos;11085
Indicador  4.a.1;2;35.1;35;São Paulo;11085;2019;41119;Infraestrutura adaptada para alunos com deficiência;11085
Indicador  4.a.1;2;99.9;35;São Paulo;11085;2019;41120;Abastecimento de água;11085
Indicador  4.a.1;2;99.8;35;São Paulo;11085;2019;41121;Água Filtrada;11085
Indicador  4.a.1;2;100.0;35;São Paulo;11085;2020;41115;Total;11085
Indicador  4.a.1;2;100.0;35;São Paulo;11085;2020;41116;Acesso à eletricidade;11085
Indicador  4.a.1;2;58.6;35;São Paulo;11085;2020;41117;Acesso à internet;11085
Indicador  4.a.1;2;9835.0;35;São Paulo;11085;2020;41118;Computador para fins pedagógicos;11085
Indicador  4.a.1;2;44.0;35;São Paulo;11085;2020;41119;Infraestrutura adaptada para alunos com deficiência;11085
Indicador  4.a.1;2;99.9;35;São Paulo;11085;2020;41120;Abastecimento de água;11085
Indicador  4.a.1;2;99.8;35;São Paulo;11085;2020;41121;Água Filtrada;11085
Indicador  4.a.1;2;100.0;35;São Paulo;11085;2021;41115;Total;11085
Indicador  4.a.1;2;100.0;35;São Paulo;11085;2021;41116;Acesso à eletricidade;11085
Indicador  4.a.1;2;62.7;35;São Paulo;11085;2021;41117;Acesso à internet;11085
Indicador  4.a.1;2;9718.0;35;São Paulo;11085;2021;41118;Computador para fins pedagógicos;11085
Indicador  4.a.1;2;49.9;35;São Paulo;11085;2021;41119;Infraestrutura adaptada para alunos com deficiência;11085
Indicador  4.a.1;2;100.0;35;São Paulo;11085;2021;41120;Abastecimento de água;11085
Indicador  4.a.1;2;99.7;35;São Paulo;11085;2021;41121;Água Filtrada;11085
Indicador  4.a.1;2;100.0;35;São Paulo;11085;2022;41115;Total;11085
Indicador  4.a.1;2;99.7;35;São Paulo;11085;2022;41116;Acesso à eletricidade;11085
Indicador  4.a.1;2;67.6;35;São Paulo;11085;2022;41117;Acesso à internet;11085
Indicador  4.a.1;2;9825.0;35;São Paulo;11085;2022;41118;Computador para fins pedagógicos;11085
Indicador  4.a.1;2;49.7;35;São Paulo;11085;2022;41119;Infraestrutura adaptada para alunos com deficiência;11085
Indicador  4.a.1;2;99.6;35;São Paulo;11085;2022;41120;Abastecimento de água;11085
Indicador  4.a.1;2;99.2;35;São Paulo;11085;2022;41121;Água Filtrada;11085
Indicador  4.a.1;2;100.0;41;Paraná;11085;2018;41115;Total;11085
Indicador  4.a.1;2;100.0;41;Paraná;11085;2018;41116;Acesso à eletricidade;11085
Indicador  4.a.1;2;-;41;Paraná;11085;2018;41117;Acesso à internet;11085
Indicador  4.a.1;2;3016.0;41;Paraná;11085;2018;41118;Computador para fins pedagógicos;11085
Indicador  4.a.1;2;54.0;41;Paraná;11085;2018;41119;Infraestrutura adaptada para alunos com deficiência;11085
Indicador  4.a.1;2;99.9;41;Paraná;11085;2018;41120;Abastecimento de água;11085
Indicador  4.a.1;2;58.8;41;Paraná;11085;2018;41121;Água Filtrada;11085
Indicador  4.a.1;2;100.0;41;Paraná;11085;2019;41115;Total;11085
Indicador  4.a.1;2;99.8;41;Paraná;11085;2019;41116;Acesso à eletricidade;11085
Indicador  4.a.1;2;40.7;41;Paraná;11085;2019;41117;Acesso à internet;11085
Indicador  4.a.1;2;3110.0;41;Paraná;11085;2019;41118;Computador para fins pedagógicos;11085
Indicador  4.a.1;2;83.1;41;Paraná;11085;2019;41119;Infraestrutura adaptada para alunos com deficiência;11085
Indicador  4.a.1;2;99.9;41;Paraná;11085;2019;41120;Abastecimento de água;11085
Indicador  4.a.1;2;97.2;41;Paraná;11085;2019;41121;Água Filtrada;11085
Indicador  4.a.1;2;100.0;41;Paraná;11085;2020;41115;Total;11085
Indicador  4.a.1;2;99.9;41;Paraná;11085;2020;41116;Acesso à eletricidade;11085
Indicador  4.a.1;2;46.5;41;Paraná;11085;2020;41117;Acesso à internet;11085
Indicador  4.a.1;2;3275.0;41;Paraná;11085;2020;41118;Computador para fins pedagógicos;11085
Indicador  4.a.1;2;88.9;41;Paraná;11085;2020;41119;Infraestrutura adaptada para alunos com deficiência;11085
Indicador  4.a.1;2;100.0;41;Paraná;11085;2020;41120;Abastecimento de água;11085
Indicador  4.a.1;2;98.0;41;Paraná;11085;2020;41121;Água Filtrada;11085
Indicador  4.a.1;2;100.0;41;Paraná;11085;2021;41115;Total;11085
Indicador  4.a.1;2;99.9;41;Paraná;11085;2021;41116;Acesso à eletricidade;11085
Indicador  4.a.1;2;49.0;41;Paraná;11085;2021;41117;Acesso à internet;11085
Indicador  4.a.1;2;3226.0;41;Paraná;11085;2021;41118;Computador para fins pedagógicos;11085
Indicador  4.a.1;2;90.3;41;Paraná;11085;2021;41119;Infraestrutura adaptada para alunos com deficiência;11085
Indicador  4.a.1;2;99.9;41;Paraná;11085;2021;41120;Abastecimento de água;11085
Indicador  4.a.1;2;98.0;41;Paraná;11085;2021;41121;Água Filtrada;11085
Indicador  4.a.1;2;100.0;41;Paraná;11085;2022;41115;Total;11085
Indicador  4.a.1;2;99.9;41;Paraná;11085;2022;41116;Acesso à eletricidade;11085
Indicador  4.a.1;2;46.6;41;Paraná;11085;2022;41117;Acesso à internet;11085
Indicador  4.a.1;2;3401.0;41;Paraná;11085;2022;41118;Computador para fins pedagógicos;11085
Indicador  4.a.1;2;90.9;41;Paraná;11085;2022;41119;Infraestrutura adaptada para alunos com deficiência;11085
Indicador  4.a.1;2;99.7;41;Paraná;11085;2022;41120;Abastecimento de água;11085
Indicador  4.a.1;2;98.6;41;Paraná;11085;2022;41121;Água Filtrada;11085
Indicador  4.a.1;2;100.0;42;Santa Catarina;11085;2018;41115;Total;11085
Indicador  4.a.1;2;100.0;42;Santa Catarina;11085;2018;41116;Acesso à eletricidade;11085
Indicador  4.a.1;2;-;42;Santa Catarina;11085;2018;41117;Acesso à internet;11085
Indicador  4.a.1;2;2350.0;42;Santa Catarina;11085;2018;41118;Computador para fins pedagógicos;11085
Indicador  4.a.1;2;60.5;42;Santa Catarina;11085;2018;41119;Infraestrutura adaptada para alunos com deficiência;11085
Indicador  4.a.1;2;99.9;42;Santa Catarina;11085;2018;41120;Abastecimento de água;11085
Indicador  4.a.1;2;76.2;42;Santa Catarina;11085;2018;41121;Água Filtrada;11085
Indicador  4.a.1;2;100.0;42;Santa Catarina;11085;2019;41115;Total;11085
Indicador  4.a.1;2;100.0;42;Santa Catarina;11085;2019;41116;Acesso à eletricidade;11085
Indicador  4.a.1;2;50.9;42;Santa Catarina;11085;2019;41117;Acesso à internet;11085
Indicador  4.a.1;2;2267.0;42;Santa Catarina;11085;2019;41118;Computador para fins pedagógicos;11085
Indicador  4.a.1;2;83.2;42;Santa Catarina;11085;2019;41119;Infraestrutura adaptada para alunos com deficiência;11085
Indicador  4.a.1;2;99.9;42;Santa Catarina;11085;2019;41120;Abastecimento de água;11085
Indicador  4.a.1;2;98.3;42;Santa Catarina;11085;2019;41121;Água Filtrada;11085
Indicador  4.a.1;2;100.0;42;Santa Catarina;11085;2020;41115;Total;11085
Indicador  4.a.1;2;100.0;42;Santa Catarina;11085;2020;41116;Acesso à eletricidade;11085
Indicador  4.a.1;2;53.6;42;Santa Catarina;11085;2020;41117;Acesso à internet;11085
Indicador  4.a.1;2;2375.0;42;Santa Catarina;11085;2020;41118;Computador para fins pedagógicos;11085
Indicador  4.a.1;2;88.6;42;Santa Catarina;11085;2020;41119;Infraestrutura adaptada para alunos com deficiência;11085
Indicador  4.a.1;2;100.0;42;Santa Catarina;11085;2020;41120;Abastecimento de água;11085
Indicador  4.a.1;2;96.7;42;Santa Catarina;11085;2020;41121;Água Filtrada;11085
Indicador  4.a.1;2;100.0;42;Santa Catarina;11085;2021;41115;Total;11085
Indicador  4.a.1;2;100.0;42;Santa Catarina;11085;2021;41116;Acesso à eletricidade;11085
Indicador  4.a.1;2;57.8;42;Santa Catarina;11085;2021;41117;Acesso à internet;11085
Indicador  4.a.1;2;2392.0;42;Santa Catarina;11085;2021;41118;Computador para fins pedagógicos;11085
Indicador  4.a.1;2;90.7;42;Santa Catarina;11085;2021;41119;Infraestrutura adaptada para alunos com deficiência;11085
Indicador  4.a.1;2;100.0;42;Santa Catarina;11085;2021;41120;Abastecimento de água;11085
Indicador  4.a.1;2;97.4;42;Santa Catarina;11085;2021;41121;Água Filtrada;11085
Indicador  4.a.1;2;100.0;42;Santa Catarina;11085;2022;41115;Total;11085
Indicador  4.a.1;2;100.0;42;Santa Catarina;11085;2022;41116;Acesso à eletricidade;11085
Indicador  4.a.1;2;62.5;42;Santa Catarina;11085;2022;41117;Acesso à internet;11085
Indicador  4.a.1;2;2472.0;42;Santa Catarina;11085;2022;41118;Computador para fins pedagógicos;11085
Indicador  4.a.1;2;91.5;42;Santa Catarina;11085;2022;41119;Infraestrutura adaptada para alunos com deficiência;11085
Indicador  4.a.1;2;100.0;42;Santa Catarina;11085;2022;41120;Abastecimento de água;11085
Indicador  4.a.1;2;97.7;42;Santa Catarina;11085;2022;41121;Água Filtrada;11085
Indicador  4.a.1;2;100.0;43;Rio Grande do Sul;11085;2018;41115;Total;11085
Indicador  4.a.1;2;100.0;43;Rio Grande do Sul;11085;2018;41116;Acesso à eletricidade;11085
Indicador  4.a.1;2;-;43;Rio Grande do Sul;11085;2018;41117;Acesso à internet;11085
Indicador  4.a.1;2;4844.0;43;Rio Grande do Sul;11085;2018;41118;Computador para fins pedagógicos;11085
Indicador  4.a.1;2;46.5;43;Rio Grande do Sul;11085;2018;41119;Infraestrutura adaptada para alunos com deficiência;11085
Indicador  4.a.1;2;99.5;43;Rio Grande do Sul;11085;2018;41120;Abastecimento de água;11085
Indicador  4.a.1;2;27.9;43;Rio Grande do Sul;11085;2018;41121;Água Filtrada;11085
Indicador  4.a.1;2;100.0;43;Rio Grande do Sul;11085;2019;41115;Total;11085
Indicador  4.a.1;2;100.0;43;Rio Grande do Sul;11085;2019;41116;Acesso à eletricidade;11085
Indicador  4.a.1;2;54.0;43;Rio Grande do Sul;11085;2019;41117;Acesso à internet;11085
Indicador  4.a.1;2;4646.0;43;Rio Grande do Sul;11085;2019;41118;Computador para fins pedagógicos;11085
Indicador  4.a.1;2;65.4;43;Rio Grande do Sul;11085;2019;41119;Infraestrutura adaptada para alunos com deficiência;11085
Indicador  4.a.1;2;99.5;43;Rio Grande do Sul;11085;2019;41120;Abastecimento de água;11085
Indicador  4.a.1;2;67.8;43;Rio Grande do Sul;11085;2019;41121;Água Filtrada;11085
Indicador  4.a.1;2;100.0;43;Rio Grande do Sul;11085;2020;41115;Total;11085
Indicador  4.a.1;2;100.0;43;Rio Grande do Sul;11085;2020;41116;Acesso à eletricidade;11085
Indicador  4.a.1;2;56.8;43;Rio Grande do Sul;11085;2020;41117;Acesso à internet;11085
Indicador  4.a.1;2;4880.0;43;Rio Grande do Sul;11085;2020;41118;Computador para fins pedagógicos;11085
Indicador  4.a.1;2;69.6;43;Rio Grande do Sul;11085;2020;41119;Infraestrutura adaptada para alunos com deficiência;11085
Indicador  4.a.1;2;99.7;43;Rio Grande do Sul;11085;2020;41120;Abastecimento de água;11085
Indicador  4.a.1;2;69.5;43;Rio Grande do Sul;11085;2020;41121;Água Filtrada;11085
Indicador  4.a.1;2;100.0;43;Rio Grande do Sul;11085;2021;41115;Total;11085
Indicador  4.a.1;2;100.0;43;Rio Grande do Sul;11085;2021;41116;Acesso à eletricidade;11085
Indicador  4.a.1;2;62.6;43;Rio Grande do Sul;11085;2021;41117;Acesso à internet;11085
Indicador  4.a.1;2;4930.0;43;Rio Grande do Sul;11085;2021;41118;Computador para fins pedagógicos;11085
Indicador  4.a.1;2;77.7;43;Rio Grande do Sul;11085;2021;41119;Infraestrutura adaptada para alunos com deficiência;11085
Indicador  4.a.1;2;99.8;43;Rio Grande do Sul;11085;2021;41120;Abastecimento de água;11085
Indicador  4.a.1;2;93.7;43;Rio Grande do Sul;11085;2021;41121;Água Filtrada;11085
Indicador  4.a.1;2;100.0;43;Rio Grande do Sul;11085;2022;41115;Total;11085
Indicador  4.a.1;2;100.0;43;Rio Grande do Sul;11085;2022;41116;Acesso à eletricidade;11085
Indicador  4.a.1;2;67.7;43;Rio Grande do Sul;11085;2022;41117;Acesso à internet;11085
Indicador  4.a.1;2;4969.0;43;Rio Grande do Sul;11085;2022;41118;Computador para fins pedagógicos;11085
Indicador  4.a.1;2;79.3;43;Rio Grande do Sul;11085;2022;41119;Infraestrutura adaptada para alunos com deficiência;11085
Indicador  4.a.1;2;99.7;43;Rio Grande do Sul;11085;2022;41120;Abastecimento de água;11085
Indicador  4.a.1;2;97.3;43;Rio Grande do Sul;11085;2022;41121;Água Filtrada;11085
Indicador  4.a.1;2;100.0;50;Mato Grosso do Sul;11085;2018;41115;Total;11085
Indicador  4.a.1;2;100.0;50;Mato Grosso do Sul;11085;2018;41116;Acesso à eletricidade;11085
Indicador  4.a.1;2;-;50;Mato Grosso do Sul;11085;2018;41117;Acesso à internet;11085
Indicador  4.a.1;2;906.0;50;Mato Grosso do Sul;11085;2018;41118;Computador para fins pedagógicos;11085
Indicador  4.a.1;2;63.4;50;Mato Grosso do Sul;11085;2018;41119;Infraestrutura adaptada para alunos com deficiência;11085
Indicador  4.a.1;2;99.9;50;Mato Grosso do Sul;11085;2018;41120;Abastecimento de água;11085
Indicador  4.a.1;2;84.5;50;Mato Grosso do Sul;11085;2018;41121;Água Filtrada;11085
Indicador  4.a.1;2;100.0;50;Mato Grosso do Sul;11085;2019;41115;Total;11085
Indicador  4.a.1;2;100.0;50;Mato Grosso do Sul;11085;2019;41116;Acesso à eletricidade;11085
Indicador  4.a.1;2;48.4;50;Mato Grosso do Sul;11085;2019;41117;Acesso à internet;11085
Indicador  4.a.1;2;839.0;50;Mato Grosso do Sul;11085;2019;41118;Computador para fins pedagógicos;11085
Indicador  4.a.1;2;83.9;50;Mato Grosso do Sul;11085;2019;41119;Infraestrutura adaptada para alunos com deficiência;11085
Indicador  4.a.1;2;99.9;50;Mato Grosso do Sul;11085;2019;41120;Abastecimento de água;11085
Indicador  4.a.1;2;96.7;50;Mato Grosso do Sul;11085;2019;41121;Água Filtrada;11085
Indicador  4.a.1;2;100.0;50;Mato Grosso do Sul;11085;2020;41115;Total;11085
Indicador  4.a.1;2;100.0;50;Mato Grosso do Sul;11085;2020;41116;Acesso à eletricidade;11085
Indicador  4.a.1;2;52.8;50;Mato Grosso do Sul;11085;2020;41117;Acesso à internet;11085
Indicador  4.a.1;2;892.0;50;Mato Grosso do Sul;11085;2020;41118;Computador para fins pedagógicos;11085
Indicador  4.a.1;2;86.4;50;Mato Grosso do Sul;11085;2020;41119;Infraestrutura adaptada para alunos com deficiência;11085
Indicador  4.a.1;2;99.9;50;Mato Grosso do Sul;11085;2020;41120;Abastecimento de água;11085
Indicador  4.a.1;2;96.8;50;Mato Grosso do Sul;11085;2020;41121;Água Filtrada;11085
Indicador  4.a.1;2;100.0;50;Mato Grosso do Sul;11085;2021;41115;Total;11085
Indicador  4.a.1;2;100.0;50;Mato Grosso do Sul;11085;2021;41116;Acesso à eletricidade;11085
Indicador  4.a.1;2;57.1;50;Mato Grosso do Sul;11085;2021;41117;Acesso à internet;11085
Indicador  4.a.1;2;891.0;50;Mato Grosso do Sul;11085;2021;41118;Computador para fins pedagógicos;11085
Indicador  4.a.1;2;88.4;50;Mato Grosso do Sul;11085;2021;41119;Infraestrutura adaptada para alunos com deficiência;11085
Indicador  4.a.1;2;100.0;50;Mato Grosso do Sul;11085;2021;41120;Abastecimento de água;11085
Indicador  4.a.1;2;94.9;50;Mato Grosso do Sul;11085;2021;41121;Água Filtrada;11085
Indicador  4.a.1;2;100.0;50;Mato Grosso do Sul;11085;2022;41115;Total;11085
Indicador  4.a.1;2;100.0;50;Mato Grosso do Sul;11085;2022;41116;Acesso à eletricidade;11085
Indicador  4.a.1;2;59.0;50;Mato Grosso do Sul;11085;2022;41117;Acesso à internet;11085
Indicador  4.a.1;2;878.0;50;Mato Grosso do Sul;11085;2022;41118;Computador para fins pedagógicos;11085
Indicador  4.a.1;2;89.1;50;Mato Grosso do Sul;11085;2022;41119;Infraestrutura adaptada para alunos com deficiência;11085
Indicador  4.a.1;2;100.0;50;Mato Grosso do Sul;11085;2022;41120;Abastecimento de água;11085
Indicador  4.a.1;2;95.6;50;Mato Grosso do Sul;11085;2022;41121;Água Filtrada;11085
Indicador  4.a.1;2;100.0;51;Mato Grosso;11085;2018;41115;Total;11085
Indicador  4.a.1;2;97.9;51;Mato Grosso;11085;2018;41116;Acesso à eletricidade;11085
Indicador  4.a.1;2;-;51;Mato Grosso;11085;2018;41117;Acesso à internet;11085
Indicador  4.a.1;2;1274.0;51;Mato Grosso;11085;2018;41118;Computador para fins pedagógicos;11085
Indicador  4.a.1;2;39.9;51;Mato Grosso;11085;2018;41119;Infraestrutura adaptada para alunos com deficiência;11085
Indicador  4.a.1;2;98.3;51;Mato Grosso;11085;2018;41120;Abastecimento de água;11085
Indicador  4.a.1;2;92.0;51;Mato Grosso;11085;2018;41121;Água Filtrada;11085
Indicador  4.a.1;2;100.0;51;Mato Grosso;11085;2019;41115;Total;11085
Indicador  4.a.1;2;97.9;51;Mato Grosso;11085;2019;41116;Acesso à eletricidade;11085
Indicador  4.a.1;2;35.8;51;Mato Grosso;11085;2019;41117;Acesso à internet;11085
Indicador  4.a.1;2;1150.0;51;Mato Grosso;11085;2019;41118;Computador para fins pedagógicos;11085
Indicador  4.a.1;2;64.7;51;Mato Grosso;11085;2019;41119;Infraestrutura adaptada para alunos com deficiência;11085
Indicador  4.a.1;2;99.0;51;Mato Grosso;11085;2019;41120;Abastecimento de água;11085
Indicador  4.a.1;2;92.9;51;Mato Grosso;11085;2019;41121;Água Filtrada;11085
Indicador  4.a.1;2;100.0;51;Mato Grosso;11085;2020;41115;Total;11085
Indicador  4.a.1;2;98.2;51;Mato Grosso;11085;2020;41116;Acesso à eletricidade;11085
Indicador  4.a.1;2;36.4;51;Mato Grosso;11085;2020;41117;Acesso à internet;11085
Indicador  4.a.1;2;1235.0;51;Mato Grosso;11085;2020;41118;Computador para fins pedagógicos;11085
Indicador  4.a.1;2;67.2;51;Mato Grosso;11085;2020;41119;Infraestrutura adaptada para alunos com deficiência;11085
Indicador  4.a.1;2;99.2;51;Mato Grosso;11085;2020;41120;Abastecimento de água;11085
Indicador  4.a.1;2;96.2;51;Mato Grosso;11085;2020;41121;Água Filtrada;11085
Indicador  4.a.1;2;100.0;51;Mato Grosso;11085;2021;41115;Total;11085
Indicador  4.a.1;2;99.0;51;Mato Grosso;11085;2021;41116;Acesso à eletricidade;11085
Indicador  4.a.1;2;41.6;51;Mato Grosso;11085;2021;41117;Acesso à internet;11085
Indicador  4.a.1;2;1260.0;51;Mato Grosso;11085;2021;41118;Computador para fins pedagógicos;11085
Indicador  4.a.1;2;73.1;51;Mato Grosso;11085;2021;41119;Infraestrutura adaptada para alunos com deficiência;11085
Indicador  4.a.1;2;99.0;51;Mato Grosso;11085;2021;41120;Abastecimento de água;11085
Indicador  4.a.1;2;98.9;51;Mato Grosso;11085;2021;41121;Água Filtrada;11085
Indicador  4.a.1;2;100.0;51;Mato Grosso;11085;2022;41115;Total;11085
Indicador  4.a.1;2;99.1;51;Mato Grosso;11085;2022;41116;Acesso à eletricidade;11085
Indicador  4.a.1;2;46.8;51;Mato Grosso;11085;2022;41117;Acesso à internet;11085
Indicador  4.a.1;2;1253.0;51;Mato Grosso;11085;2022;41118;Computador para fins pedagógicos;11085
Indicador  4.a.1;2;75.1;51;Mato Grosso;11085;2022;41119;Infraestrutura adaptada para alunos com deficiência;11085
Indicador  4.a.1;2;99.3;51;Mato Grosso;11085;2022;41120;Abastecimento de água;11085
Indicador  4.a.1;2;98.8;51;Mato Grosso;11085;2022;41121;Água Filtrada;11085
Indicador  4.a.1;2;100.0;52;Goiás;11085;2018;41115;Total;11085
Indicador  4.a.1;2;99.8;52;Goiás;11085;2018;41116;Acesso à eletricidade;11085
Indicador  4.a.1;2;-;52;Goiás;11085;2018;41117;Acesso à internet;11085
Indicador  4.a.1;2;1836.0;52;Goiás;11085;2018;41118;Computador para fins pedagógicos;11085
Indicador  4.a.1;2;51.3;52;Goiás;11085;2018;41119;Infraestrutura adaptada para alunos com deficiência;11085
Indicador  4.a.1;2;99.9;52;Goiás;11085;2018;41120;Abastecimento de água;11085
Indicador  4.a.1;2;98.8;52;Goiás;11085;2018;41121;Água Filtrada;11085
Indicador  4.a.1;2;100.0;52;Goiás;11085;2019;41115;Total;11085
Indicador  4.a.1;2;99.9;52;Goiás;11085;2019;41116;Acesso à eletricidade;11085
Indicador  4.a.1;2;28.1;52;Goiás;11085;2019;41117;Acesso à internet;11085
Indicador  4.a.1;2;1485.0;52;Goiás;11085;2019;41118;Computador para fins pedagógicos;11085
Indicador  4.a.1;2;80.1;52;Goiás;11085;2019;41119;Infraestrutura adaptada para alunos com deficiência;11085
Indicador  4.a.1;2;99.6;52;Goiás;11085;2019;41120;Abastecimento de água;11085
Indicador  4.a.1;2;98.5;52;Goiás;11085;2019;41121;Água Filtrada;11085
Indicador  4.a.1;2;100.0;52;Goiás;11085;2020;41115;Total;11085
Indicador  4.a.1;2;99.7;52;Goiás;11085;2020;41116;Acesso à eletricidade;11085
Indicador  4.a.1;2;31.8;52;Goiás;11085;2020;41117;Acesso à internet;11085
Indicador  4.a.1;2;1690.0;52;Goiás;11085;2020;41118;Computador para fins pedagógicos;11085
Indicador  4.a.1;2;82.5;52;Goiás;11085;2020;41119;Infraestrutura adaptada para alunos com deficiência;11085
Indicador  4.a.1;2;99.8;52;Goiás;11085;2020;41120;Abastecimento de água;11085
Indicador  4.a.1;2;98.9;52;Goiás;11085;2020;41121;Água Filtrada;11085
Indicador  4.a.1;2;100.0;52;Goiás;11085;2021;41115;Total;11085
Indicador  4.a.1;2;99.8;52;Goiás;11085;2021;41116;Acesso à eletricidade;11085
Indicador  4.a.1;2;35.2;52;Goiás;11085;2021;41117;Acesso à internet;11085
Indicador  4.a.1;2;1770.0;52;Goiás;11085;2021;41118;Computador para fins pedagógicos;11085
Indicador  4.a.1;2;84.9;52;Goiás;11085;2021;41119;Infraestrutura adaptada para alunos com deficiência;11085
Indicador  4.a.1;2;99.9;52;Goiás;11085;2021;41120;Abastecimento de água;11085
Indicador  4.a.1;2;99.0;52;Goiás;11085;2021;41121;Água Filtrada;11085
Indicador  4.a.1;2;100.0;52;Goiás;11085;2022;41115;Total;11085
Indicador  4.a.1;2;99.9;52;Goiás;11085;2022;41116;Acesso à eletricidade;11085
Indicador  4.a.1;2;39.6;52;Goiás;11085;2022;41117;Acesso à internet;11085
Indicador  4.a.1;2;1873.0;52;Goiás;11085;2022;41118;Computador para fins pedagógicos;11085
Indicador  4.a.1;2;85.8;52;Goiás;11085;2022;41119;Infraestrutura adaptada para alunos com deficiência;11085
Indicador  4.a.1;2;100.0;52;Goiás;11085;2022;41120;Abastecimento de água;11085
Indicador  4.a.1;2;99.6;52;Goiás;11085;2022;41121;Água Filtrada;11085
Indicador  4.a.1;2;100.0;53;Distrito Federal;11085;2018;41115;Total;11085
Indicador  4.a.1;2;100.0;53;Distrito Federal;11085;2018;41116;Acesso à eletricidade;11085
Indicador  4.a.1;2;-;53;Distrito Federal;11085;2018;41117;Acesso à internet;11085
Indicador  4.a.1;2;567.0;53;Distrito Federal;11085;2018;41118;Computador para fins pedagógicos;11085
Indicador  4.a.1;2;73.9;53;Distrito Federal;11085;2018;41119;Infraestrutura adaptada para alunos com deficiência;11085
Indicador  4.a.1;2;100.0;53;Distrito Federal;11085;2018;41120;Abastecimento de água;11085
Indicador  4.a.1;2;100.0;53;Distrito Federal;11085;2018;41121;Água Filtrada;11085
Indicador  4.a.1;2;100.0;53;Distrito Federal;11085;2019;41115;Total;11085
Indicador  4.a.1;2;100.0;53;Distrito Federal;11085;2019;41116;Acesso à eletricidade;11085
Indicador  4.a.1;2;30.2;53;Distrito Federal;11085;2019;41117;Acesso à internet;11085
Indicador  4.a.1;2;458.0;53;Distrito Federal;11085;2019;41118;Computador para fins pedagógicos;11085
Indicador  4.a.1;2;86.7;53;Distrito Federal;11085;2019;41119;Infraestrutura adaptada para alunos com deficiência;11085
Indicador  4.a.1;2;100.0;53;Distrito Federal;11085;2019;41120;Abastecimento de água;11085
Indicador  4.a.1;2;99.3;53;Distrito Federal;11085;2019;41121;Água Filtrada;11085
Indicador  4.a.1;2;100.0;53;Distrito Federal;11085;2020;41115;Total;11085
Indicador  4.a.1;2;100.0;53;Distrito Federal;11085;2020;41116;Acesso à eletricidade;11085
Indicador  4.a.1;2;34.4;53;Distrito Federal;11085;2020;41117;Acesso à internet;11085
Indicador  4.a.1;2;529.0;53;Distrito Federal;11085;2020;41118;Computador para fins pedagógicos;11085
Indicador  4.a.1;2;91.5;53;Distrito Federal;11085;2020;41119;Infraestrutura adaptada para alunos com deficiência;11085
Indicador  4.a.1;2;99.9;53;Distrito Federal;11085;2020;41120;Abastecimento de água;11085
Indicador  4.a.1;2;99.7;53;Distrito Federal;11085;2020;41121;Água Filtrada;11085
Indicador  4.a.1;2;100.0;53;Distrito Federal;11085;2021;41115;Total;11085
Indicador  4.a.1;2;100.0;53;Distrito Federal;11085;2021;41116;Acesso à eletricidade;11085
Indicador  4.a.1;2;37.2;53;Distrito Federal;11085;2021;41117;Acesso à internet;11085
Indicador  4.a.1;2;550.0;53;Distrito Federal;11085;2021;41118;Computador para fins pedagógicos;11085
Indicador  4.a.1;2;94.2;53;Distrito Federal;11085;2021;41119;Infraestrutura adaptada para alunos com deficiência;11085
Indicador  4.a.1;2;100.0;53;Distrito Federal;11085;2021;41120;Abastecimento de água;11085
Indicador  4.a.1;2;99.6;53;Distrito Federal;11085;2021;41121;Água Filtrada;11085
Indicador  4.a.1;2;100.0;53;Distrito Federal;11085;2022;41115;Total;11085
Indicador  4.a.1;2;100.0;53;Distrito Federal;11085;2022;41116;Acesso à eletricidade;11085
Indicador  4.a.1;2;37.8;53;Distrito Federal;11085;2022;41117;Acesso à internet;11085
Indicador  4.a.1;2;562.0;53;Distrito Federal;11085;2022;41118;Computador para fins pedagógicos;11085
Indicador  4.a.1;2;95.0;53;Distrito Federal;11085;2022;41119;Infraestrutura adaptada para alunos com deficiência;11085
Indicador  4.a.1;2;100.0;53;Distrito Federal;11085;2022;41120;Abastecimento de água;11085
Indicador  4.a.1;2;99.7;53;Distrito Federal;11085;2022;41121;Água Filtrada;11085
Indicador  4.a.1;2;100.0;1;Brasil;11084;2018;41115;Total;11084
Indicador  4.a.1;2;98.0;1;Brasil;11084;2018;41116;Acesso à eletricidade;11084
Indicador  4.a.1;2;-;1;Brasil;11084;2018;41117;Acesso à internet;11084
Indicador  4.a.1;2;71.7;1;Brasil;11084;2018;41118;Computador para fins pedagógicos;11084
Indicador  4.a.1;2;40.3;1;Brasil;11084;2018;41119;Infraestrutura adaptada para alunos com deficiência;11084
Indicador  4.a.1;2;98.0;1;Brasil;11084;2018;41120;Abastecimento de água;11084
Indicador  4.a.1;2;84.7;1;Brasil;11084;2018;41121;Água Filtrada;11084
Indicador  4.a.1;2;100.0;1;Brasil;11084;2019;41115;Total;11084
Indicador  4.a.1;2;97.7;1;Brasil;11084;2019;41116;Acesso à eletricidade;11084
Indicador  4.a.1;2;34.8;1;Brasil;11084;2019;41117;Acesso à internet;11084
Indicador  4.a.1;2;65.9;1;Brasil;11084;2019;41118;Computador para fins pedagógicos;11084
Indicador  4.a.1;2;63.8;1;Brasil;11084;2019;41119;Infraestrutura adaptada para alunos com deficiência;11084
Indicador  4.a.1;2;98.4;1;Brasil;11084;2019;41120;Abastecimento de água;11084
Indicador  4.a.1;2;92.1;1;Brasil;11084;2019;41121;Água Filtrada;11084
Indicador  4.a.1;2;100.0;1;Brasil;11084;2020;41115;Total;11084
Indicador  4.a.1;2;97.8;1;Brasil;11084;2020;41116;Acesso à eletricidade;11084
Indicador  4.a.1;2;38.8;1;Brasil;11084;2020;41117;Acesso à internet;11084
Indicador  4.a.1;2;71.5;1;Brasil;11084;2020;41118;Computador para fins pedagógicos;11084
Indicador  4.a.1;2;67.8;1;Brasil;11084;2020;41119;Infraestrutura adaptada para alunos com deficiência;11084
Indicador  4.a.1;2;98.4;1;Brasil;11084;2020;41120;Abastecimento de água;11084
Indicador  4.a.1;2;92.9;1;Brasil;11084;2020;41121;Água Filtrada;11084
Indicador  4.a.1;2;100.0;1;Brasil;11084;2021;41115;Total;11084
Indicador  4.a.1;2;97.9;1;Brasil;11084;2021;41116;Acesso à eletricidade;11084
Indicador  4.a.1;2;43.6;1;Brasil;11084;2021;41117;Acesso à internet;11084
Indicador  4.a.1;2;73.2;1;Brasil;11084;2021;41118;Computador para fins pedagógicos;11084
Indicador  4.a.1;2;71.3;1;Brasil;11084;2021;41119;Infraestrutura adaptada para alunos com deficiência;11084
Indicador  4.a.1;2;98.4;1;Brasil;11084;2021;41120;Abastecimento de água;11084
Indicador  4.a.1;2;95.2;1;Brasil;11084;2021;41121;Água Filtrada;11084
Indicador  4.a.1;2;100.0;1;Brasil;11084;2022;41115;Total;11084
Indicador  4.a.1;2;97.9;1;Brasil;11084;2022;41116;Acesso à eletricidade;11084
Indicador  4.a.1;2;47.4;1;Brasil;11084;2022;41117;Acesso à internet;11084
Indicador  4.a.1;2;75.6;1;Brasil;11084;2022;41118;Computador para fins pedagógicos;11084
Indicador  4.a.1;2;72.5;1;Brasil;11084;2022;41119;Infraestrutura adaptada para alunos com deficiência;11084
Indicador  4.a.1;2;98.5;1;Brasil;11084;2022;41120;Abastecimento de água;11084
Indicador  4.a.1;2;95.6;1;Brasil;11084;2022;41121;Água Filtrada;11084
Indicador  4.a.1;2;100.0;11;Rondônia;11084;2018;41115;Total;11084
Indicador  4.a.1;2;97.9;11;Rondônia;11084;2018;41116;Acesso à eletricidade;11084
Indicador  4.a.1;2;-;11;Rondônia;11084;2018;41117;Acesso à internet;11084
Indicador  4.a.1;2;69.9;11;Rondônia;11084;2018;41118;Computador para fins pedagógicos;11084
Indicador  4.a.1;2;48.0;11;Rondônia;11084;2018;41119;Infraestrutura adaptada para alunos com deficiência;11084
Indicador  4.a.1;2;97.9;11;Rondônia;11084;2018;41120;Abastecimento de água;11084
Indicador  4.a.1;2;95.3;11;Rondônia;11084;2018;41121;Água Filtrada;11084
Indicador  4.a.1;2;100.0;11;Rondônia;11084;2019;41115;Total;11084
Indicador  4.a.1;2;97.1;11;Rondônia;11084;2019;41116;Acesso à eletricidade;11084
Indicador  4.a.1;2;34.2;11;Rondônia;11084;2019;41117;Acesso à internet;11084
Indicador  4.a.1;2;65.0;11;Rondônia;11084;2019;41118;Computador para fins pedagógicos;11084
Indicador  4.a.1;2;72.5;11;Rondônia;11084;2019;41119;Infraestrutura adaptada para alunos com deficiência;11084
Indicador  4.a.1;2;98.8;11;Rondônia;11084;2019;41120;Abastecimento de água;11084
Indicador  4.a.1;2;97.1;11;Rondônia;11084;2019;41121;Água Filtrada;11084
Indicador  4.a.1;2;100.0;11;Rondônia;11084;2020;41115;Total;11084
Indicador  4.a.1;2;97.7;11;Rondônia;11084;2020;41116;Acesso à eletricidade;11084
Indicador  4.a.1;2;40.8;11;Rondônia;11084;2020;41117;Acesso à internet;11084
Indicador  4.a.1;2;72.6;11;Rondônia;11084;2020;41118;Computador para fins pedagógicos;11084
Indicador  4.a.1;2;76.9;11;Rondônia;11084;2020;41119;Infraestrutura adaptada para alunos com deficiência;11084
Indicador  4.a.1;2;98.7;11;Rondônia;11084;2020;41120;Abastecimento de água;11084
Indicador  4.a.1;2;97.7;11;Rondônia;11084;2020;41121;Água Filtrada;11084
Indicador  4.a.1;2;100.0;11;Rondônia;11084;2021;41115;Total;11084
Indicador  4.a.1;2;96.9;11;Rondônia;11084;2021;41116;Acesso à eletricidade;11084
Indicador  4.a.1;2;45.9;11;Rondônia;11084;2021;41117;Acesso à internet;11084
Indicador  4.a.1;2;77.6;11;Rondônia;11084;2021;41118;Computador para fins pedagógicos;11084
Indicador  4.a.1;2;79.5;11;Rondônia;11084;2021;41119;Infraestrutura adaptada para alunos com deficiência;11084
Indicador  4.a.1;2;99.2;11;Rondônia;11084;2021;41120;Abastecimento de água;11084
Indicador  4.a.1;2;97.3;11;Rondônia;11084;2021;41121;Água Filtrada;11084
Indicador  4.a.1;2;100.0;11;Rondônia;11084;2022;41115;Total;11084
Indicador  4.a.1;2;98.5;11;Rondônia;11084;2022;41116;Acesso à eletricidade;11084
Indicador  4.a.1;2;51.8;11;Rondônia;11084;2022;41117;Acesso à internet;11084
Indicador  4.a.1;2;80.6;11;Rondônia;11084;2022;41118;Computador para fins pedagógicos;11084
Indicador  4.a.1;2;82.1;11;Rondônia;11084;2022;41119;Infraestrutura adaptada para alunos com deficiência;11084
Indicador  4.a.1;2;99.2;11;Rondônia;11084;2022;41120;Abastecimento de água;11084
Indicador  4.a.1;2;97.9;11;Rondônia;11084;2022;41121;Água Filtrada;11084
Indicador  4.a.1;2;100.0;12;Acre;11084;2018;41115;Total;11084
Indicador  4.a.1;2;58.4;12;Acre;11084;2018;41116;Acesso à eletricidade;11084
Indicador  4.a.1;2;-;12;Acre;11084;2018;41117;Acesso à internet;11084
Indicador  4.a.1;2;242.0;12;Acre;11084;2018;41118;Computador para fins pedagógicos;11084
Indicador  4.a.1;2;14.4;12;Acre;11084;2018;41119;Infraestrutura adaptada para alunos com deficiência;11084
Indicador  4.a.1;2;62.5;12;Acre;11084;2018;41120;Abastecimento de água;11084
Indicador  4.a.1;2;58.3;12;Acre;11084;2018;41121;Água Filtrada;11084
Indicador  4.a.1;2;100.0;12;Acre;11084;2019;41115;Total;11084
Indicador  4.a.1;2;56.9;12;Acre;11084;2019;41116;Acesso à eletricidade;11084
Indicador  4.a.1;2;7.0;12;Acre;11084;2019;41117;Acesso à internet;11084
Indicador  4.a.1;2;180.0;12;Acre;11084;2019;41118;Computador para fins pedagógicos;11084
Indicador  4.a.1;2;28.0;12;Acre;11084;2019;41119;Infraestrutura adaptada para alunos com deficiência;11084
Indicador  4.a.1;2;69.7;12;Acre;11084;2019;41120;Abastecimento de água;11084
Indicador  4.a.1;2;63.5;12;Acre;11084;2019;41121;Água Filtrada;11084
Indicador  4.a.1;2;100.0;12;Acre;11084;2020;41115;Total;11084
Indicador  4.a.1;2;57.2;12;Acre;11084;2020;41116;Acesso à eletricidade;11084
Indicador  4.a.1;2;8.6;12;Acre;11084;2020;41117;Acesso à internet;11084
Indicador  4.a.1;2;215.0;12;Acre;11084;2020;41118;Computador para fins pedagógicos;11084
Indicador  4.a.1;2;27.7;12;Acre;11084;2020;41119;Infraestrutura adaptada para alunos com deficiência;11084
Indicador  4.a.1;2;69.8;12;Acre;11084;2020;41120;Abastecimento de água;11084
Indicador  4.a.1;2;63.0;12;Acre;11084;2020;41121;Água Filtrada;11084
Indicador  4.a.1;2;100.0;12;Acre;11084;2021;41115;Total;11084
Indicador  4.a.1;2;57.6;12;Acre;11084;2021;41116;Acesso à eletricidade;11084
Indicador  4.a.1;2;9.4;12;Acre;11084;2021;41117;Acesso à internet;11084
Indicador  4.a.1;2;227.0;12;Acre;11084;2021;41118;Computador para fins pedagógicos;11084
Indicador  4.a.1;2;29.2;12;Acre;11084;2021;41119;Infraestrutura adaptada para alunos com deficiência;11084
Indicador  4.a.1;2;70.7;12;Acre;11084;2021;41120;Abastecimento de água;11084
Indicador  4.a.1;2;65.1;12;Acre;11084;2021;41121;Água Filtrada;11084
Indicador  4.a.1;2;100.0;12;Acre;11084;2022;41115;Total;11084
Indicador  4.a.1;2;55.6;12;Acre;11084;2022;41116;Acesso à eletricidade;11084
Indicador  4.a.1;2;11.1;12;Acre;11084;2022;41117;Acesso à internet;11084
Indicador  4.a.1;2;192.0;12;Acre;11084;2022;41118;Computador para fins pedagógicos;11084
Indicador  4.a.1;2;30.8;12;Acre;11084;2022;41119;Infraestrutura adaptada para alunos com deficiência;11084
Indicador  4.a.1;2;72.0;12;Acre;11084;2022;41120;Abastecimento de água;11084
Indicador  4.a.1;2;61.0;12;Acre;11084;2022;41121;Água Filtrada;11084
Indicador  4.a.1;2;100.0;13;Amazonas;11084;2018;41115;Total;11084
Indicador  4.a.1;2;78.0;13;Amazonas;11084;2018;41116;Acesso à eletricidade;11084
Indicador  4.a.1;2;-;13;Amazonas;11084;2018;41117;Acesso à internet;11084
Indicador  4.a.1;2;989.0;13;Amazonas;11084;2018;41118;Computador para fins pedagógicos;11084
Indicador  4.a.1;2;8.6;13;Amazonas;11084;2018;41119;Infraestrutura adaptada para alunos com deficiência;11084
Indicador  4.a.1;2;97.5;13;Amazonas;11084;2018;41120;Abastecimento de água;11084
Indicador  4.a.1;2;52.7;13;Amazonas;11084;2018;41121;Água Filtrada;11084
Indicador  4.a.1;2;100.0;13;Amazonas;11084;2019;41115;Total;11084
Indicador  4.a.1;2;77.4;13;Amazonas;11084;2019;41116;Acesso à eletricidade;11084
Indicador  4.a.1;2;8.6;13;Amazonas;11084;2019;41117;Acesso à internet;11084
Indicador  4.a.1;2;877.0;13;Amazonas;11084;2019;41118;Computador para fins pedagógicos;11084
Indicador  4.a.1;2;23.7;13;Amazonas;11084;2019;41119;Infraestrutura adaptada para alunos com deficiência;11084
Indicador  4.a.1;2;97.0;13;Amazonas;11084;2019;41120;Abastecimento de água;11084
Indicador  4.a.1;2;76.6;13;Amazonas;11084;2019;41121;Água Filtrada;11084
Indicador  4.a.1;2;100.0;13;Amazonas;11084;2020;41115;Total;11084
Indicador  4.a.1;2;78.3;13;Amazonas;11084;2020;41116;Acesso à eletricidade;11084
Indicador  4.a.1;2;9.2;13;Amazonas;11084;2020;41117;Acesso à internet;11084
Indicador  4.a.1;2;993.0;13;Amazonas;11084;2020;41118;Computador para fins pedagógicos;11084
Indicador  4.a.1;2;27.2;13;Amazonas;11084;2020;41119;Infraestrutura adaptada para alunos com deficiência;11084
Indicador  4.a.1;2;97.3;13;Amazonas;11084;2020;41120;Abastecimento de água;11084
Indicador  4.a.1;2;83.8;13;Amazonas;11084;2020;41121;Água Filtrada;11084
Indicador  4.a.1;2;100.0;13;Amazonas;11084;2021;41115;Total;11084
Indicador  4.a.1;2;80.4;13;Amazonas;11084;2021;41116;Acesso à eletricidade;11084
Indicador  4.a.1;2;9.7;13;Amazonas;11084;2021;41117;Acesso à internet;11084
Indicador  4.a.1;2;1030.0;13;Amazonas;11084;2021;41118;Computador para fins pedagógicos;11084
Indicador  4.a.1;2;28.1;13;Amazonas;11084;2021;41119;Infraestrutura adaptada para alunos com deficiência;11084
Indicador  4.a.1;2;97.5;13;Amazonas;11084;2021;41120;Abastecimento de água;11084
Indicador  4.a.1;2;84.8;13;Amazonas;11084;2021;41121;Água Filtrada;11084
Indicador  4.a.1;2;100.0;13;Amazonas;11084;2022;41115;Total;11084
Indicador  4.a.1;2;80.0;13;Amazonas;11084;2022;41116;Acesso à eletricidade;11084
Indicador  4.a.1;2;11.3;13;Amazonas;11084;2022;41117;Acesso à internet;11084
Indicador  4.a.1;2;1063.0;13;Amazonas;11084;2022;41118;Computador para fins pedagógicos;11084
Indicador  4.a.1;2;28.6;13;Amazonas;11084;2022;41119;Infraestrutura adaptada para alunos com deficiência;11084
Indicador  4.a.1;2;97.7;13;Amazonas;11084;2022;41120;Abastecimento de água;11084
Indicador  4.a.1;2;90.5;13;Amazonas;11084;2022;41121;Água Filtrada;11084
Indicador  4.a.1;2;100.0;14;Roraima;11084;2018;41115;Total;11084
Indicador  4.a.1;2;94.1;14;Roraima;11084;2018;41116;Acesso à eletricidade;11084
Indicador  4.a.1;2;-;14;Roraima;11084;2018;41117;Acesso à internet;11084
Indicador  4.a.1;2;48.4;14;Roraima;11084;2018;41118;Computador para fins pedagógicos;11084
Indicador  4.a.1;2;18.3;14;Roraima;11084;2018;41119;Infraestrutura adaptada para alunos com deficiência;11084
Indicador  4.a.1;2;99.6;14;Roraima;11084;2018;41120;Abastecimento de água;11084
Indicador  4.a.1;2;52.0;14;Roraima;11084;2018;41121;Água Filtrada;11084
Indicador  4.a.1;2;100.0;14;Roraima;11084;2019;41115;Total;11084
Indicador  4.a.1;2;88.9;14;Roraima;11084;2019;41116;Acesso à eletricidade;11084
Indicador  4.a.1;2;20.2;14;Roraima;11084;2019;41117;Acesso à internet;11084
Indicador  4.a.1;2;43.3;14;Roraima;11084;2019;41118;Computador para fins pedagógicos;11084
Indicador  4.a.1;2;38.1;14;Roraima;11084;2019;41119;Infraestrutura adaptada para alunos com deficiência;11084
Indicador  4.a.1;2;100.0;14;Roraima;11084;2019;41120;Abastecimento de água;11084
Indicador  4.a.1;2;60.3;14;Roraima;11084;2019;41121;Água Filtrada;11084
Indicador  4.a.1;2;100.0;14;Roraima;11084;2020;41115;Total;11084
Indicador  4.a.1;2;90.0;14;Roraima;11084;2020;41116;Acesso à eletricidade;11084
Indicador  4.a.1;2;27.7;14;Roraima;11084;2020;41117;Acesso à internet;11084
Indicador  4.a.1;2;53.8;14;Roraima;11084;2020;41118;Computador para fins pedagógicos;11084
Indicador  4.a.1;2;43.4;14;Roraima;11084;2020;41119;Infraestrutura adaptada para alunos com deficiência;11084
Indicador  4.a.1;2;99.6;14;Roraima;11084;2020;41120;Abastecimento de água;11084
Indicador  4.a.1;2;60.2;14;Roraima;11084;2020;41121;Água Filtrada;11084
Indicador  4.a.1;2;100.0;14;Roraima;11084;2021;41115;Total;11084
Indicador  4.a.1;2;92.3;14;Roraima;11084;2021;41116;Acesso à eletricidade;11084
Indicador  4.a.1;2;34.0;14;Roraima;11084;2021;41117;Acesso à internet;11084
Indicador  4.a.1;2;54.7;14;Roraima;11084;2021;41118;Computador para fins pedagógicos;11084
Indicador  4.a.1;2;48.6;14;Roraima;11084;2021;41119;Infraestrutura adaptada para alunos com deficiência;11084
Indicador  4.a.1;2;99.2;14;Roraima;11084;2021;41120;Abastecimento de água;11084
Indicador  4.a.1;2;62.8;14;Roraima;11084;2021;41121;Água Filtrada;11084
Indicador  4.a.1;2;100.0;14;Roraima;11084;2022;41115;Total;11084
Indicador  4.a.1;2;91.9;14;Roraima;11084;2022;41116;Acesso à eletricidade;11084
Indicador  4.a.1;2;34.3;14;Roraima;11084;2022;41117;Acesso à internet;11084
Indicador  4.a.1;2;58.5;14;Roraima;11084;2022;41118;Computador para fins pedagógicos;11084
Indicador  4.a.1;2;52.8;14;Roraima;11084;2022;41119;Infraestrutura adaptada para alunos com deficiência;11084
Indicador  4.a.1;2;100.0;14;Roraima;11084;2022;41120;Abastecimento de água;11084
Indicador  4.a.1;2;66.5;14;Roraima;11084;2022;41121;Água Filtrada;11084
Indicador  4.a.1;2;100.0;15;Pará;11084;2018;41115;Total;11084
Indicador  4.a.1;2;92.3;15;Pará;11084;2018;41116;Acesso à eletricidade;11084
Indicador  4.a.1;2;-;15;Pará;11084;2018;41117;Acesso à internet;11084
Indicador  4.a.1;2;38.9;15;Pará;11084;2018;41118;Computador para fins pedagógicos;11084
Indicador  4.a.1;2;22.3;15;Pará;11084;2018;41119;Infraestrutura adaptada para alunos com deficiência;11084
Indicador  4.a.1;2;92.7;15;Pará;11084;2018;41120;Abastecimento de água;11084
Indicador  4.a.1;2;69.3;15;Pará;11084;2018;41121;Água Filtrada;11084
Indicador  4.a.1;2;100.0;15;Pará;11084;2019;41115;Total;11084
Indicador  4.a.1;2;89.9;15;Pará;11084;2019;41116;Acesso à eletricidade;11084
Indicador  4.a.1;2;7.9;15;Pará;11084;2019;41117;Acesso à internet;11084
Indicador  4.a.1;2;31.4;15;Pará;11084;2019;41118;Computador para fins pedagógicos;11084
Indicador  4.a.1;2;45.8;15;Pará;11084;2019;41119;Infraestrutura adaptada para alunos com deficiência;11084
Indicador  4.a.1;2;95.0;15;Pará;11084;2019;41120;Abastecimento de água;11084
Indicador  4.a.1;2;78.2;15;Pará;11084;2019;41121;Água Filtrada;11084
Indicador  4.a.1;2;100.0;15;Pará;11084;2020;41115;Total;11084
Indicador  4.a.1;2;91.5;15;Pará;11084;2020;41116;Acesso à eletricidade;11084
Indicador  4.a.1;2;10.2;15;Pará;11084;2020;41117;Acesso à internet;11084
Indicador  4.a.1;2;37.6;15;Pará;11084;2020;41118;Computador para fins pedagógicos;11084
Indicador  4.a.1;2;51.4;15;Pará;11084;2020;41119;Infraestrutura adaptada para alunos com deficiência;11084
Indicador  4.a.1;2;94.8;15;Pará;11084;2020;41120;Abastecimento de água;11084
Indicador  4.a.1;2;80.9;15;Pará;11084;2020;41121;Água Filtrada;11084
Indicador  4.a.1;2;100.0;15;Pará;11084;2021;41115;Total;11084
Indicador  4.a.1;2;91.3;15;Pará;11084;2021;41116;Acesso à eletricidade;11084
Indicador  4.a.1;2;12.6;15;Pará;11084;2021;41117;Acesso à internet;11084
Indicador  4.a.1;2;36.7;15;Pará;11084;2021;41118;Computador para fins pedagógicos;11084
Indicador  4.a.1;2;55.6;15;Pará;11084;2021;41119;Infraestrutura adaptada para alunos com deficiência;11084
Indicador  4.a.1;2;93.6;15;Pará;11084;2021;41120;Abastecimento de água;11084
Indicador  4.a.1;2;81.0;15;Pará;11084;2021;41121;Água Filtrada;11084
Indicador  4.a.1;2;100.0;15;Pará;11084;2022;41115;Total;11084
Indicador  4.a.1;2;92.1;15;Pará;11084;2022;41116;Acesso à eletricidade;11084
Indicador  4.a.1;2;14.0;15;Pará;11084;2022;41117;Acesso à internet;11084
Indicador  4.a.1;2;34.0;15;Pará;11084;2022;41118;Computador para fins pedagógicos;11084
Indicador  4.a.1;2;56.6;15;Pará;11084;2022;41119;Infraestrutura adaptada para alunos com deficiência;11084
Indicador  4.a.1;2;95.1;15;Pará;11084;2022;41120;Abastecimento de água;11084
Indicador  4.a.1;2;81.2;15;Pará;11084;2022;41121;Água Filtrada;11084
Indicador  4.a.1;2;100.0;16;Amapá;11084;2018;41115;Total;11084
Indicador  4.a.1;2;96.5;16;Amapá;11084;2018;41116;Acesso à eletricidade;11084
Indicador  4.a.1;2;-;16;Amapá;11084;2018;41117;Acesso à internet;11084
Indicador  4.a.1;2;228.0;16;Amapá;11084;2018;41118;Computador para fins pedagógicos;11084
Indicador  4.a.1;2;33.6;16;Amapá;11084;2018;41119;Infraestrutura adaptada para alunos com deficiência;11084
Indicador  4.a.1;2;96.9;16;Amapá;11084;2018;41120;Abastecimento de água;11084
Indicador  4.a.1;2;75.3;16;Amapá;11084;2018;41121;Água Filtrada;11084
Indicador  4.a.1;2;100.0;16;Amapá;11084;2019;41115;Total;11084
Indicador  4.a.1;2;93.6;16;Amapá;11084;2019;41116;Acesso à eletricidade;11084
Indicador  4.a.1;2;17.4;16;Amapá;11084;2019;41117;Acesso à internet;11084
Indicador  4.a.1;2;163.0;16;Amapá;11084;2019;41118;Computador para fins pedagógicos;11084
Indicador  4.a.1;2;50.8;16;Amapá;11084;2019;41119;Infraestrutura adaptada para alunos com deficiência;11084
Indicador  4.a.1;2;98.1;16;Amapá;11084;2019;41120;Abastecimento de água;11084
Indicador  4.a.1;2;84.5;16;Amapá;11084;2019;41121;Água Filtrada;11084
Indicador  4.a.1;2;100.0;16;Amapá;11084;2020;41115;Total;11084
Indicador  4.a.1;2;95.1;16;Amapá;11084;2020;41116;Acesso à eletricidade;11084
Indicador  4.a.1;2;20.4;16;Amapá;11084;2020;41117;Acesso à internet;11084
Indicador  4.a.1;2;185.0;16;Amapá;11084;2020;41118;Computador para fins pedagógicos;11084
Indicador  4.a.1;2;58.9;16;Amapá;11084;2020;41119;Infraestrutura adaptada para alunos com deficiência;11084
Indicador  4.a.1;2;98.5;16;Amapá;11084;2020;41120;Abastecimento de água;11084
Indicador  4.a.1;2;85.3;16;Amapá;11084;2020;41121;Água Filtrada;11084
Indicador  4.a.1;2;100.0;16;Amapá;11084;2021;41115;Total;11084
Indicador  4.a.1;2;95.1;16;Amapá;11084;2021;41116;Acesso à eletricidade;11084
Indicador  4.a.1;2;21.7;16;Amapá;11084;2021;41117;Acesso à internet;11084
Indicador  4.a.1;2;182.0;16;Amapá;11084;2021;41118;Computador para fins pedagógicos;11084
Indicador  4.a.1;2;60.7;16;Amapá;11084;2021;41119;Infraestrutura adaptada para alunos com deficiência;11084
Indicador  4.a.1;2;98.1;16;Amapá;11084;2021;41120;Abastecimento de água;11084
Indicador  4.a.1;2;87.3;16;Amapá;11084;2021;41121;Água Filtrada;11084
Indicador  4.a.1;2;100.0;16;Amapá;11084;2022;41115;Total;11084
Indicador  4.a.1;2;95.2;16;Amapá;11084;2022;41116;Acesso à eletricidade;11084
Indicador  4.a.1;2;20.3;16;Amapá;11084;2022;41117;Acesso à internet;11084
Indicador  4.a.1;2;202.0;16;Amapá;11084;2022;41118;Computador para fins pedagógicos;11084
Indicador  4.a.1;2;60.5;16;Amapá;11084;2022;41119;Infraestrutura adaptada para alunos com deficiência;11084
Indicador  4.a.1;2;96.7;16;Amapá;11084;2022;41120;Abastecimento de água;11084
Indicador  4.a.1;2;87.5;16;Amapá;11084;2022;41121;Água Filtrada;11084
Indicador  4.a.1;2;100.0;17;Tocantins;11084;2018;41115;Total;11084
Indicador  4.a.1;2;98.7;17;Tocantins;11084;2018;41116;Acesso à eletricidade;11084
Indicador  4.a.1;2;-;17;Tocantins;11084;2018;41117;Acesso à internet;11084
Indicador  4.a.1;2;57.2;17;Tocantins;11084;2018;41118;Computador para fins pedagógicos;11084
Indicador  4.a.1;2;44.1;17;Tocantins;11084;2018;41119;Infraestrutura adaptada para alunos com deficiência;11084
Indicador  4.a.1;2;99.4;17;Tocantins;11084;2018;41120;Abastecimento de água;11084
Indicador  4.a.1;2;97.0;17;Tocantins;11084;2018;41121;Água Filtrada;11084
Indicador  4.a.1;2;100.0;17;Tocantins;11084;2019;41115;Total;11084
Indicador  4.a.1;2;98.8;17;Tocantins;11084;2019;41116;Acesso à eletricidade;11084
Indicador  4.a.1;2;35.4;17;Tocantins;11084;2019;41117;Acesso à internet;11084
Indicador  4.a.1;2;54.6;17;Tocantins;11084;2019;41118;Computador para fins pedagógicos;11084
Indicador  4.a.1;2;70.5;17;Tocantins;11084;2019;41119;Infraestrutura adaptada para alunos com deficiência;11084
Indicador  4.a.1;2;100.0;17;Tocantins;11084;2019;41120;Abastecimento de água;11084
Indicador  4.a.1;2;94.1;17;Tocantins;11084;2019;41121;Água Filtrada;11084
Indicador  4.a.1;2;100.0;17;Tocantins;11084;2020;41115;Total;11084
Indicador  4.a.1;2;99.0;17;Tocantins;11084;2020;41116;Acesso à eletricidade;11084
Indicador  4.a.1;2;38.6;17;Tocantins;11084;2020;41117;Acesso à internet;11084
Indicador  4.a.1;2;60.8;17;Tocantins;11084;2020;41118;Computador para fins pedagógicos;11084
Indicador  4.a.1;2;75.6;17;Tocantins;11084;2020;41119;Infraestrutura adaptada para alunos com deficiência;11084
Indicador  4.a.1;2;100.0;17;Tocantins;11084;2020;41120;Abastecimento de água;11084
Indicador  4.a.1;2;95.1;17;Tocantins;11084;2020;41121;Água Filtrada;11084
Indicador  4.a.1;2;100.0;17;Tocantins;11084;2021;41115;Total;11084
Indicador  4.a.1;2;98.8;17;Tocantins;11084;2021;41116;Acesso à eletricidade;11084
Indicador  4.a.1;2;44.0;17;Tocantins;11084;2021;41117;Acesso à internet;11084
Indicador  4.a.1;2;63.5;17;Tocantins;11084;2021;41118;Computador para fins pedagógicos;11084
Indicador  4.a.1;2;80.5;17;Tocantins;11084;2021;41119;Infraestrutura adaptada para alunos com deficiência;11084
Indicador  4.a.1;2;98.2;17;Tocantins;11084;2021;41120;Abastecimento de água;11084
Indicador  4.a.1;2;95.3;17;Tocantins;11084;2021;41121;Água Filtrada;11084
Indicador  4.a.1;2;100.0;17;Tocantins;11084;2022;41115;Total;11084
Indicador  4.a.1;2;98.8;17;Tocantins;11084;2022;41116;Acesso à eletricidade;11084
Indicador  4.a.1;2;47.6;17;Tocantins;11084;2022;41117;Acesso à internet;11084
Indicador  4.a.1;2;58.8;17;Tocantins;11084;2022;41118;Computador para fins pedagógicos;11084
Indicador  4.a.1;2;82.1;17;Tocantins;11084;2022;41119;Infraestrutura adaptada para alunos com deficiência;11084
Indicador  4.a.1;2;98.4;17;Tocantins;11084;2022;41120;Abastecimento de água;11084
Indicador  4.a.1;2;94.2;17;Tocantins;11084;2022;41121;Água Filtrada;11084
Indicador  4.a.1;2;100.0;21;Maranhão;11084;2018;41115;Total;11084
Indicador  4.a.1;2;99.2;21;Maranhão;11084;2018;41116;Acesso à eletricidade;11084
Indicador  4.a.1;2;-;21;Maranhão;11084;2018;41117;Acesso à internet;11084
Indicador  4.a.1;2;34.7;21;Maranhão;11084;2018;41118;Computador para fins pedagógicos;11084
Indicador  4.a.1;2;20.6;21;Maranhão;11084;2018;41119;Infraestrutura adaptada para alunos com deficiência;11084
Indicador  4.a.1;2;93.3;21;Maranhão;11084;2018;41120;Abastecimento de água;11084
Indicador  4.a.1;2;91.8;21;Maranhão;11084;2018;41121;Água Filtrada;11084
Indicador  4.a.1;2;100.0;21;Maranhão;11084;2019;41115;Total;11084
Indicador  4.a.1;2;99.0;21;Maranhão;11084;2019;41116;Acesso à eletricidade;11084
Indicador  4.a.1;2;5.9;21;Maranhão;11084;2019;41117;Acesso à internet;11084
Indicador  4.a.1;2;26.0;21;Maranhão;11084;2019;41118;Computador para fins pedagógicos;11084
Indicador  4.a.1;2;45.0;21;Maranhão;11084;2019;41119;Infraestrutura adaptada para alunos com deficiência;11084
Indicador  4.a.1;2;93.3;21;Maranhão;11084;2019;41120;Abastecimento de água;11084
Indicador  4.a.1;2;92.4;21;Maranhão;11084;2019;41121;Água Filtrada;11084
Indicador  4.a.1;2;100.0;21;Maranhão;11084;2020;41115;Total;11084
Indicador  4.a.1;2;99.1;21;Maranhão;11084;2020;41116;Acesso à eletricidade;11084
Indicador  4.a.1;2;7.6;21;Maranhão;11084;2020;41117;Acesso à internet;11084
Indicador  4.a.1;2;35.3;21;Maranhão;11084;2020;41118;Computador para fins pedagógicos;11084
Indicador  4.a.1;2;50.6;21;Maranhão;11084;2020;41119;Infraestrutura adaptada para alunos com deficiência;11084
Indicador  4.a.1;2;93.7;21;Maranhão;11084;2020;41120;Abastecimento de água;11084
Indicador  4.a.1;2;93.4;21;Maranhão;11084;2020;41121;Água Filtrada;11084
Indicador  4.a.1;2;100.0;21;Maranhão;11084;2021;41115;Total;11084
Indicador  4.a.1;2;99.5;21;Maranhão;11084;2021;41116;Acesso à eletricidade;11084
Indicador  4.a.1;2;11.5;21;Maranhão;11084;2021;41117;Acesso à internet;11084
Indicador  4.a.1;2;40.9;21;Maranhão;11084;2021;41118;Computador para fins pedagógicos;11084
Indicador  4.a.1;2;55.4;21;Maranhão;11084;2021;41119;Infraestrutura adaptada para alunos com deficiência;11084
Indicador  4.a.1;2;93.7;21;Maranhão;11084;2021;41120;Abastecimento de água;11084
Indicador  4.a.1;2;92.7;21;Maranhão;11084;2021;41121;Água Filtrada;11084
Indicador  4.a.1;2;100.0;21;Maranhão;11084;2022;41115;Total;11084
Indicador  4.a.1;2;99.6;21;Maranhão;11084;2022;41116;Acesso à eletricidade;11084
Indicador  4.a.1;2;19.4;21;Maranhão;11084;2022;41117;Acesso à internet;11084
Indicador  4.a.1;2;46.1;21;Maranhão;11084;2022;41118;Computador para fins pedagógicos;11084
Indicador  4.a.1;2;58.0;21;Maranhão;11084;2022;41119;Infraestrutura adaptada para alunos com deficiência;11084
Indicador  4.a.1;2;93.6;21;Maranhão;11084;2022;41120;Abastecimento de água;11084
Indicador  4.a.1;2;91.6;21;Maranhão;11084;2022;41121;Água Filtrada;11084
Indicador  4.a.1;2;100.0;22;Piauí;11084;2018;41115;Total;11084
Indicador  4.a.1;2;98.5;22;Piauí;11084;2018;41116;Acesso à eletricidade;11084
Indicador  4.a.1;2;-;22;Piauí;11084;2018;41117;Acesso à internet;11084
Indicador  4.a.1;2;59.6;22;Piauí;11084;2018;41118;Computador para fins pedagógicos;11084
Indicador  4.a.1;2;38.0;22;Piauí;11084;2018;41119;Infraestrutura adaptada para alunos com deficiência;11084
Indicador  4.a.1;2;96.1;22;Piauí;11084;2018;41120;Abastecimento de água;11084
Indicador  4.a.1;2;83.9;22;Piauí;11084;2018;41121;Água Filtrada;11084
Indicador  4.a.1;2;100.0;22;Piauí;11084;2019;41115;Total;11084
Indicador  4.a.1;2;98.5;22;Piauí;11084;2019;41116;Acesso à eletricidade;11084
Indicador  4.a.1;2;22.2;22;Piauí;11084;2019;41117;Acesso à internet;11084
Indicador  4.a.1;2;49.9;22;Piauí;11084;2019;41118;Computador para fins pedagógicos;11084
Indicador  4.a.1;2;67.0;22;Piauí;11084;2019;41119;Infraestrutura adaptada para alunos com deficiência;11084
Indicador  4.a.1;2;96.8;22;Piauí;11084;2019;41120;Abastecimento de água;11084
Indicador  4.a.1;2;97.2;22;Piauí;11084;2019;41121;Água Filtrada;11084
Indicador  4.a.1;2;100.0;22;Piauí;11084;2020;41115;Total;11084
Indicador  4.a.1;2;98.7;22;Piauí;11084;2020;41116;Acesso à eletricidade;11084
Indicador  4.a.1;2;24.1;22;Piauí;11084;2020;41117;Acesso à internet;11084
Indicador  4.a.1;2;58.7;22;Piauí;11084;2020;41118;Computador para fins pedagógicos;11084
Indicador  4.a.1;2;72.5;22;Piauí;11084;2020;41119;Infraestrutura adaptada para alunos com deficiência;11084
Indicador  4.a.1;2;97.2;22;Piauí;11084;2020;41120;Abastecimento de água;11084
Indicador  4.a.1;2;97.6;22;Piauí;11084;2020;41121;Água Filtrada;11084
Indicador  4.a.1;2;100.0;22;Piauí;11084;2021;41115;Total;11084
Indicador  4.a.1;2;98.8;22;Piauí;11084;2021;41116;Acesso à eletricidade;11084
Indicador  4.a.1;2;27.7;22;Piauí;11084;2021;41117;Acesso à internet;11084
Indicador  4.a.1;2;63.3;22;Piauí;11084;2021;41118;Computador para fins pedagógicos;11084
Indicador  4.a.1;2;75.3;22;Piauí;11084;2021;41119;Infraestrutura adaptada para alunos com deficiência;11084
Indicador  4.a.1;2;96.8;22;Piauí;11084;2021;41120;Abastecimento de água;11084
Indicador  4.a.1;2;97.6;22;Piauí;11084;2021;41121;Água Filtrada;11084
Indicador  4.a.1;2;100.0;22;Piauí;11084;2022;41115;Total;11084
Indicador  4.a.1;2;99.1;22;Piauí;11084;2022;41116;Acesso à eletricidade;11084
Indicador  4.a.1;2;31.0;22;Piauí;11084;2022;41117;Acesso à internet;11084
Indicador  4.a.1;2;65.4;22;Piauí;11084;2022;41118;Computador para fins pedagógicos;11084
Indicador  4.a.1;2;79.1;22;Piauí;11084;2022;41119;Infraestrutura adaptada para alunos com deficiência;11084
Indicador  4.a.1;2;97.0;22;Piauí;11084;2022;41120;Abastecimento de água;11084
Indicador  4.a.1;2;97.3;22;Piauí;11084;2022;41121;Água Filtrada;11084
Indicador  4.a.1;2;100.0;23;Ceará;11084;2018;41115;Total;11084
Indicador  4.a.1;2;100.0;23;Ceará;11084;2018;41116;Acesso à eletricidade;11084
Indicador  4.a.1;2;-;23;Ceará;11084;2018;41117;Acesso à internet;11084
Indicador  4.a.1;2;3067.0;23;Ceará;11084;2018;41118;Computador para fins pedagógicos;11084
Indicador  4.a.1;2;42.2;23;Ceará;11084;2018;41119;Infraestrutura adaptada para alunos com deficiência;11084
Indicador  4.a.1;2;97.6;23;Ceará;11084;2018;41120;Abastecimento de água;11084
Indicador  4.a.1;2;96.2;23;Ceará;11084;2018;41121;Água Filtrada;11084
Indicador  4.a.1;2;100.0;23;Ceará;11084;2019;41115;Total;11084
Indicador  4.a.1;2;100.0;23;Ceará;11084;2019;41116;Acesso à eletricidade;11084
Indicador  4.a.1;2;24.4;23;Ceará;11084;2019;41117;Acesso à internet;11084
Indicador  4.a.1;2;2502.0;23;Ceará;11084;2019;41118;Computador para fins pedagógicos;11084
Indicador  4.a.1;2;77.9;23;Ceará;11084;2019;41119;Infraestrutura adaptada para alunos com deficiência;11084
Indicador  4.a.1;2;98.6;23;Ceará;11084;2019;41120;Abastecimento de água;11084
Indicador  4.a.1;2;96.8;23;Ceará;11084;2019;41121;Água Filtrada;11084
Indicador  4.a.1;2;100.0;23;Ceará;11084;2020;41115;Total;11084
Indicador  4.a.1;2;100.0;23;Ceará;11084;2020;41116;Acesso à eletricidade;11084
Indicador  4.a.1;2;27.8;23;Ceará;11084;2020;41117;Acesso à internet;11084
Indicador  4.a.1;2;2957.0;23;Ceará;11084;2020;41118;Computador para fins pedagógicos;11084
Indicador  4.a.1;2;80.8;23;Ceará;11084;2020;41119;Infraestrutura adaptada para alunos com deficiência;11084
Indicador  4.a.1;2;99.0;23;Ceará;11084;2020;41120;Abastecimento de água;11084
Indicador  4.a.1;2;96.9;23;Ceará;11084;2020;41121;Água Filtrada;11084
Indicador  4.a.1;2;100.0;23;Ceará;11084;2021;41115;Total;11084
Indicador  4.a.1;2;100.0;23;Ceará;11084;2021;41116;Acesso à eletricidade;11084
Indicador  4.a.1;2;31.5;23;Ceará;11084;2021;41117;Acesso à internet;11084
Indicador  4.a.1;2;3067.0;23;Ceará;11084;2021;41118;Computador para fins pedagógicos;11084
Indicador  4.a.1;2;83.9;23;Ceará;11084;2021;41119;Infraestrutura adaptada para alunos com deficiência;11084
Indicador  4.a.1;2;98.9;23;Ceará;11084;2021;41120;Abastecimento de água;11084
Indicador  4.a.1;2;96.5;23;Ceará;11084;2021;41121;Água Filtrada;11084
Indicador  4.a.1;2;100.0;23;Ceará;11084;2022;41115;Total;11084
Indicador  4.a.1;2;100.0;23;Ceará;11084;2022;41116;Acesso à eletricidade;11084
Indicador  4.a.1;2;34.0;23;Ceará;11084;2022;41117;Acesso à internet;11084
Indicador  4.a.1;2;3289.0;23;Ceará;11084;2022;41118;Computador para fins pedagógicos;11084
Indicador  4.a.1;2;85.3;23;Ceará;11084;2022;41119;Infraestrutura adaptada para alunos com deficiência;11084
Indicador  4.a.1;2;99.4;23;Ceará;11084;2022;41120;Abastecimento de água;11084
Indicador  4.a.1;2;97.0;23;Ceará;11084;2022;41121;Água Filtrada;11084
Indicador  4.a.1;2;100.0;24;Rio Grande do Norte;11084;2018;41115;Total;11084
Indicador  4.a.1;2;100.0;24;Rio Grande do Norte;11084;2018;41116;Acesso à eletricidade;11084
Indicador  4.a.1;2;-;24;Rio Grande do Norte;11084;2018;41117;Acesso à internet;11084
Indicador  4.a.1;2;73.0;24;Rio Grande do Norte;11084;2018;41118;Computador para fins pedagógicos;11084
Indicador  4.a.1;2;58.8;24;Rio Grande do Norte;11084;2018;41119;Infraestrutura adaptada para alunos com deficiência;11084
Indicador  4.a.1;2;99.5;24;Rio Grande do Norte;11084;2018;41120;Abastecimento de água;11084
Indicador  4.a.1;2;95.2;24;Rio Grande do Norte;11084;2018;41121;Água Filtrada;11084
Indicador  4.a.1;2;100.0;24;Rio Grande do Norte;11084;2019;41115;Total;11084
Indicador  4.a.1;2;100.0;24;Rio Grande do Norte;11084;2019;41116;Acesso à eletricidade;11084
Indicador  4.a.1;2;27.5;24;Rio Grande do Norte;11084;2019;41117;Acesso à internet;11084
Indicador  4.a.1;2;65.2;24;Rio Grande do Norte;11084;2019;41118;Computador para fins pedagógicos;11084
Indicador  4.a.1;2;84.1;24;Rio Grande do Norte;11084;2019;41119;Infraestrutura adaptada para alunos com deficiência;11084
Indicador  4.a.1;2;99.5;24;Rio Grande do Norte;11084;2019;41120;Abastecimento de água;11084
Indicador  4.a.1;2;96.9;24;Rio Grande do Norte;11084;2019;41121;Água Filtrada;11084
Indicador  4.a.1;2;100.0;24;Rio Grande do Norte;11084;2020;41115;Total;11084
Indicador  4.a.1;2;100.0;24;Rio Grande do Norte;11084;2020;41116;Acesso à eletricidade;11084
Indicador  4.a.1;2;32.1;24;Rio Grande do Norte;11084;2020;41117;Acesso à internet;11084
Indicador  4.a.1;2;73.8;24;Rio Grande do Norte;11084;2020;41118;Computador para fins pedagógicos;11084
Indicador  4.a.1;2;87.2;24;Rio Grande do Norte;11084;2020;41119;Infraestrutura adaptada para alunos com deficiência;11084
Indicador  4.a.1;2;99.3;24;Rio Grande do Norte;11084;2020;41120;Abastecimento de água;11084
Indicador  4.a.1;2;95.1;24;Rio Grande do Norte;11084;2020;41121;Água Filtrada;11084
Indicador  4.a.1;2;100.0;24;Rio Grande do Norte;11084;2021;41115;Total;11084
Indicador  4.a.1;2;100.0;24;Rio Grande do Norte;11084;2021;41116;Acesso à eletricidade;11084
Indicador  4.a.1;2;38.2;24;Rio Grande do Norte;11084;2021;41117;Acesso à internet;11084
Indicador  4.a.1;2;76.8;24;Rio Grande do Norte;11084;2021;41118;Computador para fins pedagógicos;11084
Indicador  4.a.1;2;89.5;24;Rio Grande do Norte;11084;2021;41119;Infraestrutura adaptada para alunos com deficiência;11084
Indicador  4.a.1;2;99.8;24;Rio Grande do Norte;11084;2021;41120;Abastecimento de água;11084
Indicador  4.a.1;2;98.2;24;Rio Grande do Norte;11084;2021;41121;Água Filtrada;11084
Indicador  4.a.1;2;100.0;24;Rio Grande do Norte;11084;2022;41115;Total;11084
Indicador  4.a.1;2;100.0;24;Rio Grande do Norte;11084;2022;41116;Acesso à eletricidade;11084
Indicador  4.a.1;2;45.9;24;Rio Grande do Norte;11084;2022;41117;Acesso à internet;11084
Indicador  4.a.1;2;80.9;24;Rio Grande do Norte;11084;2022;41118;Computador para fins pedagógicos;11084
Indicador  4.a.1;2;91.2;24;Rio Grande do Norte;11084;2022;41119;Infraestrutura adaptada para alunos com deficiência;11084
Indicador  4.a.1;2;99.7;24;Rio Grande do Norte;11084;2022;41120;Abastecimento de água;11084
Indicador  4.a.1;2;98.6;24;Rio Grande do Norte;11084;2022;41121;Água Filtrada;11084
Indicador  4.a.1;2;100.0;25;Paraíba;11084;2018;41115;Total;11084
Indicador  4.a.1;2;99.8;25;Paraíba;11084;2018;41116;Acesso à eletricidade;11084
Indicador  4.a.1;2;-;25;Paraíba;11084;2018;41117;Acesso à internet;11084
Indicador  4.a.1;2;72.0;25;Paraíba;11084;2018;41118;Computador para fins pedagógicos;11084
Indicador  4.a.1;2;51.3;25;Paraíba;11084;2018;41119;Infraestrutura adaptada para alunos com deficiência;11084
Indicador  4.a.1;2;97.7;25;Paraíba;11084;2018;41120;Abastecimento de água;11084
Indicador  4.a.1;2;95.2;25;Paraíba;11084;2018;41121;Água Filtrada;11084
Indicador  4.a.1;2;100.0;25;Paraíba;11084;2019;41115;Total;11084
Indicador  4.a.1;2;99.9;25;Paraíba;11084;2019;41116;Acesso à eletricidade;11084
Indicador  4.a.1;2;21.5;25;Paraíba;11084;2019;41117;Acesso à internet;11084
Indicador  4.a.1;2;62.3;25;Paraíba;11084;2019;41118;Computador para fins pedagógicos;11084
Indicador  4.a.1;2;84.1;25;Paraíba;11084;2019;41119;Infraestrutura adaptada para alunos com deficiência;11084
Indicador  4.a.1;2;99.0;25;Paraíba;11084;2019;41120;Abastecimento de água;11084
Indicador  4.a.1;2;98.0;25;Paraíba;11084;2019;41121;Água Filtrada;11084
Indicador  4.a.1;2;100.0;25;Paraíba;11084;2020;41115;Total;11084
Indicador  4.a.1;2;100.0;25;Paraíba;11084;2020;41116;Acesso à eletricidade;11084
Indicador  4.a.1;2;35.8;25;Paraíba;11084;2020;41117;Acesso à internet;11084
Indicador  4.a.1;2;76.1;25;Paraíba;11084;2020;41118;Computador para fins pedagógicos;11084
Indicador  4.a.1;2;79.2;25;Paraíba;11084;2020;41119;Infraestrutura adaptada para alunos com deficiência;11084
Indicador  4.a.1;2;99.0;25;Paraíba;11084;2020;41120;Abastecimento de água;11084
Indicador  4.a.1;2;97.5;25;Paraíba;11084;2020;41121;Água Filtrada;11084
Indicador  4.a.1;2;100.0;25;Paraíba;11084;2021;41115;Total;11084
Indicador  4.a.1;2;99.9;25;Paraíba;11084;2021;41116;Acesso à eletricidade;11084
Indicador  4.a.1;2;40.6;25;Paraíba;11084;2021;41117;Acesso à internet;11084
Indicador  4.a.1;2;79.3;25;Paraíba;11084;2021;41118;Computador para fins pedagógicos;11084
Indicador  4.a.1;2;80.8;25;Paraíba;11084;2021;41119;Infraestrutura adaptada para alunos com deficiência;11084
Indicador  4.a.1;2;99.0;25;Paraíba;11084;2021;41120;Abastecimento de água;11084
Indicador  4.a.1;2;97.4;25;Paraíba;11084;2021;41121;Água Filtrada;11084
Indicador  4.a.1;2;100.0;25;Paraíba;11084;2022;41115;Total;11084
Indicador  4.a.1;2;100.0;25;Paraíba;11084;2022;41116;Acesso à eletricidade;11084
Indicador  4.a.1;2;42.7;25;Paraíba;11084;2022;41117;Acesso à internet;11084
Indicador  4.a.1;2;82.2;25;Paraíba;11084;2022;41118;Computador para fins pedagógicos;11084
Indicador  4.a.1;2;82.8;25;Paraíba;11084;2022;41119;Infraestrutura adaptada para alunos com deficiência;11084
Indicador  4.a.1;2;99.0;25;Paraíba;11084;2022;41120;Abastecimento de água;11084
Indicador  4.a.1;2;97.7;25;Paraíba;11084;2022;41121;Água Filtrada;11084
Indicador  4.a.1;2;100.0;26;Pernambuco;11084;2018;41115;Total;11084
Indicador  4.a.1;2;100.0;26;Pernambuco;11084;2018;41116;Acesso à eletricidade;11084
Indicador  4.a.1;2;-;26;Pernambuco;11084;2018;41117;Acesso à internet;11084
Indicador  4.a.1;2;65.1;26;Pernambuco;11084;2018;41118;Computador para fins pedagógicos;11084
Indicador  4.a.1;2;44.3;26;Pernambuco;11084;2018;41119;Infraestrutura adaptada para alunos com deficiência;11084
Indicador  4.a.1;2;98.6;26;Pernambuco;11084;2018;41120;Abastecimento de água;11084
Indicador  4.a.1;2;91.6;26;Pernambuco;11084;2018;41121;Água Filtrada;11084
Indicador  4.a.1;2;100.0;26;Pernambuco;11084;2019;41115;Total;11084
Indicador  4.a.1;2;100.0;26;Pernambuco;11084;2019;41116;Acesso à eletricidade;11084
Indicador  4.a.1;2;24.7;26;Pernambuco;11084;2019;41117;Acesso à internet;11084
Indicador  4.a.1;2;56.0;26;Pernambuco;11084;2019;41118;Computador para fins pedagógicos;11084
Indicador  4.a.1;2;84.2;26;Pernambuco;11084;2019;41119;Infraestrutura adaptada para alunos com deficiência;11084
Indicador  4.a.1;2;98.9;26;Pernambuco;11084;2019;41120;Abastecimento de água;11084
Indicador  4.a.1;2;96.6;26;Pernambuco;11084;2019;41121;Água Filtrada;11084
Indicador  4.a.1;2;100.0;26;Pernambuco;11084;2020;41115;Total;11084
Indicador  4.a.1;2;100.0;26;Pernambuco;11084;2020;41116;Acesso à eletricidade;11084
Indicador  4.a.1;2;26.8;26;Pernambuco;11084;2020;41117;Acesso à internet;11084
Indicador  4.a.1;2;65.2;26;Pernambuco;11084;2020;41118;Computador para fins pedagógicos;11084
Indicador  4.a.1;2;87.0;26;Pernambuco;11084;2020;41119;Infraestrutura adaptada para alunos com deficiência;11084
Indicador  4.a.1;2;98.9;26;Pernambuco;11084;2020;41120;Abastecimento de água;11084
Indicador  4.a.1;2;96.4;26;Pernambuco;11084;2020;41121;Água Filtrada;11084
Indicador  4.a.1;2;100.0;26;Pernambuco;11084;2021;41115;Total;11084
Indicador  4.a.1;2;100.0;26;Pernambuco;11084;2021;41116;Acesso à eletricidade;11084
Indicador  4.a.1;2;32.9;26;Pernambuco;11084;2021;41117;Acesso à internet;11084
Indicador  4.a.1;2;67.8;26;Pernambuco;11084;2021;41118;Computador para fins pedagógicos;11084
Indicador  4.a.1;2;88.5;26;Pernambuco;11084;2021;41119;Infraestrutura adaptada para alunos com deficiência;11084
Indicador  4.a.1;2;98.8;26;Pernambuco;11084;2021;41120;Abastecimento de água;11084
Indicador  4.a.1;2;95.3;26;Pernambuco;11084;2021;41121;Água Filtrada;11084
Indicador  4.a.1;2;100.0;26;Pernambuco;11084;2022;41115;Total;11084
Indicador  4.a.1;2;100.0;26;Pernambuco;11084;2022;41116;Acesso à eletricidade;11084
Indicador  4.a.1;2;38.9;26;Pernambuco;11084;2022;41117;Acesso à internet;11084
Indicador  4.a.1;2;72.7;26;Pernambuco;11084;2022;41118;Computador para fins pedagógicos;11084
Indicador  4.a.1;2;89.7;26;Pernambuco;11084;2022;41119;Infraestrutura adaptada para alunos com deficiência;11084
Indicador  4.a.1;2;98.8;26;Pernambuco;11084;2022;41120;Abastecimento de água;11084
Indicador  4.a.1;2;95.8;26;Pernambuco;11084;2022;41121;Água Filtrada;11084
Indicador  4.a.1;2;100.0;27;Alagoas;11084;2018;41115;Total;11084
Indicador  4.a.1;2;100.0;27;Alagoas;11084;2018;41116;Acesso à eletricidade;11084
Indicador  4.a.1;2;-;27;Alagoas;11084;2018;41117;Acesso à internet;11084
Indicador  4.a.1;2;912.0;27;Alagoas;11084;2018;41118;Computador para fins pedagógicos;11084
Indicador  4.a.1;2;42.8;27;Alagoas;11084;2018;41119;Infraestrutura adaptada para alunos com deficiência;11084
Indicador  4.a.1;2;99.8;27;Alagoas;11084;2018;41120;Abastecimento de água;11084
Indicador  4.a.1;2;91.6;27;Alagoas;11084;2018;41121;Água Filtrada;11084
Indicador  4.a.1;2;100.0;27;Alagoas;11084;2019;41115;Total;11084
Indicador  4.a.1;2;100.0;27;Alagoas;11084;2019;41116;Acesso à eletricidade;11084
Indicador  4.a.1;2;22.2;27;Alagoas;11084;2019;41117;Acesso à internet;11084
Indicador  4.a.1;2;813.0;27;Alagoas;11084;2019;41118;Computador para fins pedagógicos;11084
Indicador  4.a.1;2;75.8;27;Alagoas;11084;2019;41119;Infraestrutura adaptada para alunos com deficiência;11084
Indicador  4.a.1;2;99.7;27;Alagoas;11084;2019;41120;Abastecimento de água;11084
Indicador  4.a.1;2;96.7;27;Alagoas;11084;2019;41121;Água Filtrada;11084
Indicador  4.a.1;2;100.0;27;Alagoas;11084;2020;41115;Total;11084
Indicador  4.a.1;2;100.0;27;Alagoas;11084;2020;41116;Acesso à eletricidade;11084
Indicador  4.a.1;2;25.0;27;Alagoas;11084;2020;41117;Acesso à internet;11084
Indicador  4.a.1;2;951.0;27;Alagoas;11084;2020;41118;Computador para fins pedagógicos;11084
Indicador  4.a.1;2;80.1;27;Alagoas;11084;2020;41119;Infraestrutura adaptada para alunos com deficiência;11084
Indicador  4.a.1;2;99.7;27;Alagoas;11084;2020;41120;Abastecimento de água;11084
Indicador  4.a.1;2;96.9;27;Alagoas;11084;2020;41121;Água Filtrada;11084
Indicador  4.a.1;2;100.0;27;Alagoas;11084;2021;41115;Total;11084
Indicador  4.a.1;2;100.0;27;Alagoas;11084;2021;41116;Acesso à eletricidade;11084
Indicador  4.a.1;2;29.9;27;Alagoas;11084;2021;41117;Acesso à internet;11084
Indicador  4.a.1;2;1019.0;27;Alagoas;11084;2021;41118;Computador para fins pedagógicos;11084
Indicador  4.a.1;2;83.5;27;Alagoas;11084;2021;41119;Infraestrutura adaptada para alunos com deficiência;11084
Indicador  4.a.1;2;99.5;27;Alagoas;11084;2021;41120;Abastecimento de água;11084
Indicador  4.a.1;2;97.9;27;Alagoas;11084;2021;41121;Água Filtrada;11084
Indicador  4.a.1;2;100.0;27;Alagoas;11084;2022;41115;Total;11084
Indicador  4.a.1;2;100.0;27;Alagoas;11084;2022;41116;Acesso à eletricidade;11084
Indicador  4.a.1;2;34.9;27;Alagoas;11084;2022;41117;Acesso à internet;11084
Indicador  4.a.1;2;1055.0;27;Alagoas;11084;2022;41118;Computador para fins pedagógicos;11084
Indicador  4.a.1;2;85.9;27;Alagoas;11084;2022;41119;Infraestrutura adaptada para alunos com deficiência;11084
Indicador  4.a.1;2;99.7;27;Alagoas;11084;2022;41120;Abastecimento de água;11084
Indicador  4.a.1;2;98.9;27;Alagoas;11084;2022;41121;Água Filtrada;11084
Indicador  4.a.1;2;100.0;28;Sergipe;11084;2018;41115;Total;11084
Indicador  4.a.1;2;100.0;28;Sergipe;11084;2018;41116;Acesso à eletricidade;11084
Indicador  4.a.1;2;-;28;Sergipe;11084;2018;41117;Acesso à internet;11084
Indicador  4.a.1;2;67.8;28;Sergipe;11084;2018;41118;Computador para fins pedagógicos;11084
Indicador  4.a.1;2;55.7;28;Sergipe;11084;2018;41119;Infraestrutura adaptada para alunos com deficiência;11084
Indicador  4.a.1;2;99.9;28;Sergipe;11084;2018;41120;Abastecimento de água;11084
Indicador  4.a.1;2;88.7;28;Sergipe;11084;2018;41121;Água Filtrada;11084
Indicador  4.a.1;2;100.0;28;Sergipe;11084;2019;41115;Total;11084
Indicador  4.a.1;2;100.0;28;Sergipe;11084;2019;41116;Acesso à eletricidade;11084
Indicador  4.a.1;2;25.9;28;Sergipe;11084;2019;41117;Acesso à internet;11084
Indicador  4.a.1;2;66.9;28;Sergipe;11084;2019;41118;Computador para fins pedagógicos;11084
Indicador  4.a.1;2;84.6;28;Sergipe;11084;2019;41119;Infraestrutura adaptada para alunos com deficiência;11084
Indicador  4.a.1;2;100.0;28;Sergipe;11084;2019;41120;Abastecimento de água;11084
Indicador  4.a.1;2;98.6;28;Sergipe;11084;2019;41121;Água Filtrada;11084
Indicador  4.a.1;2;100.0;28;Sergipe;11084;2020;41115;Total;11084
Indicador  4.a.1;2;100.0;28;Sergipe;11084;2020;41116;Acesso à eletricidade;11084
Indicador  4.a.1;2;35.6;28;Sergipe;11084;2020;41117;Acesso à internet;11084
Indicador  4.a.1;2;75.6;28;Sergipe;11084;2020;41118;Computador para fins pedagógicos;11084
Indicador  4.a.1;2;87.0;28;Sergipe;11084;2020;41119;Infraestrutura adaptada para alunos com deficiência;11084
Indicador  4.a.1;2;100.0;28;Sergipe;11084;2020;41120;Abastecimento de água;11084
Indicador  4.a.1;2;99.9;28;Sergipe;11084;2020;41121;Água Filtrada;11084
Indicador  4.a.1;2;100.0;28;Sergipe;11084;2021;41115;Total;11084
Indicador  4.a.1;2;100.0;28;Sergipe;11084;2021;41116;Acesso à eletricidade;11084
Indicador  4.a.1;2;42.2;28;Sergipe;11084;2021;41117;Acesso à internet;11084
Indicador  4.a.1;2;79.2;28;Sergipe;11084;2021;41118;Computador para fins pedagógicos;11084
Indicador  4.a.1;2;89.6;28;Sergipe;11084;2021;41119;Infraestrutura adaptada para alunos com deficiência;11084
Indicador  4.a.1;2;100.0;28;Sergipe;11084;2021;41120;Abastecimento de água;11084
Indicador  4.a.1;2;99.9;28;Sergipe;11084;2021;41121;Água Filtrada;11084
Indicador  4.a.1;2;100.0;28;Sergipe;11084;2022;41115;Total;11084
Indicador  4.a.1;2;100.0;28;Sergipe;11084;2022;41116;Acesso à eletricidade;11084
Indicador  4.a.1;2;45.6;28;Sergipe;11084;2022;41117;Acesso à internet;11084
Indicador  4.a.1;2;83.2;28;Sergipe;11084;2022;41118;Computador para fins pedagógicos;11084
Indicador  4.a.1;2;90.8;28;Sergipe;11084;2022;41119;Infraestrutura adaptada para alunos com deficiência;11084
Indicador  4.a.1;2;100.0;28;Sergipe;11084;2022;41120;Abastecimento de água;11084
Indicador  4.a.1;2;100.0;28;Sergipe;11084;2022;41121;Água Filtrada;11084
Indicador  4.a.1;2;100.0;29;Bahia;11084;2018;41115;Total;11084
Indicador  4.a.1;2;99.8;29;Bahia;11084;2018;41116;Acesso à eletricidade;11084
Indicador  4.a.1;2;-;29;Bahia;11084;2018;41117;Acesso à internet;11084
Indicador  4.a.1;2;4483.0;29;Bahia;11084;2018;41118;Computador para fins pedagógicos;11084
Indicador  4.a.1;2;35.2;29;Bahia;11084;2018;41119;Infraestrutura adaptada para alunos com deficiência;11084
Indicador  4.a.1;2;98.3;29;Bahia;11084;2018;41120;Abastecimento de água;11084
Indicador  4.a.1;2;95.5;29;Bahia;11084;2018;41121;Água Filtrada;11084
Indicador  4.a.1;2;100.0;29;Bahia;11084;2019;41115;Total;11084
Indicador  4.a.1;2;99.9;29;Bahia;11084;2019;41116;Acesso à eletricidade;11084
Indicador  4.a.1;2;16.6;29;Bahia;11084;2019;41117;Acesso à internet;11084
Indicador  4.a.1;2;3682.0;29;Bahia;11084;2019;41118;Computador para fins pedagógicos;11084
Indicador  4.a.1;2;64.9;29;Bahia;11084;2019;41119;Infraestrutura adaptada para alunos com deficiência;11084
Indicador  4.a.1;2;99.0;29;Bahia;11084;2019;41120;Abastecimento de água;11084
Indicador  4.a.1;2;95.6;29;Bahia;11084;2019;41121;Água Filtrada;11084
Indicador  4.a.1;2;100.0;29;Bahia;11084;2020;41115;Total;11084
Indicador  4.a.1;2;99.9;29;Bahia;11084;2020;41116;Acesso à eletricidade;11084
Indicador  4.a.1;2;19.8;29;Bahia;11084;2020;41117;Acesso à internet;11084
Indicador  4.a.1;2;4729.0;29;Bahia;11084;2020;41118;Computador para fins pedagógicos;11084
Indicador  4.a.1;2;68.7;29;Bahia;11084;2020;41119;Infraestrutura adaptada para alunos com deficiência;11084
Indicador  4.a.1;2;98.9;29;Bahia;11084;2020;41120;Abastecimento de água;11084
Indicador  4.a.1;2;95.8;29;Bahia;11084;2020;41121;Água Filtrada;11084
Indicador  4.a.1;2;100.0;29;Bahia;11084;2021;41115;Total;11084
Indicador  4.a.1;2;99.8;29;Bahia;11084;2021;41116;Acesso à eletricidade;11084
Indicador  4.a.1;2;25.5;29;Bahia;11084;2021;41117;Acesso à internet;11084
Indicador  4.a.1;2;5123.0;29;Bahia;11084;2021;41118;Computador para fins pedagógicos;11084
Indicador  4.a.1;2;71.5;29;Bahia;11084;2021;41119;Infraestrutura adaptada para alunos com deficiência;11084
Indicador  4.a.1;2;99.3;29;Bahia;11084;2021;41120;Abastecimento de água;11084
Indicador  4.a.1;2;95.2;29;Bahia;11084;2021;41121;Água Filtrada;11084
Indicador  4.a.1;2;100.0;29;Bahia;11084;2022;41115;Total;11084
Indicador  4.a.1;2;100.0;29;Bahia;11084;2022;41116;Acesso à eletricidade;11084
Indicador  4.a.1;2;32.4;29;Bahia;11084;2022;41117;Acesso à internet;11084
Indicador  4.a.1;2;5504.0;29;Bahia;11084;2022;41118;Computador para fins pedagógicos;11084
Indicador  4.a.1;2;75.2;29;Bahia;11084;2022;41119;Infraestrutura adaptada para alunos com deficiência;11084
Indicador  4.a.1;2;99.3;29;Bahia;11084;2022;41120;Abastecimento de água;11084
Indicador  4.a.1;2;95.0;29;Bahia;11084;2022;41121;Água Filtrada;11084
Indicador  4.a.1;2;100.0;31;Minas Gerais;11084;2018;41115;Total;11084
Indicador  4.a.1;2;100.0;31;Minas Gerais;11084;2018;41116;Acesso à eletricidade;11084
Indicador  4.a.1;2;-;31;Minas Gerais;11084;2018;41117;Acesso à internet;11084
Indicador  4.a.1;2;89.2;31;Minas Gerais;11084;2018;41118;Computador para fins pedagógicos;11084
Indicador  4.a.1;2;49.1;31;Minas Gerais;11084;2018;41119;Infraestrutura adaptada para alunos com deficiência;11084
Indicador  4.a.1;2;99.9;31;Minas Gerais;11084;2018;41120;Abastecimento de água;11084
Indicador  4.a.1;2;99.3;31;Minas Gerais;11084;2018;41121;Água Filtrada;11084
Indicador  4.a.1;2;100.0;31;Minas Gerais;11084;2019;41115;Total;11084
Indicador  4.a.1;2;100.0;31;Minas Gerais;11084;2019;41116;Acesso à eletricidade;11084
Indicador  4.a.1;2;45.2;31;Minas Gerais;11084;2019;41117;Acesso à internet;11084
Indicador  4.a.1;2;83.9;31;Minas Gerais;11084;2019;41118;Computador para fins pedagógicos;11084
Indicador  4.a.1;2;76.2;31;Minas Gerais;11084;2019;41119;Infraestrutura adaptada para alunos com deficiência;11084
Indicador  4.a.1;2;99.9;31;Minas Gerais;11084;2019;41120;Abastecimento de água;11084
Indicador  4.a.1;2;98.4;31;Minas Gerais;11084;2019;41121;Água Filtrada;11084
Indicador  4.a.1;2;100.0;31;Minas Gerais;11084;2020;41115;Total;11084
Indicador  4.a.1;2;100.0;31;Minas Gerais;11084;2020;41116;Acesso à eletricidade;11084
Indicador  4.a.1;2;42.0;31;Minas Gerais;11084;2020;41117;Acesso à internet;11084
Indicador  4.a.1;2;86.8;31;Minas Gerais;11084;2020;41118;Computador para fins pedagógicos;11084
Indicador  4.a.1;2;77.5;31;Minas Gerais;11084;2020;41119;Infraestrutura adaptada para alunos com deficiência;11084
Indicador  4.a.1;2;99.8;31;Minas Gerais;11084;2020;41120;Abastecimento de água;11084
Indicador  4.a.1;2;98.6;31;Minas Gerais;11084;2020;41121;Água Filtrada;11084
Indicador  4.a.1;2;100.0;31;Minas Gerais;11084;2021;41115;Total;11084
Indicador  4.a.1;2;100.0;31;Minas Gerais;11084;2021;41116;Acesso à eletricidade;11084
Indicador  4.a.1;2;51.2;31;Minas Gerais;11084;2021;41117;Acesso à internet;11084
Indicador  4.a.1;2;88.7;31;Minas Gerais;11084;2021;41118;Computador para fins pedagógicos;11084
Indicador  4.a.1;2;82.4;31;Minas Gerais;11084;2021;41119;Infraestrutura adaptada para alunos com deficiência;11084
Indicador  4.a.1;2;99.8;31;Minas Gerais;11084;2021;41120;Abastecimento de água;11084
Indicador  4.a.1;2;98.8;31;Minas Gerais;11084;2021;41121;Água Filtrada;11084
Indicador  4.a.1;2;100.0;31;Minas Gerais;11084;2022;41115;Total;11084
Indicador  4.a.1;2;100.0;31;Minas Gerais;11084;2022;41116;Acesso à eletricidade;11084
Indicador  4.a.1;2;55.7;31;Minas Gerais;11084;2022;41117;Acesso à internet;11084
Indicador  4.a.1;2;90.8;31;Minas Gerais;11084;2022;41118;Computador para fins pedagógicos;11084
Indicador  4.a.1;2;82.6;31;Minas Gerais;11084;2022;41119;Infraestrutura adaptada para alunos com deficiência;11084
Indicador  4.a.1;2;99.9;31;Minas Gerais;11084;2022;41120;Abastecimento de água;11084
Indicador  4.a.1;2;99.3;31;Minas Gerais;11084;2022;41121;Água Filtrada;11084
Indicador  4.a.1;2;100.0;32;Espírito Santo;11084;2018;41115;Total;11084
Indicador  4.a.1;2;100.0;32;Espírito Santo;11084;2018;41116;Acesso à eletricidade;11084
Indicador  4.a.1;2;-;32;Espírito Santo;11084;2018;41117;Acesso à internet;11084
Indicador  4.a.1;2;85.7;32;Espírito Santo;11084;2018;41118;Computador para fins pedagógicos;11084
Indicador  4.a.1;2;56.9;32;Espírito Santo;11084;2018;41119;Infraestrutura adaptada para alunos com deficiência;11084
Indicador  4.a.1;2;100.0;32;Espírito Santo;11084;2018;41120;Abastecimento de água;11084
Indicador  4.a.1;2;99.8;32;Espírito Santo;11084;2018;41121;Água Filtrada;11084
Indicador  4.a.1;2;100.0;32;Espírito Santo;11084;2019;41115;Total;11084
Indicador  4.a.1;2;100.0;32;Espírito Santo;11084;2019;41116;Acesso à eletricidade;11084
Indicador  4.a.1;2;47.1;32;Espírito Santo;11084;2019;41117;Acesso à internet;11084
Indicador  4.a.1;2;80.9;32;Espírito Santo;11084;2019;41118;Computador para fins pedagógicos;11084
Indicador  4.a.1;2;82.0;32;Espírito Santo;11084;2019;41119;Infraestrutura adaptada para alunos com deficiência;11084
Indicador  4.a.1;2;99.8;32;Espírito Santo;11084;2019;41120;Abastecimento de água;11084
Indicador  4.a.1;2;97.4;32;Espírito Santo;11084;2019;41121;Água Filtrada;11084
Indicador  4.a.1;2;100.0;32;Espírito Santo;11084;2020;41115;Total;11084
Indicador  4.a.1;2;100.0;32;Espírito Santo;11084;2020;41116;Acesso à eletricidade;11084
Indicador  4.a.1;2;49.0;32;Espírito Santo;11084;2020;41117;Acesso à internet;11084
Indicador  4.a.1;2;82.7;32;Espírito Santo;11084;2020;41118;Computador para fins pedagógicos;11084
Indicador  4.a.1;2;85.9;32;Espírito Santo;11084;2020;41119;Infraestrutura adaptada para alunos com deficiência;11084
Indicador  4.a.1;2;100.0;32;Espírito Santo;11084;2020;41120;Abastecimento de água;11084
Indicador  4.a.1;2;97.8;32;Espírito Santo;11084;2020;41121;Água Filtrada;11084
Indicador  4.a.1;2;100.0;32;Espírito Santo;11084;2021;41115;Total;11084
Indicador  4.a.1;2;100.0;32;Espírito Santo;11084;2021;41116;Acesso à eletricidade;11084
Indicador  4.a.1;2;55.1;32;Espírito Santo;11084;2021;41117;Acesso à internet;11084
Indicador  4.a.1;2;84.4;32;Espírito Santo;11084;2021;41118;Computador para fins pedagógicos;11084
Indicador  4.a.1;2;87.6;32;Espírito Santo;11084;2021;41119;Infraestrutura adaptada para alunos com deficiência;11084
Indicador  4.a.1;2;99.5;32;Espírito Santo;11084;2021;41120;Abastecimento de água;11084
Indicador  4.a.1;2;98.5;32;Espírito Santo;11084;2021;41121;Água Filtrada;11084
Indicador  4.a.1;2;100.0;32;Espírito Santo;11084;2022;41115;Total;11084
Indicador  4.a.1;2;100.0;32;Espírito Santo;11084;2022;41116;Acesso à eletricidade;11084
Indicador  4.a.1;2;61.0;32;Espírito Santo;11084;2022;41117;Acesso à internet;11084
Indicador  4.a.1;2;87.0;32;Espírito Santo;11084;2022;41118;Computador para fins pedagógicos;11084
Indicador  4.a.1;2;91.3;32;Espírito Santo;11084;2022;41119;Infraestrutura adaptada para alunos com deficiência;11084
Indicador  4.a.1;2;99.7;32;Espírito Santo;11084;2022;41120;Abastecimento de água;11084
Indicador  4.a.1;2;98.8;32;Espírito Santo;11084;2022;41121;Água Filtrada;11084
Indicador  4.a.1;2;100.0;33;Rio de Janeiro;11084;2018;41115;Total;11084
Indicador  4.a.1;2;100.0;33;Rio de Janeiro;11084;2018;41116;Acesso à eletricidade;11084
Indicador  4.a.1;2;-;33;Rio de Janeiro;11084;2018;41117;Acesso à internet;11084
Indicador  4.a.1;2;82.3;33;Rio de Janeiro;11084;2018;41118;Computador para fins pedagógicos;11084
Indicador  4.a.1;2;50.2;33;Rio de Janeiro;11084;2018;41119;Infraestrutura adaptada para alunos com deficiência;11084
Indicador  4.a.1;2;99.9;33;Rio de Janeiro;11084;2018;41120;Abastecimento de água;11084
Indicador  4.a.1;2;98.7;33;Rio de Janeiro;11084;2018;41121;Água Filtrada;11084
Indicador  4.a.1;2;100.0;33;Rio de Janeiro;11084;2019;41115;Total;11084
Indicador  4.a.1;2;100.0;33;Rio de Janeiro;11084;2019;41116;Acesso à eletricidade;11084
Indicador  4.a.1;2;29.8;33;Rio de Janeiro;11084;2019;41117;Acesso à internet;11084
Indicador  4.a.1;2;73.8;33;Rio de Janeiro;11084;2019;41118;Computador para fins pedagógicos;11084
Indicador  4.a.1;2;79.0;33;Rio de Janeiro;11084;2019;41119;Infraestrutura adaptada para alunos com deficiência;11084
Indicador  4.a.1;2;99.8;33;Rio de Janeiro;11084;2019;41120;Abastecimento de água;11084
Indicador  4.a.1;2;99.1;33;Rio de Janeiro;11084;2019;41121;Água Filtrada;11084
Indicador  4.a.1;2;100.0;33;Rio de Janeiro;11084;2020;41115;Total;11084
Indicador  4.a.1;2;100.0;33;Rio de Janeiro;11084;2020;41116;Acesso à eletricidade;11084
Indicador  4.a.1;2;33.4;33;Rio de Janeiro;11084;2020;41117;Acesso à internet;11084
Indicador  4.a.1;2;81.2;33;Rio de Janeiro;11084;2020;41118;Computador para fins pedagógicos;11084
Indicador  4.a.1;2;82.2;33;Rio de Janeiro;11084;2020;41119;Infraestrutura adaptada para alunos com deficiência;11084
Indicador  4.a.1;2;99.8;33;Rio de Janeiro;11084;2020;41120;Abastecimento de água;11084
Indicador  4.a.1;2;99.2;33;Rio de Janeiro;11084;2020;41121;Água Filtrada;11084
Indicador  4.a.1;2;100.0;33;Rio de Janeiro;11084;2021;41115;Total;11084
Indicador  4.a.1;2;100.0;33;Rio de Janeiro;11084;2021;41116;Acesso à eletricidade;11084
Indicador  4.a.1;2;37.0;33;Rio de Janeiro;11084;2021;41117;Acesso à internet;11084
Indicador  4.a.1;2;82.6;33;Rio de Janeiro;11084;2021;41118;Computador para fins pedagógicos;11084
Indicador  4.a.1;2;84.3;33;Rio de Janeiro;11084;2021;41119;Infraestrutura adaptada para alunos com deficiência;11084
Indicador  4.a.1;2;99.9;33;Rio de Janeiro;11084;2021;41120;Abastecimento de água;11084
Indicador  4.a.1;2;99.3;33;Rio de Janeiro;11084;2021;41121;Água Filtrada;11084
Indicador  4.a.1;2;100.0;33;Rio de Janeiro;11084;2022;41115;Total;11084
Indicador  4.a.1;2;100.0;33;Rio de Janeiro;11084;2022;41116;Acesso à eletricidade;11084
Indicador  4.a.1;2;40.0;33;Rio de Janeiro;11084;2022;41117;Acesso à internet;11084
Indicador  4.a.1;2;85.1;33;Rio de Janeiro;11084;2022;41118;Computador para fins pedagógicos;11084
Indicador  4.a.1;2;85.9;33;Rio de Janeiro;11084;2022;41119;Infraestrutura adaptada para alunos com deficiência;11084
Indicador  4.a.1;2;99.9;33;Rio de Janeiro;11084;2022;41120;Abastecimento de água;11084
Indicador  4.a.1;2;98.8;33;Rio de Janeiro;11084;2022;41121;Água Filtrada;11084
Indicador  4.a.1;2;100.0;35;São Paulo;11084;2018;41115;Total;11084
Indicador  4.a.1;2;100.0;35;São Paulo;11084;2018;41116;Acesso à eletricidade;11084
Indicador  4.a.1;2;-;35;São Paulo;11084;2018;41117;Acesso à internet;11084
Indicador  4.a.1;2;91.7;35;São Paulo;11084;2018;41118;Computador para fins pedagógicos;11084
Indicador  4.a.1;2;25.8;35;São Paulo;11084;2018;41119;Infraestrutura adaptada para alunos com deficiência;11084
Indicador  4.a.1;2;100.0;35;São Paulo;11084;2018;41120;Abastecimento de água;11084
Indicador  4.a.1;2;99.9;35;São Paulo;11084;2018;41121;Água Filtrada;11084
Indicador  4.a.1;2;100.0;35;São Paulo;11084;2019;41115;Total;11084
Indicador  4.a.1;2;100.0;35;São Paulo;11084;2019;41116;Acesso à eletricidade;11084
Indicador  4.a.1;2;54.2;35;São Paulo;11084;2019;41117;Acesso à internet;11084
Indicador  4.a.1;2;93.0;35;São Paulo;11084;2019;41118;Computador para fins pedagógicos;11084
Indicador  4.a.1;2;34.3;35;São Paulo;11084;2019;41119;Infraestrutura adaptada para alunos com deficiência;11084
Indicador  4.a.1;2;100.0;35;São Paulo;11084;2019;41120;Abastecimento de água;11084
Indicador  4.a.1;2;99.9;35;São Paulo;11084;2019;41121;Água Filtrada;11084
Indicador  4.a.1;2;100.0;35;São Paulo;11084;2020;41115;Total;11084
Indicador  4.a.1;2;100.0;35;São Paulo;11084;2020;41116;Acesso à eletricidade;11084
Indicador  4.a.1;2;68.1;35;São Paulo;11084;2020;41117;Acesso à internet;11084
Indicador  4.a.1;2;93.6;35;São Paulo;11084;2020;41118;Computador para fins pedagógicos;11084
Indicador  4.a.1;2;43.1;35;São Paulo;11084;2020;41119;Infraestrutura adaptada para alunos com deficiência;11084
Indicador  4.a.1;2;100.0;35;São Paulo;11084;2020;41120;Abastecimento de água;11084
Indicador  4.a.1;2;100.0;35;São Paulo;11084;2020;41121;Água Filtrada;11084
Indicador  4.a.1;2;100.0;35;São Paulo;11084;2021;41115;Total;11084
Indicador  4.a.1;2;100.0;35;São Paulo;11084;2021;41116;Acesso à eletricidade;11084
Indicador  4.a.1;2;72.5;35;São Paulo;11084;2021;41117;Acesso à internet;11084
Indicador  4.a.1;2;92.9;35;São Paulo;11084;2021;41118;Computador para fins pedagógicos;11084
Indicador  4.a.1;2;47.9;35;São Paulo;11084;2021;41119;Infraestrutura adaptada para alunos com deficiência;11084
Indicador  4.a.1;2;100.0;35;São Paulo;11084;2021;41120;Abastecimento de água;11084
Indicador  4.a.1;2;100.0;35;São Paulo;11084;2021;41121;Água Filtrada;11084
Indicador  4.a.1;2;100.0;35;São Paulo;11084;2022;41115;Total;11084
Indicador  4.a.1;2;99.7;35;São Paulo;11084;2022;41116;Acesso à eletricidade;11084
Indicador  4.a.1;2;76.5;35;São Paulo;11084;2022;41117;Acesso à internet;11084
Indicador  4.a.1;2;93.7;35;São Paulo;11084;2022;41118;Computador para fins pedagógicos;11084
Indicador  4.a.1;2;47.7;35;São Paulo;11084;2022;41119;Infraestrutura adaptada para alunos com deficiência;11084
Indicador  4.a.1;2;99.7;35;São Paulo;11084;2022;41120;Abastecimento de água;11084
Indicador  4.a.1;2;99.5;35;São Paulo;11084;2022;41121;Água Filtrada;11084
Indicador  4.a.1;2;100.0;41;Paraná;11084;2018;41115;Total;11084
Indicador  4.a.1;2;100.0;41;Paraná;11084;2018;41116;Acesso à eletricidade;11084
Indicador  4.a.1;2;-;41;Paraná;11084;2018;41117;Acesso à internet;11084
Indicador  4.a.1;2;92.4;41;Paraná;11084;2018;41118;Computador para fins pedagógicos;11084
Indicador  4.a.1;2;60.3;41;Paraná;11084;2018;41119;Infraestrutura adaptada para alunos com deficiência;11084
Indicador  4.a.1;2;100.0;41;Paraná;11084;2018;41120;Abastecimento de água;11084
Indicador  4.a.1;2;62.4;41;Paraná;11084;2018;41121;Água Filtrada;11084
Indicador  4.a.1;2;100.0;41;Paraná;11084;2019;41115;Total;11084
Indicador  4.a.1;2;99.9;41;Paraná;11084;2019;41116;Acesso à eletricidade;11084
Indicador  4.a.1;2;73.9;41;Paraná;11084;2019;41117;Acesso à internet;11084
Indicador  4.a.1;2;94.7;41;Paraná;11084;2019;41118;Computador para fins pedagógicos;11084
Indicador  4.a.1;2;89.8;41;Paraná;11084;2019;41119;Infraestrutura adaptada para alunos com deficiência;11084
Indicador  4.a.1;2;99.9;41;Paraná;11084;2019;41120;Abastecimento de água;11084
Indicador  4.a.1;2;98.1;41;Paraná;11084;2019;41121;Água Filtrada;11084
Indicador  4.a.1;2;100.0;41;Paraná;11084;2020;41115;Total;11084
Indicador  4.a.1;2;99.9;41;Paraná;11084;2020;41116;Acesso à eletricidade;11084
Indicador  4.a.1;2;76.9;41;Paraná;11084;2020;41117;Acesso à internet;11084
Indicador  4.a.1;2;96.3;41;Paraná;11084;2020;41118;Computador para fins pedagógicos;11084
Indicador  4.a.1;2;93.1;41;Paraná;11084;2020;41119;Infraestrutura adaptada para alunos com deficiência;11084
Indicador  4.a.1;2;100.0;41;Paraná;11084;2020;41120;Abastecimento de água;11084
Indicador  4.a.1;2;98.7;41;Paraná;11084;2020;41121;Água Filtrada;11084
Indicador  4.a.1;2;100.0;41;Paraná;11084;2021;41115;Total;11084
Indicador  4.a.1;2;100.0;41;Paraná;11084;2021;41116;Acesso à eletricidade;11084
Indicador  4.a.1;2;78.7;41;Paraná;11084;2021;41117;Acesso à internet;11084
Indicador  4.a.1;2;96.1;41;Paraná;11084;2021;41118;Computador para fins pedagógicos;11084
Indicador  4.a.1;2;94.4;41;Paraná;11084;2021;41119;Infraestrutura adaptada para alunos com deficiência;11084
Indicador  4.a.1;2;99.9;41;Paraná;11084;2021;41120;Abastecimento de água;11084
Indicador  4.a.1;2;99.0;41;Paraná;11084;2021;41121;Água Filtrada;11084
Indicador  4.a.1;2;100.0;41;Paraná;11084;2022;41115;Total;11084
Indicador  4.a.1;2;100.0;41;Paraná;11084;2022;41116;Acesso à eletricidade;11084
Indicador  4.a.1;2;83.2;41;Paraná;11084;2022;41117;Acesso à internet;11084
Indicador  4.a.1;2;98.3;41;Paraná;11084;2022;41118;Computador para fins pedagógicos;11084
Indicador  4.a.1;2;94.6;41;Paraná;11084;2022;41119;Infraestrutura adaptada para alunos com deficiência;11084
Indicador  4.a.1;2;99.9;41;Paraná;11084;2022;41120;Abastecimento de água;11084
Indicador  4.a.1;2;98.9;41;Paraná;11084;2022;41121;Água Filtrada;11084
Indicador  4.a.1;2;100.0;42;Santa Catarina;11084;2018;41115;Total;11084
Indicador  4.a.1;2;100.0;42;Santa Catarina;11084;2018;41116;Acesso à eletricidade;11084
Indicador  4.a.1;2;-;42;Santa Catarina;11084;2018;41117;Acesso à internet;11084
Indicador  4.a.1;2;92.6;42;Santa Catarina;11084;2018;41118;Computador para fins pedagógicos;11084
Indicador  4.a.1;2;75.2;42;Santa Catarina;11084;2018;41119;Infraestrutura adaptada para alunos com deficiência;11084
Indicador  4.a.1;2;100.0;42;Santa Catarina;11084;2018;41120;Abastecimento de água;11084
Indicador  4.a.1;2;76.1;42;Santa Catarina;11084;2018;41121;Água Filtrada;11084
Indicador  4.a.1;2;100.0;42;Santa Catarina;11084;2019;41115;Total;11084
Indicador  4.a.1;2;100.0;42;Santa Catarina;11084;2019;41116;Acesso à eletricidade;11084
Indicador  4.a.1;2;59.5;42;Santa Catarina;11084;2019;41117;Acesso à internet;11084
Indicador  4.a.1;2;90.2;42;Santa Catarina;11084;2019;41118;Computador para fins pedagógicos;11084
Indicador  4.a.1;2;91.1;42;Santa Catarina;11084;2019;41119;Infraestrutura adaptada para alunos com deficiência;11084
Indicador  4.a.1;2;100.0;42;Santa Catarina;11084;2019;41120;Abastecimento de água;11084
Indicador  4.a.1;2;98.9;42;Santa Catarina;11084;2019;41121;Água Filtrada;11084
Indicador  4.a.1;2;100.0;42;Santa Catarina;11084;2020;41115;Total;11084
Indicador  4.a.1;2;100.0;42;Santa Catarina;11084;2020;41116;Acesso à eletricidade;11084
Indicador  4.a.1;2;61.5;42;Santa Catarina;11084;2020;41117;Acesso à internet;11084
Indicador  4.a.1;2;93.9;42;Santa Catarina;11084;2020;41118;Computador para fins pedagógicos;11084
Indicador  4.a.1;2;94.7;42;Santa Catarina;11084;2020;41119;Infraestrutura adaptada para alunos com deficiência;11084
Indicador  4.a.1;2;100.0;42;Santa Catarina;11084;2020;41120;Abastecimento de água;11084
Indicador  4.a.1;2;95.7;42;Santa Catarina;11084;2020;41121;Água Filtrada;11084
Indicador  4.a.1;2;100.0;42;Santa Catarina;11084;2021;41115;Total;11084
Indicador  4.a.1;2;100.0;42;Santa Catarina;11084;2021;41116;Acesso à eletricidade;11084
Indicador  4.a.1;2;67.8;42;Santa Catarina;11084;2021;41117;Acesso à internet;11084
Indicador  4.a.1;2;93.9;42;Santa Catarina;11084;2021;41118;Computador para fins pedagógicos;11084
Indicador  4.a.1;2;96.1;42;Santa Catarina;11084;2021;41119;Infraestrutura adaptada para alunos com deficiência;11084
Indicador  4.a.1;2;99.9;42;Santa Catarina;11084;2021;41120;Abastecimento de água;11084
Indicador  4.a.1;2;96.4;42;Santa Catarina;11084;2021;41121;Água Filtrada;11084
Indicador  4.a.1;2;100.0;42;Santa Catarina;11084;2022;41115;Total;11084
Indicador  4.a.1;2;100.0;42;Santa Catarina;11084;2022;41116;Acesso à eletricidade;11084
Indicador  4.a.1;2;71.3;42;Santa Catarina;11084;2022;41117;Acesso à internet;11084
Indicador  4.a.1;2;95.4;42;Santa Catarina;11084;2022;41118;Computador para fins pedagógicos;11084
Indicador  4.a.1;2;96.2;42;Santa Catarina;11084;2022;41119;Infraestrutura adaptada para alunos com deficiência;11084
Indicador  4.a.1;2;99.8;42;Santa Catarina;11084;2022;41120;Abastecimento de água;11084
Indicador  4.a.1;2;96.5;42;Santa Catarina;11084;2022;41121;Água Filtrada;11084
Indicador  4.a.1;2;100.0;43;Rio Grande do Sul;11084;2018;41115;Total;11084
Indicador  4.a.1;2;100.0;43;Rio Grande do Sul;11084;2018;41116;Acesso à eletricidade;11084
Indicador  4.a.1;2;-;43;Rio Grande do Sul;11084;2018;41117;Acesso à internet;11084
Indicador  4.a.1;2;88.9;43;Rio Grande do Sul;11084;2018;41118;Computador para fins pedagógicos;11084
Indicador  4.a.1;2;49.2;43;Rio Grande do Sul;11084;2018;41119;Infraestrutura adaptada para alunos com deficiência;11084
Indicador  4.a.1;2;99.6;43;Rio Grande do Sul;11084;2018;41120;Abastecimento de água;11084
Indicador  4.a.1;2;27.1;43;Rio Grande do Sul;11084;2018;41121;Água Filtrada;11084
Indicador  4.a.1;2;100.0;43;Rio Grande do Sul;11084;2019;41115;Total;11084
Indicador  4.a.1;2;100.0;43;Rio Grande do Sul;11084;2019;41116;Acesso à eletricidade;11084
Indicador  4.a.1;2;59.3;43;Rio Grande do Sul;11084;2019;41117;Acesso à internet;11084
Indicador  4.a.1;2;85.6;43;Rio Grande do Sul;11084;2019;41118;Computador para fins pedagógicos;11084
Indicador  4.a.1;2;66.3;43;Rio Grande do Sul;11084;2019;41119;Infraestrutura adaptada para alunos com deficiência;11084
Indicador  4.a.1;2;99.7;43;Rio Grande do Sul;11084;2019;41120;Abastecimento de água;11084
Indicador  4.a.1;2;62.1;43;Rio Grande do Sul;11084;2019;41121;Água Filtrada;11084
Indicador  4.a.1;2;100.0;43;Rio Grande do Sul;11084;2020;41115;Total;11084
Indicador  4.a.1;2;100.0;43;Rio Grande do Sul;11084;2020;41116;Acesso à eletricidade;11084
Indicador  4.a.1;2;61.6;43;Rio Grande do Sul;11084;2020;41117;Acesso à internet;11084
Indicador  4.a.1;2;90.2;43;Rio Grande do Sul;11084;2020;41118;Computador para fins pedagógicos;11084
Indicador  4.a.1;2;70.6;43;Rio Grande do Sul;11084;2020;41119;Infraestrutura adaptada para alunos com deficiência;11084
Indicador  4.a.1;2;99.8;43;Rio Grande do Sul;11084;2020;41120;Abastecimento de água;11084
Indicador  4.a.1;2;64.4;43;Rio Grande do Sul;11084;2020;41121;Água Filtrada;11084
Indicador  4.a.1;2;100.0;43;Rio Grande do Sul;11084;2021;41115;Total;11084
Indicador  4.a.1;2;100.0;43;Rio Grande do Sul;11084;2021;41116;Acesso à eletricidade;11084
Indicador  4.a.1;2;68.3;43;Rio Grande do Sul;11084;2021;41117;Acesso à internet;11084
Indicador  4.a.1;2;92.0;43;Rio Grande do Sul;11084;2021;41118;Computador para fins pedagógicos;11084
Indicador  4.a.1;2;79.7;43;Rio Grande do Sul;11084;2021;41119;Infraestrutura adaptada para alunos com deficiência;11084
Indicador  4.a.1;2;99.9;43;Rio Grande do Sul;11084;2021;41120;Abastecimento de água;11084
Indicador  4.a.1;2;93.7;43;Rio Grande do Sul;11084;2021;41121;Água Filtrada;11084
Indicador  4.a.1;2;100.0;43;Rio Grande do Sul;11084;2022;41115;Total;11084
Indicador  4.a.1;2;100.0;43;Rio Grande do Sul;11084;2022;41116;Acesso à eletricidade;11084
Indicador  4.a.1;2;73.3;43;Rio Grande do Sul;11084;2022;41117;Acesso à internet;11084
Indicador  4.a.1;2;93.7;43;Rio Grande do Sul;11084;2022;41118;Computador para fins pedagógicos;11084
Indicador  4.a.1;2;80.6;43;Rio Grande do Sul;11084;2022;41119;Infraestrutura adaptada para alunos com deficiência;11084
Indicador  4.a.1;2;99.8;43;Rio Grande do Sul;11084;2022;41120;Abastecimento de água;11084
Indicador  4.a.1;2;97.5;43;Rio Grande do Sul;11084;2022;41121;Água Filtrada;11084
Indicador  4.a.1;2;100.0;50;Mato Grosso do Sul;11084;2018;41115;Total;11084
Indicador  4.a.1;2;100.0;50;Mato Grosso do Sul;11084;2018;41116;Acesso à eletricidade;11084
Indicador  4.a.1;2;-;50;Mato Grosso do Sul;11084;2018;41117;Acesso à internet;11084
Indicador  4.a.1;2;90.7;50;Mato Grosso do Sul;11084;2018;41118;Computador para fins pedagógicos;11084
Indicador  4.a.1;2;61.0;50;Mato Grosso do Sul;11084;2018;41119;Infraestrutura adaptada para alunos com deficiência;11084
Indicador  4.a.1;2;99.9;50;Mato Grosso do Sul;11084;2018;41120;Abastecimento de água;11084
Indicador  4.a.1;2;84.2;50;Mato Grosso do Sul;11084;2018;41121;Água Filtrada;11084
Indicador  4.a.1;2;100.0;50;Mato Grosso do Sul;11084;2019;41115;Total;11084
Indicador  4.a.1;2;100.0;50;Mato Grosso do Sul;11084;2019;41116;Acesso à eletricidade;11084
Indicador  4.a.1;2;51.0;50;Mato Grosso do Sul;11084;2019;41117;Acesso à internet;11084
Indicador  4.a.1;2;84.7;50;Mato Grosso do Sul;11084;2019;41118;Computador para fins pedagógicos;11084
Indicador  4.a.1;2;83.7;50;Mato Grosso do Sul;11084;2019;41119;Infraestrutura adaptada para alunos com deficiência;11084
Indicador  4.a.1;2;99.9;50;Mato Grosso do Sul;11084;2019;41120;Abastecimento de água;11084
Indicador  4.a.1;2;97.6;50;Mato Grosso do Sul;11084;2019;41121;Água Filtrada;11084
Indicador  4.a.1;2;100.0;50;Mato Grosso do Sul;11084;2020;41115;Total;11084
Indicador  4.a.1;2;100.0;50;Mato Grosso do Sul;11084;2020;41116;Acesso à eletricidade;11084
Indicador  4.a.1;2;56.0;50;Mato Grosso do Sul;11084;2020;41117;Acesso à internet;11084
Indicador  4.a.1;2;90.4;50;Mato Grosso do Sul;11084;2020;41118;Computador para fins pedagógicos;11084
Indicador  4.a.1;2;85.8;50;Mato Grosso do Sul;11084;2020;41119;Infraestrutura adaptada para alunos com deficiência;11084
Indicador  4.a.1;2;99.9;50;Mato Grosso do Sul;11084;2020;41120;Abastecimento de água;11084
Indicador  4.a.1;2;97.6;50;Mato Grosso do Sul;11084;2020;41121;Água Filtrada;11084
Indicador  4.a.1;2;100.0;50;Mato Grosso do Sul;11084;2021;41115;Total;11084
Indicador  4.a.1;2;100.0;50;Mato Grosso do Sul;11084;2021;41116;Acesso à eletricidade;11084
Indicador  4.a.1;2;61.3;50;Mato Grosso do Sul;11084;2021;41117;Acesso à internet;11084
Indicador  4.a.1;2;92.3;50;Mato Grosso do Sul;11084;2021;41118;Computador para fins pedagógicos;11084
Indicador  4.a.1;2;88.0;50;Mato Grosso do Sul;11084;2021;41119;Infraestrutura adaptada para alunos com deficiência;11084
Indicador  4.a.1;2;100.0;50;Mato Grosso do Sul;11084;2021;41120;Abastecimento de água;11084
Indicador  4.a.1;2;96.2;50;Mato Grosso do Sul;11084;2021;41121;Água Filtrada;11084
Indicador  4.a.1;2;100.0;50;Mato Grosso do Sul;11084;2022;41115;Total;11084
Indicador  4.a.1;2;100.0;50;Mato Grosso do Sul;11084;2022;41116;Acesso à eletricidade;11084
Indicador  4.a.1;2;64.4;50;Mato Grosso do Sul;11084;2022;41117;Acesso à internet;11084
Indicador  4.a.1;2;92.4;50;Mato Grosso do Sul;11084;2022;41118;Computador para fins pedagógicos;11084
Indicador  4.a.1;2;87.9;50;Mato Grosso do Sul;11084;2022;41119;Infraestrutura adaptada para alunos com deficiência;11084
Indicador  4.a.1;2;100.0;50;Mato Grosso do Sul;11084;2022;41120;Abastecimento de água;11084
Indicador  4.a.1;2;97.1;50;Mato Grosso do Sul;11084;2022;41121;Água Filtrada;11084
Indicador  4.a.1;2;100.0;51;Mato Grosso;11084;2018;41115;Total;11084
Indicador  4.a.1;2;98.5;51;Mato Grosso;11084;2018;41116;Acesso à eletricidade;11084
Indicador  4.a.1;2;-;51;Mato Grosso;11084;2018;41117;Acesso à internet;11084
Indicador  4.a.1;2;79.1;51;Mato Grosso;11084;2018;41118;Computador para fins pedagógicos;11084
Indicador  4.a.1;2;43.5;51;Mato Grosso;11084;2018;41119;Infraestrutura adaptada para alunos com deficiência;11084
Indicador  4.a.1;2;98.9;51;Mato Grosso;11084;2018;41120;Abastecimento de água;11084
Indicador  4.a.1;2;92.2;51;Mato Grosso;11084;2018;41121;Água Filtrada;11084
Indicador  4.a.1;2;100.0;51;Mato Grosso;11084;2019;41115;Total;11084
Indicador  4.a.1;2;98.1;51;Mato Grosso;11084;2019;41116;Acesso à eletricidade;11084
Indicador  4.a.1;2;42.3;51;Mato Grosso;11084;2019;41117;Acesso à internet;11084
Indicador  4.a.1;2;72.0;51;Mato Grosso;11084;2019;41118;Computador para fins pedagógicos;11084
Indicador  4.a.1;2;68.9;51;Mato Grosso;11084;2019;41119;Infraestrutura adaptada para alunos com deficiência;11084
Indicador  4.a.1;2;99.4;51;Mato Grosso;11084;2019;41120;Abastecimento de água;11084
Indicador  4.a.1;2;90.0;51;Mato Grosso;11084;2019;41121;Água Filtrada;11084
Indicador  4.a.1;2;100.0;51;Mato Grosso;11084;2020;41115;Total;11084
Indicador  4.a.1;2;98.3;51;Mato Grosso;11084;2020;41116;Acesso à eletricidade;11084
Indicador  4.a.1;2;43.8;51;Mato Grosso;11084;2020;41117;Acesso à internet;11084
Indicador  4.a.1;2;77.9;51;Mato Grosso;11084;2020;41118;Computador para fins pedagógicos;11084
Indicador  4.a.1;2;72.1;51;Mato Grosso;11084;2020;41119;Infraestrutura adaptada para alunos com deficiência;11084
Indicador  4.a.1;2;99.2;51;Mato Grosso;11084;2020;41120;Abastecimento de água;11084
Indicador  4.a.1;2;95.3;51;Mato Grosso;11084;2020;41121;Água Filtrada;11084
Indicador  4.a.1;2;100.0;51;Mato Grosso;11084;2021;41115;Total;11084
Indicador  4.a.1;2;99.1;51;Mato Grosso;11084;2021;41116;Acesso à eletricidade;11084
Indicador  4.a.1;2;48.9;51;Mato Grosso;11084;2021;41117;Acesso à internet;11084
Indicador  4.a.1;2;79.5;51;Mato Grosso;11084;2021;41118;Computador para fins pedagógicos;11084
Indicador  4.a.1;2;76.0;51;Mato Grosso;11084;2021;41119;Infraestrutura adaptada para alunos com deficiência;11084
Indicador  4.a.1;2;99.1;51;Mato Grosso;11084;2021;41120;Abastecimento de água;11084
Indicador  4.a.1;2;99.2;51;Mato Grosso;11084;2021;41121;Água Filtrada;11084
Indicador  4.a.1;2;100.0;51;Mato Grosso;11084;2022;41115;Total;11084
Indicador  4.a.1;2;99.0;51;Mato Grosso;11084;2022;41116;Acesso à eletricidade;11084
Indicador  4.a.1;2;56.3;51;Mato Grosso;11084;2022;41117;Acesso à internet;11084
Indicador  4.a.1;2;81.3;51;Mato Grosso;11084;2022;41118;Computador para fins pedagógicos;11084
Indicador  4.a.1;2;76.4;51;Mato Grosso;11084;2022;41119;Infraestrutura adaptada para alunos com deficiência;11084
Indicador  4.a.1;2;99.3;51;Mato Grosso;11084;2022;41120;Abastecimento de água;11084
Indicador  4.a.1;2;99.0;51;Mato Grosso;11084;2022;41121;Água Filtrada;11084
Indicador  4.a.1;2;100.0;52;Goiás;11084;2018;41115;Total;11084
Indicador  4.a.1;2;100.0;52;Goiás;11084;2018;41116;Acesso à eletricidade;11084
Indicador  4.a.1;2;-;52;Goiás;11084;2018;41117;Acesso à internet;11084
Indicador  4.a.1;2;79.0;52;Goiás;11084;2018;41118;Computador para fins pedagógicos;11084
Indicador  4.a.1;2;57.9;52;Goiás;11084;2018;41119;Infraestrutura adaptada para alunos com deficiência;11084
Indicador  4.a.1;2;100.0;52;Goiás;11084;2018;41120;Abastecimento de água;11084
Indicador  4.a.1;2;96.9;52;Goiás;11084;2018;41121;Água Filtrada;11084
Indicador  4.a.1;2;100.0;52;Goiás;11084;2019;41115;Total;11084
Indicador  4.a.1;2;100.0;52;Goiás;11084;2019;41116;Acesso à eletricidade;11084
Indicador  4.a.1;2;43.7;52;Goiás;11084;2019;41117;Acesso à internet;11084
Indicador  4.a.1;2;68.3;52;Goiás;11084;2019;41118;Computador para fins pedagógicos;11084
Indicador  4.a.1;2;87.6;52;Goiás;11084;2019;41119;Infraestrutura adaptada para alunos com deficiência;11084
Indicador  4.a.1;2;99.8;52;Goiás;11084;2019;41120;Abastecimento de água;11084
Indicador  4.a.1;2;98.2;52;Goiás;11084;2019;41121;Água Filtrada;11084
Indicador  4.a.1;2;100.0;52;Goiás;11084;2020;41115;Total;11084
Indicador  4.a.1;2;99.9;52;Goiás;11084;2020;41116;Acesso à eletricidade;11084
Indicador  4.a.1;2;46.4;52;Goiás;11084;2020;41117;Acesso à internet;11084
Indicador  4.a.1;2;72.9;52;Goiás;11084;2020;41118;Computador para fins pedagógicos;11084
Indicador  4.a.1;2;89.2;52;Goiás;11084;2020;41119;Infraestrutura adaptada para alunos com deficiência;11084
Indicador  4.a.1;2;100.0;52;Goiás;11084;2020;41120;Abastecimento de água;11084
Indicador  4.a.1;2;98.5;52;Goiás;11084;2020;41121;Água Filtrada;11084
Indicador  4.a.1;2;100.0;52;Goiás;11084;2021;41115;Total;11084
Indicador  4.a.1;2;100.0;52;Goiás;11084;2021;41116;Acesso à eletricidade;11084
Indicador  4.a.1;2;54.0;52;Goiás;11084;2021;41117;Acesso à internet;11084
Indicador  4.a.1;2;77.9;52;Goiás;11084;2021;41118;Computador para fins pedagógicos;11084
Indicador  4.a.1;2;91.1;52;Goiás;11084;2021;41119;Infraestrutura adaptada para alunos com deficiência;11084
Indicador  4.a.1;2;100.0;52;Goiás;11084;2021;41120;Abastecimento de água;11084
Indicador  4.a.1;2;99.3;52;Goiás;11084;2021;41121;Água Filtrada;11084
Indicador  4.a.1;2;100.0;52;Goiás;11084;2022;41115;Total;11084
Indicador  4.a.1;2;100.0;52;Goiás;11084;2022;41116;Acesso à eletricidade;11084
Indicador  4.a.1;2;65.4;52;Goiás;11084;2022;41117;Acesso à internet;11084
Indicador  4.a.1;2;87.1;52;Goiás;11084;2022;41118;Computador para fins pedagógicos;11084
Indicador  4.a.1;2;93.4;52;Goiás;11084;2022;41119;Infraestrutura adaptada para alunos com deficiência;11084
Indicador  4.a.1;2;100.0;52;Goiás;11084;2022;41120;Abastecimento de água;11084
Indicador  4.a.1;2;99.8;52;Goiás;11084;2022;41121;Água Filtrada;11084
Indicador  4.a.1;2;100.0;53;Distrito Federal;11084;2018;41115;Total;11084
Indicador  4.a.1;2;100.0;53;Distrito Federal;11084;2018;41116;Acesso à eletricidade;11084
Indicador  4.a.1;2;-;53;Distrito Federal;11084;2018;41117;Acesso à internet;11084
Indicador  4.a.1;2;567.0;53;Distrito Federal;11084;2018;41118;Computador para fins pedagógicos;11084
Indicador  4.a.1;2;80.0;53;Distrito Federal;11084;2018;41119;Infraestrutura adaptada para alunos com deficiência;11084
Indicador  4.a.1;2;100.0;53;Distrito Federal;11084;2018;41120;Abastecimento de água;11084
Indicador  4.a.1;2;100.0;53;Distrito Federal;11084;2018;41121;Água Filtrada;11084
Indicador  4.a.1;2;100.0;53;Distrito Federal;11084;2019;41115;Total;11084
Indicador  4.a.1;2;100.0;53;Distrito Federal;11084;2019;41116;Acesso à eletricidade;11084
Indicador  4.a.1;2;37.9;53;Distrito Federal;11084;2019;41117;Acesso à internet;11084
Indicador  4.a.1;2;458.0;53;Distrito Federal;11084;2019;41118;Computador para fins pedagógicos;11084
Indicador  4.a.1;2;91.0;53;Distrito Federal;11084;2019;41119;Infraestrutura adaptada para alunos com deficiência;11084
Indicador  4.a.1;2;100.0;53;Distrito Federal;11084;2019;41120;Abastecimento de água;11084
Indicador  4.a.1;2;99.5;53;Distrito Federal;11084;2019;41121;Água Filtrada;11084
Indicador  4.a.1;2;100.0;53;Distrito Federal;11084;2020;41115;Total;11084
Indicador  4.a.1;2;100.0;53;Distrito Federal;11084;2020;41116;Acesso à eletricidade;11084
Indicador  4.a.1;2;45.2;53;Distrito Federal;11084;2020;41117;Acesso à internet;11084
Indicador  4.a.1;2;529.0;53;Distrito Federal;11084;2020;41118;Computador para fins pedagógicos;11084
Indicador  4.a.1;2;93.5;53;Distrito Federal;11084;2020;41119;Infraestrutura adaptada para alunos com deficiência;11084
Indicador  4.a.1;2;100.0;53;Distrito Federal;11084;2020;41120;Abastecimento de água;11084
Indicador  4.a.1;2;100.0;53;Distrito Federal;11084;2020;41121;Água Filtrada;11084
Indicador  4.a.1;2;100.0;53;Distrito Federal;11084;2021;41115;Total;11084
Indicador  4.a.1;2;100.0;53;Distrito Federal;11084;2021;41116;Acesso à eletricidade;11084
Indicador  4.a.1;2;49.4;53;Distrito Federal;11084;2021;41117;Acesso à internet;11084
Indicador  4.a.1;2;550.0;53;Distrito Federal;11084;2021;41118;Computador para fins pedagógicos;11084
Indicador  4.a.1;2;94.9;53;Distrito Federal;11084;2021;41119;Infraestrutura adaptada para alunos com deficiência;11084
Indicador  4.a.1;2;100.0;53;Distrito Federal;11084;2021;41120;Abastecimento de água;11084
Indicador  4.a.1;2;99.8;53;Distrito Federal;11084;2021;41121;Água Filtrada;11084
Indicador  4.a.1;2;100.0;53;Distrito Federal;11084;2022;41115;Total;11084
Indicador  4.a.1;2;100.0;53;Distrito Federal;11084;2022;41116;Acesso à eletricidade;11084
Indicador  4.a.1;2;50.3;53;Distrito Federal;11084;2022;41117;Acesso à internet;11084
Indicador  4.a.1;2;562.0;53;Distrito Federal;11084;2022;41118;Computador para fins pedagógicos;11084
Indicador  4.a.1;2;95.2;53;Distrito Federal;11084;2022;41119;Infraestrutura adaptada para alunos com deficiência;11084
Indicador  4.a.1;2;100.0;53;Distrito Federal;11084;2022;41120;Abastecimento de água;11084
Indicador  4.a.1;2;99.8;53;Distrito Federal;11084;2022;41121;Água Filtrada;11084
Indicador  4.a.1;2;100.0;1;Brasil;11086;2018;41115;Total;11086
Indicador  4.a.1;2;99.8;1;Brasil;11086;2018;41116;Acesso à eletricidade;11086
Indicador  4.a.1;2;-;1;Brasil;11086;2018;41117;Acesso à internet;11086
Indicador  4.a.1;2;87.6;1;Brasil;11086;2018;41118;Computador para fins pedagógicos;11086
Indicador  4.a.1;2;46.8;1;Brasil;11086;2018;41119;Infraestrutura adaptada para alunos com deficiência;11086
Indicador  4.a.1;2;99.6;1;Brasil;11086;2018;41120;Abastecimento de água;11086
Indicador  4.a.1;2;89.1;1;Brasil;11086;2018;41121;Água Filtrada;11086
Indicador  4.a.1;2;100.0;1;Brasil;11086;2019;41115;Total;11086
Indicador  4.a.1;2;99.7;1;Brasil;11086;2019;41116;Acesso à eletricidade;11086
Indicador  4.a.1;2;52.5;1;Brasil;11086;2019;41117;Acesso à internet;11086
Indicador  4.a.1;2;82.9;1;Brasil;11086;2019;41118;Computador para fins pedagógicos;11086
Indicador  4.a.1;2;67.4;1;Brasil;11086;2019;41119;Infraestrutura adaptada para alunos com deficiência;11086
Indicador  4.a.1;2;99.6;1;Brasil;11086;2019;41120;Abastecimento de água;11086
Indicador  4.a.1;2;94.2;1;Brasil;11086;2019;41121;Água Filtrada;11086
Indicador  4.a.1;2;100.0;1;Brasil;11086;2020;41115;Total;11086
Indicador  4.a.1;2;99.7;1;Brasil;11086;2020;41116;Acesso à eletricidade;11086
Indicador  4.a.1;2;58.4;1;Brasil;11086;2020;41117;Acesso à internet;11086
Indicador  4.a.1;2;86.0;1;Brasil;11086;2020;41118;Computador para fins pedagógicos;11086
Indicador  4.a.1;2;70.7;1;Brasil;11086;2020;41119;Infraestrutura adaptada para alunos com deficiência;11086
Indicador  4.a.1;2;99.6;1;Brasil;11086;2020;41120;Abastecimento de água;11086
Indicador  4.a.1;2;94.3;1;Brasil;11086;2020;41121;Água Filtrada;11086
Indicador  4.a.1;2;100.0;1;Brasil;11086;2021;41115;Total;11086
Indicador  4.a.1;2;99.7;1;Brasil;11086;2021;41116;Acesso à eletricidade;11086
Indicador  4.a.1;2;62.4;1;Brasil;11086;2021;41117;Acesso à internet;11086
Indicador  4.a.1;2;86.7;1;Brasil;11086;2021;41118;Computador para fins pedagógicos;11086
Indicador  4.a.1;2;74.1;1;Brasil;11086;2021;41119;Infraestrutura adaptada para alunos com deficiência;11086
Indicador  4.a.1;2;99.6;1;Brasil;11086;2021;41120;Abastecimento de água;11086
Indicador  4.a.1;2;97.2;1;Brasil;11086;2021;41121;Água Filtrada;11086
Indicador  4.a.1;2;100.0;1;Brasil;11086;2022;41115;Total;11086
Indicador  4.a.1;2;99.6;1;Brasil;11086;2022;41116;Acesso à eletricidade;11086
Indicador  4.a.1;2;66.3;1;Brasil;11086;2022;41117;Acesso à internet;11086
Indicador  4.a.1;2;90.4;1;Brasil;11086;2022;41118;Computador para fins pedagógicos;11086
Indicador  4.a.1;2;75.8;1;Brasil;11086;2022;41119;Infraestrutura adaptada para alunos com deficiência;11086
Indicador  4.a.1;2;99.5;1;Brasil;11086;2022;41120;Abastecimento de água;11086
Indicador  4.a.1;2;97.6;1;Brasil;11086;2022;41121;Água Filtrada;11086
Indicador  4.a.1;2;100.0;11;Rondônia;11086;2018;41115;Total;11086
Indicador  4.a.1;2;100.0;11;Rondônia;11086;2018;41116;Acesso à eletricidade;11086
Indicador  4.a.1;2;-;11;Rondônia;11086;2018;41117;Acesso à internet;11086
Indicador  4.a.1;2;87.3;11;Rondônia;11086;2018;41118;Computador para fins pedagógicos;11086
Indicador  4.a.1;2;61.9;11;Rondônia;11086;2018;41119;Infraestrutura adaptada para alunos com deficiência;11086
Indicador  4.a.1;2;99.6;11;Rondônia;11086;2018;41120;Abastecimento de água;11086
Indicador  4.a.1;2;98.8;11;Rondônia;11086;2018;41121;Água Filtrada;11086
Indicador  4.a.1;2;100.0;11;Rondônia;11086;2019;41115;Total;11086
Indicador  4.a.1;2;99.6;11;Rondônia;11086;2019;41116;Acesso à eletricidade;11086
Indicador  4.a.1;2;50.6;11;Rondônia;11086;2019;41117;Acesso à internet;11086
Indicador  4.a.1;2;84.9;11;Rondônia;11086;2019;41118;Computador para fins pedagógicos;11086
Indicador  4.a.1;2;81.2;11;Rondônia;11086;2019;41119;Infraestrutura adaptada para alunos com deficiência;11086
Indicador  4.a.1;2;99.2;11;Rondônia;11086;2019;41120;Abastecimento de água;11086
Indicador  4.a.1;2;98.4;11;Rondônia;11086;2019;41121;Água Filtrada;11086
Indicador  4.a.1;2;100.0;11;Rondônia;11086;2020;41115;Total;11086
Indicador  4.a.1;2;100.0;11;Rondônia;11086;2020;41116;Acesso à eletricidade;11086
Indicador  4.a.1;2;56.9;11;Rondônia;11086;2020;41117;Acesso à internet;11086
Indicador  4.a.1;2;89.0;11;Rondônia;11086;2020;41118;Computador para fins pedagógicos;11086
Indicador  4.a.1;2;83.3;11;Rondônia;11086;2020;41119;Infraestrutura adaptada para alunos com deficiência;11086
Indicador  4.a.1;2;99.2;11;Rondônia;11086;2020;41120;Abastecimento de água;11086
Indicador  4.a.1;2;98.8;11;Rondônia;11086;2020;41121;Água Filtrada;11086
Indicador  4.a.1;2;100.0;11;Rondônia;11086;2021;41115;Total;11086
Indicador  4.a.1;2;98.8;11;Rondônia;11086;2021;41116;Acesso à eletricidade;11086
Indicador  4.a.1;2;63.9;11;Rondônia;11086;2021;41117;Acesso à internet;11086
Indicador  4.a.1;2;92.8;11;Rondônia;11086;2021;41118;Computador para fins pedagógicos;11086
Indicador  4.a.1;2;84.7;11;Rondônia;11086;2021;41119;Infraestrutura adaptada para alunos com deficiência;11086
Indicador  4.a.1;2;99.6;11;Rondônia;11086;2021;41120;Abastecimento de água;11086
Indicador  4.a.1;2;98.0;11;Rondônia;11086;2021;41121;Água Filtrada;11086
Indicador  4.a.1;2;100.0;11;Rondônia;11086;2022;41115;Total;11086
Indicador  4.a.1;2;100.0;11;Rondônia;11086;2022;41116;Acesso à eletricidade;11086
Indicador  4.a.1;2;70.2;11;Rondônia;11086;2022;41117;Acesso à internet;11086
Indicador  4.a.1;2;91.9;11;Rondônia;11086;2022;41118;Computador para fins pedagógicos;11086
Indicador  4.a.1;2;84.7;11;Rondônia;11086;2022;41119;Infraestrutura adaptada para alunos com deficiência;11086
Indicador  4.a.1;2;99.6;11;Rondônia;11086;2022;41120;Abastecimento de água;11086
Indicador  4.a.1;2;98.0;11;Rondônia;11086;2022;41121;Água Filtrada;11086
Indicador  4.a.1;2;100.0;12;Acre;11086;2018;41115;Total;11086
Indicador  4.a.1;2;82.8;12;Acre;11086;2018;41116;Acesso à eletricidade;11086
Indicador  4.a.1;2;-;12;Acre;11086;2018;41117;Acesso à internet;11086
Indicador  4.a.1;2;39.2;12;Acre;11086;2018;41118;Computador para fins pedagógicos;11086
Indicador  4.a.1;2;26.4;12;Acre;11086;2018;41119;Infraestrutura adaptada para alunos com deficiência;11086
Indicador  4.a.1;2;79.7;12;Acre;11086;2018;41120;Abastecimento de água;11086
Indicador  4.a.1;2;74.0;12;Acre;11086;2018;41121;Água Filtrada;11086
Indicador  4.a.1;2;100.0;12;Acre;11086;2019;41115;Total;11086
Indicador  4.a.1;2;80.2;12;Acre;11086;2019;41116;Acesso à eletricidade;11086
Indicador  4.a.1;2;14.0;12;Acre;11086;2019;41117;Acesso à internet;11086
Indicador  4.a.1;2;35.1;12;Acre;11086;2019;41118;Computador para fins pedagógicos;11086
Indicador  4.a.1;2;45.0;12;Acre;11086;2019;41119;Infraestrutura adaptada para alunos com deficiência;11086
Indicador  4.a.1;2;85.5;12;Acre;11086;2019;41120;Abastecimento de água;11086
Indicador  4.a.1;2;72.3;12;Acre;11086;2019;41121;Água Filtrada;11086
Indicador  4.a.1;2;100.0;12;Acre;11086;2020;41115;Total;11086
Indicador  4.a.1;2;79.0;12;Acre;11086;2020;41116;Acesso à eletricidade;11086
Indicador  4.a.1;2;15.0;12;Acre;11086;2020;41117;Acesso à internet;11086
Indicador  4.a.1;2;38.9;12;Acre;11086;2020;41118;Computador para fins pedagógicos;11086
Indicador  4.a.1;2;45.8;12;Acre;11086;2020;41119;Infraestrutura adaptada para alunos com deficiência;11086
Indicador  4.a.1;2;83.4;12;Acre;11086;2020;41120;Abastecimento de água;11086
Indicador  4.a.1;2;73.3;12;Acre;11086;2020;41121;Água Filtrada;11086
Indicador  4.a.1;2;100.0;12;Acre;11086;2021;41115;Total;11086
Indicador  4.a.1;2;77.7;12;Acre;11086;2021;41116;Acesso à eletricidade;11086
Indicador  4.a.1;2;17.6;12;Acre;11086;2021;41117;Acesso à internet;11086
Indicador  4.a.1;2;42.4;12;Acre;11086;2021;41118;Computador para fins pedagógicos;11086
Indicador  4.a.1;2;48.2;12;Acre;11086;2021;41119;Infraestrutura adaptada para alunos com deficiência;11086
Indicador  4.a.1;2;82.0;12;Acre;11086;2021;41120;Abastecimento de água;11086
Indicador  4.a.1;2;72.2;12;Acre;11086;2021;41121;Água Filtrada;11086
Indicador  4.a.1;2;100.0;12;Acre;11086;2022;41115;Total;11086
Indicador  4.a.1;2;73.4;12;Acre;11086;2022;41116;Acesso à eletricidade;11086
Indicador  4.a.1;2;20.9;12;Acre;11086;2022;41117;Acesso à internet;11086
Indicador  4.a.1;2;42.1;12;Acre;11086;2022;41118;Computador para fins pedagógicos;11086
Indicador  4.a.1;2;48.9;12;Acre;11086;2022;41119;Infraestrutura adaptada para alunos com deficiência;11086
Indicador  4.a.1;2;79.1;12;Acre;11086;2022;41120;Abastecimento de água;11086
Indicador  4.a.1;2;73.0;12;Acre;11086;2022;41121;Água Filtrada;11086
Indicador  4.a.1;2;100.0;13;Amazonas;11086;2018;41115;Total;11086
Indicador  4.a.1;2;99.4;13;Amazonas;11086;2018;41116;Acesso à eletricidade;11086
Indicador  4.a.1;2;-;13;Amazonas;11086;2018;41117;Acesso à internet;11086
Indicador  4.a.1;2;84.3;13;Amazonas;11086;2018;41118;Computador para fins pedagógicos;11086
Indicador  4.a.1;2;24.0;13;Amazonas;11086;2018;41119;Infraestrutura adaptada para alunos com deficiência;11086
Indicador  4.a.1;2;99.2;13;Amazonas;11086;2018;41120;Abastecimento de água;11086
Indicador  4.a.1;2;96.0;13;Amazonas;11086;2018;41121;Água Filtrada;11086
Indicador  4.a.1;2;100.0;13;Amazonas;11086;2019;41115;Total;11086
Indicador  4.a.1;2;99.4;13;Amazonas;11086;2019;41116;Acesso à eletricidade;11086
Indicador  4.a.1;2;28.5;13;Amazonas;11086;2019;41117;Acesso à internet;11086
Indicador  4.a.1;2;79.0;13;Amazonas;11086;2019;41118;Computador para fins pedagógicos;11086
Indicador  4.a.1;2;44.9;13;Amazonas;11086;2019;41119;Infraestrutura adaptada para alunos com deficiência;11086
Indicador  4.a.1;2;99.6;13;Amazonas;11086;2019;41120;Abastecimento de água;11086
Indicador  4.a.1;2;94.8;13;Amazonas;11086;2019;41121;Água Filtrada;11086
Indicador  4.a.1;2;100.0;13;Amazonas;11086;2020;41115;Total;11086
Indicador  4.a.1;2;99.0;13;Amazonas;11086;2020;41116;Acesso à eletricidade;11086
Indicador  4.a.1;2;29.0;13;Amazonas;11086;2020;41117;Acesso à internet;11086
Indicador  4.a.1;2;84.7;13;Amazonas;11086;2020;41118;Computador para fins pedagógicos;11086
Indicador  4.a.1;2;53.1;13;Amazonas;11086;2020;41119;Infraestrutura adaptada para alunos com deficiência;11086
Indicador  4.a.1;2;99.8;13;Amazonas;11086;2020;41120;Abastecimento de água;11086
Indicador  4.a.1;2;95.6;13;Amazonas;11086;2020;41121;Água Filtrada;11086
Indicador  4.a.1;2;100.0;13;Amazonas;11086;2021;41115;Total;11086
Indicador  4.a.1;2;99.0;13;Amazonas;11086;2021;41116;Acesso à eletricidade;11086
Indicador  4.a.1;2;31.4;13;Amazonas;11086;2021;41117;Acesso à internet;11086
Indicador  4.a.1;2;82.6;13;Amazonas;11086;2021;41118;Computador para fins pedagógicos;11086
Indicador  4.a.1;2;56.7;13;Amazonas;11086;2021;41119;Infraestrutura adaptada para alunos com deficiência;11086
Indicador  4.a.1;2;99.4;13;Amazonas;11086;2021;41120;Abastecimento de água;11086
Indicador  4.a.1;2;94.5;13;Amazonas;11086;2021;41121;Água Filtrada;11086
Indicador  4.a.1;2;100.0;13;Amazonas;11086;2022;41115;Total;11086
Indicador  4.a.1;2;99.4;13;Amazonas;11086;2022;41116;Acesso à eletricidade;11086
Indicador  4.a.1;2;29.9;13;Amazonas;11086;2022;41117;Acesso à internet;11086
Indicador  4.a.1;2;80.0;13;Amazonas;11086;2022;41118;Computador para fins pedagógicos;11086
Indicador  4.a.1;2;56.9;13;Amazonas;11086;2022;41119;Infraestrutura adaptada para alunos com deficiência;11086
Indicador  4.a.1;2;99.6;13;Amazonas;11086;2022;41120;Abastecimento de água;11086
Indicador  4.a.1;2;97.4;13;Amazonas;11086;2022;41121;Água Filtrada;11086
Indicador  4.a.1;2;100.0;14;Roraima;11086;2018;41115;Total;11086
Indicador  4.a.1;2;96.3;14;Roraima;11086;2018;41116;Acesso à eletricidade;11086
Indicador  4.a.1;2;-;14;Roraima;11086;2018;41117;Acesso à internet;11086
Indicador  4.a.1;2;57.4;14;Roraima;11086;2018;41118;Computador para fins pedagógicos;11086
Indicador  4.a.1;2;21.6;14;Roraima;11086;2018;41119;Infraestrutura adaptada para alunos com deficiência;11086
Indicador  4.a.1;2;99.4;14;Roraima;11086;2018;41120;Abastecimento de água;11086
Indicador  4.a.1;2;58.0;14;Roraima;11086;2018;41121;Água Filtrada;11086
Indicador  4.a.1;2;100.0;14;Roraima;11086;2019;41115;Total;11086
Indicador  4.a.1;2;94.6;14;Roraima;11086;2019;41116;Acesso à eletricidade;11086
Indicador  4.a.1;2;25.0;14;Roraima;11086;2019;41117;Acesso à internet;11086
Indicador  4.a.1;2;56.6;14;Roraima;11086;2019;41118;Computador para fins pedagógicos;11086
Indicador  4.a.1;2;47.0;14;Roraima;11086;2019;41119;Infraestrutura adaptada para alunos com deficiência;11086
Indicador  4.a.1;2;100.0;14;Roraima;11086;2019;41120;Abastecimento de água;11086
Indicador  4.a.1;2;63.7;14;Roraima;11086;2019;41121;Água Filtrada;11086
Indicador  4.a.1;2;100.0;14;Roraima;11086;2020;41115;Total;11086
Indicador  4.a.1;2;95.8;14;Roraima;11086;2020;41116;Acesso à eletricidade;11086
Indicador  4.a.1;2;35.1;14;Roraima;11086;2020;41117;Acesso à internet;11086
Indicador  4.a.1;2;67.9;14;Roraima;11086;2020;41118;Computador para fins pedagógicos;11086
Indicador  4.a.1;2;51.8;14;Roraima;11086;2020;41119;Infraestrutura adaptada para alunos com deficiência;11086
Indicador  4.a.1;2;100.0;14;Roraima;11086;2020;41120;Abastecimento de água;11086
Indicador  4.a.1;2;66.1;14;Roraima;11086;2020;41121;Água Filtrada;11086
Indicador  4.a.1;2;100.0;14;Roraima;11086;2021;41115;Total;11086
Indicador  4.a.1;2;96.4;14;Roraima;11086;2021;41116;Acesso à eletricidade;11086
Indicador  4.a.1;2;40.5;14;Roraima;11086;2021;41117;Acesso à internet;11086
Indicador  4.a.1;2;66.1;14;Roraima;11086;2021;41118;Computador para fins pedagógicos;11086
Indicador  4.a.1;2;56.6;14;Roraima;11086;2021;41119;Infraestrutura adaptada para alunos com deficiência;11086
Indicador  4.a.1;2;99.4;14;Roraima;11086;2021;41120;Abastecimento de água;11086
Indicador  4.a.1;2;67.9;14;Roraima;11086;2021;41121;Água Filtrada;11086
Indicador  4.a.1;2;100.0;14;Roraima;11086;2022;41115;Total;11086
Indicador  4.a.1;2;95.4;14;Roraima;11086;2022;41116;Acesso à eletricidade;11086
Indicador  4.a.1;2;39.3;14;Roraima;11086;2022;41117;Acesso à internet;11086
Indicador  4.a.1;2;69.4;14;Roraima;11086;2022;41118;Computador para fins pedagógicos;11086
Indicador  4.a.1;2;61.3;14;Roraima;11086;2022;41119;Infraestrutura adaptada para alunos com deficiência;11086
Indicador  4.a.1;2;100.0;14;Roraima;11086;2022;41120;Abastecimento de água;11086
Indicador  4.a.1;2;69.9;14;Roraima;11086;2022;41121;Água Filtrada;11086
Indicador  4.a.1;2;100.0;15;Pará;11086;2018;41115;Total;11086
Indicador  4.a.1;2;100.0;15;Pará;11086;2018;41116;Acesso à eletricidade;11086
Indicador  4.a.1;2;-;15;Pará;11086;2018;41117;Acesso à internet;11086
Indicador  4.a.1;2;67.0;15;Pará;11086;2018;41118;Computador para fins pedagógicos;11086
Indicador  4.a.1;2;48.6;15;Pará;11086;2018;41119;Infraestrutura adaptada para alunos com deficiência;11086
Indicador  4.a.1;2;99.5;15;Pará;11086;2018;41120;Abastecimento de água;11086
Indicador  4.a.1;2;90.5;15;Pará;11086;2018;41121;Água Filtrada;11086
Indicador  4.a.1;2;100.0;15;Pará;11086;2019;41115;Total;11086
Indicador  4.a.1;2;99.7;15;Pará;11086;2019;41116;Acesso à eletricidade;11086
Indicador  4.a.1;2;19.6;15;Pará;11086;2019;41117;Acesso à internet;11086
Indicador  4.a.1;2;66.3;15;Pará;11086;2019;41118;Computador para fins pedagógicos;11086
Indicador  4.a.1;2;71.4;15;Pará;11086;2019;41119;Infraestrutura adaptada para alunos com deficiência;11086
Indicador  4.a.1;2;99.8;15;Pará;11086;2019;41120;Abastecimento de água;11086
Indicador  4.a.1;2;96.5;15;Pará;11086;2019;41121;Água Filtrada;11086
Indicador  4.a.1;2;100.0;15;Pará;11086;2020;41115;Total;11086
Indicador  4.a.1;2;100.0;15;Pará;11086;2020;41116;Acesso à eletricidade;11086
Indicador  4.a.1;2;27.4;15;Pará;11086;2020;41117;Acesso à internet;11086
Indicador  4.a.1;2;76.3;15;Pará;11086;2020;41118;Computador para fins pedagógicos;11086
Indicador  4.a.1;2;78.3;15;Pará;11086;2020;41119;Infraestrutura adaptada para alunos com deficiência;11086
Indicador  4.a.1;2;99.7;15;Pará;11086;2020;41120;Abastecimento de água;11086
Indicador  4.a.1;2;96.9;15;Pará;11086;2020;41121;Água Filtrada;11086
Indicador  4.a.1;2;100.0;15;Pará;11086;2021;41115;Total;11086
Indicador  4.a.1;2;100.0;15;Pará;11086;2021;41116;Acesso à eletricidade;11086
Indicador  4.a.1;2;22.5;15;Pará;11086;2021;41117;Acesso à internet;11086
Indicador  4.a.1;2;71.3;15;Pará;11086;2021;41118;Computador para fins pedagógicos;11086
Indicador  4.a.1;2;80.6;15;Pará;11086;2021;41119;Infraestrutura adaptada para alunos com deficiência;11086
Indicador  4.a.1;2;99.5;15;Pará;11086;2021;41120;Abastecimento de água;11086
Indicador  4.a.1;2;97.3;15;Pará;11086;2021;41121;Água Filtrada;11086
Indicador  4.a.1;2;100.0;15;Pará;11086;2022;41115;Total;11086
Indicador  4.a.1;2;100.0;15;Pará;11086;2022;41116;Acesso à eletricidade;11086
Indicador  4.a.1;2;23.0;15;Pará;11086;2022;41117;Acesso à internet;11086
Indicador  4.a.1;2;55.4;15;Pará;11086;2022;41118;Computador para fins pedagógicos;11086
Indicador  4.a.1;2;81.4;15;Pará;11086;2022;41119;Infraestrutura adaptada para alunos com deficiência;11086
Indicador  4.a.1;2;99.3;15;Pará;11086;2022;41120;Abastecimento de água;11086
Indicador  4.a.1;2;97.3;15;Pará;11086;2022;41121;Água Filtrada;11086
Indicador  4.a.1;2;100.0;16;Amapá;11086;2018;41115;Total;11086
Indicador  4.a.1;2;99.3;16;Amapá;11086;2018;41116;Acesso à eletricidade;11086
Indicador  4.a.1;2;-;16;Amapá;11086;2018;41117;Acesso à internet;11086
Indicador  4.a.1;2;67.4;16;Amapá;11086;2018;41118;Computador para fins pedagógicos;11086
Indicador  4.a.1;2;44.0;16;Amapá;11086;2018;41119;Infraestrutura adaptada para alunos com deficiência;11086
Indicador  4.a.1;2;99.3;16;Amapá;11086;2018;41120;Abastecimento de água;11086
Indicador  4.a.1;2;85.1;16;Amapá;11086;2018;41121;Água Filtrada;11086
Indicador  4.a.1;2;100.0;16;Amapá;11086;2019;41115;Total;11086
Indicador  4.a.1;2;97.2;16;Amapá;11086;2019;41116;Acesso à eletricidade;11086
Indicador  4.a.1;2;26.2;16;Amapá;11086;2019;41117;Acesso à internet;11086
Indicador  4.a.1;2;54.5;16;Amapá;11086;2019;41118;Computador para fins pedagógicos;11086
Indicador  4.a.1;2;60.0;16;Amapá;11086;2019;41119;Infraestrutura adaptada para alunos com deficiência;11086
Indicador  4.a.1;2;99.3;16;Amapá;11086;2019;41120;Abastecimento de água;11086
Indicador  4.a.1;2;92.4;16;Amapá;11086;2019;41121;Água Filtrada;11086
Indicador  4.a.1;2;100.0;16;Amapá;11086;2020;41115;Total;11086
Indicador  4.a.1;2;97.4;16;Amapá;11086;2020;41116;Acesso à eletricidade;11086
Indicador  4.a.1;2;30.3;16;Amapá;11086;2020;41117;Acesso à internet;11086
Indicador  4.a.1;2;63.2;16;Amapá;11086;2020;41118;Computador para fins pedagógicos;11086
Indicador  4.a.1;2;67.1;16;Amapá;11086;2020;41119;Infraestrutura adaptada para alunos com deficiência;11086
Indicador  4.a.1;2;99.3;16;Amapá;11086;2020;41120;Abastecimento de água;11086
Indicador  4.a.1;2;91.5;16;Amapá;11086;2020;41121;Água Filtrada;11086
Indicador  4.a.1;2;100.0;16;Amapá;11086;2021;41115;Total;11086
Indicador  4.a.1;2;97.4;16;Amapá;11086;2021;41116;Acesso à eletricidade;11086
Indicador  4.a.1;2;33.3;16;Amapá;11086;2021;41117;Acesso à internet;11086
Indicador  4.a.1;2;61.4;16;Amapá;11086;2021;41118;Computador para fins pedagógicos;11086
Indicador  4.a.1;2;69.3;16;Amapá;11086;2021;41119;Infraestrutura adaptada para alunos com deficiência;11086
Indicador  4.a.1;2;98.7;16;Amapá;11086;2021;41120;Abastecimento de água;11086
Indicador  4.a.1;2;93.5;16;Amapá;11086;2021;41121;Água Filtrada;11086
Indicador  4.a.1;2;100.0;16;Amapá;11086;2022;41115;Total;11086
Indicador  4.a.1;2;97.5;16;Amapá;11086;2022;41116;Acesso à eletricidade;11086
Indicador  4.a.1;2;31.4;16;Amapá;11086;2022;41117;Acesso à internet;11086
Indicador  4.a.1;2;63.5;16;Amapá;11086;2022;41118;Computador para fins pedagógicos;11086
Indicador  4.a.1;2;72.3;16;Amapá;11086;2022;41119;Infraestrutura adaptada para alunos com deficiência;11086
Indicador  4.a.1;2;97.5;16;Amapá;11086;2022;41120;Abastecimento de água;11086
Indicador  4.a.1;2;94.3;16;Amapá;11086;2022;41121;Água Filtrada;11086
Indicador  4.a.1;2;100.0;17;Tocantins;11086;2018;41115;Total;11086
Indicador  4.a.1;2;99.4;17;Tocantins;11086;2018;41116;Acesso à eletricidade;11086
Indicador  4.a.1;2;-;17;Tocantins;11086;2018;41117;Acesso à internet;11086
Indicador  4.a.1;2;68.0;17;Tocantins;11086;2018;41118;Computador para fins pedagógicos;11086
Indicador  4.a.1;2;52.5;17;Tocantins;11086;2018;41119;Infraestrutura adaptada para alunos com deficiência;11086
Indicador  4.a.1;2;100.0;17;Tocantins;11086;2018;41120;Abastecimento de água;11086
Indicador  4.a.1;2;98.8;17;Tocantins;11086;2018;41121;Água Filtrada;11086
Indicador  4.a.1;2;100.0;17;Tocantins;11086;2019;41115;Total;11086
Indicador  4.a.1;2;99.1;17;Tocantins;11086;2019;41116;Acesso à eletricidade;11086
Indicador  4.a.1;2;50.0;17;Tocantins;11086;2019;41117;Acesso à internet;11086
Indicador  4.a.1;2;65.6;17;Tocantins;11086;2019;41118;Computador para fins pedagógicos;11086
Indicador  4.a.1;2;78.8;17;Tocantins;11086;2019;41119;Infraestrutura adaptada para alunos com deficiência;11086
Indicador  4.a.1;2;100.0;17;Tocantins;11086;2019;41120;Abastecimento de água;11086
Indicador  4.a.1;2;93.5;17;Tocantins;11086;2019;41121;Água Filtrada;11086
Indicador  4.a.1;2;100.0;17;Tocantins;11086;2020;41115;Total;11086
Indicador  4.a.1;2;99.1;17;Tocantins;11086;2020;41116;Acesso à eletricidade;11086
Indicador  4.a.1;2;55.1;17;Tocantins;11086;2020;41117;Acesso à internet;11086
Indicador  4.a.1;2;70.6;17;Tocantins;11086;2020;41118;Computador para fins pedagógicos;11086
Indicador  4.a.1;2;81.6;17;Tocantins;11086;2020;41119;Infraestrutura adaptada para alunos com deficiência;11086
Indicador  4.a.1;2;100.0;17;Tocantins;11086;2020;41120;Abastecimento de água;11086
Indicador  4.a.1;2;95.0;17;Tocantins;11086;2020;41121;Água Filtrada;11086
Indicador  4.a.1;2;100.0;17;Tocantins;11086;2021;41115;Total;11086
Indicador  4.a.1;2;99.1;17;Tocantins;11086;2021;41116;Acesso à eletricidade;11086
Indicador  4.a.1;2;59.9;17;Tocantins;11086;2021;41117;Acesso à internet;11086
Indicador  4.a.1;2;71.5;17;Tocantins;11086;2021;41118;Computador para fins pedagógicos;11086
Indicador  4.a.1;2;84.7;17;Tocantins;11086;2021;41119;Infraestrutura adaptada para alunos com deficiência;11086
Indicador  4.a.1;2;100.0;17;Tocantins;11086;2021;41120;Abastecimento de água;11086
Indicador  4.a.1;2;95.7;17;Tocantins;11086;2021;41121;Água Filtrada;11086
Indicador  4.a.1;2;100.0;17;Tocantins;11086;2022;41115;Total;11086
Indicador  4.a.1;2;99.2;17;Tocantins;11086;2022;41116;Acesso à eletricidade;11086
Indicador  4.a.1;2;66.2;17;Tocantins;11086;2022;41117;Acesso à internet;11086
Indicador  4.a.1;2;66.2;17;Tocantins;11086;2022;41118;Computador para fins pedagógicos;11086
Indicador  4.a.1;2;85.1;17;Tocantins;11086;2022;41119;Infraestrutura adaptada para alunos com deficiência;11086
Indicador  4.a.1;2;100.0;17;Tocantins;11086;2022;41120;Abastecimento de água;11086
Indicador  4.a.1;2;95.8;17;Tocantins;11086;2022;41121;Água Filtrada;11086
Indicador  4.a.1;2;100.0;21;Maranhão;11086;2018;41115;Total;11086
Indicador  4.a.1;2;100.0;21;Maranhão;11086;2018;41116;Acesso à eletricidade;11086
Indicador  4.a.1;2;-;21;Maranhão;11086;2018;41117;Acesso à internet;11086
Indicador  4.a.1;2;59.5;21;Maranhão;11086;2018;41118;Computador para fins pedagógicos;11086
Indicador  4.a.1;2;40.3;21;Maranhão;11086;2018;41119;Infraestrutura adaptada para alunos com deficiência;11086
Indicador  4.a.1;2;99.5;21;Maranhão;11086;2018;41120;Abastecimento de água;11086
Indicador  4.a.1;2;95.6;21;Maranhão;11086;2018;41121;Água Filtrada;11086
Indicador  4.a.1;2;100.0;21;Maranhão;11086;2019;41115;Total;11086
Indicador  4.a.1;2;100.0;21;Maranhão;11086;2019;41116;Acesso à eletricidade;11086
Indicador  4.a.1;2;20.1;21;Maranhão;11086;2019;41117;Acesso à internet;11086
Indicador  4.a.1;2;50.7;21;Maranhão;11086;2019;41118;Computador para fins pedagógicos;11086
Indicador  4.a.1;2;69.3;21;Maranhão;11086;2019;41119;Infraestrutura adaptada para alunos com deficiência;11086
Indicador  4.a.1;2;99.5;21;Maranhão;11086;2019;41120;Abastecimento de água;11086
Indicador  4.a.1;2;92.3;21;Maranhão;11086;2019;41121;Água Filtrada;11086
Indicador  4.a.1;2;100.0;21;Maranhão;11086;2020;41115;Total;11086
Indicador  4.a.1;2;99.9;21;Maranhão;11086;2020;41116;Acesso à eletricidade;11086
Indicador  4.a.1;2;23.0;21;Maranhão;11086;2020;41117;Acesso à internet;11086
Indicador  4.a.1;2;60.6;21;Maranhão;11086;2020;41118;Computador para fins pedagógicos;11086
Indicador  4.a.1;2;72.4;21;Maranhão;11086;2020;41119;Infraestrutura adaptada para alunos com deficiência;11086
Indicador  4.a.1;2;99.3;21;Maranhão;11086;2020;41120;Abastecimento de água;11086
Indicador  4.a.1;2;92.2;21;Maranhão;11086;2020;41121;Água Filtrada;11086
Indicador  4.a.1;2;100.0;21;Maranhão;11086;2021;41115;Total;11086
Indicador  4.a.1;2;99.9;21;Maranhão;11086;2021;41116;Acesso à eletricidade;11086
Indicador  4.a.1;2;27.6;21;Maranhão;11086;2021;41117;Acesso à internet;11086
Indicador  4.a.1;2;65.3;21;Maranhão;11086;2021;41118;Computador para fins pedagógicos;11086
Indicador  4.a.1;2;76.1;21;Maranhão;11086;2021;41119;Infraestrutura adaptada para alunos com deficiência;11086
Indicador  4.a.1;2;99.1;21;Maranhão;11086;2021;41120;Abastecimento de água;11086
Indicador  4.a.1;2;92.4;21;Maranhão;11086;2021;41121;Água Filtrada;11086
Indicador  4.a.1;2;100.0;21;Maranhão;11086;2022;41115;Total;11086
Indicador  4.a.1;2;99.9;21;Maranhão;11086;2022;41116;Acesso à eletricidade;11086
Indicador  4.a.1;2;32.5;21;Maranhão;11086;2022;41117;Acesso à internet;11086
Indicador  4.a.1;2;68.1;21;Maranhão;11086;2022;41118;Computador para fins pedagógicos;11086
Indicador  4.a.1;2;77.8;21;Maranhão;11086;2022;41119;Infraestrutura adaptada para alunos com deficiência;11086
Indicador  4.a.1;2;99.2;21;Maranhão;11086;2022;41120;Abastecimento de água;11086
Indicador  4.a.1;2;93.4;21;Maranhão;11086;2022;41121;Água Filtrada;11086
Indicador  4.a.1;2;100.0;22;Piauí;11086;2018;41115;Total;11086
Indicador  4.a.1;2;100.0;22;Piauí;11086;2018;41116;Acesso à eletricidade;11086
Indicador  4.a.1;2;-;22;Piauí;11086;2018;41117;Acesso à internet;11086
Indicador  4.a.1;2;90.2;22;Piauí;11086;2018;41118;Computador para fins pedagógicos;11086
Indicador  4.a.1;2;49.2;22;Piauí;11086;2018;41119;Infraestrutura adaptada para alunos com deficiência;11086
Indicador  4.a.1;2;97.7;22;Piauí;11086;2018;41120;Abastecimento de água;11086
Indicador  4.a.1;2;45.0;22;Piauí;11086;2018;41121;Água Filtrada;11086
Indicador  4.a.1;2;100.0;22;Piauí;11086;2019;41115;Total;11086
Indicador  4.a.1;2;100.0;22;Piauí;11086;2019;41116;Acesso à eletricidade;11086
Indicador  4.a.1;2;69.0;22;Piauí;11086;2019;41117;Acesso à internet;11086
Indicador  4.a.1;2;87.7;22;Piauí;11086;2019;41118;Computador para fins pedagógicos;11086
Indicador  4.a.1;2;43.3;22;Piauí;11086;2019;41119;Infraestrutura adaptada para alunos com deficiência;11086
Indicador  4.a.1;2;98.2;22;Piauí;11086;2019;41120;Abastecimento de água;11086
Indicador  4.a.1;2;99.7;22;Piauí;11086;2019;41121;Água Filtrada;11086
Indicador  4.a.1;2;100.0;22;Piauí;11086;2020;41115;Total;11086
Indicador  4.a.1;2;100.0;22;Piauí;11086;2020;41116;Acesso à eletricidade;11086
Indicador  4.a.1;2;73.2;22;Piauí;11086;2020;41117;Acesso à internet;11086
Indicador  4.a.1;2;91.4;22;Piauí;11086;2020;41118;Computador para fins pedagógicos;11086
Indicador  4.a.1;2;50.5;22;Piauí;11086;2020;41119;Infraestrutura adaptada para alunos com deficiência;11086
Indicador  4.a.1;2;98.8;22;Piauí;11086;2020;41120;Abastecimento de água;11086
Indicador  4.a.1;2;99.5;22;Piauí;11086;2020;41121;Água Filtrada;11086
Indicador  4.a.1;2;100.0;22;Piauí;11086;2021;41115;Total;11086
Indicador  4.a.1;2;100.0;22;Piauí;11086;2021;41116;Acesso à eletricidade;11086
Indicador  4.a.1;2;74.9;22;Piauí;11086;2021;41117;Acesso à internet;11086
Indicador  4.a.1;2;91.7;22;Piauí;11086;2021;41118;Computador para fins pedagógicos;11086
Indicador  4.a.1;2;55.7;22;Piauí;11086;2021;41119;Infraestrutura adaptada para alunos com deficiência;11086
Indicador  4.a.1;2;98.9;22;Piauí;11086;2021;41120;Abastecimento de água;11086
Indicador  4.a.1;2;99.6;22;Piauí;11086;2021;41121;Água Filtrada;11086
Indicador  4.a.1;2;100.0;22;Piauí;11086;2022;41115;Total;11086
Indicador  4.a.1;2;100.0;22;Piauí;11086;2022;41116;Acesso à eletricidade;11086
Indicador  4.a.1;2;70.6;22;Piauí;11086;2022;41117;Acesso à internet;11086
Indicador  4.a.1;2;92.8;22;Piauí;11086;2022;41118;Computador para fins pedagógicos;11086
Indicador  4.a.1;2;67.0;22;Piauí;11086;2022;41119;Infraestrutura adaptada para alunos com deficiência;11086
Indicador  4.a.1;2;99.2;22;Piauí;11086;2022;41120;Abastecimento de água;11086
Indicador  4.a.1;2;99.2;22;Piauí;11086;2022;41121;Água Filtrada;11086
Indicador  4.a.1;2;100.0;23;Ceará;11086;2018;41115;Total;11086
Indicador  4.a.1;2;100.0;23;Ceará;11086;2018;41116;Acesso à eletricidade;11086
Indicador  4.a.1;2;-;23;Ceará;11086;2018;41117;Acesso à internet;11086
Indicador  4.a.1;2;92.6;23;Ceará;11086;2018;41118;Computador para fins pedagógicos;11086
Indicador  4.a.1;2;45.0;23;Ceará;11086;2018;41119;Infraestrutura adaptada para alunos com deficiência;11086
Indicador  4.a.1;2;99.9;23;Ceará;11086;2018;41120;Abastecimento de água;11086
Indicador  4.a.1;2;98.5;23;Ceará;11086;2018;41121;Água Filtrada;11086
Indicador  4.a.1;2;100.0;23;Ceará;11086;2019;41115;Total;11086
Indicador  4.a.1;2;100.0;23;Ceará;11086;2019;41116;Acesso à eletricidade;11086
Indicador  4.a.1;2;77.8;23;Ceará;11086;2019;41117;Acesso à internet;11086
Indicador  4.a.1;2;93.1;23;Ceará;11086;2019;41118;Computador para fins pedagógicos;11086
Indicador  4.a.1;2;86.5;23;Ceará;11086;2019;41119;Infraestrutura adaptada para alunos com deficiência;11086
Indicador  4.a.1;2;99.9;23;Ceará;11086;2019;41120;Abastecimento de água;11086
Indicador  4.a.1;2;85.2;23;Ceará;11086;2019;41121;Água Filtrada;11086
Indicador  4.a.1;2;100.0;23;Ceará;11086;2020;41115;Total;11086
Indicador  4.a.1;2;100.0;23;Ceará;11086;2020;41116;Acesso à eletricidade;11086
Indicador  4.a.1;2;77.6;23;Ceará;11086;2020;41117;Acesso à internet;11086
Indicador  4.a.1;2;95.8;23;Ceará;11086;2020;41118;Computador para fins pedagógicos;11086
Indicador  4.a.1;2;84.4;23;Ceará;11086;2020;41119;Infraestrutura adaptada para alunos com deficiência;11086
Indicador  4.a.1;2;99.9;23;Ceará;11086;2020;41120;Abastecimento de água;11086
Indicador  4.a.1;2;78.7;23;Ceará;11086;2020;41121;Água Filtrada;11086
Indicador  4.a.1;2;100.0;23;Ceará;11086;2021;41115;Total;11086
Indicador  4.a.1;2;100.0;23;Ceará;11086;2021;41116;Acesso à eletricidade;11086
Indicador  4.a.1;2;78.6;23;Ceará;11086;2021;41117;Acesso à internet;11086
Indicador  4.a.1;2;97.2;23;Ceará;11086;2021;41118;Computador para fins pedagógicos;11086
Indicador  4.a.1;2;86.8;23;Ceará;11086;2021;41119;Infraestrutura adaptada para alunos com deficiência;11086
Indicador  4.a.1;2;99.9;23;Ceará;11086;2021;41120;Abastecimento de água;11086
Indicador  4.a.1;2;79.9;23;Ceará;11086;2021;41121;Água Filtrada;11086
Indicador  4.a.1;2;100.0;23;Ceará;11086;2022;41115;Total;11086
Indicador  4.a.1;2;100.0;23;Ceará;11086;2022;41116;Acesso à eletricidade;11086
Indicador  4.a.1;2;79.4;23;Ceará;11086;2022;41117;Acesso à internet;11086
Indicador  4.a.1;2;97.1;23;Ceará;11086;2022;41118;Computador para fins pedagógicos;11086
Indicador  4.a.1;2;89.1;23;Ceará;11086;2022;41119;Infraestrutura adaptada para alunos com deficiência;11086
Indicador  4.a.1;2;99.9;23;Ceará;11086;2022;41120;Abastecimento de água;11086
Indicador  4.a.1;2;81.9;23;Ceará;11086;2022;41121;Água Filtrada;11086
Indicador  4.a.1;2;100.0;24;Rio Grande do Norte;11086;2018;41115;Total;11086
Indicador  4.a.1;2;100.0;24;Rio Grande do Norte;11086;2018;41116;Acesso à eletricidade;11086
Indicador  4.a.1;2;-;24;Rio Grande do Norte;11086;2018;41117;Acesso à internet;11086
Indicador  4.a.1;2;80.9;24;Rio Grande do Norte;11086;2018;41118;Computador para fins pedagógicos;11086
Indicador  4.a.1;2;66.2;24;Rio Grande do Norte;11086;2018;41119;Infraestrutura adaptada para alunos com deficiência;11086
Indicador  4.a.1;2;99.8;24;Rio Grande do Norte;11086;2018;41120;Abastecimento de água;11086
Indicador  4.a.1;2;96.7;24;Rio Grande do Norte;11086;2018;41121;Água Filtrada;11086
Indicador  4.a.1;2;100.0;24;Rio Grande do Norte;11086;2019;41115;Total;11086
Indicador  4.a.1;2;100.0;24;Rio Grande do Norte;11086;2019;41116;Acesso à eletricidade;11086
Indicador  4.a.1;2;40.7;24;Rio Grande do Norte;11086;2019;41117;Acesso à internet;11086
Indicador  4.a.1;2;74.1;24;Rio Grande do Norte;11086;2019;41118;Computador para fins pedagógicos;11086
Indicador  4.a.1;2;87.3;24;Rio Grande do Norte;11086;2019;41119;Infraestrutura adaptada para alunos com deficiência;11086
Indicador  4.a.1;2;99.3;24;Rio Grande do Norte;11086;2019;41120;Abastecimento de água;11086
Indicador  4.a.1;2;96.0;24;Rio Grande do Norte;11086;2019;41121;Água Filtrada;11086
Indicador  4.a.1;2;100.0;24;Rio Grande do Norte;11086;2020;41115;Total;11086
Indicador  4.a.1;2;100.0;24;Rio Grande do Norte;11086;2020;41116;Acesso à eletricidade;11086
Indicador  4.a.1;2;50.5;24;Rio Grande do Norte;11086;2020;41117;Acesso à internet;11086
Indicador  4.a.1;2;81.3;24;Rio Grande do Norte;11086;2020;41118;Computador para fins pedagógicos;11086
Indicador  4.a.1;2;90.6;24;Rio Grande do Norte;11086;2020;41119;Infraestrutura adaptada para alunos com deficiência;11086
Indicador  4.a.1;2;99.6;24;Rio Grande do Norte;11086;2020;41120;Abastecimento de água;11086
Indicador  4.a.1;2;96.5;24;Rio Grande do Norte;11086;2020;41121;Água Filtrada;11086
Indicador  4.a.1;2;100.0;24;Rio Grande do Norte;11086;2021;41115;Total;11086
Indicador  4.a.1;2;100.0;24;Rio Grande do Norte;11086;2021;41116;Acesso à eletricidade;11086
Indicador  4.a.1;2;56.6;24;Rio Grande do Norte;11086;2021;41117;Acesso à internet;11086
Indicador  4.a.1;2;87.4;24;Rio Grande do Norte;11086;2021;41118;Computador para fins pedagógicos;11086
Indicador  4.a.1;2;94.9;24;Rio Grande do Norte;11086;2021;41119;Infraestrutura adaptada para alunos com deficiência;11086
Indicador  4.a.1;2;100.0;24;Rio Grande do Norte;11086;2021;41120;Abastecimento de água;11086
Indicador  4.a.1;2;97.2;24;Rio Grande do Norte;11086;2021;41121;Água Filtrada;11086
Indicador  4.a.1;2;100.0;24;Rio Grande do Norte;11086;2022;41115;Total;11086
Indicador  4.a.1;2;100.0;24;Rio Grande do Norte;11086;2022;41116;Acesso à eletricidade;11086
Indicador  4.a.1;2;60.3;24;Rio Grande do Norte;11086;2022;41117;Acesso à internet;11086
Indicador  4.a.1;2;89.9;24;Rio Grande do Norte;11086;2022;41118;Computador para fins pedagógicos;11086
Indicador  4.a.1;2;95.2;24;Rio Grande do Norte;11086;2022;41119;Infraestrutura adaptada para alunos com deficiência;11086
Indicador  4.a.1;2;100.0;24;Rio Grande do Norte;11086;2022;41120;Abastecimento de água;11086
Indicador  4.a.1;2;97.7;24;Rio Grande do Norte;11086;2022;41121;Água Filtrada;11086
Indicador  4.a.1;2;100.0;25;Paraíba;11086;2018;41115;Total;11086
Indicador  4.a.1;2;100.0;25;Paraíba;11086;2018;41116;Acesso à eletricidade;11086
Indicador  4.a.1;2;-;25;Paraíba;11086;2018;41117;Acesso à internet;11086
Indicador  4.a.1;2;84.1;25;Paraíba;11086;2018;41118;Computador para fins pedagógicos;11086
Indicador  4.a.1;2;54.9;25;Paraíba;11086;2018;41119;Infraestrutura adaptada para alunos com deficiência;11086
Indicador  4.a.1;2;98.4;25;Paraíba;11086;2018;41120;Abastecimento de água;11086
Indicador  4.a.1;2;96.5;25;Paraíba;11086;2018;41121;Água Filtrada;11086
Indicador  4.a.1;2;100.0;25;Paraíba;11086;2019;41115;Total;11086
Indicador  4.a.1;2;99.8;25;Paraíba;11086;2019;41116;Acesso à eletricidade;11086
Indicador  4.a.1;2;28.0;25;Paraíba;11086;2019;41117;Acesso à internet;11086
Indicador  4.a.1;2;77.2;25;Paraíba;11086;2019;41118;Computador para fins pedagógicos;11086
Indicador  4.a.1;2;86.9;25;Paraíba;11086;2019;41119;Infraestrutura adaptada para alunos com deficiência;11086
Indicador  4.a.1;2;98.8;25;Paraíba;11086;2019;41120;Abastecimento de água;11086
Indicador  4.a.1;2;97.2;25;Paraíba;11086;2019;41121;Água Filtrada;11086
Indicador  4.a.1;2;100.0;25;Paraíba;11086;2020;41115;Total;11086
Indicador  4.a.1;2;100.0;25;Paraíba;11086;2020;41116;Acesso à eletricidade;11086
Indicador  4.a.1;2;63.8;25;Paraíba;11086;2020;41117;Acesso à internet;11086
Indicador  4.a.1;2;90.5;25;Paraíba;11086;2020;41118;Computador para fins pedagógicos;11086
Indicador  4.a.1;2;68.4;25;Paraíba;11086;2020;41119;Infraestrutura adaptada para alunos com deficiência;11086
Indicador  4.a.1;2;98.9;25;Paraíba;11086;2020;41120;Abastecimento de água;11086
Indicador  4.a.1;2;95.7;25;Paraíba;11086;2020;41121;Água Filtrada;11086
Indicador  4.a.1;2;100.0;25;Paraíba;11086;2021;41115;Total;11086
Indicador  4.a.1;2;100.0;25;Paraíba;11086;2021;41116;Acesso à eletricidade;11086
Indicador  4.a.1;2;69.3;25;Paraíba;11086;2021;41117;Acesso à internet;11086
Indicador  4.a.1;2;91.5;25;Paraíba;11086;2021;41118;Computador para fins pedagógicos;11086
Indicador  4.a.1;2;67.1;25;Paraíba;11086;2021;41119;Infraestrutura adaptada para alunos com deficiência;11086
Indicador  4.a.1;2;98.3;25;Paraíba;11086;2021;41120;Abastecimento de água;11086
Indicador  4.a.1;2;95.6;25;Paraíba;11086;2021;41121;Água Filtrada;11086
Indicador  4.a.1;2;100.0;25;Paraíba;11086;2022;41115;Total;11086
Indicador  4.a.1;2;100.0;25;Paraíba;11086;2022;41116;Acesso à eletricidade;11086
Indicador  4.a.1;2;69.1;25;Paraíba;11086;2022;41117;Acesso à internet;11086
Indicador  4.a.1;2;92.0;25;Paraíba;11086;2022;41118;Computador para fins pedagógicos;11086
Indicador  4.a.1;2;67.5;25;Paraíba;11086;2022;41119;Infraestrutura adaptada para alunos com deficiência;11086
Indicador  4.a.1;2;98.3;25;Paraíba;11086;2022;41120;Abastecimento de água;11086
Indicador  4.a.1;2;95.6;25;Paraíba;11086;2022;41121;Água Filtrada;11086
Indicador  4.a.1;2;100.0;26;Pernambuco;11086;2018;41115;Total;11086
Indicador  4.a.1;2;100.0;26;Pernambuco;11086;2018;41116;Acesso à eletricidade;11086
Indicador  4.a.1;2;-;26;Pernambuco;11086;2018;41117;Acesso à internet;11086
Indicador  4.a.1;2;87.2;26;Pernambuco;11086;2018;41118;Computador para fins pedagógicos;11086
Indicador  4.a.1;2;37.2;26;Pernambuco;11086;2018;41119;Infraestrutura adaptada para alunos com deficiência;11086
Indicador  4.a.1;2;99.7;26;Pernambuco;11086;2018;41120;Abastecimento de água;11086
Indicador  4.a.1;2;93.4;26;Pernambuco;11086;2018;41121;Água Filtrada;11086
Indicador  4.a.1;2;100.0;26;Pernambuco;11086;2019;41115;Total;11086
Indicador  4.a.1;2;99.9;26;Pernambuco;11086;2019;41116;Acesso à eletricidade;11086
Indicador  4.a.1;2;46.1;26;Pernambuco;11086;2019;41117;Acesso à internet;11086
Indicador  4.a.1;2;76.3;26;Pernambuco;11086;2019;41118;Computador para fins pedagógicos;11086
Indicador  4.a.1;2;94.9;26;Pernambuco;11086;2019;41119;Infraestrutura adaptada para alunos com deficiência;11086
Indicador  4.a.1;2;99.6;26;Pernambuco;11086;2019;41120;Abastecimento de água;11086
Indicador  4.a.1;2;96.6;26;Pernambuco;11086;2019;41121;Água Filtrada;11086
Indicador  4.a.1;2;100.0;26;Pernambuco;11086;2020;41115;Total;11086
Indicador  4.a.1;2;99.9;26;Pernambuco;11086;2020;41116;Acesso à eletricidade;11086
Indicador  4.a.1;2;49.7;26;Pernambuco;11086;2020;41117;Acesso à internet;11086
Indicador  4.a.1;2;81.0;26;Pernambuco;11086;2020;41118;Computador para fins pedagógicos;11086
Indicador  4.a.1;2;96.5;26;Pernambuco;11086;2020;41119;Infraestrutura adaptada para alunos com deficiência;11086
Indicador  4.a.1;2;99.4;26;Pernambuco;11086;2020;41120;Abastecimento de água;11086
Indicador  4.a.1;2;96.0;26;Pernambuco;11086;2020;41121;Água Filtrada;11086
Indicador  4.a.1;2;100.0;26;Pernambuco;11086;2021;41115;Total;11086
Indicador  4.a.1;2;100.0;26;Pernambuco;11086;2021;41116;Acesso à eletricidade;11086
Indicador  4.a.1;2;56.0;26;Pernambuco;11086;2021;41117;Acesso à internet;11086
Indicador  4.a.1;2;83.6;26;Pernambuco;11086;2021;41118;Computador para fins pedagógicos;11086
Indicador  4.a.1;2;93.4;26;Pernambuco;11086;2021;41119;Infraestrutura adaptada para alunos com deficiência;11086
Indicador  4.a.1;2;99.3;26;Pernambuco;11086;2021;41120;Abastecimento de água;11086
Indicador  4.a.1;2;95.8;26;Pernambuco;11086;2021;41121;Água Filtrada;11086
Indicador  4.a.1;2;100.0;26;Pernambuco;11086;2022;41115;Total;11086
Indicador  4.a.1;2;100.0;26;Pernambuco;11086;2022;41116;Acesso à eletricidade;11086
Indicador  4.a.1;2;60.3;26;Pernambuco;11086;2022;41117;Acesso à internet;11086
Indicador  4.a.1;2;85.4;26;Pernambuco;11086;2022;41118;Computador para fins pedagógicos;11086
Indicador  4.a.1;2;92.1;26;Pernambuco;11086;2022;41119;Infraestrutura adaptada para alunos com deficiência;11086
Indicador  4.a.1;2;99.3;26;Pernambuco;11086;2022;41120;Abastecimento de água;11086
Indicador  4.a.1;2;96.2;26;Pernambuco;11086;2022;41121;Água Filtrada;11086
Indicador  4.a.1;2;100.0;27;Alagoas;11086;2018;41115;Total;11086
Indicador  4.a.1;2;100.0;27;Alagoas;11086;2018;41116;Acesso à eletricidade;11086
Indicador  4.a.1;2;-;27;Alagoas;11086;2018;41117;Acesso à internet;11086
Indicador  4.a.1;2;79.3;27;Alagoas;11086;2018;41118;Computador para fins pedagógicos;11086
Indicador  4.a.1;2;53.2;27;Alagoas;11086;2018;41119;Infraestrutura adaptada para alunos com deficiência;11086
Indicador  4.a.1;2;100.0;27;Alagoas;11086;2018;41120;Abastecimento de água;11086
Indicador  4.a.1;2;94.9;27;Alagoas;11086;2018;41121;Água Filtrada;11086
Indicador  4.a.1;2;100.0;27;Alagoas;11086;2019;41115;Total;11086
Indicador  4.a.1;2;100.0;27;Alagoas;11086;2019;41116;Acesso à eletricidade;11086
Indicador  4.a.1;2;50.6;27;Alagoas;11086;2019;41117;Acesso à internet;11086
Indicador  4.a.1;2;84.8;27;Alagoas;11086;2019;41118;Computador para fins pedagógicos;11086
Indicador  4.a.1;2;83.1;27;Alagoas;11086;2019;41119;Infraestrutura adaptada para alunos com deficiência;11086
Indicador  4.a.1;2;100.0;27;Alagoas;11086;2019;41120;Abastecimento de água;11086
Indicador  4.a.1;2;96.6;27;Alagoas;11086;2019;41121;Água Filtrada;11086
Indicador  4.a.1;2;100.0;27;Alagoas;11086;2020;41115;Total;11086
Indicador  4.a.1;2;100.0;27;Alagoas;11086;2020;41116;Acesso à eletricidade;11086
Indicador  4.a.1;2;52.1;27;Alagoas;11086;2020;41117;Acesso à internet;11086
Indicador  4.a.1;2;82.9;27;Alagoas;11086;2020;41118;Computador para fins pedagógicos;11086
Indicador  4.a.1;2;86.1;27;Alagoas;11086;2020;41119;Infraestrutura adaptada para alunos com deficiência;11086
Indicador  4.a.1;2;100.0;27;Alagoas;11086;2020;41120;Abastecimento de água;11086
Indicador  4.a.1;2;97.3;27;Alagoas;11086;2020;41121;Água Filtrada;11086
Indicador  4.a.1;2;100.0;27;Alagoas;11086;2021;41115;Total;11086
Indicador  4.a.1;2;100.0;27;Alagoas;11086;2021;41116;Acesso à eletricidade;11086
Indicador  4.a.1;2;56.1;27;Alagoas;11086;2021;41117;Acesso à internet;11086
Indicador  4.a.1;2;84.1;27;Alagoas;11086;2021;41118;Computador para fins pedagógicos;11086
Indicador  4.a.1;2;89.0;27;Alagoas;11086;2021;41119;Infraestrutura adaptada para alunos com deficiência;11086
Indicador  4.a.1;2;100.0;27;Alagoas;11086;2021;41120;Abastecimento de água;11086
Indicador  4.a.1;2;97.8;27;Alagoas;11086;2021;41121;Água Filtrada;11086
Indicador  4.a.1;2;100.0;27;Alagoas;11086;2022;41115;Total;11086
Indicador  4.a.1;2;100.0;27;Alagoas;11086;2022;41116;Acesso à eletricidade;11086
Indicador  4.a.1;2;62.7;27;Alagoas;11086;2022;41117;Acesso à internet;11086
Indicador  4.a.1;2;88.3;27;Alagoas;11086;2022;41118;Computador para fins pedagógicos;11086
Indicador  4.a.1;2;91.5;27;Alagoas;11086;2022;41119;Infraestrutura adaptada para alunos com deficiência;11086
Indicador  4.a.1;2;100.0;27;Alagoas;11086;2022;41120;Abastecimento de água;11086
Indicador  4.a.1;2;98.8;27;Alagoas;11086;2022;41121;Água Filtrada;11086
Indicador  4.a.1;2;100.0;28;Sergipe;11086;2018;41115;Total;11086
Indicador  4.a.1;2;100.0;28;Sergipe;11086;2018;41116;Acesso à eletricidade;11086
Indicador  4.a.1;2;-;28;Sergipe;11086;2018;41117;Acesso à internet;11086
Indicador  4.a.1;2;87.3;28;Sergipe;11086;2018;41118;Computador para fins pedagógicos;11086
Indicador  4.a.1;2;71.1;28;Sergipe;11086;2018;41119;Infraestrutura adaptada para alunos com deficiência;11086
Indicador  4.a.1;2;100.0;28;Sergipe;11086;2018;41120;Abastecimento de água;11086
Indicador  4.a.1;2;96.2;28;Sergipe;11086;2018;41121;Água Filtrada;11086
Indicador  4.a.1;2;100.0;28;Sergipe;11086;2019;41115;Total;11086
Indicador  4.a.1;2;100.0;28;Sergipe;11086;2019;41116;Acesso à eletricidade;11086
Indicador  4.a.1;2;40.6;28;Sergipe;11086;2019;41117;Acesso à internet;11086
Indicador  4.a.1;2;79.5;28;Sergipe;11086;2019;41118;Computador para fins pedagógicos;11086
Indicador  4.a.1;2;87.0;28;Sergipe;11086;2019;41119;Infraestrutura adaptada para alunos com deficiência;11086
Indicador  4.a.1;2;100.0;28;Sergipe;11086;2019;41120;Abastecimento de água;11086
Indicador  4.a.1;2;99.7;28;Sergipe;11086;2019;41121;Água Filtrada;11086
Indicador  4.a.1;2;100.0;28;Sergipe;11086;2020;41115;Total;11086
Indicador  4.a.1;2;100.0;28;Sergipe;11086;2020;41116;Acesso à eletricidade;11086
Indicador  4.a.1;2;51.3;28;Sergipe;11086;2020;41117;Acesso à internet;11086
Indicador  4.a.1;2;88.9;28;Sergipe;11086;2020;41118;Computador para fins pedagógicos;11086
Indicador  4.a.1;2;93.6;28;Sergipe;11086;2020;41119;Infraestrutura adaptada para alunos com deficiência;11086
Indicador  4.a.1;2;100.0;28;Sergipe;11086;2020;41120;Abastecimento de água;11086
Indicador  4.a.1;2;100.0;28;Sergipe;11086;2020;41121;Água Filtrada;11086
Indicador  4.a.1;2;100.0;28;Sergipe;11086;2021;41115;Total;11086
Indicador  4.a.1;2;100.0;28;Sergipe;11086;2021;41116;Acesso à eletricidade;11086
Indicador  4.a.1;2;57.3;28;Sergipe;11086;2021;41117;Acesso à internet;11086
Indicador  4.a.1;2;93.0;28;Sergipe;11086;2021;41118;Computador para fins pedagógicos;11086
Indicador  4.a.1;2;94.0;28;Sergipe;11086;2021;41119;Infraestrutura adaptada para alunos com deficiência;11086
Indicador  4.a.1;2;100.0;28;Sergipe;11086;2021;41120;Abastecimento de água;11086
Indicador  4.a.1;2;100.0;28;Sergipe;11086;2021;41121;Água Filtrada;11086
Indicador  4.a.1;2;100.0;28;Sergipe;11086;2022;41115;Total;11086
Indicador  4.a.1;2;100.0;28;Sergipe;11086;2022;41116;Acesso à eletricidade;11086
Indicador  4.a.1;2;59.5;28;Sergipe;11086;2022;41117;Acesso à internet;11086
Indicador  4.a.1;2;95.7;28;Sergipe;11086;2022;41118;Computador para fins pedagógicos;11086
Indicador  4.a.1;2;94.7;28;Sergipe;11086;2022;41119;Infraestrutura adaptada para alunos com deficiência;11086
Indicador  4.a.1;2;100.0;28;Sergipe;11086;2022;41120;Abastecimento de água;11086
Indicador  4.a.1;2;100.0;28;Sergipe;11086;2022;41121;Água Filtrada;11086
Indicador  4.a.1;2;100.0;29;Bahia;11086;2018;41115;Total;11086
Indicador  4.a.1;2;99.9;29;Bahia;11086;2018;41116;Acesso à eletricidade;11086
Indicador  4.a.1;2;-;29;Bahia;11086;2018;41117;Acesso à internet;11086
Indicador  4.a.1;2;82.8;29;Bahia;11086;2018;41118;Computador para fins pedagógicos;11086
Indicador  4.a.1;2;40.0;29;Bahia;11086;2018;41119;Infraestrutura adaptada para alunos com deficiência;11086
Indicador  4.a.1;2;99.9;29;Bahia;11086;2018;41120;Abastecimento de água;11086
Indicador  4.a.1;2;97.1;29;Bahia;11086;2018;41121;Água Filtrada;11086
Indicador  4.a.1;2;100.0;29;Bahia;11086;2019;41115;Total;11086
Indicador  4.a.1;2;99.9;29;Bahia;11086;2019;41116;Acesso à eletricidade;11086
Indicador  4.a.1;2;22.2;29;Bahia;11086;2019;41117;Acesso à internet;11086
Indicador  4.a.1;2;49.4;29;Bahia;11086;2019;41118;Computador para fins pedagógicos;11086
Indicador  4.a.1;2;42.4;29;Bahia;11086;2019;41119;Infraestrutura adaptada para alunos com deficiência;11086
Indicador  4.a.1;2;99.8;29;Bahia;11086;2019;41120;Abastecimento de água;11086
Indicador  4.a.1;2;98.6;29;Bahia;11086;2019;41121;Água Filtrada;11086
Indicador  4.a.1;2;100.0;29;Bahia;11086;2020;41115;Total;11086
Indicador  4.a.1;2;99.9;29;Bahia;11086;2020;41116;Acesso à eletricidade;11086
Indicador  4.a.1;2;22.6;29;Bahia;11086;2020;41117;Acesso à internet;11086
Indicador  4.a.1;2;44.6;29;Bahia;11086;2020;41118;Computador para fins pedagógicos;11086
Indicador  4.a.1;2;44.0;29;Bahia;11086;2020;41119;Infraestrutura adaptada para alunos com deficiência;11086
Indicador  4.a.1;2;99.7;29;Bahia;11086;2020;41120;Abastecimento de água;11086
Indicador  4.a.1;2;98.8;29;Bahia;11086;2020;41121;Água Filtrada;11086
Indicador  4.a.1;2;100.0;29;Bahia;11086;2021;41115;Total;11086
Indicador  4.a.1;2;99.9;29;Bahia;11086;2021;41116;Acesso à eletricidade;11086
Indicador  4.a.1;2;28.0;29;Bahia;11086;2021;41117;Acesso à internet;11086
Indicador  4.a.1;2;44.2;29;Bahia;11086;2021;41118;Computador para fins pedagógicos;11086
Indicador  4.a.1;2;43.9;29;Bahia;11086;2021;41119;Infraestrutura adaptada para alunos com deficiência;11086
Indicador  4.a.1;2;99.9;29;Bahia;11086;2021;41120;Abastecimento de água;11086
Indicador  4.a.1;2;98.8;29;Bahia;11086;2021;41121;Água Filtrada;11086
Indicador  4.a.1;2;100.0;29;Bahia;11086;2022;41115;Total;11086
Indicador  4.a.1;2;100.0;29;Bahia;11086;2022;41116;Acesso à eletricidade;11086
Indicador  4.a.1;2;35.7;29;Bahia;11086;2022;41117;Acesso à internet;11086
Indicador  4.a.1;2;87.2;29;Bahia;11086;2022;41118;Computador para fins pedagógicos;11086
Indicador  4.a.1;2;56.6;29;Bahia;11086;2022;41119;Infraestrutura adaptada para alunos com deficiência;11086
Indicador  4.a.1;2;99.6;29;Bahia;11086;2022;41120;Abastecimento de água;11086
Indicador  4.a.1;2;98.9;29;Bahia;11086;2022;41121;Água Filtrada;11086
Indicador  4.a.1;2;100.0;31;Minas Gerais;11086;2018;41115;Total;11086
Indicador  4.a.1;2;100.0;31;Minas Gerais;11086;2018;41116;Acesso à eletricidade;11086
Indicador  4.a.1;2;-;31;Minas Gerais;11086;2018;41117;Acesso à internet;11086
Indicador  4.a.1;2;94.1;31;Minas Gerais;11086;2018;41118;Computador para fins pedagógicos;11086
Indicador  4.a.1;2;49.7;31;Minas Gerais;11086;2018;41119;Infraestrutura adaptada para alunos com deficiência;11086
Indicador  4.a.1;2;99.9;31;Minas Gerais;11086;2018;41120;Abastecimento de água;11086
Indicador  4.a.1;2;99.2;31;Minas Gerais;11086;2018;41121;Água Filtrada;11086
Indicador  4.a.1;2;100.0;31;Minas Gerais;11086;2019;41115;Total;11086
Indicador  4.a.1;2;100.0;31;Minas Gerais;11086;2019;41116;Acesso à eletricidade;11086
Indicador  4.a.1;2;55.2;31;Minas Gerais;11086;2019;41117;Acesso à internet;11086
Indicador  4.a.1;2;89.9;31;Minas Gerais;11086;2019;41118;Computador para fins pedagógicos;11086
Indicador  4.a.1;2;77.7;31;Minas Gerais;11086;2019;41119;Infraestrutura adaptada para alunos com deficiência;11086
Indicador  4.a.1;2;100.0;31;Minas Gerais;11086;2019;41120;Abastecimento de água;11086
Indicador  4.a.1;2;98.8;31;Minas Gerais;11086;2019;41121;Água Filtrada;11086
Indicador  4.a.1;2;100.0;31;Minas Gerais;11086;2020;41115;Total;11086
Indicador  4.a.1;2;100.0;31;Minas Gerais;11086;2020;41116;Acesso à eletricidade;11086
Indicador  4.a.1;2;54.9;31;Minas Gerais;11086;2020;41117;Acesso à internet;11086
Indicador  4.a.1;2;91.4;31;Minas Gerais;11086;2020;41118;Computador para fins pedagógicos;11086
Indicador  4.a.1;2;78.3;31;Minas Gerais;11086;2020;41119;Infraestrutura adaptada para alunos com deficiência;11086
Indicador  4.a.1;2;99.9;31;Minas Gerais;11086;2020;41120;Abastecimento de água;11086
Indicador  4.a.1;2;98.8;31;Minas Gerais;11086;2020;41121;Água Filtrada;11086
Indicador  4.a.1;2;100.0;31;Minas Gerais;11086;2021;41115;Total;11086
Indicador  4.a.1;2;100.0;31;Minas Gerais;11086;2021;41116;Acesso à eletricidade;11086
Indicador  4.a.1;2;58.0;31;Minas Gerais;11086;2021;41117;Acesso à internet;11086
Indicador  4.a.1;2;93.0;31;Minas Gerais;11086;2021;41118;Computador para fins pedagógicos;11086
Indicador  4.a.1;2;82.8;31;Minas Gerais;11086;2021;41119;Infraestrutura adaptada para alunos com deficiência;11086
Indicador  4.a.1;2;99.9;31;Minas Gerais;11086;2021;41120;Abastecimento de água;11086
Indicador  4.a.1;2;98.8;31;Minas Gerais;11086;2021;41121;Água Filtrada;11086
Indicador  4.a.1;2;100.0;31;Minas Gerais;11086;2022;41115;Total;11086
Indicador  4.a.1;2;100.0;31;Minas Gerais;11086;2022;41116;Acesso à eletricidade;11086
Indicador  4.a.1;2;63.4;31;Minas Gerais;11086;2022;41117;Acesso à internet;11086
Indicador  4.a.1;2;95.2;31;Minas Gerais;11086;2022;41118;Computador para fins pedagógicos;11086
Indicador  4.a.1;2;83.0;31;Minas Gerais;11086;2022;41119;Infraestrutura adaptada para alunos com deficiência;11086
Indicador  4.a.1;2;100.0;31;Minas Gerais;11086;2022;41120;Abastecimento de água;11086
Indicador  4.a.1;2;99.4;31;Minas Gerais;11086;2022;41121;Água Filtrada;11086
Indicador  4.a.1;2;100.0;32;Espírito Santo;11086;2018;41115;Total;11086
Indicador  4.a.1;2;100.0;32;Espírito Santo;11086;2018;41116;Acesso à eletricidade;11086
Indicador  4.a.1;2;-;32;Espírito Santo;11086;2018;41117;Acesso à internet;11086
Indicador  4.a.1;2;94.0;32;Espírito Santo;11086;2018;41118;Computador para fins pedagógicos;11086
Indicador  4.a.1;2;59.2;32;Espírito Santo;11086;2018;41119;Infraestrutura adaptada para alunos com deficiência;11086
Indicador  4.a.1;2;100.0;32;Espírito Santo;11086;2018;41120;Abastecimento de água;11086
Indicador  4.a.1;2;99.5;32;Espírito Santo;11086;2018;41121;Água Filtrada;11086
Indicador  4.a.1;2;100.0;32;Espírito Santo;11086;2019;41115;Total;11086
Indicador  4.a.1;2;100.0;32;Espírito Santo;11086;2019;41116;Acesso à eletricidade;11086
Indicador  4.a.1;2;72.3;32;Espírito Santo;11086;2019;41117;Acesso à internet;11086
Indicador  4.a.1;2;96.5;32;Espírito Santo;11086;2019;41118;Computador para fins pedagógicos;11086
Indicador  4.a.1;2;88.9;32;Espírito Santo;11086;2019;41119;Infraestrutura adaptada para alunos com deficiência;11086
Indicador  4.a.1;2;100.0;32;Espírito Santo;11086;2019;41120;Abastecimento de água;11086
Indicador  4.a.1;2;99.1;32;Espírito Santo;11086;2019;41121;Água Filtrada;11086
Indicador  4.a.1;2;100.0;32;Espírito Santo;11086;2020;41115;Total;11086
Indicador  4.a.1;2;100.0;32;Espírito Santo;11086;2020;41116;Acesso à eletricidade;11086
Indicador  4.a.1;2;73.2;32;Espírito Santo;11086;2020;41117;Acesso à internet;11086
Indicador  4.a.1;2;95.0;32;Espírito Santo;11086;2020;41118;Computador para fins pedagógicos;11086
Indicador  4.a.1;2;90.0;32;Espírito Santo;11086;2020;41119;Infraestrutura adaptada para alunos com deficiência;11086
Indicador  4.a.1;2;100.0;32;Espírito Santo;11086;2020;41120;Abastecimento de água;11086
Indicador  4.a.1;2;99.3;32;Espírito Santo;11086;2020;41121;Água Filtrada;11086
Indicador  4.a.1;2;100.0;32;Espírito Santo;11086;2021;41115;Total;11086
Indicador  4.a.1;2;100.0;32;Espírito Santo;11086;2021;41116;Acesso à eletricidade;11086
Indicador  4.a.1;2;77.6;32;Espírito Santo;11086;2021;41117;Acesso à internet;11086
Indicador  4.a.1;2;94.3;32;Espírito Santo;11086;2021;41118;Computador para fins pedagógicos;11086
Indicador  4.a.1;2;94.3;32;Espírito Santo;11086;2021;41119;Infraestrutura adaptada para alunos com deficiência;11086
Indicador  4.a.1;2;99.8;32;Espírito Santo;11086;2021;41120;Abastecimento de água;11086
Indicador  4.a.1;2;99.3;32;Espírito Santo;11086;2021;41121;Água Filtrada;11086
Indicador  4.a.1;2;100.0;32;Espírito Santo;11086;2022;41115;Total;11086
Indicador  4.a.1;2;100.0;32;Espírito Santo;11086;2022;41116;Acesso à eletricidade;11086
Indicador  4.a.1;2;81.4;32;Espírito Santo;11086;2022;41117;Acesso à internet;11086
Indicador  4.a.1;2;97.9;32;Espírito Santo;11086;2022;41118;Computador para fins pedagógicos;11086
Indicador  4.a.1;2;97.2;32;Espírito Santo;11086;2022;41119;Infraestrutura adaptada para alunos com deficiência;11086
Indicador  4.a.1;2;100.0;32;Espírito Santo;11086;2022;41120;Abastecimento de água;11086
Indicador  4.a.1;2;99.3;32;Espírito Santo;11086;2022;41121;Água Filtrada;11086
Indicador  4.a.1;2;100.0;33;Rio de Janeiro;11086;2018;41115;Total;11086
Indicador  4.a.1;2;100.0;33;Rio de Janeiro;11086;2018;41116;Acesso à eletricidade;11086
Indicador  4.a.1;2;-;33;Rio de Janeiro;11086;2018;41117;Acesso à internet;11086
Indicador  4.a.1;2;85.2;33;Rio de Janeiro;11086;2018;41118;Computador para fins pedagógicos;11086
Indicador  4.a.1;2;52.9;33;Rio de Janeiro;11086;2018;41119;Infraestrutura adaptada para alunos com deficiência;11086
Indicador  4.a.1;2;99.9;33;Rio de Janeiro;11086;2018;41120;Abastecimento de água;11086
Indicador  4.a.1;2;99.8;33;Rio de Janeiro;11086;2018;41121;Água Filtrada;11086
Indicador  4.a.1;2;100.0;33;Rio de Janeiro;11086;2019;41115;Total;11086
Indicador  4.a.1;2;100.0;33;Rio de Janeiro;11086;2019;41116;Acesso à eletricidade;11086
Indicador  4.a.1;2;45.0;33;Rio de Janeiro;11086;2019;41117;Acesso à internet;11086
Indicador  4.a.1;2;78.2;33;Rio de Janeiro;11086;2019;41118;Computador para fins pedagógicos;11086
Indicador  4.a.1;2;88.4;33;Rio de Janeiro;11086;2019;41119;Infraestrutura adaptada para alunos com deficiência;11086
Indicador  4.a.1;2;99.6;33;Rio de Janeiro;11086;2019;41120;Abastecimento de água;11086
Indicador  4.a.1;2;99.5;33;Rio de Janeiro;11086;2019;41121;Água Filtrada;11086
Indicador  4.a.1;2;100.0;33;Rio de Janeiro;11086;2020;41115;Total;11086
Indicador  4.a.1;2;100.0;33;Rio de Janeiro;11086;2020;41116;Acesso à eletricidade;11086
Indicador  4.a.1;2;44.8;33;Rio de Janeiro;11086;2020;41117;Acesso à internet;11086
Indicador  4.a.1;2;84.8;33;Rio de Janeiro;11086;2020;41118;Computador para fins pedagógicos;11086
Indicador  4.a.1;2;88.6;33;Rio de Janeiro;11086;2020;41119;Infraestrutura adaptada para alunos com deficiência;11086
Indicador  4.a.1;2;99.6;33;Rio de Janeiro;11086;2020;41120;Abastecimento de água;11086
Indicador  4.a.1;2;99.5;33;Rio de Janeiro;11086;2020;41121;Água Filtrada;11086
Indicador  4.a.1;2;100.0;33;Rio de Janeiro;11086;2021;41115;Total;11086
Indicador  4.a.1;2;100.0;33;Rio de Janeiro;11086;2021;41116;Acesso à eletricidade;11086
Indicador  4.a.1;2;48.7;33;Rio de Janeiro;11086;2021;41117;Acesso à internet;11086
Indicador  4.a.1;2;84.6;33;Rio de Janeiro;11086;2021;41118;Computador para fins pedagógicos;11086
Indicador  4.a.1;2;90.6;33;Rio de Janeiro;11086;2021;41119;Infraestrutura adaptada para alunos com deficiência;11086
Indicador  4.a.1;2;99.6;33;Rio de Janeiro;11086;2021;41120;Abastecimento de água;11086
Indicador  4.a.1;2;99.6;33;Rio de Janeiro;11086;2021;41121;Água Filtrada;11086
Indicador  4.a.1;2;100.0;33;Rio de Janeiro;11086;2022;41115;Total;11086
Indicador  4.a.1;2;100.0;33;Rio de Janeiro;11086;2022;41116;Acesso à eletricidade;11086
Indicador  4.a.1;2;50.6;33;Rio de Janeiro;11086;2022;41117;Acesso à internet;11086
Indicador  4.a.1;2;90.1;33;Rio de Janeiro;11086;2022;41118;Computador para fins pedagógicos;11086
Indicador  4.a.1;2;91.2;33;Rio de Janeiro;11086;2022;41119;Infraestrutura adaptada para alunos com deficiência;11086
Indicador  4.a.1;2;100.0;33;Rio de Janeiro;11086;2022;41120;Abastecimento de água;11086
Indicador  4.a.1;2;99.5;33;Rio de Janeiro;11086;2022;41121;Água Filtrada;11086
Indicador  4.a.1;2;100.0;35;São Paulo;11086;2018;41115;Total;11086
Indicador  4.a.1;2;100.0;35;São Paulo;11086;2018;41116;Acesso à eletricidade;11086
Indicador  4.a.1;2;-;35;São Paulo;11086;2018;41117;Acesso à internet;11086
Indicador  4.a.1;2;93.9;35;São Paulo;11086;2018;41118;Computador para fins pedagógicos;11086
Indicador  4.a.1;2;27.2;35;São Paulo;11086;2018;41119;Infraestrutura adaptada para alunos com deficiência;11086
Indicador  4.a.1;2;100.0;35;São Paulo;11086;2018;41120;Abastecimento de água;11086
Indicador  4.a.1;2;100.0;35;São Paulo;11086;2018;41121;Água Filtrada;11086
Indicador  4.a.1;2;100.0;35;São Paulo;11086;2019;41115;Total;11086
Indicador  4.a.1;2;100.0;35;São Paulo;11086;2019;41116;Acesso à eletricidade;11086
Indicador  4.a.1;2;59.0;35;São Paulo;11086;2019;41117;Acesso à internet;11086
Indicador  4.a.1;2;94.5;35;São Paulo;11086;2019;41118;Computador para fins pedagógicos;11086
Indicador  4.a.1;2;33.0;35;São Paulo;11086;2019;41119;Infraestrutura adaptada para alunos com deficiência;11086
Indicador  4.a.1;2;100.0;35;São Paulo;11086;2019;41120;Abastecimento de água;11086
Indicador  4.a.1;2;99.9;35;São Paulo;11086;2019;41121;Água Filtrada;11086
Indicador  4.a.1;2;100.0;35;São Paulo;11086;2020;41115;Total;11086
Indicador  4.a.1;2;100.0;35;São Paulo;11086;2020;41116;Acesso à eletricidade;11086
Indicador  4.a.1;2;74.7;35;São Paulo;11086;2020;41117;Acesso à internet;11086
Indicador  4.a.1;2;94.9;35;São Paulo;11086;2020;41118;Computador para fins pedagógicos;11086
Indicador  4.a.1;2;41.8;35;São Paulo;11086;2020;41119;Infraestrutura adaptada para alunos com deficiência;11086
Indicador  4.a.1;2;100.0;35;São Paulo;11086;2020;41120;Abastecimento de água;11086
Indicador  4.a.1;2;100.0;35;São Paulo;11086;2020;41121;Água Filtrada;11086
Indicador  4.a.1;2;100.0;35;São Paulo;11086;2021;41115;Total;11086
Indicador  4.a.1;2;100.0;35;São Paulo;11086;2021;41116;Acesso à eletricidade;11086
Indicador  4.a.1;2;79.5;35;São Paulo;11086;2021;41117;Acesso à internet;11086
Indicador  4.a.1;2;94.6;35;São Paulo;11086;2021;41118;Computador para fins pedagógicos;11086
Indicador  4.a.1;2;47.4;35;São Paulo;11086;2021;41119;Infraestrutura adaptada para alunos com deficiência;11086
Indicador  4.a.1;2;100.0;35;São Paulo;11086;2021;41120;Abastecimento de água;11086
Indicador  4.a.1;2;100.0;35;São Paulo;11086;2021;41121;Água Filtrada;11086
Indicador  4.a.1;2;100.0;35;São Paulo;11086;2022;41115;Total;11086
Indicador  4.a.1;2;99.8;35;São Paulo;11086;2022;41116;Acesso à eletricidade;11086
Indicador  4.a.1;2;83.1;35;São Paulo;11086;2022;41117;Acesso à internet;11086
Indicador  4.a.1;2;95.4;35;São Paulo;11086;2022;41118;Computador para fins pedagógicos;11086
Indicador  4.a.1;2;47.6;35;São Paulo;11086;2022;41119;Infraestrutura adaptada para alunos com deficiência;11086
Indicador  4.a.1;2;99.8;35;São Paulo;11086;2022;41120;Abastecimento de água;11086
Indicador  4.a.1;2;99.6;35;São Paulo;11086;2022;41121;Água Filtrada;11086
Indicador  4.a.1;2;100.0;41;Paraná;11086;2018;41115;Total;11086
Indicador  4.a.1;2;100.0;41;Paraná;11086;2018;41116;Acesso à eletricidade;11086
Indicador  4.a.1;2;-;41;Paraná;11086;2018;41117;Acesso à internet;11086
Indicador  4.a.1;2;94.1;41;Paraná;11086;2018;41118;Computador para fins pedagógicos;11086
Indicador  4.a.1;2;64.6;41;Paraná;11086;2018;41119;Infraestrutura adaptada para alunos com deficiência;11086
Indicador  4.a.1;2;100.0;41;Paraná;11086;2018;41120;Abastecimento de água;11086
Indicador  4.a.1;2;63.0;41;Paraná;11086;2018;41121;Água Filtrada;11086
Indicador  4.a.1;2;100.0;41;Paraná;11086;2019;41115;Total;11086
Indicador  4.a.1;2;100.0;41;Paraná;11086;2019;41116;Acesso à eletricidade;11086
Indicador  4.a.1;2;77.2;41;Paraná;11086;2019;41117;Acesso à internet;11086
Indicador  4.a.1;2;96.0;41;Paraná;11086;2019;41118;Computador para fins pedagógicos;11086
Indicador  4.a.1;2;92.6;41;Paraná;11086;2019;41119;Infraestrutura adaptada para alunos com deficiência;11086
Indicador  4.a.1;2;100.0;41;Paraná;11086;2019;41120;Abastecimento de água;11086
Indicador  4.a.1;2;98.3;41;Paraná;11086;2019;41121;Água Filtrada;11086
Indicador  4.a.1;2;100.0;41;Paraná;11086;2020;41115;Total;11086
Indicador  4.a.1;2;100.0;41;Paraná;11086;2020;41116;Acesso à eletricidade;11086
Indicador  4.a.1;2;79.5;41;Paraná;11086;2020;41117;Acesso à internet;11086
Indicador  4.a.1;2;97.2;41;Paraná;11086;2020;41118;Computador para fins pedagógicos;11086
Indicador  4.a.1;2;95.0;41;Paraná;11086;2020;41119;Infraestrutura adaptada para alunos com deficiência;11086
Indicador  4.a.1;2;100.0;41;Paraná;11086;2020;41120;Abastecimento de água;11086
Indicador  4.a.1;2;98.8;41;Paraná;11086;2020;41121;Água Filtrada;11086
Indicador  4.a.1;2;100.0;41;Paraná;11086;2021;41115;Total;11086
Indicador  4.a.1;2;100.0;41;Paraná;11086;2021;41116;Acesso à eletricidade;11086
Indicador  4.a.1;2;80.6;41;Paraná;11086;2021;41117;Acesso à internet;11086
Indicador  4.a.1;2;96.9;41;Paraná;11086;2021;41118;Computador para fins pedagógicos;11086
Indicador  4.a.1;2;95.9;41;Paraná;11086;2021;41119;Infraestrutura adaptada para alunos com deficiência;11086
Indicador  4.a.1;2;100.0;41;Paraná;11086;2021;41120;Abastecimento de água;11086
Indicador  4.a.1;2;99.1;41;Paraná;11086;2021;41121;Água Filtrada;11086
Indicador  4.a.1;2;100.0;41;Paraná;11086;2022;41115;Total;11086
Indicador  4.a.1;2;100.0;41;Paraná;11086;2022;41116;Acesso à eletricidade;11086
Indicador  4.a.1;2;84.4;41;Paraná;11086;2022;41117;Acesso à internet;11086
Indicador  4.a.1;2;98.8;41;Paraná;11086;2022;41118;Computador para fins pedagógicos;11086
Indicador  4.a.1;2;96.4;41;Paraná;11086;2022;41119;Infraestrutura adaptada para alunos com deficiência;11086
Indicador  4.a.1;2;100.0;41;Paraná;11086;2022;41120;Abastecimento de água;11086
Indicador  4.a.1;2;98.9;41;Paraná;11086;2022;41121;Água Filtrada;11086
Indicador  4.a.1;2;100.0;42;Santa Catarina;11086;2018;41115;Total;11086
Indicador  4.a.1;2;100.0;42;Santa Catarina;11086;2018;41116;Acesso à eletricidade;11086
Indicador  4.a.1;2;-;42;Santa Catarina;11086;2018;41117;Acesso à internet;11086
Indicador  4.a.1;2;94.3;42;Santa Catarina;11086;2018;41118;Computador para fins pedagógicos;11086
Indicador  4.a.1;2;87.3;42;Santa Catarina;11086;2018;41119;Infraestrutura adaptada para alunos com deficiência;11086
Indicador  4.a.1;2;99.9;42;Santa Catarina;11086;2018;41120;Abastecimento de água;11086
Indicador  4.a.1;2;73.9;42;Santa Catarina;11086;2018;41121;Água Filtrada;11086
Indicador  4.a.1;2;100.0;42;Santa Catarina;11086;2019;41115;Total;11086
Indicador  4.a.1;2;100.0;42;Santa Catarina;11086;2019;41116;Acesso à eletricidade;11086
Indicador  4.a.1;2;62.9;42;Santa Catarina;11086;2019;41117;Acesso à internet;11086
Indicador  4.a.1;2;93.1;42;Santa Catarina;11086;2019;41118;Computador para fins pedagógicos;11086
Indicador  4.a.1;2;96.1;42;Santa Catarina;11086;2019;41119;Infraestrutura adaptada para alunos com deficiência;11086
Indicador  4.a.1;2;99.9;42;Santa Catarina;11086;2019;41120;Abastecimento de água;11086
Indicador  4.a.1;2;98.8;42;Santa Catarina;11086;2019;41121;Água Filtrada;11086
Indicador  4.a.1;2;100.0;42;Santa Catarina;11086;2020;41115;Total;11086
Indicador  4.a.1;2;100.0;42;Santa Catarina;11086;2020;41116;Acesso à eletricidade;11086
Indicador  4.a.1;2;64.4;42;Santa Catarina;11086;2020;41117;Acesso à internet;11086
Indicador  4.a.1;2;95.6;42;Santa Catarina;11086;2020;41118;Computador para fins pedagógicos;11086
Indicador  4.a.1;2;97.2;42;Santa Catarina;11086;2020;41119;Infraestrutura adaptada para alunos com deficiência;11086
Indicador  4.a.1;2;100.0;42;Santa Catarina;11086;2020;41120;Abastecimento de água;11086
Indicador  4.a.1;2;92.7;42;Santa Catarina;11086;2020;41121;Água Filtrada;11086
Indicador  4.a.1;2;100.0;42;Santa Catarina;11086;2021;41115;Total;11086
Indicador  4.a.1;2;100.0;42;Santa Catarina;11086;2021;41116;Acesso à eletricidade;11086
Indicador  4.a.1;2;68.8;42;Santa Catarina;11086;2021;41117;Acesso à internet;11086
Indicador  4.a.1;2;96.8;42;Santa Catarina;11086;2021;41118;Computador para fins pedagógicos;11086
Indicador  4.a.1;2;97.9;42;Santa Catarina;11086;2021;41119;Infraestrutura adaptada para alunos com deficiência;11086
Indicador  4.a.1;2;100.0;42;Santa Catarina;11086;2021;41120;Abastecimento de água;11086
Indicador  4.a.1;2;94.1;42;Santa Catarina;11086;2021;41121;Água Filtrada;11086
Indicador  4.a.1;2;100.0;42;Santa Catarina;11086;2022;41115;Total;11086
Indicador  4.a.1;2;100.0;42;Santa Catarina;11086;2022;41116;Acesso à eletricidade;11086
Indicador  4.a.1;2;71.9;42;Santa Catarina;11086;2022;41117;Acesso à internet;11086
Indicador  4.a.1;2;96.9;42;Santa Catarina;11086;2022;41118;Computador para fins pedagógicos;11086
Indicador  4.a.1;2;97.1;42;Santa Catarina;11086;2022;41119;Infraestrutura adaptada para alunos com deficiência;11086
Indicador  4.a.1;2;100.0;42;Santa Catarina;11086;2022;41120;Abastecimento de água;11086
Indicador  4.a.1;2;94.1;42;Santa Catarina;11086;2022;41121;Água Filtrada;11086
Indicador  4.a.1;2;100.0;43;Rio Grande do Sul;11086;2018;41115;Total;11086
Indicador  4.a.1;2;99.9;43;Rio Grande do Sul;11086;2018;41116;Acesso à eletricidade;11086
Indicador  4.a.1;2;-;43;Rio Grande do Sul;11086;2018;41117;Acesso à internet;11086
Indicador  4.a.1;2;93.3;43;Rio Grande do Sul;11086;2018;41118;Computador para fins pedagógicos;11086
Indicador  4.a.1;2;51.2;43;Rio Grande do Sul;11086;2018;41119;Infraestrutura adaptada para alunos com deficiência;11086
Indicador  4.a.1;2;99.8;43;Rio Grande do Sul;11086;2018;41120;Abastecimento de água;11086
Indicador  4.a.1;2;28.0;43;Rio Grande do Sul;11086;2018;41121;Água Filtrada;11086
Indicador  4.a.1;2;100.0;43;Rio Grande do Sul;11086;2019;41115;Total;11086
Indicador  4.a.1;2;100.0;43;Rio Grande do Sul;11086;2019;41116;Acesso à eletricidade;11086
Indicador  4.a.1;2;74.5;43;Rio Grande do Sul;11086;2019;41117;Acesso à internet;11086
Indicador  4.a.1;2;90.4;43;Rio Grande do Sul;11086;2019;41118;Computador para fins pedagógicos;11086
Indicador  4.a.1;2;60.1;43;Rio Grande do Sul;11086;2019;41119;Infraestrutura adaptada para alunos com deficiência;11086
Indicador  4.a.1;2;99.6;43;Rio Grande do Sul;11086;2019;41120;Abastecimento de água;11086
Indicador  4.a.1;2;41.1;43;Rio Grande do Sul;11086;2019;41121;Água Filtrada;11086
Indicador  4.a.1;2;100.0;43;Rio Grande do Sul;11086;2020;41115;Total;11086
Indicador  4.a.1;2;100.0;43;Rio Grande do Sul;11086;2020;41116;Acesso à eletricidade;11086
Indicador  4.a.1;2;74.0;43;Rio Grande do Sul;11086;2020;41117;Acesso à internet;11086
Indicador  4.a.1;2;94.8;43;Rio Grande do Sul;11086;2020;41118;Computador para fins pedagógicos;11086
Indicador  4.a.1;2;64.7;43;Rio Grande do Sul;11086;2020;41119;Infraestrutura adaptada para alunos com deficiência;11086
Indicador  4.a.1;2;99.8;43;Rio Grande do Sul;11086;2020;41120;Abastecimento de água;11086
Indicador  4.a.1;2;44.9;43;Rio Grande do Sul;11086;2020;41121;Água Filtrada;11086
Indicador  4.a.1;2;100.0;43;Rio Grande do Sul;11086;2021;41115;Total;11086
Indicador  4.a.1;2;100.0;43;Rio Grande do Sul;11086;2021;41116;Acesso à eletricidade;11086
Indicador  4.a.1;2;81.9;43;Rio Grande do Sul;11086;2021;41117;Acesso à internet;11086
Indicador  4.a.1;2;96.4;43;Rio Grande do Sul;11086;2021;41118;Computador para fins pedagógicos;11086
Indicador  4.a.1;2;77.0;43;Rio Grande do Sul;11086;2021;41119;Infraestrutura adaptada para alunos com deficiência;11086
Indicador  4.a.1;2;99.9;43;Rio Grande do Sul;11086;2021;41120;Abastecimento de água;11086
Indicador  4.a.1;2;94.4;43;Rio Grande do Sul;11086;2021;41121;Água Filtrada;11086
Indicador  4.a.1;2;100.0;43;Rio Grande do Sul;11086;2022;41115;Total;11086
Indicador  4.a.1;2;100.0;43;Rio Grande do Sul;11086;2022;41116;Acesso à eletricidade;11086
Indicador  4.a.1;2;85.5;43;Rio Grande do Sul;11086;2022;41117;Acesso à internet;11086
Indicador  4.a.1;2;97.0;43;Rio Grande do Sul;11086;2022;41118;Computador para fins pedagógicos;11086
Indicador  4.a.1;2;79.0;43;Rio Grande do Sul;11086;2022;41119;Infraestrutura adaptada para alunos com deficiência;11086
Indicador  4.a.1;2;99.9;43;Rio Grande do Sul;11086;2022;41120;Abastecimento de água;11086
Indicador  4.a.1;2;99.3;43;Rio Grande do Sul;11086;2022;41121;Água Filtrada;11086
Indicador  4.a.1;2;100.0;50;Mato Grosso do Sul;11086;2018;41115;Total;11086
Indicador  4.a.1;2;100.0;50;Mato Grosso do Sul;11086;2018;41116;Acesso à eletricidade;11086
Indicador  4.a.1;2;-;50;Mato Grosso do Sul;11086;2018;41117;Acesso à internet;11086
Indicador  4.a.1;2;96.9;50;Mato Grosso do Sul;11086;2018;41118;Computador para fins pedagógicos;11086
Indicador  4.a.1;2;64.6;50;Mato Grosso do Sul;11086;2018;41119;Infraestrutura adaptada para alunos com deficiência;11086
Indicador  4.a.1;2;100.0;50;Mato Grosso do Sul;11086;2018;41120;Abastecimento de água;11086
Indicador  4.a.1;2;82.4;50;Mato Grosso do Sul;11086;2018;41121;Água Filtrada;11086
Indicador  4.a.1;2;100.0;50;Mato Grosso do Sul;11086;2019;41115;Total;11086
Indicador  4.a.1;2;100.0;50;Mato Grosso do Sul;11086;2019;41116;Acesso à eletricidade;11086
Indicador  4.a.1;2;59.8;50;Mato Grosso do Sul;11086;2019;41117;Acesso à internet;11086
Indicador  4.a.1;2;91.4;50;Mato Grosso do Sul;11086;2019;41118;Computador para fins pedagógicos;11086
Indicador  4.a.1;2;84.5;50;Mato Grosso do Sul;11086;2019;41119;Infraestrutura adaptada para alunos com deficiência;11086
Indicador  4.a.1;2;100.0;50;Mato Grosso do Sul;11086;2019;41120;Abastecimento de água;11086
Indicador  4.a.1;2;98.6;50;Mato Grosso do Sul;11086;2019;41121;Água Filtrada;11086
Indicador  4.a.1;2;100.0;50;Mato Grosso do Sul;11086;2020;41115;Total;11086
Indicador  4.a.1;2;100.0;50;Mato Grosso do Sul;11086;2020;41116;Acesso à eletricidade;11086
Indicador  4.a.1;2;63.2;50;Mato Grosso do Sul;11086;2020;41117;Acesso à internet;11086
Indicador  4.a.1;2;95.0;50;Mato Grosso do Sul;11086;2020;41118;Computador para fins pedagógicos;11086
Indicador  4.a.1;2;86.5;50;Mato Grosso do Sul;11086;2020;41119;Infraestrutura adaptada para alunos com deficiência;11086
Indicador  4.a.1;2;100.0;50;Mato Grosso do Sul;11086;2020;41120;Abastecimento de água;11086
Indicador  4.a.1;2;98.8;50;Mato Grosso do Sul;11086;2020;41121;Água Filtrada;11086
Indicador  4.a.1;2;100.0;50;Mato Grosso do Sul;11086;2021;41115;Total;11086
Indicador  4.a.1;2;100.0;50;Mato Grosso do Sul;11086;2021;41116;Acesso à eletricidade;11086
Indicador  4.a.1;2;69.3;50;Mato Grosso do Sul;11086;2021;41117;Acesso à internet;11086
Indicador  4.a.1;2;95.9;50;Mato Grosso do Sul;11086;2021;41118;Computador para fins pedagógicos;11086
Indicador  4.a.1;2;88.6;50;Mato Grosso do Sul;11086;2021;41119;Infraestrutura adaptada para alunos com deficiência;11086
Indicador  4.a.1;2;100.0;50;Mato Grosso do Sul;11086;2021;41120;Abastecimento de água;11086
Indicador  4.a.1;2;99.1;50;Mato Grosso do Sul;11086;2021;41121;Água Filtrada;11086
Indicador  4.a.1;2;100.0;50;Mato Grosso do Sul;11086;2022;41115;Total;11086
Indicador  4.a.1;2;100.0;50;Mato Grosso do Sul;11086;2022;41116;Acesso à eletricidade;11086
Indicador  4.a.1;2;73.2;50;Mato Grosso do Sul;11086;2022;41117;Acesso à internet;11086
Indicador  4.a.1;2;97.1;50;Mato Grosso do Sul;11086;2022;41118;Computador para fins pedagógicos;11086
Indicador  4.a.1;2;89.9;50;Mato Grosso do Sul;11086;2022;41119;Infraestrutura adaptada para alunos com deficiência;11086
Indicador  4.a.1;2;100.0;50;Mato Grosso do Sul;11086;2022;41120;Abastecimento de água;11086
Indicador  4.a.1;2;99.1;50;Mato Grosso do Sul;11086;2022;41121;Água Filtrada;11086
Indicador  4.a.1;2;100.0;51;Mato Grosso;11086;2018;41115;Total;11086
Indicador  4.a.1;2;99.7;51;Mato Grosso;11086;2018;41116;Acesso à eletricidade;11086
Indicador  4.a.1;2;-;51;Mato Grosso;11086;2018;41117;Acesso à internet;11086
Indicador  4.a.1;2;84.6;51;Mato Grosso;11086;2018;41118;Computador para fins pedagógicos;11086
Indicador  4.a.1;2;50.8;51;Mato Grosso;11086;2018;41119;Infraestrutura adaptada para alunos com deficiência;11086
Indicador  4.a.1;2;99.5;51;Mato Grosso;11086;2018;41120;Abastecimento de água;11086
Indicador  4.a.1;2;94.2;51;Mato Grosso;11086;2018;41121;Água Filtrada;11086
Indicador  4.a.1;2;100.0;51;Mato Grosso;11086;2019;41115;Total;11086
Indicador  4.a.1;2;99.1;51;Mato Grosso;11086;2019;41116;Acesso à eletricidade;11086
Indicador  4.a.1;2;54.1;51;Mato Grosso;11086;2019;41117;Acesso à internet;11086
Indicador  4.a.1;2;79.9;51;Mato Grosso;11086;2019;41118;Computador para fins pedagógicos;11086
Indicador  4.a.1;2;79.9;51;Mato Grosso;11086;2019;41119;Infraestrutura adaptada para alunos com deficiência;11086
Indicador  4.a.1;2;99.7;51;Mato Grosso;11086;2019;41120;Abastecimento de água;11086
Indicador  4.a.1;2;85.0;51;Mato Grosso;11086;2019;41121;Água Filtrada;11086
Indicador  4.a.1;2;100.0;51;Mato Grosso;11086;2020;41115;Total;11086
Indicador  4.a.1;2;99.1;51;Mato Grosso;11086;2020;41116;Acesso à eletricidade;11086
Indicador  4.a.1;2;54.9;51;Mato Grosso;11086;2020;41117;Acesso à internet;11086
Indicador  4.a.1;2;85.5;51;Mato Grosso;11086;2020;41118;Computador para fins pedagógicos;11086
Indicador  4.a.1;2;82.9;51;Mato Grosso;11086;2020;41119;Infraestrutura adaptada para alunos com deficiência;11086
Indicador  4.a.1;2;98.8;51;Mato Grosso;11086;2020;41120;Abastecimento de água;11086
Indicador  4.a.1;2;94.3;51;Mato Grosso;11086;2020;41121;Água Filtrada;11086
Indicador  4.a.1;2;100.0;51;Mato Grosso;11086;2021;41115;Total;11086
Indicador  4.a.1;2;99.9;51;Mato Grosso;11086;2021;41116;Acesso à eletricidade;11086
Indicador  4.a.1;2;57.2;51;Mato Grosso;11086;2021;41117;Acesso à internet;11086
Indicador  4.a.1;2;87.8;51;Mato Grosso;11086;2021;41118;Computador para fins pedagógicos;11086
Indicador  4.a.1;2;83.7;51;Mato Grosso;11086;2021;41119;Infraestrutura adaptada para alunos com deficiência;11086
Indicador  4.a.1;2;99.0;51;Mato Grosso;11086;2021;41120;Abastecimento de água;11086
Indicador  4.a.1;2;100.0;51;Mato Grosso;11086;2021;41121;Água Filtrada;11086
Indicador  4.a.1;2;100.0;51;Mato Grosso;11086;2022;41115;Total;11086
Indicador  4.a.1;2;99.7;51;Mato Grosso;11086;2022;41116;Acesso à eletricidade;11086
Indicador  4.a.1;2;65.2;51;Mato Grosso;11086;2022;41117;Acesso à internet;11086
Indicador  4.a.1;2;89.8;51;Mato Grosso;11086;2022;41118;Computador para fins pedagógicos;11086
Indicador  4.a.1;2;83.5;51;Mato Grosso;11086;2022;41119;Infraestrutura adaptada para alunos com deficiência;11086
Indicador  4.a.1;2;99.3;51;Mato Grosso;11086;2022;41120;Abastecimento de água;11086
Indicador  4.a.1;2;100.0;51;Mato Grosso;11086;2022;41121;Água Filtrada;11086
Indicador  4.a.1;2;100.0;52;Goiás;11086;2018;41115;Total;11086
Indicador  4.a.1;2;100.0;52;Goiás;11086;2018;41116;Acesso à eletricidade;11086
Indicador  4.a.1;2;-;52;Goiás;11086;2018;41117;Acesso à internet;11086
Indicador  4.a.1;2;82.6;52;Goiás;11086;2018;41118;Computador para fins pedagógicos;11086
Indicador  4.a.1;2;61.8;52;Goiás;11086;2018;41119;Infraestrutura adaptada para alunos com deficiência;11086
Indicador  4.a.1;2;100.0;52;Goiás;11086;2018;41120;Abastecimento de água;11086
Indicador  4.a.1;2;94.9;52;Goiás;11086;2018;41121;Água Filtrada;11086
Indicador  4.a.1;2;100.0;52;Goiás;11086;2019;41115;Total;11086
Indicador  4.a.1;2;99.9;52;Goiás;11086;2019;41116;Acesso à eletricidade;11086
Indicador  4.a.1;2;53.6;52;Goiás;11086;2019;41117;Acesso à internet;11086
Indicador  4.a.1;2;72.3;52;Goiás;11086;2019;41118;Computador para fins pedagógicos;11086
Indicador  4.a.1;2;91.9;52;Goiás;11086;2019;41119;Infraestrutura adaptada para alunos com deficiência;11086
Indicador  4.a.1;2;99.9;52;Goiás;11086;2019;41120;Abastecimento de água;11086
Indicador  4.a.1;2;98.3;52;Goiás;11086;2019;41121;Água Filtrada;11086
Indicador  4.a.1;2;100.0;52;Goiás;11086;2020;41115;Total;11086
Indicador  4.a.1;2;99.9;52;Goiás;11086;2020;41116;Acesso à eletricidade;11086
Indicador  4.a.1;2;56.6;52;Goiás;11086;2020;41117;Acesso à internet;11086
Indicador  4.a.1;2;76.4;52;Goiás;11086;2020;41118;Computador para fins pedagógicos;11086
Indicador  4.a.1;2;93.0;52;Goiás;11086;2020;41119;Infraestrutura adaptada para alunos com deficiência;11086
Indicador  4.a.1;2;99.9;52;Goiás;11086;2020;41120;Abastecimento de água;11086
Indicador  4.a.1;2;98.5;52;Goiás;11086;2020;41121;Água Filtrada;11086
Indicador  4.a.1;2;100.0;52;Goiás;11086;2021;41115;Total;11086
Indicador  4.a.1;2;100.0;52;Goiás;11086;2021;41116;Acesso à eletricidade;11086
Indicador  4.a.1;2;65.5;52;Goiás;11086;2021;41117;Acesso à internet;11086
Indicador  4.a.1;2;80.1;52;Goiás;11086;2021;41118;Computador para fins pedagógicos;11086
Indicador  4.a.1;2;95.1;52;Goiás;11086;2021;41119;Infraestrutura adaptada para alunos com deficiência;11086
Indicador  4.a.1;2;99.9;52;Goiás;11086;2021;41120;Abastecimento de água;11086
Indicador  4.a.1;2;99.6;52;Goiás;11086;2021;41121;Água Filtrada;11086
Indicador  4.a.1;2;100.0;52;Goiás;11086;2022;41115;Total;11086
Indicador  4.a.1;2;100.0;52;Goiás;11086;2022;41116;Acesso à eletricidade;11086
Indicador  4.a.1;2;79.0;52;Goiás;11086;2022;41117;Acesso à internet;11086
Indicador  4.a.1;2;93.4;52;Goiás;11086;2022;41118;Computador para fins pedagógicos;11086
Indicador  4.a.1;2;97.7;52;Goiás;11086;2022;41119;Infraestrutura adaptada para alunos com deficiência;11086
Indicador  4.a.1;2;100.0;52;Goiás;11086;2022;41120;Abastecimento de água;11086
Indicador  4.a.1;2;100.0;52;Goiás;11086;2022;41121;Água Filtrada;11086
Indicador  4.a.1;2;100.0;53;Distrito Federal;11086;2018;41115;Total;11086
Indicador  4.a.1;2;100.0;53;Distrito Federal;11086;2018;41116;Acesso à eletricidade;11086
Indicador  4.a.1;2;-;53;Distrito Federal;11086;2018;41117;Acesso à internet;11086
Indicador  4.a.1;2;91.5;53;Distrito Federal;11086;2018;41118;Computador para fins pedagógicos;11086
Indicador  4.a.1;2;85.0;53;Distrito Federal;11086;2018;41119;Infraestrutura adaptada para alunos com deficiência;11086
Indicador  4.a.1;2;100.0;53;Distrito Federal;11086;2018;41120;Abastecimento de água;11086
Indicador  4.a.1;2;100.0;53;Distrito Federal;11086;2018;41121;Água Filtrada;11086
Indicador  4.a.1;2;100.0;53;Distrito Federal;11086;2019;41115;Total;11086
Indicador  4.a.1;2;100.0;53;Distrito Federal;11086;2019;41116;Acesso à eletricidade;11086
Indicador  4.a.1;2;50.8;53;Distrito Federal;11086;2019;41117;Acesso à internet;11086
Indicador  4.a.1;2;79.1;53;Distrito Federal;11086;2019;41118;Computador para fins pedagógicos;11086
Indicador  4.a.1;2;94.7;53;Distrito Federal;11086;2019;41119;Infraestrutura adaptada para alunos com deficiência;11086
Indicador  4.a.1;2;100.0;53;Distrito Federal;11086;2019;41120;Abastecimento de água;11086
Indicador  4.a.1;2;99.6;53;Distrito Federal;11086;2019;41121;Água Filtrada;11086
Indicador  4.a.1;2;100.0;53;Distrito Federal;11086;2020;41115;Total;11086
Indicador  4.a.1;2;100.0;53;Distrito Federal;11086;2020;41116;Acesso à eletricidade;11086
Indicador  4.a.1;2;56.3;53;Distrito Federal;11086;2020;41117;Acesso à internet;11086
Indicador  4.a.1;2;89.0;53;Distrito Federal;11086;2020;41118;Computador para fins pedagógicos;11086
Indicador  4.a.1;2;95.9;53;Distrito Federal;11086;2020;41119;Infraestrutura adaptada para alunos com deficiência;11086
Indicador  4.a.1;2;100.0;53;Distrito Federal;11086;2020;41120;Abastecimento de água;11086
Indicador  4.a.1;2;100.0;53;Distrito Federal;11086;2020;41121;Água Filtrada;11086
Indicador  4.a.1;2;100.0;53;Distrito Federal;11086;2021;41115;Total;11086
Indicador  4.a.1;2;100.0;53;Distrito Federal;11086;2021;41116;Acesso à eletricidade;11086
Indicador  4.a.1;2;60.9;53;Distrito Federal;11086;2021;41117;Acesso à internet;11086
Indicador  4.a.1;2;90.6;53;Distrito Federal;11086;2021;41118;Computador para fins pedagógicos;11086
Indicador  4.a.1;2;96.9;53;Distrito Federal;11086;2021;41119;Infraestrutura adaptada para alunos com deficiência;11086
Indicador  4.a.1;2;100.0;53;Distrito Federal;11086;2021;41120;Abastecimento de água;11086
Indicador  4.a.1;2;99.6;53;Distrito Federal;11086;2021;41121;Água Filtrada;11086
Indicador  4.a.1;2;100.0;53;Distrito Federal;11086;2022;41115;Total;11086
Indicador  4.a.1;2;100.0;53;Distrito Federal;11086;2022;41116;Acesso à eletricidade;11086
Indicador  4.a.1;2;62.7;53;Distrito Federal;11086;2022;41117;Acesso à internet;11086
Indicador  4.a.1;2;91.3;53;Distrito Federal;11086;2022;41118;Computador para fins pedagógicos;11086
Indicador  4.a.1;2;97.3;53;Distrito Federal;11086;2022;41119;Infraestrutura adaptada para alunos com deficiência;11086
Indicador  4.a.1;2;100.0;53;Distrito Federal;11086;2022;41120;Abastecimento de água;11086
Indicador  4.a.1;2;99.6;53;Distrito Federal;11086;2022;41121;Água Filtrada;11086
Indicador  4.a.1;1020;28673;1;Brasil;9607;2018;41115;Total;9607
Indicador  4.a.1;1020;28618;1;Brasil;9607;2018;41116;Acesso à eletricidade;9607
Indicador  4.a.1;1020;-;1;Brasil;9607;2018;41117;Acesso à internet;9607
Indicador  4.a.1;1020;25119;1;Brasil;9607;2018;41118;Computador para fins pedagógicos;9607
Indicador  4.a.1;1020;13411;1;Brasil;9607;2018;41119;Infraestrutura adaptada para alunos com deficiência;9607
Indicador  4.a.1;1020;28565;1;Brasil;9607;2018;41120;Abastecimento de água;9607
Indicador  4.a.1;1020;25535;1;Brasil;9607;2018;41121;Água Filtrada;9607
Indicador  4.a.1;1020;28860;1;Brasil;9607;2019;41115;Total;9607
Indicador  4.a.1;1020;28778;1;Brasil;9607;2019;41116;Acesso à eletricidade;9607
Indicador  4.a.1;1020;15162;1;Brasil;9607;2019;41117;Acesso à internet;9607
Indicador  4.a.1;1020;23928;1;Brasil;9607;2019;41118;Computador para fins pedagógicos;9607
Indicador  4.a.1;1020;19456;1;Brasil;9607;2019;41119;Infraestrutura adaptada para alunos com deficiência;9607
Indicador  4.a.1;1020;28757;1;Brasil;9607;2019;41120;Abastecimento de água;9607
Indicador  4.a.1;1020;27197;1;Brasil;9607;2019;41121;Água Filtrada;9607
Indicador  4.a.1;1020;28933;1;Brasil;9607;2020;41115;Total;9607
Indicador  4.a.1;1020;28852;1;Brasil;9607;2020;41116;Acesso à eletricidade;9607
Indicador  4.a.1;1020;16889;1;Brasil;9607;2020;41117;Acesso à internet;9607
Indicador  4.a.1;1020;24896;1;Brasil;9607;2020;41118;Computador para fins pedagógicos;9607
Indicador  4.a.1;1020;20466;1;Brasil;9607;2020;41119;Infraestrutura adaptada para alunos com deficiência;9607
Indicador  4.a.1;1020;28823;1;Brasil;9607;2020;41120;Abastecimento de água;9607
Indicador  4.a.1;1020;27284;1;Brasil;9607;2020;41121;Água Filtrada;9607
Indicador  4.a.1;1020;29167;1;Brasil;9607;2021;41115;Total;9607
Indicador  4.a.1;1020;29085;1;Brasil;9607;2021;41116;Acesso à eletricidade;9607
Indicador  4.a.1;1020;18203;1;Brasil;9607;2021;41117;Acesso à internet;9607
Indicador  4.a.1;1020;25280;1;Brasil;9607;2021;41118;Computador para fins pedagógicos;9607
Indicador  4.a.1;1020;21603;1;Brasil;9607;2021;41119;Infraestrutura adaptada para alunos com deficiência;9607
Indicador  4.a.1;1020;29048;1;Brasil;9607;2021;41120;Abastecimento de água;9607
Indicador  4.a.1;1020;28346;1;Brasil;9607;2021;41121;Água Filtrada;9607
Indicador  4.a.1;1020;29413;1;Brasil;9607;2022;41115;Total;9607
Indicador  4.a.1;1020;29302;1;Brasil;9607;2022;41116;Acesso à eletricidade;9607
Indicador  4.a.1;1020;19491;1;Brasil;9607;2022;41117;Acesso à internet;9607
Indicador  4.a.1;1020;26596;1;Brasil;9607;2022;41118;Computador para fins pedagógicos;9607
Indicador  4.a.1;1020;22290;1;Brasil;9607;2022;41119;Infraestrutura adaptada para alunos com deficiência;9607
Indicador  4.a.1;1020;29280;1;Brasil;9607;2022;41120;Abastecimento de água;9607
Indicador  4.a.1;1020;28703;1;Brasil;9607;2022;41121;Água Filtrada;9607
Indicador  4.a.1;1020;244;11;Rondônia;9607;2018;41115;Total;9607
Indicador  4.a.1;1020;244;11;Rondônia;9607;2018;41116;Acesso à eletricidade;9607
Indicador  4.a.1;1020;-;11;Rondônia;9607;2018;41117;Acesso à internet;9607
Indicador  4.a.1;1020;213;11;Rondônia;9607;2018;41118;Computador para fins pedagógicos;9607
Indicador  4.a.1;1020;151;11;Rondônia;9607;2018;41119;Infraestrutura adaptada para alunos com deficiência;9607
Indicador  4.a.1;1020;243;11;Rondônia;9607;2018;41120;Abastecimento de água;9607
Indicador  4.a.1;1020;241;11;Rondônia;9607;2018;41121;Água Filtrada;9607
Indicador  4.a.1;1020;245;11;Rondônia;9607;2019;41115;Total;9607
Indicador  4.a.1;1020;244;11;Rondônia;9607;2019;41116;Acesso à eletricidade;9607
Indicador  4.a.1;1020;124;11;Rondônia;9607;2019;41117;Acesso à internet;9607
Indicador  4.a.1;1020;208;11;Rondônia;9607;2019;41118;Computador para fins pedagógicos;9607
Indicador  4.a.1;1020;199;11;Rondônia;9607;2019;41119;Infraestrutura adaptada para alunos com deficiência;9607
Indicador  4.a.1;1020;243;11;Rondônia;9607;2019;41120;Abastecimento de água;9607
Indicador  4.a.1;1020;241;11;Rondônia;9607;2019;41121;Água Filtrada;9607
Indicador  4.a.1;1020;246;11;Rondônia;9607;2020;41115;Total;9607
Indicador  4.a.1;1020;246;11;Rondônia;9607;2020;41116;Acesso à eletricidade;9607
Indicador  4.a.1;1020;140;11;Rondônia;9607;2020;41117;Acesso à internet;9607
Indicador  4.a.1;1020;219;11;Rondônia;9607;2020;41118;Computador para fins pedagógicos;9607
Indicador  4.a.1;1020;205;11;Rondônia;9607;2020;41119;Infraestrutura adaptada para alunos com deficiência;9607
Indicador  4.a.1;1020;244;11;Rondônia;9607;2020;41120;Abastecimento de água;9607
Indicador  4.a.1;1020;243;11;Rondônia;9607;2020;41121;Água Filtrada;9607
Indicador  4.a.1;1020;249;11;Rondônia;9607;2021;41115;Total;9607
Indicador  4.a.1;1020;246;11;Rondônia;9607;2021;41116;Acesso à eletricidade;9607
Indicador  4.a.1;1020;159;11;Rondônia;9607;2021;41117;Acesso à internet;9607
Indicador  4.a.1;1020;231;11;Rondônia;9607;2021;41118;Computador para fins pedagógicos;9607
Indicador  4.a.1;1020;211;11;Rondônia;9607;2021;41119;Infraestrutura adaptada para alunos com deficiência;9607
Indicador  4.a.1;1020;248;11;Rondônia;9607;2021;41120;Abastecimento de água;9607
Indicador  4.a.1;1020;244;11;Rondônia;9607;2021;41121;Água Filtrada;9607
Indicador  4.a.1;1020;248;11;Rondônia;9607;2022;41115;Total;9607
Indicador  4.a.1;1020;248;11;Rondônia;9607;2022;41116;Acesso à eletricidade;9607
Indicador  4.a.1;1020;174;11;Rondônia;9607;2022;41117;Acesso à internet;9607
Indicador  4.a.1;1020;228;11;Rondônia;9607;2022;41118;Computador para fins pedagógicos;9607
Indicador  4.a.1;1020;210;11;Rondônia;9607;2022;41119;Infraestrutura adaptada para alunos com deficiência;9607
Indicador  4.a.1;1020;247;11;Rondônia;9607;2022;41120;Abastecimento de água;9607
Indicador  4.a.1;1020;243;11;Rondônia;9607;2022;41121;Água Filtrada;9607
Indicador  4.a.1;1020;227;12;Acre;9607;2018;41115;Total;9607
Indicador  4.a.1;1020;188;12;Acre;9607;2018;41116;Acesso à eletricidade;9607
Indicador  4.a.1;1020;-;12;Acre;9607;2018;41117;Acesso à internet;9607
Indicador  4.a.1;1020;89;12;Acre;9607;2018;41118;Computador para fins pedagógicos;9607
Indicador  4.a.1;1020;60;12;Acre;9607;2018;41119;Infraestrutura adaptada para alunos com deficiência;9607
Indicador  4.a.1;1020;181;12;Acre;9607;2018;41120;Abastecimento de água;9607
Indicador  4.a.1;1020;168;12;Acre;9607;2018;41121;Água Filtrada;9607
Indicador  4.a.1;1020;242;12;Acre;9607;2019;41115;Total;9607
Indicador  4.a.1;1020;194;12;Acre;9607;2019;41116;Acesso à eletricidade;9607
Indicador  4.a.1;1020;34;12;Acre;9607;2019;41117;Acesso à internet;9607
Indicador  4.a.1;1020;85;12;Acre;9607;2019;41118;Computador para fins pedagógicos;9607
Indicador  4.a.1;1020;109;12;Acre;9607;2019;41119;Infraestrutura adaptada para alunos com deficiência;9607
Indicador  4.a.1;1020;207;12;Acre;9607;2019;41120;Abastecimento de água;9607
Indicador  4.a.1;1020;175;12;Acre;9607;2019;41121;Água Filtrada;9607
Indicador  4.a.1;1020;247;12;Acre;9607;2020;41115;Total;9607
Indicador  4.a.1;1020;195;12;Acre;9607;2020;41116;Acesso à eletricidade;9607
Indicador  4.a.1;1020;37;12;Acre;9607;2020;41117;Acesso à internet;9607
Indicador  4.a.1;1020;96;12;Acre;9607;2020;41118;Computador para fins pedagógicos;9607
Indicador  4.a.1;1020;113;12;Acre;9607;2020;41119;Infraestrutura adaptada para alunos com deficiência;9607
Indicador  4.a.1;1020;206;12;Acre;9607;2020;41120;Abastecimento de água;9607
Indicador  4.a.1;1020;181;12;Acre;9607;2020;41121;Água Filtrada;9607
Indicador  4.a.1;1020;255;12;Acre;9607;2021;41115;Total;9607
Indicador  4.a.1;1020;198;12;Acre;9607;2021;41116;Acesso à eletricidade;9607
Indicador  4.a.1;1020;45;12;Acre;9607;2021;41117;Acesso à internet;9607
Indicador  4.a.1;1020;108;12;Acre;9607;2021;41118;Computador para fins pedagógicos;9607
Indicador  4.a.1;1020;123;12;Acre;9607;2021;41119;Infraestrutura adaptada para alunos com deficiência;9607
Indicador  4.a.1;1020;209;12;Acre;9607;2021;41120;Abastecimento de água;9607
Indicador  4.a.1;1020;184;12;Acre;9607;2021;41121;Água Filtrada;9607
Indicador  4.a.1;1020;278;12;Acre;9607;2022;41115;Total;9607
Indicador  4.a.1;1020;204;12;Acre;9607;2022;41116;Acesso à eletricidade;9607
Indicador  4.a.1;1020;58;12;Acre;9607;2022;41117;Acesso à internet;9607
Indicador  4.a.1;1020;117;12;Acre;9607;2022;41118;Computador para fins pedagógicos;9607
Indicador  4.a.1;1020;136;12;Acre;9607;2022;41119;Infraestrutura adaptada para alunos com deficiência;9607
Indicador  4.a.1;1020;220;12;Acre;9607;2022;41120;Abastecimento de água;9607
Indicador  4.a.1;1020;203;12;Acre;9607;2022;41121;Água Filtrada;9607
Indicador  4.a.1;1020;471;13;Amazonas;9607;2018;41115;Total;9607
Indicador  4.a.1;1020;468;13;Amazonas;9607;2018;41116;Acesso à eletricidade;9607
Indicador  4.a.1;1020;-;13;Amazonas;9607;2018;41117;Acesso à internet;9607
Indicador  4.a.1;1020;397;13;Amazonas;9607;2018;41118;Computador para fins pedagógicos;9607
Indicador  4.a.1;1020;113;13;Amazonas;9607;2018;41119;Infraestrutura adaptada para alunos com deficiência;9607
Indicador  4.a.1;1020;467;13;Amazonas;9607;2018;41120;Abastecimento de água;9607
Indicador  4.a.1;1020;452;13;Amazonas;9607;2018;41121;Água Filtrada;9607
Indicador  4.a.1;1020;477;13;Amazonas;9607;2019;41115;Total;9607
Indicador  4.a.1;1020;474;13;Amazonas;9607;2019;41116;Acesso à eletricidade;9607
Indicador  4.a.1;1020;136;13;Amazonas;9607;2019;41117;Acesso à internet;9607
Indicador  4.a.1;1020;377;13;Amazonas;9607;2019;41118;Computador para fins pedagógicos;9607
Indicador  4.a.1;1020;214;13;Amazonas;9607;2019;41119;Infraestrutura adaptada para alunos com deficiência;9607
Indicador  4.a.1;1020;475;13;Amazonas;9607;2019;41120;Abastecimento de água;9607
Indicador  4.a.1;1020;452;13;Amazonas;9607;2019;41121;Água Filtrada;9607
Indicador  4.a.1;1020;482;13;Amazonas;9607;2020;41115;Total;9607
Indicador  4.a.1;1020;477;13;Amazonas;9607;2020;41116;Acesso à eletricidade;9607
Indicador  4.a.1;1020;140;13;Amazonas;9607;2020;41117;Acesso à internet;9607
Indicador  4.a.1;1020;408;13;Amazonas;9607;2020;41118;Computador para fins pedagógicos;9607
Indicador  4.a.1;1020;256;13;Amazonas;9607;2020;41119;Infraestrutura adaptada para alunos com deficiência;9607
Indicador  4.a.1;1020;481;13;Amazonas;9607;2020;41120;Abastecimento de água;9607
Indicador  4.a.1;1020;461;13;Amazonas;9607;2020;41121;Água Filtrada;9607
Indicador  4.a.1;1020;487;13;Amazonas;9607;2021;41115;Total;9607
Indicador  4.a.1;1020;482;13;Amazonas;9607;2021;41116;Acesso à eletricidade;9607
Indicador  4.a.1;1020;153;13;Amazonas;9607;2021;41117;Acesso à internet;9607
Indicador  4.a.1;1020;402;13;Amazonas;9607;2021;41118;Computador para fins pedagógicos;9607
Indicador  4.a.1;1020;276;13;Amazonas;9607;2021;41119;Infraestrutura adaptada para alunos com deficiência;9607
Indicador  4.a.1;1020;484;13;Amazonas;9607;2021;41120;Abastecimento de água;9607
Indicador  4.a.1;1020;460;13;Amazonas;9607;2021;41121;Água Filtrada;9607
Indicador  4.a.1;1020;501;13;Amazonas;9607;2022;41115;Total;9607
Indicador  4.a.1;1020;498;13;Amazonas;9607;2022;41116;Acesso à eletricidade;9607
Indicador  4.a.1;1020;150;13;Amazonas;9607;2022;41117;Acesso à internet;9607
Indicador  4.a.1;1020;401;13;Amazonas;9607;2022;41118;Computador para fins pedagógicos;9607
Indicador  4.a.1;1020;285;13;Amazonas;9607;2022;41119;Infraestrutura adaptada para alunos com deficiência;9607
Indicador  4.a.1;1020;499;13;Amazonas;9607;2022;41120;Abastecimento de água;9607
Indicador  4.a.1;1020;488;13;Amazonas;9607;2022;41121;Água Filtrada;9607
Indicador  4.a.1;1020;162;14;Roraima;9607;2018;41115;Total;9607
Indicador  4.a.1;1020;156;14;Roraima;9607;2018;41116;Acesso à eletricidade;9607
Indicador  4.a.1;1020;-;14;Roraima;9607;2018;41117;Acesso à internet;9607
Indicador  4.a.1;1020;93;14;Roraima;9607;2018;41118;Computador para fins pedagógicos;9607
Indicador  4.a.1;1020;35;14;Roraima;9607;2018;41119;Infraestrutura adaptada para alunos com deficiência;9607
Indicador  4.a.1;1020;161;14;Roraima;9607;2018;41120;Abastecimento de água;9607
Indicador  4.a.1;1020;94;14;Roraima;9607;2018;41121;Água Filtrada;9607
Indicador  4.a.1;1020;168;14;Roraima;9607;2019;41115;Total;9607
Indicador  4.a.1;1020;159;14;Roraima;9607;2019;41116;Acesso à eletricidade;9607
Indicador  4.a.1;1020;42;14;Roraima;9607;2019;41117;Acesso à internet;9607
Indicador  4.a.1;1020;95;14;Roraima;9607;2019;41118;Computador para fins pedagógicos;9607
Indicador  4.a.1;1020;79;14;Roraima;9607;2019;41119;Infraestrutura adaptada para alunos com deficiência;9607
Indicador  4.a.1;1020;168;14;Roraima;9607;2019;41120;Abastecimento de água;9607
Indicador  4.a.1;1020;107;14;Roraima;9607;2019;41121;Água Filtrada;9607
Indicador  4.a.1;1020;168;14;Roraima;9607;2020;41115;Total;9607
Indicador  4.a.1;1020;161;14;Roraima;9607;2020;41116;Acesso à eletricidade;9607
Indicador  4.a.1;1020;59;14;Roraima;9607;2020;41117;Acesso à internet;9607
Indicador  4.a.1;1020;114;14;Roraima;9607;2020;41118;Computador para fins pedagógicos;9607
Indicador  4.a.1;1020;87;14;Roraima;9607;2020;41119;Infraestrutura adaptada para alunos com deficiência;9607
Indicador  4.a.1;1020;168;14;Roraima;9607;2020;41120;Abastecimento de água;9607
Indicador  4.a.1;1020;111;14;Roraima;9607;2020;41121;Água Filtrada;9607
Indicador  4.a.1;1020;168;14;Roraima;9607;2021;41115;Total;9607
Indicador  4.a.1;1020;162;14;Roraima;9607;2021;41116;Acesso à eletricidade;9607
Indicador  4.a.1;1020;68;14;Roraima;9607;2021;41117;Acesso à internet;9607
Indicador  4.a.1;1020;111;14;Roraima;9607;2021;41118;Computador para fins pedagógicos;9607
Indicador  4.a.1;1020;95;14;Roraima;9607;2021;41119;Infraestrutura adaptada para alunos com deficiência;9607
Indicador  4.a.1;1020;167;14;Roraima;9607;2021;41120;Abastecimento de água;9607
Indicador  4.a.1;1020;114;14;Roraima;9607;2021;41121;Água Filtrada;9607
Indicador  4.a.1;1020;173;14;Roraima;9607;2022;41115;Total;9607
Indicador  4.a.1;1020;165;14;Roraima;9607;2022;41116;Acesso à eletricidade;9607
Indicador  4.a.1;1020;68;14;Roraima;9607;2022;41117;Acesso à internet;9607
Indicador  4.a.1;1020;120;14;Roraima;9607;2022;41118;Computador para fins pedagógicos;9607
Indicador  4.a.1;1020;106;14;Roraima;9607;2022;41119;Infraestrutura adaptada para alunos com deficiência;9607
Indicador  4.a.1;1020;173;14;Roraima;9607;2022;41120;Abastecimento de água;9607
Indicador  4.a.1;1020;121;14;Roraima;9607;2022;41121;Água Filtrada;9607
Indicador  4.a.1;1020;842;15;Pará;9607;2018;41115;Total;9607
Indicador  4.a.1;1020;842;15;Pará;9607;2018;41116;Acesso à eletricidade;9607
Indicador  4.a.1;1020;-;15;Pará;9607;2018;41117;Acesso à internet;9607
Indicador  4.a.1;1020;564;15;Pará;9607;2018;41118;Computador para fins pedagógicos;9607
Indicador  4.a.1;1020;409;15;Pará;9607;2018;41119;Infraestrutura adaptada para alunos com deficiência;9607
Indicador  4.a.1;1020;838;15;Pará;9607;2018;41120;Abastecimento de água;9607
Indicador  4.a.1;1020;762;15;Pará;9607;2018;41121;Água Filtrada;9607
Indicador  4.a.1;1020;873;15;Pará;9607;2019;41115;Total;9607
Indicador  4.a.1;1020;870;15;Pará;9607;2019;41116;Acesso à eletricidade;9607
Indicador  4.a.1;1020;171;15;Pará;9607;2019;41117;Acesso à internet;9607
Indicador  4.a.1;1020;579;15;Pará;9607;2019;41118;Computador para fins pedagógicos;9607
Indicador  4.a.1;1020;623;15;Pará;9607;2019;41119;Infraestrutura adaptada para alunos com deficiência;9607
Indicador  4.a.1;1020;871;15;Pará;9607;2019;41120;Abastecimento de água;9607
Indicador  4.a.1;1020;842;15;Pará;9607;2019;41121;Água Filtrada;9607
Indicador  4.a.1;1020;877;15;Pará;9607;2020;41115;Total;9607
Indicador  4.a.1;1020;877;15;Pará;9607;2020;41116;Acesso à eletricidade;9607
Indicador  4.a.1;1020;240;15;Pará;9607;2020;41117;Acesso à internet;9607
Indicador  4.a.1;1020;669;15;Pará;9607;2020;41118;Computador para fins pedagógicos;9607
Indicador  4.a.1;1020;687;15;Pará;9607;2020;41119;Infraestrutura adaptada para alunos com deficiência;9607
Indicador  4.a.1;1020;874;15;Pará;9607;2020;41120;Abastecimento de água;9607
Indicador  4.a.1;1020;850;15;Pará;9607;2020;41121;Água Filtrada;9607
Indicador  4.a.1;1020;866;15;Pará;9607;2021;41115;Total;9607
Indicador  4.a.1;1020;866;15;Pará;9607;2021;41116;Acesso à eletricidade;9607
Indicador  4.a.1;1020;195;15;Pará;9607;2021;41117;Acesso à internet;9607
Indicador  4.a.1;1020;617;15;Pará;9607;2021;41118;Computador para fins pedagógicos;9607
Indicador  4.a.1;1020;698;15;Pará;9607;2021;41119;Infraestrutura adaptada para alunos com deficiência;9607
Indicador  4.a.1;1020;862;15;Pará;9607;2021;41120;Abastecimento de água;9607
Indicador  4.a.1;1020;843;15;Pará;9607;2021;41121;Água Filtrada;9607
Indicador  4.a.1;1020;891;15;Pará;9607;2022;41115;Total;9607
Indicador  4.a.1;1020;891;15;Pará;9607;2022;41116;Acesso à eletricidade;9607
Indicador  4.a.1;1020;205;15;Pará;9607;2022;41117;Acesso à internet;9607
Indicador  4.a.1;1020;494;15;Pará;9607;2022;41118;Computador para fins pedagógicos;9607
Indicador  4.a.1;1020;725;15;Pará;9607;2022;41119;Infraestrutura adaptada para alunos com deficiência;9607
Indicador  4.a.1;1020;885;15;Pará;9607;2022;41120;Abastecimento de água;9607
Indicador  4.a.1;1020;867;15;Pará;9607;2022;41121;Água Filtrada;9607
Indicador  4.a.1;1020;141;16;Amapá;9607;2018;41115;Total;9607
Indicador  4.a.1;1020;140;16;Amapá;9607;2018;41116;Acesso à eletricidade;9607
Indicador  4.a.1;1020;-;16;Amapá;9607;2018;41117;Acesso à internet;9607
Indicador  4.a.1;1020;95;16;Amapá;9607;2018;41118;Computador para fins pedagógicos;9607
Indicador  4.a.1;1020;62;16;Amapá;9607;2018;41119;Infraestrutura adaptada para alunos com deficiência;9607
Indicador  4.a.1;1020;140;16;Amapá;9607;2018;41120;Abastecimento de água;9607
Indicador  4.a.1;1020;120;16;Amapá;9607;2018;41121;Água Filtrada;9607
Indicador  4.a.1;1020;145;16;Amapá;9607;2019;41115;Total;9607
Indicador  4.a.1;1020;141;16;Amapá;9607;2019;41116;Acesso à eletricidade;9607
Indicador  4.a.1;1020;38;16;Amapá;9607;2019;41117;Acesso à internet;9607
Indicador  4.a.1;1020;79;16;Amapá;9607;2019;41118;Computador para fins pedagógicos;9607
Indicador  4.a.1;1020;87;16;Amapá;9607;2019;41119;Infraestrutura adaptada para alunos com deficiência;9607
Indicador  4.a.1;1020;144;16;Amapá;9607;2019;41120;Abastecimento de água;9607
Indicador  4.a.1;1020;134;16;Amapá;9607;2019;41121;Água Filtrada;9607
Indicador  4.a.1;1020;152;16;Amapá;9607;2020;41115;Total;9607
Indicador  4.a.1;1020;148;16;Amapá;9607;2020;41116;Acesso à eletricidade;9607
Indicador  4.a.1;1020;46;16;Amapá;9607;2020;41117;Acesso à internet;9607
Indicador  4.a.1;1020;96;16;Amapá;9607;2020;41118;Computador para fins pedagógicos;9607
Indicador  4.a.1;1020;102;16;Amapá;9607;2020;41119;Infraestrutura adaptada para alunos com deficiência;9607
Indicador  4.a.1;1020;151;16;Amapá;9607;2020;41120;Abastecimento de água;9607
Indicador  4.a.1;1020;139;16;Amapá;9607;2020;41121;Água Filtrada;9607
Indicador  4.a.1;1020;153;16;Amapá;9607;2021;41115;Total;9607
Indicador  4.a.1;1020;149;16;Amapá;9607;2021;41116;Acesso à eletricidade;9607
Indicador  4.a.1;1020;51;16;Amapá;9607;2021;41117;Acesso à internet;9607
Indicador  4.a.1;1020;94;16;Amapá;9607;2021;41118;Computador para fins pedagógicos;9607
Indicador  4.a.1;1020;106;16;Amapá;9607;2021;41119;Infraestrutura adaptada para alunos com deficiência;9607
Indicador  4.a.1;1020;151;16;Amapá;9607;2021;41120;Abastecimento de água;9607
Indicador  4.a.1;1020;143;16;Amapá;9607;2021;41121;Água Filtrada;9607
Indicador  4.a.1;1020;159;16;Amapá;9607;2022;41115;Total;9607
Indicador  4.a.1;1020;155;16;Amapá;9607;2022;41116;Acesso à eletricidade;9607
Indicador  4.a.1;1020;50;16;Amapá;9607;2022;41117;Acesso à internet;9607
Indicador  4.a.1;1020;101;16;Amapá;9607;2022;41118;Computador para fins pedagógicos;9607
Indicador  4.a.1;1020;115;16;Amapá;9607;2022;41119;Infraestrutura adaptada para alunos com deficiência;9607
Indicador  4.a.1;1020;155;16;Amapá;9607;2022;41120;Abastecimento de água;9607
Indicador  4.a.1;1020;150;16;Amapá;9607;2022;41121;Água Filtrada;9607
Indicador  4.a.1;1020;341;17;Tocantins;9607;2018;41115;Total;9607
Indicador  4.a.1;1020;339;17;Tocantins;9607;2018;41116;Acesso à eletricidade;9607
Indicador  4.a.1;1020;-;17;Tocantins;9607;2018;41117;Acesso à internet;9607
Indicador  4.a.1;1020;232;17;Tocantins;9607;2018;41118;Computador para fins pedagógicos;9607
Indicador  4.a.1;1020;179;17;Tocantins;9607;2018;41119;Infraestrutura adaptada para alunos com deficiência;9607
Indicador  4.a.1;1020;341;17;Tocantins;9607;2018;41120;Abastecimento de água;9607
Indicador  4.a.1;1020;337;17;Tocantins;9607;2018;41121;Água Filtrada;9607
Indicador  4.a.1;1020;340;17;Tocantins;9607;2019;41115;Total;9607
Indicador  4.a.1;1020;337;17;Tocantins;9607;2019;41116;Acesso à eletricidade;9607
Indicador  4.a.1;1020;170;17;Tocantins;9607;2019;41117;Acesso à internet;9607
Indicador  4.a.1;1020;223;17;Tocantins;9607;2019;41118;Computador para fins pedagógicos;9607
Indicador  4.a.1;1020;268;17;Tocantins;9607;2019;41119;Infraestrutura adaptada para alunos com deficiência;9607
Indicador  4.a.1;1020;340;17;Tocantins;9607;2019;41120;Abastecimento de água;9607
Indicador  4.a.1;1020;318;17;Tocantins;9607;2019;41121;Água Filtrada;9607
Indicador  4.a.1;1020;343;17;Tocantins;9607;2020;41115;Total;9607
Indicador  4.a.1;1020;340;17;Tocantins;9607;2020;41116;Acesso à eletricidade;9607
Indicador  4.a.1;1020;189;17;Tocantins;9607;2020;41117;Acesso à internet;9607
Indicador  4.a.1;1020;242;17;Tocantins;9607;2020;41118;Computador para fins pedagógicos;9607
Indicador  4.a.1;1020;280;17;Tocantins;9607;2020;41119;Infraestrutura adaptada para alunos com deficiência;9607
Indicador  4.a.1;1020;343;17;Tocantins;9607;2020;41120;Abastecimento de água;9607
Indicador  4.a.1;1020;326;17;Tocantins;9607;2020;41121;Água Filtrada;9607
Indicador  4.a.1;1020;347;17;Tocantins;9607;2021;41115;Total;9607
Indicador  4.a.1;1020;344;17;Tocantins;9607;2021;41116;Acesso à eletricidade;9607
Indicador  4.a.1;1020;208;17;Tocantins;9607;2021;41117;Acesso à internet;9607
Indicador  4.a.1;1020;248;17;Tocantins;9607;2021;41118;Computador para fins pedagógicos;9607
Indicador  4.a.1;1020;294;17;Tocantins;9607;2021;41119;Infraestrutura adaptada para alunos com deficiência;9607
Indicador  4.a.1;1020;347;17;Tocantins;9607;2021;41120;Abastecimento de água;9607
Indicador  4.a.1;1020;332;17;Tocantins;9607;2021;41121;Água Filtrada;9607
Indicador  4.a.1;1020;355;17;Tocantins;9607;2022;41115;Total;9607
Indicador  4.a.1;1020;352;17;Tocantins;9607;2022;41116;Acesso à eletricidade;9607
Indicador  4.a.1;1020;235;17;Tocantins;9607;2022;41117;Acesso à internet;9607
Indicador  4.a.1;1020;235;17;Tocantins;9607;2022;41118;Computador para fins pedagógicos;9607
Indicador  4.a.1;1020;302;17;Tocantins;9607;2022;41119;Infraestrutura adaptada para alunos com deficiência;9607
Indicador  4.a.1;1020;355;17;Tocantins;9607;2022;41120;Abastecimento de água;9607
Indicador  4.a.1;1020;340;17;Tocantins;9607;2022;41121;Água Filtrada;9607
Indicador  4.a.1;1020;1051;21;Maranhão;9607;2018;41115;Total;9607
Indicador  4.a.1;1020;1051;21;Maranhão;9607;2018;41116;Acesso à eletricidade;9607
Indicador  4.a.1;1020;-;21;Maranhão;9607;2018;41117;Acesso à internet;9607
Indicador  4.a.1;1020;625;21;Maranhão;9607;2018;41118;Computador para fins pedagógicos;9607
Indicador  4.a.1;1020;423;21;Maranhão;9607;2018;41119;Infraestrutura adaptada para alunos com deficiência;9607
Indicador  4.a.1;1020;1046;21;Maranhão;9607;2018;41120;Abastecimento de água;9607
Indicador  4.a.1;1020;1005;21;Maranhão;9607;2018;41121;Água Filtrada;9607
Indicador  4.a.1;1020;1031;21;Maranhão;9607;2019;41115;Total;9607
Indicador  4.a.1;1020;1031;21;Maranhão;9607;2019;41116;Acesso à eletricidade;9607
Indicador  4.a.1;1020;207;21;Maranhão;9607;2019;41117;Acesso à internet;9607
Indicador  4.a.1;1020;523;21;Maranhão;9607;2019;41118;Computador para fins pedagógicos;9607
Indicador  4.a.1;1020;714;21;Maranhão;9607;2019;41119;Infraestrutura adaptada para alunos com deficiência;9607
Indicador  4.a.1;1020;1026;21;Maranhão;9607;2019;41120;Abastecimento de água;9607
Indicador  4.a.1;1020;952;21;Maranhão;9607;2019;41121;Água Filtrada;9607
Indicador  4.a.1;1020;1018;21;Maranhão;9607;2020;41115;Total;9607
Indicador  4.a.1;1020;1017;21;Maranhão;9607;2020;41116;Acesso à eletricidade;9607
Indicador  4.a.1;1020;234;21;Maranhão;9607;2020;41117;Acesso à internet;9607
Indicador  4.a.1;1020;617;21;Maranhão;9607;2020;41118;Computador para fins pedagógicos;9607
Indicador  4.a.1;1020;737;21;Maranhão;9607;2020;41119;Infraestrutura adaptada para alunos com deficiência;9607
Indicador  4.a.1;1020;1011;21;Maranhão;9607;2020;41120;Abastecimento de água;9607
Indicador  4.a.1;1020;939;21;Maranhão;9607;2020;41121;Água Filtrada;9607
Indicador  4.a.1;1020;1015;21;Maranhão;9607;2021;41115;Total;9607
Indicador  4.a.1;1020;1014;21;Maranhão;9607;2021;41116;Acesso à eletricidade;9607
Indicador  4.a.1;1020;280;21;Maranhão;9607;2021;41117;Acesso à internet;9607
Indicador  4.a.1;1020;663;21;Maranhão;9607;2021;41118;Computador para fins pedagógicos;9607
Indicador  4.a.1;1020;772;21;Maranhão;9607;2021;41119;Infraestrutura adaptada para alunos com deficiência;9607
Indicador  4.a.1;1020;1006;21;Maranhão;9607;2021;41120;Abastecimento de água;9607
Indicador  4.a.1;1020;938;21;Maranhão;9607;2021;41121;Água Filtrada;9607
Indicador  4.a.1;1020;1044;21;Maranhão;9607;2022;41115;Total;9607
Indicador  4.a.1;1020;1043;21;Maranhão;9607;2022;41116;Acesso à eletricidade;9607
Indicador  4.a.1;1020;339;21;Maranhão;9607;2022;41117;Acesso à internet;9607
Indicador  4.a.1;1020;711;21;Maranhão;9607;2022;41118;Computador para fins pedagógicos;9607
Indicador  4.a.1;1020;812;21;Maranhão;9607;2022;41119;Infraestrutura adaptada para alunos com deficiência;9607
Indicador  4.a.1;1020;1036;21;Maranhão;9607;2022;41120;Abastecimento de água;9607
Indicador  4.a.1;1020;975;21;Maranhão;9607;2022;41121;Água Filtrada;9607
Indicador  4.a.1;1020;651;22;Piauí;9607;2018;41115;Total;9607
Indicador  4.a.1;1020;651;22;Piauí;9607;2018;41116;Acesso à eletricidade;9607
Indicador  4.a.1;1020;-;22;Piauí;9607;2018;41117;Acesso à internet;9607
Indicador  4.a.1;1020;587;22;Piauí;9607;2018;41118;Computador para fins pedagógicos;9607
Indicador  4.a.1;1020;320;22;Piauí;9607;2018;41119;Infraestrutura adaptada para alunos com deficiência;9607
Indicador  4.a.1;1020;636;22;Piauí;9607;2018;41120;Abastecimento de água;9607
Indicador  4.a.1;1020;293;22;Piauí;9607;2018;41121;Água Filtrada;9607
Indicador  4.a.1;1020;659;22;Piauí;9607;2019;41115;Total;9607
Indicador  4.a.1;1020;659;22;Piauí;9607;2019;41116;Acesso à eletricidade;9607
Indicador  4.a.1;1020;455;22;Piauí;9607;2019;41117;Acesso à internet;9607
Indicador  4.a.1;1020;578;22;Piauí;9607;2019;41118;Computador para fins pedagógicos;9607
Indicador  4.a.1;1020;285;22;Piauí;9607;2019;41119;Infraestrutura adaptada para alunos com deficiência;9607
Indicador  4.a.1;1020;647;22;Piauí;9607;2019;41120;Abastecimento de água;9607
Indicador  4.a.1;1020;657;22;Piauí;9607;2019;41121;Água Filtrada;9607
Indicador  4.a.1;1020;650;22;Piauí;9607;2020;41115;Total;9607
Indicador  4.a.1;1020;650;22;Piauí;9607;2020;41116;Acesso à eletricidade;9607
Indicador  4.a.1;1020;476;22;Piauí;9607;2020;41117;Acesso à internet;9607
Indicador  4.a.1;1020;594;22;Piauí;9607;2020;41118;Computador para fins pedagógicos;9607
Indicador  4.a.1;1020;328;22;Piauí;9607;2020;41119;Infraestrutura adaptada para alunos com deficiência;9607
Indicador  4.a.1;1020;642;22;Piauí;9607;2020;41120;Abastecimento de água;9607
Indicador  4.a.1;1020;647;22;Piauí;9607;2020;41121;Água Filtrada;9607
Indicador  4.a.1;1020;662;22;Piauí;9607;2021;41115;Total;9607
Indicador  4.a.1;1020;662;22;Piauí;9607;2021;41116;Acesso à eletricidade;9607
Indicador  4.a.1;1020;496;22;Piauí;9607;2021;41117;Acesso à internet;9607
Indicador  4.a.1;1020;607;22;Piauí;9607;2021;41118;Computador para fins pedagógicos;9607
Indicador  4.a.1;1020;369;22;Piauí;9607;2021;41119;Infraestrutura adaptada para alunos com deficiência;9607
Indicador  4.a.1;1020;655;22;Piauí;9607;2021;41120;Abastecimento de água;9607
Indicador  4.a.1;1020;659;22;Piauí;9607;2021;41121;Água Filtrada;9607
Indicador  4.a.1;1020;654;22;Piauí;9607;2022;41115;Total;9607
Indicador  4.a.1;1020;654;22;Piauí;9607;2022;41116;Acesso à eletricidade;9607
Indicador  4.a.1;1020;462;22;Piauí;9607;2022;41117;Acesso à internet;9607
Indicador  4.a.1;1020;607;22;Piauí;9607;2022;41118;Computador para fins pedagógicos;9607
Indicador  4.a.1;1020;438;22;Piauí;9607;2022;41119;Infraestrutura adaptada para alunos com deficiência;9607
Indicador  4.a.1;1020;649;22;Piauí;9607;2022;41120;Abastecimento de água;9607
Indicador  4.a.1;1020;649;22;Piauí;9607;2022;41121;Água Filtrada;9607
Indicador  4.a.1;1020;945;23;Ceará;9607;2018;41115;Total;9607
Indicador  4.a.1;1020;945;23;Ceará;9607;2018;41116;Acesso à eletricidade;9607
Indicador  4.a.1;1020;-;23;Ceará;9607;2018;41117;Acesso à internet;9607
Indicador  4.a.1;1020;875;23;Ceará;9607;2018;41118;Computador para fins pedagógicos;9607
Indicador  4.a.1;1020;425;23;Ceará;9607;2018;41119;Infraestrutura adaptada para alunos com deficiência;9607
Indicador  4.a.1;1020;944;23;Ceará;9607;2018;41120;Abastecimento de água;9607
Indicador  4.a.1;1020;931;23;Ceará;9607;2018;41121;Água Filtrada;9607
Indicador  4.a.1;1020;941;23;Ceará;9607;2019;41115;Total;9607
Indicador  4.a.1;1020;941;23;Ceará;9607;2019;41116;Acesso à eletricidade;9607
Indicador  4.a.1;1020;732;23;Ceará;9607;2019;41117;Acesso à internet;9607
Indicador  4.a.1;1020;876;23;Ceará;9607;2019;41118;Computador para fins pedagógicos;9607
Indicador  4.a.1;1020;814;23;Ceará;9607;2019;41119;Infraestrutura adaptada para alunos com deficiência;9607
Indicador  4.a.1;1020;940;23;Ceará;9607;2019;41120;Abastecimento de água;9607
Indicador  4.a.1;1020;802;23;Ceará;9607;2019;41121;Água Filtrada;9607
Indicador  4.a.1;1020;953;23;Ceará;9607;2020;41115;Total;9607
Indicador  4.a.1;1020;953;23;Ceará;9607;2020;41116;Acesso à eletricidade;9607
Indicador  4.a.1;1020;740;23;Ceará;9607;2020;41117;Acesso à internet;9607
Indicador  4.a.1;1020;913;23;Ceará;9607;2020;41118;Computador para fins pedagógicos;9607
Indicador  4.a.1;1020;804;23;Ceará;9607;2020;41119;Infraestrutura adaptada para alunos com deficiência;9607
Indicador  4.a.1;1020;952;23;Ceará;9607;2020;41120;Abastecimento de água;9607
Indicador  4.a.1;1020;750;23;Ceará;9607;2020;41121;Água Filtrada;9607
Indicador  4.a.1;1020;955;23;Ceará;9607;2021;41115;Total;9607
Indicador  4.a.1;1020;955;23;Ceará;9607;2021;41116;Acesso à eletricidade;9607
Indicador  4.a.1;1020;751;23;Ceará;9607;2021;41117;Acesso à internet;9607
Indicador  4.a.1;1020;928;23;Ceará;9607;2021;41118;Computador para fins pedagógicos;9607
Indicador  4.a.1;1020;829;23;Ceará;9607;2021;41119;Infraestrutura adaptada para alunos com deficiência;9607
Indicador  4.a.1;1020;954;23;Ceará;9607;2021;41120;Abastecimento de água;9607
Indicador  4.a.1;1020;763;23;Ceará;9607;2021;41121;Água Filtrada;9607
Indicador  4.a.1;1020;984;23;Ceará;9607;2022;41115;Total;9607
Indicador  4.a.1;1020;984;23;Ceará;9607;2022;41116;Acesso à eletricidade;9607
Indicador  4.a.1;1020;781;23;Ceará;9607;2022;41117;Acesso à internet;9607
Indicador  4.a.1;1020;955;23;Ceará;9607;2022;41118;Computador para fins pedagógicos;9607
Indicador  4.a.1;1020;877;23;Ceará;9607;2022;41119;Infraestrutura adaptada para alunos com deficiência;9607
Indicador  4.a.1;1020;983;23;Ceará;9607;2022;41120;Abastecimento de água;9607
Indicador  4.a.1;1020;806;23;Ceará;9607;2022;41121;Água Filtrada;9607
Indicador  4.a.1;1020;449;24;Rio Grande do Norte;9607;2018;41115;Total;9607
Indicador  4.a.1;1020;449;24;Rio Grande do Norte;9607;2018;41116;Acesso à eletricidade;9607
Indicador  4.a.1;1020;-;24;Rio Grande do Norte;9607;2018;41117;Acesso à internet;9607
Indicador  4.a.1;1020;363;24;Rio Grande do Norte;9607;2018;41118;Computador para fins pedagógicos;9607
Indicador  4.a.1;1020;297;24;Rio Grande do Norte;9607;2018;41119;Infraestrutura adaptada para alunos com deficiência;9607
Indicador  4.a.1;1020;448;24;Rio Grande do Norte;9607;2018;41120;Abastecimento de água;9607
Indicador  4.a.1;1020;434;24;Rio Grande do Norte;9607;2018;41121;Água Filtrada;9607
Indicador  4.a.1;1020;455;24;Rio Grande do Norte;9607;2019;41115;Total;9607
Indicador  4.a.1;1020;455;24;Rio Grande do Norte;9607;2019;41116;Acesso à eletricidade;9607
Indicador  4.a.1;1020;185;24;Rio Grande do Norte;9607;2019;41117;Acesso à internet;9607
Indicador  4.a.1;1020;337;24;Rio Grande do Norte;9607;2019;41118;Computador para fins pedagógicos;9607
Indicador  4.a.1;1020;397;24;Rio Grande do Norte;9607;2019;41119;Infraestrutura adaptada para alunos com deficiência;9607
Indicador  4.a.1;1020;452;24;Rio Grande do Norte;9607;2019;41120;Abastecimento de água;9607
Indicador  4.a.1;1020;437;24;Rio Grande do Norte;9607;2019;41121;Água Filtrada;9607
Indicador  4.a.1;1020;459;24;Rio Grande do Norte;9607;2020;41115;Total;9607
Indicador  4.a.1;1020;459;24;Rio Grande do Norte;9607;2020;41116;Acesso à eletricidade;9607
Indicador  4.a.1;1020;232;24;Rio Grande do Norte;9607;2020;41117;Acesso à internet;9607
Indicador  4.a.1;1020;373;24;Rio Grande do Norte;9607;2020;41118;Computador para fins pedagógicos;9607
Indicador  4.a.1;1020;416;24;Rio Grande do Norte;9607;2020;41119;Infraestrutura adaptada para alunos com deficiência;9607
Indicador  4.a.1;1020;457;24;Rio Grande do Norte;9607;2020;41120;Abastecimento de água;9607
Indicador  4.a.1;1020;443;24;Rio Grande do Norte;9607;2020;41121;Água Filtrada;9607
Indicador  4.a.1;1020;468;24;Rio Grande do Norte;9607;2021;41115;Total;9607
Indicador  4.a.1;1020;468;24;Rio Grande do Norte;9607;2021;41116;Acesso à eletricidade;9607
Indicador  4.a.1;1020;265;24;Rio Grande do Norte;9607;2021;41117;Acesso à internet;9607
Indicador  4.a.1;1020;409;24;Rio Grande do Norte;9607;2021;41118;Computador para fins pedagógicos;9607
Indicador  4.a.1;1020;444;24;Rio Grande do Norte;9607;2021;41119;Infraestrutura adaptada para alunos com deficiência;9607
Indicador  4.a.1;1020;468;24;Rio Grande do Norte;9607;2021;41120;Abastecimento de água;9607
Indicador  4.a.1;1020;455;24;Rio Grande do Norte;9607;2021;41121;Água Filtrada;9607
Indicador  4.a.1;1020;474;24;Rio Grande do Norte;9607;2022;41115;Total;9607
Indicador  4.a.1;1020;474;24;Rio Grande do Norte;9607;2022;41116;Acesso à eletricidade;9607
Indicador  4.a.1;1020;286;24;Rio Grande do Norte;9607;2022;41117;Acesso à internet;9607
Indicador  4.a.1;1020;426;24;Rio Grande do Norte;9607;2022;41118;Computador para fins pedagógicos;9607
Indicador  4.a.1;1020;451;24;Rio Grande do Norte;9607;2022;41119;Infraestrutura adaptada para alunos com deficiência;9607
Indicador  4.a.1;1020;474;24;Rio Grande do Norte;9607;2022;41120;Abastecimento de água;9607
Indicador  4.a.1;1020;463;24;Rio Grande do Norte;9607;2022;41121;Água Filtrada;9607
Indicador  4.a.1;1020;621;25;Paraíba;9607;2018;41115;Total;9607
Indicador  4.a.1;1020;621;25;Paraíba;9607;2018;41116;Acesso à eletricidade;9607
Indicador  4.a.1;1020;-;25;Paraíba;9607;2018;41117;Acesso à internet;9607
Indicador  4.a.1;1020;522;25;Paraíba;9607;2018;41118;Computador para fins pedagógicos;9607
Indicador  4.a.1;1020;341;25;Paraíba;9607;2018;41119;Infraestrutura adaptada para alunos com deficiência;9607
Indicador  4.a.1;1020;611;25;Paraíba;9607;2018;41120;Abastecimento de água;9607
Indicador  4.a.1;1020;599;25;Paraíba;9607;2018;41121;Água Filtrada;9607
Indicador  4.a.1;1020;639;25;Paraíba;9607;2019;41115;Total;9607
Indicador  4.a.1;1020;638;25;Paraíba;9607;2019;41116;Acesso à eletricidade;9607
Indicador  4.a.1;1020;179;25;Paraíba;9607;2019;41117;Acesso à internet;9607
Indicador  4.a.1;1020;493;25;Paraíba;9607;2019;41118;Computador para fins pedagógicos;9607
Indicador  4.a.1;1020;555;25;Paraíba;9607;2019;41119;Infraestrutura adaptada para alunos com deficiência;9607
Indicador  4.a.1;1020;631;25;Paraíba;9607;2019;41120;Abastecimento de água;9607
Indicador  4.a.1;1020;621;25;Paraíba;9607;2019;41121;Água Filtrada;9607
Indicador  4.a.1;1020;649;25;Paraíba;9607;2020;41115;Total;9607
Indicador  4.a.1;1020;649;25;Paraíba;9607;2020;41116;Acesso à eletricidade;9607
Indicador  4.a.1;1020;414;25;Paraíba;9607;2020;41117;Acesso à internet;9607
Indicador  4.a.1;1020;587;25;Paraíba;9607;2020;41118;Computador para fins pedagógicos;9607
Indicador  4.a.1;1020;444;25;Paraíba;9607;2020;41119;Infraestrutura adaptada para alunos com deficiência;9607
Indicador  4.a.1;1020;642;25;Paraíba;9607;2020;41120;Abastecimento de água;9607
Indicador  4.a.1;1020;621;25;Paraíba;9607;2020;41121;Água Filtrada;9607
Indicador  4.a.1;1020;657;25;Paraíba;9607;2021;41115;Total;9607
Indicador  4.a.1;1020;657;25;Paraíba;9607;2021;41116;Acesso à eletricidade;9607
Indicador  4.a.1;1020;455;25;Paraíba;9607;2021;41117;Acesso à internet;9607
Indicador  4.a.1;1020;601;25;Paraíba;9607;2021;41118;Computador para fins pedagógicos;9607
Indicador  4.a.1;1020;441;25;Paraíba;9607;2021;41119;Infraestrutura adaptada para alunos com deficiência;9607
Indicador  4.a.1;1020;646;25;Paraíba;9607;2021;41120;Abastecimento de água;9607
Indicador  4.a.1;1020;628;25;Paraíba;9607;2021;41121;Água Filtrada;9607
Indicador  4.a.1;1020;658;25;Paraíba;9607;2022;41115;Total;9607
Indicador  4.a.1;1020;658;25;Paraíba;9607;2022;41116;Acesso à eletricidade;9607
Indicador  4.a.1;1020;455;25;Paraíba;9607;2022;41117;Acesso à internet;9607
Indicador  4.a.1;1020;605;25;Paraíba;9607;2022;41118;Computador para fins pedagógicos;9607
Indicador  4.a.1;1020;444;25;Paraíba;9607;2022;41119;Infraestrutura adaptada para alunos com deficiência;9607
Indicador  4.a.1;1020;647;25;Paraíba;9607;2022;41120;Abastecimento de água;9607
Indicador  4.a.1;1020;629;25;Paraíba;9607;2022;41121;Água Filtrada;9607
Indicador  4.a.1;1020;1113;26;Pernambuco;9607;2018;41115;Total;9607
Indicador  4.a.1;1020;1113;26;Pernambuco;9607;2018;41116;Acesso à eletricidade;9607
Indicador  4.a.1;1020;-;26;Pernambuco;9607;2018;41117;Acesso à internet;9607
Indicador  4.a.1;1020;971;26;Pernambuco;9607;2018;41118;Computador para fins pedagógicos;9607
Indicador  4.a.1;1020;414;26;Pernambuco;9607;2018;41119;Infraestrutura adaptada para alunos com deficiência;9607
Indicador  4.a.1;1020;1110;26;Pernambuco;9607;2018;41120;Abastecimento de água;9607
Indicador  4.a.1;1020;1040;26;Pernambuco;9607;2018;41121;Água Filtrada;9607
Indicador  4.a.1;1020;1126;26;Pernambuco;9607;2019;41115;Total;9607
Indicador  4.a.1;1020;1125;26;Pernambuco;9607;2019;41116;Acesso à eletricidade;9607
Indicador  4.a.1;1020;519;26;Pernambuco;9607;2019;41117;Acesso à internet;9607
Indicador  4.a.1;1020;859;26;Pernambuco;9607;2019;41118;Computador para fins pedagógicos;9607
Indicador  4.a.1;1020;1068;26;Pernambuco;9607;2019;41119;Infraestrutura adaptada para alunos com deficiência;9607
Indicador  4.a.1;1020;1121;26;Pernambuco;9607;2019;41120;Abastecimento de água;9607
Indicador  4.a.1;1020;1088;26;Pernambuco;9607;2019;41121;Água Filtrada;9607
Indicador  4.a.1;1020;1115;26;Pernambuco;9607;2020;41115;Total;9607
Indicador  4.a.1;1020;1114;26;Pernambuco;9607;2020;41116;Acesso à eletricidade;9607
Indicador  4.a.1;1020;554;26;Pernambuco;9607;2020;41117;Acesso à internet;9607
Indicador  4.a.1;1020;903;26;Pernambuco;9607;2020;41118;Computador para fins pedagógicos;9607
Indicador  4.a.1;1020;1076;26;Pernambuco;9607;2020;41119;Infraestrutura adaptada para alunos com deficiência;9607
Indicador  4.a.1;1020;1108;26;Pernambuco;9607;2020;41120;Abastecimento de água;9607
Indicador  4.a.1;1020;1070;26;Pernambuco;9607;2020;41121;Água Filtrada;9607
Indicador  4.a.1;1020;1119;26;Pernambuco;9607;2021;41115;Total;9607
Indicador  4.a.1;1020;1119;26;Pernambuco;9607;2021;41116;Acesso à eletricidade;9607
Indicador  4.a.1;1020;627;26;Pernambuco;9607;2021;41117;Acesso à internet;9607
Indicador  4.a.1;1020;935;26;Pernambuco;9607;2021;41118;Computador para fins pedagógicos;9607
Indicador  4.a.1;1020;1045;26;Pernambuco;9607;2021;41119;Infraestrutura adaptada para alunos com deficiência;9607
Indicador  4.a.1;1020;1111;26;Pernambuco;9607;2021;41120;Abastecimento de água;9607
Indicador  4.a.1;1020;1072;26;Pernambuco;9607;2021;41121;Água Filtrada;9607
Indicador  4.a.1;1020;1124;26;Pernambuco;9607;2022;41115;Total;9607
Indicador  4.a.1;1020;1124;26;Pernambuco;9607;2022;41116;Acesso à eletricidade;9607
Indicador  4.a.1;1020;678;26;Pernambuco;9607;2022;41117;Acesso à internet;9607
Indicador  4.a.1;1020;960;26;Pernambuco;9607;2022;41118;Computador para fins pedagógicos;9607
Indicador  4.a.1;1020;1035;26;Pernambuco;9607;2022;41119;Infraestrutura adaptada para alunos com deficiência;9607
Indicador  4.a.1;1020;1116;26;Pernambuco;9607;2022;41120;Abastecimento de água;9607
Indicador  4.a.1;1020;1081;26;Pernambuco;9607;2022;41121;Água Filtrada;9607
Indicador  4.a.1;1020;410;27;Alagoas;9607;2018;41115;Total;9607
Indicador  4.a.1;1020;410;27;Alagoas;9607;2018;41116;Acesso à eletricidade;9607
Indicador  4.a.1;1020;-;27;Alagoas;9607;2018;41117;Acesso à internet;9607
Indicador  4.a.1;1020;325;27;Alagoas;9607;2018;41118;Computador para fins pedagógicos;9607
Indicador  4.a.1;1020;218;27;Alagoas;9607;2018;41119;Infraestrutura adaptada para alunos com deficiência;9607
Indicador  4.a.1;1020;410;27;Alagoas;9607;2018;41120;Abastecimento de água;9607
Indicador  4.a.1;1020;389;27;Alagoas;9607;2018;41121;Água Filtrada;9607
Indicador  4.a.1;1020;409;27;Alagoas;9607;2019;41115;Total;9607
Indicador  4.a.1;1020;409;27;Alagoas;9607;2019;41116;Acesso à eletricidade;9607
Indicador  4.a.1;1020;207;27;Alagoas;9607;2019;41117;Acesso à internet;9607
Indicador  4.a.1;1020;347;27;Alagoas;9607;2019;41118;Computador para fins pedagógicos;9607
Indicador  4.a.1;1020;340;27;Alagoas;9607;2019;41119;Infraestrutura adaptada para alunos com deficiência;9607
Indicador  4.a.1;1020;409;27;Alagoas;9607;2019;41120;Abastecimento de água;9607
Indicador  4.a.1;1020;395;27;Alagoas;9607;2019;41121;Água Filtrada;9607
Indicador  4.a.1;1020;403;27;Alagoas;9607;2020;41115;Total;9607
Indicador  4.a.1;1020;403;27;Alagoas;9607;2020;41116;Acesso à eletricidade;9607
Indicador  4.a.1;1020;210;27;Alagoas;9607;2020;41117;Acesso à internet;9607
Indicador  4.a.1;1020;334;27;Alagoas;9607;2020;41118;Computador para fins pedagógicos;9607
Indicador  4.a.1;1020;347;27;Alagoas;9607;2020;41119;Infraestrutura adaptada para alunos com deficiência;9607
Indicador  4.a.1;1020;403;27;Alagoas;9607;2020;41120;Abastecimento de água;9607
Indicador  4.a.1;1020;392;27;Alagoas;9607;2020;41121;Água Filtrada;9607
Indicador  4.a.1;1020;408;27;Alagoas;9607;2021;41115;Total;9607
Indicador  4.a.1;1020;408;27;Alagoas;9607;2021;41116;Acesso à eletricidade;9607
Indicador  4.a.1;1020;229;27;Alagoas;9607;2021;41117;Acesso à internet;9607
Indicador  4.a.1;1020;343;27;Alagoas;9607;2021;41118;Computador para fins pedagógicos;9607
Indicador  4.a.1;1020;363;27;Alagoas;9607;2021;41119;Infraestrutura adaptada para alunos com deficiência;9607
Indicador  4.a.1;1020;408;27;Alagoas;9607;2021;41120;Abastecimento de água;9607
Indicador  4.a.1;1020;399;27;Alagoas;9607;2021;41121;Água Filtrada;9607
Indicador  4.a.1;1020;410;27;Alagoas;9607;2022;41115;Total;9607
Indicador  4.a.1;1020;410;27;Alagoas;9607;2022;41116;Acesso à eletricidade;9607
Indicador  4.a.1;1020;257;27;Alagoas;9607;2022;41117;Acesso à internet;9607
Indicador  4.a.1;1020;362;27;Alagoas;9607;2022;41118;Computador para fins pedagógicos;9607
Indicador  4.a.1;1020;375;27;Alagoas;9607;2022;41119;Infraestrutura adaptada para alunos com deficiência;9607
Indicador  4.a.1;1020;410;27;Alagoas;9607;2022;41120;Abastecimento de água;9607
Indicador  4.a.1;1020;405;27;Alagoas;9607;2022;41121;Água Filtrada;9607
Indicador  4.a.1;1020;291;28;Sergipe;9607;2018;41115;Total;9607
Indicador  4.a.1;1020;291;28;Sergipe;9607;2018;41116;Acesso à eletricidade;9607
Indicador  4.a.1;1020;-;28;Sergipe;9607;2018;41117;Acesso à internet;9607
Indicador  4.a.1;1020;254;28;Sergipe;9607;2018;41118;Computador para fins pedagógicos;9607
Indicador  4.a.1;1020;207;28;Sergipe;9607;2018;41119;Infraestrutura adaptada para alunos com deficiência;9607
Indicador  4.a.1;1020;291;28;Sergipe;9607;2018;41120;Abastecimento de água;9607
Indicador  4.a.1;1020;280;28;Sergipe;9607;2018;41121;Água Filtrada;9607
Indicador  4.a.1;1020;293;28;Sergipe;9607;2019;41115;Total;9607
Indicador  4.a.1;1020;293;28;Sergipe;9607;2019;41116;Acesso à eletricidade;9607
Indicador  4.a.1;1020;119;28;Sergipe;9607;2019;41117;Acesso à internet;9607
Indicador  4.a.1;1020;233;28;Sergipe;9607;2019;41118;Computador para fins pedagógicos;9607
Indicador  4.a.1;1020;255;28;Sergipe;9607;2019;41119;Infraestrutura adaptada para alunos com deficiência;9607
Indicador  4.a.1;1020;293;28;Sergipe;9607;2019;41120;Abastecimento de água;9607
Indicador  4.a.1;1020;292;28;Sergipe;9607;2019;41121;Água Filtrada;9607
Indicador  4.a.1;1020;298;28;Sergipe;9607;2020;41115;Total;9607
Indicador  4.a.1;1020;298;28;Sergipe;9607;2020;41116;Acesso à eletricidade;9607
Indicador  4.a.1;1020;153;28;Sergipe;9607;2020;41117;Acesso à internet;9607
Indicador  4.a.1;1020;265;28;Sergipe;9607;2020;41118;Computador para fins pedagógicos;9607
Indicador  4.a.1;1020;279;28;Sergipe;9607;2020;41119;Infraestrutura adaptada para alunos com deficiência;9607
Indicador  4.a.1;1020;298;28;Sergipe;9607;2020;41120;Abastecimento de água;9607
Indicador  4.a.1;1020;298;28;Sergipe;9607;2020;41121;Água Filtrada;9607
Indicador  4.a.1;1020;300;28;Sergipe;9607;2021;41115;Total;9607
Indicador  4.a.1;1020;300;28;Sergipe;9607;2021;41116;Acesso à eletricidade;9607
Indicador  4.a.1;1020;172;28;Sergipe;9607;2021;41117;Acesso à internet;9607
Indicador  4.a.1;1020;279;28;Sergipe;9607;2021;41118;Computador para fins pedagógicos;9607
Indicador  4.a.1;1020;282;28;Sergipe;9607;2021;41119;Infraestrutura adaptada para alunos com deficiência;9607
Indicador  4.a.1;1020;300;28;Sergipe;9607;2021;41120;Abastecimento de água;9607
Indicador  4.a.1;1020;300;28;Sergipe;9607;2021;41121;Água Filtrada;9607
Indicador  4.a.1;1020;304;28;Sergipe;9607;2022;41115;Total;9607
Indicador  4.a.1;1020;304;28;Sergipe;9607;2022;41116;Acesso à eletricidade;9607
Indicador  4.a.1;1020;181;28;Sergipe;9607;2022;41117;Acesso à internet;9607
Indicador  4.a.1;1020;291;28;Sergipe;9607;2022;41118;Computador para fins pedagógicos;9607
Indicador  4.a.1;1020;288;28;Sergipe;9607;2022;41119;Infraestrutura adaptada para alunos com deficiência;9607
Indicador  4.a.1;1020;304;28;Sergipe;9607;2022;41120;Abastecimento de água;9607
Indicador  4.a.1;1020;304;28;Sergipe;9607;2022;41121;Água Filtrada;9607
Indicador  4.a.1;1020;1577;29;Bahia;9607;2018;41115;Total;9607
Indicador  4.a.1;1020;1576;29;Bahia;9607;2018;41116;Acesso à eletricidade;9607
Indicador  4.a.1;1020;-;29;Bahia;9607;2018;41117;Acesso à internet;9607
Indicador  4.a.1;1020;1305;29;Bahia;9607;2018;41118;Computador para fins pedagógicos;9607
Indicador  4.a.1;1020;631;29;Bahia;9607;2018;41119;Infraestrutura adaptada para alunos com deficiência;9607
Indicador  4.a.1;1020;1576;29;Bahia;9607;2018;41120;Abastecimento de água;9607
Indicador  4.a.1;1020;1531;29;Bahia;9607;2018;41121;Água Filtrada;9607
Indicador  4.a.1;1020;1570;29;Bahia;9607;2019;41115;Total;9607
Indicador  4.a.1;1020;1569;29;Bahia;9607;2019;41116;Acesso à eletricidade;9607
Indicador  4.a.1;1020;348;29;Bahia;9607;2019;41117;Acesso à internet;9607
Indicador  4.a.1;1020;775;29;Bahia;9607;2019;41118;Computador para fins pedagógicos;9607
Indicador  4.a.1;1020;666;29;Bahia;9607;2019;41119;Infraestrutura adaptada para alunos com deficiência;9607
Indicador  4.a.1;1020;1566;29;Bahia;9607;2019;41120;Abastecimento de água;9607
Indicador  4.a.1;1020;1548;29;Bahia;9607;2019;41121;Água Filtrada;9607
Indicador  4.a.1;1020;1555;29;Bahia;9607;2020;41115;Total;9607
Indicador  4.a.1;1020;1554;29;Bahia;9607;2020;41116;Acesso à eletricidade;9607
Indicador  4.a.1;1020;352;29;Bahia;9607;2020;41117;Acesso à internet;9607
Indicador  4.a.1;1020;693;29;Bahia;9607;2020;41118;Computador para fins pedagógicos;9607
Indicador  4.a.1;1020;684;29;Bahia;9607;2020;41119;Infraestrutura adaptada para alunos com deficiência;9607
Indicador  4.a.1;1020;1551;29;Bahia;9607;2020;41120;Abastecimento de água;9607
Indicador  4.a.1;1020;1536;29;Bahia;9607;2020;41121;Água Filtrada;9607
Indicador  4.a.1;1020;1633;29;Bahia;9607;2021;41115;Total;9607
Indicador  4.a.1;1020;1631;29;Bahia;9607;2021;41116;Acesso à eletricidade;9607
Indicador  4.a.1;1020;458;29;Bahia;9607;2021;41117;Acesso à internet;9607
Indicador  4.a.1;1020;722;29;Bahia;9607;2021;41118;Computador para fins pedagógicos;9607
Indicador  4.a.1;1020;716;29;Bahia;9607;2021;41119;Infraestrutura adaptada para alunos com deficiência;9607
Indicador  4.a.1;1020;1632;29;Bahia;9607;2021;41120;Abastecimento de água;9607
Indicador  4.a.1;1020;1614;29;Bahia;9607;2021;41121;Água Filtrada;9607
Indicador  4.a.1;1020;1559;29;Bahia;9607;2022;41115;Total;9607
Indicador  4.a.1;1020;1559;29;Bahia;9607;2022;41116;Acesso à eletricidade;9607
Indicador  4.a.1;1020;557;29;Bahia;9607;2022;41117;Acesso à internet;9607
Indicador  4.a.1;1020;1360;29;Bahia;9607;2022;41118;Computador para fins pedagógicos;9607
Indicador  4.a.1;1020;883;29;Bahia;9607;2022;41119;Infraestrutura adaptada para alunos com deficiência;9607
Indicador  4.a.1;1020;1553;29;Bahia;9607;2022;41120;Abastecimento de água;9607
Indicador  4.a.1;1020;1541;29;Bahia;9607;2022;41121;Água Filtrada;9607
Indicador  4.a.1;1020;3168;31;Minas Gerais;9607;2018;41115;Total;9607
Indicador  4.a.1;1020;3168;31;Minas Gerais;9607;2018;41116;Acesso à eletricidade;9607
Indicador  4.a.1;1020;-;31;Minas Gerais;9607;2018;41117;Acesso à internet;9607
Indicador  4.a.1;1020;2982;31;Minas Gerais;9607;2018;41118;Computador para fins pedagógicos;9607
Indicador  4.a.1;1020;1573;31;Minas Gerais;9607;2018;41119;Infraestrutura adaptada para alunos com deficiência;9607
Indicador  4.a.1;1020;3164;31;Minas Gerais;9607;2018;41120;Abastecimento de água;9607
Indicador  4.a.1;1020;3141;31;Minas Gerais;9607;2018;41121;Água Filtrada;9607
Indicador  4.a.1;1020;3189;31;Minas Gerais;9607;2019;41115;Total;9607
Indicador  4.a.1;1020;3188;31;Minas Gerais;9607;2019;41116;Acesso à eletricidade;9607
Indicador  4.a.1;1020;1759;31;Minas Gerais;9607;2019;41117;Acesso à internet;9607
Indicador  4.a.1;1020;2868;31;Minas Gerais;9607;2019;41118;Computador para fins pedagógicos;9607
Indicador  4.a.1;1020;2479;31;Minas Gerais;9607;2019;41119;Infraestrutura adaptada para alunos com deficiência;9607
Indicador  4.a.1;1020;3188;31;Minas Gerais;9607;2019;41120;Abastecimento de água;9607
Indicador  4.a.1;1020;3152;31;Minas Gerais;9607;2019;41121;Água Filtrada;9607
Indicador  4.a.1;1020;3201;31;Minas Gerais;9607;2020;41115;Total;9607
Indicador  4.a.1;1020;3201;31;Minas Gerais;9607;2020;41116;Acesso à eletricidade;9607
Indicador  4.a.1;1020;1756;31;Minas Gerais;9607;2020;41117;Acesso à internet;9607
Indicador  4.a.1;1020;2926;31;Minas Gerais;9607;2020;41118;Computador para fins pedagógicos;9607
Indicador  4.a.1;1020;2507;31;Minas Gerais;9607;2020;41119;Infraestrutura adaptada para alunos com deficiência;9607
Indicador  4.a.1;1020;3197;31;Minas Gerais;9607;2020;41120;Abastecimento de água;9607
Indicador  4.a.1;1020;3162;31;Minas Gerais;9607;2020;41121;Água Filtrada;9607
Indicador  4.a.1;1020;3219;31;Minas Gerais;9607;2021;41115;Total;9607
Indicador  4.a.1;1020;3219;31;Minas Gerais;9607;2021;41116;Acesso à eletricidade;9607
Indicador  4.a.1;1020;1868;31;Minas Gerais;9607;2021;41117;Acesso à internet;9607
Indicador  4.a.1;1020;2992;31;Minas Gerais;9607;2021;41118;Computador para fins pedagógicos;9607
Indicador  4.a.1;1020;2664;31;Minas Gerais;9607;2021;41119;Infraestrutura adaptada para alunos com deficiência;9607
Indicador  4.a.1;1020;3215;31;Minas Gerais;9607;2021;41120;Abastecimento de água;9607
Indicador  4.a.1;1020;3179;31;Minas Gerais;9607;2021;41121;Água Filtrada;9607
Indicador  4.a.1;1020;3288;31;Minas Gerais;9607;2022;41115;Total;9607
Indicador  4.a.1;1020;3288;31;Minas Gerais;9607;2022;41116;Acesso à eletricidade;9607
Indicador  4.a.1;1020;2084;31;Minas Gerais;9607;2022;41117;Acesso à internet;9607
Indicador  4.a.1;1020;3129;31;Minas Gerais;9607;2022;41118;Computador para fins pedagógicos;9607
Indicador  4.a.1;1020;2730;31;Minas Gerais;9607;2022;41119;Infraestrutura adaptada para alunos com deficiência;9607
Indicador  4.a.1;1020;3288;31;Minas Gerais;9607;2022;41120;Abastecimento de água;9607
Indicador  4.a.1;1020;3267;31;Minas Gerais;9607;2022;41121;Água Filtrada;9607
Indicador  4.a.1;1020;419;32;Espírito Santo;9607;2018;41115;Total;9607
Indicador  4.a.1;1020;419;32;Espírito Santo;9607;2018;41116;Acesso à eletricidade;9607
Indicador  4.a.1;1020;-;32;Espírito Santo;9607;2018;41117;Acesso à internet;9607
Indicador  4.a.1;1020;394;32;Espírito Santo;9607;2018;41118;Computador para fins pedagógicos;9607
Indicador  4.a.1;1020;248;32;Espírito Santo;9607;2018;41119;Infraestrutura adaptada para alunos com deficiência;9607
Indicador  4.a.1;1020;419;32;Espírito Santo;9607;2018;41120;Abastecimento de água;9607
Indicador  4.a.1;1020;417;32;Espírito Santo;9607;2018;41121;Água Filtrada;9607
Indicador  4.a.1;1020;422;32;Espírito Santo;9607;2019;41115;Total;9607
Indicador  4.a.1;1020;422;32;Espírito Santo;9607;2019;41116;Acesso à eletricidade;9607
Indicador  4.a.1;1020;305;32;Espírito Santo;9607;2019;41117;Acesso à internet;9607
Indicador  4.a.1;1020;407;32;Espírito Santo;9607;2019;41118;Computador para fins pedagógicos;9607
Indicador  4.a.1;1020;375;32;Espírito Santo;9607;2019;41119;Infraestrutura adaptada para alunos com deficiência;9607
Indicador  4.a.1;1020;422;32;Espírito Santo;9607;2019;41120;Abastecimento de água;9607
Indicador  4.a.1;1020;418;32;Espírito Santo;9607;2019;41121;Água Filtrada;9607
Indicador  4.a.1;1020;421;32;Espírito Santo;9607;2020;41115;Total;9607
Indicador  4.a.1;1020;421;32;Espírito Santo;9607;2020;41116;Acesso à eletricidade;9607
Indicador  4.a.1;1020;308;32;Espírito Santo;9607;2020;41117;Acesso à internet;9607
Indicador  4.a.1;1020;400;32;Espírito Santo;9607;2020;41118;Computador para fins pedagógicos;9607
Indicador  4.a.1;1020;379;32;Espírito Santo;9607;2020;41119;Infraestrutura adaptada para alunos com deficiência;9607
Indicador  4.a.1;1020;421;32;Espírito Santo;9607;2020;41120;Abastecimento de água;9607
Indicador  4.a.1;1020;418;32;Espírito Santo;9607;2020;41121;Água Filtrada;9607
Indicador  4.a.1;1020;419;32;Espírito Santo;9607;2021;41115;Total;9607
Indicador  4.a.1;1020;419;32;Espírito Santo;9607;2021;41116;Acesso à eletricidade;9607
Indicador  4.a.1;1020;325;32;Espírito Santo;9607;2021;41117;Acesso à internet;9607
Indicador  4.a.1;1020;395;32;Espírito Santo;9607;2021;41118;Computador para fins pedagógicos;9607
Indicador  4.a.1;1020;395;32;Espírito Santo;9607;2021;41119;Infraestrutura adaptada para alunos com deficiência;9607
Indicador  4.a.1;1020;418;32;Espírito Santo;9607;2021;41120;Abastecimento de água;9607
Indicador  4.a.1;1020;416;32;Espírito Santo;9607;2021;41121;Água Filtrada;9607
Indicador  4.a.1;1020;431;32;Espírito Santo;9607;2022;41115;Total;9607
Indicador  4.a.1;1020;431;32;Espírito Santo;9607;2022;41116;Acesso à eletricidade;9607
Indicador  4.a.1;1020;351;32;Espírito Santo;9607;2022;41117;Acesso à internet;9607
Indicador  4.a.1;1020;422;32;Espírito Santo;9607;2022;41118;Computador para fins pedagógicos;9607
Indicador  4.a.1;1020;419;32;Espírito Santo;9607;2022;41119;Infraestrutura adaptada para alunos com deficiência;9607
Indicador  4.a.1;1020;431;32;Espírito Santo;9607;2022;41120;Abastecimento de água;9607
Indicador  4.a.1;1020;428;32;Espírito Santo;9607;2022;41121;Água Filtrada;9607
Indicador  4.a.1;1020;2286;33;Rio de Janeiro;9607;2018;41115;Total;9607
Indicador  4.a.1;1020;2286;33;Rio de Janeiro;9607;2018;41116;Acesso à eletricidade;9607
Indicador  4.a.1;1020;-;33;Rio de Janeiro;9607;2018;41117;Acesso à internet;9607
Indicador  4.a.1;1020;1947;33;Rio de Janeiro;9607;2018;41118;Computador para fins pedagógicos;9607
Indicador  4.a.1;1020;1210;33;Rio de Janeiro;9607;2018;41119;Infraestrutura adaptada para alunos com deficiência;9607
Indicador  4.a.1;1020;2284;33;Rio de Janeiro;9607;2018;41120;Abastecimento de água;9607
Indicador  4.a.1;1020;2282;33;Rio de Janeiro;9607;2018;41121;Água Filtrada;9607
Indicador  4.a.1;1020;2302;33;Rio de Janeiro;9607;2019;41115;Total;9607
Indicador  4.a.1;1020;2302;33;Rio de Janeiro;9607;2019;41116;Acesso à eletricidade;9607
Indicador  4.a.1;1020;1036;33;Rio de Janeiro;9607;2019;41117;Acesso à internet;9607
Indicador  4.a.1;1020;1801;33;Rio de Janeiro;9607;2019;41118;Computador para fins pedagógicos;9607
Indicador  4.a.1;1020;2035;33;Rio de Janeiro;9607;2019;41119;Infraestrutura adaptada para alunos com deficiência;9607
Indicador  4.a.1;1020;2293;33;Rio de Janeiro;9607;2019;41120;Abastecimento de água;9607
Indicador  4.a.1;1020;2290;33;Rio de Janeiro;9607;2019;41121;Água Filtrada;9607
Indicador  4.a.1;1020;2315;33;Rio de Janeiro;9607;2020;41115;Total;9607
Indicador  4.a.1;1020;2315;33;Rio de Janeiro;9607;2020;41116;Acesso à eletricidade;9607
Indicador  4.a.1;1020;1038;33;Rio de Janeiro;9607;2020;41117;Acesso à internet;9607
Indicador  4.a.1;1020;1964;33;Rio de Janeiro;9607;2020;41118;Computador para fins pedagógicos;9607
Indicador  4.a.1;1020;2052;33;Rio de Janeiro;9607;2020;41119;Infraestrutura adaptada para alunos com deficiência;9607
Indicador  4.a.1;1020;2305;33;Rio de Janeiro;9607;2020;41120;Abastecimento de água;9607
Indicador  4.a.1;1020;2304;33;Rio de Janeiro;9607;2020;41121;Água Filtrada;9607
Indicador  4.a.1;1020;2311;33;Rio de Janeiro;9607;2021;41115;Total;9607
Indicador  4.a.1;1020;2311;33;Rio de Janeiro;9607;2021;41116;Acesso à eletricidade;9607
Indicador  4.a.1;1020;1126;33;Rio de Janeiro;9607;2021;41117;Acesso à internet;9607
Indicador  4.a.1;1020;1955;33;Rio de Janeiro;9607;2021;41118;Computador para fins pedagógicos;9607
Indicador  4.a.1;1020;2094;33;Rio de Janeiro;9607;2021;41119;Infraestrutura adaptada para alunos com deficiência;9607
Indicador  4.a.1;1020;2301;33;Rio de Janeiro;9607;2021;41120;Abastecimento de água;9607
Indicador  4.a.1;1020;2301;33;Rio de Janeiro;9607;2021;41121;Água Filtrada;9607
Indicador  4.a.1;1020;2324;33;Rio de Janeiro;9607;2022;41115;Total;9607
Indicador  4.a.1;1020;2324;33;Rio de Janeiro;9607;2022;41116;Acesso à eletricidade;9607
Indicador  4.a.1;1020;1175;33;Rio de Janeiro;9607;2022;41117;Acesso à internet;9607
Indicador  4.a.1;1020;2093;33;Rio de Janeiro;9607;2022;41118;Computador para fins pedagógicos;9607
Indicador  4.a.1;1020;2119;33;Rio de Janeiro;9607;2022;41119;Infraestrutura adaptada para alunos com deficiência;9607
Indicador  4.a.1;1020;2324;33;Rio de Janeiro;9607;2022;41120;Abastecimento de água;9607
Indicador  4.a.1;1020;2312;33;Rio de Janeiro;9607;2022;41121;Água Filtrada;9607
Indicador  4.a.1;1020;6492;35;São Paulo;9607;2018;41115;Total;9607
Indicador  4.a.1;1020;6492;35;São Paulo;9607;2018;41116;Acesso à eletricidade;9607
Indicador  4.a.1;1020;-;35;São Paulo;9607;2018;41117;Acesso à internet;9607
Indicador  4.a.1;1020;6093;35;São Paulo;9607;2018;41118;Computador para fins pedagógicos;9607
Indicador  4.a.1;1020;1765;35;São Paulo;9607;2018;41119;Infraestrutura adaptada para alunos com deficiência;9607
Indicador  4.a.1;1020;6490;35;São Paulo;9607;2018;41120;Abastecimento de água;9607
Indicador  4.a.1;1020;6491;35;São Paulo;9607;2018;41121;Água Filtrada;9607
Indicador  4.a.1;1020;6508;35;São Paulo;9607;2019;41115;Total;9607
Indicador  4.a.1;1020;6508;35;São Paulo;9607;2019;41116;Acesso à eletricidade;9607
Indicador  4.a.1;1020;3837;35;São Paulo;9607;2019;41117;Acesso à internet;9607
Indicador  4.a.1;1020;6149;35;São Paulo;9607;2019;41118;Computador para fins pedagógicos;9607
Indicador  4.a.1;1020;2148;35;São Paulo;9607;2019;41119;Infraestrutura adaptada para alunos com deficiência;9607
Indicador  4.a.1;1020;6506;35;São Paulo;9607;2019;41120;Abastecimento de água;9607
Indicador  4.a.1;1020;6504;35;São Paulo;9607;2019;41121;Água Filtrada;9607
Indicador  4.a.1;1020;6508;35;São Paulo;9607;2020;41115;Total;9607
Indicador  4.a.1;1020;6508;35;São Paulo;9607;2020;41116;Acesso à eletricidade;9607
Indicador  4.a.1;1020;4864;35;São Paulo;9607;2020;41117;Acesso à internet;9607
Indicador  4.a.1;1020;6177;35;São Paulo;9607;2020;41118;Computador para fins pedagógicos;9607
Indicador  4.a.1;1020;2722;35;São Paulo;9607;2020;41119;Infraestrutura adaptada para alunos com deficiência;9607
Indicador  4.a.1;1020;6508;35;São Paulo;9607;2020;41120;Abastecimento de água;9607
Indicador  4.a.1;1020;6506;35;São Paulo;9607;2020;41121;Água Filtrada;9607
Indicador  4.a.1;1020;6497;35;São Paulo;9607;2021;41115;Total;9607
Indicador  4.a.1;1020;6497;35;São Paulo;9607;2021;41116;Acesso à eletricidade;9607
Indicador  4.a.1;1020;5162;35;São Paulo;9607;2021;41117;Acesso à internet;9607
Indicador  4.a.1;1020;6145;35;São Paulo;9607;2021;41118;Computador para fins pedagógicos;9607
Indicador  4.a.1;1020;3080;35;São Paulo;9607;2021;41119;Infraestrutura adaptada para alunos com deficiência;9607
Indicador  4.a.1;1020;6497;35;São Paulo;9607;2021;41120;Abastecimento de água;9607
Indicador  4.a.1;1020;6496;35;São Paulo;9607;2021;41121;Água Filtrada;9607
Indicador  4.a.1;1020;6480;35;São Paulo;9607;2022;41115;Total;9607
Indicador  4.a.1;1020;6464;35;São Paulo;9607;2022;41116;Acesso à eletricidade;9607
Indicador  4.a.1;1020;5383;35;São Paulo;9607;2022;41117;Acesso à internet;9607
Indicador  4.a.1;1020;6184;35;São Paulo;9607;2022;41118;Computador para fins pedagógicos;9607
Indicador  4.a.1;1020;3084;35;São Paulo;9607;2022;41119;Infraestrutura adaptada para alunos com deficiência;9607
Indicador  4.a.1;1020;6464;35;São Paulo;9607;2022;41120;Abastecimento de água;9607
Indicador  4.a.1;1020;6456;35;São Paulo;9607;2022;41121;Água Filtrada;9607
Indicador  4.a.1;1020;2000;41;Paraná;9607;2018;41115;Total;9607
Indicador  4.a.1;1020;2000;41;Paraná;9607;2018;41116;Acesso à eletricidade;9607
Indicador  4.a.1;1020;-;41;Paraná;9607;2018;41117;Acesso à internet;9607
Indicador  4.a.1;1020;1881;41;Paraná;9607;2018;41118;Computador para fins pedagógicos;9607
Indicador  4.a.1;1020;1292;41;Paraná;9607;2018;41119;Infraestrutura adaptada para alunos com deficiência;9607
Indicador  4.a.1;1020;2000;41;Paraná;9607;2018;41120;Abastecimento de água;9607
Indicador  4.a.1;1020;1259;41;Paraná;9607;2018;41121;Água Filtrada;9607
Indicador  4.a.1;1020;2003;41;Paraná;9607;2019;41115;Total;9607
Indicador  4.a.1;1020;2003;41;Paraná;9607;2019;41116;Acesso à eletricidade;9607
Indicador  4.a.1;1020;1546;41;Paraná;9607;2019;41117;Acesso à internet;9607
Indicador  4.a.1;1020;1922;41;Paraná;9607;2019;41118;Computador para fins pedagógicos;9607
Indicador  4.a.1;1020;1854;41;Paraná;9607;2019;41119;Infraestrutura adaptada para alunos com deficiência;9607
Indicador  4.a.1;1020;2002;41;Paraná;9607;2019;41120;Abastecimento de água;9607
Indicador  4.a.1;1020;1969;41;Paraná;9607;2019;41121;Água Filtrada;9607
Indicador  4.a.1;1020;2007;41;Paraná;9607;2020;41115;Total;9607
Indicador  4.a.1;1020;2007;41;Paraná;9607;2020;41116;Acesso à eletricidade;9607
Indicador  4.a.1;1020;1596;41;Paraná;9607;2020;41117;Acesso à internet;9607
Indicador  4.a.1;1020;1950;41;Paraná;9607;2020;41118;Computador para fins pedagógicos;9607
Indicador  4.a.1;1020;1906;41;Paraná;9607;2020;41119;Infraestrutura adaptada para alunos com deficiência;9607
Indicador  4.a.1;1020;2007;41;Paraná;9607;2020;41120;Abastecimento de água;9607
Indicador  4.a.1;1020;1983;41;Paraná;9607;2020;41121;Água Filtrada;9607
Indicador  4.a.1;1020;2032;41;Paraná;9607;2021;41115;Total;9607
Indicador  4.a.1;1020;2032;41;Paraná;9607;2021;41116;Acesso à eletricidade;9607
Indicador  4.a.1;1020;1638;41;Paraná;9607;2021;41117;Acesso à internet;9607
Indicador  4.a.1;1020;1968;41;Paraná;9607;2021;41118;Computador para fins pedagógicos;9607
Indicador  4.a.1;1020;1948;41;Paraná;9607;2021;41119;Infraestrutura adaptada para alunos com deficiência;9607
Indicador  4.a.1;1020;2031;41;Paraná;9607;2021;41120;Abastecimento de água;9607
Indicador  4.a.1;1020;2013;41;Paraná;9607;2021;41121;Água Filtrada;9607
Indicador  4.a.1;1020;2052;41;Paraná;9607;2022;41115;Total;9607
Indicador  4.a.1;1020;2052;41;Paraná;9607;2022;41116;Acesso à eletricidade;9607
Indicador  4.a.1;1020;1731;41;Paraná;9607;2022;41117;Acesso à internet;9607
Indicador  4.a.1;1020;2028;41;Paraná;9607;2022;41118;Computador para fins pedagógicos;9607
Indicador  4.a.1;1020;1977;41;Paraná;9607;2022;41119;Infraestrutura adaptada para alunos com deficiência;9607
Indicador  4.a.1;1020;2051;41;Paraná;9607;2022;41120;Abastecimento de água;9607
Indicador  4.a.1;1020;2030;41;Paraná;9607;2022;41121;Água Filtrada;9607
Indicador  4.a.1;1020;996;42;Santa Catarina;9607;2018;41115;Total;9607
Indicador  4.a.1;1020;996;42;Santa Catarina;9607;2018;41116;Acesso à eletricidade;9607
Indicador  4.a.1;1020;-;42;Santa Catarina;9607;2018;41117;Acesso à internet;9607
Indicador  4.a.1;1020;939;42;Santa Catarina;9607;2018;41118;Computador para fins pedagógicos;9607
Indicador  4.a.1;1020;869;42;Santa Catarina;9607;2018;41119;Infraestrutura adaptada para alunos com deficiência;9607
Indicador  4.a.1;1020;995;42;Santa Catarina;9607;2018;41120;Abastecimento de água;9607
Indicador  4.a.1;1020;736;42;Santa Catarina;9607;2018;41121;Água Filtrada;9607
Indicador  4.a.1;1020;999;42;Santa Catarina;9607;2019;41115;Total;9607
Indicador  4.a.1;1020;999;42;Santa Catarina;9607;2019;41116;Acesso à eletricidade;9607
Indicador  4.a.1;1020;628;42;Santa Catarina;9607;2019;41117;Acesso à internet;9607
Indicador  4.a.1;1020;930;42;Santa Catarina;9607;2019;41118;Computador para fins pedagógicos;9607
Indicador  4.a.1;1020;960;42;Santa Catarina;9607;2019;41119;Infraestrutura adaptada para alunos com deficiência;9607
Indicador  4.a.1;1020;998;42;Santa Catarina;9607;2019;41120;Abastecimento de água;9607
Indicador  4.a.1;1020;987;42;Santa Catarina;9607;2019;41121;Água Filtrada;9607
Indicador  4.a.1;1020;1004;42;Santa Catarina;9607;2020;41115;Total;9607
Indicador  4.a.1;1020;1004;42;Santa Catarina;9607;2020;41116;Acesso à eletricidade;9607
Indicador  4.a.1;1020;647;42;Santa Catarina;9607;2020;41117;Acesso à internet;9607
Indicador  4.a.1;1020;960;42;Santa Catarina;9607;2020;41118;Computador para fins pedagógicos;9607
Indicador  4.a.1;1020;976;42;Santa Catarina;9607;2020;41119;Infraestrutura adaptada para alunos com deficiência;9607
Indicador  4.a.1;1020;1004;42;Santa Catarina;9607;2020;41120;Abastecimento de água;9607
Indicador  4.a.1;1020;931;42;Santa Catarina;9607;2020;41121;Água Filtrada;9607
Indicador  4.a.1;1020;1015;42;Santa Catarina;9607;2021;41115;Total;9607
Indicador  4.a.1;1020;1015;42;Santa Catarina;9607;2021;41116;Acesso à eletricidade;9607
Indicador  4.a.1;1020;698;42;Santa Catarina;9607;2021;41117;Acesso à internet;9607
Indicador  4.a.1;1020;982;42;Santa Catarina;9607;2021;41118;Computador para fins pedagógicos;9607
Indicador  4.a.1;1020;994;42;Santa Catarina;9607;2021;41119;Infraestrutura adaptada para alunos com deficiência;9607
Indicador  4.a.1;1020;1015;42;Santa Catarina;9607;2021;41120;Abastecimento de água;9607
Indicador  4.a.1;1020;955;42;Santa Catarina;9607;2021;41121;Água Filtrada;9607
Indicador  4.a.1;1020;1027;42;Santa Catarina;9607;2022;41115;Total;9607
Indicador  4.a.1;1020;1027;42;Santa Catarina;9607;2022;41116;Acesso à eletricidade;9607
Indicador  4.a.1;1020;738;42;Santa Catarina;9607;2022;41117;Acesso à internet;9607
Indicador  4.a.1;1020;995;42;Santa Catarina;9607;2022;41118;Computador para fins pedagógicos;9607
Indicador  4.a.1;1020;997;42;Santa Catarina;9607;2022;41119;Infraestrutura adaptada para alunos com deficiência;9607
Indicador  4.a.1;1020;1027;42;Santa Catarina;9607;2022;41120;Abastecimento de água;9607
Indicador  4.a.1;1020;966;42;Santa Catarina;9607;2022;41121;Água Filtrada;9607
Indicador  4.a.1;1020;1503;43;Rio Grande do Sul;9607;2018;41115;Total;9607
Indicador  4.a.1;1020;1502;43;Rio Grande do Sul;9607;2018;41116;Acesso à eletricidade;9607
Indicador  4.a.1;1020;-;43;Rio Grande do Sul;9607;2018;41117;Acesso à internet;9607
Indicador  4.a.1;1020;1402;43;Rio Grande do Sul;9607;2018;41118;Computador para fins pedagógicos;9607
Indicador  4.a.1;1020;769;43;Rio Grande do Sul;9607;2018;41119;Infraestrutura adaptada para alunos com deficiência;9607
Indicador  4.a.1;1020;1500;43;Rio Grande do Sul;9607;2018;41120;Abastecimento de água;9607
Indicador  4.a.1;1020;421;43;Rio Grande do Sul;9607;2018;41121;Água Filtrada;9607
Indicador  4.a.1;1020;1503;43;Rio Grande do Sul;9607;2019;41115;Total;9607
Indicador  4.a.1;1020;1503;43;Rio Grande do Sul;9607;2019;41116;Acesso à eletricidade;9607
Indicador  4.a.1;1020;1119;43;Rio Grande do Sul;9607;2019;41117;Acesso à internet;9607
Indicador  4.a.1;1020;1359;43;Rio Grande do Sul;9607;2019;41118;Computador para fins pedagógicos;9607
Indicador  4.a.1;1020;903;43;Rio Grande do Sul;9607;2019;41119;Infraestrutura adaptada para alunos com deficiência;9607
Indicador  4.a.1;1020;1497;43;Rio Grande do Sul;9607;2019;41120;Abastecimento de água;9607
Indicador  4.a.1;1020;618;43;Rio Grande do Sul;9607;2019;41121;Água Filtrada;9607
Indicador  4.a.1;1020;1505;43;Rio Grande do Sul;9607;2020;41115;Total;9607
Indicador  4.a.1;1020;1505;43;Rio Grande do Sul;9607;2020;41116;Acesso à eletricidade;9607
Indicador  4.a.1;1020;1114;43;Rio Grande do Sul;9607;2020;41117;Acesso à internet;9607
Indicador  4.a.1;1020;1426;43;Rio Grande do Sul;9607;2020;41118;Computador para fins pedagógicos;9607
Indicador  4.a.1;1020;974;43;Rio Grande do Sul;9607;2020;41119;Infraestrutura adaptada para alunos com deficiência;9607
Indicador  4.a.1;1020;1502;43;Rio Grande do Sul;9607;2020;41120;Abastecimento de água;9607
Indicador  4.a.1;1020;675;43;Rio Grande do Sul;9607;2020;41121;Água Filtrada;9607
Indicador  4.a.1;1020;1520;43;Rio Grande do Sul;9607;2021;41115;Total;9607
Indicador  4.a.1;1020;1520;43;Rio Grande do Sul;9607;2021;41116;Acesso à eletricidade;9607
Indicador  4.a.1;1020;1245;43;Rio Grande do Sul;9607;2021;41117;Acesso à internet;9607
Indicador  4.a.1;1020;1465;43;Rio Grande do Sul;9607;2021;41118;Computador para fins pedagógicos;9607
Indicador  4.a.1;1020;1171;43;Rio Grande do Sul;9607;2021;41119;Infraestrutura adaptada para alunos com deficiência;9607
Indicador  4.a.1;1020;1519;43;Rio Grande do Sul;9607;2021;41120;Abastecimento de água;9607
Indicador  4.a.1;1020;1435;43;Rio Grande do Sul;9607;2021;41121;Água Filtrada;9607
Indicador  4.a.1;1020;1539;43;Rio Grande do Sul;9607;2022;41115;Total;9607
Indicador  4.a.1;1020;1539;43;Rio Grande do Sul;9607;2022;41116;Acesso à eletricidade;9607
Indicador  4.a.1;1020;1316;43;Rio Grande do Sul;9607;2022;41117;Acesso à internet;9607
Indicador  4.a.1;1020;1492;43;Rio Grande do Sul;9607;2022;41118;Computador para fins pedagógicos;9607
Indicador  4.a.1;1020;1216;43;Rio Grande do Sul;9607;2022;41119;Infraestrutura adaptada para alunos com deficiência;9607
Indicador  4.a.1;1020;1538;43;Rio Grande do Sul;9607;2022;41120;Abastecimento de água;9607
Indicador  4.a.1;1020;1528;43;Rio Grande do Sul;9607;2022;41121;Água Filtrada;9607
Indicador  4.a.1;1020;421;50;Mato Grosso do Sul;9607;2018;41115;Total;9607
Indicador  4.a.1;1020;421;50;Mato Grosso do Sul;9607;2018;41116;Acesso à eletricidade;9607
Indicador  4.a.1;1020;-;50;Mato Grosso do Sul;9607;2018;41117;Acesso à internet;9607
Indicador  4.a.1;1020;408;50;Mato Grosso do Sul;9607;2018;41118;Computador para fins pedagógicos;9607
Indicador  4.a.1;1020;272;50;Mato Grosso do Sul;9607;2018;41119;Infraestrutura adaptada para alunos com deficiência;9607
Indicador  4.a.1;1020;421;50;Mato Grosso do Sul;9607;2018;41120;Abastecimento de água;9607
Indicador  4.a.1;1020;347;50;Mato Grosso do Sul;9607;2018;41121;Água Filtrada;9607
Indicador  4.a.1;1020;420;50;Mato Grosso do Sul;9607;2019;41115;Total;9607
Indicador  4.a.1;1020;420;50;Mato Grosso do Sul;9607;2019;41116;Acesso à eletricidade;9607
Indicador  4.a.1;1020;251;50;Mato Grosso do Sul;9607;2019;41117;Acesso à internet;9607
Indicador  4.a.1;1020;384;50;Mato Grosso do Sul;9607;2019;41118;Computador para fins pedagógicos;9607
Indicador  4.a.1;1020;355;50;Mato Grosso do Sul;9607;2019;41119;Infraestrutura adaptada para alunos com deficiência;9607
Indicador  4.a.1;1020;420;50;Mato Grosso do Sul;9607;2019;41120;Abastecimento de água;9607
Indicador  4.a.1;1020;414;50;Mato Grosso do Sul;9607;2019;41121;Água Filtrada;9607
Indicador  4.a.1;1020;421;50;Mato Grosso do Sul;9607;2020;41115;Total;9607
Indicador  4.a.1;1020;421;50;Mato Grosso do Sul;9607;2020;41116;Acesso à eletricidade;9607
Indicador  4.a.1;1020;266;50;Mato Grosso do Sul;9607;2020;41117;Acesso à internet;9607
Indicador  4.a.1;1020;400;50;Mato Grosso do Sul;9607;2020;41118;Computador para fins pedagógicos;9607
Indicador  4.a.1;1020;364;50;Mato Grosso do Sul;9607;2020;41119;Infraestrutura adaptada para alunos com deficiência;9607
Indicador  4.a.1;1020;421;50;Mato Grosso do Sul;9607;2020;41120;Abastecimento de água;9607
Indicador  4.a.1;1020;416;50;Mato Grosso do Sul;9607;2020;41121;Água Filtrada;9607
Indicador  4.a.1;1020;440;50;Mato Grosso do Sul;9607;2021;41115;Total;9607
Indicador  4.a.1;1020;440;50;Mato Grosso do Sul;9607;2021;41116;Acesso à eletricidade;9607
Indicador  4.a.1;1020;305;50;Mato Grosso do Sul;9607;2021;41117;Acesso à internet;9607
Indicador  4.a.1;1020;422;50;Mato Grosso do Sul;9607;2021;41118;Computador para fins pedagógicos;9607
Indicador  4.a.1;1020;390;50;Mato Grosso do Sul;9607;2021;41119;Infraestrutura adaptada para alunos com deficiência;9607
Indicador  4.a.1;1020;440;50;Mato Grosso do Sul;9607;2021;41120;Abastecimento de água;9607
Indicador  4.a.1;1020;436;50;Mato Grosso do Sul;9607;2021;41121;Água Filtrada;9607
Indicador  4.a.1;1020;444;50;Mato Grosso do Sul;9607;2022;41115;Total;9607
Indicador  4.a.1;1020;444;50;Mato Grosso do Sul;9607;2022;41116;Acesso à eletricidade;9607
Indicador  4.a.1;1020;325;50;Mato Grosso do Sul;9607;2022;41117;Acesso à internet;9607
Indicador  4.a.1;1020;431;50;Mato Grosso do Sul;9607;2022;41118;Computador para fins pedagógicos;9607
Indicador  4.a.1;1020;399;50;Mato Grosso do Sul;9607;2022;41119;Infraestrutura adaptada para alunos com deficiência;9607
Indicador  4.a.1;1020;444;50;Mato Grosso do Sul;9607;2022;41120;Abastecimento de água;9607
Indicador  4.a.1;1020;440;50;Mato Grosso do Sul;9607;2022;41121;Água Filtrada;9607
Indicador  4.a.1;1020;642;51;Mato Grosso;9607;2018;41115;Total;9607
Indicador  4.a.1;1020;640;51;Mato Grosso;9607;2018;41116;Acesso à eletricidade;9607
Indicador  4.a.1;1020;-;51;Mato Grosso;9607;2018;41117;Acesso à internet;9607
Indicador  4.a.1;1020;543;51;Mato Grosso;9607;2018;41118;Computador para fins pedagógicos;9607
Indicador  4.a.1;1020;326;51;Mato Grosso;9607;2018;41119;Infraestrutura adaptada para alunos com deficiência;9607
Indicador  4.a.1;1020;639;51;Mato Grosso;9607;2018;41120;Abastecimento de água;9607
Indicador  4.a.1;1020;605;51;Mato Grosso;9607;2018;41121;Água Filtrada;9607
Indicador  4.a.1;1020;660;51;Mato Grosso;9607;2019;41115;Total;9607
Indicador  4.a.1;1020;654;51;Mato Grosso;9607;2019;41116;Acesso à eletricidade;9607
Indicador  4.a.1;1020;357;51;Mato Grosso;9607;2019;41117;Acesso à internet;9607
Indicador  4.a.1;1020;527;51;Mato Grosso;9607;2019;41118;Computador para fins pedagógicos;9607
Indicador  4.a.1;1020;527;51;Mato Grosso;9607;2019;41119;Infraestrutura adaptada para alunos com deficiência;9607
Indicador  4.a.1;1020;658;51;Mato Grosso;9607;2019;41120;Abastecimento de água;9607
Indicador  4.a.1;1020;561;51;Mato Grosso;9607;2019;41121;Água Filtrada;9607
Indicador  4.a.1;1020;661;51;Mato Grosso;9607;2020;41115;Total;9607
Indicador  4.a.1;1020;655;51;Mato Grosso;9607;2020;41116;Acesso à eletricidade;9607
Indicador  4.a.1;1020;363;51;Mato Grosso;9607;2020;41117;Acesso à internet;9607
Indicador  4.a.1;1020;565;51;Mato Grosso;9607;2020;41118;Computador para fins pedagógicos;9607
Indicador  4.a.1;1020;548;51;Mato Grosso;9607;2020;41119;Infraestrutura adaptada para alunos com deficiência;9607
Indicador  4.a.1;1020;653;51;Mato Grosso;9607;2020;41120;Abastecimento de água;9607
Indicador  4.a.1;1020;623;51;Mato Grosso;9607;2020;41121;Água Filtrada;9607
Indicador  4.a.1;1020;673;51;Mato Grosso;9607;2021;41115;Total;9607
Indicador  4.a.1;1020;672;51;Mato Grosso;9607;2021;41116;Acesso à eletricidade;9607
Indicador  4.a.1;1020;385;51;Mato Grosso;9607;2021;41117;Acesso à internet;9607
Indicador  4.a.1;1020;591;51;Mato Grosso;9607;2021;41118;Computador para fins pedagógicos;9607
Indicador  4.a.1;1020;563;51;Mato Grosso;9607;2021;41119;Infraestrutura adaptada para alunos com deficiência;9607
Indicador  4.a.1;1020;666;51;Mato Grosso;9607;2021;41120;Abastecimento de água;9607
Indicador  4.a.1;1020;673;51;Mato Grosso;9607;2021;41121;Água Filtrada;9607
Indicador  4.a.1;1020;686;51;Mato Grosso;9607;2022;41115;Total;9607
Indicador  4.a.1;1020;684;51;Mato Grosso;9607;2022;41116;Acesso à eletricidade;9607
Indicador  4.a.1;1020;447;51;Mato Grosso;9607;2022;41117;Acesso à internet;9607
Indicador  4.a.1;1020;616;51;Mato Grosso;9607;2022;41118;Computador para fins pedagógicos;9607
Indicador  4.a.1;1020;573;51;Mato Grosso;9607;2022;41119;Infraestrutura adaptada para alunos com deficiência;9607
Indicador  4.a.1;1020;681;51;Mato Grosso;9607;2022;41120;Abastecimento de água;9607
Indicador  4.a.1;1020;686;51;Mato Grosso;9607;2022;41121;Água Filtrada;9607
Indicador  4.a.1;1020;976;52;Goiás;9607;2018;41115;Total;9607
Indicador  4.a.1;1020;976;52;Goiás;9607;2018;41116;Acesso à eletricidade;9607
Indicador  4.a.1;1020;-;52;Goiás;9607;2018;41117;Acesso à internet;9607
Indicador  4.a.1;1020;806;52;Goiás;9607;2018;41118;Computador para fins pedagógicos;9607
Indicador  4.a.1;1020;603;52;Goiás;9607;2018;41119;Infraestrutura adaptada para alunos com deficiência;9607
Indicador  4.a.1;1020;976;52;Goiás;9607;2018;41120;Abastecimento de água;9607
Indicador  4.a.1;1020;926;52;Goiás;9607;2018;41121;Água Filtrada;9607
Indicador  4.a.1;1020;997;52;Goiás;9607;2019;41115;Total;9607
Indicador  4.a.1;1020;996;52;Goiás;9607;2019;41116;Acesso à eletricidade;9607
Indicador  4.a.1;1020;534;52;Goiás;9607;2019;41117;Acesso à internet;9607
Indicador  4.a.1;1020;721;52;Goiás;9607;2019;41118;Computador para fins pedagógicos;9607
Indicador  4.a.1;1020;916;52;Goiás;9607;2019;41119;Infraestrutura adaptada para alunos com deficiência;9607
Indicador  4.a.1;1020;996;52;Goiás;9607;2019;41120;Abastecimento de água;9607
Indicador  4.a.1;1020;980;52;Goiás;9607;2019;41121;Água Filtrada;9607
Indicador  4.a.1;1020;1030;52;Goiás;9607;2020;41115;Total;9607
Indicador  4.a.1;1020;1029;52;Goiás;9607;2020;41116;Acesso à eletricidade;9607
Indicador  4.a.1;1020;583;52;Goiás;9607;2020;41117;Acesso à internet;9607
Indicador  4.a.1;1020;787;52;Goiás;9607;2020;41118;Computador para fins pedagógicos;9607
Indicador  4.a.1;1020;958;52;Goiás;9607;2020;41119;Infraestrutura adaptada para alunos com deficiência;9607
Indicador  4.a.1;1020;1029;52;Goiás;9607;2020;41120;Abastecimento de água;9607
Indicador  4.a.1;1020;1014;52;Goiás;9607;2020;41121;Água Filtrada;9607
Indicador  4.a.1;1020;1043;52;Goiás;9607;2021;41115;Total;9607
Indicador  4.a.1;1020;1043;52;Goiás;9607;2021;41116;Acesso à eletricidade;9607
Indicador  4.a.1;1020;683;52;Goiás;9607;2021;41117;Acesso à internet;9607
Indicador  4.a.1;1020;835;52;Goiás;9607;2021;41118;Computador para fins pedagógicos;9607
Indicador  4.a.1;1020;992;52;Goiás;9607;2021;41119;Infraestrutura adaptada para alunos com deficiência;9607
Indicador  4.a.1;1020;1042;52;Goiás;9607;2021;41120;Abastecimento de água;9607
Indicador  4.a.1;1020;1039;52;Goiás;9607;2021;41121;Água Filtrada;9607
Indicador  4.a.1;1020;1063;52;Goiás;9607;2022;41115;Total;9607
Indicador  4.a.1;1020;1063;52;Goiás;9607;2022;41116;Acesso à eletricidade;9607
Indicador  4.a.1;1020;840;52;Goiás;9607;2022;41117;Acesso à internet;9607
Indicador  4.a.1;1020;993;52;Goiás;9607;2022;41118;Computador para fins pedagógicos;9607
Indicador  4.a.1;1020;1038;52;Goiás;9607;2022;41119;Infraestrutura adaptada para alunos com deficiência;9607
Indicador  4.a.1;1020;1063;52;Goiás;9607;2022;41120;Abastecimento de água;9607
Indicador  4.a.1;1020;1063;52;Goiás;9607;2022;41121;Água Filtrada;9607
Indicador  4.a.1;1020;234;53;Distrito Federal;9607;2018;41115;Total;9607
Indicador  4.a.1;1020;234;53;Distrito Federal;9607;2018;41116;Acesso à eletricidade;9607
Indicador  4.a.1;1020;-;53;Distrito Federal;9607;2018;41117;Acesso à internet;9607
Indicador  4.a.1;1020;214;53;Distrito Federal;9607;2018;41118;Computador para fins pedagógicos;9607
Indicador  4.a.1;1020;199;53;Distrito Federal;9607;2018;41119;Infraestrutura adaptada para alunos com deficiência;9607
Indicador  4.a.1;1020;234;53;Distrito Federal;9607;2018;41120;Abastecimento de água;9607
Indicador  4.a.1;1020;234;53;Distrito Federal;9607;2018;41121;Água Filtrada;9607
Indicador  4.a.1;1020;244;53;Distrito Federal;9607;2019;41115;Total;9607
Indicador  4.a.1;1020;244;53;Distrito Federal;9607;2019;41116;Acesso à eletricidade;9607
Indicador  4.a.1;1020;124;53;Distrito Federal;9607;2019;41117;Acesso à internet;9607
Indicador  4.a.1;1020;193;53;Distrito Federal;9607;2019;41118;Computador para fins pedagógicos;9607
Indicador  4.a.1;1020;231;53;Distrito Federal;9607;2019;41119;Infraestrutura adaptada para alunos com deficiência;9607
Indicador  4.a.1;1020;244;53;Distrito Federal;9607;2019;41120;Abastecimento de água;9607
Indicador  4.a.1;1020;243;53;Distrito Federal;9607;2019;41121;Água Filtrada;9607
Indicador  4.a.1;1020;245;53;Distrito Federal;9607;2020;41115;Total;9607
Indicador  4.a.1;1020;245;53;Distrito Federal;9607;2020;41116;Acesso à eletricidade;9607
Indicador  4.a.1;1020;138;53;Distrito Federal;9607;2020;41117;Acesso à internet;9607
Indicador  4.a.1;1020;218;53;Distrito Federal;9607;2020;41118;Computador para fins pedagógicos;9607
Indicador  4.a.1;1020;235;53;Distrito Federal;9607;2020;41119;Infraestrutura adaptada para alunos com deficiência;9607
Indicador  4.a.1;1020;245;53;Distrito Federal;9607;2020;41120;Abastecimento de água;9607
Indicador  4.a.1;1020;245;53;Distrito Federal;9607;2020;41121;Água Filtrada;9607
Indicador  4.a.1;1020;256;53;Distrito Federal;9607;2021;41115;Total;9607
Indicador  4.a.1;1020;256;53;Distrito Federal;9607;2021;41116;Acesso à eletricidade;9607
Indicador  4.a.1;1020;156;53;Distrito Federal;9607;2021;41117;Acesso à internet;9607
Indicador  4.a.1;1020;232;53;Distrito Federal;9607;2021;41118;Computador para fins pedagógicos;9607
Indicador  4.a.1;1020;248;53;Distrito Federal;9607;2021;41119;Infraestrutura adaptada para alunos com deficiência;9607
Indicador  4.a.1;1020;256;53;Distrito Federal;9607;2021;41120;Abastecimento de água;9607
Indicador  4.a.1;1020;255;53;Distrito Federal;9607;2021;41121;Água Filtrada;9607
Indicador  4.a.1;1020;263;53;Distrito Federal;9607;2022;41115;Total;9607
Indicador  4.a.1;1020;263;53;Distrito Federal;9607;2022;41116;Acesso à eletricidade;9607
Indicador  4.a.1;1020;165;53;Distrito Federal;9607;2022;41117;Acesso à internet;9607
Indicador  4.a.1;1020;240;53;Distrito Federal;9607;2022;41118;Computador para fins pedagógicos;9607
Indicador  4.a.1;1020;256;53;Distrito Federal;9607;2022;41119;Infraestrutura adaptada para alunos com deficiência;9607
Indicador  4.a.1;1020;263;53;Distrito Federal;9607;2022;41120;Abastecimento de água;9607
Indicador  4.a.1;1020;262;53;Distrito Federal;9607;2022;41121;Água Filtrada;9607
Indicador  4.a.1;1020;62009;1;Brasil;9606;2018;41115;Total;9606
Indicador  4.a.1;1020;60750;1;Brasil;9606;2018;41116;Acesso à eletricidade;9606
Indicador  4.a.1;1020;-;1;Brasil;9606;2018;41117;Acesso à internet;9606
Indicador  4.a.1;1020;44484;1;Brasil;9606;2018;41118;Computador para fins pedagógicos;9606
Indicador  4.a.1;1020;24970;1;Brasil;9606;2018;41119;Infraestrutura adaptada para alunos com deficiência;9606
Indicador  4.a.1;1020;60773;1;Brasil;9606;2018;41120;Abastecimento de água;9606
Indicador  4.a.1;1020;52507;1;Brasil;9606;2018;41121;Água Filtrada;9606
Indicador  4.a.1;1020;61765;1;Brasil;9606;2019;41115;Total;9606
Indicador  4.a.1;1020;60339;1;Brasil;9606;2019;41116;Acesso à eletricidade;9606
Indicador  4.a.1;1020;21466;1;Brasil;9606;2019;41117;Acesso à internet;9606
Indicador  4.a.1;1020;40700;1;Brasil;9606;2019;41118;Computador para fins pedagógicos;9606
Indicador  4.a.1;1020;39426;1;Brasil;9606;2019;41119;Infraestrutura adaptada para alunos com deficiência;9606
Indicador  4.a.1;1020;60756;1;Brasil;9606;2019;41120;Abastecimento de água;9606
Indicador  4.a.1;1020;56882;1;Brasil;9606;2019;41121;Água Filtrada;9606
Indicador  4.a.1;1020;61608;1;Brasil;9606;2020;41115;Total;9606
Indicador  4.a.1;1020;60277;1;Brasil;9606;2020;41116;Acesso à eletricidade;9606
Indicador  4.a.1;1020;23909;1;Brasil;9606;2020;41117;Acesso à internet;9606
Indicador  4.a.1;1020;44032;1;Brasil;9606;2020;41118;Computador para fins pedagógicos;9606
Indicador  4.a.1;1020;41786;1;Brasil;9606;2020;41119;Infraestrutura adaptada para alunos com deficiência;9606
Indicador  4.a.1;1020;60648;1;Brasil;9606;2020;41120;Abastecimento de água;9606
Indicador  4.a.1;1020;57218;1;Brasil;9606;2020;41121;Água Filtrada;9606
Indicador  4.a.1;1020;61791;1;Brasil;9606;2021;41115;Total;9606
Indicador  4.a.1;1020;60508;1;Brasil;9606;2021;41116;Acesso à eletricidade;9606
Indicador  4.a.1;1020;26922;1;Brasil;9606;2021;41117;Acesso à internet;9606
Indicador  4.a.1;1020;45232;1;Brasil;9606;2021;41118;Computador para fins pedagógicos;9606
Indicador  4.a.1;1020;44081;1;Brasil;9606;2021;41119;Infraestrutura adaptada para alunos com deficiência;9606
Indicador  4.a.1;1020;60779;1;Brasil;9606;2021;41120;Abastecimento de água;9606
Indicador  4.a.1;1020;58804;1;Brasil;9606;2021;41121;Água Filtrada;9606
Indicador  4.a.1;1020;61785;1;Brasil;9606;2022;41115;Total;9606
Indicador  4.a.1;1020;60470;1;Brasil;9606;2022;41116;Acesso à eletricidade;9606
Indicador  4.a.1;1020;29311;1;Brasil;9606;2022;41117;Acesso à internet;9606
Indicador  4.a.1;1020;46706;1;Brasil;9606;2022;41118;Computador para fins pedagógicos;9606
Indicador  4.a.1;1020;44783;1;Brasil;9606;2022;41119;Infraestrutura adaptada para alunos com deficiência;9606
Indicador  4.a.1;1020;60833;1;Brasil;9606;2022;41120;Abastecimento de água;9606
Indicador  4.a.1;1020;59053;1;Brasil;9606;2022;41121;Água Filtrada;9606
Indicador  4.a.1;1020;535;11;Rondônia;9606;2018;41115;Total;9606
Indicador  4.a.1;1020;524;11;Rondônia;9606;2018;41116;Acesso à eletricidade;9606
Indicador  4.a.1;1020;-;11;Rondônia;9606;2018;41117;Acesso à internet;9606
Indicador  4.a.1;1020;374;11;Rondônia;9606;2018;41118;Computador para fins pedagógicos;9606
Indicador  4.a.1;1020;257;11;Rondônia;9606;2018;41119;Infraestrutura adaptada para alunos com deficiência;9606
Indicador  4.a.1;1020;524;11;Rondônia;9606;2018;41120;Abastecimento de água;9606
Indicador  4.a.1;1020;510;11;Rondônia;9606;2018;41121;Água Filtrada;9606
Indicador  4.a.1;1020;517;11;Rondônia;9606;2019;41115;Total;9606
Indicador  4.a.1;1020;502;11;Rondônia;9606;2019;41116;Acesso à eletricidade;9606
Indicador  4.a.1;1020;177;11;Rondônia;9606;2019;41117;Acesso à internet;9606
Indicador  4.a.1;1020;336;11;Rondônia;9606;2019;41118;Computador para fins pedagógicos;9606
Indicador  4.a.1;1020;375;11;Rondônia;9606;2019;41119;Infraestrutura adaptada para alunos com deficiência;9606
Indicador  4.a.1;1020;511;11;Rondônia;9606;2019;41120;Abastecimento de água;9606
Indicador  4.a.1;1020;502;11;Rondônia;9606;2019;41121;Água Filtrada;9606
Indicador  4.a.1;1020;519;11;Rondônia;9606;2020;41115;Total;9606
Indicador  4.a.1;1020;507;11;Rondônia;9606;2020;41116;Acesso à eletricidade;9606
Indicador  4.a.1;1020;212;11;Rondônia;9606;2020;41117;Acesso à internet;9606
Indicador  4.a.1;1020;377;11;Rondônia;9606;2020;41118;Computador para fins pedagógicos;9606
Indicador  4.a.1;1020;399;11;Rondônia;9606;2020;41119;Infraestrutura adaptada para alunos com deficiência;9606
Indicador  4.a.1;1020;512;11;Rondônia;9606;2020;41120;Abastecimento de água;9606
Indicador  4.a.1;1020;507;11;Rondônia;9606;2020;41121;Água Filtrada;9606
Indicador  4.a.1;1020;518;11;Rondônia;9606;2021;41115;Total;9606
Indicador  4.a.1;1020;502;11;Rondônia;9606;2021;41116;Acesso à eletricidade;9606
Indicador  4.a.1;1020;238;11;Rondônia;9606;2021;41117;Acesso à internet;9606
Indicador  4.a.1;1020;402;11;Rondônia;9606;2021;41118;Computador para fins pedagógicos;9606
Indicador  4.a.1;1020;412;11;Rondônia;9606;2021;41119;Infraestrutura adaptada para alunos com deficiência;9606
Indicador  4.a.1;1020;514;11;Rondônia;9606;2021;41120;Abastecimento de água;9606
Indicador  4.a.1;1020;504;11;Rondônia;9606;2021;41121;Água Filtrada;9606
Indicador  4.a.1;1020;515;11;Rondônia;9606;2022;41115;Total;9606
Indicador  4.a.1;1020;507;11;Rondônia;9606;2022;41116;Acesso à eletricidade;9606
Indicador  4.a.1;1020;267;11;Rondônia;9606;2022;41117;Acesso à internet;9606
Indicador  4.a.1;1020;415;11;Rondônia;9606;2022;41118;Computador para fins pedagógicos;9606
Indicador  4.a.1;1020;423;11;Rondônia;9606;2022;41119;Infraestrutura adaptada para alunos com deficiência;9606
Indicador  4.a.1;1020;511;11;Rondônia;9606;2022;41120;Abastecimento de água;9606
Indicador  4.a.1;1020;504;11;Rondônia;9606;2022;41121;Água Filtrada;9606
Indicador  4.a.1;1020;618;12;Acre;9606;2018;41115;Total;9606
Indicador  4.a.1;1020;361;12;Acre;9606;2018;41116;Acesso à eletricidade;9606
Indicador  4.a.1;1020;-;12;Acre;9606;2018;41117;Acesso à internet;9606
Indicador  4.a.1;1020;160;12;Acre;9606;2018;41118;Computador para fins pedagógicos;9606
Indicador  4.a.1;1020;89;12;Acre;9606;2018;41119;Infraestrutura adaptada para alunos com deficiência;9606
Indicador  4.a.1;1020;386;12;Acre;9606;2018;41120;Abastecimento de água;9606
Indicador  4.a.1;1020;360;12;Acre;9606;2018;41121;Água Filtrada;9606
Indicador  4.a.1;1020;633;12;Acre;9606;2019;41115;Total;9606
Indicador  4.a.1;1020;360;12;Acre;9606;2019;41116;Acesso à eletricidade;9606
Indicador  4.a.1;1020;44;12;Acre;9606;2019;41117;Acesso à internet;9606
Indicador  4.a.1;1020;141;12;Acre;9606;2019;41118;Computador para fins pedagógicos;9606
Indicador  4.a.1;1020;177;12;Acre;9606;2019;41119;Infraestrutura adaptada para alunos com deficiência;9606
Indicador  4.a.1;1020;441;12;Acre;9606;2019;41120;Abastecimento de água;9606
Indicador  4.a.1;1020;402;12;Acre;9606;2019;41121;Água Filtrada;9606
Indicador  4.a.1;1020;640;12;Acre;9606;2020;41115;Total;9606
Indicador  4.a.1;1020;366;12;Acre;9606;2020;41116;Acesso à eletricidade;9606
Indicador  4.a.1;1020;55;12;Acre;9606;2020;41117;Acesso à internet;9606
Indicador  4.a.1;1020;154;12;Acre;9606;2020;41118;Computador para fins pedagógicos;9606
Indicador  4.a.1;1020;177;12;Acre;9606;2020;41119;Infraestrutura adaptada para alunos com deficiência;9606
Indicador  4.a.1;1020;447;12;Acre;9606;2020;41120;Abastecimento de água;9606
Indicador  4.a.1;1020;403;12;Acre;9606;2020;41121;Água Filtrada;9606
Indicador  4.a.1;1020;641;12;Acre;9606;2021;41115;Total;9606
Indicador  4.a.1;1020;369;12;Acre;9606;2021;41116;Acesso à eletricidade;9606
Indicador  4.a.1;1020;60;12;Acre;9606;2021;41117;Acesso à internet;9606
Indicador  4.a.1;1020;161;12;Acre;9606;2021;41118;Computador para fins pedagógicos;9606
Indicador  4.a.1;1020;187;12;Acre;9606;2021;41119;Infraestrutura adaptada para alunos com deficiência;9606
Indicador  4.a.1;1020;453;12;Acre;9606;2021;41120;Abastecimento de água;9606
Indicador  4.a.1;1020;417;12;Acre;9606;2021;41121;Água Filtrada;9606
Indicador  4.a.1;1020;657;12;Acre;9606;2022;41115;Total;9606
Indicador  4.a.1;1020;365;12;Acre;9606;2022;41116;Acesso à eletricidade;9606
Indicador  4.a.1;1020;73;12;Acre;9606;2022;41117;Acesso à internet;9606
Indicador  4.a.1;1020;166;12;Acre;9606;2022;41118;Computador para fins pedagógicos;9606
Indicador  4.a.1;1020;202;12;Acre;9606;2022;41119;Infraestrutura adaptada para alunos com deficiência;9606
Indicador  4.a.1;1020;473;12;Acre;9606;2022;41120;Abastecimento de água;9606
Indicador  4.a.1;1020;401;12;Acre;9606;2022;41121;Água Filtrada;9606
Indicador  4.a.1;1020;2605;13;Amazonas;9606;2018;41115;Total;9606
Indicador  4.a.1;1020;2033;13;Amazonas;9606;2018;41116;Acesso à eletricidade;9606
Indicador  4.a.1;1020;-;13;Amazonas;9606;2018;41117;Acesso à internet;9606
Indicador  4.a.1;1020;790;13;Amazonas;9606;2018;41118;Computador para fins pedagógicos;9606
Indicador  4.a.1;1020;223;13;Amazonas;9606;2018;41119;Infraestrutura adaptada para alunos com deficiência;9606
Indicador  4.a.1;1020;2539;13;Amazonas;9606;2018;41120;Abastecimento de água;9606
Indicador  4.a.1;1020;1373;13;Amazonas;9606;2018;41121;Água Filtrada;9606
Indicador  4.a.1;1020;2592;13;Amazonas;9606;2019;41115;Total;9606
Indicador  4.a.1;1020;2005;13;Amazonas;9606;2019;41116;Acesso à eletricidade;9606
Indicador  4.a.1;1020;223;13;Amazonas;9606;2019;41117;Acesso à internet;9606
Indicador  4.a.1;1020;624;13;Amazonas;9606;2019;41118;Computador para fins pedagógicos;9606
Indicador  4.a.1;1020;615;13;Amazonas;9606;2019;41119;Infraestrutura adaptada para alunos com deficiência;9606
Indicador  4.a.1;1020;2514;13;Amazonas;9606;2019;41120;Abastecimento de água;9606
Indicador  4.a.1;1020;1985;13;Amazonas;9606;2019;41121;Água Filtrada;9606
Indicador  4.a.1;1020;2653;13;Amazonas;9606;2020;41115;Total;9606
Indicador  4.a.1;1020;2077;13;Amazonas;9606;2020;41116;Acesso à eletricidade;9606
Indicador  4.a.1;1020;243;13;Amazonas;9606;2020;41117;Acesso à internet;9606
Indicador  4.a.1;1020;716;13;Amazonas;9606;2020;41118;Computador para fins pedagógicos;9606
Indicador  4.a.1;1020;721;13;Amazonas;9606;2020;41119;Infraestrutura adaptada para alunos com deficiência;9606
Indicador  4.a.1;1020;2582;13;Amazonas;9606;2020;41120;Abastecimento de água;9606
Indicador  4.a.1;1020;2224;13;Amazonas;9606;2020;41121;Água Filtrada;9606
Indicador  4.a.1;1020;2790;13;Amazonas;9606;2021;41115;Total;9606
Indicador  4.a.1;1020;2243;13;Amazonas;9606;2021;41116;Acesso à eletricidade;9606
Indicador  4.a.1;1020;272;13;Amazonas;9606;2021;41117;Acesso à internet;9606
Indicador  4.a.1;1020;753;13;Amazonas;9606;2021;41118;Computador para fins pedagógicos;9606
Indicador  4.a.1;1020;783;13;Amazonas;9606;2021;41119;Infraestrutura adaptada para alunos com deficiência;9606
Indicador  4.a.1;1020;2721;13;Amazonas;9606;2021;41120;Abastecimento de água;9606
Indicador  4.a.1;1020;2367;13;Amazonas;9606;2021;41121;Água Filtrada;9606
Indicador  4.a.1;1020;2868;13;Amazonas;9606;2022;41115;Total;9606
Indicador  4.a.1;1020;2295;13;Amazonas;9606;2022;41116;Acesso à eletricidade;9606
Indicador  4.a.1;1020;323;13;Amazonas;9606;2022;41117;Acesso à internet;9606
Indicador  4.a.1;1020;788;13;Amazonas;9606;2022;41118;Computador para fins pedagógicos;9606
Indicador  4.a.1;1020;819;13;Amazonas;9606;2022;41119;Infraestrutura adaptada para alunos com deficiência;9606
Indicador  4.a.1;1020;2803;13;Amazonas;9606;2022;41120;Abastecimento de água;9606
Indicador  4.a.1;1020;2594;13;Amazonas;9606;2022;41121;Água Filtrada;9606
Indicador  4.a.1;1020;252;14;Roraima;9606;2018;41115;Total;9606
Indicador  4.a.1;1020;237;14;Roraima;9606;2018;41116;Acesso à eletricidade;9606
Indicador  4.a.1;1020;-;14;Roraima;9606;2018;41117;Acesso à internet;9606
Indicador  4.a.1;1020;122;14;Roraima;9606;2018;41118;Computador para fins pedagógicos;9606
Indicador  4.a.1;1020;46;14;Roraima;9606;2018;41119;Infraestrutura adaptada para alunos com deficiência;9606
Indicador  4.a.1;1020;251;14;Roraima;9606;2018;41120;Abastecimento de água;9606
Indicador  4.a.1;1020;131;14;Roraima;9606;2018;41121;Água Filtrada;9606
Indicador  4.a.1;1020;252;14;Roraima;9606;2019;41115;Total;9606
Indicador  4.a.1;1020;224;14;Roraima;9606;2019;41116;Acesso à eletricidade;9606
Indicador  4.a.1;1020;51;14;Roraima;9606;2019;41117;Acesso à internet;9606
Indicador  4.a.1;1020;109;14;Roraima;9606;2019;41118;Computador para fins pedagógicos;9606
Indicador  4.a.1;1020;96;14;Roraima;9606;2019;41119;Infraestrutura adaptada para alunos com deficiência;9606
Indicador  4.a.1;1020;252;14;Roraima;9606;2019;41120;Abastecimento de água;9606
Indicador  4.a.1;1020;152;14;Roraima;9606;2019;41121;Água Filtrada;9606
Indicador  4.a.1;1020;249;14;Roraima;9606;2020;41115;Total;9606
Indicador  4.a.1;1020;224;14;Roraima;9606;2020;41116;Acesso à eletricidade;9606
Indicador  4.a.1;1020;69;14;Roraima;9606;2020;41117;Acesso à internet;9606
Indicador  4.a.1;1020;134;14;Roraima;9606;2020;41118;Computador para fins pedagógicos;9606
Indicador  4.a.1;1020;108;14;Roraima;9606;2020;41119;Infraestrutura adaptada para alunos com deficiência;9606
Indicador  4.a.1;1020;248;14;Roraima;9606;2020;41120;Abastecimento de água;9606
Indicador  4.a.1;1020;150;14;Roraima;9606;2020;41121;Água Filtrada;9606
Indicador  4.a.1;1020;247;14;Roraima;9606;2021;41115;Total;9606
Indicador  4.a.1;1020;228;14;Roraima;9606;2021;41116;Acesso à eletricidade;9606
Indicador  4.a.1;1020;84;14;Roraima;9606;2021;41117;Acesso à internet;9606
Indicador  4.a.1;1020;135;14;Roraima;9606;2021;41118;Computador para fins pedagógicos;9606
Indicador  4.a.1;1020;120;14;Roraima;9606;2021;41119;Infraestrutura adaptada para alunos com deficiência;9606
Indicador  4.a.1;1020;245;14;Roraima;9606;2021;41120;Abastecimento de água;9606
Indicador  4.a.1;1020;155;14;Roraima;9606;2021;41121;Água Filtrada;9606
Indicador  4.a.1;1020;248;14;Roraima;9606;2022;41115;Total;9606
Indicador  4.a.1;1020;228;14;Roraima;9606;2022;41116;Acesso à eletricidade;9606
Indicador  4.a.1;1020;85;14;Roraima;9606;2022;41117;Acesso à internet;9606
Indicador  4.a.1;1020;145;14;Roraima;9606;2022;41118;Computador para fins pedagógicos;9606
Indicador  4.a.1;1020;131;14;Roraima;9606;2022;41119;Infraestrutura adaptada para alunos com deficiência;9606
Indicador  4.a.1;1020;248;14;Roraima;9606;2022;41120;Abastecimento de água;9606
Indicador  4.a.1;1020;165;14;Roraima;9606;2022;41121;Água Filtrada;9606
Indicador  4.a.1;1020;3829;15;Pará;9606;2018;41115;Total;9606
Indicador  4.a.1;1020;3534;15;Pará;9606;2018;41116;Acesso à eletricidade;9606
Indicador  4.a.1;1020;-;15;Pará;9606;2018;41117;Acesso à internet;9606
Indicador  4.a.1;1020;1490;15;Pará;9606;2018;41118;Computador para fins pedagógicos;9606
Indicador  4.a.1;1020;853;15;Pará;9606;2018;41119;Infraestrutura adaptada para alunos com deficiência;9606
Indicador  4.a.1;1020;3548;15;Pará;9606;2018;41120;Abastecimento de água;9606
Indicador  4.a.1;1020;2655;15;Pará;9606;2018;41121;Água Filtrada;9606
Indicador  4.a.1;1020;3863;15;Pará;9606;2019;41115;Total;9606
Indicador  4.a.1;1020;3473;15;Pará;9606;2019;41116;Acesso à eletricidade;9606
Indicador  4.a.1;1020;306;15;Pará;9606;2019;41117;Acesso à internet;9606
Indicador  4.a.1;1020;1213;15;Pará;9606;2019;41118;Computador para fins pedagógicos;9606
Indicador  4.a.1;1020;1770;15;Pará;9606;2019;41119;Infraestrutura adaptada para alunos com deficiência;9606
Indicador  4.a.1;1020;3668;15;Pará;9606;2019;41120;Abastecimento de água;9606
Indicador  4.a.1;1020;3020;15;Pará;9606;2019;41121;Água Filtrada;9606
Indicador  4.a.1;1020;3922;15;Pará;9606;2020;41115;Total;9606
Indicador  4.a.1;1020;3589;15;Pará;9606;2020;41116;Acesso à eletricidade;9606
Indicador  4.a.1;1020;400;15;Pará;9606;2020;41117;Acesso à internet;9606
Indicador  4.a.1;1020;1476;15;Pará;9606;2020;41118;Computador para fins pedagógicos;9606
Indicador  4.a.1;1020;2014;15;Pará;9606;2020;41119;Infraestrutura adaptada para alunos com deficiência;9606
Indicador  4.a.1;1020;3719;15;Pará;9606;2020;41120;Abastecimento de água;9606
Indicador  4.a.1;1020;3172;15;Pará;9606;2020;41121;Água Filtrada;9606
Indicador  4.a.1;1020;3989;15;Pará;9606;2021;41115;Total;9606
Indicador  4.a.1;1020;3643;15;Pará;9606;2021;41116;Acesso à eletricidade;9606
Indicador  4.a.1;1020;503;15;Pará;9606;2021;41117;Acesso à internet;9606
Indicador  4.a.1;1020;1464;15;Pará;9606;2021;41118;Computador para fins pedagógicos;9606
Indicador  4.a.1;1020;2216;15;Pará;9606;2021;41119;Infraestrutura adaptada para alunos com deficiência;9606
Indicador  4.a.1;1020;3734;15;Pará;9606;2021;41120;Abastecimento de água;9606
Indicador  4.a.1;1020;3232;15;Pará;9606;2021;41121;Água Filtrada;9606
Indicador  4.a.1;1020;4107;15;Pará;9606;2022;41115;Total;9606
Indicador  4.a.1;1020;3781;15;Pará;9606;2022;41116;Acesso à eletricidade;9606
Indicador  4.a.1;1020;576;15;Pará;9606;2022;41117;Acesso à internet;9606
Indicador  4.a.1;1020;1397;15;Pará;9606;2022;41118;Computador para fins pedagógicos;9606
Indicador  4.a.1;1020;2324;15;Pará;9606;2022;41119;Infraestrutura adaptada para alunos com deficiência;9606
Indicador  4.a.1;1020;3905;15;Pará;9606;2022;41120;Abastecimento de água;9606
Indicador  4.a.1;1020;3333;15;Pará;9606;2022;41121;Água Filtrada;9606
Indicador  4.a.1;1020;259;16;Amapá;9606;2018;41115;Total;9606
Indicador  4.a.1;1020;250;16;Amapá;9606;2018;41116;Acesso à eletricidade;9606
Indicador  4.a.1;1020;-;16;Amapá;9606;2018;41117;Acesso à internet;9606
Indicador  4.a.1;1020;145;16;Amapá;9606;2018;41118;Computador para fins pedagógicos;9606
Indicador  4.a.1;1020;87;16;Amapá;9606;2018;41119;Infraestrutura adaptada para alunos com deficiência;9606
Indicador  4.a.1;1020;251;16;Amapá;9606;2018;41120;Abastecimento de água;9606
Indicador  4.a.1;1020;195;16;Amapá;9606;2018;41121;Água Filtrada;9606
Indicador  4.a.1;1020;264;16;Amapá;9606;2019;41115;Total;9606
Indicador  4.a.1;1020;247;16;Amapá;9606;2019;41116;Acesso à eletricidade;9606
Indicador  4.a.1;1020;46;16;Amapá;9606;2019;41117;Acesso à internet;9606
Indicador  4.a.1;1020;116;16;Amapá;9606;2019;41118;Computador para fins pedagógicos;9606
Indicador  4.a.1;1020;134;16;Amapá;9606;2019;41119;Infraestrutura adaptada para alunos com deficiência;9606
Indicador  4.a.1;1020;259;16;Amapá;9606;2019;41120;Abastecimento de água;9606
Indicador  4.a.1;1020;223;16;Amapá;9606;2019;41121;Água Filtrada;9606
Indicador  4.a.1;1020;265;16;Amapá;9606;2020;41115;Total;9606
Indicador  4.a.1;1020;252;16;Amapá;9606;2020;41116;Acesso à eletricidade;9606
Indicador  4.a.1;1020;54;16;Amapá;9606;2020;41117;Acesso à internet;9606
Indicador  4.a.1;1020;140;16;Amapá;9606;2020;41118;Computador para fins pedagógicos;9606
Indicador  4.a.1;1020;156;16;Amapá;9606;2020;41119;Infraestrutura adaptada para alunos com deficiência;9606
Indicador  4.a.1;1020;261;16;Amapá;9606;2020;41120;Abastecimento de água;9606
Indicador  4.a.1;1020;226;16;Amapá;9606;2020;41121;Água Filtrada;9606
Indicador  4.a.1;1020;267;16;Amapá;9606;2021;41115;Total;9606
Indicador  4.a.1;1020;254;16;Amapá;9606;2021;41116;Acesso à eletricidade;9606
Indicador  4.a.1;1020;58;16;Amapá;9606;2021;41117;Acesso à internet;9606
Indicador  4.a.1;1020;139;16;Amapá;9606;2021;41118;Computador para fins pedagógicos;9606
Indicador  4.a.1;1020;162;16;Amapá;9606;2021;41119;Infraestrutura adaptada para alunos com deficiência;9606
Indicador  4.a.1;1020;262;16;Amapá;9606;2021;41120;Abastecimento de água;9606
Indicador  4.a.1;1020;233;16;Amapá;9606;2021;41121;Água Filtrada;9606
Indicador  4.a.1;1020;271;16;Amapá;9606;2022;41115;Total;9606
Indicador  4.a.1;1020;258;16;Amapá;9606;2022;41116;Acesso à eletricidade;9606
Indicador  4.a.1;1020;55;16;Amapá;9606;2022;41117;Acesso à internet;9606
Indicador  4.a.1;1020;141;16;Amapá;9606;2022;41118;Computador para fins pedagógicos;9606
Indicador  4.a.1;1020;164;16;Amapá;9606;2022;41119;Infraestrutura adaptada para alunos com deficiência;9606
Indicador  4.a.1;1020;262;16;Amapá;9606;2022;41120;Abastecimento de água;9606
Indicador  4.a.1;1020;237;16;Amapá;9606;2022;41121;Água Filtrada;9606
Indicador  4.a.1;1020;705;17;Tocantins;9606;2018;41115;Total;9606
Indicador  4.a.1;1020;696;17;Tocantins;9606;2018;41116;Acesso à eletricidade;9606
Indicador  4.a.1;1020;-;17;Tocantins;9606;2018;41117;Acesso à internet;9606
Indicador  4.a.1;1020;403;17;Tocantins;9606;2018;41118;Computador para fins pedagógicos;9606
Indicador  4.a.1;1020;311;17;Tocantins;9606;2018;41119;Infraestrutura adaptada para alunos com deficiência;9606
Indicador  4.a.1;1020;701;17;Tocantins;9606;2018;41120;Abastecimento de água;9606
Indicador  4.a.1;1020;684;17;Tocantins;9606;2018;41121;Água Filtrada;9606
Indicador  4.a.1;1020;678;17;Tocantins;9606;2019;41115;Total;9606
Indicador  4.a.1;1020;670;17;Tocantins;9606;2019;41116;Acesso à eletricidade;9606
Indicador  4.a.1;1020;240;17;Tocantins;9606;2019;41117;Acesso à internet;9606
Indicador  4.a.1;1020;370;17;Tocantins;9606;2019;41118;Computador para fins pedagógicos;9606
Indicador  4.a.1;1020;478;17;Tocantins;9606;2019;41119;Infraestrutura adaptada para alunos com deficiência;9606
Indicador  4.a.1;1020;678;17;Tocantins;9606;2019;41120;Abastecimento de água;9606
Indicador  4.a.1;1020;638;17;Tocantins;9606;2019;41121;Água Filtrada;9606
Indicador  4.a.1;1020;673;17;Tocantins;9606;2020;41115;Total;9606
Indicador  4.a.1;1020;666;17;Tocantins;9606;2020;41116;Acesso à eletricidade;9606
Indicador  4.a.1;1020;260;17;Tocantins;9606;2020;41117;Acesso à internet;9606
Indicador  4.a.1;1020;409;17;Tocantins;9606;2020;41118;Computador para fins pedagógicos;9606
Indicador  4.a.1;1020;509;17;Tocantins;9606;2020;41119;Infraestrutura adaptada para alunos com deficiência;9606
Indicador  4.a.1;1020;673;17;Tocantins;9606;2020;41120;Abastecimento de água;9606
Indicador  4.a.1;1020;640;17;Tocantins;9606;2020;41121;Água Filtrada;9606
Indicador  4.a.1;1020;677;17;Tocantins;9606;2021;41115;Total;9606
Indicador  4.a.1;1020;669;17;Tocantins;9606;2021;41116;Acesso à eletricidade;9606
Indicador  4.a.1;1020;298;17;Tocantins;9606;2021;41117;Acesso à internet;9606
Indicador  4.a.1;1020;430;17;Tocantins;9606;2021;41118;Computador para fins pedagógicos;9606
Indicador  4.a.1;1020;545;17;Tocantins;9606;2021;41119;Infraestrutura adaptada para alunos com deficiência;9606
Indicador  4.a.1;1020;665;17;Tocantins;9606;2021;41120;Abastecimento de água;9606
Indicador  4.a.1;1020;645;17;Tocantins;9606;2021;41121;Água Filtrada;9606
Indicador  4.a.1;1020;691;17;Tocantins;9606;2022;41115;Total;9606
Indicador  4.a.1;1020;683;17;Tocantins;9606;2022;41116;Acesso à eletricidade;9606
Indicador  4.a.1;1020;329;17;Tocantins;9606;2022;41117;Acesso à internet;9606
Indicador  4.a.1;1020;406;17;Tocantins;9606;2022;41118;Computador para fins pedagógicos;9606
Indicador  4.a.1;1020;567;17;Tocantins;9606;2022;41119;Infraestrutura adaptada para alunos com deficiência;9606
Indicador  4.a.1;1020;680;17;Tocantins;9606;2022;41120;Abastecimento de água;9606
Indicador  4.a.1;1020;651;17;Tocantins;9606;2022;41121;Água Filtrada;9606
Indicador  4.a.1;1020;4314;21;Maranhão;9606;2018;41115;Total;9606
Indicador  4.a.1;1020;4281;21;Maranhão;9606;2018;41116;Acesso à eletricidade;9606
Indicador  4.a.1;1020;-;21;Maranhão;9606;2018;41117;Acesso à internet;9606
Indicador  4.a.1;1020;1495;21;Maranhão;9606;2018;41118;Computador para fins pedagógicos;9606
Indicador  4.a.1;1020;888;21;Maranhão;9606;2018;41119;Infraestrutura adaptada para alunos com deficiência;9606
Indicador  4.a.1;1020;4023;21;Maranhão;9606;2018;41120;Abastecimento de água;9606
Indicador  4.a.1;1020;3958;21;Maranhão;9606;2018;41121;Água Filtrada;9606
Indicador  4.a.1;1020;4335;21;Maranhão;9606;2019;41115;Total;9606
Indicador  4.a.1;1020;4291;21;Maranhão;9606;2019;41116;Acesso à eletricidade;9606
Indicador  4.a.1;1020;257;21;Maranhão;9606;2019;41117;Acesso à internet;9606
Indicador  4.a.1;1020;1125;21;Maranhão;9606;2019;41118;Computador para fins pedagógicos;9606
Indicador  4.a.1;1020;1949;21;Maranhão;9606;2019;41119;Infraestrutura adaptada para alunos com deficiência;9606
Indicador  4.a.1;1020;4044;21;Maranhão;9606;2019;41120;Abastecimento de água;9606
Indicador  4.a.1;1020;4007;21;Maranhão;9606;2019;41121;Água Filtrada;9606
Indicador  4.a.1;1020;4302;21;Maranhão;9606;2020;41115;Total;9606
Indicador  4.a.1;1020;4265;21;Maranhão;9606;2020;41116;Acesso à eletricidade;9606
Indicador  4.a.1;1020;325;21;Maranhão;9606;2020;41117;Acesso à internet;9606
Indicador  4.a.1;1020;1517;21;Maranhão;9606;2020;41118;Computador para fins pedagógicos;9606
Indicador  4.a.1;1020;2176;21;Maranhão;9606;2020;41119;Infraestrutura adaptada para alunos com deficiência;9606
Indicador  4.a.1;1020;4032;21;Maranhão;9606;2020;41120;Abastecimento de água;9606
Indicador  4.a.1;1020;4018;21;Maranhão;9606;2020;41121;Água Filtrada;9606
Indicador  4.a.1;1020;4273;21;Maranhão;9606;2021;41115;Total;9606
Indicador  4.a.1;1020;4253;21;Maranhão;9606;2021;41116;Acesso à eletricidade;9606
Indicador  4.a.1;1020;491;21;Maranhão;9606;2021;41117;Acesso à internet;9606
Indicador  4.a.1;1020;1746;21;Maranhão;9606;2021;41118;Computador para fins pedagógicos;9606
Indicador  4.a.1;1020;2366;21;Maranhão;9606;2021;41119;Infraestrutura adaptada para alunos com deficiência;9606
Indicador  4.a.1;1020;4003;21;Maranhão;9606;2021;41120;Abastecimento de água;9606
Indicador  4.a.1;1020;3961;21;Maranhão;9606;2021;41121;Água Filtrada;9606
Indicador  4.a.1;1020;4263;21;Maranhão;9606;2022;41115;Total;9606
Indicador  4.a.1;1020;4246;21;Maranhão;9606;2022;41116;Acesso à eletricidade;9606
Indicador  4.a.1;1020;829;21;Maranhão;9606;2022;41117;Acesso à internet;9606
Indicador  4.a.1;1020;1967;21;Maranhão;9606;2022;41118;Computador para fins pedagógicos;9606
Indicador  4.a.1;1020;2474;21;Maranhão;9606;2022;41119;Infraestrutura adaptada para alunos com deficiência;9606
Indicador  4.a.1;1020;3990;21;Maranhão;9606;2022;41120;Abastecimento de água;9606
Indicador  4.a.1;1020;3903;21;Maranhão;9606;2022;41121;Água Filtrada;9606
Indicador  4.a.1;1020;1622;22;Piauí;9606;2018;41115;Total;9606
Indicador  4.a.1;1020;1598;22;Piauí;9606;2018;41116;Acesso à eletricidade;9606
Indicador  4.a.1;1020;-;22;Piauí;9606;2018;41117;Acesso à internet;9606
Indicador  4.a.1;1020;967;22;Piauí;9606;2018;41118;Computador para fins pedagógicos;9606
Indicador  4.a.1;1020;616;22;Piauí;9606;2018;41119;Infraestrutura adaptada para alunos com deficiência;9606
Indicador  4.a.1;1020;1559;22;Piauí;9606;2018;41120;Abastecimento de água;9606
Indicador  4.a.1;1020;1361;22;Piauí;9606;2018;41121;Água Filtrada;9606
Indicador  4.a.1;1020;1596;22;Piauí;9606;2019;41115;Total;9606
Indicador  4.a.1;1020;1572;22;Piauí;9606;2019;41116;Acesso à eletricidade;9606
Indicador  4.a.1;1020;354;22;Piauí;9606;2019;41117;Acesso à internet;9606
Indicador  4.a.1;1020;796;22;Piauí;9606;2019;41118;Computador para fins pedagógicos;9606
Indicador  4.a.1;1020;1070;22;Piauí;9606;2019;41119;Infraestrutura adaptada para alunos com deficiência;9606
Indicador  4.a.1;1020;1545;22;Piauí;9606;2019;41120;Abastecimento de água;9606
Indicador  4.a.1;1020;1552;22;Piauí;9606;2019;41121;Água Filtrada;9606
Indicador  4.a.1;1020;1558;22;Piauí;9606;2020;41115;Total;9606
Indicador  4.a.1;1020;1537;22;Piauí;9606;2020;41116;Acesso à eletricidade;9606
Indicador  4.a.1;1020;376;22;Piauí;9606;2020;41117;Acesso à internet;9606
Indicador  4.a.1;1020;915;22;Piauí;9606;2020;41118;Computador para fins pedagógicos;9606
Indicador  4.a.1;1020;1129;22;Piauí;9606;2020;41119;Infraestrutura adaptada para alunos com deficiência;9606
Indicador  4.a.1;1020;1515;22;Piauí;9606;2020;41120;Abastecimento de água;9606
Indicador  4.a.1;1020;1521;22;Piauí;9606;2020;41121;Água Filtrada;9606
Indicador  4.a.1;1020;1568;22;Piauí;9606;2021;41115;Total;9606
Indicador  4.a.1;1020;1549;22;Piauí;9606;2021;41116;Acesso à eletricidade;9606
Indicador  4.a.1;1020;435;22;Piauí;9606;2021;41117;Acesso à internet;9606
Indicador  4.a.1;1020;992;22;Piauí;9606;2021;41118;Computador para fins pedagógicos;9606
Indicador  4.a.1;1020;1181;22;Piauí;9606;2021;41119;Infraestrutura adaptada para alunos com deficiência;9606
Indicador  4.a.1;1020;1518;22;Piauí;9606;2021;41120;Abastecimento de água;9606
Indicador  4.a.1;1020;1530;22;Piauí;9606;2021;41121;Água Filtrada;9606
Indicador  4.a.1;1020;1534;22;Piauí;9606;2022;41115;Total;9606
Indicador  4.a.1;1020;1520;22;Piauí;9606;2022;41116;Acesso à eletricidade;9606
Indicador  4.a.1;1020;476;22;Piauí;9606;2022;41117;Acesso à internet;9606
Indicador  4.a.1;1020;1003;22;Piauí;9606;2022;41118;Computador para fins pedagógicos;9606
Indicador  4.a.1;1020;1214;22;Piauí;9606;2022;41119;Infraestrutura adaptada para alunos com deficiência;9606
Indicador  4.a.1;1020;1488;22;Piauí;9606;2022;41120;Abastecimento de água;9606
Indicador  4.a.1;1020;1493;22;Piauí;9606;2022;41121;Água Filtrada;9606
Indicador  4.a.1;1020;3374;23;Ceará;9606;2018;41115;Total;9606
Indicador  4.a.1;1020;3374;23;Ceará;9606;2018;41116;Acesso à eletricidade;9606
Indicador  4.a.1;1020;-;23;Ceará;9606;2018;41117;Acesso à internet;9606
Indicador  4.a.1;1020;2317;23;Ceará;9606;2018;41118;Computador para fins pedagógicos;9606
Indicador  4.a.1;1020;1423;23;Ceará;9606;2018;41119;Infraestrutura adaptada para alunos com deficiência;9606
Indicador  4.a.1;1020;3292;23;Ceará;9606;2018;41120;Abastecimento de água;9606
Indicador  4.a.1;1020;3247;23;Ceará;9606;2018;41121;Água Filtrada;9606
Indicador  4.a.1;1020;3289;23;Ceará;9606;2019;41115;Total;9606
Indicador  4.a.1;1020;3289;23;Ceará;9606;2019;41116;Acesso à eletricidade;9606
Indicador  4.a.1;1020;802;23;Ceará;9606;2019;41117;Acesso à internet;9606
Indicador  4.a.1;1020;1912;23;Ceará;9606;2019;41118;Computador para fins pedagógicos;9606
Indicador  4.a.1;1020;2563;23;Ceará;9606;2019;41119;Infraestrutura adaptada para alunos com deficiência;9606
Indicador  4.a.1;1020;3242;23;Ceará;9606;2019;41120;Abastecimento de água;9606
Indicador  4.a.1;1020;3185;23;Ceará;9606;2019;41121;Água Filtrada;9606
Indicador  4.a.1;1020;3290;23;Ceará;9606;2020;41115;Total;9606
Indicador  4.a.1;1020;3290;23;Ceará;9606;2020;41116;Acesso à eletricidade;9606
Indicador  4.a.1;1020;915;23;Ceará;9606;2020;41117;Acesso à internet;9606
Indicador  4.a.1;1020;2224;23;Ceará;9606;2020;41118;Computador para fins pedagógicos;9606
Indicador  4.a.1;1020;2658;23;Ceará;9606;2020;41119;Infraestrutura adaptada para alunos com deficiência;9606
Indicador  4.a.1;1020;3256;23;Ceará;9606;2020;41120;Abastecimento de água;9606
Indicador  4.a.1;1020;3187;23;Ceará;9606;2020;41121;Água Filtrada;9606
Indicador  4.a.1;1020;3244;23;Ceará;9606;2021;41115;Total;9606
Indicador  4.a.1;1020;3244;23;Ceará;9606;2021;41116;Acesso à eletricidade;9606
Indicador  4.a.1;1020;1021;23;Ceará;9606;2021;41117;Acesso à internet;9606
Indicador  4.a.1;1020;2268;23;Ceará;9606;2021;41118;Computador para fins pedagógicos;9606
Indicador  4.a.1;1020;2720;23;Ceará;9606;2021;41119;Infraestrutura adaptada para alunos com deficiência;9606
Indicador  4.a.1;1020;3207;23;Ceará;9606;2021;41120;Abastecimento de água;9606
Indicador  4.a.1;1020;3130;23;Ceará;9606;2021;41121;Água Filtrada;9606
Indicador  4.a.1;1020;3214;23;Ceará;9606;2022;41115;Total;9606
Indicador  4.a.1;1020;3214;23;Ceará;9606;2022;41116;Acesso à eletricidade;9606
Indicador  4.a.1;1020;1093;23;Ceará;9606;2022;41117;Acesso à internet;9606
Indicador  4.a.1;1020;2401;23;Ceará;9606;2022;41118;Computador para fins pedagógicos;9606
Indicador  4.a.1;1020;2742;23;Ceará;9606;2022;41119;Infraestrutura adaptada para alunos com deficiência;9606
Indicador  4.a.1;1020;3195;23;Ceará;9606;2022;41120;Abastecimento de água;9606
Indicador  4.a.1;1020;3118;23;Ceará;9606;2022;41121;Água Filtrada;9606
Indicador  4.a.1;1020;1124;24;Rio Grande do Norte;9606;2018;41115;Total;9606
Indicador  4.a.1;1020;1124;24;Rio Grande do Norte;9606;2018;41116;Acesso à eletricidade;9606
Indicador  4.a.1;1020;-;24;Rio Grande do Norte;9606;2018;41117;Acesso à internet;9606
Indicador  4.a.1;1020;820;24;Rio Grande do Norte;9606;2018;41118;Computador para fins pedagógicos;9606
Indicador  4.a.1;1020;661;24;Rio Grande do Norte;9606;2018;41119;Infraestrutura adaptada para alunos com deficiência;9606
Indicador  4.a.1;1020;1118;24;Rio Grande do Norte;9606;2018;41120;Abastecimento de água;9606
Indicador  4.a.1;1020;1070;24;Rio Grande do Norte;9606;2018;41121;Água Filtrada;9606
Indicador  4.a.1;1020;1115;24;Rio Grande do Norte;9606;2019;41115;Total;9606
Indicador  4.a.1;1020;1115;24;Rio Grande do Norte;9606;2019;41116;Acesso à eletricidade;9606
Indicador  4.a.1;1020;307;24;Rio Grande do Norte;9606;2019;41117;Acesso à internet;9606
Indicador  4.a.1;1020;727;24;Rio Grande do Norte;9606;2019;41118;Computador para fins pedagógicos;9606
Indicador  4.a.1;1020;938;24;Rio Grande do Norte;9606;2019;41119;Infraestrutura adaptada para alunos com deficiência;9606
Indicador  4.a.1;1020;1109;24;Rio Grande do Norte;9606;2019;41120;Abastecimento de água;9606
Indicador  4.a.1;1020;1080;24;Rio Grande do Norte;9606;2019;41121;Água Filtrada;9606
Indicador  4.a.1;1020;1091;24;Rio Grande do Norte;9606;2020;41115;Total;9606
Indicador  4.a.1;1020;1091;24;Rio Grande do Norte;9606;2020;41116;Acesso à eletricidade;9606
Indicador  4.a.1;1020;350;24;Rio Grande do Norte;9606;2020;41117;Acesso à internet;9606
Indicador  4.a.1;1020;805;24;Rio Grande do Norte;9606;2020;41118;Computador para fins pedagógicos;9606
Indicador  4.a.1;1020;951;24;Rio Grande do Norte;9606;2020;41119;Infraestrutura adaptada para alunos com deficiência;9606
Indicador  4.a.1;1020;1083;24;Rio Grande do Norte;9606;2020;41120;Abastecimento de água;9606
Indicador  4.a.1;1020;1037;24;Rio Grande do Norte;9606;2020;41121;Água Filtrada;9606
Indicador  4.a.1;1020;1100;24;Rio Grande do Norte;9606;2021;41115;Total;9606
Indicador  4.a.1;1020;1100;24;Rio Grande do Norte;9606;2021;41116;Acesso à eletricidade;9606
Indicador  4.a.1;1020;420;24;Rio Grande do Norte;9606;2021;41117;Acesso à internet;9606
Indicador  4.a.1;1020;845;24;Rio Grande do Norte;9606;2021;41118;Computador para fins pedagógicos;9606
Indicador  4.a.1;1020;984;24;Rio Grande do Norte;9606;2021;41119;Infraestrutura adaptada para alunos com deficiência;9606
Indicador  4.a.1;1020;1098;24;Rio Grande do Norte;9606;2021;41120;Abastecimento de água;9606
Indicador  4.a.1;1020;1080;24;Rio Grande do Norte;9606;2021;41121;Água Filtrada;9606
Indicador  4.a.1;1020;1100;24;Rio Grande do Norte;9606;2022;41115;Total;9606
Indicador  4.a.1;1020;1100;24;Rio Grande do Norte;9606;2022;41116;Acesso à eletricidade;9606
Indicador  4.a.1;1020;505;24;Rio Grande do Norte;9606;2022;41117;Acesso à internet;9606
Indicador  4.a.1;1020;890;24;Rio Grande do Norte;9606;2022;41118;Computador para fins pedagógicos;9606
Indicador  4.a.1;1020;1003;24;Rio Grande do Norte;9606;2022;41119;Infraestrutura adaptada para alunos com deficiência;9606
Indicador  4.a.1;1020;1097;24;Rio Grande do Norte;9606;2022;41120;Abastecimento de água;9606
Indicador  4.a.1;1020;1084;24;Rio Grande do Norte;9606;2022;41121;Água Filtrada;9606
Indicador  4.a.1;1020;1345;25;Paraíba;9606;2018;41115;Total;9606
Indicador  4.a.1;1020;1342;25;Paraíba;9606;2018;41116;Acesso à eletricidade;9606
Indicador  4.a.1;1020;-;25;Paraíba;9606;2018;41117;Acesso à internet;9606
Indicador  4.a.1;1020;969;25;Paraíba;9606;2018;41118;Computador para fins pedagógicos;9606
Indicador  4.a.1;1020;690;25;Paraíba;9606;2018;41119;Infraestrutura adaptada para alunos com deficiência;9606
Indicador  4.a.1;1020;1314;25;Paraíba;9606;2018;41120;Abastecimento de água;9606
Indicador  4.a.1;1020;1281;25;Paraíba;9606;2018;41121;Água Filtrada;9606
Indicador  4.a.1;1020;1339;25;Paraíba;9606;2019;41115;Total;9606
Indicador  4.a.1;1020;1338;25;Paraíba;9606;2019;41116;Acesso à eletricidade;9606
Indicador  4.a.1;1020;288;25;Paraíba;9606;2019;41117;Acesso à internet;9606
Indicador  4.a.1;1020;834;25;Paraíba;9606;2019;41118;Computador para fins pedagógicos;9606
Indicador  4.a.1;1020;1126;25;Paraíba;9606;2019;41119;Infraestrutura adaptada para alunos com deficiência;9606
Indicador  4.a.1;1020;1326;25;Paraíba;9606;2019;41120;Abastecimento de água;9606
Indicador  4.a.1;1020;1312;25;Paraíba;9606;2019;41121;Água Filtrada;9606
Indicador  4.a.1;1020;1357;25;Paraíba;9606;2020;41115;Total;9606
Indicador  4.a.1;1020;1357;25;Paraíba;9606;2020;41116;Acesso à eletricidade;9606
Indicador  4.a.1;1020;486;25;Paraíba;9606;2020;41117;Acesso à internet;9606
Indicador  4.a.1;1020;1032;25;Paraíba;9606;2020;41118;Computador para fins pedagógicos;9606
Indicador  4.a.1;1020;1075;25;Paraíba;9606;2020;41119;Infraestrutura adaptada para alunos com deficiência;9606
Indicador  4.a.1;1020;1344;25;Paraíba;9606;2020;41120;Abastecimento de água;9606
Indicador  4.a.1;1020;1323;25;Paraíba;9606;2020;41121;Água Filtrada;9606
Indicador  4.a.1;1020;1344;25;Paraíba;9606;2021;41115;Total;9606
Indicador  4.a.1;1020;1343;25;Paraíba;9606;2021;41116;Acesso à eletricidade;9606
Indicador  4.a.1;1020;546;25;Paraíba;9606;2021;41117;Acesso à internet;9606
Indicador  4.a.1;1020;1066;25;Paraíba;9606;2021;41118;Computador para fins pedagógicos;9606
Indicador  4.a.1;1020;1086;25;Paraíba;9606;2021;41119;Infraestrutura adaptada para alunos com deficiência;9606
Indicador  4.a.1;1020;1330;25;Paraíba;9606;2021;41120;Abastecimento de água;9606
Indicador  4.a.1;1020;1309;25;Paraíba;9606;2021;41121;Água Filtrada;9606
Indicador  4.a.1;1020;1339;25;Paraíba;9606;2022;41115;Total;9606
Indicador  4.a.1;1020;1339;25;Paraíba;9606;2022;41116;Acesso à eletricidade;9606
Indicador  4.a.1;1020;572;25;Paraíba;9606;2022;41117;Acesso à internet;9606
Indicador  4.a.1;1020;1101;25;Paraíba;9606;2022;41118;Computador para fins pedagógicos;9606
Indicador  4.a.1;1020;1108;25;Paraíba;9606;2022;41119;Infraestrutura adaptada para alunos com deficiência;9606
Indicador  4.a.1;1020;1326;25;Paraíba;9606;2022;41120;Abastecimento de água;9606
Indicador  4.a.1;1020;1308;25;Paraíba;9606;2022;41121;Água Filtrada;9606
Indicador  4.a.1;1020;2388;26;Pernambuco;9606;2018;41115;Total;9606
Indicador  4.a.1;1020;2388;26;Pernambuco;9606;2018;41116;Acesso à eletricidade;9606
Indicador  4.a.1;1020;-;26;Pernambuco;9606;2018;41117;Acesso à internet;9606
Indicador  4.a.1;1020;1555;26;Pernambuco;9606;2018;41118;Computador para fins pedagógicos;9606
Indicador  4.a.1;1020;1057;26;Pernambuco;9606;2018;41119;Infraestrutura adaptada para alunos com deficiência;9606
Indicador  4.a.1;1020;2355;26;Pernambuco;9606;2018;41120;Abastecimento de água;9606
Indicador  4.a.1;1020;2187;26;Pernambuco;9606;2018;41121;Água Filtrada;9606
Indicador  4.a.1;1020;2380;26;Pernambuco;9606;2019;41115;Total;9606
Indicador  4.a.1;1020;2379;26;Pernambuco;9606;2019;41116;Acesso à eletricidade;9606
Indicador  4.a.1;1020;588;26;Pernambuco;9606;2019;41117;Acesso à internet;9606
Indicador  4.a.1;1020;1332;26;Pernambuco;9606;2019;41118;Computador para fins pedagógicos;9606
Indicador  4.a.1;1020;2005;26;Pernambuco;9606;2019;41119;Infraestrutura adaptada para alunos com deficiência;9606
Indicador  4.a.1;1020;2354;26;Pernambuco;9606;2019;41120;Abastecimento de água;9606
Indicador  4.a.1;1020;2299;26;Pernambuco;9606;2019;41121;Água Filtrada;9606
Indicador  4.a.1;1020;2362;26;Pernambuco;9606;2020;41115;Total;9606
Indicador  4.a.1;1020;2361;26;Pernambuco;9606;2020;41116;Acesso à eletricidade;9606
Indicador  4.a.1;1020;634;26;Pernambuco;9606;2020;41117;Acesso à internet;9606
Indicador  4.a.1;1020;1539;26;Pernambuco;9606;2020;41118;Computador para fins pedagógicos;9606
Indicador  4.a.1;1020;2056;26;Pernambuco;9606;2020;41119;Infraestrutura adaptada para alunos com deficiência;9606
Indicador  4.a.1;1020;2337;26;Pernambuco;9606;2020;41120;Abastecimento de água;9606
Indicador  4.a.1;1020;2276;26;Pernambuco;9606;2020;41121;Água Filtrada;9606
Indicador  4.a.1;1020;2366;26;Pernambuco;9606;2021;41115;Total;9606
Indicador  4.a.1;1020;2366;26;Pernambuco;9606;2021;41116;Acesso à eletricidade;9606
Indicador  4.a.1;1020;778;26;Pernambuco;9606;2021;41117;Acesso à internet;9606
Indicador  4.a.1;1020;1604;26;Pernambuco;9606;2021;41118;Computador para fins pedagógicos;9606
Indicador  4.a.1;1020;2094;26;Pernambuco;9606;2021;41119;Infraestrutura adaptada para alunos com deficiência;9606
Indicador  4.a.1;1020;2338;26;Pernambuco;9606;2021;41120;Abastecimento de água;9606
Indicador  4.a.1;1020;2254;26;Pernambuco;9606;2021;41121;Água Filtrada;9606
Indicador  4.a.1;1020;2372;26;Pernambuco;9606;2022;41115;Total;9606
Indicador  4.a.1;1020;2372;26;Pernambuco;9606;2022;41116;Acesso à eletricidade;9606
Indicador  4.a.1;1020;923;26;Pernambuco;9606;2022;41117;Acesso à internet;9606
Indicador  4.a.1;1020;1725;26;Pernambuco;9606;2022;41118;Computador para fins pedagógicos;9606
Indicador  4.a.1;1020;2128;26;Pernambuco;9606;2022;41119;Infraestrutura adaptada para alunos com deficiência;9606
Indicador  4.a.1;1020;2344;26;Pernambuco;9606;2022;41120;Abastecimento de água;9606
Indicador  4.a.1;1020;2272;26;Pernambuco;9606;2022;41121;Água Filtrada;9606
Indicador  4.a.1;1020;892;27;Alagoas;9606;2018;41115;Total;9606
Indicador  4.a.1;1020;892;27;Alagoas;9606;2018;41116;Acesso à eletricidade;9606
Indicador  4.a.1;1020;-;27;Alagoas;9606;2018;41117;Acesso à internet;9606
Indicador  4.a.1;1020;553;27;Alagoas;9606;2018;41118;Computador para fins pedagógicos;9606
Indicador  4.a.1;1020;382;27;Alagoas;9606;2018;41119;Infraestrutura adaptada para alunos com deficiência;9606
Indicador  4.a.1;1020;890;27;Alagoas;9606;2018;41120;Abastecimento de água;9606
Indicador  4.a.1;1020;817;27;Alagoas;9606;2018;41121;Água Filtrada;9606
Indicador  4.a.1;1020;884;27;Alagoas;9606;2019;41115;Total;9606
Indicador  4.a.1;1020;884;27;Alagoas;9606;2019;41116;Acesso à eletricidade;9606
Indicador  4.a.1;1020;196;27;Alagoas;9606;2019;41117;Acesso à internet;9606
Indicador  4.a.1;1020;522;27;Alagoas;9606;2019;41118;Computador para fins pedagógicos;9606
Indicador  4.a.1;1020;670;27;Alagoas;9606;2019;41119;Infraestrutura adaptada para alunos com deficiência;9606
Indicador  4.a.1;1020;881;27;Alagoas;9606;2019;41120;Abastecimento de água;9606
Indicador  4.a.1;1020;855;27;Alagoas;9606;2019;41121;Água Filtrada;9606
Indicador  4.a.1;1020;875;27;Alagoas;9606;2020;41115;Total;9606
Indicador  4.a.1;1020;875;27;Alagoas;9606;2020;41116;Acesso à eletricidade;9606
Indicador  4.a.1;1020;219;27;Alagoas;9606;2020;41117;Acesso à internet;9606
Indicador  4.a.1;1020;580;27;Alagoas;9606;2020;41118;Computador para fins pedagógicos;9606
Indicador  4.a.1;1020;701;27;Alagoas;9606;2020;41119;Infraestrutura adaptada para alunos com deficiência;9606
Indicador  4.a.1;1020;872;27;Alagoas;9606;2020;41120;Abastecimento de água;9606
Indicador  4.a.1;1020;848;27;Alagoas;9606;2020;41121;Água Filtrada;9606
Indicador  4.a.1;1020;860;27;Alagoas;9606;2021;41115;Total;9606
Indicador  4.a.1;1020;860;27;Alagoas;9606;2021;41116;Acesso à eletricidade;9606
Indicador  4.a.1;1020;257;27;Alagoas;9606;2021;41117;Acesso à internet;9606
Indicador  4.a.1;1020;607;27;Alagoas;9606;2021;41118;Computador para fins pedagógicos;9606
Indicador  4.a.1;1020;718;27;Alagoas;9606;2021;41119;Infraestrutura adaptada para alunos com deficiência;9606
Indicador  4.a.1;1020;856;27;Alagoas;9606;2021;41120;Abastecimento de água;9606
Indicador  4.a.1;1020;842;27;Alagoas;9606;2021;41121;Água Filtrada;9606
Indicador  4.a.1;1020;867;27;Alagoas;9606;2022;41115;Total;9606
Indicador  4.a.1;1020;867;27;Alagoas;9606;2022;41116;Acesso à eletricidade;9606
Indicador  4.a.1;1020;303;27;Alagoas;9606;2022;41117;Acesso à internet;9606
Indicador  4.a.1;1020;636;27;Alagoas;9606;2022;41118;Computador para fins pedagógicos;9606
Indicador  4.a.1;1020;745;27;Alagoas;9606;2022;41119;Infraestrutura adaptada para alunos com deficiência;9606
Indicador  4.a.1;1020;864;27;Alagoas;9606;2022;41120;Abastecimento de água;9606
Indicador  4.a.1;1020;857;27;Alagoas;9606;2022;41121;Água Filtrada;9606
Indicador  4.a.1;1020;804;28;Sergipe;9606;2018;41115;Total;9606
Indicador  4.a.1;1020;804;28;Sergipe;9606;2018;41116;Acesso à eletricidade;9606
Indicador  4.a.1;1020;-;28;Sergipe;9606;2018;41117;Acesso à internet;9606
Indicador  4.a.1;1020;545;28;Sergipe;9606;2018;41118;Computador para fins pedagógicos;9606
Indicador  4.a.1;1020;448;28;Sergipe;9606;2018;41119;Infraestrutura adaptada para alunos com deficiência;9606
Indicador  4.a.1;1020;803;28;Sergipe;9606;2018;41120;Abastecimento de água;9606
Indicador  4.a.1;1020;713;28;Sergipe;9606;2018;41121;Água Filtrada;9606
Indicador  4.a.1;1020;804;28;Sergipe;9606;2019;41115;Total;9606
Indicador  4.a.1;1020;804;28;Sergipe;9606;2019;41116;Acesso à eletricidade;9606
Indicador  4.a.1;1020;208;28;Sergipe;9606;2019;41117;Acesso à internet;9606
Indicador  4.a.1;1020;538;28;Sergipe;9606;2019;41118;Computador para fins pedagógicos;9606
Indicador  4.a.1;1020;680;28;Sergipe;9606;2019;41119;Infraestrutura adaptada para alunos com deficiência;9606
Indicador  4.a.1;1020;804;28;Sergipe;9606;2019;41120;Abastecimento de água;9606
Indicador  4.a.1;1020;793;28;Sergipe;9606;2019;41121;Água Filtrada;9606
Indicador  4.a.1;1020;795;28;Sergipe;9606;2020;41115;Total;9606
Indicador  4.a.1;1020;795;28;Sergipe;9606;2020;41116;Acesso à eletricidade;9606
Indicador  4.a.1;1020;283;28;Sergipe;9606;2020;41117;Acesso à internet;9606
Indicador  4.a.1;1020;601;28;Sergipe;9606;2020;41118;Computador para fins pedagógicos;9606
Indicador  4.a.1;1020;692;28;Sergipe;9606;2020;41119;Infraestrutura adaptada para alunos com deficiência;9606
Indicador  4.a.1;1020;795;28;Sergipe;9606;2020;41120;Abastecimento de água;9606
Indicador  4.a.1;1020;794;28;Sergipe;9606;2020;41121;Água Filtrada;9606
Indicador  4.a.1;1020;799;28;Sergipe;9606;2021;41115;Total;9606
Indicador  4.a.1;1020;799;28;Sergipe;9606;2021;41116;Acesso à eletricidade;9606
Indicador  4.a.1;1020;337;28;Sergipe;9606;2021;41117;Acesso à internet;9606
Indicador  4.a.1;1020;633;28;Sergipe;9606;2021;41118;Computador para fins pedagógicos;9606
Indicador  4.a.1;1020;716;28;Sergipe;9606;2021;41119;Infraestrutura adaptada para alunos com deficiência;9606
Indicador  4.a.1;1020;799;28;Sergipe;9606;2021;41120;Abastecimento de água;9606
Indicador  4.a.1;1020;798;28;Sergipe;9606;2021;41121;Água Filtrada;9606
Indicador  4.a.1;1020;813;28;Sergipe;9606;2022;41115;Total;9606
Indicador  4.a.1;1020;813;28;Sergipe;9606;2022;41116;Acesso à eletricidade;9606
Indicador  4.a.1;1020;371;28;Sergipe;9606;2022;41117;Acesso à internet;9606
Indicador  4.a.1;1020;676;28;Sergipe;9606;2022;41118;Computador para fins pedagógicos;9606
Indicador  4.a.1;1020;738;28;Sergipe;9606;2022;41119;Infraestrutura adaptada para alunos com deficiência;9606
Indicador  4.a.1;1020;813;28;Sergipe;9606;2022;41120;Abastecimento de água;9606
Indicador  4.a.1;1020;813;28;Sergipe;9606;2022;41121;Água Filtrada;9606
Indicador  4.a.1;1020;4381;29;Bahia;9606;2018;41115;Total;9606
Indicador  4.a.1;1020;4374;29;Bahia;9606;2018;41116;Acesso à eletricidade;9606
Indicador  4.a.1;1020;-;29;Bahia;9606;2018;41117;Acesso à internet;9606
Indicador  4.a.1;1020;2687;29;Bahia;9606;2018;41118;Computador para fins pedagógicos;9606
Indicador  4.a.1;1020;1541;29;Bahia;9606;2018;41119;Infraestrutura adaptada para alunos com deficiência;9606
Indicador  4.a.1;1020;4305;29;Bahia;9606;2018;41120;Abastecimento de água;9606
Indicador  4.a.1;1020;4182;29;Bahia;9606;2018;41121;Água Filtrada;9606
Indicador  4.a.1;1020;4279;29;Bahia;9606;2019;41115;Total;9606
Indicador  4.a.1;1020;4273;29;Bahia;9606;2019;41116;Acesso à eletricidade;9606
Indicador  4.a.1;1020;711;29;Bahia;9606;2019;41117;Acesso à internet;9606
Indicador  4.a.1;1020;2044;29;Bahia;9606;2019;41118;Computador para fins pedagógicos;9606
Indicador  4.a.1;1020;2775;29;Bahia;9606;2019;41119;Infraestrutura adaptada para alunos com deficiência;9606
Indicador  4.a.1;1020;4236;29;Bahia;9606;2019;41120;Abastecimento de água;9606
Indicador  4.a.1;1020;4090;29;Bahia;9606;2019;41121;Água Filtrada;9606
Indicador  4.a.1;1020;4283;29;Bahia;9606;2020;41115;Total;9606
Indicador  4.a.1;1020;4278;29;Bahia;9606;2020;41116;Acesso à eletricidade;9606
Indicador  4.a.1;1020;849;29;Bahia;9606;2020;41117;Acesso à internet;9606
Indicador  4.a.1;1020;2466;29;Bahia;9606;2020;41118;Computador para fins pedagógicos;9606
Indicador  4.a.1;1020;2942;29;Bahia;9606;2020;41119;Infraestrutura adaptada para alunos com deficiência;9606
Indicador  4.a.1;1020;4236;29;Bahia;9606;2020;41120;Abastecimento de água;9606
Indicador  4.a.1;1020;4101;29;Bahia;9606;2020;41121;Água Filtrada;9606
Indicador  4.a.1;1020;4361;29;Bahia;9606;2021;41115;Total;9606
Indicador  4.a.1;1020;4353;29;Bahia;9606;2021;41116;Acesso à eletricidade;9606
Indicador  4.a.1;1020;1112;29;Bahia;9606;2021;41117;Acesso à internet;9606
Indicador  4.a.1;1020;2726;29;Bahia;9606;2021;41118;Computador para fins pedagógicos;9606
Indicador  4.a.1;1020;3116;29;Bahia;9606;2021;41119;Infraestrutura adaptada para alunos com deficiência;9606
Indicador  4.a.1;1020;4331;29;Bahia;9606;2021;41120;Abastecimento de água;9606
Indicador  4.a.1;1020;4150;29;Bahia;9606;2021;41121;Água Filtrada;9606
Indicador  4.a.1;1020;4259;29;Bahia;9606;2022;41115;Total;9606
Indicador  4.a.1;1020;4257;29;Bahia;9606;2022;41116;Acesso à eletricidade;9606
Indicador  4.a.1;1020;1382;29;Bahia;9606;2022;41117;Acesso à internet;9606
Indicador  4.a.1;1020;2986;29;Bahia;9606;2022;41118;Computador para fins pedagógicos;9606
Indicador  4.a.1;1020;3201;29;Bahia;9606;2022;41119;Infraestrutura adaptada para alunos com deficiência;9606
Indicador  4.a.1;1020;4228;29;Bahia;9606;2022;41120;Abastecimento de água;9606
Indicador  4.a.1;1020;4047;29;Bahia;9606;2022;41121;Água Filtrada;9606
Indicador  4.a.1;1020;5400;31;Minas Gerais;9606;2018;41115;Total;9606
Indicador  4.a.1;1020;5400;31;Minas Gerais;9606;2018;41116;Acesso à eletricidade;9606
Indicador  4.a.1;1020;-;31;Minas Gerais;9606;2018;41117;Acesso à internet;9606
Indicador  4.a.1;1020;4818;31;Minas Gerais;9606;2018;41118;Computador para fins pedagógicos;9606
Indicador  4.a.1;1020;2651;31;Minas Gerais;9606;2018;41119;Infraestrutura adaptada para alunos com deficiência;9606
Indicador  4.a.1;1020;5395;31;Minas Gerais;9606;2018;41120;Abastecimento de água;9606
Indicador  4.a.1;1020;5361;31;Minas Gerais;9606;2018;41121;Água Filtrada;9606
Indicador  4.a.1;1020;5365;31;Minas Gerais;9606;2019;41115;Total;9606
Indicador  4.a.1;1020;5364;31;Minas Gerais;9606;2019;41116;Acesso à eletricidade;9606
Indicador  4.a.1;1020;2423;31;Minas Gerais;9606;2019;41117;Acesso à internet;9606
Indicador  4.a.1;1020;4502;31;Minas Gerais;9606;2019;41118;Computador para fins pedagógicos;9606
Indicador  4.a.1;1020;4087;31;Minas Gerais;9606;2019;41119;Infraestrutura adaptada para alunos com deficiência;9606
Indicador  4.a.1;1020;5357;31;Minas Gerais;9606;2019;41120;Abastecimento de água;9606
Indicador  4.a.1;1020;5279;31;Minas Gerais;9606;2019;41121;Água Filtrada;9606
Indicador  4.a.1;1020;5359;31;Minas Gerais;9606;2020;41115;Total;9606
Indicador  4.a.1;1020;5359;31;Minas Gerais;9606;2020;41116;Acesso à eletricidade;9606
Indicador  4.a.1;1020;2250;31;Minas Gerais;9606;2020;41117;Acesso à internet;9606
Indicador  4.a.1;1020;4650;31;Minas Gerais;9606;2020;41118;Computador para fins pedagógicos;9606
Indicador  4.a.1;1020;4155;31;Minas Gerais;9606;2020;41119;Infraestrutura adaptada para alunos com deficiência;9606
Indicador  4.a.1;1020;5350;31;Minas Gerais;9606;2020;41120;Abastecimento de água;9606
Indicador  4.a.1;1020;5282;31;Minas Gerais;9606;2020;41121;Água Filtrada;9606
Indicador  4.a.1;1020;5378;31;Minas Gerais;9606;2021;41115;Total;9606
Indicador  4.a.1;1020;5378;31;Minas Gerais;9606;2021;41116;Acesso à eletricidade;9606
Indicador  4.a.1;1020;2753;31;Minas Gerais;9606;2021;41117;Acesso à internet;9606
Indicador  4.a.1;1020;4768;31;Minas Gerais;9606;2021;41118;Computador para fins pedagógicos;9606
Indicador  4.a.1;1020;4432;31;Minas Gerais;9606;2021;41119;Infraestrutura adaptada para alunos com deficiência;9606
Indicador  4.a.1;1020;5368;31;Minas Gerais;9606;2021;41120;Abastecimento de água;9606
Indicador  4.a.1;1020;5315;31;Minas Gerais;9606;2021;41121;Água Filtrada;9606
Indicador  4.a.1;1020;5392;31;Minas Gerais;9606;2022;41115;Total;9606
Indicador  4.a.1;1020;5392;31;Minas Gerais;9606;2022;41116;Acesso à eletricidade;9606
Indicador  4.a.1;1020;3004;31;Minas Gerais;9606;2022;41117;Acesso à internet;9606
Indicador  4.a.1;1020;4895;31;Minas Gerais;9606;2022;41118;Computador para fins pedagógicos;9606
Indicador  4.a.1;1020;4456;31;Minas Gerais;9606;2022;41119;Infraestrutura adaptada para alunos com deficiência;9606
Indicador  4.a.1;1020;5389;31;Minas Gerais;9606;2022;41120;Abastecimento de água;9606
Indicador  4.a.1;1020;5354;31;Minas Gerais;9606;2022;41121;Água Filtrada;9606
Indicador  4.a.1;1020;998;32;Espírito Santo;9606;2018;41115;Total;9606
Indicador  4.a.1;1020;998;32;Espírito Santo;9606;2018;41116;Acesso à eletricidade;9606
Indicador  4.a.1;1020;-;32;Espírito Santo;9606;2018;41117;Acesso à internet;9606
Indicador  4.a.1;1020;855;32;Espírito Santo;9606;2018;41118;Computador para fins pedagógicos;9606
Indicador  4.a.1;1020;568;32;Espírito Santo;9606;2018;41119;Infraestrutura adaptada para alunos com deficiência;9606
Indicador  4.a.1;1020;998;32;Espírito Santo;9606;2018;41120;Abastecimento de água;9606
Indicador  4.a.1;1020;996;32;Espírito Santo;9606;2018;41121;Água Filtrada;9606
Indicador  4.a.1;1020;988;32;Espírito Santo;9606;2019;41115;Total;9606
Indicador  4.a.1;1020;988;32;Espírito Santo;9606;2019;41116;Acesso à eletricidade;9606
Indicador  4.a.1;1020;465;32;Espírito Santo;9606;2019;41117;Acesso à internet;9606
Indicador  4.a.1;1020;799;32;Espírito Santo;9606;2019;41118;Computador para fins pedagógicos;9606
Indicador  4.a.1;1020;810;32;Espírito Santo;9606;2019;41119;Infraestrutura adaptada para alunos com deficiência;9606
Indicador  4.a.1;1020;986;32;Espírito Santo;9606;2019;41120;Abastecimento de água;9606
Indicador  4.a.1;1020;962;32;Espírito Santo;9606;2019;41121;Água Filtrada;9606
Indicador  4.a.1;1020;994;32;Espírito Santo;9606;2020;41115;Total;9606
Indicador  4.a.1;1020;994;32;Espírito Santo;9606;2020;41116;Acesso à eletricidade;9606
Indicador  4.a.1;1020;487;32;Espírito Santo;9606;2020;41117;Acesso à internet;9606
Indicador  4.a.1;1020;822;32;Espírito Santo;9606;2020;41118;Computador para fins pedagógicos;9606
Indicador  4.a.1;1020;854;32;Espírito Santo;9606;2020;41119;Infraestrutura adaptada para alunos com deficiência;9606
Indicador  4.a.1;1020;994;32;Espírito Santo;9606;2020;41120;Abastecimento de água;9606
Indicador  4.a.1;1020;972;32;Espírito Santo;9606;2020;41121;Água Filtrada;9606
Indicador  4.a.1;1020;993;32;Espírito Santo;9606;2021;41115;Total;9606
Indicador  4.a.1;1020;993;32;Espírito Santo;9606;2021;41116;Acesso à eletricidade;9606
Indicador  4.a.1;1020;547;32;Espírito Santo;9606;2021;41117;Acesso à internet;9606
Indicador  4.a.1;1020;838;32;Espírito Santo;9606;2021;41118;Computador para fins pedagógicos;9606
Indicador  4.a.1;1020;870;32;Espírito Santo;9606;2021;41119;Infraestrutura adaptada para alunos com deficiência;9606
Indicador  4.a.1;1020;988;32;Espírito Santo;9606;2021;41120;Abastecimento de água;9606
Indicador  4.a.1;1020;978;32;Espírito Santo;9606;2021;41121;Água Filtrada;9606
Indicador  4.a.1;1020;1000;32;Espírito Santo;9606;2022;41115;Total;9606
Indicador  4.a.1;1020;1000;32;Espírito Santo;9606;2022;41116;Acesso à eletricidade;9606
Indicador  4.a.1;1020;610;32;Espírito Santo;9606;2022;41117;Acesso à internet;9606
Indicador  4.a.1;1020;870;32;Espírito Santo;9606;2022;41118;Computador para fins pedagógicos;9606
Indicador  4.a.1;1020;913;32;Espírito Santo;9606;2022;41119;Infraestrutura adaptada para alunos com deficiência;9606
Indicador  4.a.1;1020;997;32;Espírito Santo;9606;2022;41120;Abastecimento de água;9606
Indicador  4.a.1;1020;988;32;Espírito Santo;9606;2022;41121;Água Filtrada;9606
Indicador  4.a.1;1020;4159;33;Rio de Janeiro;9606;2018;41115;Total;9606
Indicador  4.a.1;1020;4159;33;Rio de Janeiro;9606;2018;41116;Acesso à eletricidade;9606
Indicador  4.a.1;1020;-;33;Rio de Janeiro;9606;2018;41117;Acesso à internet;9606
Indicador  4.a.1;1020;3423;33;Rio de Janeiro;9606;2018;41118;Computador para fins pedagógicos;9606
Indicador  4.a.1;1020;2086;33;Rio de Janeiro;9606;2018;41119;Infraestrutura adaptada para alunos com deficiência;9606
Indicador  4.a.1;1020;4154;33;Rio de Janeiro;9606;2018;41120;Abastecimento de água;9606
Indicador  4.a.1;1020;4104;33;Rio de Janeiro;9606;2018;41121;Água Filtrada;9606
Indicador  4.a.1;1020;4110;33;Rio de Janeiro;9606;2019;41115;Total;9606
Indicador  4.a.1;1020;4110;33;Rio de Janeiro;9606;2019;41116;Acesso à eletricidade;9606
Indicador  4.a.1;1020;1225;33;Rio de Janeiro;9606;2019;41117;Acesso à internet;9606
Indicador  4.a.1;1020;3035;33;Rio de Janeiro;9606;2019;41118;Computador para fins pedagógicos;9606
Indicador  4.a.1;1020;3245;33;Rio de Janeiro;9606;2019;41119;Infraestrutura adaptada para alunos com deficiência;9606
Indicador  4.a.1;1020;4100;33;Rio de Janeiro;9606;2019;41120;Abastecimento de água;9606
Indicador  4.a.1;1020;4073;33;Rio de Janeiro;9606;2019;41121;Água Filtrada;9606
Indicador  4.a.1;1020;4082;33;Rio de Janeiro;9606;2020;41115;Total;9606
Indicador  4.a.1;1020;4082;33;Rio de Janeiro;9606;2020;41116;Acesso à eletricidade;9606
Indicador  4.a.1;1020;1364;33;Rio de Janeiro;9606;2020;41117;Acesso à internet;9606
Indicador  4.a.1;1020;3314;33;Rio de Janeiro;9606;2020;41118;Computador para fins pedagógicos;9606
Indicador  4.a.1;1020;3356;33;Rio de Janeiro;9606;2020;41119;Infraestrutura adaptada para alunos com deficiência;9606
Indicador  4.a.1;1020;4075;33;Rio de Janeiro;9606;2020;41120;Abastecimento de água;9606
Indicador  4.a.1;1020;4048;33;Rio de Janeiro;9606;2020;41121;Água Filtrada;9606
Indicador  4.a.1;1020;4055;33;Rio de Janeiro;9606;2021;41115;Total;9606
Indicador  4.a.1;1020;4055;33;Rio de Janeiro;9606;2021;41116;Acesso à eletricidade;9606
Indicador  4.a.1;1020;1499;33;Rio de Janeiro;9606;2021;41117;Acesso à internet;9606
Indicador  4.a.1;1020;3349;33;Rio de Janeiro;9606;2021;41118;Computador para fins pedagógicos;9606
Indicador  4.a.1;1020;3418;33;Rio de Janeiro;9606;2021;41119;Infraestrutura adaptada para alunos com deficiência;9606
Indicador  4.a.1;1020;4050;33;Rio de Janeiro;9606;2021;41120;Abastecimento de água;9606
Indicador  4.a.1;1020;4027;33;Rio de Janeiro;9606;2021;41121;Água Filtrada;9606
Indicador  4.a.1;1020;4046;33;Rio de Janeiro;9606;2022;41115;Total;9606
Indicador  4.a.1;1020;4046;33;Rio de Janeiro;9606;2022;41116;Acesso à eletricidade;9606
Indicador  4.a.1;1020;1617;33;Rio de Janeiro;9606;2022;41117;Acesso à internet;9606
Indicador  4.a.1;1020;3444;33;Rio de Janeiro;9606;2022;41118;Computador para fins pedagógicos;9606
Indicador  4.a.1;1020;3474;33;Rio de Janeiro;9606;2022;41119;Infraestrutura adaptada para alunos com deficiência;9606
Indicador  4.a.1;1020;4042;33;Rio de Janeiro;9606;2022;41120;Abastecimento de água;9606
Indicador  4.a.1;1020;3997;33;Rio de Janeiro;9606;2022;41121;Água Filtrada;9606
Indicador  4.a.1;1020;8713;35;São Paulo;9606;2018;41115;Total;9606
Indicador  4.a.1;1020;8713;35;São Paulo;9606;2018;41116;Acesso à eletricidade;9606
Indicador  4.a.1;1020;-;35;São Paulo;9606;2018;41117;Acesso à internet;9606
Indicador  4.a.1;1020;7990;35;São Paulo;9606;2018;41118;Computador para fins pedagógicos;9606
Indicador  4.a.1;1020;2249;35;São Paulo;9606;2018;41119;Infraestrutura adaptada para alunos com deficiência;9606
Indicador  4.a.1;1020;8711;35;São Paulo;9606;2018;41120;Abastecimento de água;9606
Indicador  4.a.1;1020;8705;35;São Paulo;9606;2018;41121;Água Filtrada;9606
Indicador  4.a.1;1020;8812;35;São Paulo;9606;2019;41115;Total;9606
Indicador  4.a.1;1020;8812;35;São Paulo;9606;2019;41116;Acesso à eletricidade;9606
Indicador  4.a.1;1020;4772;35;São Paulo;9606;2019;41117;Acesso à internet;9606
Indicador  4.a.1;1020;8198;35;São Paulo;9606;2019;41118;Computador para fins pedagógicos;9606
Indicador  4.a.1;1020;3022;35;São Paulo;9606;2019;41119;Infraestrutura adaptada para alunos com deficiência;9606
Indicador  4.a.1;1020;8810;35;São Paulo;9606;2019;41120;Abastecimento de água;9606
Indicador  4.a.1;1020;8806;35;São Paulo;9606;2019;41121;Água Filtrada;9606
Indicador  4.a.1;1020;8855;35;São Paulo;9606;2020;41115;Total;9606
Indicador  4.a.1;1020;8855;35;São Paulo;9606;2020;41116;Acesso à eletricidade;9606
Indicador  4.a.1;1020;6026;35;São Paulo;9606;2020;41117;Acesso à internet;9606
Indicador  4.a.1;1020;8285;35;São Paulo;9606;2020;41118;Computador para fins pedagógicos;9606
Indicador  4.a.1;1020;3816;35;São Paulo;9606;2020;41119;Infraestrutura adaptada para alunos com deficiência;9606
Indicador  4.a.1;1020;8855;35;São Paulo;9606;2020;41120;Abastecimento de água;9606
Indicador  4.a.1;1020;8851;35;São Paulo;9606;2020;41121;Água Filtrada;9606
Indicador  4.a.1;1020;8869;35;São Paulo;9606;2021;41115;Total;9606
Indicador  4.a.1;1020;8868;35;São Paulo;9606;2021;41116;Acesso à eletricidade;9606
Indicador  4.a.1;1020;6434;35;São Paulo;9606;2021;41117;Acesso à internet;9606
Indicador  4.a.1;1020;8239;35;São Paulo;9606;2021;41118;Computador para fins pedagógicos;9606
Indicador  4.a.1;1020;4251;35;São Paulo;9606;2021;41119;Infraestrutura adaptada para alunos com deficiência;9606
Indicador  4.a.1;1020;8869;35;São Paulo;9606;2021;41120;Abastecimento de água;9606
Indicador  4.a.1;1020;8865;35;São Paulo;9606;2021;41121;Água Filtrada;9606
Indicador  4.a.1;1020;8872;35;São Paulo;9606;2022;41115;Total;9606
Indicador  4.a.1;1020;8844;35;São Paulo;9606;2022;41116;Acesso à eletricidade;9606
Indicador  4.a.1;1020;6784;35;São Paulo;9606;2022;41117;Acesso à internet;9606
Indicador  4.a.1;1020;8312;35;São Paulo;9606;2022;41118;Computador para fins pedagógicos;9606
Indicador  4.a.1;1020;4230;35;São Paulo;9606;2022;41119;Infraestrutura adaptada para alunos com deficiência;9606
Indicador  4.a.1;1020;8844;35;São Paulo;9606;2022;41120;Abastecimento de água;9606
Indicador  4.a.1;1020;8830;35;São Paulo;9606;2022;41121;Água Filtrada;9606
Indicador  4.a.1;1020;2495;41;Paraná;9606;2018;41115;Total;9606
Indicador  4.a.1;1020;2494;41;Paraná;9606;2018;41116;Acesso à eletricidade;9606
Indicador  4.a.1;1020;-;41;Paraná;9606;2018;41117;Acesso à internet;9606
Indicador  4.a.1;1020;2306;41;Paraná;9606;2018;41118;Computador para fins pedagógicos;9606
Indicador  4.a.1;1020;1504;41;Paraná;9606;2018;41119;Infraestrutura adaptada para alunos com deficiência;9606
Indicador  4.a.1;1020;2495;41;Paraná;9606;2018;41120;Abastecimento de água;9606
Indicador  4.a.1;1020;1557;41;Paraná;9606;2018;41121;Água Filtrada;9606
Indicador  4.a.1;1020;2506;41;Paraná;9606;2019;41115;Total;9606
Indicador  4.a.1;1020;2503;41;Paraná;9606;2019;41116;Acesso à eletricidade;9606
Indicador  4.a.1;1020;1853;41;Paraná;9606;2019;41117;Acesso à internet;9606
Indicador  4.a.1;1020;2372;41;Paraná;9606;2019;41118;Computador para fins pedagógicos;9606
Indicador  4.a.1;1020;2251;41;Paraná;9606;2019;41119;Infraestrutura adaptada para alunos com deficiência;9606
Indicador  4.a.1;1020;2504;41;Paraná;9606;2019;41120;Abastecimento de água;9606
Indicador  4.a.1;1020;2459;41;Paraná;9606;2019;41121;Água Filtrada;9606
Indicador  4.a.1;1020;2507;41;Paraná;9606;2020;41115;Total;9606
Indicador  4.a.1;1020;2505;41;Paraná;9606;2020;41116;Acesso à eletricidade;9606
Indicador  4.a.1;1020;1927;41;Paraná;9606;2020;41117;Acesso à internet;9606
Indicador  4.a.1;1020;2415;41;Paraná;9606;2020;41118;Computador para fins pedagógicos;9606
Indicador  4.a.1;1020;2333;41;Paraná;9606;2020;41119;Infraestrutura adaptada para alunos com deficiência;9606
Indicador  4.a.1;1020;2506;41;Paraná;9606;2020;41120;Abastecimento de água;9606
Indicador  4.a.1;1020;2474;41;Paraná;9606;2020;41121;Água Filtrada;9606
Indicador  4.a.1;1020;2506;41;Paraná;9606;2021;41115;Total;9606
Indicador  4.a.1;1020;2505;41;Paraná;9606;2021;41116;Acesso à eletricidade;9606
Indicador  4.a.1;1020;1973;41;Paraná;9606;2021;41117;Acesso à internet;9606
Indicador  4.a.1;1020;2409;41;Paraná;9606;2021;41118;Computador para fins pedagógicos;9606
Indicador  4.a.1;1020;2366;41;Paraná;9606;2021;41119;Infraestrutura adaptada para alunos com deficiência;9606
Indicador  4.a.1;1020;2504;41;Paraná;9606;2021;41120;Abastecimento de água;9606
Indicador  4.a.1;1020;2481;41;Paraná;9606;2021;41121;Água Filtrada;9606
Indicador  4.a.1;1020;2503;41;Paraná;9606;2022;41115;Total;9606
Indicador  4.a.1;1020;2502;41;Paraná;9606;2022;41116;Acesso à eletricidade;9606
Indicador  4.a.1;1020;2082;41;Paraná;9606;2022;41117;Acesso à internet;9606
Indicador  4.a.1;1020;2460;41;Paraná;9606;2022;41118;Computador para fins pedagógicos;9606
Indicador  4.a.1;1020;2368;41;Paraná;9606;2022;41119;Infraestrutura adaptada para alunos com deficiência;9606
Indicador  4.a.1;1020;2500;41;Paraná;9606;2022;41120;Abastecimento de água;9606
Indicador  4.a.1;1020;2476;41;Paraná;9606;2022;41121;Água Filtrada;9606
Indicador  4.a.1;1020;2028;42;Santa Catarina;9606;2018;41115;Total;9606
Indicador  4.a.1;1020;2028;42;Santa Catarina;9606;2018;41116;Acesso à eletricidade;9606
Indicador  4.a.1;1020;-;42;Santa Catarina;9606;2018;41117;Acesso à internet;9606
Indicador  4.a.1;1020;1877;42;Santa Catarina;9606;2018;41118;Computador para fins pedagógicos;9606
Indicador  4.a.1;1020;1525;42;Santa Catarina;9606;2018;41119;Infraestrutura adaptada para alunos com deficiência;9606
Indicador  4.a.1;1020;2027;42;Santa Catarina;9606;2018;41120;Abastecimento de água;9606
Indicador  4.a.1;1020;1544;42;Santa Catarina;9606;2018;41121;Água Filtrada;9606
Indicador  4.a.1;1020;2035;42;Santa Catarina;9606;2019;41115;Total;9606
Indicador  4.a.1;1020;2035;42;Santa Catarina;9606;2019;41116;Acesso à eletricidade;9606
Indicador  4.a.1;1020;1211;42;Santa Catarina;9606;2019;41117;Acesso à internet;9606
Indicador  4.a.1;1020;1835;42;Santa Catarina;9606;2019;41118;Computador para fins pedagógicos;9606
Indicador  4.a.1;1020;1853;42;Santa Catarina;9606;2019;41119;Infraestrutura adaptada para alunos com deficiência;9606
Indicador  4.a.1;1020;2034;42;Santa Catarina;9606;2019;41120;Abastecimento de água;9606
Indicador  4.a.1;1020;2013;42;Santa Catarina;9606;2019;41121;Água Filtrada;9606
Indicador  4.a.1;1020;2020;42;Santa Catarina;9606;2020;41115;Total;9606
Indicador  4.a.1;1020;2020;42;Santa Catarina;9606;2020;41116;Acesso à eletricidade;9606
Indicador  4.a.1;1020;1242;42;Santa Catarina;9606;2020;41117;Acesso à internet;9606
Indicador  4.a.1;1020;1896;42;Santa Catarina;9606;2020;41118;Computador para fins pedagógicos;9606
Indicador  4.a.1;1020;1913;42;Santa Catarina;9606;2020;41119;Infraestrutura adaptada para alunos com deficiência;9606
Indicador  4.a.1;1020;2020;42;Santa Catarina;9606;2020;41120;Abastecimento de água;9606
Indicador  4.a.1;1020;1934;42;Santa Catarina;9606;2020;41121;Água Filtrada;9606
Indicador  4.a.1;1020;2037;42;Santa Catarina;9606;2021;41115;Total;9606
Indicador  4.a.1;1020;2037;42;Santa Catarina;9606;2021;41116;Acesso à eletricidade;9606
Indicador  4.a.1;1020;1382;42;Santa Catarina;9606;2021;41117;Acesso à internet;9606
Indicador  4.a.1;1020;1912;42;Santa Catarina;9606;2021;41118;Computador para fins pedagógicos;9606
Indicador  4.a.1;1020;1958;42;Santa Catarina;9606;2021;41119;Infraestrutura adaptada para alunos com deficiência;9606
Indicador  4.a.1;1020;2034;42;Santa Catarina;9606;2021;41120;Abastecimento de água;9606
Indicador  4.a.1;1020;1963;42;Santa Catarina;9606;2021;41121;Água Filtrada;9606
Indicador  4.a.1;1020;2034;42;Santa Catarina;9606;2022;41115;Total;9606
Indicador  4.a.1;1020;2034;42;Santa Catarina;9606;2022;41116;Acesso à eletricidade;9606
Indicador  4.a.1;1020;1450;42;Santa Catarina;9606;2022;41117;Acesso à internet;9606
Indicador  4.a.1;1020;1940;42;Santa Catarina;9606;2022;41118;Computador para fins pedagógicos;9606
Indicador  4.a.1;1020;1957;42;Santa Catarina;9606;2022;41119;Infraestrutura adaptada para alunos com deficiência;9606
Indicador  4.a.1;1020;2030;42;Santa Catarina;9606;2022;41120;Abastecimento de água;9606
Indicador  4.a.1;1020;1963;42;Santa Catarina;9606;2022;41121;Água Filtrada;9606
Indicador  4.a.1;1020;4596;43;Rio Grande do Sul;9606;2018;41115;Total;9606
Indicador  4.a.1;1020;4595;43;Rio Grande do Sul;9606;2018;41116;Acesso à eletricidade;9606
Indicador  4.a.1;1020;-;43;Rio Grande do Sul;9606;2018;41117;Acesso à internet;9606
Indicador  4.a.1;1020;4085;43;Rio Grande do Sul;9606;2018;41118;Computador para fins pedagógicos;9606
Indicador  4.a.1;1020;2260;43;Rio Grande do Sul;9606;2018;41119;Infraestrutura adaptada para alunos com deficiência;9606
Indicador  4.a.1;1020;4579;43;Rio Grande do Sul;9606;2018;41120;Abastecimento de água;9606
Indicador  4.a.1;1020;1244;43;Rio Grande do Sul;9606;2018;41121;Água Filtrada;9606
Indicador  4.a.1;1020;4567;43;Rio Grande do Sul;9606;2019;41115;Total;9606
Indicador  4.a.1;1020;4567;43;Rio Grande do Sul;9606;2019;41116;Acesso à eletricidade;9606
Indicador  4.a.1;1020;2707;43;Rio Grande do Sul;9606;2019;41117;Acesso à internet;9606
Indicador  4.a.1;1020;3909;43;Rio Grande do Sul;9606;2019;41118;Computador para fins pedagógicos;9606
Indicador  4.a.1;1020;3028;43;Rio Grande do Sul;9606;2019;41119;Infraestrutura adaptada para alunos com deficiência;9606
Indicador  4.a.1;1020;4552;43;Rio Grande do Sul;9606;2019;41120;Abastecimento de água;9606
Indicador  4.a.1;1020;2834;43;Rio Grande do Sul;9606;2019;41121;Água Filtrada;9606
Indicador  4.a.1;1020;4534;43;Rio Grande do Sul;9606;2020;41115;Total;9606
Indicador  4.a.1;1020;4534;43;Rio Grande do Sul;9606;2020;41116;Acesso à eletricidade;9606
Indicador  4.a.1;1020;2792;43;Rio Grande do Sul;9606;2020;41117;Acesso à internet;9606
Indicador  4.a.1;1020;4090;43;Rio Grande do Sul;9606;2020;41118;Computador para fins pedagógicos;9606
Indicador  4.a.1;1020;3202;43;Rio Grande do Sul;9606;2020;41119;Infraestrutura adaptada para alunos com deficiência;9606
Indicador  4.a.1;1020;4526;43;Rio Grande do Sul;9606;2020;41120;Abastecimento de água;9606
Indicador  4.a.1;1020;2921;43;Rio Grande do Sul;9606;2020;41121;Água Filtrada;9606
Indicador  4.a.1;1020;4502;43;Rio Grande do Sul;9606;2021;41115;Total;9606
Indicador  4.a.1;1020;4502;43;Rio Grande do Sul;9606;2021;41116;Acesso à eletricidade;9606
Indicador  4.a.1;1020;3073;43;Rio Grande do Sul;9606;2021;41117;Acesso à internet;9606
Indicador  4.a.1;1020;4142;43;Rio Grande do Sul;9606;2021;41118;Computador para fins pedagógicos;9606
Indicador  4.a.1;1020;3587;43;Rio Grande do Sul;9606;2021;41119;Infraestrutura adaptada para alunos com deficiência;9606
Indicador  4.a.1;1020;4497;43;Rio Grande do Sul;9606;2021;41120;Abastecimento de água;9606
Indicador  4.a.1;1020;4216;43;Rio Grande do Sul;9606;2021;41121;Água Filtrada;9606
Indicador  4.a.1;1020;4458;43;Rio Grande do Sul;9606;2022;41115;Total;9606
Indicador  4.a.1;1020;4458;43;Rio Grande do Sul;9606;2022;41116;Acesso à eletricidade;9606
Indicador  4.a.1;1020;3269;43;Rio Grande do Sul;9606;2022;41117;Acesso à internet;9606
Indicador  4.a.1;1020;4178;43;Rio Grande do Sul;9606;2022;41118;Computador para fins pedagógicos;9606
Indicador  4.a.1;1020;3595;43;Rio Grande do Sul;9606;2022;41119;Infraestrutura adaptada para alunos com deficiência;9606
Indicador  4.a.1;1020;4451;43;Rio Grande do Sul;9606;2022;41120;Abastecimento de água;9606
Indicador  4.a.1;1020;4346;43;Rio Grande do Sul;9606;2022;41121;Água Filtrada;9606
Indicador  4.a.1;1020;830;50;Mato Grosso do Sul;9606;2018;41115;Total;9606
Indicador  4.a.1;1020;830;50;Mato Grosso do Sul;9606;2018;41116;Acesso à eletricidade;9606
Indicador  4.a.1;1020;-;50;Mato Grosso do Sul;9606;2018;41117;Acesso à internet;9606
Indicador  4.a.1;1020;753;50;Mato Grosso do Sul;9606;2018;41118;Computador para fins pedagógicos;9606
Indicador  4.a.1;1020;506;50;Mato Grosso do Sul;9606;2018;41119;Infraestrutura adaptada para alunos com deficiência;9606
Indicador  4.a.1;1020;829;50;Mato Grosso do Sul;9606;2018;41120;Abastecimento de água;9606
Indicador  4.a.1;1020;699;50;Mato Grosso do Sul;9606;2018;41121;Água Filtrada;9606
Indicador  4.a.1;1020;828;50;Mato Grosso do Sul;9606;2019;41115;Total;9606
Indicador  4.a.1;1020;828;50;Mato Grosso do Sul;9606;2019;41116;Acesso à eletricidade;9606
Indicador  4.a.1;1020;422;50;Mato Grosso do Sul;9606;2019;41117;Acesso à internet;9606
Indicador  4.a.1;1020;701;50;Mato Grosso do Sul;9606;2019;41118;Computador para fins pedagógicos;9606
Indicador  4.a.1;1020;693;50;Mato Grosso do Sul;9606;2019;41119;Infraestrutura adaptada para alunos com deficiência;9606
Indicador  4.a.1;1020;827;50;Mato Grosso do Sul;9606;2019;41120;Abastecimento de água;9606
Indicador  4.a.1;1020;808;50;Mato Grosso do Sul;9606;2019;41121;Água Filtrada;9606
Indicador  4.a.1;1020;823;50;Mato Grosso do Sul;9606;2020;41115;Total;9606
Indicador  4.a.1;1020;823;50;Mato Grosso do Sul;9606;2020;41116;Acesso à eletricidade;9606
Indicador  4.a.1;1020;461;50;Mato Grosso do Sul;9606;2020;41117;Acesso à internet;9606
Indicador  4.a.1;1020;744;50;Mato Grosso do Sul;9606;2020;41118;Computador para fins pedagógicos;9606
Indicador  4.a.1;1020;706;50;Mato Grosso do Sul;9606;2020;41119;Infraestrutura adaptada para alunos com deficiência;9606
Indicador  4.a.1;1020;822;50;Mato Grosso do Sul;9606;2020;41120;Abastecimento de água;9606
Indicador  4.a.1;1020;803;50;Mato Grosso do Sul;9606;2020;41121;Água Filtrada;9606
Indicador  4.a.1;1020;822;50;Mato Grosso do Sul;9606;2021;41115;Total;9606
Indicador  4.a.1;1020;822;50;Mato Grosso do Sul;9606;2021;41116;Acesso à eletricidade;9606
Indicador  4.a.1;1020;504;50;Mato Grosso do Sul;9606;2021;41117;Acesso à internet;9606
Indicador  4.a.1;1020;759;50;Mato Grosso do Sul;9606;2021;41118;Computador para fins pedagógicos;9606
Indicador  4.a.1;1020;723;50;Mato Grosso do Sul;9606;2021;41119;Infraestrutura adaptada para alunos com deficiência;9606
Indicador  4.a.1;1020;822;50;Mato Grosso do Sul;9606;2021;41120;Abastecimento de água;9606
Indicador  4.a.1;1020;791;50;Mato Grosso do Sul;9606;2021;41121;Água Filtrada;9606
Indicador  4.a.1;1020;818;50;Mato Grosso do Sul;9606;2022;41115;Total;9606
Indicador  4.a.1;1020;818;50;Mato Grosso do Sul;9606;2022;41116;Acesso à eletricidade;9606
Indicador  4.a.1;1020;527;50;Mato Grosso do Sul;9606;2022;41117;Acesso à internet;9606
Indicador  4.a.1;1020;756;50;Mato Grosso do Sul;9606;2022;41118;Computador para fins pedagógicos;9606
Indicador  4.a.1;1020;719;50;Mato Grosso do Sul;9606;2022;41119;Infraestrutura adaptada para alunos com deficiência;9606
Indicador  4.a.1;1020;818;50;Mato Grosso do Sul;9606;2022;41120;Abastecimento de água;9606
Indicador  4.a.1;1020;794;50;Mato Grosso do Sul;9606;2022;41121;Água Filtrada;9606
Indicador  4.a.1;1020;1424;51;Mato Grosso;9606;2018;41115;Total;9606
Indicador  4.a.1;1020;1402;51;Mato Grosso;9606;2018;41116;Acesso à eletricidade;9606
Indicador  4.a.1;1020;-;51;Mato Grosso;9606;2018;41117;Acesso à internet;9606
Indicador  4.a.1;1020;1126;51;Mato Grosso;9606;2018;41118;Computador para fins pedagógicos;9606
Indicador  4.a.1;1020;620;51;Mato Grosso;9606;2018;41119;Infraestrutura adaptada para alunos com deficiência;9606
Indicador  4.a.1;1020;1408;51;Mato Grosso;9606;2018;41120;Abastecimento de água;9606
Indicador  4.a.1;1020;1313;51;Mato Grosso;9606;2018;41121;Água Filtrada;9606
Indicador  4.a.1;1020;1437;51;Mato Grosso;9606;2019;41115;Total;9606
Indicador  4.a.1;1020;1410;51;Mato Grosso;9606;2019;41116;Acesso à eletricidade;9606
Indicador  4.a.1;1020;608;51;Mato Grosso;9606;2019;41117;Acesso à internet;9606
Indicador  4.a.1;1020;1034;51;Mato Grosso;9606;2019;41118;Computador para fins pedagógicos;9606
Indicador  4.a.1;1020;990;51;Mato Grosso;9606;2019;41119;Infraestrutura adaptada para alunos com deficiência;9606
Indicador  4.a.1;1020;1429;51;Mato Grosso;9606;2019;41120;Abastecimento de água;9606
Indicador  4.a.1;1020;1293;51;Mato Grosso;9606;2019;41121;Água Filtrada;9606
Indicador  4.a.1;1020;1411;51;Mato Grosso;9606;2020;41115;Total;9606
Indicador  4.a.1;1020;1387;51;Mato Grosso;9606;2020;41116;Acesso à eletricidade;9606
Indicador  4.a.1;1020;618;51;Mato Grosso;9606;2020;41117;Acesso à internet;9606
Indicador  4.a.1;1020;1099;51;Mato Grosso;9606;2020;41118;Computador para fins pedagógicos;9606
Indicador  4.a.1;1020;1017;51;Mato Grosso;9606;2020;41119;Infraestrutura adaptada para alunos com deficiência;9606
Indicador  4.a.1;1020;1399;51;Mato Grosso;9606;2020;41120;Abastecimento de água;9606
Indicador  4.a.1;1020;1345;51;Mato Grosso;9606;2020;41121;Água Filtrada;9606
Indicador  4.a.1;1020;1398;51;Mato Grosso;9606;2021;41115;Total;9606
Indicador  4.a.1;1020;1386;51;Mato Grosso;9606;2021;41116;Acesso à eletricidade;9606
Indicador  4.a.1;1020;684;51;Mato Grosso;9606;2021;41117;Acesso à internet;9606
Indicador  4.a.1;1020;1111;51;Mato Grosso;9606;2021;41118;Computador para fins pedagógicos;9606
Indicador  4.a.1;1020;1063;51;Mato Grosso;9606;2021;41119;Infraestrutura adaptada para alunos com deficiência;9606
Indicador  4.a.1;1020;1386;51;Mato Grosso;9606;2021;41120;Abastecimento de água;9606
Indicador  4.a.1;1020;1387;51;Mato Grosso;9606;2021;41121;Água Filtrada;9606
Indicador  4.a.1;1020;1350;51;Mato Grosso;9606;2022;41115;Total;9606
Indicador  4.a.1;1020;1337;51;Mato Grosso;9606;2022;41116;Acesso à eletricidade;9606
Indicador  4.a.1;1020;760;51;Mato Grosso;9606;2022;41117;Acesso à internet;9606
Indicador  4.a.1;1020;1098;51;Mato Grosso;9606;2022;41118;Computador para fins pedagógicos;9606
Indicador  4.a.1;1020;1032;51;Mato Grosso;9606;2022;41119;Infraestrutura adaptada para alunos com deficiência;9606
Indicador  4.a.1;1020;1341;51;Mato Grosso;9606;2022;41120;Abastecimento de água;9606
Indicador  4.a.1;1020;1336;51;Mato Grosso;9606;2022;41121;Água Filtrada;9606
Indicador  4.a.1;1020;1930;52;Goiás;9606;2018;41115;Total;9606
Indicador  4.a.1;1020;1930;52;Goiás;9606;2018;41116;Acesso à eletricidade;9606
Indicador  4.a.1;1020;-;52;Goiás;9606;2018;41117;Acesso à internet;9606
Indicador  4.a.1;1020;1525;52;Goiás;9606;2018;41118;Computador para fins pedagógicos;9606
Indicador  4.a.1;1020;1118;52;Goiás;9606;2018;41119;Infraestrutura adaptada para alunos com deficiência;9606
Indicador  4.a.1;1020;1929;52;Goiás;9606;2018;41120;Abastecimento de água;9606
Indicador  4.a.1;1020;1871;52;Goiás;9606;2018;41121;Água Filtrada;9606
Indicador  4.a.1;1020;1907;52;Goiás;9606;2019;41115;Total;9606
Indicador  4.a.1;1020;1906;52;Goiás;9606;2019;41116;Acesso à eletricidade;9606
Indicador  4.a.1;1020;834;52;Goiás;9606;2019;41117;Acesso à internet;9606
Indicador  4.a.1;1020;1302;52;Goiás;9606;2019;41118;Computador para fins pedagógicos;9606
Indicador  4.a.1;1020;1671;52;Goiás;9606;2019;41119;Infraestrutura adaptada para alunos com deficiência;9606
Indicador  4.a.1;1020;1903;52;Goiás;9606;2019;41120;Abastecimento de água;9606
Indicador  4.a.1;1020;1872;52;Goiás;9606;2019;41121;Água Filtrada;9606
Indicador  4.a.1;1020;1802;52;Goiás;9606;2020;41115;Total;9606
Indicador  4.a.1;1020;1801;52;Goiás;9606;2020;41116;Acesso à eletricidade;9606
Indicador  4.a.1;1020;837;52;Goiás;9606;2020;41117;Acesso à internet;9606
Indicador  4.a.1;1020;1313;52;Goiás;9606;2020;41118;Computador para fins pedagógicos;9606
Indicador  4.a.1;1020;1608;52;Goiás;9606;2020;41119;Infraestrutura adaptada para alunos com deficiência;9606
Indicador  4.a.1;1020;1802;52;Goiás;9606;2020;41120;Abastecimento de água;9606
Indicador  4.a.1;1020;1774;52;Goiás;9606;2020;41121;Água Filtrada;9606
Indicador  4.a.1;1020;1794;52;Goiás;9606;2021;41115;Total;9606
Indicador  4.a.1;1020;1794;52;Goiás;9606;2021;41116;Acesso à eletricidade;9606
Indicador  4.a.1;1020;969;52;Goiás;9606;2021;41117;Acesso à internet;9606
Indicador  4.a.1;1020;1398;52;Goiás;9606;2021;41118;Computador para fins pedagógicos;9606
Indicador  4.a.1;1020;1634;52;Goiás;9606;2021;41119;Infraestrutura adaptada para alunos com deficiência;9606
Indicador  4.a.1;1020;1794;52;Goiás;9606;2021;41120;Abastecimento de água;9606
Indicador  4.a.1;1020;1782;52;Goiás;9606;2021;41121;Água Filtrada;9606
Indicador  4.a.1;1020;1796;52;Goiás;9606;2022;41115;Total;9606
Indicador  4.a.1;1020;1796;52;Goiás;9606;2022;41116;Acesso à eletricidade;9606
Indicador  4.a.1;1020;1175;52;Goiás;9606;2022;41117;Acesso à internet;9606
Indicador  4.a.1;1020;1564;52;Goiás;9606;2022;41118;Computador para fins pedagógicos;9606
Indicador  4.a.1;1020;1677;52;Goiás;9606;2022;41119;Infraestrutura adaptada para alunos com deficiência;9606
Indicador  4.a.1;1020;1796;52;Goiás;9606;2022;41120;Abastecimento de água;9606
Indicador  4.a.1;1020;1792;52;Goiás;9606;2022;41121;Água Filtrada;9606
Indicador  4.a.1;1020;389;53;Distrito Federal;9606;2018;41115;Total;9606
Indicador  4.a.1;1020;389;53;Distrito Federal;9606;2018;41116;Acesso à eletricidade;9606
Indicador  4.a.1;1020;-;53;Distrito Federal;9606;2018;41117;Acesso à internet;9606
Indicador  4.a.1;1020;334;53;Distrito Federal;9606;2018;41118;Computador para fins pedagógicos;9606
Indicador  4.a.1;1020;311;53;Distrito Federal;9606;2018;41119;Infraestrutura adaptada para alunos com deficiência;9606
Indicador  4.a.1;1020;389;53;Distrito Federal;9606;2018;41120;Abastecimento de água;9606
Indicador  4.a.1;1020;389;53;Distrito Federal;9606;2018;41121;Água Filtrada;9606
Indicador  4.a.1;1020;390;53;Distrito Federal;9606;2019;41115;Total;9606
Indicador  4.a.1;1020;390;53;Distrito Federal;9606;2019;41116;Acesso à eletricidade;9606
Indicador  4.a.1;1020;148;53;Distrito Federal;9606;2019;41117;Acesso à internet;9606
Indicador  4.a.1;1020;274;53;Distrito Federal;9606;2019;41118;Computador para fins pedagógicos;9606
Indicador  4.a.1;1020;355;53;Distrito Federal;9606;2019;41119;Infraestrutura adaptada para alunos com deficiência;9606
Indicador  4.a.1;1020;390;53;Distrito Federal;9606;2019;41120;Abastecimento de água;9606
Indicador  4.a.1;1020;388;53;Distrito Federal;9606;2019;41121;Água Filtrada;9606
Indicador  4.a.1;1020;387;53;Distrito Federal;9606;2020;41115;Total;9606
Indicador  4.a.1;1020;387;53;Distrito Federal;9606;2020;41116;Acesso à eletricidade;9606
Indicador  4.a.1;1020;175;53;Distrito Federal;9606;2020;41117;Acesso à internet;9606
Indicador  4.a.1;1020;319;53;Distrito Federal;9606;2020;41118;Computador para fins pedagógicos;9606
Indicador  4.a.1;1020;362;53;Distrito Federal;9606;2020;41119;Infraestrutura adaptada para alunos com deficiência;9606
Indicador  4.a.1;1020;387;53;Distrito Federal;9606;2020;41120;Abastecimento de água;9606
Indicador  4.a.1;1020;387;53;Distrito Federal;9606;2020;41121;Água Filtrada;9606
Indicador  4.a.1;1020;393;53;Distrito Federal;9606;2021;41115;Total;9606
Indicador  4.a.1;1020;393;53;Distrito Federal;9606;2021;41116;Acesso à eletricidade;9606
Indicador  4.a.1;1020;194;53;Distrito Federal;9606;2021;41117;Acesso à internet;9606
Indicador  4.a.1;1020;336;53;Distrito Federal;9606;2021;41118;Computador para fins pedagógicos;9606
Indicador  4.a.1;1020;373;53;Distrito Federal;9606;2021;41119;Infraestrutura adaptada para alunos com deficiência;9606
Indicador  4.a.1;1020;393;53;Distrito Federal;9606;2021;41120;Abastecimento de água;9606
Indicador  4.a.1;1020;392;53;Distrito Federal;9606;2021;41121;Água Filtrada;9606
Indicador  4.a.1;1020;398;53;Distrito Federal;9606;2022;41115;Total;9606
Indicador  4.a.1;1020;398;53;Distrito Federal;9606;2022;41116;Acesso à eletricidade;9606
Indicador  4.a.1;1020;200;53;Distrito Federal;9606;2022;41117;Acesso à internet;9606
Indicador  4.a.1;1020;346;53;Distrito Federal;9606;2022;41118;Computador para fins pedagógicos;9606
Indicador  4.a.1;1020;379;53;Distrito Federal;9606;2022;41119;Infraestrutura adaptada para alunos com deficiência;9606
Indicador  4.a.1;1020;398;53;Distrito Federal;9606;2022;41120;Abastecimento de água;9606
Indicador  4.a.1;1020;397;53;Distrito Federal;9606;2022;41121;Água Filtrada;9606
Indicador  4.a.1;1020;112146;1;Brasil;9605;2018;41115;Total;9605
Indicador  4.a.1;1020;108019;1;Brasil;9605;2018;41116;Acesso à eletricidade;9605
Indicador  4.a.1;1020;74142;1;Brasil;9605;2018;41117;Acesso à internet;9605
Indicador  4.a.1;1020;-;1;Brasil;9605;2018;41118;Computador para fins pedagógicos;9605
Indicador  4.a.1;1020;32821;1;Brasil;9605;2018;41119;Infraestrutura adaptada para alunos com deficiência;9605
Indicador  4.a.1;1020;107556;1;Brasil;9605;2018;41120;Abastecimento de água;9605
Indicador  4.a.1;1020;94590;1;Brasil;9605;2018;41121;Água Filtrada;9605
Indicador  4.a.1;1020;109644;1;Brasil;9605;2019;41115;Total;9605
Indicador  4.a.1;1020;105634;1;Brasil;9605;2019;41116;Acesso à eletricidade;9605
Indicador  4.a.1;1020;76098;1;Brasil;9605;2019;41117;Acesso à internet;9605
Indicador  4.a.1;1020;23595;1;Brasil;9605;2019;41118;Computador para fins pedagógicos;9605
Indicador  4.a.1;1020;60272;1;Brasil;9605;2019;41119;Infraestrutura adaptada para alunos com deficiência;9605
Indicador  4.a.1;1020;106222;1;Brasil;9605;2019;41120;Abastecimento de água;9605
Indicador  4.a.1;1020;100383;1;Brasil;9605;2019;41121;Água Filtrada;9605
Indicador  4.a.1;1020;108080;1;Brasil;9605;2020;41115;Total;9605
Indicador  4.a.1;1020;104415;1;Brasil;9605;2020;41116;Acesso à eletricidade;9605
Indicador  4.a.1;1020;78868;1;Brasil;9605;2020;41117;Acesso à internet;9605
Indicador  4.a.1;1020;27194;1;Brasil;9605;2020;41118;Computador para fins pedagógicos;9605
Indicador  4.a.1;1020;64130;1;Brasil;9605;2020;41119;Infraestrutura adaptada para alunos com deficiência;9605
Indicador  4.a.1;1020;104966;1;Brasil;9605;2020;41120;Abastecimento de água;9605
Indicador  4.a.1;1020;99953;1;Brasil;9605;2020;41121;Água Filtrada;9605
Indicador  4.a.1;1020;106761;1;Brasil;9605;2021;41115;Total;9605
Indicador  4.a.1;1020;103461;1;Brasil;9605;2021;41116;Acesso à eletricidade;9605
Indicador  4.a.1;1020;81900;1;Brasil;9605;2021;41117;Acesso à internet;9605
Indicador  4.a.1;1020;30702;1;Brasil;9605;2021;41118;Computador para fins pedagógicos;9605
Indicador  4.a.1;1020;67418;1;Brasil;9605;2021;41119;Infraestrutura adaptada para alunos com deficiência;9605
Indicador  4.a.1;1020;103530;1;Brasil;9605;2021;41120;Abastecimento de água;9605
Indicador  4.a.1;1020;99859;1;Brasil;9605;2021;41121;Água Filtrada;9605
Indicador  4.a.1;1020;105360;1;Brasil;9605;2022;41115;Total;9605
Indicador  4.a.1;1020;102403;1;Brasil;9605;2022;41116;Acesso à eletricidade;9605
Indicador  4.a.1;1020;87211;1;Brasil;9605;2022;41117;Acesso à internet;9605
Indicador  4.a.1;1020;34223;1;Brasil;9605;2022;41118;Computador para fins pedagógicos;9605
Indicador  4.a.1;1020;68690;1;Brasil;9605;2022;41119;Infraestrutura adaptada para alunos com deficiência;9605
Indicador  4.a.1;1020;102413;1;Brasil;9605;2022;41120;Abastecimento de água;9605
Indicador  4.a.1;1020;99214;1;Brasil;9605;2022;41121;Água Filtrada;9605
Indicador  4.a.1;1020;858;11;Rondônia;9605;2018;41115;Total;9605
Indicador  4.a.1;1020;822;11;Rondônia;9605;2018;41116;Acesso à eletricidade;9605
Indicador  4.a.1;1020;-;11;Rondônia;9605;2018;41117;Acesso à internet;9605
Indicador  4.a.1;1020;426;11;Rondônia;9605;2018;41118;Computador para fins pedagógicos;9605
Indicador  4.a.1;1020;305;11;Rondônia;9605;2018;41119;Infraestrutura adaptada para alunos com deficiência;9605
Indicador  4.a.1;1020;843;11;Rondônia;9605;2018;41120;Abastecimento de água;9605
Indicador  4.a.1;1020;811;11;Rondônia;9605;2018;41121;Água Filtrada;9605
Indicador  4.a.1;1020;825;11;Rondônia;9605;2019;41115;Total;9605
Indicador  4.a.1;1020;783;11;Rondônia;9605;2019;41116;Acesso à eletricidade;9605
Indicador  4.a.1;1020;158;11;Rondônia;9605;2019;41117;Acesso à internet;9605
Indicador  4.a.1;1020;349;11;Rondônia;9605;2019;41118;Computador para fins pedagógicos;9605
Indicador  4.a.1;1020;493;11;Rondônia;9605;2019;41119;Infraestrutura adaptada para alunos com deficiência;9605
Indicador  4.a.1;1020;812;11;Rondônia;9605;2019;41120;Abastecimento de água;9605
Indicador  4.a.1;1020;801;11;Rondônia;9605;2019;41121;Água Filtrada;9605
Indicador  4.a.1;1020;797;11;Rondônia;9605;2020;41115;Total;9605
Indicador  4.a.1;1020;761;11;Rondônia;9605;2020;41116;Acesso à eletricidade;9605
Indicador  4.a.1;1020;185;11;Rondônia;9605;2020;41117;Acesso à internet;9605
Indicador  4.a.1;1020;410;11;Rondônia;9605;2020;41118;Computador para fins pedagógicos;9605
Indicador  4.a.1;1020;515;11;Rondônia;9605;2020;41119;Infraestrutura adaptada para alunos com deficiência;9605
Indicador  4.a.1;1020;784;11;Rondônia;9605;2020;41120;Abastecimento de água;9605
Indicador  4.a.1;1020;783;11;Rondônia;9605;2020;41121;Água Filtrada;9605
Indicador  4.a.1;1020;771;11;Rondônia;9605;2021;41115;Total;9605
Indicador  4.a.1;1020;737;11;Rondônia;9605;2021;41116;Acesso à eletricidade;9605
Indicador  4.a.1;1020;200;11;Rondônia;9605;2021;41117;Acesso à internet;9605
Indicador  4.a.1;1020;425;11;Rondônia;9605;2021;41118;Computador para fins pedagógicos;9605
Indicador  4.a.1;1020;520;11;Rondônia;9605;2021;41119;Infraestrutura adaptada para alunos com deficiência;9605
Indicador  4.a.1;1020;760;11;Rondônia;9605;2021;41120;Abastecimento de água;9605
Indicador  4.a.1;1020;751;11;Rondônia;9605;2021;41121;Água Filtrada;9605
Indicador  4.a.1;1020;748;11;Rondônia;9605;2022;41115;Total;9605
Indicador  4.a.1;1020;721;11;Rondônia;9605;2022;41116;Acesso à eletricidade;9605
Indicador  4.a.1;1020;224;11;Rondônia;9605;2022;41117;Acesso à internet;9605
Indicador  4.a.1;1020;430;11;Rondônia;9605;2022;41118;Computador para fins pedagógicos;9605
Indicador  4.a.1;1020;519;11;Rondônia;9605;2022;41119;Infraestrutura adaptada para alunos com deficiência;9605
Indicador  4.a.1;1020;736;11;Rondônia;9605;2022;41120;Abastecimento de água;9605
Indicador  4.a.1;1020;732;11;Rondônia;9605;2022;41121;Água Filtrada;9605
Indicador  4.a.1;1020;1245;12;Acre;9605;2018;41115;Total;9605
Indicador  4.a.1;1020;710;12;Acre;9605;2018;41116;Acesso à eletricidade;9605
Indicador  4.a.1;1020;-;12;Acre;9605;2018;41117;Acesso à internet;9605
Indicador  4.a.1;1020;242;12;Acre;9605;2018;41118;Computador para fins pedagógicos;9605
Indicador  4.a.1;1020;123;12;Acre;9605;2018;41119;Infraestrutura adaptada para alunos com deficiência;9605
Indicador  4.a.1;1020;781;12;Acre;9605;2018;41120;Abastecimento de água;9605
Indicador  4.a.1;1020;699;12;Acre;9605;2018;41121;Água Filtrada;9605
Indicador  4.a.1;1020;1224;12;Acre;9605;2019;41115;Total;9605
Indicador  4.a.1;1020;687;12;Acre;9605;2019;41116;Acesso à eletricidade;9605
Indicador  4.a.1;1020;35;12;Acre;9605;2019;41117;Acesso à internet;9605
Indicador  4.a.1;1020;180;12;Acre;9605;2019;41118;Computador para fins pedagógicos;9605
Indicador  4.a.1;1020;336;12;Acre;9605;2019;41119;Infraestrutura adaptada para alunos com deficiência;9605
Indicador  4.a.1;1020;830;12;Acre;9605;2019;41120;Abastecimento de água;9605
Indicador  4.a.1;1020;777;12;Acre;9605;2019;41121;Água Filtrada;9605
Indicador  4.a.1;1020;1208;12;Acre;9605;2020;41115;Total;9605
Indicador  4.a.1;1020;692;12;Acre;9605;2020;41116;Acesso à eletricidade;9605
Indicador  4.a.1;1020;45;12;Acre;9605;2020;41117;Acesso à internet;9605
Indicador  4.a.1;1020;215;12;Acre;9605;2020;41118;Computador para fins pedagógicos;9605
Indicador  4.a.1;1020;352;12;Acre;9605;2020;41119;Infraestrutura adaptada para alunos com deficiência;9605
Indicador  4.a.1;1020;824;12;Acre;9605;2020;41120;Abastecimento de água;9605
Indicador  4.a.1;1020;773;12;Acre;9605;2020;41121;Água Filtrada;9605
Indicador  4.a.1;1020;1193;12;Acre;9605;2021;41115;Total;9605
Indicador  4.a.1;1020;689;12;Acre;9605;2021;41116;Acesso à eletricidade;9605
Indicador  4.a.1;1020;52;12;Acre;9605;2021;41117;Acesso à internet;9605
Indicador  4.a.1;1020;227;12;Acre;9605;2021;41118;Computador para fins pedagógicos;9605
Indicador  4.a.1;1020;355;12;Acre;9605;2021;41119;Infraestrutura adaptada para alunos com deficiência;9605
Indicador  4.a.1;1020;839;12;Acre;9605;2021;41120;Abastecimento de água;9605
Indicador  4.a.1;1020;693;12;Acre;9605;2021;41121;Água Filtrada;9605
Indicador  4.a.1;1020;1175;12;Acre;9605;2022;41115;Total;9605
Indicador  4.a.1;1020;671;12;Acre;9605;2022;41116;Acesso à eletricidade;9605
Indicador  4.a.1;1020;65;12;Acre;9605;2022;41117;Acesso à internet;9605
Indicador  4.a.1;1020;192;12;Acre;9605;2022;41118;Computador para fins pedagógicos;9605
Indicador  4.a.1;1020;363;12;Acre;9605;2022;41119;Infraestrutura adaptada para alunos com deficiência;9605
Indicador  4.a.1;1020;851;12;Acre;9605;2022;41120;Abastecimento de água;9605
Indicador  4.a.1;1020;722;12;Acre;9605;2022;41121;Água Filtrada;9605
Indicador  4.a.1;1020;4435;13;Amazonas;9605;2018;41115;Total;9605
Indicador  4.a.1;1020;3274;13;Amazonas;9605;2018;41116;Acesso à eletricidade;9605
Indicador  4.a.1;1020;-;13;Amazonas;9605;2018;41117;Acesso à internet;9605
Indicador  4.a.1;1020;989;13;Amazonas;9605;2018;41118;Computador para fins pedagógicos;9605
Indicador  4.a.1;1020;323;13;Amazonas;9605;2018;41119;Infraestrutura adaptada para alunos com deficiência;9605
Indicador  4.a.1;1020;4321;13;Amazonas;9605;2018;41120;Abastecimento de água;9605
Indicador  4.a.1;1020;2144;13;Amazonas;9605;2018;41121;Água Filtrada;9605
Indicador  4.a.1;1020;4374;13;Amazonas;9605;2019;41115;Total;9605
Indicador  4.a.1;1020;3246;13;Amazonas;9605;2019;41116;Acesso à eletricidade;9605
Indicador  4.a.1;1020;305;13;Amazonas;9605;2019;41117;Acesso à internet;9605
Indicador  4.a.1;1020;877;13;Amazonas;9605;2019;41118;Computador para fins pedagógicos;9605
Indicador  4.a.1;1020;907;13;Amazonas;9605;2019;41119;Infraestrutura adaptada para alunos com deficiência;9605
Indicador  4.a.1;1020;4251;13;Amazonas;9605;2019;41120;Abastecimento de água;9605
Indicador  4.a.1;1020;3267;13;Amazonas;9605;2019;41121;Água Filtrada;9605
Indicador  4.a.1;1020;4354;13;Amazonas;9605;2020;41115;Total;9605
Indicador  4.a.1;1020;3308;13;Amazonas;9605;2020;41116;Acesso à eletricidade;9605
Indicador  4.a.1;1020;324;13;Amazonas;9605;2020;41117;Acesso à internet;9605
Indicador  4.a.1;1020;993;13;Amazonas;9605;2020;41118;Computador para fins pedagógicos;9605
Indicador  4.a.1;1020;1034;13;Amazonas;9605;2020;41119;Infraestrutura adaptada para alunos com deficiência;9605
Indicador  4.a.1;1020;4238;13;Amazonas;9605;2020;41120;Abastecimento de água;9605
Indicador  4.a.1;1020;3608;13;Amazonas;9605;2020;41121;Água Filtrada;9605
Indicador  4.a.1;1020;4389;13;Amazonas;9605;2021;41115;Total;9605
Indicador  4.a.1;1020;3410;13;Amazonas;9605;2021;41116;Acesso à eletricidade;9605
Indicador  4.a.1;1020;349;13;Amazonas;9605;2021;41117;Acesso à internet;9605
Indicador  4.a.1;1020;1030;13;Amazonas;9605;2021;41118;Computador para fins pedagógicos;9605
Indicador  4.a.1;1020;1104;13;Amazonas;9605;2021;41119;Infraestrutura adaptada para alunos com deficiência;9605
Indicador  4.a.1;1020;4262;13;Amazonas;9605;2021;41120;Abastecimento de água;9605
Indicador  4.a.1;1020;3671;13;Amazonas;9605;2021;41121;Água Filtrada;9605
Indicador  4.a.1;1020;4420;13;Amazonas;9605;2022;41115;Total;9605
Indicador  4.a.1;1020;3482;13;Amazonas;9605;2022;41116;Acesso à eletricidade;9605
Indicador  4.a.1;1020;446;13;Amazonas;9605;2022;41117;Acesso à internet;9605
Indicador  4.a.1;1020;1063;13;Amazonas;9605;2022;41118;Computador para fins pedagógicos;9605
Indicador  4.a.1;1020;1203;13;Amazonas;9605;2022;41119;Infraestrutura adaptada para alunos com deficiência;9605
Indicador  4.a.1;1020;4302;13;Amazonas;9605;2022;41120;Abastecimento de água;9605
Indicador  4.a.1;1020;4010;13;Amazonas;9605;2022;41121;Água Filtrada;9605
Indicador  4.a.1;1020;536;14;Roraima;9605;2018;41115;Total;9605
Indicador  4.a.1;1020;383;14;Roraima;9605;2018;41116;Acesso à eletricidade;9605
Indicador  4.a.1;1020;-;14;Roraima;9605;2018;41117;Acesso à internet;9605
Indicador  4.a.1;1020;118;14;Roraima;9605;2018;41118;Computador para fins pedagógicos;9605
Indicador  4.a.1;1020;79;14;Roraima;9605;2018;41119;Infraestrutura adaptada para alunos com deficiência;9605
Indicador  4.a.1;1020;521;14;Roraima;9605;2018;41120;Abastecimento de água;9605
Indicador  4.a.1;1020;199;14;Roraima;9605;2018;41121;Água Filtrada;9605
Indicador  4.a.1;1020;530;14;Roraima;9605;2019;41115;Total;9605
Indicador  4.a.1;1020;349;14;Roraima;9605;2019;41116;Acesso à eletricidade;9605
Indicador  4.a.1;1020;49;14;Roraima;9605;2019;41117;Acesso à internet;9605
Indicador  4.a.1;1020;117;14;Roraima;9605;2019;41118;Computador para fins pedagógicos;9605
Indicador  4.a.1;1020;130;14;Roraima;9605;2019;41119;Infraestrutura adaptada para alunos com deficiência;9605
Indicador  4.a.1;1020;529;14;Roraima;9605;2019;41120;Abastecimento de água;9605
Indicador  4.a.1;1020;285;14;Roraima;9605;2019;41121;Água Filtrada;9605
Indicador  4.a.1;1020;522;14;Roraima;9605;2020;41115;Total;9605
Indicador  4.a.1;1020;353;14;Roraima;9605;2020;41116;Acesso à eletricidade;9605
Indicador  4.a.1;1020;62;14;Roraima;9605;2020;41117;Acesso à internet;9605
Indicador  4.a.1;1020;134;14;Roraima;9605;2020;41118;Computador para fins pedagógicos;9605
Indicador  4.a.1;1020;148;14;Roraima;9605;2020;41119;Infraestrutura adaptada para alunos com deficiência;9605
Indicador  4.a.1;1020;518;14;Roraima;9605;2020;41120;Abastecimento de água;9605
Indicador  4.a.1;1020;272;14;Roraima;9605;2020;41121;Água Filtrada;9605
Indicador  4.a.1;1020;511;14;Roraima;9605;2021;41115;Total;9605
Indicador  4.a.1;1020;370;14;Roraima;9605;2021;41116;Acesso à eletricidade;9605
Indicador  4.a.1;1020;73;14;Roraima;9605;2021;41117;Acesso à internet;9605
Indicador  4.a.1;1020;137;14;Roraima;9605;2021;41118;Computador para fins pedagógicos;9605
Indicador  4.a.1;1020;160;14;Roraima;9605;2021;41119;Infraestrutura adaptada para alunos com deficiência;9605
Indicador  4.a.1;1020;507;14;Roraima;9605;2021;41120;Abastecimento de água;9605
Indicador  4.a.1;1020;272;14;Roraima;9605;2021;41121;Água Filtrada;9605
Indicador  4.a.1;1020;539;14;Roraima;9605;2022;41115;Total;9605
Indicador  4.a.1;1020;391;14;Roraima;9605;2022;41116;Acesso à eletricidade;9605
Indicador  4.a.1;1020;77;14;Roraima;9605;2022;41117;Acesso à internet;9605
Indicador  4.a.1;1020;158;14;Roraima;9605;2022;41118;Computador para fins pedagógicos;9605
Indicador  4.a.1;1020;176;14;Roraima;9605;2022;41119;Infraestrutura adaptada para alunos com deficiência;9605
Indicador  4.a.1;1020;518;14;Roraima;9605;2022;41120;Abastecimento de água;9605
Indicador  4.a.1;1020;290;14;Roraima;9605;2022;41121;Água Filtrada;9605
Indicador  4.a.1;1020;8846;15;Pará;9605;2018;41115;Total;9605
Indicador  4.a.1;1020;7448;15;Pará;9605;2018;41116;Acesso à eletricidade;9605
Indicador  4.a.1;1020;-;15;Pará;9605;2018;41117;Acesso à internet;9605
Indicador  4.a.1;1020;2185;15;Pará;9605;2018;41118;Computador para fins pedagógicos;9605
Indicador  4.a.1;1020;1188;15;Pará;9605;2018;41119;Infraestrutura adaptada para alunos com deficiência;9605
Indicador  4.a.1;1020;7868;15;Pará;9605;2018;41120;Abastecimento de água;9605
Indicador  4.a.1;1020;5194;15;Pará;9605;2018;41121;Água Filtrada;9605
Indicador  4.a.1;1020;8763;15;Pará;9605;2019;41115;Total;9605
Indicador  4.a.1;1020;7320;15;Pará;9605;2019;41116;Acesso à eletricidade;9605
Indicador  4.a.1;1020;378;15;Pará;9605;2019;41117;Acesso à internet;9605
Indicador  4.a.1;1020;1667;15;Pará;9605;2019;41118;Computador para fins pedagógicos;9605
Indicador  4.a.1;1020;3006;15;Pará;9605;2019;41119;Infraestrutura adaptada para alunos com deficiência;9605
Indicador  4.a.1;1020;8058;15;Pará;9605;2019;41120;Abastecimento de água;9605
Indicador  4.a.1;1020;6508;15;Pará;9605;2019;41121;Água Filtrada;9605
Indicador  4.a.1;1020;8672;15;Pará;9605;2020;41115;Total;9605
Indicador  4.a.1;1020;7375;15;Pará;9605;2020;41116;Acesso à eletricidade;9605
Indicador  4.a.1;1020;469;15;Pará;9605;2020;41117;Acesso à internet;9605
Indicador  4.a.1;1020;1992;15;Pará;9605;2020;41118;Computador para fins pedagógicos;9605
Indicador  4.a.1;1020;3429;15;Pará;9605;2020;41119;Infraestrutura adaptada para alunos com deficiência;9605
Indicador  4.a.1;1020;8000;15;Pará;9605;2020;41120;Abastecimento de água;9605
Indicador  4.a.1;1020;6640;15;Pará;9605;2020;41121;Água Filtrada;9605
Indicador  4.a.1;1020;8568;15;Pará;9605;2021;41115;Total;9605
Indicador  4.a.1;1020;7404;15;Pará;9605;2021;41116;Acesso à eletricidade;9605
Indicador  4.a.1;1020;649;15;Pará;9605;2021;41117;Acesso à internet;9605
Indicador  4.a.1;1020;1979;15;Pará;9605;2021;41118;Computador para fins pedagógicos;9605
Indicador  4.a.1;1020;3750;15;Pará;9605;2021;41119;Infraestrutura adaptada para alunos com deficiência;9605
Indicador  4.a.1;1020;7753;15;Pará;9605;2021;41120;Abastecimento de água;9605
Indicador  4.a.1;1020;6548;15;Pará;9605;2021;41121;Água Filtrada;9605
Indicador  4.a.1;1020;8488;15;Pará;9605;2022;41115;Total;9605
Indicador  4.a.1;1020;7505;15;Pará;9605;2022;41116;Acesso à eletricidade;9605
Indicador  4.a.1;1020;784;15;Pará;9605;2022;41117;Acesso à internet;9605
Indicador  4.a.1;1020;1916;15;Pará;9605;2022;41118;Computador para fins pedagógicos;9605
Indicador  4.a.1;1020;3885;15;Pará;9605;2022;41119;Infraestrutura adaptada para alunos com deficiência;9605
Indicador  4.a.1;1020;7783;15;Pará;9605;2022;41120;Abastecimento de água;9605
Indicador  4.a.1;1020;6610;15;Pará;9605;2022;41121;Água Filtrada;9605
Indicador  4.a.1;1020;601;16;Amapá;9605;2018;41115;Total;9605
Indicador  4.a.1;1020;555;16;Amapá;9605;2018;41116;Acesso à eletricidade;9605
Indicador  4.a.1;1020;-;16;Amapá;9605;2018;41117;Acesso à internet;9605
Indicador  4.a.1;1020;228;16;Amapá;9605;2018;41118;Computador para fins pedagógicos;9605
Indicador  4.a.1;1020;108;16;Amapá;9605;2018;41119;Infraestrutura adaptada para alunos com deficiência;9605
Indicador  4.a.1;1020;569;16;Amapá;9605;2018;41120;Abastecimento de água;9605
Indicador  4.a.1;1020;364;16;Amapá;9605;2018;41121;Água Filtrada;9605
Indicador  4.a.1;1020;595;16;Amapá;9605;2019;41115;Total;9605
Indicador  4.a.1;1020;518;16;Amapá;9605;2019;41116;Acesso à eletricidade;9605
Indicador  4.a.1;1020;49;16;Amapá;9605;2019;41117;Acesso à internet;9605
Indicador  4.a.1;1020;163;16;Amapá;9605;2019;41118;Computador para fins pedagógicos;9605
Indicador  4.a.1;1020;198;16;Amapá;9605;2019;41119;Infraestrutura adaptada para alunos com deficiência;9605
Indicador  4.a.1;1020;568;16;Amapá;9605;2019;41120;Abastecimento de água;9605
Indicador  4.a.1;1020;495;16;Amapá;9605;2019;41121;Água Filtrada;9605
Indicador  4.a.1;1020;594;16;Amapá;9605;2020;41115;Total;9605
Indicador  4.a.1;1020;520;16;Amapá;9605;2020;41116;Acesso à eletricidade;9605
Indicador  4.a.1;1020;54;16;Amapá;9605;2020;41117;Acesso à internet;9605
Indicador  4.a.1;1020;185;16;Amapá;9605;2020;41118;Computador para fins pedagógicos;9605
Indicador  4.a.1;1020;233;16;Amapá;9605;2020;41119;Infraestrutura adaptada para alunos com deficiência;9605
Indicador  4.a.1;1020;568;16;Amapá;9605;2020;41120;Abastecimento de água;9605
Indicador  4.a.1;1020;494;16;Amapá;9605;2020;41121;Água Filtrada;9605
Indicador  4.a.1;1020;591;16;Amapá;9605;2021;41115;Total;9605
Indicador  4.a.1;1020;523;16;Amapá;9605;2021;41116;Acesso à eletricidade;9605
Indicador  4.a.1;1020;60;16;Amapá;9605;2021;41117;Acesso à internet;9605
Indicador  4.a.1;1020;182;16;Amapá;9605;2021;41118;Computador para fins pedagógicos;9605
Indicador  4.a.1;1020;257;16;Amapá;9605;2021;41119;Infraestrutura adaptada para alunos com deficiência;9605
Indicador  4.a.1;1020;561;16;Amapá;9605;2021;41120;Abastecimento de água;9605
Indicador  4.a.1;1020;487;16;Amapá;9605;2021;41121;Água Filtrada;9605
Indicador  4.a.1;1020;595;16;Amapá;9605;2022;41115;Total;9605
Indicador  4.a.1;1020;536;16;Amapá;9605;2022;41116;Acesso à eletricidade;9605
Indicador  4.a.1;1020;57;16;Amapá;9605;2022;41117;Acesso à internet;9605
Indicador  4.a.1;1020;202;16;Amapá;9605;2022;41118;Computador para fins pedagógicos;9605
Indicador  4.a.1;1020;268;16;Amapá;9605;2022;41119;Infraestrutura adaptada para alunos com deficiência;9605
Indicador  4.a.1;1020;565;16;Amapá;9605;2022;41120;Abastecimento de água;9605
Indicador  4.a.1;1020;490;16;Amapá;9605;2022;41121;Água Filtrada;9605
Indicador  4.a.1;1020;1066;17;Tocantins;9605;2018;41115;Total;9605
Indicador  4.a.1;1020;1042;17;Tocantins;9605;2018;41116;Acesso à eletricidade;9605
Indicador  4.a.1;1020;-;17;Tocantins;9605;2018;41117;Acesso à internet;9605
Indicador  4.a.1;1020;417;17;Tocantins;9605;2018;41118;Computador para fins pedagógicos;9605
Indicador  4.a.1;1020;331;17;Tocantins;9605;2018;41119;Infraestrutura adaptada para alunos com deficiência;9605
Indicador  4.a.1;1020;1058;17;Tocantins;9605;2018;41120;Abastecimento de água;9605
Indicador  4.a.1;1020;1029;17;Tocantins;9605;2018;41121;Água Filtrada;9605
Indicador  4.a.1;1020;1020;17;Tocantins;9605;2019;41115;Total;9605
Indicador  4.a.1;1020;999;17;Tocantins;9605;2019;41116;Acesso à eletricidade;9605
Indicador  4.a.1;1020;217;17;Tocantins;9605;2019;41117;Acesso à internet;9605
Indicador  4.a.1;1020;402;17;Tocantins;9605;2019;41118;Computador para fins pedagógicos;9605
Indicador  4.a.1;1020;616;17;Tocantins;9605;2019;41119;Infraestrutura adaptada para alunos com deficiência;9605
Indicador  4.a.1;1020;1015;17;Tocantins;9605;2019;41120;Abastecimento de água;9605
Indicador  4.a.1;1020;962;17;Tocantins;9605;2019;41121;Água Filtrada;9605
Indicador  4.a.1;1020;989;17;Tocantins;9605;2020;41115;Total;9605
Indicador  4.a.1;1020;974;17;Tocantins;9605;2020;41116;Acesso à eletricidade;9605
Indicador  4.a.1;1020;254;17;Tocantins;9605;2020;41117;Acesso à internet;9605
Indicador  4.a.1;1020;440;17;Tocantins;9605;2020;41118;Computador para fins pedagógicos;9605
Indicador  4.a.1;1020;645;17;Tocantins;9605;2020;41119;Infraestrutura adaptada para alunos com deficiência;9605
Indicador  4.a.1;1020;984;17;Tocantins;9605;2020;41120;Abastecimento de água;9605
Indicador  4.a.1;1020;938;17;Tocantins;9605;2020;41121;Água Filtrada;9605
Indicador  4.a.1;1020;979;17;Tocantins;9605;2021;41115;Total;9605
Indicador  4.a.1;1020;967;17;Tocantins;9605;2021;41116;Acesso à eletricidade;9605
Indicador  4.a.1;1020;285;17;Tocantins;9605;2021;41117;Acesso à internet;9605
Indicador  4.a.1;1020;458;17;Tocantins;9605;2021;41118;Computador para fins pedagógicos;9605
Indicador  4.a.1;1020;704;17;Tocantins;9605;2021;41119;Infraestrutura adaptada para alunos com deficiência;9605
Indicador  4.a.1;1020;958;17;Tocantins;9605;2021;41120;Abastecimento de água;9605
Indicador  4.a.1;1020;928;17;Tocantins;9605;2021;41121;Água Filtrada;9605
Indicador  4.a.1;1020;959;17;Tocantins;9605;2022;41115;Total;9605
Indicador  4.a.1;1020;948;17;Tocantins;9605;2022;41116;Acesso à eletricidade;9605
Indicador  4.a.1;1020;297;17;Tocantins;9605;2022;41117;Acesso à internet;9605
Indicador  4.a.1;1020;434;17;Tocantins;9605;2022;41118;Computador para fins pedagógicos;9605
Indicador  4.a.1;1020;707;17;Tocantins;9605;2022;41119;Infraestrutura adaptada para alunos com deficiência;9605
Indicador  4.a.1;1020;939;17;Tocantins;9605;2022;41120;Abastecimento de água;9605
Indicador  4.a.1;1020;882;17;Tocantins;9605;2022;41121;Água Filtrada;9605
Indicador  4.a.1;1020;9192;21;Maranhão;9605;2018;41115;Total;9605
Indicador  4.a.1;1020;8982;21;Maranhão;9605;2018;41116;Acesso à eletricidade;9605
Indicador  4.a.1;1020;-;21;Maranhão;9605;2018;41117;Acesso à internet;9605
Indicador  4.a.1;1020;2050;21;Maranhão;9605;2018;41118;Computador para fins pedagógicos;9605
Indicador  4.a.1;1020;1082;21;Maranhão;9605;2018;41119;Infraestrutura adaptada para alunos com deficiência;9605
Indicador  4.a.1;1020;8241;21;Maranhão;9605;2018;41120;Abastecimento de água;9605
Indicador  4.a.1;1020;8215;21;Maranhão;9605;2018;41121;Água Filtrada;9605
Indicador  4.a.1;1020;8975;21;Maranhão;9605;2019;41115;Total;9605
Indicador  4.a.1;1020;8823;21;Maranhão;9605;2019;41116;Acesso à eletricidade;9605
Indicador  4.a.1;1020;277;21;Maranhão;9605;2019;41117;Acesso à internet;9605
Indicador  4.a.1;1020;1494;21;Maranhão;9605;2019;41118;Computador para fins pedagógicos;9605
Indicador  4.a.1;1020;3145;21;Maranhão;9605;2019;41119;Infraestrutura adaptada para alunos com deficiência;9605
Indicador  4.a.1;1020;8061;21;Maranhão;9605;2019;41120;Abastecimento de água;9605
Indicador  4.a.1;1020;8114;21;Maranhão;9605;2019;41121;Água Filtrada;9605
Indicador  4.a.1;1020;8877;21;Maranhão;9605;2020;41115;Total;9605
Indicador  4.a.1;1020;8745;21;Maranhão;9605;2020;41116;Acesso à eletricidade;9605
Indicador  4.a.1;1020;357;21;Maranhão;9605;2020;41117;Acesso à internet;9605
Indicador  4.a.1;1020;2060;21;Maranhão;9605;2020;41118;Computador para fins pedagógicos;9605
Indicador  4.a.1;1020;3516;21;Maranhão;9605;2020;41119;Infraestrutura adaptada para alunos com deficiência;9605
Indicador  4.a.1;1020;8029;21;Maranhão;9605;2020;41120;Abastecimento de água;9605
Indicador  4.a.1;1020;8103;21;Maranhão;9605;2020;41121;Água Filtrada;9605
Indicador  4.a.1;1020;8734;21;Maranhão;9605;2021;41115;Total;9605
Indicador  4.a.1;1020;8640;21;Maranhão;9605;2021;41116;Acesso à eletricidade;9605
Indicador  4.a.1;1020;557;21;Maranhão;9605;2021;41117;Acesso à internet;9605
Indicador  4.a.1;1020;2464;21;Maranhão;9605;2021;41118;Computador para fins pedagógicos;9605
Indicador  4.a.1;1020;3900;21;Maranhão;9605;2021;41119;Infraestrutura adaptada para alunos com deficiência;9605
Indicador  4.a.1;1020;7865;21;Maranhão;9605;2021;41120;Abastecimento de água;9605
Indicador  4.a.1;1020;7857;21;Maranhão;9605;2021;41121;Água Filtrada;9605
Indicador  4.a.1;1020;8554;21;Maranhão;9605;2022;41115;Total;9605
Indicador  4.a.1;1020;8481;21;Maranhão;9605;2022;41116;Acesso à eletricidade;9605
Indicador  4.a.1;1020;1036;21;Maranhão;9605;2022;41117;Acesso à internet;9605
Indicador  4.a.1;1020;2788;21;Maranhão;9605;2022;41118;Computador para fins pedagógicos;9605
Indicador  4.a.1;1020;4033;21;Maranhão;9605;2022;41119;Infraestrutura adaptada para alunos com deficiência;9605
Indicador  4.a.1;1020;7715;21;Maranhão;9605;2022;41120;Abastecimento de água;9605
Indicador  4.a.1;1020;7638;21;Maranhão;9605;2022;41121;Água Filtrada;9605
Indicador  4.a.1;1020;3060;22;Piauí;9605;2018;41115;Total;9605
Indicador  4.a.1;1020;2983;22;Piauí;9605;2018;41116;Acesso à eletricidade;9605
Indicador  4.a.1;1020;-;22;Piauí;9605;2018;41117;Acesso à internet;9605
Indicador  4.a.1;1020;1201;22;Piauí;9605;2018;41118;Computador para fins pedagógicos;9605
Indicador  4.a.1;1020;722;22;Piauí;9605;2018;41119;Infraestrutura adaptada para alunos com deficiência;9605
Indicador  4.a.1;1020;2808;22;Piauí;9605;2018;41120;Abastecimento de água;9605
Indicador  4.a.1;1020;2868;22;Piauí;9605;2018;41121;Água Filtrada;9605
Indicador  4.a.1;1020;2878;22;Piauí;9605;2019;41115;Total;9605
Indicador  4.a.1;1020;2812;22;Piauí;9605;2019;41116;Acesso à eletricidade;9605
Indicador  4.a.1;1020;217;22;Piauí;9605;2019;41117;Acesso à internet;9605
Indicador  4.a.1;1020;866;22;Piauí;9605;2019;41118;Computador para fins pedagógicos;9605
Indicador  4.a.1;1020;1741;22;Piauí;9605;2019;41119;Infraestrutura adaptada para alunos com deficiência;9605
Indicador  4.a.1;1020;2670;22;Piauí;9605;2019;41120;Abastecimento de água;9605
Indicador  4.a.1;1020;2759;22;Piauí;9605;2019;41121;Água Filtrada;9605
Indicador  4.a.1;1020;2785;22;Piauí;9605;2020;41115;Total;9605
Indicador  4.a.1;1020;2729;22;Piauí;9605;2020;41116;Acesso à eletricidade;9605
Indicador  4.a.1;1020;259;22;Piauí;9605;2020;41117;Acesso à internet;9605
Indicador  4.a.1;1020;1101;22;Piauí;9605;2020;41118;Computador para fins pedagógicos;9605
Indicador  4.a.1;1020;1827;22;Piauí;9605;2020;41119;Infraestrutura adaptada para alunos com deficiência;9605
Indicador  4.a.1;1020;2604;22;Piauí;9605;2020;41120;Abastecimento de água;9605
Indicador  4.a.1;1020;2693;22;Piauí;9605;2020;41121;Água Filtrada;9605
Indicador  4.a.1;1020;2685;22;Piauí;9605;2021;41115;Total;9605
Indicador  4.a.1;1020;2643;22;Piauí;9605;2021;41116;Acesso à eletricidade;9605
Indicador  4.a.1;1020;368;22;Piauí;9605;2021;41117;Acesso à internet;9605
Indicador  4.a.1;1020;1220;22;Piauí;9605;2021;41118;Computador para fins pedagógicos;9605
Indicador  4.a.1;1020;1838;22;Piauí;9605;2021;41119;Infraestrutura adaptada para alunos com deficiência;9605
Indicador  4.a.1;1020;2533;22;Piauí;9605;2021;41120;Abastecimento de água;9605
Indicador  4.a.1;1020;2592;22;Piauí;9605;2021;41121;Água Filtrada;9605
Indicador  4.a.1;1020;2589;22;Piauí;9605;2022;41115;Total;9605
Indicador  4.a.1;1020;2560;22;Piauí;9605;2022;41116;Acesso à eletricidade;9605
Indicador  4.a.1;1020;447;22;Piauí;9605;2022;41117;Acesso à internet;9605
Indicador  4.a.1;1020;1295;22;Piauí;9605;2022;41118;Computador para fins pedagógicos;9605
Indicador  4.a.1;1020;1840;22;Piauí;9605;2022;41119;Infraestrutura adaptada para alunos com deficiência;9605
Indicador  4.a.1;1020;2450;22;Piauí;9605;2022;41120;Abastecimento de água;9605
Indicador  4.a.1;1020;2485;22;Piauí;9605;2022;41121;Água Filtrada;9605
Indicador  4.a.1;1020;5107;23;Ceará;9605;2018;41115;Total;9605
Indicador  4.a.1;1020;5107;23;Ceará;9605;2018;41116;Acesso à eletricidade;9605
Indicador  4.a.1;1020;-;23;Ceará;9605;2018;41117;Acesso à internet;9605
Indicador  4.a.1;1020;3067;23;Ceará;9605;2018;41118;Computador para fins pedagógicos;9605
Indicador  4.a.1;1020;1821;23;Ceará;9605;2018;41119;Infraestrutura adaptada para alunos com deficiência;9605
Indicador  4.a.1;1020;4958;23;Ceará;9605;2018;41120;Abastecimento de água;9605
Indicador  4.a.1;1020;4931;23;Ceará;9605;2018;41121;Água Filtrada;9605
Indicador  4.a.1;1020;4917;23;Ceará;9605;2019;41115;Total;9605
Indicador  4.a.1;1020;4917;23;Ceará;9605;2019;41116;Acesso à eletricidade;9605
Indicador  4.a.1;1020;906;23;Ceará;9605;2019;41117;Acesso à internet;9605
Indicador  4.a.1;1020;2502;23;Ceará;9605;2019;41118;Computador para fins pedagógicos;9605
Indicador  4.a.1;1020;3558;23;Ceará;9605;2019;41119;Infraestrutura adaptada para alunos com deficiência;9605
Indicador  4.a.1;1020;4834;23;Ceará;9605;2019;41120;Abastecimento de água;9605
Indicador  4.a.1;1020;4781;23;Ceará;9605;2019;41121;Água Filtrada;9605
Indicador  4.a.1;1020;4849;23;Ceará;9605;2020;41115;Total;9605
Indicador  4.a.1;1020;4849;23;Ceará;9605;2020;41116;Acesso à eletricidade;9605
Indicador  4.a.1;1020;1048;23;Ceará;9605;2020;41117;Acesso à internet;9605
Indicador  4.a.1;1020;2957;23;Ceará;9605;2020;41118;Computador para fins pedagógicos;9605
Indicador  4.a.1;1020;3674;23;Ceará;9605;2020;41119;Infraestrutura adaptada para alunos com deficiência;9605
Indicador  4.a.1;1020;4792;23;Ceará;9605;2020;41120;Abastecimento de água;9605
Indicador  4.a.1;1020;4732;23;Ceará;9605;2020;41121;Água Filtrada;9605
Indicador  4.a.1;1020;4756;23;Ceará;9605;2021;41115;Total;9605
Indicador  4.a.1;1020;4756;23;Ceará;9605;2021;41116;Acesso à eletricidade;9605
Indicador  4.a.1;1020;1187;23;Ceará;9605;2021;41117;Acesso à internet;9605
Indicador  4.a.1;1020;3067;23;Ceará;9605;2021;41118;Computador para fins pedagógicos;9605
Indicador  4.a.1;1020;3751;23;Ceará;9605;2021;41119;Infraestrutura adaptada para alunos com deficiência;9605
Indicador  4.a.1;1020;4703;23;Ceará;9605;2021;41120;Abastecimento de água;9605
Indicador  4.a.1;1020;4627;23;Ceará;9605;2021;41121;Água Filtrada;9605
Indicador  4.a.1;1020;4715;23;Ceará;9605;2022;41115;Total;9605
Indicador  4.a.1;1020;4715;23;Ceará;9605;2022;41116;Acesso à eletricidade;9605
Indicador  4.a.1;1020;1242;23;Ceará;9605;2022;41117;Acesso à internet;9605
Indicador  4.a.1;1020;3289;23;Ceará;9605;2022;41118;Computador para fins pedagógicos;9605
Indicador  4.a.1;1020;3810;23;Ceará;9605;2022;41119;Infraestrutura adaptada para alunos com deficiência;9605
Indicador  4.a.1;1020;4686;23;Ceará;9605;2022;41120;Abastecimento de água;9605
Indicador  4.a.1;1020;4600;23;Ceará;9605;2022;41121;Água Filtrada;9605
Indicador  4.a.1;1020;2363;24;Rio Grande do Norte;9605;2018;41115;Total;9605
Indicador  4.a.1;1020;2360;24;Rio Grande do Norte;9605;2018;41116;Acesso à eletricidade;9605
Indicador  4.a.1;1020;-;24;Rio Grande do Norte;9605;2018;41117;Acesso à internet;9605
Indicador  4.a.1;1020;1329;24;Rio Grande do Norte;9605;2018;41118;Computador para fins pedagógicos;9605
Indicador  4.a.1;1020;908;24;Rio Grande do Norte;9605;2018;41119;Infraestrutura adaptada para alunos com deficiência;9605
Indicador  4.a.1;1020;2336;24;Rio Grande do Norte;9605;2018;41120;Abastecimento de água;9605
Indicador  4.a.1;1020;2249;24;Rio Grande do Norte;9605;2018;41121;Água Filtrada;9605
Indicador  4.a.1;1020;2338;24;Rio Grande do Norte;9605;2019;41115;Total;9605
Indicador  4.a.1;1020;2335;24;Rio Grande do Norte;9605;2019;41116;Acesso à eletricidade;9605
Indicador  4.a.1;1020;375;24;Rio Grande do Norte;9605;2019;41117;Acesso à internet;9605
Indicador  4.a.1;1020;1093;24;Rio Grande do Norte;9605;2019;41118;Computador para fins pedagógicos;9605
Indicador  4.a.1;1020;1612;24;Rio Grande do Norte;9605;2019;41119;Infraestrutura adaptada para alunos com deficiência;9605
Indicador  4.a.1;1020;2313;24;Rio Grande do Norte;9605;2019;41120;Abastecimento de água;9605
Indicador  4.a.1;1020;2254;24;Rio Grande do Norte;9605;2019;41121;Água Filtrada;9605
Indicador  4.a.1;1020;2270;24;Rio Grande do Norte;9605;2020;41115;Total;9605
Indicador  4.a.1;1020;2268;24;Rio Grande do Norte;9605;2020;41116;Acesso à eletricidade;9605
Indicador  4.a.1;1020;431;24;Rio Grande do Norte;9605;2020;41117;Acesso à internet;9605
Indicador  4.a.1;1020;1286;24;Rio Grande do Norte;9605;2020;41118;Computador para fins pedagógicos;9605
Indicador  4.a.1;1020;1639;24;Rio Grande do Norte;9605;2020;41119;Infraestrutura adaptada para alunos com deficiência;9605
Indicador  4.a.1;1020;2245;24;Rio Grande do Norte;9605;2020;41120;Abastecimento de água;9605
Indicador  4.a.1;1020;2154;24;Rio Grande do Norte;9605;2020;41121;Água Filtrada;9605
Indicador  4.a.1;1020;2245;24;Rio Grande do Norte;9605;2021;41115;Total;9605
Indicador  4.a.1;1020;2244;24;Rio Grande do Norte;9605;2021;41116;Acesso à eletricidade;9605
Indicador  4.a.1;1020;543;24;Rio Grande do Norte;9605;2021;41117;Acesso à internet;9605
Indicador  4.a.1;1020;1369;24;Rio Grande do Norte;9605;2021;41118;Computador para fins pedagógicos;9605
Indicador  4.a.1;1020;1691;24;Rio Grande do Norte;9605;2021;41119;Infraestrutura adaptada para alunos com deficiência;9605
Indicador  4.a.1;1020;2228;24;Rio Grande do Norte;9605;2021;41120;Abastecimento de água;9605
Indicador  4.a.1;1020;2190;24;Rio Grande do Norte;9605;2021;41121;Água Filtrada;9605
Indicador  4.a.1;1020;2215;24;Rio Grande do Norte;9605;2022;41115;Total;9605
Indicador  4.a.1;1020;2214;24;Rio Grande do Norte;9605;2022;41116;Acesso à eletricidade;9605
Indicador  4.a.1;1020;669;24;Rio Grande do Norte;9605;2022;41117;Acesso à internet;9605
Indicador  4.a.1;1020;1494;24;Rio Grande do Norte;9605;2022;41118;Computador para fins pedagógicos;9605
Indicador  4.a.1;1020;1723;24;Rio Grande do Norte;9605;2022;41119;Infraestrutura adaptada para alunos com deficiência;9605
Indicador  4.a.1;1020;2199;24;Rio Grande do Norte;9605;2022;41120;Abastecimento de água;9605
Indicador  4.a.1;1020;2165;24;Rio Grande do Norte;9605;2022;41121;Água Filtrada;9605
Indicador  4.a.1;1020;3652;25;Paraíba;9605;2018;41115;Total;9605
Indicador  4.a.1;1020;3636;25;Paraíba;9605;2018;41116;Acesso à eletricidade;9605
Indicador  4.a.1;1020;-;25;Paraíba;9605;2018;41117;Acesso à internet;9605
Indicador  4.a.1;1020;1749;25;Paraíba;9605;2018;41118;Computador para fins pedagógicos;9605
Indicador  4.a.1;1020;1030;25;Paraíba;9605;2018;41119;Infraestrutura adaptada para alunos com deficiência;9605
Indicador  4.a.1;1020;3376;25;Paraíba;9605;2018;41120;Abastecimento de água;9605
Indicador  4.a.1;1020;3526;25;Paraíba;9605;2018;41121;Água Filtrada;9605
Indicador  4.a.1;1020;3521;25;Paraíba;9605;2019;41115;Total;9605
Indicador  4.a.1;1020;3515;25;Paraíba;9605;2019;41116;Acesso à eletricidade;9605
Indicador  4.a.1;1020;355;25;Paraíba;9605;2019;41117;Acesso à internet;9605
Indicador  4.a.1;1020;1414;25;Paraíba;9605;2019;41118;Computador para fins pedagógicos;9605
Indicador  4.a.1;1020;2295;25;Paraíba;9605;2019;41119;Infraestrutura adaptada para alunos com deficiência;9605
Indicador  4.a.1;1020;3401;25;Paraíba;9605;2019;41120;Abastecimento de água;9605
Indicador  4.a.1;1020;3468;25;Paraíba;9605;2019;41121;Água Filtrada;9605
Indicador  4.a.1;1020;3445;25;Paraíba;9605;2020;41115;Total;9605
Indicador  4.a.1;1020;3437;25;Paraíba;9605;2020;41116;Acesso à eletricidade;9605
Indicador  4.a.1;1020;481;25;Paraíba;9605;2020;41117;Acesso à internet;9605
Indicador  4.a.1;1020;1765;25;Paraíba;9605;2020;41118;Computador para fins pedagógicos;9605
Indicador  4.a.1;1020;2348;25;Paraíba;9605;2020;41119;Infraestrutura adaptada para alunos com deficiência;9605
Indicador  4.a.1;1020;3347;25;Paraíba;9605;2020;41120;Abastecimento de água;9605
Indicador  4.a.1;1020;3405;25;Paraíba;9605;2020;41121;Água Filtrada;9605
Indicador  4.a.1;1020;3347;25;Paraíba;9605;2021;41115;Total;9605
Indicador  4.a.1;1020;3342;25;Paraíba;9605;2021;41116;Acesso à eletricidade;9605
Indicador  4.a.1;1020;555;25;Paraíba;9605;2021;41117;Acesso à internet;9605
Indicador  4.a.1;1020;1858;25;Paraíba;9605;2021;41118;Computador para fins pedagógicos;9605
Indicador  4.a.1;1020;2413;25;Paraíba;9605;2021;41119;Infraestrutura adaptada para alunos com deficiência;9605
Indicador  4.a.1;1020;3261;25;Paraíba;9605;2021;41120;Abastecimento de água;9605
Indicador  4.a.1;1020;3314;25;Paraíba;9605;2021;41121;Água Filtrada;9605
Indicador  4.a.1;1020;3294;25;Paraíba;9605;2022;41115;Total;9605
Indicador  4.a.1;1020;3292;25;Paraíba;9605;2022;41116;Acesso à eletricidade;9605
Indicador  4.a.1;1020;628;25;Paraíba;9605;2022;41117;Acesso à internet;9605
Indicador  4.a.1;1020;1975;25;Paraíba;9605;2022;41118;Computador para fins pedagógicos;9605
Indicador  4.a.1;1020;2463;25;Paraíba;9605;2022;41119;Infraestrutura adaptada para alunos com deficiência;9605
Indicador  4.a.1;1020;3223;25;Paraíba;9605;2022;41120;Abastecimento de água;9605
Indicador  4.a.1;1020;3257;25;Paraíba;9605;2022;41121;Água Filtrada;9605
Indicador  4.a.1;1020;6536;26;Pernambuco;9605;2018;41115;Total;9605
Indicador  4.a.1;1020;6508;26;Pernambuco;9605;2018;41116;Acesso à eletricidade;9605
Indicador  4.a.1;1020;-;26;Pernambuco;9605;2018;41117;Acesso à internet;9605
Indicador  4.a.1;1020;2511;26;Pernambuco;9605;2018;41118;Computador para fins pedagógicos;9605
Indicador  4.a.1;1020;1801;26;Pernambuco;9605;2018;41119;Infraestrutura adaptada para alunos com deficiência;9605
Indicador  4.a.1;1020;6126;26;Pernambuco;9605;2018;41120;Abastecimento de água;9605
Indicador  4.a.1;1020;6007;26;Pernambuco;9605;2018;41121;Água Filtrada;9605
Indicador  4.a.1;1020;6307;26;Pernambuco;9605;2019;41115;Total;9605
Indicador  4.a.1;1020;6290;26;Pernambuco;9605;2019;41116;Acesso à eletricidade;9605
Indicador  4.a.1;1020;708;26;Pernambuco;9605;2019;41117;Acesso à internet;9605
Indicador  4.a.1;1020;2131;26;Pernambuco;9605;2019;41118;Computador para fins pedagógicos;9605
Indicador  4.a.1;1020;3866;26;Pernambuco;9605;2019;41119;Infraestrutura adaptada para alunos com deficiência;9605
Indicador  4.a.1;1020;6050;26;Pernambuco;9605;2019;41120;Abastecimento de água;9605
Indicador  4.a.1;1020;5961;26;Pernambuco;9605;2019;41121;Água Filtrada;9605
Indicador  4.a.1;1020;6114;26;Pernambuco;9605;2020;41115;Total;9605
Indicador  4.a.1;1020;6101;26;Pernambuco;9605;2020;41116;Acesso à eletricidade;9605
Indicador  4.a.1;1020;801;26;Pernambuco;9605;2020;41117;Acesso à internet;9605
Indicador  4.a.1;1020;2554;26;Pernambuco;9605;2020;41118;Computador para fins pedagógicos;9605
Indicador  4.a.1;1020;3939;26;Pernambuco;9605;2020;41119;Infraestrutura adaptada para alunos com deficiência;9605
Indicador  4.a.1;1020;5901;26;Pernambuco;9605;2020;41120;Abastecimento de água;9605
Indicador  4.a.1;1020;5807;26;Pernambuco;9605;2020;41121;Água Filtrada;9605
Indicador  4.a.1;1020;5936;26;Pernambuco;9605;2021;41115;Total;9605
Indicador  4.a.1;1020;5924;26;Pernambuco;9605;2021;41116;Acesso à eletricidade;9605
Indicador  4.a.1;1020;1028;26;Pernambuco;9605;2021;41117;Acesso à internet;9605
Indicador  4.a.1;1020;2735;26;Pernambuco;9605;2021;41118;Computador para fins pedagógicos;9605
Indicador  4.a.1;1020;4007;26;Pernambuco;9605;2021;41119;Infraestrutura adaptada para alunos com deficiência;9605
Indicador  4.a.1;1020;5679;26;Pernambuco;9605;2021;41120;Abastecimento de água;9605
Indicador  4.a.1;1020;5556;26;Pernambuco;9605;2021;41121;Água Filtrada;9605
Indicador  4.a.1;1020;5789;26;Pernambuco;9605;2022;41115;Total;9605
Indicador  4.a.1;1020;5784;26;Pernambuco;9605;2022;41116;Acesso à eletricidade;9605
Indicador  4.a.1;1020;1350;26;Pernambuco;9605;2022;41117;Acesso à internet;9605
Indicador  4.a.1;1020;2995;26;Pernambuco;9605;2022;41118;Computador para fins pedagógicos;9605
Indicador  4.a.1;1020;4198;26;Pernambuco;9605;2022;41119;Infraestrutura adaptada para alunos com deficiência;9605
Indicador  4.a.1;1020;5580;26;Pernambuco;9605;2022;41120;Abastecimento de água;9605
Indicador  4.a.1;1020;5470;26;Pernambuco;9605;2022;41121;Água Filtrada;9605
Indicador  4.a.1;1020;2186;27;Alagoas;9605;2018;41115;Total;9605
Indicador  4.a.1;1020;2181;27;Alagoas;9605;2018;41116;Acesso à eletricidade;9605
Indicador  4.a.1;1020;-;27;Alagoas;9605;2018;41117;Acesso à internet;9605
Indicador  4.a.1;1020;912;27;Alagoas;9605;2018;41118;Computador para fins pedagógicos;9605
Indicador  4.a.1;1020;522;27;Alagoas;9605;2018;41119;Infraestrutura adaptada para alunos com deficiência;9605
Indicador  4.a.1;1020;2135;27;Alagoas;9605;2018;41120;Abastecimento de água;9605
Indicador  4.a.1;1020;1943;27;Alagoas;9605;2018;41121;Água Filtrada;9605
Indicador  4.a.1;1020;2115;27;Alagoas;9605;2019;41115;Total;9605
Indicador  4.a.1;1020;2114;27;Alagoas;9605;2019;41116;Acesso à eletricidade;9605
Indicador  4.a.1;1020;198;27;Alagoas;9605;2019;41117;Acesso à internet;9605
Indicador  4.a.1;1020;813;27;Alagoas;9605;2019;41118;Computador para fins pedagógicos;9605
Indicador  4.a.1;1020;1161;27;Alagoas;9605;2019;41119;Infraestrutura adaptada para alunos com deficiência;9605
Indicador  4.a.1;1020;2089;27;Alagoas;9605;2019;41120;Abastecimento de água;9605
Indicador  4.a.1;1020;1994;27;Alagoas;9605;2019;41121;Água Filtrada;9605
Indicador  4.a.1;1020;2061;27;Alagoas;9605;2020;41115;Total;9605
Indicador  4.a.1;1020;2061;27;Alagoas;9605;2020;41116;Acesso à eletricidade;9605
Indicador  4.a.1;1020;226;27;Alagoas;9605;2020;41117;Acesso à internet;9605
Indicador  4.a.1;1020;951;27;Alagoas;9605;2020;41118;Computador para fins pedagógicos;9605
Indicador  4.a.1;1020;1283;27;Alagoas;9605;2020;41119;Infraestrutura adaptada para alunos com deficiência;9605
Indicador  4.a.1;1020;2032;27;Alagoas;9605;2020;41120;Abastecimento de água;9605
Indicador  4.a.1;1020;1959;27;Alagoas;9605;2020;41121;Água Filtrada;9605
Indicador  4.a.1;1020;1994;27;Alagoas;9605;2021;41115;Total;9605
Indicador  4.a.1;1020;1994;27;Alagoas;9605;2021;41116;Acesso à eletricidade;9605
Indicador  4.a.1;1020;308;27;Alagoas;9605;2021;41117;Acesso à internet;9605
Indicador  4.a.1;1020;1019;27;Alagoas;9605;2021;41118;Computador para fins pedagógicos;9605
Indicador  4.a.1;1020;1379;27;Alagoas;9605;2021;41119;Infraestrutura adaptada para alunos com deficiência;9605
Indicador  4.a.1;1020;1957;27;Alagoas;9605;2021;41120;Abastecimento de água;9605
Indicador  4.a.1;1020;1905;27;Alagoas;9605;2021;41121;Água Filtrada;9605
Indicador  4.a.1;1020;1939;27;Alagoas;9605;2022;41115;Total;9605
Indicador  4.a.1;1020;1939;27;Alagoas;9605;2022;41116;Acesso à eletricidade;9605
Indicador  4.a.1;1020;413;27;Alagoas;9605;2022;41117;Acesso à internet;9605
Indicador  4.a.1;1020;1055;27;Alagoas;9605;2022;41118;Computador para fins pedagógicos;9605
Indicador  4.a.1;1020;1387;27;Alagoas;9605;2022;41119;Infraestrutura adaptada para alunos com deficiência;9605
Indicador  4.a.1;1020;1913;27;Alagoas;9605;2022;41120;Abastecimento de água;9605
Indicador  4.a.1;1020;1884;27;Alagoas;9605;2022;41121;Água Filtrada;9605
Indicador  4.a.1;1020;1639;28;Sergipe;9605;2018;41115;Total;9605
Indicador  4.a.1;1020;1639;28;Sergipe;9605;2018;41116;Acesso à eletricidade;9605
Indicador  4.a.1;1020;-;28;Sergipe;9605;2018;41117;Acesso à internet;9605
Indicador  4.a.1;1020;714;28;Sergipe;9605;2018;41118;Computador para fins pedagógicos;9605
Indicador  4.a.1;1020;564;28;Sergipe;9605;2018;41119;Infraestrutura adaptada para alunos com deficiência;9605
Indicador  4.a.1;1020;1622;28;Sergipe;9605;2018;41120;Abastecimento de água;9605
Indicador  4.a.1;1020;1404;28;Sergipe;9605;2018;41121;Água Filtrada;9605
Indicador  4.a.1;1020;1589;28;Sergipe;9605;2019;41115;Total;9605
Indicador  4.a.1;1020;1589;28;Sergipe;9605;2019;41116;Acesso à eletricidade;9605
Indicador  4.a.1;1020;244;28;Sergipe;9605;2019;41117;Acesso à internet;9605
Indicador  4.a.1;1020;815;28;Sergipe;9605;2019;41118;Computador para fins pedagógicos;9605
Indicador  4.a.1;1020;1152;28;Sergipe;9605;2019;41119;Infraestrutura adaptada para alunos com deficiência;9605
Indicador  4.a.1;1020;1581;28;Sergipe;9605;2019;41120;Abastecimento de água;9605
Indicador  4.a.1;1020;1550;28;Sergipe;9605;2019;41121;Água Filtrada;9605
Indicador  4.a.1;1020;1550;28;Sergipe;9605;2020;41115;Total;9605
Indicador  4.a.1;1020;1550;28;Sergipe;9605;2020;41116;Acesso à eletricidade;9605
Indicador  4.a.1;1020;348;28;Sergipe;9605;2020;41117;Acesso à internet;9605
Indicador  4.a.1;1020;920;28;Sergipe;9605;2020;41118;Computador para fins pedagógicos;9605
Indicador  4.a.1;1020;1176;28;Sergipe;9605;2020;41119;Infraestrutura adaptada para alunos com deficiência;9605
Indicador  4.a.1;1020;1545;28;Sergipe;9605;2020;41120;Abastecimento de água;9605
Indicador  4.a.1;1020;1541;28;Sergipe;9605;2020;41121;Água Filtrada;9605
Indicador  4.a.1;1020;1528;28;Sergipe;9605;2021;41115;Total;9605
Indicador  4.a.1;1020;1528;28;Sergipe;9605;2021;41116;Acesso à eletricidade;9605
Indicador  4.a.1;1020;437;28;Sergipe;9605;2021;41117;Acesso à internet;9605
Indicador  4.a.1;1020;991;28;Sergipe;9605;2021;41118;Computador para fins pedagógicos;9605
Indicador  4.a.1;1020;1244;28;Sergipe;9605;2021;41119;Infraestrutura adaptada para alunos com deficiência;9605
Indicador  4.a.1;1020;1524;28;Sergipe;9605;2021;41120;Abastecimento de água;9605
Indicador  4.a.1;1020;1520;28;Sergipe;9605;2021;41121;Água Filtrada;9605
Indicador  4.a.1;1020;1512;28;Sergipe;9605;2022;41115;Total;9605
Indicador  4.a.1;1020;1512;28;Sergipe;9605;2022;41116;Acesso à eletricidade;9605
Indicador  4.a.1;1020;506;28;Sergipe;9605;2022;41117;Acesso à internet;9605
Indicador  4.a.1;1020;1108;28;Sergipe;9605;2022;41118;Computador para fins pedagógicos;9605
Indicador  4.a.1;1020;1274;28;Sergipe;9605;2022;41119;Infraestrutura adaptada para alunos com deficiência;9605
Indicador  4.a.1;1020;1509;28;Sergipe;9605;2022;41120;Abastecimento de água;9605
Indicador  4.a.1;1020;1502;28;Sergipe;9605;2022;41121;Água Filtrada;9605
Indicador  4.a.1;1020;12500;29;Bahia;9605;2018;41115;Total;9605
Indicador  4.a.1;1020;12128;29;Bahia;9605;2018;41116;Acesso à eletricidade;9605
Indicador  4.a.1;1020;-;29;Bahia;9605;2018;41117;Acesso à internet;9605
Indicador  4.a.1;1020;4483;29;Bahia;9605;2018;41118;Computador para fins pedagógicos;9605
Indicador  4.a.1;1020;2308;29;Bahia;9605;2018;41119;Infraestrutura adaptada para alunos com deficiência;9605
Indicador  4.a.1;1020;11852;29;Bahia;9605;2018;41120;Abastecimento de água;9605
Indicador  4.a.1;1020;11835;29;Bahia;9605;2018;41121;Água Filtrada;9605
Indicador  4.a.1;1020;11903;29;Bahia;9605;2019;41115;Total;9605
Indicador  4.a.1;1020;11640;29;Bahia;9605;2019;41116;Acesso à eletricidade;9605
Indicador  4.a.1;1020;920;29;Bahia;9605;2019;41117;Acesso à internet;9605
Indicador  4.a.1;1020;3682;29;Bahia;9605;2019;41118;Computador para fins pedagógicos;9605
Indicador  4.a.1;1020;5843;29;Bahia;9605;2019;41119;Infraestrutura adaptada para alunos com deficiência;9605
Indicador  4.a.1;1020;11558;29;Bahia;9605;2019;41120;Abastecimento de água;9605
Indicador  4.a.1;1020;11190;29;Bahia;9605;2019;41121;Água Filtrada;9605
Indicador  4.a.1;1020;11625;29;Bahia;9605;2020;41115;Total;9605
Indicador  4.a.1;1020;11382;29;Bahia;9605;2020;41116;Acesso à eletricidade;9605
Indicador  4.a.1;1020;1256;29;Bahia;9605;2020;41117;Acesso à internet;9605
Indicador  4.a.1;1020;4729;29;Bahia;9605;2020;41118;Computador para fins pedagógicos;9605
Indicador  4.a.1;1020;6115;29;Bahia;9605;2020;41119;Infraestrutura adaptada para alunos com deficiência;9605
Indicador  4.a.1;1020;11340;29;Bahia;9605;2020;41120;Abastecimento de água;9605
Indicador  4.a.1;1020;10997;29;Bahia;9605;2020;41121;Água Filtrada;9605
Indicador  4.a.1;1020;11456;29;Bahia;9605;2021;41115;Total;9605
Indicador  4.a.1;1020;11248;29;Bahia;9605;2021;41116;Acesso à eletricidade;9605
Indicador  4.a.1;1020;1728;29;Bahia;9605;2021;41117;Acesso à internet;9605
Indicador  4.a.1;1020;5123;29;Bahia;9605;2021;41118;Computador para fins pedagógicos;9605
Indicador  4.a.1;1020;6301;29;Bahia;9605;2021;41119;Infraestrutura adaptada para alunos com deficiência;9605
Indicador  4.a.1;1020;11202;29;Bahia;9605;2021;41120;Abastecimento de água;9605
Indicador  4.a.1;1020;10728;29;Bahia;9605;2021;41121;Água Filtrada;9605
Indicador  4.a.1;1020;11098;29;Bahia;9605;2022;41115;Total;9605
Indicador  4.a.1;1020;10986;29;Bahia;9605;2022;41116;Acesso à eletricidade;9605
Indicador  4.a.1;1020;2259;29;Bahia;9605;2022;41117;Acesso à internet;9605
Indicador  4.a.1;1020;5504;29;Bahia;9605;2022;41118;Computador para fins pedagógicos;9605
Indicador  4.a.1;1020;6515;29;Bahia;9605;2022;41119;Infraestrutura adaptada para alunos com deficiência;9605
Indicador  4.a.1;1020;10859;29;Bahia;9605;2022;41120;Abastecimento de água;9605
Indicador  4.a.1;1020;10430;29;Bahia;9605;2022;41121;Água Filtrada;9605
Indicador  4.a.1;1020;9242;31;Minas Gerais;9605;2018;41115;Total;9605
Indicador  4.a.1;1020;9241;31;Minas Gerais;9605;2018;41116;Acesso à eletricidade;9605
Indicador  4.a.1;1020;-;31;Minas Gerais;9605;2018;41117;Acesso à internet;9605
Indicador  4.a.1;1020;6617;31;Minas Gerais;9605;2018;41118;Computador para fins pedagógicos;9605
Indicador  4.a.1;1020;3705;31;Minas Gerais;9605;2018;41119;Infraestrutura adaptada para alunos com deficiência;9605
Indicador  4.a.1;1020;9202;31;Minas Gerais;9605;2018;41120;Abastecimento de água;9605
Indicador  4.a.1;1020;9196;31;Minas Gerais;9605;2018;41121;Água Filtrada;9605
Indicador  4.a.1;1020;9052;31;Minas Gerais;9605;2019;41115;Total;9605
Indicador  4.a.1;1020;9048;31;Minas Gerais;9605;2019;41116;Acesso à eletricidade;9605
Indicador  4.a.1;1020;2671;31;Minas Gerais;9605;2019;41117;Acesso à internet;9605
Indicador  4.a.1;1020;5845;31;Minas Gerais;9605;2019;41118;Computador para fins pedagógicos;9605
Indicador  4.a.1;1020;6052;31;Minas Gerais;9605;2019;41119;Infraestrutura adaptada para alunos com deficiência;9605
Indicador  4.a.1;1020;9020;31;Minas Gerais;9605;2019;41120;Abastecimento de água;9605
Indicador  4.a.1;1020;8848;31;Minas Gerais;9605;2019;41121;Água Filtrada;9605
Indicador  4.a.1;1020;8903;31;Minas Gerais;9605;2020;41115;Total;9605
Indicador  4.a.1;1020;8900;31;Minas Gerais;9605;2020;41116;Acesso à eletricidade;9605
Indicador  4.a.1;1020;2910;31;Minas Gerais;9605;2020;41117;Acesso à internet;9605
Indicador  4.a.1;1020;6194;31;Minas Gerais;9605;2020;41118;Computador para fins pedagógicos;9605
Indicador  4.a.1;1020;6111;31;Minas Gerais;9605;2020;41119;Infraestrutura adaptada para alunos com deficiência;9605
Indicador  4.a.1;1020;8877;31;Minas Gerais;9605;2020;41120;Abastecimento de água;9605
Indicador  4.a.1;1020;8729;31;Minas Gerais;9605;2020;41121;Água Filtrada;9605
Indicador  4.a.1;1020;8785;31;Minas Gerais;9605;2021;41115;Total;9605
Indicador  4.a.1;1020;8783;31;Minas Gerais;9605;2021;41116;Acesso à eletricidade;9605
Indicador  4.a.1;1020;3151;31;Minas Gerais;9605;2021;41117;Acesso à internet;9605
Indicador  4.a.1;1020;6343;31;Minas Gerais;9605;2021;41118;Computador para fins pedagógicos;9605
Indicador  4.a.1;1020;6380;31;Minas Gerais;9605;2021;41119;Infraestrutura adaptada para alunos com deficiência;9605
Indicador  4.a.1;1020;8762;31;Minas Gerais;9605;2021;41120;Abastecimento de água;9605
Indicador  4.a.1;1020;8653;31;Minas Gerais;9605;2021;41121;Água Filtrada;9605
Indicador  4.a.1;1020;8582;31;Minas Gerais;9605;2022;41115;Total;9605
Indicador  4.a.1;1020;8581;31;Minas Gerais;9605;2022;41116;Acesso à eletricidade;9605
Indicador  4.a.1;1020;3267;31;Minas Gerais;9605;2022;41117;Acesso à internet;9605
Indicador  4.a.1;1020;6407;31;Minas Gerais;9605;2022;41118;Computador para fins pedagógicos;9605
Indicador  4.a.1;1020;6373;31;Minas Gerais;9605;2022;41119;Infraestrutura adaptada para alunos com deficiência;9605
Indicador  4.a.1;1020;8563;31;Minas Gerais;9605;2022;41120;Abastecimento de água;9605
Indicador  4.a.1;1020;8480;31;Minas Gerais;9605;2022;41121;Água Filtrada;9605
Indicador  4.a.1;1020;1895;32;Espírito Santo;9605;2018;41115;Total;9605
Indicador  4.a.1;1020;1877;32;Espírito Santo;9605;2018;41116;Acesso à eletricidade;9605
Indicador  4.a.1;1020;-;32;Espírito Santo;9605;2018;41117;Acesso à internet;9605
Indicador  4.a.1;1020;1208;32;Espírito Santo;9605;2018;41118;Computador para fins pedagógicos;9605
Indicador  4.a.1;1020;693;32;Espírito Santo;9605;2018;41119;Infraestrutura adaptada para alunos com deficiência;9605
Indicador  4.a.1;1020;1835;32;Espírito Santo;9605;2018;41120;Abastecimento de água;9605
Indicador  4.a.1;1020;1888;32;Espírito Santo;9605;2018;41121;Água Filtrada;9605
Indicador  4.a.1;1020;1856;32;Espírito Santo;9605;2019;41115;Total;9605
Indicador  4.a.1;1020;1836;32;Espírito Santo;9605;2019;41116;Acesso à eletricidade;9605
Indicador  4.a.1;1020;503;32;Espírito Santo;9605;2019;41117;Acesso à internet;9605
Indicador  4.a.1;1020;1019;32;Espírito Santo;9605;2019;41118;Computador para fins pedagógicos;9605
Indicador  4.a.1;1020;1130;32;Espírito Santo;9605;2019;41119;Infraestrutura adaptada para alunos com deficiência;9605
Indicador  4.a.1;1020;1798;32;Espírito Santo;9605;2019;41120;Abastecimento de água;9605
Indicador  4.a.1;1020;1795;32;Espírito Santo;9605;2019;41121;Água Filtrada;9605
Indicador  4.a.1;1020;1810;32;Espírito Santo;9605;2020;41115;Total;9605
Indicador  4.a.1;1020;1799;32;Espírito Santo;9605;2020;41116;Acesso à eletricidade;9605
Indicador  4.a.1;1020;502;32;Espírito Santo;9605;2020;41117;Acesso à internet;9605
Indicador  4.a.1;1020;1061;32;Espírito Santo;9605;2020;41118;Computador para fins pedagógicos;9605
Indicador  4.a.1;1020;1212;32;Espírito Santo;9605;2020;41119;Infraestrutura adaptada para alunos com deficiência;9605
Indicador  4.a.1;1020;1745;32;Espírito Santo;9605;2020;41120;Abastecimento de água;9605
Indicador  4.a.1;1020;1762;32;Espírito Santo;9605;2020;41121;Água Filtrada;9605
Indicador  4.a.1;1020;1789;32;Espírito Santo;9605;2021;41115;Total;9605
Indicador  4.a.1;1020;1786;32;Espírito Santo;9605;2021;41116;Acesso à eletricidade;9605
Indicador  4.a.1;1020;564;32;Espírito Santo;9605;2021;41117;Acesso à internet;9605
Indicador  4.a.1;1020;1075;32;Espírito Santo;9605;2021;41118;Computador para fins pedagógicos;9605
Indicador  4.a.1;1020;1255;32;Espírito Santo;9605;2021;41119;Infraestrutura adaptada para alunos com deficiência;9605
Indicador  4.a.1;1020;1721;32;Espírito Santo;9605;2021;41120;Abastecimento de água;9605
Indicador  4.a.1;1020;1759;32;Espírito Santo;9605;2021;41121;Água Filtrada;9605
Indicador  4.a.1;1020;1771;32;Espírito Santo;9605;2022;41115;Total;9605
Indicador  4.a.1;1020;1767;32;Espírito Santo;9605;2022;41116;Acesso à eletricidade;9605
Indicador  4.a.1;1020;662;32;Espírito Santo;9605;2022;41117;Acesso à internet;9605
Indicador  4.a.1;1020;1168;32;Espírito Santo;9605;2022;41118;Computador para fins pedagógicos;9605
Indicador  4.a.1;1020;1340;32;Espírito Santo;9605;2022;41119;Infraestrutura adaptada para alunos com deficiência;9605
Indicador  4.a.1;1020;1740;32;Espírito Santo;9605;2022;41120;Abastecimento de água;9605
Indicador  4.a.1;1020;1737;32;Espírito Santo;9605;2022;41121;Água Filtrada;9605
Indicador  4.a.1;1020;6454;33;Rio de Janeiro;9605;2018;41115;Total;9605
Indicador  4.a.1;1020;6454;33;Rio de Janeiro;9605;2018;41116;Acesso à eletricidade;9605
Indicador  4.a.1;1020;-;33;Rio de Janeiro;9605;2018;41117;Acesso à internet;9605
Indicador  4.a.1;1020;4669;33;Rio de Janeiro;9605;2018;41118;Computador para fins pedagógicos;9605
Indicador  4.a.1;1020;2748;33;Rio de Janeiro;9605;2018;41119;Infraestrutura adaptada para alunos com deficiência;9605
Indicador  4.a.1;1020;6446;33;Rio de Janeiro;9605;2018;41120;Abastecimento de água;9605
Indicador  4.a.1;1020;6310;33;Rio de Janeiro;9605;2018;41121;Água Filtrada;9605
Indicador  4.a.1;1020;6482;33;Rio de Janeiro;9605;2019;41115;Total;9605
Indicador  4.a.1;1020;6482;33;Rio de Janeiro;9605;2019;41116;Acesso à eletricidade;9605
Indicador  4.a.1;1020;1300;33;Rio de Janeiro;9605;2019;41117;Acesso à internet;9605
Indicador  4.a.1;1020;4119;33;Rio de Janeiro;9605;2019;41118;Computador para fins pedagógicos;9605
Indicador  4.a.1;1020;4701;33;Rio de Janeiro;9605;2019;41119;Infraestrutura adaptada para alunos com deficiência;9605
Indicador  4.a.1;1020;6474;33;Rio de Janeiro;9605;2019;41120;Abastecimento de água;9605
Indicador  4.a.1;1020;6414;33;Rio de Janeiro;9605;2019;41121;Água Filtrada;9605
Indicador  4.a.1;1020;6491;33;Rio de Janeiro;9605;2020;41115;Total;9605
Indicador  4.a.1;1020;6491;33;Rio de Janeiro;9605;2020;41116;Acesso à eletricidade;9605
Indicador  4.a.1;1020;1550;33;Rio de Janeiro;9605;2020;41117;Acesso à internet;9605
Indicador  4.a.1;1020;4718;33;Rio de Janeiro;9605;2020;41118;Computador para fins pedagógicos;9605
Indicador  4.a.1;1020;4942;33;Rio de Janeiro;9605;2020;41119;Infraestrutura adaptada para alunos com deficiência;9605
Indicador  4.a.1;1020;6486;33;Rio de Janeiro;9605;2020;41120;Abastecimento de água;9605
Indicador  4.a.1;1020;6431;33;Rio de Janeiro;9605;2020;41121;Água Filtrada;9605
Indicador  4.a.1;1020;6457;33;Rio de Janeiro;9605;2021;41115;Total;9605
Indicador  4.a.1;1020;6457;33;Rio de Janeiro;9605;2021;41116;Acesso à eletricidade;9605
Indicador  4.a.1;1020;1769;33;Rio de Janeiro;9605;2021;41117;Acesso à internet;9605
Indicador  4.a.1;1020;4904;33;Rio de Janeiro;9605;2021;41118;Computador para fins pedagógicos;9605
Indicador  4.a.1;1020;5050;33;Rio de Janeiro;9605;2021;41119;Infraestrutura adaptada para alunos com deficiência;9605
Indicador  4.a.1;1020;6450;33;Rio de Janeiro;9605;2021;41120;Abastecimento de água;9605
Indicador  4.a.1;1020;6399;33;Rio de Janeiro;9605;2021;41121;Água Filtrada;9605
Indicador  4.a.1;1020;6527;33;Rio de Janeiro;9605;2022;41115;Total;9605
Indicador  4.a.1;1020;6527;33;Rio de Janeiro;9605;2022;41116;Acesso à eletricidade;9605
Indicador  4.a.1;1020;1978;33;Rio de Janeiro;9605;2022;41117;Acesso à internet;9605
Indicador  4.a.1;1020;5163;33;Rio de Janeiro;9605;2022;41118;Computador para fins pedagógicos;9605
Indicador  4.a.1;1020;5222;33;Rio de Janeiro;9605;2022;41119;Infraestrutura adaptada para alunos com deficiência;9605
Indicador  4.a.1;1020;6517;33;Rio de Janeiro;9605;2022;41120;Abastecimento de água;9605
Indicador  4.a.1;1020;6416;33;Rio de Janeiro;9605;2022;41121;Água Filtrada;9605
Indicador  4.a.1;1020;11725;35;São Paulo;9605;2018;41115;Total;9605
Indicador  4.a.1;1020;11725;35;São Paulo;9605;2018;41116;Acesso à eletricidade;9605
Indicador  4.a.1;1020;-;35;São Paulo;9605;2018;41117;Acesso à internet;9605
Indicador  4.a.1;1020;9588;35;São Paulo;9605;2018;41118;Computador para fins pedagógicos;9605
Indicador  4.a.1;1020;2521;35;São Paulo;9605;2018;41119;Infraestrutura adaptada para alunos com deficiência;9605
Indicador  4.a.1;1020;11722;35;São Paulo;9605;2018;41120;Abastecimento de água;9605
Indicador  4.a.1;1020;11683;35;São Paulo;9605;2018;41121;Água Filtrada;9605
Indicador  4.a.1;1020;11565;35;São Paulo;9605;2019;41115;Total;9605
Indicador  4.a.1;1020;11565;35;São Paulo;9605;2019;41116;Acesso à eletricidade;9605
Indicador  4.a.1;1020;5439;35;São Paulo;9605;2019;41117;Acesso à internet;9605
Indicador  4.a.1;1020;9737;35;São Paulo;9605;2019;41118;Computador para fins pedagógicos;9605
Indicador  4.a.1;1020;4062;35;São Paulo;9605;2019;41119;Infraestrutura adaptada para alunos com deficiência;9605
Indicador  4.a.1;1020;11555;35;São Paulo;9605;2019;41120;Abastecimento de água;9605
Indicador  4.a.1;1020;11536;35;São Paulo;9605;2019;41121;Água Filtrada;9605
Indicador  4.a.1;1020;11562;35;São Paulo;9605;2020;41115;Total;9605
Indicador  4.a.1;1020;11561;35;São Paulo;9605;2020;41116;Acesso à eletricidade;9605
Indicador  4.a.1;1020;6774;35;São Paulo;9605;2020;41117;Acesso à internet;9605
Indicador  4.a.1;1020;9835;35;São Paulo;9605;2020;41118;Computador para fins pedagógicos;9605
Indicador  4.a.1;1020;5083;35;São Paulo;9605;2020;41119;Infraestrutura adaptada para alunos com deficiência;9605
Indicador  4.a.1;1020;11546;35;São Paulo;9605;2020;41120;Abastecimento de água;9605
Indicador  4.a.1;1020;11533;35;São Paulo;9605;2020;41121;Água Filtrada;9605
Indicador  4.a.1;1020;11555;35;São Paulo;9605;2021;41115;Total;9605
Indicador  4.a.1;1020;11553;35;São Paulo;9605;2021;41116;Acesso à eletricidade;9605
Indicador  4.a.1;1020;7249;35;São Paulo;9605;2021;41117;Acesso à internet;9605
Indicador  4.a.1;1020;9718;35;São Paulo;9605;2021;41118;Computador para fins pedagógicos;9605
Indicador  4.a.1;1020;5763;35;São Paulo;9605;2021;41119;Infraestrutura adaptada para alunos com deficiência;9605
Indicador  4.a.1;1020;11553;35;São Paulo;9605;2021;41120;Abastecimento de água;9605
Indicador  4.a.1;1020;11522;35;São Paulo;9605;2021;41121;Água Filtrada;9605
Indicador  4.a.1;1020;11552;35;São Paulo;9605;2022;41115;Total;9605
Indicador  4.a.1;1020;11515;35;São Paulo;9605;2022;41116;Acesso à eletricidade;9605
Indicador  4.a.1;1020;7805;35;São Paulo;9605;2022;41117;Acesso à internet;9605
Indicador  4.a.1;1020;9825;35;São Paulo;9605;2022;41118;Computador para fins pedagógicos;9605
Indicador  4.a.1;1020;5746;35;São Paulo;9605;2022;41119;Infraestrutura adaptada para alunos com deficiência;9605
Indicador  4.a.1;1020;11505;35;São Paulo;9605;2022;41120;Abastecimento de água;9605
Indicador  4.a.1;1020;11462;35;São Paulo;9605;2022;41121;Água Filtrada;9605
Indicador  4.a.1;1020;4289;41;Paraná;9605;2018;41115;Total;9605
Indicador  4.a.1;1020;4288;41;Paraná;9605;2018;41116;Acesso à eletricidade;9605
Indicador  4.a.1;1020;-;41;Paraná;9605;2018;41117;Acesso à internet;9605
Indicador  4.a.1;1020;3016;41;Paraná;9605;2018;41118;Computador para fins pedagógicos;9605
Indicador  4.a.1;1020;2314;41;Paraná;9605;2018;41119;Infraestrutura adaptada para alunos com deficiência;9605
Indicador  4.a.1;1020;4284;41;Paraná;9605;2018;41120;Abastecimento de água;9605
Indicador  4.a.1;1020;2523;41;Paraná;9605;2018;41121;Água Filtrada;9605
Indicador  4.a.1;1020;4277;41;Paraná;9605;2019;41115;Total;9605
Indicador  4.a.1;1020;4269;41;Paraná;9605;2019;41116;Acesso à eletricidade;9605
Indicador  4.a.1;1020;1739;41;Paraná;9605;2019;41117;Acesso à internet;9605
Indicador  4.a.1;1020;3110;41;Paraná;9605;2019;41118;Computador para fins pedagógicos;9605
Indicador  4.a.1;1020;3552;41;Paraná;9605;2019;41119;Infraestrutura adaptada para alunos com deficiência;9605
Indicador  4.a.1;1020;4274;41;Paraná;9605;2019;41120;Abastecimento de água;9605
Indicador  4.a.1;1020;4157;41;Paraná;9605;2019;41121;Água Filtrada;9605
Indicador  4.a.1;1020;4262;41;Paraná;9605;2020;41115;Total;9605
Indicador  4.a.1;1020;4259;41;Paraná;9605;2020;41116;Acesso à eletricidade;9605
Indicador  4.a.1;1020;1983;41;Paraná;9605;2020;41117;Acesso à internet;9605
Indicador  4.a.1;1020;3275;41;Paraná;9605;2020;41118;Computador para fins pedagógicos;9605
Indicador  4.a.1;1020;3788;41;Paraná;9605;2020;41119;Infraestrutura adaptada para alunos com deficiência;9605
Indicador  4.a.1;1020;4261;41;Paraná;9605;2020;41120;Abastecimento de água;9605
Indicador  4.a.1;1020;4176;41;Paraná;9605;2020;41121;Água Filtrada;9605
Indicador  4.a.1;1020;4245;41;Paraná;9605;2021;41115;Total;9605
Indicador  4.a.1;1020;4241;41;Paraná;9605;2021;41116;Acesso à eletricidade;9605
Indicador  4.a.1;1020;2080;41;Paraná;9605;2021;41117;Acesso à internet;9605
Indicador  4.a.1;1020;3226;41;Paraná;9605;2021;41118;Computador para fins pedagógicos;9605
Indicador  4.a.1;1020;3834;41;Paraná;9605;2021;41119;Infraestrutura adaptada para alunos com deficiência;9605
Indicador  4.a.1;1020;4241;41;Paraná;9605;2021;41120;Abastecimento de água;9605
Indicador  4.a.1;1020;4162;41;Paraná;9605;2021;41121;Água Filtrada;9605
Indicador  4.a.1;1020;4239;41;Paraná;9605;2022;41115;Total;9605
Indicador  4.a.1;1020;4236;41;Paraná;9605;2022;41116;Acesso à eletricidade;9605
Indicador  4.a.1;1020;1977;41;Paraná;9605;2022;41117;Acesso à internet;9605
Indicador  4.a.1;1020;3401;41;Paraná;9605;2022;41118;Computador para fins pedagógicos;9605
Indicador  4.a.1;1020;3854;41;Paraná;9605;2022;41119;Infraestrutura adaptada para alunos com deficiência;9605
Indicador  4.a.1;1020;4228;41;Paraná;9605;2022;41120;Abastecimento de água;9605
Indicador  4.a.1;1020;4181;41;Paraná;9605;2022;41121;Água Filtrada;9605
Indicador  4.a.1;1020;2848;42;Santa Catarina;9605;2018;41115;Total;9605
Indicador  4.a.1;1020;2848;42;Santa Catarina;9605;2018;41116;Acesso à eletricidade;9605
Indicador  4.a.1;1020;-;42;Santa Catarina;9605;2018;41117;Acesso à internet;9605
Indicador  4.a.1;1020;2350;42;Santa Catarina;9605;2018;41118;Computador para fins pedagógicos;9605
Indicador  4.a.1;1020;1722;42;Santa Catarina;9605;2018;41119;Infraestrutura adaptada para alunos com deficiência;9605
Indicador  4.a.1;1020;2845;42;Santa Catarina;9605;2018;41120;Abastecimento de água;9605
Indicador  4.a.1;1020;2170;42;Santa Catarina;9605;2018;41121;Água Filtrada;9605
Indicador  4.a.1;1020;2822;42;Santa Catarina;9605;2019;41115;Total;9605
Indicador  4.a.1;1020;2822;42;Santa Catarina;9605;2019;41116;Acesso à eletricidade;9605
Indicador  4.a.1;1020;1435;42;Santa Catarina;9605;2019;41117;Acesso à internet;9605
Indicador  4.a.1;1020;2267;42;Santa Catarina;9605;2019;41118;Computador para fins pedagógicos;9605
Indicador  4.a.1;1020;2349;42;Santa Catarina;9605;2019;41119;Infraestrutura adaptada para alunos com deficiência;9605
Indicador  4.a.1;1020;2820;42;Santa Catarina;9605;2019;41120;Abastecimento de água;9605
Indicador  4.a.1;1020;2775;42;Santa Catarina;9605;2019;41121;Água Filtrada;9605
Indicador  4.a.1;1020;2805;42;Santa Catarina;9605;2020;41115;Total;9605
Indicador  4.a.1;1020;2805;42;Santa Catarina;9605;2020;41116;Acesso à eletricidade;9605
Indicador  4.a.1;1020;1503;42;Santa Catarina;9605;2020;41117;Acesso à internet;9605
Indicador  4.a.1;1020;2375;42;Santa Catarina;9605;2020;41118;Computador para fins pedagógicos;9605
Indicador  4.a.1;1020;2485;42;Santa Catarina;9605;2020;41119;Infraestrutura adaptada para alunos com deficiência;9605
Indicador  4.a.1;1020;2804;42;Santa Catarina;9605;2020;41120;Abastecimento de água;9605
Indicador  4.a.1;1020;2713;42;Santa Catarina;9605;2020;41121;Água Filtrada;9605
Indicador  4.a.1;1020;2828;42;Santa Catarina;9605;2021;41115;Total;9605
Indicador  4.a.1;1020;2828;42;Santa Catarina;9605;2021;41116;Acesso à eletricidade;9605
Indicador  4.a.1;1020;1635;42;Santa Catarina;9605;2021;41117;Acesso à internet;9605
Indicador  4.a.1;1020;2392;42;Santa Catarina;9605;2021;41118;Computador para fins pedagógicos;9605
Indicador  4.a.1;1020;2564;42;Santa Catarina;9605;2021;41119;Infraestrutura adaptada para alunos com deficiência;9605
Indicador  4.a.1;1020;2827;42;Santa Catarina;9605;2021;41120;Abastecimento de água;9605
Indicador  4.a.1;1020;2753;42;Santa Catarina;9605;2021;41121;Água Filtrada;9605
Indicador  4.a.1;1020;2814;42;Santa Catarina;9605;2022;41115;Total;9605
Indicador  4.a.1;1020;2814;42;Santa Catarina;9605;2022;41116;Acesso à eletricidade;9605
Indicador  4.a.1;1020;1758;42;Santa Catarina;9605;2022;41117;Acesso à internet;9605
Indicador  4.a.1;1020;2472;42;Santa Catarina;9605;2022;41118;Computador para fins pedagógicos;9605
Indicador  4.a.1;1020;2575;42;Santa Catarina;9605;2022;41119;Infraestrutura adaptada para alunos com deficiência;9605
Indicador  4.a.1;1020;2813;42;Santa Catarina;9605;2022;41120;Abastecimento de água;9605
Indicador  4.a.1;1020;2749;42;Santa Catarina;9605;2022;41121;Água Filtrada;9605
Indicador  4.a.1;1020;5728;43;Rio Grande do Sul;9605;2018;41115;Total;9605
Indicador  4.a.1;1020;5727;43;Rio Grande do Sul;9605;2018;41116;Acesso à eletricidade;9605
Indicador  4.a.1;1020;-;43;Rio Grande do Sul;9605;2018;41117;Acesso à internet;9605
Indicador  4.a.1;1020;4844;43;Rio Grande do Sul;9605;2018;41118;Computador para fins pedagógicos;9605
Indicador  4.a.1;1020;2666;43;Rio Grande do Sul;9605;2018;41119;Infraestrutura adaptada para alunos com deficiência;9605
Indicador  4.a.1;1020;5699;43;Rio Grande do Sul;9605;2018;41120;Abastecimento de água;9605
Indicador  4.a.1;1020;1595;43;Rio Grande do Sul;9605;2018;41121;Água Filtrada;9605
Indicador  4.a.1;1020;5644;43;Rio Grande do Sul;9605;2019;41115;Total;9605
Indicador  4.a.1;1020;5643;43;Rio Grande do Sul;9605;2019;41116;Acesso à eletricidade;9605
Indicador  4.a.1;1020;3048;43;Rio Grande do Sul;9605;2019;41117;Acesso à internet;9605
Indicador  4.a.1;1020;4646;43;Rio Grande do Sul;9605;2019;41118;Computador para fins pedagógicos;9605
Indicador  4.a.1;1020;3689;43;Rio Grande do Sul;9605;2019;41119;Infraestrutura adaptada para alunos com deficiência;9605
Indicador  4.a.1;1020;5617;43;Rio Grande do Sul;9605;2019;41120;Abastecimento de água;9605
Indicador  4.a.1;1020;3824;43;Rio Grande do Sul;9605;2019;41121;Água Filtrada;9605
Indicador  4.a.1;1020;5567;43;Rio Grande do Sul;9605;2020;41115;Total;9605
Indicador  4.a.1;1020;5566;43;Rio Grande do Sul;9605;2020;41116;Acesso à eletricidade;9605
Indicador  4.a.1;1020;3160;43;Rio Grande do Sul;9605;2020;41117;Acesso à internet;9605
Indicador  4.a.1;1020;4880;43;Rio Grande do Sul;9605;2020;41118;Computador para fins pedagógicos;9605
Indicador  4.a.1;1020;3874;43;Rio Grande do Sul;9605;2020;41119;Infraestrutura adaptada para alunos com deficiência;9605
Indicador  4.a.1;1020;5548;43;Rio Grande do Sul;9605;2020;41120;Abastecimento de água;9605
Indicador  4.a.1;1020;3871;43;Rio Grande do Sul;9605;2020;41121;Água Filtrada;9605
Indicador  4.a.1;1020;5498;43;Rio Grande do Sul;9605;2021;41115;Total;9605
Indicador  4.a.1;1020;5496;43;Rio Grande do Sul;9605;2021;41116;Acesso à eletricidade;9605
Indicador  4.a.1;1020;3443;43;Rio Grande do Sul;9605;2021;41117;Acesso à internet;9605
Indicador  4.a.1;1020;4930;43;Rio Grande do Sul;9605;2021;41118;Computador para fins pedagógicos;9605
Indicador  4.a.1;1020;4274;43;Rio Grande do Sul;9605;2021;41119;Infraestrutura adaptada para alunos com deficiência;9605
Indicador  4.a.1;1020;5484;43;Rio Grande do Sul;9605;2021;41120;Abastecimento de água;9605
Indicador  4.a.1;1020;5149;43;Rio Grande do Sul;9605;2021;41121;Água Filtrada;9605
Indicador  4.a.1;1020;5417;43;Rio Grande do Sul;9605;2022;41115;Total;9605
Indicador  4.a.1;1020;5416;43;Rio Grande do Sul;9605;2022;41116;Acesso à eletricidade;9605
Indicador  4.a.1;1020;3667;43;Rio Grande do Sul;9605;2022;41117;Acesso à internet;9605
Indicador  4.a.1;1020;4969;43;Rio Grande do Sul;9605;2022;41118;Computador para fins pedagógicos;9605
Indicador  4.a.1;1020;4298;43;Rio Grande do Sul;9605;2022;41119;Infraestrutura adaptada para alunos com deficiência;9605
Indicador  4.a.1;1020;5403;43;Rio Grande do Sul;9605;2022;41120;Abastecimento de água;9605
Indicador  4.a.1;1020;5270;43;Rio Grande do Sul;9605;2022;41121;Água Filtrada;9605
Indicador  4.a.1;1020;1049;50;Mato Grosso do Sul;9605;2018;41115;Total;9605
Indicador  4.a.1;1020;1049;50;Mato Grosso do Sul;9605;2018;41116;Acesso à eletricidade;9605
Indicador  4.a.1;1020;-;50;Mato Grosso do Sul;9605;2018;41117;Acesso à internet;9605
Indicador  4.a.1;1020;906;50;Mato Grosso do Sul;9605;2018;41118;Computador para fins pedagógicos;9605
Indicador  4.a.1;1020;665;50;Mato Grosso do Sul;9605;2018;41119;Infraestrutura adaptada para alunos com deficiência;9605
Indicador  4.a.1;1020;1048;50;Mato Grosso do Sul;9605;2018;41120;Abastecimento de água;9605
Indicador  4.a.1;1020;886;50;Mato Grosso do Sul;9605;2018;41121;Água Filtrada;9605
Indicador  4.a.1;1020;1044;50;Mato Grosso do Sul;9605;2019;41115;Total;9605
Indicador  4.a.1;1020;1044;50;Mato Grosso do Sul;9605;2019;41116;Acesso à eletricidade;9605
Indicador  4.a.1;1020;505;50;Mato Grosso do Sul;9605;2019;41117;Acesso à internet;9605
Indicador  4.a.1;1020;839;50;Mato Grosso do Sul;9605;2019;41118;Computador para fins pedagógicos;9605
Indicador  4.a.1;1020;876;50;Mato Grosso do Sul;9605;2019;41119;Infraestrutura adaptada para alunos com deficiência;9605
Indicador  4.a.1;1020;1043;50;Mato Grosso do Sul;9605;2019;41120;Abastecimento de água;9605
Indicador  4.a.1;1020;1010;50;Mato Grosso do Sul;9605;2019;41121;Água Filtrada;9605
Indicador  4.a.1;1020;1030;50;Mato Grosso do Sul;9605;2020;41115;Total;9605
Indicador  4.a.1;1020;1030;50;Mato Grosso do Sul;9605;2020;41116;Acesso à eletricidade;9605
Indicador  4.a.1;1020;544;50;Mato Grosso do Sul;9605;2020;41117;Acesso à internet;9605
Indicador  4.a.1;1020;892;50;Mato Grosso do Sul;9605;2020;41118;Computador para fins pedagógicos;9605
Indicador  4.a.1;1020;890;50;Mato Grosso do Sul;9605;2020;41119;Infraestrutura adaptada para alunos com deficiência;9605
Indicador  4.a.1;1020;1029;50;Mato Grosso do Sul;9605;2020;41120;Abastecimento de água;9605
Indicador  4.a.1;1020;997;50;Mato Grosso do Sul;9605;2020;41121;Água Filtrada;9605
Indicador  4.a.1;1020;1010;50;Mato Grosso do Sul;9605;2021;41115;Total;9605
Indicador  4.a.1;1020;1010;50;Mato Grosso do Sul;9605;2021;41116;Acesso à eletricidade;9605
Indicador  4.a.1;1020;577;50;Mato Grosso do Sul;9605;2021;41117;Acesso à internet;9605
Indicador  4.a.1;1020;891;50;Mato Grosso do Sul;9605;2021;41118;Computador para fins pedagógicos;9605
Indicador  4.a.1;1020;893;50;Mato Grosso do Sul;9605;2021;41119;Infraestrutura adaptada para alunos com deficiência;9605
Indicador  4.a.1;1020;1010;50;Mato Grosso do Sul;9605;2021;41120;Abastecimento de água;9605
Indicador  4.a.1;1020;958;50;Mato Grosso do Sul;9605;2021;41121;Água Filtrada;9605
Indicador  4.a.1;1020;993;50;Mato Grosso do Sul;9605;2022;41115;Total;9605
Indicador  4.a.1;1020;993;50;Mato Grosso do Sul;9605;2022;41116;Acesso à eletricidade;9605
Indicador  4.a.1;1020;586;50;Mato Grosso do Sul;9605;2022;41117;Acesso à internet;9605
Indicador  4.a.1;1020;878;50;Mato Grosso do Sul;9605;2022;41118;Computador para fins pedagógicos;9605
Indicador  4.a.1;1020;885;50;Mato Grosso do Sul;9605;2022;41119;Infraestrutura adaptada para alunos com deficiência;9605
Indicador  4.a.1;1020;993;50;Mato Grosso do Sul;9605;2022;41120;Abastecimento de água;9605
Indicador  4.a.1;1020;949;50;Mato Grosso do Sul;9605;2022;41121;Água Filtrada;9605
Indicador  4.a.1;1020;1775;51;Mato Grosso;9605;2018;41115;Total;9605
Indicador  4.a.1;1020;1738;51;Mato Grosso;9605;2018;41116;Acesso à eletricidade;9605
Indicador  4.a.1;1020;-;51;Mato Grosso;9605;2018;41117;Acesso à internet;9605
Indicador  4.a.1;1020;1274;51;Mato Grosso;9605;2018;41118;Computador para fins pedagógicos;9605
Indicador  4.a.1;1020;709;51;Mato Grosso;9605;2018;41119;Infraestrutura adaptada para alunos com deficiência;9605
Indicador  4.a.1;1020;1745;51;Mato Grosso;9605;2018;41120;Abastecimento de água;9605
Indicador  4.a.1;1020;1633;51;Mato Grosso;9605;2018;41121;Água Filtrada;9605
Indicador  4.a.1;1020;1766;51;Mato Grosso;9605;2019;41115;Total;9605
Indicador  4.a.1;1020;1729;51;Mato Grosso;9605;2019;41116;Acesso à eletricidade;9605
Indicador  4.a.1;1020;633;51;Mato Grosso;9605;2019;41117;Acesso à internet;9605
Indicador  4.a.1;1020;1150;51;Mato Grosso;9605;2019;41118;Computador para fins pedagógicos;9605
Indicador  4.a.1;1020;1143;51;Mato Grosso;9605;2019;41119;Infraestrutura adaptada para alunos com deficiência;9605
Indicador  4.a.1;1020;1749;51;Mato Grosso;9605;2019;41120;Abastecimento de água;9605
Indicador  4.a.1;1020;1640;51;Mato Grosso;9605;2019;41121;Água Filtrada;9605
Indicador  4.a.1;1020;1726;51;Mato Grosso;9605;2020;41115;Total;9605
Indicador  4.a.1;1020;1694;51;Mato Grosso;9605;2020;41116;Acesso à eletricidade;9605
Indicador  4.a.1;1020;629;51;Mato Grosso;9605;2020;41117;Acesso à internet;9605
Indicador  4.a.1;1020;1235;51;Mato Grosso;9605;2020;41118;Computador para fins pedagógicos;9605
Indicador  4.a.1;1020;1160;51;Mato Grosso;9605;2020;41119;Infraestrutura adaptada para alunos com deficiência;9605
Indicador  4.a.1;1020;1712;51;Mato Grosso;9605;2020;41120;Abastecimento de água;9605
Indicador  4.a.1;1020;1661;51;Mato Grosso;9605;2020;41121;Água Filtrada;9605
Indicador  4.a.1;1020;1725;51;Mato Grosso;9605;2021;41115;Total;9605
Indicador  4.a.1;1020;1707;51;Mato Grosso;9605;2021;41116;Acesso à eletricidade;9605
Indicador  4.a.1;1020;718;51;Mato Grosso;9605;2021;41117;Acesso à internet;9605
Indicador  4.a.1;1020;1260;51;Mato Grosso;9605;2021;41118;Computador para fins pedagógicos;9605
Indicador  4.a.1;1020;1261;51;Mato Grosso;9605;2021;41119;Infraestrutura adaptada para alunos com deficiência;9605
Indicador  4.a.1;1020;1707;51;Mato Grosso;9605;2021;41120;Abastecimento de água;9605
Indicador  4.a.1;1020;1706;51;Mato Grosso;9605;2021;41121;Água Filtrada;9605
Indicador  4.a.1;1020;1686;51;Mato Grosso;9605;2022;41115;Total;9605
Indicador  4.a.1;1020;1670;51;Mato Grosso;9605;2022;41116;Acesso à eletricidade;9605
Indicador  4.a.1;1020;789;51;Mato Grosso;9605;2022;41117;Acesso à internet;9605
Indicador  4.a.1;1020;1253;51;Mato Grosso;9605;2022;41118;Computador para fins pedagógicos;9605
Indicador  4.a.1;1020;1266;51;Mato Grosso;9605;2022;41119;Infraestrutura adaptada para alunos com deficiência;9605
Indicador  4.a.1;1020;1674;51;Mato Grosso;9605;2022;41120;Abastecimento de água;9605
Indicador  4.a.1;1020;1665;51;Mato Grosso;9605;2022;41121;Água Filtrada;9605
Indicador  4.a.1;1020;2614;52;Goiás;9605;2018;41115;Total;9605
Indicador  4.a.1;1020;2609;52;Goiás;9605;2018;41116;Acesso à eletricidade;9605
Indicador  4.a.1;1020;-;52;Goiás;9605;2018;41117;Acesso à internet;9605
Indicador  4.a.1;1020;1836;52;Goiás;9605;2018;41118;Computador para fins pedagógicos;9605
Indicador  4.a.1;1020;1342;52;Goiás;9605;2018;41119;Infraestrutura adaptada para alunos com deficiência;9605
Indicador  4.a.1;1020;2610;52;Goiás;9605;2018;41120;Abastecimento de água;9605
Indicador  4.a.1;1020;2583;52;Goiás;9605;2018;41121;Água Filtrada;9605
Indicador  4.a.1;1020;2549;52;Goiás;9605;2019;41115;Total;9605
Indicador  4.a.1;1020;2546;52;Goiás;9605;2019;41116;Acesso à eletricidade;9605
Indicador  4.a.1;1020;716;52;Goiás;9605;2019;41117;Acesso à internet;9605
Indicador  4.a.1;1020;1485;52;Goiás;9605;2019;41118;Computador para fins pedagógicos;9605
Indicador  4.a.1;1020;2041;52;Goiás;9605;2019;41119;Infraestrutura adaptada para alunos com deficiência;9605
Indicador  4.a.1;1020;2539;52;Goiás;9605;2019;41120;Abastecimento de água;9605
Indicador  4.a.1;1020;2510;52;Goiás;9605;2019;41121;Água Filtrada;9605
Indicador  4.a.1;1020;2518;52;Goiás;9605;2020;41115;Total;9605
Indicador  4.a.1;1020;2511;52;Goiás;9605;2020;41116;Acesso à eletricidade;9605
Indicador  4.a.1;1020;800;52;Goiás;9605;2020;41117;Acesso à internet;9605
Indicador  4.a.1;1020;1690;52;Goiás;9605;2020;41118;Computador para fins pedagógicos;9605
Indicador  4.a.1;1020;2077;52;Goiás;9605;2020;41119;Infraestrutura adaptada para alunos com deficiência;9605
Indicador  4.a.1;1020;2514;52;Goiás;9605;2020;41120;Abastecimento de água;9605
Indicador  4.a.1;1020;2489;52;Goiás;9605;2020;41121;Água Filtrada;9605
Indicador  4.a.1;1020;2477;52;Goiás;9605;2021;41115;Total;9605
Indicador  4.a.1;1020;2472;52;Goiás;9605;2021;41116;Acesso à eletricidade;9605
Indicador  4.a.1;1020;873;52;Goiás;9605;2021;41117;Acesso à internet;9605
Indicador  4.a.1;1020;1770;52;Goiás;9605;2021;41118;Computador para fins pedagógicos;9605
Indicador  4.a.1;1020;2102;52;Goiás;9605;2021;41119;Infraestrutura adaptada para alunos com deficiência;9605
Indicador  4.a.1;1020;2474;52;Goiás;9605;2021;41120;Abastecimento de água;9605
Indicador  4.a.1;1020;2453;52;Goiás;9605;2021;41121;Água Filtrada;9605
Indicador  4.a.1;1020;2449;52;Goiás;9605;2022;41115;Total;9605
Indicador  4.a.1;1020;2446;52;Goiás;9605;2022;41116;Acesso à eletricidade;9605
Indicador  4.a.1;1020;969;52;Goiás;9605;2022;41117;Acesso à internet;9605
Indicador  4.a.1;1020;1873;52;Goiás;9605;2022;41118;Computador para fins pedagógicos;9605
Indicador  4.a.1;1020;2101;52;Goiás;9605;2022;41119;Infraestrutura adaptada para alunos com deficiência;9605
Indicador  4.a.1;1020;2448;52;Goiás;9605;2022;41120;Abastecimento de água;9605
Indicador  4.a.1;1020;2439;52;Goiás;9605;2022;41121;Água Filtrada;9605
Indicador  4.a.1;1020;705;53;Distrito Federal;9605;2018;41115;Total;9605
Indicador  4.a.1;1020;705;53;Distrito Federal;9605;2018;41116;Acesso à eletricidade;9605
Indicador  4.a.1;1020;-;53;Distrito Federal;9605;2018;41117;Acesso à internet;9605
Indicador  4.a.1;1020;567;53;Distrito Federal;9605;2018;41118;Computador para fins pedagógicos;9605
Indicador  4.a.1;1020;521;53;Distrito Federal;9605;2018;41119;Infraestrutura adaptada para alunos com deficiência;9605
Indicador  4.a.1;1020;705;53;Distrito Federal;9605;2018;41120;Abastecimento de água;9605
Indicador  4.a.1;1020;705;53;Distrito Federal;9605;2018;41121;Água Filtrada;9605
Indicador  4.a.1;1020;713;53;Distrito Federal;9605;2019;41115;Total;9605
Indicador  4.a.1;1020;713;53;Distrito Federal;9605;2019;41116;Acesso à eletricidade;9605
Indicador  4.a.1;1020;215;53;Distrito Federal;9605;2019;41117;Acesso à internet;9605
Indicador  4.a.1;1020;458;53;Distrito Federal;9605;2019;41118;Computador para fins pedagógicos;9605
Indicador  4.a.1;1020;618;53;Distrito Federal;9605;2019;41119;Infraestrutura adaptada para alunos com deficiência;9605
Indicador  4.a.1;1020;713;53;Distrito Federal;9605;2019;41120;Abastecimento de água;9605
Indicador  4.a.1;1020;708;53;Distrito Federal;9605;2019;41121;Água Filtrada;9605
Indicador  4.a.1;1020;694;53;Distrito Federal;9605;2020;41115;Total;9605
Indicador  4.a.1;1020;694;53;Distrito Federal;9605;2020;41116;Acesso à eletricidade;9605
Indicador  4.a.1;1020;239;53;Distrito Federal;9605;2020;41117;Acesso à internet;9605
Indicador  4.a.1;1020;529;53;Distrito Federal;9605;2020;41118;Computador para fins pedagógicos;9605
Indicador  4.a.1;1020;635;53;Distrito Federal;9605;2020;41119;Infraestrutura adaptada para alunos com deficiência;9605
Indicador  4.a.1;1020;693;53;Distrito Federal;9605;2020;41120;Abastecimento de água;9605
Indicador  4.a.1;1020;692;53;Distrito Federal;9605;2020;41121;Água Filtrada;9605
Indicador  4.a.1;1020;709;53;Distrito Federal;9605;2021;41115;Total;9605
Indicador  4.a.1;1020;709;53;Distrito Federal;9605;2021;41116;Acesso à eletricidade;9605
Indicador  4.a.1;1020;264;53;Distrito Federal;9605;2021;41117;Acesso à internet;9605
Indicador  4.a.1;1020;550;53;Distrito Federal;9605;2021;41118;Computador para fins pedagógicos;9605
Indicador  4.a.1;1020;668;53;Distrito Federal;9605;2021;41119;Infraestrutura adaptada para alunos com deficiência;9605
Indicador  4.a.1;1020;709;53;Distrito Federal;9605;2021;41120;Abastecimento de água;9605
Indicador  4.a.1;1020;706;53;Distrito Federal;9605;2021;41121;Água Filtrada;9605
Indicador  4.a.1;1020;701;53;Distrito Federal;9605;2022;41115;Total;9605
Indicador  4.a.1;1020;701;53;Distrito Federal;9605;2022;41116;Acesso à eletricidade;9605
Indicador  4.a.1;1020;265;53;Distrito Federal;9605;2022;41117;Acesso à internet;9605
Indicador  4.a.1;1020;562;53;Distrito Federal;9605;2022;41118;Computador para fins pedagógicos;9605
Indicador  4.a.1;1020;666;53;Distrito Federal;9605;2022;41119;Infraestrutura adaptada para alunos com deficiência;9605
Indicador  4.a.1;1020;701;53;Distrito Federal;9605;2022;41120;Abastecimento de água;9605
Indicador  4.a.1;1020;699;53;Distrito Federal;9605;2022;41121;Água Filtrada;9605
