ID_INDICADOR;CODG_UND_MED;VLR_VAR;CODG_UND_FED;DESC_UND_FED;CODG_VAR;CODG_ANO;CODG_SEXO;DESC_SEXO;CODG_IDADE;DESC_IDADE
Indicador  5.4.1;2;8.3;1;Brasil;9471;2016;6794;Total;95253;Total
Indicador  5.4.1;2;6.6;1;Brasil;9471;2016;6794;Total;41114;14 a 29 anos
Indicador  5.4.1;2;9.2;1;Brasil;9471;2016;6794;Total;41113;30 a 49 anos
Indicador  5.4.1;2;9.5;1;Brasil;9471;2016;6794;Total;3301;50 a 59 anos
Indicador  5.4.1;2;8.7;1;Brasil;9471;2016;6794;Total;3302;60 anos ou mais
Indicador  5.4.1;2;4.9;1;Brasil;9471;2016;4;Homens;95253;Total
Indicador  5.4.1;2;3.8;1;Brasil;9471;2016;4;Homens;41114;14 a 29 anos
Indicador  5.4.1;2;5.4;1;Brasil;9471;2016;4;Homens;41113;30 a 49 anos
Indicador  5.4.1;2;5.4;1;Brasil;9471;2016;4;Homens;3301;50 a 59 anos
Indicador  5.4.1;2;5.6;1;Brasil;9471;2016;4;Homens;3302;60 anos ou mais
Indicador  5.4.1;2;11.4;1;Brasil;9471;2016;5;Mulheres;95253;Total
Indicador  5.4.1;2;9.4;1;Brasil;9471;2016;5;Mulheres;41114;14 a 29 anos
Indicador  5.4.1;2;12.7;1;Brasil;9471;2016;5;Mulheres;41113;30 a 49 anos
Indicador  5.4.1;2;13.2;1;Brasil;9471;2016;5;Mulheres;3301;50 a 59 anos
Indicador  5.4.1;2;11.2;1;Brasil;9471;2016;5;Mulheres;3302;60 anos ou mais
Indicador  5.4.1;2;8.5;1;Brasil;9471;2017;6794;Total;95253;Total
Indicador  5.4.1;2;6.7;1;Brasil;9471;2017;6794;Total;41114;14 a 29 anos
Indicador  5.4.1;2;9.4;1;Brasil;9471;2017;6794;Total;41113;30 a 49 anos
Indicador  5.4.1;2;9.7;1;Brasil;9471;2017;6794;Total;3301;50 a 59 anos
Indicador  5.4.1;2;8.9;1;Brasil;9471;2017;6794;Total;3302;60 anos ou mais
Indicador  5.4.1;2;5.1;1;Brasil;9471;2017;4;Homens;95253;Total
Indicador  5.4.1;2;4.0;1;Brasil;9471;2017;4;Homens;41114;14 a 29 anos
Indicador  5.4.1;2;5.7;1;Brasil;9471;2017;4;Homens;41113;30 a 49 anos
Indicador  5.4.1;2;5.7;1;Brasil;9471;2017;4;Homens;3301;50 a 59 anos
Indicador  5.4.1;2;5.8;1;Brasil;9471;2017;4;Homens;3302;60 anos ou mais
Indicador  5.4.1;2;11.6;1;Brasil;9471;2017;5;Mulheres;95253;Total
Indicador  5.4.1;2;9.5;1;Brasil;9471;2017;5;Mulheres;41114;14 a 29 anos
Indicador  5.4.1;2;12.9;1;Brasil;9471;2017;5;Mulheres;41113;30 a 49 anos
Indicador  5.4.1;2;13.3;1;Brasil;9471;2017;5;Mulheres;3301;50 a 59 anos
Indicador  5.4.1;2;11.5;1;Brasil;9471;2017;5;Mulheres;3302;60 anos ou mais
Indicador  5.4.1;2;8.7;1;Brasil;9471;2018;6794;Total;95253;Total
Indicador  5.4.1;2;6.9;1;Brasil;9471;2018;6794;Total;41114;14 a 29 anos
Indicador  5.4.1;2;9.7;1;Brasil;9471;2018;6794;Total;41113;30 a 49 anos
Indicador  5.4.1;2;9.9;1;Brasil;9471;2018;6794;Total;3301;50 a 59 anos
Indicador  5.4.1;2;9.1;1;Brasil;9471;2018;6794;Total;3302;60 anos ou mais
Indicador  5.4.1;2;5.3;1;Brasil;9471;2018;4;Homens;95253;Total
Indicador  5.4.1;2;4.1;1;Brasil;9471;2018;4;Homens;41114;14 a 29 anos
Indicador  5.4.1;2;5.9;1;Brasil;9471;2018;4;Homens;41113;30 a 49 anos
Indicador  5.4.1;2;5.7;1;Brasil;9471;2018;4;Homens;3301;50 a 59 anos
Indicador  5.4.1;2;5.7;1;Brasil;9471;2018;4;Homens;3302;60 anos ou mais
Indicador  5.4.1;2;11.9;1;Brasil;9471;2018;5;Mulheres;95253;Total
Indicador  5.4.1;2;9.7;1;Brasil;9471;2018;5;Mulheres;41114;14 a 29 anos
Indicador  5.4.1;2;13.2;1;Brasil;9471;2018;5;Mulheres;41113;30 a 49 anos
Indicador  5.4.1;2;13.7;1;Brasil;9471;2018;5;Mulheres;3301;50 a 59 anos
Indicador  5.4.1;2;11.7;1;Brasil;9471;2018;5;Mulheres;3302;60 anos ou mais
Indicador  5.4.1;2;8.7;1;Brasil;9471;2019;6794;Total;95253;Total
Indicador  5.4.1;2;6.9;1;Brasil;9471;2019;6794;Total;41114;14 a 29 anos
Indicador  5.4.1;2;9.7;1;Brasil;9471;2019;6794;Total;41113;30 a 49 anos
Indicador  5.4.1;2;9.9;1;Brasil;9471;2019;6794;Total;3301;50 a 59 anos
Indicador  5.4.1;2;9.1;1;Brasil;9471;2019;6794;Total;3302;60 anos ou mais
Indicador  5.4.1;2;5.3;1;Brasil;9471;2019;4;Homens;95253;Total
Indicador  5.4.1;2;4.2;1;Brasil;9471;2019;4;Homens;41114;14 a 29 anos
Indicador  5.4.1;2;5.9;1;Brasil;9471;2019;4;Homens;41113;30 a 49 anos
Indicador  5.4.1;2;5.7;1;Brasil;9471;2019;4;Homens;3301;50 a 59 anos
Indicador  5.4.1;2;5.8;1;Brasil;9471;2019;4;Homens;3302;60 anos ou mais
Indicador  5.4.1;2;12.0;1;Brasil;9471;2019;5;Mulheres;95253;Total
Indicador  5.4.1;2;9.7;1;Brasil;9471;2019;5;Mulheres;41114;14 a 29 anos
Indicador  5.4.1;2;13.3;1;Brasil;9471;2019;5;Mulheres;41113;30 a 49 anos
Indicador  5.4.1;2;13.6;1;Brasil;9471;2019;5;Mulheres;3301;50 a 59 anos
Indicador  5.4.1;2;11.7;1;Brasil;9471;2019;5;Mulheres;3302;60 anos ou mais
Indicador  5.4.1;2;8.8;1;Brasil;9471;2022;6794;Total;95253;Total
Indicador  5.4.1;2;7.0;1;Brasil;9471;2022;6794;Total;41114;14 a 29 anos
Indicador  5.4.1;2;9.6;1;Brasil;9471;2022;6794;Total;41113;30 a 49 anos
Indicador  5.4.1;2;9.8;1;Brasil;9471;2022;6794;Total;3301;50 a 59 anos
Indicador  5.4.1;2;9.2;1;Brasil;9471;2022;6794;Total;3302;60 anos ou mais
Indicador  5.4.1;2;5.6;1;Brasil;9471;2022;4;Homens;95253;Total
Indicador  5.4.1;2;4.5;1;Brasil;9471;2022;4;Homens;41114;14 a 29 anos
Indicador  5.4.1;2;6.1;1;Brasil;9471;2022;4;Homens;41113;30 a 49 anos
Indicador  5.4.1;2;6.1;1;Brasil;9471;2022;4;Homens;3301;50 a 59 anos
Indicador  5.4.1;2;6.4;1;Brasil;9471;2022;4;Homens;3302;60 anos ou mais
Indicador  5.4.1;2;11.7;1;Brasil;9471;2022;5;Mulheres;95253;Total
Indicador  5.4.1;2;9.5;1;Brasil;9471;2022;5;Mulheres;41114;14 a 29 anos
Indicador  5.4.1;2;12.9;1;Brasil;9471;2022;5;Mulheres;41113;30 a 49 anos
Indicador  5.4.1;2;13.3;1;Brasil;9471;2022;5;Mulheres;3301;50 a 59 anos
Indicador  5.4.1;2;11.5;1;Brasil;9471;2022;5;Mulheres;3302;60 anos ou mais
Indicador  5.4.1;2;7.6;11;Rondônia;9471;2016;6794;Total;95253;Total
Indicador  5.4.1;2;7.0;11;Rondônia;9471;2016;6794;Total;41114;14 a 29 anos
Indicador  5.4.1;2;8.1;11;Rondônia;9471;2016;6794;Total;41113;30 a 49 anos
Indicador  5.4.1;2;8.0;11;Rondônia;9471;2016;6794;Total;3301;50 a 59 anos
Indicador  5.4.1;2;7.7;11;Rondônia;9471;2016;6794;Total;3302;60 anos ou mais
Indicador  5.4.1;2;4.5;11;Rondônia;9471;2016;4;Homens;95253;Total
Indicador  5.4.1;2;4.1;11;Rondônia;9471;2016;4;Homens;41114;14 a 29 anos
Indicador  5.4.1;2;4.6;11;Rondônia;9471;2016;4;Homens;41113;30 a 49 anos
Indicador  5.4.1;2;4.7;11;Rondônia;9471;2016;4;Homens;3301;50 a 59 anos
Indicador  5.4.1;2;5.4;11;Rondônia;9471;2016;4;Homens;3302;60 anos ou mais
Indicador  5.4.1;2;10.8;11;Rondônia;9471;2016;5;Mulheres;95253;Total
Indicador  5.4.1;2;9.9;11;Rondônia;9471;2016;5;Mulheres;41114;14 a 29 anos
Indicador  5.4.1;2;11.7;11;Rondônia;9471;2016;5;Mulheres;41113;30 a 49 anos
Indicador  5.4.1;2;11.4;11;Rondônia;9471;2016;5;Mulheres;3301;50 a 59 anos
Indicador  5.4.1;2;10.1;11;Rondônia;9471;2016;5;Mulheres;3302;60 anos ou mais
Indicador  5.4.1;2;7.8;11;Rondônia;9471;2017;6794;Total;95253;Total
Indicador  5.4.1;2;6.6;11;Rondônia;9471;2017;6794;Total;41114;14 a 29 anos
Indicador  5.4.1;2;8.5;11;Rondônia;9471;2017;6794;Total;41113;30 a 49 anos
Indicador  5.4.1;2;8.9;11;Rondônia;9471;2017;6794;Total;3301;50 a 59 anos
Indicador  5.4.1;2;7.5;11;Rondônia;9471;2017;6794;Total;3302;60 anos ou mais
Indicador  5.4.1;2;4.7;11;Rondônia;9471;2017;4;Homens;95253;Total
Indicador  5.4.1;2;3.8;11;Rondônia;9471;2017;4;Homens;41114;14 a 29 anos
Indicador  5.4.1;2;5.2;11;Rondônia;9471;2017;4;Homens;41113;30 a 49 anos
Indicador  5.4.1;2;5.3;11;Rondônia;9471;2017;4;Homens;3301;50 a 59 anos
Indicador  5.4.1;2;5.0;11;Rondônia;9471;2017;4;Homens;3302;60 anos ou mais
Indicador  5.4.1;2;10.8;11;Rondônia;9471;2017;5;Mulheres;95253;Total
Indicador  5.4.1;2;9.5;11;Rondônia;9471;2017;5;Mulheres;41114;14 a 29 anos
Indicador  5.4.1;2;11.7;11;Rondônia;9471;2017;5;Mulheres;41113;30 a 49 anos
Indicador  5.4.1;2;12.3;11;Rondônia;9471;2017;5;Mulheres;3301;50 a 59 anos
Indicador  5.4.1;2;10.2;11;Rondônia;9471;2017;5;Mulheres;3302;60 anos ou mais
Indicador  5.4.1;2;8.1;11;Rondônia;9471;2018;6794;Total;95253;Total
Indicador  5.4.1;2;7.3;11;Rondônia;9471;2018;6794;Total;41114;14 a 29 anos
Indicador  5.4.1;2;8.8;11;Rondônia;9471;2018;6794;Total;41113;30 a 49 anos
Indicador  5.4.1;2;8.8;11;Rondônia;9471;2018;6794;Total;3301;50 a 59 anos
Indicador  5.4.1;2;7.5;11;Rondônia;9471;2018;6794;Total;3302;60 anos ou mais
Indicador  5.4.1;2;5.0;11;Rondônia;9471;2018;4;Homens;95253;Total
Indicador  5.4.1;2;4.3;11;Rondônia;9471;2018;4;Homens;41114;14 a 29 anos
Indicador  5.4.1;2;5.3;11;Rondônia;9471;2018;4;Homens;41113;30 a 49 anos
Indicador  5.4.1;2;5.7;11;Rondônia;9471;2018;4;Homens;3301;50 a 59 anos
Indicador  5.4.1;2;5.3;11;Rondônia;9471;2018;4;Homens;3302;60 anos ou mais
Indicador  5.4.1;2;11.0;11;Rondônia;9471;2018;5;Mulheres;95253;Total
Indicador  5.4.1;2;10.1;11;Rondônia;9471;2018;5;Mulheres;41114;14 a 29 anos
Indicador  5.4.1;2;12.1;11;Rondônia;9471;2018;5;Mulheres;41113;30 a 49 anos
Indicador  5.4.1;2;11.9;11;Rondônia;9471;2018;5;Mulheres;3301;50 a 59 anos
Indicador  5.4.1;2;9.6;11;Rondônia;9471;2018;5;Mulheres;3302;60 anos ou mais
Indicador  5.4.1;2;8.6;11;Rondônia;9471;2019;6794;Total;95253;Total
Indicador  5.4.1;2;7.9;11;Rondônia;9471;2019;6794;Total;41114;14 a 29 anos
Indicador  5.4.1;2;9.1;11;Rondônia;9471;2019;6794;Total;41113;30 a 49 anos
Indicador  5.4.1;2;9.9;11;Rondônia;9471;2019;6794;Total;3301;50 a 59 anos
Indicador  5.4.1;2;7.9;11;Rondônia;9471;2019;6794;Total;3302;60 anos ou mais
Indicador  5.4.1;2;5.5;11;Rondônia;9471;2019;4;Homens;95253;Total
Indicador  5.4.1;2;4.9;11;Rondônia;9471;2019;4;Homens;41114;14 a 29 anos
Indicador  5.4.1;2;5.8;11;Rondônia;9471;2019;4;Homens;41113;30 a 49 anos
Indicador  5.4.1;2;6.5;11;Rondônia;9471;2019;4;Homens;3301;50 a 59 anos
Indicador  5.4.1;2;5.5;11;Rondônia;9471;2019;4;Homens;3302;60 anos ou mais
Indicador  5.4.1;2;11.7;11;Rondônia;9471;2019;5;Mulheres;95253;Total
Indicador  5.4.1;2;10.9;11;Rondônia;9471;2019;5;Mulheres;41114;14 a 29 anos
Indicador  5.4.1;2;12.6;11;Rondônia;9471;2019;5;Mulheres;41113;30 a 49 anos
Indicador  5.4.1;2;13.2;11;Rondônia;9471;2019;5;Mulheres;3301;50 a 59 anos
Indicador  5.4.1;2;10.3;11;Rondônia;9471;2019;5;Mulheres;3302;60 anos ou mais
Indicador  5.4.1;2;8.4;11;Rondônia;9471;2022;6794;Total;95253;Total
Indicador  5.4.1;2;7.6;11;Rondônia;9471;2022;6794;Total;41114;14 a 29 anos
Indicador  5.4.1;2;9.1;11;Rondônia;9471;2022;6794;Total;41113;30 a 49 anos
Indicador  5.4.1;2;8.7;11;Rondônia;9471;2022;6794;Total;3301;50 a 59 anos
Indicador  5.4.1;2;8.1;11;Rondônia;9471;2022;6794;Total;3302;60 anos ou mais
Indicador  5.4.1;2;5.6;11;Rondônia;9471;2022;4;Homens;95253;Total
Indicador  5.4.1;2;5.2;11;Rondônia;9471;2022;4;Homens;41114;14 a 29 anos
Indicador  5.4.1;2;5.9;11;Rondônia;9471;2022;4;Homens;41113;30 a 49 anos
Indicador  5.4.1;2;5.3;11;Rondônia;9471;2022;4;Homens;3301;50 a 59 anos
Indicador  5.4.1;2;6.2;11;Rondônia;9471;2022;4;Homens;3302;60 anos ou mais
Indicador  5.4.1;2;11.1;11;Rondônia;9471;2022;5;Mulheres;95253;Total
Indicador  5.4.1;2;10.0;11;Rondônia;9471;2022;5;Mulheres;41114;14 a 29 anos
Indicador  5.4.1;2;12.2;11;Rondônia;9471;2022;5;Mulheres;41113;30 a 49 anos
Indicador  5.4.1;2;11.9;11;Rondônia;9471;2022;5;Mulheres;3301;50 a 59 anos
Indicador  5.4.1;2;10.0;11;Rondônia;9471;2022;5;Mulheres;3302;60 anos ou mais
Indicador  5.4.1;2;6.5;12;Acre;9471;2016;6794;Total;95253;Total
Indicador  5.4.1;2;5.7;12;Acre;9471;2016;6794;Total;41114;14 a 29 anos
Indicador  5.4.1;2;7.2;12;Acre;9471;2016;6794;Total;41113;30 a 49 anos
Indicador  5.4.1;2;7.5;12;Acre;9471;2016;6794;Total;3301;50 a 59 anos
Indicador  5.4.1;2;6.6;12;Acre;9471;2016;6794;Total;3302;60 anos ou mais
Indicador  5.4.1;2;4.1;12;Acre;9471;2016;4;Homens;95253;Total
Indicador  5.4.1;2;3.6;12;Acre;9471;2016;4;Homens;41114;14 a 29 anos
Indicador  5.4.1;2;4.5;12;Acre;9471;2016;4;Homens;41113;30 a 49 anos
Indicador  5.4.1;2;5.0;12;Acre;9471;2016;4;Homens;3301;50 a 59 anos
Indicador  5.4.1;2;4.2;12;Acre;9471;2016;4;Homens;3302;60 anos ou mais
Indicador  5.4.1;2;8.9;12;Acre;9471;2016;5;Mulheres;95253;Total
Indicador  5.4.1;2;7.9;12;Acre;9471;2016;5;Mulheres;41114;14 a 29 anos
Indicador  5.4.1;2;9.7;12;Acre;9471;2016;5;Mulheres;41113;30 a 49 anos
Indicador  5.4.1;2;9.8;12;Acre;9471;2016;5;Mulheres;3301;50 a 59 anos
Indicador  5.4.1;2;8.6;12;Acre;9471;2016;5;Mulheres;3302;60 anos ou mais
Indicador  5.4.1;2;6.8;12;Acre;9471;2017;6794;Total;95253;Total
Indicador  5.4.1;2;6.0;12;Acre;9471;2017;6794;Total;41114;14 a 29 anos
Indicador  5.4.1;2;7.6;12;Acre;9471;2017;6794;Total;41113;30 a 49 anos
Indicador  5.4.1;2;7.3;12;Acre;9471;2017;6794;Total;3301;50 a 59 anos
Indicador  5.4.1;2;6.6;12;Acre;9471;2017;6794;Total;3302;60 anos ou mais
Indicador  5.4.1;2;4.4;12;Acre;9471;2017;4;Homens;95253;Total
Indicador  5.4.1;2;3.9;12;Acre;9471;2017;4;Homens;41114;14 a 29 anos
Indicador  5.4.1;2;5.1;12;Acre;9471;2017;4;Homens;41113;30 a 49 anos
Indicador  5.4.1;2;4.6;12;Acre;9471;2017;4;Homens;3301;50 a 59 anos
Indicador  5.4.1;2;4.3;12;Acre;9471;2017;4;Homens;3302;60 anos ou mais
Indicador  5.4.1;2;9.1;12;Acre;9471;2017;5;Mulheres;95253;Total
Indicador  5.4.1;2;8.3;12;Acre;9471;2017;5;Mulheres;41114;14 a 29 anos
Indicador  5.4.1;2;9.8;12;Acre;9471;2017;5;Mulheres;41113;30 a 49 anos
Indicador  5.4.1;2;9.9;12;Acre;9471;2017;5;Mulheres;3301;50 a 59 anos
Indicador  5.4.1;2;8.6;12;Acre;9471;2017;5;Mulheres;3302;60 anos ou mais
Indicador  5.4.1;2;8.1;12;Acre;9471;2018;6794;Total;95253;Total
Indicador  5.4.1;2;7.2;12;Acre;9471;2018;6794;Total;41114;14 a 29 anos
Indicador  5.4.1;2;8.9;12;Acre;9471;2018;6794;Total;41113;30 a 49 anos
Indicador  5.4.1;2;8.7;12;Acre;9471;2018;6794;Total;3301;50 a 59 anos
Indicador  5.4.1;2;8.3;12;Acre;9471;2018;6794;Total;3302;60 anos ou mais
Indicador  5.4.1;2;5.3;12;Acre;9471;2018;4;Homens;95253;Total
Indicador  5.4.1;2;4.6;12;Acre;9471;2018;4;Homens;41114;14 a 29 anos
Indicador  5.4.1;2;6.0;12;Acre;9471;2018;4;Homens;41113;30 a 49 anos
Indicador  5.4.1;2;5.6;12;Acre;9471;2018;4;Homens;3301;50 a 59 anos
Indicador  5.4.1;2;5.9;12;Acre;9471;2018;4;Homens;3302;60 anos ou mais
Indicador  5.4.1;2;10.7;12;Acre;9471;2018;5;Mulheres;95253;Total
Indicador  5.4.1;2;9.9;12;Acre;9471;2018;5;Mulheres;41114;14 a 29 anos
Indicador  5.4.1;2;11.6;12;Acre;9471;2018;5;Mulheres;41113;30 a 49 anos
Indicador  5.4.1;2;11.5;12;Acre;9471;2018;5;Mulheres;3301;50 a 59 anos
Indicador  5.4.1;2;10.4;12;Acre;9471;2018;5;Mulheres;3302;60 anos ou mais
Indicador  5.4.1;2;8.7;12;Acre;9471;2019;6794;Total;95253;Total
Indicador  5.4.1;2;8.0;12;Acre;9471;2019;6794;Total;41114;14 a 29 anos
Indicador  5.4.1;2;9.4;12;Acre;9471;2019;6794;Total;41113;30 a 49 anos
Indicador  5.4.1;2;9.9;12;Acre;9471;2019;6794;Total;3301;50 a 59 anos
Indicador  5.4.1;2;7.9;12;Acre;9471;2019;6794;Total;3302;60 anos ou mais
Indicador  5.4.1;2;5.7;12;Acre;9471;2019;4;Homens;95253;Total
Indicador  5.4.1;2;5.1;12;Acre;9471;2019;4;Homens;41114;14 a 29 anos
Indicador  5.4.1;2;6.1;12;Acre;9471;2019;4;Homens;41113;30 a 49 anos
Indicador  5.4.1;2;6.3;12;Acre;9471;2019;4;Homens;3301;50 a 59 anos
Indicador  5.4.1;2;5.6;12;Acre;9471;2019;4;Homens;3302;60 anos ou mais
Indicador  5.4.1;2;11.7;12;Acre;9471;2019;5;Mulheres;95253;Total
Indicador  5.4.1;2;11.0;12;Acre;9471;2019;5;Mulheres;41114;14 a 29 anos
Indicador  5.4.1;2;12.6;12;Acre;9471;2019;5;Mulheres;41113;30 a 49 anos
Indicador  5.4.1;2;13.4;12;Acre;9471;2019;5;Mulheres;3301;50 a 59 anos
Indicador  5.4.1;2;10.0;12;Acre;9471;2019;5;Mulheres;3302;60 anos ou mais
Indicador  5.4.1;2;6.8;12;Acre;9471;2022;6794;Total;95253;Total
Indicador  5.4.1;2;6.1;12;Acre;9471;2022;6794;Total;41114;14 a 29 anos
Indicador  5.4.1;2;7.5;12;Acre;9471;2022;6794;Total;41113;30 a 49 anos
Indicador  5.4.1;2;7.2;12;Acre;9471;2022;6794;Total;3301;50 a 59 anos
Indicador  5.4.1;2;6.3;12;Acre;9471;2022;6794;Total;3302;60 anos ou mais
Indicador  5.4.1;2;4.5;12;Acre;9471;2022;4;Homens;95253;Total
Indicador  5.4.1;2;3.9;12;Acre;9471;2022;4;Homens;41114;14 a 29 anos
Indicador  5.4.1;2;5.1;12;Acre;9471;2022;4;Homens;41113;30 a 49 anos
Indicador  5.4.1;2;4.8;12;Acre;9471;2022;4;Homens;3301;50 a 59 anos
Indicador  5.4.1;2;4.8;12;Acre;9471;2022;4;Homens;3302;60 anos ou mais
Indicador  5.4.1;2;8.9;12;Acre;9471;2022;5;Mulheres;95253;Total
Indicador  5.4.1;2;8.3;12;Acre;9471;2022;5;Mulheres;41114;14 a 29 anos
Indicador  5.4.1;2;9.8;12;Acre;9471;2022;5;Mulheres;41113;30 a 49 anos
Indicador  5.4.1;2;9.4;12;Acre;9471;2022;5;Mulheres;3301;50 a 59 anos
Indicador  5.4.1;2;7.6;12;Acre;9471;2022;5;Mulheres;3302;60 anos ou mais
Indicador  5.4.1;2;6.6;13;Amazonas;9471;2016;6794;Total;95253;Total
Indicador  5.4.1;2;5.7;13;Amazonas;9471;2016;6794;Total;41114;14 a 29 anos
Indicador  5.4.1;2;7.5;13;Amazonas;9471;2016;6794;Total;41113;30 a 49 anos
Indicador  5.4.1;2;7.0;13;Amazonas;9471;2016;6794;Total;3301;50 a 59 anos
Indicador  5.4.1;2;6.4;13;Amazonas;9471;2016;6794;Total;3302;60 anos ou mais
Indicador  5.4.1;2;4.3;13;Amazonas;9471;2016;4;Homens;95253;Total
Indicador  5.4.1;2;3.6;13;Amazonas;9471;2016;4;Homens;41114;14 a 29 anos
Indicador  5.4.1;2;5.1;13;Amazonas;9471;2016;4;Homens;41113;30 a 49 anos
Indicador  5.4.1;2;4.5;13;Amazonas;9471;2016;4;Homens;3301;50 a 59 anos
Indicador  5.4.1;2;4.4;13;Amazonas;9471;2016;4;Homens;3302;60 anos ou mais
Indicador  5.4.1;2;9.0;13;Amazonas;9471;2016;5;Mulheres;95253;Total
Indicador  5.4.1;2;8.1;13;Amazonas;9471;2016;5;Mulheres;41114;14 a 29 anos
Indicador  5.4.1;2;10.0;13;Amazonas;9471;2016;5;Mulheres;41113;30 a 49 anos
Indicador  5.4.1;2;9.8;13;Amazonas;9471;2016;5;Mulheres;3301;50 a 59 anos
Indicador  5.4.1;2;8.0;13;Amazonas;9471;2016;5;Mulheres;3302;60 anos ou mais
Indicador  5.4.1;2;6.1;13;Amazonas;9471;2017;6794;Total;95253;Total
Indicador  5.4.1;2;5.3;13;Amazonas;9471;2017;6794;Total;41114;14 a 29 anos
Indicador  5.4.1;2;6.8;13;Amazonas;9471;2017;6794;Total;41113;30 a 49 anos
Indicador  5.4.1;2;7.0;13;Amazonas;9471;2017;6794;Total;3301;50 a 59 anos
Indicador  5.4.1;2;5.7;13;Amazonas;9471;2017;6794;Total;3302;60 anos ou mais
Indicador  5.4.1;2;4.1;13;Amazonas;9471;2017;4;Homens;95253;Total
Indicador  5.4.1;2;3.4;13;Amazonas;9471;2017;4;Homens;41114;14 a 29 anos
Indicador  5.4.1;2;4.6;13;Amazonas;9471;2017;4;Homens;41113;30 a 49 anos
Indicador  5.4.1;2;5.0;13;Amazonas;9471;2017;4;Homens;3301;50 a 59 anos
Indicador  5.4.1;2;4.3;13;Amazonas;9471;2017;4;Homens;3302;60 anos ou mais
Indicador  5.4.1;2;8.0;13;Amazonas;9471;2017;5;Mulheres;95253;Total
Indicador  5.4.1;2;7.2;13;Amazonas;9471;2017;5;Mulheres;41114;14 a 29 anos
Indicador  5.4.1;2;9.0;13;Amazonas;9471;2017;5;Mulheres;41113;30 a 49 anos
Indicador  5.4.1;2;8.9;13;Amazonas;9471;2017;5;Mulheres;3301;50 a 59 anos
Indicador  5.4.1;2;7.1;13;Amazonas;9471;2017;5;Mulheres;3302;60 anos ou mais
Indicador  5.4.1;2;6.3;13;Amazonas;9471;2018;6794;Total;95253;Total
Indicador  5.4.1;2;5.7;13;Amazonas;9471;2018;6794;Total;41114;14 a 29 anos
Indicador  5.4.1;2;6.9;13;Amazonas;9471;2018;6794;Total;41113;30 a 49 anos
Indicador  5.4.1;2;6.8;13;Amazonas;9471;2018;6794;Total;3301;50 a 59 anos
Indicador  5.4.1;2;5.9;13;Amazonas;9471;2018;6794;Total;3302;60 anos ou mais
Indicador  5.4.1;2;4.6;13;Amazonas;9471;2018;4;Homens;95253;Total
Indicador  5.4.1;2;4.1;13;Amazonas;9471;2018;4;Homens;41114;14 a 29 anos
Indicador  5.4.1;2;5.0;13;Amazonas;9471;2018;4;Homens;41113;30 a 49 anos
Indicador  5.4.1;2;4.9;13;Amazonas;9471;2018;4;Homens;3301;50 a 59 anos
Indicador  5.4.1;2;4.2;13;Amazonas;9471;2018;4;Homens;3302;60 anos ou mais
Indicador  5.4.1;2;8.1;13;Amazonas;9471;2018;5;Mulheres;95253;Total
Indicador  5.4.1;2;7.4;13;Amazonas;9471;2018;5;Mulheres;41114;14 a 29 anos
Indicador  5.4.1;2;8.7;13;Amazonas;9471;2018;5;Mulheres;41113;30 a 49 anos
Indicador  5.4.1;2;8.7;13;Amazonas;9471;2018;5;Mulheres;3301;50 a 59 anos
Indicador  5.4.1;2;7.3;13;Amazonas;9471;2018;5;Mulheres;3302;60 anos ou mais
Indicador  5.4.1;2;7.2;13;Amazonas;9471;2019;6794;Total;95253;Total
Indicador  5.4.1;2;6.5;13;Amazonas;9471;2019;6794;Total;41114;14 a 29 anos
Indicador  5.4.1;2;7.7;13;Amazonas;9471;2019;6794;Total;41113;30 a 49 anos
Indicador  5.4.1;2;7.9;13;Amazonas;9471;2019;6794;Total;3301;50 a 59 anos
Indicador  5.4.1;2;7.1;13;Amazonas;9471;2019;6794;Total;3302;60 anos ou mais
Indicador  5.4.1;2;4.9;13;Amazonas;9471;2019;4;Homens;95253;Total
Indicador  5.4.1;2;4.3;13;Amazonas;9471;2019;4;Homens;41114;14 a 29 anos
Indicador  5.4.1;2;5.3;13;Amazonas;9471;2019;4;Homens;41113;30 a 49 anos
Indicador  5.4.1;2;5.6;13;Amazonas;9471;2019;4;Homens;3301;50 a 59 anos
Indicador  5.4.1;2;5.1;13;Amazonas;9471;2019;4;Homens;3302;60 anos ou mais
Indicador  5.4.1;2;9.5;13;Amazonas;9471;2019;5;Mulheres;95253;Total
Indicador  5.4.1;2;8.8;13;Amazonas;9471;2019;5;Mulheres;41114;14 a 29 anos
Indicador  5.4.1;2;10.1;13;Amazonas;9471;2019;5;Mulheres;41113;30 a 49 anos
Indicador  5.4.1;2;10.1;13;Amazonas;9471;2019;5;Mulheres;3301;50 a 59 anos
Indicador  5.4.1;2;9.0;13;Amazonas;9471;2019;5;Mulheres;3302;60 anos ou mais
Indicador  5.4.1;2;8.6;13;Amazonas;9471;2022;6794;Total;95253;Total
Indicador  5.4.1;2;7.8;13;Amazonas;9471;2022;6794;Total;41114;14 a 29 anos
Indicador  5.4.1;2;9.4;13;Amazonas;9471;2022;6794;Total;41113;30 a 49 anos
Indicador  5.4.1;2;9.6;13;Amazonas;9471;2022;6794;Total;3301;50 a 59 anos
Indicador  5.4.1;2;7.9;13;Amazonas;9471;2022;6794;Total;3302;60 anos ou mais
Indicador  5.4.1;2;6.1;13;Amazonas;9471;2022;4;Homens;95253;Total
Indicador  5.4.1;2;5.5;13;Amazonas;9471;2022;4;Homens;41114;14 a 29 anos
Indicador  5.4.1;2;6.8;13;Amazonas;9471;2022;4;Homens;41113;30 a 49 anos
Indicador  5.4.1;2;6.8;13;Amazonas;9471;2022;4;Homens;3301;50 a 59 anos
Indicador  5.4.1;2;5.8;13;Amazonas;9471;2022;4;Homens;3302;60 anos ou mais
Indicador  5.4.1;2;11.0;13;Amazonas;9471;2022;5;Mulheres;95253;Total
Indicador  5.4.1;2;10.1;13;Amazonas;9471;2022;5;Mulheres;41114;14 a 29 anos
Indicador  5.4.1;2;11.9;13;Amazonas;9471;2022;5;Mulheres;41113;30 a 49 anos
Indicador  5.4.1;2;12.6;13;Amazonas;9471;2022;5;Mulheres;3301;50 a 59 anos
Indicador  5.4.1;2;9.8;13;Amazonas;9471;2022;5;Mulheres;3302;60 anos ou mais
Indicador  5.4.1;2;7.5;14;Roraima;9471;2016;6794;Total;95253;Total
Indicador  5.4.1;2;6.7;14;Roraima;9471;2016;6794;Total;41114;14 a 29 anos
Indicador  5.4.1;2;8.2;14;Roraima;9471;2016;6794;Total;41113;30 a 49 anos
Indicador  5.4.1;2;8.5;14;Roraima;9471;2016;6794;Total;3301;50 a 59 anos
Indicador  5.4.1;2;7.2;14;Roraima;9471;2016;6794;Total;3302;60 anos ou mais
Indicador  5.4.1;2;5.0;14;Roraima;9471;2016;4;Homens;95253;Total
Indicador  5.4.1;2;4.5;14;Roraima;9471;2016;4;Homens;41114;14 a 29 anos
Indicador  5.4.1;2;5.2;14;Roraima;9471;2016;4;Homens;41113;30 a 49 anos
Indicador  5.4.1;2;5.7;14;Roraima;9471;2016;4;Homens;3301;50 a 59 anos
Indicador  5.4.1;2;5.4;14;Roraima;9471;2016;4;Homens;3302;60 anos ou mais
Indicador  5.4.1;2;10.1;14;Roraima;9471;2016;5;Mulheres;95253;Total
Indicador  5.4.1;2;8.9;14;Roraima;9471;2016;5;Mulheres;41114;14 a 29 anos
Indicador  5.4.1;2;11.3;14;Roraima;9471;2016;5;Mulheres;41113;30 a 49 anos
Indicador  5.4.1;2;11.4;14;Roraima;9471;2016;5;Mulheres;3301;50 a 59 anos
Indicador  5.4.1;2;9.4;14;Roraima;9471;2016;5;Mulheres;3302;60 anos ou mais
Indicador  5.4.1;2;6.7;14;Roraima;9471;2017;6794;Total;95253;Total
Indicador  5.4.1;2;6.1;14;Roraima;9471;2017;6794;Total;41114;14 a 29 anos
Indicador  5.4.1;2;7.3;14;Roraima;9471;2017;6794;Total;41113;30 a 49 anos
Indicador  5.4.1;2;6.8;14;Roraima;9471;2017;6794;Total;3301;50 a 59 anos
Indicador  5.4.1;2;6.3;14;Roraima;9471;2017;6794;Total;3302;60 anos ou mais
Indicador  5.4.1;2;4.4;14;Roraima;9471;2017;4;Homens;95253;Total
Indicador  5.4.1;2;3.7;14;Roraima;9471;2017;4;Homens;41114;14 a 29 anos
Indicador  5.4.1;2;5.0;14;Roraima;9471;2017;4;Homens;41113;30 a 49 anos
Indicador  5.4.1;2;4.6;14;Roraima;9471;2017;4;Homens;3301;50 a 59 anos
Indicador  5.4.1;2;4.7;14;Roraima;9471;2017;4;Homens;3302;60 anos ou mais
Indicador  5.4.1;2;8.9;14;Roraima;9471;2017;5;Mulheres;95253;Total
Indicador  5.4.1;2;8.5;14;Roraima;9471;2017;5;Mulheres;41114;14 a 29 anos
Indicador  5.4.1;2;9.6;14;Roraima;9471;2017;5;Mulheres;41113;30 a 49 anos
Indicador  5.4.1;2;9.0;14;Roraima;9471;2017;5;Mulheres;3301;50 a 59 anos
Indicador  5.4.1;2;7.8;14;Roraima;9471;2017;5;Mulheres;3302;60 anos ou mais
Indicador  5.4.1;2;6.7;14;Roraima;9471;2018;6794;Total;95253;Total
Indicador  5.4.1;2;6.0;14;Roraima;9471;2018;6794;Total;41114;14 a 29 anos
Indicador  5.4.1;2;7.7;14;Roraima;9471;2018;6794;Total;41113;30 a 49 anos
Indicador  5.4.1;2;7.0;14;Roraima;9471;2018;6794;Total;3301;50 a 59 anos
Indicador  5.4.1;2;5.8;14;Roraima;9471;2018;6794;Total;3302;60 anos ou mais
Indicador  5.4.1;2;4.6;14;Roraima;9471;2018;4;Homens;95253;Total
Indicador  5.4.1;2;4.1;14;Roraima;9471;2018;4;Homens;41114;14 a 29 anos
Indicador  5.4.1;2;5.2;14;Roraima;9471;2018;4;Homens;41113;30 a 49 anos
Indicador  5.4.1;2;4.7;14;Roraima;9471;2018;4;Homens;3301;50 a 59 anos
Indicador  5.4.1;2;4.5;14;Roraima;9471;2018;4;Homens;3302;60 anos ou mais
Indicador  5.4.1;2;8.9;14;Roraima;9471;2018;5;Mulheres;95253;Total
Indicador  5.4.1;2;8.1;14;Roraima;9471;2018;5;Mulheres;41114;14 a 29 anos
Indicador  5.4.1;2;10.1;14;Roraima;9471;2018;5;Mulheres;41113;30 a 49 anos
Indicador  5.4.1;2;9.0;14;Roraima;9471;2018;5;Mulheres;3301;50 a 59 anos
Indicador  5.4.1;2;7.2;14;Roraima;9471;2018;5;Mulheres;3302;60 anos ou mais
Indicador  5.4.1;2;7.8;14;Roraima;9471;2019;6794;Total;95253;Total
Indicador  5.4.1;2;6.7;14;Roraima;9471;2019;6794;Total;41114;14 a 29 anos
Indicador  5.4.1;2;8.8;14;Roraima;9471;2019;6794;Total;41113;30 a 49 anos
Indicador  5.4.1;2;8.9;14;Roraima;9471;2019;6794;Total;3301;50 a 59 anos
Indicador  5.4.1;2;7.0;14;Roraima;9471;2019;6794;Total;3302;60 anos ou mais
Indicador  5.4.1;2;5.3;14;Roraima;9471;2019;4;Homens;95253;Total
Indicador  5.4.1;2;4.6;14;Roraima;9471;2019;4;Homens;41114;14 a 29 anos
Indicador  5.4.1;2;5.9;14;Roraima;9471;2019;4;Homens;41113;30 a 49 anos
Indicador  5.4.1;2;5.8;14;Roraima;9471;2019;4;Homens;3301;50 a 59 anos
Indicador  5.4.1;2;5.2;14;Roraima;9471;2019;4;Homens;3302;60 anos ou mais
Indicador  5.4.1;2;10.3;14;Roraima;9471;2019;5;Mulheres;95253;Total
Indicador  5.4.1;2;9.0;14;Roraima;9471;2019;5;Mulheres;41114;14 a 29 anos
Indicador  5.4.1;2;11.7;14;Roraima;9471;2019;5;Mulheres;41113;30 a 49 anos
Indicador  5.4.1;2;11.7;14;Roraima;9471;2019;5;Mulheres;3301;50 a 59 anos
Indicador  5.4.1;2;8.7;14;Roraima;9471;2019;5;Mulheres;3302;60 anos ou mais
Indicador  5.4.1;2;6.5;14;Roraima;9471;2022;6794;Total;95253;Total
Indicador  5.4.1;2;5.7;14;Roraima;9471;2022;6794;Total;41114;14 a 29 anos
Indicador  5.4.1;2;7.0;14;Roraima;9471;2022;6794;Total;41113;30 a 49 anos
Indicador  5.4.1;2;7.4;14;Roraima;9471;2022;6794;Total;3301;50 a 59 anos
Indicador  5.4.1;2;6.0;14;Roraima;9471;2022;6794;Total;3302;60 anos ou mais
Indicador  5.4.1;2;4.8;14;Roraima;9471;2022;4;Homens;95253;Total
Indicador  5.4.1;2;4.1;14;Roraima;9471;2022;4;Homens;41114;14 a 29 anos
Indicador  5.4.1;2;5.2;14;Roraima;9471;2022;4;Homens;41113;30 a 49 anos
Indicador  5.4.1;2;5.7;14;Roraima;9471;2022;4;Homens;3301;50 a 59 anos
Indicador  5.4.1;2;5.0;14;Roraima;9471;2022;4;Homens;3302;60 anos ou mais
Indicador  5.4.1;2;8.0;14;Roraima;9471;2022;5;Mulheres;95253;Total
Indicador  5.4.1;2;7.2;14;Roraima;9471;2022;5;Mulheres;41114;14 a 29 anos
Indicador  5.4.1;2;9.0;14;Roraima;9471;2022;5;Mulheres;41113;30 a 49 anos
Indicador  5.4.1;2;9.0;14;Roraima;9471;2022;5;Mulheres;3301;50 a 59 anos
Indicador  5.4.1;2;6.9;14;Roraima;9471;2022;5;Mulheres;3302;60 anos ou mais
Indicador  5.4.1;2;8.4;15;Pará;9471;2016;6794;Total;95253;Total
Indicador  5.4.1;2;7.3;15;Pará;9471;2016;6794;Total;41114;14 a 29 anos
Indicador  5.4.1;2;9.6;15;Pará;9471;2016;6794;Total;41113;30 a 49 anos
Indicador  5.4.1;2;9.2;15;Pará;9471;2016;6794;Total;3301;50 a 59 anos
Indicador  5.4.1;2;7.9;15;Pará;9471;2016;6794;Total;3302;60 anos ou mais
Indicador  5.4.1;2;4.9;15;Pará;9471;2016;4;Homens;95253;Total
Indicador  5.4.1;2;4.0;15;Pará;9471;2016;4;Homens;41114;14 a 29 anos
Indicador  5.4.1;2;5.6;15;Pará;9471;2016;4;Homens;41113;30 a 49 anos
Indicador  5.4.1;2;5.0;15;Pará;9471;2016;4;Homens;3301;50 a 59 anos
Indicador  5.4.1;2;5.4;15;Pará;9471;2016;4;Homens;3302;60 anos ou mais
Indicador  5.4.1;2;11.8;15;Pará;9471;2016;5;Mulheres;95253;Total
Indicador  5.4.1;2;10.4;15;Pará;9471;2016;5;Mulheres;41114;14 a 29 anos
Indicador  5.4.1;2;13.5;15;Pará;9471;2016;5;Mulheres;41113;30 a 49 anos
Indicador  5.4.1;2;13.2;15;Pará;9471;2016;5;Mulheres;3301;50 a 59 anos
Indicador  5.4.1;2;10.1;15;Pará;9471;2016;5;Mulheres;3302;60 anos ou mais
Indicador  5.4.1;2;8.5;15;Pará;9471;2017;6794;Total;95253;Total
Indicador  5.4.1;2;7.4;15;Pará;9471;2017;6794;Total;41114;14 a 29 anos
Indicador  5.4.1;2;9.6;15;Pará;9471;2017;6794;Total;41113;30 a 49 anos
Indicador  5.4.1;2;9.2;15;Pará;9471;2017;6794;Total;3301;50 a 59 anos
Indicador  5.4.1;2;7.9;15;Pará;9471;2017;6794;Total;3302;60 anos ou mais
Indicador  5.4.1;2;5.0;15;Pará;9471;2017;4;Homens;95253;Total
Indicador  5.4.1;2;4.1;15;Pará;9471;2017;4;Homens;41114;14 a 29 anos
Indicador  5.4.1;2;5.8;15;Pará;9471;2017;4;Homens;41113;30 a 49 anos
Indicador  5.4.1;2;5.1;15;Pará;9471;2017;4;Homens;3301;50 a 59 anos
Indicador  5.4.1;2;5.4;15;Pará;9471;2017;4;Homens;3302;60 anos ou mais
Indicador  5.4.1;2;11.8;15;Pará;9471;2017;5;Mulheres;95253;Total
Indicador  5.4.1;2;10.6;15;Pará;9471;2017;5;Mulheres;41114;14 a 29 anos
Indicador  5.4.1;2;13.3;15;Pará;9471;2017;5;Mulheres;41113;30 a 49 anos
Indicador  5.4.1;2;13.1;15;Pará;9471;2017;5;Mulheres;3301;50 a 59 anos
Indicador  5.4.1;2;10.1;15;Pará;9471;2017;5;Mulheres;3302;60 anos ou mais
Indicador  5.4.1;2;8.9;15;Pará;9471;2018;6794;Total;95253;Total
Indicador  5.4.1;2;7.9;15;Pará;9471;2018;6794;Total;41114;14 a 29 anos
Indicador  5.4.1;2;9.9;15;Pará;9471;2018;6794;Total;41113;30 a 49 anos
Indicador  5.4.1;2;9.6;15;Pará;9471;2018;6794;Total;3301;50 a 59 anos
Indicador  5.4.1;2;8.3;15;Pará;9471;2018;6794;Total;3302;60 anos ou mais
Indicador  5.4.1;2;5.6;15;Pará;9471;2018;4;Homens;95253;Total
Indicador  5.4.1;2;4.9;15;Pará;9471;2018;4;Homens;41114;14 a 29 anos
Indicador  5.4.1;2;6.1;15;Pará;9471;2018;4;Homens;41113;30 a 49 anos
Indicador  5.4.1;2;6.0;15;Pará;9471;2018;4;Homens;3301;50 a 59 anos
Indicador  5.4.1;2;5.5;15;Pará;9471;2018;4;Homens;3302;60 anos ou mais
Indicador  5.4.1;2;12.3;15;Pará;9471;2018;5;Mulheres;95253;Total
Indicador  5.4.1;2;11.0;15;Pará;9471;2018;5;Mulheres;41114;14 a 29 anos
Indicador  5.4.1;2;13.8;15;Pará;9471;2018;5;Mulheres;41113;30 a 49 anos
Indicador  5.4.1;2;13.2;15;Pará;9471;2018;5;Mulheres;3301;50 a 59 anos
Indicador  5.4.1;2;10.8;15;Pará;9471;2018;5;Mulheres;3302;60 anos ou mais
Indicador  5.4.1;2;9.1;15;Pará;9471;2019;6794;Total;95253;Total
Indicador  5.4.1;2;7.7;15;Pará;9471;2019;6794;Total;41114;14 a 29 anos
Indicador  5.4.1;2;10.3;15;Pará;9471;2019;6794;Total;41113;30 a 49 anos
Indicador  5.4.1;2;10.0;15;Pará;9471;2019;6794;Total;3301;50 a 59 anos
Indicador  5.4.1;2;8.7;15;Pará;9471;2019;6794;Total;3302;60 anos ou mais
Indicador  5.4.1;2;5.4;15;Pará;9471;2019;4;Homens;95253;Total
Indicador  5.4.1;2;4.5;15;Pará;9471;2019;4;Homens;41114;14 a 29 anos
Indicador  5.4.1;2;5.9;15;Pará;9471;2019;4;Homens;41113;30 a 49 anos
Indicador  5.4.1;2;5.9;15;Pará;9471;2019;4;Homens;3301;50 a 59 anos
Indicador  5.4.1;2;6.1;15;Pará;9471;2019;4;Homens;3302;60 anos ou mais
Indicador  5.4.1;2;12.7;15;Pará;9471;2019;5;Mulheres;95253;Total
Indicador  5.4.1;2;11.1;15;Pará;9471;2019;5;Mulheres;41114;14 a 29 anos
Indicador  5.4.1;2;14.4;15;Pará;9471;2019;5;Mulheres;41113;30 a 49 anos
Indicador  5.4.1;2;14.1;15;Pará;9471;2019;5;Mulheres;3301;50 a 59 anos
Indicador  5.4.1;2;11.0;15;Pará;9471;2019;5;Mulheres;3302;60 anos ou mais
Indicador  5.4.1;2;8.5;15;Pará;9471;2022;6794;Total;95253;Total
Indicador  5.4.1;2;7.3;15;Pará;9471;2022;6794;Total;41114;14 a 29 anos
Indicador  5.4.1;2;9.6;15;Pará;9471;2022;6794;Total;41113;30 a 49 anos
Indicador  5.4.1;2;9.4;15;Pará;9471;2022;6794;Total;3301;50 a 59 anos
Indicador  5.4.1;2;8.0;15;Pará;9471;2022;6794;Total;3302;60 anos ou mais
Indicador  5.4.1;2;5.4;15;Pará;9471;2022;4;Homens;95253;Total
Indicador  5.4.1;2;4.5;15;Pará;9471;2022;4;Homens;41114;14 a 29 anos
Indicador  5.4.1;2;6.1;15;Pará;9471;2022;4;Homens;41113;30 a 49 anos
Indicador  5.4.1;2;5.6;15;Pará;9471;2022;4;Homens;3301;50 a 59 anos
Indicador  5.4.1;2;5.7;15;Pará;9471;2022;4;Homens;3302;60 anos ou mais
Indicador  5.4.1;2;11.8;15;Pará;9471;2022;5;Mulheres;95253;Total
Indicador  5.4.1;2;10.4;15;Pará;9471;2022;5;Mulheres;41114;14 a 29 anos
Indicador  5.4.1;2;13.3;15;Pará;9471;2022;5;Mulheres;41113;30 a 49 anos
Indicador  5.4.1;2;13.0;15;Pará;9471;2022;5;Mulheres;3301;50 a 59 anos
Indicador  5.4.1;2;10.0;15;Pará;9471;2022;5;Mulheres;3302;60 anos ou mais
Indicador  5.4.1;2;6.6;16;Amapá;9471;2016;6794;Total;95253;Total
Indicador  5.4.1;2;6.0;16;Amapá;9471;2016;6794;Total;41114;14 a 29 anos
Indicador  5.4.1;2;7.0;16;Amapá;9471;2016;6794;Total;41113;30 a 49 anos
Indicador  5.4.1;2;7.4;16;Amapá;9471;2016;6794;Total;3301;50 a 59 anos
Indicador  5.4.1;2;6.4;16;Amapá;9471;2016;6794;Total;3302;60 anos ou mais
Indicador  5.4.1;2;4.6;16;Amapá;9471;2016;4;Homens;95253;Total
Indicador  5.4.1;2;4.2;16;Amapá;9471;2016;4;Homens;41114;14 a 29 anos
Indicador  5.4.1;2;4.9;16;Amapá;9471;2016;4;Homens;41113;30 a 49 anos
Indicador  5.4.1;2;5.5;16;Amapá;9471;2016;4;Homens;3301;50 a 59 anos
Indicador  5.4.1;2;4.6;16;Amapá;9471;2016;4;Homens;3302;60 anos ou mais
Indicador  5.4.1;2;8.5;16;Amapá;9471;2016;5;Mulheres;95253;Total
Indicador  5.4.1;2;7.9;16;Amapá;9471;2016;5;Mulheres;41114;14 a 29 anos
Indicador  5.4.1;2;9.0;16;Amapá;9471;2016;5;Mulheres;41113;30 a 49 anos
Indicador  5.4.1;2;9.4;16;Amapá;9471;2016;5;Mulheres;3301;50 a 59 anos
Indicador  5.4.1;2;7.8;16;Amapá;9471;2016;5;Mulheres;3302;60 anos ou mais
Indicador  5.4.1;2;7.8;16;Amapá;9471;2017;6794;Total;95253;Total
Indicador  5.4.1;2;7.4;16;Amapá;9471;2017;6794;Total;41114;14 a 29 anos
Indicador  5.4.1;2;8.4;16;Amapá;9471;2017;6794;Total;41113;30 a 49 anos
Indicador  5.4.1;2;7.7;16;Amapá;9471;2017;6794;Total;3301;50 a 59 anos
Indicador  5.4.1;2;6.7;16;Amapá;9471;2017;6794;Total;3302;60 anos ou mais
Indicador  5.4.1;2;5.8;16;Amapá;9471;2017;4;Homens;95253;Total
Indicador  5.4.1;2;5.5;16;Amapá;9471;2017;4;Homens;41114;14 a 29 anos
Indicador  5.4.1;2;6.2;16;Amapá;9471;2017;4;Homens;41113;30 a 49 anos
Indicador  5.4.1;2;6.0;16;Amapá;9471;2017;4;Homens;3301;50 a 59 anos
Indicador  5.4.1;2;5.5;16;Amapá;9471;2017;4;Homens;3302;60 anos ou mais
Indicador  5.4.1;2;9.6;16;Amapá;9471;2017;5;Mulheres;95253;Total
Indicador  5.4.1;2;9.2;16;Amapá;9471;2017;5;Mulheres;41114;14 a 29 anos
Indicador  5.4.1;2;10.7;16;Amapá;9471;2017;5;Mulheres;41113;30 a 49 anos
Indicador  5.4.1;2;9.2;16;Amapá;9471;2017;5;Mulheres;3301;50 a 59 anos
Indicador  5.4.1;2;7.8;16;Amapá;9471;2017;5;Mulheres;3302;60 anos ou mais
Indicador  5.4.1;2;7.2;16;Amapá;9471;2018;6794;Total;95253;Total
Indicador  5.4.1;2;7.1;16;Amapá;9471;2018;6794;Total;41114;14 a 29 anos
Indicador  5.4.1;2;7.6;16;Amapá;9471;2018;6794;Total;41113;30 a 49 anos
Indicador  5.4.1;2;7.1;16;Amapá;9471;2018;6794;Total;3301;50 a 59 anos
Indicador  5.4.1;2;6.3;16;Amapá;9471;2018;6794;Total;3302;60 anos ou mais
Indicador  5.4.1;2;5.6;16;Amapá;9471;2018;4;Homens;95253;Total
Indicador  5.4.1;2;5.2;16;Amapá;9471;2018;4;Homens;41114;14 a 29 anos
Indicador  5.4.1;2;6.1;16;Amapá;9471;2018;4;Homens;41113;30 a 49 anos
Indicador  5.4.1;2;5.3;16;Amapá;9471;2018;4;Homens;3301;50 a 59 anos
Indicador  5.4.1;2;6.0;16;Amapá;9471;2018;4;Homens;3302;60 anos ou mais
Indicador  5.4.1;2;8.8;16;Amapá;9471;2018;5;Mulheres;95253;Total
Indicador  5.4.1;2;9.1;16;Amapá;9471;2018;5;Mulheres;41114;14 a 29 anos
Indicador  5.4.1;2;9.1;16;Amapá;9471;2018;5;Mulheres;41113;30 a 49 anos
Indicador  5.4.1;2;8.8;16;Amapá;9471;2018;5;Mulheres;3301;50 a 59 anos
Indicador  5.4.1;2;6.5;16;Amapá;9471;2018;5;Mulheres;3302;60 anos ou mais
Indicador  5.4.1;2;8.1;16;Amapá;9471;2019;6794;Total;95253;Total
Indicador  5.4.1;2;7.1;16;Amapá;9471;2019;6794;Total;41114;14 a 29 anos
Indicador  5.4.1;2;9.0;16;Amapá;9471;2019;6794;Total;41113;30 a 49 anos
Indicador  5.4.1;2;8.8;16;Amapá;9471;2019;6794;Total;3301;50 a 59 anos
Indicador  5.4.1;2;7.8;16;Amapá;9471;2019;6794;Total;3302;60 anos ou mais
Indicador  5.4.1;2;6.4;16;Amapá;9471;2019;4;Homens;95253;Total
Indicador  5.4.1;2;5.8;16;Amapá;9471;2019;4;Homens;41114;14 a 29 anos
Indicador  5.4.1;2;7.0;16;Amapá;9471;2019;4;Homens;41113;30 a 49 anos
Indicador  5.4.1;2;6.8;16;Amapá;9471;2019;4;Homens;3301;50 a 59 anos
Indicador  5.4.1;2;6.0;16;Amapá;9471;2019;4;Homens;3302;60 anos ou mais
Indicador  5.4.1;2;9.7;16;Amapá;9471;2019;5;Mulheres;95253;Total
Indicador  5.4.1;2;8.4;16;Amapá;9471;2019;5;Mulheres;41114;14 a 29 anos
Indicador  5.4.1;2;10.8;16;Amapá;9471;2019;5;Mulheres;41113;30 a 49 anos
Indicador  5.4.1;2;10.6;16;Amapá;9471;2019;5;Mulheres;3301;50 a 59 anos
Indicador  5.4.1;2;9.5;16;Amapá;9471;2019;5;Mulheres;3302;60 anos ou mais
Indicador  5.4.1;2;7.2;16;Amapá;9471;2022;6794;Total;95253;Total
Indicador  5.4.1;2;6.3;16;Amapá;9471;2022;6794;Total;41114;14 a 29 anos
Indicador  5.4.1;2;8.1;16;Amapá;9471;2022;6794;Total;41113;30 a 49 anos
Indicador  5.4.1;2;7.5;16;Amapá;9471;2022;6794;Total;3301;50 a 59 anos
Indicador  5.4.1;2;7.1;16;Amapá;9471;2022;6794;Total;3302;60 anos ou mais
Indicador  5.4.1;2;5.5;16;Amapá;9471;2022;4;Homens;95253;Total
Indicador  5.4.1;2;4.8;16;Amapá;9471;2022;4;Homens;41114;14 a 29 anos
Indicador  5.4.1;2;6.1;16;Amapá;9471;2022;4;Homens;41113;30 a 49 anos
Indicador  5.4.1;2;5.8;16;Amapá;9471;2022;4;Homens;3301;50 a 59 anos
Indicador  5.4.1;2;5.9;16;Amapá;9471;2022;4;Homens;3302;60 anos ou mais
Indicador  5.4.1;2;8.9;16;Amapá;9471;2022;5;Mulheres;95253;Total
Indicador  5.4.1;2;7.8;16;Amapá;9471;2022;5;Mulheres;41114;14 a 29 anos
Indicador  5.4.1;2;10.0;16;Amapá;9471;2022;5;Mulheres;41113;30 a 49 anos
Indicador  5.4.1;2;9.3;16;Amapá;9471;2022;5;Mulheres;3301;50 a 59 anos
Indicador  5.4.1;2;8.1;16;Amapá;9471;2022;5;Mulheres;3302;60 anos ou mais
Indicador  5.4.1;2;7.0;17;Tocantins;9471;2016;6794;Total;95253;Total
Indicador  5.4.1;2;6.2;17;Tocantins;9471;2016;6794;Total;41114;14 a 29 anos
Indicador  5.4.1;2;7.7;17;Tocantins;9471;2016;6794;Total;41113;30 a 49 anos
Indicador  5.4.1;2;7.6;17;Tocantins;9471;2016;6794;Total;3301;50 a 59 anos
Indicador  5.4.1;2;6.8;17;Tocantins;9471;2016;6794;Total;3302;60 anos ou mais
Indicador  5.4.1;2;4.4;17;Tocantins;9471;2016;4;Homens;95253;Total
Indicador  5.4.1;2;3.9;17;Tocantins;9471;2016;4;Homens;41114;14 a 29 anos
Indicador  5.4.1;2;4.9;17;Tocantins;9471;2016;4;Homens;41113;30 a 49 anos
Indicador  5.4.1;2;4.6;17;Tocantins;9471;2016;4;Homens;3301;50 a 59 anos
Indicador  5.4.1;2;4.4;17;Tocantins;9471;2016;4;Homens;3302;60 anos ou mais
Indicador  5.4.1;2;9.5;17;Tocantins;9471;2016;5;Mulheres;95253;Total
Indicador  5.4.1;2;8.5;17;Tocantins;9471;2016;5;Mulheres;41114;14 a 29 anos
Indicador  5.4.1;2;10.4;17;Tocantins;9471;2016;5;Mulheres;41113;30 a 49 anos
Indicador  5.4.1;2;10.7;17;Tocantins;9471;2016;5;Mulheres;3301;50 a 59 anos
Indicador  5.4.1;2;9.2;17;Tocantins;9471;2016;5;Mulheres;3302;60 anos ou mais
Indicador  5.4.1;2;7.6;17;Tocantins;9471;2017;6794;Total;95253;Total
Indicador  5.4.1;2;6.4;17;Tocantins;9471;2017;6794;Total;41114;14 a 29 anos
Indicador  5.4.1;2;8.3;17;Tocantins;9471;2017;6794;Total;41113;30 a 49 anos
Indicador  5.4.1;2;8.8;17;Tocantins;9471;2017;6794;Total;3301;50 a 59 anos
Indicador  5.4.1;2;7.8;17;Tocantins;9471;2017;6794;Total;3302;60 anos ou mais
Indicador  5.4.1;2;4.9;17;Tocantins;9471;2017;4;Homens;95253;Total
Indicador  5.4.1;2;3.7;17;Tocantins;9471;2017;4;Homens;41114;14 a 29 anos
Indicador  5.4.1;2;5.5;17;Tocantins;9471;2017;4;Homens;41113;30 a 49 anos
Indicador  5.4.1;2;5.3;17;Tocantins;9471;2017;4;Homens;3301;50 a 59 anos
Indicador  5.4.1;2;5.9;17;Tocantins;9471;2017;4;Homens;3302;60 anos ou mais
Indicador  5.4.1;2;10.3;17;Tocantins;9471;2017;5;Mulheres;95253;Total
Indicador  5.4.1;2;9.1;17;Tocantins;9471;2017;5;Mulheres;41114;14 a 29 anos
Indicador  5.4.1;2;11.0;17;Tocantins;9471;2017;5;Mulheres;41113;30 a 49 anos
Indicador  5.4.1;2;12.2;17;Tocantins;9471;2017;5;Mulheres;3301;50 a 59 anos
Indicador  5.4.1;2;9.6;17;Tocantins;9471;2017;5;Mulheres;3302;60 anos ou mais
Indicador  5.4.1;2;7.7;17;Tocantins;9471;2018;6794;Total;95253;Total
Indicador  5.4.1;2;6.4;17;Tocantins;9471;2018;6794;Total;41114;14 a 29 anos
Indicador  5.4.1;2;8.5;17;Tocantins;9471;2018;6794;Total;41113;30 a 49 anos
Indicador  5.4.1;2;8.6;17;Tocantins;9471;2018;6794;Total;3301;50 a 59 anos
Indicador  5.4.1;2;7.5;17;Tocantins;9471;2018;6794;Total;3302;60 anos ou mais
Indicador  5.4.1;2;4.9;17;Tocantins;9471;2018;4;Homens;95253;Total
Indicador  5.4.1;2;3.9;17;Tocantins;9471;2018;4;Homens;41114;14 a 29 anos
Indicador  5.4.1;2;5.5;17;Tocantins;9471;2018;4;Homens;41113;30 a 49 anos
Indicador  5.4.1;2;5.8;17;Tocantins;9471;2018;4;Homens;3301;50 a 59 anos
Indicador  5.4.1;2;5.2;17;Tocantins;9471;2018;4;Homens;3302;60 anos ou mais
Indicador  5.4.1;2;10.4;17;Tocantins;9471;2018;5;Mulheres;95253;Total
Indicador  5.4.1;2;8.9;17;Tocantins;9471;2018;5;Mulheres;41114;14 a 29 anos
Indicador  5.4.1;2;11.4;17;Tocantins;9471;2018;5;Mulheres;41113;30 a 49 anos
Indicador  5.4.1;2;11.3;17;Tocantins;9471;2018;5;Mulheres;3301;50 a 59 anos
Indicador  5.4.1;2;10.0;17;Tocantins;9471;2018;5;Mulheres;3302;60 anos ou mais
Indicador  5.4.1;2;8.0;17;Tocantins;9471;2019;6794;Total;95253;Total
Indicador  5.4.1;2;7.2;17;Tocantins;9471;2019;6794;Total;41114;14 a 29 anos
Indicador  5.4.1;2;8.4;17;Tocantins;9471;2019;6794;Total;41113;30 a 49 anos
Indicador  5.4.1;2;9.0;17;Tocantins;9471;2019;6794;Total;3301;50 a 59 anos
Indicador  5.4.1;2;7.9;17;Tocantins;9471;2019;6794;Total;3302;60 anos ou mais
Indicador  5.4.1;2;5.3;17;Tocantins;9471;2019;4;Homens;95253;Total
Indicador  5.4.1;2;4.4;17;Tocantins;9471;2019;4;Homens;41114;14 a 29 anos
Indicador  5.4.1;2;5.5;17;Tocantins;9471;2019;4;Homens;41113;30 a 49 anos
Indicador  5.4.1;2;6.2;17;Tocantins;9471;2019;4;Homens;3301;50 a 59 anos
Indicador  5.4.1;2;6.0;17;Tocantins;9471;2019;4;Homens;3302;60 anos ou mais
Indicador  5.4.1;2;10.7;17;Tocantins;9471;2019;5;Mulheres;95253;Total
Indicador  5.4.1;2;10.0;17;Tocantins;9471;2019;5;Mulheres;41114;14 a 29 anos
Indicador  5.4.1;2;11.5;17;Tocantins;9471;2019;5;Mulheres;41113;30 a 49 anos
Indicador  5.4.1;2;11.8;17;Tocantins;9471;2019;5;Mulheres;3301;50 a 59 anos
Indicador  5.4.1;2;9.7;17;Tocantins;9471;2019;5;Mulheres;3302;60 anos ou mais
Indicador  5.4.1;2;8.1;17;Tocantins;9471;2022;6794;Total;95253;Total
Indicador  5.4.1;2;7.0;17;Tocantins;9471;2022;6794;Total;41114;14 a 29 anos
Indicador  5.4.1;2;8.5;17;Tocantins;9471;2022;6794;Total;41113;30 a 49 anos
Indicador  5.4.1;2;9.3;17;Tocantins;9471;2022;6794;Total;3301;50 a 59 anos
Indicador  5.4.1;2;9.0;17;Tocantins;9471;2022;6794;Total;3302;60 anos ou mais
Indicador  5.4.1;2;5.5;17;Tocantins;9471;2022;4;Homens;95253;Total
Indicador  5.4.1;2;4.6;17;Tocantins;9471;2022;4;Homens;41114;14 a 29 anos
Indicador  5.4.1;2;5.6;17;Tocantins;9471;2022;4;Homens;41113;30 a 49 anos
Indicador  5.4.1;2;6.4;17;Tocantins;9471;2022;4;Homens;3301;50 a 59 anos
Indicador  5.4.1;2;6.4;17;Tocantins;9471;2022;4;Homens;3302;60 anos ou mais
Indicador  5.4.1;2;11.0;17;Tocantins;9471;2022;5;Mulheres;95253;Total
Indicador  5.4.1;2;9.5;17;Tocantins;9471;2022;5;Mulheres;41114;14 a 29 anos
Indicador  5.4.1;2;11.6;17;Tocantins;9471;2022;5;Mulheres;41113;30 a 49 anos
Indicador  5.4.1;2;12.3;17;Tocantins;9471;2022;5;Mulheres;3301;50 a 59 anos
Indicador  5.4.1;2;11.5;17;Tocantins;9471;2022;5;Mulheres;3302;60 anos ou mais
Indicador  5.4.1;2;8.0;21;Maranhão;9471;2016;6794;Total;95253;Total
Indicador  5.4.1;2;7.0;21;Maranhão;9471;2016;6794;Total;41114;14 a 29 anos
Indicador  5.4.1;2;9.0;21;Maranhão;9471;2016;6794;Total;41113;30 a 49 anos
Indicador  5.4.1;2;9.1;21;Maranhão;9471;2016;6794;Total;3301;50 a 59 anos
Indicador  5.4.1;2;7.2;21;Maranhão;9471;2016;6794;Total;3302;60 anos ou mais
Indicador  5.4.1;2;4.4;21;Maranhão;9471;2016;4;Homens;95253;Total
Indicador  5.4.1;2;3.6;21;Maranhão;9471;2016;4;Homens;41114;14 a 29 anos
Indicador  5.4.1;2;5.0;21;Maranhão;9471;2016;4;Homens;41113;30 a 49 anos
Indicador  5.4.1;2;5.0;21;Maranhão;9471;2016;4;Homens;3301;50 a 59 anos
Indicador  5.4.1;2;4.4;21;Maranhão;9471;2016;4;Homens;3302;60 anos ou mais
Indicador  5.4.1;2;11.4;21;Maranhão;9471;2016;5;Mulheres;95253;Total
Indicador  5.4.1;2;10.4;21;Maranhão;9471;2016;5;Mulheres;41114;14 a 29 anos
Indicador  5.4.1;2;12.8;21;Maranhão;9471;2016;5;Mulheres;41113;30 a 49 anos
Indicador  5.4.1;2;12.7;21;Maranhão;9471;2016;5;Mulheres;3301;50 a 59 anos
Indicador  5.4.1;2;9.7;21;Maranhão;9471;2016;5;Mulheres;3302;60 anos ou mais
Indicador  5.4.1;2;8.1;21;Maranhão;9471;2017;6794;Total;95253;Total
Indicador  5.4.1;2;7.1;21;Maranhão;9471;2017;6794;Total;41114;14 a 29 anos
Indicador  5.4.1;2;9.2;21;Maranhão;9471;2017;6794;Total;41113;30 a 49 anos
Indicador  5.4.1;2;9.3;21;Maranhão;9471;2017;6794;Total;3301;50 a 59 anos
Indicador  5.4.1;2;7.2;21;Maranhão;9471;2017;6794;Total;3302;60 anos ou mais
Indicador  5.4.1;2;4.4;21;Maranhão;9471;2017;4;Homens;95253;Total
Indicador  5.4.1;2;3.7;21;Maranhão;9471;2017;4;Homens;41114;14 a 29 anos
Indicador  5.4.1;2;5.2;21;Maranhão;9471;2017;4;Homens;41113;30 a 49 anos
Indicador  5.4.1;2;4.8;21;Maranhão;9471;2017;4;Homens;3301;50 a 59 anos
Indicador  5.4.1;2;4.3;21;Maranhão;9471;2017;4;Homens;3302;60 anos ou mais
Indicador  5.4.1;2;11.6;21;Maranhão;9471;2017;5;Mulheres;95253;Total
Indicador  5.4.1;2;10.5;21;Maranhão;9471;2017;5;Mulheres;41114;14 a 29 anos
Indicador  5.4.1;2;13.2;21;Maranhão;9471;2017;5;Mulheres;41113;30 a 49 anos
Indicador  5.4.1;2;13.3;21;Maranhão;9471;2017;5;Mulheres;3301;50 a 59 anos
Indicador  5.4.1;2;9.7;21;Maranhão;9471;2017;5;Mulheres;3302;60 anos ou mais
Indicador  5.4.1;2;8.2;21;Maranhão;9471;2018;6794;Total;95253;Total
Indicador  5.4.1;2;7.1;21;Maranhão;9471;2018;6794;Total;41114;14 a 29 anos
Indicador  5.4.1;2;9.1;21;Maranhão;9471;2018;6794;Total;41113;30 a 49 anos
Indicador  5.4.1;2;9.8;21;Maranhão;9471;2018;6794;Total;3301;50 a 59 anos
Indicador  5.4.1;2;7.4;21;Maranhão;9471;2018;6794;Total;3302;60 anos ou mais
Indicador  5.4.1;2;4.5;21;Maranhão;9471;2018;4;Homens;95253;Total
Indicador  5.4.1;2;3.8;21;Maranhão;9471;2018;4;Homens;41114;14 a 29 anos
Indicador  5.4.1;2;5.0;21;Maranhão;9471;2018;4;Homens;41113;30 a 49 anos
Indicador  5.4.1;2;5.3;21;Maranhão;9471;2018;4;Homens;3301;50 a 59 anos
Indicador  5.4.1;2;4.5;21;Maranhão;9471;2018;4;Homens;3302;60 anos ou mais
Indicador  5.4.1;2;11.6;21;Maranhão;9471;2018;5;Mulheres;95253;Total
Indicador  5.4.1;2;10.2;21;Maranhão;9471;2018;5;Mulheres;41114;14 a 29 anos
Indicador  5.4.1;2;13.1;21;Maranhão;9471;2018;5;Mulheres;41113;30 a 49 anos
Indicador  5.4.1;2;13.7;21;Maranhão;9471;2018;5;Mulheres;3301;50 a 59 anos
Indicador  5.4.1;2;9.9;21;Maranhão;9471;2018;5;Mulheres;3302;60 anos ou mais
Indicador  5.4.1;2;8.0;21;Maranhão;9471;2019;6794;Total;95253;Total
Indicador  5.4.1;2;6.8;21;Maranhão;9471;2019;6794;Total;41114;14 a 29 anos
Indicador  5.4.1;2;9.0;21;Maranhão;9471;2019;6794;Total;41113;30 a 49 anos
Indicador  5.4.1;2;9.4;21;Maranhão;9471;2019;6794;Total;3301;50 a 59 anos
Indicador  5.4.1;2;7.4;21;Maranhão;9471;2019;6794;Total;3302;60 anos ou mais
Indicador  5.4.1;2;4.5;21;Maranhão;9471;2019;4;Homens;95253;Total
Indicador  5.4.1;2;3.8;21;Maranhão;9471;2019;4;Homens;41114;14 a 29 anos
Indicador  5.4.1;2;5.0;21;Maranhão;9471;2019;4;Homens;41113;30 a 49 anos
Indicador  5.4.1;2;5.2;21;Maranhão;9471;2019;4;Homens;3301;50 a 59 anos
Indicador  5.4.1;2;4.5;21;Maranhão;9471;2019;4;Homens;3302;60 anos ou mais
Indicador  5.4.1;2;11.3;21;Maranhão;9471;2019;5;Mulheres;95253;Total
Indicador  5.4.1;2;9.9;21;Maranhão;9471;2019;5;Mulheres;41114;14 a 29 anos
Indicador  5.4.1;2;12.8;21;Maranhão;9471;2019;5;Mulheres;41113;30 a 49 anos
Indicador  5.4.1;2;13.0;21;Maranhão;9471;2019;5;Mulheres;3301;50 a 59 anos
Indicador  5.4.1;2;9.9;21;Maranhão;9471;2019;5;Mulheres;3302;60 anos ou mais
Indicador  5.4.1;2;8.1;21;Maranhão;9471;2022;6794;Total;95253;Total
Indicador  5.4.1;2;6.8;21;Maranhão;9471;2022;6794;Total;41114;14 a 29 anos
Indicador  5.4.1;2;9.2;21;Maranhão;9471;2022;6794;Total;41113;30 a 49 anos
Indicador  5.4.1;2;9.2;21;Maranhão;9471;2022;6794;Total;3301;50 a 59 anos
Indicador  5.4.1;2;7.7;21;Maranhão;9471;2022;6794;Total;3302;60 anos ou mais
Indicador  5.4.1;2;5.0;21;Maranhão;9471;2022;4;Homens;95253;Total
Indicador  5.4.1;2;4.3;21;Maranhão;9471;2022;4;Homens;41114;14 a 29 anos
Indicador  5.4.1;2;5.4;21;Maranhão;9471;2022;4;Homens;41113;30 a 49 anos
Indicador  5.4.1;2;5.8;21;Maranhão;9471;2022;4;Homens;3301;50 a 59 anos
Indicador  5.4.1;2;5.1;21;Maranhão;9471;2022;4;Homens;3302;60 anos ou mais
Indicador  5.4.1;2;11.0;21;Maranhão;9471;2022;5;Mulheres;95253;Total
Indicador  5.4.1;2;9.3;21;Maranhão;9471;2022;5;Mulheres;41114;14 a 29 anos
Indicador  5.4.1;2;12.8;21;Maranhão;9471;2022;5;Mulheres;41113;30 a 49 anos
Indicador  5.4.1;2;12.4;21;Maranhão;9471;2022;5;Mulheres;3301;50 a 59 anos
Indicador  5.4.1;2;9.8;21;Maranhão;9471;2022;5;Mulheres;3302;60 anos ou mais
Indicador  5.4.1;2;8.1;22;Piauí;9471;2016;6794;Total;95253;Total
Indicador  5.4.1;2;6.7;22;Piauí;9471;2016;6794;Total;41114;14 a 29 anos
Indicador  5.4.1;2;9.1;22;Piauí;9471;2016;6794;Total;41113;30 a 49 anos
Indicador  5.4.1;2;9.4;22;Piauí;9471;2016;6794;Total;3301;50 a 59 anos
Indicador  5.4.1;2;7.7;22;Piauí;9471;2016;6794;Total;3302;60 anos ou mais
Indicador  5.4.1;2;4.4;22;Piauí;9471;2016;4;Homens;95253;Total
Indicador  5.4.1;2;3.4;22;Piauí;9471;2016;4;Homens;41114;14 a 29 anos
Indicador  5.4.1;2;5.0;22;Piauí;9471;2016;4;Homens;41113;30 a 49 anos
Indicador  5.4.1;2;4.8;22;Piauí;9471;2016;4;Homens;3301;50 a 59 anos
Indicador  5.4.1;2;4.5;22;Piauí;9471;2016;4;Homens;3302;60 anos ou mais
Indicador  5.4.1;2;11.7;22;Piauí;9471;2016;5;Mulheres;95253;Total
Indicador  5.4.1;2;10.3;22;Piauí;9471;2016;5;Mulheres;41114;14 a 29 anos
Indicador  5.4.1;2;13.0;22;Piauí;9471;2016;5;Mulheres;41113;30 a 49 anos
Indicador  5.4.1;2;13.5;22;Piauí;9471;2016;5;Mulheres;3301;50 a 59 anos
Indicador  5.4.1;2;10.2;22;Piauí;9471;2016;5;Mulheres;3302;60 anos ou mais
Indicador  5.4.1;2;8.3;22;Piauí;9471;2017;6794;Total;95253;Total
Indicador  5.4.1;2;7.0;22;Piauí;9471;2017;6794;Total;41114;14 a 29 anos
Indicador  5.4.1;2;9.4;22;Piauí;9471;2017;6794;Total;41113;30 a 49 anos
Indicador  5.4.1;2;9.5;22;Piauí;9471;2017;6794;Total;3301;50 a 59 anos
Indicador  5.4.1;2;7.6;22;Piauí;9471;2017;6794;Total;3302;60 anos ou mais
Indicador  5.4.1;2;4.5;22;Piauí;9471;2017;4;Homens;95253;Total
Indicador  5.4.1;2;3.6;22;Piauí;9471;2017;4;Homens;41114;14 a 29 anos
Indicador  5.4.1;2;5.1;22;Piauí;9471;2017;4;Homens;41113;30 a 49 anos
Indicador  5.4.1;2;4.9;22;Piauí;9471;2017;4;Homens;3301;50 a 59 anos
Indicador  5.4.1;2;4.6;22;Piauí;9471;2017;4;Homens;3302;60 anos ou mais
Indicador  5.4.1;2;11.9;22;Piauí;9471;2017;5;Mulheres;95253;Total
Indicador  5.4.1;2;10.5;22;Piauí;9471;2017;5;Mulheres;41114;14 a 29 anos
Indicador  5.4.1;2;13.5;22;Piauí;9471;2017;5;Mulheres;41113;30 a 49 anos
Indicador  5.4.1;2;13.5;22;Piauí;9471;2017;5;Mulheres;3301;50 a 59 anos
Indicador  5.4.1;2;10.0;22;Piauí;9471;2017;5;Mulheres;3302;60 anos ou mais
Indicador  5.4.1;2;8.5;22;Piauí;9471;2018;6794;Total;95253;Total
Indicador  5.4.1;2;7.1;22;Piauí;9471;2018;6794;Total;41114;14 a 29 anos
Indicador  5.4.1;2;9.7;22;Piauí;9471;2018;6794;Total;41113;30 a 49 anos
Indicador  5.4.1;2;9.7;22;Piauí;9471;2018;6794;Total;3301;50 a 59 anos
Indicador  5.4.1;2;7.6;22;Piauí;9471;2018;6794;Total;3302;60 anos ou mais
Indicador  5.4.1;2;4.8;22;Piauí;9471;2018;4;Homens;95253;Total
Indicador  5.4.1;2;4.0;22;Piauí;9471;2018;4;Homens;41114;14 a 29 anos
Indicador  5.4.1;2;5.4;22;Piauí;9471;2018;4;Homens;41113;30 a 49 anos
Indicador  5.4.1;2;5.0;22;Piauí;9471;2018;4;Homens;3301;50 a 59 anos
Indicador  5.4.1;2;4.6;22;Piauí;9471;2018;4;Homens;3302;60 anos ou mais
Indicador  5.4.1;2;12.0;22;Piauí;9471;2018;5;Mulheres;95253;Total
Indicador  5.4.1;2;10.2;22;Piauí;9471;2018;5;Mulheres;41114;14 a 29 anos
Indicador  5.4.1;2;13.8;22;Piauí;9471;2018;5;Mulheres;41113;30 a 49 anos
Indicador  5.4.1;2;13.8;22;Piauí;9471;2018;5;Mulheres;3301;50 a 59 anos
Indicador  5.4.1;2;10.0;22;Piauí;9471;2018;5;Mulheres;3302;60 anos ou mais
Indicador  5.4.1;2;8.9;22;Piauí;9471;2019;6794;Total;95253;Total
Indicador  5.4.1;2;7.4;22;Piauí;9471;2019;6794;Total;41114;14 a 29 anos
Indicador  5.4.1;2;10.3;22;Piauí;9471;2019;6794;Total;41113;30 a 49 anos
Indicador  5.4.1;2;10.2;22;Piauí;9471;2019;6794;Total;3301;50 a 59 anos
Indicador  5.4.1;2;8.1;22;Piauí;9471;2019;6794;Total;3302;60 anos ou mais
Indicador  5.4.1;2;5.2;22;Piauí;9471;2019;4;Homens;95253;Total
Indicador  5.4.1;2;4.3;22;Piauí;9471;2019;4;Homens;41114;14 a 29 anos
Indicador  5.4.1;2;6.0;22;Piauí;9471;2019;4;Homens;41113;30 a 49 anos
Indicador  5.4.1;2;5.3;22;Piauí;9471;2019;4;Homens;3301;50 a 59 anos
Indicador  5.4.1;2;5.1;22;Piauí;9471;2019;4;Homens;3302;60 anos ou mais
Indicador  5.4.1;2;12.5;22;Piauí;9471;2019;5;Mulheres;95253;Total
Indicador  5.4.1;2;10.5;22;Piauí;9471;2019;5;Mulheres;41114;14 a 29 anos
Indicador  5.4.1;2;14.5;22;Piauí;9471;2019;5;Mulheres;41113;30 a 49 anos
Indicador  5.4.1;2;14.6;22;Piauí;9471;2019;5;Mulheres;3301;50 a 59 anos
Indicador  5.4.1;2;10.7;22;Piauí;9471;2019;5;Mulheres;3302;60 anos ou mais
Indicador  5.4.1;2;9.0;22;Piauí;9471;2022;6794;Total;95253;Total
Indicador  5.4.1;2;7.5;22;Piauí;9471;2022;6794;Total;41114;14 a 29 anos
Indicador  5.4.1;2;10.1;22;Piauí;9471;2022;6794;Total;41113;30 a 49 anos
Indicador  5.4.1;2;10.2;22;Piauí;9471;2022;6794;Total;3301;50 a 59 anos
Indicador  5.4.1;2;8.5;22;Piauí;9471;2022;6794;Total;3302;60 anos ou mais
Indicador  5.4.1;2;5.2;22;Piauí;9471;2022;4;Homens;95253;Total
Indicador  5.4.1;2;4.2;22;Piauí;9471;2022;4;Homens;41114;14 a 29 anos
Indicador  5.4.1;2;6.0;22;Piauí;9471;2022;4;Homens;41113;30 a 49 anos
Indicador  5.4.1;2;5.2;22;Piauí;9471;2022;4;Homens;3301;50 a 59 anos
Indicador  5.4.1;2;5.2;22;Piauí;9471;2022;4;Homens;3302;60 anos ou mais
Indicador  5.4.1;2;12.6;22;Piauí;9471;2022;5;Mulheres;95253;Total
Indicador  5.4.1;2;10.8;22;Piauí;9471;2022;5;Mulheres;41114;14 a 29 anos
Indicador  5.4.1;2;14.1;22;Piauí;9471;2022;5;Mulheres;41113;30 a 49 anos
Indicador  5.4.1;2;14.4;22;Piauí;9471;2022;5;Mulheres;3301;50 a 59 anos
Indicador  5.4.1;2;11.3;22;Piauí;9471;2022;5;Mulheres;3302;60 anos ou mais
Indicador  5.4.1;2;8.0;23;Ceará;9471;2016;6794;Total;95253;Total
Indicador  5.4.1;2;6.4;23;Ceará;9471;2016;6794;Total;41114;14 a 29 anos
Indicador  5.4.1;2;9.0;23;Ceará;9471;2016;6794;Total;41113;30 a 49 anos
Indicador  5.4.1;2;9.4;23;Ceará;9471;2016;6794;Total;3301;50 a 59 anos
Indicador  5.4.1;2;8.2;23;Ceará;9471;2016;6794;Total;3302;60 anos ou mais
Indicador  5.4.1;2;4.2;23;Ceará;9471;2016;4;Homens;95253;Total
Indicador  5.4.1;2;3.2;23;Ceará;9471;2016;4;Homens;41114;14 a 29 anos
Indicador  5.4.1;2;4.8;23;Ceará;9471;2016;4;Homens;41113;30 a 49 anos
Indicador  5.4.1;2;4.8;23;Ceará;9471;2016;4;Homens;3301;50 a 59 anos
Indicador  5.4.1;2;4.4;23;Ceará;9471;2016;4;Homens;3302;60 anos ou mais
Indicador  5.4.1;2;11.5;23;Ceará;9471;2016;5;Mulheres;95253;Total
Indicador  5.4.1;2;9.5;23;Ceará;9471;2016;5;Mulheres;41114;14 a 29 anos
Indicador  5.4.1;2;13.0;23;Ceará;9471;2016;5;Mulheres;41113;30 a 49 anos
Indicador  5.4.1;2;13.1;23;Ceará;9471;2016;5;Mulheres;3301;50 a 59 anos
Indicador  5.4.1;2;11.0;23;Ceará;9471;2016;5;Mulheres;3302;60 anos ou mais
Indicador  5.4.1;2;7.9;23;Ceará;9471;2017;6794;Total;95253;Total
Indicador  5.4.1;2;6.4;23;Ceará;9471;2017;6794;Total;41114;14 a 29 anos
Indicador  5.4.1;2;9.0;23;Ceará;9471;2017;6794;Total;41113;30 a 49 anos
Indicador  5.4.1;2;9.1;23;Ceará;9471;2017;6794;Total;3301;50 a 59 anos
Indicador  5.4.1;2;7.8;23;Ceará;9471;2017;6794;Total;3302;60 anos ou mais
Indicador  5.4.1;2;4.2;23;Ceará;9471;2017;4;Homens;95253;Total
Indicador  5.4.1;2;3.3;23;Ceará;9471;2017;4;Homens;41114;14 a 29 anos
Indicador  5.4.1;2;5.0;23;Ceará;9471;2017;4;Homens;41113;30 a 49 anos
Indicador  5.4.1;2;4.6;23;Ceará;9471;2017;4;Homens;3301;50 a 59 anos
Indicador  5.4.1;2;4.3;23;Ceará;9471;2017;4;Homens;3302;60 anos ou mais
Indicador  5.4.1;2;11.3;23;Ceará;9471;2017;5;Mulheres;95253;Total
Indicador  5.4.1;2;9.5;23;Ceará;9471;2017;5;Mulheres;41114;14 a 29 anos
Indicador  5.4.1;2;12.8;23;Ceará;9471;2017;5;Mulheres;41113;30 a 49 anos
Indicador  5.4.1;2;13.2;23;Ceará;9471;2017;5;Mulheres;3301;50 a 59 anos
Indicador  5.4.1;2;10.4;23;Ceará;9471;2017;5;Mulheres;3302;60 anos ou mais
Indicador  5.4.1;2;7.8;23;Ceará;9471;2018;6794;Total;95253;Total
Indicador  5.4.1;2;6.3;23;Ceará;9471;2018;6794;Total;41114;14 a 29 anos
Indicador  5.4.1;2;8.8;23;Ceará;9471;2018;6794;Total;41113;30 a 49 anos
Indicador  5.4.1;2;9.1;23;Ceará;9471;2018;6794;Total;3301;50 a 59 anos
Indicador  5.4.1;2;7.7;23;Ceará;9471;2018;6794;Total;3302;60 anos ou mais
Indicador  5.4.1;2;4.3;23;Ceará;9471;2018;4;Homens;95253;Total
Indicador  5.4.1;2;3.4;23;Ceará;9471;2018;4;Homens;41114;14 a 29 anos
Indicador  5.4.1;2;5.1;23;Ceará;9471;2018;4;Homens;41113;30 a 49 anos
Indicador  5.4.1;2;4.8;23;Ceará;9471;2018;4;Homens;3301;50 a 59 anos
Indicador  5.4.1;2;4.4;23;Ceará;9471;2018;4;Homens;3302;60 anos ou mais
Indicador  5.4.1;2;11.0;23;Ceará;9471;2018;5;Mulheres;95253;Total
Indicador  5.4.1;2;9.4;23;Ceará;9471;2018;5;Mulheres;41114;14 a 29 anos
Indicador  5.4.1;2;12.3;23;Ceará;9471;2018;5;Mulheres;41113;30 a 49 anos
Indicador  5.4.1;2;12.9;23;Ceará;9471;2018;5;Mulheres;3301;50 a 59 anos
Indicador  5.4.1;2;10.1;23;Ceará;9471;2018;5;Mulheres;3302;60 anos ou mais
Indicador  5.4.1;2;8.3;23;Ceará;9471;2019;6794;Total;95253;Total
Indicador  5.4.1;2;6.6;23;Ceará;9471;2019;6794;Total;41114;14 a 29 anos
Indicador  5.4.1;2;9.5;23;Ceará;9471;2019;6794;Total;41113;30 a 49 anos
Indicador  5.4.1;2;10.1;23;Ceará;9471;2019;6794;Total;3301;50 a 59 anos
Indicador  5.4.1;2;7.9;23;Ceará;9471;2019;6794;Total;3302;60 anos ou mais
Indicador  5.4.1;2;4.3;23;Ceará;9471;2019;4;Homens;95253;Total
Indicador  5.4.1;2;3.3;23;Ceará;9471;2019;4;Homens;41114;14 a 29 anos
Indicador  5.4.1;2;4.9;23;Ceará;9471;2019;4;Homens;41113;30 a 49 anos
Indicador  5.4.1;2;5.3;23;Ceará;9471;2019;4;Homens;3301;50 a 59 anos
Indicador  5.4.1;2;4.0;23;Ceará;9471;2019;4;Homens;3302;60 anos ou mais
Indicador  5.4.1;2;12.0;23;Ceará;9471;2019;5;Mulheres;95253;Total
Indicador  5.4.1;2;9.9;23;Ceará;9471;2019;5;Mulheres;41114;14 a 29 anos
Indicador  5.4.1;2;13.6;23;Ceará;9471;2019;5;Mulheres;41113;30 a 49 anos
Indicador  5.4.1;2;14.2;23;Ceará;9471;2019;5;Mulheres;3301;50 a 59 anos
Indicador  5.4.1;2;11.0;23;Ceará;9471;2019;5;Mulheres;3302;60 anos ou mais
Indicador  5.4.1;2;9.3;23;Ceará;9471;2022;6794;Total;95253;Total
Indicador  5.4.1;2;7.3;23;Ceará;9471;2022;6794;Total;41114;14 a 29 anos
Indicador  5.4.1;2;10.6;23;Ceará;9471;2022;6794;Total;41113;30 a 49 anos
Indicador  5.4.1;2;11.0;23;Ceará;9471;2022;6794;Total;3301;50 a 59 anos
Indicador  5.4.1;2;9.1;23;Ceará;9471;2022;6794;Total;3302;60 anos ou mais
Indicador  5.4.1;2;5.3;23;Ceará;9471;2022;4;Homens;95253;Total
Indicador  5.4.1;2;4.1;23;Ceará;9471;2022;4;Homens;41114;14 a 29 anos
Indicador  5.4.1;2;5.8;23;Ceará;9471;2022;4;Homens;41113;30 a 49 anos
Indicador  5.4.1;2;6.2;23;Ceará;9471;2022;4;Homens;3301;50 a 59 anos
Indicador  5.4.1;2;5.8;23;Ceará;9471;2022;4;Homens;3302;60 anos ou mais
Indicador  5.4.1;2;13.0;23;Ceará;9471;2022;5;Mulheres;95253;Total
Indicador  5.4.1;2;10.5;23;Ceará;9471;2022;5;Mulheres;41114;14 a 29 anos
Indicador  5.4.1;2;14.9;23;Ceará;9471;2022;5;Mulheres;41113;30 a 49 anos
Indicador  5.4.1;2;15.2;23;Ceará;9471;2022;5;Mulheres;3301;50 a 59 anos
Indicador  5.4.1;2;11.6;23;Ceará;9471;2022;5;Mulheres;3302;60 anos ou mais
Indicador  5.4.1;2;8.4;24;Rio Grande do Norte;9471;2016;6794;Total;95253;Total
Indicador  5.4.1;2;6.5;24;Rio Grande do Norte;9471;2016;6794;Total;41114;14 a 29 anos
Indicador  5.4.1;2;9.6;24;Rio Grande do Norte;9471;2016;6794;Total;41113;30 a 49 anos
Indicador  5.4.1;2;10.4;24;Rio Grande do Norte;9471;2016;6794;Total;3301;50 a 59 anos
Indicador  5.4.1;2;8.2;24;Rio Grande do Norte;9471;2016;6794;Total;3302;60 anos ou mais
Indicador  5.4.1;2;4.1;24;Rio Grande do Norte;9471;2016;4;Homens;95253;Total
Indicador  5.4.1;2;3.1;24;Rio Grande do Norte;9471;2016;4;Homens;41114;14 a 29 anos
Indicador  5.4.1;2;4.7;24;Rio Grande do Norte;9471;2016;4;Homens;41113;30 a 49 anos
Indicador  5.4.1;2;4.6;24;Rio Grande do Norte;9471;2016;4;Homens;3301;50 a 59 anos
Indicador  5.4.1;2;4.2;24;Rio Grande do Norte;9471;2016;4;Homens;3302;60 anos ou mais
Indicador  5.4.1;2;12.5;24;Rio Grande do Norte;9471;2016;5;Mulheres;95253;Total
Indicador  5.4.1;2;10.0;24;Rio Grande do Norte;9471;2016;5;Mulheres;41114;14 a 29 anos
Indicador  5.4.1;2;14.0;24;Rio Grande do Norte;9471;2016;5;Mulheres;41113;30 a 49 anos
Indicador  5.4.1;2;15.2;24;Rio Grande do Norte;9471;2016;5;Mulheres;3301;50 a 59 anos
Indicador  5.4.1;2;11.5;24;Rio Grande do Norte;9471;2016;5;Mulheres;3302;60 anos ou mais
Indicador  5.4.1;2;8.3;24;Rio Grande do Norte;9471;2017;6794;Total;95253;Total
Indicador  5.4.1;2;6.3;24;Rio Grande do Norte;9471;2017;6794;Total;41114;14 a 29 anos
Indicador  5.4.1;2;9.3;24;Rio Grande do Norte;9471;2017;6794;Total;41113;30 a 49 anos
Indicador  5.4.1;2;10.2;24;Rio Grande do Norte;9471;2017;6794;Total;3301;50 a 59 anos
Indicador  5.4.1;2;8.5;24;Rio Grande do Norte;9471;2017;6794;Total;3302;60 anos ou mais
Indicador  5.4.1;2;4.2;24;Rio Grande do Norte;9471;2017;4;Homens;95253;Total
Indicador  5.4.1;2;3.1;24;Rio Grande do Norte;9471;2017;4;Homens;41114;14 a 29 anos
Indicador  5.4.1;2;4.9;24;Rio Grande do Norte;9471;2017;4;Homens;41113;30 a 49 anos
Indicador  5.4.1;2;5.2;24;Rio Grande do Norte;9471;2017;4;Homens;3301;50 a 59 anos
Indicador  5.4.1;2;4.2;24;Rio Grande do Norte;9471;2017;4;Homens;3302;60 anos ou mais
Indicador  5.4.1;2;12.0;24;Rio Grande do Norte;9471;2017;5;Mulheres;95253;Total
Indicador  5.4.1;2;9.4;24;Rio Grande do Norte;9471;2017;5;Mulheres;41114;14 a 29 anos
Indicador  5.4.1;2;13.5;24;Rio Grande do Norte;9471;2017;5;Mulheres;41113;30 a 49 anos
Indicador  5.4.1;2;14.5;24;Rio Grande do Norte;9471;2017;5;Mulheres;3301;50 a 59 anos
Indicador  5.4.1;2;11.7;24;Rio Grande do Norte;9471;2017;5;Mulheres;3302;60 anos ou mais
Indicador  5.4.1;2;8.3;24;Rio Grande do Norte;9471;2018;6794;Total;95253;Total
Indicador  5.4.1;2;6.2;24;Rio Grande do Norte;9471;2018;6794;Total;41114;14 a 29 anos
Indicador  5.4.1;2;9.8;24;Rio Grande do Norte;9471;2018;6794;Total;41113;30 a 49 anos
Indicador  5.4.1;2;10.1;24;Rio Grande do Norte;9471;2018;6794;Total;3301;50 a 59 anos
Indicador  5.4.1;2;7.8;24;Rio Grande do Norte;9471;2018;6794;Total;3302;60 anos ou mais
Indicador  5.4.1;2;4.1;24;Rio Grande do Norte;9471;2018;4;Homens;95253;Total
Indicador  5.4.1;2;3.0;24;Rio Grande do Norte;9471;2018;4;Homens;41114;14 a 29 anos
Indicador  5.4.1;2;4.9;24;Rio Grande do Norte;9471;2018;4;Homens;41113;30 a 49 anos
Indicador  5.4.1;2;5.1;24;Rio Grande do Norte;9471;2018;4;Homens;3301;50 a 59 anos
Indicador  5.4.1;2;3.6;24;Rio Grande do Norte;9471;2018;4;Homens;3302;60 anos ou mais
Indicador  5.4.1;2;12.3;24;Rio Grande do Norte;9471;2018;5;Mulheres;95253;Total
Indicador  5.4.1;2;9.5;24;Rio Grande do Norte;9471;2018;5;Mulheres;41114;14 a 29 anos
Indicador  5.4.1;2;14.5;24;Rio Grande do Norte;9471;2018;5;Mulheres;41113;30 a 49 anos
Indicador  5.4.1;2;14.6;24;Rio Grande do Norte;9471;2018;5;Mulheres;3301;50 a 59 anos
Indicador  5.4.1;2;10.9;24;Rio Grande do Norte;9471;2018;5;Mulheres;3302;60 anos ou mais
Indicador  5.4.1;2;7.8;24;Rio Grande do Norte;9471;2019;6794;Total;95253;Total
Indicador  5.4.1;2;6.1;24;Rio Grande do Norte;9471;2019;6794;Total;41114;14 a 29 anos
Indicador  5.4.1;2;8.7;24;Rio Grande do Norte;9471;2019;6794;Total;41113;30 a 49 anos
Indicador  5.4.1;2;9.3;24;Rio Grande do Norte;9471;2019;6794;Total;3301;50 a 59 anos
Indicador  5.4.1;2;8.0;24;Rio Grande do Norte;9471;2019;6794;Total;3302;60 anos ou mais
Indicador  5.4.1;2;3.8;24;Rio Grande do Norte;9471;2019;4;Homens;95253;Total
Indicador  5.4.1;2;2.9;24;Rio Grande do Norte;9471;2019;4;Homens;41114;14 a 29 anos
Indicador  5.4.1;2;4.1;24;Rio Grande do Norte;9471;2019;4;Homens;41113;30 a 49 anos
Indicador  5.4.1;2;4.7;24;Rio Grande do Norte;9471;2019;4;Homens;3301;50 a 59 anos
Indicador  5.4.1;2;4.1;24;Rio Grande do Norte;9471;2019;4;Homens;3302;60 anos ou mais
Indicador  5.4.1;2;11.6;24;Rio Grande do Norte;9471;2019;5;Mulheres;95253;Total
Indicador  5.4.1;2;9.5;24;Rio Grande do Norte;9471;2019;5;Mulheres;41114;14 a 29 anos
Indicador  5.4.1;2;13.1;24;Rio Grande do Norte;9471;2019;5;Mulheres;41113;30 a 49 anos
Indicador  5.4.1;2;13.3;24;Rio Grande do Norte;9471;2019;5;Mulheres;3301;50 a 59 anos
Indicador  5.4.1;2;10.8;24;Rio Grande do Norte;9471;2019;5;Mulheres;3302;60 anos ou mais
Indicador  5.4.1;2;9.4;24;Rio Grande do Norte;9471;2022;6794;Total;95253;Total
Indicador  5.4.1;2;7.2;24;Rio Grande do Norte;9471;2022;6794;Total;41114;14 a 29 anos
Indicador  5.4.1;2;10.1;24;Rio Grande do Norte;9471;2022;6794;Total;41113;30 a 49 anos
Indicador  5.4.1;2;11.4;24;Rio Grande do Norte;9471;2022;6794;Total;3301;50 a 59 anos
Indicador  5.4.1;2;10.0;24;Rio Grande do Norte;9471;2022;6794;Total;3302;60 anos ou mais
Indicador  5.4.1;2;5.3;24;Rio Grande do Norte;9471;2022;4;Homens;95253;Total
Indicador  5.4.1;2;4.1;24;Rio Grande do Norte;9471;2022;4;Homens;41114;14 a 29 anos
Indicador  5.4.1;2;5.7;24;Rio Grande do Norte;9471;2022;4;Homens;41113;30 a 49 anos
Indicador  5.4.1;2;6.1;24;Rio Grande do Norte;9471;2022;4;Homens;3301;50 a 59 anos
Indicador  5.4.1;2;5.9;24;Rio Grande do Norte;9471;2022;4;Homens;3302;60 anos ou mais
Indicador  5.4.1;2;13.2;24;Rio Grande do Norte;9471;2022;5;Mulheres;95253;Total
Indicador  5.4.1;2;10.3;24;Rio Grande do Norte;9471;2022;5;Mulheres;41114;14 a 29 anos
Indicador  5.4.1;2;14.6;24;Rio Grande do Norte;9471;2022;5;Mulheres;41113;30 a 49 anos
Indicador  5.4.1;2;15.8;24;Rio Grande do Norte;9471;2022;5;Mulheres;3301;50 a 59 anos
Indicador  5.4.1;2;13.2;24;Rio Grande do Norte;9471;2022;5;Mulheres;3302;60 anos ou mais
Indicador  5.4.1;2;8.9;25;Paraíba;9471;2016;6794;Total;95253;Total
Indicador  5.4.1;2;7.3;25;Paraíba;9471;2016;6794;Total;41114;14 a 29 anos
Indicador  5.4.1;2;10.0;25;Paraíba;9471;2016;6794;Total;41113;30 a 49 anos
Indicador  5.4.1;2;9.9;25;Paraíba;9471;2016;6794;Total;3301;50 a 59 anos
Indicador  5.4.1;2;8.9;25;Paraíba;9471;2016;6794;Total;3302;60 anos ou mais
Indicador  5.4.1;2;4.7;25;Paraíba;9471;2016;4;Homens;95253;Total
Indicador  5.4.1;2;3.9;25;Paraíba;9471;2016;4;Homens;41114;14 a 29 anos
Indicador  5.4.1;2;5.2;25;Paraíba;9471;2016;4;Homens;41113;30 a 49 anos
Indicador  5.4.1;2;5.2;25;Paraíba;9471;2016;4;Homens;3301;50 a 59 anos
Indicador  5.4.1;2;4.9;25;Paraíba;9471;2016;4;Homens;3302;60 anos ou mais
Indicador  5.4.1;2;12.7;25;Paraíba;9471;2016;5;Mulheres;95253;Total
Indicador  5.4.1;2;10.8;25;Paraíba;9471;2016;5;Mulheres;41114;14 a 29 anos
Indicador  5.4.1;2;14.3;25;Paraíba;9471;2016;5;Mulheres;41113;30 a 49 anos
Indicador  5.4.1;2;14.2;25;Paraíba;9471;2016;5;Mulheres;3301;50 a 59 anos
Indicador  5.4.1;2;11.9;25;Paraíba;9471;2016;5;Mulheres;3302;60 anos ou mais
Indicador  5.4.1;2;8.9;25;Paraíba;9471;2017;6794;Total;95253;Total
Indicador  5.4.1;2;7.3;25;Paraíba;9471;2017;6794;Total;41114;14 a 29 anos
Indicador  5.4.1;2;10.1;25;Paraíba;9471;2017;6794;Total;41113;30 a 49 anos
Indicador  5.4.1;2;10.3;25;Paraíba;9471;2017;6794;Total;3301;50 a 59 anos
Indicador  5.4.1;2;8.7;25;Paraíba;9471;2017;6794;Total;3302;60 anos ou mais
Indicador  5.4.1;2;5.0;25;Paraíba;9471;2017;4;Homens;95253;Total
Indicador  5.4.1;2;4.1;25;Paraíba;9471;2017;4;Homens;41114;14 a 29 anos
Indicador  5.4.1;2;5.5;25;Paraíba;9471;2017;4;Homens;41113;30 a 49 anos
Indicador  5.4.1;2;5.6;25;Paraíba;9471;2017;4;Homens;3301;50 a 59 anos
Indicador  5.4.1;2;5.1;25;Paraíba;9471;2017;4;Homens;3302;60 anos ou mais
Indicador  5.4.1;2;12.4;25;Paraíba;9471;2017;5;Mulheres;95253;Total
Indicador  5.4.1;2;10.2;25;Paraíba;9471;2017;5;Mulheres;41114;14 a 29 anos
Indicador  5.4.1;2;14.2;25;Paraíba;9471;2017;5;Mulheres;41113;30 a 49 anos
Indicador  5.4.1;2;14.7;25;Paraíba;9471;2017;5;Mulheres;3301;50 a 59 anos
Indicador  5.4.1;2;11.3;25;Paraíba;9471;2017;5;Mulheres;3302;60 anos ou mais
Indicador  5.4.1;2;9.1;25;Paraíba;9471;2018;6794;Total;95253;Total
Indicador  5.4.1;2;7.3;25;Paraíba;9471;2018;6794;Total;41114;14 a 29 anos
Indicador  5.4.1;2;10.4;25;Paraíba;9471;2018;6794;Total;41113;30 a 49 anos
Indicador  5.4.1;2;10.5;25;Paraíba;9471;2018;6794;Total;3301;50 a 59 anos
Indicador  5.4.1;2;8.8;25;Paraíba;9471;2018;6794;Total;3302;60 anos ou mais
Indicador  5.4.1;2;4.9;25;Paraíba;9471;2018;4;Homens;95253;Total
Indicador  5.4.1;2;4.0;25;Paraíba;9471;2018;4;Homens;41114;14 a 29 anos
Indicador  5.4.1;2;5.7;25;Paraíba;9471;2018;4;Homens;41113;30 a 49 anos
Indicador  5.4.1;2;5.1;25;Paraíba;9471;2018;4;Homens;3301;50 a 59 anos
Indicador  5.4.1;2;5.0;25;Paraíba;9471;2018;4;Homens;3302;60 anos ou mais
Indicador  5.4.1;2;12.9;25;Paraíba;9471;2018;5;Mulheres;95253;Total
Indicador  5.4.1;2;10.4;25;Paraíba;9471;2018;5;Mulheres;41114;14 a 29 anos
Indicador  5.4.1;2;14.9;25;Paraíba;9471;2018;5;Mulheres;41113;30 a 49 anos
Indicador  5.4.1;2;15.0;25;Paraíba;9471;2018;5;Mulheres;3301;50 a 59 anos
Indicador  5.4.1;2;11.6;25;Paraíba;9471;2018;5;Mulheres;3302;60 anos ou mais
Indicador  5.4.1;2;9.5;25;Paraíba;9471;2019;6794;Total;95253;Total
Indicador  5.4.1;2;7.6;25;Paraíba;9471;2019;6794;Total;41114;14 a 29 anos
Indicador  5.4.1;2;11.0;25;Paraíba;9471;2019;6794;Total;41113;30 a 49 anos
Indicador  5.4.1;2;10.6;25;Paraíba;9471;2019;6794;Total;3301;50 a 59 anos
Indicador  5.4.1;2;9.1;25;Paraíba;9471;2019;6794;Total;3302;60 anos ou mais
Indicador  5.4.1;2;4.9;25;Paraíba;9471;2019;4;Homens;95253;Total
Indicador  5.4.1;2;3.8;25;Paraíba;9471;2019;4;Homens;41114;14 a 29 anos
Indicador  5.4.1;2;5.8;25;Paraíba;9471;2019;4;Homens;41113;30 a 49 anos
Indicador  5.4.1;2;5.4;25;Paraíba;9471;2019;4;Homens;3301;50 a 59 anos
Indicador  5.4.1;2;5.0;25;Paraíba;9471;2019;4;Homens;3302;60 anos ou mais
Indicador  5.4.1;2;13.7;25;Paraíba;9471;2019;5;Mulheres;95253;Total
Indicador  5.4.1;2;11.6;25;Paraíba;9471;2019;5;Mulheres;41114;14 a 29 anos
Indicador  5.4.1;2;15.6;25;Paraíba;9471;2019;5;Mulheres;41113;30 a 49 anos
Indicador  5.4.1;2;15.3;25;Paraíba;9471;2019;5;Mulheres;3301;50 a 59 anos
Indicador  5.4.1;2;12.2;25;Paraíba;9471;2019;5;Mulheres;3302;60 anos ou mais
Indicador  5.4.1;2;9.3;25;Paraíba;9471;2022;6794;Total;95253;Total
Indicador  5.4.1;2;8.0;25;Paraíba;9471;2022;6794;Total;41114;14 a 29 anos
Indicador  5.4.1;2;10.4;25;Paraíba;9471;2022;6794;Total;41113;30 a 49 anos
Indicador  5.4.1;2;10.2;25;Paraíba;9471;2022;6794;Total;3301;50 a 59 anos
Indicador  5.4.1;2;8.5;25;Paraíba;9471;2022;6794;Total;3302;60 anos ou mais
Indicador  5.4.1;2;5.5;25;Paraíba;9471;2022;4;Homens;95253;Total
Indicador  5.4.1;2;4.7;25;Paraíba;9471;2022;4;Homens;41114;14 a 29 anos
Indicador  5.4.1;2;6.3;25;Paraíba;9471;2022;4;Homens;41113;30 a 49 anos
Indicador  5.4.1;2;5.7;25;Paraíba;9471;2022;4;Homens;3301;50 a 59 anos
Indicador  5.4.1;2;5.0;25;Paraíba;9471;2022;4;Homens;3302;60 anos ou mais
Indicador  5.4.1;2;12.9;25;Paraíba;9471;2022;5;Mulheres;95253;Total
Indicador  5.4.1;2;11.2;25;Paraíba;9471;2022;5;Mulheres;41114;14 a 29 anos
Indicador  5.4.1;2;14.5;25;Paraíba;9471;2022;5;Mulheres;41113;30 a 49 anos
Indicador  5.4.1;2;14.6;25;Paraíba;9471;2022;5;Mulheres;3301;50 a 59 anos
Indicador  5.4.1;2;11.3;25;Paraíba;9471;2022;5;Mulheres;3302;60 anos ou mais
Indicador  5.4.1;2;8.0;26;Pernambuco;9471;2016;6794;Total;95253;Total
Indicador  5.4.1;2;6.3;26;Pernambuco;9471;2016;6794;Total;41114;14 a 29 anos
Indicador  5.4.1;2;9.2;26;Pernambuco;9471;2016;6794;Total;41113;30 a 49 anos
Indicador  5.4.1;2;9.3;26;Pernambuco;9471;2016;6794;Total;3301;50 a 59 anos
Indicador  5.4.1;2;7.8;26;Pernambuco;9471;2016;6794;Total;3302;60 anos ou mais
Indicador  5.4.1;2;4.3;26;Pernambuco;9471;2016;4;Homens;95253;Total
Indicador  5.4.1;2;3.3;26;Pernambuco;9471;2016;4;Homens;41114;14 a 29 anos
Indicador  5.4.1;2;5.0;26;Pernambuco;9471;2016;4;Homens;41113;30 a 49 anos
Indicador  5.4.1;2;4.9;26;Pernambuco;9471;2016;4;Homens;3301;50 a 59 anos
Indicador  5.4.1;2;4.6;26;Pernambuco;9471;2016;4;Homens;3302;60 anos ou mais
Indicador  5.4.1;2;11.3;26;Pernambuco;9471;2016;5;Mulheres;95253;Total
Indicador  5.4.1;2;9.4;26;Pernambuco;9471;2016;5;Mulheres;41114;14 a 29 anos
Indicador  5.4.1;2;13.2;26;Pernambuco;9471;2016;5;Mulheres;41113;30 a 49 anos
Indicador  5.4.1;2;12.9;26;Pernambuco;9471;2016;5;Mulheres;3301;50 a 59 anos
Indicador  5.4.1;2;10.0;26;Pernambuco;9471;2016;5;Mulheres;3302;60 anos ou mais
Indicador  5.4.1;2;8.5;26;Pernambuco;9471;2017;6794;Total;95253;Total
Indicador  5.4.1;2;6.9;26;Pernambuco;9471;2017;6794;Total;41114;14 a 29 anos
Indicador  5.4.1;2;9.7;26;Pernambuco;9471;2017;6794;Total;41113;30 a 49 anos
Indicador  5.4.1;2;9.7;26;Pernambuco;9471;2017;6794;Total;3301;50 a 59 anos
Indicador  5.4.1;2;8.1;26;Pernambuco;9471;2017;6794;Total;3302;60 anos ou mais
Indicador  5.4.1;2;4.9;26;Pernambuco;9471;2017;4;Homens;95253;Total
Indicador  5.4.1;2;3.8;26;Pernambuco;9471;2017;4;Homens;41114;14 a 29 anos
Indicador  5.4.1;2;5.6;26;Pernambuco;9471;2017;4;Homens;41113;30 a 49 anos
Indicador  5.4.1;2;5.5;26;Pernambuco;9471;2017;4;Homens;3301;50 a 59 anos
Indicador  5.4.1;2;4.8;26;Pernambuco;9471;2017;4;Homens;3302;60 anos ou mais
Indicador  5.4.1;2;11.8;26;Pernambuco;9471;2017;5;Mulheres;95253;Total
Indicador  5.4.1;2;9.9;26;Pernambuco;9471;2017;5;Mulheres;41114;14 a 29 anos
Indicador  5.4.1;2;13.6;26;Pernambuco;9471;2017;5;Mulheres;41113;30 a 49 anos
Indicador  5.4.1;2;13.0;26;Pernambuco;9471;2017;5;Mulheres;3301;50 a 59 anos
Indicador  5.4.1;2;10.5;26;Pernambuco;9471;2017;5;Mulheres;3302;60 anos ou mais
Indicador  5.4.1;2;8.8;26;Pernambuco;9471;2018;6794;Total;95253;Total
Indicador  5.4.1;2;7.1;26;Pernambuco;9471;2018;6794;Total;41114;14 a 29 anos
Indicador  5.4.1;2;10.1;26;Pernambuco;9471;2018;6794;Total;41113;30 a 49 anos
Indicador  5.4.1;2;10.1;26;Pernambuco;9471;2018;6794;Total;3301;50 a 59 anos
Indicador  5.4.1;2;8.4;26;Pernambuco;9471;2018;6794;Total;3302;60 anos ou mais
Indicador  5.4.1;2;4.6;26;Pernambuco;9471;2018;4;Homens;95253;Total
Indicador  5.4.1;2;3.6;26;Pernambuco;9471;2018;4;Homens;41114;14 a 29 anos
Indicador  5.4.1;2;5.5;26;Pernambuco;9471;2018;4;Homens;41113;30 a 49 anos
Indicador  5.4.1;2;5.0;26;Pernambuco;9471;2018;4;Homens;3301;50 a 59 anos
Indicador  5.4.1;2;4.6;26;Pernambuco;9471;2018;4;Homens;3302;60 anos ou mais
Indicador  5.4.1;2;12.7;26;Pernambuco;9471;2018;5;Mulheres;95253;Total
Indicador  5.4.1;2;10.6;26;Pernambuco;9471;2018;5;Mulheres;41114;14 a 29 anos
Indicador  5.4.1;2;14.5;26;Pernambuco;9471;2018;5;Mulheres;41113;30 a 49 anos
Indicador  5.4.1;2;14.3;26;Pernambuco;9471;2018;5;Mulheres;3301;50 a 59 anos
Indicador  5.4.1;2;11.2;26;Pernambuco;9471;2018;5;Mulheres;3302;60 anos ou mais
Indicador  5.4.1;2;8.7;26;Pernambuco;9471;2019;6794;Total;95253;Total
Indicador  5.4.1;2;6.9;26;Pernambuco;9471;2019;6794;Total;41114;14 a 29 anos
Indicador  5.4.1;2;10.0;26;Pernambuco;9471;2019;6794;Total;41113;30 a 49 anos
Indicador  5.4.1;2;9.8;26;Pernambuco;9471;2019;6794;Total;3301;50 a 59 anos
Indicador  5.4.1;2;8.4;26;Pernambuco;9471;2019;6794;Total;3302;60 anos ou mais
Indicador  5.4.1;2;4.7;26;Pernambuco;9471;2019;4;Homens;95253;Total
Indicador  5.4.1;2;3.6;26;Pernambuco;9471;2019;4;Homens;41114;14 a 29 anos
Indicador  5.4.1;2;5.6;26;Pernambuco;9471;2019;4;Homens;41113;30 a 49 anos
Indicador  5.4.1;2;4.7;26;Pernambuco;9471;2019;4;Homens;3301;50 a 59 anos
Indicador  5.4.1;2;4.9;26;Pernambuco;9471;2019;4;Homens;3302;60 anos ou mais
Indicador  5.4.1;2;12.2;26;Pernambuco;9471;2019;5;Mulheres;95253;Total
Indicador  5.4.1;2;10.2;26;Pernambuco;9471;2019;5;Mulheres;41114;14 a 29 anos
Indicador  5.4.1;2;13.9;26;Pernambuco;9471;2019;5;Mulheres;41113;30 a 49 anos
Indicador  5.4.1;2;14.0;26;Pernambuco;9471;2019;5;Mulheres;3301;50 a 59 anos
Indicador  5.4.1;2;10.9;26;Pernambuco;9471;2019;5;Mulheres;3302;60 anos ou mais
Indicador  5.4.1;2;9.4;26;Pernambuco;9471;2022;6794;Total;95253;Total
Indicador  5.4.1;2;7.5;26;Pernambuco;9471;2022;6794;Total;41114;14 a 29 anos
Indicador  5.4.1;2;10.9;26;Pernambuco;9471;2022;6794;Total;41113;30 a 49 anos
Indicador  5.4.1;2;10.9;26;Pernambuco;9471;2022;6794;Total;3301;50 a 59 anos
Indicador  5.4.1;2;8.8;26;Pernambuco;9471;2022;6794;Total;3302;60 anos ou mais
Indicador  5.4.1;2;5.5;26;Pernambuco;9471;2022;4;Homens;95253;Total
Indicador  5.4.1;2;4.4;26;Pernambuco;9471;2022;4;Homens;41114;14 a 29 anos
Indicador  5.4.1;2;6.3;26;Pernambuco;9471;2022;4;Homens;41113;30 a 49 anos
Indicador  5.4.1;2;6.1;26;Pernambuco;9471;2022;4;Homens;3301;50 a 59 anos
Indicador  5.4.1;2;5.6;26;Pernambuco;9471;2022;4;Homens;3302;60 anos ou mais
Indicador  5.4.1;2;12.9;26;Pernambuco;9471;2022;5;Mulheres;95253;Total
Indicador  5.4.1;2;10.6;26;Pernambuco;9471;2022;5;Mulheres;41114;14 a 29 anos
Indicador  5.4.1;2;15.0;26;Pernambuco;9471;2022;5;Mulheres;41113;30 a 49 anos
Indicador  5.4.1;2;14.8;26;Pernambuco;9471;2022;5;Mulheres;3301;50 a 59 anos
Indicador  5.4.1;2;11.2;26;Pernambuco;9471;2022;5;Mulheres;3302;60 anos ou mais
Indicador  5.4.1;2;7.9;27;Alagoas;9471;2016;6794;Total;95253;Total
Indicador  5.4.1;2;6.5;27;Alagoas;9471;2016;6794;Total;41114;14 a 29 anos
Indicador  5.4.1;2;9.2;27;Alagoas;9471;2016;6794;Total;41113;30 a 49 anos
Indicador  5.4.1;2;9.3;27;Alagoas;9471;2016;6794;Total;3301;50 a 59 anos
Indicador  5.4.1;2;7.1;27;Alagoas;9471;2016;6794;Total;3302;60 anos ou mais
Indicador  5.4.1;2;4.0;27;Alagoas;9471;2016;4;Homens;95253;Total
Indicador  5.4.1;2;3.2;27;Alagoas;9471;2016;4;Homens;41114;14 a 29 anos
Indicador  5.4.1;2;4.6;27;Alagoas;9471;2016;4;Homens;41113;30 a 49 anos
Indicador  5.4.1;2;4.7;27;Alagoas;9471;2016;4;Homens;3301;50 a 59 anos
Indicador  5.4.1;2;4.3;27;Alagoas;9471;2016;4;Homens;3302;60 anos ou mais
Indicador  5.4.1;2;11.4;27;Alagoas;9471;2016;5;Mulheres;95253;Total
Indicador  5.4.1;2;9.8;27;Alagoas;9471;2016;5;Mulheres;41114;14 a 29 anos
Indicador  5.4.1;2;13.2;27;Alagoas;9471;2016;5;Mulheres;41113;30 a 49 anos
Indicador  5.4.1;2;13.3;27;Alagoas;9471;2016;5;Mulheres;3301;50 a 59 anos
Indicador  5.4.1;2;9.3;27;Alagoas;9471;2016;5;Mulheres;3302;60 anos ou mais
Indicador  5.4.1;2;8.3;27;Alagoas;9471;2017;6794;Total;95253;Total
Indicador  5.4.1;2;7.1;27;Alagoas;9471;2017;6794;Total;41114;14 a 29 anos
Indicador  5.4.1;2;9.4;27;Alagoas;9471;2017;6794;Total;41113;30 a 49 anos
Indicador  5.4.1;2;9.4;27;Alagoas;9471;2017;6794;Total;3301;50 a 59 anos
Indicador  5.4.1;2;7.8;27;Alagoas;9471;2017;6794;Total;3302;60 anos ou mais
Indicador  5.4.1;2;4.9;27;Alagoas;9471;2017;4;Homens;95253;Total
Indicador  5.4.1;2;3.9;27;Alagoas;9471;2017;4;Homens;41114;14 a 29 anos
Indicador  5.4.1;2;5.7;27;Alagoas;9471;2017;4;Homens;41113;30 a 49 anos
Indicador  5.4.1;2;5.4;27;Alagoas;9471;2017;4;Homens;3301;50 a 59 anos
Indicador  5.4.1;2;5.3;27;Alagoas;9471;2017;4;Homens;3302;60 anos ou mais
Indicador  5.4.1;2;11.5;27;Alagoas;9471;2017;5;Mulheres;95253;Total
Indicador  5.4.1;2;10.4;27;Alagoas;9471;2017;5;Mulheres;41114;14 a 29 anos
Indicador  5.4.1;2;12.7;27;Alagoas;9471;2017;5;Mulheres;41113;30 a 49 anos
Indicador  5.4.1;2;12.9;27;Alagoas;9471;2017;5;Mulheres;3301;50 a 59 anos
Indicador  5.4.1;2;9.8;27;Alagoas;9471;2017;5;Mulheres;3302;60 anos ou mais
Indicador  5.4.1;2;8.4;27;Alagoas;9471;2018;6794;Total;95253;Total
Indicador  5.4.1;2;7.0;27;Alagoas;9471;2018;6794;Total;41114;14 a 29 anos
Indicador  5.4.1;2;9.7;27;Alagoas;9471;2018;6794;Total;41113;30 a 49 anos
Indicador  5.4.1;2;9.6;27;Alagoas;9471;2018;6794;Total;3301;50 a 59 anos
Indicador  5.4.1;2;7.9;27;Alagoas;9471;2018;6794;Total;3302;60 anos ou mais
Indicador  5.4.1;2;5.0;27;Alagoas;9471;2018;4;Homens;95253;Total
Indicador  5.4.1;2;3.9;27;Alagoas;9471;2018;4;Homens;41114;14 a 29 anos
Indicador  5.4.1;2;5.7;27;Alagoas;9471;2018;4;Homens;41113;30 a 49 anos
Indicador  5.4.1;2;5.4;27;Alagoas;9471;2018;4;Homens;3301;50 a 59 anos
Indicador  5.4.1;2;5.5;27;Alagoas;9471;2018;4;Homens;3302;60 anos ou mais
Indicador  5.4.1;2;11.6;27;Alagoas;9471;2018;5;Mulheres;95253;Total
Indicador  5.4.1;2;10.0;27;Alagoas;9471;2018;5;Mulheres;41114;14 a 29 anos
Indicador  5.4.1;2;13.2;27;Alagoas;9471;2018;5;Mulheres;41113;30 a 49 anos
Indicador  5.4.1;2;13.0;27;Alagoas;9471;2018;5;Mulheres;3301;50 a 59 anos
Indicador  5.4.1;2;9.9;27;Alagoas;9471;2018;5;Mulheres;3302;60 anos ou mais
Indicador  5.4.1;2;8.5;27;Alagoas;9471;2019;6794;Total;95253;Total
Indicador  5.4.1;2;7.3;27;Alagoas;9471;2019;6794;Total;41114;14 a 29 anos
Indicador  5.4.1;2;9.5;27;Alagoas;9471;2019;6794;Total;41113;30 a 49 anos
Indicador  5.4.1;2;9.6;27;Alagoas;9471;2019;6794;Total;3301;50 a 59 anos
Indicador  5.4.1;2;7.8;27;Alagoas;9471;2019;6794;Total;3302;60 anos ou mais
Indicador  5.4.1;2;5.0;27;Alagoas;9471;2019;4;Homens;95253;Total
Indicador  5.4.1;2;4.2;27;Alagoas;9471;2019;4;Homens;41114;14 a 29 anos
Indicador  5.4.1;2;5.5;27;Alagoas;9471;2019;4;Homens;41113;30 a 49 anos
Indicador  5.4.1;2;5.7;27;Alagoas;9471;2019;4;Homens;3301;50 a 59 anos
Indicador  5.4.1;2;5.0;27;Alagoas;9471;2019;4;Homens;3302;60 anos ou mais
Indicador  5.4.1;2;11.7;27;Alagoas;9471;2019;5;Mulheres;95253;Total
Indicador  5.4.1;2;10.5;27;Alagoas;9471;2019;5;Mulheres;41114;14 a 29 anos
Indicador  5.4.1;2;13.2;27;Alagoas;9471;2019;5;Mulheres;41113;30 a 49 anos
Indicador  5.4.1;2;12.8;27;Alagoas;9471;2019;5;Mulheres;3301;50 a 59 anos
Indicador  5.4.1;2;9.8;27;Alagoas;9471;2019;5;Mulheres;3302;60 anos ou mais
Indicador  5.4.1;2;9.9;27;Alagoas;9471;2022;6794;Total;95253;Total
Indicador  5.4.1;2;8.3;27;Alagoas;9471;2022;6794;Total;41114;14 a 29 anos
Indicador  5.4.1;2;11.4;27;Alagoas;9471;2022;6794;Total;41113;30 a 49 anos
Indicador  5.4.1;2;11.4;27;Alagoas;9471;2022;6794;Total;3301;50 a 59 anos
Indicador  5.4.1;2;8.7;27;Alagoas;9471;2022;6794;Total;3302;60 anos ou mais
Indicador  5.4.1;2;5.7;27;Alagoas;9471;2022;4;Homens;95253;Total
Indicador  5.4.1;2;4.6;27;Alagoas;9471;2022;4;Homens;41114;14 a 29 anos
Indicador  5.4.1;2;6.5;27;Alagoas;9471;2022;4;Homens;41113;30 a 49 anos
Indicador  5.4.1;2;6.6;27;Alagoas;9471;2022;4;Homens;3301;50 a 59 anos
Indicador  5.4.1;2;5.5;27;Alagoas;9471;2022;4;Homens;3302;60 anos ou mais
Indicador  5.4.1;2;13.6;27;Alagoas;9471;2022;5;Mulheres;95253;Total
Indicador  5.4.1;2;11.7;27;Alagoas;9471;2022;5;Mulheres;41114;14 a 29 anos
Indicador  5.4.1;2;15.9;27;Alagoas;9471;2022;5;Mulheres;41113;30 a 49 anos
Indicador  5.4.1;2;15.4;27;Alagoas;9471;2022;5;Mulheres;3301;50 a 59 anos
Indicador  5.4.1;2;11.1;27;Alagoas;9471;2022;5;Mulheres;3302;60 anos ou mais
Indicador  5.4.1;2;8.0;28;Sergipe;9471;2016;6794;Total;95253;Total
Indicador  5.4.1;2;6.7;28;Sergipe;9471;2016;6794;Total;41114;14 a 29 anos
Indicador  5.4.1;2;9.0;28;Sergipe;9471;2016;6794;Total;41113;30 a 49 anos
Indicador  5.4.1;2;9.2;28;Sergipe;9471;2016;6794;Total;3301;50 a 59 anos
Indicador  5.4.1;2;8.0;28;Sergipe;9471;2016;6794;Total;3302;60 anos ou mais
Indicador  5.4.1;2;4.0;28;Sergipe;9471;2016;4;Homens;95253;Total
Indicador  5.4.1;2;3.0;28;Sergipe;9471;2016;4;Homens;41114;14 a 29 anos
Indicador  5.4.1;2;4.5;28;Sergipe;9471;2016;4;Homens;41113;30 a 49 anos
Indicador  5.4.1;2;4.7;28;Sergipe;9471;2016;4;Homens;3301;50 a 59 anos
Indicador  5.4.1;2;4.3;28;Sergipe;9471;2016;4;Homens;3302;60 anos ou mais
Indicador  5.4.1;2;11.8;28;Sergipe;9471;2016;5;Mulheres;95253;Total
Indicador  5.4.1;2;10.3;28;Sergipe;9471;2016;5;Mulheres;41114;14 a 29 anos
Indicador  5.4.1;2;13.1;28;Sergipe;9471;2016;5;Mulheres;41113;30 a 49 anos
Indicador  5.4.1;2;13.1;28;Sergipe;9471;2016;5;Mulheres;3301;50 a 59 anos
Indicador  5.4.1;2;10.8;28;Sergipe;9471;2016;5;Mulheres;3302;60 anos ou mais
Indicador  5.4.1;2;8.6;28;Sergipe;9471;2017;6794;Total;95253;Total
Indicador  5.4.1;2;6.9;28;Sergipe;9471;2017;6794;Total;41114;14 a 29 anos
Indicador  5.4.1;2;9.9;28;Sergipe;9471;2017;6794;Total;41113;30 a 49 anos
Indicador  5.4.1;2;10.1;28;Sergipe;9471;2017;6794;Total;3301;50 a 59 anos
Indicador  5.4.1;2;8.3;28;Sergipe;9471;2017;6794;Total;3302;60 anos ou mais
Indicador  5.4.1;2;4.5;28;Sergipe;9471;2017;4;Homens;95253;Total
Indicador  5.4.1;2;3.5;28;Sergipe;9471;2017;4;Homens;41114;14 a 29 anos
Indicador  5.4.1;2;5.3;28;Sergipe;9471;2017;4;Homens;41113;30 a 49 anos
Indicador  5.4.1;2;4.7;28;Sergipe;9471;2017;4;Homens;3301;50 a 59 anos
Indicador  5.4.1;2;4.6;28;Sergipe;9471;2017;4;Homens;3302;60 anos ou mais
Indicador  5.4.1;2;12.5;28;Sergipe;9471;2017;5;Mulheres;95253;Total
Indicador  5.4.1;2;10.2;28;Sergipe;9471;2017;5;Mulheres;41114;14 a 29 anos
Indicador  5.4.1;2;14.3;28;Sergipe;9471;2017;5;Mulheres;41113;30 a 49 anos
Indicador  5.4.1;2;14.9;28;Sergipe;9471;2017;5;Mulheres;3301;50 a 59 anos
Indicador  5.4.1;2;11.3;28;Sergipe;9471;2017;5;Mulheres;3302;60 anos ou mais
Indicador  5.4.1;2;8.6;28;Sergipe;9471;2018;6794;Total;95253;Total
Indicador  5.4.1;2;7.0;28;Sergipe;9471;2018;6794;Total;41114;14 a 29 anos
Indicador  5.4.1;2;9.8;28;Sergipe;9471;2018;6794;Total;41113;30 a 49 anos
Indicador  5.4.1;2;10.4;28;Sergipe;9471;2018;6794;Total;3301;50 a 59 anos
Indicador  5.4.1;2;8.0;28;Sergipe;9471;2018;6794;Total;3302;60 anos ou mais
Indicador  5.4.1;2;4.1;28;Sergipe;9471;2018;4;Homens;95253;Total
Indicador  5.4.1;2;3.2;28;Sergipe;9471;2018;4;Homens;41114;14 a 29 anos
Indicador  5.4.1;2;4.7;28;Sergipe;9471;2018;4;Homens;41113;30 a 49 anos
Indicador  5.4.1;2;4.4;28;Sergipe;9471;2018;4;Homens;3301;50 a 59 anos
Indicador  5.4.1;2;4.1;28;Sergipe;9471;2018;4;Homens;3302;60 anos ou mais
Indicador  5.4.1;2;12.7;28;Sergipe;9471;2018;5;Mulheres;95253;Total
Indicador  5.4.1;2;10.6;28;Sergipe;9471;2018;5;Mulheres;41114;14 a 29 anos
Indicador  5.4.1;2;14.5;28;Sergipe;9471;2018;5;Mulheres;41113;30 a 49 anos
Indicador  5.4.1;2;15.3;28;Sergipe;9471;2018;5;Mulheres;3301;50 a 59 anos
Indicador  5.4.1;2;11.0;28;Sergipe;9471;2018;5;Mulheres;3302;60 anos ou mais
Indicador  5.4.1;2;8.5;28;Sergipe;9471;2019;6794;Total;95253;Total
Indicador  5.4.1;2;7.0;28;Sergipe;9471;2019;6794;Total;41114;14 a 29 anos
Indicador  5.4.1;2;9.8;28;Sergipe;9471;2019;6794;Total;41113;30 a 49 anos
Indicador  5.4.1;2;9.4;28;Sergipe;9471;2019;6794;Total;3301;50 a 59 anos
Indicador  5.4.1;2;7.8;28;Sergipe;9471;2019;6794;Total;3302;60 anos ou mais
Indicador  5.4.1;2;4.3;28;Sergipe;9471;2019;4;Homens;95253;Total
Indicador  5.4.1;2;3.4;28;Sergipe;9471;2019;4;Homens;41114;14 a 29 anos
Indicador  5.4.1;2;5.1;28;Sergipe;9471;2019;4;Homens;41113;30 a 49 anos
Indicador  5.4.1;2;4.5;28;Sergipe;9471;2019;4;Homens;3301;50 a 59 anos
Indicador  5.4.1;2;4.3;28;Sergipe;9471;2019;4;Homens;3302;60 anos ou mais
Indicador  5.4.1;2;12.3;28;Sergipe;9471;2019;5;Mulheres;95253;Total
Indicador  5.4.1;2;10.5;28;Sergipe;9471;2019;5;Mulheres;41114;14 a 29 anos
Indicador  5.4.1;2;14.1;28;Sergipe;9471;2019;5;Mulheres;41113;30 a 49 anos
Indicador  5.4.1;2;14.1;28;Sergipe;9471;2019;5;Mulheres;3301;50 a 59 anos
Indicador  5.4.1;2;10.6;28;Sergipe;9471;2019;5;Mulheres;3302;60 anos ou mais
Indicador  5.4.1;2;9.5;28;Sergipe;9471;2022;6794;Total;95253;Total
Indicador  5.4.1;2;7.8;28;Sergipe;9471;2022;6794;Total;41114;14 a 29 anos
Indicador  5.4.1;2;11.1;28;Sergipe;9471;2022;6794;Total;41113;30 a 49 anos
Indicador  5.4.1;2;9.8;28;Sergipe;9471;2022;6794;Total;3301;50 a 59 anos
Indicador  5.4.1;2;9.0;28;Sergipe;9471;2022;6794;Total;3302;60 anos ou mais
Indicador  5.4.1;2;5.1;28;Sergipe;9471;2022;4;Homens;95253;Total
Indicador  5.4.1;2;4.3;28;Sergipe;9471;2022;4;Homens;41114;14 a 29 anos
Indicador  5.4.1;2;5.8;28;Sergipe;9471;2022;4;Homens;41113;30 a 49 anos
Indicador  5.4.1;2;5.2;28;Sergipe;9471;2022;4;Homens;3301;50 a 59 anos
Indicador  5.4.1;2;5.4;28;Sergipe;9471;2022;4;Homens;3302;60 anos ou mais
Indicador  5.4.1;2;13.5;28;Sergipe;9471;2022;5;Mulheres;95253;Total
Indicador  5.4.1;2;11.3;28;Sergipe;9471;2022;5;Mulheres;41114;14 a 29 anos
Indicador  5.4.1;2;15.9;28;Sergipe;9471;2022;5;Mulheres;41113;30 a 49 anos
Indicador  5.4.1;2;14.2;28;Sergipe;9471;2022;5;Mulheres;3301;50 a 59 anos
Indicador  5.4.1;2;11.7;28;Sergipe;9471;2022;5;Mulheres;3302;60 anos ou mais
Indicador  5.4.1;2;8.2;29;Bahia;9471;2016;6794;Total;95253;Total
Indicador  5.4.1;2;6.8;29;Bahia;9471;2016;6794;Total;41114;14 a 29 anos
Indicador  5.4.1;2;9.2;29;Bahia;9471;2016;6794;Total;41113;30 a 49 anos
Indicador  5.4.1;2;9.2;29;Bahia;9471;2016;6794;Total;3301;50 a 59 anos
Indicador  5.4.1;2;7.9;29;Bahia;9471;2016;6794;Total;3302;60 anos ou mais
Indicador  5.4.1;2;4.3;29;Bahia;9471;2016;4;Homens;95253;Total
Indicador  5.4.1;2;3.3;29;Bahia;9471;2016;4;Homens;41114;14 a 29 anos
Indicador  5.4.1;2;4.8;29;Bahia;9471;2016;4;Homens;41113;30 a 49 anos
Indicador  5.4.1;2;4.8;29;Bahia;9471;2016;4;Homens;3301;50 a 59 anos
Indicador  5.4.1;2;4.9;29;Bahia;9471;2016;4;Homens;3302;60 anos ou mais
Indicador  5.4.1;2;11.8;29;Bahia;9471;2016;5;Mulheres;95253;Total
Indicador  5.4.1;2;10.3;29;Bahia;9471;2016;5;Mulheres;41114;14 a 29 anos
Indicador  5.4.1;2;13.4;29;Bahia;9471;2016;5;Mulheres;41113;30 a 49 anos
Indicador  5.4.1;2;13.2;29;Bahia;9471;2016;5;Mulheres;3301;50 a 59 anos
Indicador  5.4.1;2;10.3;29;Bahia;9471;2016;5;Mulheres;3302;60 anos ou mais
Indicador  5.4.1;2;8.9;29;Bahia;9471;2017;6794;Total;95253;Total
Indicador  5.4.1;2;7.4;29;Bahia;9471;2017;6794;Total;41114;14 a 29 anos
Indicador  5.4.1;2;9.9;29;Bahia;9471;2017;6794;Total;41113;30 a 49 anos
Indicador  5.4.1;2;10.4;29;Bahia;9471;2017;6794;Total;3301;50 a 59 anos
Indicador  5.4.1;2;8.8;29;Bahia;9471;2017;6794;Total;3302;60 anos ou mais
Indicador  5.4.1;2;4.8;29;Bahia;9471;2017;4;Homens;95253;Total
Indicador  5.4.1;2;3.7;29;Bahia;9471;2017;4;Homens;41114;14 a 29 anos
Indicador  5.4.1;2;5.5;29;Bahia;9471;2017;4;Homens;41113;30 a 49 anos
Indicador  5.4.1;2;5.3;29;Bahia;9471;2017;4;Homens;3301;50 a 59 anos
Indicador  5.4.1;2;5.1;29;Bahia;9471;2017;4;Homens;3302;60 anos ou mais
Indicador  5.4.1;2;12.7;29;Bahia;9471;2017;5;Mulheres;95253;Total
Indicador  5.4.1;2;10.8;29;Bahia;9471;2017;5;Mulheres;41114;14 a 29 anos
Indicador  5.4.1;2;14.1;29;Bahia;9471;2017;5;Mulheres;41113;30 a 49 anos
Indicador  5.4.1;2;14.9;29;Bahia;9471;2017;5;Mulheres;3301;50 a 59 anos
Indicador  5.4.1;2;11.6;29;Bahia;9471;2017;5;Mulheres;3302;60 anos ou mais
Indicador  5.4.1;2;8.6;29;Bahia;9471;2018;6794;Total;95253;Total
Indicador  5.4.1;2;7.1;29;Bahia;9471;2018;6794;Total;41114;14 a 29 anos
Indicador  5.4.1;2;9.5;29;Bahia;9471;2018;6794;Total;41113;30 a 49 anos
Indicador  5.4.1;2;9.7;29;Bahia;9471;2018;6794;Total;3301;50 a 59 anos
Indicador  5.4.1;2;8.8;29;Bahia;9471;2018;6794;Total;3302;60 anos ou mais
Indicador  5.4.1;2;4.6;29;Bahia;9471;2018;4;Homens;95253;Total
Indicador  5.4.1;2;3.5;29;Bahia;9471;2018;4;Homens;41114;14 a 29 anos
Indicador  5.4.1;2;5.3;29;Bahia;9471;2018;4;Homens;41113;30 a 49 anos
Indicador  5.4.1;2;5.2;29;Bahia;9471;2018;4;Homens;3301;50 a 59 anos
Indicador  5.4.1;2;5.1;29;Bahia;9471;2018;4;Homens;3302;60 anos ou mais
Indicador  5.4.1;2;12.4;29;Bahia;9471;2018;5;Mulheres;95253;Total
Indicador  5.4.1;2;10.8;29;Bahia;9471;2018;5;Mulheres;41114;14 a 29 anos
Indicador  5.4.1;2;13.5;29;Bahia;9471;2018;5;Mulheres;41113;30 a 49 anos
Indicador  5.4.1;2;13.8;29;Bahia;9471;2018;5;Mulheres;3301;50 a 59 anos
Indicador  5.4.1;2;11.8;29;Bahia;9471;2018;5;Mulheres;3302;60 anos ou mais
Indicador  5.4.1;2;8.2;29;Bahia;9471;2019;6794;Total;95253;Total
Indicador  5.4.1;2;6.9;29;Bahia;9471;2019;6794;Total;41114;14 a 29 anos
Indicador  5.4.1;2;9.2;29;Bahia;9471;2019;6794;Total;41113;30 a 49 anos
Indicador  5.4.1;2;9.3;29;Bahia;9471;2019;6794;Total;3301;50 a 59 anos
Indicador  5.4.1;2;7.8;29;Bahia;9471;2019;6794;Total;3302;60 anos ou mais
Indicador  5.4.1;2;4.5;29;Bahia;9471;2019;4;Homens;95253;Total
Indicador  5.4.1;2;3.6;29;Bahia;9471;2019;4;Homens;41114;14 a 29 anos
Indicador  5.4.1;2;5.1;29;Bahia;9471;2019;4;Homens;41113;30 a 49 anos
Indicador  5.4.1;2;5.1;29;Bahia;9471;2019;4;Homens;3301;50 a 59 anos
Indicador  5.4.1;2;4.6;29;Bahia;9471;2019;4;Homens;3302;60 anos ou mais
Indicador  5.4.1;2;11.7;29;Bahia;9471;2019;5;Mulheres;95253;Total
Indicador  5.4.1;2;10.1;29;Bahia;9471;2019;5;Mulheres;41114;14 a 29 anos
Indicador  5.4.1;2;13.1;29;Bahia;9471;2019;5;Mulheres;41113;30 a 49 anos
Indicador  5.4.1;2;13.2;29;Bahia;9471;2019;5;Mulheres;3301;50 a 59 anos
Indicador  5.4.1;2;10.4;29;Bahia;9471;2019;5;Mulheres;3302;60 anos ou mais
Indicador  5.4.1;2;8.9;29;Bahia;9471;2022;6794;Total;95253;Total
Indicador  5.4.1;2;7.2;29;Bahia;9471;2022;6794;Total;41114;14 a 29 anos
Indicador  5.4.1;2;10.0;29;Bahia;9471;2022;6794;Total;41113;30 a 49 anos
Indicador  5.4.1;2;9.7;29;Bahia;9471;2022;6794;Total;3301;50 a 59 anos
Indicador  5.4.1;2;8.8;29;Bahia;9471;2022;6794;Total;3302;60 anos ou mais
Indicador  5.4.1;2;4.9;29;Bahia;9471;2022;4;Homens;95253;Total
Indicador  5.4.1;2;3.9;29;Bahia;9471;2022;4;Homens;41114;14 a 29 anos
Indicador  5.4.1;2;5.5;29;Bahia;9471;2022;4;Homens;41113;30 a 49 anos
Indicador  5.4.1;2;5.2;29;Bahia;9471;2022;4;Homens;3301;50 a 59 anos
Indicador  5.4.1;2;5.2;29;Bahia;9471;2022;4;Homens;3302;60 anos ou mais
Indicador  5.4.1;2;12.5;29;Bahia;9471;2022;5;Mulheres;95253;Total
Indicador  5.4.1;2;10.7;29;Bahia;9471;2022;5;Mulheres;41114;14 a 29 anos
Indicador  5.4.1;2;14.0;29;Bahia;9471;2022;5;Mulheres;41113;30 a 49 anos
Indicador  5.4.1;2;14.0;29;Bahia;9471;2022;5;Mulheres;3301;50 a 59 anos
Indicador  5.4.1;2;11.5;29;Bahia;9471;2022;5;Mulheres;3302;60 anos ou mais
Indicador  5.4.1;2;8.9;31;Minas Gerais;9471;2016;6794;Total;95253;Total
Indicador  5.4.1;2;7.3;31;Minas Gerais;9471;2016;6794;Total;41114;14 a 29 anos
Indicador  5.4.1;2;9.6;31;Minas Gerais;9471;2016;6794;Total;41113;30 a 49 anos
Indicador  5.4.1;2;10.2;31;Minas Gerais;9471;2016;6794;Total;3301;50 a 59 anos
Indicador  5.4.1;2;9.2;31;Minas Gerais;9471;2016;6794;Total;3302;60 anos ou mais
Indicador  5.4.1;2;5.1;31;Minas Gerais;9471;2016;4;Homens;95253;Total
Indicador  5.4.1;2;4.2;31;Minas Gerais;9471;2016;4;Homens;41114;14 a 29 anos
Indicador  5.4.1;2;5.5;31;Minas Gerais;9471;2016;4;Homens;41113;30 a 49 anos
Indicador  5.4.1;2;5.4;31;Minas Gerais;9471;2016;4;Homens;3301;50 a 59 anos
Indicador  5.4.1;2;5.7;31;Minas Gerais;9471;2016;4;Homens;3302;60 anos ou mais
Indicador  5.4.1;2;12.4;31;Minas Gerais;9471;2016;5;Mulheres;95253;Total
Indicador  5.4.1;2;10.4;31;Minas Gerais;9471;2016;5;Mulheres;41114;14 a 29 anos
Indicador  5.4.1;2;13.7;31;Minas Gerais;9471;2016;5;Mulheres;41113;30 a 49 anos
Indicador  5.4.1;2;14.4;31;Minas Gerais;9471;2016;5;Mulheres;3301;50 a 59 anos
Indicador  5.4.1;2;12.0;31;Minas Gerais;9471;2016;5;Mulheres;3302;60 anos ou mais
Indicador  5.4.1;2;9.2;31;Minas Gerais;9471;2017;6794;Total;95253;Total
Indicador  5.4.1;2;7.2;31;Minas Gerais;9471;2017;6794;Total;41114;14 a 29 anos
Indicador  5.4.1;2;10.3;31;Minas Gerais;9471;2017;6794;Total;41113;30 a 49 anos
Indicador  5.4.1;2;10.5;31;Minas Gerais;9471;2017;6794;Total;3301;50 a 59 anos
Indicador  5.4.1;2;9.7;31;Minas Gerais;9471;2017;6794;Total;3302;60 anos ou mais
Indicador  5.4.1;2;5.3;31;Minas Gerais;9471;2017;4;Homens;95253;Total
Indicador  5.4.1;2;4.0;31;Minas Gerais;9471;2017;4;Homens;41114;14 a 29 anos
Indicador  5.4.1;2;6.0;31;Minas Gerais;9471;2017;4;Homens;41113;30 a 49 anos
Indicador  5.4.1;2;5.8;31;Minas Gerais;9471;2017;4;Homens;3301;50 a 59 anos
Indicador  5.4.1;2;6.0;31;Minas Gerais;9471;2017;4;Homens;3302;60 anos ou mais
Indicador  5.4.1;2;12.9;31;Minas Gerais;9471;2017;5;Mulheres;95253;Total
Indicador  5.4.1;2;10.4;31;Minas Gerais;9471;2017;5;Mulheres;41114;14 a 29 anos
Indicador  5.4.1;2;14.5;31;Minas Gerais;9471;2017;5;Mulheres;41113;30 a 49 anos
Indicador  5.4.1;2;14.6;31;Minas Gerais;9471;2017;5;Mulheres;3301;50 a 59 anos
Indicador  5.4.1;2;12.7;31;Minas Gerais;9471;2017;5;Mulheres;3302;60 anos ou mais
Indicador  5.4.1;2;9.3;31;Minas Gerais;9471;2018;6794;Total;95253;Total
Indicador  5.4.1;2;7.2;31;Minas Gerais;9471;2018;6794;Total;41114;14 a 29 anos
Indicador  5.4.1;2;10.6;31;Minas Gerais;9471;2018;6794;Total;41113;30 a 49 anos
Indicador  5.4.1;2;10.5;31;Minas Gerais;9471;2018;6794;Total;3301;50 a 59 anos
Indicador  5.4.1;2;9.7;31;Minas Gerais;9471;2018;6794;Total;3302;60 anos ou mais
Indicador  5.4.1;2;5.4;31;Minas Gerais;9471;2018;4;Homens;95253;Total
Indicador  5.4.1;2;4.1;31;Minas Gerais;9471;2018;4;Homens;41114;14 a 29 anos
Indicador  5.4.1;2;6.3;31;Minas Gerais;9471;2018;4;Homens;41113;30 a 49 anos
Indicador  5.4.1;2;5.5;31;Minas Gerais;9471;2018;4;Homens;3301;50 a 59 anos
Indicador  5.4.1;2;5.6;31;Minas Gerais;9471;2018;4;Homens;3302;60 anos ou mais
Indicador  5.4.1;2;13.1;31;Minas Gerais;9471;2018;5;Mulheres;95253;Total
Indicador  5.4.1;2;10.5;31;Minas Gerais;9471;2018;5;Mulheres;41114;14 a 29 anos
Indicador  5.4.1;2;14.7;31;Minas Gerais;9471;2018;5;Mulheres;41113;30 a 49 anos
Indicador  5.4.1;2;14.9;31;Minas Gerais;9471;2018;5;Mulheres;3301;50 a 59 anos
Indicador  5.4.1;2;12.9;31;Minas Gerais;9471;2018;5;Mulheres;3302;60 anos ou mais
Indicador  5.4.1;2;9.3;31;Minas Gerais;9471;2019;6794;Total;95253;Total
Indicador  5.4.1;2;7.1;31;Minas Gerais;9471;2019;6794;Total;41114;14 a 29 anos
Indicador  5.4.1;2;10.4;31;Minas Gerais;9471;2019;6794;Total;41113;30 a 49 anos
Indicador  5.4.1;2;10.4;31;Minas Gerais;9471;2019;6794;Total;3301;50 a 59 anos
Indicador  5.4.1;2;9.6;31;Minas Gerais;9471;2019;6794;Total;3302;60 anos ou mais
Indicador  5.4.1;2;5.4;31;Minas Gerais;9471;2019;4;Homens;95253;Total
Indicador  5.4.1;2;4.1;31;Minas Gerais;9471;2019;4;Homens;41114;14 a 29 anos
Indicador  5.4.1;2;6.1;31;Minas Gerais;9471;2019;4;Homens;41113;30 a 49 anos
Indicador  5.4.1;2;5.8;31;Minas Gerais;9471;2019;4;Homens;3301;50 a 59 anos
Indicador  5.4.1;2;5.8;31;Minas Gerais;9471;2019;4;Homens;3302;60 anos ou mais
Indicador  5.4.1;2;13.0;31;Minas Gerais;9471;2019;5;Mulheres;95253;Total
Indicador  5.4.1;2;10.4;31;Minas Gerais;9471;2019;5;Mulheres;41114;14 a 29 anos
Indicador  5.4.1;2;14.6;31;Minas Gerais;9471;2019;5;Mulheres;41113;30 a 49 anos
Indicador  5.4.1;2;14.8;31;Minas Gerais;9471;2019;5;Mulheres;3301;50 a 59 anos
Indicador  5.4.1;2;12.7;31;Minas Gerais;9471;2019;5;Mulheres;3302;60 anos ou mais
Indicador  5.4.1;2;9.2;31;Minas Gerais;9471;2022;6794;Total;95253;Total
Indicador  5.4.1;2;7.3;31;Minas Gerais;9471;2022;6794;Total;41114;14 a 29 anos
Indicador  5.4.1;2;10.1;31;Minas Gerais;9471;2022;6794;Total;41113;30 a 49 anos
Indicador  5.4.1;2;10.0;31;Minas Gerais;9471;2022;6794;Total;3301;50 a 59 anos
Indicador  5.4.1;2;9.8;31;Minas Gerais;9471;2022;6794;Total;3302;60 anos ou mais
Indicador  5.4.1;2;5.7;31;Minas Gerais;9471;2022;4;Homens;95253;Total
Indicador  5.4.1;2;4.6;31;Minas Gerais;9471;2022;4;Homens;41114;14 a 29 anos
Indicador  5.4.1;2;6.2;31;Minas Gerais;9471;2022;4;Homens;41113;30 a 49 anos
Indicador  5.4.1;2;6.0;31;Minas Gerais;9471;2022;4;Homens;3301;50 a 59 anos
Indicador  5.4.1;2;6.5;31;Minas Gerais;9471;2022;4;Homens;3302;60 anos ou mais
Indicador  5.4.1;2;12.7;31;Minas Gerais;9471;2022;5;Mulheres;95253;Total
Indicador  5.4.1;2;10.3;31;Minas Gerais;9471;2022;5;Mulheres;41114;14 a 29 anos
Indicador  5.4.1;2;14.1;31;Minas Gerais;9471;2022;5;Mulheres;41113;30 a 49 anos
Indicador  5.4.1;2;13.7;31;Minas Gerais;9471;2022;5;Mulheres;3301;50 a 59 anos
Indicador  5.4.1;2;12.5;31;Minas Gerais;9471;2022;5;Mulheres;3302;60 anos ou mais
Indicador  5.4.1;2;7.9;32;Espírito Santo;9471;2016;6794;Total;95253;Total
Indicador  5.4.1;2;6.6;32;Espírito Santo;9471;2016;6794;Total;41114;14 a 29 anos
Indicador  5.4.1;2;8.7;32;Espírito Santo;9471;2016;6794;Total;41113;30 a 49 anos
Indicador  5.4.1;2;8.6;32;Espírito Santo;9471;2016;6794;Total;3301;50 a 59 anos
Indicador  5.4.1;2;8.1;32;Espírito Santo;9471;2016;6794;Total;3302;60 anos ou mais
Indicador  5.4.1;2;4.7;32;Espírito Santo;9471;2016;4;Homens;95253;Total
Indicador  5.4.1;2;3.9;32;Espírito Santo;9471;2016;4;Homens;41114;14 a 29 anos
Indicador  5.4.1;2;5.2;32;Espírito Santo;9471;2016;4;Homens;41113;30 a 49 anos
Indicador  5.4.1;2;4.8;32;Espírito Santo;9471;2016;4;Homens;3301;50 a 59 anos
Indicador  5.4.1;2;5.2;32;Espírito Santo;9471;2016;4;Homens;3302;60 anos ou mais
Indicador  5.4.1;2;11.0;32;Espírito Santo;9471;2016;5;Mulheres;95253;Total
Indicador  5.4.1;2;9.3;32;Espírito Santo;9471;2016;5;Mulheres;41114;14 a 29 anos
Indicador  5.4.1;2;12.1;32;Espírito Santo;9471;2016;5;Mulheres;41113;30 a 49 anos
Indicador  5.4.1;2;12.2;32;Espírito Santo;9471;2016;5;Mulheres;3301;50 a 59 anos
Indicador  5.4.1;2;10.7;32;Espírito Santo;9471;2016;5;Mulheres;3302;60 anos ou mais
Indicador  5.4.1;2;9.1;32;Espírito Santo;9471;2017;6794;Total;95253;Total
Indicador  5.4.1;2;7.4;32;Espírito Santo;9471;2017;6794;Total;41114;14 a 29 anos
Indicador  5.4.1;2;10.1;32;Espírito Santo;9471;2017;6794;Total;41113;30 a 49 anos
Indicador  5.4.1;2;10.1;32;Espírito Santo;9471;2017;6794;Total;3301;50 a 59 anos
Indicador  5.4.1;2;9.2;32;Espírito Santo;9471;2017;6794;Total;3302;60 anos ou mais
Indicador  5.4.1;2;5.8;32;Espírito Santo;9471;2017;4;Homens;95253;Total
Indicador  5.4.1;2;4.6;32;Espírito Santo;9471;2017;4;Homens;41114;14 a 29 anos
Indicador  5.4.1;2;6.6;32;Espírito Santo;9471;2017;4;Homens;41113;30 a 49 anos
Indicador  5.4.1;2;6.0;32;Espírito Santo;9471;2017;4;Homens;3301;50 a 59 anos
Indicador  5.4.1;2;6.1;32;Espírito Santo;9471;2017;4;Homens;3302;60 anos ou mais
Indicador  5.4.1;2;12.2;32;Espírito Santo;9471;2017;5;Mulheres;95253;Total
Indicador  5.4.1;2;10.1;32;Espírito Santo;9471;2017;5;Mulheres;41114;14 a 29 anos
Indicador  5.4.1;2;13.4;32;Espírito Santo;9471;2017;5;Mulheres;41113;30 a 49 anos
Indicador  5.4.1;2;13.8;32;Espírito Santo;9471;2017;5;Mulheres;3301;50 a 59 anos
Indicador  5.4.1;2;11.8;32;Espírito Santo;9471;2017;5;Mulheres;3302;60 anos ou mais
Indicador  5.4.1;2;9.6;32;Espírito Santo;9471;2018;6794;Total;95253;Total
Indicador  5.4.1;2;7.5;32;Espírito Santo;9471;2018;6794;Total;41114;14 a 29 anos
Indicador  5.4.1;2;10.9;32;Espírito Santo;9471;2018;6794;Total;41113;30 a 49 anos
Indicador  5.4.1;2;10.5;32;Espírito Santo;9471;2018;6794;Total;3301;50 a 59 anos
Indicador  5.4.1;2;9.7;32;Espírito Santo;9471;2018;6794;Total;3302;60 anos ou mais
Indicador  5.4.1;2;6.3;32;Espírito Santo;9471;2018;4;Homens;95253;Total
Indicador  5.4.1;2;4.7;32;Espírito Santo;9471;2018;4;Homens;41114;14 a 29 anos
Indicador  5.4.1;2;7.4;32;Espírito Santo;9471;2018;4;Homens;41113;30 a 49 anos
Indicador  5.4.1;2;6.6;32;Espírito Santo;9471;2018;4;Homens;3301;50 a 59 anos
Indicador  5.4.1;2;6.8;32;Espírito Santo;9471;2018;4;Homens;3302;60 anos ou mais
Indicador  5.4.1;2;12.7;32;Espírito Santo;9471;2018;5;Mulheres;95253;Total
Indicador  5.4.1;2;10.5;32;Espírito Santo;9471;2018;5;Mulheres;41114;14 a 29 anos
Indicador  5.4.1;2;14.4;32;Espírito Santo;9471;2018;5;Mulheres;41113;30 a 49 anos
Indicador  5.4.1;2;13.8;32;Espírito Santo;9471;2018;5;Mulheres;3301;50 a 59 anos
Indicador  5.4.1;2;12.0;32;Espírito Santo;9471;2018;5;Mulheres;3302;60 anos ou mais
Indicador  5.4.1;2;8.7;32;Espírito Santo;9471;2019;6794;Total;95253;Total
Indicador  5.4.1;2;6.9;32;Espírito Santo;9471;2019;6794;Total;41114;14 a 29 anos
Indicador  5.4.1;2;9.9;32;Espírito Santo;9471;2019;6794;Total;41113;30 a 49 anos
Indicador  5.4.1;2;9.3;32;Espírito Santo;9471;2019;6794;Total;3301;50 a 59 anos
Indicador  5.4.1;2;8.7;32;Espírito Santo;9471;2019;6794;Total;3302;60 anos ou mais
Indicador  5.4.1;2;5.6;32;Espírito Santo;9471;2019;4;Homens;95253;Total
Indicador  5.4.1;2;4.3;32;Espírito Santo;9471;2019;4;Homens;41114;14 a 29 anos
Indicador  5.4.1;2;6.4;32;Espírito Santo;9471;2019;4;Homens;41113;30 a 49 anos
Indicador  5.4.1;2;5.6;32;Espírito Santo;9471;2019;4;Homens;3301;50 a 59 anos
Indicador  5.4.1;2;5.9;32;Espírito Santo;9471;2019;4;Homens;3302;60 anos ou mais
Indicador  5.4.1;2;11.7;32;Espírito Santo;9471;2019;5;Mulheres;95253;Total
Indicador  5.4.1;2;9.5;32;Espírito Santo;9471;2019;5;Mulheres;41114;14 a 29 anos
Indicador  5.4.1;2;13.2;32;Espírito Santo;9471;2019;5;Mulheres;41113;30 a 49 anos
Indicador  5.4.1;2;13.2;32;Espírito Santo;9471;2019;5;Mulheres;3301;50 a 59 anos
Indicador  5.4.1;2;11.0;32;Espírito Santo;9471;2019;5;Mulheres;3302;60 anos ou mais
Indicador  5.4.1;2;9.0;32;Espírito Santo;9471;2022;6794;Total;95253;Total
Indicador  5.4.1;2;7.0;32;Espírito Santo;9471;2022;6794;Total;41114;14 a 29 anos
Indicador  5.4.1;2;9.9;32;Espírito Santo;9471;2022;6794;Total;41113;30 a 49 anos
Indicador  5.4.1;2;9.8;32;Espírito Santo;9471;2022;6794;Total;3301;50 a 59 anos
Indicador  5.4.1;2;9.3;32;Espírito Santo;9471;2022;6794;Total;3302;60 anos ou mais
Indicador  5.4.1;2;5.9;32;Espírito Santo;9471;2022;4;Homens;95253;Total
Indicador  5.4.1;2;4.5;32;Espírito Santo;9471;2022;4;Homens;41114;14 a 29 anos
Indicador  5.4.1;2;6.6;32;Espírito Santo;9471;2022;4;Homens;41113;30 a 49 anos
Indicador  5.4.1;2;6.1;32;Espírito Santo;9471;2022;4;Homens;3301;50 a 59 anos
Indicador  5.4.1;2;6.5;32;Espírito Santo;9471;2022;4;Homens;3302;60 anos ou mais
Indicador  5.4.1;2;11.9;32;Espírito Santo;9471;2022;5;Mulheres;95253;Total
Indicador  5.4.1;2;9.7;32;Espírito Santo;9471;2022;5;Mulheres;41114;14 a 29 anos
Indicador  5.4.1;2;13.1;32;Espírito Santo;9471;2022;5;Mulheres;41113;30 a 49 anos
Indicador  5.4.1;2;13.3;32;Espírito Santo;9471;2022;5;Mulheres;3301;50 a 59 anos
Indicador  5.4.1;2;11.6;32;Espírito Santo;9471;2022;5;Mulheres;3302;60 anos ou mais
Indicador  5.4.1;2;8.6;33;Rio de Janeiro;9471;2016;6794;Total;95253;Total
Indicador  5.4.1;2;6.4;33;Rio de Janeiro;9471;2016;6794;Total;41114;14 a 29 anos
Indicador  5.4.1;2;9.5;33;Rio de Janeiro;9471;2016;6794;Total;41113;30 a 49 anos
Indicador  5.4.1;2;10.0;33;Rio de Janeiro;9471;2016;6794;Total;3301;50 a 59 anos
Indicador  5.4.1;2;9.0;33;Rio de Janeiro;9471;2016;6794;Total;3302;60 anos ou mais
Indicador  5.4.1;2;5.7;33;Rio de Janeiro;9471;2016;4;Homens;95253;Total
Indicador  5.4.1;2;4.4;33;Rio de Janeiro;9471;2016;4;Homens;41114;14 a 29 anos
Indicador  5.4.1;2;6.1;33;Rio de Janeiro;9471;2016;4;Homens;41113;30 a 49 anos
Indicador  5.4.1;2;6.6;33;Rio de Janeiro;9471;2016;4;Homens;3301;50 a 59 anos
Indicador  5.4.1;2;6.7;33;Rio de Janeiro;9471;2016;4;Homens;3302;60 anos ou mais
Indicador  5.4.1;2;11.1;33;Rio de Janeiro;9471;2016;5;Mulheres;95253;Total
Indicador  5.4.1;2;8.5;33;Rio de Janeiro;9471;2016;5;Mulheres;41114;14 a 29 anos
Indicador  5.4.1;2;12.7;33;Rio de Janeiro;9471;2016;5;Mulheres;41113;30 a 49 anos
Indicador  5.4.1;2;12.8;33;Rio de Janeiro;9471;2016;5;Mulheres;3301;50 a 59 anos
Indicador  5.4.1;2;10.7;33;Rio de Janeiro;9471;2016;5;Mulheres;3302;60 anos ou mais
Indicador  5.4.1;2;8.5;33;Rio de Janeiro;9471;2017;6794;Total;95253;Total
Indicador  5.4.1;2;6.3;33;Rio de Janeiro;9471;2017;6794;Total;41114;14 a 29 anos
Indicador  5.4.1;2;9.5;33;Rio de Janeiro;9471;2017;6794;Total;41113;30 a 49 anos
Indicador  5.4.1;2;9.7;33;Rio de Janeiro;9471;2017;6794;Total;3301;50 a 59 anos
Indicador  5.4.1;2;9.0;33;Rio de Janeiro;9471;2017;6794;Total;3302;60 anos ou mais
Indicador  5.4.1;2;5.8;33;Rio de Janeiro;9471;2017;4;Homens;95253;Total
Indicador  5.4.1;2;4.3;33;Rio de Janeiro;9471;2017;4;Homens;41114;14 a 29 anos
Indicador  5.4.1;2;6.4;33;Rio de Janeiro;9471;2017;4;Homens;41113;30 a 49 anos
Indicador  5.4.1;2;6.6;33;Rio de Janeiro;9471;2017;4;Homens;3301;50 a 59 anos
Indicador  5.4.1;2;6.6;33;Rio de Janeiro;9471;2017;4;Homens;3302;60 anos ou mais
Indicador  5.4.1;2;10.9;33;Rio de Janeiro;9471;2017;5;Mulheres;95253;Total
Indicador  5.4.1;2;8.4;33;Rio de Janeiro;9471;2017;5;Mulheres;41114;14 a 29 anos
Indicador  5.4.1;2;12.4;33;Rio de Janeiro;9471;2017;5;Mulheres;41113;30 a 49 anos
Indicador  5.4.1;2;12.5;33;Rio de Janeiro;9471;2017;5;Mulheres;3301;50 a 59 anos
Indicador  5.4.1;2;10.7;33;Rio de Janeiro;9471;2017;5;Mulheres;3302;60 anos ou mais
Indicador  5.4.1;2;9.3;33;Rio de Janeiro;9471;2018;6794;Total;95253;Total
Indicador  5.4.1;2;7.2;33;Rio de Janeiro;9471;2018;6794;Total;41114;14 a 29 anos
Indicador  5.4.1;2;10.1;33;Rio de Janeiro;9471;2018;6794;Total;41113;30 a 49 anos
Indicador  5.4.1;2;10.5;33;Rio de Janeiro;9471;2018;6794;Total;3301;50 a 59 anos
Indicador  5.4.1;2;9.9;33;Rio de Janeiro;9471;2018;6794;Total;3302;60 anos ou mais
Indicador  5.4.1;2;6.4;33;Rio de Janeiro;9471;2018;4;Homens;95253;Total
Indicador  5.4.1;2;5.0;33;Rio de Janeiro;9471;2018;4;Homens;41114;14 a 29 anos
Indicador  5.4.1;2;6.9;33;Rio de Janeiro;9471;2018;4;Homens;41113;30 a 49 anos
Indicador  5.4.1;2;6.9;33;Rio de Janeiro;9471;2018;4;Homens;3301;50 a 59 anos
Indicador  5.4.1;2;7.1;33;Rio de Janeiro;9471;2018;4;Homens;3302;60 anos ou mais
Indicador  5.4.1;2;11.9;33;Rio de Janeiro;9471;2018;5;Mulheres;95253;Total
Indicador  5.4.1;2;9.4;33;Rio de Janeiro;9471;2018;5;Mulheres;41114;14 a 29 anos
Indicador  5.4.1;2;13.1;33;Rio de Janeiro;9471;2018;5;Mulheres;41113;30 a 49 anos
Indicador  5.4.1;2;13.5;33;Rio de Janeiro;9471;2018;5;Mulheres;3301;50 a 59 anos
Indicador  5.4.1;2;11.9;33;Rio de Janeiro;9471;2018;5;Mulheres;3302;60 anos ou mais
Indicador  5.4.1;2;8.9;33;Rio de Janeiro;9471;2019;6794;Total;95253;Total
Indicador  5.4.1;2;6.7;33;Rio de Janeiro;9471;2019;6794;Total;41114;14 a 29 anos
Indicador  5.4.1;2;10.0;33;Rio de Janeiro;9471;2019;6794;Total;41113;30 a 49 anos
Indicador  5.4.1;2;10.0;33;Rio de Janeiro;9471;2019;6794;Total;3301;50 a 59 anos
Indicador  5.4.1;2;9.1;33;Rio de Janeiro;9471;2019;6794;Total;3302;60 anos ou mais
Indicador  5.4.1;2;6.1;33;Rio de Janeiro;9471;2019;4;Homens;95253;Total
Indicador  5.4.1;2;4.7;33;Rio de Janeiro;9471;2019;4;Homens;41114;14 a 29 anos
Indicador  5.4.1;2;6.9;33;Rio de Janeiro;9471;2019;4;Homens;41113;30 a 49 anos
Indicador  5.4.1;2;6.4;33;Rio de Janeiro;9471;2019;4;Homens;3301;50 a 59 anos
Indicador  5.4.1;2;6.7;33;Rio de Janeiro;9471;2019;4;Homens;3302;60 anos ou mais
Indicador  5.4.1;2;11.4;33;Rio de Janeiro;9471;2019;5;Mulheres;95253;Total
Indicador  5.4.1;2;8.9;33;Rio de Janeiro;9471;2019;5;Mulheres;41114;14 a 29 anos
Indicador  5.4.1;2;13.0;33;Rio de Janeiro;9471;2019;5;Mulheres;41113;30 a 49 anos
Indicador  5.4.1;2;13.1;33;Rio de Janeiro;9471;2019;5;Mulheres;3301;50 a 59 anos
Indicador  5.4.1;2;10.9;33;Rio de Janeiro;9471;2019;5;Mulheres;3302;60 anos ou mais
Indicador  5.4.1;2;8.8;33;Rio de Janeiro;9471;2022;6794;Total;95253;Total
Indicador  5.4.1;2;6.9;33;Rio de Janeiro;9471;2022;6794;Total;41114;14 a 29 anos
Indicador  5.4.1;2;9.5;33;Rio de Janeiro;9471;2022;6794;Total;41113;30 a 49 anos
Indicador  5.4.1;2;10.0;33;Rio de Janeiro;9471;2022;6794;Total;3301;50 a 59 anos
Indicador  5.4.1;2;9.3;33;Rio de Janeiro;9471;2022;6794;Total;3302;60 anos ou mais
Indicador  5.4.1;2;6.3;33;Rio de Janeiro;9471;2022;4;Homens;95253;Total
Indicador  5.4.1;2;5.0;33;Rio de Janeiro;9471;2022;4;Homens;41114;14 a 29 anos
Indicador  5.4.1;2;6.7;33;Rio de Janeiro;9471;2022;4;Homens;41113;30 a 49 anos
Indicador  5.4.1;2;6.8;33;Rio de Janeiro;9471;2022;4;Homens;3301;50 a 59 anos
Indicador  5.4.1;2;7.1;33;Rio de Janeiro;9471;2022;4;Homens;3302;60 anos ou mais
Indicador  5.4.1;2;10.9;33;Rio de Janeiro;9471;2022;5;Mulheres;95253;Total
Indicador  5.4.1;2;8.8;33;Rio de Janeiro;9471;2022;5;Mulheres;41114;14 a 29 anos
Indicador  5.4.1;2;12.0;33;Rio de Janeiro;9471;2022;5;Mulheres;41113;30 a 49 anos
Indicador  5.4.1;2;12.6;33;Rio de Janeiro;9471;2022;5;Mulheres;3301;50 a 59 anos
Indicador  5.4.1;2;10.8;33;Rio de Janeiro;9471;2022;5;Mulheres;3302;60 anos ou mais
Indicador  5.4.1;2;8.5;35;São Paulo;9471;2016;6794;Total;95253;Total
Indicador  5.4.1;2;6.3;35;São Paulo;9471;2016;6794;Total;41114;14 a 29 anos
Indicador  5.4.1;2;9.3;35;São Paulo;9471;2016;6794;Total;41113;30 a 49 anos
Indicador  5.4.1;2;9.9;35;São Paulo;9471;2016;6794;Total;3301;50 a 59 anos
Indicador  5.4.1;2;9.7;35;São Paulo;9471;2016;6794;Total;3302;60 anos ou mais
Indicador  5.4.1;2;5.2;35;São Paulo;9471;2016;4;Homens;95253;Total
Indicador  5.4.1;2;3.9;35;São Paulo;9471;2016;4;Homens;41114;14 a 29 anos
Indicador  5.4.1;2;5.8;35;São Paulo;9471;2016;4;Homens;41113;30 a 49 anos
Indicador  5.4.1;2;5.6;35;São Paulo;9471;2016;4;Homens;3301;50 a 59 anos
Indicador  5.4.1;2;6.1;35;São Paulo;9471;2016;4;Homens;3302;60 anos ou mais
Indicador  5.4.1;2;11.6;35;São Paulo;9471;2016;5;Mulheres;95253;Total
Indicador  5.4.1;2;8.8;35;São Paulo;9471;2016;5;Mulheres;41114;14 a 29 anos
Indicador  5.4.1;2;12.7;35;São Paulo;9471;2016;5;Mulheres;41113;30 a 49 anos
Indicador  5.4.1;2;13.7;35;São Paulo;9471;2016;5;Mulheres;3301;50 a 59 anos
Indicador  5.4.1;2;12.4;35;São Paulo;9471;2016;5;Mulheres;3302;60 anos ou mais
Indicador  5.4.1;2;8.7;35;São Paulo;9471;2017;6794;Total;95253;Total
Indicador  5.4.1;2;6.2;35;São Paulo;9471;2017;6794;Total;41114;14 a 29 anos
Indicador  5.4.1;2;9.5;35;São Paulo;9471;2017;6794;Total;41113;30 a 49 anos
Indicador  5.4.1;2;10.0;35;São Paulo;9471;2017;6794;Total;3301;50 a 59 anos
Indicador  5.4.1;2;9.9;35;São Paulo;9471;2017;6794;Total;3302;60 anos ou mais
Indicador  5.4.1;2;5.3;35;São Paulo;9471;2017;4;Homens;95253;Total
Indicador  5.4.1;2;3.9;35;São Paulo;9471;2017;4;Homens;41114;14 a 29 anos
Indicador  5.4.1;2;5.8;35;São Paulo;9471;2017;4;Homens;41113;30 a 49 anos
Indicador  5.4.1;2;5.9;35;São Paulo;9471;2017;4;Homens;3301;50 a 59 anos
Indicador  5.4.1;2;6.4;35;São Paulo;9471;2017;4;Homens;3302;60 anos ou mais
Indicador  5.4.1;2;11.8;35;São Paulo;9471;2017;5;Mulheres;95253;Total
Indicador  5.4.1;2;8.7;35;São Paulo;9471;2017;5;Mulheres;41114;14 a 29 anos
Indicador  5.4.1;2;12.9;35;São Paulo;9471;2017;5;Mulheres;41113;30 a 49 anos
Indicador  5.4.1;2;13.6;35;São Paulo;9471;2017;5;Mulheres;3301;50 a 59 anos
Indicador  5.4.1;2;12.6;35;São Paulo;9471;2017;5;Mulheres;3302;60 anos ou mais
Indicador  5.4.1;2;9.0;35;São Paulo;9471;2018;6794;Total;95253;Total
Indicador  5.4.1;2;6.6;35;São Paulo;9471;2018;6794;Total;41114;14 a 29 anos
Indicador  5.4.1;2;9.9;35;São Paulo;9471;2018;6794;Total;41113;30 a 49 anos
Indicador  5.4.1;2;10.6;35;São Paulo;9471;2018;6794;Total;3301;50 a 59 anos
Indicador  5.4.1;2;10.1;35;São Paulo;9471;2018;6794;Total;3302;60 anos ou mais
Indicador  5.4.1;2;5.4;35;São Paulo;9471;2018;4;Homens;95253;Total
Indicador  5.4.1;2;4.0;35;São Paulo;9471;2018;4;Homens;41114;14 a 29 anos
Indicador  5.4.1;2;6.0;35;São Paulo;9471;2018;4;Homens;41113;30 a 49 anos
Indicador  5.4.1;2;6.0;35;São Paulo;9471;2018;4;Homens;3301;50 a 59 anos
Indicador  5.4.1;2;6.2;35;São Paulo;9471;2018;4;Homens;3302;60 anos ou mais
Indicador  5.4.1;2;12.3;35;São Paulo;9471;2018;5;Mulheres;95253;Total
Indicador  5.4.1;2;9.2;35;São Paulo;9471;2018;5;Mulheres;41114;14 a 29 anos
Indicador  5.4.1;2;13.5;35;São Paulo;9471;2018;5;Mulheres;41113;30 a 49 anos
Indicador  5.4.1;2;14.7;35;São Paulo;9471;2018;5;Mulheres;3301;50 a 59 anos
Indicador  5.4.1;2;13.1;35;São Paulo;9471;2018;5;Mulheres;3302;60 anos ou mais
Indicador  5.4.1;2;9.3;35;São Paulo;9471;2019;6794;Total;95253;Total
Indicador  5.4.1;2;7.0;35;São Paulo;9471;2019;6794;Total;41114;14 a 29 anos
Indicador  5.4.1;2;10.1;35;São Paulo;9471;2019;6794;Total;41113;30 a 49 anos
Indicador  5.4.1;2;10.6;35;São Paulo;9471;2019;6794;Total;3301;50 a 59 anos
Indicador  5.4.1;2;10.3;35;São Paulo;9471;2019;6794;Total;3302;60 anos ou mais
Indicador  5.4.1;2;5.7;35;São Paulo;9471;2019;4;Homens;95253;Total
Indicador  5.4.1;2;4.4;35;São Paulo;9471;2019;4;Homens;41114;14 a 29 anos
Indicador  5.4.1;2;6.3;35;São Paulo;9471;2019;4;Homens;41113;30 a 49 anos
Indicador  5.4.1;2;6.0;35;São Paulo;9471;2019;4;Homens;3301;50 a 59 anos
Indicador  5.4.1;2;6.4;35;São Paulo;9471;2019;4;Homens;3302;60 anos ou mais
Indicador  5.4.1;2;12.6;35;São Paulo;9471;2019;5;Mulheres;95253;Total
Indicador  5.4.1;2;9.6;35;São Paulo;9471;2019;5;Mulheres;41114;14 a 29 anos
Indicador  5.4.1;2;13.7;35;São Paulo;9471;2019;5;Mulheres;41113;30 a 49 anos
Indicador  5.4.1;2;14.5;35;São Paulo;9471;2019;5;Mulheres;3301;50 a 59 anos
Indicador  5.4.1;2;13.3;35;São Paulo;9471;2019;5;Mulheres;3302;60 anos ou mais
Indicador  5.4.1;2;8.9;35;São Paulo;9471;2022;6794;Total;95253;Total
Indicador  5.4.1;2;6.6;35;São Paulo;9471;2022;6794;Total;41114;14 a 29 anos
Indicador  5.4.1;2;9.5;35;São Paulo;9471;2022;6794;Total;41113;30 a 49 anos
Indicador  5.4.1;2;10.1;35;São Paulo;9471;2022;6794;Total;3301;50 a 59 anos
Indicador  5.4.1;2;10.1;35;São Paulo;9471;2022;6794;Total;3302;60 anos ou mais
Indicador  5.4.1;2;6.0;35;São Paulo;9471;2022;4;Homens;95253;Total
Indicador  5.4.1;2;4.7;35;São Paulo;9471;2022;4;Homens;41114;14 a 29 anos
Indicador  5.4.1;2;6.4;35;São Paulo;9471;2022;4;Homens;41113;30 a 49 anos
Indicador  5.4.1;2;6.4;35;São Paulo;9471;2022;4;Homens;3301;50 a 59 anos
Indicador  5.4.1;2;7.1;35;São Paulo;9471;2022;4;Homens;3302;60 anos ou mais
Indicador  5.4.1;2;11.6;35;São Paulo;9471;2022;5;Mulheres;95253;Total
Indicador  5.4.1;2;8.6;35;São Paulo;9471;2022;5;Mulheres;41114;14 a 29 anos
Indicador  5.4.1;2;12.5;35;São Paulo;9471;2022;5;Mulheres;41113;30 a 49 anos
Indicador  5.4.1;2;13.5;35;São Paulo;9471;2022;5;Mulheres;3301;50 a 59 anos
Indicador  5.4.1;2;12.3;35;São Paulo;9471;2022;5;Mulheres;3302;60 anos ou mais
Indicador  5.4.1;2;8.0;41;Paraná;9471;2016;6794;Total;95253;Total
Indicador  5.4.1;2;6.5;41;Paraná;9471;2016;6794;Total;41114;14 a 29 anos
Indicador  5.4.1;2;8.8;41;Paraná;9471;2016;6794;Total;41113;30 a 49 anos
Indicador  5.4.1;2;8.7;41;Paraná;9471;2016;6794;Total;3301;50 a 59 anos
Indicador  5.4.1;2;8.6;41;Paraná;9471;2016;6794;Total;3302;60 anos ou mais
Indicador  5.4.1;2;4.9;41;Paraná;9471;2016;4;Homens;95253;Total
Indicador  5.4.1;2;4.0;41;Paraná;9471;2016;4;Homens;41114;14 a 29 anos
Indicador  5.4.1;2;5.4;41;Paraná;9471;2016;4;Homens;41113;30 a 49 anos
Indicador  5.4.1;2;4.9;41;Paraná;9471;2016;4;Homens;3301;50 a 59 anos
Indicador  5.4.1;2;5.7;41;Paraná;9471;2016;4;Homens;3302;60 anos ou mais
Indicador  5.4.1;2;11.0;41;Paraná;9471;2016;5;Mulheres;95253;Total
Indicador  5.4.1;2;9.0;41;Paraná;9471;2016;5;Mulheres;41114;14 a 29 anos
Indicador  5.4.1;2;12.0;41;Paraná;9471;2016;5;Mulheres;41113;30 a 49 anos
Indicador  5.4.1;2;12.4;41;Paraná;9471;2016;5;Mulheres;3301;50 a 59 anos
Indicador  5.4.1;2;11.0;41;Paraná;9471;2016;5;Mulheres;3302;60 anos ou mais
Indicador  5.4.1;2;8.1;41;Paraná;9471;2017;6794;Total;95253;Total
Indicador  5.4.1;2;6.5;41;Paraná;9471;2017;6794;Total;41114;14 a 29 anos
Indicador  5.4.1;2;8.8;41;Paraná;9471;2017;6794;Total;41113;30 a 49 anos
Indicador  5.4.1;2;8.8;41;Paraná;9471;2017;6794;Total;3301;50 a 59 anos
Indicador  5.4.1;2;9.0;41;Paraná;9471;2017;6794;Total;3302;60 anos ou mais
Indicador  5.4.1;2;5.0;41;Paraná;9471;2017;4;Homens;95253;Total
Indicador  5.4.1;2;4.1;41;Paraná;9471;2017;4;Homens;41114;14 a 29 anos
Indicador  5.4.1;2;5.4;41;Paraná;9471;2017;4;Homens;41113;30 a 49 anos
Indicador  5.4.1;2;5.4;41;Paraná;9471;2017;4;Homens;3301;50 a 59 anos
Indicador  5.4.1;2;5.9;41;Paraná;9471;2017;4;Homens;3302;60 anos ou mais
Indicador  5.4.1;2;11.0;41;Paraná;9471;2017;5;Mulheres;95253;Total
Indicador  5.4.1;2;9.0;41;Paraná;9471;2017;5;Mulheres;41114;14 a 29 anos
Indicador  5.4.1;2;12.0;41;Paraná;9471;2017;5;Mulheres;41113;30 a 49 anos
Indicador  5.4.1;2;12.1;41;Paraná;9471;2017;5;Mulheres;3301;50 a 59 anos
Indicador  5.4.1;2;11.5;41;Paraná;9471;2017;5;Mulheres;3302;60 anos ou mais
Indicador  5.4.1;2;8.6;41;Paraná;9471;2018;6794;Total;95253;Total
Indicador  5.4.1;2;6.9;41;Paraná;9471;2018;6794;Total;41114;14 a 29 anos
Indicador  5.4.1;2;9.6;41;Paraná;9471;2018;6794;Total;41113;30 a 49 anos
Indicador  5.4.1;2;9.5;41;Paraná;9471;2018;6794;Total;3301;50 a 59 anos
Indicador  5.4.1;2;9.1;41;Paraná;9471;2018;6794;Total;3302;60 anos ou mais
Indicador  5.4.1;2;5.4;41;Paraná;9471;2018;4;Homens;95253;Total
Indicador  5.4.1;2;4.3;41;Paraná;9471;2018;4;Homens;41114;14 a 29 anos
Indicador  5.4.1;2;6.0;41;Paraná;9471;2018;4;Homens;41113;30 a 49 anos
Indicador  5.4.1;2;5.3;41;Paraná;9471;2018;4;Homens;3301;50 a 59 anos
Indicador  5.4.1;2;6.2;41;Paraná;9471;2018;4;Homens;3302;60 anos ou mais
Indicador  5.4.1;2;11.8;41;Paraná;9471;2018;5;Mulheres;95253;Total
Indicador  5.4.1;2;9.6;41;Paraná;9471;2018;5;Mulheres;41114;14 a 29 anos
Indicador  5.4.1;2;13.1;41;Paraná;9471;2018;5;Mulheres;41113;30 a 49 anos
Indicador  5.4.1;2;13.1;41;Paraná;9471;2018;5;Mulheres;3301;50 a 59 anos
Indicador  5.4.1;2;11.5;41;Paraná;9471;2018;5;Mulheres;3302;60 anos ou mais
Indicador  5.4.1;2;8.7;41;Paraná;9471;2019;6794;Total;95253;Total
Indicador  5.4.1;2;7.0;41;Paraná;9471;2019;6794;Total;41114;14 a 29 anos
Indicador  5.4.1;2;9.6;41;Paraná;9471;2019;6794;Total;41113;30 a 49 anos
Indicador  5.4.1;2;9.5;41;Paraná;9471;2019;6794;Total;3301;50 a 59 anos
Indicador  5.4.1;2;9.4;41;Paraná;9471;2019;6794;Total;3302;60 anos ou mais
Indicador  5.4.1;2;5.6;41;Paraná;9471;2019;4;Homens;95253;Total
Indicador  5.4.1;2;4.6;41;Paraná;9471;2019;4;Homens;41114;14 a 29 anos
Indicador  5.4.1;2;6.1;41;Paraná;9471;2019;4;Homens;41113;30 a 49 anos
Indicador  5.4.1;2;5.8;41;Paraná;9471;2019;4;Homens;3301;50 a 59 anos
Indicador  5.4.1;2;6.3;41;Paraná;9471;2019;4;Homens;3302;60 anos ou mais
Indicador  5.4.1;2;11.7;41;Paraná;9471;2019;5;Mulheres;95253;Total
Indicador  5.4.1;2;9.5;41;Paraná;9471;2019;5;Mulheres;41114;14 a 29 anos
Indicador  5.4.1;2;12.9;41;Paraná;9471;2019;5;Mulheres;41113;30 a 49 anos
Indicador  5.4.1;2;13.0;41;Paraná;9471;2019;5;Mulheres;3301;50 a 59 anos
Indicador  5.4.1;2;11.8;41;Paraná;9471;2019;5;Mulheres;3302;60 anos ou mais
Indicador  5.4.1;2;8.0;41;Paraná;9471;2022;6794;Total;95253;Total
Indicador  5.4.1;2;6.4;41;Paraná;9471;2022;6794;Total;41114;14 a 29 anos
Indicador  5.4.1;2;8.5;41;Paraná;9471;2022;6794;Total;41113;30 a 49 anos
Indicador  5.4.1;2;8.9;41;Paraná;9471;2022;6794;Total;3301;50 a 59 anos
Indicador  5.4.1;2;9.1;41;Paraná;9471;2022;6794;Total;3302;60 anos ou mais
Indicador  5.4.1;2;5.4;41;Paraná;9471;2022;4;Homens;95253;Total
Indicador  5.4.1;2;4.4;41;Paraná;9471;2022;4;Homens;41114;14 a 29 anos
Indicador  5.4.1;2;5.7;41;Paraná;9471;2022;4;Homens;41113;30 a 49 anos
Indicador  5.4.1;2;5.5;41;Paraná;9471;2022;4;Homens;3301;50 a 59 anos
Indicador  5.4.1;2;6.4;41;Paraná;9471;2022;4;Homens;3302;60 anos ou mais
Indicador  5.4.1;2;10.6;41;Paraná;9471;2022;5;Mulheres;95253;Total
Indicador  5.4.1;2;8.3;41;Paraná;9471;2022;5;Mulheres;41114;14 a 29 anos
Indicador  5.4.1;2;11.2;41;Paraná;9471;2022;5;Mulheres;41113;30 a 49 anos
Indicador  5.4.1;2;12.3;41;Paraná;9471;2022;5;Mulheres;3301;50 a 59 anos
Indicador  5.4.1;2;11.3;41;Paraná;9471;2022;5;Mulheres;3302;60 anos ou mais
Indicador  5.4.1;2;7.9;42;Santa Catarina;9471;2016;6794;Total;95253;Total
Indicador  5.4.1;2;6.1;42;Santa Catarina;9471;2016;6794;Total;41114;14 a 29 anos
Indicador  5.4.1;2;8.8;42;Santa Catarina;9471;2016;6794;Total;41113;30 a 49 anos
Indicador  5.4.1;2;9.0;42;Santa Catarina;9471;2016;6794;Total;3301;50 a 59 anos
Indicador  5.4.1;2;8.6;42;Santa Catarina;9471;2016;6794;Total;3302;60 anos ou mais
Indicador  5.4.1;2;5.3;42;Santa Catarina;9471;2016;4;Homens;95253;Total
Indicador  5.4.1;2;4.1;42;Santa Catarina;9471;2016;4;Homens;41114;14 a 29 anos
Indicador  5.4.1;2;5.8;42;Santa Catarina;9471;2016;4;Homens;41113;30 a 49 anos
Indicador  5.4.1;2;5.7;42;Santa Catarina;9471;2016;4;Homens;3301;50 a 59 anos
Indicador  5.4.1;2;6.3;42;Santa Catarina;9471;2016;4;Homens;3302;60 anos ou mais
Indicador  5.4.1;2;10.4;42;Santa Catarina;9471;2016;5;Mulheres;95253;Total
Indicador  5.4.1;2;8.1;42;Santa Catarina;9471;2016;5;Mulheres;41114;14 a 29 anos
Indicador  5.4.1;2;11.5;42;Santa Catarina;9471;2016;5;Mulheres;41113;30 a 49 anos
Indicador  5.4.1;2;12.3;42;Santa Catarina;9471;2016;5;Mulheres;3301;50 a 59 anos
Indicador  5.4.1;2;10.5;42;Santa Catarina;9471;2016;5;Mulheres;3302;60 anos ou mais
Indicador  5.4.1;2;8.6;42;Santa Catarina;9471;2017;6794;Total;95253;Total
Indicador  5.4.1;2;6.9;42;Santa Catarina;9471;2017;6794;Total;41114;14 a 29 anos
Indicador  5.4.1;2;9.3;42;Santa Catarina;9471;2017;6794;Total;41113;30 a 49 anos
Indicador  5.4.1;2;9.5;42;Santa Catarina;9471;2017;6794;Total;3301;50 a 59 anos
Indicador  5.4.1;2;9.1;42;Santa Catarina;9471;2017;6794;Total;3302;60 anos ou mais
Indicador  5.4.1;2;5.9;42;Santa Catarina;9471;2017;4;Homens;95253;Total
Indicador  5.4.1;2;4.7;42;Santa Catarina;9471;2017;4;Homens;41114;14 a 29 anos
Indicador  5.4.1;2;6.5;42;Santa Catarina;9471;2017;4;Homens;41113;30 a 49 anos
Indicador  5.4.1;2;6.3;42;Santa Catarina;9471;2017;4;Homens;3301;50 a 59 anos
Indicador  5.4.1;2;6.5;42;Santa Catarina;9471;2017;4;Homens;3302;60 anos ou mais
Indicador  5.4.1;2;11.2;42;Santa Catarina;9471;2017;5;Mulheres;95253;Total
Indicador  5.4.1;2;9.2;42;Santa Catarina;9471;2017;5;Mulheres;41114;14 a 29 anos
Indicador  5.4.1;2;12.2;42;Santa Catarina;9471;2017;5;Mulheres;41113;30 a 49 anos
Indicador  5.4.1;2;12.7;42;Santa Catarina;9471;2017;5;Mulheres;3301;50 a 59 anos
Indicador  5.4.1;2;11.3;42;Santa Catarina;9471;2017;5;Mulheres;3302;60 anos ou mais
Indicador  5.4.1;2;8.4;42;Santa Catarina;9471;2018;6794;Total;95253;Total
Indicador  5.4.1;2;6.6;42;Santa Catarina;9471;2018;6794;Total;41114;14 a 29 anos
Indicador  5.4.1;2;9.1;42;Santa Catarina;9471;2018;6794;Total;41113;30 a 49 anos
Indicador  5.4.1;2;9.7;42;Santa Catarina;9471;2018;6794;Total;3301;50 a 59 anos
Indicador  5.4.1;2;8.9;42;Santa Catarina;9471;2018;6794;Total;3302;60 anos ou mais
Indicador  5.4.1;2;5.7;42;Santa Catarina;9471;2018;4;Homens;95253;Total
Indicador  5.4.1;2;4.5;42;Santa Catarina;9471;2018;4;Homens;41114;14 a 29 anos
Indicador  5.4.1;2;6.3;42;Santa Catarina;9471;2018;4;Homens;41113;30 a 49 anos
Indicador  5.4.1;2;6.2;42;Santa Catarina;9471;2018;4;Homens;3301;50 a 59 anos
Indicador  5.4.1;2;6.4;42;Santa Catarina;9471;2018;4;Homens;3302;60 anos ou mais
Indicador  5.4.1;2;11.0;42;Santa Catarina;9471;2018;5;Mulheres;95253;Total
Indicador  5.4.1;2;8.9;42;Santa Catarina;9471;2018;5;Mulheres;41114;14 a 29 anos
Indicador  5.4.1;2;12.1;42;Santa Catarina;9471;2018;5;Mulheres;41113;30 a 49 anos
Indicador  5.4.1;2;13.1;42;Santa Catarina;9471;2018;5;Mulheres;3301;50 a 59 anos
Indicador  5.4.1;2;10.9;42;Santa Catarina;9471;2018;5;Mulheres;3302;60 anos ou mais
Indicador  5.4.1;2;8.5;42;Santa Catarina;9471;2019;6794;Total;95253;Total
Indicador  5.4.1;2;6.5;42;Santa Catarina;9471;2019;6794;Total;41114;14 a 29 anos
Indicador  5.4.1;2;9.2;42;Santa Catarina;9471;2019;6794;Total;41113;30 a 49 anos
Indicador  5.4.1;2;9.7;42;Santa Catarina;9471;2019;6794;Total;3301;50 a 59 anos
Indicador  5.4.1;2;9.0;42;Santa Catarina;9471;2019;6794;Total;3302;60 anos ou mais
Indicador  5.4.1;2;5.8;42;Santa Catarina;9471;2019;4;Homens;95253;Total
Indicador  5.4.1;2;4.4;42;Santa Catarina;9471;2019;4;Homens;41114;14 a 29 anos
Indicador  5.4.1;2;6.5;42;Santa Catarina;9471;2019;4;Homens;41113;30 a 49 anos
Indicador  5.4.1;2;6.2;42;Santa Catarina;9471;2019;4;Homens;3301;50 a 59 anos
Indicador  5.4.1;2;6.7;42;Santa Catarina;9471;2019;4;Homens;3302;60 anos ou mais
Indicador  5.4.1;2;11.1;42;Santa Catarina;9471;2019;5;Mulheres;95253;Total
Indicador  5.4.1;2;8.8;42;Santa Catarina;9471;2019;5;Mulheres;41114;14 a 29 anos
Indicador  5.4.1;2;12.1;42;Santa Catarina;9471;2019;5;Mulheres;41113;30 a 49 anos
Indicador  5.4.1;2;12.9;42;Santa Catarina;9471;2019;5;Mulheres;3301;50 a 59 anos
Indicador  5.4.1;2;10.9;42;Santa Catarina;9471;2019;5;Mulheres;3302;60 anos ou mais
Indicador  5.4.1;2;8.3;42;Santa Catarina;9471;2022;6794;Total;95253;Total
Indicador  5.4.1;2;6.7;42;Santa Catarina;9471;2022;6794;Total;41114;14 a 29 anos
Indicador  5.4.1;2;8.6;42;Santa Catarina;9471;2022;6794;Total;41113;30 a 49 anos
Indicador  5.4.1;2;9.5;42;Santa Catarina;9471;2022;6794;Total;3301;50 a 59 anos
Indicador  5.4.1;2;9.1;42;Santa Catarina;9471;2022;6794;Total;3302;60 anos ou mais
Indicador  5.4.1;2;5.9;42;Santa Catarina;9471;2022;4;Homens;95253;Total
Indicador  5.4.1;2;4.7;42;Santa Catarina;9471;2022;4;Homens;41114;14 a 29 anos
Indicador  5.4.1;2;6.2;42;Santa Catarina;9471;2022;4;Homens;41113;30 a 49 anos
Indicador  5.4.1;2;6.4;42;Santa Catarina;9471;2022;4;Homens;3301;50 a 59 anos
Indicador  5.4.1;2;7.0;42;Santa Catarina;9471;2022;4;Homens;3302;60 anos ou mais
Indicador  5.4.1;2;10.6;42;Santa Catarina;9471;2022;5;Mulheres;95253;Total
Indicador  5.4.1;2;8.8;42;Santa Catarina;9471;2022;5;Mulheres;41114;14 a 29 anos
Indicador  5.4.1;2;11.0;42;Santa Catarina;9471;2022;5;Mulheres;41113;30 a 49 anos
Indicador  5.4.1;2;12.3;42;Santa Catarina;9471;2022;5;Mulheres;3301;50 a 59 anos
Indicador  5.4.1;2;10.9;42;Santa Catarina;9471;2022;5;Mulheres;3302;60 anos ou mais
Indicador  5.4.1;2;8.9;43;Rio Grande do Sul;9471;2016;6794;Total;95253;Total
Indicador  5.4.1;2;7.0;43;Rio Grande do Sul;9471;2016;6794;Total;41114;14 a 29 anos
Indicador  5.4.1;2;9.8;43;Rio Grande do Sul;9471;2016;6794;Total;41113;30 a 49 anos
Indicador  5.4.1;2;10.0;43;Rio Grande do Sul;9471;2016;6794;Total;3301;50 a 59 anos
Indicador  5.4.1;2;9.4;43;Rio Grande do Sul;9471;2016;6794;Total;3302;60 anos ou mais
Indicador  5.4.1;2;5.9;43;Rio Grande do Sul;9471;2016;4;Homens;95253;Total
Indicador  5.4.1;2;4.7;43;Rio Grande do Sul;9471;2016;4;Homens;41114;14 a 29 anos
Indicador  5.4.1;2;6.6;43;Rio Grande do Sul;9471;2016;4;Homens;41113;30 a 49 anos
Indicador  5.4.1;2;6.1;43;Rio Grande do Sul;9471;2016;4;Homens;3301;50 a 59 anos
Indicador  5.4.1;2;6.7;43;Rio Grande do Sul;9471;2016;4;Homens;3302;60 anos ou mais
Indicador  5.4.1;2;11.7;43;Rio Grande do Sul;9471;2016;5;Mulheres;95253;Total
Indicador  5.4.1;2;9.4;43;Rio Grande do Sul;9471;2016;5;Mulheres;41114;14 a 29 anos
Indicador  5.4.1;2;12.9;43;Rio Grande do Sul;9471;2016;5;Mulheres;41113;30 a 49 anos
Indicador  5.4.1;2;13.5;43;Rio Grande do Sul;9471;2016;5;Mulheres;3301;50 a 59 anos
Indicador  5.4.1;2;11.6;43;Rio Grande do Sul;9471;2016;5;Mulheres;3302;60 anos ou mais
Indicador  5.4.1;2;8.9;43;Rio Grande do Sul;9471;2017;6794;Total;95253;Total
Indicador  5.4.1;2;7.2;43;Rio Grande do Sul;9471;2017;6794;Total;41114;14 a 29 anos
Indicador  5.4.1;2;9.8;43;Rio Grande do Sul;9471;2017;6794;Total;41113;30 a 49 anos
Indicador  5.4.1;2;9.6;43;Rio Grande do Sul;9471;2017;6794;Total;3301;50 a 59 anos
Indicador  5.4.1;2;9.6;43;Rio Grande do Sul;9471;2017;6794;Total;3302;60 anos ou mais
Indicador  5.4.1;2;6.1;43;Rio Grande do Sul;9471;2017;4;Homens;95253;Total
Indicador  5.4.1;2;4.7;43;Rio Grande do Sul;9471;2017;4;Homens;41114;14 a 29 anos
Indicador  5.4.1;2;6.8;43;Rio Grande do Sul;9471;2017;4;Homens;41113;30 a 49 anos
Indicador  5.4.1;2;6.5;43;Rio Grande do Sul;9471;2017;4;Homens;3301;50 a 59 anos
Indicador  5.4.1;2;6.7;43;Rio Grande do Sul;9471;2017;4;Homens;3302;60 anos ou mais
Indicador  5.4.1;2;11.6;43;Rio Grande do Sul;9471;2017;5;Mulheres;95253;Total
Indicador  5.4.1;2;9.7;43;Rio Grande do Sul;9471;2017;5;Mulheres;41114;14 a 29 anos
Indicador  5.4.1;2;12.7;43;Rio Grande do Sul;9471;2017;5;Mulheres;41113;30 a 49 anos
Indicador  5.4.1;2;12.7;43;Rio Grande do Sul;9471;2017;5;Mulheres;3301;50 a 59 anos
Indicador  5.4.1;2;11.8;43;Rio Grande do Sul;9471;2017;5;Mulheres;3302;60 anos ou mais
Indicador  5.4.1;2;8.9;43;Rio Grande do Sul;9471;2018;6794;Total;95253;Total
Indicador  5.4.1;2;7.0;43;Rio Grande do Sul;9471;2018;6794;Total;41114;14 a 29 anos
Indicador  5.4.1;2;9.8;43;Rio Grande do Sul;9471;2018;6794;Total;41113;30 a 49 anos
Indicador  5.4.1;2;9.8;43;Rio Grande do Sul;9471;2018;6794;Total;3301;50 a 59 anos
Indicador  5.4.1;2;9.3;43;Rio Grande do Sul;9471;2018;6794;Total;3302;60 anos ou mais
Indicador  5.4.1;2;6.0;43;Rio Grande do Sul;9471;2018;4;Homens;95253;Total
Indicador  5.4.1;2;4.7;43;Rio Grande do Sul;9471;2018;4;Homens;41114;14 a 29 anos
Indicador  5.4.1;2;6.6;43;Rio Grande do Sul;9471;2018;4;Homens;41113;30 a 49 anos
Indicador  5.4.1;2;6.6;43;Rio Grande do Sul;9471;2018;4;Homens;3301;50 a 59 anos
Indicador  5.4.1;2;6.4;43;Rio Grande do Sul;9471;2018;4;Homens;3302;60 anos ou mais
Indicador  5.4.1;2;11.5;43;Rio Grande do Sul;9471;2018;5;Mulheres;95253;Total
Indicador  5.4.1;2;9.3;43;Rio Grande do Sul;9471;2018;5;Mulheres;41114;14 a 29 anos
Indicador  5.4.1;2;12.8;43;Rio Grande do Sul;9471;2018;5;Mulheres;41113;30 a 49 anos
Indicador  5.4.1;2;12.8;43;Rio Grande do Sul;9471;2018;5;Mulheres;3301;50 a 59 anos
Indicador  5.4.1;2;11.4;43;Rio Grande do Sul;9471;2018;5;Mulheres;3302;60 anos ou mais
Indicador  5.4.1;2;8.8;43;Rio Grande do Sul;9471;2019;6794;Total;95253;Total
Indicador  5.4.1;2;6.9;43;Rio Grande do Sul;9471;2019;6794;Total;41114;14 a 29 anos
Indicador  5.4.1;2;9.5;43;Rio Grande do Sul;9471;2019;6794;Total;41113;30 a 49 anos
Indicador  5.4.1;2;9.7;43;Rio Grande do Sul;9471;2019;6794;Total;3301;50 a 59 anos
Indicador  5.4.1;2;9.5;43;Rio Grande do Sul;9471;2019;6794;Total;3302;60 anos ou mais
Indicador  5.4.1;2;6.0;43;Rio Grande do Sul;9471;2019;4;Homens;95253;Total
Indicador  5.4.1;2;4.7;43;Rio Grande do Sul;9471;2019;4;Homens;41114;14 a 29 anos
Indicador  5.4.1;2;6.5;43;Rio Grande do Sul;9471;2019;4;Homens;41113;30 a 49 anos
Indicador  5.4.1;2;6.6;43;Rio Grande do Sul;9471;2019;4;Homens;3301;50 a 59 anos
Indicador  5.4.1;2;6.8;43;Rio Grande do Sul;9471;2019;4;Homens;3302;60 anos ou mais
Indicador  5.4.1;2;11.3;43;Rio Grande do Sul;9471;2019;5;Mulheres;95253;Total
Indicador  5.4.1;2;9.1;43;Rio Grande do Sul;9471;2019;5;Mulheres;41114;14 a 29 anos
Indicador  5.4.1;2;12.5;43;Rio Grande do Sul;9471;2019;5;Mulheres;41113;30 a 49 anos
Indicador  5.4.1;2;12.5;43;Rio Grande do Sul;9471;2019;5;Mulheres;3301;50 a 59 anos
Indicador  5.4.1;2;11.6;43;Rio Grande do Sul;9471;2019;5;Mulheres;3302;60 anos ou mais
Indicador  5.4.1;2;8.4;43;Rio Grande do Sul;9471;2022;6794;Total;95253;Total
Indicador  5.4.1;2;6.3;43;Rio Grande do Sul;9471;2022;6794;Total;41114;14 a 29 anos
Indicador  5.4.1;2;8.9;43;Rio Grande do Sul;9471;2022;6794;Total;41113;30 a 49 anos
Indicador  5.4.1;2;9.1;43;Rio Grande do Sul;9471;2022;6794;Total;3301;50 a 59 anos
Indicador  5.4.1;2;9.3;43;Rio Grande do Sul;9471;2022;6794;Total;3302;60 anos ou mais
Indicador  5.4.1;2;6.0;43;Rio Grande do Sul;9471;2022;4;Homens;95253;Total
Indicador  5.4.1;2;4.6;43;Rio Grande do Sul;9471;2022;4;Homens;41114;14 a 29 anos
Indicador  5.4.1;2;6.4;43;Rio Grande do Sul;9471;2022;4;Homens;41113;30 a 49 anos
Indicador  5.4.1;2;6.2;43;Rio Grande do Sul;9471;2022;4;Homens;3301;50 a 59 anos
Indicador  5.4.1;2;6.9;43;Rio Grande do Sul;9471;2022;4;Homens;3302;60 anos ou mais
Indicador  5.4.1;2;10.6;43;Rio Grande do Sul;9471;2022;5;Mulheres;95253;Total
Indicador  5.4.1;2;8.2;43;Rio Grande do Sul;9471;2022;5;Mulheres;41114;14 a 29 anos
Indicador  5.4.1;2;11.5;43;Rio Grande do Sul;9471;2022;5;Mulheres;41113;30 a 49 anos
Indicador  5.4.1;2;11.7;43;Rio Grande do Sul;9471;2022;5;Mulheres;3301;50 a 59 anos
Indicador  5.4.1;2;11.2;43;Rio Grande do Sul;9471;2022;5;Mulheres;3302;60 anos ou mais
Indicador  5.4.1;2;7.3;50;Mato Grosso do Sul;9471;2016;6794;Total;95253;Total
Indicador  5.4.1;2;6.4;50;Mato Grosso do Sul;9471;2016;6794;Total;41114;14 a 29 anos
Indicador  5.4.1;2;7.9;50;Mato Grosso do Sul;9471;2016;6794;Total;41113;30 a 49 anos
Indicador  5.4.1;2;7.7;50;Mato Grosso do Sul;9471;2016;6794;Total;3301;50 a 59 anos
Indicador  5.4.1;2;7.3;50;Mato Grosso do Sul;9471;2016;6794;Total;3302;60 anos ou mais
Indicador  5.4.1;2;4.2;50;Mato Grosso do Sul;9471;2016;4;Homens;95253;Total
Indicador  5.4.1;2;3.7;50;Mato Grosso do Sul;9471;2016;4;Homens;41114;14 a 29 anos
Indicador  5.4.1;2;4.5;50;Mato Grosso do Sul;9471;2016;4;Homens;41113;30 a 49 anos
Indicador  5.4.1;2;4.4;50;Mato Grosso do Sul;9471;2016;4;Homens;3301;50 a 59 anos
Indicador  5.4.1;2;4.7;50;Mato Grosso do Sul;9471;2016;4;Homens;3302;60 anos ou mais
Indicador  5.4.1;2;10.1;50;Mato Grosso do Sul;9471;2016;5;Mulheres;95253;Total
Indicador  5.4.1;2;9.1;50;Mato Grosso do Sul;9471;2016;5;Mulheres;41114;14 a 29 anos
Indicador  5.4.1;2;11.2;50;Mato Grosso do Sul;9471;2016;5;Mulheres;41113;30 a 49 anos
Indicador  5.4.1;2;10.7;50;Mato Grosso do Sul;9471;2016;5;Mulheres;3301;50 a 59 anos
Indicador  5.4.1;2;9.3;50;Mato Grosso do Sul;9471;2016;5;Mulheres;3302;60 anos ou mais
Indicador  5.4.1;2;7.7;50;Mato Grosso do Sul;9471;2017;6794;Total;95253;Total
Indicador  5.4.1;2;6.5;50;Mato Grosso do Sul;9471;2017;6794;Total;41114;14 a 29 anos
Indicador  5.4.1;2;8.5;50;Mato Grosso do Sul;9471;2017;6794;Total;41113;30 a 49 anos
Indicador  5.4.1;2;8.4;50;Mato Grosso do Sul;9471;2017;6794;Total;3301;50 a 59 anos
Indicador  5.4.1;2;7.4;50;Mato Grosso do Sul;9471;2017;6794;Total;3302;60 anos ou mais
Indicador  5.4.1;2;4.6;50;Mato Grosso do Sul;9471;2017;4;Homens;95253;Total
Indicador  5.4.1;2;4.0;50;Mato Grosso do Sul;9471;2017;4;Homens;41114;14 a 29 anos
Indicador  5.4.1;2;5.0;50;Mato Grosso do Sul;9471;2017;4;Homens;41113;30 a 49 anos
Indicador  5.4.1;2;4.6;50;Mato Grosso do Sul;9471;2017;4;Homens;3301;50 a 59 anos
Indicador  5.4.1;2;5.1;50;Mato Grosso do Sul;9471;2017;4;Homens;3302;60 anos ou mais
Indicador  5.4.1;2;10.6;50;Mato Grosso do Sul;9471;2017;5;Mulheres;95253;Total
Indicador  5.4.1;2;9.1;50;Mato Grosso do Sul;9471;2017;5;Mulheres;41114;14 a 29 anos
Indicador  5.4.1;2;11.9;50;Mato Grosso do Sul;9471;2017;5;Mulheres;41113;30 a 49 anos
Indicador  5.4.1;2;11.7;50;Mato Grosso do Sul;9471;2017;5;Mulheres;3301;50 a 59 anos
Indicador  5.4.1;2;9.4;50;Mato Grosso do Sul;9471;2017;5;Mulheres;3302;60 anos ou mais
Indicador  5.4.1;2;7.9;50;Mato Grosso do Sul;9471;2018;6794;Total;95253;Total
Indicador  5.4.1;2;6.9;50;Mato Grosso do Sul;9471;2018;6794;Total;41114;14 a 29 anos
Indicador  5.4.1;2;8.5;50;Mato Grosso do Sul;9471;2018;6794;Total;41113;30 a 49 anos
Indicador  5.4.1;2;8.5;50;Mato Grosso do Sul;9471;2018;6794;Total;3301;50 a 59 anos
Indicador  5.4.1;2;7.9;50;Mato Grosso do Sul;9471;2018;6794;Total;3302;60 anos ou mais
Indicador  5.4.1;2;4.8;50;Mato Grosso do Sul;9471;2018;4;Homens;95253;Total
Indicador  5.4.1;2;4.2;50;Mato Grosso do Sul;9471;2018;4;Homens;41114;14 a 29 anos
Indicador  5.4.1;2;5.2;50;Mato Grosso do Sul;9471;2018;4;Homens;41113;30 a 49 anos
Indicador  5.4.1;2;5.0;50;Mato Grosso do Sul;9471;2018;4;Homens;3301;50 a 59 anos
Indicador  5.4.1;2;5.2;50;Mato Grosso do Sul;9471;2018;4;Homens;3302;60 anos ou mais
Indicador  5.4.1;2;10.8;50;Mato Grosso do Sul;9471;2018;5;Mulheres;95253;Total
Indicador  5.4.1;2;9.7;50;Mato Grosso do Sul;9471;2018;5;Mulheres;41114;14 a 29 anos
Indicador  5.4.1;2;11.6;50;Mato Grosso do Sul;9471;2018;5;Mulheres;41113;30 a 49 anos
Indicador  5.4.1;2;11.8;50;Mato Grosso do Sul;9471;2018;5;Mulheres;3301;50 a 59 anos
Indicador  5.4.1;2;10.1;50;Mato Grosso do Sul;9471;2018;5;Mulheres;3302;60 anos ou mais
Indicador  5.4.1;2;8.3;50;Mato Grosso do Sul;9471;2019;6794;Total;95253;Total
Indicador  5.4.1;2;7.3;50;Mato Grosso do Sul;9471;2019;6794;Total;41114;14 a 29 anos
Indicador  5.4.1;2;8.8;50;Mato Grosso do Sul;9471;2019;6794;Total;41113;30 a 49 anos
Indicador  5.4.1;2;9.1;50;Mato Grosso do Sul;9471;2019;6794;Total;3301;50 a 59 anos
Indicador  5.4.1;2;8.3;50;Mato Grosso do Sul;9471;2019;6794;Total;3302;60 anos ou mais
Indicador  5.4.1;2;5.2;50;Mato Grosso do Sul;9471;2019;4;Homens;95253;Total
Indicador  5.4.1;2;4.5;50;Mato Grosso do Sul;9471;2019;4;Homens;41114;14 a 29 anos
Indicador  5.4.1;2;5.6;50;Mato Grosso do Sul;9471;2019;4;Homens;41113;30 a 49 anos
Indicador  5.4.1;2;5.4;50;Mato Grosso do Sul;9471;2019;4;Homens;3301;50 a 59 anos
Indicador  5.4.1;2;5.8;50;Mato Grosso do Sul;9471;2019;4;Homens;3302;60 anos ou mais
Indicador  5.4.1;2;11.2;50;Mato Grosso do Sul;9471;2019;5;Mulheres;95253;Total
Indicador  5.4.1;2;10.1;50;Mato Grosso do Sul;9471;2019;5;Mulheres;41114;14 a 29 anos
Indicador  5.4.1;2;11.9;50;Mato Grosso do Sul;9471;2019;5;Mulheres;41113;30 a 49 anos
Indicador  5.4.1;2;12.6;50;Mato Grosso do Sul;9471;2019;5;Mulheres;3301;50 a 59 anos
Indicador  5.4.1;2;10.5;50;Mato Grosso do Sul;9471;2019;5;Mulheres;3302;60 anos ou mais
Indicador  5.4.1;2;8.0;50;Mato Grosso do Sul;9471;2022;6794;Total;95253;Total
Indicador  5.4.1;2;6.8;50;Mato Grosso do Sul;9471;2022;6794;Total;41114;14 a 29 anos
Indicador  5.4.1;2;8.6;50;Mato Grosso do Sul;9471;2022;6794;Total;41113;30 a 49 anos
Indicador  5.4.1;2;8.9;50;Mato Grosso do Sul;9471;2022;6794;Total;3301;50 a 59 anos
Indicador  5.4.1;2;8.3;50;Mato Grosso do Sul;9471;2022;6794;Total;3302;60 anos ou mais
Indicador  5.4.1;2;5.4;50;Mato Grosso do Sul;9471;2022;4;Homens;95253;Total
Indicador  5.4.1;2;4.6;50;Mato Grosso do Sul;9471;2022;4;Homens;41114;14 a 29 anos
Indicador  5.4.1;2;5.5;50;Mato Grosso do Sul;9471;2022;4;Homens;41113;30 a 49 anos
Indicador  5.4.1;2;5.9;50;Mato Grosso do Sul;9471;2022;4;Homens;3301;50 a 59 anos
Indicador  5.4.1;2;6.2;50;Mato Grosso do Sul;9471;2022;4;Homens;3302;60 anos ou mais
Indicador  5.4.1;2;10.6;50;Mato Grosso do Sul;9471;2022;5;Mulheres;95253;Total
Indicador  5.4.1;2;9.0;50;Mato Grosso do Sul;9471;2022;5;Mulheres;41114;14 a 29 anos
Indicador  5.4.1;2;11.5;50;Mato Grosso do Sul;9471;2022;5;Mulheres;41113;30 a 49 anos
Indicador  5.4.1;2;12.0;50;Mato Grosso do Sul;9471;2022;5;Mulheres;3301;50 a 59 anos
Indicador  5.4.1;2;10.0;50;Mato Grosso do Sul;9471;2022;5;Mulheres;3302;60 anos ou mais
Indicador  5.4.1;2;6.7;51;Mato Grosso;9471;2016;6794;Total;95253;Total
Indicador  5.4.1;2;5.7;51;Mato Grosso;9471;2016;6794;Total;41114;14 a 29 anos
Indicador  5.4.1;2;7.2;51;Mato Grosso;9471;2016;6794;Total;41113;30 a 49 anos
Indicador  5.4.1;2;7.6;51;Mato Grosso;9471;2016;6794;Total;3301;50 a 59 anos
Indicador  5.4.1;2;6.9;51;Mato Grosso;9471;2016;6794;Total;3302;60 anos ou mais
Indicador  5.4.1;2;4.0;51;Mato Grosso;9471;2016;4;Homens;95253;Total
Indicador  5.4.1;2;3.2;51;Mato Grosso;9471;2016;4;Homens;41114;14 a 29 anos
Indicador  5.4.1;2;4.3;51;Mato Grosso;9471;2016;4;Homens;41113;30 a 49 anos
Indicador  5.4.1;2;4.4;51;Mato Grosso;9471;2016;4;Homens;3301;50 a 59 anos
Indicador  5.4.1;2;4.7;51;Mato Grosso;9471;2016;4;Homens;3302;60 anos ou mais
Indicador  5.4.1;2;9.4;51;Mato Grosso;9471;2016;5;Mulheres;95253;Total
Indicador  5.4.1;2;8.4;51;Mato Grosso;9471;2016;5;Mulheres;41114;14 a 29 anos
Indicador  5.4.1;2;10.1;51;Mato Grosso;9471;2016;5;Mulheres;41113;30 a 49 anos
Indicador  5.4.1;2;10.7;51;Mato Grosso;9471;2016;5;Mulheres;3301;50 a 59 anos
Indicador  5.4.1;2;9.0;51;Mato Grosso;9471;2016;5;Mulheres;3302;60 anos ou mais
Indicador  5.4.1;2;7.6;51;Mato Grosso;9471;2017;6794;Total;95253;Total
Indicador  5.4.1;2;6.5;51;Mato Grosso;9471;2017;6794;Total;41114;14 a 29 anos
Indicador  5.4.1;2;8.1;51;Mato Grosso;9471;2017;6794;Total;41113;30 a 49 anos
Indicador  5.4.1;2;8.1;51;Mato Grosso;9471;2017;6794;Total;3301;50 a 59 anos
Indicador  5.4.1;2;8.1;51;Mato Grosso;9471;2017;6794;Total;3302;60 anos ou mais
Indicador  5.4.1;2;4.6;51;Mato Grosso;9471;2017;4;Homens;95253;Total
Indicador  5.4.1;2;4.1;51;Mato Grosso;9471;2017;4;Homens;41114;14 a 29 anos
Indicador  5.4.1;2;4.7;51;Mato Grosso;9471;2017;4;Homens;41113;30 a 49 anos
Indicador  5.4.1;2;4.9;51;Mato Grosso;9471;2017;4;Homens;3301;50 a 59 anos
Indicador  5.4.1;2;5.5;51;Mato Grosso;9471;2017;4;Homens;3302;60 anos ou mais
Indicador  5.4.1;2;10.6;51;Mato Grosso;9471;2017;5;Mulheres;95253;Total
Indicador  5.4.1;2;9.0;51;Mato Grosso;9471;2017;5;Mulheres;41114;14 a 29 anos
Indicador  5.4.1;2;11.6;51;Mato Grosso;9471;2017;5;Mulheres;41113;30 a 49 anos
Indicador  5.4.1;2;11.6;51;Mato Grosso;9471;2017;5;Mulheres;3301;50 a 59 anos
Indicador  5.4.1;2;10.6;51;Mato Grosso;9471;2017;5;Mulheres;3302;60 anos ou mais
Indicador  5.4.1;2;7.9;51;Mato Grosso;9471;2018;6794;Total;95253;Total
Indicador  5.4.1;2;6.8;51;Mato Grosso;9471;2018;6794;Total;41114;14 a 29 anos
Indicador  5.4.1;2;8.5;51;Mato Grosso;9471;2018;6794;Total;41113;30 a 49 anos
Indicador  5.4.1;2;9.0;51;Mato Grosso;9471;2018;6794;Total;3301;50 a 59 anos
Indicador  5.4.1;2;8.0;51;Mato Grosso;9471;2018;6794;Total;3302;60 anos ou mais
Indicador  5.4.1;2;4.7;51;Mato Grosso;9471;2018;4;Homens;95253;Total
Indicador  5.4.1;2;4.0;51;Mato Grosso;9471;2018;4;Homens;41114;14 a 29 anos
Indicador  5.4.1;2;5.0;51;Mato Grosso;9471;2018;4;Homens;41113;30 a 49 anos
Indicador  5.4.1;2;5.0;51;Mato Grosso;9471;2018;4;Homens;3301;50 a 59 anos
Indicador  5.4.1;2;5.3;51;Mato Grosso;9471;2018;4;Homens;3302;60 anos ou mais
Indicador  5.4.1;2;11.1;51;Mato Grosso;9471;2018;5;Mulheres;95253;Total
Indicador  5.4.1;2;9.7;51;Mato Grosso;9471;2018;5;Mulheres;41114;14 a 29 anos
Indicador  5.4.1;2;12.0;51;Mato Grosso;9471;2018;5;Mulheres;41113;30 a 49 anos
Indicador  5.4.1;2;12.8;51;Mato Grosso;9471;2018;5;Mulheres;3301;50 a 59 anos
Indicador  5.4.1;2;10.5;51;Mato Grosso;9471;2018;5;Mulheres;3302;60 anos ou mais
Indicador  5.4.1;2;7.6;51;Mato Grosso;9471;2019;6794;Total;95253;Total
Indicador  5.4.1;2;6.3;51;Mato Grosso;9471;2019;6794;Total;41114;14 a 29 anos
Indicador  5.4.1;2;7.9;51;Mato Grosso;9471;2019;6794;Total;41113;30 a 49 anos
Indicador  5.4.1;2;8.6;51;Mato Grosso;9471;2019;6794;Total;3301;50 a 59 anos
Indicador  5.4.1;2;8.3;51;Mato Grosso;9471;2019;6794;Total;3302;60 anos ou mais
Indicador  5.4.1;2;4.6;51;Mato Grosso;9471;2019;4;Homens;95253;Total
Indicador  5.4.1;2;3.9;51;Mato Grosso;9471;2019;4;Homens;41114;14 a 29 anos
Indicador  5.4.1;2;4.5;51;Mato Grosso;9471;2019;4;Homens;41113;30 a 49 anos
Indicador  5.4.1;2;5.1;51;Mato Grosso;9471;2019;4;Homens;3301;50 a 59 anos
Indicador  5.4.1;2;5.6;51;Mato Grosso;9471;2019;4;Homens;3302;60 anos ou mais
Indicador  5.4.1;2;10.5;51;Mato Grosso;9471;2019;5;Mulheres;95253;Total
Indicador  5.4.1;2;8.7;51;Mato Grosso;9471;2019;5;Mulheres;41114;14 a 29 anos
Indicador  5.4.1;2;11.3;51;Mato Grosso;9471;2019;5;Mulheres;41113;30 a 49 anos
Indicador  5.4.1;2;12.0;51;Mato Grosso;9471;2019;5;Mulheres;3301;50 a 59 anos
Indicador  5.4.1;2;10.8;51;Mato Grosso;9471;2019;5;Mulheres;3302;60 anos ou mais
Indicador  5.4.1;2;7.2;51;Mato Grosso;9471;2022;6794;Total;95253;Total
Indicador  5.4.1;2;6.6;51;Mato Grosso;9471;2022;6794;Total;41114;14 a 29 anos
Indicador  5.4.1;2;7.2;51;Mato Grosso;9471;2022;6794;Total;41113;30 a 49 anos
Indicador  5.4.1;2;8.5;51;Mato Grosso;9471;2022;6794;Total;3301;50 a 59 anos
Indicador  5.4.1;2;7.4;51;Mato Grosso;9471;2022;6794;Total;3302;60 anos ou mais
Indicador  5.4.1;2;4.3;51;Mato Grosso;9471;2022;4;Homens;95253;Total
Indicador  5.4.1;2;4.0;51;Mato Grosso;9471;2022;4;Homens;41114;14 a 29 anos
Indicador  5.4.1;2;4.2;51;Mato Grosso;9471;2022;4;Homens;41113;30 a 49 anos
Indicador  5.4.1;2;5.0;51;Mato Grosso;9471;2022;4;Homens;3301;50 a 59 anos
Indicador  5.4.1;2;5.0;51;Mato Grosso;9471;2022;4;Homens;3302;60 anos ou mais
Indicador  5.4.1;2;10.1;51;Mato Grosso;9471;2022;5;Mulheres;95253;Total
Indicador  5.4.1;2;9.1;51;Mato Grosso;9471;2022;5;Mulheres;41114;14 a 29 anos
Indicador  5.4.1;2;10.5;51;Mato Grosso;9471;2022;5;Mulheres;41113;30 a 49 anos
Indicador  5.4.1;2;11.9;51;Mato Grosso;9471;2022;5;Mulheres;3301;50 a 59 anos
Indicador  5.4.1;2;9.7;51;Mato Grosso;9471;2022;5;Mulheres;3302;60 anos ou mais
Indicador  5.4.1;2;7.7;52;Goiás;9471;2016;6794;Total;95253;Total
Indicador  5.4.1;2;6.4;52;Goiás;9471;2016;6794;Total;41114;14 a 29 anos
Indicador  5.4.1;2;8.4;52;Goiás;9471;2016;6794;Total;41113;30 a 49 anos
Indicador  5.4.1;2;8.1;52;Goiás;9471;2016;6794;Total;3301;50 a 59 anos
Indicador  5.4.1;2;8.2;52;Goiás;9471;2016;6794;Total;3302;60 anos ou mais
Indicador  5.4.1;2;4.5;52;Goiás;9471;2016;4;Homens;95253;Total
Indicador  5.4.1;2;3.9;52;Goiás;9471;2016;4;Homens;41114;14 a 29 anos
Indicador  5.4.1;2;4.9;52;Goiás;9471;2016;4;Homens;41113;30 a 49 anos
Indicador  5.4.1;2;4.5;52;Goiás;9471;2016;4;Homens;3301;50 a 59 anos
Indicador  5.4.1;2;5.1;52;Goiás;9471;2016;4;Homens;3302;60 anos ou mais
Indicador  5.4.1;2;10.7;52;Goiás;9471;2016;5;Mulheres;95253;Total
Indicador  5.4.1;2;9.1;52;Goiás;9471;2016;5;Mulheres;41114;14 a 29 anos
Indicador  5.4.1;2;11.7;52;Goiás;9471;2016;5;Mulheres;41113;30 a 49 anos
Indicador  5.4.1;2;11.6;52;Goiás;9471;2016;5;Mulheres;3301;50 a 59 anos
Indicador  5.4.1;2;10.9;52;Goiás;9471;2016;5;Mulheres;3302;60 anos ou mais
Indicador  5.4.1;2;7.3;52;Goiás;9471;2017;6794;Total;95253;Total
Indicador  5.4.1;2;6.1;52;Goiás;9471;2017;6794;Total;41114;14 a 29 anos
Indicador  5.4.1;2;8.0;52;Goiás;9471;2017;6794;Total;41113;30 a 49 anos
Indicador  5.4.1;2;8.0;52;Goiás;9471;2017;6794;Total;3301;50 a 59 anos
Indicador  5.4.1;2;7.6;52;Goiás;9471;2017;6794;Total;3302;60 anos ou mais
Indicador  5.4.1;2;4.2;52;Goiás;9471;2017;4;Homens;95253;Total
Indicador  5.4.1;2;3.7;52;Goiás;9471;2017;4;Homens;41114;14 a 29 anos
Indicador  5.4.1;2;4.5;52;Goiás;9471;2017;4;Homens;41113;30 a 49 anos
Indicador  5.4.1;2;4.4;52;Goiás;9471;2017;4;Homens;3301;50 a 59 anos
Indicador  5.4.1;2;4.7;52;Goiás;9471;2017;4;Homens;3302;60 anos ou mais
Indicador  5.4.1;2;10.3;52;Goiás;9471;2017;5;Mulheres;95253;Total
Indicador  5.4.1;2;8.5;52;Goiás;9471;2017;5;Mulheres;41114;14 a 29 anos
Indicador  5.4.1;2;11.4;52;Goiás;9471;2017;5;Mulheres;41113;30 a 49 anos
Indicador  5.4.1;2;11.3;52;Goiás;9471;2017;5;Mulheres;3301;50 a 59 anos
Indicador  5.4.1;2;10.1;52;Goiás;9471;2017;5;Mulheres;3302;60 anos ou mais
Indicador  5.4.1;2;7.2;52;Goiás;9471;2018;6794;Total;95253;Total
Indicador  5.4.1;2;5.7;52;Goiás;9471;2018;6794;Total;41114;14 a 29 anos
Indicador  5.4.1;2;7.9;52;Goiás;9471;2018;6794;Total;41113;30 a 49 anos
Indicador  5.4.1;2;8.1;52;Goiás;9471;2018;6794;Total;3301;50 a 59 anos
Indicador  5.4.1;2;7.7;52;Goiás;9471;2018;6794;Total;3302;60 anos ou mais
Indicador  5.4.1;2;4.3;52;Goiás;9471;2018;4;Homens;95253;Total
Indicador  5.4.1;2;3.6;52;Goiás;9471;2018;4;Homens;41114;14 a 29 anos
Indicador  5.4.1;2;4.6;52;Goiás;9471;2018;4;Homens;41113;30 a 49 anos
Indicador  5.4.1;2;4.7;52;Goiás;9471;2018;4;Homens;3301;50 a 59 anos
Indicador  5.4.1;2;4.5;52;Goiás;9471;2018;4;Homens;3302;60 anos ou mais
Indicador  5.4.1;2;10.0;52;Goiás;9471;2018;5;Mulheres;95253;Total
Indicador  5.4.1;2;8.0;52;Goiás;9471;2018;5;Mulheres;41114;14 a 29 anos
Indicador  5.4.1;2;10.9;52;Goiás;9471;2018;5;Mulheres;41113;30 a 49 anos
Indicador  5.4.1;2;11.6;52;Goiás;9471;2018;5;Mulheres;3301;50 a 59 anos
Indicador  5.4.1;2;10.4;52;Goiás;9471;2018;5;Mulheres;3302;60 anos ou mais
Indicador  5.4.1;2;7.9;52;Goiás;9471;2019;6794;Total;95253;Total
Indicador  5.4.1;2;6.5;52;Goiás;9471;2019;6794;Total;41114;14 a 29 anos
Indicador  5.4.1;2;8.7;52;Goiás;9471;2019;6794;Total;41113;30 a 49 anos
Indicador  5.4.1;2;8.3;52;Goiás;9471;2019;6794;Total;3301;50 a 59 anos
Indicador  5.4.1;2;8.3;52;Goiás;9471;2019;6794;Total;3302;60 anos ou mais
Indicador  5.4.1;2;4.7;52;Goiás;9471;2019;4;Homens;95253;Total
Indicador  5.4.1;2;4.3;52;Goiás;9471;2019;4;Homens;41114;14 a 29 anos
Indicador  5.4.1;2;5.1;52;Goiás;9471;2019;4;Homens;41113;30 a 49 anos
Indicador  5.4.1;2;4.5;52;Goiás;9471;2019;4;Homens;3301;50 a 59 anos
Indicador  5.4.1;2;5.2;52;Goiás;9471;2019;4;Homens;3302;60 anos ou mais
Indicador  5.4.1;2;10.9;52;Goiás;9471;2019;5;Mulheres;95253;Total
Indicador  5.4.1;2;8.9;52;Goiás;9471;2019;5;Mulheres;41114;14 a 29 anos
Indicador  5.4.1;2;11.9;52;Goiás;9471;2019;5;Mulheres;41113;30 a 49 anos
Indicador  5.4.1;2;11.9;52;Goiás;9471;2019;5;Mulheres;3301;50 a 59 anos
Indicador  5.4.1;2;11.0;52;Goiás;9471;2019;5;Mulheres;3302;60 anos ou mais
Indicador  5.4.1;2;8.0;52;Goiás;9471;2022;6794;Total;95253;Total
Indicador  5.4.1;2;6.6;52;Goiás;9471;2022;6794;Total;41114;14 a 29 anos
Indicador  5.4.1;2;8.8;52;Goiás;9471;2022;6794;Total;41113;30 a 49 anos
Indicador  5.4.1;2;9.0;52;Goiás;9471;2022;6794;Total;3301;50 a 59 anos
Indicador  5.4.1;2;8.1;52;Goiás;9471;2022;6794;Total;3302;60 anos ou mais
Indicador  5.4.1;2;5.3;52;Goiás;9471;2022;4;Homens;95253;Total
Indicador  5.4.1;2;4.4;52;Goiás;9471;2022;4;Homens;41114;14 a 29 anos
Indicador  5.4.1;2;5.8;52;Goiás;9471;2022;4;Homens;41113;30 a 49 anos
Indicador  5.4.1;2;5.4;52;Goiás;9471;2022;4;Homens;3301;50 a 59 anos
Indicador  5.4.1;2;5.7;52;Goiás;9471;2022;4;Homens;3302;60 anos ou mais
Indicador  5.4.1;2;10.7;52;Goiás;9471;2022;5;Mulheres;95253;Total
Indicador  5.4.1;2;9.0;52;Goiás;9471;2022;5;Mulheres;41114;14 a 29 anos
Indicador  5.4.1;2;11.7;52;Goiás;9471;2022;5;Mulheres;41113;30 a 49 anos
Indicador  5.4.1;2;12.2;52;Goiás;9471;2022;5;Mulheres;3301;50 a 59 anos
Indicador  5.4.1;2;10.1;52;Goiás;9471;2022;5;Mulheres;3302;60 anos ou mais
Indicador  5.4.1;2;8.3;53;Distrito Federal;9471;2016;6794;Total;95253;Total
Indicador  5.4.1;2;6.0;53;Distrito Federal;9471;2016;6794;Total;41114;14 a 29 anos
Indicador  5.4.1;2;9.5;53;Distrito Federal;9471;2016;6794;Total;41113;30 a 49 anos
Indicador  5.4.1;2;9.7;53;Distrito Federal;9471;2016;6794;Total;3301;50 a 59 anos
Indicador  5.4.1;2;8.9;53;Distrito Federal;9471;2016;6794;Total;3302;60 anos ou mais
Indicador  5.4.1;2;5.5;53;Distrito Federal;9471;2016;4;Homens;95253;Total
Indicador  5.4.1;2;3.9;53;Distrito Federal;9471;2016;4;Homens;41114;14 a 29 anos
Indicador  5.4.1;2;6.3;53;Distrito Federal;9471;2016;4;Homens;41113;30 a 49 anos
Indicador  5.4.1;2;6.6;53;Distrito Federal;9471;2016;4;Homens;3301;50 a 59 anos
Indicador  5.4.1;2;6.4;53;Distrito Federal;9471;2016;4;Homens;3302;60 anos ou mais
Indicador  5.4.1;2;10.8;53;Distrito Federal;9471;2016;5;Mulheres;95253;Total
Indicador  5.4.1;2;8.0;53;Distrito Federal;9471;2016;5;Mulheres;41114;14 a 29 anos
Indicador  5.4.1;2;12.4;53;Distrito Federal;9471;2016;5;Mulheres;41113;30 a 49 anos
Indicador  5.4.1;2;12.8;53;Distrito Federal;9471;2016;5;Mulheres;3301;50 a 59 anos
Indicador  5.4.1;2;10.7;53;Distrito Federal;9471;2016;5;Mulheres;3302;60 anos ou mais
Indicador  5.4.1;2;8.3;53;Distrito Federal;9471;2017;6794;Total;95253;Total
Indicador  5.4.1;2;6.0;53;Distrito Federal;9471;2017;6794;Total;41114;14 a 29 anos
Indicador  5.4.1;2;9.5;53;Distrito Federal;9471;2017;6794;Total;41113;30 a 49 anos
Indicador  5.4.1;2;10.0;53;Distrito Federal;9471;2017;6794;Total;3301;50 a 59 anos
Indicador  5.4.1;2;8.9;53;Distrito Federal;9471;2017;6794;Total;3302;60 anos ou mais
Indicador  5.4.1;2;5.6;53;Distrito Federal;9471;2017;4;Homens;95253;Total
Indicador  5.4.1;2;4.2;53;Distrito Federal;9471;2017;4;Homens;41114;14 a 29 anos
Indicador  5.4.1;2;6.6;53;Distrito Federal;9471;2017;4;Homens;41113;30 a 49 anos
Indicador  5.4.1;2;6.5;53;Distrito Federal;9471;2017;4;Homens;3301;50 a 59 anos
Indicador  5.4.1;2;5.7;53;Distrito Federal;9471;2017;4;Homens;3302;60 anos ou mais
Indicador  5.4.1;2;10.7;53;Distrito Federal;9471;2017;5;Mulheres;95253;Total
Indicador  5.4.1;2;7.8;53;Distrito Federal;9471;2017;5;Mulheres;41114;14 a 29 anos
Indicador  5.4.1;2;12.0;53;Distrito Federal;9471;2017;5;Mulheres;41113;30 a 49 anos
Indicador  5.4.1;2;13.1;53;Distrito Federal;9471;2017;5;Mulheres;3301;50 a 59 anos
Indicador  5.4.1;2;11.3;53;Distrito Federal;9471;2017;5;Mulheres;3302;60 anos ou mais
Indicador  5.4.1;2;8.7;53;Distrito Federal;9471;2018;6794;Total;95253;Total
Indicador  5.4.1;2;7.1;53;Distrito Federal;9471;2018;6794;Total;41114;14 a 29 anos
Indicador  5.4.1;2;9.8;53;Distrito Federal;9471;2018;6794;Total;41113;30 a 49 anos
Indicador  5.4.1;2;9.6;53;Distrito Federal;9471;2018;6794;Total;3301;50 a 59 anos
Indicador  5.4.1;2;9.0;53;Distrito Federal;9471;2018;6794;Total;3302;60 anos ou mais
Indicador  5.4.1;2;6.1;53;Distrito Federal;9471;2018;4;Homens;95253;Total
Indicador  5.4.1;2;5.2;53;Distrito Federal;9471;2018;4;Homens;41114;14 a 29 anos
Indicador  5.4.1;2;6.9;53;Distrito Federal;9471;2018;4;Homens;41113;30 a 49 anos
Indicador  5.4.1;2;6.4;53;Distrito Federal;9471;2018;4;Homens;3301;50 a 59 anos
Indicador  5.4.1;2;5.8;53;Distrito Federal;9471;2018;4;Homens;3302;60 anos ou mais
Indicador  5.4.1;2;11.1;53;Distrito Federal;9471;2018;5;Mulheres;95253;Total
Indicador  5.4.1;2;8.9;53;Distrito Federal;9471;2018;5;Mulheres;41114;14 a 29 anos
Indicador  5.4.1;2;12.4;53;Distrito Federal;9471;2018;5;Mulheres;41113;30 a 49 anos
Indicador  5.4.1;2;12.3;53;Distrito Federal;9471;2018;5;Mulheres;3301;50 a 59 anos
Indicador  5.4.1;2;11.3;53;Distrito Federal;9471;2018;5;Mulheres;3302;60 anos ou mais
Indicador  5.4.1;2;8.3;53;Distrito Federal;9471;2019;6794;Total;95253;Total
Indicador  5.4.1;2;6.6;53;Distrito Federal;9471;2019;6794;Total;41114;14 a 29 anos
Indicador  5.4.1;2;9.3;53;Distrito Federal;9471;2019;6794;Total;41113;30 a 49 anos
Indicador  5.4.1;2;9.3;53;Distrito Federal;9471;2019;6794;Total;3301;50 a 59 anos
Indicador  5.4.1;2;8.2;53;Distrito Federal;9471;2019;6794;Total;3302;60 anos ou mais
Indicador  5.4.1;2;5.8;53;Distrito Federal;9471;2019;4;Homens;95253;Total
Indicador  5.4.1;2;4.9;53;Distrito Federal;9471;2019;4;Homens;41114;14 a 29 anos
Indicador  5.4.1;2;6.6;53;Distrito Federal;9471;2019;4;Homens;41113;30 a 49 anos
Indicador  5.4.1;2;6.0;53;Distrito Federal;9471;2019;4;Homens;3301;50 a 59 anos
Indicador  5.4.1;2;5.1;53;Distrito Federal;9471;2019;4;Homens;3302;60 anos ou mais
Indicador  5.4.1;2;10.6;53;Distrito Federal;9471;2019;5;Mulheres;95253;Total
Indicador  5.4.1;2;8.3;53;Distrito Federal;9471;2019;5;Mulheres;41114;14 a 29 anos
Indicador  5.4.1;2;11.8;53;Distrito Federal;9471;2019;5;Mulheres;41113;30 a 49 anos
Indicador  5.4.1;2;12.2;53;Distrito Federal;9471;2019;5;Mulheres;3301;50 a 59 anos
Indicador  5.4.1;2;10.5;53;Distrito Federal;9471;2019;5;Mulheres;3302;60 anos ou mais
Indicador  5.4.1;2;8.1;53;Distrito Federal;9471;2022;6794;Total;95253;Total
Indicador  5.4.1;2;5.9;53;Distrito Federal;9471;2022;6794;Total;41114;14 a 29 anos
Indicador  5.4.1;2;8.9;53;Distrito Federal;9471;2022;6794;Total;41113;30 a 49 anos
Indicador  5.4.1;2;9.6;53;Distrito Federal;9471;2022;6794;Total;3301;50 a 59 anos
Indicador  5.4.1;2;9.1;53;Distrito Federal;9471;2022;6794;Total;3302;60 anos ou mais
Indicador  5.4.1;2;5.5;53;Distrito Federal;9471;2022;4;Homens;95253;Total
Indicador  5.4.1;2;4.4;53;Distrito Federal;9471;2022;4;Homens;41114;14 a 29 anos
Indicador  5.4.1;2;6.0;53;Distrito Federal;9471;2022;4;Homens;41113;30 a 49 anos
Indicador  5.4.1;2;6.2;53;Distrito Federal;9471;2022;4;Homens;3301;50 a 59 anos
Indicador  5.4.1;2;6.1;53;Distrito Federal;9471;2022;4;Homens;3302;60 anos ou mais
Indicador  5.4.1;2;10.4;53;Distrito Federal;9471;2022;5;Mulheres;95253;Total
Indicador  5.4.1;2;7.5;53;Distrito Federal;9471;2022;5;Mulheres;41114;14 a 29 anos
Indicador  5.4.1;2;11.4;53;Distrito Federal;9471;2022;5;Mulheres;41113;30 a 49 anos
Indicador  5.4.1;2;12.3;53;Distrito Federal;9471;2022;5;Mulheres;3301;50 a 59 anos
Indicador  5.4.1;2;11.4;53;Distrito Federal;9471;2022;5;Mulheres;3302;60 anos ou mais
