ID_INDICADOR;CODG_UND_MED;VLR_VAR;CODG_UND_FED;DESC_UND_FED;CODG_VAR;CODG_ANO;CODG_ETAPA_ENS;DESC_ETAPA_ENS
Indicador  4.c.1;1726;74.4;11;Rondônia;9610;2007;41122;Educação infantil
Indicador  4.c.1;1726;89.8;11;Rondônia;9610;2007;41123;Ensino fundamental - anos iniciais
Indicador  4.c.1;1726;59.8;11;Rondônia;9610;2007;41124;Ensino fundamental - anos finais
Indicador  4.c.1;1726;80.4;11;Rondônia;9610;2007;41125;Ensino médio
Indicador  4.c.1;1726;78.3;11;Rondônia;9610;2008;41122;Educação infantil
Indicador  4.c.1;1726;94.3;11;Rondônia;9610;2008;41123;Ensino fundamental - anos iniciais
Indicador  4.c.1;1726;62.8;11;Rondônia;9610;2008;41124;Ensino fundamental - anos finais
Indicador  4.c.1;1726;82.3;11;Rondônia;9610;2008;41125;Ensino médio
Indicador  4.c.1;1726;78.3;11;Rondônia;9610;2009;41122;Educação infantil
Indicador  4.c.1;1726;94.2;11;Rondônia;9610;2009;41123;Ensino fundamental - anos iniciais
Indicador  4.c.1;1726;64.4;11;Rondônia;9610;2009;41124;Ensino fundamental - anos finais
Indicador  4.c.1;1726;81.5;11;Rondônia;9610;2009;41125;Ensino médio
Indicador  4.c.1;1726;78.7;11;Rondônia;9610;2010;41122;Educação infantil
Indicador  4.c.1;1726;93.8;11;Rondônia;9610;2010;41123;Ensino fundamental - anos iniciais
Indicador  4.c.1;1726;66.6;11;Rondônia;9610;2010;41124;Ensino fundamental - anos finais
Indicador  4.c.1;1726;81.6;11;Rondônia;9610;2010;41125;Ensino médio
Indicador  4.c.1;1726;77.5;11;Rondônia;9610;2011;41122;Educação infantil
Indicador  4.c.1;1726;93.0;11;Rondônia;9610;2011;41123;Ensino fundamental - anos iniciais
Indicador  4.c.1;1726;67.7;11;Rondônia;9610;2011;41124;Ensino fundamental - anos finais
Indicador  4.c.1;1726;81.2;11;Rondônia;9610;2011;41125;Ensino médio
Indicador  4.c.1;1726;74.4;11;Rondônia;9610;2012;41122;Educação infantil
Indicador  4.c.1;1726;92.3;11;Rondônia;9610;2012;41123;Ensino fundamental - anos iniciais
Indicador  4.c.1;1726;68.7;11;Rondônia;9610;2012;41124;Ensino fundamental - anos finais
Indicador  4.c.1;1726;82.0;11;Rondônia;9610;2012;41125;Ensino médio
Indicador  4.c.1;1726;76.8;11;Rondônia;9610;2013;41122;Educação infantil
Indicador  4.c.1;1726;92.9;11;Rondônia;9610;2013;41123;Ensino fundamental - anos iniciais
Indicador  4.c.1;1726;69.5;11;Rondônia;9610;2013;41124;Ensino fundamental - anos finais
Indicador  4.c.1;1726;81.6;11;Rondônia;9610;2013;41125;Ensino médio
Indicador  4.c.1;1726;77.3;11;Rondônia;9610;2014;41122;Educação infantil
Indicador  4.c.1;1726;93.3;11;Rondônia;9610;2014;41123;Ensino fundamental - anos iniciais
Indicador  4.c.1;1726;70.8;11;Rondônia;9610;2014;41124;Ensino fundamental - anos finais
Indicador  4.c.1;1726;82.8;11;Rondônia;9610;2014;41125;Ensino médio
Indicador  4.c.1;1726;78.0;11;Rondônia;9610;2015;41122;Educação infantil
Indicador  4.c.1;1726;92.5;11;Rondônia;9610;2015;41123;Ensino fundamental - anos iniciais
Indicador  4.c.1;1726;70.2;11;Rondônia;9610;2015;41124;Ensino fundamental - anos finais
Indicador  4.c.1;1726;82.1;11;Rondônia;9610;2015;41125;Ensino médio
Indicador  4.c.1;1726;78.4;11;Rondônia;9610;2016;41122;Educação infantil
Indicador  4.c.1;1726;93.1;11;Rondônia;9610;2016;41123;Ensino fundamental - anos iniciais
Indicador  4.c.1;1726;70.3;11;Rondônia;9610;2016;41124;Ensino fundamental - anos finais
Indicador  4.c.1;1726;81.3;11;Rondônia;9610;2016;41125;Ensino médio
Indicador  4.c.1;1726;81.0;11;Rondônia;9610;2017;41122;Educação infantil
Indicador  4.c.1;1726;93.0;11;Rondônia;9610;2017;41123;Ensino fundamental - anos iniciais
Indicador  4.c.1;1726;69.8;11;Rondônia;9610;2017;41124;Ensino fundamental - anos finais
Indicador  4.c.1;1726;80.9;11;Rondônia;9610;2017;41125;Ensino médio
Indicador  4.c.1;1726;81.3;11;Rondônia;9610;2018;41122;Educação infantil
Indicador  4.c.1;1726;93.3;11;Rondônia;9610;2018;41123;Ensino fundamental - anos iniciais
Indicador  4.c.1;1726;73.5;11;Rondônia;9610;2018;41124;Ensino fundamental - anos finais
Indicador  4.c.1;1726;81.8;11;Rondônia;9610;2018;41125;Ensino médio
Indicador  4.c.1;1726;86.1;11;Rondônia;9610;2019;41122;Educação infantil
Indicador  4.c.1;1726;94.6;11;Rondônia;9610;2019;41123;Ensino fundamental - anos iniciais
Indicador  4.c.1;1726;74.7;11;Rondônia;9610;2019;41124;Ensino fundamental - anos finais
Indicador  4.c.1;1726;80.2;11;Rondônia;9610;2019;41125;Ensino médio
Indicador  4.c.1;1726;89.1;11;Rondônia;9610;2020;41122;Educação infantil
Indicador  4.c.1;1726;95.7;11;Rondônia;9610;2020;41123;Ensino fundamental - anos iniciais
Indicador  4.c.1;1726;76.5;11;Rondônia;9610;2020;41124;Ensino fundamental - anos finais
Indicador  4.c.1;1726;82.4;11;Rondônia;9610;2020;41125;Ensino médio
Indicador  4.c.1;1726;89.3;11;Rondônia;9610;2021;41122;Educação infantil
Indicador  4.c.1;1726;95.8;11;Rondônia;9610;2021;41123;Ensino fundamental - anos iniciais
Indicador  4.c.1;1726;77.0;11;Rondônia;9610;2021;41124;Ensino fundamental - anos finais
Indicador  4.c.1;1726;83.5;11;Rondônia;9610;2021;41125;Ensino médio
Indicador  4.c.1;1726;90.4;11;Rondônia;9610;2022;41122;Educação infantil
Indicador  4.c.1;1726;97.4;11;Rondônia;9610;2022;41123;Ensino fundamental - anos iniciais
Indicador  4.c.1;1726;77.4;11;Rondônia;9610;2022;41124;Ensino fundamental - anos finais
Indicador  4.c.1;1726;85.8;11;Rondônia;9610;2022;41125;Ensino médio
Indicador  4.c.1;1726;82.6;12;Acre;9610;2007;41122;Educação infantil
Indicador  4.c.1;1726;90.8;12;Acre;9610;2007;41123;Ensino fundamental - anos iniciais
Indicador  4.c.1;1726;38.0;12;Acre;9610;2007;41124;Ensino fundamental - anos finais
Indicador  4.c.1;1726;81.3;12;Acre;9610;2007;41125;Ensino médio
Indicador  4.c.1;1726;85.2;12;Acre;9610;2008;41122;Educação infantil
Indicador  4.c.1;1726;91.7;12;Acre;9610;2008;41123;Ensino fundamental - anos iniciais
Indicador  4.c.1;1726;38.8;12;Acre;9610;2008;41124;Ensino fundamental - anos finais
Indicador  4.c.1;1726;84.6;12;Acre;9610;2008;41125;Ensino médio
Indicador  4.c.1;1726;79.9;12;Acre;9610;2009;41122;Educação infantil
Indicador  4.c.1;1726;90.4;12;Acre;9610;2009;41123;Ensino fundamental - anos iniciais
Indicador  4.c.1;1726;36.4;12;Acre;9610;2009;41124;Ensino fundamental - anos finais
Indicador  4.c.1;1726;77.6;12;Acre;9610;2009;41125;Ensino médio
Indicador  4.c.1;1726;71.3;12;Acre;9610;2010;41122;Educação infantil
Indicador  4.c.1;1726;90.0;12;Acre;9610;2010;41123;Ensino fundamental - anos iniciais
Indicador  4.c.1;1726;35.5;12;Acre;9610;2010;41124;Ensino fundamental - anos finais
Indicador  4.c.1;1726;73.6;12;Acre;9610;2010;41125;Ensino médio
Indicador  4.c.1;1726;61.4;12;Acre;9610;2011;41122;Educação infantil
Indicador  4.c.1;1726;87.8;12;Acre;9610;2011;41123;Ensino fundamental - anos iniciais
Indicador  4.c.1;1726;43.2;12;Acre;9610;2011;41124;Ensino fundamental - anos finais
Indicador  4.c.1;1726;77.6;12;Acre;9610;2011;41125;Ensino médio
Indicador  4.c.1;1726;56.6;12;Acre;9610;2012;41122;Educação infantil
Indicador  4.c.1;1726;88.7;12;Acre;9610;2012;41123;Ensino fundamental - anos iniciais
Indicador  4.c.1;1726;45.8;12;Acre;9610;2012;41124;Ensino fundamental - anos finais
Indicador  4.c.1;1726;80.4;12;Acre;9610;2012;41125;Ensino médio
Indicador  4.c.1;1726;54.8;12;Acre;9610;2013;41122;Educação infantil
Indicador  4.c.1;1726;88.9;12;Acre;9610;2013;41123;Ensino fundamental - anos iniciais
Indicador  4.c.1;1726;47.0;12;Acre;9610;2013;41124;Ensino fundamental - anos finais
Indicador  4.c.1;1726;80.2;12;Acre;9610;2013;41125;Ensino médio
Indicador  4.c.1;1726;54.1;12;Acre;9610;2014;41122;Educação infantil
Indicador  4.c.1;1726;86.0;12;Acre;9610;2014;41123;Ensino fundamental - anos iniciais
Indicador  4.c.1;1726;46.5;12;Acre;9610;2014;41124;Ensino fundamental - anos finais
Indicador  4.c.1;1726;80.3;12;Acre;9610;2014;41125;Ensino médio
Indicador  4.c.1;1726;54.5;12;Acre;9610;2015;41122;Educação infantil
Indicador  4.c.1;1726;85.8;12;Acre;9610;2015;41123;Ensino fundamental - anos iniciais
Indicador  4.c.1;1726;47.3;12;Acre;9610;2015;41124;Ensino fundamental - anos finais
Indicador  4.c.1;1726;77.1;12;Acre;9610;2015;41125;Ensino médio
Indicador  4.c.1;1726;55.7;12;Acre;9610;2016;41122;Educação infantil
Indicador  4.c.1;1726;85.3;12;Acre;9610;2016;41123;Ensino fundamental - anos iniciais
Indicador  4.c.1;1726;48.3;12;Acre;9610;2016;41124;Ensino fundamental - anos finais
Indicador  4.c.1;1726;78.0;12;Acre;9610;2016;41125;Ensino médio
Indicador  4.c.1;1726;57.6;12;Acre;9610;2017;41122;Educação infantil
Indicador  4.c.1;1726;85.2;12;Acre;9610;2017;41123;Ensino fundamental - anos iniciais
Indicador  4.c.1;1726;48.0;12;Acre;9610;2017;41124;Ensino fundamental - anos finais
Indicador  4.c.1;1726;77.2;12;Acre;9610;2017;41125;Ensino médio
Indicador  4.c.1;1726;57.4;12;Acre;9610;2018;41122;Educação infantil
Indicador  4.c.1;1726;85.0;12;Acre;9610;2018;41123;Ensino fundamental - anos iniciais
Indicador  4.c.1;1726;49.9;12;Acre;9610;2018;41124;Ensino fundamental - anos finais
Indicador  4.c.1;1726;74.8;12;Acre;9610;2018;41125;Ensino médio
Indicador  4.c.1;1726;64.6;12;Acre;9610;2019;41122;Educação infantil
Indicador  4.c.1;1726;90.4;12;Acre;9610;2019;41123;Ensino fundamental - anos iniciais
Indicador  4.c.1;1726;53.2;12;Acre;9610;2019;41124;Ensino fundamental - anos finais
Indicador  4.c.1;1726;78.5;12;Acre;9610;2019;41125;Ensino médio
Indicador  4.c.1;1726;68.2;12;Acre;9610;2020;41122;Educação infantil
Indicador  4.c.1;1726;91.5;12;Acre;9610;2020;41123;Ensino fundamental - anos iniciais
Indicador  4.c.1;1726;54.9;12;Acre;9610;2020;41124;Ensino fundamental - anos finais
Indicador  4.c.1;1726;80.4;12;Acre;9610;2020;41125;Ensino médio
Indicador  4.c.1;1726;64.9;12;Acre;9610;2021;41122;Educação infantil
Indicador  4.c.1;1726;90.4;12;Acre;9610;2021;41123;Ensino fundamental - anos iniciais
Indicador  4.c.1;1726;56.9;12;Acre;9610;2021;41124;Ensino fundamental - anos finais
Indicador  4.c.1;1726;78.5;12;Acre;9610;2021;41125;Ensino médio
Indicador  4.c.1;1726;63.6;12;Acre;9610;2022;41122;Educação infantil
Indicador  4.c.1;1726;90.0;12;Acre;9610;2022;41123;Ensino fundamental - anos iniciais
Indicador  4.c.1;1726;54.7;12;Acre;9610;2022;41124;Ensino fundamental - anos finais
Indicador  4.c.1;1726;77.7;12;Acre;9610;2022;41125;Ensino médio
Indicador  4.c.1;1726;65.5;13;Amazonas;9610;2007;41122;Educação infantil
Indicador  4.c.1;1726;77.8;13;Amazonas;9610;2007;41123;Ensino fundamental - anos iniciais
Indicador  4.c.1;1726;52.8;13;Amazonas;9610;2007;41124;Ensino fundamental - anos finais
Indicador  4.c.1;1726;79.1;13;Amazonas;9610;2007;41125;Ensino médio
Indicador  4.c.1;1726;83.6;13;Amazonas;9610;2008;41122;Educação infantil
Indicador  4.c.1;1726;90.6;13;Amazonas;9610;2008;41123;Ensino fundamental - anos iniciais
Indicador  4.c.1;1726;40.8;13;Amazonas;9610;2008;41124;Ensino fundamental - anos finais
Indicador  4.c.1;1726;66.9;13;Amazonas;9610;2008;41125;Ensino médio
Indicador  4.c.1;1726;80.8;13;Amazonas;9610;2009;41122;Educação infantil
Indicador  4.c.1;1726;89.1;13;Amazonas;9610;2009;41123;Ensino fundamental - anos iniciais
Indicador  4.c.1;1726;41.6;13;Amazonas;9610;2009;41124;Ensino fundamental - anos finais
Indicador  4.c.1;1726;67.3;13;Amazonas;9610;2009;41125;Ensino médio
Indicador  4.c.1;1726;78.9;13;Amazonas;9610;2010;41122;Educação infantil
Indicador  4.c.1;1726;88.1;13;Amazonas;9610;2010;41123;Ensino fundamental - anos iniciais
Indicador  4.c.1;1726;42.0;13;Amazonas;9610;2010;41124;Ensino fundamental - anos finais
Indicador  4.c.1;1726;66.2;13;Amazonas;9610;2010;41125;Ensino médio
Indicador  4.c.1;1726;73.8;13;Amazonas;9610;2011;41122;Educação infantil
Indicador  4.c.1;1726;84.2;13;Amazonas;9610;2011;41123;Ensino fundamental - anos iniciais
Indicador  4.c.1;1726;43.9;13;Amazonas;9610;2011;41124;Ensino fundamental - anos finais
Indicador  4.c.1;1726;68.1;13;Amazonas;9610;2011;41125;Ensino médio
Indicador  4.c.1;1726;70.2;13;Amazonas;9610;2012;41122;Educação infantil
Indicador  4.c.1;1726;83.2;13;Amazonas;9610;2012;41123;Ensino fundamental - anos iniciais
Indicador  4.c.1;1726;46.9;13;Amazonas;9610;2012;41124;Ensino fundamental - anos finais
Indicador  4.c.1;1726;71.1;13;Amazonas;9610;2012;41125;Ensino médio
Indicador  4.c.1;1726;68.2;13;Amazonas;9610;2013;41122;Educação infantil
Indicador  4.c.1;1726;80.9;13;Amazonas;9610;2013;41123;Ensino fundamental - anos iniciais
Indicador  4.c.1;1726;49.4;13;Amazonas;9610;2013;41124;Ensino fundamental - anos finais
Indicador  4.c.1;1726;79.9;13;Amazonas;9610;2013;41125;Ensino médio
Indicador  4.c.1;1726;68.2;13;Amazonas;9610;2014;41122;Educação infantil
Indicador  4.c.1;1726;81.0;13;Amazonas;9610;2014;41123;Ensino fundamental - anos iniciais
Indicador  4.c.1;1726;50.9;13;Amazonas;9610;2014;41124;Ensino fundamental - anos finais
Indicador  4.c.1;1726;81.1;13;Amazonas;9610;2014;41125;Ensino médio
Indicador  4.c.1;1726;65.6;13;Amazonas;9610;2015;41122;Educação infantil
Indicador  4.c.1;1726;80.9;13;Amazonas;9610;2015;41123;Ensino fundamental - anos iniciais
Indicador  4.c.1;1726;50.2;13;Amazonas;9610;2015;41124;Ensino fundamental - anos finais
Indicador  4.c.1;1726;80.3;13;Amazonas;9610;2015;41125;Ensino médio
Indicador  4.c.1;1726;64.6;13;Amazonas;9610;2016;41122;Educação infantil
Indicador  4.c.1;1726;81.3;13;Amazonas;9610;2016;41123;Ensino fundamental - anos iniciais
Indicador  4.c.1;1726;52.3;13;Amazonas;9610;2016;41124;Ensino fundamental - anos finais
Indicador  4.c.1;1726;82.2;13;Amazonas;9610;2016;41125;Ensino médio
Indicador  4.c.1;1726;64.7;13;Amazonas;9610;2017;41122;Educação infantil
Indicador  4.c.1;1726;81.2;13;Amazonas;9610;2017;41123;Ensino fundamental - anos iniciais
Indicador  4.c.1;1726;53.2;13;Amazonas;9610;2017;41124;Ensino fundamental - anos finais
Indicador  4.c.1;1726;82.7;13;Amazonas;9610;2017;41125;Ensino médio
Indicador  4.c.1;1726;65.3;13;Amazonas;9610;2018;41122;Educação infantil
Indicador  4.c.1;1726;81.4;13;Amazonas;9610;2018;41123;Ensino fundamental - anos iniciais
Indicador  4.c.1;1726;53.5;13;Amazonas;9610;2018;41124;Ensino fundamental - anos finais
Indicador  4.c.1;1726;82.3;13;Amazonas;9610;2018;41125;Ensino médio
Indicador  4.c.1;1726;72.7;13;Amazonas;9610;2019;41122;Educação infantil
Indicador  4.c.1;1726;86.3;13;Amazonas;9610;2019;41123;Ensino fundamental - anos iniciais
Indicador  4.c.1;1726;56.7;13;Amazonas;9610;2019;41124;Ensino fundamental - anos finais
Indicador  4.c.1;1726;82.8;13;Amazonas;9610;2019;41125;Ensino médio
Indicador  4.c.1;1726;72.3;13;Amazonas;9610;2020;41122;Educação infantil
Indicador  4.c.1;1726;86.5;13;Amazonas;9610;2020;41123;Ensino fundamental - anos iniciais
Indicador  4.c.1;1726;58.0;13;Amazonas;9610;2020;41124;Ensino fundamental - anos finais
Indicador  4.c.1;1726;85.5;13;Amazonas;9610;2020;41125;Ensino médio
Indicador  4.c.1;1726;72.3;13;Amazonas;9610;2021;41122;Educação infantil
Indicador  4.c.1;1726;85.7;13;Amazonas;9610;2021;41123;Ensino fundamental - anos iniciais
Indicador  4.c.1;1726;60.3;13;Amazonas;9610;2021;41124;Ensino fundamental - anos finais
Indicador  4.c.1;1726;77.3;13;Amazonas;9610;2021;41125;Ensino médio
Indicador  4.c.1;1726;70.5;13;Amazonas;9610;2022;41122;Educação infantil
Indicador  4.c.1;1726;85.4;13;Amazonas;9610;2022;41123;Ensino fundamental - anos iniciais
Indicador  4.c.1;1726;60.4;13;Amazonas;9610;2022;41124;Ensino fundamental - anos finais
Indicador  4.c.1;1726;77.9;13;Amazonas;9610;2022;41125;Ensino médio
Indicador  4.c.1;1726;81.2;14;Roraima;9610;2007;41122;Educação infantil
Indicador  4.c.1;1726;87.2;14;Roraima;9610;2007;41123;Ensino fundamental - anos iniciais
Indicador  4.c.1;1726;26.9;14;Roraima;9610;2007;41124;Ensino fundamental - anos finais
Indicador  4.c.1;1726;54.7;14;Roraima;9610;2007;41125;Ensino médio
Indicador  4.c.1;1726;82.5;14;Roraima;9610;2008;41122;Educação infantil
Indicador  4.c.1;1726;89.4;14;Roraima;9610;2008;41123;Ensino fundamental - anos iniciais
Indicador  4.c.1;1726;28.3;14;Roraima;9610;2008;41124;Ensino fundamental - anos finais
Indicador  4.c.1;1726;54.5;14;Roraima;9610;2008;41125;Ensino médio
Indicador  4.c.1;1726;78.9;14;Roraima;9610;2009;41122;Educação infantil
Indicador  4.c.1;1726;89.1;14;Roraima;9610;2009;41123;Ensino fundamental - anos iniciais
Indicador  4.c.1;1726;34.3;14;Roraima;9610;2009;41124;Ensino fundamental - anos finais
Indicador  4.c.1;1726;60.9;14;Roraima;9610;2009;41125;Ensino médio
Indicador  4.c.1;1726;74.0;14;Roraima;9610;2010;41122;Educação infantil
Indicador  4.c.1;1726;87.2;14;Roraima;9610;2010;41123;Ensino fundamental - anos iniciais
Indicador  4.c.1;1726;31.5;14;Roraima;9610;2010;41124;Ensino fundamental - anos finais
Indicador  4.c.1;1726;56.8;14;Roraima;9610;2010;41125;Ensino médio
Indicador  4.c.1;1726;69.8;14;Roraima;9610;2011;41122;Educação infantil
Indicador  4.c.1;1726;83.2;14;Roraima;9610;2011;41123;Ensino fundamental - anos iniciais
Indicador  4.c.1;1726;38.1;14;Roraima;9610;2011;41124;Ensino fundamental - anos finais
Indicador  4.c.1;1726;60.6;14;Roraima;9610;2011;41125;Ensino médio
Indicador  4.c.1;1726;67.2;14;Roraima;9610;2012;41122;Educação infantil
Indicador  4.c.1;1726;81.1;14;Roraima;9610;2012;41123;Ensino fundamental - anos iniciais
Indicador  4.c.1;1726;36.9;14;Roraima;9610;2012;41124;Ensino fundamental - anos finais
Indicador  4.c.1;1726;60.1;14;Roraima;9610;2012;41125;Ensino médio
Indicador  4.c.1;1726;63.9;14;Roraima;9610;2013;41122;Educação infantil
Indicador  4.c.1;1726;81.0;14;Roraima;9610;2013;41123;Ensino fundamental - anos iniciais
Indicador  4.c.1;1726;38.1;14;Roraima;9610;2013;41124;Ensino fundamental - anos finais
Indicador  4.c.1;1726;61.4;14;Roraima;9610;2013;41125;Ensino médio
Indicador  4.c.1;1726;63.3;14;Roraima;9610;2014;41122;Educação infantil
Indicador  4.c.1;1726;82.6;14;Roraima;9610;2014;41123;Ensino fundamental - anos iniciais
Indicador  4.c.1;1726;40.9;14;Roraima;9610;2014;41124;Ensino fundamental - anos finais
Indicador  4.c.1;1726;61.9;14;Roraima;9610;2014;41125;Ensino médio
Indicador  4.c.1;1726;63.0;14;Roraima;9610;2015;41122;Educação infantil
Indicador  4.c.1;1726;80.3;14;Roraima;9610;2015;41123;Ensino fundamental - anos iniciais
Indicador  4.c.1;1726;39.9;14;Roraima;9610;2015;41124;Ensino fundamental - anos finais
Indicador  4.c.1;1726;60.3;14;Roraima;9610;2015;41125;Ensino médio
Indicador  4.c.1;1726;63.8;14;Roraima;9610;2016;41122;Educação infantil
Indicador  4.c.1;1726;78.9;14;Roraima;9610;2016;41123;Ensino fundamental - anos iniciais
Indicador  4.c.1;1726;40.5;14;Roraima;9610;2016;41124;Ensino fundamental - anos finais
Indicador  4.c.1;1726;59.2;14;Roraima;9610;2016;41125;Ensino médio
Indicador  4.c.1;1726;63.3;14;Roraima;9610;2017;41122;Educação infantil
Indicador  4.c.1;1726;80.3;14;Roraima;9610;2017;41123;Ensino fundamental - anos iniciais
Indicador  4.c.1;1726;42.4;14;Roraima;9610;2017;41124;Ensino fundamental - anos finais
Indicador  4.c.1;1726;57.6;14;Roraima;9610;2017;41125;Ensino médio
Indicador  4.c.1;1726;63.4;14;Roraima;9610;2018;41122;Educação infantil
Indicador  4.c.1;1726;80.0;14;Roraima;9610;2018;41123;Ensino fundamental - anos iniciais
Indicador  4.c.1;1726;43.5;14;Roraima;9610;2018;41124;Ensino fundamental - anos finais
Indicador  4.c.1;1726;59.1;14;Roraima;9610;2018;41125;Ensino médio
Indicador  4.c.1;1726;72.6;14;Roraima;9610;2019;41122;Educação infantil
Indicador  4.c.1;1726;89.3;14;Roraima;9610;2019;41123;Ensino fundamental - anos iniciais
Indicador  4.c.1;1726;48.9;14;Roraima;9610;2019;41124;Ensino fundamental - anos finais
Indicador  4.c.1;1726;64.4;14;Roraima;9610;2019;41125;Ensino médio
Indicador  4.c.1;1726;77.8;14;Roraima;9610;2020;41122;Educação infantil
Indicador  4.c.1;1726;90.3;14;Roraima;9610;2020;41123;Ensino fundamental - anos iniciais
Indicador  4.c.1;1726;48.9;14;Roraima;9610;2020;41124;Ensino fundamental - anos finais
Indicador  4.c.1;1726;63.1;14;Roraima;9610;2020;41125;Ensino médio
Indicador  4.c.1;1726;78.1;14;Roraima;9610;2021;41122;Educação infantil
Indicador  4.c.1;1726;91.3;14;Roraima;9610;2021;41123;Ensino fundamental - anos iniciais
Indicador  4.c.1;1726;53.6;14;Roraima;9610;2021;41124;Ensino fundamental - anos finais
Indicador  4.c.1;1726;65.8;14;Roraima;9610;2021;41125;Ensino médio
Indicador  4.c.1;1726;75.9;14;Roraima;9610;2022;41122;Educação infantil
Indicador  4.c.1;1726;90.0;14;Roraima;9610;2022;41123;Ensino fundamental - anos iniciais
Indicador  4.c.1;1726;55.9;14;Roraima;9610;2022;41124;Ensino fundamental - anos finais
Indicador  4.c.1;1726;69.6;14;Roraima;9610;2022;41125;Ensino médio
Indicador  4.c.1;1726;80.1;15;Pará;9610;2007;41122;Educação infantil
Indicador  4.c.1;1726;78.5;15;Pará;9610;2007;41123;Ensino fundamental - anos iniciais
Indicador  4.c.1;1726;37.5;15;Pará;9610;2007;41124;Ensino fundamental - anos finais
Indicador  4.c.1;1726;79.0;15;Pará;9610;2007;41125;Ensino médio
Indicador  4.c.1;1726;84.2;15;Pará;9610;2008;41122;Educação infantil
Indicador  4.c.1;1726;87.0;15;Pará;9610;2008;41123;Ensino fundamental - anos iniciais
Indicador  4.c.1;1726;40.0;15;Pará;9610;2008;41124;Ensino fundamental - anos finais
Indicador  4.c.1;1726;83.3;15;Pará;9610;2008;41125;Ensino médio
Indicador  4.c.1;1726;81.9;15;Pará;9610;2009;41122;Educação infantil
Indicador  4.c.1;1726;86.2;15;Pará;9610;2009;41123;Ensino fundamental - anos iniciais
Indicador  4.c.1;1726;40.5;15;Pará;9610;2009;41124;Ensino fundamental - anos finais
Indicador  4.c.1;1726;83.1;15;Pará;9610;2009;41125;Ensino médio
Indicador  4.c.1;1726;80.6;15;Pará;9610;2010;41122;Educação infantil
Indicador  4.c.1;1726;87.2;15;Pará;9610;2010;41123;Ensino fundamental - anos iniciais
Indicador  4.c.1;1726;41.9;15;Pará;9610;2010;41124;Ensino fundamental - anos finais
Indicador  4.c.1;1726;86.4;15;Pará;9610;2010;41125;Ensino médio
Indicador  4.c.1;1726;71.0;15;Pará;9610;2011;41122;Educação infantil
Indicador  4.c.1;1726;81.6;15;Pará;9610;2011;41123;Ensino fundamental - anos iniciais
Indicador  4.c.1;1726;44.2;15;Pará;9610;2011;41124;Ensino fundamental - anos finais
Indicador  4.c.1;1726;86.0;15;Pará;9610;2011;41125;Ensino médio
Indicador  4.c.1;1726;64.6;15;Pará;9610;2012;41122;Educação infantil
Indicador  4.c.1;1726;76.6;15;Pará;9610;2012;41123;Ensino fundamental - anos iniciais
Indicador  4.c.1;1726;46.9;15;Pará;9610;2012;41124;Ensino fundamental - anos finais
Indicador  4.c.1;1726;86.6;15;Pará;9610;2012;41125;Ensino médio
Indicador  4.c.1;1726;60.8;15;Pará;9610;2013;41122;Educação infantil
Indicador  4.c.1;1726;74.1;15;Pará;9610;2013;41123;Ensino fundamental - anos iniciais
Indicador  4.c.1;1726;49.2;15;Pará;9610;2013;41124;Ensino fundamental - anos finais
Indicador  4.c.1;1726;86.3;15;Pará;9610;2013;41125;Ensino médio
Indicador  4.c.1;1726;59.6;15;Pará;9610;2014;41122;Educação infantil
Indicador  4.c.1;1726;73.8;15;Pará;9610;2014;41123;Ensino fundamental - anos iniciais
Indicador  4.c.1;1726;52.0;15;Pará;9610;2014;41124;Ensino fundamental - anos finais
Indicador  4.c.1;1726;88.5;15;Pará;9610;2014;41125;Ensino médio
Indicador  4.c.1;1726;60.0;15;Pará;9610;2015;41122;Educação infantil
Indicador  4.c.1;1726;74.9;15;Pará;9610;2015;41123;Ensino fundamental - anos iniciais
Indicador  4.c.1;1726;53.9;15;Pará;9610;2015;41124;Ensino fundamental - anos finais
Indicador  4.c.1;1726;88.5;15;Pará;9610;2015;41125;Ensino médio
Indicador  4.c.1;1726;61.7;15;Pará;9610;2016;41122;Educação infantil
Indicador  4.c.1;1726;76.1;15;Pará;9610;2016;41123;Ensino fundamental - anos iniciais
Indicador  4.c.1;1726;56.0;15;Pará;9610;2016;41124;Ensino fundamental - anos finais
Indicador  4.c.1;1726;90.5;15;Pará;9610;2016;41125;Ensino médio
Indicador  4.c.1;1726;63.7;15;Pará;9610;2017;41122;Educação infantil
Indicador  4.c.1;1726;77.7;15;Pará;9610;2017;41123;Ensino fundamental - anos iniciais
Indicador  4.c.1;1726;57.4;15;Pará;9610;2017;41124;Ensino fundamental - anos finais
Indicador  4.c.1;1726;89.1;15;Pará;9610;2017;41125;Ensino médio
Indicador  4.c.1;1726;65.1;15;Pará;9610;2018;41122;Educação infantil
Indicador  4.c.1;1726;79.4;15;Pará;9610;2018;41123;Ensino fundamental - anos iniciais
Indicador  4.c.1;1726;59.7;15;Pará;9610;2018;41124;Ensino fundamental - anos finais
Indicador  4.c.1;1726;87.8;15;Pará;9610;2018;41125;Ensino médio
Indicador  4.c.1;1726;80.2;15;Pará;9610;2019;41122;Educação infantil
Indicador  4.c.1;1726;90.8;15;Pará;9610;2019;41123;Ensino fundamental - anos iniciais
Indicador  4.c.1;1726;65.9;15;Pará;9610;2019;41124;Ensino fundamental - anos finais
Indicador  4.c.1;1726;88.7;15;Pará;9610;2019;41125;Ensino médio
Indicador  4.c.1;1726;81.7;15;Pará;9610;2020;41122;Educação infantil
Indicador  4.c.1;1726;91.6;15;Pará;9610;2020;41123;Ensino fundamental - anos iniciais
Indicador  4.c.1;1726;65.2;15;Pará;9610;2020;41124;Ensino fundamental - anos finais
Indicador  4.c.1;1726;84.0;15;Pará;9610;2020;41125;Ensino médio
Indicador  4.c.1;1726;84.4;15;Pará;9610;2021;41122;Educação infantil
Indicador  4.c.1;1726;92.6;15;Pará;9610;2021;41123;Ensino fundamental - anos iniciais
Indicador  4.c.1;1726;66.1;15;Pará;9610;2021;41124;Ensino fundamental - anos finais
Indicador  4.c.1;1726;84.3;15;Pará;9610;2021;41125;Ensino médio
Indicador  4.c.1;1726;85.2;15;Pará;9610;2022;41122;Educação infantil
Indicador  4.c.1;1726;93.2;15;Pará;9610;2022;41123;Ensino fundamental - anos iniciais
Indicador  4.c.1;1726;67.5;15;Pará;9610;2022;41124;Ensino fundamental - anos finais
Indicador  4.c.1;1726;87.9;15;Pará;9610;2022;41125;Ensino médio
Indicador  4.c.1;1726;87.7;16;Amapá;9610;2007;41122;Educação infantil
Indicador  4.c.1;1726;94.5;16;Amapá;9610;2007;41123;Ensino fundamental - anos iniciais
Indicador  4.c.1;1726;58.1;16;Amapá;9610;2007;41124;Ensino fundamental - anos finais
Indicador  4.c.1;1726;84.6;16;Amapá;9610;2007;41125;Ensino médio
Indicador  4.c.1;1726;89.7;16;Amapá;9610;2008;41122;Educação infantil
Indicador  4.c.1;1726;95.4;16;Amapá;9610;2008;41123;Ensino fundamental - anos iniciais
Indicador  4.c.1;1726;56.6;16;Amapá;9610;2008;41124;Ensino fundamental - anos finais
Indicador  4.c.1;1726;83.4;16;Amapá;9610;2008;41125;Ensino médio
Indicador  4.c.1;1726;89.9;16;Amapá;9610;2009;41122;Educação infantil
Indicador  4.c.1;1726;95.8;16;Amapá;9610;2009;41123;Ensino fundamental - anos iniciais
Indicador  4.c.1;1726;62.0;16;Amapá;9610;2009;41124;Ensino fundamental - anos finais
Indicador  4.c.1;1726;85.6;16;Amapá;9610;2009;41125;Ensino médio
Indicador  4.c.1;1726;92.7;16;Amapá;9610;2010;41122;Educação infantil
Indicador  4.c.1;1726;96.8;16;Amapá;9610;2010;41123;Ensino fundamental - anos iniciais
Indicador  4.c.1;1726;65.7;16;Amapá;9610;2010;41124;Ensino fundamental - anos finais
Indicador  4.c.1;1726;88.6;16;Amapá;9610;2010;41125;Ensino médio
Indicador  4.c.1;1726;85.3;16;Amapá;9610;2011;41122;Educação infantil
Indicador  4.c.1;1726;93.1;16;Amapá;9610;2011;41123;Ensino fundamental - anos iniciais
Indicador  4.c.1;1726;64.5;16;Amapá;9610;2011;41124;Ensino fundamental - anos finais
Indicador  4.c.1;1726;86.2;16;Amapá;9610;2011;41125;Ensino médio
Indicador  4.c.1;1726;76.8;16;Amapá;9610;2012;41122;Educação infantil
Indicador  4.c.1;1726;82.4;16;Amapá;9610;2012;41123;Ensino fundamental - anos iniciais
Indicador  4.c.1;1726;67.9;16;Amapá;9610;2012;41124;Ensino fundamental - anos finais
Indicador  4.c.1;1726;88.3;16;Amapá;9610;2012;41125;Ensino médio
Indicador  4.c.1;1726;73.2;16;Amapá;9610;2013;41122;Educação infantil
Indicador  4.c.1;1726;80.3;16;Amapá;9610;2013;41123;Ensino fundamental - anos iniciais
Indicador  4.c.1;1726;67.9;16;Amapá;9610;2013;41124;Ensino fundamental - anos finais
Indicador  4.c.1;1726;89.4;16;Amapá;9610;2013;41125;Ensino médio
Indicador  4.c.1;1726;72.2;16;Amapá;9610;2014;41122;Educação infantil
Indicador  4.c.1;1726;79.8;16;Amapá;9610;2014;41123;Ensino fundamental - anos iniciais
Indicador  4.c.1;1726;71.4;16;Amapá;9610;2014;41124;Ensino fundamental - anos finais
Indicador  4.c.1;1726;89.0;16;Amapá;9610;2014;41125;Ensino médio
Indicador  4.c.1;1726;71.1;16;Amapá;9610;2015;41122;Educação infantil
Indicador  4.c.1;1726;81.5;16;Amapá;9610;2015;41123;Ensino fundamental - anos iniciais
Indicador  4.c.1;1726;71.3;16;Amapá;9610;2015;41124;Ensino fundamental - anos finais
Indicador  4.c.1;1726;87.3;16;Amapá;9610;2015;41125;Ensino médio
Indicador  4.c.1;1726;70.4;16;Amapá;9610;2016;41122;Educação infantil
Indicador  4.c.1;1726;82.6;16;Amapá;9610;2016;41123;Ensino fundamental - anos iniciais
Indicador  4.c.1;1726;71.8;16;Amapá;9610;2016;41124;Ensino fundamental - anos finais
Indicador  4.c.1;1726;88.6;16;Amapá;9610;2016;41125;Ensino médio
Indicador  4.c.1;1726;69.6;16;Amapá;9610;2017;41122;Educação infantil
Indicador  4.c.1;1726;81.4;16;Amapá;9610;2017;41123;Ensino fundamental - anos iniciais
Indicador  4.c.1;1726;72.9;16;Amapá;9610;2017;41124;Ensino fundamental - anos finais
Indicador  4.c.1;1726;89.5;16;Amapá;9610;2017;41125;Ensino médio
Indicador  4.c.1;1726;67.3;16;Amapá;9610;2018;41122;Educação infantil
Indicador  4.c.1;1726;81.7;16;Amapá;9610;2018;41123;Ensino fundamental - anos iniciais
Indicador  4.c.1;1726;75.0;16;Amapá;9610;2018;41124;Ensino fundamental - anos finais
Indicador  4.c.1;1726;88.8;16;Amapá;9610;2018;41125;Ensino médio
Indicador  4.c.1;1726;81.9;16;Amapá;9610;2019;41122;Educação infantil
Indicador  4.c.1;1726;95.5;16;Amapá;9610;2019;41123;Ensino fundamental - anos iniciais
Indicador  4.c.1;1726;77.5;16;Amapá;9610;2019;41124;Ensino fundamental - anos finais
Indicador  4.c.1;1726;87.4;16;Amapá;9610;2019;41125;Ensino médio
Indicador  4.c.1;1726;84.6;16;Amapá;9610;2020;41122;Educação infantil
Indicador  4.c.1;1726;96.2;16;Amapá;9610;2020;41123;Ensino fundamental - anos iniciais
Indicador  4.c.1;1726;78.4;16;Amapá;9610;2020;41124;Ensino fundamental - anos finais
Indicador  4.c.1;1726;88.0;16;Amapá;9610;2020;41125;Ensino médio
Indicador  4.c.1;1726;85.6;16;Amapá;9610;2021;41122;Educação infantil
Indicador  4.c.1;1726;96.4;16;Amapá;9610;2021;41123;Ensino fundamental - anos iniciais
Indicador  4.c.1;1726;80.3;16;Amapá;9610;2021;41124;Ensino fundamental - anos finais
Indicador  4.c.1;1726;88.6;16;Amapá;9610;2021;41125;Ensino médio
Indicador  4.c.1;1726;88.2;16;Amapá;9610;2022;41122;Educação infantil
Indicador  4.c.1;1726;98.1;16;Amapá;9610;2022;41123;Ensino fundamental - anos iniciais
Indicador  4.c.1;1726;82.4;16;Amapá;9610;2022;41124;Ensino fundamental - anos finais
Indicador  4.c.1;1726;91.3;16;Amapá;9610;2022;41125;Ensino médio
Indicador  4.c.1;1726;62.1;17;Tocantins;9610;2007;41122;Educação infantil
Indicador  4.c.1;1726;84.0;17;Tocantins;9610;2007;41123;Ensino fundamental - anos iniciais
Indicador  4.c.1;1726;55.7;17;Tocantins;9610;2007;41124;Ensino fundamental - anos finais
Indicador  4.c.1;1726;81.2;17;Tocantins;9610;2007;41125;Ensino médio
Indicador  4.c.1;1726;77.9;17;Tocantins;9610;2008;41122;Educação infantil
Indicador  4.c.1;1726;91.2;17;Tocantins;9610;2008;41123;Ensino fundamental - anos iniciais
Indicador  4.c.1;1726;48.3;17;Tocantins;9610;2008;41124;Ensino fundamental - anos finais
Indicador  4.c.1;1726;81.5;17;Tocantins;9610;2008;41125;Ensino médio
Indicador  4.c.1;1726;76.9;17;Tocantins;9610;2009;41122;Educação infantil
Indicador  4.c.1;1726;89.3;17;Tocantins;9610;2009;41123;Ensino fundamental - anos iniciais
Indicador  4.c.1;1726;48.0;17;Tocantins;9610;2009;41124;Ensino fundamental - anos finais
Indicador  4.c.1;1726;78.5;17;Tocantins;9610;2009;41125;Ensino médio
Indicador  4.c.1;1726;76.3;17;Tocantins;9610;2010;41122;Educação infantil
Indicador  4.c.1;1726;89.2;17;Tocantins;9610;2010;41123;Ensino fundamental - anos iniciais
Indicador  4.c.1;1726;49.8;17;Tocantins;9610;2010;41124;Ensino fundamental - anos finais
Indicador  4.c.1;1726;77.9;17;Tocantins;9610;2010;41125;Ensino médio
Indicador  4.c.1;1726;74.4;17;Tocantins;9610;2011;41122;Educação infantil
Indicador  4.c.1;1726;89.2;17;Tocantins;9610;2011;41123;Ensino fundamental - anos iniciais
Indicador  4.c.1;1726;52.5;17;Tocantins;9610;2011;41124;Ensino fundamental - anos finais
Indicador  4.c.1;1726;79.2;17;Tocantins;9610;2011;41125;Ensino médio
Indicador  4.c.1;1726;73.4;17;Tocantins;9610;2012;41122;Educação infantil
Indicador  4.c.1;1726;89.6;17;Tocantins;9610;2012;41123;Ensino fundamental - anos iniciais
Indicador  4.c.1;1726;55.6;17;Tocantins;9610;2012;41124;Ensino fundamental - anos finais
Indicador  4.c.1;1726;80.4;17;Tocantins;9610;2012;41125;Ensino médio
Indicador  4.c.1;1726;72.5;17;Tocantins;9610;2013;41122;Educação infantil
Indicador  4.c.1;1726;89.6;17;Tocantins;9610;2013;41123;Ensino fundamental - anos iniciais
Indicador  4.c.1;1726;56.2;17;Tocantins;9610;2013;41124;Ensino fundamental - anos finais
Indicador  4.c.1;1726;76.9;17;Tocantins;9610;2013;41125;Ensino médio
Indicador  4.c.1;1726;72.0;17;Tocantins;9610;2014;41122;Educação infantil
Indicador  4.c.1;1726;89.2;17;Tocantins;9610;2014;41123;Ensino fundamental - anos iniciais
Indicador  4.c.1;1726;57.4;17;Tocantins;9610;2014;41124;Ensino fundamental - anos finais
Indicador  4.c.1;1726;77.7;17;Tocantins;9610;2014;41125;Ensino médio
Indicador  4.c.1;1726;71.5;17;Tocantins;9610;2015;41122;Educação infantil
Indicador  4.c.1;1726;87.8;17;Tocantins;9610;2015;41123;Ensino fundamental - anos iniciais
Indicador  4.c.1;1726;57.4;17;Tocantins;9610;2015;41124;Ensino fundamental - anos finais
Indicador  4.c.1;1726;74.2;17;Tocantins;9610;2015;41125;Ensino médio
Indicador  4.c.1;1726;70.3;17;Tocantins;9610;2016;41122;Educação infantil
Indicador  4.c.1;1726;87.0;17;Tocantins;9610;2016;41123;Ensino fundamental - anos iniciais
Indicador  4.c.1;1726;59.1;17;Tocantins;9610;2016;41124;Ensino fundamental - anos finais
Indicador  4.c.1;1726;75.4;17;Tocantins;9610;2016;41125;Ensino médio
Indicador  4.c.1;1726;70.3;17;Tocantins;9610;2017;41122;Educação infantil
Indicador  4.c.1;1726;87.3;17;Tocantins;9610;2017;41123;Ensino fundamental - anos iniciais
Indicador  4.c.1;1726;60.1;17;Tocantins;9610;2017;41124;Ensino fundamental - anos finais
Indicador  4.c.1;1726;76.7;17;Tocantins;9610;2017;41125;Ensino médio
Indicador  4.c.1;1726;71.2;17;Tocantins;9610;2018;41122;Educação infantil
Indicador  4.c.1;1726;86.5;17;Tocantins;9610;2018;41123;Ensino fundamental - anos iniciais
Indicador  4.c.1;1726;61.0;17;Tocantins;9610;2018;41124;Ensino fundamental - anos finais
Indicador  4.c.1;1726;76.1;17;Tocantins;9610;2018;41125;Ensino médio
Indicador  4.c.1;1726;78.6;17;Tocantins;9610;2019;41122;Educação infantil
Indicador  4.c.1;1726;91.1;17;Tocantins;9610;2019;41123;Ensino fundamental - anos iniciais
Indicador  4.c.1;1726;64.4;17;Tocantins;9610;2019;41124;Ensino fundamental - anos finais
Indicador  4.c.1;1726;76.3;17;Tocantins;9610;2019;41125;Ensino médio
Indicador  4.c.1;1726;81.9;17;Tocantins;9610;2020;41122;Educação infantil
Indicador  4.c.1;1726;92.2;17;Tocantins;9610;2020;41123;Ensino fundamental - anos iniciais
Indicador  4.c.1;1726;65.4;17;Tocantins;9610;2020;41124;Ensino fundamental - anos finais
Indicador  4.c.1;1726;78.2;17;Tocantins;9610;2020;41125;Ensino médio
Indicador  4.c.1;1726;83.3;17;Tocantins;9610;2021;41122;Educação infantil
Indicador  4.c.1;1726;93.7;17;Tocantins;9610;2021;41123;Ensino fundamental - anos iniciais
Indicador  4.c.1;1726;67.0;17;Tocantins;9610;2021;41124;Ensino fundamental - anos finais
Indicador  4.c.1;1726;79.3;17;Tocantins;9610;2021;41125;Ensino médio
Indicador  4.c.1;1726;84.5;17;Tocantins;9610;2022;41122;Educação infantil
Indicador  4.c.1;1726;93.5;17;Tocantins;9610;2022;41123;Ensino fundamental - anos iniciais
Indicador  4.c.1;1726;67.3;17;Tocantins;9610;2022;41124;Ensino fundamental - anos finais
Indicador  4.c.1;1726;82.2;17;Tocantins;9610;2022;41125;Ensino médio
Indicador  4.c.1;1726;79.4;21;Maranhão;9610;2007;41122;Educação infantil
Indicador  4.c.1;1726;90.0;21;Maranhão;9610;2007;41123;Ensino fundamental - anos iniciais
Indicador  4.c.1;1726;34.6;21;Maranhão;9610;2007;41124;Ensino fundamental - anos finais
Indicador  4.c.1;1726;73.5;21;Maranhão;9610;2007;41125;Ensino médio
Indicador  4.c.1;1726;82.2;21;Maranhão;9610;2008;41122;Educação infantil
Indicador  4.c.1;1726;91.9;21;Maranhão;9610;2008;41123;Ensino fundamental - anos iniciais
Indicador  4.c.1;1726;35.5;21;Maranhão;9610;2008;41124;Ensino fundamental - anos finais
Indicador  4.c.1;1726;72.4;21;Maranhão;9610;2008;41125;Ensino médio
Indicador  4.c.1;1726;81.3;21;Maranhão;9610;2009;41122;Educação infantil
Indicador  4.c.1;1726;91.8;21;Maranhão;9610;2009;41123;Ensino fundamental - anos iniciais
Indicador  4.c.1;1726;35.5;21;Maranhão;9610;2009;41124;Ensino fundamental - anos finais
Indicador  4.c.1;1726;70.4;21;Maranhão;9610;2009;41125;Ensino médio
Indicador  4.c.1;1726;79.9;21;Maranhão;9610;2010;41122;Educação infantil
Indicador  4.c.1;1726;92.6;21;Maranhão;9610;2010;41123;Ensino fundamental - anos iniciais
Indicador  4.c.1;1726;39.9;21;Maranhão;9610;2010;41124;Ensino fundamental - anos finais
Indicador  4.c.1;1726;73.7;21;Maranhão;9610;2010;41125;Ensino médio
Indicador  4.c.1;1726;74.9;21;Maranhão;9610;2011;41122;Educação infantil
Indicador  4.c.1;1726;88.2;21;Maranhão;9610;2011;41123;Ensino fundamental - anos iniciais
Indicador  4.c.1;1726;40.7;21;Maranhão;9610;2011;41124;Ensino fundamental - anos finais
Indicador  4.c.1;1726;73.9;21;Maranhão;9610;2011;41125;Ensino médio
Indicador  4.c.1;1726;71.7;21;Maranhão;9610;2012;41122;Educação infantil
Indicador  4.c.1;1726;85.6;21;Maranhão;9610;2012;41123;Ensino fundamental - anos iniciais
Indicador  4.c.1;1726;41.7;21;Maranhão;9610;2012;41124;Ensino fundamental - anos finais
Indicador  4.c.1;1726;77.5;21;Maranhão;9610;2012;41125;Ensino médio
Indicador  4.c.1;1726;71.2;21;Maranhão;9610;2013;41122;Educação infantil
Indicador  4.c.1;1726;85.1;21;Maranhão;9610;2013;41123;Ensino fundamental - anos iniciais
Indicador  4.c.1;1726;41.1;21;Maranhão;9610;2013;41124;Ensino fundamental - anos finais
Indicador  4.c.1;1726;80.1;21;Maranhão;9610;2013;41125;Ensino médio
Indicador  4.c.1;1726;68.4;21;Maranhão;9610;2014;41122;Educação infantil
Indicador  4.c.1;1726;83.2;21;Maranhão;9610;2014;41123;Ensino fundamental - anos iniciais
Indicador  4.c.1;1726;41.0;21;Maranhão;9610;2014;41124;Ensino fundamental - anos finais
Indicador  4.c.1;1726;80.0;21;Maranhão;9610;2014;41125;Ensino médio
Indicador  4.c.1;1726;68.9;21;Maranhão;9610;2015;41122;Educação infantil
Indicador  4.c.1;1726;82.8;21;Maranhão;9610;2015;41123;Ensino fundamental - anos iniciais
Indicador  4.c.1;1726;41.6;21;Maranhão;9610;2015;41124;Ensino fundamental - anos finais
Indicador  4.c.1;1726;78.7;21;Maranhão;9610;2015;41125;Ensino médio
Indicador  4.c.1;1726;68.7;21;Maranhão;9610;2016;41122;Educação infantil
Indicador  4.c.1;1726;82.8;21;Maranhão;9610;2016;41123;Ensino fundamental - anos iniciais
Indicador  4.c.1;1726;42.4;21;Maranhão;9610;2016;41124;Ensino fundamental - anos finais
Indicador  4.c.1;1726;78.0;21;Maranhão;9610;2016;41125;Ensino médio
Indicador  4.c.1;1726;68.7;21;Maranhão;9610;2017;41122;Educação infantil
Indicador  4.c.1;1726;82.9;21;Maranhão;9610;2017;41123;Ensino fundamental - anos iniciais
Indicador  4.c.1;1726;44.1;21;Maranhão;9610;2017;41124;Ensino fundamental - anos finais
Indicador  4.c.1;1726;81.1;21;Maranhão;9610;2017;41125;Ensino médio
Indicador  4.c.1;1726;67.8;21;Maranhão;9610;2018;41122;Educação infantil
Indicador  4.c.1;1726;83.3;21;Maranhão;9610;2018;41123;Ensino fundamental - anos iniciais
Indicador  4.c.1;1726;46.8;21;Maranhão;9610;2018;41124;Ensino fundamental - anos finais
Indicador  4.c.1;1726;80.9;21;Maranhão;9610;2018;41125;Ensino médio
Indicador  4.c.1;1726;78.4;21;Maranhão;9610;2019;41122;Educação infantil
Indicador  4.c.1;1726;90.3;21;Maranhão;9610;2019;41123;Ensino fundamental - anos iniciais
Indicador  4.c.1;1726;49.5;21;Maranhão;9610;2019;41124;Ensino fundamental - anos finais
Indicador  4.c.1;1726;78.9;21;Maranhão;9610;2019;41125;Ensino médio
Indicador  4.c.1;1726;80.2;21;Maranhão;9610;2020;41122;Educação infantil
Indicador  4.c.1;1726;90.5;21;Maranhão;9610;2020;41123;Ensino fundamental - anos iniciais
Indicador  4.c.1;1726;48.9;21;Maranhão;9610;2020;41124;Ensino fundamental - anos finais
Indicador  4.c.1;1726;79.0;21;Maranhão;9610;2020;41125;Ensino médio
Indicador  4.c.1;1726;81.2;21;Maranhão;9610;2021;41122;Educação infantil
Indicador  4.c.1;1726;90.8;21;Maranhão;9610;2021;41123;Ensino fundamental - anos iniciais
Indicador  4.c.1;1726;49.9;21;Maranhão;9610;2021;41124;Ensino fundamental - anos finais
Indicador  4.c.1;1726;79.2;21;Maranhão;9610;2021;41125;Ensino médio
Indicador  4.c.1;1726;82.3;21;Maranhão;9610;2022;41122;Educação infantil
Indicador  4.c.1;1726;91.0;21;Maranhão;9610;2022;41123;Ensino fundamental - anos iniciais
Indicador  4.c.1;1726;49.6;21;Maranhão;9610;2022;41124;Ensino fundamental - anos finais
Indicador  4.c.1;1726;80.0;21;Maranhão;9610;2022;41125;Ensino médio
Indicador  4.c.1;1726;67.3;22;Piauí;9610;2007;41122;Educação infantil
Indicador  4.c.1;1726;90.2;22;Piauí;9610;2007;41123;Ensino fundamental - anos iniciais
Indicador  4.c.1;1726;58.0;22;Piauí;9610;2007;41124;Ensino fundamental - anos finais
Indicador  4.c.1;1726;83.5;22;Piauí;9610;2007;41125;Ensino médio
Indicador  4.c.1;1726;73.8;22;Piauí;9610;2008;41122;Educação infantil
Indicador  4.c.1;1726;89.2;22;Piauí;9610;2008;41123;Ensino fundamental - anos iniciais
Indicador  4.c.1;1726;50.7;22;Piauí;9610;2008;41124;Ensino fundamental - anos finais
Indicador  4.c.1;1726;77.0;22;Piauí;9610;2008;41125;Ensino médio
Indicador  4.c.1;1726;69.1;22;Piauí;9610;2009;41122;Educação infantil
Indicador  4.c.1;1726;86.3;22;Piauí;9610;2009;41123;Ensino fundamental - anos iniciais
Indicador  4.c.1;1726;50.4;22;Piauí;9610;2009;41124;Ensino fundamental - anos finais
Indicador  4.c.1;1726;76.1;22;Piauí;9610;2009;41125;Ensino médio
Indicador  4.c.1;1726;66.3;22;Piauí;9610;2010;41122;Educação infantil
Indicador  4.c.1;1726;85.0;22;Piauí;9610;2010;41123;Ensino fundamental - anos iniciais
Indicador  4.c.1;1726;50.9;22;Piauí;9610;2010;41124;Ensino fundamental - anos finais
Indicador  4.c.1;1726;74.4;22;Piauí;9610;2010;41125;Ensino médio
Indicador  4.c.1;1726;64.2;22;Piauí;9610;2011;41122;Educação infantil
Indicador  4.c.1;1726;83.6;22;Piauí;9610;2011;41123;Ensino fundamental - anos iniciais
Indicador  4.c.1;1726;52.7;22;Piauí;9610;2011;41124;Ensino fundamental - anos finais
Indicador  4.c.1;1726;74.1;22;Piauí;9610;2011;41125;Ensino médio
Indicador  4.c.1;1726;63.5;22;Piauí;9610;2012;41122;Educação infantil
Indicador  4.c.1;1726;83.9;22;Piauí;9610;2012;41123;Ensino fundamental - anos iniciais
Indicador  4.c.1;1726;54.5;22;Piauí;9610;2012;41124;Ensino fundamental - anos finais
Indicador  4.c.1;1726;77.2;22;Piauí;9610;2012;41125;Ensino médio
Indicador  4.c.1;1726;60.7;22;Piauí;9610;2013;41122;Educação infantil
Indicador  4.c.1;1726;82.5;22;Piauí;9610;2013;41123;Ensino fundamental - anos iniciais
Indicador  4.c.1;1726;55.5;22;Piauí;9610;2013;41124;Ensino fundamental - anos finais
Indicador  4.c.1;1726;75.0;22;Piauí;9610;2013;41125;Ensino médio
Indicador  4.c.1;1726;64.0;22;Piauí;9610;2014;41122;Educação infantil
Indicador  4.c.1;1726;82.8;22;Piauí;9610;2014;41123;Ensino fundamental - anos iniciais
Indicador  4.c.1;1726;57.0;22;Piauí;9610;2014;41124;Ensino fundamental - anos finais
Indicador  4.c.1;1726;77.1;22;Piauí;9610;2014;41125;Ensino médio
Indicador  4.c.1;1726;63.7;22;Piauí;9610;2015;41122;Educação infantil
Indicador  4.c.1;1726;82.6;22;Piauí;9610;2015;41123;Ensino fundamental - anos iniciais
Indicador  4.c.1;1726;58.1;22;Piauí;9610;2015;41124;Ensino fundamental - anos finais
Indicador  4.c.1;1726;77.3;22;Piauí;9610;2015;41125;Ensino médio
Indicador  4.c.1;1726;61.8;22;Piauí;9610;2016;41122;Educação infantil
Indicador  4.c.1;1726;82.8;22;Piauí;9610;2016;41123;Ensino fundamental - anos iniciais
Indicador  4.c.1;1726;58.9;22;Piauí;9610;2016;41124;Ensino fundamental - anos finais
Indicador  4.c.1;1726;76.7;22;Piauí;9610;2016;41125;Ensino médio
Indicador  4.c.1;1726;60.5;22;Piauí;9610;2017;41122;Educação infantil
Indicador  4.c.1;1726;83.7;22;Piauí;9610;2017;41123;Ensino fundamental - anos iniciais
Indicador  4.c.1;1726;59.1;22;Piauí;9610;2017;41124;Ensino fundamental - anos finais
Indicador  4.c.1;1726;76.7;22;Piauí;9610;2017;41125;Ensino médio
Indicador  4.c.1;1726;60.7;22;Piauí;9610;2018;41122;Educação infantil
Indicador  4.c.1;1726;85.0;22;Piauí;9610;2018;41123;Ensino fundamental - anos iniciais
Indicador  4.c.1;1726;60.8;22;Piauí;9610;2018;41124;Ensino fundamental - anos finais
Indicador  4.c.1;1726;74.7;22;Piauí;9610;2018;41125;Ensino médio
Indicador  4.c.1;1726;71.9;22;Piauí;9610;2019;41122;Educação infantil
Indicador  4.c.1;1726;89.3;22;Piauí;9610;2019;41123;Ensino fundamental - anos iniciais
Indicador  4.c.1;1726;63.8;22;Piauí;9610;2019;41124;Ensino fundamental - anos finais
Indicador  4.c.1;1726;74.9;22;Piauí;9610;2019;41125;Ensino médio
Indicador  4.c.1;1726;74.5;22;Piauí;9610;2020;41122;Educação infantil
Indicador  4.c.1;1726;89.5;22;Piauí;9610;2020;41123;Ensino fundamental - anos iniciais
Indicador  4.c.1;1726;63.8;22;Piauí;9610;2020;41124;Ensino fundamental - anos finais
Indicador  4.c.1;1726;77.3;22;Piauí;9610;2020;41125;Ensino médio
Indicador  4.c.1;1726;78.0;22;Piauí;9610;2021;41122;Educação infantil
Indicador  4.c.1;1726;90.6;22;Piauí;9610;2021;41123;Ensino fundamental - anos iniciais
Indicador  4.c.1;1726;65.9;22;Piauí;9610;2021;41124;Ensino fundamental - anos finais
Indicador  4.c.1;1726;78.0;22;Piauí;9610;2021;41125;Ensino médio
Indicador  4.c.1;1726;79.6;22;Piauí;9610;2022;41122;Educação infantil
Indicador  4.c.1;1726;92.2;22;Piauí;9610;2022;41123;Ensino fundamental - anos iniciais
Indicador  4.c.1;1726;68.4;22;Piauí;9610;2022;41124;Ensino fundamental - anos finais
Indicador  4.c.1;1726;82.6;22;Piauí;9610;2022;41125;Ensino médio
Indicador  4.c.1;1726;62.1;23;Ceará;9610;2007;41122;Educação infantil
Indicador  4.c.1;1726;85.2;23;Ceará;9610;2007;41123;Ensino fundamental - anos iniciais
Indicador  4.c.1;1726;48.2;23;Ceará;9610;2007;41124;Ensino fundamental - anos finais
Indicador  4.c.1;1726;78.2;23;Ceará;9610;2007;41125;Ensino médio
Indicador  4.c.1;1726;67.4;23;Ceará;9610;2008;41122;Educação infantil
Indicador  4.c.1;1726;87.2;23;Ceará;9610;2008;41123;Ensino fundamental - anos iniciais
Indicador  4.c.1;1726;45.4;23;Ceará;9610;2008;41124;Ensino fundamental - anos finais
Indicador  4.c.1;1726;73.1;23;Ceará;9610;2008;41125;Ensino médio
Indicador  4.c.1;1726;64.1;23;Ceará;9610;2009;41122;Educação infantil
Indicador  4.c.1;1726;85.5;23;Ceará;9610;2009;41123;Ensino fundamental - anos iniciais
Indicador  4.c.1;1726;47.9;23;Ceará;9610;2009;41124;Ensino fundamental - anos finais
Indicador  4.c.1;1726;71.1;23;Ceará;9610;2009;41125;Ensino médio
Indicador  4.c.1;1726;61.9;23;Ceará;9610;2010;41122;Educação infantil
Indicador  4.c.1;1726;84.7;23;Ceará;9610;2010;41123;Ensino fundamental - anos iniciais
Indicador  4.c.1;1726;49.9;23;Ceará;9610;2010;41124;Ensino fundamental - anos finais
Indicador  4.c.1;1726;70.7;23;Ceará;9610;2010;41125;Ensino médio
Indicador  4.c.1;1726;57.1;23;Ceará;9610;2011;41122;Educação infantil
Indicador  4.c.1;1726;81.4;23;Ceará;9610;2011;41123;Ensino fundamental - anos iniciais
Indicador  4.c.1;1726;53.6;23;Ceará;9610;2011;41124;Ensino fundamental - anos finais
Indicador  4.c.1;1726;72.5;23;Ceará;9610;2011;41125;Ensino médio
Indicador  4.c.1;1726;52.6;23;Ceará;9610;2012;41122;Educação infantil
Indicador  4.c.1;1726;79.5;23;Ceará;9610;2012;41123;Ensino fundamental - anos iniciais
Indicador  4.c.1;1726;56.4;23;Ceará;9610;2012;41124;Ensino fundamental - anos finais
Indicador  4.c.1;1726;76.8;23;Ceará;9610;2012;41125;Ensino médio
Indicador  4.c.1;1726;51.1;23;Ceará;9610;2013;41122;Educação infantil
Indicador  4.c.1;1726;79.2;23;Ceará;9610;2013;41123;Ensino fundamental - anos iniciais
Indicador  4.c.1;1726;56.8;23;Ceará;9610;2013;41124;Ensino fundamental - anos finais
Indicador  4.c.1;1726;75.1;23;Ceará;9610;2013;41125;Ensino médio
Indicador  4.c.1;1726;50.3;23;Ceará;9610;2014;41122;Educação infantil
Indicador  4.c.1;1726;78.9;23;Ceará;9610;2014;41123;Ensino fundamental - anos iniciais
Indicador  4.c.1;1726;58.3;23;Ceará;9610;2014;41124;Ensino fundamental - anos finais
Indicador  4.c.1;1726;74.4;23;Ceará;9610;2014;41125;Ensino médio
Indicador  4.c.1;1726;51.7;23;Ceará;9610;2015;41122;Educação infantil
Indicador  4.c.1;1726;78.2;23;Ceará;9610;2015;41123;Ensino fundamental - anos iniciais
Indicador  4.c.1;1726;58.7;23;Ceará;9610;2015;41124;Ensino fundamental - anos finais
Indicador  4.c.1;1726;75.0;23;Ceará;9610;2015;41125;Ensino médio
Indicador  4.c.1;1726;53.2;23;Ceará;9610;2016;41122;Educação infantil
Indicador  4.c.1;1726;78.7;23;Ceará;9610;2016;41123;Ensino fundamental - anos iniciais
Indicador  4.c.1;1726;60.3;23;Ceará;9610;2016;41124;Ensino fundamental - anos finais
Indicador  4.c.1;1726;77.2;23;Ceará;9610;2016;41125;Ensino médio
Indicador  4.c.1;1726;54.5;23;Ceará;9610;2017;41122;Educação infantil
Indicador  4.c.1;1726;79.1;23;Ceará;9610;2017;41123;Ensino fundamental - anos iniciais
Indicador  4.c.1;1726;62.5;23;Ceará;9610;2017;41124;Ensino fundamental - anos finais
Indicador  4.c.1;1726;77.6;23;Ceará;9610;2017;41125;Ensino médio
Indicador  4.c.1;1726;56.6;23;Ceará;9610;2018;41122;Educação infantil
Indicador  4.c.1;1726;81.4;23;Ceará;9610;2018;41123;Ensino fundamental - anos iniciais
Indicador  4.c.1;1726;64.5;23;Ceará;9610;2018;41124;Ensino fundamental - anos finais
Indicador  4.c.1;1726;76.2;23;Ceará;9610;2018;41125;Ensino médio
Indicador  4.c.1;1726;67.9;23;Ceará;9610;2019;41122;Educação infantil
Indicador  4.c.1;1726;86.7;23;Ceará;9610;2019;41123;Ensino fundamental - anos iniciais
Indicador  4.c.1;1726;70.6;23;Ceará;9610;2019;41124;Ensino fundamental - anos finais
Indicador  4.c.1;1726;81.9;23;Ceará;9610;2019;41125;Ensino médio
Indicador  4.c.1;1726;73.4;23;Ceará;9610;2020;41122;Educação infantil
Indicador  4.c.1;1726;87.1;23;Ceará;9610;2020;41123;Ensino fundamental - anos iniciais
Indicador  4.c.1;1726;70.1;23;Ceará;9610;2020;41124;Ensino fundamental - anos finais
Indicador  4.c.1;1726;81.5;23;Ceará;9610;2020;41125;Ensino médio
Indicador  4.c.1;1726;74.5;23;Ceará;9610;2021;41122;Educação infantil
Indicador  4.c.1;1726;88.0;23;Ceará;9610;2021;41123;Ensino fundamental - anos iniciais
Indicador  4.c.1;1726;71.6;23;Ceará;9610;2021;41124;Ensino fundamental - anos finais
Indicador  4.c.1;1726;81.8;23;Ceará;9610;2021;41125;Ensino médio
Indicador  4.c.1;1726;76.7;23;Ceará;9610;2022;41122;Educação infantil
Indicador  4.c.1;1726;89.8;23;Ceará;9610;2022;41123;Ensino fundamental - anos iniciais
Indicador  4.c.1;1726;72.1;23;Ceará;9610;2022;41124;Ensino fundamental - anos finais
Indicador  4.c.1;1726;82.4;23;Ceará;9610;2022;41125;Ensino médio
Indicador  4.c.1;1726;75.3;24;Rio Grande do Norte;9610;2007;41122;Educação infantil
Indicador  4.c.1;1726;86.6;24;Rio Grande do Norte;9610;2007;41123;Ensino fundamental - anos iniciais
Indicador  4.c.1;1726;50.1;24;Rio Grande do Norte;9610;2007;41124;Ensino fundamental - anos finais
Indicador  4.c.1;1726;72.4;24;Rio Grande do Norte;9610;2007;41125;Ensino médio
Indicador  4.c.1;1726;77.1;24;Rio Grande do Norte;9610;2008;41122;Educação infantil
Indicador  4.c.1;1726;87.6;24;Rio Grande do Norte;9610;2008;41123;Ensino fundamental - anos iniciais
Indicador  4.c.1;1726;49.2;24;Rio Grande do Norte;9610;2008;41124;Ensino fundamental - anos finais
Indicador  4.c.1;1726;69.1;24;Rio Grande do Norte;9610;2008;41125;Ensino médio
Indicador  4.c.1;1726;75.7;24;Rio Grande do Norte;9610;2009;41122;Educação infantil
Indicador  4.c.1;1726;86.1;24;Rio Grande do Norte;9610;2009;41123;Ensino fundamental - anos iniciais
Indicador  4.c.1;1726;50.7;24;Rio Grande do Norte;9610;2009;41124;Ensino fundamental - anos finais
Indicador  4.c.1;1726;71.2;24;Rio Grande do Norte;9610;2009;41125;Ensino médio
Indicador  4.c.1;1726;75.6;24;Rio Grande do Norte;9610;2010;41122;Educação infantil
Indicador  4.c.1;1726;85.4;24;Rio Grande do Norte;9610;2010;41123;Ensino fundamental - anos iniciais
Indicador  4.c.1;1726;52.7;24;Rio Grande do Norte;9610;2010;41124;Ensino fundamental - anos finais
Indicador  4.c.1;1726;75.9;24;Rio Grande do Norte;9610;2010;41125;Ensino médio
Indicador  4.c.1;1726;74.4;24;Rio Grande do Norte;9610;2011;41122;Educação infantil
Indicador  4.c.1;1726;84.9;24;Rio Grande do Norte;9610;2011;41123;Ensino fundamental - anos iniciais
Indicador  4.c.1;1726;56.0;24;Rio Grande do Norte;9610;2011;41124;Ensino fundamental - anos finais
Indicador  4.c.1;1726;77.7;24;Rio Grande do Norte;9610;2011;41125;Ensino médio
Indicador  4.c.1;1726;72.2;24;Rio Grande do Norte;9610;2012;41122;Educação infantil
Indicador  4.c.1;1726;85.1;24;Rio Grande do Norte;9610;2012;41123;Ensino fundamental - anos iniciais
Indicador  4.c.1;1726;56.3;24;Rio Grande do Norte;9610;2012;41124;Ensino fundamental - anos finais
Indicador  4.c.1;1726;78.6;24;Rio Grande do Norte;9610;2012;41125;Ensino médio
Indicador  4.c.1;1726;72.1;24;Rio Grande do Norte;9610;2013;41122;Educação infantil
Indicador  4.c.1;1726;85.3;24;Rio Grande do Norte;9610;2013;41123;Ensino fundamental - anos iniciais
Indicador  4.c.1;1726;58.2;24;Rio Grande do Norte;9610;2013;41124;Ensino fundamental - anos finais
Indicador  4.c.1;1726;80.5;24;Rio Grande do Norte;9610;2013;41125;Ensino médio
Indicador  4.c.1;1726;71.4;24;Rio Grande do Norte;9610;2014;41122;Educação infantil
Indicador  4.c.1;1726;84.7;24;Rio Grande do Norte;9610;2014;41123;Ensino fundamental - anos iniciais
Indicador  4.c.1;1726;58.7;24;Rio Grande do Norte;9610;2014;41124;Ensino fundamental - anos finais
Indicador  4.c.1;1726;80.4;24;Rio Grande do Norte;9610;2014;41125;Ensino médio
Indicador  4.c.1;1726;71.0;24;Rio Grande do Norte;9610;2015;41122;Educação infantil
Indicador  4.c.1;1726;83.7;24;Rio Grande do Norte;9610;2015;41123;Ensino fundamental - anos iniciais
Indicador  4.c.1;1726;59.2;24;Rio Grande do Norte;9610;2015;41124;Ensino fundamental - anos finais
Indicador  4.c.1;1726;80.3;24;Rio Grande do Norte;9610;2015;41125;Ensino médio
Indicador  4.c.1;1726;71.0;24;Rio Grande do Norte;9610;2016;41122;Educação infantil
Indicador  4.c.1;1726;82.4;24;Rio Grande do Norte;9610;2016;41123;Ensino fundamental - anos iniciais
Indicador  4.c.1;1726;60.5;24;Rio Grande do Norte;9610;2016;41124;Ensino fundamental - anos finais
Indicador  4.c.1;1726;80.6;24;Rio Grande do Norte;9610;2016;41125;Ensino médio
Indicador  4.c.1;1726;72.0;24;Rio Grande do Norte;9610;2017;41122;Educação infantil
Indicador  4.c.1;1726;82.9;24;Rio Grande do Norte;9610;2017;41123;Ensino fundamental - anos iniciais
Indicador  4.c.1;1726;61.3;24;Rio Grande do Norte;9610;2017;41124;Ensino fundamental - anos finais
Indicador  4.c.1;1726;80.7;24;Rio Grande do Norte;9610;2017;41125;Ensino médio
Indicador  4.c.1;1726;72.7;24;Rio Grande do Norte;9610;2018;41122;Educação infantil
Indicador  4.c.1;1726;81.9;24;Rio Grande do Norte;9610;2018;41123;Ensino fundamental - anos iniciais
Indicador  4.c.1;1726;60.6;24;Rio Grande do Norte;9610;2018;41124;Ensino fundamental - anos finais
Indicador  4.c.1;1726;77.4;24;Rio Grande do Norte;9610;2018;41125;Ensino médio
Indicador  4.c.1;1726;79.5;24;Rio Grande do Norte;9610;2019;41122;Educação infantil
Indicador  4.c.1;1726;83.5;24;Rio Grande do Norte;9610;2019;41123;Ensino fundamental - anos iniciais
Indicador  4.c.1;1726;66.8;24;Rio Grande do Norte;9610;2019;41124;Ensino fundamental - anos finais
Indicador  4.c.1;1726;80.1;24;Rio Grande do Norte;9610;2019;41125;Ensino médio
Indicador  4.c.1;1726;80.6;24;Rio Grande do Norte;9610;2020;41122;Educação infantil
Indicador  4.c.1;1726;85.8;24;Rio Grande do Norte;9610;2020;41123;Ensino fundamental - anos iniciais
Indicador  4.c.1;1726;66.8;24;Rio Grande do Norte;9610;2020;41124;Ensino fundamental - anos finais
Indicador  4.c.1;1726;80.8;24;Rio Grande do Norte;9610;2020;41125;Ensino médio
Indicador  4.c.1;1726;81.2;24;Rio Grande do Norte;9610;2021;41122;Educação infantil
Indicador  4.c.1;1726;87.2;24;Rio Grande do Norte;9610;2021;41123;Ensino fundamental - anos iniciais
Indicador  4.c.1;1726;70.2;24;Rio Grande do Norte;9610;2021;41124;Ensino fundamental - anos finais
Indicador  4.c.1;1726;84.9;24;Rio Grande do Norte;9610;2021;41125;Ensino médio
Indicador  4.c.1;1726;82.6;24;Rio Grande do Norte;9610;2022;41122;Educação infantil
Indicador  4.c.1;1726;89.7;24;Rio Grande do Norte;9610;2022;41123;Ensino fundamental - anos iniciais
Indicador  4.c.1;1726;72.5;24;Rio Grande do Norte;9610;2022;41124;Ensino fundamental - anos finais
Indicador  4.c.1;1726;86.1;24;Rio Grande do Norte;9610;2022;41125;Ensino médio
Indicador  4.c.1;1726;72.9;25;Paraíba;9610;2007;41122;Educação infantil
Indicador  4.c.1;1726;86.7;25;Paraíba;9610;2007;41123;Ensino fundamental - anos iniciais
Indicador  4.c.1;1726;54.7;25;Paraíba;9610;2007;41124;Ensino fundamental - anos finais
Indicador  4.c.1;1726;73.4;25;Paraíba;9610;2007;41125;Ensino médio
Indicador  4.c.1;1726;76.6;25;Paraíba;9610;2008;41122;Educação infantil
Indicador  4.c.1;1726;90.1;25;Paraíba;9610;2008;41123;Ensino fundamental - anos iniciais
Indicador  4.c.1;1726;52.4;25;Paraíba;9610;2008;41124;Ensino fundamental - anos finais
Indicador  4.c.1;1726;70.5;25;Paraíba;9610;2008;41125;Ensino médio
Indicador  4.c.1;1726;76.9;25;Paraíba;9610;2009;41122;Educação infantil
Indicador  4.c.1;1726;90.1;25;Paraíba;9610;2009;41123;Ensino fundamental - anos iniciais
Indicador  4.c.1;1726;52.5;25;Paraíba;9610;2009;41124;Ensino fundamental - anos finais
Indicador  4.c.1;1726;70.8;25;Paraíba;9610;2009;41125;Ensino médio
Indicador  4.c.1;1726;77.0;25;Paraíba;9610;2010;41122;Educação infantil
Indicador  4.c.1;1726;89.9;25;Paraíba;9610;2010;41123;Ensino fundamental - anos iniciais
Indicador  4.c.1;1726;53.0;25;Paraíba;9610;2010;41124;Ensino fundamental - anos finais
Indicador  4.c.1;1726;69.2;25;Paraíba;9610;2010;41125;Ensino médio
Indicador  4.c.1;1726;74.3;25;Paraíba;9610;2011;41122;Educação infantil
Indicador  4.c.1;1726;87.6;25;Paraíba;9610;2011;41123;Ensino fundamental - anos iniciais
Indicador  4.c.1;1726;55.8;25;Paraíba;9610;2011;41124;Ensino fundamental - anos finais
Indicador  4.c.1;1726;69.1;25;Paraíba;9610;2011;41125;Ensino médio
Indicador  4.c.1;1726;71.2;25;Paraíba;9610;2012;41122;Educação infantil
Indicador  4.c.1;1726;86.0;25;Paraíba;9610;2012;41123;Ensino fundamental - anos iniciais
Indicador  4.c.1;1726;57.5;25;Paraíba;9610;2012;41124;Ensino fundamental - anos finais
Indicador  4.c.1;1726;70.2;25;Paraíba;9610;2012;41125;Ensino médio
Indicador  4.c.1;1726;69.5;25;Paraíba;9610;2013;41122;Educação infantil
Indicador  4.c.1;1726;84.5;25;Paraíba;9610;2013;41123;Ensino fundamental - anos iniciais
Indicador  4.c.1;1726;59.3;25;Paraíba;9610;2013;41124;Ensino fundamental - anos finais
Indicador  4.c.1;1726;73.7;25;Paraíba;9610;2013;41125;Ensino médio
Indicador  4.c.1;1726;68.0;25;Paraíba;9610;2014;41122;Educação infantil
Indicador  4.c.1;1726;83.2;25;Paraíba;9610;2014;41123;Ensino fundamental - anos iniciais
Indicador  4.c.1;1726;60.0;25;Paraíba;9610;2014;41124;Ensino fundamental - anos finais
Indicador  4.c.1;1726;73.7;25;Paraíba;9610;2014;41125;Ensino médio
Indicador  4.c.1;1726;68.6;25;Paraíba;9610;2015;41122;Educação infantil
Indicador  4.c.1;1726;83.1;25;Paraíba;9610;2015;41123;Ensino fundamental - anos iniciais
Indicador  4.c.1;1726;61.3;25;Paraíba;9610;2015;41124;Ensino fundamental - anos finais
Indicador  4.c.1;1726;75.5;25;Paraíba;9610;2015;41125;Ensino médio
Indicador  4.c.1;1726;68.9;25;Paraíba;9610;2016;41122;Educação infantil
Indicador  4.c.1;1726;83.5;25;Paraíba;9610;2016;41123;Ensino fundamental - anos iniciais
Indicador  4.c.1;1726;63.4;25;Paraíba;9610;2016;41124;Ensino fundamental - anos finais
Indicador  4.c.1;1726;76.3;25;Paraíba;9610;2016;41125;Ensino médio
Indicador  4.c.1;1726;68.8;25;Paraíba;9610;2017;41122;Educação infantil
Indicador  4.c.1;1726;82.8;25;Paraíba;9610;2017;41123;Ensino fundamental - anos iniciais
Indicador  4.c.1;1726;64.2;25;Paraíba;9610;2017;41124;Ensino fundamental - anos finais
Indicador  4.c.1;1726;76.5;25;Paraíba;9610;2017;41125;Ensino médio
Indicador  4.c.1;1726;68.8;25;Paraíba;9610;2018;41122;Educação infantil
Indicador  4.c.1;1726;83.3;25;Paraíba;9610;2018;41123;Ensino fundamental - anos iniciais
Indicador  4.c.1;1726;65.2;25;Paraíba;9610;2018;41124;Ensino fundamental - anos finais
Indicador  4.c.1;1726;76.8;25;Paraíba;9610;2018;41125;Ensino médio
Indicador  4.c.1;1726;74.8;25;Paraíba;9610;2019;41122;Educação infantil
Indicador  4.c.1;1726;85.9;25;Paraíba;9610;2019;41123;Ensino fundamental - anos iniciais
Indicador  4.c.1;1726;69.8;25;Paraíba;9610;2019;41124;Ensino fundamental - anos finais
Indicador  4.c.1;1726;78.5;25;Paraíba;9610;2019;41125;Ensino médio
Indicador  4.c.1;1726;76.2;25;Paraíba;9610;2020;41122;Educação infantil
Indicador  4.c.1;1726;87.1;25;Paraíba;9610;2020;41123;Ensino fundamental - anos iniciais
Indicador  4.c.1;1726;73.1;25;Paraíba;9610;2020;41124;Ensino fundamental - anos finais
Indicador  4.c.1;1726;83.2;25;Paraíba;9610;2020;41125;Ensino médio
Indicador  4.c.1;1726;74.8;25;Paraíba;9610;2021;41122;Educação infantil
Indicador  4.c.1;1726;87.6;25;Paraíba;9610;2021;41123;Ensino fundamental - anos iniciais
Indicador  4.c.1;1726;73.1;25;Paraíba;9610;2021;41124;Ensino fundamental - anos finais
Indicador  4.c.1;1726;83.2;25;Paraíba;9610;2021;41125;Ensino médio
Indicador  4.c.1;1726;78.1;25;Paraíba;9610;2022;41122;Educação infantil
Indicador  4.c.1;1726;89.7;25;Paraíba;9610;2022;41123;Ensino fundamental - anos iniciais
Indicador  4.c.1;1726;73.5;25;Paraíba;9610;2022;41124;Ensino fundamental - anos finais
Indicador  4.c.1;1726;83.8;25;Paraíba;9610;2022;41125;Ensino médio
Indicador  4.c.1;1726;72.5;26;Pernambuco;9610;2007;41122;Educação infantil
Indicador  4.c.1;1726;85.1;26;Pernambuco;9610;2007;41123;Ensino fundamental - anos iniciais
Indicador  4.c.1;1726;52.1;26;Pernambuco;9610;2007;41124;Ensino fundamental - anos finais
Indicador  4.c.1;1726;63.1;26;Pernambuco;9610;2007;41125;Ensino médio
Indicador  4.c.1;1726;80.2;26;Pernambuco;9610;2008;41122;Educação infantil
Indicador  4.c.1;1726;93.1;26;Pernambuco;9610;2008;41123;Ensino fundamental - anos iniciais
Indicador  4.c.1;1726;66.4;26;Pernambuco;9610;2008;41124;Ensino fundamental - anos finais
Indicador  4.c.1;1726;83.0;26;Pernambuco;9610;2008;41125;Ensino médio
Indicador  4.c.1;1726;79.8;26;Pernambuco;9610;2009;41122;Educação infantil
Indicador  4.c.1;1726;92.3;26;Pernambuco;9610;2009;41123;Ensino fundamental - anos iniciais
Indicador  4.c.1;1726;65.1;26;Pernambuco;9610;2009;41124;Ensino fundamental - anos finais
Indicador  4.c.1;1726;81.8;26;Pernambuco;9610;2009;41125;Ensino médio
Indicador  4.c.1;1726;79.6;26;Pernambuco;9610;2010;41122;Educação infantil
Indicador  4.c.1;1726;92.4;26;Pernambuco;9610;2010;41123;Ensino fundamental - anos iniciais
Indicador  4.c.1;1726;65.0;26;Pernambuco;9610;2010;41124;Ensino fundamental - anos finais
Indicador  4.c.1;1726;81.4;26;Pernambuco;9610;2010;41125;Ensino médio
Indicador  4.c.1;1726;74.2;26;Pernambuco;9610;2011;41122;Educação infantil
Indicador  4.c.1;1726;88.9;26;Pernambuco;9610;2011;41123;Ensino fundamental - anos iniciais
Indicador  4.c.1;1726;65.8;26;Pernambuco;9610;2011;41124;Ensino fundamental - anos finais
Indicador  4.c.1;1726;81.4;26;Pernambuco;9610;2011;41125;Ensino médio
Indicador  4.c.1;1726;70.6;26;Pernambuco;9610;2012;41122;Educação infantil
Indicador  4.c.1;1726;85.9;26;Pernambuco;9610;2012;41123;Ensino fundamental - anos iniciais
Indicador  4.c.1;1726;65.9;26;Pernambuco;9610;2012;41124;Ensino fundamental - anos finais
Indicador  4.c.1;1726;82.0;26;Pernambuco;9610;2012;41125;Ensino médio
Indicador  4.c.1;1726;68.8;26;Pernambuco;9610;2013;41122;Educação infantil
Indicador  4.c.1;1726;84.1;26;Pernambuco;9610;2013;41123;Ensino fundamental - anos iniciais
Indicador  4.c.1;1726;66.7;26;Pernambuco;9610;2013;41124;Ensino fundamental - anos finais
Indicador  4.c.1;1726;83.1;26;Pernambuco;9610;2013;41125;Ensino médio
Indicador  4.c.1;1726;67.1;26;Pernambuco;9610;2014;41122;Educação infantil
Indicador  4.c.1;1726;82.7;26;Pernambuco;9610;2014;41123;Ensino fundamental - anos iniciais
Indicador  4.c.1;1726;66.8;26;Pernambuco;9610;2014;41124;Ensino fundamental - anos finais
Indicador  4.c.1;1726;83.5;26;Pernambuco;9610;2014;41125;Ensino médio
Indicador  4.c.1;1726;66.5;26;Pernambuco;9610;2015;41122;Educação infantil
Indicador  4.c.1;1726;82.4;26;Pernambuco;9610;2015;41123;Ensino fundamental - anos iniciais
Indicador  4.c.1;1726;65.5;26;Pernambuco;9610;2015;41124;Ensino fundamental - anos finais
Indicador  4.c.1;1726;82.6;26;Pernambuco;9610;2015;41125;Ensino médio
Indicador  4.c.1;1726;66.4;26;Pernambuco;9610;2016;41122;Educação infantil
Indicador  4.c.1;1726;82.2;26;Pernambuco;9610;2016;41123;Ensino fundamental - anos iniciais
Indicador  4.c.1;1726;66.2;26;Pernambuco;9610;2016;41124;Ensino fundamental - anos finais
Indicador  4.c.1;1726;82.7;26;Pernambuco;9610;2016;41125;Ensino médio
Indicador  4.c.1;1726;67.5;26;Pernambuco;9610;2017;41122;Educação infantil
Indicador  4.c.1;1726;82.6;26;Pernambuco;9610;2017;41123;Ensino fundamental - anos iniciais
Indicador  4.c.1;1726;66.6;26;Pernambuco;9610;2017;41124;Ensino fundamental - anos finais
Indicador  4.c.1;1726;82.7;26;Pernambuco;9610;2017;41125;Ensino médio
Indicador  4.c.1;1726;66.8;26;Pernambuco;9610;2018;41122;Educação infantil
Indicador  4.c.1;1726;82.2;26;Pernambuco;9610;2018;41123;Ensino fundamental - anos iniciais
Indicador  4.c.1;1726;67.1;26;Pernambuco;9610;2018;41124;Ensino fundamental - anos finais
Indicador  4.c.1;1726;82.4;26;Pernambuco;9610;2018;41125;Ensino médio
Indicador  4.c.1;1726;78.4;26;Pernambuco;9610;2019;41122;Educação infantil
Indicador  4.c.1;1726;88.2;26;Pernambuco;9610;2019;41123;Ensino fundamental - anos iniciais
Indicador  4.c.1;1726;72.5;26;Pernambuco;9610;2019;41124;Ensino fundamental - anos finais
Indicador  4.c.1;1726;84.3;26;Pernambuco;9610;2019;41125;Ensino médio
Indicador  4.c.1;1726;80.2;26;Pernambuco;9610;2020;41122;Educação infantil
Indicador  4.c.1;1726;88.7;26;Pernambuco;9610;2020;41123;Ensino fundamental - anos iniciais
Indicador  4.c.1;1726;72.8;26;Pernambuco;9610;2020;41124;Ensino fundamental - anos finais
Indicador  4.c.1;1726;85.4;26;Pernambuco;9610;2020;41125;Ensino médio
Indicador  4.c.1;1726;80.9;26;Pernambuco;9610;2021;41122;Educação infantil
Indicador  4.c.1;1726;89.0;26;Pernambuco;9610;2021;41123;Ensino fundamental - anos iniciais
Indicador  4.c.1;1726;74.1;26;Pernambuco;9610;2021;41124;Ensino fundamental - anos finais
Indicador  4.c.1;1726;86.5;26;Pernambuco;9610;2021;41125;Ensino médio
Indicador  4.c.1;1726;84.1;26;Pernambuco;9610;2022;41122;Educação infantil
Indicador  4.c.1;1726;91.7;26;Pernambuco;9610;2022;41123;Ensino fundamental - anos iniciais
Indicador  4.c.1;1726;75.4;26;Pernambuco;9610;2022;41124;Ensino fundamental - anos finais
Indicador  4.c.1;1726;88.1;26;Pernambuco;9610;2022;41125;Ensino médio
Indicador  4.c.1;1726;76.2;27;Alagoas;9610;2007;41122;Educação infantil
Indicador  4.c.1;1726;90.6;27;Alagoas;9610;2007;41123;Ensino fundamental - anos iniciais
Indicador  4.c.1;1726;51.7;27;Alagoas;9610;2007;41124;Ensino fundamental - anos finais
Indicador  4.c.1;1726;77.1;27;Alagoas;9610;2007;41125;Ensino médio
Indicador  4.c.1;1726;79.7;27;Alagoas;9610;2008;41122;Educação infantil
Indicador  4.c.1;1726;92.0;27;Alagoas;9610;2008;41123;Ensino fundamental - anos iniciais
Indicador  4.c.1;1726;50.5;27;Alagoas;9610;2008;41124;Ensino fundamental - anos finais
Indicador  4.c.1;1726;73.5;27;Alagoas;9610;2008;41125;Ensino médio
Indicador  4.c.1;1726;79.8;27;Alagoas;9610;2009;41122;Educação infantil
Indicador  4.c.1;1726;91.5;27;Alagoas;9610;2009;41123;Ensino fundamental - anos iniciais
Indicador  4.c.1;1726;50.0;27;Alagoas;9610;2009;41124;Ensino fundamental - anos finais
Indicador  4.c.1;1726;72.3;27;Alagoas;9610;2009;41125;Ensino médio
Indicador  4.c.1;1726;77.8;27;Alagoas;9610;2010;41122;Educação infantil
Indicador  4.c.1;1726;88.8;27;Alagoas;9610;2010;41123;Ensino fundamental - anos iniciais
Indicador  4.c.1;1726;47.9;27;Alagoas;9610;2010;41124;Ensino fundamental - anos finais
Indicador  4.c.1;1726;69.4;27;Alagoas;9610;2010;41125;Ensino médio
Indicador  4.c.1;1726;73.6;27;Alagoas;9610;2011;41122;Educação infantil
Indicador  4.c.1;1726;84.4;27;Alagoas;9610;2011;41123;Ensino fundamental - anos iniciais
Indicador  4.c.1;1726;51.2;27;Alagoas;9610;2011;41124;Ensino fundamental - anos finais
Indicador  4.c.1;1726;69.4;27;Alagoas;9610;2011;41125;Ensino médio
Indicador  4.c.1;1726;69.5;27;Alagoas;9610;2012;41122;Educação infantil
Indicador  4.c.1;1726;81.0;27;Alagoas;9610;2012;41123;Ensino fundamental - anos iniciais
Indicador  4.c.1;1726;51.5;27;Alagoas;9610;2012;41124;Ensino fundamental - anos finais
Indicador  4.c.1;1726;69.3;27;Alagoas;9610;2012;41125;Ensino médio
Indicador  4.c.1;1726;66.1;27;Alagoas;9610;2013;41122;Educação infantil
Indicador  4.c.1;1726;78.6;27;Alagoas;9610;2013;41123;Ensino fundamental - anos iniciais
Indicador  4.c.1;1726;53.1;27;Alagoas;9610;2013;41124;Ensino fundamental - anos finais
Indicador  4.c.1;1726;64.9;27;Alagoas;9610;2013;41125;Ensino médio
Indicador  4.c.1;1726;64.1;27;Alagoas;9610;2014;41122;Educação infantil
Indicador  4.c.1;1726;77.1;27;Alagoas;9610;2014;41123;Ensino fundamental - anos iniciais
Indicador  4.c.1;1726;54.6;27;Alagoas;9610;2014;41124;Ensino fundamental - anos finais
Indicador  4.c.1;1726;67.1;27;Alagoas;9610;2014;41125;Ensino médio
Indicador  4.c.1;1726;62.9;27;Alagoas;9610;2015;41122;Educação infantil
Indicador  4.c.1;1726;77.5;27;Alagoas;9610;2015;41123;Ensino fundamental - anos iniciais
Indicador  4.c.1;1726;55.4;27;Alagoas;9610;2015;41124;Ensino fundamental - anos finais
Indicador  4.c.1;1726;68.9;27;Alagoas;9610;2015;41125;Ensino médio
Indicador  4.c.1;1726;62.3;27;Alagoas;9610;2016;41122;Educação infantil
Indicador  4.c.1;1726;77.0;27;Alagoas;9610;2016;41123;Ensino fundamental - anos iniciais
Indicador  4.c.1;1726;56.5;27;Alagoas;9610;2016;41124;Ensino fundamental - anos finais
Indicador  4.c.1;1726;71.9;27;Alagoas;9610;2016;41125;Ensino médio
Indicador  4.c.1;1726;64.0;27;Alagoas;9610;2017;41122;Educação infantil
Indicador  4.c.1;1726;77.2;27;Alagoas;9610;2017;41123;Ensino fundamental - anos iniciais
Indicador  4.c.1;1726;57.0;27;Alagoas;9610;2017;41124;Ensino fundamental - anos finais
Indicador  4.c.1;1726;72.5;27;Alagoas;9610;2017;41125;Ensino médio
Indicador  4.c.1;1726;63.1;27;Alagoas;9610;2018;41122;Educação infantil
Indicador  4.c.1;1726;76.9;27;Alagoas;9610;2018;41123;Ensino fundamental - anos iniciais
Indicador  4.c.1;1726;58.2;27;Alagoas;9610;2018;41124;Ensino fundamental - anos finais
Indicador  4.c.1;1726;73.2;27;Alagoas;9610;2018;41125;Ensino médio
Indicador  4.c.1;1726;75.3;27;Alagoas;9610;2019;41122;Educação infantil
Indicador  4.c.1;1726;85.4;27;Alagoas;9610;2019;41123;Ensino fundamental - anos iniciais
Indicador  4.c.1;1726;64.8;27;Alagoas;9610;2019;41124;Ensino fundamental - anos finais
Indicador  4.c.1;1726;79.4;27;Alagoas;9610;2019;41125;Ensino médio
Indicador  4.c.1;1726;78.1;27;Alagoas;9610;2020;41122;Educação infantil
Indicador  4.c.1;1726;86.5;27;Alagoas;9610;2020;41123;Ensino fundamental - anos iniciais
Indicador  4.c.1;1726;67.0;27;Alagoas;9610;2020;41124;Ensino fundamental - anos finais
Indicador  4.c.1;1726;80.4;27;Alagoas;9610;2020;41125;Ensino médio
Indicador  4.c.1;1726;78.7;27;Alagoas;9610;2021;41122;Educação infantil
Indicador  4.c.1;1726;86.4;27;Alagoas;9610;2021;41123;Ensino fundamental - anos iniciais
Indicador  4.c.1;1726;67.5;27;Alagoas;9610;2021;41124;Ensino fundamental - anos finais
Indicador  4.c.1;1726;80.0;27;Alagoas;9610;2021;41125;Ensino médio
Indicador  4.c.1;1726;78.9;27;Alagoas;9610;2022;41122;Educação infantil
Indicador  4.c.1;1726;87.7;27;Alagoas;9610;2022;41123;Ensino fundamental - anos iniciais
Indicador  4.c.1;1726;71.4;27;Alagoas;9610;2022;41124;Ensino fundamental - anos finais
Indicador  4.c.1;1726;86.3;27;Alagoas;9610;2022;41125;Ensino médio
Indicador  4.c.1;1726;73.8;28;Sergipe;9610;2007;41122;Educação infantil
Indicador  4.c.1;1726;83.8;28;Sergipe;9610;2007;41123;Ensino fundamental - anos iniciais
Indicador  4.c.1;1726;53.0;28;Sergipe;9610;2007;41124;Ensino fundamental - anos finais
Indicador  4.c.1;1726;81.6;28;Sergipe;9610;2007;41125;Ensino médio
Indicador  4.c.1;1726;80.5;28;Sergipe;9610;2008;41122;Educação infantil
Indicador  4.c.1;1726;90.0;28;Sergipe;9610;2008;41123;Ensino fundamental - anos iniciais
Indicador  4.c.1;1726;55.4;28;Sergipe;9610;2008;41124;Ensino fundamental - anos finais
Indicador  4.c.1;1726;79.6;28;Sergipe;9610;2008;41125;Ensino médio
Indicador  4.c.1;1726;79.8;28;Sergipe;9610;2009;41122;Educação infantil
Indicador  4.c.1;1726;90.4;28;Sergipe;9610;2009;41123;Ensino fundamental - anos iniciais
Indicador  4.c.1;1726;56.3;28;Sergipe;9610;2009;41124;Ensino fundamental - anos finais
Indicador  4.c.1;1726;79.5;28;Sergipe;9610;2009;41125;Ensino médio
Indicador  4.c.1;1726;81.2;28;Sergipe;9610;2010;41122;Educação infantil
Indicador  4.c.1;1726;90.4;28;Sergipe;9610;2010;41123;Ensino fundamental - anos iniciais
Indicador  4.c.1;1726;56.7;28;Sergipe;9610;2010;41124;Ensino fundamental - anos finais
Indicador  4.c.1;1726;76.2;28;Sergipe;9610;2010;41125;Ensino médio
Indicador  4.c.1;1726;77.6;28;Sergipe;9610;2011;41122;Educação infantil
Indicador  4.c.1;1726;89.5;28;Sergipe;9610;2011;41123;Ensino fundamental - anos iniciais
Indicador  4.c.1;1726;64.2;28;Sergipe;9610;2011;41124;Ensino fundamental - anos finais
Indicador  4.c.1;1726;84.7;28;Sergipe;9610;2011;41125;Ensino médio
Indicador  4.c.1;1726;76.1;28;Sergipe;9610;2012;41122;Educação infantil
Indicador  4.c.1;1726;89.6;28;Sergipe;9610;2012;41123;Ensino fundamental - anos iniciais
Indicador  4.c.1;1726;66.0;28;Sergipe;9610;2012;41124;Ensino fundamental - anos finais
Indicador  4.c.1;1726;87.0;28;Sergipe;9610;2012;41125;Ensino médio
Indicador  4.c.1;1726;73.4;28;Sergipe;9610;2013;41122;Educação infantil
Indicador  4.c.1;1726;88.0;28;Sergipe;9610;2013;41123;Ensino fundamental - anos iniciais
Indicador  4.c.1;1726;68.0;28;Sergipe;9610;2013;41124;Ensino fundamental - anos finais
Indicador  4.c.1;1726;87.4;28;Sergipe;9610;2013;41125;Ensino médio
Indicador  4.c.1;1726;70.8;28;Sergipe;9610;2014;41122;Educação infantil
Indicador  4.c.1;1726;86.8;28;Sergipe;9610;2014;41123;Ensino fundamental - anos iniciais
Indicador  4.c.1;1726;68.7;28;Sergipe;9610;2014;41124;Ensino fundamental - anos finais
Indicador  4.c.1;1726;88.2;28;Sergipe;9610;2014;41125;Ensino médio
Indicador  4.c.1;1726;70.3;28;Sergipe;9610;2015;41122;Educação infantil
Indicador  4.c.1;1726;87.1;28;Sergipe;9610;2015;41123;Ensino fundamental - anos iniciais
Indicador  4.c.1;1726;71.0;28;Sergipe;9610;2015;41124;Ensino fundamental - anos finais
Indicador  4.c.1;1726;86.7;28;Sergipe;9610;2015;41125;Ensino médio
Indicador  4.c.1;1726;71.1;28;Sergipe;9610;2016;41122;Educação infantil
Indicador  4.c.1;1726;87.5;28;Sergipe;9610;2016;41123;Ensino fundamental - anos iniciais
Indicador  4.c.1;1726;72.2;28;Sergipe;9610;2016;41124;Ensino fundamental - anos finais
Indicador  4.c.1;1726;87.1;28;Sergipe;9610;2016;41125;Ensino médio
Indicador  4.c.1;1726;71.0;28;Sergipe;9610;2017;41122;Educação infantil
Indicador  4.c.1;1726;87.1;28;Sergipe;9610;2017;41123;Ensino fundamental - anos iniciais
Indicador  4.c.1;1726;73.4;28;Sergipe;9610;2017;41124;Ensino fundamental - anos finais
Indicador  4.c.1;1726;87.9;28;Sergipe;9610;2017;41125;Ensino médio
Indicador  4.c.1;1726;70.4;28;Sergipe;9610;2018;41122;Educação infantil
Indicador  4.c.1;1726;87.2;28;Sergipe;9610;2018;41123;Ensino fundamental - anos iniciais
Indicador  4.c.1;1726;74.7;28;Sergipe;9610;2018;41124;Ensino fundamental - anos finais
Indicador  4.c.1;1726;87.9;28;Sergipe;9610;2018;41125;Ensino médio
Indicador  4.c.1;1726;75.8;28;Sergipe;9610;2019;41122;Educação infantil
Indicador  4.c.1;1726;87.6;28;Sergipe;9610;2019;41123;Ensino fundamental - anos iniciais
Indicador  4.c.1;1726;79.2;28;Sergipe;9610;2019;41124;Ensino fundamental - anos finais
Indicador  4.c.1;1726;89.2;28;Sergipe;9610;2019;41125;Ensino médio
Indicador  4.c.1;1726;78.9;28;Sergipe;9610;2020;41122;Educação infantil
Indicador  4.c.1;1726;90.8;28;Sergipe;9610;2020;41123;Ensino fundamental - anos iniciais
Indicador  4.c.1;1726;81.6;28;Sergipe;9610;2020;41124;Ensino fundamental - anos finais
Indicador  4.c.1;1726;91.2;28;Sergipe;9610;2020;41125;Ensino médio
Indicador  4.c.1;1726;81.7;28;Sergipe;9610;2021;41122;Educação infantil
Indicador  4.c.1;1726;92.1;28;Sergipe;9610;2021;41123;Ensino fundamental - anos iniciais
Indicador  4.c.1;1726;82.9;28;Sergipe;9610;2021;41124;Ensino fundamental - anos finais
Indicador  4.c.1;1726;91.7;28;Sergipe;9610;2021;41125;Ensino médio
Indicador  4.c.1;1726;82.7;28;Sergipe;9610;2022;41122;Educação infantil
Indicador  4.c.1;1726;93.1;28;Sergipe;9610;2022;41123;Ensino fundamental - anos iniciais
Indicador  4.c.1;1726;83.4;28;Sergipe;9610;2022;41124;Ensino fundamental - anos finais
Indicador  4.c.1;1726;93.4;28;Sergipe;9610;2022;41125;Ensino médio
Indicador  4.c.1;1726;82.1;29;Bahia;9610;2007;41122;Educação infantil
Indicador  4.c.1;1726;86.2;29;Bahia;9610;2007;41123;Ensino fundamental - anos iniciais
Indicador  4.c.1;1726;28.6;29;Bahia;9610;2007;41124;Ensino fundamental - anos finais
Indicador  4.c.1;1726;60.4;29;Bahia;9610;2007;41125;Ensino médio
Indicador  4.c.1;1726;85.4;29;Bahia;9610;2008;41122;Educação infantil
Indicador  4.c.1;1726;90.2;29;Bahia;9610;2008;41123;Ensino fundamental - anos iniciais
Indicador  4.c.1;1726;29.9;29;Bahia;9610;2008;41124;Ensino fundamental - anos finais
Indicador  4.c.1;1726;58.4;29;Bahia;9610;2008;41125;Ensino médio
Indicador  4.c.1;1726;84.4;29;Bahia;9610;2009;41122;Educação infantil
Indicador  4.c.1;1726;89.5;29;Bahia;9610;2009;41123;Ensino fundamental - anos iniciais
Indicador  4.c.1;1726;32.2;29;Bahia;9610;2009;41124;Ensino fundamental - anos finais
Indicador  4.c.1;1726;59.3;29;Bahia;9610;2009;41125;Ensino médio
Indicador  4.c.1;1726;82.6;29;Bahia;9610;2010;41122;Educação infantil
Indicador  4.c.1;1726;87.2;29;Bahia;9610;2010;41123;Ensino fundamental - anos iniciais
Indicador  4.c.1;1726;34.2;29;Bahia;9610;2010;41124;Ensino fundamental - anos finais
Indicador  4.c.1;1726;57.4;29;Bahia;9610;2010;41125;Ensino médio
Indicador  4.c.1;1726;76.4;29;Bahia;9610;2011;41122;Educação infantil
Indicador  4.c.1;1726;82.4;29;Bahia;9610;2011;41123;Ensino fundamental - anos iniciais
Indicador  4.c.1;1726;38.4;29;Bahia;9610;2011;41124;Ensino fundamental - anos finais
Indicador  4.c.1;1726;62.3;29;Bahia;9610;2011;41125;Ensino médio
Indicador  4.c.1;1726;71.0;29;Bahia;9610;2012;41122;Educação infantil
Indicador  4.c.1;1726;79.2;29;Bahia;9610;2012;41123;Ensino fundamental - anos iniciais
Indicador  4.c.1;1726;43.0;29;Bahia;9610;2012;41124;Ensino fundamental - anos finais
Indicador  4.c.1;1726;64.2;29;Bahia;9610;2012;41125;Ensino médio
Indicador  4.c.1;1726;68.0;29;Bahia;9610;2013;41122;Educação infantil
Indicador  4.c.1;1726;79.2;29;Bahia;9610;2013;41123;Ensino fundamental - anos iniciais
Indicador  4.c.1;1726;48.5;29;Bahia;9610;2013;41124;Ensino fundamental - anos finais
Indicador  4.c.1;1726;71.9;29;Bahia;9610;2013;41125;Ensino médio
Indicador  4.c.1;1726;66.5;29;Bahia;9610;2014;41122;Educação infantil
Indicador  4.c.1;1726;78.1;29;Bahia;9610;2014;41123;Ensino fundamental - anos iniciais
Indicador  4.c.1;1726;51.2;29;Bahia;9610;2014;41124;Ensino fundamental - anos finais
Indicador  4.c.1;1726;73.7;29;Bahia;9610;2014;41125;Ensino médio
Indicador  4.c.1;1726;66.3;29;Bahia;9610;2015;41122;Educação infantil
Indicador  4.c.1;1726;78.4;29;Bahia;9610;2015;41123;Ensino fundamental - anos iniciais
Indicador  4.c.1;1726;52.5;29;Bahia;9610;2015;41124;Ensino fundamental - anos finais
Indicador  4.c.1;1726;73.4;29;Bahia;9610;2015;41125;Ensino médio
Indicador  4.c.1;1726;65.7;29;Bahia;9610;2016;41122;Educação infantil
Indicador  4.c.1;1726;77.4;29;Bahia;9610;2016;41123;Ensino fundamental - anos iniciais
Indicador  4.c.1;1726;53.9;29;Bahia;9610;2016;41124;Ensino fundamental - anos finais
Indicador  4.c.1;1726;78.8;29;Bahia;9610;2016;41125;Ensino médio
Indicador  4.c.1;1726;65.9;29;Bahia;9610;2017;41122;Educação infantil
Indicador  4.c.1;1726;77.5;29;Bahia;9610;2017;41123;Ensino fundamental - anos iniciais
Indicador  4.c.1;1726;54.7;29;Bahia;9610;2017;41124;Ensino fundamental - anos finais
Indicador  4.c.1;1726;78.6;29;Bahia;9610;2017;41125;Ensino médio
Indicador  4.c.1;1726;66.5;29;Bahia;9610;2018;41122;Educação infantil
Indicador  4.c.1;1726;78.7;29;Bahia;9610;2018;41123;Ensino fundamental - anos iniciais
Indicador  4.c.1;1726;56.2;29;Bahia;9610;2018;41124;Ensino fundamental - anos finais
Indicador  4.c.1;1726;79.8;29;Bahia;9610;2018;41125;Ensino médio
Indicador  4.c.1;1726;77.3;29;Bahia;9610;2019;41122;Educação infantil
Indicador  4.c.1;1726;86.8;29;Bahia;9610;2019;41123;Ensino fundamental - anos iniciais
Indicador  4.c.1;1726;58.8;29;Bahia;9610;2019;41124;Ensino fundamental - anos finais
Indicador  4.c.1;1726;77.1;29;Bahia;9610;2019;41125;Ensino médio
Indicador  4.c.1;1726;79.7;29;Bahia;9610;2020;41122;Educação infantil
Indicador  4.c.1;1726;87.5;29;Bahia;9610;2020;41123;Ensino fundamental - anos iniciais
Indicador  4.c.1;1726;57.0;29;Bahia;9610;2020;41124;Ensino fundamental - anos finais
Indicador  4.c.1;1726;70.4;29;Bahia;9610;2020;41125;Ensino médio
Indicador  4.c.1;1726;82.3;29;Bahia;9610;2021;41122;Educação infantil
Indicador  4.c.1;1726;88.2;29;Bahia;9610;2021;41123;Ensino fundamental - anos iniciais
Indicador  4.c.1;1726;58.8;29;Bahia;9610;2021;41124;Ensino fundamental - anos finais
Indicador  4.c.1;1726;71.7;29;Bahia;9610;2021;41125;Ensino médio
Indicador  4.c.1;1726;82.2;29;Bahia;9610;2022;41122;Educação infantil
Indicador  4.c.1;1726;89.0;29;Bahia;9610;2022;41123;Ensino fundamental - anos iniciais
Indicador  4.c.1;1726;61.9;29;Bahia;9610;2022;41124;Ensino fundamental - anos finais
Indicador  4.c.1;1726;78.1;29;Bahia;9610;2022;41125;Ensino médio
Indicador  4.c.1;1726;58.9;31;Minas Gerais;9610;2007;41122;Educação infantil
Indicador  4.c.1;1726;89.9;31;Minas Gerais;9610;2007;41123;Ensino fundamental - anos iniciais
Indicador  4.c.1;1726;77.0;31;Minas Gerais;9610;2007;41124;Ensino fundamental - anos finais
Indicador  4.c.1;1726;84.6;31;Minas Gerais;9610;2007;41125;Ensino médio
Indicador  4.c.1;1726;75.9;31;Minas Gerais;9610;2008;41122;Educação infantil
Indicador  4.c.1;1726;94.9;31;Minas Gerais;9610;2008;41123;Ensino fundamental - anos iniciais
Indicador  4.c.1;1726;74.4;31;Minas Gerais;9610;2008;41124;Ensino fundamental - anos finais
Indicador  4.c.1;1726;84.1;31;Minas Gerais;9610;2008;41125;Ensino médio
Indicador  4.c.1;1726;75.9;31;Minas Gerais;9610;2009;41122;Educação infantil
Indicador  4.c.1;1726;94.6;31;Minas Gerais;9610;2009;41123;Ensino fundamental - anos iniciais
Indicador  4.c.1;1726;75.2;31;Minas Gerais;9610;2009;41124;Ensino fundamental - anos finais
Indicador  4.c.1;1726;84.4;31;Minas Gerais;9610;2009;41125;Ensino médio
Indicador  4.c.1;1726;75.3;31;Minas Gerais;9610;2010;41122;Educação infantil
Indicador  4.c.1;1726;91.5;31;Minas Gerais;9610;2010;41123;Ensino fundamental - anos iniciais
Indicador  4.c.1;1726;76.4;31;Minas Gerais;9610;2010;41124;Ensino fundamental - anos finais
Indicador  4.c.1;1726;84.4;31;Minas Gerais;9610;2010;41125;Ensino médio
Indicador  4.c.1;1726;74.2;31;Minas Gerais;9610;2011;41122;Educação infantil
Indicador  4.c.1;1726;92.0;31;Minas Gerais;9610;2011;41123;Ensino fundamental - anos iniciais
Indicador  4.c.1;1726;78.1;31;Minas Gerais;9610;2011;41124;Ensino fundamental - anos finais
Indicador  4.c.1;1726;84.1;31;Minas Gerais;9610;2011;41125;Ensino médio
Indicador  4.c.1;1726;74.6;31;Minas Gerais;9610;2012;41122;Educação infantil
Indicador  4.c.1;1726;92.4;31;Minas Gerais;9610;2012;41123;Ensino fundamental - anos iniciais
Indicador  4.c.1;1726;77.6;31;Minas Gerais;9610;2012;41124;Ensino fundamental - anos finais
Indicador  4.c.1;1726;84.5;31;Minas Gerais;9610;2012;41125;Ensino médio
Indicador  4.c.1;1726;74.7;31;Minas Gerais;9610;2013;41122;Educação infantil
Indicador  4.c.1;1726;92.1;31;Minas Gerais;9610;2013;41123;Ensino fundamental - anos iniciais
Indicador  4.c.1;1726;77.2;31;Minas Gerais;9610;2013;41124;Ensino fundamental - anos finais
Indicador  4.c.1;1726;82.1;31;Minas Gerais;9610;2013;41125;Ensino médio
Indicador  4.c.1;1726;74.8;31;Minas Gerais;9610;2014;41122;Educação infantil
Indicador  4.c.1;1726;92.8;31;Minas Gerais;9610;2014;41123;Ensino fundamental - anos iniciais
Indicador  4.c.1;1726;78.7;31;Minas Gerais;9610;2014;41124;Ensino fundamental - anos finais
Indicador  4.c.1;1726;83.2;31;Minas Gerais;9610;2014;41125;Ensino médio
Indicador  4.c.1;1726;74.5;31;Minas Gerais;9610;2015;41122;Educação infantil
Indicador  4.c.1;1726;92.7;31;Minas Gerais;9610;2015;41123;Ensino fundamental - anos iniciais
Indicador  4.c.1;1726;77.7;31;Minas Gerais;9610;2015;41124;Ensino fundamental - anos finais
Indicador  4.c.1;1726;81.0;31;Minas Gerais;9610;2015;41125;Ensino médio
Indicador  4.c.1;1726;75.0;31;Minas Gerais;9610;2016;41122;Educação infantil
Indicador  4.c.1;1726;92.9;31;Minas Gerais;9610;2016;41123;Ensino fundamental - anos iniciais
Indicador  4.c.1;1726;78.0;31;Minas Gerais;9610;2016;41124;Ensino fundamental - anos finais
Indicador  4.c.1;1726;79.3;31;Minas Gerais;9610;2016;41125;Ensino médio
Indicador  4.c.1;1726;75.4;31;Minas Gerais;9610;2017;41122;Educação infantil
Indicador  4.c.1;1726;93.0;31;Minas Gerais;9610;2017;41123;Ensino fundamental - anos iniciais
Indicador  4.c.1;1726;77.6;31;Minas Gerais;9610;2017;41124;Ensino fundamental - anos finais
Indicador  4.c.1;1726;80.8;31;Minas Gerais;9610;2017;41125;Ensino médio
Indicador  4.c.1;1726;74.7;31;Minas Gerais;9610;2018;41122;Educação infantil
Indicador  4.c.1;1726;93.2;31;Minas Gerais;9610;2018;41123;Ensino fundamental - anos iniciais
Indicador  4.c.1;1726;78.0;31;Minas Gerais;9610;2018;41124;Ensino fundamental - anos finais
Indicador  4.c.1;1726;81.2;31;Minas Gerais;9610;2018;41125;Ensino médio
Indicador  4.c.1;1726;80.3;31;Minas Gerais;9610;2019;41122;Educação infantil
Indicador  4.c.1;1726;94.0;31;Minas Gerais;9610;2019;41123;Ensino fundamental - anos iniciais
Indicador  4.c.1;1726;81.2;31;Minas Gerais;9610;2019;41124;Ensino fundamental - anos finais
Indicador  4.c.1;1726;84.2;31;Minas Gerais;9610;2019;41125;Ensino médio
Indicador  4.c.1;1726;82.2;31;Minas Gerais;9610;2020;41122;Educação infantil
Indicador  4.c.1;1726;95.0;31;Minas Gerais;9610;2020;41123;Ensino fundamental - anos iniciais
Indicador  4.c.1;1726;83.5;31;Minas Gerais;9610;2020;41124;Ensino fundamental - anos finais
Indicador  4.c.1;1726;85.8;31;Minas Gerais;9610;2020;41125;Ensino médio
Indicador  4.c.1;1726;83.4;31;Minas Gerais;9610;2021;41122;Educação infantil
Indicador  4.c.1;1726;95.5;31;Minas Gerais;9610;2021;41123;Ensino fundamental - anos iniciais
Indicador  4.c.1;1726;84.4;31;Minas Gerais;9610;2021;41124;Ensino fundamental - anos finais
Indicador  4.c.1;1726;87.6;31;Minas Gerais;9610;2021;41125;Ensino médio
Indicador  4.c.1;1726;84.5;31;Minas Gerais;9610;2022;41122;Educação infantil
Indicador  4.c.1;1726;96.9;31;Minas Gerais;9610;2022;41123;Ensino fundamental - anos iniciais
Indicador  4.c.1;1726;85.2;31;Minas Gerais;9610;2022;41124;Ensino fundamental - anos finais
Indicador  4.c.1;1726;85.7;31;Minas Gerais;9610;2022;41125;Ensino médio
Indicador  4.c.1;1726;75.3;32;Espírito Santo;9610;2007;41122;Educação infantil
Indicador  4.c.1;1726;88.5;32;Espírito Santo;9610;2007;41123;Ensino fundamental - anos iniciais
Indicador  4.c.1;1726;61.6;32;Espírito Santo;9610;2007;41124;Ensino fundamental - anos finais
Indicador  4.c.1;1726;72.9;32;Espírito Santo;9610;2007;41125;Ensino médio
Indicador  4.c.1;1726;81.7;32;Espírito Santo;9610;2008;41122;Educação infantil
Indicador  4.c.1;1726;93.5;32;Espírito Santo;9610;2008;41123;Ensino fundamental - anos iniciais
Indicador  4.c.1;1726;60.3;32;Espírito Santo;9610;2008;41124;Ensino fundamental - anos finais
Indicador  4.c.1;1726;66.7;32;Espírito Santo;9610;2008;41125;Ensino médio
Indicador  4.c.1;1726;80.1;32;Espírito Santo;9610;2009;41122;Educação infantil
Indicador  4.c.1;1726;91.9;32;Espírito Santo;9610;2009;41123;Ensino fundamental - anos iniciais
Indicador  4.c.1;1726;61.5;32;Espírito Santo;9610;2009;41124;Ensino fundamental - anos finais
Indicador  4.c.1;1726;65.1;32;Espírito Santo;9610;2009;41125;Ensino médio
Indicador  4.c.1;1726;80.2;32;Espírito Santo;9610;2010;41122;Educação infantil
Indicador  4.c.1;1726;89.5;32;Espírito Santo;9610;2010;41123;Ensino fundamental - anos iniciais
Indicador  4.c.1;1726;62.3;32;Espírito Santo;9610;2010;41124;Ensino fundamental - anos finais
Indicador  4.c.1;1726;62.7;32;Espírito Santo;9610;2010;41125;Ensino médio
Indicador  4.c.1;1726;78.8;32;Espírito Santo;9610;2011;41122;Educação infantil
Indicador  4.c.1;1726;90.2;32;Espírito Santo;9610;2011;41123;Ensino fundamental - anos iniciais
Indicador  4.c.1;1726;67.0;32;Espírito Santo;9610;2011;41124;Ensino fundamental - anos finais
Indicador  4.c.1;1726;68.8;32;Espírito Santo;9610;2011;41125;Ensino médio
Indicador  4.c.1;1726;76.0;32;Espírito Santo;9610;2012;41122;Educação infantil
Indicador  4.c.1;1726;91.4;32;Espírito Santo;9610;2012;41123;Ensino fundamental - anos iniciais
Indicador  4.c.1;1726;68.5;32;Espírito Santo;9610;2012;41124;Ensino fundamental - anos finais
Indicador  4.c.1;1726;71.9;32;Espírito Santo;9610;2012;41125;Ensino médio
Indicador  4.c.1;1726;75.5;32;Espírito Santo;9610;2013;41122;Educação infantil
Indicador  4.c.1;1726;92.4;32;Espírito Santo;9610;2013;41123;Ensino fundamental - anos iniciais
Indicador  4.c.1;1726;71.0;32;Espírito Santo;9610;2013;41124;Ensino fundamental - anos finais
Indicador  4.c.1;1726;76.8;32;Espírito Santo;9610;2013;41125;Ensino médio
Indicador  4.c.1;1726;74.9;32;Espírito Santo;9610;2014;41122;Educação infantil
Indicador  4.c.1;1726;92.9;32;Espírito Santo;9610;2014;41123;Ensino fundamental - anos iniciais
Indicador  4.c.1;1726;72.1;32;Espírito Santo;9610;2014;41124;Ensino fundamental - anos finais
Indicador  4.c.1;1726;76.8;32;Espírito Santo;9610;2014;41125;Ensino médio
Indicador  4.c.1;1726;74.9;32;Espírito Santo;9610;2015;41122;Educação infantil
Indicador  4.c.1;1726;92.8;32;Espírito Santo;9610;2015;41123;Ensino fundamental - anos iniciais
Indicador  4.c.1;1726;73.2;32;Espírito Santo;9610;2015;41124;Ensino fundamental - anos finais
Indicador  4.c.1;1726;78.7;32;Espírito Santo;9610;2015;41125;Ensino médio
Indicador  4.c.1;1726;75.3;32;Espírito Santo;9610;2016;41122;Educação infantil
Indicador  4.c.1;1726;93.2;32;Espírito Santo;9610;2016;41123;Ensino fundamental - anos iniciais
Indicador  4.c.1;1726;73.5;32;Espírito Santo;9610;2016;41124;Ensino fundamental - anos finais
Indicador  4.c.1;1726;77.6;32;Espírito Santo;9610;2016;41125;Ensino médio
Indicador  4.c.1;1726;74.9;32;Espírito Santo;9610;2017;41122;Educação infantil
Indicador  4.c.1;1726;93.7;32;Espírito Santo;9610;2017;41123;Ensino fundamental - anos iniciais
Indicador  4.c.1;1726;75.1;32;Espírito Santo;9610;2017;41124;Ensino fundamental - anos finais
Indicador  4.c.1;1726;77.6;32;Espírito Santo;9610;2017;41125;Ensino médio
Indicador  4.c.1;1726;75.7;32;Espírito Santo;9610;2018;41122;Educação infantil
Indicador  4.c.1;1726;94.1;32;Espírito Santo;9610;2018;41123;Ensino fundamental - anos iniciais
Indicador  4.c.1;1726;75.6;32;Espírito Santo;9610;2018;41124;Ensino fundamental - anos finais
Indicador  4.c.1;1726;77.5;32;Espírito Santo;9610;2018;41125;Ensino médio
Indicador  4.c.1;1726;78.8;32;Espírito Santo;9610;2019;41122;Educação infantil
Indicador  4.c.1;1726;93.5;32;Espírito Santo;9610;2019;41123;Ensino fundamental - anos iniciais
Indicador  4.c.1;1726;75.7;32;Espírito Santo;9610;2019;41124;Ensino fundamental - anos finais
Indicador  4.c.1;1726;75.8;32;Espírito Santo;9610;2019;41125;Ensino médio
Indicador  4.c.1;1726;80.7;32;Espírito Santo;9610;2020;41122;Educação infantil
Indicador  4.c.1;1726;95.1;32;Espírito Santo;9610;2020;41123;Ensino fundamental - anos iniciais
Indicador  4.c.1;1726;78.8;32;Espírito Santo;9610;2020;41124;Ensino fundamental - anos finais
Indicador  4.c.1;1726;80.4;32;Espírito Santo;9610;2020;41125;Ensino médio
Indicador  4.c.1;1726;80.6;32;Espírito Santo;9610;2021;41122;Educação infantil
Indicador  4.c.1;1726;95.6;32;Espírito Santo;9610;2021;41123;Ensino fundamental - anos iniciais
Indicador  4.c.1;1726;80.5;32;Espírito Santo;9610;2021;41124;Ensino fundamental - anos finais
Indicador  4.c.1;1726;82.0;32;Espírito Santo;9610;2021;41125;Ensino médio
Indicador  4.c.1;1726;81.8;32;Espírito Santo;9610;2022;41122;Educação infantil
Indicador  4.c.1;1726;97.0;32;Espírito Santo;9610;2022;41123;Ensino fundamental - anos iniciais
Indicador  4.c.1;1726;80.4;32;Espírito Santo;9610;2022;41124;Ensino fundamental - anos finais
Indicador  4.c.1;1726;83.8;32;Espírito Santo;9610;2022;41125;Ensino médio
Indicador  4.c.1;1726;65.1;33;Rio de Janeiro;9610;2007;41122;Educação infantil
Indicador  4.c.1;1726;84.8;33;Rio de Janeiro;9610;2007;41123;Ensino fundamental - anos iniciais
Indicador  4.c.1;1726;82.6;33;Rio de Janeiro;9610;2007;41124;Ensino fundamental - anos finais
Indicador  4.c.1;1726;88.8;33;Rio de Janeiro;9610;2007;41125;Ensino médio
Indicador  4.c.1;1726;77.0;33;Rio de Janeiro;9610;2008;41122;Educação infantil
Indicador  4.c.1;1726;93.8;33;Rio de Janeiro;9610;2008;41123;Ensino fundamental - anos iniciais
Indicador  4.c.1;1726;85.9;33;Rio de Janeiro;9610;2008;41124;Ensino fundamental - anos finais
Indicador  4.c.1;1726;88.9;33;Rio de Janeiro;9610;2008;41125;Ensino médio
Indicador  4.c.1;1726;77.0;33;Rio de Janeiro;9610;2009;41122;Educação infantil
Indicador  4.c.1;1726;94.2;33;Rio de Janeiro;9610;2009;41123;Ensino fundamental - anos iniciais
Indicador  4.c.1;1726;86.3;33;Rio de Janeiro;9610;2009;41124;Ensino fundamental - anos finais
Indicador  4.c.1;1726;89.2;33;Rio de Janeiro;9610;2009;41125;Ensino médio
Indicador  4.c.1;1726;77.4;33;Rio de Janeiro;9610;2010;41122;Educação infantil
Indicador  4.c.1;1726;94.4;33;Rio de Janeiro;9610;2010;41123;Ensino fundamental - anos iniciais
Indicador  4.c.1;1726;87.3;33;Rio de Janeiro;9610;2010;41124;Ensino fundamental - anos finais
Indicador  4.c.1;1726;90.7;33;Rio de Janeiro;9610;2010;41125;Ensino médio
Indicador  4.c.1;1726;73.1;33;Rio de Janeiro;9610;2011;41122;Educação infantil
Indicador  4.c.1;1726;91.2;33;Rio de Janeiro;9610;2011;41123;Ensino fundamental - anos iniciais
Indicador  4.c.1;1726;85.8;33;Rio de Janeiro;9610;2011;41124;Ensino fundamental - anos finais
Indicador  4.c.1;1726;88.5;33;Rio de Janeiro;9610;2011;41125;Ensino médio
Indicador  4.c.1;1726;72.1;33;Rio de Janeiro;9610;2012;41122;Educação infantil
Indicador  4.c.1;1726;91.2;33;Rio de Janeiro;9610;2012;41123;Ensino fundamental - anos iniciais
Indicador  4.c.1;1726;86.5;33;Rio de Janeiro;9610;2012;41124;Ensino fundamental - anos finais
Indicador  4.c.1;1726;89.4;33;Rio de Janeiro;9610;2012;41125;Ensino médio
Indicador  4.c.1;1726;70.9;33;Rio de Janeiro;9610;2013;41122;Educação infantil
Indicador  4.c.1;1726;91.0;33;Rio de Janeiro;9610;2013;41123;Ensino fundamental - anos iniciais
Indicador  4.c.1;1726;86.7;33;Rio de Janeiro;9610;2013;41124;Ensino fundamental - anos finais
Indicador  4.c.1;1726;89.8;33;Rio de Janeiro;9610;2013;41125;Ensino médio
Indicador  4.c.1;1726;70.1;33;Rio de Janeiro;9610;2014;41122;Educação infantil
Indicador  4.c.1;1726;90.6;33;Rio de Janeiro;9610;2014;41123;Ensino fundamental - anos iniciais
Indicador  4.c.1;1726;86.5;33;Rio de Janeiro;9610;2014;41124;Ensino fundamental - anos finais
Indicador  4.c.1;1726;89.4;33;Rio de Janeiro;9610;2014;41125;Ensino médio
Indicador  4.c.1;1726;70.1;33;Rio de Janeiro;9610;2015;41122;Educação infantil
Indicador  4.c.1;1726;90.2;33;Rio de Janeiro;9610;2015;41123;Ensino fundamental - anos iniciais
Indicador  4.c.1;1726;85.9;33;Rio de Janeiro;9610;2015;41124;Ensino fundamental - anos finais
Indicador  4.c.1;1726;89.0;33;Rio de Janeiro;9610;2015;41125;Ensino médio
Indicador  4.c.1;1726;69.7;33;Rio de Janeiro;9610;2016;41122;Educação infantil
Indicador  4.c.1;1726;89.9;33;Rio de Janeiro;9610;2016;41123;Ensino fundamental - anos iniciais
Indicador  4.c.1;1726;85.9;33;Rio de Janeiro;9610;2016;41124;Ensino fundamental - anos finais
Indicador  4.c.1;1726;88.7;33;Rio de Janeiro;9610;2016;41125;Ensino médio
Indicador  4.c.1;1726;69.6;33;Rio de Janeiro;9610;2017;41122;Educação infantil
Indicador  4.c.1;1726;89.6;33;Rio de Janeiro;9610;2017;41123;Ensino fundamental - anos iniciais
Indicador  4.c.1;1726;85.4;33;Rio de Janeiro;9610;2017;41124;Ensino fundamental - anos finais
Indicador  4.c.1;1726;88.7;33;Rio de Janeiro;9610;2017;41125;Ensino médio
Indicador  4.c.1;1726;69.3;33;Rio de Janeiro;9610;2018;41122;Educação infantil
Indicador  4.c.1;1726;89.3;33;Rio de Janeiro;9610;2018;41123;Ensino fundamental - anos iniciais
Indicador  4.c.1;1726;85.4;33;Rio de Janeiro;9610;2018;41124;Ensino fundamental - anos finais
Indicador  4.c.1;1726;88.2;33;Rio de Janeiro;9610;2018;41125;Ensino médio
Indicador  4.c.1;1726;74.5;33;Rio de Janeiro;9610;2019;41122;Educação infantil
Indicador  4.c.1;1726;89.3;33;Rio de Janeiro;9610;2019;41123;Ensino fundamental - anos iniciais
Indicador  4.c.1;1726;85.0;33;Rio de Janeiro;9610;2019;41124;Ensino fundamental - anos finais
Indicador  4.c.1;1726;90.1;33;Rio de Janeiro;9610;2019;41125;Ensino médio
Indicador  4.c.1;1726;78.3;33;Rio de Janeiro;9610;2020;41122;Educação infantil
Indicador  4.c.1;1726;90.1;33;Rio de Janeiro;9610;2020;41123;Ensino fundamental - anos iniciais
Indicador  4.c.1;1726;83.5;33;Rio de Janeiro;9610;2020;41124;Ensino fundamental - anos finais
Indicador  4.c.1;1726;88.4;33;Rio de Janeiro;9610;2020;41125;Ensino médio
Indicador  4.c.1;1726;78.2;33;Rio de Janeiro;9610;2021;41122;Educação infantil
Indicador  4.c.1;1726;90.5;33;Rio de Janeiro;9610;2021;41123;Ensino fundamental - anos iniciais
Indicador  4.c.1;1726;84.1;33;Rio de Janeiro;9610;2021;41124;Ensino fundamental - anos finais
Indicador  4.c.1;1726;89.2;33;Rio de Janeiro;9610;2021;41125;Ensino médio
Indicador  4.c.1;1726;81.0;33;Rio de Janeiro;9610;2022;41122;Educação infantil
Indicador  4.c.1;1726;92.8;33;Rio de Janeiro;9610;2022;41123;Ensino fundamental - anos iniciais
Indicador  4.c.1;1726;85.1;33;Rio de Janeiro;9610;2022;41124;Ensino fundamental - anos finais
Indicador  4.c.1;1726;90.6;33;Rio de Janeiro;9610;2022;41125;Ensino médio
Indicador  4.c.1;1726;76.6;35;São Paulo;9610;2007;41122;Educação infantil
Indicador  4.c.1;1726;86.4;35;São Paulo;9610;2007;41123;Ensino fundamental - anos iniciais
Indicador  4.c.1;1726;90.6;35;São Paulo;9610;2007;41124;Ensino fundamental - anos finais
Indicador  4.c.1;1726;91.3;35;São Paulo;9610;2007;41125;Ensino médio
Indicador  4.c.1;1726;78.2;35;São Paulo;9610;2008;41122;Educação infantil
Indicador  4.c.1;1726;88.9;35;São Paulo;9610;2008;41123;Ensino fundamental - anos iniciais
Indicador  4.c.1;1726;84.7;35;São Paulo;9610;2008;41124;Ensino fundamental - anos finais
Indicador  4.c.1;1726;84.9;35;São Paulo;9610;2008;41125;Ensino médio
Indicador  4.c.1;1726;78.3;35;São Paulo;9610;2009;41122;Educação infantil
Indicador  4.c.1;1726;88.6;35;São Paulo;9610;2009;41123;Ensino fundamental - anos iniciais
Indicador  4.c.1;1726;83.4;35;São Paulo;9610;2009;41124;Ensino fundamental - anos finais
Indicador  4.c.1;1726;83.6;35;São Paulo;9610;2009;41125;Ensino médio
Indicador  4.c.1;1726;77.6;35;São Paulo;9610;2010;41122;Educação infantil
Indicador  4.c.1;1726;87.7;35;São Paulo;9610;2010;41123;Ensino fundamental - anos iniciais
Indicador  4.c.1;1726;81.3;35;São Paulo;9610;2010;41124;Ensino fundamental - anos finais
Indicador  4.c.1;1726;81.6;35;São Paulo;9610;2010;41125;Ensino médio
Indicador  4.c.1;1726;77.5;35;São Paulo;9610;2011;41122;Educação infantil
Indicador  4.c.1;1726;86.9;35;São Paulo;9610;2011;41123;Ensino fundamental - anos iniciais
Indicador  4.c.1;1726;80.6;35;São Paulo;9610;2011;41124;Ensino fundamental - anos finais
Indicador  4.c.1;1726;80.6;35;São Paulo;9610;2011;41125;Ensino médio
Indicador  4.c.1;1726;78.0;35;São Paulo;9610;2012;41122;Educação infantil
Indicador  4.c.1;1726;86.9;35;São Paulo;9610;2012;41123;Ensino fundamental - anos iniciais
Indicador  4.c.1;1726;78.6;35;São Paulo;9610;2012;41124;Ensino fundamental - anos finais
Indicador  4.c.1;1726;77.5;35;São Paulo;9610;2012;41125;Ensino médio
Indicador  4.c.1;1726;76.8;35;São Paulo;9610;2013;41122;Educação infantil
Indicador  4.c.1;1726;88.8;35;São Paulo;9610;2013;41123;Ensino fundamental - anos iniciais
Indicador  4.c.1;1726;81.3;35;São Paulo;9610;2013;41124;Ensino fundamental - anos finais
Indicador  4.c.1;1726;79.7;35;São Paulo;9610;2013;41125;Ensino médio
Indicador  4.c.1;1726;78.9;35;São Paulo;9610;2014;41122;Educação infantil
Indicador  4.c.1;1726;91.8;35;São Paulo;9610;2014;41123;Ensino fundamental - anos iniciais
Indicador  4.c.1;1726;84.4;35;São Paulo;9610;2014;41124;Ensino fundamental - anos finais
Indicador  4.c.1;1726;83.7;35;São Paulo;9610;2014;41125;Ensino médio
Indicador  4.c.1;1726;78.4;35;São Paulo;9610;2015;41122;Educação infantil
Indicador  4.c.1;1726;91.2;35;São Paulo;9610;2015;41123;Ensino fundamental - anos iniciais
Indicador  4.c.1;1726;84.5;35;São Paulo;9610;2015;41124;Ensino fundamental - anos finais
Indicador  4.c.1;1726;83.8;35;São Paulo;9610;2015;41125;Ensino médio
Indicador  4.c.1;1726;80.0;35;São Paulo;9610;2016;41122;Educação infantil
Indicador  4.c.1;1726;91.5;35;São Paulo;9610;2016;41123;Ensino fundamental - anos iniciais
Indicador  4.c.1;1726;84.5;35;São Paulo;9610;2016;41124;Ensino fundamental - anos finais
Indicador  4.c.1;1726;83.4;35;São Paulo;9610;2016;41125;Ensino médio
Indicador  4.c.1;1726;80.4;35;São Paulo;9610;2017;41122;Educação infantil
Indicador  4.c.1;1726;91.5;35;São Paulo;9610;2017;41123;Ensino fundamental - anos iniciais
Indicador  4.c.1;1726;84.8;35;São Paulo;9610;2017;41124;Ensino fundamental - anos finais
Indicador  4.c.1;1726;84.9;35;São Paulo;9610;2017;41125;Ensino médio
Indicador  4.c.1;1726;78.0;35;São Paulo;9610;2018;41122;Educação infantil
Indicador  4.c.1;1726;94.1;35;São Paulo;9610;2018;41123;Ensino fundamental - anos iniciais
Indicador  4.c.1;1726;91.3;35;São Paulo;9610;2018;41124;Ensino fundamental - anos finais
Indicador  4.c.1;1726;94.2;35;São Paulo;9610;2018;41125;Ensino médio
Indicador  4.c.1;1726;81.2;35;São Paulo;9610;2019;41122;Educação infantil
Indicador  4.c.1;1726;94.4;35;São Paulo;9610;2019;41123;Ensino fundamental - anos iniciais
Indicador  4.c.1;1726;92.0;35;São Paulo;9610;2019;41124;Ensino fundamental - anos finais
Indicador  4.c.1;1726;92.7;35;São Paulo;9610;2019;41125;Ensino médio
Indicador  4.c.1;1726;87.4;35;São Paulo;9610;2020;41122;Educação infantil
Indicador  4.c.1;1726;96.1;35;São Paulo;9610;2020;41123;Ensino fundamental - anos iniciais
Indicador  4.c.1;1726;91.5;35;São Paulo;9610;2020;41124;Ensino fundamental - anos finais
Indicador  4.c.1;1726;92.2;35;São Paulo;9610;2020;41125;Ensino médio
Indicador  4.c.1;1726;82.2;35;São Paulo;9610;2021;41122;Educação infantil
Indicador  4.c.1;1726;97.5;35;São Paulo;9610;2021;41123;Ensino fundamental - anos iniciais
Indicador  4.c.1;1726;91.7;35;São Paulo;9610;2021;41124;Ensino fundamental - anos finais
Indicador  4.c.1;1726;94.2;35;São Paulo;9610;2021;41125;Ensino médio
Indicador  4.c.1;1726;80.5;35;São Paulo;9610;2022;41122;Educação infantil
Indicador  4.c.1;1726;96.5;35;São Paulo;9610;2022;41123;Ensino fundamental - anos iniciais
Indicador  4.c.1;1726;89.6;35;São Paulo;9610;2022;41124;Ensino fundamental - anos finais
Indicador  4.c.1;1726;89.7;35;São Paulo;9610;2022;41125;Ensino médio
Indicador  4.c.1;1726;59.4;41;Paraná;9610;2007;41122;Educação infantil
Indicador  4.c.1;1726;90.7;41;Paraná;9610;2007;41123;Ensino fundamental - anos iniciais
Indicador  4.c.1;1726;83.2;41;Paraná;9610;2007;41124;Ensino fundamental - anos finais
Indicador  4.c.1;1726;80.3;41;Paraná;9610;2007;41125;Ensino médio
Indicador  4.c.1;1726;71.8;41;Paraná;9610;2008;41122;Educação infantil
Indicador  4.c.1;1726;94.5;41;Paraná;9610;2008;41123;Ensino fundamental - anos iniciais
Indicador  4.c.1;1726;89.3;41;Paraná;9610;2008;41124;Ensino fundamental - anos finais
Indicador  4.c.1;1726;87.8;41;Paraná;9610;2008;41125;Ensino médio
Indicador  4.c.1;1726;72.1;41;Paraná;9610;2009;41122;Educação infantil
Indicador  4.c.1;1726;94.6;41;Paraná;9610;2009;41123;Ensino fundamental - anos iniciais
Indicador  4.c.1;1726;90.3;41;Paraná;9610;2009;41124;Ensino fundamental - anos finais
Indicador  4.c.1;1726;88.3;41;Paraná;9610;2009;41125;Ensino médio
Indicador  4.c.1;1726;72.9;41;Paraná;9610;2010;41122;Educação infantil
Indicador  4.c.1;1726;95.0;41;Paraná;9610;2010;41123;Ensino fundamental - anos iniciais
Indicador  4.c.1;1726;90.1;41;Paraná;9610;2010;41124;Ensino fundamental - anos finais
Indicador  4.c.1;1726;87.0;41;Paraná;9610;2010;41125;Ensino médio
Indicador  4.c.1;1726;66.6;41;Paraná;9610;2011;41122;Educação infantil
Indicador  4.c.1;1726;88.8;41;Paraná;9610;2011;41123;Ensino fundamental - anos iniciais
Indicador  4.c.1;1726;90.1;41;Paraná;9610;2011;41124;Ensino fundamental - anos finais
Indicador  4.c.1;1726;86.2;41;Paraná;9610;2011;41125;Ensino médio
Indicador  4.c.1;1726;65.7;41;Paraná;9610;2012;41122;Educação infantil
Indicador  4.c.1;1726;87.3;41;Paraná;9610;2012;41123;Ensino fundamental - anos iniciais
Indicador  4.c.1;1726;89.7;41;Paraná;9610;2012;41124;Ensino fundamental - anos finais
Indicador  4.c.1;1726;86.5;41;Paraná;9610;2012;41125;Ensino médio
Indicador  4.c.1;1726;69.0;41;Paraná;9610;2013;41122;Educação infantil
Indicador  4.c.1;1726;90.7;41;Paraná;9610;2013;41123;Ensino fundamental - anos iniciais
Indicador  4.c.1;1726;88.8;41;Paraná;9610;2013;41124;Ensino fundamental - anos finais
Indicador  4.c.1;1726;85.5;41;Paraná;9610;2013;41125;Ensino médio
Indicador  4.c.1;1726;70.6;41;Paraná;9610;2014;41122;Educação infantil
Indicador  4.c.1;1726;91.9;41;Paraná;9610;2014;41123;Ensino fundamental - anos iniciais
Indicador  4.c.1;1726;89.9;41;Paraná;9610;2014;41124;Ensino fundamental - anos finais
Indicador  4.c.1;1726;87.0;41;Paraná;9610;2014;41125;Ensino médio
Indicador  4.c.1;1726;71.5;41;Paraná;9610;2015;41122;Educação infantil
Indicador  4.c.1;1726;92.2;41;Paraná;9610;2015;41123;Ensino fundamental - anos iniciais
Indicador  4.c.1;1726;91.8;41;Paraná;9610;2015;41124;Ensino fundamental - anos finais
Indicador  4.c.1;1726;89.2;41;Paraná;9610;2015;41125;Ensino médio
Indicador  4.c.1;1726;71.7;41;Paraná;9610;2016;41122;Educação infantil
Indicador  4.c.1;1726;92.5;41;Paraná;9610;2016;41123;Ensino fundamental - anos iniciais
Indicador  4.c.1;1726;90.6;41;Paraná;9610;2016;41124;Ensino fundamental - anos finais
Indicador  4.c.1;1726;88.7;41;Paraná;9610;2016;41125;Ensino médio
Indicador  4.c.1;1726;73.7;41;Paraná;9610;2017;41122;Educação infantil
Indicador  4.c.1;1726;92.7;41;Paraná;9610;2017;41123;Ensino fundamental - anos iniciais
Indicador  4.c.1;1726;92.5;41;Paraná;9610;2017;41124;Ensino fundamental - anos finais
Indicador  4.c.1;1726;90.8;41;Paraná;9610;2017;41125;Ensino médio
Indicador  4.c.1;1726;74.2;41;Paraná;9610;2018;41122;Educação infantil
Indicador  4.c.1;1726;92.8;41;Paraná;9610;2018;41123;Ensino fundamental - anos iniciais
Indicador  4.c.1;1726;92.8;41;Paraná;9610;2018;41124;Ensino fundamental - anos finais
Indicador  4.c.1;1726;91.3;41;Paraná;9610;2018;41125;Ensino médio
Indicador  4.c.1;1726;88.8;41;Paraná;9610;2019;41122;Educação infantil
Indicador  4.c.1;1726;96.5;41;Paraná;9610;2019;41123;Ensino fundamental - anos iniciais
Indicador  4.c.1;1726;91.7;41;Paraná;9610;2019;41124;Ensino fundamental - anos finais
Indicador  4.c.1;1726;89.4;41;Paraná;9610;2019;41125;Ensino médio
Indicador  4.c.1;1726;90.2;41;Paraná;9610;2020;41122;Educação infantil
Indicador  4.c.1;1726;96.5;41;Paraná;9610;2020;41123;Ensino fundamental - anos iniciais
Indicador  4.c.1;1726;90.7;41;Paraná;9610;2020;41124;Ensino fundamental - anos finais
Indicador  4.c.1;1726;88.8;41;Paraná;9610;2020;41125;Ensino médio
Indicador  4.c.1;1726;90.7;41;Paraná;9610;2021;41122;Educação infantil
Indicador  4.c.1;1726;97.2;41;Paraná;9610;2021;41123;Ensino fundamental - anos iniciais
Indicador  4.c.1;1726;90.6;41;Paraná;9610;2021;41124;Ensino fundamental - anos finais
Indicador  4.c.1;1726;88.4;41;Paraná;9610;2021;41125;Ensino médio
Indicador  4.c.1;1726;89.8;41;Paraná;9610;2022;41122;Educação infantil
Indicador  4.c.1;1726;97.0;41;Paraná;9610;2022;41123;Ensino fundamental - anos iniciais
Indicador  4.c.1;1726;90.3;41;Paraná;9610;2022;41124;Ensino fundamental - anos finais
Indicador  4.c.1;1726;89.1;41;Paraná;9610;2022;41125;Ensino médio
Indicador  4.c.1;1726;71.0;42;Santa Catarina;9610;2007;41122;Educação infantil
Indicador  4.c.1;1726;87.9;42;Santa Catarina;9610;2007;41123;Ensino fundamental - anos iniciais
Indicador  4.c.1;1726;76.5;42;Santa Catarina;9610;2007;41124;Ensino fundamental - anos finais
Indicador  4.c.1;1726;82.1;42;Santa Catarina;9610;2007;41125;Ensino médio
Indicador  4.c.1;1726;72.5;42;Santa Catarina;9610;2008;41122;Educação infantil
Indicador  4.c.1;1726;88.3;42;Santa Catarina;9610;2008;41123;Ensino fundamental - anos iniciais
Indicador  4.c.1;1726;78.7;42;Santa Catarina;9610;2008;41124;Ensino fundamental - anos finais
Indicador  4.c.1;1726;83.5;42;Santa Catarina;9610;2008;41125;Ensino médio
Indicador  4.c.1;1726;73.7;42;Santa Catarina;9610;2009;41122;Educação infantil
Indicador  4.c.1;1726;87.2;42;Santa Catarina;9610;2009;41123;Ensino fundamental - anos iniciais
Indicador  4.c.1;1726;79.0;42;Santa Catarina;9610;2009;41124;Ensino fundamental - anos finais
Indicador  4.c.1;1726;83.1;42;Santa Catarina;9610;2009;41125;Ensino médio
Indicador  4.c.1;1726;73.0;42;Santa Catarina;9610;2010;41122;Educação infantil
Indicador  4.c.1;1726;86.9;42;Santa Catarina;9610;2010;41123;Ensino fundamental - anos iniciais
Indicador  4.c.1;1726;76.9;42;Santa Catarina;9610;2010;41124;Ensino fundamental - anos finais
Indicador  4.c.1;1726;80.5;42;Santa Catarina;9610;2010;41125;Ensino médio
Indicador  4.c.1;1726;71.4;42;Santa Catarina;9610;2011;41122;Educação infantil
Indicador  4.c.1;1726;84.9;42;Santa Catarina;9610;2011;41123;Ensino fundamental - anos iniciais
Indicador  4.c.1;1726;77.3;42;Santa Catarina;9610;2011;41124;Ensino fundamental - anos finais
Indicador  4.c.1;1726;80.7;42;Santa Catarina;9610;2011;41125;Ensino médio
Indicador  4.c.1;1726;70.6;42;Santa Catarina;9610;2012;41122;Educação infantil
Indicador  4.c.1;1726;83.6;42;Santa Catarina;9610;2012;41123;Ensino fundamental - anos iniciais
Indicador  4.c.1;1726;72.5;42;Santa Catarina;9610;2012;41124;Ensino fundamental - anos finais
Indicador  4.c.1;1726;75.4;42;Santa Catarina;9610;2012;41125;Ensino médio
Indicador  4.c.1;1726;70.0;42;Santa Catarina;9610;2013;41122;Educação infantil
Indicador  4.c.1;1726;83.9;42;Santa Catarina;9610;2013;41123;Ensino fundamental - anos iniciais
Indicador  4.c.1;1726;73.0;42;Santa Catarina;9610;2013;41124;Ensino fundamental - anos finais
Indicador  4.c.1;1726;75.8;42;Santa Catarina;9610;2013;41125;Ensino médio
Indicador  4.c.1;1726;69.3;42;Santa Catarina;9610;2014;41122;Educação infantil
Indicador  4.c.1;1726;83.2;42;Santa Catarina;9610;2014;41123;Ensino fundamental - anos iniciais
Indicador  4.c.1;1726;71.7;42;Santa Catarina;9610;2014;41124;Ensino fundamental - anos finais
Indicador  4.c.1;1726;72.7;42;Santa Catarina;9610;2014;41125;Ensino médio
Indicador  4.c.1;1726;68.1;42;Santa Catarina;9610;2015;41122;Educação infantil
Indicador  4.c.1;1726;82.2;42;Santa Catarina;9610;2015;41123;Ensino fundamental - anos iniciais
Indicador  4.c.1;1726;69.5;42;Santa Catarina;9610;2015;41124;Ensino fundamental - anos finais
Indicador  4.c.1;1726;72.5;42;Santa Catarina;9610;2015;41125;Ensino médio
Indicador  4.c.1;1726;69.9;42;Santa Catarina;9610;2016;41122;Educação infantil
Indicador  4.c.1;1726;85.1;42;Santa Catarina;9610;2016;41123;Ensino fundamental - anos iniciais
Indicador  4.c.1;1726;73.6;42;Santa Catarina;9610;2016;41124;Ensino fundamental - anos finais
Indicador  4.c.1;1726;76.2;42;Santa Catarina;9610;2016;41125;Ensino médio
Indicador  4.c.1;1726;70.0;42;Santa Catarina;9610;2017;41122;Educação infantil
Indicador  4.c.1;1726;85.9;42;Santa Catarina;9610;2017;41123;Ensino fundamental - anos iniciais
Indicador  4.c.1;1726;76.0;42;Santa Catarina;9610;2017;41124;Ensino fundamental - anos finais
Indicador  4.c.1;1726;77.9;42;Santa Catarina;9610;2017;41125;Ensino médio
Indicador  4.c.1;1726;70.6;42;Santa Catarina;9610;2018;41122;Educação infantil
Indicador  4.c.1;1726;86.4;42;Santa Catarina;9610;2018;41123;Ensino fundamental - anos iniciais
Indicador  4.c.1;1726;75.7;42;Santa Catarina;9610;2018;41124;Ensino fundamental - anos finais
Indicador  4.c.1;1726;75.5;42;Santa Catarina;9610;2018;41125;Ensino médio
Indicador  4.c.1;1726;77.0;42;Santa Catarina;9610;2019;41122;Educação infantil
Indicador  4.c.1;1726;89.1;42;Santa Catarina;9610;2019;41123;Ensino fundamental - anos iniciais
Indicador  4.c.1;1726;78.1;42;Santa Catarina;9610;2019;41124;Ensino fundamental - anos finais
Indicador  4.c.1;1726;76.4;42;Santa Catarina;9610;2019;41125;Ensino médio
Indicador  4.c.1;1726;78.9;42;Santa Catarina;9610;2020;41122;Educação infantil
Indicador  4.c.1;1726;90.9;42;Santa Catarina;9610;2020;41123;Ensino fundamental - anos iniciais
Indicador  4.c.1;1726;79.9;42;Santa Catarina;9610;2020;41124;Ensino fundamental - anos finais
Indicador  4.c.1;1726;77.9;42;Santa Catarina;9610;2020;41125;Ensino médio
Indicador  4.c.1;1726;79.7;42;Santa Catarina;9610;2021;41122;Educação infantil
Indicador  4.c.1;1726;92.4;42;Santa Catarina;9610;2021;41123;Ensino fundamental - anos iniciais
Indicador  4.c.1;1726;79.5;42;Santa Catarina;9610;2021;41124;Ensino fundamental - anos finais
Indicador  4.c.1;1726;77.5;42;Santa Catarina;9610;2021;41125;Ensino médio
Indicador  4.c.1;1726;79.4;42;Santa Catarina;9610;2022;41122;Educação infantil
Indicador  4.c.1;1726;93.2;42;Santa Catarina;9610;2022;41123;Ensino fundamental - anos iniciais
Indicador  4.c.1;1726;80.0;42;Santa Catarina;9610;2022;41124;Ensino fundamental - anos finais
Indicador  4.c.1;1726;80.0;42;Santa Catarina;9610;2022;41125;Ensino médio
Indicador  4.c.1;1726;68.8;43;Rio Grande do Sul;9610;2007;41122;Educação infantil
Indicador  4.c.1;1726;93.4;43;Rio Grande do Sul;9610;2007;41123;Ensino fundamental - anos iniciais
Indicador  4.c.1;1726;76.9;43;Rio Grande do Sul;9610;2007;41124;Ensino fundamental - anos finais
Indicador  4.c.1;1726;83.3;43;Rio Grande do Sul;9610;2007;41125;Ensino médio
Indicador  4.c.1;1726;71.7;43;Rio Grande do Sul;9610;2008;41122;Educação infantil
Indicador  4.c.1;1726;95.5;43;Rio Grande do Sul;9610;2008;41123;Ensino fundamental - anos iniciais
Indicador  4.c.1;1726;78.6;43;Rio Grande do Sul;9610;2008;41124;Ensino fundamental - anos finais
Indicador  4.c.1;1726;85.2;43;Rio Grande do Sul;9610;2008;41125;Ensino médio
Indicador  4.c.1;1726;70.9;43;Rio Grande do Sul;9610;2009;41122;Educação infantil
Indicador  4.c.1;1726;95.5;43;Rio Grande do Sul;9610;2009;41123;Ensino fundamental - anos iniciais
Indicador  4.c.1;1726;79.2;43;Rio Grande do Sul;9610;2009;41124;Ensino fundamental - anos finais
Indicador  4.c.1;1726;85.5;43;Rio Grande do Sul;9610;2009;41125;Ensino médio
Indicador  4.c.1;1726;71.5;43;Rio Grande do Sul;9610;2010;41122;Educação infantil
Indicador  4.c.1;1726;95.4;43;Rio Grande do Sul;9610;2010;41123;Ensino fundamental - anos iniciais
Indicador  4.c.1;1726;80.2;43;Rio Grande do Sul;9610;2010;41124;Ensino fundamental - anos finais
Indicador  4.c.1;1726;86.0;43;Rio Grande do Sul;9610;2010;41125;Ensino médio
Indicador  4.c.1;1726;68.6;43;Rio Grande do Sul;9610;2011;41122;Educação infantil
Indicador  4.c.1;1726;93.8;43;Rio Grande do Sul;9610;2011;41123;Ensino fundamental - anos iniciais
Indicador  4.c.1;1726;82.1;43;Rio Grande do Sul;9610;2011;41124;Ensino fundamental - anos finais
Indicador  4.c.1;1726;86.7;43;Rio Grande do Sul;9610;2011;41125;Ensino médio
Indicador  4.c.1;1726;67.1;43;Rio Grande do Sul;9610;2012;41122;Educação infantil
Indicador  4.c.1;1726;92.8;43;Rio Grande do Sul;9610;2012;41123;Ensino fundamental - anos iniciais
Indicador  4.c.1;1726;82.4;43;Rio Grande do Sul;9610;2012;41124;Ensino fundamental - anos finais
Indicador  4.c.1;1726;86.0;43;Rio Grande do Sul;9610;2012;41125;Ensino médio
Indicador  4.c.1;1726;66.7;43;Rio Grande do Sul;9610;2013;41122;Educação infantil
Indicador  4.c.1;1726;92.1;43;Rio Grande do Sul;9610;2013;41123;Ensino fundamental - anos iniciais
Indicador  4.c.1;1726;83.3;43;Rio Grande do Sul;9610;2013;41124;Ensino fundamental - anos finais
Indicador  4.c.1;1726;86.5;43;Rio Grande do Sul;9610;2013;41125;Ensino médio
Indicador  4.c.1;1726;66.3;43;Rio Grande do Sul;9610;2014;41122;Educação infantil
Indicador  4.c.1;1726;91.8;43;Rio Grande do Sul;9610;2014;41123;Ensino fundamental - anos iniciais
Indicador  4.c.1;1726;83.3;43;Rio Grande do Sul;9610;2014;41124;Ensino fundamental - anos finais
Indicador  4.c.1;1726;86.1;43;Rio Grande do Sul;9610;2014;41125;Ensino médio
Indicador  4.c.1;1726;65.3;43;Rio Grande do Sul;9610;2015;41122;Educação infantil
Indicador  4.c.1;1726;91.1;43;Rio Grande do Sul;9610;2015;41123;Ensino fundamental - anos iniciais
Indicador  4.c.1;1726;83.3;43;Rio Grande do Sul;9610;2015;41124;Ensino fundamental - anos finais
Indicador  4.c.1;1726;85.5;43;Rio Grande do Sul;9610;2015;41125;Ensino médio
Indicador  4.c.1;1726;65.2;43;Rio Grande do Sul;9610;2016;41122;Educação infantil
Indicador  4.c.1;1726;91.0;43;Rio Grande do Sul;9610;2016;41123;Ensino fundamental - anos iniciais
Indicador  4.c.1;1726;83.5;43;Rio Grande do Sul;9610;2016;41124;Ensino fundamental - anos finais
Indicador  4.c.1;1726;86.0;43;Rio Grande do Sul;9610;2016;41125;Ensino médio
Indicador  4.c.1;1726;65.5;43;Rio Grande do Sul;9610;2017;41122;Educação infantil
Indicador  4.c.1;1726;90.9;43;Rio Grande do Sul;9610;2017;41123;Ensino fundamental - anos iniciais
Indicador  4.c.1;1726;83.6;43;Rio Grande do Sul;9610;2017;41124;Ensino fundamental - anos finais
Indicador  4.c.1;1726;85.4;43;Rio Grande do Sul;9610;2017;41125;Ensino médio
Indicador  4.c.1;1726;66.3;43;Rio Grande do Sul;9610;2018;41122;Educação infantil
Indicador  4.c.1;1726;91.5;43;Rio Grande do Sul;9610;2018;41123;Ensino fundamental - anos iniciais
Indicador  4.c.1;1726;85.4;43;Rio Grande do Sul;9610;2018;41124;Ensino fundamental - anos finais
Indicador  4.c.1;1726;87.2;43;Rio Grande do Sul;9610;2018;41125;Ensino médio
Indicador  4.c.1;1726;76.9;43;Rio Grande do Sul;9610;2019;41122;Educação infantil
Indicador  4.c.1;1726;93.8;43;Rio Grande do Sul;9610;2019;41123;Ensino fundamental - anos iniciais
Indicador  4.c.1;1726;86.0;43;Rio Grande do Sul;9610;2019;41124;Ensino fundamental - anos finais
Indicador  4.c.1;1726;86.8;43;Rio Grande do Sul;9610;2019;41125;Ensino médio
Indicador  4.c.1;1726;78.5;43;Rio Grande do Sul;9610;2020;41122;Educação infantil
Indicador  4.c.1;1726;94.6;43;Rio Grande do Sul;9610;2020;41123;Ensino fundamental - anos iniciais
Indicador  4.c.1;1726;86.5;43;Rio Grande do Sul;9610;2020;41124;Ensino fundamental - anos finais
Indicador  4.c.1;1726;87.1;43;Rio Grande do Sul;9610;2020;41125;Ensino médio
Indicador  4.c.1;1726;78.8;43;Rio Grande do Sul;9610;2021;41122;Educação infantil
Indicador  4.c.1;1726;94.8;43;Rio Grande do Sul;9610;2021;41123;Ensino fundamental - anos iniciais
Indicador  4.c.1;1726;86.9;43;Rio Grande do Sul;9610;2021;41124;Ensino fundamental - anos finais
Indicador  4.c.1;1726;87.4;43;Rio Grande do Sul;9610;2021;41125;Ensino médio
Indicador  4.c.1;1726;80.3;43;Rio Grande do Sul;9610;2022;41122;Educação infantil
Indicador  4.c.1;1726;95.7;43;Rio Grande do Sul;9610;2022;41123;Ensino fundamental - anos iniciais
Indicador  4.c.1;1726;87.5;43;Rio Grande do Sul;9610;2022;41124;Ensino fundamental - anos finais
Indicador  4.c.1;1726;88.9;43;Rio Grande do Sul;9610;2022;41125;Ensino médio
Indicador  4.c.1;1726;61.0;50;Mato Grosso do Sul;9610;2007;41122;Educação infantil
Indicador  4.c.1;1726;88.7;50;Mato Grosso do Sul;9610;2007;41123;Ensino fundamental - anos iniciais
Indicador  4.c.1;1726;76.2;50;Mato Grosso do Sul;9610;2007;41124;Ensino fundamental - anos finais
Indicador  4.c.1;1726;82.6;50;Mato Grosso do Sul;9610;2007;41125;Ensino médio
Indicador  4.c.1;1726;68.6;50;Mato Grosso do Sul;9610;2008;41122;Educação infantil
Indicador  4.c.1;1726;94.1;50;Mato Grosso do Sul;9610;2008;41123;Ensino fundamental - anos iniciais
Indicador  4.c.1;1726;81.4;50;Mato Grosso do Sul;9610;2008;41124;Ensino fundamental - anos finais
Indicador  4.c.1;1726;89.1;50;Mato Grosso do Sul;9610;2008;41125;Ensino médio
Indicador  4.c.1;1726;68.2;50;Mato Grosso do Sul;9610;2009;41122;Educação infantil
Indicador  4.c.1;1726;93.2;50;Mato Grosso do Sul;9610;2009;41123;Ensino fundamental - anos iniciais
Indicador  4.c.1;1726;81.0;50;Mato Grosso do Sul;9610;2009;41124;Ensino fundamental - anos finais
Indicador  4.c.1;1726;88.8;50;Mato Grosso do Sul;9610;2009;41125;Ensino médio
Indicador  4.c.1;1726;68.6;50;Mato Grosso do Sul;9610;2010;41122;Educação infantil
Indicador  4.c.1;1726;94.0;50;Mato Grosso do Sul;9610;2010;41123;Ensino fundamental - anos iniciais
Indicador  4.c.1;1726;82.3;50;Mato Grosso do Sul;9610;2010;41124;Ensino fundamental - anos finais
Indicador  4.c.1;1726;91.0;50;Mato Grosso do Sul;9610;2010;41125;Ensino médio
Indicador  4.c.1;1726;67.6;50;Mato Grosso do Sul;9610;2011;41122;Educação infantil
Indicador  4.c.1;1726;93.7;50;Mato Grosso do Sul;9610;2011;41123;Ensino fundamental - anos iniciais
Indicador  4.c.1;1726;84.3;50;Mato Grosso do Sul;9610;2011;41124;Ensino fundamental - anos finais
Indicador  4.c.1;1726;90.6;50;Mato Grosso do Sul;9610;2011;41125;Ensino médio
Indicador  4.c.1;1726;68.7;50;Mato Grosso do Sul;9610;2012;41122;Educação infantil
Indicador  4.c.1;1726;93.5;50;Mato Grosso do Sul;9610;2012;41123;Ensino fundamental - anos iniciais
Indicador  4.c.1;1726;83.1;50;Mato Grosso do Sul;9610;2012;41124;Ensino fundamental - anos finais
Indicador  4.c.1;1726;88.5;50;Mato Grosso do Sul;9610;2012;41125;Ensino médio
Indicador  4.c.1;1726;69.5;50;Mato Grosso do Sul;9610;2013;41122;Educação infantil
Indicador  4.c.1;1726;93.2;50;Mato Grosso do Sul;9610;2013;41123;Ensino fundamental - anos iniciais
Indicador  4.c.1;1726;83.5;50;Mato Grosso do Sul;9610;2013;41124;Ensino fundamental - anos finais
Indicador  4.c.1;1726;88.2;50;Mato Grosso do Sul;9610;2013;41125;Ensino médio
Indicador  4.c.1;1726;67.6;50;Mato Grosso do Sul;9610;2014;41122;Educação infantil
Indicador  4.c.1;1726;91.8;50;Mato Grosso do Sul;9610;2014;41123;Ensino fundamental - anos iniciais
Indicador  4.c.1;1726;83.4;50;Mato Grosso do Sul;9610;2014;41124;Ensino fundamental - anos finais
Indicador  4.c.1;1726;87.9;50;Mato Grosso do Sul;9610;2014;41125;Ensino médio
Indicador  4.c.1;1726;66.7;50;Mato Grosso do Sul;9610;2015;41122;Educação infantil
Indicador  4.c.1;1726;91.2;50;Mato Grosso do Sul;9610;2015;41123;Ensino fundamental - anos iniciais
Indicador  4.c.1;1726;83.7;50;Mato Grosso do Sul;9610;2015;41124;Ensino fundamental - anos finais
Indicador  4.c.1;1726;87.1;50;Mato Grosso do Sul;9610;2015;41125;Ensino médio
Indicador  4.c.1;1726;66.7;50;Mato Grosso do Sul;9610;2016;41122;Educação infantil
Indicador  4.c.1;1726;91.3;50;Mato Grosso do Sul;9610;2016;41123;Ensino fundamental - anos iniciais
Indicador  4.c.1;1726;83.7;50;Mato Grosso do Sul;9610;2016;41124;Ensino fundamental - anos finais
Indicador  4.c.1;1726;86.1;50;Mato Grosso do Sul;9610;2016;41125;Ensino médio
Indicador  4.c.1;1726;66.0;50;Mato Grosso do Sul;9610;2017;41122;Educação infantil
Indicador  4.c.1;1726;90.9;50;Mato Grosso do Sul;9610;2017;41123;Ensino fundamental - anos iniciais
Indicador  4.c.1;1726;83.6;50;Mato Grosso do Sul;9610;2017;41124;Ensino fundamental - anos finais
Indicador  4.c.1;1726;85.7;50;Mato Grosso do Sul;9610;2017;41125;Ensino médio
Indicador  4.c.1;1726;66.1;50;Mato Grosso do Sul;9610;2018;41122;Educação infantil
Indicador  4.c.1;1726;91.8;50;Mato Grosso do Sul;9610;2018;41123;Ensino fundamental - anos iniciais
Indicador  4.c.1;1726;84.7;50;Mato Grosso do Sul;9610;2018;41124;Ensino fundamental - anos finais
Indicador  4.c.1;1726;85.4;50;Mato Grosso do Sul;9610;2018;41125;Ensino médio
Indicador  4.c.1;1726;72.0;50;Mato Grosso do Sul;9610;2019;41122;Educação infantil
Indicador  4.c.1;1726;93.7;50;Mato Grosso do Sul;9610;2019;41123;Ensino fundamental - anos iniciais
Indicador  4.c.1;1726;86.2;50;Mato Grosso do Sul;9610;2019;41124;Ensino fundamental - anos finais
Indicador  4.c.1;1726;85.9;50;Mato Grosso do Sul;9610;2019;41125;Ensino médio
Indicador  4.c.1;1726;74.3;50;Mato Grosso do Sul;9610;2020;41122;Educação infantil
Indicador  4.c.1;1726;95.0;50;Mato Grosso do Sul;9610;2020;41123;Ensino fundamental - anos iniciais
Indicador  4.c.1;1726;87.2;50;Mato Grosso do Sul;9610;2020;41124;Ensino fundamental - anos finais
Indicador  4.c.1;1726;87.4;50;Mato Grosso do Sul;9610;2020;41125;Ensino médio
Indicador  4.c.1;1726;73.9;50;Mato Grosso do Sul;9610;2021;41122;Educação infantil
Indicador  4.c.1;1726;95.1;50;Mato Grosso do Sul;9610;2021;41123;Ensino fundamental - anos iniciais
Indicador  4.c.1;1726;87.0;50;Mato Grosso do Sul;9610;2021;41124;Ensino fundamental - anos finais
Indicador  4.c.1;1726;87.8;50;Mato Grosso do Sul;9610;2021;41125;Ensino médio
Indicador  4.c.1;1726;74.1;50;Mato Grosso do Sul;9610;2022;41122;Educação infantil
Indicador  4.c.1;1726;95.8;50;Mato Grosso do Sul;9610;2022;41123;Ensino fundamental - anos iniciais
Indicador  4.c.1;1726;87.8;50;Mato Grosso do Sul;9610;2022;41124;Ensino fundamental - anos finais
Indicador  4.c.1;1726;90.6;50;Mato Grosso do Sul;9610;2022;41125;Ensino médio
Indicador  4.c.1;1726;63.3;51;Mato Grosso;9610;2007;41122;Educação infantil
Indicador  4.c.1;1726;85.6;51;Mato Grosso;9610;2007;41123;Ensino fundamental - anos iniciais
Indicador  4.c.1;1726;65.4;51;Mato Grosso;9610;2007;41124;Ensino fundamental - anos finais
Indicador  4.c.1;1726;77.5;51;Mato Grosso;9610;2007;41125;Ensino médio
Indicador  4.c.1;1726;66.6;51;Mato Grosso;9610;2008;41122;Educação infantil
Indicador  4.c.1;1726;85.6;51;Mato Grosso;9610;2008;41123;Ensino fundamental - anos iniciais
Indicador  4.c.1;1726;55.2;51;Mato Grosso;9610;2008;41124;Ensino fundamental - anos finais
Indicador  4.c.1;1726;62.1;51;Mato Grosso;9610;2008;41125;Ensino médio
Indicador  4.c.1;1726;66.9;51;Mato Grosso;9610;2009;41122;Educação infantil
Indicador  4.c.1;1726;83.7;51;Mato Grosso;9610;2009;41123;Ensino fundamental - anos iniciais
Indicador  4.c.1;1726;51.5;51;Mato Grosso;9610;2009;41124;Ensino fundamental - anos finais
Indicador  4.c.1;1726;59.4;51;Mato Grosso;9610;2009;41125;Ensino médio
Indicador  4.c.1;1726;66.6;51;Mato Grosso;9610;2010;41122;Educação infantil
Indicador  4.c.1;1726;81.8;51;Mato Grosso;9610;2010;41123;Ensino fundamental - anos iniciais
Indicador  4.c.1;1726;51.9;51;Mato Grosso;9610;2010;41124;Ensino fundamental - anos finais
Indicador  4.c.1;1726;59.1;51;Mato Grosso;9610;2010;41125;Ensino médio
Indicador  4.c.1;1726;67.6;51;Mato Grosso;9610;2011;41122;Educação infantil
Indicador  4.c.1;1726;84.0;51;Mato Grosso;9610;2011;41123;Ensino fundamental - anos iniciais
Indicador  4.c.1;1726;51.5;51;Mato Grosso;9610;2011;41124;Ensino fundamental - anos finais
Indicador  4.c.1;1726;57.9;51;Mato Grosso;9610;2011;41125;Ensino médio
Indicador  4.c.1;1726;69.0;51;Mato Grosso;9610;2012;41122;Educação infantil
Indicador  4.c.1;1726;86.2;51;Mato Grosso;9610;2012;41123;Ensino fundamental - anos iniciais
Indicador  4.c.1;1726;48.5;51;Mato Grosso;9610;2012;41124;Ensino fundamental - anos finais
Indicador  4.c.1;1726;53.3;51;Mato Grosso;9610;2012;41125;Ensino médio
Indicador  4.c.1;1726;72.5;51;Mato Grosso;9610;2013;41122;Educação infantil
Indicador  4.c.1;1726;86.9;51;Mato Grosso;9610;2013;41123;Ensino fundamental - anos iniciais
Indicador  4.c.1;1726;48.2;51;Mato Grosso;9610;2013;41124;Ensino fundamental - anos finais
Indicador  4.c.1;1726;52.3;51;Mato Grosso;9610;2013;41125;Ensino médio
Indicador  4.c.1;1726;73.5;51;Mato Grosso;9610;2014;41122;Educação infantil
Indicador  4.c.1;1726;87.1;51;Mato Grosso;9610;2014;41123;Ensino fundamental - anos iniciais
Indicador  4.c.1;1726;47.8;51;Mato Grosso;9610;2014;41124;Ensino fundamental - anos finais
Indicador  4.c.1;1726;50.0;51;Mato Grosso;9610;2014;41125;Ensino médio
Indicador  4.c.1;1726;72.7;51;Mato Grosso;9610;2015;41122;Educação infantil
Indicador  4.c.1;1726;88.2;51;Mato Grosso;9610;2015;41123;Ensino fundamental - anos iniciais
Indicador  4.c.1;1726;48.9;51;Mato Grosso;9610;2015;41124;Ensino fundamental - anos finais
Indicador  4.c.1;1726;50.4;51;Mato Grosso;9610;2015;41125;Ensino médio
Indicador  4.c.1;1726;75.2;51;Mato Grosso;9610;2016;41122;Educação infantil
Indicador  4.c.1;1726;88.5;51;Mato Grosso;9610;2016;41123;Ensino fundamental - anos iniciais
Indicador  4.c.1;1726;49.2;51;Mato Grosso;9610;2016;41124;Ensino fundamental - anos finais
Indicador  4.c.1;1726;49.0;51;Mato Grosso;9610;2016;41125;Ensino médio
Indicador  4.c.1;1726;77.1;51;Mato Grosso;9610;2017;41122;Educação infantil
Indicador  4.c.1;1726;89.0;51;Mato Grosso;9610;2017;41123;Ensino fundamental - anos iniciais
Indicador  4.c.1;1726;51.8;51;Mato Grosso;9610;2017;41124;Ensino fundamental - anos finais
Indicador  4.c.1;1726;52.2;51;Mato Grosso;9610;2017;41125;Ensino médio
Indicador  4.c.1;1726;77.8;51;Mato Grosso;9610;2018;41122;Educação infantil
Indicador  4.c.1;1726;89.2;51;Mato Grosso;9610;2018;41123;Ensino fundamental - anos iniciais
Indicador  4.c.1;1726;50.5;51;Mato Grosso;9610;2018;41124;Ensino fundamental - anos finais
Indicador  4.c.1;1726;50.7;51;Mato Grosso;9610;2018;41125;Ensino médio
Indicador  4.c.1;1726;78.5;51;Mato Grosso;9610;2019;41122;Educação infantil
Indicador  4.c.1;1726;87.7;51;Mato Grosso;9610;2019;41123;Ensino fundamental - anos iniciais
Indicador  4.c.1;1726;46.3;51;Mato Grosso;9610;2019;41124;Ensino fundamental - anos finais
Indicador  4.c.1;1726;43.3;51;Mato Grosso;9610;2019;41125;Ensino médio
Indicador  4.c.1;1726;81.0;51;Mato Grosso;9610;2020;41122;Educação infantil
Indicador  4.c.1;1726;89.6;51;Mato Grosso;9610;2020;41123;Ensino fundamental - anos iniciais
Indicador  4.c.1;1726;50.0;51;Mato Grosso;9610;2020;41124;Ensino fundamental - anos finais
Indicador  4.c.1;1726;49.4;51;Mato Grosso;9610;2020;41125;Ensino médio
Indicador  4.c.1;1726;81.3;51;Mato Grosso;9610;2021;41122;Educação infantil
Indicador  4.c.1;1726;92.2;51;Mato Grosso;9610;2021;41123;Ensino fundamental - anos iniciais
Indicador  4.c.1;1726;81.5;51;Mato Grosso;9610;2021;41124;Ensino fundamental - anos finais
Indicador  4.c.1;1726;86.7;51;Mato Grosso;9610;2021;41125;Ensino médio
Indicador  4.c.1;1726;83.4;51;Mato Grosso;9610;2022;41122;Educação infantil
Indicador  4.c.1;1726;93.1;51;Mato Grosso;9610;2022;41123;Ensino fundamental - anos iniciais
Indicador  4.c.1;1726;77.1;51;Mato Grosso;9610;2022;41124;Ensino fundamental - anos finais
Indicador  4.c.1;1726;84.2;51;Mato Grosso;9610;2022;41125;Ensino médio
Indicador  4.c.1;1726;69.5;52;Goiás;9610;2007;41122;Educação infantil
Indicador  4.c.1;1726;87.9;52;Goiás;9610;2007;41123;Ensino fundamental - anos iniciais
Indicador  4.c.1;1726;63.2;52;Goiás;9610;2007;41124;Ensino fundamental - anos finais
Indicador  4.c.1;1726;74.7;52;Goiás;9610;2007;41125;Ensino médio
Indicador  4.c.1;1726;72.4;52;Goiás;9610;2008;41122;Educação infantil
Indicador  4.c.1;1726;91.7;52;Goiás;9610;2008;41123;Ensino fundamental - anos iniciais
Indicador  4.c.1;1726;67.0;52;Goiás;9610;2008;41124;Ensino fundamental - anos finais
Indicador  4.c.1;1726;77.0;52;Goiás;9610;2008;41125;Ensino médio
Indicador  4.c.1;1726;71.0;52;Goiás;9610;2009;41122;Educação infantil
Indicador  4.c.1;1726;90.8;52;Goiás;9610;2009;41123;Ensino fundamental - anos iniciais
Indicador  4.c.1;1726;67.2;52;Goiás;9610;2009;41124;Ensino fundamental - anos finais
Indicador  4.c.1;1726;75.7;52;Goiás;9610;2009;41125;Ensino médio
Indicador  4.c.1;1726;69.6;52;Goiás;9610;2010;41122;Educação infantil
Indicador  4.c.1;1726;89.1;52;Goiás;9610;2010;41123;Ensino fundamental - anos iniciais
Indicador  4.c.1;1726;66.0;52;Goiás;9610;2010;41124;Ensino fundamental - anos finais
Indicador  4.c.1;1726;73.5;52;Goiás;9610;2010;41125;Ensino médio
Indicador  4.c.1;1726;67.3;52;Goiás;9610;2011;41122;Educação infantil
Indicador  4.c.1;1726;87.5;52;Goiás;9610;2011;41123;Ensino fundamental - anos iniciais
Indicador  4.c.1;1726;67.9;52;Goiás;9610;2011;41124;Ensino fundamental - anos finais
Indicador  4.c.1;1726;75.9;52;Goiás;9610;2011;41125;Ensino médio
Indicador  4.c.1;1726;65.8;52;Goiás;9610;2012;41122;Educação infantil
Indicador  4.c.1;1726;87.6;52;Goiás;9610;2012;41123;Ensino fundamental - anos iniciais
Indicador  4.c.1;1726;68.7;52;Goiás;9610;2012;41124;Ensino fundamental - anos finais
Indicador  4.c.1;1726;76.1;52;Goiás;9610;2012;41125;Ensino médio
Indicador  4.c.1;1726;66.9;52;Goiás;9610;2013;41122;Educação infantil
Indicador  4.c.1;1726;87.9;52;Goiás;9610;2013;41123;Ensino fundamental - anos iniciais
Indicador  4.c.1;1726;67.3;52;Goiás;9610;2013;41124;Ensino fundamental - anos finais
Indicador  4.c.1;1726;75.1;52;Goiás;9610;2013;41125;Ensino médio
Indicador  4.c.1;1726;67.5;52;Goiás;9610;2014;41122;Educação infantil
Indicador  4.c.1;1726;87.8;52;Goiás;9610;2014;41123;Ensino fundamental - anos iniciais
Indicador  4.c.1;1726;66.8;52;Goiás;9610;2014;41124;Ensino fundamental - anos finais
Indicador  4.c.1;1726;74.9;52;Goiás;9610;2014;41125;Ensino médio
Indicador  4.c.1;1726;67.6;52;Goiás;9610;2015;41122;Educação infantil
Indicador  4.c.1;1726;87.3;52;Goiás;9610;2015;41123;Ensino fundamental - anos iniciais
Indicador  4.c.1;1726;66.4;52;Goiás;9610;2015;41124;Ensino fundamental - anos finais
Indicador  4.c.1;1726;73.5;52;Goiás;9610;2015;41125;Ensino médio
Indicador  4.c.1;1726;67.9;52;Goiás;9610;2016;41122;Educação infantil
Indicador  4.c.1;1726;87.2;52;Goiás;9610;2016;41123;Ensino fundamental - anos iniciais
Indicador  4.c.1;1726;66.0;52;Goiás;9610;2016;41124;Ensino fundamental - anos finais
Indicador  4.c.1;1726;72.9;52;Goiás;9610;2016;41125;Ensino médio
Indicador  4.c.1;1726;68.6;52;Goiás;9610;2017;41122;Educação infantil
Indicador  4.c.1;1726;87.9;52;Goiás;9610;2017;41123;Ensino fundamental - anos iniciais
Indicador  4.c.1;1726;65.5;52;Goiás;9610;2017;41124;Ensino fundamental - anos finais
Indicador  4.c.1;1726;72.2;52;Goiás;9610;2017;41125;Ensino médio
Indicador  4.c.1;1726;68.7;52;Goiás;9610;2018;41122;Educação infantil
Indicador  4.c.1;1726;87.5;52;Goiás;9610;2018;41123;Ensino fundamental - anos iniciais
Indicador  4.c.1;1726;64.7;52;Goiás;9610;2018;41124;Ensino fundamental - anos finais
Indicador  4.c.1;1726;70.9;52;Goiás;9610;2018;41125;Ensino médio
Indicador  4.c.1;1726;73.3;52;Goiás;9610;2019;41122;Educação infantil
Indicador  4.c.1;1726;88.4;52;Goiás;9610;2019;41123;Ensino fundamental - anos iniciais
Indicador  4.c.1;1726;67.2;52;Goiás;9610;2019;41124;Ensino fundamental - anos finais
Indicador  4.c.1;1726;71.7;52;Goiás;9610;2019;41125;Ensino médio
Indicador  4.c.1;1726;76.0;52;Goiás;9610;2020;41122;Educação infantil
Indicador  4.c.1;1726;89.5;52;Goiás;9610;2020;41123;Ensino fundamental - anos iniciais
Indicador  4.c.1;1726;73.0;52;Goiás;9610;2020;41124;Ensino fundamental - anos finais
Indicador  4.c.1;1726;77.4;52;Goiás;9610;2020;41125;Ensino médio
Indicador  4.c.1;1726;76.7;52;Goiás;9610;2021;41122;Educação infantil
Indicador  4.c.1;1726;90.5;52;Goiás;9610;2021;41123;Ensino fundamental - anos iniciais
Indicador  4.c.1;1726;76.3;52;Goiás;9610;2021;41124;Ensino fundamental - anos finais
Indicador  4.c.1;1726;80.3;52;Goiás;9610;2021;41125;Ensino médio
Indicador  4.c.1;1726;79.9;52;Goiás;9610;2022;41122;Educação infantil
Indicador  4.c.1;1726;93.1;52;Goiás;9610;2022;41123;Ensino fundamental - anos iniciais
Indicador  4.c.1;1726;77.6;52;Goiás;9610;2022;41124;Ensino fundamental - anos finais
Indicador  4.c.1;1726;82.6;52;Goiás;9610;2022;41125;Ensino médio
Indicador  4.c.1;1726;68.3;53;Distrito Federal;9610;2007;41122;Educação infantil
Indicador  4.c.1;1726;86.2;53;Distrito Federal;9610;2007;41123;Ensino fundamental - anos iniciais
Indicador  4.c.1;1726;88.2;53;Distrito Federal;9610;2007;41124;Ensino fundamental - anos finais
Indicador  4.c.1;1726;88.9;53;Distrito Federal;9610;2007;41125;Ensino médio
Indicador  4.c.1;1726;72.7;53;Distrito Federal;9610;2008;41122;Educação infantil
Indicador  4.c.1;1726;92.6;53;Distrito Federal;9610;2008;41123;Ensino fundamental - anos iniciais
Indicador  4.c.1;1726;90.2;53;Distrito Federal;9610;2008;41124;Ensino fundamental - anos finais
Indicador  4.c.1;1726;90.2;53;Distrito Federal;9610;2008;41125;Ensino médio
Indicador  4.c.1;1726;73.5;53;Distrito Federal;9610;2009;41122;Educação infantil
Indicador  4.c.1;1726;92.9;53;Distrito Federal;9610;2009;41123;Ensino fundamental - anos iniciais
Indicador  4.c.1;1726;87.6;53;Distrito Federal;9610;2009;41124;Ensino fundamental - anos finais
Indicador  4.c.1;1726;90.0;53;Distrito Federal;9610;2009;41125;Ensino médio
Indicador  4.c.1;1726;72.9;53;Distrito Federal;9610;2010;41122;Educação infantil
Indicador  4.c.1;1726;93.0;53;Distrito Federal;9610;2010;41123;Ensino fundamental - anos iniciais
Indicador  4.c.1;1726;90.8;53;Distrito Federal;9610;2010;41124;Ensino fundamental - anos finais
Indicador  4.c.1;1726;94.5;53;Distrito Federal;9610;2010;41125;Ensino médio
Indicador  4.c.1;1726;68.5;53;Distrito Federal;9610;2011;41122;Educação infantil
Indicador  4.c.1;1726;92.1;53;Distrito Federal;9610;2011;41123;Ensino fundamental - anos iniciais
Indicador  4.c.1;1726;91.5;53;Distrito Federal;9610;2011;41124;Ensino fundamental - anos finais
Indicador  4.c.1;1726;93.8;53;Distrito Federal;9610;2011;41125;Ensino médio
Indicador  4.c.1;1726;69.7;53;Distrito Federal;9610;2012;41122;Educação infantil
Indicador  4.c.1;1726;92.6;53;Distrito Federal;9610;2012;41123;Ensino fundamental - anos iniciais
Indicador  4.c.1;1726;90.9;53;Distrito Federal;9610;2012;41124;Ensino fundamental - anos finais
Indicador  4.c.1;1726;94.2;53;Distrito Federal;9610;2012;41125;Ensino médio
Indicador  4.c.1;1726;68.6;53;Distrito Federal;9610;2013;41122;Educação infantil
Indicador  4.c.1;1726;92.9;53;Distrito Federal;9610;2013;41123;Ensino fundamental - anos iniciais
Indicador  4.c.1;1726;90.2;53;Distrito Federal;9610;2013;41124;Ensino fundamental - anos finais
Indicador  4.c.1;1726;93.6;53;Distrito Federal;9610;2013;41125;Ensino médio
Indicador  4.c.1;1726;69.3;53;Distrito Federal;9610;2014;41122;Educação infantil
Indicador  4.c.1;1726;92.7;53;Distrito Federal;9610;2014;41123;Ensino fundamental - anos iniciais
Indicador  4.c.1;1726;90.3;53;Distrito Federal;9610;2014;41124;Ensino fundamental - anos finais
Indicador  4.c.1;1726;92.8;53;Distrito Federal;9610;2014;41125;Ensino médio
Indicador  4.c.1;1726;68.5;53;Distrito Federal;9610;2015;41122;Educação infantil
Indicador  4.c.1;1726;92.1;53;Distrito Federal;9610;2015;41123;Ensino fundamental - anos iniciais
Indicador  4.c.1;1726;88.5;53;Distrito Federal;9610;2015;41124;Ensino fundamental - anos finais
Indicador  4.c.1;1726;91.2;53;Distrito Federal;9610;2015;41125;Ensino médio
Indicador  4.c.1;1726;69.1;53;Distrito Federal;9610;2016;41122;Educação infantil
Indicador  4.c.1;1726;92.3;53;Distrito Federal;9610;2016;41123;Ensino fundamental - anos iniciais
Indicador  4.c.1;1726;89.2;53;Distrito Federal;9610;2016;41124;Ensino fundamental - anos finais
Indicador  4.c.1;1726;90.9;53;Distrito Federal;9610;2016;41125;Ensino médio
Indicador  4.c.1;1726;69.8;53;Distrito Federal;9610;2017;41122;Educação infantil
Indicador  4.c.1;1726;92.8;53;Distrito Federal;9610;2017;41123;Ensino fundamental - anos iniciais
Indicador  4.c.1;1726;90.2;53;Distrito Federal;9610;2017;41124;Ensino fundamental - anos finais
Indicador  4.c.1;1726;91.3;53;Distrito Federal;9610;2017;41125;Ensino médio
Indicador  4.c.1;1726;73.5;53;Distrito Federal;9610;2018;41122;Educação infantil
Indicador  4.c.1;1726;93.2;53;Distrito Federal;9610;2018;41123;Ensino fundamental - anos iniciais
Indicador  4.c.1;1726;90.0;53;Distrito Federal;9610;2018;41124;Ensino fundamental - anos finais
Indicador  4.c.1;1726;90.3;53;Distrito Federal;9610;2018;41125;Ensino médio
Indicador  4.c.1;1726;77.8;53;Distrito Federal;9610;2019;41122;Educação infantil
Indicador  4.c.1;1726;90.0;53;Distrito Federal;9610;2019;41123;Ensino fundamental - anos iniciais
Indicador  4.c.1;1726;88.1;53;Distrito Federal;9610;2019;41124;Ensino fundamental - anos finais
Indicador  4.c.1;1726;86.5;53;Distrito Federal;9610;2019;41125;Ensino médio
Indicador  4.c.1;1726;83.8;53;Distrito Federal;9610;2020;41122;Educação infantil
Indicador  4.c.1;1726;93.0;53;Distrito Federal;9610;2020;41123;Ensino fundamental - anos iniciais
Indicador  4.c.1;1726;90.4;53;Distrito Federal;9610;2020;41124;Ensino fundamental - anos finais
Indicador  4.c.1;1726;88.4;53;Distrito Federal;9610;2020;41125;Ensino médio
Indicador  4.c.1;1726;83.7;53;Distrito Federal;9610;2021;41122;Educação infantil
Indicador  4.c.1;1726;93.4;53;Distrito Federal;9610;2021;41123;Ensino fundamental - anos iniciais
Indicador  4.c.1;1726;90.3;53;Distrito Federal;9610;2021;41124;Ensino fundamental - anos finais
Indicador  4.c.1;1726;88.7;53;Distrito Federal;9610;2021;41125;Ensino médio
Indicador  4.c.1;1726;83.7;53;Distrito Federal;9610;2022;41122;Educação infantil
Indicador  4.c.1;1726;96.1;53;Distrito Federal;9610;2022;41123;Ensino fundamental - anos iniciais
Indicador  4.c.1;1726;92.3;53;Distrito Federal;9610;2022;41124;Ensino fundamental - anos finais
Indicador  4.c.1;1726;91.7;53;Distrito Federal;9610;2022;41125;Ensino médio
Indicador  4.c.1;1726;71.0;1;Brasil;9610;2007;41122;Educação infantil
Indicador  4.c.1;1726;87.3;1;Brasil;9610;2007;41123;Ensino fundamental - anos iniciais
Indicador  4.c.1;1726;65.8;1;Brasil;9610;2007;41124;Ensino fundamental - anos finais
Indicador  4.c.1;1726;81.6;1;Brasil;9610;2007;41125;Ensino médio
Indicador  4.c.1;1726;77.0;1;Brasil;9610;2008;41122;Educação infantil
Indicador  4.c.1;1726;91.3;1;Brasil;9610;2008;41123;Ensino fundamental - anos iniciais
Indicador  4.c.1;1726;65.2;1;Brasil;9610;2008;41124;Ensino fundamental - anos finais
Indicador  4.c.1;1726;80.5;1;Brasil;9610;2008;41125;Ensino médio
Indicador  4.c.1;1726;76.4;1;Brasil;9610;2009;41122;Educação infantil
Indicador  4.c.1;1726;90.7;1;Brasil;9610;2009;41123;Ensino fundamental - anos iniciais
Indicador  4.c.1;1726;65.5;1;Brasil;9610;2009;41124;Ensino fundamental - anos finais
Indicador  4.c.1;1726;80.0;1;Brasil;9610;2009;41125;Ensino médio
Indicador  4.c.1;1726;75.6;1;Brasil;9610;2010;41122;Educação infantil
Indicador  4.c.1;1726;89.9;1;Brasil;9610;2010;41123;Ensino fundamental - anos iniciais
Indicador  4.c.1;1726;66.0;1;Brasil;9610;2010;41124;Ensino fundamental - anos finais
Indicador  4.c.1;1726;79.5;1;Brasil;9610;2010;41125;Ensino médio
Indicador  4.c.1;1726;72.8;1;Brasil;9610;2011;41122;Educação infantil
Indicador  4.c.1;1726;87.7;1;Brasil;9610;2011;41123;Ensino fundamental - anos iniciais
Indicador  4.c.1;1726;67.3;1;Brasil;9610;2011;41124;Ensino fundamental - anos finais
Indicador  4.c.1;1726;79.7;1;Brasil;9610;2011;41125;Ensino médio
Indicador  4.c.1;1726;71.5;1;Brasil;9610;2012;41122;Educação infantil
Indicador  4.c.1;1726;86.7;1;Brasil;9610;2012;41123;Ensino fundamental - anos iniciais
Indicador  4.c.1;1726;67.8;1;Brasil;9610;2012;41124;Ensino fundamental - anos finais
Indicador  4.c.1;1726;79.4;1;Brasil;9610;2012;41125;Ensino médio
Indicador  4.c.1;1726;70.7;1;Brasil;9610;2013;41122;Educação infantil
Indicador  4.c.1;1726;86.8;1;Brasil;9610;2013;41123;Ensino fundamental - anos iniciais
Indicador  4.c.1;1726;69.1;1;Brasil;9610;2013;41124;Ensino fundamental - anos finais
Indicador  4.c.1;1726;80.3;1;Brasil;9610;2013;41125;Ensino médio
Indicador  4.c.1;1726;70.9;1;Brasil;9610;2014;41122;Educação infantil
Indicador  4.c.1;1726;87.2;1;Brasil;9610;2014;41123;Ensino fundamental - anos iniciais
Indicador  4.c.1;1726;70.5;1;Brasil;9610;2014;41124;Ensino fundamental - anos finais
Indicador  4.c.1;1726;81.5;1;Brasil;9610;2014;41125;Ensino médio
Indicador  4.c.1;1726;70.7;1;Brasil;9610;2015;41122;Educação infantil
Indicador  4.c.1;1726;86.9;1;Brasil;9610;2015;41123;Ensino fundamental - anos iniciais
Indicador  4.c.1;1726;70.5;1;Brasil;9610;2015;41124;Ensino fundamental - anos finais
Indicador  4.c.1;1726;81.1;1;Brasil;9610;2015;41125;Ensino médio
Indicador  4.c.1;1726;71.2;1;Brasil;9610;2016;41122;Educação infantil
Indicador  4.c.1;1726;87.1;1;Brasil;9610;2016;41123;Ensino fundamental - anos iniciais
Indicador  4.c.1;1726;71.1;1;Brasil;9610;2016;41124;Ensino fundamental - anos finais
Indicador  4.c.1;1726;81.4;1;Brasil;9610;2016;41125;Ensino médio
Indicador  4.c.1;1726;71.7;1;Brasil;9610;2017;41122;Educação infantil
Indicador  4.c.1;1726;87.3;1;Brasil;9610;2017;41123;Ensino fundamental - anos iniciais
Indicador  4.c.1;1726;71.6;1;Brasil;9610;2017;41124;Ensino fundamental - anos finais
Indicador  4.c.1;1726;82.2;1;Brasil;9610;2017;41125;Ensino médio
Indicador  4.c.1;1726;71.6;1;Brasil;9610;2018;41122;Educação infantil
Indicador  4.c.1;1726;88.3;1;Brasil;9610;2018;41123;Ensino fundamental - anos iniciais
Indicador  4.c.1;1726;73.7;1;Brasil;9610;2018;41124;Ensino fundamental - anos finais
Indicador  4.c.1;1726;84.0;1;Brasil;9610;2018;41125;Ensino médio
Indicador  4.c.1;1726;78.7;1;Brasil;9610;2019;41122;Educação infantil
Indicador  4.c.1;1726;91.2;1;Brasil;9610;2019;41123;Ensino fundamental - anos iniciais
Indicador  4.c.1;1726;75.9;1;Brasil;9610;2019;41124;Ensino fundamental - anos finais
Indicador  4.c.1;1726;84.1;1;Brasil;9610;2019;41125;Ensino médio
Indicador  4.c.1;1726;82.0;1;Brasil;9610;2020;41122;Educação infantil
Indicador  4.c.1;1726;92.2;1;Brasil;9610;2020;41123;Ensino fundamental - anos iniciais
Indicador  4.c.1;1726;76.6;1;Brasil;9610;2020;41124;Ensino fundamental - anos finais
Indicador  4.c.1;1726;84.5;1;Brasil;9610;2020;41125;Ensino médio
Indicador  4.c.1;1726;81.4;1;Brasil;9610;2021;41122;Educação infantil
Indicador  4.c.1;1726;93.0;1;Brasil;9610;2021;41123;Ensino fundamental - anos iniciais
Indicador  4.c.1;1726;78.1;1;Brasil;9610;2021;41124;Ensino fundamental - anos finais
Indicador  4.c.1;1726;86.2;1;Brasil;9610;2021;41125;Ensino médio
Indicador  4.c.1;1726;81.6;1;Brasil;9610;2022;41122;Educação infantil
Indicador  4.c.1;1726;93.8;1;Brasil;9610;2022;41123;Ensino fundamental - anos iniciais
Indicador  4.c.1;1726;78.5;1;Brasil;9610;2022;41124;Ensino fundamental - anos finais
Indicador  4.c.1;1726;86.3;1;Brasil;9610;2022;41125;Ensino médio
